0,'20260727',507,,28458,3,,,1,15,,28398,3,,,1,20,,28438,3,,,1,15,,28459,3,,,1,55,,28399,3,,,1,15,,28419,3,,,1,15,,28439,3,,,1,15,,28460,3,,,1,55,,28400,3,,,1,15,,28420,3,,,1,15,,28440,3,,,1,15,,28461,3,,,1,55,,28401,3,,,1,15,,28421,3,,,1,15,,28441,3,,,1,15,,28462,3,,,1,55,,28402,3,,,1,15,,28422,3,,,1,15,,28442,3,,,1,15,,28463,3,,,1,55,,28403,3,,,1,15,,28423,3,,,1,15,,28443,3,,,1,15,,28464,3,,,1,55,,28404,3,,,1,15,,28424,3,,,1,15,,28444,3,,,1,15,,28465,3,,,1,55,,28405,3,,,1,15,,28425,3,,,1,15,,28445,3,,,1,15,,28466,3,,,1,55,,28406,3,,,1,15,,28426,3,,,1,15,,28446,3,,,1,15,,28467,3,,,1,55,,28407,3,,,1,15,,28427,3,,,1,15,,28447,3,,,1,15,,28468,3,,,1,55,,28408,3,,,1,15,,28428,3,,,1,15,,28448,3,,,1,15,,28469,3,,,1,55,,28409,3,,,1,15,,28429,3,,,1,15,,28449,3,,,1,15,,28470,3,,,1,55,,28410,3,,,1,15,,28430,3,,,1,15,,28450,3,,,1,15,,28471,3,,,1,55,,28411,3,,,1,15,,28431,3,,,1,15,,28451,3,,,1,15,,28472,3,,,1,55,,28412,3,,,1,15,,28432,3,,,1,15,,28452,3,,,1,15,,28473,3,,,1,55,,28413,3,,,1,15,,28433,3,,,1,15,,28453,3,,,1,15,,28474,3,,,1,55,,28414,3,,,1,15,,28434,3,,,1,15,,28454,3,,,1,15,,28475,3,,,1,55,,28415,3,,,1,15,,28435,3,,,1,15,,28455,3,,,1,15,,28476,3,,,1,55,,28416,3,,,1,15,,28436,3,,,1,15,,28456,3,,,1,15,,28477,3,,,1,55,,28417,3,,,1,15,,28437,3,,,1,15,,28457,3,,,1,15,,28478,3,,,1,55,,28418,3,,,1
0,'20260728',507,,28539,3,,,1,15,,28479,3,,,1,20,,28519,3,,,1,15,,28540,3,,,1,55,,28480,3,,,1,15,,28500,3,,,1,15,,28520,3,,,1,15,,28541,3,,,1,55,,28481,3,,,1,15,,28501,3,,,1,15,,28521,3,,,1,15,,28542,3,,,1,55,,28482,3,,,1,15,,28502,3,,,1,15,,28522,3,,,1,15,,28543,3,,,1,55,,28483,3,,,1,15,,28503,3,,,1,15,,28523,3,,,1,15,,28544,3,,,1,55,,28484,3,,,1,15,,28504,3,,,1,15,,28524,3,,,1,15,,28545,3,,,1,55,,28485,3,,,1,15,,28505,3,,,1,15,,28525,3,,,1,15,,28546,3,,,1,55,,28486,3,,,1,15,,28506,3,,,1,15,,28526,3,,,1,15,,28547,3,,,1,55,,28487,3,,,1,15,,28507,3,,,1,15,,28527,3,,,1,15,,28548,3,,,1,55,,28488,3,,,1,15,,28508,3,,,1,15,,28528,3,,,1,15,,28549,3,,,1,55,,28489,3,,,1,15,,28509,3,,,1,15,,28529,3,,,1,15,,28550,3,,,1,55,,28490,3,,,1,15,,28510,3,,,1,15,,28530,3,,,1,15,,28551,3,,,1,55,,28491,3,,,1,15,,28511,3,,,1,15,,28531,3,,,1,15,,28552,3,,,1,55,,28492,3,,,1,15,,28512,3,,,1,15,,28532,3,,,1,15,,28553,3,,,1,55,,28493,3,,,1,15,,28513,3,,,1,15,,28533,3,,,1,15,,28554,3,,,1,55,,28494,3,,,1,15,,28514,3,,,1,15,,28534,3,,,1,15,,28555,3,,,1,55,,28495,3,,,1,15,,28515,3,,,1,15,,28535,3,,,1,15,,28556,3,,,1,55,,28496,3,,,1,15,,28516,3,,,1,15,,28536,3,,,1,15,,28557,3,,,1,55,,28497,3,,,1,15,,28517,3,,,1,15,,28537,3,,,1,15,,28558,3,,,1,55,,28498,3,,,1,15,,28518,3,,,1,15,,28538,3,,,1,15,,28559,3,,,1,55,,28499,3,,,1
0,'20260729',507,,28620,3,,,1,15,,28560,3,,,1,20,,28600,3,,,1,15,,28621,3,,,1,55,,28561,3,,,1,15,,28581,3,,,1,15,,28601,3,,,1,15,,28622,3,,,1,55,,28562,3,,,1,15,,28582,3,,,1,15,,28602,3,,,1,15,,28623,3,,,1,55,,28563,3,,,1,15,,28583,3,,,1,15,,28603,3,,,1,15,,28624,3,,,1,55,,28564,3,,,1,15,,28584,3,,,1,15,,28604,3,,,1,15,,28625,3,,,1,55,,28565,3,,,1,15,,28585,3,,,1,15,,28605,3,,,1,15,,28626,3,,,1,55,,28566,3,,,1,15,,28586,3,,,1,15,,28606,3,,,1,15,,28627,3,,,1,55,,28567,3,,,1,15,,28587,3,,,1,15,,28607,3,,,1,15,,28628,3,,,1,55,,28568,3,,,1,15,,28588,3,,,1,15,,28608,3,,,1,15,,28629,3,,,1,55,,28569,3,,,1,15,,28589,3,,,1,15,,28609,3,,,1,15,,28630,3,,,1,55,,28570,3,,,1,15,,28590,3,,,1,15,,28610,3,,,1,15,,28631,3,,,1,55,,28571,3,,,1,15,,28591,3,,,1,15,,28611,3,,,1,15,,28632,3,,,1,55,,28572,3,,,1,15,,28592,3,,,1,15,,28612,3,,,1,15,,28633,3,,,1,55,,28573,3,,,1,15,,28593,3,,,1,15,,28613,3,,,1,15,,28634,3,,,1,55,,28574,3,,,1,15,,28594,3,,,1,15,,28614,3,,,1,15,,28635,3,,,1,55,,28575,3,,,1,15,,28595,3,,,1,15,,28615,3,,,1,15,,28636,3,,,1,55,,28576,3,,,1,15,,28596,3,,,1,15,,28616,3,,,1,15,,28637,3,,,1,55,,28577,3,,,1,15,,28597,3,,,1,15,,28617,3,,,1,15,,28638,3,,,1,55,,28578,3,,,1,15,,28598,3,,,1,15,,28618,3,,,1,15,,28639,3,,,1,55,,28579,3,,,1,15,,28599,3,,,1,15,,28619,3,,,1,15,,28640,3,,,1,55,,28580,3,,,1
0,'20260730',507,,28701,3,,,1,15,,28641,3,,,1,20,,28681,3,,,1,15,,28702,3,,,1,55,,28642,3,,,1,15,,28662,3,,,1,15,,28682,3,,,1,15,,28703,3,,,1,55,,28643,3,,,1,15,,28663,3,,,1,15,,28683,3,,,1,15,,28704,3,,,1,55,,28644,3,,,1,15,,28664,3,,,1,15,,28684,3,,,1,15,,28705,3,,,1,55,,28645,3,,,1,15,,28665,3,,,1,15,,28685,3,,,1,15,,28706,3,,,1,55,,28646,3,,,1,15,,28666,3,,,1,15,,28686,3,,,1,15,,28707,3,,,1,55,,28647,3,,,1,15,,28667,3,,,1,15,,28687,3,,,1,15,,28708,3,,,1,55,,28648,3,,,1,15,,28668,3,,,1,15,,28688,3,,,1,15,,28709,3,,,1,55,,28649,3,,,1,15,,28669,3,,,1,15,,28689,3,,,1,15,,28710,3,,,1,55,,28650,3,,,1,15,,28670,3,,,1,15,,28690,3,,,1,15,,28711,3,,,1,55,,28651,3,,,1,15,,28671,3,,,1,15,,28691,3,,,1,15,,28712,3,,,1,55,,28652,3,,,1,15,,28672,3,,,1,15,,28692,3,,,1,15,,28713,3,,,1,55,,28653,3,,,1,15,,28673,3,,,1,15,,28693,3,,,1,15,,28714,3,,,1,55,,28654,3,,,1,15,,28674,3,,,1,15,,28694,3,,,1,15,,28715,3,,,1,55,,28655,3,,,1,15,,28675,3,,,1,15,,28695,3,,,1,15,,28716,3,,,1,55,,28656,3,,,1,15,,28676,3,,,1,15,,28696,3,,,1,15,,28717,3,,,1,55,,28657,3,,,1,15,,28677,3,,,1,15,,28697,3,,,1,15,,28718,3,,,1,55,,28658,3,,,1,15,,28678,3,,,1,15,,28698,3,,,1,15,,28719,3,,,1,55,,28659,3,,,1,15,,28679,3,,,1,15,,28699,3,,,1,15,,28720,3,,,1,55,,28660,3,,,1,15,,28680,3,,,1,15,,28700,3,,,1,15,,28721,3,,,1,55,,28661,3,,,1
0,'20260731',507,,28782,3,,,1,15,,28722,3,,,1,20,,28762,3,,,1,15,,28783,3,,,1,55,,28723,3,,,1,15,,28743,3,,,1,15,,28763,3,,,1,15,,28784,3,,,1,55,,28724,3,,,1,15,,28744,3,,,1,15,,28764,3,,,1,15,,28785,3,,,1,55,,28725,3,,,1,15,,28745,3,,,1,15,,28765,3,,,1,15,,28786,3,,,1,55,,28726,3,,,1,15,,28746,3,,,1,15,,28766,3,,,1,15,,28787,3,,,1,55,,28727,3,,,1,15,,28747,3,,,1,15,,28767,3,,,1,15,,28788,3,,,1,55,,28728,3,,,1,15,,28748,3,,,1,15,,28768,3,,,1,15,,28789,3,,,1,55,,28729,3,,,1,15,,28749,3,,,1,15,,28769,3,,,1,15,,28790,3,,,1,55,,28730,3,,,1,15,,28750,3,,,1,15,,28770,3,,,1,15,,28791,3,,,1,55,,28731,3,,,1,15,,28751,3,,,1,15,,28771,3,,,1,15,,28792,3,,,1,55,,28732,3,,,1,15,,28752,3,,,1,15,,28772,3,,,1,15,,28793,3,,,1,55,,28733,3,,,1,15,,28753,3,,,1,15,,28773,3,,,1,15,,28794,3,,,1,55,,28734,3,,,1,15,,28754,3,,,1,15,,28774,3,,,1,15,,28795,3,,,1,55,,28735,3,,,1,15,,28755,3,,,1,15,,28775,3,,,1,15,,28796,3,,,1,55,,28736,3,,,1,15,,28756,3,,,1,15,,28776,3,,,1,15,,28797,3,,,1,55,,28737,3,,,1,15,,28757,3,,,1,15,,28777,3,,,1,15,,28798,3,,,1,55,,28738,3,,,1,15,,28758,3,,,1,15,,28778,3,,,1,15,,28799,3,,,1,55,,28739,3,,,1,15,,28759,3,,,1,15,,28779,3,,,1,15,,28800,3,,,1,55,,28740,3,,,1,15,,28760,3,,,1,15,,28780,3,,,1,15,,28801,3,,,1,55,,28741,3,,,1,15,,28761,3,,,1,15,,28781,3,,,1,15,,28802,3,,,1,55,,28742,3,,,1
0,'20260801',612,,28803,3,,,1,15,,28823,3,,,1,15,,28842,3,,,1,15,,28861,3,,,1,55,,28804,3,,,1,15,,28824,3,,,1,15,,28843,3,,,1,15,,28862,3,,,1,55,,28805,3,,,1,15,,28825,3,,,1,15,,28844,3,,,1,15,,28863,3,,,1,55,,28806,3,,,1,15,,28826,3,,,1,15,,28845,3,,,1,15,,28864,3,,,1,55,,28807,3,,,1,15,,28827,3,,,1,15,,28846,3,,,1,15,,28865,3,,,1,55,,28808,3,,,1,15,,28828,3,,,1,15,,28847,3,,,1,15,,28866,3,,,1,55,,28809,3,,,1,15,,28829,3,,,1,15,,28848,3,,,1,15,,28867,3,,,1,55,,28810,3,,,1,15,,28830,3,,,1,15,,28849,3,,,1,15,,28868,3,,,1,55,,28811,3,,,1,15,,28831,3,,,1,15,,28850,3,,,1,15,,28869,3,,,1,55,,28812,3,,,1,15,,28832,3,,,1,15,,28851,3,,,1,15,,28870,3,,,1,55,,28813,3,,,1,15,,28833,3,,,1,15,,28852,3,,,1,15,,28871,3,,,1,55,,28814,3,,,1,15,,28834,3,,,1,15,,28853,3,,,1,15,,28872,3,,,1,55,,28815,3,,,1,15,,28835,3,,,1,15,,28854,3,,,1,15,,28873,3,,,1,55,,28816,3,,,1,15,,28836,3,,,1,15,,28855,3,,,1,15,,28874,3,,,1,55,,28817,3,,,1,15,,28837,3,,,1,15,,28856,3,,,1,15,,28875,3,,,1,55,,28818,3,,,1,15,,28838,3,,,1,15,,28857,3,,,1,15,,28876,3,,,1,55,,28819,3,,,1,15,,28839,3,,,1,15,,28858,3,,,1,15,,28877,3,,,1,55,,28820,3,,,1,15,,28840,3,,,1,15,,28859,3,,,1,15,,28878,3,,,1,55,,28821,3,,,1,15,,28841,3,,,1,15,,28860,3,,,1,15,,28879,3,,,1,55,,28822,3,,,1
0,'20260802',612,,28880,3,,,1,15,,28900,3,,,1,15,,28919,3,,,1,15,,28938,3,,,1,55,,28881,3,,,1,15,,28901,3,,,1,15,,28920,3,,,1,15,,28939,3,,,1,55,,28882,3,,,1,15,,28902,3,,,1,15,,28921,3,,,1,15,,28940,3,,,1,55,,28883,3,,,1,15,,28903,3,,,1,15,,28922,3,,,1,15,,28941,3,,,1,55,,28884,3,,,1,15,,28904,3,,,1,15,,28923,3,,,1,15,,28942,3,,,1,55,,28885,3,,,1,15,,28905,3,,,1,15,,28924,3,,,1,15,,28943,3,,,1,55,,28886,3,,,1,15,,28906,3,,,1,15,,28925,3,,,1,15,,28944,3,,,1,55,,28887,3,,,1,15,,28907,3,,,1,15,,28926,3,,,1,15,,28945,3,,,1,55,,28888,3,,,1,15,,28908,3,,,1,15,,28927,3,,,1,15,,28946,3,,,1,55,,28889,3,,,1,15,,28909,3,,,1,15,,28928,3,,,1,15,,28947,3,,,1,55,,28890,3,,,1,15,,28910,3,,,1,15,,28929,3,,,1,15,,28948,3,,,1,55,,28891,3,,,1,15,,28911,3,,,1,15,,28930,3,,,1,15,,28949,3,,,1,55,,28892,3,,,1,15,,28912,3,,,1,15,,28931,3,,,1,15,,28950,3,,,1,55,,28893,3,,,1,15,,28913,3,,,1,15,,28932,3,,,1,15,,28951,3,,,1,55,,28894,3,,,1,15,,28914,3,,,1,15,,28933,3,,,1,15,,28952,3,,,1,55,,28895,3,,,1,15,,28915,3,,,1,15,,28934,3,,,1,15,,28953,3,,,1,55,,28896,3,,,1,15,,28916,3,,,1,15,,28935,3,,,1,15,,28954,3,,,1,55,,28897,3,,,1,15,,28917,3,,,1,15,,28936,3,,,1,15,,28955,3,,,1,55,,28898,3,,,1,15,,28918,3,,,1,15,,28937,3,,,1,15,,28956,3,,,1,55,,28899,3,,,1
0,'20260803',612,,28957,3,,,1,15,,28977,3,,,1,15,,28996,3,,,1,15,,29015,3,,,1,55,,28958,3,,,1,15,,28978,3,,,1,15,,28997,3,,,1,15,,29016,3,,,1,55,,28959,3,,,1,15,,28979,3,,,1,15,,28998,3,,,1,15,,29017,3,,,1,55,,28960,3,,,1,15,,28980,3,,,1,15,,28999,3,,,1,15,,29018,3,,,1,55,,28961,3,,,1,15,,28981,3,,,1,15,,29000,3,,,1,15,,29019,3,,,1,55,,28962,3,,,1,15,,28982,3,,,1,15,,29001,3,,,1,15,,29020,3,,,1,55,,28963,3,,,1,15,,28983,3,,,1,15,,29002,3,,,1,15,,29021,3,,,1,55,,28964,3,,,1,15,,28984,3,,,1,15,,29003,3,,,1,15,,29022,3,,,1,55,,28965,3,,,1,15,,28985,3,,,1,15,,29004,3,,,1,15,,29023,3,,,1,55,,28966,3,,,1,15,,28986,3,,,1,15,,29005,3,,,1,15,,29024,3,,,1,55,,28967,3,,,1,15,,28987,3,,,1,15,,29006,3,,,1,15,,29025,3,,,1,55,,28968,3,,,1,15,,28988,3,,,1,15,,29007,3,,,1,15,,29026,3,,,1,55,,28969,3,,,1,15,,28989,3,,,1,15,,29008,3,,,1,15,,29027,3,,,1,55,,28970,3,,,1,15,,28990,3,,,1,15,,29009,3,,,1,15,,29028,3,,,1,55,,28971,3,,,1,15,,28991,3,,,1,15,,29010,3,,,1,15,,29029,3,,,1,55,,28972,3,,,1,15,,28992,3,,,1,15,,29011,3,,,1,15,,29030,3,,,1,55,,28973,3,,,1,15,,28993,3,,,1,15,,29012,3,,,1,15,,29031,3,,,1,55,,28974,3,,,1,15,,28994,3,,,1,15,,29013,3,,,1,15,,29032,3,,,1,55,,28975,3,,,1,15,,28995,3,,,1,15,,29014,3,,,1,15,,29033,3,,,1,55,,28976,3,,,1
0,'20260804',507,,29094,3,,,1,15,,29034,3,,,1,20,,29074,3,,,1,15,,29095,3,,,1,55,,29035,3,,,1,15,,29055,3,,,1,15,,29075,3,,,1,15,,29096,3,,,1,55,,29036,3,,,1,15,,29056,3,,,1,15,,29076,3,,,1,15,,29097,3,,,1,55,,29037,3,,,1,15,,29057,3,,,1,15,,29077,3,,,1,15,,29098,3,,,1,55,,29038,3,,,1,15,,29058,3,,,1,15,,29078,3,,,1,15,,29099,3,,,1,55,,29039,3,,,1,15,,29059,3,,,1,15,,29079,3,,,1,15,,29100,3,,,1,55,,29040,3,,,1,15,,29060,3,,,1,15,,29080,3,,,1,15,,29101,3,,,1,55,,29041,3,,,1,15,,29061,3,,,1,15,,29081,3,,,1,15,,29102,3,,,1,55,,29042,3,,,1,15,,29062,3,,,1,15,,29082,3,,,1,15,,29103,3,,,1,55,,29043,3,,,1,15,,29063,3,,,1,15,,29083,3,,,1,15,,29104,3,,,1,55,,29044,3,,,1,15,,29064,3,,,1,15,,29084,3,,,1,15,,29105,3,,,1,55,,29045,3,,,1,15,,29065,3,,,1,15,,29085,3,,,1,15,,29106,3,,,1,55,,29046,3,,,1,15,,29066,3,,,1,15,,29086,3,,,1,15,,29107,3,,,1,55,,29047,3,,,1,15,,29067,3,,,1,15,,29087,3,,,1,15,,29108,3,,,1,55,,29048,3,,,1,15,,29068,3,,,1,15,,29088,3,,,1,15,,29109,3,,,1,55,,29049,3,,,1,15,,29069,3,,,1,15,,29089,3,,,1,15,,29110,3,,,1,55,,29050,3,,,1,15,,29070,3,,,1,15,,29090,3,,,1,15,,29111,3,,,1,55,,29051,3,,,1,15,,29071,3,,,1,15,,29091,3,,,1,15,,29112,3,,,1,55,,29052,3,,,1,15,,29072,3,,,1,15,,29092,3,,,1,15,,29113,3,,,1,55,,29053,3,,,1,15,,29073,3,,,1,15,,29093,3,,,1,15,,29114,3,,,1,55,,29054,3,,,1
0,'20260805',507,,29175,3,,,1,15,,29115,3,,,1,20,,29155,3,,,1,15,,29176,3,,,1,55,,29116,3,,,1,15,,29136,3,,,1,15,,29156,3,,,1,15,,29177,3,,,1,55,,29117,3,,,1,15,,29137,3,,,1,15,,29157,3,,,1,15,,29178,3,,,1,55,,29118,3,,,1,15,,29138,3,,,1,15,,29158,3,,,1,15,,29179,3,,,1,55,,29119,3,,,1,15,,29139,3,,,1,15,,29159,3,,,1,15,,29180,3,,,1,55,,29120,3,,,1,15,,29140,3,,,1,15,,29160,3,,,1,15,,29181,3,,,1,55,,29121,3,,,1,15,,29141,3,,,1,15,,29161,3,,,1,15,,29182,3,,,1,55,,29122,3,,,1,15,,29142,3,,,1,15,,29162,3,,,1,15,,29183,3,,,1,55,,29123,3,,,1,15,,29143,3,,,1,15,,29163,3,,,1,15,,29184,3,,,1,55,,29124,3,,,1,15,,29144,3,,,1,15,,29164,3,,,1,15,,29185,3,,,1,55,,29125,3,,,1,15,,29145,3,,,1,15,,29165,3,,,1,15,,29186,3,,,1,55,,29126,3,,,1,15,,29146,3,,,1,15,,29166,3,,,1,15,,29187,3,,,1,55,,29127,3,,,1,15,,29147,3,,,1,15,,29167,3,,,1,15,,29188,3,,,1,55,,29128,3,,,1,15,,29148,3,,,1,15,,29168,3,,,1,15,,29189,3,,,1,55,,29129,3,,,1,15,,29149,3,,,1,15,,29169,3,,,1,15,,29190,3,,,1,55,,29130,3,,,1,15,,29150,3,,,1,15,,29170,3,,,1,15,,29191,3,,,1,55,,29131,3,,,1,15,,29151,3,,,1,15,,29171,3,,,1,15,,29192,3,,,1,55,,29132,3,,,1,15,,29152,3,,,1,15,,29172,3,,,1,15,,29193,3,,,1,55,,29133,3,,,1,15,,29153,3,,,1,15,,29173,3,,,1,15,,29194,3,,,1,55,,29134,3,,,1,15,,29154,3,,,1,15,,29174,3,,,1,15,,29195,3,,,1,55,,29135,3,,,1
0,'20260806',507,,29256,3,,,1,15,,29196,3,,,1,20,,29236,3,,,1,15,,29257,3,,,1,55,,29197,3,,,1,15,,29217,3,,,1,15,,29237,3,,,1,15,,29258,3,,,1,55,,29198,3,,,1,15,,29218,3,,,1,15,,29238,3,,,1,15,,29259,3,,,1,55,,29199,3,,,1,15,,29219,3,,,1,15,,29239,3,,,1,15,,29260,3,,,1,55,,29200,3,,,1,15,,29220,3,,,1,15,,29240,3,,,1,15,,29261,3,,,1,55,,29201,3,,,1,15,,29221,3,,,1,15,,29241,3,,,1,15,,29262,3,,,1,55,,29202,3,,,1,15,,29222,3,,,1,15,,29242,3,,,1,15,,29263,3,,,1,55,,29203,3,,,1,15,,29223,3,,,1,15,,29243,3,,,1,15,,29264,3,,,1,55,,29204,3,,,1,15,,29224,3,,,1,15,,29244,3,,,1,15,,29265,3,,,1,55,,29205,3,,,1,15,,29225,3,,,1,15,,29245,3,,,1,15,,29266,3,,,1,55,,29206,3,,,1,15,,29226,3,,,1,15,,29246,3,,,1,15,,29267,3,,,1,55,,29207,3,,,1,15,,29227,3,,,1,15,,29247,3,,,1,15,,29268,3,,,1,55,,29208,3,,,1,15,,29228,3,,,1,15,,29248,3,,,1,15,,29269,3,,,1,55,,29209,3,,,1,15,,29229,3,,,1,15,,29249,3,,,1,15,,29270,3,,,1,55,,29210,3,,,1,15,,29230,3,,,1,15,,29250,3,,,1,15,,29271,3,,,1,55,,29211,3,,,1,15,,29231,3,,,1,15,,29251,3,,,1,15,,29272,3,,,1,55,,29212,3,,,1,15,,29232,3,,,1,15,,29252,3,,,1,15,,29273,3,,,1,55,,29213,3,,,1,15,,29233,3,,,1,15,,29253,3,,,1,15,,29274,3,,,1,55,,29214,3,,,1,15,,29234,3,,,1,15,,29254,3,,,1,15,,29275,3,,,1,55,,29215,3,,,1,15,,29235,3,,,1,15,,29255,3,,,1,15,,29276,3,,,1,55,,29216,3,,,1
0,'20260807',507,,29337,3,,,1,15,,29277,3,,,1,20,,29317,3,,,1,15,,29338,3,,,1,55,,29278,3,,,1,15,,29298,3,,,1,15,,29318,3,,,1,15,,29339,3,,,1,55,,29279,3,,,1,15,,29299,3,,,1,15,,29319,3,,,1,15,,29340,3,,,1,55,,29280,3,,,1,15,,29300,3,,,1,15,,29320,3,,,1,15,,29341,3,,,1,55,,29281,3,,,1,15,,29301,3,,,1,15,,29321,3,,,1,15,,29342,3,,,1,55,,29282,3,,,1,15,,29302,3,,,1,15,,29322,3,,,1,15,,29343,3,,,1,55,,29283,3,,,1,15,,29303,3,,,1,15,,29323,3,,,1,15,,29344,3,,,1,55,,29284,3,,,1,15,,29304,3,,,1,15,,29324,3,,,1,15,,29345,3,,,1,55,,29285,3,,,1,15,,29305,3,,,1,15,,29325,3,,,1,15,,29346,3,,,1,55,,29286,3,,,1,15,,29306,3,,,1,15,,29326,3,,,1,15,,29347,3,,,1,55,,29287,3,,,1,15,,29307,3,,,1,15,,29327,3,,,1,15,,29348,3,,,1,55,,29288,3,,,1,15,,29308,3,,,1,15,,29328,3,,,1,15,,29349,3,,,1,55,,29289,3,,,1,15,,29309,3,,,1,15,,29329,3,,,1,15,,29350,3,,,1,55,,29290,3,,,1,15,,29310,3,,,1,15,,29330,3,,,1,15,,29351,3,,,1,55,,29291,3,,,1,15,,29311,3,,,1,15,,29331,3,,,1,15,,29352,3,,,1,55,,29292,3,,,1,15,,29312,3,,,1,15,,29332,3,,,1,15,,29353,3,,,1,55,,29293,3,,,1,15,,29313,3,,,1,15,,29333,3,,,1,15,,29354,3,,,1,55,,29294,3,,,1,15,,29314,3,,,1,15,,29334,3,,,1,15,,29355,3,,,1,55,,29295,3,,,1,15,,29315,3,,,1,15,,29335,3,,,1,15,,29356,3,,,1,55,,29296,3,,,1,15,,29316,3,,,1,15,,29336,3,,,1,15,,29357,3,,,1,55,,29297,3,,,1
0,'20260808',612,,29358,3,,,1,15,,29378,3,,,1,15,,29397,3,,,1,15,,29416,3,,,1,55,,29359,3,,,1,15,,29379,3,,,1,15,,29398,3,,,1,15,,29417,3,,,1,55,,29360,3,,,1,15,,29380,3,,,1,15,,29399,3,,,1,15,,29418,3,,,1,55,,29361,3,,,1,15,,29381,3,,,1,15,,29400,3,,,1,15,,29419,3,,,1,55,,29362,3,,,1,15,,29382,3,,,1,15,,29401,3,,,1,15,,29420,3,,,1,55,,29363,3,,,1,15,,29383,3,,,1,15,,29402,3,,,1,15,,29421,3,,,1,55,,29364,3,,,1,15,,29384,3,,,1,15,,29403,3,,,1,15,,29422,3,,,1,55,,29365,3,,,1,15,,29385,3,,,1,15,,29404,3,,,1,15,,29423,3,,,1,55,,29366,3,,,1,15,,29386,3,,,1,15,,29405,3,,,1,15,,29424,3,,,1,55,,29367,3,,,1,15,,29387,3,,,1,15,,29406,3,,,1,15,,29425,3,,,1,55,,29368,3,,,1,15,,29388,3,,,1,15,,29407,3,,,1,15,,29426,3,,,1,55,,29369,3,,,1,15,,29389,3,,,1,15,,29408,3,,,1,15,,29427,3,,,1,55,,29370,3,,,1,15,,29390,3,,,1,15,,29409,3,,,1,15,,29428,3,,,1,55,,29371,3,,,1,15,,29391,3,,,1,15,,29410,3,,,1,15,,29429,3,,,1,55,,29372,3,,,1,15,,29392,3,,,1,15,,29411,3,,,1,15,,29430,3,,,1,55,,29373,3,,,1,15,,29393,3,,,1,15,,29412,3,,,1,15,,29431,3,,,1,55,,29374,3,,,1,15,,29394,3,,,1,15,,29413,3,,,1,15,,29432,3,,,1,55,,29375,3,,,1,15,,29395,3,,,1,15,,29414,3,,,1,15,,29433,3,,,1,55,,29376,3,,,1,15,,29396,3,,,1,15,,29415,3,,,1,15,,29434,3,,,1,55,,29377,3,,,1
0,'20260809',612,,29435,3,,,1,15,,29455,3,,,1,15,,29474,3,,,1,15,,29493,3,,,1,55,,29436,3,,,1,15,,29456,3,,,1,15,,29475,3,,,1,15,,29494,3,,,1,55,,29437,3,,,1,15,,29457,3,,,1,15,,29476,3,,,1,15,,29495,3,,,1,55,,29438,3,,,1,15,,29458,3,,,1,15,,29477,3,,,1,15,,29496,3,,,1,55,,29439,3,,,1,15,,29459,3,,,1,15,,29478,3,,,1,15,,29497,3,,,1,55,,29440,3,,,1,15,,29460,3,,,1,15,,29479,3,,,1,15,,29498,3,,,1,55,,29441,3,,,1,15,,29461,3,,,1,15,,29480,3,,,1,15,,29499,3,,,1,55,,29442,3,,,1,15,,29462,3,,,1,15,,29481,3,,,1,15,,29500,3,,,1,55,,29443,3,,,1,15,,29463,3,,,1,15,,29482,3,,,1,15,,29501,3,,,1,55,,29444,3,,,1,15,,29464,3,,,1,15,,29483,3,,,1,15,,29502,3,,,1,55,,29445,3,,,1,15,,29465,3,,,1,15,,29484,3,,,1,15,,29503,3,,,1,55,,29446,3,,,1,15,,29466,3,,,1,15,,29485,3,,,1,15,,29504,3,,,1,55,,29447,3,,,1,15,,29467,3,,,1,15,,29486,3,,,1,15,,29505,3,,,1,55,,29448,3,,,1,15,,29468,3,,,1,15,,29487,3,,,1,15,,29506,3,,,1,55,,29449,3,,,1,15,,29469,3,,,1,15,,29488,3,,,1,15,,29507,3,,,1,55,,29450,3,,,1,15,,29470,3,,,1,15,,29489,3,,,1,15,,29508,3,,,1,55,,29451,3,,,1,15,,29471,3,,,1,15,,29490,3,,,1,15,,29509,3,,,1,55,,29452,3,,,1,15,,29472,3,,,1,15,,29491,3,,,1,15,,29510,3,,,1,55,,29453,3,,,1,15,,29473,3,,,1,15,,29492,3,,,1,15,,29511,3,,,1,55,,29454,3,,,1
0,'20260810',612,,29512,3,,,1,15,,29532,3,,,1,15,,29551,3,,,1,15,,29570,3,,,1,55,,29513,3,,,1,15,,29533,3,,,1,15,,29552,3,,,1,15,,29571,3,,,1,55,,29514,3,,,1,15,,29534,3,,,1,15,,29553,3,,,1,15,,29572,3,,,1,55,,29515,3,,,1,15,,29535,3,,,1,15,,29554,3,,,1,15,,29573,3,,,1,55,,29516,3,,,1,15,,29536,3,,,1,15,,29555,3,,,1,15,,29574,3,,,1,55,,29517,3,,,1,15,,29537,3,,,1,15,,29556,3,,,1,15,,29575,3,,,1,55,,29518,3,,,1,15,,29538,3,,,1,15,,29557,3,,,1,15,,29576,3,,,1,55,,29519,3,,,1,15,,29539,3,,,1,15,,29558,3,,,1,15,,29577,3,,,1,55,,29520,3,,,1,15,,29540,3,,,1,15,,29559,3,,,1,15,,29578,3,,,1,55,,29521,3,,,1,15,,29541,3,,,1,15,,29560,3,,,1,15,,29579,3,,,1,55,,29522,3,,,1,15,,29542,3,,,1,15,,29561,3,,,1,15,,29580,3,,,1,55,,29523,3,,,1,15,,29543,3,,,1,15,,29562,3,,,1,15,,29581,3,,,1,55,,29524,3,,,1,15,,29544,3,,,1,15,,29563,3,,,1,15,,29582,3,,,1,55,,29525,3,,,1,15,,29545,3,,,1,15,,29564,3,,,1,15,,29583,3,,,1,55,,29526,3,,,1,15,,29546,3,,,1,15,,29565,3,,,1,15,,29584,3,,,1,55,,29527,3,,,1,15,,29547,3,,,1,15,,29566,3,,,1,15,,29585,3,,,1,55,,29528,3,,,1,15,,29548,3,,,1,15,,29567,3,,,1,15,,29586,3,,,1,55,,29529,3,,,1,15,,29549,3,,,1,15,,29568,3,,,1,15,,29587,3,,,1,55,,29530,3,,,1,15,,29550,3,,,1,15,,29569,3,,,1,15,,29588,3,,,1,55,,29531,3,,,1
0,'20260811',507,,29649,3,,,1,15,,29589,3,,,1,20,,29629,3,,,1,15,,29650,3,,,1,55,,29590,3,,,1,15,,29610,3,,,1,15,,29630,3,,,1,15,,29651,3,,,1,55,,29591,3,,,1,15,,29611,3,,,1,15,,29631,3,,,1,15,,29652,3,,,1,55,,29592,3,,,1,15,,29612,3,,,1,15,,29632,3,,,1,15,,29653,3,,,1,55,,29593,3,,,1,15,,29613,3,,,1,15,,29633,3,,,1,15,,29654,3,,,1,55,,29594,3,,,1,15,,29614,3,,,1,15,,29634,3,,,1,15,,29655,3,,,1,55,,29595,3,,,1,15,,29615,3,,,1,15,,29635,3,,,1,15,,29656,3,,,1,55,,29596,3,,,1,15,,29616,3,,,1,15,,29636,3,,,1,15,,29657,3,,,1,55,,29597,3,,,1,15,,29617,3,,,1,15,,29637,3,,,1,15,,29658,3,,,1,55,,29598,3,,,1,15,,29618,3,,,1,15,,29638,3,,,1,15,,29659,3,,,1,55,,29599,3,,,1,15,,29619,3,,,1,15,,29639,3,,,1,15,,29660,3,,,1,55,,29600,3,,,1,15,,29620,3,,,1,15,,29640,3,,,1,15,,29661,3,,,1,55,,29601,3,,,1,15,,29621,3,,,1,15,,29641,3,,,1,15,,29662,3,,,1,55,,29602,3,,,1,15,,29622,3,,,1,15,,29642,3,,,1,15,,29663,3,,,1,55,,29603,3,,,1,15,,29623,3,,,1,15,,29643,3,,,1,15,,29664,3,,,1,55,,29604,3,,,1,15,,29624,3,,,1,15,,29644,3,,,1,15,,29665,3,,,1,55,,29605,3,,,1,15,,29625,3,,,1,15,,29645,3,,,1,15,,29666,3,,,1,55,,29606,3,,,1,15,,29626,3,,,1,15,,29646,3,,,1,15,,29667,3,,,1,55,,29607,3,,,1,15,,29627,3,,,1,15,,29647,3,,,1,15,,29668,3,,,1,55,,29608,3,,,1,15,,29628,3,,,1,15,,29648,3,,,1,15,,29669,3,,,1,55,,29609,3,,,1
0,'20260812',507,,29730,3,,,1,15,,29670,3,,,1,20,,29710,3,,,1,15,,29731,3,,,1,55,,29671,3,,,1,15,,29691,3,,,1,15,,29711,3,,,1,15,,29732,3,,,1,55,,29672,3,,,1,15,,29692,3,,,1,15,,29712,3,,,1,15,,29733,3,,,1,55,,29673,3,,,1,15,,29693,3,,,1,15,,29713,3,,,1,15,,29734,3,,,1,55,,29674,3,,,1,15,,29694,3,,,1,15,,29714,3,,,1,15,,29735,3,,,1,55,,29675,3,,,1,15,,29695,3,,,1,15,,29715,3,,,1,15,,29736,3,,,1,55,,29676,3,,,1,15,,29696,3,,,1,15,,29716,3,,,1,15,,29737,3,,,1,55,,29677,3,,,1,15,,29697,3,,,1,15,,29717,3,,,1,15,,29738,3,,,1,55,,29678,3,,,1,15,,29698,3,,,1,15,,29718,3,,,1,15,,29739,3,,,1,55,,29679,3,,,1,15,,29699,3,,,1,15,,29719,3,,,1,15,,29740,3,,,1,55,,29680,3,,,1,15,,29700,3,,,1,15,,29720,3,,,1,15,,29741,3,,,1,55,,29681,3,,,1,15,,29701,3,,,1,15,,29721,3,,,1,15,,29742,3,,,1,55,,29682,3,,,1,15,,29702,3,,,1,15,,29722,3,,,1,15,,29743,3,,,1,55,,29683,3,,,1,15,,29703,3,,,1,15,,29723,3,,,1,15,,29744,3,,,1,55,,29684,3,,,1,15,,29704,3,,,1,15,,29724,3,,,1,15,,29745,3,,,1,55,,29685,3,,,1,15,,29705,3,,,1,15,,29725,3,,,1,15,,29746,3,,,1,55,,29686,3,,,1,15,,29706,3,,,1,15,,29726,3,,,1,15,,29747,3,,,1,55,,29687,3,,,1,15,,29707,3,,,1,15,,29727,3,,,1,15,,29748,3,,,1,55,,29688,3,,,1,15,,29708,3,,,1,15,,29728,3,,,1,15,,29749,3,,,1,55,,29689,3,,,1,15,,29709,3,,,1,15,,29729,3,,,1,15,,29750,3,,,1,55,,29690,3,,,1
0,'20260813',507,,29811,3,,,1,15,,29751,3,,,1,20,,29791,3,,,1,15,,29812,3,,,1,55,,29752,3,,,1,15,,29772,3,,,1,15,,29792,3,,,1,15,,29813,3,,,1,55,,29753,3,,,1,15,,29773,3,,,1,15,,29793,3,,,1,15,,29814,3,,,1,55,,29754,3,,,1,15,,29774,3,,,1,15,,29794,3,,,1,15,,29815,3,,,1,55,,29755,3,,,1,15,,29775,3,,,1,15,,29795,3,,,1,15,,29816,3,,,1,55,,29756,3,,,1,15,,29776,3,,,1,15,,29796,3,,,1,15,,29817,3,,,1,55,,29757,3,,,1,15,,29777,3,,,1,15,,29797,3,,,1,15,,29818,3,,,1,55,,29758,3,,,1,15,,29778,3,,,1,15,,29798,3,,,1,15,,29819,3,,,1,55,,29759,3,,,1,15,,29779,3,,,1,15,,29799,3,,,1,15,,29820,3,,,1,55,,29760,3,,,1,15,,29780,3,,,1,15,,29800,3,,,1,15,,29821,3,,,1,55,,29761,3,,,1,15,,29781,3,,,1,15,,29801,3,,,1,15,,29822,3,,,1,55,,29762,3,,,1,15,,29782,3,,,1,15,,29802,3,,,1,15,,29823,3,,,1,55,,29763,3,,,1,15,,29783,3,,,1,15,,29803,3,,,1,15,,29824,3,,,1,55,,29764,3,,,1,15,,29784,3,,,1,15,,29804,3,,,1,15,,29825,3,,,1,55,,29765,3,,,1,15,,29785,3,,,1,15,,29805,3,,,1,15,,29826,3,,,1,55,,29766,3,,,1,15,,29786,3,,,1,15,,29806,3,,,1,15,,29827,3,,,1,55,,29767,3,,,1,15,,29787,3,,,1,15,,29807,3,,,1,15,,29828,3,,,1,55,,29768,3,,,1,15,,29788,3,,,1,15,,29808,3,,,1,15,,29829,3,,,1,55,,29769,3,,,1,15,,29789,3,,,1,15,,29809,3,,,1,15,,29830,3,,,1,55,,29770,3,,,1,15,,29790,3,,,1,15,,29810,3,,,1,15,,29831,3,,,1,55,,29771,3,,,1
0,'20260814',507,,29892,3,,,1,15,,29832,3,,,1,20,,29872,3,,,1,15,,29893,3,,,1,55,,29833,3,,,1,15,,29853,3,,,1,15,,29873,3,,,1,15,,29894,3,,,1,55,,29834,3,,,1,15,,29854,3,,,1,15,,29874,3,,,1,15,,29895,3,,,1,55,,29835,3,,,1,15,,29855,3,,,1,15,,29875,3,,,1,15,,29896,3,,,1,55,,29836,3,,,1,15,,29856,3,,,1,15,,29876,3,,,1,15,,29897,3,,,1,55,,29837,3,,,1,15,,29857,3,,,1,15,,29877,3,,,1,15,,29898,3,,,1,55,,29838,3,,,1,15,,29858,3,,,1,15,,29878,3,,,1,15,,29899,3,,,1,55,,29839,3,,,1,15,,29859,3,,,1,15,,29879,3,,,1,15,,29900,3,,,1,55,,29840,3,,,1,15,,29860,3,,,1,15,,29880,3,,,1,15,,29901,3,,,1,55,,29841,3,,,1,15,,29861,3,,,1,15,,29881,3,,,1,15,,29902,3,,,1,55,,29842,3,,,1,15,,29862,3,,,1,15,,29882,3,,,1,15,,29903,3,,,1,55,,29843,3,,,1,15,,29863,3,,,1,15,,29883,3,,,1,15,,29904,3,,,1,55,,29844,3,,,1,15,,29864,3,,,1,15,,29884,3,,,1,15,,29905,3,,,1,55,,29845,3,,,1,15,,29865,3,,,1,15,,29885,3,,,1,15,,29906,3,,,1,55,,29846,3,,,1,15,,29866,3,,,1,15,,29886,3,,,1,15,,29907,3,,,1,55,,29847,3,,,1,15,,29867,3,,,1,15,,29887,3,,,1,15,,29908,3,,,1,55,,29848,3,,,1,15,,29868,3,,,1,15,,29888,3,,,1,15,,29909,3,,,1,55,,29849,3,,,1,15,,29869,3,,,1,15,,29889,3,,,1,15,,29910,3,,,1,55,,29850,3,,,1,15,,29870,3,,,1,15,,29890,3,,,1,15,,29911,3,,,1,55,,29851,3,,,1,15,,29871,3,,,1,15,,29891,3,,,1,15,,29912,3,,,1,55,,29852,3,,,1
0,'20260815',612,,29913,3,,,1,15,,29933,3,,,1,15,,29952,3,,,1,15,,29971,3,,,1,55,,29914,3,,,1,15,,29934,3,,,1,15,,29953,3,,,1,15,,29972,3,,,1,55,,29915,3,,,1,15,,29935,3,,,1,15,,29954,3,,,1,15,,29973,3,,,1,55,,29916,3,,,1,15,,29936,3,,,1,15,,29955,3,,,1,15,,29974,3,,,1,55,,29917,3,,,1,15,,29937,3,,,1,15,,29956,3,,,1,15,,29975,3,,,1,55,,29918,3,,,1,15,,29938,3,,,1,15,,29957,3,,,1,15,,29976,3,,,1,55,,29919,3,,,1,15,,29939,3,,,1,15,,29958,3,,,1,15,,29977,3,,,1,55,,29920,3,,,1,15,,29940,3,,,1,15,,29959,3,,,1,15,,29978,3,,,1,55,,29921,3,,,1,15,,29941,3,,,1,15,,29960,3,,,1,15,,29979,3,,,1,55,,29922,3,,,1,15,,29942,3,,,1,15,,29961,3,,,1,15,,29980,3,,,1,55,,29923,3,,,1,15,,29943,3,,,1,15,,29962,3,,,1,15,,29981,3,,,1,55,,29924,3,,,1,15,,29944,3,,,1,15,,29963,3,,,1,15,,29982,3,,,1,55,,29925,3,,,1,15,,29945,3,,,1,15,,29964,3,,,1,15,,29983,3,,,1,55,,29926,3,,,1,15,,29946,3,,,1,15,,29965,3,,,1,15,,29984,3,,,1,55,,29927,3,,,1,15,,29947,3,,,1,15,,29966,3,,,1,15,,29985,3,,,1,55,,29928,3,,,1,15,,29948,3,,,1,15,,29967,3,,,1,15,,29986,3,,,1,55,,29929,3,,,1,15,,29949,3,,,1,15,,29968,3,,,1,15,,29987,3,,,1,55,,29930,3,,,1,15,,29950,3,,,1,15,,29969,3,,,1,15,,29988,3,,,1,55,,29931,3,,,1,15,,29951,3,,,1,15,,29970,3,,,1,15,,29989,3,,,1,55,,29932,3,,,1
0,'20260816',612,,29990,3,,,1,15,,30010,3,,,1,15,,30029,3,,,1,15,,30048,3,,,1,55,,29991,3,,,1,15,,30011,3,,,1,15,,30030,3,,,1,15,,30049,3,,,1,55,,29992,3,,,1,15,,30012,3,,,1,15,,30031,3,,,1,15,,30050,3,,,1,55,,29993,3,,,1,15,,30013,3,,,1,15,,30032,3,,,1,15,,30051,3,,,1,55,,29994,3,,,1,15,,30014,3,,,1,15,,30033,3,,,1,15,,30052,3,,,1,55,,29995,3,,,1,15,,30015,3,,,1,15,,30034,3,,,1,15,,30053,3,,,1,55,,29996,3,,,1,15,,30016,3,,,1,15,,30035,3,,,1,15,,30054,3,,,1,55,,29997,3,,,1,15,,30017,3,,,1,15,,30036,3,,,1,15,,30055,3,,,1,55,,29998,3,,,1,15,,30018,3,,,1,15,,30037,3,,,1,15,,30056,3,,,1,55,,29999,3,,,1,15,,30019,3,,,1,15,,30038,3,,,1,15,,30057,3,,,1,55,,30000,3,,,1,15,,30020,3,,,1,15,,30039,3,,,1,15,,30058,3,,,1,55,,30001,3,,,1,15,,30021,3,,,1,15,,30040,3,,,1,15,,30059,3,,,1,55,,30002,3,,,1,15,,30022,3,,,1,15,,30041,3,,,1,15,,30060,3,,,1,55,,30003,3,,,1,15,,30023,3,,,1,15,,30042,3,,,1,15,,30061,3,,,1,55,,30004,3,,,1,15,,30024,3,,,1,15,,30043,3,,,1,15,,30062,3,,,1,55,,30005,3,,,1,15,,30025,3,,,1,15,,30044,3,,,1,15,,30063,3,,,1,55,,30006,3,,,1,15,,30026,3,,,1,15,,30045,3,,,1,15,,30064,3,,,1,55,,30007,3,,,1,15,,30027,3,,,1,15,,30046,3,,,1,15,,30065,3,,,1,55,,30008,3,,,1,15,,30028,3,,,1,15,,30047,3,,,1,15,,30066,3,,,1,55,,30009,3,,,1
0,'20260817',612,,30067,3,,,1,15,,30087,3,,,1,15,,30106,3,,,1,15,,30125,3,,,1,55,,30068,3,,,1,15,,30088,3,,,1,15,,30107,3,,,1,15,,30126,3,,,1,55,,30069,3,,,1,15,,30089,3,,,1,15,,30108,3,,,1,15,,30127,3,,,1,55,,30070,3,,,1,15,,30090,3,,,1,15,,30109,3,,,1,15,,30128,3,,,1,55,,30071,3,,,1,15,,30091,3,,,1,15,,30110,3,,,1,15,,30129,3,,,1,55,,30072,3,,,1,15,,30092,3,,,1,15,,30111,3,,,1,15,,30130,3,,,1,55,,30073,3,,,1,15,,30093,3,,,1,15,,30112,3,,,1,15,,30131,3,,,1,55,,30074,3,,,1,15,,30094,3,,,1,15,,30113,3,,,1,15,,30132,3,,,1,55,,30075,3,,,1,15,,30095,3,,,1,15,,30114,3,,,1,15,,30133,3,,,1,55,,30076,3,,,1,15,,30096,3,,,1,15,,30115,3,,,1,15,,30134,3,,,1,55,,30077,3,,,1,15,,30097,3,,,1,15,,30116,3,,,1,15,,30135,3,,,1,55,,30078,3,,,1,15,,30098,3,,,1,15,,30117,3,,,1,15,,30136,3,,,1,55,,30079,3,,,1,15,,30099,3,,,1,15,,30118,3,,,1,15,,30137,3,,,1,55,,30080,3,,,1,15,,30100,3,,,1,15,,30119,3,,,1,15,,30138,3,,,1,55,,30081,3,,,1,15,,30101,3,,,1,15,,30120,3,,,1,15,,30139,3,,,1,55,,30082,3,,,1,15,,30102,3,,,1,15,,30121,3,,,1,15,,30140,3,,,1,55,,30083,3,,,1,15,,30103,3,,,1,15,,30122,3,,,1,15,,30141,3,,,1,55,,30084,3,,,1,15,,30104,3,,,1,15,,30123,3,,,1,15,,30142,3,,,1,55,,30085,3,,,1,15,,30105,3,,,1,15,,30124,3,,,1,15,,30143,3,,,1,55,,30086,3,,,1
0,'20260818',507,,30204,3,,,1,15,,30144,3,,,1,20,,30184,3,,,1,15,,30205,3,,,1,55,,30145,3,,,1,15,,30165,3,,,1,15,,30185,3,,,1,15,,30206,3,,,1,55,,30146,3,,,1,15,,30166,3,,,1,15,,30186,3,,,1,15,,30207,3,,,1,55,,30147,3,,,1,15,,30167,3,,,1,15,,30187,3,,,1,15,,30208,3,,,1,55,,30148,3,,,1,15,,30168,3,,,1,15,,30188,3,,,1,15,,30209,3,,,1,55,,30149,3,,,1,15,,30169,3,,,1,15,,30189,3,,,1,15,,30210,3,,,1,55,,30150,3,,,1,15,,30170,3,,,1,15,,30190,3,,,1,15,,30211,3,,,1,55,,30151,3,,,1,15,,30171,3,,,1,15,,30191,3,,,1,15,,30212,3,,,1,55,,30152,3,,,1,15,,30172,3,,,1,15,,30192,3,,,1,15,,30213,3,,,1,55,,30153,3,,,1,15,,30173,3,,,1,15,,30193,3,,,1,15,,30214,3,,,1,55,,30154,3,,,1,15,,30174,3,,,1,15,,30194,3,,,1,15,,30215,3,,,1,55,,30155,3,,,1,15,,30175,3,,,1,15,,30195,3,,,1,15,,30216,3,,,1,55,,30156,3,,,1,15,,30176,3,,,1,15,,30196,3,,,1,15,,30217,3,,,1,55,,30157,3,,,1,15,,30177,3,,,1,15,,30197,3,,,1,15,,30218,3,,,1,55,,30158,3,,,1,15,,30178,3,,,1,15,,30198,3,,,1,15,,30219,3,,,1,55,,30159,3,,,1,15,,30179,3,,,1,15,,30199,3,,,1,15,,30220,3,,,1,55,,30160,3,,,1,15,,30180,3,,,1,15,,30200,3,,,1,15,,30221,3,,,1,55,,30161,3,,,1,15,,30181,3,,,1,15,,30201,3,,,1,15,,30222,3,,,1,55,,30162,3,,,1,15,,30182,3,,,1,15,,30202,3,,,1,15,,30223,3,,,1,55,,30163,3,,,1,15,,30183,3,,,1,15,,30203,3,,,1,15,,30224,3,,,1,55,,30164,3,,,1
0,'20260819',507,,30285,3,,,1,15,,30225,3,,,1,20,,30265,3,,,1,15,,30286,3,,,1,55,,30226,3,,,1,15,,30246,3,,,1,15,,30266,3,,,1,15,,30287,3,,,1,55,,30227,3,,,1,15,,30247,3,,,1,15,,30267,3,,,1,15,,30288,3,,,1,55,,30228,3,,,1,15,,30248,3,,,1,15,,30268,3,,,1,15,,30289,3,,,1,55,,30229,3,,,1,15,,30249,3,,,1,15,,30269,3,,,1,15,,30290,3,,,1,55,,30230,3,,,1,15,,30250,3,,,1,15,,30270,3,,,1,15,,30291,3,,,1,55,,30231,3,,,1,15,,30251,3,,,1,15,,30271,3,,,1,15,,30292,3,,,1,55,,30232,3,,,1,15,,30252,3,,,1,15,,30272,3,,,1,15,,30293,3,,,1,55,,30233,3,,,1,15,,30253,3,,,1,15,,30273,3,,,1,15,,30294,3,,,1,55,,30234,3,,,1,15,,30254,3,,,1,15,,30274,3,,,1,15,,30295,3,,,1,55,,30235,3,,,1,15,,30255,3,,,1,15,,30275,3,,,1,15,,30296,3,,,1,55,,30236,3,,,1,15,,30256,3,,,1,15,,30276,3,,,1,15,,30297,3,,,1,55,,30237,3,,,1,15,,30257,3,,,1,15,,30277,3,,,1,15,,30298,3,,,1,55,,30238,3,,,1,15,,30258,3,,,1,15,,30278,3,,,1,15,,30299,3,,,1,55,,30239,3,,,1,15,,30259,3,,,1,15,,30279,3,,,1,15,,30300,3,,,1,55,,30240,3,,,1,15,,30260,3,,,1,15,,30280,3,,,1,15,,30301,3,,,1,55,,30241,3,,,1,15,,30261,3,,,1,15,,30281,3,,,1,15,,30302,3,,,1,55,,30242,3,,,1,15,,30262,3,,,1,15,,30282,3,,,1,15,,30303,3,,,1,55,,30243,3,,,1,15,,30263,3,,,1,15,,30283,3,,,1,15,,30304,3,,,1,55,,30244,3,,,1,15,,30264,3,,,1,15,,30284,3,,,1,15,,30305,3,,,1,55,,30245,3,,,1
0,'20260820',507,,30366,3,,,1,15,,30306,3,,,1,20,,30346,3,,,1,15,,30367,3,,,1,55,,30307,3,,,1,15,,30327,3,,,1,15,,30347,3,,,1,15,,30368,3,,,1,55,,30308,3,,,1,15,,30328,3,,,1,15,,30348,3,,,1,15,,30369,3,,,1,55,,30309,3,,,1,15,,30329,3,,,1,15,,30349,3,,,1,15,,30370,3,,,1,55,,30310,3,,,1,15,,30330,3,,,1,15,,30350,3,,,1,15,,30371,3,,,1,55,,30311,3,,,1,15,,30331,3,,,1,15,,30351,3,,,1,15,,30372,3,,,1,55,,30312,3,,,1,15,,30332,3,,,1,15,,30352,3,,,1,15,,30373,3,,,1,55,,30313,3,,,1,15,,30333,3,,,1,15,,30353,3,,,1,15,,30374,3,,,1,55,,30314,3,,,1,15,,30334,3,,,1,15,,30354,3,,,1,15,,30375,3,,,1,55,,30315,3,,,1,15,,30335,3,,,1,15,,30355,3,,,1,15,,30376,3,,,1,55,,30316,3,,,1,15,,30336,3,,,1,15,,30356,3,,,1,15,,30377,3,,,1,55,,30317,3,,,1,15,,30337,3,,,1,15,,30357,3,,,1,15,,30378,3,,,1,55,,30318,3,,,1,15,,30338,3,,,1,15,,30358,3,,,1,15,,30379,3,,,1,55,,30319,3,,,1,15,,30339,3,,,1,15,,30359,3,,,1,15,,30380,3,,,1,55,,30320,3,,,1,15,,30340,3,,,1,15,,30360,3,,,1,15,,30381,3,,,1,55,,30321,3,,,1,15,,30341,3,,,1,15,,30361,3,,,1,15,,30382,3,,,1,55,,30322,3,,,1,15,,30342,3,,,1,15,,30362,3,,,1,15,,30383,3,,,1,55,,30323,3,,,1,15,,30343,3,,,1,15,,30363,3,,,1,15,,30384,3,,,1,55,,30324,3,,,1,15,,30344,3,,,1,15,,30364,3,,,1,15,,30385,3,,,1,55,,30325,3,,,1,15,,30345,3,,,1,15,,30365,3,,,1,15,,30386,3,,,1,55,,30326,3,,,1
0,'20260821',507,,30447,3,,,1,15,,30387,3,,,1,20,,30427,3,,,1,15,,30448,3,,,1,55,,30388,3,,,1,15,,30408,3,,,1,15,,30428,3,,,1,15,,30449,3,,,1,55,,30389,3,,,1,15,,30409,3,,,1,15,,30429,3,,,1,15,,30450,3,,,1,55,,30390,3,,,1,15,,30410,3,,,1,15,,30430,3,,,1,15,,30451,3,,,1,55,,30391,3,,,1,15,,30411,3,,,1,15,,30431,3,,,1,15,,30452,3,,,1,55,,30392,3,,,1,15,,30412,3,,,1,15,,30432,3,,,1,15,,30453,3,,,1,55,,30393,3,,,1,15,,30413,3,,,1,15,,30433,3,,,1,15,,30454,3,,,1,55,,30394,3,,,1,15,,30414,3,,,1,15,,30434,3,,,1,15,,30455,3,,,1,55,,30395,3,,,1,15,,30415,3,,,1,15,,30435,3,,,1,15,,30456,3,,,1,55,,30396,3,,,1,15,,30416,3,,,1,15,,30436,3,,,1,15,,30457,3,,,1,55,,30397,3,,,1,15,,30417,3,,,1,15,,30437,3,,,1,15,,30458,3,,,1,55,,30398,3,,,1,15,,30418,3,,,1,15,,30438,3,,,1,15,,30459,3,,,1,55,,30399,3,,,1,15,,30419,3,,,1,15,,30439,3,,,1,15,,30460,3,,,1,55,,30400,3,,,1,15,,30420,3,,,1,15,,30440,3,,,1,15,,30461,3,,,1,55,,30401,3,,,1,15,,30421,3,,,1,15,,30441,3,,,1,15,,30462,3,,,1,55,,30402,3,,,1,15,,30422,3,,,1,15,,30442,3,,,1,15,,30463,3,,,1,55,,30403,3,,,1,15,,30423,3,,,1,15,,30443,3,,,1,15,,30464,3,,,1,55,,30404,3,,,1,15,,30424,3,,,1,15,,30444,3,,,1,15,,30465,3,,,1,55,,30405,3,,,1,15,,30425,3,,,1,15,,30445,3,,,1,15,,30466,3,,,1,55,,30406,3,,,1,15,,30426,3,,,1,15,,30446,3,,,1,15,,30467,3,,,1,55,,30407,3,,,1
0,'20260822',612,,30468,3,,,1,15,,30488,3,,,1,15,,30507,3,,,1,15,,30526,3,,,1,55,,30469,3,,,1,15,,30489,3,,,1,15,,30508,3,,,1,15,,30527,3,,,1,55,,30470,3,,,1,15,,30490,3,,,1,15,,30509,3,,,1,15,,30528,3,,,1,55,,30471,3,,,1,15,,30491,3,,,1,15,,30510,3,,,1,15,,30529,3,,,1,55,,30472,3,,,1,15,,30492,3,,,1,15,,30511,3,,,1,15,,30530,3,,,1,55,,30473,3,,,1,15,,30493,3,,,1,15,,30512,3,,,1,15,,30531,3,,,1,55,,30474,3,,,1,15,,30494,3,,,1,15,,30513,3,,,1,15,,30532,3,,,1,55,,30475,3,,,1,15,,30495,3,,,1,15,,30514,3,,,1,15,,30533,3,,,1,55,,30476,3,,,1,15,,30496,3,,,1,15,,30515,3,,,1,15,,30534,3,,,1,55,,30477,3,,,1,15,,30497,3,,,1,15,,30516,3,,,1,15,,30535,3,,,1,55,,30478,3,,,1,15,,30498,3,,,1,15,,30517,3,,,1,15,,30536,3,,,1,55,,30479,3,,,1,15,,30499,3,,,1,15,,30518,3,,,1,15,,30537,3,,,1,55,,30480,3,,,1,15,,30500,3,,,1,15,,30519,3,,,1,15,,30538,3,,,1,55,,30481,3,,,1,15,,30501,3,,,1,15,,30520,3,,,1,15,,30539,3,,,1,55,,30482,3,,,1,15,,30502,3,,,1,15,,30521,3,,,1,15,,30540,3,,,1,55,,30483,3,,,1,15,,30503,3,,,1,15,,30522,3,,,1,15,,30541,3,,,1,55,,30484,3,,,1,15,,30504,3,,,1,15,,30523,3,,,1,15,,30542,3,,,1,55,,30485,3,,,1,15,,30505,3,,,1,15,,30524,3,,,1,15,,30543,3,,,1,55,,30486,3,,,1,15,,30506,3,,,1,15,,30525,3,,,1,15,,30544,3,,,1,55,,30487,3,,,1
0,'20260823',612,,30545,3,,,1,15,,30565,3,,,1,15,,30584,3,,,1,15,,30603,3,,,1,55,,30546,3,,,1,15,,30566,3,,,1,15,,30585,3,,,1,15,,30604,3,,,1,55,,30547,3,,,1,15,,30567,3,,,1,15,,30586,3,,,1,15,,30605,3,,,1,55,,30548,3,,,1,15,,30568,3,,,1,15,,30587,3,,,1,15,,30606,3,,,1,55,,30549,3,,,1,15,,30569,3,,,1,15,,30588,3,,,1,15,,30607,3,,,1,55,,30550,3,,,1,15,,30570,3,,,1,15,,30589,3,,,1,15,,30608,3,,,1,55,,30551,3,,,1,15,,30571,3,,,1,15,,30590,3,,,1,15,,30609,3,,,1,55,,30552,3,,,1,15,,30572,3,,,1,15,,30591,3,,,1,15,,30610,3,,,1,55,,30553,3,,,1,15,,30573,3,,,1,15,,30592,3,,,1,15,,30611,3,,,1,55,,30554,3,,,1,15,,30574,3,,,1,15,,30593,3,,,1,15,,30612,3,,,1,55,,30555,3,,,1,15,,30575,3,,,1,15,,30594,3,,,1,15,,30613,3,,,1,55,,30556,3,,,1,15,,30576,3,,,1,15,,30595,3,,,1,15,,30614,3,,,1,55,,30557,3,,,1,15,,30577,3,,,1,15,,30596,3,,,1,15,,30615,3,,,1,55,,30558,3,,,1,15,,30578,3,,,1,15,,30597,3,,,1,15,,30616,3,,,1,55,,30559,3,,,1,15,,30579,3,,,1,15,,30598,3,,,1,15,,30617,3,,,1,55,,30560,3,,,1,15,,30580,3,,,1,15,,30599,3,,,1,15,,30618,3,,,1,55,,30561,3,,,1,15,,30581,3,,,1,15,,30600,3,,,1,15,,30619,3,,,1,55,,30562,3,,,1,15,,30582,3,,,1,15,,30601,3,,,1,15,,30620,3,,,1,55,,30563,3,,,1,15,,30583,3,,,1,15,,30602,3,,,1,15,,30621,3,,,1,55,,30564,3,,,1
0,'20260824',612,,30622,3,,,1,15,,30642,3,,,1,15,,30661,3,,,1,15,,30680,3,,,1,55,,30623,3,,,1,15,,30643,3,,,1,15,,30662,3,,,1,15,,30681,3,,,1,55,,30624,3,,,1,15,,30644,3,,,1,15,,30663,3,,,1,15,,30682,3,,,1,55,,30625,3,,,1,15,,30645,3,,,1,15,,30664,3,,,1,15,,30683,3,,,1,55,,30626,3,,,1,15,,30646,3,,,1,15,,30665,3,,,1,15,,30684,3,,,1,55,,30627,3,,,1,15,,30647,3,,,1,15,,30666,3,,,1,15,,30685,3,,,1,55,,30628,3,,,1,15,,30648,3,,,1,15,,30667,3,,,1,15,,30686,3,,,1,55,,30629,3,,,1,15,,30649,3,,,1,15,,30668,3,,,1,15,,30687,3,,,1,55,,30630,3,,,1,15,,30650,3,,,1,15,,30669,3,,,1,15,,30688,3,,,1,55,,30631,3,,,1,15,,30651,3,,,1,15,,30670,3,,,1,15,,30689,3,,,1,55,,30632,3,,,1,15,,30652,3,,,1,15,,30671,3,,,1,15,,30690,3,,,1,55,,30633,3,,,1,15,,30653,3,,,1,15,,30672,3,,,1,15,,30691,3,,,1,55,,30634,3,,,1,15,,30654,3,,,1,15,,30673,3,,,1,15,,30692,3,,,1,55,,30635,3,,,1,15,,30655,3,,,1,15,,30674,3,,,1,15,,30693,3,,,1,55,,30636,3,,,1,15,,30656,3,,,1,15,,30675,3,,,1,15,,30694,3,,,1,55,,30637,3,,,1,15,,30657,3,,,1,15,,30676,3,,,1,15,,30695,3,,,1,55,,30638,3,,,1,15,,30658,3,,,1,15,,30677,3,,,1,15,,30696,3,,,1,55,,30639,3,,,1,15,,30659,3,,,1,15,,30678,3,,,1,15,,30697,3,,,1,55,,30640,3,,,1,15,,30660,3,,,1,15,,30679,3,,,1,15,,30698,3,,,1,55,,30641,3,,,1
0,'20260825',507,,30759,3,,,1,15,,30699,3,,,1,20,,30739,3,,,1,15,,30760,3,,,1,55,,30700,3,,,1,15,,30720,3,,,1,15,,30740,3,,,1,15,,30761,3,,,1,55,,30701,3,,,1,15,,30721,3,,,1,15,,30741,3,,,1,15,,30762,3,,,1,55,,30702,3,,,1,15,,30722,3,,,1,15,,30742,3,,,1,15,,30763,3,,,1,55,,30703,3,,,1,15,,30723,3,,,1,15,,30743,3,,,1,15,,30764,3,,,1,55,,30704,3,,,1,15,,30724,3,,,1,15,,30744,3,,,1,15,,30765,3,,,1,55,,30705,3,,,1,15,,30725,3,,,1,15,,30745,3,,,1,15,,30766,3,,,1,55,,30706,3,,,1,15,,30726,3,,,1,15,,30746,3,,,1,15,,30767,3,,,1,55,,30707,3,,,1,15,,30727,3,,,1,15,,30747,3,,,1,15,,30768,3,,,1,55,,30708,3,,,1,15,,30728,3,,,1,15,,30748,3,,,1,15,,30769,3,,,1,55,,30709,3,,,1,15,,30729,3,,,1,15,,30749,3,,,1,15,,30770,3,,,1,55,,30710,3,,,1,15,,30730,3,,,1,15,,30750,3,,,1,15,,30771,3,,,1,55,,30711,3,,,1,15,,30731,3,,,1,15,,30751,3,,,1,15,,30772,3,,,1,55,,30712,3,,,1,15,,30732,3,,,1,15,,30752,3,,,1,15,,30773,3,,,1,55,,30713,3,,,1,15,,30733,3,,,1,15,,30753,3,,,1,15,,30774,3,,,1,55,,30714,3,,,1,15,,30734,3,,,1,15,,30754,3,,,1,15,,30775,3,,,1,55,,30715,3,,,1,15,,30735,3,,,1,15,,30755,3,,,1,15,,30776,3,,,1,55,,30716,3,,,1,15,,30736,3,,,1,15,,30756,3,,,1,15,,30777,3,,,1,55,,30717,3,,,1,15,,30737,3,,,1,15,,30757,3,,,1,15,,30778,3,,,1,55,,30718,3,,,1,15,,30738,3,,,1,15,,30758,3,,,1,15,,30779,3,,,1,55,,30719,3,,,1
0,'20260826',507,,30840,3,,,1,15,,30780,3,,,1,20,,30820,3,,,1,15,,30841,3,,,1,55,,30781,3,,,1,15,,30801,3,,,1,15,,30821,3,,,1,15,,30842,3,,,1,55,,30782,3,,,1,15,,30802,3,,,1,15,,30822,3,,,1,15,,30843,3,,,1,55,,30783,3,,,1,15,,30803,3,,,1,15,,30823,3,,,1,15,,30844,3,,,1,55,,30784,3,,,1,15,,30804,3,,,1,15,,30824,3,,,1,15,,30845,3,,,1,55,,30785,3,,,1,15,,30805,3,,,1,15,,30825,3,,,1,15,,30846,3,,,1,55,,30786,3,,,1,15,,30806,3,,,1,15,,30826,3,,,1,15,,30847,3,,,1,55,,30787,3,,,1,15,,30807,3,,,1,15,,30827,3,,,1,15,,30848,3,,,1,55,,30788,3,,,1,15,,30808,3,,,1,15,,30828,3,,,1,15,,30849,3,,,1,55,,30789,3,,,1,15,,30809,3,,,1,15,,30829,3,,,1,15,,30850,3,,,1,55,,30790,3,,,1,15,,30810,3,,,1,15,,30830,3,,,1,15,,30851,3,,,1,55,,30791,3,,,1,15,,30811,3,,,1,15,,30831,3,,,1,15,,30852,3,,,1,55,,30792,3,,,1,15,,30812,3,,,1,15,,30832,3,,,1,15,,30853,3,,,1,55,,30793,3,,,1,15,,30813,3,,,1,15,,30833,3,,,1,15,,30854,3,,,1,55,,30794,3,,,1,15,,30814,3,,,1,15,,30834,3,,,1,15,,30855,3,,,1,55,,30795,3,,,1,15,,30815,3,,,1,15,,30835,3,,,1,15,,30856,3,,,1,55,,30796,3,,,1,15,,30816,3,,,1,15,,30836,3,,,1,15,,30857,3,,,1,55,,30797,3,,,1,15,,30817,3,,,1,15,,30837,3,,,1,15,,30858,3,,,1,55,,30798,3,,,1,15,,30818,3,,,1,15,,30838,3,,,1,15,,30859,3,,,1,55,,30799,3,,,1,15,,30819,3,,,1,15,,30839,3,,,1,15,,30860,3,,,1,55,,30800,3,,,1
0,'20260827',507,,30921,3,,,1,15,,30861,3,,,1,20,,30901,3,,,1,15,,30922,3,,,1,55,,30862,3,,,1,15,,30882,3,,,1,15,,30902,3,,,1,15,,30923,3,,,1,55,,30863,3,,,1,15,,30883,3,,,1,15,,30903,3,,,1,15,,30924,3,,,1,55,,30864,3,,,1,15,,30884,3,,,1,15,,30904,3,,,1,15,,30925,3,,,1,55,,30865,3,,,1,15,,30885,3,,,1,15,,30905,3,,,1,15,,30926,3,,,1,55,,30866,3,,,1,15,,30886,3,,,1,15,,30906,3,,,1,15,,30927,3,,,1,55,,30867,3,,,1,15,,30887,3,,,1,15,,30907,3,,,1,15,,30928,3,,,1,55,,30868,3,,,1,15,,30888,3,,,1,15,,30908,3,,,1,15,,30929,3,,,1,55,,30869,3,,,1,15,,30889,3,,,1,15,,30909,3,,,1,15,,30930,3,,,1,55,,30870,3,,,1,15,,30890,3,,,1,15,,30910,3,,,1,15,,30931,3,,,1,55,,30871,3,,,1,15,,30891,3,,,1,15,,30911,3,,,1,15,,30932,3,,,1,55,,30872,3,,,1,15,,30892,3,,,1,15,,30912,3,,,1,15,,30933,3,,,1,55,,30873,3,,,1,15,,30893,3,,,1,15,,30913,3,,,1,15,,30934,3,,,1,55,,30874,3,,,1,15,,30894,3,,,1,15,,30914,3,,,1,15,,30935,3,,,1,55,,30875,3,,,1,15,,30895,3,,,1,15,,30915,3,,,1,15,,30936,3,,,1,55,,30876,3,,,1,15,,30896,3,,,1,15,,30916,3,,,1,15,,30937,3,,,1,55,,30877,3,,,1,15,,30897,3,,,1,15,,30917,3,,,1,15,,30938,3,,,1,55,,30878,3,,,1,15,,30898,3,,,1,15,,30918,3,,,1,15,,30939,3,,,1,55,,30879,3,,,1,15,,30899,3,,,1,15,,30919,3,,,1,15,,30940,3,,,1,55,,30880,3,,,1,15,,30900,3,,,1,15,,30920,3,,,1,15,,30941,3,,,1,55,,30881,3,,,1
0,'20260828',507,,31002,3,,,1,15,,30942,3,,,1,20,,30982,3,,,1,15,,31003,3,,,1,55,,30943,3,,,1,15,,30963,3,,,1,15,,30983,3,,,1,15,,31004,3,,,1,55,,30944,3,,,1,15,,30964,3,,,1,15,,30984,3,,,1,15,,31005,3,,,1,55,,30945,3,,,1,15,,30965,3,,,1,15,,30985,3,,,1,15,,31006,3,,,1,55,,30946,3,,,1,15,,30966,3,,,1,15,,30986,3,,,1,15,,31007,3,,,1,55,,30947,3,,,1,15,,30967,3,,,1,15,,30987,3,,,1,15,,31008,3,,,1,55,,30948,3,,,1,15,,30968,3,,,1,15,,30988,3,,,1,15,,31009,3,,,1,55,,30949,3,,,1,15,,30969,3,,,1,15,,30989,3,,,1,15,,31010,3,,,1,55,,30950,3,,,1,15,,30970,3,,,1,15,,30990,3,,,1,15,,31011,3,,,1,55,,30951,3,,,1,15,,30971,3,,,1,15,,30991,3,,,1,15,,31012,3,,,1,55,,30952,3,,,1,15,,30972,3,,,1,15,,30992,3,,,1,15,,31013,3,,,1,55,,30953,3,,,1,15,,30973,3,,,1,15,,30993,3,,,1,15,,31014,3,,,1,55,,30954,3,,,1,15,,30974,3,,,1,15,,30994,3,,,1,15,,31015,3,,,1,55,,30955,3,,,1,15,,30975,3,,,1,15,,30995,3,,,1,15,,31016,3,,,1,55,,30956,3,,,1,15,,30976,3,,,1,15,,30996,3,,,1,15,,31017,3,,,1,55,,30957,3,,,1,15,,30977,3,,,1,15,,30997,3,,,1,15,,31018,3,,,1,55,,30958,3,,,1,15,,30978,3,,,1,15,,30998,3,,,1,15,,31019,3,,,1,55,,30959,3,,,1,15,,30979,3,,,1,15,,30999,3,,,1,15,,31020,3,,,1,55,,30960,3,,,1,15,,30980,3,,,1,15,,31000,3,,,1,15,,31021,3,,,1,55,,30961,3,,,1,15,,30981,3,,,1,15,,31001,3,,,1,15,,31022,3,,,1,55,,30962,3,,,1
0,'20260829',612,,31023,3,,,1,15,,31043,3,,,1,15,,31062,3,,,1,15,,31081,3,,,1,55,,31024,3,,,1,15,,31044,3,,,1,15,,31063,3,,,1,15,,31082,3,,,1,55,,31025,3,,,1,15,,31045,3,,,1,15,,31064,3,,,1,15,,31083,3,,,1,55,,31026,3,,,1,15,,31046,3,,,1,15,,31065,3,,,1,15,,31084,3,,,1,55,,31027,3,,,1,15,,31047,3,,,1,15,,31066,3,,,1,15,,31085,3,,,1,55,,31028,3,,,1,15,,31048,3,,,1,15,,31067,3,,,1,15,,31086,3,,,1,55,,31029,3,,,1,15,,31049,3,,,1,15,,31068,3,,,1,15,,31087,3,,,1,55,,31030,3,,,1,15,,31050,3,,,1,15,,31069,3,,,1,15,,31088,3,,,1,55,,31031,3,,,1,15,,31051,3,,,1,15,,31070,3,,,1,15,,31089,3,,,1,55,,31032,3,,,1,15,,31052,3,,,1,15,,31071,3,,,1,15,,31090,3,,,1,55,,31033,3,,,1,15,,31053,3,,,1,15,,31072,3,,,1,15,,31091,3,,,1,55,,31034,3,,,1,15,,31054,3,,,1,15,,31073,3,,,1,15,,31092,3,,,1,55,,31035,3,,,1,15,,31055,3,,,1,15,,31074,3,,,1,15,,31093,3,,,1,55,,31036,3,,,1,15,,31056,3,,,1,15,,31075,3,,,1,15,,31094,3,,,1,55,,31037,3,,,1,15,,31057,3,,,1,15,,31076,3,,,1,15,,31095,3,,,1,55,,31038,3,,,1,15,,31058,3,,,1,15,,31077,3,,,1,15,,31096,3,,,1,55,,31039,3,,,1,15,,31059,3,,,1,15,,31078,3,,,1,15,,31097,3,,,1,55,,31040,3,,,1,15,,31060,3,,,1,15,,31079,3,,,1,15,,31098,3,,,1,55,,31041,3,,,1,15,,31061,3,,,1,15,,31080,3,,,1,15,,31099,3,,,1,55,,31042,3,,,1
0,'20260830',612,,31100,3,,,1,15,,31120,3,,,1,15,,31139,3,,,1,15,,31158,3,,,1,55,,31101,3,,,1,15,,31121,3,,,1,15,,31140,3,,,1,15,,31159,3,,,1,55,,31102,3,,,1,15,,31122,3,,,1,15,,31141,3,,,1,15,,31160,3,,,1,55,,31103,3,,,1,15,,31123,3,,,1,15,,31142,3,,,1,15,,31161,3,,,1,55,,31104,3,,,1,15,,31124,3,,,1,15,,31143,3,,,1,15,,31162,3,,,1,55,,31105,3,,,1,15,,31125,3,,,1,15,,31144,3,,,1,15,,31163,3,,,1,55,,31106,3,,,1,15,,31126,3,,,1,15,,31145,3,,,1,15,,31164,3,,,1,55,,31107,3,,,1,15,,31127,3,,,1,15,,31146,3,,,1,15,,31165,3,,,1,55,,31108,3,,,1,15,,31128,3,,,1,15,,31147,3,,,1,15,,31166,3,,,1,55,,31109,3,,,1,15,,31129,3,,,1,15,,31148,3,,,1,15,,31167,3,,,1,55,,31110,3,,,1,15,,31130,3,,,1,15,,31149,3,,,1,15,,31168,3,,,1,55,,31111,3,,,1,15,,31131,3,,,1,15,,31150,3,,,1,15,,31169,3,,,1,55,,31112,3,,,1,15,,31132,3,,,1,15,,31151,3,,,1,15,,31170,3,,,1,55,,31113,3,,,1,15,,31133,3,,,1,15,,31152,3,,,1,15,,31171,3,,,1,55,,31114,3,,,1,15,,31134,3,,,1,15,,31153,3,,,1,15,,31172,3,,,1,55,,31115,3,,,1,15,,31135,3,,,1,15,,31154,3,,,1,15,,31173,3,,,1,55,,31116,3,,,1,15,,31136,3,,,1,15,,31155,3,,,1,15,,31174,3,,,1,55,,31117,3,,,1,15,,31137,3,,,1,15,,31156,3,,,1,15,,31175,3,,,1,55,,31118,3,,,1,15,,31138,3,,,1,15,,31157,3,,,1,15,,31176,3,,,1,55,,31119,3,,,1
0,'20260831',612,,31177,3,,,1,15,,31197,3,,,1,15,,31216,3,,,1,15,,31235,3,,,1,55,,31178,3,,,1,15,,31198,3,,,1,15,,31217,3,,,1,15,,31236,3,,,1,55,,31179,3,,,1,15,,31199,3,,,1,15,,31218,3,,,1,15,,31237,3,,,1,55,,31180,3,,,1,15,,31200,3,,,1,15,,31219,3,,,1,15,,31238,3,,,1,55,,31181,3,,,1,15,,31201,3,,,1,15,,31220,3,,,1,15,,31239,3,,,1,55,,31182,3,,,1,15,,31202,3,,,1,15,,31221,3,,,1,15,,31240,3,,,1,55,,31183,3,,,1,15,,31203,3,,,1,15,,31222,3,,,1,15,,31241,3,,,1,55,,31184,3,,,1,15,,31204,3,,,1,15,,31223,3,,,1,15,,31242,3,,,1,55,,31185,3,,,1,15,,31205,3,,,1,15,,31224,3,,,1,15,,31243,3,,,1,55,,31186,3,,,1,15,,31206,3,,,1,15,,31225,3,,,1,15,,31244,3,,,1,55,,31187,3,,,1,15,,31207,3,,,1,15,,31226,3,,,1,15,,31245,3,,,1,55,,31188,3,,,1,15,,31208,3,,,1,15,,31227,3,,,1,15,,31246,3,,,1,55,,31189,3,,,1,15,,31209,3,,,1,15,,31228,3,,,1,15,,31247,3,,,1,55,,31190,3,,,1,15,,31210,3,,,1,15,,31229,3,,,1,15,,31248,3,,,1,55,,31191,3,,,1,15,,31211,3,,,1,15,,31230,3,,,1,15,,31249,3,,,1,55,,31192,3,,,1,15,,31212,3,,,1,15,,31231,3,,,1,15,,31250,3,,,1,55,,31193,3,,,1,15,,31213,3,,,1,15,,31232,3,,,1,15,,31251,3,,,1,55,,31194,3,,,1,15,,31214,3,,,1,15,,31233,3,,,1,15,,31252,3,,,1,55,,31195,3,,,1,15,,31215,3,,,1,15,,31234,3,,,1,15,,31253,3,,,1,55,,31196,3,,,1
0,'20260901',507,,31314,3,,,1,15,,31254,3,,,1,20,,31294,3,,,1,15,,31315,3,,,1,55,,31255,3,,,1,15,,31275,3,,,1,15,,31295,3,,,1,15,,31316,3,,,1,55,,31256,3,,,1,15,,31276,3,,,1,15,,31296,3,,,1,15,,31317,3,,,1,55,,31257,3,,,1,15,,31277,3,,,1,15,,31297,3,,,1,15,,31318,3,,,1,55,,31258,3,,,1,15,,31278,3,,,1,15,,31298,3,,,1,15,,31319,3,,,1,55,,31259,3,,,1,15,,31279,3,,,1,15,,31299,3,,,1,15,,31320,3,,,1,55,,31260,3,,,1,15,,31280,3,,,1,15,,31300,3,,,1,15,,31321,3,,,1,55,,31261,3,,,1,15,,31281,3,,,1,15,,31301,3,,,1,15,,31322,3,,,1,55,,31262,3,,,1,15,,31282,3,,,1,15,,31302,3,,,1,15,,31323,3,,,1,55,,31263,3,,,1,15,,31283,3,,,1,15,,31303,3,,,1,15,,31324,3,,,1,55,,31264,3,,,1,15,,31284,3,,,1,15,,31304,3,,,1,15,,31325,3,,,1,55,,31265,3,,,1,15,,31285,3,,,1,15,,31305,3,,,1,15,,31326,3,,,1,55,,31266,3,,,1,15,,31286,3,,,1,15,,31306,3,,,1,15,,31327,3,,,1,55,,31267,3,,,1,15,,31287,3,,,1,15,,31307,3,,,1,15,,31328,3,,,1,55,,31268,3,,,1,15,,31288,3,,,1,15,,31308,3,,,1,15,,31329,3,,,1,55,,31269,3,,,1,15,,31289,3,,,1,15,,31309,3,,,1,15,,31330,3,,,1,55,,31270,3,,,1,15,,31290,3,,,1,15,,31310,3,,,1,15,,31331,3,,,1,55,,31271,3,,,1,15,,31291,3,,,1,15,,31311,3,,,1,15,,31332,3,,,1,55,,31272,3,,,1,15,,31292,3,,,1,15,,31312,3,,,1,15,,31333,3,,,1,55,,31273,3,,,1,15,,31293,3,,,1,15,,31313,3,,,1,15,,31334,3,,,1,55,,31274,3,,,1
0,'20260902',507,,31395,3,,,1,15,,31335,3,,,1,20,,31375,3,,,1,15,,31396,3,,,1,55,,31336,3,,,1,15,,31356,3,,,1,15,,31376,3,,,1,15,,31397,3,,,1,55,,31337,3,,,1,15,,31357,3,,,1,15,,31377,3,,,1,15,,31398,3,,,1,55,,31338,3,,,1,15,,31358,3,,,1,15,,31378,3,,,1,15,,31399,3,,,1,55,,31339,3,,,1,15,,31359,3,,,1,15,,31379,3,,,1,15,,31400,3,,,1,55,,31340,3,,,1,15,,31360,3,,,1,15,,31380,3,,,1,15,,31401,3,,,1,55,,31341,3,,,1,15,,31361,3,,,1,15,,31381,3,,,1,15,,31402,3,,,1,55,,31342,3,,,1,15,,31362,3,,,1,15,,31382,3,,,1,15,,31403,3,,,1,55,,31343,3,,,1,15,,31363,3,,,1,15,,31383,3,,,1,15,,31404,3,,,1,55,,31344,3,,,1,15,,31364,3,,,1,15,,31384,3,,,1,15,,31405,3,,,1,55,,31345,3,,,1,15,,31365,3,,,1,15,,31385,3,,,1,15,,31406,3,,,1,55,,31346,3,,,1,15,,31366,3,,,1,15,,31386,3,,,1,15,,31407,3,,,1,55,,31347,3,,,1,15,,31367,3,,,1,15,,31387,3,,,1,15,,31408,3,,,1,55,,31348,3,,,1,15,,31368,3,,,1,15,,31388,3,,,1,15,,31409,3,,,1,55,,31349,3,,,1,15,,31369,3,,,1,15,,31389,3,,,1,15,,31410,3,,,1,55,,31350,3,,,1,15,,31370,3,,,1,15,,31390,3,,,1,15,,31411,3,,,1,55,,31351,3,,,1,15,,31371,3,,,1,15,,31391,3,,,1,15,,31412,3,,,1,55,,31352,3,,,1,15,,31372,3,,,1,15,,31392,3,,,1,15,,31413,3,,,1,55,,31353,3,,,1,15,,31373,3,,,1,15,,31393,3,,,1,15,,31414,3,,,1,55,,31354,3,,,1,15,,31374,3,,,1,15,,31394,3,,,1,15,,31415,3,,,1,55,,31355,3,,,1
0,'20260903',507,,31476,3,,,1,15,,31416,3,,,1,20,,31456,3,,,1,15,,31477,3,,,1,55,,31417,3,,,1,15,,31437,3,,,1,15,,31457,3,,,1,15,,31478,3,,,1,55,,31418,3,,,1,15,,31438,3,,,1,15,,31458,3,,,1,15,,31479,3,,,1,55,,31419,3,,,1,15,,31439,3,,,1,15,,31459,3,,,1,15,,31480,3,,,1,55,,31420,3,,,1,15,,31440,3,,,1,15,,31460,3,,,1,15,,31481,3,,,1,55,,31421,3,,,1,15,,31441,3,,,1,15,,31461,3,,,1,15,,31482,3,,,1,55,,31422,3,,,1,15,,31442,3,,,1,15,,31462,3,,,1,15,,31483,3,,,1,55,,31423,3,,,1,15,,31443,3,,,1,15,,31463,3,,,1,15,,31484,3,,,1,55,,31424,3,,,1,15,,31444,3,,,1,15,,31464,3,,,1,15,,31485,3,,,1,55,,31425,3,,,1,15,,31445,3,,,1,15,,31465,3,,,1,15,,31486,3,,,1,55,,31426,3,,,1,15,,31446,3,,,1,15,,31466,3,,,1,15,,31487,3,,,1,55,,31427,3,,,1,15,,31447,3,,,1,15,,31467,3,,,1,15,,31488,3,,,1,55,,31428,3,,,1,15,,31448,3,,,1,15,,31468,3,,,1,15,,31489,3,,,1,55,,31429,3,,,1,15,,31449,3,,,1,15,,31469,3,,,1,15,,31490,3,,,1,55,,31430,3,,,1,15,,31450,3,,,1,15,,31470,3,,,1,15,,31491,3,,,1,55,,31431,3,,,1,15,,31451,3,,,1,15,,31471,3,,,1,15,,31492,3,,,1,55,,31432,3,,,1,15,,31452,3,,,1,15,,31472,3,,,1,15,,31493,3,,,1,55,,31433,3,,,1,15,,31453,3,,,1,15,,31473,3,,,1,15,,31494,3,,,1,55,,31434,3,,,1,15,,31454,3,,,1,15,,31474,3,,,1,15,,31495,3,,,1,55,,31435,3,,,1,15,,31455,3,,,1,15,,31475,3,,,1,15,,31496,3,,,1,55,,31436,3,,,1
0,'20260904',507,,31557,3,,,1,15,,31497,3,,,1,20,,31537,3,,,1,15,,31558,3,,,1,55,,31498,3,,,1,15,,31518,3,,,1,15,,31538,3,,,1,15,,31559,3,,,1,55,,31499,3,,,1,15,,31519,3,,,1,15,,31539,3,,,1,15,,31560,3,,,1,55,,31500,3,,,1,15,,31520,3,,,1,15,,31540,3,,,1,15,,31561,3,,,1,55,,31501,3,,,1,15,,31521,3,,,1,15,,31541,3,,,1,15,,31562,3,,,1,55,,31502,3,,,1,15,,31522,3,,,1,15,,31542,3,,,1,15,,31563,3,,,1,55,,31503,3,,,1,15,,31523,3,,,1,15,,31543,3,,,1,15,,31564,3,,,1,55,,31504,3,,,1,15,,31524,3,,,1,15,,31544,3,,,1,15,,31565,3,,,1,55,,31505,3,,,1,15,,31525,3,,,1,15,,31545,3,,,1,15,,31566,3,,,1,55,,31506,3,,,1,15,,31526,3,,,1,15,,31546,3,,,1,15,,31567,3,,,1,55,,31507,3,,,1,15,,31527,3,,,1,15,,31547,3,,,1,15,,31568,3,,,1,55,,31508,3,,,1,15,,31528,3,,,1,15,,31548,3,,,1,15,,31569,3,,,1,55,,31509,3,,,1,15,,31529,3,,,1,15,,31549,3,,,1,15,,31570,3,,,1,55,,31510,3,,,1,15,,31530,3,,,1,15,,31550,3,,,1,15,,31571,3,,,1,55,,31511,3,,,1,15,,31531,3,,,1,15,,31551,3,,,1,15,,31572,3,,,1,55,,31512,3,,,1,15,,31532,3,,,1,15,,31552,3,,,1,15,,31573,3,,,1,55,,31513,3,,,1,15,,31533,3,,,1,15,,31553,3,,,1,15,,31574,3,,,1,55,,31514,3,,,1,15,,31534,3,,,1,15,,31554,3,,,1,15,,31575,3,,,1,55,,31515,3,,,1,15,,31535,3,,,1,15,,31555,3,,,1,15,,31576,3,,,1,55,,31516,3,,,1,15,,31536,3,,,1,15,,31556,3,,,1,15,,31577,3,,,1,55,,31517,3,,,1
0,'20260905',612,,31578,3,,,1,15,,31598,3,,,1,15,,31617,3,,,1,15,,31636,3,,,1,55,,31579,3,,,1,15,,31599,3,,,1,15,,31618,3,,,1,15,,31637,3,,,1,55,,31580,3,,,1,15,,31600,3,,,1,15,,31619,3,,,1,15,,31638,3,,,1,55,,31581,3,,,1,15,,31601,3,,,1,15,,31620,3,,,1,15,,31639,3,,,1,55,,31582,3,,,1,15,,31602,3,,,1,15,,31621,3,,,1,15,,31640,3,,,1,55,,31583,3,,,1,15,,31603,3,,,1,15,,31622,3,,,1,15,,31641,3,,,1,55,,31584,3,,,1,15,,31604,3,,,1,15,,31623,3,,,1,15,,31642,3,,,1,55,,31585,3,,,1,15,,31605,3,,,1,15,,31624,3,,,1,15,,31643,3,,,1,55,,31586,3,,,1,15,,31606,3,,,1,15,,31625,3,,,1,15,,31644,3,,,1,55,,31587,3,,,1,15,,31607,3,,,1,15,,31626,3,,,1,15,,31645,3,,,1,55,,31588,3,,,1,15,,31608,3,,,1,15,,31627,3,,,1,15,,31646,3,,,1,55,,31589,3,,,1,15,,31609,3,,,1,15,,31628,3,,,1,15,,31647,3,,,1,55,,31590,3,,,1,15,,31610,3,,,1,15,,31629,3,,,1,15,,31648,3,,,1,55,,31591,3,,,1,15,,31611,3,,,1,15,,31630,3,,,1,15,,31649,3,,,1,55,,31592,3,,,1,15,,31612,3,,,1,15,,31631,3,,,1,15,,31650,3,,,1,55,,31593,3,,,1,15,,31613,3,,,1,15,,31632,3,,,1,15,,31651,3,,,1,55,,31594,3,,,1,15,,31614,3,,,1,15,,31633,3,,,1,15,,31652,3,,,1,55,,31595,3,,,1,15,,31615,3,,,1,15,,31634,3,,,1,15,,31653,3,,,1,55,,31596,3,,,1,15,,31616,3,,,1,15,,31635,3,,,1,15,,31654,3,,,1,55,,31597,3,,,1
0,'20260906',612,,31655,3,,,1,15,,31675,3,,,1,15,,31694,3,,,1,15,,31713,3,,,1,55,,31656,3,,,1,15,,31676,3,,,1,15,,31695,3,,,1,15,,31714,3,,,1,55,,31657,3,,,1,15,,31677,3,,,1,15,,31696,3,,,1,15,,31715,3,,,1,55,,31658,3,,,1,15,,31678,3,,,1,15,,31697,3,,,1,15,,31716,3,,,1,55,,31659,3,,,1,15,,31679,3,,,1,15,,31698,3,,,1,15,,31717,3,,,1,55,,31660,3,,,1,15,,31680,3,,,1,15,,31699,3,,,1,15,,31718,3,,,1,55,,31661,3,,,1,15,,31681,3,,,1,15,,31700,3,,,1,15,,31719,3,,,1,55,,31662,3,,,1,15,,31682,3,,,1,15,,31701,3,,,1,15,,31720,3,,,1,55,,31663,3,,,1,15,,31683,3,,,1,15,,31702,3,,,1,15,,31721,3,,,1,55,,31664,3,,,1,15,,31684,3,,,1,15,,31703,3,,,1,15,,31722,3,,,1,55,,31665,3,,,1,15,,31685,3,,,1,15,,31704,3,,,1,15,,31723,3,,,1,55,,31666,3,,,1,15,,31686,3,,,1,15,,31705,3,,,1,15,,31724,3,,,1,55,,31667,3,,,1,15,,31687,3,,,1,15,,31706,3,,,1,15,,31725,3,,,1,55,,31668,3,,,1,15,,31688,3,,,1,15,,31707,3,,,1,15,,31726,3,,,1,55,,31669,3,,,1,15,,31689,3,,,1,15,,31708,3,,,1,15,,31727,3,,,1,55,,31670,3,,,1,15,,31690,3,,,1,15,,31709,3,,,1,15,,31728,3,,,1,55,,31671,3,,,1,15,,31691,3,,,1,15,,31710,3,,,1,15,,31729,3,,,1,55,,31672,3,,,1,15,,31692,3,,,1,15,,31711,3,,,1,15,,31730,3,,,1,55,,31673,3,,,1,15,,31693,3,,,1,15,,31712,3,,,1,15,,31731,3,,,1,55,,31674,3,,,1
0,'20260907',612,,31732,3,,,1,15,,31752,3,,,1,15,,31771,3,,,1,15,,31790,3,,,1,55,,31733,3,,,1,15,,31753,3,,,1,15,,31772,3,,,1,15,,31791,3,,,1,55,,31734,3,,,1,15,,31754,3,,,1,15,,31773,3,,,1,15,,31792,3,,,1,55,,31735,3,,,1,15,,31755,3,,,1,15,,31774,3,,,1,15,,31793,3,,,1,55,,31736,3,,,1,15,,31756,3,,,1,15,,31775,3,,,1,15,,31794,3,,,1,55,,31737,3,,,1,15,,31757,3,,,1,15,,31776,3,,,1,15,,31795,3,,,1,55,,31738,3,,,1,15,,31758,3,,,1,15,,31777,3,,,1,15,,31796,3,,,1,55,,31739,3,,,1,15,,31759,3,,,1,15,,31778,3,,,1,15,,31797,3,,,1,55,,31740,3,,,1,15,,31760,3,,,1,15,,31779,3,,,1,15,,31798,3,,,1,55,,31741,3,,,1,15,,31761,3,,,1,15,,31780,3,,,1,15,,31799,3,,,1,55,,31742,3,,,1,15,,31762,3,,,1,15,,31781,3,,,1,15,,31800,3,,,1,55,,31743,3,,,1,15,,31763,3,,,1,15,,31782,3,,,1,15,,31801,3,,,1,55,,31744,3,,,1,15,,31764,3,,,1,15,,31783,3,,,1,15,,31802,3,,,1,55,,31745,3,,,1,15,,31765,3,,,1,15,,31784,3,,,1,15,,31803,3,,,1,55,,31746,3,,,1,15,,31766,3,,,1,15,,31785,3,,,1,15,,31804,3,,,1,55,,31747,3,,,1,15,,31767,3,,,1,15,,31786,3,,,1,15,,31805,3,,,1,55,,31748,3,,,1,15,,31768,3,,,1,15,,31787,3,,,1,15,,31806,3,,,1,55,,31749,3,,,1,15,,31769,3,,,1,15,,31788,3,,,1,15,,31807,3,,,1,55,,31750,3,,,1,15,,31770,3,,,1,15,,31789,3,,,1,15,,31808,3,,,1,55,,31751,3,,,1
0,'20260908',507,,31869,3,,,1,15,,31809,3,,,1,20,,31849,3,,,1,15,,31870,3,,,1,55,,31810,3,,,1,15,,31830,3,,,1,15,,31850,3,,,1,15,,31871,3,,,1,55,,31811,3,,,1,15,,31831,3,,,1,15,,31851,3,,,1,15,,31872,3,,,1,55,,31812,3,,,1,15,,31832,3,,,1,15,,31852,3,,,1,15,,31873,3,,,1,55,,31813,3,,,1,15,,31833,3,,,1,15,,31853,3,,,1,15,,31874,3,,,1,55,,31814,3,,,1,15,,31834,3,,,1,15,,31854,3,,,1,15,,31875,3,,,1,55,,31815,3,,,1,15,,31835,3,,,1,15,,31855,3,,,1,15,,31876,3,,,1,55,,31816,3,,,1,15,,31836,3,,,1,15,,31856,3,,,1,15,,31877,3,,,1,55,,31817,3,,,1,15,,31837,3,,,1,15,,31857,3,,,1,15,,31878,3,,,1,55,,31818,3,,,1,15,,31838,3,,,1,15,,31858,3,,,1,15,,31879,3,,,1,55,,31819,3,,,1,15,,31839,3,,,1,15,,31859,3,,,1,15,,31880,3,,,1,55,,31820,3,,,1,15,,31840,3,,,1,15,,31860,3,,,1,15,,31881,3,,,1,55,,31821,3,,,1,15,,31841,3,,,1,15,,31861,3,,,1,15,,31882,3,,,1,55,,31822,3,,,1,15,,31842,3,,,1,15,,31862,3,,,1,15,,31883,3,,,1,55,,31823,3,,,1,15,,31843,3,,,1,15,,31863,3,,,1,15,,31884,3,,,1,55,,31824,3,,,1,15,,31844,3,,,1,15,,31864,3,,,1,15,,31885,3,,,1,55,,31825,3,,,1,15,,31845,3,,,1,15,,31865,3,,,1,15,,31886,3,,,1,55,,31826,3,,,1,15,,31846,3,,,1,15,,31866,3,,,1,15,,31887,3,,,1,55,,31827,3,,,1,15,,31847,3,,,1,15,,31867,3,,,1,15,,31888,3,,,1,55,,31828,3,,,1,15,,31848,3,,,1,15,,31868,3,,,1,15,,31889,3,,,1,55,,31829,3,,,1
0,'20260909',507,,31950,3,,,1,15,,31890,3,,,1,20,,31930,3,,,1,15,,31951,3,,,1,55,,31891,3,,,1,15,,31911,3,,,1,15,,31931,3,,,1,15,,31952,3,,,1,55,,31892,3,,,1,15,,31912,3,,,1,15,,31932,3,,,1,15,,31953,3,,,1,55,,31893,3,,,1,15,,31913,3,,,1,15,,31933,3,,,1,15,,31954,3,,,1,55,,31894,3,,,1,15,,31914,3,,,1,15,,31934,3,,,1,15,,31955,3,,,1,55,,31895,3,,,1,15,,31915,3,,,1,15,,31935,3,,,1,15,,31956,3,,,1,55,,31896,3,,,1,15,,31916,3,,,1,15,,31936,3,,,1,15,,31957,3,,,1,55,,31897,3,,,1,15,,31917,3,,,1,15,,31937,3,,,1,15,,31958,3,,,1,55,,31898,3,,,1,15,,31918,3,,,1,15,,31938,3,,,1,15,,31959,3,,,1,55,,31899,3,,,1,15,,31919,3,,,1,15,,31939,3,,,1,15,,31960,3,,,1,55,,31900,3,,,1,15,,31920,3,,,1,15,,31940,3,,,1,15,,31961,3,,,1,55,,31901,3,,,1,15,,31921,3,,,1,15,,31941,3,,,1,15,,31962,3,,,1,55,,31902,3,,,1,15,,31922,3,,,1,15,,31942,3,,,1,15,,31963,3,,,1,55,,31903,3,,,1,15,,31923,3,,,1,15,,31943,3,,,1,15,,31964,3,,,1,55,,31904,3,,,1,15,,31924,3,,,1,15,,31944,3,,,1,15,,31965,3,,,1,55,,31905,3,,,1,15,,31925,3,,,1,15,,31945,3,,,1,15,,31966,3,,,1,55,,31906,3,,,1,15,,31926,3,,,1,15,,31946,3,,,1,15,,31967,3,,,1,55,,31907,3,,,1,15,,31927,3,,,1,15,,31947,3,,,1,15,,31968,3,,,1,55,,31908,3,,,1,15,,31928,3,,,1,15,,31948,3,,,1,15,,31969,3,,,1,55,,31909,3,,,1,15,,31929,3,,,1,15,,31949,3,,,1,15,,31970,3,,,1,55,,31910,3,,,1
0,'20260910',507,,32031,3,,,1,15,,31971,3,,,1,20,,32011,3,,,1,15,,32032,3,,,1,55,,31972,3,,,1,15,,31992,3,,,1,15,,32012,3,,,1,15,,32033,3,,,1,55,,31973,3,,,1,15,,31993,3,,,1,15,,32013,3,,,1,15,,32034,3,,,1,55,,31974,3,,,1,15,,31994,3,,,1,15,,32014,3,,,1,15,,32035,3,,,1,55,,31975,3,,,1,15,,31995,3,,,1,15,,32015,3,,,1,15,,32036,3,,,1,55,,31976,3,,,1,15,,31996,3,,,1,15,,32016,3,,,1,15,,32037,3,,,1,55,,31977,3,,,1,15,,31997,3,,,1,15,,32017,3,,,1,15,,32038,3,,,1,55,,31978,3,,,1,15,,31998,3,,,1,15,,32018,3,,,1,15,,32039,3,,,1,55,,31979,3,,,1,15,,31999,3,,,1,15,,32019,3,,,1,15,,32040,3,,,1,55,,31980,3,,,1,15,,32000,3,,,1,15,,32020,3,,,1,15,,32041,3,,,1,55,,31981,3,,,1,15,,32001,3,,,1,15,,32021,3,,,1,15,,32042,3,,,1,55,,31982,3,,,1,15,,32002,3,,,1,15,,32022,3,,,1,15,,32043,3,,,1,55,,31983,3,,,1,15,,32003,3,,,1,15,,32023,3,,,1,15,,32044,3,,,1,55,,31984,3,,,1,15,,32004,3,,,1,15,,32024,3,,,1,15,,32045,3,,,1,55,,31985,3,,,1,15,,32005,3,,,1,15,,32025,3,,,1,15,,32046,3,,,1,55,,31986,3,,,1,15,,32006,3,,,1,15,,32026,3,,,1,15,,32047,3,,,1,55,,31987,3,,,1,15,,32007,3,,,1,15,,32027,3,,,1,15,,32048,3,,,1,55,,31988,3,,,1,15,,32008,3,,,1,15,,32028,3,,,1,15,,32049,3,,,1,55,,31989,3,,,1,15,,32009,3,,,1,15,,32029,3,,,1,15,,32050,3,,,1,55,,31990,3,,,1,15,,32010,3,,,1,15,,32030,3,,,1,15,,32051,3,,,1,55,,31991,3,,,1
0,'20260911',507,,32112,3,,,1,15,,32052,3,,,1,20,,32092,3,,,1,15,,32113,3,,,1,55,,32053,3,,,1,15,,32073,3,,,1,15,,32093,3,,,1,15,,32114,3,,,1,55,,32054,3,,,1,15,,32074,3,,,1,15,,32094,3,,,1,15,,32115,3,,,1,55,,32055,3,,,1,15,,32075,3,,,1,15,,32095,3,,,1,15,,32116,3,,,1,55,,32056,3,,,1,15,,32076,3,,,1,15,,32096,3,,,1,15,,32117,3,,,1,55,,32057,3,,,1,15,,32077,3,,,1,15,,32097,3,,,1,15,,32118,3,,,1,55,,32058,3,,,1,15,,32078,3,,,1,15,,32098,3,,,1,15,,32119,3,,,1,55,,32059,3,,,1,15,,32079,3,,,1,15,,32099,3,,,1,15,,32120,3,,,1,55,,32060,3,,,1,15,,32080,3,,,1,15,,32100,3,,,1,15,,32121,3,,,1,55,,32061,3,,,1,15,,32081,3,,,1,15,,32101,3,,,1,15,,32122,3,,,1,55,,32062,3,,,1,15,,32082,3,,,1,15,,32102,3,,,1,15,,32123,3,,,1,55,,32063,3,,,1,15,,32083,3,,,1,15,,32103,3,,,1,15,,32124,3,,,1,55,,32064,3,,,1,15,,32084,3,,,1,15,,32104,3,,,1,15,,32125,3,,,1,55,,32065,3,,,1,15,,32085,3,,,1,15,,32105,3,,,1,15,,32126,3,,,1,55,,32066,3,,,1,15,,32086,3,,,1,15,,32106,3,,,1,15,,32127,3,,,1,55,,32067,3,,,1,15,,32087,3,,,1,15,,32107,3,,,1,15,,32128,3,,,1,55,,32068,3,,,1,15,,32088,3,,,1,15,,32108,3,,,1,15,,32129,3,,,1,55,,32069,3,,,1,15,,32089,3,,,1,15,,32109,3,,,1,15,,32130,3,,,1,55,,32070,3,,,1,15,,32090,3,,,1,15,,32110,3,,,1,15,,32131,3,,,1,55,,32071,3,,,1,15,,32091,3,,,1,15,,32111,3,,,1,15,,32132,3,,,1,55,,32072,3,,,1
0,'20260912',612,,32133,3,,,1,15,,32153,3,,,1,15,,32172,3,,,1,15,,32191,3,,,1,55,,32134,3,,,1,15,,32154,3,,,1,15,,32173,3,,,1,15,,32192,3,,,1,55,,32135,3,,,1,15,,32155,3,,,1,15,,32174,3,,,1,15,,32193,3,,,1,55,,32136,3,,,1,15,,32156,3,,,1,15,,32175,3,,,1,15,,32194,3,,,1,55,,32137,3,,,1,15,,32157,3,,,1,15,,32176,3,,,1,15,,32195,3,,,1,55,,32138,3,,,1,15,,32158,3,,,1,15,,32177,3,,,1,15,,32196,3,,,1,55,,32139,3,,,1,15,,32159,3,,,1,15,,32178,3,,,1,15,,32197,3,,,1,55,,32140,3,,,1,15,,32160,3,,,1,15,,32179,3,,,1,15,,32198,3,,,1,55,,32141,3,,,1,15,,32161,3,,,1,15,,32180,3,,,1,15,,32199,3,,,1,55,,32142,3,,,1,15,,32162,3,,,1,15,,32181,3,,,1,15,,32200,3,,,1,55,,32143,3,,,1,15,,32163,3,,,1,15,,32182,3,,,1,15,,32201,3,,,1,55,,32144,3,,,1,15,,32164,3,,,1,15,,32183,3,,,1,15,,32202,3,,,1,55,,32145,3,,,1,15,,32165,3,,,1,15,,32184,3,,,1,15,,32203,3,,,1,55,,32146,3,,,1,15,,32166,3,,,1,15,,32185,3,,,1,15,,32204,3,,,1,55,,32147,3,,,1,15,,32167,3,,,1,15,,32186,3,,,1,15,,32205,3,,,1,55,,32148,3,,,1,15,,32168,3,,,1,15,,32187,3,,,1,15,,32206,3,,,1,55,,32149,3,,,1,15,,32169,3,,,1,15,,32188,3,,,1,15,,32207,3,,,1,55,,32150,3,,,1,15,,32170,3,,,1,15,,32189,3,,,1,15,,32208,3,,,1,55,,32151,3,,,1,15,,32171,3,,,1,15,,32190,3,,,1,15,,32209,3,,,1,55,,32152,3,,,1
0,'20260913',612,,32210,3,,,1,15,,32230,3,,,1,15,,32249,3,,,1,15,,32268,3,,,1,55,,32211,3,,,1,15,,32231,3,,,1,15,,32250,3,,,1,15,,32269,3,,,1,55,,32212,3,,,1,15,,32232,3,,,1,15,,32251,3,,,1,15,,32270,3,,,1,55,,32213,3,,,1,15,,32233,3,,,1,15,,32252,3,,,1,15,,32271,3,,,1,55,,32214,3,,,1,15,,32234,3,,,1,15,,32253,3,,,1,15,,32272,3,,,1,55,,32215,3,,,1,15,,32235,3,,,1,15,,32254,3,,,1,15,,32273,3,,,1,55,,32216,3,,,1,15,,32236,3,,,1,15,,32255,3,,,1,15,,32274,3,,,1,55,,32217,3,,,1,15,,32237,3,,,1,15,,32256,3,,,1,15,,32275,3,,,1,55,,32218,3,,,1,15,,32238,3,,,1,15,,32257,3,,,1,15,,32276,3,,,1,55,,32219,3,,,1,15,,32239,3,,,1,15,,32258,3,,,1,15,,32277,3,,,1,55,,32220,3,,,1,15,,32240,3,,,1,15,,32259,3,,,1,15,,32278,3,,,1,55,,32221,3,,,1,15,,32241,3,,,1,15,,32260,3,,,1,15,,32279,3,,,1,55,,32222,3,,,1,15,,32242,3,,,1,15,,32261,3,,,1,15,,32280,3,,,1,55,,32223,3,,,1,15,,32243,3,,,1,15,,32262,3,,,1,15,,32281,3,,,1,55,,32224,3,,,1,15,,32244,3,,,1,15,,32263,3,,,1,15,,32282,3,,,1,55,,32225,3,,,1,15,,32245,3,,,1,15,,32264,3,,,1,15,,32283,3,,,1,55,,32226,3,,,1,15,,32246,3,,,1,15,,32265,3,,,1,15,,32284,3,,,1,55,,32227,3,,,1,15,,32247,3,,,1,15,,32266,3,,,1,15,,32285,3,,,1,55,,32228,3,,,1,15,,32248,3,,,1,15,,32267,3,,,1,15,,32286,3,,,1,55,,32229,3,,,1
0,'20260914',612,,32287,3,,,1,15,,32307,3,,,1,15,,32326,3,,,1,15,,32345,3,,,1,55,,32288,3,,,1,15,,32308,3,,,1,15,,32327,3,,,1,15,,32346,3,,,1,55,,32289,3,,,1,15,,32309,3,,,1,15,,32328,3,,,1,15,,32347,3,,,1,55,,32290,3,,,1,15,,32310,3,,,1,15,,32329,3,,,1,15,,32348,3,,,1,55,,32291,3,,,1,15,,32311,3,,,1,15,,32330,3,,,1,15,,32349,3,,,1,55,,32292,3,,,1,15,,32312,3,,,1,15,,32331,3,,,1,15,,32350,3,,,1,55,,32293,3,,,1,15,,32313,3,,,1,15,,32332,3,,,1,15,,32351,3,,,1,55,,32294,3,,,1,15,,32314,3,,,1,15,,32333,3,,,1,15,,32352,3,,,1,55,,32295,3,,,1,15,,32315,3,,,1,15,,32334,3,,,1,15,,32353,3,,,1,55,,32296,3,,,1,15,,32316,3,,,1,15,,32335,3,,,1,15,,32354,3,,,1,55,,32297,3,,,1,15,,32317,3,,,1,15,,32336,3,,,1,15,,32355,3,,,1,55,,32298,3,,,1,15,,32318,3,,,1,15,,32337,3,,,1,15,,32356,3,,,1,55,,32299,3,,,1,15,,32319,3,,,1,15,,32338,3,,,1,15,,32357,3,,,1,55,,32300,3,,,1,15,,32320,3,,,1,15,,32339,3,,,1,15,,32358,3,,,1,55,,32301,3,,,1,15,,32321,3,,,1,15,,32340,3,,,1,15,,32359,3,,,1,55,,32302,3,,,1,15,,32322,3,,,1,15,,32341,3,,,1,15,,32360,3,,,1,55,,32303,3,,,1,15,,32323,3,,,1,15,,32342,3,,,1,15,,32361,3,,,1,55,,32304,3,,,1,15,,32324,3,,,1,15,,32343,3,,,1,15,,32362,3,,,1,55,,32305,3,,,1,15,,32325,3,,,1,15,,32344,3,,,1,15,,32363,3,,,1,55,,32306,3,,,1
0,'20260915',507,,32424,3,,,1,15,,32364,3,,,1,20,,32404,3,,,1,15,,32425,3,,,1,55,,32365,3,,,1,15,,32385,3,,,1,15,,32405,3,,,1,15,,32426,3,,,1,55,,32366,3,,,1,15,,32386,3,,,1,15,,32406,3,,,1,15,,32427,3,,,1,55,,32367,3,,,1,15,,32387,3,,,1,15,,32407,3,,,1,15,,32428,3,,,1,55,,32368,3,,,1,15,,32388,3,,,1,15,,32408,3,,,1,15,,32429,3,,,1,55,,32369,3,,,1,15,,32389,3,,,1,15,,32409,3,,,1,15,,32430,3,,,1,55,,32370,3,,,1,15,,32390,3,,,1,15,,32410,3,,,1,15,,32431,3,,,1,55,,32371,3,,,1,15,,32391,3,,,1,15,,32411,3,,,1,15,,32432,3,,,1,55,,32372,3,,,1,15,,32392,3,,,1,15,,32412,3,,,1,15,,32433,3,,,1,55,,32373,3,,,1,15,,32393,3,,,1,15,,32413,3,,,1,15,,32434,3,,,1,55,,32374,3,,,1,15,,32394,3,,,1,15,,32414,3,,,1,15,,32435,3,,,1,55,,32375,3,,,1,15,,32395,3,,,1,15,,32415,3,,,1,15,,32436,3,,,1,55,,32376,3,,,1,15,,32396,3,,,1,15,,32416,3,,,1,15,,32437,3,,,1,55,,32377,3,,,1,15,,32397,3,,,1,15,,32417,3,,,1,15,,32438,3,,,1,55,,32378,3,,,1,15,,32398,3,,,1,15,,32418,3,,,1,15,,32439,3,,,1,55,,32379,3,,,1,15,,32399,3,,,1,15,,32419,3,,,1,15,,32440,3,,,1,55,,32380,3,,,1,15,,32400,3,,,1,15,,32420,3,,,1,15,,32441,3,,,1,55,,32381,3,,,1,15,,32401,3,,,1,15,,32421,3,,,1,15,,32442,3,,,1,55,,32382,3,,,1,15,,32402,3,,,1,15,,32422,3,,,1,15,,32443,3,,,1,55,,32383,3,,,1,15,,32403,3,,,1,15,,32423,3,,,1,15,,32444,3,,,1,55,,32384,3,,,1
0,'20260916',507,,32505,3,,,1,15,,32445,3,,,1,20,,32485,3,,,1,15,,32506,3,,,1,55,,32446,3,,,1,15,,32466,3,,,1,15,,32486,3,,,1,15,,32507,3,,,1,55,,32447,3,,,1,15,,32467,3,,,1,15,,32487,3,,,1,15,,32508,3,,,1,55,,32448,3,,,1,15,,32468,3,,,1,15,,32488,3,,,1,15,,32509,3,,,1,55,,32449,3,,,1,15,,32469,3,,,1,15,,32489,3,,,1,15,,32510,3,,,1,55,,32450,3,,,1,15,,32470,3,,,1,15,,32490,3,,,1,15,,32511,3,,,1,55,,32451,3,,,1,15,,32471,3,,,1,15,,32491,3,,,1,15,,32512,3,,,1,55,,32452,3,,,1,15,,32472,3,,,1,15,,32492,3,,,1,15,,32513,3,,,1,55,,32453,3,,,1,15,,32473,3,,,1,15,,32493,3,,,1,15,,32514,3,,,1,55,,32454,3,,,1,15,,32474,3,,,1,15,,32494,3,,,1,15,,32515,3,,,1,55,,32455,3,,,1,15,,32475,3,,,1,15,,32495,3,,,1,15,,32516,3,,,1,55,,32456,3,,,1,15,,32476,3,,,1,15,,32496,3,,,1,15,,32517,3,,,1,55,,32457,3,,,1,15,,32477,3,,,1,15,,32497,3,,,1,15,,32518,3,,,1,55,,32458,3,,,1,15,,32478,3,,,1,15,,32498,3,,,1,15,,32519,3,,,1,55,,32459,3,,,1,15,,32479,3,,,1,15,,32499,3,,,1,15,,32520,3,,,1,55,,32460,3,,,1,15,,32480,3,,,1,15,,32500,3,,,1,15,,32521,3,,,1,55,,32461,3,,,1,15,,32481,3,,,1,15,,32501,3,,,1,15,,32522,3,,,1,55,,32462,3,,,1,15,,32482,3,,,1,15,,32502,3,,,1,15,,32523,3,,,1,55,,32463,3,,,1,15,,32483,3,,,1,15,,32503,3,,,1,15,,32524,3,,,1,55,,32464,3,,,1,15,,32484,3,,,1,15,,32504,3,,,1,15,,32525,3,,,1,55,,32465,3,,,1
0,'20260917',507,,32586,3,,,1,15,,32526,3,,,1,20,,32566,3,,,1,15,,32587,3,,,1,55,,32527,3,,,1,15,,32547,3,,,1,15,,32567,3,,,1,15,,32588,3,,,1,55,,32528,3,,,1,15,,32548,3,,,1,15,,32568,3,,,1,15,,32589,3,,,1,55,,32529,3,,,1,15,,32549,3,,,1,15,,32569,3,,,1,15,,32590,3,,,1,55,,32530,3,,,1,15,,32550,3,,,1,15,,32570,3,,,1,15,,32591,3,,,1,55,,32531,3,,,1,15,,32551,3,,,1,15,,32571,3,,,1,15,,32592,3,,,1,55,,32532,3,,,1,15,,32552,3,,,1,15,,32572,3,,,1,15,,32593,3,,,1,55,,32533,3,,,1,15,,32553,3,,,1,15,,32573,3,,,1,15,,32594,3,,,1,55,,32534,3,,,1,15,,32554,3,,,1,15,,32574,3,,,1,15,,32595,3,,,1,55,,32535,3,,,1,15,,32555,3,,,1,15,,32575,3,,,1,15,,32596,3,,,1,55,,32536,3,,,1,15,,32556,3,,,1,15,,32576,3,,,1,15,,32597,3,,,1,55,,32537,3,,,1,15,,32557,3,,,1,15,,32577,3,,,1,15,,32598,3,,,1,55,,32538,3,,,1,15,,32558,3,,,1,15,,32578,3,,,1,15,,32599,3,,,1,55,,32539,3,,,1,15,,32559,3,,,1,15,,32579,3,,,1,15,,32600,3,,,1,55,,32540,3,,,1,15,,32560,3,,,1,15,,32580,3,,,1,15,,32601,3,,,1,55,,32541,3,,,1,15,,32561,3,,,1,15,,32581,3,,,1,15,,32602,3,,,1,55,,32542,3,,,1,15,,32562,3,,,1,15,,32582,3,,,1,15,,32603,3,,,1,55,,32543,3,,,1,15,,32563,3,,,1,15,,32583,3,,,1,15,,32604,3,,,1,55,,32544,3,,,1,15,,32564,3,,,1,15,,32584,3,,,1,15,,32605,3,,,1,55,,32545,3,,,1,15,,32565,3,,,1,15,,32585,3,,,1,15,,32606,3,,,1,55,,32546,3,,,1
0,'20260918',507,,32667,3,,,1,15,,32607,3,,,1,20,,32647,3,,,1,15,,32668,3,,,1,55,,32608,3,,,1,15,,32628,3,,,1,15,,32648,3,,,1,15,,32669,3,,,1,55,,32609,3,,,1,15,,32629,3,,,1,15,,32649,3,,,1,15,,32670,3,,,1,55,,32610,3,,,1,15,,32630,3,,,1,15,,32650,3,,,1,15,,32671,3,,,1,55,,32611,3,,,1,15,,32631,3,,,1,15,,32651,3,,,1,15,,32672,3,,,1,55,,32612,3,,,1,15,,32632,3,,,1,15,,32652,3,,,1,15,,32673,3,,,1,55,,32613,3,,,1,15,,32633,3,,,1,15,,32653,3,,,1,15,,32674,3,,,1,55,,32614,3,,,1,15,,32634,3,,,1,15,,32654,3,,,1,15,,32675,3,,,1,55,,32615,3,,,1,15,,32635,3,,,1,15,,32655,3,,,1,15,,32676,3,,,1,55,,32616,3,,,1,15,,32636,3,,,1,15,,32656,3,,,1,15,,32677,3,,,1,55,,32617,3,,,1,15,,32637,3,,,1,15,,32657,3,,,1,15,,32678,3,,,1,55,,32618,3,,,1,15,,32638,3,,,1,15,,32658,3,,,1,15,,32679,3,,,1,55,,32619,3,,,1,15,,32639,3,,,1,15,,32659,3,,,1,15,,32680,3,,,1,55,,32620,3,,,1,15,,32640,3,,,1,15,,32660,3,,,1,15,,32681,3,,,1,55,,32621,3,,,1,15,,32641,3,,,1,15,,32661,3,,,1,15,,32682,3,,,1,55,,32622,3,,,1,15,,32642,3,,,1,15,,32662,3,,,1,15,,32683,3,,,1,55,,32623,3,,,1,15,,32643,3,,,1,15,,32663,3,,,1,15,,32684,3,,,1,55,,32624,3,,,1,15,,32644,3,,,1,15,,32664,3,,,1,15,,32685,3,,,1,55,,32625,3,,,1,15,,32645,3,,,1,15,,32665,3,,,1,15,,32686,3,,,1,55,,32626,3,,,1,15,,32646,3,,,1,15,,32666,3,,,1,15,,32687,3,,,1,55,,32627,3,,,1
0,'20260919',612,,32688,3,,,1,15,,32708,3,,,1,15,,32727,3,,,1,15,,32746,3,,,1,55,,32689,3,,,1,15,,32709,3,,,1,15,,32728,3,,,1,15,,32747,3,,,1,55,,32690,3,,,1,15,,32710,3,,,1,15,,32729,3,,,1,15,,32748,3,,,1,55,,32691,3,,,1,15,,32711,3,,,1,15,,32730,3,,,1,15,,32749,3,,,1,55,,32692,3,,,1,15,,32712,3,,,1,15,,32731,3,,,1,15,,32750,3,,,1,55,,32693,3,,,1,15,,32713,3,,,1,15,,32732,3,,,1,15,,32751,3,,,1,55,,32694,3,,,1,15,,32714,3,,,1,15,,32733,3,,,1,15,,32752,3,,,1,55,,32695,3,,,1,15,,32715,3,,,1,15,,32734,3,,,1,15,,32753,3,,,1,55,,32696,3,,,1,15,,32716,3,,,1,15,,32735,3,,,1,15,,32754,3,,,1,55,,32697,3,,,1,15,,32717,3,,,1,15,,32736,3,,,1,15,,32755,3,,,1,55,,32698,3,,,1,15,,32718,3,,,1,15,,32737,3,,,1,15,,32756,3,,,1,55,,32699,3,,,1,15,,32719,3,,,1,15,,32738,3,,,1,15,,32757,3,,,1,55,,32700,3,,,1,15,,32720,3,,,1,15,,32739,3,,,1,15,,32758,3,,,1,55,,32701,3,,,1,15,,32721,3,,,1,15,,32740,3,,,1,15,,32759,3,,,1,55,,32702,3,,,1,15,,32722,3,,,1,15,,32741,3,,,1,15,,32760,3,,,1,55,,32703,3,,,1,15,,32723,3,,,1,15,,32742,3,,,1,15,,32761,3,,,1,55,,32704,3,,,1,15,,32724,3,,,1,15,,32743,3,,,1,15,,32762,3,,,1,55,,32705,3,,,1,15,,32725,3,,,1,15,,32744,3,,,1,15,,32763,3,,,1,55,,32706,3,,,1,15,,32726,3,,,1,15,,32745,3,,,1,15,,32764,3,,,1,55,,32707,3,,,1
0,'20260920',612,,32765,3,,,1,15,,32785,3,,,1,15,,32804,3,,,1,15,,32823,3,,,1,55,,32766,3,,,1,15,,32786,3,,,1,15,,32805,3,,,1,15,,32824,3,,,1,55,,32767,3,,,1,15,,32787,3,,,1,15,,32806,3,,,1,15,,32825,3,,,1,55,,32768,3,,,1,15,,32788,3,,,1,15,,32807,3,,,1,15,,32826,3,,,1,55,,32769,3,,,1,15,,32789,3,,,1,15,,32808,3,,,1,15,,32827,3,,,1,55,,32770,3,,,1,15,,32790,3,,,1,15,,32809,3,,,1,15,,32828,3,,,1,55,,32771,3,,,1,15,,32791,3,,,1,15,,32810,3,,,1,15,,32829,3,,,1,55,,32772,3,,,1,15,,32792,3,,,1,15,,32811,3,,,1,15,,32830,3,,,1,55,,32773,3,,,1,15,,32793,3,,,1,15,,32812,3,,,1,15,,32831,3,,,1,55,,32774,3,,,1,15,,32794,3,,,1,15,,32813,3,,,1,15,,32832,3,,,1,55,,32775,3,,,1,15,,32795,3,,,1,15,,32814,3,,,1,15,,32833,3,,,1,55,,32776,3,,,1,15,,32796,3,,,1,15,,32815,3,,,1,15,,32834,3,,,1,55,,32777,3,,,1,15,,32797,3,,,1,15,,32816,3,,,1,15,,32835,3,,,1,55,,32778,3,,,1,15,,32798,3,,,1,15,,32817,3,,,1,15,,32836,3,,,1,55,,32779,3,,,1,15,,32799,3,,,1,15,,32818,3,,,1,15,,32837,3,,,1,55,,32780,3,,,1,15,,32800,3,,,1,15,,32819,3,,,1,15,,32838,3,,,1,55,,32781,3,,,1,15,,32801,3,,,1,15,,32820,3,,,1,15,,32839,3,,,1,55,,32782,3,,,1,15,,32802,3,,,1,15,,32821,3,,,1,15,,32840,3,,,1,55,,32783,3,,,1,15,,32803,3,,,1,15,,32822,3,,,1,15,,32841,3,,,1,55,,32784,3,,,1
0,'20260921',612,,32842,3,,,1,15,,32862,3,,,1,15,,32881,3,,,1,15,,32900,3,,,1,55,,32843,3,,,1,15,,32863,3,,,1,15,,32882,3,,,1,15,,32901,3,,,1,55,,32844,3,,,1,15,,32864,3,,,1,15,,32883,3,,,1,15,,32902,3,,,1,55,,32845,3,,,1,15,,32865,3,,,1,15,,32884,3,,,1,15,,32903,3,,,1,55,,32846,3,,,1,15,,32866,3,,,1,15,,32885,3,,,1,15,,32904,3,,,1,55,,32847,3,,,1,15,,32867,3,,,1,15,,32886,3,,,1,15,,32905,3,,,1,55,,32848,3,,,1,15,,32868,3,,,1,15,,32887,3,,,1,15,,32906,3,,,1,55,,32849,3,,,1,15,,32869,3,,,1,15,,32888,3,,,1,15,,32907,3,,,1,55,,32850,3,,,1,15,,32870,3,,,1,15,,32889,3,,,1,15,,32908,3,,,1,55,,32851,3,,,1,15,,32871,3,,,1,15,,32890,3,,,1,15,,32909,3,,,1,55,,32852,3,,,1,15,,32872,3,,,1,15,,32891,3,,,1,15,,32910,3,,,1,55,,32853,3,,,1,15,,32873,3,,,1,15,,32892,3,,,1,15,,32911,3,,,1,55,,32854,3,,,1,15,,32874,3,,,1,15,,32893,3,,,1,15,,32912,3,,,1,55,,32855,3,,,1,15,,32875,3,,,1,15,,32894,3,,,1,15,,32913,3,,,1,55,,32856,3,,,1,15,,32876,3,,,1,15,,32895,3,,,1,15,,32914,3,,,1,55,,32857,3,,,1,15,,32877,3,,,1,15,,32896,3,,,1,15,,32915,3,,,1,55,,32858,3,,,1,15,,32878,3,,,1,15,,32897,3,,,1,15,,32916,3,,,1,55,,32859,3,,,1,15,,32879,3,,,1,15,,32898,3,,,1,15,,32917,3,,,1,55,,32860,3,,,1,15,,32880,3,,,1,15,,32899,3,,,1,15,,32918,3,,,1,55,,32861,3,,,1
0,'20260922',507,,32979,3,,,1,15,,32919,3,,,1,20,,32959,3,,,1,15,,32980,3,,,1,55,,32920,3,,,1,15,,32940,3,,,1,15,,32960,3,,,1,15,,32981,3,,,1,55,,32921,3,,,1,15,,32941,3,,,1,15,,32961,3,,,1,15,,32982,3,,,1,55,,32922,3,,,1,15,,32942,3,,,1,15,,32962,3,,,1,15,,32983,3,,,1,55,,32923,3,,,1,15,,32943,3,,,1,15,,32963,3,,,1,15,,32984,3,,,1,55,,32924,3,,,1,15,,32944,3,,,1,15,,32964,3,,,1,15,,32985,3,,,1,55,,32925,3,,,1,15,,32945,3,,,1,15,,32965,3,,,1,15,,32986,3,,,1,55,,32926,3,,,1,15,,32946,3,,,1,15,,32966,3,,,1,15,,32987,3,,,1,55,,32927,3,,,1,15,,32947,3,,,1,15,,32967,3,,,1,15,,32988,3,,,1,55,,32928,3,,,1,15,,32948,3,,,1,15,,32968,3,,,1,15,,32989,3,,,1,55,,32929,3,,,1,15,,32949,3,,,1,15,,32969,3,,,1,15,,32990,3,,,1,55,,32930,3,,,1,15,,32950,3,,,1,15,,32970,3,,,1,15,,32991,3,,,1,55,,32931,3,,,1,15,,32951,3,,,1,15,,32971,3,,,1,15,,32992,3,,,1,55,,32932,3,,,1,15,,32952,3,,,1,15,,32972,3,,,1,15,,32993,3,,,1,55,,32933,3,,,1,15,,32953,3,,,1,15,,32973,3,,,1,15,,32994,3,,,1,55,,32934,3,,,1,15,,32954,3,,,1,15,,32974,3,,,1,15,,32995,3,,,1,55,,32935,3,,,1,15,,32955,3,,,1,15,,32975,3,,,1,15,,32996,3,,,1,55,,32936,3,,,1,15,,32956,3,,,1,15,,32976,3,,,1,15,,32997,3,,,1,55,,32937,3,,,1,15,,32957,3,,,1,15,,32977,3,,,1,15,,32998,3,,,1,55,,32938,3,,,1,15,,32958,3,,,1,15,,32978,3,,,1,15,,32999,3,,,1,55,,32939,3,,,1
0,'20260923',507,,33060,3,,,1,15,,33000,3,,,1,20,,33040,3,,,1,15,,33061,3,,,1,55,,33001,3,,,1,15,,33021,3,,,1,15,,33041,3,,,1,15,,33062,3,,,1,55,,33002,3,,,1,15,,33022,3,,,1,15,,33042,3,,,1,15,,33063,3,,,1,55,,33003,3,,,1,15,,33023,3,,,1,15,,33043,3,,,1,15,,33064,3,,,1,55,,33004,3,,,1,15,,33024,3,,,1,15,,33044,3,,,1,15,,33065,3,,,1,55,,33005,3,,,1,15,,33025,3,,,1,15,,33045,3,,,1,15,,33066,3,,,1,55,,33006,3,,,1,15,,33026,3,,,1,15,,33046,3,,,1,15,,33067,3,,,1,55,,33007,3,,,1,15,,33027,3,,,1,15,,33047,3,,,1,15,,33068,3,,,1,55,,33008,3,,,1,15,,33028,3,,,1,15,,33048,3,,,1,15,,33069,3,,,1,55,,33009,3,,,1,15,,33029,3,,,1,15,,33049,3,,,1,15,,33070,3,,,1,55,,33010,3,,,1,15,,33030,3,,,1,15,,33050,3,,,1,15,,33071,3,,,1,55,,33011,3,,,1,15,,33031,3,,,1,15,,33051,3,,,1,15,,33072,3,,,1,55,,33012,3,,,1,15,,33032,3,,,1,15,,33052,3,,,1,15,,33073,3,,,1,55,,33013,3,,,1,15,,33033,3,,,1,15,,33053,3,,,1,15,,33074,3,,,1,55,,33014,3,,,1,15,,33034,3,,,1,15,,33054,3,,,1,15,,33075,3,,,1,55,,33015,3,,,1,15,,33035,3,,,1,15,,33055,3,,,1,15,,33076,3,,,1,55,,33016,3,,,1,15,,33036,3,,,1,15,,33056,3,,,1,15,,33077,3,,,1,55,,33017,3,,,1,15,,33037,3,,,1,15,,33057,3,,,1,15,,33078,3,,,1,55,,33018,3,,,1,15,,33038,3,,,1,15,,33058,3,,,1,15,,33079,3,,,1,55,,33019,3,,,1,15,,33039,3,,,1,15,,33059,3,,,1,15,,33080,3,,,1,55,,33020,3,,,1
0,'20260924',507,,33141,3,,,1,15,,33081,3,,,1,20,,33121,3,,,1,15,,33142,3,,,1,55,,33082,3,,,1,15,,33102,3,,,1,15,,33122,3,,,1,15,,33143,3,,,1,55,,33083,3,,,1,15,,33103,3,,,1,15,,33123,3,,,1,15,,33144,3,,,1,55,,33084,3,,,1,15,,33104,3,,,1,15,,33124,3,,,1,15,,33145,3,,,1,55,,33085,3,,,1,15,,33105,3,,,1,15,,33125,3,,,1,15,,33146,3,,,1,55,,33086,3,,,1,15,,33106,3,,,1,15,,33126,3,,,1,15,,33147,3,,,1,55,,33087,3,,,1,15,,33107,3,,,1,15,,33127,3,,,1,15,,33148,3,,,1,55,,33088,3,,,1,15,,33108,3,,,1,15,,33128,3,,,1,15,,33149,3,,,1,55,,33089,3,,,1,15,,33109,3,,,1,15,,33129,3,,,1,15,,33150,3,,,1,55,,33090,3,,,1,15,,33110,3,,,1,15,,33130,3,,,1,15,,33151,3,,,1,55,,33091,3,,,1,15,,33111,3,,,1,15,,33131,3,,,1,15,,33152,3,,,1,55,,33092,3,,,1,15,,33112,3,,,1,15,,33132,3,,,1,15,,33153,3,,,1,55,,33093,3,,,1,15,,33113,3,,,1,15,,33133,3,,,1,15,,33154,3,,,1,55,,33094,3,,,1,15,,33114,3,,,1,15,,33134,3,,,1,15,,33155,3,,,1,55,,33095,3,,,1,15,,33115,3,,,1,15,,33135,3,,,1,15,,33156,3,,,1,55,,33096,3,,,1,15,,33116,3,,,1,15,,33136,3,,,1,15,,33157,3,,,1,55,,33097,3,,,1,15,,33117,3,,,1,15,,33137,3,,,1,15,,33158,3,,,1,55,,33098,3,,,1,15,,33118,3,,,1,15,,33138,3,,,1,15,,33159,3,,,1,55,,33099,3,,,1,15,,33119,3,,,1,15,,33139,3,,,1,15,,33160,3,,,1,55,,33100,3,,,1,15,,33120,3,,,1,15,,33140,3,,,1,15,,33161,3,,,1,55,,33101,3,,,1
0,'20260925',507,,33222,3,,,1,15,,33162,3,,,1,20,,33202,3,,,1,15,,33223,3,,,1,55,,33163,3,,,1,15,,33183,3,,,1,15,,33203,3,,,1,15,,33224,3,,,1,55,,33164,3,,,1,15,,33184,3,,,1,15,,33204,3,,,1,15,,33225,3,,,1,55,,33165,3,,,1,15,,33185,3,,,1,15,,33205,3,,,1,15,,33226,3,,,1,55,,33166,3,,,1,15,,33186,3,,,1,15,,33206,3,,,1,15,,33227,3,,,1,55,,33167,3,,,1,15,,33187,3,,,1,15,,33207,3,,,1,15,,33228,3,,,1,55,,33168,3,,,1,15,,33188,3,,,1,15,,33208,3,,,1,15,,33229,3,,,1,55,,33169,3,,,1,15,,33189,3,,,1,15,,33209,3,,,1,15,,33230,3,,,1,55,,33170,3,,,1,15,,33190,3,,,1,15,,33210,3,,,1,15,,33231,3,,,1,55,,33171,3,,,1,15,,33191,3,,,1,15,,33211,3,,,1,15,,33232,3,,,1,55,,33172,3,,,1,15,,33192,3,,,1,15,,33212,3,,,1,15,,33233,3,,,1,55,,33173,3,,,1,15,,33193,3,,,1,15,,33213,3,,,1,15,,33234,3,,,1,55,,33174,3,,,1,15,,33194,3,,,1,15,,33214,3,,,1,15,,33235,3,,,1,55,,33175,3,,,1,15,,33195,3,,,1,15,,33215,3,,,1,15,,33236,3,,,1,55,,33176,3,,,1,15,,33196,3,,,1,15,,33216,3,,,1,15,,33237,3,,,1,55,,33177,3,,,1,15,,33197,3,,,1,15,,33217,3,,,1,15,,33238,3,,,1,55,,33178,3,,,1,15,,33198,3,,,1,15,,33218,3,,,1,15,,33239,3,,,1,55,,33179,3,,,1,15,,33199,3,,,1,15,,33219,3,,,1,15,,33240,3,,,1,55,,33180,3,,,1,15,,33200,3,,,1,15,,33220,3,,,1,15,,33241,3,,,1,55,,33181,3,,,1,15,,33201,3,,,1,15,,33221,3,,,1,15,,33242,3,,,1,55,,33182,3,,,1
0,'20260926',612,,33243,3,,,1,15,,33263,3,,,1,15,,33282,3,,,1,15,,33301,3,,,1,55,,33244,3,,,1,15,,33264,3,,,1,15,,33283,3,,,1,15,,33302,3,,,1,55,,33245,3,,,1,15,,33265,3,,,1,15,,33284,3,,,1,15,,33303,3,,,1,55,,33246,3,,,1,15,,33266,3,,,1,15,,33285,3,,,1,15,,33304,3,,,1,55,,33247,3,,,1,15,,33267,3,,,1,15,,33286,3,,,1,15,,33305,3,,,1,55,,33248,3,,,1,15,,33268,3,,,1,15,,33287,3,,,1,15,,33306,3,,,1,55,,33249,3,,,1,15,,33269,3,,,1,15,,33288,3,,,1,15,,33307,3,,,1,55,,33250,3,,,1,15,,33270,3,,,1,15,,33289,3,,,1,15,,33308,3,,,1,55,,33251,3,,,1,15,,33271,3,,,1,15,,33290,3,,,1,15,,33309,3,,,1,55,,33252,3,,,1,15,,33272,3,,,1,15,,33291,3,,,1,15,,33310,3,,,1,55,,33253,3,,,1,15,,33273,3,,,1,15,,33292,3,,,1,15,,33311,3,,,1,55,,33254,3,,,1,15,,33274,3,,,1,15,,33293,3,,,1,15,,33312,3,,,1,55,,33255,3,,,1,15,,33275,3,,,1,15,,33294,3,,,1,15,,33313,3,,,1,55,,33256,3,,,1,15,,33276,3,,,1,15,,33295,3,,,1,15,,33314,3,,,1,55,,33257,3,,,1,15,,33277,3,,,1,15,,33296,3,,,1,15,,33315,3,,,1,55,,33258,3,,,1,15,,33278,3,,,1,15,,33297,3,,,1,15,,33316,3,,,1,55,,33259,3,,,1,15,,33279,3,,,1,15,,33298,3,,,1,15,,33317,3,,,1,55,,33260,3,,,1,15,,33280,3,,,1,15,,33299,3,,,1,15,,33318,3,,,1,55,,33261,3,,,1,15,,33281,3,,,1,15,,33300,3,,,1,15,,33319,3,,,1,55,,33262,3,,,1
0,'20260927',612,,33320,3,,,1,15,,33340,3,,,1,15,,33359,3,,,1,15,,33378,3,,,1,55,,33321,3,,,1,15,,33341,3,,,1,15,,33360,3,,,1,15,,33379,3,,,1,55,,33322,3,,,1,15,,33342,3,,,1,15,,33361,3,,,1,15,,33380,3,,,1,55,,33323,3,,,1,15,,33343,3,,,1,15,,33362,3,,,1,15,,33381,3,,,1,55,,33324,3,,,1,15,,33344,3,,,1,15,,33363,3,,,1,15,,33382,3,,,1,55,,33325,3,,,1,15,,33345,3,,,1,15,,33364,3,,,1,15,,33383,3,,,1,55,,33326,3,,,1,15,,33346,3,,,1,15,,33365,3,,,1,15,,33384,3,,,1,55,,33327,3,,,1,15,,33347,3,,,1,15,,33366,3,,,1,15,,33385,3,,,1,55,,33328,3,,,1,15,,33348,3,,,1,15,,33367,3,,,1,15,,33386,3,,,1,55,,33329,3,,,1,15,,33349,3,,,1,15,,33368,3,,,1,15,,33387,3,,,1,55,,33330,3,,,1,15,,33350,3,,,1,15,,33369,3,,,1,15,,33388,3,,,1,55,,33331,3,,,1,15,,33351,3,,,1,15,,33370,3,,,1,15,,33389,3,,,1,55,,33332,3,,,1,15,,33352,3,,,1,15,,33371,3,,,1,15,,33390,3,,,1,55,,33333,3,,,1,15,,33353,3,,,1,15,,33372,3,,,1,15,,33391,3,,,1,55,,33334,3,,,1,15,,33354,3,,,1,15,,33373,3,,,1,15,,33392,3,,,1,55,,33335,3,,,1,15,,33355,3,,,1,15,,33374,3,,,1,15,,33393,3,,,1,55,,33336,3,,,1,15,,33356,3,,,1,15,,33375,3,,,1,15,,33394,3,,,1,55,,33337,3,,,1,15,,33357,3,,,1,15,,33376,3,,,1,15,,33395,3,,,1,55,,33338,3,,,1,15,,33358,3,,,1,15,,33377,3,,,1,15,,33396,3,,,1,55,,33339,3,,,1
0,'20260928',612,,33397,3,,,1,15,,33417,3,,,1,15,,33436,3,,,1,15,,33455,3,,,1,55,,33398,3,,,1,15,,33418,3,,,1,15,,33437,3,,,1,15,,33456,3,,,1,55,,33399,3,,,1,15,,33419,3,,,1,15,,33438,3,,,1,15,,33457,3,,,1,55,,33400,3,,,1,15,,33420,3,,,1,15,,33439,3,,,1,15,,33458,3,,,1,55,,33401,3,,,1,15,,33421,3,,,1,15,,33440,3,,,1,15,,33459,3,,,1,55,,33402,3,,,1,15,,33422,3,,,1,15,,33441,3,,,1,15,,33460,3,,,1,55,,33403,3,,,1,15,,33423,3,,,1,15,,33442,3,,,1,15,,33461,3,,,1,55,,33404,3,,,1,15,,33424,3,,,1,15,,33443,3,,,1,15,,33462,3,,,1,55,,33405,3,,,1,15,,33425,3,,,1,15,,33444,3,,,1,15,,33463,3,,,1,55,,33406,3,,,1,15,,33426,3,,,1,15,,33445,3,,,1,15,,33464,3,,,1,55,,33407,3,,,1,15,,33427,3,,,1,15,,33446,3,,,1,15,,33465,3,,,1,55,,33408,3,,,1,15,,33428,3,,,1,15,,33447,3,,,1,15,,33466,3,,,1,55,,33409,3,,,1,15,,33429,3,,,1,15,,33448,3,,,1,15,,33467,3,,,1,55,,33410,3,,,1,15,,33430,3,,,1,15,,33449,3,,,1,15,,33468,3,,,1,55,,33411,3,,,1,15,,33431,3,,,1,15,,33450,3,,,1,15,,33469,3,,,1,55,,33412,3,,,1,15,,33432,3,,,1,15,,33451,3,,,1,15,,33470,3,,,1,55,,33413,3,,,1,15,,33433,3,,,1,15,,33452,3,,,1,15,,33471,3,,,1,55,,33414,3,,,1,15,,33434,3,,,1,15,,33453,3,,,1,15,,33472,3,,,1,55,,33415,3,,,1,15,,33435,3,,,1,15,,33454,3,,,1,15,,33473,3,,,1,55,,33416,3,,,1
0,'20260929',507,,33534,3,,,1,15,,33474,3,,,1,20,,33514,3,,,1,15,,33535,3,,,1,55,,33475,3,,,1,15,,33495,3,,,1,15,,33515,3,,,1,15,,33536,3,,,1,55,,33476,3,,,1,15,,33496,3,,,1,15,,33516,3,,,1,15,,33537,3,,,1,55,,33477,3,,,1,15,,33497,3,,,1,15,,33517,3,,,1,15,,33538,3,,,1,55,,33478,3,,,1,15,,33498,3,,,1,15,,33518,3,,,1,15,,33539,3,,,1,55,,33479,3,,,1,15,,33499,3,,,1,15,,33519,3,,,1,15,,33540,3,,,1,55,,33480,3,,,1,15,,33500,3,,,1,15,,33520,3,,,1,15,,33541,3,,,1,55,,33481,3,,,1,15,,33501,3,,,1,15,,33521,3,,,1,15,,33542,3,,,1,55,,33482,3,,,1,15,,33502,3,,,1,15,,33522,3,,,1,15,,33543,3,,,1,55,,33483,3,,,1,15,,33503,3,,,1,15,,33523,3,,,1,15,,33544,3,,,1,55,,33484,3,,,1,15,,33504,3,,,1,15,,33524,3,,,1,15,,33545,3,,,1,55,,33485,3,,,1,15,,33505,3,,,1,15,,33525,3,,,1,15,,33546,3,,,1,55,,33486,3,,,1,15,,33506,3,,,1,15,,33526,3,,,1,15,,33547,3,,,1,55,,33487,3,,,1,15,,33507,3,,,1,15,,33527,3,,,1,15,,33548,3,,,1,55,,33488,3,,,1,15,,33508,3,,,1,15,,33528,3,,,1,15,,33549,3,,,1,55,,33489,3,,,1,15,,33509,3,,,1,15,,33529,3,,,1,15,,33550,3,,,1,55,,33490,3,,,1,15,,33510,3,,,1,15,,33530,3,,,1,15,,33551,3,,,1,55,,33491,3,,,1,15,,33511,3,,,1,15,,33531,3,,,1,15,,33552,3,,,1,55,,33492,3,,,1,15,,33512,3,,,1,15,,33532,3,,,1,15,,33553,3,,,1,55,,33493,3,,,1,15,,33513,3,,,1,15,,33533,3,,,1,15,,33554,3,,,1,55,,33494,3,,,1
0,'20260930',507,,33615,3,,,1,15,,33555,3,,,1,20,,33595,3,,,1,15,,33616,3,,,1,55,,33556,3,,,1,15,,33576,3,,,1,15,,33596,3,,,1,15,,33617,3,,,1,55,,33557,3,,,1,15,,33577,3,,,1,15,,33597,3,,,1,15,,33618,3,,,1,55,,33558,3,,,1,15,,33578,3,,,1,15,,33598,3,,,1,15,,33619,3,,,1,55,,33559,3,,,1,15,,33579,3,,,1,15,,33599,3,,,1,15,,33620,3,,,1,55,,33560,3,,,1,15,,33580,3,,,1,15,,33600,3,,,1,15,,33621,3,,,1,55,,33561,3,,,1,15,,33581,3,,,1,15,,33601,3,,,1,15,,33622,3,,,1,55,,33562,3,,,1,15,,33582,3,,,1,15,,33602,3,,,1,15,,33623,3,,,1,55,,33563,3,,,1,15,,33583,3,,,1,15,,33603,3,,,1,15,,33624,3,,,1,55,,33564,3,,,1,15,,33584,3,,,1,15,,33604,3,,,1,15,,33625,3,,,1,55,,33565,3,,,1,15,,33585,3,,,1,15,,33605,3,,,1,15,,33626,3,,,1,55,,33566,3,,,1,15,,33586,3,,,1,15,,33606,3,,,1,15,,33627,3,,,1,55,,33567,3,,,1,15,,33587,3,,,1,15,,33607,3,,,1,15,,33628,3,,,1,55,,33568,3,,,1,15,,33588,3,,,1,15,,33608,3,,,1,15,,33629,3,,,1,55,,33569,3,,,1,15,,33589,3,,,1,15,,33609,3,,,1,15,,33630,3,,,1,55,,33570,3,,,1,15,,33590,3,,,1,15,,33610,3,,,1,15,,33631,3,,,1,55,,33571,3,,,1,15,,33591,3,,,1,15,,33611,3,,,1,15,,33632,3,,,1,55,,33572,3,,,1,15,,33592,3,,,1,15,,33612,3,,,1,15,,33633,3,,,1,55,,33573,3,,,1,15,,33593,3,,,1,15,,33613,3,,,1,15,,33634,3,,,1,55,,33574,3,,,1,15,,33594,3,,,1,15,,33614,3,,,1,15,,33635,3,,,1,55,,33575,3,,,1
0,'20261001',507,,33696,3,,,1,15,,33636,3,,,1,20,,33676,3,,,1,15,,33697,3,,,1,55,,33637,3,,,1,15,,33657,3,,,1,15,,33677,3,,,1,15,,33698,3,,,1,55,,33638,3,,,1,15,,33658,3,,,1,15,,33678,3,,,1,15,,33699,3,,,1,55,,33639,3,,,1,15,,33659,3,,,1,15,,33679,3,,,1,15,,33700,3,,,1,55,,33640,3,,,1,15,,33660,3,,,1,15,,33680,3,,,1,15,,33701,3,,,1,55,,33641,3,,,1,15,,33661,3,,,1,15,,33681,3,,,1,15,,33702,3,,,1,55,,33642,3,,,1,15,,33662,3,,,1,15,,33682,3,,,1,15,,33703,3,,,1,55,,33643,3,,,1,15,,33663,3,,,1,15,,33683,3,,,1,15,,33704,3,,,1,55,,33644,3,,,1,15,,33664,3,,,1,15,,33684,3,,,1,15,,33705,3,,,1,55,,33645,3,,,1,15,,33665,3,,,1,15,,33685,3,,,1,15,,33706,3,,,1,55,,33646,3,,,1,15,,33666,3,,,1,15,,33686,3,,,1,15,,33707,3,,,1,55,,33647,3,,,1,15,,33667,3,,,1,15,,33687,3,,,1,15,,33708,3,,,1,55,,33648,3,,,1,15,,33668,3,,,1,15,,33688,3,,,1,15,,33709,3,,,1,55,,33649,3,,,1,15,,33669,3,,,1,15,,33689,3,,,1,15,,33710,3,,,1,55,,33650,3,,,1,15,,33670,3,,,1,15,,33690,3,,,1,15,,33711,3,,,1,55,,33651,3,,,1,15,,33671,3,,,1,15,,33691,3,,,1,15,,33712,3,,,1,55,,33652,3,,,1,15,,33672,3,,,1,15,,33692,3,,,1,15,,33713,3,,,1,55,,33653,3,,,1,15,,33673,3,,,1,15,,33693,3,,,1,15,,33714,3,,,1,55,,33654,3,,,1,15,,33674,3,,,1,15,,33694,3,,,1,15,,33715,3,,,1,55,,33655,3,,,1,15,,33675,3,,,1,15,,33695,3,,,1,15,,33716,3,,,1,55,,33656,3,,,1
0,'20261002',507,,33777,3,,,1,15,,33717,3,,,1,20,,33757,3,,,1,15,,33778,3,,,1,55,,33718,3,,,1,15,,33738,3,,,1,15,,33758,3,,,1,15,,33779,3,,,1,55,,33719,3,,,1,15,,33739,3,,,1,15,,33759,3,,,1,15,,33780,3,,,1,55,,33720,3,,,1,15,,33740,3,,,1,15,,33760,3,,,1,15,,33781,3,,,1,55,,33721,3,,,1,15,,33741,3,,,1,15,,33761,3,,,1,15,,33782,3,,,1,55,,33722,3,,,1,15,,33742,3,,,1,15,,33762,3,,,1,15,,33783,3,,,1,55,,33723,3,,,1,15,,33743,3,,,1,15,,33763,3,,,1,15,,33784,3,,,1,55,,33724,3,,,1,15,,33744,3,,,1,15,,33764,3,,,1,15,,33785,3,,,1,55,,33725,3,,,1,15,,33745,3,,,1,15,,33765,3,,,1,15,,33786,3,,,1,55,,33726,3,,,1,15,,33746,3,,,1,15,,33766,3,,,1,15,,33787,3,,,1,55,,33727,3,,,1,15,,33747,3,,,1,15,,33767,3,,,1,15,,33788,3,,,1,55,,33728,3,,,1,15,,33748,3,,,1,15,,33768,3,,,1,15,,33789,3,,,1,55,,33729,3,,,1,15,,33749,3,,,1,15,,33769,3,,,1,15,,33790,3,,,1,55,,33730,3,,,1,15,,33750,3,,,1,15,,33770,3,,,1,15,,33791,3,,,1,55,,33731,3,,,1,15,,33751,3,,,1,15,,33771,3,,,1,15,,33792,3,,,1,55,,33732,3,,,1,15,,33752,3,,,1,15,,33772,3,,,1,15,,33793,3,,,1,55,,33733,3,,,1,15,,33753,3,,,1,15,,33773,3,,,1,15,,33794,3,,,1,55,,33734,3,,,1,15,,33754,3,,,1,15,,33774,3,,,1,15,,33795,3,,,1,55,,33735,3,,,1,15,,33755,3,,,1,15,,33775,3,,,1,15,,33796,3,,,1,55,,33736,3,,,1,15,,33756,3,,,1,15,,33776,3,,,1,15,,33797,3,,,1,55,,33737,3,,,1
0,'20261003',612,,33798,3,,,1,15,,33818,3,,,1,15,,33837,3,,,1,15,,33856,3,,,1,55,,33799,3,,,1,15,,33819,3,,,1,15,,33838,3,,,1,15,,33857,3,,,1,55,,33800,3,,,1,15,,33820,3,,,1,15,,33839,3,,,1,15,,33858,3,,,1,55,,33801,3,,,1,15,,33821,3,,,1,15,,33840,3,,,1,15,,33859,3,,,1,55,,33802,3,,,1,15,,33822,3,,,1,15,,33841,3,,,1,15,,33860,3,,,1,55,,33803,3,,,1,15,,33823,3,,,1,15,,33842,3,,,1,15,,33861,3,,,1,55,,33804,3,,,1,15,,33824,3,,,1,15,,33843,3,,,1,15,,33862,3,,,1,55,,33805,3,,,1,15,,33825,3,,,1,15,,33844,3,,,1,15,,33863,3,,,1,55,,33806,3,,,1,15,,33826,3,,,1,15,,33845,3,,,1,15,,33864,3,,,1,55,,33807,3,,,1,15,,33827,3,,,1,15,,33846,3,,,1,15,,33865,3,,,1,55,,33808,3,,,1,15,,33828,3,,,1,15,,33847,3,,,1,15,,33866,3,,,1,55,,33809,3,,,1,15,,33829,3,,,1,15,,33848,3,,,1,15,,33867,3,,,1,55,,33810,3,,,1,15,,33830,3,,,1,15,,33849,3,,,1,15,,33868,3,,,1,55,,33811,3,,,1,15,,33831,3,,,1,15,,33850,3,,,1,15,,33869,3,,,1,55,,33812,3,,,1,15,,33832,3,,,1,15,,33851,3,,,1,15,,33870,3,,,1,55,,33813,3,,,1,15,,33833,3,,,1,15,,33852,3,,,1,15,,33871,3,,,1,55,,33814,3,,,1,15,,33834,3,,,1,15,,33853,3,,,1,15,,33872,3,,,1,55,,33815,3,,,1,15,,33835,3,,,1,15,,33854,3,,,1,15,,33873,3,,,1,55,,33816,3,,,1,15,,33836,3,,,1,15,,33855,3,,,1,15,,33874,3,,,1,55,,33817,3,,,1
0,'20261004',612,,33875,3,,,1,15,,33895,3,,,1,15,,33914,3,,,1,15,,33933,3,,,1,55,,33876,3,,,1,15,,33896,3,,,1,15,,33915,3,,,1,15,,33934,3,,,1,55,,33877,3,,,1,15,,33897,3,,,1,15,,33916,3,,,1,15,,33935,3,,,1,55,,33878,3,,,1,15,,33898,3,,,1,15,,33917,3,,,1,15,,33936,3,,,1,55,,33879,3,,,1,15,,33899,3,,,1,15,,33918,3,,,1,15,,33937,3,,,1,55,,33880,3,,,1,15,,33900,3,,,1,15,,33919,3,,,1,15,,33938,3,,,1,55,,33881,3,,,1,15,,33901,3,,,1,15,,33920,3,,,1,15,,33939,3,,,1,55,,33882,3,,,1,15,,33902,3,,,1,15,,33921,3,,,1,15,,33940,3,,,1,55,,33883,3,,,1,15,,33903,3,,,1,15,,33922,3,,,1,15,,33941,3,,,1,55,,33884,3,,,1,15,,33904,3,,,1,15,,33923,3,,,1,15,,33942,3,,,1,55,,33885,3,,,1,15,,33905,3,,,1,15,,33924,3,,,1,15,,33943,3,,,1,55,,33886,3,,,1,15,,33906,3,,,1,15,,33925,3,,,1,15,,33944,3,,,1,55,,33887,3,,,1,15,,33907,3,,,1,15,,33926,3,,,1,15,,33945,3,,,1,55,,33888,3,,,1,15,,33908,3,,,1,15,,33927,3,,,1,15,,33946,3,,,1,55,,33889,3,,,1,15,,33909,3,,,1,15,,33928,3,,,1,15,,33947,3,,,1,55,,33890,3,,,1,15,,33910,3,,,1,15,,33929,3,,,1,15,,33948,3,,,1,55,,33891,3,,,1,15,,33911,3,,,1,15,,33930,3,,,1,15,,33949,3,,,1,55,,33892,3,,,1,15,,33912,3,,,1,15,,33931,3,,,1,15,,33950,3,,,1,55,,33893,3,,,1,15,,33913,3,,,1,15,,33932,3,,,1,15,,33951,3,,,1,55,,33894,3,,,1
0,'20261005',612,,33952,3,,,1,15,,33972,3,,,1,15,,33991,3,,,1,15,,34010,3,,,1,55,,33953,3,,,1,15,,33973,3,,,1,15,,33992,3,,,1,15,,34011,3,,,1,55,,33954,3,,,1,15,,33974,3,,,1,15,,33993,3,,,1,15,,34012,3,,,1,55,,33955,3,,,1,15,,33975,3,,,1,15,,33994,3,,,1,15,,34013,3,,,1,55,,33956,3,,,1,15,,33976,3,,,1,15,,33995,3,,,1,15,,34014,3,,,1,55,,33957,3,,,1,15,,33977,3,,,1,15,,33996,3,,,1,15,,34015,3,,,1,55,,33958,3,,,1,15,,33978,3,,,1,15,,33997,3,,,1,15,,34016,3,,,1,55,,33959,3,,,1,15,,33979,3,,,1,15,,33998,3,,,1,15,,34017,3,,,1,55,,33960,3,,,1,15,,33980,3,,,1,15,,33999,3,,,1,15,,34018,3,,,1,55,,33961,3,,,1,15,,33981,3,,,1,15,,34000,3,,,1,15,,34019,3,,,1,55,,33962,3,,,1,15,,33982,3,,,1,15,,34001,3,,,1,15,,34020,3,,,1,55,,33963,3,,,1,15,,33983,3,,,1,15,,34002,3,,,1,15,,34021,3,,,1,55,,33964,3,,,1,15,,33984,3,,,1,15,,34003,3,,,1,15,,34022,3,,,1,55,,33965,3,,,1,15,,33985,3,,,1,15,,34004,3,,,1,15,,34023,3,,,1,55,,33966,3,,,1,15,,33986,3,,,1,15,,34005,3,,,1,15,,34024,3,,,1,55,,33967,3,,,1,15,,33987,3,,,1,15,,34006,3,,,1,15,,34025,3,,,1,55,,33968,3,,,1,15,,33988,3,,,1,15,,34007,3,,,1,15,,34026,3,,,1,55,,33969,3,,,1,15,,33989,3,,,1,15,,34008,3,,,1,15,,34027,3,,,1,55,,33970,3,,,1,15,,33990,3,,,1,15,,34009,3,,,1,15,,34028,3,,,1,55,,33971,3,,,1
0,'20261006',507,,34089,3,,,1,15,,34029,3,,,1,20,,34069,3,,,1,15,,34090,3,,,1,55,,34030,3,,,1,15,,34050,3,,,1,15,,34070,3,,,1,15,,34091,3,,,1,55,,34031,3,,,1,15,,34051,3,,,1,15,,34071,3,,,1,15,,34092,3,,,1,55,,34032,3,,,1,15,,34052,3,,,1,15,,34072,3,,,1,15,,34093,3,,,1,55,,34033,3,,,1,15,,34053,3,,,1,15,,34073,3,,,1,15,,34094,3,,,1,55,,34034,3,,,1,15,,34054,3,,,1,15,,34074,3,,,1,15,,34095,3,,,1,55,,34035,3,,,1,15,,34055,3,,,1,15,,34075,3,,,1,15,,34096,3,,,1,55,,34036,3,,,1,15,,34056,3,,,1,15,,34076,3,,,1,15,,34097,3,,,1,55,,34037,3,,,1,15,,34057,3,,,1,15,,34077,3,,,1,15,,34098,3,,,1,55,,34038,3,,,1,15,,34058,3,,,1,15,,34078,3,,,1,15,,34099,3,,,1,55,,34039,3,,,1,15,,34059,3,,,1,15,,34079,3,,,1,15,,34100,3,,,1,55,,34040,3,,,1,15,,34060,3,,,1,15,,34080,3,,,1,15,,34101,3,,,1,55,,34041,3,,,1,15,,34061,3,,,1,15,,34081,3,,,1,15,,34102,3,,,1,55,,34042,3,,,1,15,,34062,3,,,1,15,,34082,3,,,1,15,,34103,3,,,1,55,,34043,3,,,1,15,,34063,3,,,1,15,,34083,3,,,1,15,,34104,3,,,1,55,,34044,3,,,1,15,,34064,3,,,1,15,,34084,3,,,1,15,,34105,3,,,1,55,,34045,3,,,1,15,,34065,3,,,1,15,,34085,3,,,1,15,,34106,3,,,1,55,,34046,3,,,1,15,,34066,3,,,1,15,,34086,3,,,1,15,,34107,3,,,1,55,,34047,3,,,1,15,,34067,3,,,1,15,,34087,3,,,1,15,,34108,3,,,1,55,,34048,3,,,1,15,,34068,3,,,1,15,,34088,3,,,1,15,,34109,3,,,1,55,,34049,3,,,1
0,'20261007',507,,34170,3,,,1,15,,34110,3,,,1,20,,34150,3,,,1,15,,34171,3,,,1,55,,34111,3,,,1,15,,34131,3,,,1,15,,34151,3,,,1,15,,34172,3,,,1,55,,34112,3,,,1,15,,34132,3,,,1,15,,34152,3,,,1,15,,34173,3,,,1,55,,34113,3,,,1,15,,34133,3,,,1,15,,34153,3,,,1,15,,34174,3,,,1,55,,34114,3,,,1,15,,34134,3,,,1,15,,34154,3,,,1,15,,34175,3,,,1,55,,34115,3,,,1,15,,34135,3,,,1,15,,34155,3,,,1,15,,34176,3,,,1,55,,34116,3,,,1,15,,34136,3,,,1,15,,34156,3,,,1,15,,34177,3,,,1,55,,34117,3,,,1,15,,34137,3,,,1,15,,34157,3,,,1,15,,34178,3,,,1,55,,34118,3,,,1,15,,34138,3,,,1,15,,34158,3,,,1,15,,34179,3,,,1,55,,34119,3,,,1,15,,34139,3,,,1,15,,34159,3,,,1,15,,34180,3,,,1,55,,34120,3,,,1,15,,34140,3,,,1,15,,34160,3,,,1,15,,34181,3,,,1,55,,34121,3,,,1,15,,34141,3,,,1,15,,34161,3,,,1,15,,34182,3,,,1,55,,34122,3,,,1,15,,34142,3,,,1,15,,34162,3,,,1,15,,34183,3,,,1,55,,34123,3,,,1,15,,34143,3,,,1,15,,34163,3,,,1,15,,34184,3,,,1,55,,34124,3,,,1,15,,34144,3,,,1,15,,34164,3,,,1,15,,34185,3,,,1,55,,34125,3,,,1,15,,34145,3,,,1,15,,34165,3,,,1,15,,34186,3,,,1,55,,34126,3,,,1,15,,34146,3,,,1,15,,34166,3,,,1,15,,34187,3,,,1,55,,34127,3,,,1,15,,34147,3,,,1,15,,34167,3,,,1,15,,34188,3,,,1,55,,34128,3,,,1,15,,34148,3,,,1,15,,34168,3,,,1,15,,34189,3,,,1,55,,34129,3,,,1,15,,34149,3,,,1,15,,34169,3,,,1,15,,34190,3,,,1,55,,34130,3,,,1
0,'20261008',507,,34251,3,,,1,15,,34191,3,,,1,20,,34231,3,,,1,15,,34252,3,,,1,55,,34192,3,,,1,15,,34212,3,,,1,15,,34232,3,,,1,15,,34253,3,,,1,55,,34193,3,,,1,15,,34213,3,,,1,15,,34233,3,,,1,15,,34254,3,,,1,55,,34194,3,,,1,15,,34214,3,,,1,15,,34234,3,,,1,15,,34255,3,,,1,55,,34195,3,,,1,15,,34215,3,,,1,15,,34235,3,,,1,15,,34256,3,,,1,55,,34196,3,,,1,15,,34216,3,,,1,15,,34236,3,,,1,15,,34257,3,,,1,55,,34197,3,,,1,15,,34217,3,,,1,15,,34237,3,,,1,15,,34258,3,,,1,55,,34198,3,,,1,15,,34218,3,,,1,15,,34238,3,,,1,15,,34259,3,,,1,55,,34199,3,,,1,15,,34219,3,,,1,15,,34239,3,,,1,15,,34260,3,,,1,55,,34200,3,,,1,15,,34220,3,,,1,15,,34240,3,,,1,15,,34261,3,,,1,55,,34201,3,,,1,15,,34221,3,,,1,15,,34241,3,,,1,15,,34262,3,,,1,55,,34202,3,,,1,15,,34222,3,,,1,15,,34242,3,,,1,15,,34263,3,,,1,55,,34203,3,,,1,15,,34223,3,,,1,15,,34243,3,,,1,15,,34264,3,,,1,55,,34204,3,,,1,15,,34224,3,,,1,15,,34244,3,,,1,15,,34265,3,,,1,55,,34205,3,,,1,15,,34225,3,,,1,15,,34245,3,,,1,15,,34266,3,,,1,55,,34206,3,,,1,15,,34226,3,,,1,15,,34246,3,,,1,15,,34267,3,,,1,55,,34207,3,,,1,15,,34227,3,,,1,15,,34247,3,,,1,15,,34268,3,,,1,55,,34208,3,,,1,15,,34228,3,,,1,15,,34248,3,,,1,15,,34269,3,,,1,55,,34209,3,,,1,15,,34229,3,,,1,15,,34249,3,,,1,15,,34270,3,,,1,55,,34210,3,,,1,15,,34230,3,,,1,15,,34250,3,,,1,15,,34271,3,,,1,55,,34211,3,,,1
0,'20261009',507,,34332,3,,,1,15,,34272,3,,,1,20,,34312,3,,,1,15,,34333,3,,,1,55,,34273,3,,,1,15,,34293,3,,,1,15,,34313,3,,,1,15,,34334,3,,,1,55,,34274,3,,,1,15,,34294,3,,,1,15,,34314,3,,,1,15,,34335,3,,,1,55,,34275,3,,,1,15,,34295,3,,,1,15,,34315,3,,,1,15,,34336,3,,,1,55,,34276,3,,,1,15,,34296,3,,,1,15,,34316,3,,,1,15,,34337,3,,,1,55,,34277,3,,,1,15,,34297,3,,,1,15,,34317,3,,,1,15,,34338,3,,,1,55,,34278,3,,,1,15,,34298,3,,,1,15,,34318,3,,,1,15,,34339,3,,,1,55,,34279,3,,,1,15,,34299,3,,,1,15,,34319,3,,,1,15,,34340,3,,,1,55,,34280,3,,,1,15,,34300,3,,,1,15,,34320,3,,,1,15,,34341,3,,,1,55,,34281,3,,,1,15,,34301,3,,,1,15,,34321,3,,,1,15,,34342,3,,,1,55,,34282,3,,,1,15,,34302,3,,,1,15,,34322,3,,,1,15,,34343,3,,,1,55,,34283,3,,,1,15,,34303,3,,,1,15,,34323,3,,,1,15,,34344,3,,,1,55,,34284,3,,,1,15,,34304,3,,,1,15,,34324,3,,,1,15,,34345,3,,,1,55,,34285,3,,,1,15,,34305,3,,,1,15,,34325,3,,,1,15,,34346,3,,,1,55,,34286,3,,,1,15,,34306,3,,,1,15,,34326,3,,,1,15,,34347,3,,,1,55,,34287,3,,,1,15,,34307,3,,,1,15,,34327,3,,,1,15,,34348,3,,,1,55,,34288,3,,,1,15,,34308,3,,,1,15,,34328,3,,,1,15,,34349,3,,,1,55,,34289,3,,,1,15,,34309,3,,,1,15,,34329,3,,,1,15,,34350,3,,,1,55,,34290,3,,,1,15,,34310,3,,,1,15,,34330,3,,,1,15,,34351,3,,,1,55,,34291,3,,,1,15,,34311,3,,,1,15,,34331,3,,,1,15,,34352,3,,,1,55,,34292,3,,,1
0,'20261010',612,,34353,3,,,1,15,,34373,3,,,1,15,,34392,3,,,1,15,,34411,3,,,1,55,,34354,3,,,1,15,,34374,3,,,1,15,,34393,3,,,1,15,,34412,3,,,1,55,,34355,3,,,1,15,,34375,3,,,1,15,,34394,3,,,1,15,,34413,3,,,1,55,,34356,3,,,1,15,,34376,3,,,1,15,,34395,3,,,1,15,,34414,3,,,1,55,,34357,3,,,1,15,,34377,3,,,1,15,,34396,3,,,1,15,,34415,3,,,1,55,,34358,3,,,1,15,,34378,3,,,1,15,,34397,3,,,1,15,,34416,3,,,1,55,,34359,3,,,1,15,,34379,3,,,1,15,,34398,3,,,1,15,,34417,3,,,1,55,,34360,3,,,1,15,,34380,3,,,1,15,,34399,3,,,1,15,,34418,3,,,1,55,,34361,3,,,1,15,,34381,3,,,1,15,,34400,3,,,1,15,,34419,3,,,1,55,,34362,3,,,1,15,,34382,3,,,1,15,,34401,3,,,1,15,,34420,3,,,1,55,,34363,3,,,1,15,,34383,3,,,1,15,,34402,3,,,1,15,,34421,3,,,1,55,,34364,3,,,1,15,,34384,3,,,1,15,,34403,3,,,1,15,,34422,3,,,1,55,,34365,3,,,1,15,,34385,3,,,1,15,,34404,3,,,1,15,,34423,3,,,1,55,,34366,3,,,1,15,,34386,3,,,1,15,,34405,3,,,1,15,,34424,3,,,1,55,,34367,3,,,1,15,,34387,3,,,1,15,,34406,3,,,1,15,,34425,3,,,1,55,,34368,3,,,1,15,,34388,3,,,1,15,,34407,3,,,1,15,,34426,3,,,1,55,,34369,3,,,1,15,,34389,3,,,1,15,,34408,3,,,1,15,,34427,3,,,1,55,,34370,3,,,1,15,,34390,3,,,1,15,,34409,3,,,1,15,,34428,3,,,1,55,,34371,3,,,1,15,,34391,3,,,1,15,,34410,3,,,1,15,,34429,3,,,1,55,,34372,3,,,1
0,'20261011',612,,34430,3,,,1,15,,34450,3,,,1,15,,34469,3,,,1,15,,34488,3,,,1,55,,34431,3,,,1,15,,34451,3,,,1,15,,34470,3,,,1,15,,34489,3,,,1,55,,34432,3,,,1,15,,34452,3,,,1,15,,34471,3,,,1,15,,34490,3,,,1,55,,34433,3,,,1,15,,34453,3,,,1,15,,34472,3,,,1,15,,34491,3,,,1,55,,34434,3,,,1,15,,34454,3,,,1,15,,34473,3,,,1,15,,34492,3,,,1,55,,34435,3,,,1,15,,34455,3,,,1,15,,34474,3,,,1,15,,34493,3,,,1,55,,34436,3,,,1,15,,34456,3,,,1,15,,34475,3,,,1,15,,34494,3,,,1,55,,34437,3,,,1,15,,34457,3,,,1,15,,34476,3,,,1,15,,34495,3,,,1,55,,34438,3,,,1,15,,34458,3,,,1,15,,34477,3,,,1,15,,34496,3,,,1,55,,34439,3,,,1,15,,34459,3,,,1,15,,34478,3,,,1,15,,34497,3,,,1,55,,34440,3,,,1,15,,34460,3,,,1,15,,34479,3,,,1,15,,34498,3,,,1,55,,34441,3,,,1,15,,34461,3,,,1,15,,34480,3,,,1,15,,34499,3,,,1,55,,34442,3,,,1,15,,34462,3,,,1,15,,34481,3,,,1,15,,34500,3,,,1,55,,34443,3,,,1,15,,34463,3,,,1,15,,34482,3,,,1,15,,34501,3,,,1,55,,34444,3,,,1,15,,34464,3,,,1,15,,34483,3,,,1,15,,34502,3,,,1,55,,34445,3,,,1,15,,34465,3,,,1,15,,34484,3,,,1,15,,34503,3,,,1,55,,34446,3,,,1,15,,34466,3,,,1,15,,34485,3,,,1,15,,34504,3,,,1,55,,34447,3,,,1,15,,34467,3,,,1,15,,34486,3,,,1,15,,34505,3,,,1,55,,34448,3,,,1,15,,34468,3,,,1,15,,34487,3,,,1,15,,34506,3,,,1,55,,34449,3,,,1
0,'20261012',612,,34507,3,,,1,15,,34527,3,,,1,15,,34546,3,,,1,15,,34565,3,,,1,55,,34508,3,,,1,15,,34528,3,,,1,15,,34547,3,,,1,15,,34566,3,,,1,55,,34509,3,,,1,15,,34529,3,,,1,15,,34548,3,,,1,15,,34567,3,,,1,55,,34510,3,,,1,15,,34530,3,,,1,15,,34549,3,,,1,15,,34568,3,,,1,55,,34511,3,,,1,15,,34531,3,,,1,15,,34550,3,,,1,15,,34569,3,,,1,55,,34512,3,,,1,15,,34532,3,,,1,15,,34551,3,,,1,15,,34570,3,,,1,55,,34513,3,,,1,15,,34533,3,,,1,15,,34552,3,,,1,15,,34571,3,,,1,55,,34514,3,,,1,15,,34534,3,,,1,15,,34553,3,,,1,15,,34572,3,,,1,55,,34515,3,,,1,15,,34535,3,,,1,15,,34554,3,,,1,15,,34573,3,,,1,55,,34516,3,,,1,15,,34536,3,,,1,15,,34555,3,,,1,15,,34574,3,,,1,55,,34517,3,,,1,15,,34537,3,,,1,15,,34556,3,,,1,15,,34575,3,,,1,55,,34518,3,,,1,15,,34538,3,,,1,15,,34557,3,,,1,15,,34576,3,,,1,55,,34519,3,,,1,15,,34539,3,,,1,15,,34558,3,,,1,15,,34577,3,,,1,55,,34520,3,,,1,15,,34540,3,,,1,15,,34559,3,,,1,15,,34578,3,,,1,55,,34521,3,,,1,15,,34541,3,,,1,15,,34560,3,,,1,15,,34579,3,,,1,55,,34522,3,,,1,15,,34542,3,,,1,15,,34561,3,,,1,15,,34580,3,,,1,55,,34523,3,,,1,15,,34543,3,,,1,15,,34562,3,,,1,15,,34581,3,,,1,55,,34524,3,,,1,15,,34544,3,,,1,15,,34563,3,,,1,15,,34582,3,,,1,55,,34525,3,,,1,15,,34545,3,,,1,15,,34564,3,,,1,15,,34583,3,,,1,55,,34526,3,,,1
0,'20261013',507,,34644,3,,,1,15,,34584,3,,,1,20,,34624,3,,,1,15,,34645,3,,,1,55,,34585,3,,,1,15,,34605,3,,,1,15,,34625,3,,,1,15,,34646,3,,,1,55,,34586,3,,,1,15,,34606,3,,,1,15,,34626,3,,,1,15,,34647,3,,,1,55,,34587,3,,,1,15,,34607,3,,,1,15,,34627,3,,,1,15,,34648,3,,,1,55,,34588,3,,,1,15,,34608,3,,,1,15,,34628,3,,,1,15,,34649,3,,,1,55,,34589,3,,,1,15,,34609,3,,,1,15,,34629,3,,,1,15,,34650,3,,,1,55,,34590,3,,,1,15,,34610,3,,,1,15,,34630,3,,,1,15,,34651,3,,,1,55,,34591,3,,,1,15,,34611,3,,,1,15,,34631,3,,,1,15,,34652,3,,,1,55,,34592,3,,,1,15,,34612,3,,,1,15,,34632,3,,,1,15,,34653,3,,,1,55,,34593,3,,,1,15,,34613,3,,,1,15,,34633,3,,,1,15,,34654,3,,,1,55,,34594,3,,,1,15,,34614,3,,,1,15,,34634,3,,,1,15,,34655,3,,,1,55,,34595,3,,,1,15,,34615,3,,,1,15,,34635,3,,,1,15,,34656,3,,,1,55,,34596,3,,,1,15,,34616,3,,,1,15,,34636,3,,,1,15,,34657,3,,,1,55,,34597,3,,,1,15,,34617,3,,,1,15,,34637,3,,,1,15,,34658,3,,,1,55,,34598,3,,,1,15,,34618,3,,,1,15,,34638,3,,,1,15,,34659,3,,,1,55,,34599,3,,,1,15,,34619,3,,,1,15,,34639,3,,,1,15,,34660,3,,,1,55,,34600,3,,,1,15,,34620,3,,,1,15,,34640,3,,,1,15,,34661,3,,,1,55,,34601,3,,,1,15,,34621,3,,,1,15,,34641,3,,,1,15,,34662,3,,,1,55,,34602,3,,,1,15,,34622,3,,,1,15,,34642,3,,,1,15,,34663,3,,,1,55,,34603,3,,,1,15,,34623,3,,,1,15,,34643,3,,,1,15,,34664,3,,,1,55,,34604,3,,,1
0,'20261014',507,,34725,3,,,1,15,,34665,3,,,1,20,,34705,3,,,1,15,,34726,3,,,1,55,,34666,3,,,1,15,,34686,3,,,1,15,,34706,3,,,1,15,,34727,3,,,1,55,,34667,3,,,1,15,,34687,3,,,1,15,,34707,3,,,1,15,,34728,3,,,1,55,,34668,3,,,1,15,,34688,3,,,1,15,,34708,3,,,1,15,,34729,3,,,1,55,,34669,3,,,1,15,,34689,3,,,1,15,,34709,3,,,1,15,,34730,3,,,1,55,,34670,3,,,1,15,,34690,3,,,1,15,,34710,3,,,1,15,,34731,3,,,1,55,,34671,3,,,1,15,,34691,3,,,1,15,,34711,3,,,1,15,,34732,3,,,1,55,,34672,3,,,1,15,,34692,3,,,1,15,,34712,3,,,1,15,,34733,3,,,1,55,,34673,3,,,1,15,,34693,3,,,1,15,,34713,3,,,1,15,,34734,3,,,1,55,,34674,3,,,1,15,,34694,3,,,1,15,,34714,3,,,1,15,,34735,3,,,1,55,,34675,3,,,1,15,,34695,3,,,1,15,,34715,3,,,1,15,,34736,3,,,1,55,,34676,3,,,1,15,,34696,3,,,1,15,,34716,3,,,1,15,,34737,3,,,1,55,,34677,3,,,1,15,,34697,3,,,1,15,,34717,3,,,1,15,,34738,3,,,1,55,,34678,3,,,1,15,,34698,3,,,1,15,,34718,3,,,1,15,,34739,3,,,1,55,,34679,3,,,1,15,,34699,3,,,1,15,,34719,3,,,1,15,,34740,3,,,1,55,,34680,3,,,1,15,,34700,3,,,1,15,,34720,3,,,1,15,,34741,3,,,1,55,,34681,3,,,1,15,,34701,3,,,1,15,,34721,3,,,1,15,,34742,3,,,1,55,,34682,3,,,1,15,,34702,3,,,1,15,,34722,3,,,1,15,,34743,3,,,1,55,,34683,3,,,1,15,,34703,3,,,1,15,,34723,3,,,1,15,,34744,3,,,1,55,,34684,3,,,1,15,,34704,3,,,1,15,,34724,3,,,1,15,,34745,3,,,1,55,,34685,3,,,1
0,'20261015',507,,34806,3,,,1,15,,34746,3,,,1,20,,34786,3,,,1,15,,34807,3,,,1,55,,34747,3,,,1,15,,34767,3,,,1,15,,34787,3,,,1,15,,34808,3,,,1,55,,34748,3,,,1,15,,34768,3,,,1,15,,34788,3,,,1,15,,34809,3,,,1,55,,34749,3,,,1,15,,34769,3,,,1,15,,34789,3,,,1,15,,34810,3,,,1,55,,34750,3,,,1,15,,34770,3,,,1,15,,34790,3,,,1,15,,34811,3,,,1,55,,34751,3,,,1,15,,34771,3,,,1,15,,34791,3,,,1,15,,34812,3,,,1,55,,34752,3,,,1,15,,34772,3,,,1,15,,34792,3,,,1,15,,34813,3,,,1,55,,34753,3,,,1,15,,34773,3,,,1,15,,34793,3,,,1,15,,34814,3,,,1,55,,34754,3,,,1,15,,34774,3,,,1,15,,34794,3,,,1,15,,34815,3,,,1,55,,34755,3,,,1,15,,34775,3,,,1,15,,34795,3,,,1,15,,34816,3,,,1,55,,34756,3,,,1,15,,34776,3,,,1,15,,34796,3,,,1,15,,34817,3,,,1,55,,34757,3,,,1,15,,34777,3,,,1,15,,34797,3,,,1,15,,34818,3,,,1,55,,34758,3,,,1,15,,34778,3,,,1,15,,34798,3,,,1,15,,34819,3,,,1,55,,34759,3,,,1,15,,34779,3,,,1,15,,34799,3,,,1,15,,34820,3,,,1,55,,34760,3,,,1,15,,34780,3,,,1,15,,34800,3,,,1,15,,34821,3,,,1,55,,34761,3,,,1,15,,34781,3,,,1,15,,34801,3,,,1,15,,34822,3,,,1,55,,34762,3,,,1,15,,34782,3,,,1,15,,34802,3,,,1,15,,34823,3,,,1,55,,34763,3,,,1,15,,34783,3,,,1,15,,34803,3,,,1,15,,34824,3,,,1,55,,34764,3,,,1,15,,34784,3,,,1,15,,34804,3,,,1,15,,34825,3,,,1,55,,34765,3,,,1,15,,34785,3,,,1,15,,34805,3,,,1,15,,34826,3,,,1,55,,34766,3,,,1
0,'20261016',507,,34887,3,,,1,15,,34827,3,,,1,20,,34867,3,,,1,15,,34888,3,,,1,55,,34828,3,,,1,15,,34848,3,,,1,15,,34868,3,,,1,15,,34889,3,,,1,55,,34829,3,,,1,15,,34849,3,,,1,15,,34869,3,,,1,15,,34890,3,,,1,55,,34830,3,,,1,15,,34850,3,,,1,15,,34870,3,,,1,15,,34891,3,,,1,55,,34831,3,,,1,15,,34851,3,,,1,15,,34871,3,,,1,15,,34892,3,,,1,55,,34832,3,,,1,15,,34852,3,,,1,15,,34872,3,,,1,15,,34893,3,,,1,55,,34833,3,,,1,15,,34853,3,,,1,15,,34873,3,,,1,15,,34894,3,,,1,55,,34834,3,,,1,15,,34854,3,,,1,15,,34874,3,,,1,15,,34895,3,,,1,55,,34835,3,,,1,15,,34855,3,,,1,15,,34875,3,,,1,15,,34896,3,,,1,55,,34836,3,,,1,15,,34856,3,,,1,15,,34876,3,,,1,15,,34897,3,,,1,55,,34837,3,,,1,15,,34857,3,,,1,15,,34877,3,,,1,15,,34898,3,,,1,55,,34838,3,,,1,15,,34858,3,,,1,15,,34878,3,,,1,15,,34899,3,,,1,55,,34839,3,,,1,15,,34859,3,,,1,15,,34879,3,,,1,15,,34900,3,,,1,55,,34840,3,,,1,15,,34860,3,,,1,15,,34880,3,,,1,15,,34901,3,,,1,55,,34841,3,,,1,15,,34861,3,,,1,15,,34881,3,,,1,15,,34902,3,,,1,55,,34842,3,,,1,15,,34862,3,,,1,15,,34882,3,,,1,15,,34903,3,,,1,55,,34843,3,,,1,15,,34863,3,,,1,15,,34883,3,,,1,15,,34904,3,,,1,55,,34844,3,,,1,15,,34864,3,,,1,15,,34884,3,,,1,15,,34905,3,,,1,55,,34845,3,,,1,15,,34865,3,,,1,15,,34885,3,,,1,15,,34906,3,,,1,55,,34846,3,,,1,15,,34866,3,,,1,15,,34886,3,,,1,15,,34907,3,,,1,55,,34847,3,,,1
0,'20261017',612,,34908,3,,,1,15,,34928,3,,,1,15,,34947,3,,,1,15,,34966,3,,,1,55,,34909,3,,,1,15,,34929,3,,,1,15,,34948,3,,,1,15,,34967,3,,,1,55,,34910,3,,,1,15,,34930,3,,,1,15,,34949,3,,,1,15,,34968,3,,,1,55,,34911,3,,,1,15,,34931,3,,,1,15,,34950,3,,,1,15,,34969,3,,,1,55,,34912,3,,,1,15,,34932,3,,,1,15,,34951,3,,,1,15,,34970,3,,,1,55,,34913,3,,,1,15,,34933,3,,,1,15,,34952,3,,,1,15,,34971,3,,,1,55,,34914,3,,,1,15,,34934,3,,,1,15,,34953,3,,,1,15,,34972,3,,,1,55,,34915,3,,,1,15,,34935,3,,,1,15,,34954,3,,,1,15,,34973,3,,,1,55,,34916,3,,,1,15,,34936,3,,,1,15,,34955,3,,,1,15,,34974,3,,,1,55,,34917,3,,,1,15,,34937,3,,,1,15,,34956,3,,,1,15,,34975,3,,,1,55,,34918,3,,,1,15,,34938,3,,,1,15,,34957,3,,,1,15,,34976,3,,,1,55,,34919,3,,,1,15,,34939,3,,,1,15,,34958,3,,,1,15,,34977,3,,,1,55,,34920,3,,,1,15,,34940,3,,,1,15,,34959,3,,,1,15,,34978,3,,,1,55,,34921,3,,,1,15,,34941,3,,,1,15,,34960,3,,,1,15,,34979,3,,,1,55,,34922,3,,,1,15,,34942,3,,,1,15,,34961,3,,,1,15,,34980,3,,,1,55,,34923,3,,,1,15,,34943,3,,,1,15,,34962,3,,,1,15,,34981,3,,,1,55,,34924,3,,,1,15,,34944,3,,,1,15,,34963,3,,,1,15,,34982,3,,,1,55,,34925,3,,,1,15,,34945,3,,,1,15,,34964,3,,,1,15,,34983,3,,,1,55,,34926,3,,,1,15,,34946,3,,,1,15,,34965,3,,,1,15,,34984,3,,,1,55,,34927,3,,,1
0,'20261018',612,,34985,3,,,1,15,,35005,3,,,1,15,,35024,3,,,1,15,,35043,3,,,1,55,,34986,3,,,1,15,,35006,3,,,1,15,,35025,3,,,1,15,,35044,3,,,1,55,,34987,3,,,1,15,,35007,3,,,1,15,,35026,3,,,1,15,,35045,3,,,1,55,,34988,3,,,1,15,,35008,3,,,1,15,,35027,3,,,1,15,,35046,3,,,1,55,,34989,3,,,1,15,,35009,3,,,1,15,,35028,3,,,1,15,,35047,3,,,1,55,,34990,3,,,1,15,,35010,3,,,1,15,,35029,3,,,1,15,,35048,3,,,1,55,,34991,3,,,1,15,,35011,3,,,1,15,,35030,3,,,1,15,,35049,3,,,1,55,,34992,3,,,1,15,,35012,3,,,1,15,,35031,3,,,1,15,,35050,3,,,1,55,,34993,3,,,1,15,,35013,3,,,1,15,,35032,3,,,1,15,,35051,3,,,1,55,,34994,3,,,1,15,,35014,3,,,1,15,,35033,3,,,1,15,,35052,3,,,1,55,,34995,3,,,1,15,,35015,3,,,1,15,,35034,3,,,1,15,,35053,3,,,1,55,,34996,3,,,1,15,,35016,3,,,1,15,,35035,3,,,1,15,,35054,3,,,1,55,,34997,3,,,1,15,,35017,3,,,1,15,,35036,3,,,1,15,,35055,3,,,1,55,,34998,3,,,1,15,,35018,3,,,1,15,,35037,3,,,1,15,,35056,3,,,1,55,,34999,3,,,1,15,,35019,3,,,1,15,,35038,3,,,1,15,,35057,3,,,1,55,,35000,3,,,1,15,,35020,3,,,1,15,,35039,3,,,1,15,,35058,3,,,1,55,,35001,3,,,1,15,,35021,3,,,1,15,,35040,3,,,1,15,,35059,3,,,1,55,,35002,3,,,1,15,,35022,3,,,1,15,,35041,3,,,1,15,,35060,3,,,1,55,,35003,3,,,1,15,,35023,3,,,1,15,,35042,3,,,1,15,,35061,3,,,1,55,,35004,3,,,1
0,'20261019',612,,35062,3,,,1,15,,35082,3,,,1,15,,35101,3,,,1,15,,35120,3,,,1,55,,35063,3,,,1,15,,35083,3,,,1,15,,35102,3,,,1,15,,35121,3,,,1,55,,35064,3,,,1,15,,35084,3,,,1,15,,35103,3,,,1,15,,35122,3,,,1,55,,35065,3,,,1,15,,35085,3,,,1,15,,35104,3,,,1,15,,35123,3,,,1,55,,35066,3,,,1,15,,35086,3,,,1,15,,35105,3,,,1,15,,35124,3,,,1,55,,35067,3,,,1,15,,35087,3,,,1,15,,35106,3,,,1,15,,35125,3,,,1,55,,35068,3,,,1,15,,35088,3,,,1,15,,35107,3,,,1,15,,35126,3,,,1,55,,35069,3,,,1,15,,35089,3,,,1,15,,35108,3,,,1,15,,35127,3,,,1,55,,35070,3,,,1,15,,35090,3,,,1,15,,35109,3,,,1,15,,35128,3,,,1,55,,35071,3,,,1,15,,35091,3,,,1,15,,35110,3,,,1,15,,35129,3,,,1,55,,35072,3,,,1,15,,35092,3,,,1,15,,35111,3,,,1,15,,35130,3,,,1,55,,35073,3,,,1,15,,35093,3,,,1,15,,35112,3,,,1,15,,35131,3,,,1,55,,35074,3,,,1,15,,35094,3,,,1,15,,35113,3,,,1,15,,35132,3,,,1,55,,35075,3,,,1,15,,35095,3,,,1,15,,35114,3,,,1,15,,35133,3,,,1,55,,35076,3,,,1,15,,35096,3,,,1,15,,35115,3,,,1,15,,35134,3,,,1,55,,35077,3,,,1,15,,35097,3,,,1,15,,35116,3,,,1,15,,35135,3,,,1,55,,35078,3,,,1,15,,35098,3,,,1,15,,35117,3,,,1,15,,35136,3,,,1,55,,35079,3,,,1,15,,35099,3,,,1,15,,35118,3,,,1,15,,35137,3,,,1,55,,35080,3,,,1,15,,35100,3,,,1,15,,35119,3,,,1,15,,35138,3,,,1,55,,35081,3,,,1
0,'20261020',507,,35199,3,,,1,15,,35139,3,,,1,20,,35179,3,,,1,15,,35200,3,,,1,55,,35140,3,,,1,15,,35160,3,,,1,15,,35180,3,,,1,15,,35201,3,,,1,55,,35141,3,,,1,15,,35161,3,,,1,15,,35181,3,,,1,15,,35202,3,,,1,55,,35142,3,,,1,15,,35162,3,,,1,15,,35182,3,,,1,15,,35203,3,,,1,55,,35143,3,,,1,15,,35163,3,,,1,15,,35183,3,,,1,15,,35204,3,,,1,55,,35144,3,,,1,15,,35164,3,,,1,15,,35184,3,,,1,15,,35205,3,,,1,55,,35145,3,,,1,15,,35165,3,,,1,15,,35185,3,,,1,15,,35206,3,,,1,55,,35146,3,,,1,15,,35166,3,,,1,15,,35186,3,,,1,15,,35207,3,,,1,55,,35147,3,,,1,15,,35167,3,,,1,15,,35187,3,,,1,15,,35208,3,,,1,55,,35148,3,,,1,15,,35168,3,,,1,15,,35188,3,,,1,15,,35209,3,,,1,55,,35149,3,,,1,15,,35169,3,,,1,15,,35189,3,,,1,15,,35210,3,,,1,55,,35150,3,,,1,15,,35170,3,,,1,15,,35190,3,,,1,15,,35211,3,,,1,55,,35151,3,,,1,15,,35171,3,,,1,15,,35191,3,,,1,15,,35212,3,,,1,55,,35152,3,,,1,15,,35172,3,,,1,15,,35192,3,,,1,15,,35213,3,,,1,55,,35153,3,,,1,15,,35173,3,,,1,15,,35193,3,,,1,15,,35214,3,,,1,55,,35154,3,,,1,15,,35174,3,,,1,15,,35194,3,,,1,15,,35215,3,,,1,55,,35155,3,,,1,15,,35175,3,,,1,15,,35195,3,,,1,15,,35216,3,,,1,55,,35156,3,,,1,15,,35176,3,,,1,15,,35196,3,,,1,15,,35217,3,,,1,55,,35157,3,,,1,15,,35177,3,,,1,15,,35197,3,,,1,15,,35218,3,,,1,55,,35158,3,,,1,15,,35178,3,,,1,15,,35198,3,,,1,15,,35219,3,,,1,55,,35159,3,,,1
0,'20261021',507,,35280,3,,,1,15,,35220,3,,,1,20,,35260,3,,,1,15,,35281,3,,,1,55,,35221,3,,,1,15,,35241,3,,,1,15,,35261,3,,,1,15,,35282,3,,,1,55,,35222,3,,,1,15,,35242,3,,,1,15,,35262,3,,,1,15,,35283,3,,,1,55,,35223,3,,,1,15,,35243,3,,,1,15,,35263,3,,,1,15,,35284,3,,,1,55,,35224,3,,,1,15,,35244,3,,,1,15,,35264,3,,,1,15,,35285,3,,,1,55,,35225,3,,,1,15,,35245,3,,,1,15,,35265,3,,,1,15,,35286,3,,,1,55,,35226,3,,,1,15,,35246,3,,,1,15,,35266,3,,,1,15,,35287,3,,,1,55,,35227,3,,,1,15,,35247,3,,,1,15,,35267,3,,,1,15,,35288,3,,,1,55,,35228,3,,,1,15,,35248,3,,,1,15,,35268,3,,,1,15,,35289,3,,,1,55,,35229,3,,,1,15,,35249,3,,,1,15,,35269,3,,,1,15,,35290,3,,,1,55,,35230,3,,,1,15,,35250,3,,,1,15,,35270,3,,,1,15,,35291,3,,,1,55,,35231,3,,,1,15,,35251,3,,,1,15,,35271,3,,,1,15,,35292,3,,,1,55,,35232,3,,,1,15,,35252,3,,,1,15,,35272,3,,,1,15,,35293,3,,,1,55,,35233,3,,,1,15,,35253,3,,,1,15,,35273,3,,,1,15,,35294,3,,,1,55,,35234,3,,,1,15,,35254,3,,,1,15,,35274,3,,,1,15,,35295,3,,,1,55,,35235,3,,,1,15,,35255,3,,,1,15,,35275,3,,,1,15,,35296,3,,,1,55,,35236,3,,,1,15,,35256,3,,,1,15,,35276,3,,,1,15,,35297,3,,,1,55,,35237,3,,,1,15,,35257,3,,,1,15,,35277,3,,,1,15,,35298,3,,,1,55,,35238,3,,,1,15,,35258,3,,,1,15,,35278,3,,,1,15,,35299,3,,,1,55,,35239,3,,,1,15,,35259,3,,,1,15,,35279,3,,,1,15,,35300,3,,,1,55,,35240,3,,,1
0,'20261022',507,,35361,3,,,1,15,,35301,3,,,1,20,,35341,3,,,1,15,,35362,3,,,1,55,,35302,3,,,1,15,,35322,3,,,1,15,,35342,3,,,1,15,,35363,3,,,1,55,,35303,3,,,1,15,,35323,3,,,1,15,,35343,3,,,1,15,,35364,3,,,1,55,,35304,3,,,1,15,,35324,3,,,1,15,,35344,3,,,1,15,,35365,3,,,1,55,,35305,3,,,1,15,,35325,3,,,1,15,,35345,3,,,1,15,,35366,3,,,1,55,,35306,3,,,1,15,,35326,3,,,1,15,,35346,3,,,1,15,,35367,3,,,1,55,,35307,3,,,1,15,,35327,3,,,1,15,,35347,3,,,1,15,,35368,3,,,1,55,,35308,3,,,1,15,,35328,3,,,1,15,,35348,3,,,1,15,,35369,3,,,1,55,,35309,3,,,1,15,,35329,3,,,1,15,,35349,3,,,1,15,,35370,3,,,1,55,,35310,3,,,1,15,,35330,3,,,1,15,,35350,3,,,1,15,,35371,3,,,1,55,,35311,3,,,1,15,,35331,3,,,1,15,,35351,3,,,1,15,,35372,3,,,1,55,,35312,3,,,1,15,,35332,3,,,1,15,,35352,3,,,1,15,,35373,3,,,1,55,,35313,3,,,1,15,,35333,3,,,1,15,,35353,3,,,1,15,,35374,3,,,1,55,,35314,3,,,1,15,,35334,3,,,1,15,,35354,3,,,1,15,,35375,3,,,1,55,,35315,3,,,1,15,,35335,3,,,1,15,,35355,3,,,1,15,,35376,3,,,1,55,,35316,3,,,1,15,,35336,3,,,1,15,,35356,3,,,1,15,,35377,3,,,1,55,,35317,3,,,1,15,,35337,3,,,1,15,,35357,3,,,1,15,,35378,3,,,1,55,,35318,3,,,1,15,,35338,3,,,1,15,,35358,3,,,1,15,,35379,3,,,1,55,,35319,3,,,1,15,,35339,3,,,1,15,,35359,3,,,1,15,,35380,3,,,1,55,,35320,3,,,1,15,,35340,3,,,1,15,,35360,3,,,1,15,,35381,3,,,1,55,,35321,3,,,1
0,'20261023',507,,35442,3,,,1,15,,35382,3,,,1,20,,35422,3,,,1,15,,35443,3,,,1,55,,35383,3,,,1,15,,35403,3,,,1,15,,35423,3,,,1,15,,35444,3,,,1,55,,35384,3,,,1,15,,35404,3,,,1,15,,35424,3,,,1,15,,35445,3,,,1,55,,35385,3,,,1,15,,35405,3,,,1,15,,35425,3,,,1,15,,35446,3,,,1,55,,35386,3,,,1,15,,35406,3,,,1,15,,35426,3,,,1,15,,35447,3,,,1,55,,35387,3,,,1,15,,35407,3,,,1,15,,35427,3,,,1,15,,35448,3,,,1,55,,35388,3,,,1,15,,35408,3,,,1,15,,35428,3,,,1,15,,35449,3,,,1,55,,35389,3,,,1,15,,35409,3,,,1,15,,35429,3,,,1,15,,35450,3,,,1,55,,35390,3,,,1,15,,35410,3,,,1,15,,35430,3,,,1,15,,35451,3,,,1,55,,35391,3,,,1,15,,35411,3,,,1,15,,35431,3,,,1,15,,35452,3,,,1,55,,35392,3,,,1,15,,35412,3,,,1,15,,35432,3,,,1,15,,35453,3,,,1,55,,35393,3,,,1,15,,35413,3,,,1,15,,35433,3,,,1,15,,35454,3,,,1,55,,35394,3,,,1,15,,35414,3,,,1,15,,35434,3,,,1,15,,35455,3,,,1,55,,35395,3,,,1,15,,35415,3,,,1,15,,35435,3,,,1,15,,35456,3,,,1,55,,35396,3,,,1,15,,35416,3,,,1,15,,35436,3,,,1,15,,35457,3,,,1,55,,35397,3,,,1,15,,35417,3,,,1,15,,35437,3,,,1,15,,35458,3,,,1,55,,35398,3,,,1,15,,35418,3,,,1,15,,35438,3,,,1,15,,35459,3,,,1,55,,35399,3,,,1,15,,35419,3,,,1,15,,35439,3,,,1,15,,35460,3,,,1,55,,35400,3,,,1,15,,35420,3,,,1,15,,35440,3,,,1,15,,35461,3,,,1,55,,35401,3,,,1,15,,35421,3,,,1,15,,35441,3,,,1,15,,35462,3,,,1,55,,35402,3,,,1
0,'20261024',612,,35463,3,,,1,15,,35483,3,,,1,15,,35502,3,,,1,15,,35521,3,,,1,55,,35464,3,,,1,15,,35484,3,,,1,15,,35503,3,,,1,15,,35522,3,,,1,55,,35465,3,,,1,15,,35485,3,,,1,15,,35504,3,,,1,15,,35523,3,,,1,55,,35466,3,,,1,15,,35486,3,,,1,15,,35505,3,,,1,15,,35524,3,,,1,55,,35467,3,,,1,15,,35487,3,,,1,15,,35506,3,,,1,15,,35525,3,,,1,55,,35468,3,,,1,15,,35488,3,,,1,15,,35507,3,,,1,15,,35526,3,,,1,55,,35469,3,,,1,15,,35489,3,,,1,15,,35508,3,,,1,15,,35527,3,,,1,55,,35470,3,,,1,15,,35490,3,,,1,15,,35509,3,,,1,15,,35528,3,,,1,55,,35471,3,,,1,15,,35491,3,,,1,15,,35510,3,,,1,15,,35529,3,,,1,55,,35472,3,,,1,15,,35492,3,,,1,15,,35511,3,,,1,15,,35530,3,,,1,55,,35473,3,,,1,15,,35493,3,,,1,15,,35512,3,,,1,15,,35531,3,,,1,55,,35474,3,,,1,15,,35494,3,,,1,15,,35513,3,,,1,15,,35532,3,,,1,55,,35475,3,,,1,15,,35495,3,,,1,15,,35514,3,,,1,15,,35533,3,,,1,55,,35476,3,,,1,15,,35496,3,,,1,15,,35515,3,,,1,15,,35534,3,,,1,55,,35477,3,,,1,15,,35497,3,,,1,15,,35516,3,,,1,15,,35535,3,,,1,55,,35478,3,,,1,15,,35498,3,,,1,15,,35517,3,,,1,15,,35536,3,,,1,55,,35479,3,,,1,15,,35499,3,,,1,15,,35518,3,,,1,15,,35537,3,,,1,55,,35480,3,,,1,15,,35500,3,,,1,15,,35519,3,,,1,15,,35538,3,,,1,55,,35481,3,,,1,15,,35501,3,,,1,15,,35520,3,,,1,15,,35539,3,,,1,55,,35482,3,,,1
0,'20261025',612,,35540,3,,,1,15,,35560,3,,,1,15,,35579,3,,,1,15,,35598,3,,,1,55,,35541,3,,,1,15,,35561,3,,,1,15,,35580,3,,,1,15,,35599,3,,,1,55,,35542,3,,,1,15,,35562,3,,,1,15,,35581,3,,,1,15,,35600,3,,,1,55,,35543,3,,,1,15,,35563,3,,,1,15,,35582,3,,,1,15,,35601,3,,,1,55,,35544,3,,,1,15,,35564,3,,,1,15,,35583,3,,,1,15,,35602,3,,,1,55,,35545,3,,,1,15,,35565,3,,,1,15,,35584,3,,,1,15,,35603,3,,,1,55,,35546,3,,,1,15,,35566,3,,,1,15,,35585,3,,,1,15,,35604,3,,,1,55,,35547,3,,,1,15,,35567,3,,,1,15,,35586,3,,,1,15,,35605,3,,,1,55,,35548,3,,,1,15,,35568,3,,,1,15,,35587,3,,,1,15,,35606,3,,,1,55,,35549,3,,,1,15,,35569,3,,,1,15,,35588,3,,,1,15,,35607,3,,,1,55,,35550,3,,,1,15,,35570,3,,,1,15,,35589,3,,,1,15,,35608,3,,,1,55,,35551,3,,,1,15,,35571,3,,,1,15,,35590,3,,,1,15,,35609,3,,,1,55,,35552,3,,,1,15,,35572,3,,,1,15,,35591,3,,,1,15,,35610,3,,,1,55,,35553,3,,,1,15,,35573,3,,,1,15,,35592,3,,,1,15,,35611,3,,,1,55,,35554,3,,,1,15,,35574,3,,,1,15,,35593,3,,,1,15,,35612,3,,,1,55,,35555,3,,,1,15,,35575,3,,,1,15,,35594,3,,,1,15,,35613,3,,,1,55,,35556,3,,,1,15,,35576,3,,,1,15,,35595,3,,,1,15,,35614,3,,,1,55,,35557,3,,,1,15,,35577,3,,,1,15,,35596,3,,,1,15,,35615,3,,,1,55,,35558,3,,,1,15,,35578,3,,,1,15,,35597,3,,,1,15,,35616,3,,,1,55,,35559,3,,,1
0,'20261026',612,,35617,3,,,1,15,,35637,3,,,1,15,,35656,3,,,1,15,,35675,3,,,1,55,,35618,3,,,1,15,,35638,3,,,1,15,,35657,3,,,1,15,,35676,3,,,1,55,,35619,3,,,1,15,,35639,3,,,1,15,,35658,3,,,1,15,,35677,3,,,1,55,,35620,3,,,1,15,,35640,3,,,1,15,,35659,3,,,1,15,,35678,3,,,1,55,,35621,3,,,1,15,,35641,3,,,1,15,,35660,3,,,1,15,,35679,3,,,1,55,,35622,3,,,1,15,,35642,3,,,1,15,,35661,3,,,1,15,,35680,3,,,1,55,,35623,3,,,1,15,,35643,3,,,1,15,,35662,3,,,1,15,,35681,3,,,1,55,,35624,3,,,1,15,,35644,3,,,1,15,,35663,3,,,1,15,,35682,3,,,1,55,,35625,3,,,1,15,,35645,3,,,1,15,,35664,3,,,1,15,,35683,3,,,1,55,,35626,3,,,1,15,,35646,3,,,1,15,,35665,3,,,1,15,,35684,3,,,1,55,,35627,3,,,1,15,,35647,3,,,1,15,,35666,3,,,1,15,,35685,3,,,1,55,,35628,3,,,1,15,,35648,3,,,1,15,,35667,3,,,1,15,,35686,3,,,1,55,,35629,3,,,1,15,,35649,3,,,1,15,,35668,3,,,1,15,,35687,3,,,1,55,,35630,3,,,1,15,,35650,3,,,1,15,,35669,3,,,1,15,,35688,3,,,1,55,,35631,3,,,1,15,,35651,3,,,1,15,,35670,3,,,1,15,,35689,3,,,1,55,,35632,3,,,1,15,,35652,3,,,1,15,,35671,3,,,1,15,,35690,3,,,1,55,,35633,3,,,1,15,,35653,3,,,1,15,,35672,3,,,1,15,,35691,3,,,1,55,,35634,3,,,1,15,,35654,3,,,1,15,,35673,3,,,1,15,,35692,3,,,1,55,,35635,3,,,1,15,,35655,3,,,1,15,,35674,3,,,1,15,,35693,3,,,1,55,,35636,3,,,1
0,'20261027',507,,35754,3,,,1,15,,35694,3,,,1,20,,35734,3,,,1,15,,35755,3,,,1,55,,35695,3,,,1,15,,35715,3,,,1,15,,35735,3,,,1,15,,35756,3,,,1,55,,35696,3,,,1,15,,35716,3,,,1,15,,35736,3,,,1,15,,35757,3,,,1,55,,35697,3,,,1,15,,35717,3,,,1,15,,35737,3,,,1,15,,35758,3,,,1,55,,35698,3,,,1,15,,35718,3,,,1,15,,35738,3,,,1,15,,35759,3,,,1,55,,35699,3,,,1,15,,35719,3,,,1,15,,35739,3,,,1,15,,35760,3,,,1,55,,35700,3,,,1,15,,35720,3,,,1,15,,35740,3,,,1,15,,35761,3,,,1,55,,35701,3,,,1,15,,35721,3,,,1,15,,35741,3,,,1,15,,35762,3,,,1,55,,35702,3,,,1,15,,35722,3,,,1,15,,35742,3,,,1,15,,35763,3,,,1,55,,35703,3,,,1,15,,35723,3,,,1,15,,35743,3,,,1,15,,35764,3,,,1,55,,35704,3,,,1,15,,35724,3,,,1,15,,35744,3,,,1,15,,35765,3,,,1,55,,35705,3,,,1,15,,35725,3,,,1,15,,35745,3,,,1,15,,35766,3,,,1,55,,35706,3,,,1,15,,35726,3,,,1,15,,35746,3,,,1,15,,35767,3,,,1,55,,35707,3,,,1,15,,35727,3,,,1,15,,35747,3,,,1,15,,35768,3,,,1,55,,35708,3,,,1,15,,35728,3,,,1,15,,35748,3,,,1,15,,35769,3,,,1,55,,35709,3,,,1,15,,35729,3,,,1,15,,35749,3,,,1,15,,35770,3,,,1,55,,35710,3,,,1,15,,35730,3,,,1,15,,35750,3,,,1,15,,35771,3,,,1,55,,35711,3,,,1,15,,35731,3,,,1,15,,35751,3,,,1,15,,35772,3,,,1,55,,35712,3,,,1,15,,35732,3,,,1,15,,35752,3,,,1,15,,35773,3,,,1,55,,35713,3,,,1,15,,35733,3,,,1,15,,35753,3,,,1,15,,35774,3,,,1,55,,35714,3,,,1
0,'20261028',507,,35835,3,,,1,15,,35775,3,,,1,20,,35815,3,,,1,15,,35836,3,,,1,55,,35776,3,,,1,15,,35796,3,,,1,15,,35816,3,,,1,15,,35837,3,,,1,55,,35777,3,,,1,15,,35797,3,,,1,15,,35817,3,,,1,15,,35838,3,,,1,55,,35778,3,,,1,15,,35798,3,,,1,15,,35818,3,,,1,15,,35839,3,,,1,55,,35779,3,,,1,15,,35799,3,,,1,15,,35819,3,,,1,15,,35840,3,,,1,55,,35780,3,,,1,15,,35800,3,,,1,15,,35820,3,,,1,15,,35841,3,,,1,55,,35781,3,,,1,15,,35801,3,,,1,15,,35821,3,,,1,15,,35842,3,,,1,55,,35782,3,,,1,15,,35802,3,,,1,15,,35822,3,,,1,15,,35843,3,,,1,55,,35783,3,,,1,15,,35803,3,,,1,15,,35823,3,,,1,15,,35844,3,,,1,55,,35784,3,,,1,15,,35804,3,,,1,15,,35824,3,,,1,15,,35845,3,,,1,55,,35785,3,,,1,15,,35805,3,,,1,15,,35825,3,,,1,15,,35846,3,,,1,55,,35786,3,,,1,15,,35806,3,,,1,15,,35826,3,,,1,15,,35847,3,,,1,55,,35787,3,,,1,15,,35807,3,,,1,15,,35827,3,,,1,15,,35848,3,,,1,55,,35788,3,,,1,15,,35808,3,,,1,15,,35828,3,,,1,15,,35849,3,,,1,55,,35789,3,,,1,15,,35809,3,,,1,15,,35829,3,,,1,15,,35850,3,,,1,55,,35790,3,,,1,15,,35810,3,,,1,15,,35830,3,,,1,15,,35851,3,,,1,55,,35791,3,,,1,15,,35811,3,,,1,15,,35831,3,,,1,15,,35852,3,,,1,55,,35792,3,,,1,15,,35812,3,,,1,15,,35832,3,,,1,15,,35853,3,,,1,55,,35793,3,,,1,15,,35813,3,,,1,15,,35833,3,,,1,15,,35854,3,,,1,55,,35794,3,,,1,15,,35814,3,,,1,15,,35834,3,,,1,15,,35855,3,,,1,55,,35795,3,,,1
0,'20261029',507,,35916,3,,,1,15,,35856,3,,,1,20,,35896,3,,,1,15,,35917,3,,,1,55,,35857,3,,,1,15,,35877,3,,,1,15,,35897,3,,,1,15,,35918,3,,,1,55,,35858,3,,,1,15,,35878,3,,,1,15,,35898,3,,,1,15,,35919,3,,,1,55,,35859,3,,,1,15,,35879,3,,,1,15,,35899,3,,,1,15,,35920,3,,,1,55,,35860,3,,,1,15,,35880,3,,,1,15,,35900,3,,,1,15,,35921,3,,,1,55,,35861,3,,,1,15,,35881,3,,,1,15,,35901,3,,,1,15,,35922,3,,,1,55,,35862,3,,,1,15,,35882,3,,,1,15,,35902,3,,,1,15,,35923,3,,,1,55,,35863,3,,,1,15,,35883,3,,,1,15,,35903,3,,,1,15,,35924,3,,,1,55,,35864,3,,,1,15,,35884,3,,,1,15,,35904,3,,,1,15,,35925,3,,,1,55,,35865,3,,,1,15,,35885,3,,,1,15,,35905,3,,,1,15,,35926,3,,,1,55,,35866,3,,,1,15,,35886,3,,,1,15,,35906,3,,,1,15,,35927,3,,,1,55,,35867,3,,,1,15,,35887,3,,,1,15,,35907,3,,,1,15,,35928,3,,,1,55,,35868,3,,,1,15,,35888,3,,,1,15,,35908,3,,,1,15,,35929,3,,,1,55,,35869,3,,,1,15,,35889,3,,,1,15,,35909,3,,,1,15,,35930,3,,,1,55,,35870,3,,,1,15,,35890,3,,,1,15,,35910,3,,,1,15,,35931,3,,,1,55,,35871,3,,,1,15,,35891,3,,,1,15,,35911,3,,,1,15,,35932,3,,,1,55,,35872,3,,,1,15,,35892,3,,,1,15,,35912,3,,,1,15,,35933,3,,,1,55,,35873,3,,,1,15,,35893,3,,,1,15,,35913,3,,,1,15,,35934,3,,,1,55,,35874,3,,,1,15,,35894,3,,,1,15,,35914,3,,,1,15,,35935,3,,,1,55,,35875,3,,,1,15,,35895,3,,,1,15,,35915,3,,,1,15,,35936,3,,,1,55,,35876,3,,,1
0,'20261030',507,,35997,3,,,1,15,,35937,3,,,1,20,,35977,3,,,1,15,,35998,3,,,1,55,,35938,3,,,1,15,,35958,3,,,1,15,,35978,3,,,1,15,,35999,3,,,1,55,,35939,3,,,1,15,,35959,3,,,1,15,,35979,3,,,1,15,,36000,3,,,1,55,,35940,3,,,1,15,,35960,3,,,1,15,,35980,3,,,1,15,,36001,3,,,1,55,,35941,3,,,1,15,,35961,3,,,1,15,,35981,3,,,1,15,,36002,3,,,1,55,,35942,3,,,1,15,,35962,3,,,1,15,,35982,3,,,1,15,,36003,3,,,1,55,,35943,3,,,1,15,,35963,3,,,1,15,,35983,3,,,1,15,,36004,3,,,1,55,,35944,3,,,1,15,,35964,3,,,1,15,,35984,3,,,1,15,,36005,3,,,1,55,,35945,3,,,1,15,,35965,3,,,1,15,,35985,3,,,1,15,,36006,3,,,1,55,,35946,3,,,1,15,,35966,3,,,1,15,,35986,3,,,1,15,,36007,3,,,1,55,,35947,3,,,1,15,,35967,3,,,1,15,,35987,3,,,1,15,,36008,3,,,1,55,,35948,3,,,1,15,,35968,3,,,1,15,,35988,3,,,1,15,,36009,3,,,1,55,,35949,3,,,1,15,,35969,3,,,1,15,,35989,3,,,1,15,,36010,3,,,1,55,,35950,3,,,1,15,,35970,3,,,1,15,,35990,3,,,1,15,,36011,3,,,1,55,,35951,3,,,1,15,,35971,3,,,1,15,,35991,3,,,1,15,,36012,3,,,1,55,,35952,3,,,1,15,,35972,3,,,1,15,,35992,3,,,1,15,,36013,3,,,1,55,,35953,3,,,1,15,,35973,3,,,1,15,,35993,3,,,1,15,,36014,3,,,1,55,,35954,3,,,1,15,,35974,3,,,1,15,,35994,3,,,1,15,,36015,3,,,1,55,,35955,3,,,1,15,,35975,3,,,1,15,,35995,3,,,1,15,,36016,3,,,1,55,,35956,3,,,1,15,,35976,3,,,1,15,,35996,3,,,1,15,,36017,3,,,1,55,,35957,3,,,1
0,'20261031',612,,36018,3,,,1,15,,36038,3,,,1,15,,36057,3,,,1,15,,36076,3,,,1,55,,36019,3,,,1,15,,36039,3,,,1,15,,36058,3,,,1,15,,36077,3,,,1,55,,36020,3,,,1,15,,36040,3,,,1,15,,36059,3,,,1,15,,36078,3,,,1,55,,36021,3,,,1,15,,36041,3,,,1,15,,36060,3,,,1,15,,36079,3,,,1,55,,36022,3,,,1,15,,36042,3,,,1,15,,36061,3,,,1,15,,36080,3,,,1,55,,36023,3,,,1,15,,36043,3,,,1,15,,36062,3,,,1,15,,36081,3,,,1,55,,36024,3,,,1,15,,36044,3,,,1,15,,36063,3,,,1,15,,36082,3,,,1,55,,36025,3,,,1,15,,36045,3,,,1,15,,36064,3,,,1,15,,36083,3,,,1,55,,36026,3,,,1,15,,36046,3,,,1,15,,36065,3,,,1,15,,36084,3,,,1,55,,36027,3,,,1,15,,36047,3,,,1,15,,36066,3,,,1,15,,36085,3,,,1,55,,36028,3,,,1,15,,36048,3,,,1,15,,36067,3,,,1,15,,36086,3,,,1,55,,36029,3,,,1,15,,36049,3,,,1,15,,36068,3,,,1,15,,36087,3,,,1,55,,36030,3,,,1,15,,36050,3,,,1,15,,36069,3,,,1,15,,36088,3,,,1,55,,36031,3,,,1,15,,36051,3,,,1,15,,36070,3,,,1,15,,36089,3,,,1,55,,36032,3,,,1,15,,36052,3,,,1,15,,36071,3,,,1,15,,36090,3,,,1,55,,36033,3,,,1,15,,36053,3,,,1,15,,36072,3,,,1,15,,36091,3,,,1,55,,36034,3,,,1,15,,36054,3,,,1,15,,36073,3,,,1,15,,36092,3,,,1,55,,36035,3,,,1,15,,36055,3,,,1,15,,36074,3,,,1,15,,36093,3,,,1,55,,36036,3,,,1,15,,36056,3,,,1,15,,36075,3,,,1,15,,36094,3,,,1,55,,36037,3,,,1
0,'20261101',612,,36095,3,,,1,15,,36115,3,,,1,15,,36134,3,,,1,15,,36153,3,,,1,55,,36096,3,,,1,15,,36116,3,,,1,15,,36135,3,,,1,15,,36154,3,,,1,55,,36097,3,,,1,15,,36117,3,,,1,15,,36136,3,,,1,15,,36155,3,,,1,55,,36098,3,,,1,15,,36118,3,,,1,15,,36137,3,,,1,15,,36156,3,,,1,55,,36099,3,,,1,15,,36119,3,,,1,15,,36138,3,,,1,15,,36157,3,,,1,55,,36100,3,,,1,15,,36120,3,,,1,15,,36139,3,,,1,15,,36158,3,,,1,55,,36101,3,,,1,15,,36121,3,,,1,15,,36140,3,,,1,15,,36159,3,,,1,55,,36102,3,,,1,15,,36122,3,,,1,15,,36141,3,,,1,15,,36160,3,,,1,55,,36103,3,,,1,15,,36123,3,,,1,15,,36142,3,,,1,15,,36161,3,,,1,55,,36104,3,,,1,15,,36124,3,,,1,15,,36143,3,,,1,15,,36162,3,,,1,55,,36105,3,,,1,15,,36125,3,,,1,15,,36144,3,,,1,15,,36163,3,,,1,55,,36106,3,,,1,15,,36126,3,,,1,15,,36145,3,,,1,15,,36164,3,,,1,55,,36107,3,,,1,15,,36127,3,,,1,15,,36146,3,,,1,15,,36165,3,,,1,55,,36108,3,,,1,15,,36128,3,,,1,15,,36147,3,,,1,15,,36166,3,,,1,55,,36109,3,,,1,15,,36129,3,,,1,15,,36148,3,,,1,15,,36167,3,,,1,55,,36110,3,,,1,15,,36130,3,,,1,15,,36149,3,,,1,15,,36168,3,,,1,55,,36111,3,,,1,15,,36131,3,,,1,15,,36150,3,,,1,15,,36169,3,,,1,55,,36112,3,,,1,15,,36132,3,,,1,15,,36151,3,,,1,15,,36170,3,,,1,55,,36113,3,,,1,15,,36133,3,,,1,15,,36152,3,,,1,15,,36171,3,,,1,55,,36114,3,,,1
0,'20261102',612,,36172,3,,,1,15,,36192,3,,,1,15,,36211,3,,,1,15,,36230,3,,,1,55,,36173,3,,,1,15,,36193,3,,,1,15,,36212,3,,,1,15,,36231,3,,,1,55,,36174,3,,,1,15,,36194,3,,,1,15,,36213,3,,,1,15,,36232,3,,,1,55,,36175,3,,,1,15,,36195,3,,,1,15,,36214,3,,,1,15,,36233,3,,,1,55,,36176,3,,,1,15,,36196,3,,,1,15,,36215,3,,,1,15,,36234,3,,,1,55,,36177,3,,,1,15,,36197,3,,,1,15,,36216,3,,,1,15,,36235,3,,,1,55,,36178,3,,,1,15,,36198,3,,,1,15,,36217,3,,,1,15,,36236,3,,,1,55,,36179,3,,,1,15,,36199,3,,,1,15,,36218,3,,,1,15,,36237,3,,,1,55,,36180,3,,,1,15,,36200,3,,,1,15,,36219,3,,,1,15,,36238,3,,,1,55,,36181,3,,,1,15,,36201,3,,,1,15,,36220,3,,,1,15,,36239,3,,,1,55,,36182,3,,,1,15,,36202,3,,,1,15,,36221,3,,,1,15,,36240,3,,,1,55,,36183,3,,,1,15,,36203,3,,,1,15,,36222,3,,,1,15,,36241,3,,,1,55,,36184,3,,,1,15,,36204,3,,,1,15,,36223,3,,,1,15,,36242,3,,,1,55,,36185,3,,,1,15,,36205,3,,,1,15,,36224,3,,,1,15,,36243,3,,,1,55,,36186,3,,,1,15,,36206,3,,,1,15,,36225,3,,,1,15,,36244,3,,,1,55,,36187,3,,,1,15,,36207,3,,,1,15,,36226,3,,,1,15,,36245,3,,,1,55,,36188,3,,,1,15,,36208,3,,,1,15,,36227,3,,,1,15,,36246,3,,,1,55,,36189,3,,,1,15,,36209,3,,,1,15,,36228,3,,,1,15,,36247,3,,,1,55,,36190,3,,,1,15,,36210,3,,,1,15,,36229,3,,,1,15,,36248,3,,,1,55,,36191,3,,,1
0,'20261103',507,,36309,3,,,1,15,,36249,3,,,1,20,,36289,3,,,1,15,,36310,3,,,1,55,,36250,3,,,1,15,,36270,3,,,1,15,,36290,3,,,1,15,,36311,3,,,1,55,,36251,3,,,1,15,,36271,3,,,1,15,,36291,3,,,1,15,,36312,3,,,1,55,,36252,3,,,1,15,,36272,3,,,1,15,,36292,3,,,1,15,,36313,3,,,1,55,,36253,3,,,1,15,,36273,3,,,1,15,,36293,3,,,1,15,,36314,3,,,1,55,,36254,3,,,1,15,,36274,3,,,1,15,,36294,3,,,1,15,,36315,3,,,1,55,,36255,3,,,1,15,,36275,3,,,1,15,,36295,3,,,1,15,,36316,3,,,1,55,,36256,3,,,1,15,,36276,3,,,1,15,,36296,3,,,1,15,,36317,3,,,1,55,,36257,3,,,1,15,,36277,3,,,1,15,,36297,3,,,1,15,,36318,3,,,1,55,,36258,3,,,1,15,,36278,3,,,1,15,,36298,3,,,1,15,,36319,3,,,1,55,,36259,3,,,1,15,,36279,3,,,1,15,,36299,3,,,1,15,,36320,3,,,1,55,,36260,3,,,1,15,,36280,3,,,1,15,,36300,3,,,1,15,,36321,3,,,1,55,,36261,3,,,1,15,,36281,3,,,1,15,,36301,3,,,1,15,,36322,3,,,1,55,,36262,3,,,1,15,,36282,3,,,1,15,,36302,3,,,1,15,,36323,3,,,1,55,,36263,3,,,1,15,,36283,3,,,1,15,,36303,3,,,1,15,,36324,3,,,1,55,,36264,3,,,1,15,,36284,3,,,1,15,,36304,3,,,1,15,,36325,3,,,1,55,,36265,3,,,1,15,,36285,3,,,1,15,,36305,3,,,1,15,,36326,3,,,1,55,,36266,3,,,1,15,,36286,3,,,1,15,,36306,3,,,1,15,,36327,3,,,1,55,,36267,3,,,1,15,,36287,3,,,1,15,,36307,3,,,1,15,,36328,3,,,1,55,,36268,3,,,1,15,,36288,3,,,1,15,,36308,3,,,1,15,,36329,3,,,1,55,,36269,3,,,1
0,'20261104',507,,36390,3,,,1,15,,36330,3,,,1,20,,36370,3,,,1,15,,36391,3,,,1,55,,36331,3,,,1,15,,36351,3,,,1,15,,36371,3,,,1,15,,36392,3,,,1,55,,36332,3,,,1,15,,36352,3,,,1,15,,36372,3,,,1,15,,36393,3,,,1,55,,36333,3,,,1,15,,36353,3,,,1,15,,36373,3,,,1,15,,36394,3,,,1,55,,36334,3,,,1,15,,36354,3,,,1,15,,36374,3,,,1,15,,36395,3,,,1,55,,36335,3,,,1,15,,36355,3,,,1,15,,36375,3,,,1,15,,36396,3,,,1,55,,36336,3,,,1,15,,36356,3,,,1,15,,36376,3,,,1,15,,36397,3,,,1,55,,36337,3,,,1,15,,36357,3,,,1,15,,36377,3,,,1,15,,36398,3,,,1,55,,36338,3,,,1,15,,36358,3,,,1,15,,36378,3,,,1,15,,36399,3,,,1,55,,36339,3,,,1,15,,36359,3,,,1,15,,36379,3,,,1,15,,36400,3,,,1,55,,36340,3,,,1,15,,36360,3,,,1,15,,36380,3,,,1,15,,36401,3,,,1,55,,36341,3,,,1,15,,36361,3,,,1,15,,36381,3,,,1,15,,36402,3,,,1,55,,36342,3,,,1,15,,36362,3,,,1,15,,36382,3,,,1,15,,36403,3,,,1,55,,36343,3,,,1,15,,36363,3,,,1,15,,36383,3,,,1,15,,36404,3,,,1,55,,36344,3,,,1,15,,36364,3,,,1,15,,36384,3,,,1,15,,36405,3,,,1,55,,36345,3,,,1,15,,36365,3,,,1,15,,36385,3,,,1,15,,36406,3,,,1,55,,36346,3,,,1,15,,36366,3,,,1,15,,36386,3,,,1,15,,36407,3,,,1,55,,36347,3,,,1,15,,36367,3,,,1,15,,36387,3,,,1,15,,36408,3,,,1,55,,36348,3,,,1,15,,36368,3,,,1,15,,36388,3,,,1,15,,36409,3,,,1,55,,36349,3,,,1,15,,36369,3,,,1,15,,36389,3,,,1,15,,36410,3,,,1,55,,36350,3,,,1
0,'20261105',507,,36471,3,,,1,15,,36411,3,,,1,20,,36451,3,,,1,15,,36472,3,,,1,55,,36412,3,,,1,15,,36432,3,,,1,15,,36452,3,,,1,15,,36473,3,,,1,55,,36413,3,,,1,15,,36433,3,,,1,15,,36453,3,,,1,15,,36474,3,,,1,55,,36414,3,,,1,15,,36434,3,,,1,15,,36454,3,,,1,15,,36475,3,,,1,55,,36415,3,,,1,15,,36435,3,,,1,15,,36455,3,,,1,15,,36476,3,,,1,55,,36416,3,,,1,15,,36436,3,,,1,15,,36456,3,,,1,15,,36477,3,,,1,55,,36417,3,,,1,15,,36437,3,,,1,15,,36457,3,,,1,15,,36478,3,,,1,55,,36418,3,,,1,15,,36438,3,,,1,15,,36458,3,,,1,15,,36479,3,,,1,55,,36419,3,,,1,15,,36439,3,,,1,15,,36459,3,,,1,15,,36480,3,,,1,55,,36420,3,,,1,15,,36440,3,,,1,15,,36460,3,,,1,15,,36481,3,,,1,55,,36421,3,,,1,15,,36441,3,,,1,15,,36461,3,,,1,15,,36482,3,,,1,55,,36422,3,,,1,15,,36442,3,,,1,15,,36462,3,,,1,15,,36483,3,,,1,55,,36423,3,,,1,15,,36443,3,,,1,15,,36463,3,,,1,15,,36484,3,,,1,55,,36424,3,,,1,15,,36444,3,,,1,15,,36464,3,,,1,15,,36485,3,,,1,55,,36425,3,,,1,15,,36445,3,,,1,15,,36465,3,,,1,15,,36486,3,,,1,55,,36426,3,,,1,15,,36446,3,,,1,15,,36466,3,,,1,15,,36487,3,,,1,55,,36427,3,,,1,15,,36447,3,,,1,15,,36467,3,,,1,15,,36488,3,,,1,55,,36428,3,,,1,15,,36448,3,,,1,15,,36468,3,,,1,15,,36489,3,,,1,55,,36429,3,,,1,15,,36449,3,,,1,15,,36469,3,,,1,15,,36490,3,,,1,55,,36430,3,,,1,15,,36450,3,,,1,15,,36470,3,,,1,15,,36491,3,,,1,55,,36431,3,,,1
0,'20261106',507,,36552,3,,,1,15,,36492,3,,,1,20,,36532,3,,,1,15,,36553,3,,,1,55,,36493,3,,,1,15,,36513,3,,,1,15,,36533,3,,,1,15,,36554,3,,,1,55,,36494,3,,,1,15,,36514,3,,,1,15,,36534,3,,,1,15,,36555,3,,,1,55,,36495,3,,,1,15,,36515,3,,,1,15,,36535,3,,,1,15,,36556,3,,,1,55,,36496,3,,,1,15,,36516,3,,,1,15,,36536,3,,,1,15,,36557,3,,,1,55,,36497,3,,,1,15,,36517,3,,,1,15,,36537,3,,,1,15,,36558,3,,,1,55,,36498,3,,,1,15,,36518,3,,,1,15,,36538,3,,,1,15,,36559,3,,,1,55,,36499,3,,,1,15,,36519,3,,,1,15,,36539,3,,,1,15,,36560,3,,,1,55,,36500,3,,,1,15,,36520,3,,,1,15,,36540,3,,,1,15,,36561,3,,,1,55,,36501,3,,,1,15,,36521,3,,,1,15,,36541,3,,,1,15,,36562,3,,,1,55,,36502,3,,,1,15,,36522,3,,,1,15,,36542,3,,,1,15,,36563,3,,,1,55,,36503,3,,,1,15,,36523,3,,,1,15,,36543,3,,,1,15,,36564,3,,,1,55,,36504,3,,,1,15,,36524,3,,,1,15,,36544,3,,,1,15,,36565,3,,,1,55,,36505,3,,,1,15,,36525,3,,,1,15,,36545,3,,,1,15,,36566,3,,,1,55,,36506,3,,,1,15,,36526,3,,,1,15,,36546,3,,,1,15,,36567,3,,,1,55,,36507,3,,,1,15,,36527,3,,,1,15,,36547,3,,,1,15,,36568,3,,,1,55,,36508,3,,,1,15,,36528,3,,,1,15,,36548,3,,,1,15,,36569,3,,,1,55,,36509,3,,,1,15,,36529,3,,,1,15,,36549,3,,,1,15,,36570,3,,,1,55,,36510,3,,,1,15,,36530,3,,,1,15,,36550,3,,,1,15,,36571,3,,,1,55,,36511,3,,,1,15,,36531,3,,,1,15,,36551,3,,,1,15,,36572,3,,,1,55,,36512,3,,,1
0,'20261107',612,,36573,3,,,1,15,,36593,3,,,1,15,,36612,3,,,1,15,,36631,3,,,1,55,,36574,3,,,1,15,,36594,3,,,1,15,,36613,3,,,1,15,,36632,3,,,1,55,,36575,3,,,1,15,,36595,3,,,1,15,,36614,3,,,1,15,,36633,3,,,1,55,,36576,3,,,1,15,,36596,3,,,1,15,,36615,3,,,1,15,,36634,3,,,1,55,,36577,3,,,1,15,,36597,3,,,1,15,,36616,3,,,1,15,,36635,3,,,1,55,,36578,3,,,1,15,,36598,3,,,1,15,,36617,3,,,1,15,,36636,3,,,1,55,,36579,3,,,1,15,,36599,3,,,1,15,,36618,3,,,1,15,,36637,3,,,1,55,,36580,3,,,1,15,,36600,3,,,1,15,,36619,3,,,1,15,,36638,3,,,1,55,,36581,3,,,1,15,,36601,3,,,1,15,,36620,3,,,1,15,,36639,3,,,1,55,,36582,3,,,1,15,,36602,3,,,1,15,,36621,3,,,1,15,,36640,3,,,1,55,,36583,3,,,1,15,,36603,3,,,1,15,,36622,3,,,1,15,,36641,3,,,1,55,,36584,3,,,1,15,,36604,3,,,1,15,,36623,3,,,1,15,,36642,3,,,1,55,,36585,3,,,1,15,,36605,3,,,1,15,,36624,3,,,1,15,,36643,3,,,1,55,,36586,3,,,1,15,,36606,3,,,1,15,,36625,3,,,1,15,,36644,3,,,1,55,,36587,3,,,1,15,,36607,3,,,1,15,,36626,3,,,1,15,,36645,3,,,1,55,,36588,3,,,1,15,,36608,3,,,1,15,,36627,3,,,1,15,,36646,3,,,1,55,,36589,3,,,1,15,,36609,3,,,1,15,,36628,3,,,1,15,,36647,3,,,1,55,,36590,3,,,1,15,,36610,3,,,1,15,,36629,3,,,1,15,,36648,3,,,1,55,,36591,3,,,1,15,,36611,3,,,1,15,,36630,3,,,1,15,,36649,3,,,1,55,,36592,3,,,1
0,'20261108',612,,36650,3,,,1,15,,36670,3,,,1,15,,36689,3,,,1,15,,36708,3,,,1,55,,36651,3,,,1,15,,36671,3,,,1,15,,36690,3,,,1,15,,36709,3,,,1,55,,36652,3,,,1,15,,36672,3,,,1,15,,36691,3,,,1,15,,36710,3,,,1,55,,36653,3,,,1,15,,36673,3,,,1,15,,36692,3,,,1,15,,36711,3,,,1,55,,36654,3,,,1,15,,36674,3,,,1,15,,36693,3,,,1,15,,36712,3,,,1,55,,36655,3,,,1,15,,36675,3,,,1,15,,36694,3,,,1,15,,36713,3,,,1,55,,36656,3,,,1,15,,36676,3,,,1,15,,36695,3,,,1,15,,36714,3,,,1,55,,36657,3,,,1,15,,36677,3,,,1,15,,36696,3,,,1,15,,36715,3,,,1,55,,36658,3,,,1,15,,36678,3,,,1,15,,36697,3,,,1,15,,36716,3,,,1,55,,36659,3,,,1,15,,36679,3,,,1,15,,36698,3,,,1,15,,36717,3,,,1,55,,36660,3,,,1,15,,36680,3,,,1,15,,36699,3,,,1,15,,36718,3,,,1,55,,36661,3,,,1,15,,36681,3,,,1,15,,36700,3,,,1,15,,36719,3,,,1,55,,36662,3,,,1,15,,36682,3,,,1,15,,36701,3,,,1,15,,36720,3,,,1,55,,36663,3,,,1,15,,36683,3,,,1,15,,36702,3,,,1,15,,36721,3,,,1,55,,36664,3,,,1,15,,36684,3,,,1,15,,36703,3,,,1,15,,36722,3,,,1,55,,36665,3,,,1,15,,36685,3,,,1,15,,36704,3,,,1,15,,36723,3,,,1,55,,36666,3,,,1,15,,36686,3,,,1,15,,36705,3,,,1,15,,36724,3,,,1,55,,36667,3,,,1,15,,36687,3,,,1,15,,36706,3,,,1,15,,36725,3,,,1,55,,36668,3,,,1,15,,36688,3,,,1,15,,36707,3,,,1,15,,36726,3,,,1,55,,36669,3,,,1
0,'20261109',612,,36727,3,,,1,15,,36747,3,,,1,15,,36766,3,,,1,15,,36785,3,,,1,55,,36728,3,,,1,15,,36748,3,,,1,15,,36767,3,,,1,15,,36786,3,,,1,55,,36729,3,,,1,15,,36749,3,,,1,15,,36768,3,,,1,15,,36787,3,,,1,55,,36730,3,,,1,15,,36750,3,,,1,15,,36769,3,,,1,15,,36788,3,,,1,55,,36731,3,,,1,15,,36751,3,,,1,15,,36770,3,,,1,15,,36789,3,,,1,55,,36732,3,,,1,15,,36752,3,,,1,15,,36771,3,,,1,15,,36790,3,,,1,55,,36733,3,,,1,15,,36753,3,,,1,15,,36772,3,,,1,15,,36791,3,,,1,55,,36734,3,,,1,15,,36754,3,,,1,15,,36773,3,,,1,15,,36792,3,,,1,55,,36735,3,,,1,15,,36755,3,,,1,15,,36774,3,,,1,15,,36793,3,,,1,55,,36736,3,,,1,15,,36756,3,,,1,15,,36775,3,,,1,15,,36794,3,,,1,55,,36737,3,,,1,15,,36757,3,,,1,15,,36776,3,,,1,15,,36795,3,,,1,55,,36738,3,,,1,15,,36758,3,,,1,15,,36777,3,,,1,15,,36796,3,,,1,55,,36739,3,,,1,15,,36759,3,,,1,15,,36778,3,,,1,15,,36797,3,,,1,55,,36740,3,,,1,15,,36760,3,,,1,15,,36779,3,,,1,15,,36798,3,,,1,55,,36741,3,,,1,15,,36761,3,,,1,15,,36780,3,,,1,15,,36799,3,,,1,55,,36742,3,,,1,15,,36762,3,,,1,15,,36781,3,,,1,15,,36800,3,,,1,55,,36743,3,,,1,15,,36763,3,,,1,15,,36782,3,,,1,15,,36801,3,,,1,55,,36744,3,,,1,15,,36764,3,,,1,15,,36783,3,,,1,15,,36802,3,,,1,55,,36745,3,,,1,15,,36765,3,,,1,15,,36784,3,,,1,15,,36803,3,,,1,55,,36746,3,,,1
0,'20261110',507,,36864,3,,,1,15,,36804,3,,,1,20,,36844,3,,,1,15,,36865,3,,,1,55,,36805,3,,,1,15,,36825,3,,,1,15,,36845,3,,,1,15,,36866,3,,,1,55,,36806,3,,,1,15,,36826,3,,,1,15,,36846,3,,,1,15,,36867,3,,,1,55,,36807,3,,,1,15,,36827,3,,,1,15,,36847,3,,,1,15,,36868,3,,,1,55,,36808,3,,,1,15,,36828,3,,,1,15,,36848,3,,,1,15,,36869,3,,,1,55,,36809,3,,,1,15,,36829,3,,,1,15,,36849,3,,,1,15,,36870,3,,,1,55,,36810,3,,,1,15,,36830,3,,,1,15,,36850,3,,,1,15,,36871,3,,,1,55,,36811,3,,,1,15,,36831,3,,,1,15,,36851,3,,,1,15,,36872,3,,,1,55,,36812,3,,,1,15,,36832,3,,,1,15,,36852,3,,,1,15,,36873,3,,,1,55,,36813,3,,,1,15,,36833,3,,,1,15,,36853,3,,,1,15,,36874,3,,,1,55,,36814,3,,,1,15,,36834,3,,,1,15,,36854,3,,,1,15,,36875,3,,,1,55,,36815,3,,,1,15,,36835,3,,,1,15,,36855,3,,,1,15,,36876,3,,,1,55,,36816,3,,,1,15,,36836,3,,,1,15,,36856,3,,,1,15,,36877,3,,,1,55,,36817,3,,,1,15,,36837,3,,,1,15,,36857,3,,,1,15,,36878,3,,,1,55,,36818,3,,,1,15,,36838,3,,,1,15,,36858,3,,,1,15,,36879,3,,,1,55,,36819,3,,,1,15,,36839,3,,,1,15,,36859,3,,,1,15,,36880,3,,,1,55,,36820,3,,,1,15,,36840,3,,,1,15,,36860,3,,,1,15,,36881,3,,,1,55,,36821,3,,,1,15,,36841,3,,,1,15,,36861,3,,,1,15,,36882,3,,,1,55,,36822,3,,,1,15,,36842,3,,,1,15,,36862,3,,,1,15,,36883,3,,,1,55,,36823,3,,,1,15,,36843,3,,,1,15,,36863,3,,,1,15,,36884,3,,,1,55,,36824,3,,,1
0,'20261111',507,,36945,3,,,1,15,,36885,3,,,1,20,,36925,3,,,1,15,,36946,3,,,1,55,,36886,3,,,1,15,,36906,3,,,1,15,,36926,3,,,1,15,,36947,3,,,1,55,,36887,3,,,1,15,,36907,3,,,1,15,,36927,3,,,1,15,,36948,3,,,1,55,,36888,3,,,1,15,,36908,3,,,1,15,,36928,3,,,1,15,,36949,3,,,1,55,,36889,3,,,1,15,,36909,3,,,1,15,,36929,3,,,1,15,,36950,3,,,1,55,,36890,3,,,1,15,,36910,3,,,1,15,,36930,3,,,1,15,,36951,3,,,1,55,,36891,3,,,1,15,,36911,3,,,1,15,,36931,3,,,1,15,,36952,3,,,1,55,,36892,3,,,1,15,,36912,3,,,1,15,,36932,3,,,1,15,,36953,3,,,1,55,,36893,3,,,1,15,,36913,3,,,1,15,,36933,3,,,1,15,,36954,3,,,1,55,,36894,3,,,1,15,,36914,3,,,1,15,,36934,3,,,1,15,,36955,3,,,1,55,,36895,3,,,1,15,,36915,3,,,1,15,,36935,3,,,1,15,,36956,3,,,1,55,,36896,3,,,1,15,,36916,3,,,1,15,,36936,3,,,1,15,,36957,3,,,1,55,,36897,3,,,1,15,,36917,3,,,1,15,,36937,3,,,1,15,,36958,3,,,1,55,,36898,3,,,1,15,,36918,3,,,1,15,,36938,3,,,1,15,,36959,3,,,1,55,,36899,3,,,1,15,,36919,3,,,1,15,,36939,3,,,1,15,,36960,3,,,1,55,,36900,3,,,1,15,,36920,3,,,1,15,,36940,3,,,1,15,,36961,3,,,1,55,,36901,3,,,1,15,,36921,3,,,1,15,,36941,3,,,1,15,,36962,3,,,1,55,,36902,3,,,1,15,,36922,3,,,1,15,,36942,3,,,1,15,,36963,3,,,1,55,,36903,3,,,1,15,,36923,3,,,1,15,,36943,3,,,1,15,,36964,3,,,1,55,,36904,3,,,1,15,,36924,3,,,1,15,,36944,3,,,1,15,,36965,3,,,1,55,,36905,3,,,1
0,'20261112',507,,37026,3,,,1,15,,36966,3,,,1,20,,37006,3,,,1,15,,37027,3,,,1,55,,36967,3,,,1,15,,36987,3,,,1,15,,37007,3,,,1,15,,37028,3,,,1,55,,36968,3,,,1,15,,36988,3,,,1,15,,37008,3,,,1,15,,37029,3,,,1,55,,36969,3,,,1,15,,36989,3,,,1,15,,37009,3,,,1,15,,37030,3,,,1,55,,36970,3,,,1,15,,36990,3,,,1,15,,37010,3,,,1,15,,37031,3,,,1,55,,36971,3,,,1,15,,36991,3,,,1,15,,37011,3,,,1,15,,37032,3,,,1,55,,36972,3,,,1,15,,36992,3,,,1,15,,37012,3,,,1,15,,37033,3,,,1,55,,36973,3,,,1,15,,36993,3,,,1,15,,37013,3,,,1,15,,37034,3,,,1,55,,36974,3,,,1,15,,36994,3,,,1,15,,37014,3,,,1,15,,37035,3,,,1,55,,36975,3,,,1,15,,36995,3,,,1,15,,37015,3,,,1,15,,37036,3,,,1,55,,36976,3,,,1,15,,36996,3,,,1,15,,37016,3,,,1,15,,37037,3,,,1,55,,36977,3,,,1,15,,36997,3,,,1,15,,37017,3,,,1,15,,37038,3,,,1,55,,36978,3,,,1,15,,36998,3,,,1,15,,37018,3,,,1,15,,37039,3,,,1,55,,36979,3,,,1,15,,36999,3,,,1,15,,37019,3,,,1,15,,37040,3,,,1,55,,36980,3,,,1,15,,37000,3,,,1,15,,37020,3,,,1,15,,37041,3,,,1,55,,36981,3,,,1,15,,37001,3,,,1,15,,37021,3,,,1,15,,37042,3,,,1,55,,36982,3,,,1,15,,37002,3,,,1,15,,37022,3,,,1,15,,37043,3,,,1,55,,36983,3,,,1,15,,37003,3,,,1,15,,37023,3,,,1,15,,37044,3,,,1,55,,36984,3,,,1,15,,37004,3,,,1,15,,37024,3,,,1,15,,37045,3,,,1,55,,36985,3,,,1,15,,37005,3,,,1,15,,37025,3,,,1,15,,37046,3,,,1,55,,36986,3,,,1
0,'20261113',507,,37107,3,,,1,15,,37047,3,,,1,20,,37087,3,,,1,15,,37108,3,,,1,55,,37048,3,,,1,15,,37068,3,,,1,15,,37088,3,,,1,15,,37109,3,,,1,55,,37049,3,,,1,15,,37069,3,,,1,15,,37089,3,,,1,15,,37110,3,,,1,55,,37050,3,,,1,15,,37070,3,,,1,15,,37090,3,,,1,15,,37111,3,,,1,55,,37051,3,,,1,15,,37071,3,,,1,15,,37091,3,,,1,15,,37112,3,,,1,55,,37052,3,,,1,15,,37072,3,,,1,15,,37092,3,,,1,15,,37113,3,,,1,55,,37053,3,,,1,15,,37073,3,,,1,15,,37093,3,,,1,15,,37114,3,,,1,55,,37054,3,,,1,15,,37074,3,,,1,15,,37094,3,,,1,15,,37115,3,,,1,55,,37055,3,,,1,15,,37075,3,,,1,15,,37095,3,,,1,15,,37116,3,,,1,55,,37056,3,,,1,15,,37076,3,,,1,15,,37096,3,,,1,15,,37117,3,,,1,55,,37057,3,,,1,15,,37077,3,,,1,15,,37097,3,,,1,15,,37118,3,,,1,55,,37058,3,,,1,15,,37078,3,,,1,15,,37098,3,,,1,15,,37119,3,,,1,55,,37059,3,,,1,15,,37079,3,,,1,15,,37099,3,,,1,15,,37120,3,,,1,55,,37060,3,,,1,15,,37080,3,,,1,15,,37100,3,,,1,15,,37121,3,,,1,55,,37061,3,,,1,15,,37081,3,,,1,15,,37101,3,,,1,15,,37122,3,,,1,55,,37062,3,,,1,15,,37082,3,,,1,15,,37102,3,,,1,15,,37123,3,,,1,55,,37063,3,,,1,15,,37083,3,,,1,15,,37103,3,,,1,15,,37124,3,,,1,55,,37064,3,,,1,15,,37084,3,,,1,15,,37104,3,,,1,15,,37125,3,,,1,55,,37065,3,,,1,15,,37085,3,,,1,15,,37105,3,,,1,15,,37126,3,,,1,55,,37066,3,,,1,15,,37086,3,,,1,15,,37106,3,,,1,15,,37127,3,,,1,55,,37067,3,,,1
0,'20261114',612,,37128,3,,,1,15,,37148,3,,,1,15,,37167,3,,,1,15,,37186,3,,,1,55,,37129,3,,,1,15,,37149,3,,,1,15,,37168,3,,,1,15,,37187,3,,,1,55,,37130,3,,,1,15,,37150,3,,,1,15,,37169,3,,,1,15,,37188,3,,,1,55,,37131,3,,,1,15,,37151,3,,,1,15,,37170,3,,,1,15,,37189,3,,,1,55,,37132,3,,,1,15,,37152,3,,,1,15,,37171,3,,,1,15,,37190,3,,,1,55,,37133,3,,,1,15,,37153,3,,,1,15,,37172,3,,,1,15,,37191,3,,,1,55,,37134,3,,,1,15,,37154,3,,,1,15,,37173,3,,,1,15,,37192,3,,,1,55,,37135,3,,,1,15,,37155,3,,,1,15,,37174,3,,,1,15,,37193,3,,,1,55,,37136,3,,,1,15,,37156,3,,,1,15,,37175,3,,,1,15,,37194,3,,,1,55,,37137,3,,,1,15,,37157,3,,,1,15,,37176,3,,,1,15,,37195,3,,,1,55,,37138,3,,,1,15,,37158,3,,,1,15,,37177,3,,,1,15,,37196,3,,,1,55,,37139,3,,,1,15,,37159,3,,,1,15,,37178,3,,,1,15,,37197,3,,,1,55,,37140,3,,,1,15,,37160,3,,,1,15,,37179,3,,,1,15,,37198,3,,,1,55,,37141,3,,,1,15,,37161,3,,,1,15,,37180,3,,,1,15,,37199,3,,,1,55,,37142,3,,,1,15,,37162,3,,,1,15,,37181,3,,,1,15,,37200,3,,,1,55,,37143,3,,,1,15,,37163,3,,,1,15,,37182,3,,,1,15,,37201,3,,,1,55,,37144,3,,,1,15,,37164,3,,,1,15,,37183,3,,,1,15,,37202,3,,,1,55,,37145,3,,,1,15,,37165,3,,,1,15,,37184,3,,,1,15,,37203,3,,,1,55,,37146,3,,,1,15,,37166,3,,,1,15,,37185,3,,,1,15,,37204,3,,,1,55,,37147,3,,,1
0,'20261115',612,,37205,3,,,1,15,,37225,3,,,1,15,,37244,3,,,1,15,,37263,3,,,1,55,,37206,3,,,1,15,,37226,3,,,1,15,,37245,3,,,1,15,,37264,3,,,1,55,,37207,3,,,1,15,,37227,3,,,1,15,,37246,3,,,1,15,,37265,3,,,1,55,,37208,3,,,1,15,,37228,3,,,1,15,,37247,3,,,1,15,,37266,3,,,1,55,,37209,3,,,1,15,,37229,3,,,1,15,,37248,3,,,1,15,,37267,3,,,1,55,,37210,3,,,1,15,,37230,3,,,1,15,,37249,3,,,1,15,,37268,3,,,1,55,,37211,3,,,1,15,,37231,3,,,1,15,,37250,3,,,1,15,,37269,3,,,1,55,,37212,3,,,1,15,,37232,3,,,1,15,,37251,3,,,1,15,,37270,3,,,1,55,,37213,3,,,1,15,,37233,3,,,1,15,,37252,3,,,1,15,,37271,3,,,1,55,,37214,3,,,1,15,,37234,3,,,1,15,,37253,3,,,1,15,,37272,3,,,1,55,,37215,3,,,1,15,,37235,3,,,1,15,,37254,3,,,1,15,,37273,3,,,1,55,,37216,3,,,1,15,,37236,3,,,1,15,,37255,3,,,1,15,,37274,3,,,1,55,,37217,3,,,1,15,,37237,3,,,1,15,,37256,3,,,1,15,,37275,3,,,1,55,,37218,3,,,1,15,,37238,3,,,1,15,,37257,3,,,1,15,,37276,3,,,1,55,,37219,3,,,1,15,,37239,3,,,1,15,,37258,3,,,1,15,,37277,3,,,1,55,,37220,3,,,1,15,,37240,3,,,1,15,,37259,3,,,1,15,,37278,3,,,1,55,,37221,3,,,1,15,,37241,3,,,1,15,,37260,3,,,1,15,,37279,3,,,1,55,,37222,3,,,1,15,,37242,3,,,1,15,,37261,3,,,1,15,,37280,3,,,1,55,,37223,3,,,1,15,,37243,3,,,1,15,,37262,3,,,1,15,,37281,3,,,1,55,,37224,3,,,1
0,'20261116',612,,37282,3,,,1,15,,37302,3,,,1,15,,37321,3,,,1,15,,37340,3,,,1,55,,37283,3,,,1,15,,37303,3,,,1,15,,37322,3,,,1,15,,37341,3,,,1,55,,37284,3,,,1,15,,37304,3,,,1,15,,37323,3,,,1,15,,37342,3,,,1,55,,37285,3,,,1,15,,37305,3,,,1,15,,37324,3,,,1,15,,37343,3,,,1,55,,37286,3,,,1,15,,37306,3,,,1,15,,37325,3,,,1,15,,37344,3,,,1,55,,37287,3,,,1,15,,37307,3,,,1,15,,37326,3,,,1,15,,37345,3,,,1,55,,37288,3,,,1,15,,37308,3,,,1,15,,37327,3,,,1,15,,37346,3,,,1,55,,37289,3,,,1,15,,37309,3,,,1,15,,37328,3,,,1,15,,37347,3,,,1,55,,37290,3,,,1,15,,37310,3,,,1,15,,37329,3,,,1,15,,37348,3,,,1,55,,37291,3,,,1,15,,37311,3,,,1,15,,37330,3,,,1,15,,37349,3,,,1,55,,37292,3,,,1,15,,37312,3,,,1,15,,37331,3,,,1,15,,37350,3,,,1,55,,37293,3,,,1,15,,37313,3,,,1,15,,37332,3,,,1,15,,37351,3,,,1,55,,37294,3,,,1,15,,37314,3,,,1,15,,37333,3,,,1,15,,37352,3,,,1,55,,37295,3,,,1,15,,37315,3,,,1,15,,37334,3,,,1,15,,37353,3,,,1,55,,37296,3,,,1,15,,37316,3,,,1,15,,37335,3,,,1,15,,37354,3,,,1,55,,37297,3,,,1,15,,37317,3,,,1,15,,37336,3,,,1,15,,37355,3,,,1,55,,37298,3,,,1,15,,37318,3,,,1,15,,37337,3,,,1,15,,37356,3,,,1,55,,37299,3,,,1,15,,37319,3,,,1,15,,37338,3,,,1,15,,37357,3,,,1,55,,37300,3,,,1,15,,37320,3,,,1,15,,37339,3,,,1,15,,37358,3,,,1,55,,37301,3,,,1
0,'20261117',507,,37419,3,,,1,15,,37359,3,,,1,20,,37399,3,,,1,15,,37420,3,,,1,55,,37360,3,,,1,15,,37380,3,,,1,15,,37400,3,,,1,15,,37421,3,,,1,55,,37361,3,,,1,15,,37381,3,,,1,15,,37401,3,,,1,15,,37422,3,,,1,55,,37362,3,,,1,15,,37382,3,,,1,15,,37402,3,,,1,15,,37423,3,,,1,55,,37363,3,,,1,15,,37383,3,,,1,15,,37403,3,,,1,15,,37424,3,,,1,55,,37364,3,,,1,15,,37384,3,,,1,15,,37404,3,,,1,15,,37425,3,,,1,55,,37365,3,,,1,15,,37385,3,,,1,15,,37405,3,,,1,15,,37426,3,,,1,55,,37366,3,,,1,15,,37386,3,,,1,15,,37406,3,,,1,15,,37427,3,,,1,55,,37367,3,,,1,15,,37387,3,,,1,15,,37407,3,,,1,15,,37428,3,,,1,55,,37368,3,,,1,15,,37388,3,,,1,15,,37408,3,,,1,15,,37429,3,,,1,55,,37369,3,,,1,15,,37389,3,,,1,15,,37409,3,,,1,15,,37430,3,,,1,55,,37370,3,,,1,15,,37390,3,,,1,15,,37410,3,,,1,15,,37431,3,,,1,55,,37371,3,,,1,15,,37391,3,,,1,15,,37411,3,,,1,15,,37432,3,,,1,55,,37372,3,,,1,15,,37392,3,,,1,15,,37412,3,,,1,15,,37433,3,,,1,55,,37373,3,,,1,15,,37393,3,,,1,15,,37413,3,,,1,15,,37434,3,,,1,55,,37374,3,,,1,15,,37394,3,,,1,15,,37414,3,,,1,15,,37435,3,,,1,55,,37375,3,,,1,15,,37395,3,,,1,15,,37415,3,,,1,15,,37436,3,,,1,55,,37376,3,,,1,15,,37396,3,,,1,15,,37416,3,,,1,15,,37437,3,,,1,55,,37377,3,,,1,15,,37397,3,,,1,15,,37417,3,,,1,15,,37438,3,,,1,55,,37378,3,,,1,15,,37398,3,,,1,15,,37418,3,,,1,15,,37439,3,,,1,55,,37379,3,,,1
0,'20261118',507,,37500,3,,,1,15,,37440,3,,,1,20,,37480,3,,,1,15,,37501,3,,,1,55,,37441,3,,,1,15,,37461,3,,,1,15,,37481,3,,,1,15,,37502,3,,,1,55,,37442,3,,,1,15,,37462,3,,,1,15,,37482,3,,,1,15,,37503,3,,,1,55,,37443,3,,,1,15,,37463,3,,,1,15,,37483,3,,,1,15,,37504,3,,,1,55,,37444,3,,,1,15,,37464,3,,,1,15,,37484,3,,,1,15,,37505,3,,,1,55,,37445,3,,,1,15,,37465,3,,,1,15,,37485,3,,,1,15,,37506,3,,,1,55,,37446,3,,,1,15,,37466,3,,,1,15,,37486,3,,,1,15,,37507,3,,,1,55,,37447,3,,,1,15,,37467,3,,,1,15,,37487,3,,,1,15,,37508,3,,,1,55,,37448,3,,,1,15,,37468,3,,,1,15,,37488,3,,,1,15,,37509,3,,,1,55,,37449,3,,,1,15,,37469,3,,,1,15,,37489,3,,,1,15,,37510,3,,,1,55,,37450,3,,,1,15,,37470,3,,,1,15,,37490,3,,,1,15,,37511,3,,,1,55,,37451,3,,,1,15,,37471,3,,,1,15,,37491,3,,,1,15,,37512,3,,,1,55,,37452,3,,,1,15,,37472,3,,,1,15,,37492,3,,,1,15,,37513,3,,,1,55,,37453,3,,,1,15,,37473,3,,,1,15,,37493,3,,,1,15,,37514,3,,,1,55,,37454,3,,,1,15,,37474,3,,,1,15,,37494,3,,,1,15,,37515,3,,,1,55,,37455,3,,,1,15,,37475,3,,,1,15,,37495,3,,,1,15,,37516,3,,,1,55,,37456,3,,,1,15,,37476,3,,,1,15,,37496,3,,,1,15,,37517,3,,,1,55,,37457,3,,,1,15,,37477,3,,,1,15,,37497,3,,,1,15,,37518,3,,,1,55,,37458,3,,,1,15,,37478,3,,,1,15,,37498,3,,,1,15,,37519,3,,,1,55,,37459,3,,,1,15,,37479,3,,,1,15,,37499,3,,,1,15,,37520,3,,,1,55,,37460,3,,,1
0,'20261119',507,,37581,3,,,1,15,,37521,3,,,1,20,,37561,3,,,1,15,,37582,3,,,1,55,,37522,3,,,1,15,,37542,3,,,1,15,,37562,3,,,1,15,,37583,3,,,1,55,,37523,3,,,1,15,,37543,3,,,1,15,,37563,3,,,1,15,,37584,3,,,1,55,,37524,3,,,1,15,,37544,3,,,1,15,,37564,3,,,1,15,,37585,3,,,1,55,,37525,3,,,1,15,,37545,3,,,1,15,,37565,3,,,1,15,,37586,3,,,1,55,,37526,3,,,1,15,,37546,3,,,1,15,,37566,3,,,1,15,,37587,3,,,1,55,,37527,3,,,1,15,,37547,3,,,1,15,,37567,3,,,1,15,,37588,3,,,1,55,,37528,3,,,1,15,,37548,3,,,1,15,,37568,3,,,1,15,,37589,3,,,1,55,,37529,3,,,1,15,,37549,3,,,1,15,,37569,3,,,1,15,,37590,3,,,1,55,,37530,3,,,1,15,,37550,3,,,1,15,,37570,3,,,1,15,,37591,3,,,1,55,,37531,3,,,1,15,,37551,3,,,1,15,,37571,3,,,1,15,,37592,3,,,1,55,,37532,3,,,1,15,,37552,3,,,1,15,,37572,3,,,1,15,,37593,3,,,1,55,,37533,3,,,1,15,,37553,3,,,1,15,,37573,3,,,1,15,,37594,3,,,1,55,,37534,3,,,1,15,,37554,3,,,1,15,,37574,3,,,1,15,,37595,3,,,1,55,,37535,3,,,1,15,,37555,3,,,1,15,,37575,3,,,1,15,,37596,3,,,1,55,,37536,3,,,1,15,,37556,3,,,1,15,,37576,3,,,1,15,,37597,3,,,1,55,,37537,3,,,1,15,,37557,3,,,1,15,,37577,3,,,1,15,,37598,3,,,1,55,,37538,3,,,1,15,,37558,3,,,1,15,,37578,3,,,1,15,,37599,3,,,1,55,,37539,3,,,1,15,,37559,3,,,1,15,,37579,3,,,1,15,,37600,3,,,1,55,,37540,3,,,1,15,,37560,3,,,1,15,,37580,3,,,1,15,,37601,3,,,1,55,,37541,3,,,1
0,'20261120',507,,37662,3,,,1,15,,37602,3,,,1,20,,37642,3,,,1,15,,37663,3,,,1,55,,37603,3,,,1,15,,37623,3,,,1,15,,37643,3,,,1,15,,37664,3,,,1,55,,37604,3,,,1,15,,37624,3,,,1,15,,37644,3,,,1,15,,37665,3,,,1,55,,37605,3,,,1,15,,37625,3,,,1,15,,37645,3,,,1,15,,37666,3,,,1,55,,37606,3,,,1,15,,37626,3,,,1,15,,37646,3,,,1,15,,37667,3,,,1,55,,37607,3,,,1,15,,37627,3,,,1,15,,37647,3,,,1,15,,37668,3,,,1,55,,37608,3,,,1,15,,37628,3,,,1,15,,37648,3,,,1,15,,37669,3,,,1,55,,37609,3,,,1,15,,37629,3,,,1,15,,37649,3,,,1,15,,37670,3,,,1,55,,37610,3,,,1,15,,37630,3,,,1,15,,37650,3,,,1,15,,37671,3,,,1,55,,37611,3,,,1,15,,37631,3,,,1,15,,37651,3,,,1,15,,37672,3,,,1,55,,37612,3,,,1,15,,37632,3,,,1,15,,37652,3,,,1,15,,37673,3,,,1,55,,37613,3,,,1,15,,37633,3,,,1,15,,37653,3,,,1,15,,37674,3,,,1,55,,37614,3,,,1,15,,37634,3,,,1,15,,37654,3,,,1,15,,37675,3,,,1,55,,37615,3,,,1,15,,37635,3,,,1,15,,37655,3,,,1,15,,37676,3,,,1,55,,37616,3,,,1,15,,37636,3,,,1,15,,37656,3,,,1,15,,37677,3,,,1,55,,37617,3,,,1,15,,37637,3,,,1,15,,37657,3,,,1,15,,37678,3,,,1,55,,37618,3,,,1,15,,37638,3,,,1,15,,37658,3,,,1,15,,37679,3,,,1,55,,37619,3,,,1,15,,37639,3,,,1,15,,37659,3,,,1,15,,37680,3,,,1,55,,37620,3,,,1,15,,37640,3,,,1,15,,37660,3,,,1,15,,37681,3,,,1,55,,37621,3,,,1,15,,37641,3,,,1,15,,37661,3,,,1,15,,37682,3,,,1,55,,37622,3,,,1
0,'20261121',612,,37683,3,,,1,15,,37703,3,,,1,15,,37722,3,,,1,15,,37741,3,,,1,55,,37684,3,,,1,15,,37704,3,,,1,15,,37723,3,,,1,15,,37742,3,,,1,55,,37685,3,,,1,15,,37705,3,,,1,15,,37724,3,,,1,15,,37743,3,,,1,55,,37686,3,,,1,15,,37706,3,,,1,15,,37725,3,,,1,15,,37744,3,,,1,55,,37687,3,,,1,15,,37707,3,,,1,15,,37726,3,,,1,15,,37745,3,,,1,55,,37688,3,,,1,15,,37708,3,,,1,15,,37727,3,,,1,15,,37746,3,,,1,55,,37689,3,,,1,15,,37709,3,,,1,15,,37728,3,,,1,15,,37747,3,,,1,55,,37690,3,,,1,15,,37710,3,,,1,15,,37729,3,,,1,15,,37748,3,,,1,55,,37691,3,,,1,15,,37711,3,,,1,15,,37730,3,,,1,15,,37749,3,,,1,55,,37692,3,,,1,15,,37712,3,,,1,15,,37731,3,,,1,15,,37750,3,,,1,55,,37693,3,,,1,15,,37713,3,,,1,15,,37732,3,,,1,15,,37751,3,,,1,55,,37694,3,,,1,15,,37714,3,,,1,15,,37733,3,,,1,15,,37752,3,,,1,55,,37695,3,,,1,15,,37715,3,,,1,15,,37734,3,,,1,15,,37753,3,,,1,55,,37696,3,,,1,15,,37716,3,,,1,15,,37735,3,,,1,15,,37754,3,,,1,55,,37697,3,,,1,15,,37717,3,,,1,15,,37736,3,,,1,15,,37755,3,,,1,55,,37698,3,,,1,15,,37718,3,,,1,15,,37737,3,,,1,15,,37756,3,,,1,55,,37699,3,,,1,15,,37719,3,,,1,15,,37738,3,,,1,15,,37757,3,,,1,55,,37700,3,,,1,15,,37720,3,,,1,15,,37739,3,,,1,15,,37758,3,,,1,55,,37701,3,,,1,15,,37721,3,,,1,15,,37740,3,,,1,15,,37759,3,,,1,55,,37702,3,,,1
0,'20261122',612,,37760,3,,,1,15,,37780,3,,,1,15,,37799,3,,,1,15,,37818,3,,,1,55,,37761,3,,,1,15,,37781,3,,,1,15,,37800,3,,,1,15,,37819,3,,,1,55,,37762,3,,,1,15,,37782,3,,,1,15,,37801,3,,,1,15,,37820,3,,,1,55,,37763,3,,,1,15,,37783,3,,,1,15,,37802,3,,,1,15,,37821,3,,,1,55,,37764,3,,,1,15,,37784,3,,,1,15,,37803,3,,,1,15,,37822,3,,,1,55,,37765,3,,,1,15,,37785,3,,,1,15,,37804,3,,,1,15,,37823,3,,,1,55,,37766,3,,,1,15,,37786,3,,,1,15,,37805,3,,,1,15,,37824,3,,,1,55,,37767,3,,,1,15,,37787,3,,,1,15,,37806,3,,,1,15,,37825,3,,,1,55,,37768,3,,,1,15,,37788,3,,,1,15,,37807,3,,,1,15,,37826,3,,,1,55,,37769,3,,,1,15,,37789,3,,,1,15,,37808,3,,,1,15,,37827,3,,,1,55,,37770,3,,,1,15,,37790,3,,,1,15,,37809,3,,,1,15,,37828,3,,,1,55,,37771,3,,,1,15,,37791,3,,,1,15,,37810,3,,,1,15,,37829,3,,,1,55,,37772,3,,,1,15,,37792,3,,,1,15,,37811,3,,,1,15,,37830,3,,,1,55,,37773,3,,,1,15,,37793,3,,,1,15,,37812,3,,,1,15,,37831,3,,,1,55,,37774,3,,,1,15,,37794,3,,,1,15,,37813,3,,,1,15,,37832,3,,,1,55,,37775,3,,,1,15,,37795,3,,,1,15,,37814,3,,,1,15,,37833,3,,,1,55,,37776,3,,,1,15,,37796,3,,,1,15,,37815,3,,,1,15,,37834,3,,,1,55,,37777,3,,,1,15,,37797,3,,,1,15,,37816,3,,,1,15,,37835,3,,,1,55,,37778,3,,,1,15,,37798,3,,,1,15,,37817,3,,,1,15,,37836,3,,,1,55,,37779,3,,,1
0,'20261123',612,,37837,3,,,1,15,,37857,3,,,1,15,,37876,3,,,1,15,,37895,3,,,1,55,,37838,3,,,1,15,,37858,3,,,1,15,,37877,3,,,1,15,,37896,3,,,1,55,,37839,3,,,1,15,,37859,3,,,1,15,,37878,3,,,1,15,,37897,3,,,1,55,,37840,3,,,1,15,,37860,3,,,1,15,,37879,3,,,1,15,,37898,3,,,1,55,,37841,3,,,1,15,,37861,3,,,1,15,,37880,3,,,1,15,,37899,3,,,1,55,,37842,3,,,1,15,,37862,3,,,1,15,,37881,3,,,1,15,,37900,3,,,1,55,,37843,3,,,1,15,,37863,3,,,1,15,,37882,3,,,1,15,,37901,3,,,1,55,,37844,3,,,1,15,,37864,3,,,1,15,,37883,3,,,1,15,,37902,3,,,1,55,,37845,3,,,1,15,,37865,3,,,1,15,,37884,3,,,1,15,,37903,3,,,1,55,,37846,3,,,1,15,,37866,3,,,1,15,,37885,3,,,1,15,,37904,3,,,1,55,,37847,3,,,1,15,,37867,3,,,1,15,,37886,3,,,1,15,,37905,3,,,1,55,,37848,3,,,1,15,,37868,3,,,1,15,,37887,3,,,1,15,,37906,3,,,1,55,,37849,3,,,1,15,,37869,3,,,1,15,,37888,3,,,1,15,,37907,3,,,1,55,,37850,3,,,1,15,,37870,3,,,1,15,,37889,3,,,1,15,,37908,3,,,1,55,,37851,3,,,1,15,,37871,3,,,1,15,,37890,3,,,1,15,,37909,3,,,1,55,,37852,3,,,1,15,,37872,3,,,1,15,,37891,3,,,1,15,,37910,3,,,1,55,,37853,3,,,1,15,,37873,3,,,1,15,,37892,3,,,1,15,,37911,3,,,1,55,,37854,3,,,1,15,,37874,3,,,1,15,,37893,3,,,1,15,,37912,3,,,1,55,,37855,3,,,1,15,,37875,3,,,1,15,,37894,3,,,1,15,,37913,3,,,1,55,,37856,3,,,1
0,'20261124',507,,37974,3,,,1,15,,37914,3,,,1,20,,37954,3,,,1,15,,37975,3,,,1,55,,37915,3,,,1,15,,37935,3,,,1,15,,37955,3,,,1,15,,37976,3,,,1,55,,37916,3,,,1,15,,37936,3,,,1,15,,37956,3,,,1,15,,37977,3,,,1,55,,37917,3,,,1,15,,37937,3,,,1,15,,37957,3,,,1,15,,37978,3,,,1,55,,37918,3,,,1,15,,37938,3,,,1,15,,37958,3,,,1,15,,37979,3,,,1,55,,37919,3,,,1,15,,37939,3,,,1,15,,37959,3,,,1,15,,37980,3,,,1,55,,37920,3,,,1,15,,37940,3,,,1,15,,37960,3,,,1,15,,37981,3,,,1,55,,37921,3,,,1,15,,37941,3,,,1,15,,37961,3,,,1,15,,37982,3,,,1,55,,37922,3,,,1,15,,37942,3,,,1,15,,37962,3,,,1,15,,37983,3,,,1,55,,37923,3,,,1,15,,37943,3,,,1,15,,37963,3,,,1,15,,37984,3,,,1,55,,37924,3,,,1,15,,37944,3,,,1,15,,37964,3,,,1,15,,37985,3,,,1,55,,37925,3,,,1,15,,37945,3,,,1,15,,37965,3,,,1,15,,37986,3,,,1,55,,37926,3,,,1,15,,37946,3,,,1,15,,37966,3,,,1,15,,37987,3,,,1,55,,37927,3,,,1,15,,37947,3,,,1,15,,37967,3,,,1,15,,37988,3,,,1,55,,37928,3,,,1,15,,37948,3,,,1,15,,37968,3,,,1,15,,37989,3,,,1,55,,37929,3,,,1,15,,37949,3,,,1,15,,37969,3,,,1,15,,37990,3,,,1,55,,37930,3,,,1,15,,37950,3,,,1,15,,37970,3,,,1,15,,37991,3,,,1,55,,37931,3,,,1,15,,37951,3,,,1,15,,37971,3,,,1,15,,37992,3,,,1,55,,37932,3,,,1,15,,37952,3,,,1,15,,37972,3,,,1,15,,37993,3,,,1,55,,37933,3,,,1,15,,37953,3,,,1,15,,37973,3,,,1,15,,37994,3,,,1,55,,37934,3,,,1
0,'20261125',507,,38055,3,,,1,15,,37995,3,,,1,20,,38035,3,,,1,15,,38056,3,,,1,55,,37996,3,,,1,15,,38016,3,,,1,15,,38036,3,,,1,15,,38057,3,,,1,55,,37997,3,,,1,15,,38017,3,,,1,15,,38037,3,,,1,15,,38058,3,,,1,55,,37998,3,,,1,15,,38018,3,,,1,15,,38038,3,,,1,15,,38059,3,,,1,55,,37999,3,,,1,15,,38019,3,,,1,15,,38039,3,,,1,15,,38060,3,,,1,55,,38000,3,,,1,15,,38020,3,,,1,15,,38040,3,,,1,15,,38061,3,,,1,55,,38001,3,,,1,15,,38021,3,,,1,15,,38041,3,,,1,15,,38062,3,,,1,55,,38002,3,,,1,15,,38022,3,,,1,15,,38042,3,,,1,15,,38063,3,,,1,55,,38003,3,,,1,15,,38023,3,,,1,15,,38043,3,,,1,15,,38064,3,,,1,55,,38004,3,,,1,15,,38024,3,,,1,15,,38044,3,,,1,15,,38065,3,,,1,55,,38005,3,,,1,15,,38025,3,,,1,15,,38045,3,,,1,15,,38066,3,,,1,55,,38006,3,,,1,15,,38026,3,,,1,15,,38046,3,,,1,15,,38067,3,,,1,55,,38007,3,,,1,15,,38027,3,,,1,15,,38047,3,,,1,15,,38068,3,,,1,55,,38008,3,,,1,15,,38028,3,,,1,15,,38048,3,,,1,15,,38069,3,,,1,55,,38009,3,,,1,15,,38029,3,,,1,15,,38049,3,,,1,15,,38070,3,,,1,55,,38010,3,,,1,15,,38030,3,,,1,15,,38050,3,,,1,15,,38071,3,,,1,55,,38011,3,,,1,15,,38031,3,,,1,15,,38051,3,,,1,15,,38072,3,,,1,55,,38012,3,,,1,15,,38032,3,,,1,15,,38052,3,,,1,15,,38073,3,,,1,55,,38013,3,,,1,15,,38033,3,,,1,15,,38053,3,,,1,15,,38074,3,,,1,55,,38014,3,,,1,15,,38034,3,,,1,15,,38054,3,,,1,15,,38075,3,,,1,55,,38015,3,,,1
0,'20261126',507,,38136,3,,,1,15,,38076,3,,,1,20,,38116,3,,,1,15,,38137,3,,,1,55,,38077,3,,,1,15,,38097,3,,,1,15,,38117,3,,,1,15,,38138,3,,,1,55,,38078,3,,,1,15,,38098,3,,,1,15,,38118,3,,,1,15,,38139,3,,,1,55,,38079,3,,,1,15,,38099,3,,,1,15,,38119,3,,,1,15,,38140,3,,,1,55,,38080,3,,,1,15,,38100,3,,,1,15,,38120,3,,,1,15,,38141,3,,,1,55,,38081,3,,,1,15,,38101,3,,,1,15,,38121,3,,,1,15,,38142,3,,,1,55,,38082,3,,,1,15,,38102,3,,,1,15,,38122,3,,,1,15,,38143,3,,,1,55,,38083,3,,,1,15,,38103,3,,,1,15,,38123,3,,,1,15,,38144,3,,,1,55,,38084,3,,,1,15,,38104,3,,,1,15,,38124,3,,,1,15,,38145,3,,,1,55,,38085,3,,,1,15,,38105,3,,,1,15,,38125,3,,,1,15,,38146,3,,,1,55,,38086,3,,,1,15,,38106,3,,,1,15,,38126,3,,,1,15,,38147,3,,,1,55,,38087,3,,,1,15,,38107,3,,,1,15,,38127,3,,,1,15,,38148,3,,,1,55,,38088,3,,,1,15,,38108,3,,,1,15,,38128,3,,,1,15,,38149,3,,,1,55,,38089,3,,,1,15,,38109,3,,,1,15,,38129,3,,,1,15,,38150,3,,,1,55,,38090,3,,,1,15,,38110,3,,,1,15,,38130,3,,,1,15,,38151,3,,,1,55,,38091,3,,,1,15,,38111,3,,,1,15,,38131,3,,,1,15,,38152,3,,,1,55,,38092,3,,,1,15,,38112,3,,,1,15,,38132,3,,,1,15,,38153,3,,,1,55,,38093,3,,,1,15,,38113,3,,,1,15,,38133,3,,,1,15,,38154,3,,,1,55,,38094,3,,,1,15,,38114,3,,,1,15,,38134,3,,,1,15,,38155,3,,,1,55,,38095,3,,,1,15,,38115,3,,,1,15,,38135,3,,,1,15,,38156,3,,,1,55,,38096,3,,,1
0,'20261127',507,,38217,3,,,1,15,,38157,3,,,1,20,,38197,3,,,1,15,,38218,3,,,1,55,,38158,3,,,1,15,,38178,3,,,1,15,,38198,3,,,1,15,,38219,3,,,1,55,,38159,3,,,1,15,,38179,3,,,1,15,,38199,3,,,1,15,,38220,3,,,1,55,,38160,3,,,1,15,,38180,3,,,1,15,,38200,3,,,1,15,,38221,3,,,1,55,,38161,3,,,1,15,,38181,3,,,1,15,,38201,3,,,1,15,,38222,3,,,1,55,,38162,3,,,1,15,,38182,3,,,1,15,,38202,3,,,1,15,,38223,3,,,1,55,,38163,3,,,1,15,,38183,3,,,1,15,,38203,3,,,1,15,,38224,3,,,1,55,,38164,3,,,1,15,,38184,3,,,1,15,,38204,3,,,1,15,,38225,3,,,1,55,,38165,3,,,1,15,,38185,3,,,1,15,,38205,3,,,1,15,,38226,3,,,1,55,,38166,3,,,1,15,,38186,3,,,1,15,,38206,3,,,1,15,,38227,3,,,1,55,,38167,3,,,1,15,,38187,3,,,1,15,,38207,3,,,1,15,,38228,3,,,1,55,,38168,3,,,1,15,,38188,3,,,1,15,,38208,3,,,1,15,,38229,3,,,1,55,,38169,3,,,1,15,,38189,3,,,1,15,,38209,3,,,1,15,,38230,3,,,1,55,,38170,3,,,1,15,,38190,3,,,1,15,,38210,3,,,1,15,,38231,3,,,1,55,,38171,3,,,1,15,,38191,3,,,1,15,,38211,3,,,1,15,,38232,3,,,1,55,,38172,3,,,1,15,,38192,3,,,1,15,,38212,3,,,1,15,,38233,3,,,1,55,,38173,3,,,1,15,,38193,3,,,1,15,,38213,3,,,1,15,,38234,3,,,1,55,,38174,3,,,1,15,,38194,3,,,1,15,,38214,3,,,1,15,,38235,3,,,1,55,,38175,3,,,1,15,,38195,3,,,1,15,,38215,3,,,1,15,,38236,3,,,1,55,,38176,3,,,1,15,,38196,3,,,1,15,,38216,3,,,1,15,,38237,3,,,1,55,,38177,3,,,1
0,'20261128',612,,38238,3,,,1,15,,38258,3,,,1,15,,38277,3,,,1,15,,38296,3,,,1,55,,38239,3,,,1,15,,38259,3,,,1,15,,38278,3,,,1,15,,38297,3,,,1,55,,38240,3,,,1,15,,38260,3,,,1,15,,38279,3,,,1,15,,38298,3,,,1,55,,38241,3,,,1,15,,38261,3,,,1,15,,38280,3,,,1,15,,38299,3,,,1,55,,38242,3,,,1,15,,38262,3,,,1,15,,38281,3,,,1,15,,38300,3,,,1,55,,38243,3,,,1,15,,38263,3,,,1,15,,38282,3,,,1,15,,38301,3,,,1,55,,38244,3,,,1,15,,38264,3,,,1,15,,38283,3,,,1,15,,38302,3,,,1,55,,38245,3,,,1,15,,38265,3,,,1,15,,38284,3,,,1,15,,38303,3,,,1,55,,38246,3,,,1,15,,38266,3,,,1,15,,38285,3,,,1,15,,38304,3,,,1,55,,38247,3,,,1,15,,38267,3,,,1,15,,38286,3,,,1,15,,38305,3,,,1,55,,38248,3,,,1,15,,38268,3,,,1,15,,38287,3,,,1,15,,38306,3,,,1,55,,38249,3,,,1,15,,38269,3,,,1,15,,38288,3,,,1,15,,38307,3,,,1,55,,38250,3,,,1,15,,38270,3,,,1,15,,38289,3,,,1,15,,38308,3,,,1,55,,38251,3,,,1,15,,38271,3,,,1,15,,38290,3,,,1,15,,38309,3,,,1,55,,38252,3,,,1,15,,38272,3,,,1,15,,38291,3,,,1,15,,38310,3,,,1,55,,38253,3,,,1,15,,38273,3,,,1,15,,38292,3,,,1,15,,38311,3,,,1,55,,38254,3,,,1,15,,38274,3,,,1,15,,38293,3,,,1,15,,38312,3,,,1,55,,38255,3,,,1,15,,38275,3,,,1,15,,38294,3,,,1,15,,38313,3,,,1,55,,38256,3,,,1,15,,38276,3,,,1,15,,38295,3,,,1,15,,38314,3,,,1,55,,38257,3,,,1
0,'20261129',612,,38315,3,,,1,15,,38335,3,,,1,15,,38354,3,,,1,15,,38373,3,,,1,55,,38316,3,,,1,15,,38336,3,,,1,15,,38355,3,,,1,15,,38374,3,,,1,55,,38317,3,,,1,15,,38337,3,,,1,15,,38356,3,,,1,15,,38375,3,,,1,55,,38318,3,,,1,15,,38338,3,,,1,15,,38357,3,,,1,15,,38376,3,,,1,55,,38319,3,,,1,15,,38339,3,,,1,15,,38358,3,,,1,15,,38377,3,,,1,55,,38320,3,,,1,15,,38340,3,,,1,15,,38359,3,,,1,15,,38378,3,,,1,55,,38321,3,,,1,15,,38341,3,,,1,15,,38360,3,,,1,15,,38379,3,,,1,55,,38322,3,,,1,15,,38342,3,,,1,15,,38361,3,,,1,15,,38380,3,,,1,55,,38323,3,,,1,15,,38343,3,,,1,15,,38362,3,,,1,15,,38381,3,,,1,55,,38324,3,,,1,15,,38344,3,,,1,15,,38363,3,,,1,15,,38382,3,,,1,55,,38325,3,,,1,15,,38345,3,,,1,15,,38364,3,,,1,15,,38383,3,,,1,55,,38326,3,,,1,15,,38346,3,,,1,15,,38365,3,,,1,15,,38384,3,,,1,55,,38327,3,,,1,15,,38347,3,,,1,15,,38366,3,,,1,15,,38385,3,,,1,55,,38328,3,,,1,15,,38348,3,,,1,15,,38367,3,,,1,15,,38386,3,,,1,55,,38329,3,,,1,15,,38349,3,,,1,15,,38368,3,,,1,15,,38387,3,,,1,55,,38330,3,,,1,15,,38350,3,,,1,15,,38369,3,,,1,15,,38388,3,,,1,55,,38331,3,,,1,15,,38351,3,,,1,15,,38370,3,,,1,15,,38389,3,,,1,55,,38332,3,,,1,15,,38352,3,,,1,15,,38371,3,,,1,15,,38390,3,,,1,55,,38333,3,,,1,15,,38353,3,,,1,15,,38372,3,,,1,15,,38391,3,,,1,55,,38334,3,,,1
0,'20261130',612,,38392,3,,,1,15,,38412,3,,,1,15,,38431,3,,,1,15,,38450,3,,,1,55,,38393,3,,,1,15,,38413,3,,,1,15,,38432,3,,,1,15,,38451,3,,,1,55,,38394,3,,,1,15,,38414,3,,,1,15,,38433,3,,,1,15,,38452,3,,,1,55,,38395,3,,,1,15,,38415,3,,,1,15,,38434,3,,,1,15,,38453,3,,,1,55,,38396,3,,,1,15,,38416,3,,,1,15,,38435,3,,,1,15,,38454,3,,,1,55,,38397,3,,,1,15,,38417,3,,,1,15,,38436,3,,,1,15,,38455,3,,,1,55,,38398,3,,,1,15,,38418,3,,,1,15,,38437,3,,,1,15,,38456,3,,,1,55,,38399,3,,,1,15,,38419,3,,,1,15,,38438,3,,,1,15,,38457,3,,,1,55,,38400,3,,,1,15,,38420,3,,,1,15,,38439,3,,,1,15,,38458,3,,,1,55,,38401,3,,,1,15,,38421,3,,,1,15,,38440,3,,,1,15,,38459,3,,,1,55,,38402,3,,,1,15,,38422,3,,,1,15,,38441,3,,,1,15,,38460,3,,,1,55,,38403,3,,,1,15,,38423,3,,,1,15,,38442,3,,,1,15,,38461,3,,,1,55,,38404,3,,,1,15,,38424,3,,,1,15,,38443,3,,,1,15,,38462,3,,,1,55,,38405,3,,,1,15,,38425,3,,,1,15,,38444,3,,,1,15,,38463,3,,,1,55,,38406,3,,,1,15,,38426,3,,,1,15,,38445,3,,,1,15,,38464,3,,,1,55,,38407,3,,,1,15,,38427,3,,,1,15,,38446,3,,,1,15,,38465,3,,,1,55,,38408,3,,,1,15,,38428,3,,,1,15,,38447,3,,,1,15,,38466,3,,,1,55,,38409,3,,,1,15,,38429,3,,,1,15,,38448,3,,,1,15,,38467,3,,,1,55,,38410,3,,,1,15,,38430,3,,,1,15,,38449,3,,,1,15,,38468,3,,,1,55,,38411,3,,,1
0,'20261201',507,,38529,3,,,1,15,,38469,3,,,1,20,,38509,3,,,1,15,,38530,3,,,1,55,,38470,3,,,1,15,,38490,3,,,1,15,,38510,3,,,1,15,,38531,3,,,1,55,,38471,3,,,1,15,,38491,3,,,1,15,,38511,3,,,1,15,,38532,3,,,1,55,,38472,3,,,1,15,,38492,3,,,1,15,,38512,3,,,1,15,,38533,3,,,1,55,,38473,3,,,1,15,,38493,3,,,1,15,,38513,3,,,1,15,,38534,3,,,1,55,,38474,3,,,1,15,,38494,3,,,1,15,,38514,3,,,1,15,,38535,3,,,1,55,,38475,3,,,1,15,,38495,3,,,1,15,,38515,3,,,1,15,,38536,3,,,1,55,,38476,3,,,1,15,,38496,3,,,1,15,,38516,3,,,1,15,,38537,3,,,1,55,,38477,3,,,1,15,,38497,3,,,1,15,,38517,3,,,1,15,,38538,3,,,1,55,,38478,3,,,1,15,,38498,3,,,1,15,,38518,3,,,1,15,,38539,3,,,1,55,,38479,3,,,1,15,,38499,3,,,1,15,,38519,3,,,1,15,,38540,3,,,1,55,,38480,3,,,1,15,,38500,3,,,1,15,,38520,3,,,1,15,,38541,3,,,1,55,,38481,3,,,1,15,,38501,3,,,1,15,,38521,3,,,1,15,,38542,3,,,1,55,,38482,3,,,1,15,,38502,3,,,1,15,,38522,3,,,1,15,,38543,3,,,1,55,,38483,3,,,1,15,,38503,3,,,1,15,,38523,3,,,1,15,,38544,3,,,1,55,,38484,3,,,1,15,,38504,3,,,1,15,,38524,3,,,1,15,,38545,3,,,1,55,,38485,3,,,1,15,,38505,3,,,1,15,,38525,3,,,1,15,,38546,3,,,1,55,,38486,3,,,1,15,,38506,3,,,1,15,,38526,3,,,1,15,,38547,3,,,1,55,,38487,3,,,1,15,,38507,3,,,1,15,,38527,3,,,1,15,,38548,3,,,1,55,,38488,3,,,1,15,,38508,3,,,1,15,,38528,3,,,1,15,,38549,3,,,1,55,,38489,3,,,1
0,'20261202',507,,38610,3,,,1,15,,38550,3,,,1,20,,38590,3,,,1,15,,38611,3,,,1,55,,38551,3,,,1,15,,38571,3,,,1,15,,38591,3,,,1,15,,38612,3,,,1,55,,38552,3,,,1,15,,38572,3,,,1,15,,38592,3,,,1,15,,38613,3,,,1,55,,38553,3,,,1,15,,38573,3,,,1,15,,38593,3,,,1,15,,38614,3,,,1,55,,38554,3,,,1,15,,38574,3,,,1,15,,38594,3,,,1,15,,38615,3,,,1,55,,38555,3,,,1,15,,38575,3,,,1,15,,38595,3,,,1,15,,38616,3,,,1,55,,38556,3,,,1,15,,38576,3,,,1,15,,38596,3,,,1,15,,38617,3,,,1,55,,38557,3,,,1,15,,38577,3,,,1,15,,38597,3,,,1,15,,38618,3,,,1,55,,38558,3,,,1,15,,38578,3,,,1,15,,38598,3,,,1,15,,38619,3,,,1,55,,38559,3,,,1,15,,38579,3,,,1,15,,38599,3,,,1,15,,38620,3,,,1,55,,38560,3,,,1,15,,38580,3,,,1,15,,38600,3,,,1,15,,38621,3,,,1,55,,38561,3,,,1,15,,38581,3,,,1,15,,38601,3,,,1,15,,38622,3,,,1,55,,38562,3,,,1,15,,38582,3,,,1,15,,38602,3,,,1,15,,38623,3,,,1,55,,38563,3,,,1,15,,38583,3,,,1,15,,38603,3,,,1,15,,38624,3,,,1,55,,38564,3,,,1,15,,38584,3,,,1,15,,38604,3,,,1,15,,38625,3,,,1,55,,38565,3,,,1,15,,38585,3,,,1,15,,38605,3,,,1,15,,38626,3,,,1,55,,38566,3,,,1,15,,38586,3,,,1,15,,38606,3,,,1,15,,38627,3,,,1,55,,38567,3,,,1,15,,38587,3,,,1,15,,38607,3,,,1,15,,38628,3,,,1,55,,38568,3,,,1,15,,38588,3,,,1,15,,38608,3,,,1,15,,38629,3,,,1,55,,38569,3,,,1,15,,38589,3,,,1,15,,38609,3,,,1,15,,38630,3,,,1,55,,38570,3,,,1
0,'20261203',507,,38691,3,,,1,15,,38631,3,,,1,20,,38671,3,,,1,15,,38692,3,,,1,55,,38632,3,,,1,15,,38652,3,,,1,15,,38672,3,,,1,15,,38693,3,,,1,55,,38633,3,,,1,15,,38653,3,,,1,15,,38673,3,,,1,15,,38694,3,,,1,55,,38634,3,,,1,15,,38654,3,,,1,15,,38674,3,,,1,15,,38695,3,,,1,55,,38635,3,,,1,15,,38655,3,,,1,15,,38675,3,,,1,15,,38696,3,,,1,55,,38636,3,,,1,15,,38656,3,,,1,15,,38676,3,,,1,15,,38697,3,,,1,55,,38637,3,,,1,15,,38657,3,,,1,15,,38677,3,,,1,15,,38698,3,,,1,55,,38638,3,,,1,15,,38658,3,,,1,15,,38678,3,,,1,15,,38699,3,,,1,55,,38639,3,,,1,15,,38659,3,,,1,15,,38679,3,,,1,15,,38700,3,,,1,55,,38640,3,,,1,15,,38660,3,,,1,15,,38680,3,,,1,15,,38701,3,,,1,55,,38641,3,,,1,15,,38661,3,,,1,15,,38681,3,,,1,15,,38702,3,,,1,55,,38642,3,,,1,15,,38662,3,,,1,15,,38682,3,,,1,15,,38703,3,,,1,55,,38643,3,,,1,15,,38663,3,,,1,15,,38683,3,,,1,15,,38704,3,,,1,55,,38644,3,,,1,15,,38664,3,,,1,15,,38684,3,,,1,15,,38705,3,,,1,55,,38645,3,,,1,15,,38665,3,,,1,15,,38685,3,,,1,15,,38706,3,,,1,55,,38646,3,,,1,15,,38666,3,,,1,15,,38686,3,,,1,15,,38707,3,,,1,55,,38647,3,,,1,15,,38667,3,,,1,15,,38687,3,,,1,15,,38708,3,,,1,55,,38648,3,,,1,15,,38668,3,,,1,15,,38688,3,,,1,15,,38709,3,,,1,55,,38649,3,,,1,15,,38669,3,,,1,15,,38689,3,,,1,15,,38710,3,,,1,55,,38650,3,,,1,15,,38670,3,,,1,15,,38690,3,,,1,15,,38711,3,,,1,55,,38651,3,,,1
0,'20261204',507,,38772,3,,,1,15,,38712,3,,,1,20,,38752,3,,,1,15,,38773,3,,,1,55,,38713,3,,,1,15,,38733,3,,,1,15,,38753,3,,,1,15,,38774,3,,,1,55,,38714,3,,,1,15,,38734,3,,,1,15,,38754,3,,,1,15,,38775,3,,,1,55,,38715,3,,,1,15,,38735,3,,,1,15,,38755,3,,,1,15,,38776,3,,,1,55,,38716,3,,,1,15,,38736,3,,,1,15,,38756,3,,,1,15,,38777,3,,,1,55,,38717,3,,,1,15,,38737,3,,,1,15,,38757,3,,,1,15,,38778,3,,,1,55,,38718,3,,,1,15,,38738,3,,,1,15,,38758,3,,,1,15,,38779,3,,,1,55,,38719,3,,,1,15,,38739,3,,,1,15,,38759,3,,,1,15,,38780,3,,,1,55,,38720,3,,,1,15,,38740,3,,,1,15,,38760,3,,,1,15,,38781,3,,,1,55,,38721,3,,,1,15,,38741,3,,,1,15,,38761,3,,,1,15,,38782,3,,,1,55,,38722,3,,,1,15,,38742,3,,,1,15,,38762,3,,,1,15,,38783,3,,,1,55,,38723,3,,,1,15,,38743,3,,,1,15,,38763,3,,,1,15,,38784,3,,,1,55,,38724,3,,,1,15,,38744,3,,,1,15,,38764,3,,,1,15,,38785,3,,,1,55,,38725,3,,,1,15,,38745,3,,,1,15,,38765,3,,,1,15,,38786,3,,,1,55,,38726,3,,,1,15,,38746,3,,,1,15,,38766,3,,,1,15,,38787,3,,,1,55,,38727,3,,,1,15,,38747,3,,,1,15,,38767,3,,,1,15,,38788,3,,,1,55,,38728,3,,,1,15,,38748,3,,,1,15,,38768,3,,,1,15,,38789,3,,,1,55,,38729,3,,,1,15,,38749,3,,,1,15,,38769,3,,,1,15,,38790,3,,,1,55,,38730,3,,,1,15,,38750,3,,,1,15,,38770,3,,,1,15,,38791,3,,,1,55,,38731,3,,,1,15,,38751,3,,,1,15,,38771,3,,,1,15,,38792,3,,,1,55,,38732,3,,,1
0,'20261205',612,,38793,3,,,1,15,,38813,3,,,1,15,,38832,3,,,1,15,,38851,3,,,1,55,,38794,3,,,1,15,,38814,3,,,1,15,,38833,3,,,1,15,,38852,3,,,1,55,,38795,3,,,1,15,,38815,3,,,1,15,,38834,3,,,1,15,,38853,3,,,1,55,,38796,3,,,1,15,,38816,3,,,1,15,,38835,3,,,1,15,,38854,3,,,1,55,,38797,3,,,1,15,,38817,3,,,1,15,,38836,3,,,1,15,,38855,3,,,1,55,,38798,3,,,1,15,,38818,3,,,1,15,,38837,3,,,1,15,,38856,3,,,1,55,,38799,3,,,1,15,,38819,3,,,1,15,,38838,3,,,1,15,,38857,3,,,1,55,,38800,3,,,1,15,,38820,3,,,1,15,,38839,3,,,1,15,,38858,3,,,1,55,,38801,3,,,1,15,,38821,3,,,1,15,,38840,3,,,1,15,,38859,3,,,1,55,,38802,3,,,1,15,,38822,3,,,1,15,,38841,3,,,1,15,,38860,3,,,1,55,,38803,3,,,1,15,,38823,3,,,1,15,,38842,3,,,1,15,,38861,3,,,1,55,,38804,3,,,1,15,,38824,3,,,1,15,,38843,3,,,1,15,,38862,3,,,1,55,,38805,3,,,1,15,,38825,3,,,1,15,,38844,3,,,1,15,,38863,3,,,1,55,,38806,3,,,1,15,,38826,3,,,1,15,,38845,3,,,1,15,,38864,3,,,1,55,,38807,3,,,1,15,,38827,3,,,1,15,,38846,3,,,1,15,,38865,3,,,1,55,,38808,3,,,1,15,,38828,3,,,1,15,,38847,3,,,1,15,,38866,3,,,1,55,,38809,3,,,1,15,,38829,3,,,1,15,,38848,3,,,1,15,,38867,3,,,1,55,,38810,3,,,1,15,,38830,3,,,1,15,,38849,3,,,1,15,,38868,3,,,1,55,,38811,3,,,1,15,,38831,3,,,1,15,,38850,3,,,1,15,,38869,3,,,1,55,,38812,3,,,1
0,'20261206',612,,38870,3,,,1,15,,38890,3,,,1,15,,38909,3,,,1,15,,38928,3,,,1,55,,38871,3,,,1,15,,38891,3,,,1,15,,38910,3,,,1,15,,38929,3,,,1,55,,38872,3,,,1,15,,38892,3,,,1,15,,38911,3,,,1,15,,38930,3,,,1,55,,38873,3,,,1,15,,38893,3,,,1,15,,38912,3,,,1,15,,38931,3,,,1,55,,38874,3,,,1,15,,38894,3,,,1,15,,38913,3,,,1,15,,38932,3,,,1,55,,38875,3,,,1,15,,38895,3,,,1,15,,38914,3,,,1,15,,38933,3,,,1,55,,38876,3,,,1,15,,38896,3,,,1,15,,38915,3,,,1,15,,38934,3,,,1,55,,38877,3,,,1,15,,38897,3,,,1,15,,38916,3,,,1,15,,38935,3,,,1,55,,38878,3,,,1,15,,38898,3,,,1,15,,38917,3,,,1,15,,38936,3,,,1,55,,38879,3,,,1,15,,38899,3,,,1,15,,38918,3,,,1,15,,38937,3,,,1,55,,38880,3,,,1,15,,38900,3,,,1,15,,38919,3,,,1,15,,38938,3,,,1,55,,38881,3,,,1,15,,38901,3,,,1,15,,38920,3,,,1,15,,38939,3,,,1,55,,38882,3,,,1,15,,38902,3,,,1,15,,38921,3,,,1,15,,38940,3,,,1,55,,38883,3,,,1,15,,38903,3,,,1,15,,38922,3,,,1,15,,38941,3,,,1,55,,38884,3,,,1,15,,38904,3,,,1,15,,38923,3,,,1,15,,38942,3,,,1,55,,38885,3,,,1,15,,38905,3,,,1,15,,38924,3,,,1,15,,38943,3,,,1,55,,38886,3,,,1,15,,38906,3,,,1,15,,38925,3,,,1,15,,38944,3,,,1,55,,38887,3,,,1,15,,38907,3,,,1,15,,38926,3,,,1,15,,38945,3,,,1,55,,38888,3,,,1,15,,38908,3,,,1,15,,38927,3,,,1,15,,38946,3,,,1,55,,38889,3,,,1
0,'20261207',612,,38947,3,,,1,15,,38967,3,,,1,15,,38986,3,,,1,15,,39005,3,,,1,55,,38948,3,,,1,15,,38968,3,,,1,15,,38987,3,,,1,15,,39006,3,,,1,55,,38949,3,,,1,15,,38969,3,,,1,15,,38988,3,,,1,15,,39007,3,,,1,55,,38950,3,,,1,15,,38970,3,,,1,15,,38989,3,,,1,15,,39008,3,,,1,55,,38951,3,,,1,15,,38971,3,,,1,15,,38990,3,,,1,15,,39009,3,,,1,55,,38952,3,,,1,15,,38972,3,,,1,15,,38991,3,,,1,15,,39010,3,,,1,55,,38953,3,,,1,15,,38973,3,,,1,15,,38992,3,,,1,15,,39011,3,,,1,55,,38954,3,,,1,15,,38974,3,,,1,15,,38993,3,,,1,15,,39012,3,,,1,55,,38955,3,,,1,15,,38975,3,,,1,15,,38994,3,,,1,15,,39013,3,,,1,55,,38956,3,,,1,15,,38976,3,,,1,15,,38995,3,,,1,15,,39014,3,,,1,55,,38957,3,,,1,15,,38977,3,,,1,15,,38996,3,,,1,15,,39015,3,,,1,55,,38958,3,,,1,15,,38978,3,,,1,15,,38997,3,,,1,15,,39016,3,,,1,55,,38959,3,,,1,15,,38979,3,,,1,15,,38998,3,,,1,15,,39017,3,,,1,55,,38960,3,,,1,15,,38980,3,,,1,15,,38999,3,,,1,15,,39018,3,,,1,55,,38961,3,,,1,15,,38981,3,,,1,15,,39000,3,,,1,15,,39019,3,,,1,55,,38962,3,,,1,15,,38982,3,,,1,15,,39001,3,,,1,15,,39020,3,,,1,55,,38963,3,,,1,15,,38983,3,,,1,15,,39002,3,,,1,15,,39021,3,,,1,55,,38964,3,,,1,15,,38984,3,,,1,15,,39003,3,,,1,15,,39022,3,,,1,55,,38965,3,,,1,15,,38985,3,,,1,15,,39004,3,,,1,15,,39023,3,,,1,55,,38966,3,,,1
0,'20261208',507,,39084,3,,,1,15,,39024,3,,,1,20,,39064,3,,,1,15,,39085,3,,,1,55,,39025,3,,,1,15,,39045,3,,,1,15,,39065,3,,,1,15,,39086,3,,,1,55,,39026,3,,,1,15,,39046,3,,,1,15,,39066,3,,,1,15,,39087,3,,,1,55,,39027,3,,,1,15,,39047,3,,,1,15,,39067,3,,,1,15,,39088,3,,,1,55,,39028,3,,,1,15,,39048,3,,,1,15,,39068,3,,,1,15,,39089,3,,,1,55,,39029,3,,,1,15,,39049,3,,,1,15,,39069,3,,,1,15,,39090,3,,,1,55,,39030,3,,,1,15,,39050,3,,,1,15,,39070,3,,,1,15,,39091,3,,,1,55,,39031,3,,,1,15,,39051,3,,,1,15,,39071,3,,,1,15,,39092,3,,,1,55,,39032,3,,,1,15,,39052,3,,,1,15,,39072,3,,,1,15,,39093,3,,,1,55,,39033,3,,,1,15,,39053,3,,,1,15,,39073,3,,,1,15,,39094,3,,,1,55,,39034,3,,,1,15,,39054,3,,,1,15,,39074,3,,,1,15,,39095,3,,,1,55,,39035,3,,,1,15,,39055,3,,,1,15,,39075,3,,,1,15,,39096,3,,,1,55,,39036,3,,,1,15,,39056,3,,,1,15,,39076,3,,,1,15,,39097,3,,,1,55,,39037,3,,,1,15,,39057,3,,,1,15,,39077,3,,,1,15,,39098,3,,,1,55,,39038,3,,,1,15,,39058,3,,,1,15,,39078,3,,,1,15,,39099,3,,,1,55,,39039,3,,,1,15,,39059,3,,,1,15,,39079,3,,,1,15,,39100,3,,,1,55,,39040,3,,,1,15,,39060,3,,,1,15,,39080,3,,,1,15,,39101,3,,,1,55,,39041,3,,,1,15,,39061,3,,,1,15,,39081,3,,,1,15,,39102,3,,,1,55,,39042,3,,,1,15,,39062,3,,,1,15,,39082,3,,,1,15,,39103,3,,,1,55,,39043,3,,,1,15,,39063,3,,,1,15,,39083,3,,,1,15,,39104,3,,,1,55,,39044,3,,,1
0,'20261209',507,,39165,3,,,1,15,,39105,3,,,1,20,,39145,3,,,1,15,,39166,3,,,1,55,,39106,3,,,1,15,,39126,3,,,1,15,,39146,3,,,1,15,,39167,3,,,1,55,,39107,3,,,1,15,,39127,3,,,1,15,,39147,3,,,1,15,,39168,3,,,1,55,,39108,3,,,1,15,,39128,3,,,1,15,,39148,3,,,1,15,,39169,3,,,1,55,,39109,3,,,1,15,,39129,3,,,1,15,,39149,3,,,1,15,,39170,3,,,1,55,,39110,3,,,1,15,,39130,3,,,1,15,,39150,3,,,1,15,,39171,3,,,1,55,,39111,3,,,1,15,,39131,3,,,1,15,,39151,3,,,1,15,,39172,3,,,1,55,,39112,3,,,1,15,,39132,3,,,1,15,,39152,3,,,1,15,,39173,3,,,1,55,,39113,3,,,1,15,,39133,3,,,1,15,,39153,3,,,1,15,,39174,3,,,1,55,,39114,3,,,1,15,,39134,3,,,1,15,,39154,3,,,1,15,,39175,3,,,1,55,,39115,3,,,1,15,,39135,3,,,1,15,,39155,3,,,1,15,,39176,3,,,1,55,,39116,3,,,1,15,,39136,3,,,1,15,,39156,3,,,1,15,,39177,3,,,1,55,,39117,3,,,1,15,,39137,3,,,1,15,,39157,3,,,1,15,,39178,3,,,1,55,,39118,3,,,1,15,,39138,3,,,1,15,,39158,3,,,1,15,,39179,3,,,1,55,,39119,3,,,1,15,,39139,3,,,1,15,,39159,3,,,1,15,,39180,3,,,1,55,,39120,3,,,1,15,,39140,3,,,1,15,,39160,3,,,1,15,,39181,3,,,1,55,,39121,3,,,1,15,,39141,3,,,1,15,,39161,3,,,1,15,,39182,3,,,1,55,,39122,3,,,1,15,,39142,3,,,1,15,,39162,3,,,1,15,,39183,3,,,1,55,,39123,3,,,1,15,,39143,3,,,1,15,,39163,3,,,1,15,,39184,3,,,1,55,,39124,3,,,1,15,,39144,3,,,1,15,,39164,3,,,1,15,,39185,3,,,1,55,,39125,3,,,1
0,'20261210',507,,39246,3,,,1,15,,39186,3,,,1,20,,39226,3,,,1,15,,39247,3,,,1,55,,39187,3,,,1,15,,39207,3,,,1,15,,39227,3,,,1,15,,39248,3,,,1,55,,39188,3,,,1,15,,39208,3,,,1,15,,39228,3,,,1,15,,39249,3,,,1,55,,39189,3,,,1,15,,39209,3,,,1,15,,39229,3,,,1,15,,39250,3,,,1,55,,39190,3,,,1,15,,39210,3,,,1,15,,39230,3,,,1,15,,39251,3,,,1,55,,39191,3,,,1,15,,39211,3,,,1,15,,39231,3,,,1,15,,39252,3,,,1,55,,39192,3,,,1,15,,39212,3,,,1,15,,39232,3,,,1,15,,39253,3,,,1,55,,39193,3,,,1,15,,39213,3,,,1,15,,39233,3,,,1,15,,39254,3,,,1,55,,39194,3,,,1,15,,39214,3,,,1,15,,39234,3,,,1,15,,39255,3,,,1,55,,39195,3,,,1,15,,39215,3,,,1,15,,39235,3,,,1,15,,39256,3,,,1,55,,39196,3,,,1,15,,39216,3,,,1,15,,39236,3,,,1,15,,39257,3,,,1,55,,39197,3,,,1,15,,39217,3,,,1,15,,39237,3,,,1,15,,39258,3,,,1,55,,39198,3,,,1,15,,39218,3,,,1,15,,39238,3,,,1,15,,39259,3,,,1,55,,39199,3,,,1,15,,39219,3,,,1,15,,39239,3,,,1,15,,39260,3,,,1,55,,39200,3,,,1,15,,39220,3,,,1,15,,39240,3,,,1,15,,39261,3,,,1,55,,39201,3,,,1,15,,39221,3,,,1,15,,39241,3,,,1,15,,39262,3,,,1,55,,39202,3,,,1,15,,39222,3,,,1,15,,39242,3,,,1,15,,39263,3,,,1,55,,39203,3,,,1,15,,39223,3,,,1,15,,39243,3,,,1,15,,39264,3,,,1,55,,39204,3,,,1,15,,39224,3,,,1,15,,39244,3,,,1,15,,39265,3,,,1,55,,39205,3,,,1,15,,39225,3,,,1,15,,39245,3,,,1,15,,39266,3,,,1,55,,39206,3,,,1
0,'20261211',507,,39327,3,,,1,15,,39267,3,,,1,20,,39307,3,,,1,15,,39328,3,,,1,55,,39268,3,,,1,15,,39288,3,,,1,15,,39308,3,,,1,15,,39329,3,,,1,55,,39269,3,,,1,15,,39289,3,,,1,15,,39309,3,,,1,15,,39330,3,,,1,55,,39270,3,,,1,15,,39290,3,,,1,15,,39310,3,,,1,15,,39331,3,,,1,55,,39271,3,,,1,15,,39291,3,,,1,15,,39311,3,,,1,15,,39332,3,,,1,55,,39272,3,,,1,15,,39292,3,,,1,15,,39312,3,,,1,15,,39333,3,,,1,55,,39273,3,,,1,15,,39293,3,,,1,15,,39313,3,,,1,15,,39334,3,,,1,55,,39274,3,,,1,15,,39294,3,,,1,15,,39314,3,,,1,15,,39335,3,,,1,55,,39275,3,,,1,15,,39295,3,,,1,15,,39315,3,,,1,15,,39336,3,,,1,55,,39276,3,,,1,15,,39296,3,,,1,15,,39316,3,,,1,15,,39337,3,,,1,55,,39277,3,,,1,15,,39297,3,,,1,15,,39317,3,,,1,15,,39338,3,,,1,55,,39278,3,,,1,15,,39298,3,,,1,15,,39318,3,,,1,15,,39339,3,,,1,55,,39279,3,,,1,15,,39299,3,,,1,15,,39319,3,,,1,15,,39340,3,,,1,55,,39280,3,,,1,15,,39300,3,,,1,15,,39320,3,,,1,15,,39341,3,,,1,55,,39281,3,,,1,15,,39301,3,,,1,15,,39321,3,,,1,15,,39342,3,,,1,55,,39282,3,,,1,15,,39302,3,,,1,15,,39322,3,,,1,15,,39343,3,,,1,55,,39283,3,,,1,15,,39303,3,,,1,15,,39323,3,,,1,15,,39344,3,,,1,55,,39284,3,,,1,15,,39304,3,,,1,15,,39324,3,,,1,15,,39345,3,,,1,55,,39285,3,,,1,15,,39305,3,,,1,15,,39325,3,,,1,15,,39346,3,,,1,55,,39286,3,,,1,15,,39306,3,,,1,15,,39326,3,,,1,15,,39347,3,,,1,55,,39287,3,,,1
0,'20261212',612,,39348,3,,,1,15,,39368,3,,,1,15,,39387,3,,,1,15,,39406,3,,,1,55,,39349,3,,,1,15,,39369,3,,,1,15,,39388,3,,,1,15,,39407,3,,,1,55,,39350,3,,,1,15,,39370,3,,,1,15,,39389,3,,,1,15,,39408,3,,,1,55,,39351,3,,,1,15,,39371,3,,,1,15,,39390,3,,,1,15,,39409,3,,,1,55,,39352,3,,,1,15,,39372,3,,,1,15,,39391,3,,,1,15,,39410,3,,,1,55,,39353,3,,,1,15,,39373,3,,,1,15,,39392,3,,,1,15,,39411,3,,,1,55,,39354,3,,,1,15,,39374,3,,,1,15,,39393,3,,,1,15,,39412,3,,,1,55,,39355,3,,,1,15,,39375,3,,,1,15,,39394,3,,,1,15,,39413,3,,,1,55,,39356,3,,,1,15,,39376,3,,,1,15,,39395,3,,,1,15,,39414,3,,,1,55,,39357,3,,,1,15,,39377,3,,,1,15,,39396,3,,,1,15,,39415,3,,,1,55,,39358,3,,,1,15,,39378,3,,,1,15,,39397,3,,,1,15,,39416,3,,,1,55,,39359,3,,,1,15,,39379,3,,,1,15,,39398,3,,,1,15,,39417,3,,,1,55,,39360,3,,,1,15,,39380,3,,,1,15,,39399,3,,,1,15,,39418,3,,,1,55,,39361,3,,,1,15,,39381,3,,,1,15,,39400,3,,,1,15,,39419,3,,,1,55,,39362,3,,,1,15,,39382,3,,,1,15,,39401,3,,,1,15,,39420,3,,,1,55,,39363,3,,,1,15,,39383,3,,,1,15,,39402,3,,,1,15,,39421,3,,,1,55,,39364,3,,,1,15,,39384,3,,,1,15,,39403,3,,,1,15,,39422,3,,,1,55,,39365,3,,,1,15,,39385,3,,,1,15,,39404,3,,,1,15,,39423,3,,,1,55,,39366,3,,,1,15,,39386,3,,,1,15,,39405,3,,,1,15,,39424,3,,,1,55,,39367,3,,,1
0,'20261213',612,,39425,3,,,1,15,,39445,3,,,1,15,,39464,3,,,1,15,,39483,3,,,1,55,,39426,3,,,1,15,,39446,3,,,1,15,,39465,3,,,1,15,,39484,3,,,1,55,,39427,3,,,1,15,,39447,3,,,1,15,,39466,3,,,1,15,,39485,3,,,1,55,,39428,3,,,1,15,,39448,3,,,1,15,,39467,3,,,1,15,,39486,3,,,1,55,,39429,3,,,1,15,,39449,3,,,1,15,,39468,3,,,1,15,,39487,3,,,1,55,,39430,3,,,1,15,,39450,3,,,1,15,,39469,3,,,1,15,,39488,3,,,1,55,,39431,3,,,1,15,,39451,3,,,1,15,,39470,3,,,1,15,,39489,3,,,1,55,,39432,3,,,1,15,,39452,3,,,1,15,,39471,3,,,1,15,,39490,3,,,1,55,,39433,3,,,1,15,,39453,3,,,1,15,,39472,3,,,1,15,,39491,3,,,1,55,,39434,3,,,1,15,,39454,3,,,1,15,,39473,3,,,1,15,,39492,3,,,1,55,,39435,3,,,1,15,,39455,3,,,1,15,,39474,3,,,1,15,,39493,3,,,1,55,,39436,3,,,1,15,,39456,3,,,1,15,,39475,3,,,1,15,,39494,3,,,1,55,,39437,3,,,1,15,,39457,3,,,1,15,,39476,3,,,1,15,,39495,3,,,1,55,,39438,3,,,1,15,,39458,3,,,1,15,,39477,3,,,1,15,,39496,3,,,1,55,,39439,3,,,1,15,,39459,3,,,1,15,,39478,3,,,1,15,,39497,3,,,1,55,,39440,3,,,1,15,,39460,3,,,1,15,,39479,3,,,1,15,,39498,3,,,1,55,,39441,3,,,1,15,,39461,3,,,1,15,,39480,3,,,1,15,,39499,3,,,1,55,,39442,3,,,1,15,,39462,3,,,1,15,,39481,3,,,1,15,,39500,3,,,1,55,,39443,3,,,1,15,,39463,3,,,1,15,,39482,3,,,1,15,,39501,3,,,1,55,,39444,3,,,1
0,'20261214',612,,39502,3,,,1,15,,39522,3,,,1,15,,39541,3,,,1,15,,39560,3,,,1,55,,39503,3,,,1,15,,39523,3,,,1,15,,39542,3,,,1,15,,39561,3,,,1,55,,39504,3,,,1,15,,39524,3,,,1,15,,39543,3,,,1,15,,39562,3,,,1,55,,39505,3,,,1,15,,39525,3,,,1,15,,39544,3,,,1,15,,39563,3,,,1,55,,39506,3,,,1,15,,39526,3,,,1,15,,39545,3,,,1,15,,39564,3,,,1,55,,39507,3,,,1,15,,39527,3,,,1,15,,39546,3,,,1,15,,39565,3,,,1,55,,39508,3,,,1,15,,39528,3,,,1,15,,39547,3,,,1,15,,39566,3,,,1,55,,39509,3,,,1,15,,39529,3,,,1,15,,39548,3,,,1,15,,39567,3,,,1,55,,39510,3,,,1,15,,39530,3,,,1,15,,39549,3,,,1,15,,39568,3,,,1,55,,39511,3,,,1,15,,39531,3,,,1,15,,39550,3,,,1,15,,39569,3,,,1,55,,39512,3,,,1,15,,39532,3,,,1,15,,39551,3,,,1,15,,39570,3,,,1,55,,39513,3,,,1,15,,39533,3,,,1,15,,39552,3,,,1,15,,39571,3,,,1,55,,39514,3,,,1,15,,39534,3,,,1,15,,39553,3,,,1,15,,39572,3,,,1,55,,39515,3,,,1,15,,39535,3,,,1,15,,39554,3,,,1,15,,39573,3,,,1,55,,39516,3,,,1,15,,39536,3,,,1,15,,39555,3,,,1,15,,39574,3,,,1,55,,39517,3,,,1,15,,39537,3,,,1,15,,39556,3,,,1,15,,39575,3,,,1,55,,39518,3,,,1,15,,39538,3,,,1,15,,39557,3,,,1,15,,39576,3,,,1,55,,39519,3,,,1,15,,39539,3,,,1,15,,39558,3,,,1,15,,39577,3,,,1,55,,39520,3,,,1,15,,39540,3,,,1,15,,39559,3,,,1,15,,39578,3,,,1,55,,39521,3,,,1
0,'20261215',507,,39639,3,,,1,15,,39579,3,,,1,20,,39619,3,,,1,15,,39640,3,,,1,55,,39580,3,,,1,15,,39600,3,,,1,15,,39620,3,,,1,15,,39641,3,,,1,55,,39581,3,,,1,15,,39601,3,,,1,15,,39621,3,,,1,15,,39642,3,,,1,55,,39582,3,,,1,15,,39602,3,,,1,15,,39622,3,,,1,15,,39643,3,,,1,55,,39583,3,,,1,15,,39603,3,,,1,15,,39623,3,,,1,15,,39644,3,,,1,55,,39584,3,,,1,15,,39604,3,,,1,15,,39624,3,,,1,15,,39645,3,,,1,55,,39585,3,,,1,15,,39605,3,,,1,15,,39625,3,,,1,15,,39646,3,,,1,55,,39586,3,,,1,15,,39606,3,,,1,15,,39626,3,,,1,15,,39647,3,,,1,55,,39587,3,,,1,15,,39607,3,,,1,15,,39627,3,,,1,15,,39648,3,,,1,55,,39588,3,,,1,15,,39608,3,,,1,15,,39628,3,,,1,15,,39649,3,,,1,55,,39589,3,,,1,15,,39609,3,,,1,15,,39629,3,,,1,15,,39650,3,,,1,55,,39590,3,,,1,15,,39610,3,,,1,15,,39630,3,,,1,15,,39651,3,,,1,55,,39591,3,,,1,15,,39611,3,,,1,15,,39631,3,,,1,15,,39652,3,,,1,55,,39592,3,,,1,15,,39612,3,,,1,15,,39632,3,,,1,15,,39653,3,,,1,55,,39593,3,,,1,15,,39613,3,,,1,15,,39633,3,,,1,15,,39654,3,,,1,55,,39594,3,,,1,15,,39614,3,,,1,15,,39634,3,,,1,15,,39655,3,,,1,55,,39595,3,,,1,15,,39615,3,,,1,15,,39635,3,,,1,15,,39656,3,,,1,55,,39596,3,,,1,15,,39616,3,,,1,15,,39636,3,,,1,15,,39657,3,,,1,55,,39597,3,,,1,15,,39617,3,,,1,15,,39637,3,,,1,15,,39658,3,,,1,55,,39598,3,,,1,15,,39618,3,,,1,15,,39638,3,,,1,15,,39659,3,,,1,55,,39599,3,,,1
0,'20261216',507,,39720,3,,,1,15,,39660,3,,,1,20,,39700,3,,,1,15,,39721,3,,,1,55,,39661,3,,,1,15,,39681,3,,,1,15,,39701,3,,,1,15,,39722,3,,,1,55,,39662,3,,,1,15,,39682,3,,,1,15,,39702,3,,,1,15,,39723,3,,,1,55,,39663,3,,,1,15,,39683,3,,,1,15,,39703,3,,,1,15,,39724,3,,,1,55,,39664,3,,,1,15,,39684,3,,,1,15,,39704,3,,,1,15,,39725,3,,,1,55,,39665,3,,,1,15,,39685,3,,,1,15,,39705,3,,,1,15,,39726,3,,,1,55,,39666,3,,,1,15,,39686,3,,,1,15,,39706,3,,,1,15,,39727,3,,,1,55,,39667,3,,,1,15,,39687,3,,,1,15,,39707,3,,,1,15,,39728,3,,,1,55,,39668,3,,,1,15,,39688,3,,,1,15,,39708,3,,,1,15,,39729,3,,,1,55,,39669,3,,,1,15,,39689,3,,,1,15,,39709,3,,,1,15,,39730,3,,,1,55,,39670,3,,,1,15,,39690,3,,,1,15,,39710,3,,,1,15,,39731,3,,,1,55,,39671,3,,,1,15,,39691,3,,,1,15,,39711,3,,,1,15,,39732,3,,,1,55,,39672,3,,,1,15,,39692,3,,,1,15,,39712,3,,,1,15,,39733,3,,,1,55,,39673,3,,,1,15,,39693,3,,,1,15,,39713,3,,,1,15,,39734,3,,,1,55,,39674,3,,,1,15,,39694,3,,,1,15,,39714,3,,,1,15,,39735,3,,,1,55,,39675,3,,,1,15,,39695,3,,,1,15,,39715,3,,,1,15,,39736,3,,,1,55,,39676,3,,,1,15,,39696,3,,,1,15,,39716,3,,,1,15,,39737,3,,,1,55,,39677,3,,,1,15,,39697,3,,,1,15,,39717,3,,,1,15,,39738,3,,,1,55,,39678,3,,,1,15,,39698,3,,,1,15,,39718,3,,,1,15,,39739,3,,,1,55,,39679,3,,,1,15,,39699,3,,,1,15,,39719,3,,,1,15,,39740,3,,,1,55,,39680,3,,,1
0,'20261217',507,,39801,3,,,1,15,,39741,3,,,1,20,,39781,3,,,1,15,,39802,3,,,1,55,,39742,3,,,1,15,,39762,3,,,1,15,,39782,3,,,1,15,,39803,3,,,1,55,,39743,3,,,1,15,,39763,3,,,1,15,,39783,3,,,1,15,,39804,3,,,1,55,,39744,3,,,1,15,,39764,3,,,1,15,,39784,3,,,1,15,,39805,3,,,1,55,,39745,3,,,1,15,,39765,3,,,1,15,,39785,3,,,1,15,,39806,3,,,1,55,,39746,3,,,1,15,,39766,3,,,1,15,,39786,3,,,1,15,,39807,3,,,1,55,,39747,3,,,1,15,,39767,3,,,1,15,,39787,3,,,1,15,,39808,3,,,1,55,,39748,3,,,1,15,,39768,3,,,1,15,,39788,3,,,1,15,,39809,3,,,1,55,,39749,3,,,1,15,,39769,3,,,1,15,,39789,3,,,1,15,,39810,3,,,1,55,,39750,3,,,1,15,,39770,3,,,1,15,,39790,3,,,1,15,,39811,3,,,1,55,,39751,3,,,1,15,,39771,3,,,1,15,,39791,3,,,1,15,,39812,3,,,1,55,,39752,3,,,1,15,,39772,3,,,1,15,,39792,3,,,1,15,,39813,3,,,1,55,,39753,3,,,1,15,,39773,3,,,1,15,,39793,3,,,1,15,,39814,3,,,1,55,,39754,3,,,1,15,,39774,3,,,1,15,,39794,3,,,1,15,,39815,3,,,1,55,,39755,3,,,1,15,,39775,3,,,1,15,,39795,3,,,1,15,,39816,3,,,1,55,,39756,3,,,1,15,,39776,3,,,1,15,,39796,3,,,1,15,,39817,3,,,1,55,,39757,3,,,1,15,,39777,3,,,1,15,,39797,3,,,1,15,,39818,3,,,1,55,,39758,3,,,1,15,,39778,3,,,1,15,,39798,3,,,1,15,,39819,3,,,1,55,,39759,3,,,1,15,,39779,3,,,1,15,,39799,3,,,1,15,,39820,3,,,1,55,,39760,3,,,1,15,,39780,3,,,1,15,,39800,3,,,1,15,,39821,3,,,1,55,,39761,3,,,1
0,'20261218',507,,39882,3,,,1,15,,39822,3,,,1,20,,39862,3,,,1,15,,39883,3,,,1,55,,39823,3,,,1,15,,39843,3,,,1,15,,39863,3,,,1,15,,39884,3,,,1,55,,39824,3,,,1,15,,39844,3,,,1,15,,39864,3,,,1,15,,39885,3,,,1,55,,39825,3,,,1,15,,39845,3,,,1,15,,39865,3,,,1,15,,39886,3,,,1,55,,39826,3,,,1,15,,39846,3,,,1,15,,39866,3,,,1,15,,39887,3,,,1,55,,39827,3,,,1,15,,39847,3,,,1,15,,39867,3,,,1,15,,39888,3,,,1,55,,39828,3,,,1,15,,39848,3,,,1,15,,39868,3,,,1,15,,39889,3,,,1,55,,39829,3,,,1,15,,39849,3,,,1,15,,39869,3,,,1,15,,39890,3,,,1,55,,39830,3,,,1,15,,39850,3,,,1,15,,39870,3,,,1,15,,39891,3,,,1,55,,39831,3,,,1,15,,39851,3,,,1,15,,39871,3,,,1,15,,39892,3,,,1,55,,39832,3,,,1,15,,39852,3,,,1,15,,39872,3,,,1,15,,39893,3,,,1,55,,39833,3,,,1,15,,39853,3,,,1,15,,39873,3,,,1,15,,39894,3,,,1,55,,39834,3,,,1,15,,39854,3,,,1,15,,39874,3,,,1,15,,39895,3,,,1,55,,39835,3,,,1,15,,39855,3,,,1,15,,39875,3,,,1,15,,39896,3,,,1,55,,39836,3,,,1,15,,39856,3,,,1,15,,39876,3,,,1,15,,39897,3,,,1,55,,39837,3,,,1,15,,39857,3,,,1,15,,39877,3,,,1,15,,39898,3,,,1,55,,39838,3,,,1,15,,39858,3,,,1,15,,39878,3,,,1,15,,39899,3,,,1,55,,39839,3,,,1,15,,39859,3,,,1,15,,39879,3,,,1,15,,39900,3,,,1,55,,39840,3,,,1,15,,39860,3,,,1,15,,39880,3,,,1,15,,39901,3,,,1,55,,39841,3,,,1,15,,39861,3,,,1,15,,39881,3,,,1,15,,39902,3,,,1,55,,39842,3,,,1
0,'20261219',612,,39903,3,,,1,15,,39923,3,,,1,15,,39942,3,,,1,15,,39961,3,,,1,55,,39904,3,,,1,15,,39924,3,,,1,15,,39943,3,,,1,15,,39962,3,,,1,55,,39905,3,,,1,15,,39925,3,,,1,15,,39944,3,,,1,15,,39963,3,,,1,55,,39906,3,,,1,15,,39926,3,,,1,15,,39945,3,,,1,15,,39964,3,,,1,55,,39907,3,,,1,15,,39927,3,,,1,15,,39946,3,,,1,15,,39965,3,,,1,55,,39908,3,,,1,15,,39928,3,,,1,15,,39947,3,,,1,15,,39966,3,,,1,55,,39909,3,,,1,15,,39929,3,,,1,15,,39948,3,,,1,15,,39967,3,,,1,55,,39910,3,,,1,15,,39930,3,,,1,15,,39949,3,,,1,15,,39968,3,,,1,55,,39911,3,,,1,15,,39931,3,,,1,15,,39950,3,,,1,15,,39969,3,,,1,55,,39912,3,,,1,15,,39932,3,,,1,15,,39951,3,,,1,15,,39970,3,,,1,55,,39913,3,,,1,15,,39933,3,,,1,15,,39952,3,,,1,15,,39971,3,,,1,55,,39914,3,,,1,15,,39934,3,,,1,15,,39953,3,,,1,15,,39972,3,,,1,55,,39915,3,,,1,15,,39935,3,,,1,15,,39954,3,,,1,15,,39973,3,,,1,55,,39916,3,,,1,15,,39936,3,,,1,15,,39955,3,,,1,15,,39974,3,,,1,55,,39917,3,,,1,15,,39937,3,,,1,15,,39956,3,,,1,15,,39975,3,,,1,55,,39918,3,,,1,15,,39938,3,,,1,15,,39957,3,,,1,15,,39976,3,,,1,55,,39919,3,,,1,15,,39939,3,,,1,15,,39958,3,,,1,15,,39977,3,,,1,55,,39920,3,,,1,15,,39940,3,,,1,15,,39959,3,,,1,15,,39978,3,,,1,55,,39921,3,,,1,15,,39941,3,,,1,15,,39960,3,,,1,15,,39979,3,,,1,55,,39922,3,,,1
0,'20261220',612,,39980,3,,,1,15,,40000,3,,,1,15,,40019,3,,,1,15,,40038,3,,,1,55,,39981,3,,,1,15,,40001,3,,,1,15,,40020,3,,,1,15,,40039,3,,,1,55,,39982,3,,,1,15,,40002,3,,,1,15,,40021,3,,,1,15,,40040,3,,,1,55,,39983,3,,,1,15,,40003,3,,,1,15,,40022,3,,,1,15,,40041,3,,,1,55,,39984,3,,,1,15,,40004,3,,,1,15,,40023,3,,,1,15,,40042,3,,,1,55,,39985,3,,,1,15,,40005,3,,,1,15,,40024,3,,,1,15,,40043,3,,,1,55,,39986,3,,,1,15,,40006,3,,,1,15,,40025,3,,,1,15,,40044,3,,,1,55,,39987,3,,,1,15,,40007,3,,,1,15,,40026,3,,,1,15,,40045,3,,,1,55,,39988,3,,,1,15,,40008,3,,,1,15,,40027,3,,,1,15,,40046,3,,,1,55,,39989,3,,,1,15,,40009,3,,,1,15,,40028,3,,,1,15,,40047,3,,,1,55,,39990,3,,,1,15,,40010,3,,,1,15,,40029,3,,,1,15,,40048,3,,,1,55,,39991,3,,,1,15,,40011,3,,,1,15,,40030,3,,,1,15,,40049,3,,,1,55,,39992,3,,,1,15,,40012,3,,,1,15,,40031,3,,,1,15,,40050,3,,,1,55,,39993,3,,,1,15,,40013,3,,,1,15,,40032,3,,,1,15,,40051,3,,,1,55,,39994,3,,,1,15,,40014,3,,,1,15,,40033,3,,,1,15,,40052,3,,,1,55,,39995,3,,,1,15,,40015,3,,,1,15,,40034,3,,,1,15,,40053,3,,,1,55,,39996,3,,,1,15,,40016,3,,,1,15,,40035,3,,,1,15,,40054,3,,,1,55,,39997,3,,,1,15,,40017,3,,,1,15,,40036,3,,,1,15,,40055,3,,,1,55,,39998,3,,,1,15,,40018,3,,,1,15,,40037,3,,,1,15,,40056,3,,,1,55,,39999,3,,,1
0,'20261221',612,,40057,3,,,1,15,,40077,3,,,1,15,,40096,3,,,1,15,,40115,3,,,1,55,,40058,3,,,1,15,,40078,3,,,1,15,,40097,3,,,1,15,,40116,3,,,1,55,,40059,3,,,1,15,,40079,3,,,1,15,,40098,3,,,1,15,,40117,3,,,1,55,,40060,3,,,1,15,,40080,3,,,1,15,,40099,3,,,1,15,,40118,3,,,1,55,,40061,3,,,1,15,,40081,3,,,1,15,,40100,3,,,1,15,,40119,3,,,1,55,,40062,3,,,1,15,,40082,3,,,1,15,,40101,3,,,1,15,,40120,3,,,1,55,,40063,3,,,1,15,,40083,3,,,1,15,,40102,3,,,1,15,,40121,3,,,1,55,,40064,3,,,1,15,,40084,3,,,1,15,,40103,3,,,1,15,,40122,3,,,1,55,,40065,3,,,1,15,,40085,3,,,1,15,,40104,3,,,1,15,,40123,3,,,1,55,,40066,3,,,1,15,,40086,3,,,1,15,,40105,3,,,1,15,,40124,3,,,1,55,,40067,3,,,1,15,,40087,3,,,1,15,,40106,3,,,1,15,,40125,3,,,1,55,,40068,3,,,1,15,,40088,3,,,1,15,,40107,3,,,1,15,,40126,3,,,1,55,,40069,3,,,1,15,,40089,3,,,1,15,,40108,3,,,1,15,,40127,3,,,1,55,,40070,3,,,1,15,,40090,3,,,1,15,,40109,3,,,1,15,,40128,3,,,1,55,,40071,3,,,1,15,,40091,3,,,1,15,,40110,3,,,1,15,,40129,3,,,1,55,,40072,3,,,1,15,,40092,3,,,1,15,,40111,3,,,1,15,,40130,3,,,1,55,,40073,3,,,1,15,,40093,3,,,1,15,,40112,3,,,1,15,,40131,3,,,1,55,,40074,3,,,1,15,,40094,3,,,1,15,,40113,3,,,1,15,,40132,3,,,1,55,,40075,3,,,1,15,,40095,3,,,1,15,,40114,3,,,1,15,,40133,3,,,1,55,,40076,3,,,1
0,'20261222',507,,40194,3,,,1,15,,40134,3,,,1,20,,40174,3,,,1,15,,40195,3,,,1,55,,40135,3,,,1,15,,40155,3,,,1,15,,40175,3,,,1,15,,40196,3,,,1,55,,40136,3,,,1,15,,40156,3,,,1,15,,40176,3,,,1,15,,40197,3,,,1,55,,40137,3,,,1,15,,40157,3,,,1,15,,40177,3,,,1,15,,40198,3,,,1,55,,40138,3,,,1,15,,40158,3,,,1,15,,40178,3,,,1,15,,40199,3,,,1,55,,40139,3,,,1,15,,40159,3,,,1,15,,40179,3,,,1,15,,40200,3,,,1,55,,40140,3,,,1,15,,40160,3,,,1,15,,40180,3,,,1,15,,40201,3,,,1,55,,40141,3,,,1,15,,40161,3,,,1,15,,40181,3,,,1,15,,40202,3,,,1,55,,40142,3,,,1,15,,40162,3,,,1,15,,40182,3,,,1,15,,40203,3,,,1,55,,40143,3,,,1,15,,40163,3,,,1,15,,40183,3,,,1,15,,40204,3,,,1,55,,40144,3,,,1,15,,40164,3,,,1,15,,40184,3,,,1,15,,40205,3,,,1,55,,40145,3,,,1,15,,40165,3,,,1,15,,40185,3,,,1,15,,40206,3,,,1,55,,40146,3,,,1,15,,40166,3,,,1,15,,40186,3,,,1,15,,40207,3,,,1,55,,40147,3,,,1,15,,40167,3,,,1,15,,40187,3,,,1,15,,40208,3,,,1,55,,40148,3,,,1,15,,40168,3,,,1,15,,40188,3,,,1,15,,40209,3,,,1,55,,40149,3,,,1,15,,40169,3,,,1,15,,40189,3,,,1,15,,40210,3,,,1,55,,40150,3,,,1,15,,40170,3,,,1,15,,40190,3,,,1,15,,40211,3,,,1,55,,40151,3,,,1,15,,40171,3,,,1,15,,40191,3,,,1,15,,40212,3,,,1,55,,40152,3,,,1,15,,40172,3,,,1,15,,40192,3,,,1,15,,40213,3,,,1,55,,40153,3,,,1,15,,40173,3,,,1,15,,40193,3,,,1,15,,40214,3,,,1,55,,40154,3,,,1
0,'20261223',507,,40275,3,,,1,15,,40215,3,,,1,20,,40255,3,,,1,15,,40276,3,,,1,55,,40216,3,,,1,15,,40236,3,,,1,15,,40256,3,,,1,15,,40277,3,,,1,55,,40217,3,,,1,15,,40237,3,,,1,15,,40257,3,,,1,15,,40278,3,,,1,55,,40218,3,,,1,15,,40238,3,,,1,15,,40258,3,,,1,15,,40279,3,,,1,55,,40219,3,,,1,15,,40239,3,,,1,15,,40259,3,,,1,15,,40280,3,,,1,55,,40220,3,,,1,15,,40240,3,,,1,15,,40260,3,,,1,15,,40281,3,,,1,55,,40221,3,,,1,15,,40241,3,,,1,15,,40261,3,,,1,15,,40282,3,,,1,55,,40222,3,,,1,15,,40242,3,,,1,15,,40262,3,,,1,15,,40283,3,,,1,55,,40223,3,,,1,15,,40243,3,,,1,15,,40263,3,,,1,15,,40284,3,,,1,55,,40224,3,,,1,15,,40244,3,,,1,15,,40264,3,,,1,15,,40285,3,,,1,55,,40225,3,,,1,15,,40245,3,,,1,15,,40265,3,,,1,15,,40286,3,,,1,55,,40226,3,,,1,15,,40246,3,,,1,15,,40266,3,,,1,15,,40287,3,,,1,55,,40227,3,,,1,15,,40247,3,,,1,15,,40267,3,,,1,15,,40288,3,,,1,55,,40228,3,,,1,15,,40248,3,,,1,15,,40268,3,,,1,15,,40289,3,,,1,55,,40229,3,,,1,15,,40249,3,,,1,15,,40269,3,,,1,15,,40290,3,,,1,55,,40230,3,,,1,15,,40250,3,,,1,15,,40270,3,,,1,15,,40291,3,,,1,55,,40231,3,,,1,15,,40251,3,,,1,15,,40271,3,,,1,15,,40292,3,,,1,55,,40232,3,,,1,15,,40252,3,,,1,15,,40272,3,,,1,15,,40293,3,,,1,55,,40233,3,,,1,15,,40253,3,,,1,15,,40273,3,,,1,15,,40294,3,,,1,55,,40234,3,,,1,15,,40254,3,,,1,15,,40274,3,,,1,15,,40295,3,,,1,55,,40235,3,,,1
0,'20261224',507,,40356,3,,,1,15,,40296,3,,,1,20,,40336,3,,,1,15,,40357,3,,,1,55,,40297,3,,,1,15,,40317,3,,,1,15,,40337,3,,,1,15,,40358,3,,,1,55,,40298,3,,,1,15,,40318,3,,,1,15,,40338,3,,,1,15,,40359,3,,,1,55,,40299,3,,,1,15,,40319,3,,,1,15,,40339,3,,,1,15,,40360,3,,,1,55,,40300,3,,,1,15,,40320,3,,,1,15,,40340,3,,,1,15,,40361,3,,,1,55,,40301,3,,,1,15,,40321,3,,,1,15,,40341,3,,,1,15,,40362,3,,,1,55,,40302,3,,,1,15,,40322,3,,,1,15,,40342,3,,,1,15,,40363,3,,,1,55,,40303,3,,,1,15,,40323,3,,,1,15,,40343,3,,,1,15,,40364,3,,,1,55,,40304,3,,,1,15,,40324,3,,,1,15,,40344,3,,,1,15,,40365,3,,,1,55,,40305,3,,,1,15,,40325,3,,,1,15,,40345,3,,,1,15,,40366,3,,,1,55,,40306,3,,,1,15,,40326,3,,,1,15,,40346,3,,,1,15,,40367,3,,,1,55,,40307,3,,,1,15,,40327,3,,,1,15,,40347,3,,,1,15,,40368,3,,,1,55,,40308,3,,,1,15,,40328,3,,,1,15,,40348,3,,,1,15,,40369,3,,,1,55,,40309,3,,,1,15,,40329,3,,,1,15,,40349,3,,,1,15,,40370,3,,,1,55,,40310,3,,,1,15,,40330,3,,,1,15,,40350,3,,,1,15,,40371,3,,,1,55,,40311,3,,,1,15,,40331,3,,,1,15,,40351,3,,,1,15,,40372,3,,,1,55,,40312,3,,,1,15,,40332,3,,,1,15,,40352,3,,,1,15,,40373,3,,,1,55,,40313,3,,,1,15,,40333,3,,,1,15,,40353,3,,,1,15,,40374,3,,,1,55,,40314,3,,,1,15,,40334,3,,,1,15,,40354,3,,,1,15,,40375,3,,,1,55,,40315,3,,,1,15,,40335,3,,,1,15,,40355,3,,,1,15,,40376,3,,,1,55,,40316,3,,,1
0,'20261225',507,,40437,3,,,1,15,,40377,3,,,1,20,,40417,3,,,1,15,,40438,3,,,1,55,,40378,3,,,1,15,,40398,3,,,1,15,,40418,3,,,1,15,,40439,3,,,1,55,,40379,3,,,1,15,,40399,3,,,1,15,,40419,3,,,1,15,,40440,3,,,1,55,,40380,3,,,1,15,,40400,3,,,1,15,,40420,3,,,1,15,,40441,3,,,1,55,,40381,3,,,1,15,,40401,3,,,1,15,,40421,3,,,1,15,,40442,3,,,1,55,,40382,3,,,1,15,,40402,3,,,1,15,,40422,3,,,1,15,,40443,3,,,1,55,,40383,3,,,1,15,,40403,3,,,1,15,,40423,3,,,1,15,,40444,3,,,1,55,,40384,3,,,1,15,,40404,3,,,1,15,,40424,3,,,1,15,,40445,3,,,1,55,,40385,3,,,1,15,,40405,3,,,1,15,,40425,3,,,1,15,,40446,3,,,1,55,,40386,3,,,1,15,,40406,3,,,1,15,,40426,3,,,1,15,,40447,3,,,1,55,,40387,3,,,1,15,,40407,3,,,1,15,,40427,3,,,1,15,,40448,3,,,1,55,,40388,3,,,1,15,,40408,3,,,1,15,,40428,3,,,1,15,,40449,3,,,1,55,,40389,3,,,1,15,,40409,3,,,1,15,,40429,3,,,1,15,,40450,3,,,1,55,,40390,3,,,1,15,,40410,3,,,1,15,,40430,3,,,1,15,,40451,3,,,1,55,,40391,3,,,1,15,,40411,3,,,1,15,,40431,3,,,1,15,,40452,3,,,1,55,,40392,3,,,1,15,,40412,3,,,1,15,,40432,3,,,1,15,,40453,3,,,1,55,,40393,3,,,1,15,,40413,3,,,1,15,,40433,3,,,1,15,,40454,3,,,1,55,,40394,3,,,1,15,,40414,3,,,1,15,,40434,3,,,1,15,,40455,3,,,1,55,,40395,3,,,1,15,,40415,3,,,1,15,,40435,3,,,1,15,,40456,3,,,1,55,,40396,3,,,1,15,,40416,3,,,1,15,,40436,3,,,1,15,,40457,3,,,1,55,,40397,3,,,1
0,'20261226',612,,40458,3,,,1,15,,40478,3,,,1,15,,40497,3,,,1,15,,40516,3,,,1,55,,40459,3,,,1,15,,40479,3,,,1,15,,40498,3,,,1,15,,40517,3,,,1,55,,40460,3,,,1,15,,40480,3,,,1,15,,40499,3,,,1,15,,40518,3,,,1,55,,40461,3,,,1,15,,40481,3,,,1,15,,40500,3,,,1,15,,40519,3,,,1,55,,40462,3,,,1,15,,40482,3,,,1,15,,40501,3,,,1,15,,40520,3,,,1,55,,40463,3,,,1,15,,40483,3,,,1,15,,40502,3,,,1,15,,40521,3,,,1,55,,40464,3,,,1,15,,40484,3,,,1,15,,40503,3,,,1,15,,40522,3,,,1,55,,40465,3,,,1,15,,40485,3,,,1,15,,40504,3,,,1,15,,40523,3,,,1,55,,40466,3,,,1,15,,40486,3,,,1,15,,40505,3,,,1,15,,40524,3,,,1,55,,40467,3,,,1,15,,40487,3,,,1,15,,40506,3,,,1,15,,40525,3,,,1,55,,40468,3,,,1,15,,40488,3,,,1,15,,40507,3,,,1,15,,40526,3,,,1,55,,40469,3,,,1,15,,40489,3,,,1,15,,40508,3,,,1,15,,40527,3,,,1,55,,40470,3,,,1,15,,40490,3,,,1,15,,40509,3,,,1,15,,40528,3,,,1,55,,40471,3,,,1,15,,40491,3,,,1,15,,40510,3,,,1,15,,40529,3,,,1,55,,40472,3,,,1,15,,40492,3,,,1,15,,40511,3,,,1,15,,40530,3,,,1,55,,40473,3,,,1,15,,40493,3,,,1,15,,40512,3,,,1,15,,40531,3,,,1,55,,40474,3,,,1,15,,40494,3,,,1,15,,40513,3,,,1,15,,40532,3,,,1,55,,40475,3,,,1,15,,40495,3,,,1,15,,40514,3,,,1,15,,40533,3,,,1,55,,40476,3,,,1,15,,40496,3,,,1,15,,40515,3,,,1,15,,40534,3,,,1,55,,40477,3,,,1
0,'20261227',612,,40535,3,,,1,15,,40555,3,,,1,15,,40574,3,,,1,15,,40593,3,,,1,55,,40536,3,,,1,15,,40556,3,,,1,15,,40575,3,,,1,15,,40594,3,,,1,55,,40537,3,,,1,15,,40557,3,,,1,15,,40576,3,,,1,15,,40595,3,,,1,55,,40538,3,,,1,15,,40558,3,,,1,15,,40577,3,,,1,15,,40596,3,,,1,55,,40539,3,,,1,15,,40559,3,,,1,15,,40578,3,,,1,15,,40597,3,,,1,55,,40540,3,,,1,15,,40560,3,,,1,15,,40579,3,,,1,15,,40598,3,,,1,55,,40541,3,,,1,15,,40561,3,,,1,15,,40580,3,,,1,15,,40599,3,,,1,55,,40542,3,,,1,15,,40562,3,,,1,15,,40581,3,,,1,15,,40600,3,,,1,55,,40543,3,,,1,15,,40563,3,,,1,15,,40582,3,,,1,15,,40601,3,,,1,55,,40544,3,,,1,15,,40564,3,,,1,15,,40583,3,,,1,15,,40602,3,,,1,55,,40545,3,,,1,15,,40565,3,,,1,15,,40584,3,,,1,15,,40603,3,,,1,55,,40546,3,,,1,15,,40566,3,,,1,15,,40585,3,,,1,15,,40604,3,,,1,55,,40547,3,,,1,15,,40567,3,,,1,15,,40586,3,,,1,15,,40605,3,,,1,55,,40548,3,,,1,15,,40568,3,,,1,15,,40587,3,,,1,15,,40606,3,,,1,55,,40549,3,,,1,15,,40569,3,,,1,15,,40588,3,,,1,15,,40607,3,,,1,55,,40550,3,,,1,15,,40570,3,,,1,15,,40589,3,,,1,15,,40608,3,,,1,55,,40551,3,,,1,15,,40571,3,,,1,15,,40590,3,,,1,15,,40609,3,,,1,55,,40552,3,,,1,15,,40572,3,,,1,15,,40591,3,,,1,15,,40610,3,,,1,55,,40553,3,,,1,15,,40573,3,,,1,15,,40592,3,,,1,15,,40611,3,,,1,55,,40554,3,,,1
0,'20261228',612,,40612,3,,,1,15,,40632,3,,,1,15,,40651,3,,,1,15,,40670,3,,,1,55,,40613,3,,,1,15,,40633,3,,,1,15,,40652,3,,,1,15,,40671,3,,,1,55,,40614,3,,,1,15,,40634,3,,,1,15,,40653,3,,,1,15,,40672,3,,,1,55,,40615,3,,,1,15,,40635,3,,,1,15,,40654,3,,,1,15,,40673,3,,,1,55,,40616,3,,,1,15,,40636,3,,,1,15,,40655,3,,,1,15,,40674,3,,,1,55,,40617,3,,,1,15,,40637,3,,,1,15,,40656,3,,,1,15,,40675,3,,,1,55,,40618,3,,,1,15,,40638,3,,,1,15,,40657,3,,,1,15,,40676,3,,,1,55,,40619,3,,,1,15,,40639,3,,,1,15,,40658,3,,,1,15,,40677,3,,,1,55,,40620,3,,,1,15,,40640,3,,,1,15,,40659,3,,,1,15,,40678,3,,,1,55,,40621,3,,,1,15,,40641,3,,,1,15,,40660,3,,,1,15,,40679,3,,,1,55,,40622,3,,,1,15,,40642,3,,,1,15,,40661,3,,,1,15,,40680,3,,,1,55,,40623,3,,,1,15,,40643,3,,,1,15,,40662,3,,,1,15,,40681,3,,,1,55,,40624,3,,,1,15,,40644,3,,,1,15,,40663,3,,,1,15,,40682,3,,,1,55,,40625,3,,,1,15,,40645,3,,,1,15,,40664,3,,,1,15,,40683,3,,,1,55,,40626,3,,,1,15,,40646,3,,,1,15,,40665,3,,,1,15,,40684,3,,,1,55,,40627,3,,,1,15,,40647,3,,,1,15,,40666,3,,,1,15,,40685,3,,,1,55,,40628,3,,,1,15,,40648,3,,,1,15,,40667,3,,,1,15,,40686,3,,,1,55,,40629,3,,,1,15,,40649,3,,,1,15,,40668,3,,,1,15,,40687,3,,,1,55,,40630,3,,,1,15,,40650,3,,,1,15,,40669,3,,,1,15,,40688,3,,,1,55,,40631,3,,,1
0,'20261229',507,,40749,3,,,1,15,,40689,3,,,1,20,,40729,3,,,1,15,,40750,3,,,1,55,,40690,3,,,1,15,,40710,3,,,1,15,,40730,3,,,1,15,,40751,3,,,1,55,,40691,3,,,1,15,,40711,3,,,1,15,,40731,3,,,1,15,,40752,3,,,1,55,,40692,3,,,1,15,,40712,3,,,1,15,,40732,3,,,1,15,,40753,3,,,1,55,,40693,3,,,1,15,,40713,3,,,1,15,,40733,3,,,1,15,,40754,3,,,1,55,,40694,3,,,1,15,,40714,3,,,1,15,,40734,3,,,1,15,,40755,3,,,1,55,,40695,3,,,1,15,,40715,3,,,1,15,,40735,3,,,1,15,,40756,3,,,1,55,,40696,3,,,1,15,,40716,3,,,1,15,,40736,3,,,1,15,,40757,3,,,1,55,,40697,3,,,1,15,,40717,3,,,1,15,,40737,3,,,1,15,,40758,3,,,1,55,,40698,3,,,1,15,,40718,3,,,1,15,,40738,3,,,1,15,,40759,3,,,1,55,,40699,3,,,1,15,,40719,3,,,1,15,,40739,3,,,1,15,,40760,3,,,1,55,,40700,3,,,1,15,,40720,3,,,1,15,,40740,3,,,1,15,,40761,3,,,1,55,,40701,3,,,1,15,,40721,3,,,1,15,,40741,3,,,1,15,,40762,3,,,1,55,,40702,3,,,1,15,,40722,3,,,1,15,,40742,3,,,1,15,,40763,3,,,1,55,,40703,3,,,1,15,,40723,3,,,1,15,,40743,3,,,1,15,,40764,3,,,1,55,,40704,3,,,1,15,,40724,3,,,1,15,,40744,3,,,1,15,,40765,3,,,1,55,,40705,3,,,1,15,,40725,3,,,1,15,,40745,3,,,1,15,,40766,3,,,1,55,,40706,3,,,1,15,,40726,3,,,1,15,,40746,3,,,1,15,,40767,3,,,1,55,,40707,3,,,1,15,,40727,3,,,1,15,,40747,3,,,1,15,,40768,3,,,1,55,,40708,3,,,1,15,,40728,3,,,1,15,,40748,3,,,1,15,,40769,3,,,1,55,,40709,3,,,1
0,'20261230',507,,40830,3,,,1,15,,40770,3,,,1,20,,40810,3,,,1,15,,40831,3,,,1,55,,40771,3,,,1,15,,40791,3,,,1,15,,40811,3,,,1,15,,40832,3,,,1,55,,40772,3,,,1,15,,40792,3,,,1,15,,40812,3,,,1,15,,40833,3,,,1,55,,40773,3,,,1,15,,40793,3,,,1,15,,40813,3,,,1,15,,40834,3,,,1,55,,40774,3,,,1,15,,40794,3,,,1,15,,40814,3,,,1,15,,40835,3,,,1,55,,40775,3,,,1,15,,40795,3,,,1,15,,40815,3,,,1,15,,40836,3,,,1,55,,40776,3,,,1,15,,40796,3,,,1,15,,40816,3,,,1,15,,40837,3,,,1,55,,40777,3,,,1,15,,40797,3,,,1,15,,40817,3,,,1,15,,40838,3,,,1,55,,40778,3,,,1,15,,40798,3,,,1,15,,40818,3,,,1,15,,40839,3,,,1,55,,40779,3,,,1,15,,40799,3,,,1,15,,40819,3,,,1,15,,40840,3,,,1,55,,40780,3,,,1,15,,40800,3,,,1,15,,40820,3,,,1,15,,40841,3,,,1,55,,40781,3,,,1,15,,40801,3,,,1,15,,40821,3,,,1,15,,40842,3,,,1,55,,40782,3,,,1,15,,40802,3,,,1,15,,40822,3,,,1,15,,40843,3,,,1,55,,40783,3,,,1,15,,40803,3,,,1,15,,40823,3,,,1,15,,40844,3,,,1,55,,40784,3,,,1,15,,40804,3,,,1,15,,40824,3,,,1,15,,40845,3,,,1,55,,40785,3,,,1,15,,40805,3,,,1,15,,40825,3,,,1,15,,40846,3,,,1,55,,40786,3,,,1,15,,40806,3,,,1,15,,40826,3,,,1,15,,40847,3,,,1,55,,40787,3,,,1,15,,40807,3,,,1,15,,40827,3,,,1,15,,40848,3,,,1,55,,40788,3,,,1,15,,40808,3,,,1,15,,40828,3,,,1,15,,40849,3,,,1,55,,40789,3,,,1,15,,40809,3,,,1,15,,40829,3,,,1,15,,40850,3,,,1,55,,40790,3,,,1
0,'20261231',507,,40911,3,,,1,15,,40851,3,,,1,20,,40891,3,,,1,15,,40912,3,,,1,55,,40852,3,,,1,15,,40872,3,,,1,15,,40892,3,,,1,15,,40913,3,,,1,55,,40853,3,,,1,15,,40873,3,,,1,15,,40893,3,,,1,15,,40914,3,,,1,55,,40854,3,,,1,15,,40874,3,,,1,15,,40894,3,,,1,15,,40915,3,,,1,55,,40855,3,,,1,15,,40875,3,,,1,15,,40895,3,,,1,15,,40916,3,,,1,55,,40856,3,,,1,15,,40876,3,,,1,15,,40896,3,,,1,15,,40917,3,,,1,55,,40857,3,,,1,15,,40877,3,,,1,15,,40897,3,,,1,15,,40918,3,,,1,55,,40858,3,,,1,15,,40878,3,,,1,15,,40898,3,,,1,15,,40919,3,,,1,55,,40859,3,,,1,15,,40879,3,,,1,15,,40899,3,,,1,15,,40920,3,,,1,55,,40860,3,,,1,15,,40880,3,,,1,15,,40900,3,,,1,15,,40921,3,,,1,55,,40861,3,,,1,15,,40881,3,,,1,15,,40901,3,,,1,15,,40922,3,,,1,55,,40862,3,,,1,15,,40882,3,,,1,15,,40902,3,,,1,15,,40923,3,,,1,55,,40863,3,,,1,15,,40883,3,,,1,15,,40903,3,,,1,15,,40924,3,,,1,55,,40864,3,,,1,15,,40884,3,,,1,15,,40904,3,,,1,15,,40925,3,,,1,55,,40865,3,,,1,15,,40885,3,,,1,15,,40905,3,,,1,15,,40926,3,,,1,55,,40866,3,,,1,15,,40886,3,,,1,15,,40906,3,,,1,15,,40927,3,,,1,55,,40867,3,,,1,15,,40887,3,,,1,15,,40907,3,,,1,15,,40928,3,,,1,55,,40868,3,,,1,15,,40888,3,,,1,15,,40908,3,,,1,15,,40929,3,,,1,55,,40869,3,,,1,15,,40889,3,,,1,15,,40909,3,,,1,15,,40930,3,,,1,55,,40870,3,,,1,15,,40890,3,,,1,15,,40910,3,,,1,15,,40931,3,,,1,55,,40871,3,,,1
0,'20270101',507,,40992,3,,,1,15,,40932,3,,,1,20,,40972,3,,,1,15,,40993,3,,,1,55,,40933,3,,,1,15,,40953,3,,,1,15,,40973,3,,,1,15,,40994,3,,,1,55,,40934,3,,,1,15,,40954,3,,,1,15,,40974,3,,,1,15,,40995,3,,,1,55,,40935,3,,,1,15,,40955,3,,,1,15,,40975,3,,,1,15,,40996,3,,,1,55,,40936,3,,,1,15,,40956,3,,,1,15,,40976,3,,,1,15,,40997,3,,,1,55,,40937,3,,,1,15,,40957,3,,,1,15,,40977,3,,,1,15,,40998,3,,,1,55,,40938,3,,,1,15,,40958,3,,,1,15,,40978,3,,,1,15,,40999,3,,,1,55,,40939,3,,,1,15,,40959,3,,,1,15,,40979,3,,,1,15,,41000,3,,,1,55,,40940,3,,,1,15,,40960,3,,,1,15,,40980,3,,,1,15,,41001,3,,,1,55,,40941,3,,,1,15,,40961,3,,,1,15,,40981,3,,,1,15,,41002,3,,,1,55,,40942,3,,,1,15,,40962,3,,,1,15,,40982,3,,,1,15,,41003,3,,,1,55,,40943,3,,,1,15,,40963,3,,,1,15,,40983,3,,,1,15,,41004,3,,,1,55,,40944,3,,,1,15,,40964,3,,,1,15,,40984,3,,,1,15,,41005,3,,,1,55,,40945,3,,,1,15,,40965,3,,,1,15,,40985,3,,,1,15,,41006,3,,,1,55,,40946,3,,,1,15,,40966,3,,,1,15,,40986,3,,,1,15,,41007,3,,,1,55,,40947,3,,,1,15,,40967,3,,,1,15,,40987,3,,,1,15,,41008,3,,,1,55,,40948,3,,,1,15,,40968,3,,,1,15,,40988,3,,,1,15,,41009,3,,,1,55,,40949,3,,,1,15,,40969,3,,,1,15,,40989,3,,,1,15,,41010,3,,,1,55,,40950,3,,,1,15,,40970,3,,,1,15,,40990,3,,,1,15,,41011,3,,,1,55,,40951,3,,,1,15,,40971,3,,,1,15,,40991,3,,,1,15,,41012,3,,,1,55,,40952,3,,,1
0,'20270102',612,,41013,3,,,1,15,,41033,3,,,1,15,,41052,3,,,1,15,,41071,3,,,1,55,,41014,3,,,1,15,,41034,3,,,1,15,,41053,3,,,1,15,,41072,3,,,1,55,,41015,3,,,1,15,,41035,3,,,1,15,,41054,3,,,1,15,,41073,3,,,1,55,,41016,3,,,1,15,,41036,3,,,1,15,,41055,3,,,1,15,,41074,3,,,1,55,,41017,3,,,1,15,,41037,3,,,1,15,,41056,3,,,1,15,,41075,3,,,1,55,,41018,3,,,1,15,,41038,3,,,1,15,,41057,3,,,1,15,,41076,3,,,1,55,,41019,3,,,1,15,,41039,3,,,1,15,,41058,3,,,1,15,,41077,3,,,1,55,,41020,3,,,1,15,,41040,3,,,1,15,,41059,3,,,1,15,,41078,3,,,1,55,,41021,3,,,1,15,,41041,3,,,1,15,,41060,3,,,1,15,,41079,3,,,1,55,,41022,3,,,1,15,,41042,3,,,1,15,,41061,3,,,1,15,,41080,3,,,1,55,,41023,3,,,1,15,,41043,3,,,1,15,,41062,3,,,1,15,,41081,3,,,1,55,,41024,3,,,1,15,,41044,3,,,1,15,,41063,3,,,1,15,,41082,3,,,1,55,,41025,3,,,1,15,,41045,3,,,1,15,,41064,3,,,1,15,,41083,3,,,1,55,,41026,3,,,1,15,,41046,3,,,1,15,,41065,3,,,1,15,,41084,3,,,1,55,,41027,3,,,1,15,,41047,3,,,1,15,,41066,3,,,1,15,,41085,3,,,1,55,,41028,3,,,1,15,,41048,3,,,1,15,,41067,3,,,1,15,,41086,3,,,1,55,,41029,3,,,1,15,,41049,3,,,1,15,,41068,3,,,1,15,,41087,3,,,1,55,,41030,3,,,1,15,,41050,3,,,1,15,,41069,3,,,1,15,,41088,3,,,1,55,,41031,3,,,1,15,,41051,3,,,1,15,,41070,3,,,1,15,,41089,3,,,1,55,,41032,3,,,1
0,'20270103',612,,41090,3,,,1,15,,41110,3,,,1,15,,41129,3,,,1,15,,41148,3,,,1,55,,41091,3,,,1,15,,41111,3,,,1,15,,41130,3,,,1,15,,41149,3,,,1,55,,41092,3,,,1,15,,41112,3,,,1,15,,41131,3,,,1,15,,41150,3,,,1,55,,41093,3,,,1,15,,41113,3,,,1,15,,41132,3,,,1,15,,41151,3,,,1,55,,41094,3,,,1,15,,41114,3,,,1,15,,41133,3,,,1,15,,41152,3,,,1,55,,41095,3,,,1,15,,41115,3,,,1,15,,41134,3,,,1,15,,41153,3,,,1,55,,41096,3,,,1,15,,41116,3,,,1,15,,41135,3,,,1,15,,41154,3,,,1,55,,41097,3,,,1,15,,41117,3,,,1,15,,41136,3,,,1,15,,41155,3,,,1,55,,41098,3,,,1,15,,41118,3,,,1,15,,41137,3,,,1,15,,41156,3,,,1,55,,41099,3,,,1,15,,41119,3,,,1,15,,41138,3,,,1,15,,41157,3,,,1,55,,41100,3,,,1,15,,41120,3,,,1,15,,41139,3,,,1,15,,41158,3,,,1,55,,41101,3,,,1,15,,41121,3,,,1,15,,41140,3,,,1,15,,41159,3,,,1,55,,41102,3,,,1,15,,41122,3,,,1,15,,41141,3,,,1,15,,41160,3,,,1,55,,41103,3,,,1,15,,41123,3,,,1,15,,41142,3,,,1,15,,41161,3,,,1,55,,41104,3,,,1,15,,41124,3,,,1,15,,41143,3,,,1,15,,41162,3,,,1,55,,41105,3,,,1,15,,41125,3,,,1,15,,41144,3,,,1,15,,41163,3,,,1,55,,41106,3,,,1,15,,41126,3,,,1,15,,41145,3,,,1,15,,41164,3,,,1,55,,41107,3,,,1,15,,41127,3,,,1,15,,41146,3,,,1,15,,41165,3,,,1,55,,41108,3,,,1,15,,41128,3,,,1,15,,41147,3,,,1,15,,41166,3,,,1,55,,41109,3,,,1
1,'20260727',542,,41226,3,,,1,15,,41167,3,,,1,52,,41187,3,,,1,15,,41207,3,,,1,15,,41227,3,,,1,15,,41168,3,,,1,55,,41188,3,,,1,15,,41208,3,,,1,15,,41228,3,,,1,15,,41169,3,,,1,55,,41189,3,,,1,15,,41209,3,,,1,15,,41229,3,,,1,15,,41170,3,,,1,55,,41190,3,,,1,15,,41210,3,,,1,15,,41230,3,,,1,15,,41171,3,,,1,55,,41191,3,,,1,15,,41211,3,,,1,15,,41231,3,,,1,15,,41172,3,,,1,55,,41192,3,,,1,15,,41212,3,,,1,15,,41232,3,,,1,15,,41173,3,,,1,55,,41193,3,,,1,15,,41213,3,,,1,15,,41233,3,,,1,15,,41174,3,,,1,55,,41194,3,,,1,15,,41214,3,,,1,15,,41234,3,,,1,15,,41175,3,,,1,55,,41195,3,,,1,15,,41215,3,,,1,15,,41235,3,,,1,15,,41176,3,,,1,55,,41196,3,,,1,15,,41216,3,,,1,15,,41236,3,,,1,15,,41177,3,,,1,55,,41197,3,,,1,15,,41217,3,,,1,15,,41237,3,,,1,15,,41178,3,,,1,55,,41198,3,,,1,15,,41218,3,,,1,15,,41238,3,,,1,15,,41179,3,,,1,55,,41199,3,,,1,15,,41219,3,,,1,15,,41239,3,,,1,15,,41180,3,,,1,55,,41200,3,,,1,15,,41220,3,,,1,15,,41240,3,,,1,15,,41181,3,,,1,55,,41201,3,,,1,15,,41221,3,,,1,15,,41241,3,,,1,15,,41182,3,,,1,55,,41202,3,,,1,15,,41222,3,,,1,15,,41242,3,,,1,15,,41183,3,,,1,55,,41203,3,,,1,15,,41223,3,,,1,15,,41243,3,,,1,15,,41184,3,,,1,55,,41204,3,,,1,15,,41224,3,,,1,15,,41244,3,,,1,15,,41185,3,,,1,55,,41205,3,,,1,15,,41225,3,,,1,15,,41245,3,,,1,15,,41186,3,,,1,55,,41206,3,,,1
1,'20260728',542,,41305,3,,,1,15,,41246,3,,,1,52,,41266,3,,,1,15,,41286,3,,,1,15,,41306,3,,,1,15,,41247,3,,,1,55,,41267,3,,,1,15,,41287,3,,,1,15,,41307,3,,,1,15,,41248,3,,,1,55,,41268,3,,,1,15,,41288,3,,,1,15,,41308,3,,,1,15,,41249,3,,,1,55,,41269,3,,,1,15,,41289,3,,,1,15,,41309,3,,,1,15,,41250,3,,,1,55,,41270,3,,,1,15,,41290,3,,,1,15,,41310,3,,,1,15,,41251,3,,,1,55,,41271,3,,,1,15,,41291,3,,,1,15,,41311,3,,,1,15,,41252,3,,,1,55,,41272,3,,,1,15,,41292,3,,,1,15,,41312,3,,,1,15,,41253,3,,,1,55,,41273,3,,,1,15,,41293,3,,,1,15,,41313,3,,,1,15,,41254,3,,,1,55,,41274,3,,,1,15,,41294,3,,,1,15,,41314,3,,,1,15,,41255,3,,,1,55,,41275,3,,,1,15,,41295,3,,,1,15,,41315,3,,,1,15,,41256,3,,,1,55,,41276,3,,,1,15,,41296,3,,,1,15,,41316,3,,,1,15,,41257,3,,,1,55,,41277,3,,,1,15,,41297,3,,,1,15,,41317,3,,,1,15,,41258,3,,,1,55,,41278,3,,,1,15,,41298,3,,,1,15,,41318,3,,,1,15,,41259,3,,,1,55,,41279,3,,,1,15,,41299,3,,,1,15,,41319,3,,,1,15,,41260,3,,,1,55,,41280,3,,,1,15,,41300,3,,,1,15,,41320,3,,,1,15,,41261,3,,,1,55,,41281,3,,,1,15,,41301,3,,,1,15,,41321,3,,,1,15,,41262,3,,,1,55,,41282,3,,,1,15,,41302,3,,,1,15,,41322,3,,,1,15,,41263,3,,,1,55,,41283,3,,,1,15,,41303,3,,,1,15,,41323,3,,,1,15,,41264,3,,,1,55,,41284,3,,,1,15,,41304,3,,,1,15,,41324,3,,,1,15,,41265,3,,,1,55,,41285,3,,,1
1,'20260729',542,,41384,3,,,1,15,,41325,3,,,1,52,,41345,3,,,1,15,,41365,3,,,1,15,,41385,3,,,1,15,,41326,3,,,1,55,,41346,3,,,1,15,,41366,3,,,1,15,,41386,3,,,1,15,,41327,3,,,1,55,,41347,3,,,1,15,,41367,3,,,1,15,,41387,3,,,1,15,,41328,3,,,1,55,,41348,3,,,1,15,,41368,3,,,1,15,,41388,3,,,1,15,,41329,3,,,1,55,,41349,3,,,1,15,,41369,3,,,1,15,,41389,3,,,1,15,,41330,3,,,1,55,,41350,3,,,1,15,,41370,3,,,1,15,,41390,3,,,1,15,,41331,3,,,1,55,,41351,3,,,1,15,,41371,3,,,1,15,,41391,3,,,1,15,,41332,3,,,1,55,,41352,3,,,1,15,,41372,3,,,1,15,,41392,3,,,1,15,,41333,3,,,1,55,,41353,3,,,1,15,,41373,3,,,1,15,,41393,3,,,1,15,,41334,3,,,1,55,,41354,3,,,1,15,,41374,3,,,1,15,,41394,3,,,1,15,,41335,3,,,1,55,,41355,3,,,1,15,,41375,3,,,1,15,,41395,3,,,1,15,,41336,3,,,1,55,,41356,3,,,1,15,,41376,3,,,1,15,,41396,3,,,1,15,,41337,3,,,1,55,,41357,3,,,1,15,,41377,3,,,1,15,,41397,3,,,1,15,,41338,3,,,1,55,,41358,3,,,1,15,,41378,3,,,1,15,,41398,3,,,1,15,,41339,3,,,1,55,,41359,3,,,1,15,,41379,3,,,1,15,,41399,3,,,1,15,,41340,3,,,1,55,,41360,3,,,1,15,,41380,3,,,1,15,,41400,3,,,1,15,,41341,3,,,1,55,,41361,3,,,1,15,,41381,3,,,1,15,,41401,3,,,1,15,,41342,3,,,1,55,,41362,3,,,1,15,,41382,3,,,1,15,,41402,3,,,1,15,,41343,3,,,1,55,,41363,3,,,1,15,,41383,3,,,1,15,,41403,3,,,1,15,,41344,3,,,1,55,,41364,3,,,1
1,'20260730',542,,41463,3,,,1,15,,41404,3,,,1,52,,41424,3,,,1,15,,41444,3,,,1,15,,41464,3,,,1,15,,41405,3,,,1,55,,41425,3,,,1,15,,41445,3,,,1,15,,41465,3,,,1,15,,41406,3,,,1,55,,41426,3,,,1,15,,41446,3,,,1,15,,41466,3,,,1,15,,41407,3,,,1,55,,41427,3,,,1,15,,41447,3,,,1,15,,41467,3,,,1,15,,41408,3,,,1,55,,41428,3,,,1,15,,41448,3,,,1,15,,41468,3,,,1,15,,41409,3,,,1,55,,41429,3,,,1,15,,41449,3,,,1,15,,41469,3,,,1,15,,41410,3,,,1,55,,41430,3,,,1,15,,41450,3,,,1,15,,41470,3,,,1,15,,41411,3,,,1,55,,41431,3,,,1,15,,41451,3,,,1,15,,41471,3,,,1,15,,41412,3,,,1,55,,41432,3,,,1,15,,41452,3,,,1,15,,41472,3,,,1,15,,41413,3,,,1,55,,41433,3,,,1,15,,41453,3,,,1,15,,41473,3,,,1,15,,41414,3,,,1,55,,41434,3,,,1,15,,41454,3,,,1,15,,41474,3,,,1,15,,41415,3,,,1,55,,41435,3,,,1,15,,41455,3,,,1,15,,41475,3,,,1,15,,41416,3,,,1,55,,41436,3,,,1,15,,41456,3,,,1,15,,41476,3,,,1,15,,41417,3,,,1,55,,41437,3,,,1,15,,41457,3,,,1,15,,41477,3,,,1,15,,41418,3,,,1,55,,41438,3,,,1,15,,41458,3,,,1,15,,41478,3,,,1,15,,41419,3,,,1,55,,41439,3,,,1,15,,41459,3,,,1,15,,41479,3,,,1,15,,41420,3,,,1,55,,41440,3,,,1,15,,41460,3,,,1,15,,41480,3,,,1,15,,41421,3,,,1,55,,41441,3,,,1,15,,41461,3,,,1,15,,41481,3,,,1,15,,41422,3,,,1,55,,41442,3,,,1,15,,41462,3,,,1,15,,41482,3,,,1,15,,41423,3,,,1,55,,41443,3,,,1
1,'20260731',542,,41542,3,,,1,15,,41483,3,,,1,52,,41503,3,,,1,15,,41523,3,,,1,15,,41543,3,,,1,15,,41484,3,,,1,55,,41504,3,,,1,15,,41524,3,,,1,15,,41544,3,,,1,15,,41485,3,,,1,55,,41505,3,,,1,15,,41525,3,,,1,15,,41545,3,,,1,15,,41486,3,,,1,55,,41506,3,,,1,15,,41526,3,,,1,15,,41546,3,,,1,15,,41487,3,,,1,55,,41507,3,,,1,15,,41527,3,,,1,15,,41547,3,,,1,15,,41488,3,,,1,55,,41508,3,,,1,15,,41528,3,,,1,15,,41548,3,,,1,15,,41489,3,,,1,55,,41509,3,,,1,15,,41529,3,,,1,15,,41549,3,,,1,15,,41490,3,,,1,55,,41510,3,,,1,15,,41530,3,,,1,15,,41550,3,,,1,15,,41491,3,,,1,55,,41511,3,,,1,15,,41531,3,,,1,15,,41551,3,,,1,15,,41492,3,,,1,55,,41512,3,,,1,15,,41532,3,,,1,15,,41552,3,,,1,15,,41493,3,,,1,55,,41513,3,,,1,15,,41533,3,,,1,15,,41553,3,,,1,15,,41494,3,,,1,55,,41514,3,,,1,15,,41534,3,,,1,15,,41554,3,,,1,15,,41495,3,,,1,55,,41515,3,,,1,15,,41535,3,,,1,15,,41555,3,,,1,15,,41496,3,,,1,55,,41516,3,,,1,15,,41536,3,,,1,15,,41556,3,,,1,15,,41497,3,,,1,55,,41517,3,,,1,15,,41537,3,,,1,15,,41557,3,,,1,15,,41498,3,,,1,55,,41518,3,,,1,15,,41538,3,,,1,15,,41558,3,,,1,15,,41499,3,,,1,55,,41519,3,,,1,15,,41539,3,,,1,15,,41559,3,,,1,15,,41500,3,,,1,55,,41520,3,,,1,15,,41540,3,,,1,15,,41560,3,,,1,15,,41501,3,,,1,55,,41521,3,,,1,15,,41541,3,,,1,15,,41561,3,,,1,15,,41502,3,,,1,55,,41522,3,,,1
1,'20260801',639,,41618,3,,,1,15,,41562,3,,,1,55,,41581,3,,,1,15,,41600,3,,,1,15,,41619,3,,,1,15,,41563,3,,,1,55,,41582,3,,,1,15,,41601,3,,,1,15,,41620,3,,,1,15,,41564,3,,,1,55,,41583,3,,,1,15,,41602,3,,,1,15,,41621,3,,,1,15,,41565,3,,,1,55,,41584,3,,,1,15,,41603,3,,,1,15,,41622,3,,,1,15,,41566,3,,,1,55,,41585,3,,,1,15,,41604,3,,,1,15,,41623,3,,,1,15,,41567,3,,,1,55,,41586,3,,,1,15,,41605,3,,,1,15,,41624,3,,,1,15,,41568,3,,,1,55,,41587,3,,,1,15,,41606,3,,,1,15,,41625,3,,,1,15,,41569,3,,,1,55,,41588,3,,,1,15,,41607,3,,,1,15,,41626,3,,,1,15,,41570,3,,,1,55,,41589,3,,,1,15,,41608,3,,,1,15,,41627,3,,,1,15,,41571,3,,,1,55,,41590,3,,,1,15,,41609,3,,,1,15,,41628,3,,,1,15,,41572,3,,,1,55,,41591,3,,,1,15,,41610,3,,,1,15,,41629,3,,,1,15,,41573,3,,,1,55,,41592,3,,,1,15,,41611,3,,,1,15,,41630,3,,,1,15,,41574,3,,,1,55,,41593,3,,,1,15,,41612,3,,,1,15,,41631,3,,,1,15,,41575,3,,,1,55,,41594,3,,,1,15,,41613,3,,,1,15,,41632,3,,,1,15,,41576,3,,,1,55,,41595,3,,,1,15,,41614,3,,,1,15,,41633,3,,,1,15,,41577,3,,,1,55,,41596,3,,,1,15,,41615,3,,,1,15,,41634,3,,,1,15,,41578,3,,,1,55,,41597,3,,,1,15,,41616,3,,,1,15,,41635,3,,,1,15,,41579,3,,,1,55,,41598,3,,,1,15,,41617,3,,,1,15,,41636,3,,,1,15,,41580,3,,,1,55,,41599,3,,,1
1,'20260802',639,,41693,3,,,1,15,,41637,3,,,1,55,,41656,3,,,1,15,,41675,3,,,1,15,,41694,3,,,1,15,,41638,3,,,1,55,,41657,3,,,1,15,,41676,3,,,1,15,,41695,3,,,1,15,,41639,3,,,1,55,,41658,3,,,1,15,,41677,3,,,1,15,,41696,3,,,1,15,,41640,3,,,1,55,,41659,3,,,1,15,,41678,3,,,1,15,,41697,3,,,1,15,,41641,3,,,1,55,,41660,3,,,1,15,,41679,3,,,1,15,,41698,3,,,1,15,,41642,3,,,1,55,,41661,3,,,1,15,,41680,3,,,1,15,,41699,3,,,1,15,,41643,3,,,1,55,,41662,3,,,1,15,,41681,3,,,1,15,,41700,3,,,1,15,,41644,3,,,1,55,,41663,3,,,1,15,,41682,3,,,1,15,,41701,3,,,1,15,,41645,3,,,1,55,,41664,3,,,1,15,,41683,3,,,1,15,,41702,3,,,1,15,,41646,3,,,1,55,,41665,3,,,1,15,,41684,3,,,1,15,,41703,3,,,1,15,,41647,3,,,1,55,,41666,3,,,1,15,,41685,3,,,1,15,,41704,3,,,1,15,,41648,3,,,1,55,,41667,3,,,1,15,,41686,3,,,1,15,,41705,3,,,1,15,,41649,3,,,1,55,,41668,3,,,1,15,,41687,3,,,1,15,,41706,3,,,1,15,,41650,3,,,1,55,,41669,3,,,1,15,,41688,3,,,1,15,,41707,3,,,1,15,,41651,3,,,1,55,,41670,3,,,1,15,,41689,3,,,1,15,,41708,3,,,1,15,,41652,3,,,1,55,,41671,3,,,1,15,,41690,3,,,1,15,,41709,3,,,1,15,,41653,3,,,1,55,,41672,3,,,1,15,,41691,3,,,1,15,,41710,3,,,1,15,,41654,3,,,1,55,,41673,3,,,1,15,,41692,3,,,1,15,,41711,3,,,1,15,,41655,3,,,1,55,,41674,3,,,1
1,'20260803',639,,41768,3,,,1,15,,41712,3,,,1,55,,41731,3,,,1,15,,41750,3,,,1,15,,41769,3,,,1,15,,41713,3,,,1,55,,41732,3,,,1,15,,41751,3,,,1,15,,41770,3,,,1,15,,41714,3,,,1,55,,41733,3,,,1,15,,41752,3,,,1,15,,41771,3,,,1,15,,41715,3,,,1,55,,41734,3,,,1,15,,41753,3,,,1,15,,41772,3,,,1,15,,41716,3,,,1,55,,41735,3,,,1,15,,41754,3,,,1,15,,41773,3,,,1,15,,41717,3,,,1,55,,41736,3,,,1,15,,41755,3,,,1,15,,41774,3,,,1,15,,41718,3,,,1,55,,41737,3,,,1,15,,41756,3,,,1,15,,41775,3,,,1,15,,41719,3,,,1,55,,41738,3,,,1,15,,41757,3,,,1,15,,41776,3,,,1,15,,41720,3,,,1,55,,41739,3,,,1,15,,41758,3,,,1,15,,41777,3,,,1,15,,41721,3,,,1,55,,41740,3,,,1,15,,41759,3,,,1,15,,41778,3,,,1,15,,41722,3,,,1,55,,41741,3,,,1,15,,41760,3,,,1,15,,41779,3,,,1,15,,41723,3,,,1,55,,41742,3,,,1,15,,41761,3,,,1,15,,41780,3,,,1,15,,41724,3,,,1,55,,41743,3,,,1,15,,41762,3,,,1,15,,41781,3,,,1,15,,41725,3,,,1,55,,41744,3,,,1,15,,41763,3,,,1,15,,41782,3,,,1,15,,41726,3,,,1,55,,41745,3,,,1,15,,41764,3,,,1,15,,41783,3,,,1,15,,41727,3,,,1,55,,41746,3,,,1,15,,41765,3,,,1,15,,41784,3,,,1,15,,41728,3,,,1,55,,41747,3,,,1,15,,41766,3,,,1,15,,41785,3,,,1,15,,41729,3,,,1,55,,41748,3,,,1,15,,41767,3,,,1,15,,41786,3,,,1,15,,41730,3,,,1,55,,41749,3,,,1
1,'20260804',542,,41846,3,,,1,15,,41787,3,,,1,52,,41807,3,,,1,15,,41827,3,,,1,15,,41847,3,,,1,15,,41788,3,,,1,55,,41808,3,,,1,15,,41828,3,,,1,15,,41848,3,,,1,15,,41789,3,,,1,55,,41809,3,,,1,15,,41829,3,,,1,15,,41849,3,,,1,15,,41790,3,,,1,55,,41810,3,,,1,15,,41830,3,,,1,15,,41850,3,,,1,15,,41791,3,,,1,55,,41811,3,,,1,15,,41831,3,,,1,15,,41851,3,,,1,15,,41792,3,,,1,55,,41812,3,,,1,15,,41832,3,,,1,15,,41852,3,,,1,15,,41793,3,,,1,55,,41813,3,,,1,15,,41833,3,,,1,15,,41853,3,,,1,15,,41794,3,,,1,55,,41814,3,,,1,15,,41834,3,,,1,15,,41854,3,,,1,15,,41795,3,,,1,55,,41815,3,,,1,15,,41835,3,,,1,15,,41855,3,,,1,15,,41796,3,,,1,55,,41816,3,,,1,15,,41836,3,,,1,15,,41856,3,,,1,15,,41797,3,,,1,55,,41817,3,,,1,15,,41837,3,,,1,15,,41857,3,,,1,15,,41798,3,,,1,55,,41818,3,,,1,15,,41838,3,,,1,15,,41858,3,,,1,15,,41799,3,,,1,55,,41819,3,,,1,15,,41839,3,,,1,15,,41859,3,,,1,15,,41800,3,,,1,55,,41820,3,,,1,15,,41840,3,,,1,15,,41860,3,,,1,15,,41801,3,,,1,55,,41821,3,,,1,15,,41841,3,,,1,15,,41861,3,,,1,15,,41802,3,,,1,55,,41822,3,,,1,15,,41842,3,,,1,15,,41862,3,,,1,15,,41803,3,,,1,55,,41823,3,,,1,15,,41843,3,,,1,15,,41863,3,,,1,15,,41804,3,,,1,55,,41824,3,,,1,15,,41844,3,,,1,15,,41864,3,,,1,15,,41805,3,,,1,55,,41825,3,,,1,15,,41845,3,,,1,15,,41865,3,,,1,15,,41806,3,,,1,55,,41826,3,,,1
1,'20260805',542,,41925,3,,,1,15,,41866,3,,,1,52,,41886,3,,,1,15,,41906,3,,,1,15,,41926,3,,,1,15,,41867,3,,,1,55,,41887,3,,,1,15,,41907,3,,,1,15,,41927,3,,,1,15,,41868,3,,,1,55,,41888,3,,,1,15,,41908,3,,,1,15,,41928,3,,,1,15,,41869,3,,,1,55,,41889,3,,,1,15,,41909,3,,,1,15,,41929,3,,,1,15,,41870,3,,,1,55,,41890,3,,,1,15,,41910,3,,,1,15,,41930,3,,,1,15,,41871,3,,,1,55,,41891,3,,,1,15,,41911,3,,,1,15,,41931,3,,,1,15,,41872,3,,,1,55,,41892,3,,,1,15,,41912,3,,,1,15,,41932,3,,,1,15,,41873,3,,,1,55,,41893,3,,,1,15,,41913,3,,,1,15,,41933,3,,,1,15,,41874,3,,,1,55,,41894,3,,,1,15,,41914,3,,,1,15,,41934,3,,,1,15,,41875,3,,,1,55,,41895,3,,,1,15,,41915,3,,,1,15,,41935,3,,,1,15,,41876,3,,,1,55,,41896,3,,,1,15,,41916,3,,,1,15,,41936,3,,,1,15,,41877,3,,,1,55,,41897,3,,,1,15,,41917,3,,,1,15,,41937,3,,,1,15,,41878,3,,,1,55,,41898,3,,,1,15,,41918,3,,,1,15,,41938,3,,,1,15,,41879,3,,,1,55,,41899,3,,,1,15,,41919,3,,,1,15,,41939,3,,,1,15,,41880,3,,,1,55,,41900,3,,,1,15,,41920,3,,,1,15,,41940,3,,,1,15,,41881,3,,,1,55,,41901,3,,,1,15,,41921,3,,,1,15,,41941,3,,,1,15,,41882,3,,,1,55,,41902,3,,,1,15,,41922,3,,,1,15,,41942,3,,,1,15,,41883,3,,,1,55,,41903,3,,,1,15,,41923,3,,,1,15,,41943,3,,,1,15,,41884,3,,,1,55,,41904,3,,,1,15,,41924,3,,,1,15,,41944,3,,,1,15,,41885,3,,,1,55,,41905,3,,,1
1,'20260806',542,,42004,3,,,1,15,,41945,3,,,1,52,,41965,3,,,1,15,,41985,3,,,1,15,,42005,3,,,1,15,,41946,3,,,1,55,,41966,3,,,1,15,,41986,3,,,1,15,,42006,3,,,1,15,,41947,3,,,1,55,,41967,3,,,1,15,,41987,3,,,1,15,,42007,3,,,1,15,,41948,3,,,1,55,,41968,3,,,1,15,,41988,3,,,1,15,,42008,3,,,1,15,,41949,3,,,1,55,,41969,3,,,1,15,,41989,3,,,1,15,,42009,3,,,1,15,,41950,3,,,1,55,,41970,3,,,1,15,,41990,3,,,1,15,,42010,3,,,1,15,,41951,3,,,1,55,,41971,3,,,1,15,,41991,3,,,1,15,,42011,3,,,1,15,,41952,3,,,1,55,,41972,3,,,1,15,,41992,3,,,1,15,,42012,3,,,1,15,,41953,3,,,1,55,,41973,3,,,1,15,,41993,3,,,1,15,,42013,3,,,1,15,,41954,3,,,1,55,,41974,3,,,1,15,,41994,3,,,1,15,,42014,3,,,1,15,,41955,3,,,1,55,,41975,3,,,1,15,,41995,3,,,1,15,,42015,3,,,1,15,,41956,3,,,1,55,,41976,3,,,1,15,,41996,3,,,1,15,,42016,3,,,1,15,,41957,3,,,1,55,,41977,3,,,1,15,,41997,3,,,1,15,,42017,3,,,1,15,,41958,3,,,1,55,,41978,3,,,1,15,,41998,3,,,1,15,,42018,3,,,1,15,,41959,3,,,1,55,,41979,3,,,1,15,,41999,3,,,1,15,,42019,3,,,1,15,,41960,3,,,1,55,,41980,3,,,1,15,,42000,3,,,1,15,,42020,3,,,1,15,,41961,3,,,1,55,,41981,3,,,1,15,,42001,3,,,1,15,,42021,3,,,1,15,,41962,3,,,1,55,,41982,3,,,1,15,,42002,3,,,1,15,,42022,3,,,1,15,,41963,3,,,1,55,,41983,3,,,1,15,,42003,3,,,1,15,,42023,3,,,1,15,,41964,3,,,1,55,,41984,3,,,1
1,'20260807',542,,42083,3,,,1,15,,42024,3,,,1,52,,42044,3,,,1,15,,42064,3,,,1,15,,42084,3,,,1,15,,42025,3,,,1,55,,42045,3,,,1,15,,42065,3,,,1,15,,42085,3,,,1,15,,42026,3,,,1,55,,42046,3,,,1,15,,42066,3,,,1,15,,42086,3,,,1,15,,42027,3,,,1,55,,42047,3,,,1,15,,42067,3,,,1,15,,42087,3,,,1,15,,42028,3,,,1,55,,42048,3,,,1,15,,42068,3,,,1,15,,42088,3,,,1,15,,42029,3,,,1,55,,42049,3,,,1,15,,42069,3,,,1,15,,42089,3,,,1,15,,42030,3,,,1,55,,42050,3,,,1,15,,42070,3,,,1,15,,42090,3,,,1,15,,42031,3,,,1,55,,42051,3,,,1,15,,42071,3,,,1,15,,42091,3,,,1,15,,42032,3,,,1,55,,42052,3,,,1,15,,42072,3,,,1,15,,42092,3,,,1,15,,42033,3,,,1,55,,42053,3,,,1,15,,42073,3,,,1,15,,42093,3,,,1,15,,42034,3,,,1,55,,42054,3,,,1,15,,42074,3,,,1,15,,42094,3,,,1,15,,42035,3,,,1,55,,42055,3,,,1,15,,42075,3,,,1,15,,42095,3,,,1,15,,42036,3,,,1,55,,42056,3,,,1,15,,42076,3,,,1,15,,42096,3,,,1,15,,42037,3,,,1,55,,42057,3,,,1,15,,42077,3,,,1,15,,42097,3,,,1,15,,42038,3,,,1,55,,42058,3,,,1,15,,42078,3,,,1,15,,42098,3,,,1,15,,42039,3,,,1,55,,42059,3,,,1,15,,42079,3,,,1,15,,42099,3,,,1,15,,42040,3,,,1,55,,42060,3,,,1,15,,42080,3,,,1,15,,42100,3,,,1,15,,42041,3,,,1,55,,42061,3,,,1,15,,42081,3,,,1,15,,42101,3,,,1,15,,42042,3,,,1,55,,42062,3,,,1,15,,42082,3,,,1,15,,42102,3,,,1,15,,42043,3,,,1,55,,42063,3,,,1
1,'20260808',639,,42159,3,,,1,15,,42103,3,,,1,55,,42122,3,,,1,15,,42141,3,,,1,15,,42160,3,,,1,15,,42104,3,,,1,55,,42123,3,,,1,15,,42142,3,,,1,15,,42161,3,,,1,15,,42105,3,,,1,55,,42124,3,,,1,15,,42143,3,,,1,15,,42162,3,,,1,15,,42106,3,,,1,55,,42125,3,,,1,15,,42144,3,,,1,15,,42163,3,,,1,15,,42107,3,,,1,55,,42126,3,,,1,15,,42145,3,,,1,15,,42164,3,,,1,15,,42108,3,,,1,55,,42127,3,,,1,15,,42146,3,,,1,15,,42165,3,,,1,15,,42109,3,,,1,55,,42128,3,,,1,15,,42147,3,,,1,15,,42166,3,,,1,15,,42110,3,,,1,55,,42129,3,,,1,15,,42148,3,,,1,15,,42167,3,,,1,15,,42111,3,,,1,55,,42130,3,,,1,15,,42149,3,,,1,15,,42168,3,,,1,15,,42112,3,,,1,55,,42131,3,,,1,15,,42150,3,,,1,15,,42169,3,,,1,15,,42113,3,,,1,55,,42132,3,,,1,15,,42151,3,,,1,15,,42170,3,,,1,15,,42114,3,,,1,55,,42133,3,,,1,15,,42152,3,,,1,15,,42171,3,,,1,15,,42115,3,,,1,55,,42134,3,,,1,15,,42153,3,,,1,15,,42172,3,,,1,15,,42116,3,,,1,55,,42135,3,,,1,15,,42154,3,,,1,15,,42173,3,,,1,15,,42117,3,,,1,55,,42136,3,,,1,15,,42155,3,,,1,15,,42174,3,,,1,15,,42118,3,,,1,55,,42137,3,,,1,15,,42156,3,,,1,15,,42175,3,,,1,15,,42119,3,,,1,55,,42138,3,,,1,15,,42157,3,,,1,15,,42176,3,,,1,15,,42120,3,,,1,55,,42139,3,,,1,15,,42158,3,,,1,15,,42177,3,,,1,15,,42121,3,,,1,55,,42140,3,,,1
1,'20260809',639,,42234,3,,,1,15,,42178,3,,,1,55,,42197,3,,,1,15,,42216,3,,,1,15,,42235,3,,,1,15,,42179,3,,,1,55,,42198,3,,,1,15,,42217,3,,,1,15,,42236,3,,,1,15,,42180,3,,,1,55,,42199,3,,,1,15,,42218,3,,,1,15,,42237,3,,,1,15,,42181,3,,,1,55,,42200,3,,,1,15,,42219,3,,,1,15,,42238,3,,,1,15,,42182,3,,,1,55,,42201,3,,,1,15,,42220,3,,,1,15,,42239,3,,,1,15,,42183,3,,,1,55,,42202,3,,,1,15,,42221,3,,,1,15,,42240,3,,,1,15,,42184,3,,,1,55,,42203,3,,,1,15,,42222,3,,,1,15,,42241,3,,,1,15,,42185,3,,,1,55,,42204,3,,,1,15,,42223,3,,,1,15,,42242,3,,,1,15,,42186,3,,,1,55,,42205,3,,,1,15,,42224,3,,,1,15,,42243,3,,,1,15,,42187,3,,,1,55,,42206,3,,,1,15,,42225,3,,,1,15,,42244,3,,,1,15,,42188,3,,,1,55,,42207,3,,,1,15,,42226,3,,,1,15,,42245,3,,,1,15,,42189,3,,,1,55,,42208,3,,,1,15,,42227,3,,,1,15,,42246,3,,,1,15,,42190,3,,,1,55,,42209,3,,,1,15,,42228,3,,,1,15,,42247,3,,,1,15,,42191,3,,,1,55,,42210,3,,,1,15,,42229,3,,,1,15,,42248,3,,,1,15,,42192,3,,,1,55,,42211,3,,,1,15,,42230,3,,,1,15,,42249,3,,,1,15,,42193,3,,,1,55,,42212,3,,,1,15,,42231,3,,,1,15,,42250,3,,,1,15,,42194,3,,,1,55,,42213,3,,,1,15,,42232,3,,,1,15,,42251,3,,,1,15,,42195,3,,,1,55,,42214,3,,,1,15,,42233,3,,,1,15,,42252,3,,,1,15,,42196,3,,,1,55,,42215,3,,,1
1,'20260810',639,,42309,3,,,1,15,,42253,3,,,1,55,,42272,3,,,1,15,,42291,3,,,1,15,,42310,3,,,1,15,,42254,3,,,1,55,,42273,3,,,1,15,,42292,3,,,1,15,,42311,3,,,1,15,,42255,3,,,1,55,,42274,3,,,1,15,,42293,3,,,1,15,,42312,3,,,1,15,,42256,3,,,1,55,,42275,3,,,1,15,,42294,3,,,1,15,,42313,3,,,1,15,,42257,3,,,1,55,,42276,3,,,1,15,,42295,3,,,1,15,,42314,3,,,1,15,,42258,3,,,1,55,,42277,3,,,1,15,,42296,3,,,1,15,,42315,3,,,1,15,,42259,3,,,1,55,,42278,3,,,1,15,,42297,3,,,1,15,,42316,3,,,1,15,,42260,3,,,1,55,,42279,3,,,1,15,,42298,3,,,1,15,,42317,3,,,1,15,,42261,3,,,1,55,,42280,3,,,1,15,,42299,3,,,1,15,,42318,3,,,1,15,,42262,3,,,1,55,,42281,3,,,1,15,,42300,3,,,1,15,,42319,3,,,1,15,,42263,3,,,1,55,,42282,3,,,1,15,,42301,3,,,1,15,,42320,3,,,1,15,,42264,3,,,1,55,,42283,3,,,1,15,,42302,3,,,1,15,,42321,3,,,1,15,,42265,3,,,1,55,,42284,3,,,1,15,,42303,3,,,1,15,,42322,3,,,1,15,,42266,3,,,1,55,,42285,3,,,1,15,,42304,3,,,1,15,,42323,3,,,1,15,,42267,3,,,1,55,,42286,3,,,1,15,,42305,3,,,1,15,,42324,3,,,1,15,,42268,3,,,1,55,,42287,3,,,1,15,,42306,3,,,1,15,,42325,3,,,1,15,,42269,3,,,1,55,,42288,3,,,1,15,,42307,3,,,1,15,,42326,3,,,1,15,,42270,3,,,1,55,,42289,3,,,1,15,,42308,3,,,1,15,,42327,3,,,1,15,,42271,3,,,1,55,,42290,3,,,1
1,'20260811',542,,42387,3,,,1,15,,42328,3,,,1,52,,42348,3,,,1,15,,42368,3,,,1,15,,42388,3,,,1,15,,42329,3,,,1,55,,42349,3,,,1,15,,42369,3,,,1,15,,42389,3,,,1,15,,42330,3,,,1,55,,42350,3,,,1,15,,42370,3,,,1,15,,42390,3,,,1,15,,42331,3,,,1,55,,42351,3,,,1,15,,42371,3,,,1,15,,42391,3,,,1,15,,42332,3,,,1,55,,42352,3,,,1,15,,42372,3,,,1,15,,42392,3,,,1,15,,42333,3,,,1,55,,42353,3,,,1,15,,42373,3,,,1,15,,42393,3,,,1,15,,42334,3,,,1,55,,42354,3,,,1,15,,42374,3,,,1,15,,42394,3,,,1,15,,42335,3,,,1,55,,42355,3,,,1,15,,42375,3,,,1,15,,42395,3,,,1,15,,42336,3,,,1,55,,42356,3,,,1,15,,42376,3,,,1,15,,42396,3,,,1,15,,42337,3,,,1,55,,42357,3,,,1,15,,42377,3,,,1,15,,42397,3,,,1,15,,42338,3,,,1,55,,42358,3,,,1,15,,42378,3,,,1,15,,42398,3,,,1,15,,42339,3,,,1,55,,42359,3,,,1,15,,42379,3,,,1,15,,42399,3,,,1,15,,42340,3,,,1,55,,42360,3,,,1,15,,42380,3,,,1,15,,42400,3,,,1,15,,42341,3,,,1,55,,42361,3,,,1,15,,42381,3,,,1,15,,42401,3,,,1,15,,42342,3,,,1,55,,42362,3,,,1,15,,42382,3,,,1,15,,42402,3,,,1,15,,42343,3,,,1,55,,42363,3,,,1,15,,42383,3,,,1,15,,42403,3,,,1,15,,42344,3,,,1,55,,42364,3,,,1,15,,42384,3,,,1,15,,42404,3,,,1,15,,42345,3,,,1,55,,42365,3,,,1,15,,42385,3,,,1,15,,42405,3,,,1,15,,42346,3,,,1,55,,42366,3,,,1,15,,42386,3,,,1,15,,42406,3,,,1,15,,42347,3,,,1,55,,42367,3,,,1
1,'20260812',542,,42466,3,,,1,15,,42407,3,,,1,52,,42427,3,,,1,15,,42447,3,,,1,15,,42467,3,,,1,15,,42408,3,,,1,55,,42428,3,,,1,15,,42448,3,,,1,15,,42468,3,,,1,15,,42409,3,,,1,55,,42429,3,,,1,15,,42449,3,,,1,15,,42469,3,,,1,15,,42410,3,,,1,55,,42430,3,,,1,15,,42450,3,,,1,15,,42470,3,,,1,15,,42411,3,,,1,55,,42431,3,,,1,15,,42451,3,,,1,15,,42471,3,,,1,15,,42412,3,,,1,55,,42432,3,,,1,15,,42452,3,,,1,15,,42472,3,,,1,15,,42413,3,,,1,55,,42433,3,,,1,15,,42453,3,,,1,15,,42473,3,,,1,15,,42414,3,,,1,55,,42434,3,,,1,15,,42454,3,,,1,15,,42474,3,,,1,15,,42415,3,,,1,55,,42435,3,,,1,15,,42455,3,,,1,15,,42475,3,,,1,15,,42416,3,,,1,55,,42436,3,,,1,15,,42456,3,,,1,15,,42476,3,,,1,15,,42417,3,,,1,55,,42437,3,,,1,15,,42457,3,,,1,15,,42477,3,,,1,15,,42418,3,,,1,55,,42438,3,,,1,15,,42458,3,,,1,15,,42478,3,,,1,15,,42419,3,,,1,55,,42439,3,,,1,15,,42459,3,,,1,15,,42479,3,,,1,15,,42420,3,,,1,55,,42440,3,,,1,15,,42460,3,,,1,15,,42480,3,,,1,15,,42421,3,,,1,55,,42441,3,,,1,15,,42461,3,,,1,15,,42481,3,,,1,15,,42422,3,,,1,55,,42442,3,,,1,15,,42462,3,,,1,15,,42482,3,,,1,15,,42423,3,,,1,55,,42443,3,,,1,15,,42463,3,,,1,15,,42483,3,,,1,15,,42424,3,,,1,55,,42444,3,,,1,15,,42464,3,,,1,15,,42484,3,,,1,15,,42425,3,,,1,55,,42445,3,,,1,15,,42465,3,,,1,15,,42485,3,,,1,15,,42426,3,,,1,55,,42446,3,,,1
1,'20260813',542,,42545,3,,,1,15,,42486,3,,,1,52,,42506,3,,,1,15,,42526,3,,,1,15,,42546,3,,,1,15,,42487,3,,,1,55,,42507,3,,,1,15,,42527,3,,,1,15,,42547,3,,,1,15,,42488,3,,,1,55,,42508,3,,,1,15,,42528,3,,,1,15,,42548,3,,,1,15,,42489,3,,,1,55,,42509,3,,,1,15,,42529,3,,,1,15,,42549,3,,,1,15,,42490,3,,,1,55,,42510,3,,,1,15,,42530,3,,,1,15,,42550,3,,,1,15,,42491,3,,,1,55,,42511,3,,,1,15,,42531,3,,,1,15,,42551,3,,,1,15,,42492,3,,,1,55,,42512,3,,,1,15,,42532,3,,,1,15,,42552,3,,,1,15,,42493,3,,,1,55,,42513,3,,,1,15,,42533,3,,,1,15,,42553,3,,,1,15,,42494,3,,,1,55,,42514,3,,,1,15,,42534,3,,,1,15,,42554,3,,,1,15,,42495,3,,,1,55,,42515,3,,,1,15,,42535,3,,,1,15,,42555,3,,,1,15,,42496,3,,,1,55,,42516,3,,,1,15,,42536,3,,,1,15,,42556,3,,,1,15,,42497,3,,,1,55,,42517,3,,,1,15,,42537,3,,,1,15,,42557,3,,,1,15,,42498,3,,,1,55,,42518,3,,,1,15,,42538,3,,,1,15,,42558,3,,,1,15,,42499,3,,,1,55,,42519,3,,,1,15,,42539,3,,,1,15,,42559,3,,,1,15,,42500,3,,,1,55,,42520,3,,,1,15,,42540,3,,,1,15,,42560,3,,,1,15,,42501,3,,,1,55,,42521,3,,,1,15,,42541,3,,,1,15,,42561,3,,,1,15,,42502,3,,,1,55,,42522,3,,,1,15,,42542,3,,,1,15,,42562,3,,,1,15,,42503,3,,,1,55,,42523,3,,,1,15,,42543,3,,,1,15,,42563,3,,,1,15,,42504,3,,,1,55,,42524,3,,,1,15,,42544,3,,,1,15,,42564,3,,,1,15,,42505,3,,,1,55,,42525,3,,,1
1,'20260814',542,,42624,3,,,1,15,,42565,3,,,1,52,,42585,3,,,1,15,,42605,3,,,1,15,,42625,3,,,1,15,,42566,3,,,1,55,,42586,3,,,1,15,,42606,3,,,1,15,,42626,3,,,1,15,,42567,3,,,1,55,,42587,3,,,1,15,,42607,3,,,1,15,,42627,3,,,1,15,,42568,3,,,1,55,,42588,3,,,1,15,,42608,3,,,1,15,,42628,3,,,1,15,,42569,3,,,1,55,,42589,3,,,1,15,,42609,3,,,1,15,,42629,3,,,1,15,,42570,3,,,1,55,,42590,3,,,1,15,,42610,3,,,1,15,,42630,3,,,1,15,,42571,3,,,1,55,,42591,3,,,1,15,,42611,3,,,1,15,,42631,3,,,1,15,,42572,3,,,1,55,,42592,3,,,1,15,,42612,3,,,1,15,,42632,3,,,1,15,,42573,3,,,1,55,,42593,3,,,1,15,,42613,3,,,1,15,,42633,3,,,1,15,,42574,3,,,1,55,,42594,3,,,1,15,,42614,3,,,1,15,,42634,3,,,1,15,,42575,3,,,1,55,,42595,3,,,1,15,,42615,3,,,1,15,,42635,3,,,1,15,,42576,3,,,1,55,,42596,3,,,1,15,,42616,3,,,1,15,,42636,3,,,1,15,,42577,3,,,1,55,,42597,3,,,1,15,,42617,3,,,1,15,,42637,3,,,1,15,,42578,3,,,1,55,,42598,3,,,1,15,,42618,3,,,1,15,,42638,3,,,1,15,,42579,3,,,1,55,,42599,3,,,1,15,,42619,3,,,1,15,,42639,3,,,1,15,,42580,3,,,1,55,,42600,3,,,1,15,,42620,3,,,1,15,,42640,3,,,1,15,,42581,3,,,1,55,,42601,3,,,1,15,,42621,3,,,1,15,,42641,3,,,1,15,,42582,3,,,1,55,,42602,3,,,1,15,,42622,3,,,1,15,,42642,3,,,1,15,,42583,3,,,1,55,,42603,3,,,1,15,,42623,3,,,1,15,,42643,3,,,1,15,,42584,3,,,1,55,,42604,3,,,1
1,'20260815',639,,42700,3,,,1,15,,42644,3,,,1,55,,42663,3,,,1,15,,42682,3,,,1,15,,42701,3,,,1,15,,42645,3,,,1,55,,42664,3,,,1,15,,42683,3,,,1,15,,42702,3,,,1,15,,42646,3,,,1,55,,42665,3,,,1,15,,42684,3,,,1,15,,42703,3,,,1,15,,42647,3,,,1,55,,42666,3,,,1,15,,42685,3,,,1,15,,42704,3,,,1,15,,42648,3,,,1,55,,42667,3,,,1,15,,42686,3,,,1,15,,42705,3,,,1,15,,42649,3,,,1,55,,42668,3,,,1,15,,42687,3,,,1,15,,42706,3,,,1,15,,42650,3,,,1,55,,42669,3,,,1,15,,42688,3,,,1,15,,42707,3,,,1,15,,42651,3,,,1,55,,42670,3,,,1,15,,42689,3,,,1,15,,42708,3,,,1,15,,42652,3,,,1,55,,42671,3,,,1,15,,42690,3,,,1,15,,42709,3,,,1,15,,42653,3,,,1,55,,42672,3,,,1,15,,42691,3,,,1,15,,42710,3,,,1,15,,42654,3,,,1,55,,42673,3,,,1,15,,42692,3,,,1,15,,42711,3,,,1,15,,42655,3,,,1,55,,42674,3,,,1,15,,42693,3,,,1,15,,42712,3,,,1,15,,42656,3,,,1,55,,42675,3,,,1,15,,42694,3,,,1,15,,42713,3,,,1,15,,42657,3,,,1,55,,42676,3,,,1,15,,42695,3,,,1,15,,42714,3,,,1,15,,42658,3,,,1,55,,42677,3,,,1,15,,42696,3,,,1,15,,42715,3,,,1,15,,42659,3,,,1,55,,42678,3,,,1,15,,42697,3,,,1,15,,42716,3,,,1,15,,42660,3,,,1,55,,42679,3,,,1,15,,42698,3,,,1,15,,42717,3,,,1,15,,42661,3,,,1,55,,42680,3,,,1,15,,42699,3,,,1,15,,42718,3,,,1,15,,42662,3,,,1,55,,42681,3,,,1
1,'20260816',639,,42775,3,,,1,15,,42719,3,,,1,55,,42738,3,,,1,15,,42757,3,,,1,15,,42776,3,,,1,15,,42720,3,,,1,55,,42739,3,,,1,15,,42758,3,,,1,15,,42777,3,,,1,15,,42721,3,,,1,55,,42740,3,,,1,15,,42759,3,,,1,15,,42778,3,,,1,15,,42722,3,,,1,55,,42741,3,,,1,15,,42760,3,,,1,15,,42779,3,,,1,15,,42723,3,,,1,55,,42742,3,,,1,15,,42761,3,,,1,15,,42780,3,,,1,15,,42724,3,,,1,55,,42743,3,,,1,15,,42762,3,,,1,15,,42781,3,,,1,15,,42725,3,,,1,55,,42744,3,,,1,15,,42763,3,,,1,15,,42782,3,,,1,15,,42726,3,,,1,55,,42745,3,,,1,15,,42764,3,,,1,15,,42783,3,,,1,15,,42727,3,,,1,55,,42746,3,,,1,15,,42765,3,,,1,15,,42784,3,,,1,15,,42728,3,,,1,55,,42747,3,,,1,15,,42766,3,,,1,15,,42785,3,,,1,15,,42729,3,,,1,55,,42748,3,,,1,15,,42767,3,,,1,15,,42786,3,,,1,15,,42730,3,,,1,55,,42749,3,,,1,15,,42768,3,,,1,15,,42787,3,,,1,15,,42731,3,,,1,55,,42750,3,,,1,15,,42769,3,,,1,15,,42788,3,,,1,15,,42732,3,,,1,55,,42751,3,,,1,15,,42770,3,,,1,15,,42789,3,,,1,15,,42733,3,,,1,55,,42752,3,,,1,15,,42771,3,,,1,15,,42790,3,,,1,15,,42734,3,,,1,55,,42753,3,,,1,15,,42772,3,,,1,15,,42791,3,,,1,15,,42735,3,,,1,55,,42754,3,,,1,15,,42773,3,,,1,15,,42792,3,,,1,15,,42736,3,,,1,55,,42755,3,,,1,15,,42774,3,,,1,15,,42793,3,,,1,15,,42737,3,,,1,55,,42756,3,,,1
1,'20260817',639,,42850,3,,,1,15,,42794,3,,,1,55,,42813,3,,,1,15,,42832,3,,,1,15,,42851,3,,,1,15,,42795,3,,,1,55,,42814,3,,,1,15,,42833,3,,,1,15,,42852,3,,,1,15,,42796,3,,,1,55,,42815,3,,,1,15,,42834,3,,,1,15,,42853,3,,,1,15,,42797,3,,,1,55,,42816,3,,,1,15,,42835,3,,,1,15,,42854,3,,,1,15,,42798,3,,,1,55,,42817,3,,,1,15,,42836,3,,,1,15,,42855,3,,,1,15,,42799,3,,,1,55,,42818,3,,,1,15,,42837,3,,,1,15,,42856,3,,,1,15,,42800,3,,,1,55,,42819,3,,,1,15,,42838,3,,,1,15,,42857,3,,,1,15,,42801,3,,,1,55,,42820,3,,,1,15,,42839,3,,,1,15,,42858,3,,,1,15,,42802,3,,,1,55,,42821,3,,,1,15,,42840,3,,,1,15,,42859,3,,,1,15,,42803,3,,,1,55,,42822,3,,,1,15,,42841,3,,,1,15,,42860,3,,,1,15,,42804,3,,,1,55,,42823,3,,,1,15,,42842,3,,,1,15,,42861,3,,,1,15,,42805,3,,,1,55,,42824,3,,,1,15,,42843,3,,,1,15,,42862,3,,,1,15,,42806,3,,,1,55,,42825,3,,,1,15,,42844,3,,,1,15,,42863,3,,,1,15,,42807,3,,,1,55,,42826,3,,,1,15,,42845,3,,,1,15,,42864,3,,,1,15,,42808,3,,,1,55,,42827,3,,,1,15,,42846,3,,,1,15,,42865,3,,,1,15,,42809,3,,,1,55,,42828,3,,,1,15,,42847,3,,,1,15,,42866,3,,,1,15,,42810,3,,,1,55,,42829,3,,,1,15,,42848,3,,,1,15,,42867,3,,,1,15,,42811,3,,,1,55,,42830,3,,,1,15,,42849,3,,,1,15,,42868,3,,,1,15,,42812,3,,,1,55,,42831,3,,,1
1,'20260818',542,,42928,3,,,1,15,,42869,3,,,1,52,,42889,3,,,1,15,,42909,3,,,1,15,,42929,3,,,1,15,,42870,3,,,1,55,,42890,3,,,1,15,,42910,3,,,1,15,,42930,3,,,1,15,,42871,3,,,1,55,,42891,3,,,1,15,,42911,3,,,1,15,,42931,3,,,1,15,,42872,3,,,1,55,,42892,3,,,1,15,,42912,3,,,1,15,,42932,3,,,1,15,,42873,3,,,1,55,,42893,3,,,1,15,,42913,3,,,1,15,,42933,3,,,1,15,,42874,3,,,1,55,,42894,3,,,1,15,,42914,3,,,1,15,,42934,3,,,1,15,,42875,3,,,1,55,,42895,3,,,1,15,,42915,3,,,1,15,,42935,3,,,1,15,,42876,3,,,1,55,,42896,3,,,1,15,,42916,3,,,1,15,,42936,3,,,1,15,,42877,3,,,1,55,,42897,3,,,1,15,,42917,3,,,1,15,,42937,3,,,1,15,,42878,3,,,1,55,,42898,3,,,1,15,,42918,3,,,1,15,,42938,3,,,1,15,,42879,3,,,1,55,,42899,3,,,1,15,,42919,3,,,1,15,,42939,3,,,1,15,,42880,3,,,1,55,,42900,3,,,1,15,,42920,3,,,1,15,,42940,3,,,1,15,,42881,3,,,1,55,,42901,3,,,1,15,,42921,3,,,1,15,,42941,3,,,1,15,,42882,3,,,1,55,,42902,3,,,1,15,,42922,3,,,1,15,,42942,3,,,1,15,,42883,3,,,1,55,,42903,3,,,1,15,,42923,3,,,1,15,,42943,3,,,1,15,,42884,3,,,1,55,,42904,3,,,1,15,,42924,3,,,1,15,,42944,3,,,1,15,,42885,3,,,1,55,,42905,3,,,1,15,,42925,3,,,1,15,,42945,3,,,1,15,,42886,3,,,1,55,,42906,3,,,1,15,,42926,3,,,1,15,,42946,3,,,1,15,,42887,3,,,1,55,,42907,3,,,1,15,,42927,3,,,1,15,,42947,3,,,1,15,,42888,3,,,1,55,,42908,3,,,1
1,'20260819',542,,43007,3,,,1,15,,42948,3,,,1,52,,42968,3,,,1,15,,42988,3,,,1,15,,43008,3,,,1,15,,42949,3,,,1,55,,42969,3,,,1,15,,42989,3,,,1,15,,43009,3,,,1,15,,42950,3,,,1,55,,42970,3,,,1,15,,42990,3,,,1,15,,43010,3,,,1,15,,42951,3,,,1,55,,42971,3,,,1,15,,42991,3,,,1,15,,43011,3,,,1,15,,42952,3,,,1,55,,42972,3,,,1,15,,42992,3,,,1,15,,43012,3,,,1,15,,42953,3,,,1,55,,42973,3,,,1,15,,42993,3,,,1,15,,43013,3,,,1,15,,42954,3,,,1,55,,42974,3,,,1,15,,42994,3,,,1,15,,43014,3,,,1,15,,42955,3,,,1,55,,42975,3,,,1,15,,42995,3,,,1,15,,43015,3,,,1,15,,42956,3,,,1,55,,42976,3,,,1,15,,42996,3,,,1,15,,43016,3,,,1,15,,42957,3,,,1,55,,42977,3,,,1,15,,42997,3,,,1,15,,43017,3,,,1,15,,42958,3,,,1,55,,42978,3,,,1,15,,42998,3,,,1,15,,43018,3,,,1,15,,42959,3,,,1,55,,42979,3,,,1,15,,42999,3,,,1,15,,43019,3,,,1,15,,42960,3,,,1,55,,42980,3,,,1,15,,43000,3,,,1,15,,43020,3,,,1,15,,42961,3,,,1,55,,42981,3,,,1,15,,43001,3,,,1,15,,43021,3,,,1,15,,42962,3,,,1,55,,42982,3,,,1,15,,43002,3,,,1,15,,43022,3,,,1,15,,42963,3,,,1,55,,42983,3,,,1,15,,43003,3,,,1,15,,43023,3,,,1,15,,42964,3,,,1,55,,42984,3,,,1,15,,43004,3,,,1,15,,43024,3,,,1,15,,42965,3,,,1,55,,42985,3,,,1,15,,43005,3,,,1,15,,43025,3,,,1,15,,42966,3,,,1,55,,42986,3,,,1,15,,43006,3,,,1,15,,43026,3,,,1,15,,42967,3,,,1,55,,42987,3,,,1
1,'20260820',542,,43086,3,,,1,15,,43027,3,,,1,52,,43047,3,,,1,15,,43067,3,,,1,15,,43087,3,,,1,15,,43028,3,,,1,55,,43048,3,,,1,15,,43068,3,,,1,15,,43088,3,,,1,15,,43029,3,,,1,55,,43049,3,,,1,15,,43069,3,,,1,15,,43089,3,,,1,15,,43030,3,,,1,55,,43050,3,,,1,15,,43070,3,,,1,15,,43090,3,,,1,15,,43031,3,,,1,55,,43051,3,,,1,15,,43071,3,,,1,15,,43091,3,,,1,15,,43032,3,,,1,55,,43052,3,,,1,15,,43072,3,,,1,15,,43092,3,,,1,15,,43033,3,,,1,55,,43053,3,,,1,15,,43073,3,,,1,15,,43093,3,,,1,15,,43034,3,,,1,55,,43054,3,,,1,15,,43074,3,,,1,15,,43094,3,,,1,15,,43035,3,,,1,55,,43055,3,,,1,15,,43075,3,,,1,15,,43095,3,,,1,15,,43036,3,,,1,55,,43056,3,,,1,15,,43076,3,,,1,15,,43096,3,,,1,15,,43037,3,,,1,55,,43057,3,,,1,15,,43077,3,,,1,15,,43097,3,,,1,15,,43038,3,,,1,55,,43058,3,,,1,15,,43078,3,,,1,15,,43098,3,,,1,15,,43039,3,,,1,55,,43059,3,,,1,15,,43079,3,,,1,15,,43099,3,,,1,15,,43040,3,,,1,55,,43060,3,,,1,15,,43080,3,,,1,15,,43100,3,,,1,15,,43041,3,,,1,55,,43061,3,,,1,15,,43081,3,,,1,15,,43101,3,,,1,15,,43042,3,,,1,55,,43062,3,,,1,15,,43082,3,,,1,15,,43102,3,,,1,15,,43043,3,,,1,55,,43063,3,,,1,15,,43083,3,,,1,15,,43103,3,,,1,15,,43044,3,,,1,55,,43064,3,,,1,15,,43084,3,,,1,15,,43104,3,,,1,15,,43045,3,,,1,55,,43065,3,,,1,15,,43085,3,,,1,15,,43105,3,,,1,15,,43046,3,,,1,55,,43066,3,,,1
1,'20260821',542,,43165,3,,,1,15,,43106,3,,,1,52,,43126,3,,,1,15,,43146,3,,,1,15,,43166,3,,,1,15,,43107,3,,,1,55,,43127,3,,,1,15,,43147,3,,,1,15,,43167,3,,,1,15,,43108,3,,,1,55,,43128,3,,,1,15,,43148,3,,,1,15,,43168,3,,,1,15,,43109,3,,,1,55,,43129,3,,,1,15,,43149,3,,,1,15,,43169,3,,,1,15,,43110,3,,,1,55,,43130,3,,,1,15,,43150,3,,,1,15,,43170,3,,,1,15,,43111,3,,,1,55,,43131,3,,,1,15,,43151,3,,,1,15,,43171,3,,,1,15,,43112,3,,,1,55,,43132,3,,,1,15,,43152,3,,,1,15,,43172,3,,,1,15,,43113,3,,,1,55,,43133,3,,,1,15,,43153,3,,,1,15,,43173,3,,,1,15,,43114,3,,,1,55,,43134,3,,,1,15,,43154,3,,,1,15,,43174,3,,,1,15,,43115,3,,,1,55,,43135,3,,,1,15,,43155,3,,,1,15,,43175,3,,,1,15,,43116,3,,,1,55,,43136,3,,,1,15,,43156,3,,,1,15,,43176,3,,,1,15,,43117,3,,,1,55,,43137,3,,,1,15,,43157,3,,,1,15,,43177,3,,,1,15,,43118,3,,,1,55,,43138,3,,,1,15,,43158,3,,,1,15,,43178,3,,,1,15,,43119,3,,,1,55,,43139,3,,,1,15,,43159,3,,,1,15,,43179,3,,,1,15,,43120,3,,,1,55,,43140,3,,,1,15,,43160,3,,,1,15,,43180,3,,,1,15,,43121,3,,,1,55,,43141,3,,,1,15,,43161,3,,,1,15,,43181,3,,,1,15,,43122,3,,,1,55,,43142,3,,,1,15,,43162,3,,,1,15,,43182,3,,,1,15,,43123,3,,,1,55,,43143,3,,,1,15,,43163,3,,,1,15,,43183,3,,,1,15,,43124,3,,,1,55,,43144,3,,,1,15,,43164,3,,,1,15,,43184,3,,,1,15,,43125,3,,,1,55,,43145,3,,,1
1,'20260822',639,,43241,3,,,1,15,,43185,3,,,1,55,,43204,3,,,1,15,,43223,3,,,1,15,,43242,3,,,1,15,,43186,3,,,1,55,,43205,3,,,1,15,,43224,3,,,1,15,,43243,3,,,1,15,,43187,3,,,1,55,,43206,3,,,1,15,,43225,3,,,1,15,,43244,3,,,1,15,,43188,3,,,1,55,,43207,3,,,1,15,,43226,3,,,1,15,,43245,3,,,1,15,,43189,3,,,1,55,,43208,3,,,1,15,,43227,3,,,1,15,,43246,3,,,1,15,,43190,3,,,1,55,,43209,3,,,1,15,,43228,3,,,1,15,,43247,3,,,1,15,,43191,3,,,1,55,,43210,3,,,1,15,,43229,3,,,1,15,,43248,3,,,1,15,,43192,3,,,1,55,,43211,3,,,1,15,,43230,3,,,1,15,,43249,3,,,1,15,,43193,3,,,1,55,,43212,3,,,1,15,,43231,3,,,1,15,,43250,3,,,1,15,,43194,3,,,1,55,,43213,3,,,1,15,,43232,3,,,1,15,,43251,3,,,1,15,,43195,3,,,1,55,,43214,3,,,1,15,,43233,3,,,1,15,,43252,3,,,1,15,,43196,3,,,1,55,,43215,3,,,1,15,,43234,3,,,1,15,,43253,3,,,1,15,,43197,3,,,1,55,,43216,3,,,1,15,,43235,3,,,1,15,,43254,3,,,1,15,,43198,3,,,1,55,,43217,3,,,1,15,,43236,3,,,1,15,,43255,3,,,1,15,,43199,3,,,1,55,,43218,3,,,1,15,,43237,3,,,1,15,,43256,3,,,1,15,,43200,3,,,1,55,,43219,3,,,1,15,,43238,3,,,1,15,,43257,3,,,1,15,,43201,3,,,1,55,,43220,3,,,1,15,,43239,3,,,1,15,,43258,3,,,1,15,,43202,3,,,1,55,,43221,3,,,1,15,,43240,3,,,1,15,,43259,3,,,1,15,,43203,3,,,1,55,,43222,3,,,1
1,'20260823',639,,43316,3,,,1,15,,43260,3,,,1,55,,43279,3,,,1,15,,43298,3,,,1,15,,43317,3,,,1,15,,43261,3,,,1,55,,43280,3,,,1,15,,43299,3,,,1,15,,43318,3,,,1,15,,43262,3,,,1,55,,43281,3,,,1,15,,43300,3,,,1,15,,43319,3,,,1,15,,43263,3,,,1,55,,43282,3,,,1,15,,43301,3,,,1,15,,43320,3,,,1,15,,43264,3,,,1,55,,43283,3,,,1,15,,43302,3,,,1,15,,43321,3,,,1,15,,43265,3,,,1,55,,43284,3,,,1,15,,43303,3,,,1,15,,43322,3,,,1,15,,43266,3,,,1,55,,43285,3,,,1,15,,43304,3,,,1,15,,43323,3,,,1,15,,43267,3,,,1,55,,43286,3,,,1,15,,43305,3,,,1,15,,43324,3,,,1,15,,43268,3,,,1,55,,43287,3,,,1,15,,43306,3,,,1,15,,43325,3,,,1,15,,43269,3,,,1,55,,43288,3,,,1,15,,43307,3,,,1,15,,43326,3,,,1,15,,43270,3,,,1,55,,43289,3,,,1,15,,43308,3,,,1,15,,43327,3,,,1,15,,43271,3,,,1,55,,43290,3,,,1,15,,43309,3,,,1,15,,43328,3,,,1,15,,43272,3,,,1,55,,43291,3,,,1,15,,43310,3,,,1,15,,43329,3,,,1,15,,43273,3,,,1,55,,43292,3,,,1,15,,43311,3,,,1,15,,43330,3,,,1,15,,43274,3,,,1,55,,43293,3,,,1,15,,43312,3,,,1,15,,43331,3,,,1,15,,43275,3,,,1,55,,43294,3,,,1,15,,43313,3,,,1,15,,43332,3,,,1,15,,43276,3,,,1,55,,43295,3,,,1,15,,43314,3,,,1,15,,43333,3,,,1,15,,43277,3,,,1,55,,43296,3,,,1,15,,43315,3,,,1,15,,43334,3,,,1,15,,43278,3,,,1,55,,43297,3,,,1
1,'20260824',639,,43391,3,,,1,15,,43335,3,,,1,55,,43354,3,,,1,15,,43373,3,,,1,15,,43392,3,,,1,15,,43336,3,,,1,55,,43355,3,,,1,15,,43374,3,,,1,15,,43393,3,,,1,15,,43337,3,,,1,55,,43356,3,,,1,15,,43375,3,,,1,15,,43394,3,,,1,15,,43338,3,,,1,55,,43357,3,,,1,15,,43376,3,,,1,15,,43395,3,,,1,15,,43339,3,,,1,55,,43358,3,,,1,15,,43377,3,,,1,15,,43396,3,,,1,15,,43340,3,,,1,55,,43359,3,,,1,15,,43378,3,,,1,15,,43397,3,,,1,15,,43341,3,,,1,55,,43360,3,,,1,15,,43379,3,,,1,15,,43398,3,,,1,15,,43342,3,,,1,55,,43361,3,,,1,15,,43380,3,,,1,15,,43399,3,,,1,15,,43343,3,,,1,55,,43362,3,,,1,15,,43381,3,,,1,15,,43400,3,,,1,15,,43344,3,,,1,55,,43363,3,,,1,15,,43382,3,,,1,15,,43401,3,,,1,15,,43345,3,,,1,55,,43364,3,,,1,15,,43383,3,,,1,15,,43402,3,,,1,15,,43346,3,,,1,55,,43365,3,,,1,15,,43384,3,,,1,15,,43403,3,,,1,15,,43347,3,,,1,55,,43366,3,,,1,15,,43385,3,,,1,15,,43404,3,,,1,15,,43348,3,,,1,55,,43367,3,,,1,15,,43386,3,,,1,15,,43405,3,,,1,15,,43349,3,,,1,55,,43368,3,,,1,15,,43387,3,,,1,15,,43406,3,,,1,15,,43350,3,,,1,55,,43369,3,,,1,15,,43388,3,,,1,15,,43407,3,,,1,15,,43351,3,,,1,55,,43370,3,,,1,15,,43389,3,,,1,15,,43408,3,,,1,15,,43352,3,,,1,55,,43371,3,,,1,15,,43390,3,,,1,15,,43409,3,,,1,15,,43353,3,,,1,55,,43372,3,,,1
1,'20260825',542,,43469,3,,,1,15,,43410,3,,,1,52,,43430,3,,,1,15,,43450,3,,,1,15,,43470,3,,,1,15,,43411,3,,,1,55,,43431,3,,,1,15,,43451,3,,,1,15,,43471,3,,,1,15,,43412,3,,,1,55,,43432,3,,,1,15,,43452,3,,,1,15,,43472,3,,,1,15,,43413,3,,,1,55,,43433,3,,,1,15,,43453,3,,,1,15,,43473,3,,,1,15,,43414,3,,,1,55,,43434,3,,,1,15,,43454,3,,,1,15,,43474,3,,,1,15,,43415,3,,,1,55,,43435,3,,,1,15,,43455,3,,,1,15,,43475,3,,,1,15,,43416,3,,,1,55,,43436,3,,,1,15,,43456,3,,,1,15,,43476,3,,,1,15,,43417,3,,,1,55,,43437,3,,,1,15,,43457,3,,,1,15,,43477,3,,,1,15,,43418,3,,,1,55,,43438,3,,,1,15,,43458,3,,,1,15,,43478,3,,,1,15,,43419,3,,,1,55,,43439,3,,,1,15,,43459,3,,,1,15,,43479,3,,,1,15,,43420,3,,,1,55,,43440,3,,,1,15,,43460,3,,,1,15,,43480,3,,,1,15,,43421,3,,,1,55,,43441,3,,,1,15,,43461,3,,,1,15,,43481,3,,,1,15,,43422,3,,,1,55,,43442,3,,,1,15,,43462,3,,,1,15,,43482,3,,,1,15,,43423,3,,,1,55,,43443,3,,,1,15,,43463,3,,,1,15,,43483,3,,,1,15,,43424,3,,,1,55,,43444,3,,,1,15,,43464,3,,,1,15,,43484,3,,,1,15,,43425,3,,,1,55,,43445,3,,,1,15,,43465,3,,,1,15,,43485,3,,,1,15,,43426,3,,,1,55,,43446,3,,,1,15,,43466,3,,,1,15,,43486,3,,,1,15,,43427,3,,,1,55,,43447,3,,,1,15,,43467,3,,,1,15,,43487,3,,,1,15,,43428,3,,,1,55,,43448,3,,,1,15,,43468,3,,,1,15,,43488,3,,,1,15,,43429,3,,,1,55,,43449,3,,,1
1,'20260826',542,,43548,3,,,1,15,,43489,3,,,1,52,,43509,3,,,1,15,,43529,3,,,1,15,,43549,3,,,1,15,,43490,3,,,1,55,,43510,3,,,1,15,,43530,3,,,1,15,,43550,3,,,1,15,,43491,3,,,1,55,,43511,3,,,1,15,,43531,3,,,1,15,,43551,3,,,1,15,,43492,3,,,1,55,,43512,3,,,1,15,,43532,3,,,1,15,,43552,3,,,1,15,,43493,3,,,1,55,,43513,3,,,1,15,,43533,3,,,1,15,,43553,3,,,1,15,,43494,3,,,1,55,,43514,3,,,1,15,,43534,3,,,1,15,,43554,3,,,1,15,,43495,3,,,1,55,,43515,3,,,1,15,,43535,3,,,1,15,,43555,3,,,1,15,,43496,3,,,1,55,,43516,3,,,1,15,,43536,3,,,1,15,,43556,3,,,1,15,,43497,3,,,1,55,,43517,3,,,1,15,,43537,3,,,1,15,,43557,3,,,1,15,,43498,3,,,1,55,,43518,3,,,1,15,,43538,3,,,1,15,,43558,3,,,1,15,,43499,3,,,1,55,,43519,3,,,1,15,,43539,3,,,1,15,,43559,3,,,1,15,,43500,3,,,1,55,,43520,3,,,1,15,,43540,3,,,1,15,,43560,3,,,1,15,,43501,3,,,1,55,,43521,3,,,1,15,,43541,3,,,1,15,,43561,3,,,1,15,,43502,3,,,1,55,,43522,3,,,1,15,,43542,3,,,1,15,,43562,3,,,1,15,,43503,3,,,1,55,,43523,3,,,1,15,,43543,3,,,1,15,,43563,3,,,1,15,,43504,3,,,1,55,,43524,3,,,1,15,,43544,3,,,1,15,,43564,3,,,1,15,,43505,3,,,1,55,,43525,3,,,1,15,,43545,3,,,1,15,,43565,3,,,1,15,,43506,3,,,1,55,,43526,3,,,1,15,,43546,3,,,1,15,,43566,3,,,1,15,,43507,3,,,1,55,,43527,3,,,1,15,,43547,3,,,1,15,,43567,3,,,1,15,,43508,3,,,1,55,,43528,3,,,1
1,'20260827',542,,43627,3,,,1,15,,43568,3,,,1,52,,43588,3,,,1,15,,43608,3,,,1,15,,43628,3,,,1,15,,43569,3,,,1,55,,43589,3,,,1,15,,43609,3,,,1,15,,43629,3,,,1,15,,43570,3,,,1,55,,43590,3,,,1,15,,43610,3,,,1,15,,43630,3,,,1,15,,43571,3,,,1,55,,43591,3,,,1,15,,43611,3,,,1,15,,43631,3,,,1,15,,43572,3,,,1,55,,43592,3,,,1,15,,43612,3,,,1,15,,43632,3,,,1,15,,43573,3,,,1,55,,43593,3,,,1,15,,43613,3,,,1,15,,43633,3,,,1,15,,43574,3,,,1,55,,43594,3,,,1,15,,43614,3,,,1,15,,43634,3,,,1,15,,43575,3,,,1,55,,43595,3,,,1,15,,43615,3,,,1,15,,43635,3,,,1,15,,43576,3,,,1,55,,43596,3,,,1,15,,43616,3,,,1,15,,43636,3,,,1,15,,43577,3,,,1,55,,43597,3,,,1,15,,43617,3,,,1,15,,43637,3,,,1,15,,43578,3,,,1,55,,43598,3,,,1,15,,43618,3,,,1,15,,43638,3,,,1,15,,43579,3,,,1,55,,43599,3,,,1,15,,43619,3,,,1,15,,43639,3,,,1,15,,43580,3,,,1,55,,43600,3,,,1,15,,43620,3,,,1,15,,43640,3,,,1,15,,43581,3,,,1,55,,43601,3,,,1,15,,43621,3,,,1,15,,43641,3,,,1,15,,43582,3,,,1,55,,43602,3,,,1,15,,43622,3,,,1,15,,43642,3,,,1,15,,43583,3,,,1,55,,43603,3,,,1,15,,43623,3,,,1,15,,43643,3,,,1,15,,43584,3,,,1,55,,43604,3,,,1,15,,43624,3,,,1,15,,43644,3,,,1,15,,43585,3,,,1,55,,43605,3,,,1,15,,43625,3,,,1,15,,43645,3,,,1,15,,43586,3,,,1,55,,43606,3,,,1,15,,43626,3,,,1,15,,43646,3,,,1,15,,43587,3,,,1,55,,43607,3,,,1
1,'20260828',542,,43706,3,,,1,15,,43647,3,,,1,52,,43667,3,,,1,15,,43687,3,,,1,15,,43707,3,,,1,15,,43648,3,,,1,55,,43668,3,,,1,15,,43688,3,,,1,15,,43708,3,,,1,15,,43649,3,,,1,55,,43669,3,,,1,15,,43689,3,,,1,15,,43709,3,,,1,15,,43650,3,,,1,55,,43670,3,,,1,15,,43690,3,,,1,15,,43710,3,,,1,15,,43651,3,,,1,55,,43671,3,,,1,15,,43691,3,,,1,15,,43711,3,,,1,15,,43652,3,,,1,55,,43672,3,,,1,15,,43692,3,,,1,15,,43712,3,,,1,15,,43653,3,,,1,55,,43673,3,,,1,15,,43693,3,,,1,15,,43713,3,,,1,15,,43654,3,,,1,55,,43674,3,,,1,15,,43694,3,,,1,15,,43714,3,,,1,15,,43655,3,,,1,55,,43675,3,,,1,15,,43695,3,,,1,15,,43715,3,,,1,15,,43656,3,,,1,55,,43676,3,,,1,15,,43696,3,,,1,15,,43716,3,,,1,15,,43657,3,,,1,55,,43677,3,,,1,15,,43697,3,,,1,15,,43717,3,,,1,15,,43658,3,,,1,55,,43678,3,,,1,15,,43698,3,,,1,15,,43718,3,,,1,15,,43659,3,,,1,55,,43679,3,,,1,15,,43699,3,,,1,15,,43719,3,,,1,15,,43660,3,,,1,55,,43680,3,,,1,15,,43700,3,,,1,15,,43720,3,,,1,15,,43661,3,,,1,55,,43681,3,,,1,15,,43701,3,,,1,15,,43721,3,,,1,15,,43662,3,,,1,55,,43682,3,,,1,15,,43702,3,,,1,15,,43722,3,,,1,15,,43663,3,,,1,55,,43683,3,,,1,15,,43703,3,,,1,15,,43723,3,,,1,15,,43664,3,,,1,55,,43684,3,,,1,15,,43704,3,,,1,15,,43724,3,,,1,15,,43665,3,,,1,55,,43685,3,,,1,15,,43705,3,,,1,15,,43725,3,,,1,15,,43666,3,,,1,55,,43686,3,,,1
1,'20260829',639,,43782,3,,,1,15,,43726,3,,,1,55,,43745,3,,,1,15,,43764,3,,,1,15,,43783,3,,,1,15,,43727,3,,,1,55,,43746,3,,,1,15,,43765,3,,,1,15,,43784,3,,,1,15,,43728,3,,,1,55,,43747,3,,,1,15,,43766,3,,,1,15,,43785,3,,,1,15,,43729,3,,,1,55,,43748,3,,,1,15,,43767,3,,,1,15,,43786,3,,,1,15,,43730,3,,,1,55,,43749,3,,,1,15,,43768,3,,,1,15,,43787,3,,,1,15,,43731,3,,,1,55,,43750,3,,,1,15,,43769,3,,,1,15,,43788,3,,,1,15,,43732,3,,,1,55,,43751,3,,,1,15,,43770,3,,,1,15,,43789,3,,,1,15,,43733,3,,,1,55,,43752,3,,,1,15,,43771,3,,,1,15,,43790,3,,,1,15,,43734,3,,,1,55,,43753,3,,,1,15,,43772,3,,,1,15,,43791,3,,,1,15,,43735,3,,,1,55,,43754,3,,,1,15,,43773,3,,,1,15,,43792,3,,,1,15,,43736,3,,,1,55,,43755,3,,,1,15,,43774,3,,,1,15,,43793,3,,,1,15,,43737,3,,,1,55,,43756,3,,,1,15,,43775,3,,,1,15,,43794,3,,,1,15,,43738,3,,,1,55,,43757,3,,,1,15,,43776,3,,,1,15,,43795,3,,,1,15,,43739,3,,,1,55,,43758,3,,,1,15,,43777,3,,,1,15,,43796,3,,,1,15,,43740,3,,,1,55,,43759,3,,,1,15,,43778,3,,,1,15,,43797,3,,,1,15,,43741,3,,,1,55,,43760,3,,,1,15,,43779,3,,,1,15,,43798,3,,,1,15,,43742,3,,,1,55,,43761,3,,,1,15,,43780,3,,,1,15,,43799,3,,,1,15,,43743,3,,,1,55,,43762,3,,,1,15,,43781,3,,,1,15,,43800,3,,,1,15,,43744,3,,,1,55,,43763,3,,,1
1,'20260830',639,,43857,3,,,1,15,,43801,3,,,1,55,,43820,3,,,1,15,,43839,3,,,1,15,,43858,3,,,1,15,,43802,3,,,1,55,,43821,3,,,1,15,,43840,3,,,1,15,,43859,3,,,1,15,,43803,3,,,1,55,,43822,3,,,1,15,,43841,3,,,1,15,,43860,3,,,1,15,,43804,3,,,1,55,,43823,3,,,1,15,,43842,3,,,1,15,,43861,3,,,1,15,,43805,3,,,1,55,,43824,3,,,1,15,,43843,3,,,1,15,,43862,3,,,1,15,,43806,3,,,1,55,,43825,3,,,1,15,,43844,3,,,1,15,,43863,3,,,1,15,,43807,3,,,1,55,,43826,3,,,1,15,,43845,3,,,1,15,,43864,3,,,1,15,,43808,3,,,1,55,,43827,3,,,1,15,,43846,3,,,1,15,,43865,3,,,1,15,,43809,3,,,1,55,,43828,3,,,1,15,,43847,3,,,1,15,,43866,3,,,1,15,,43810,3,,,1,55,,43829,3,,,1,15,,43848,3,,,1,15,,43867,3,,,1,15,,43811,3,,,1,55,,43830,3,,,1,15,,43849,3,,,1,15,,43868,3,,,1,15,,43812,3,,,1,55,,43831,3,,,1,15,,43850,3,,,1,15,,43869,3,,,1,15,,43813,3,,,1,55,,43832,3,,,1,15,,43851,3,,,1,15,,43870,3,,,1,15,,43814,3,,,1,55,,43833,3,,,1,15,,43852,3,,,1,15,,43871,3,,,1,15,,43815,3,,,1,55,,43834,3,,,1,15,,43853,3,,,1,15,,43872,3,,,1,15,,43816,3,,,1,55,,43835,3,,,1,15,,43854,3,,,1,15,,43873,3,,,1,15,,43817,3,,,1,55,,43836,3,,,1,15,,43855,3,,,1,15,,43874,3,,,1,15,,43818,3,,,1,55,,43837,3,,,1,15,,43856,3,,,1,15,,43875,3,,,1,15,,43819,3,,,1,55,,43838,3,,,1
1,'20260831',639,,43932,3,,,1,15,,43876,3,,,1,55,,43895,3,,,1,15,,43914,3,,,1,15,,43933,3,,,1,15,,43877,3,,,1,55,,43896,3,,,1,15,,43915,3,,,1,15,,43934,3,,,1,15,,43878,3,,,1,55,,43897,3,,,1,15,,43916,3,,,1,15,,43935,3,,,1,15,,43879,3,,,1,55,,43898,3,,,1,15,,43917,3,,,1,15,,43936,3,,,1,15,,43880,3,,,1,55,,43899,3,,,1,15,,43918,3,,,1,15,,43937,3,,,1,15,,43881,3,,,1,55,,43900,3,,,1,15,,43919,3,,,1,15,,43938,3,,,1,15,,43882,3,,,1,55,,43901,3,,,1,15,,43920,3,,,1,15,,43939,3,,,1,15,,43883,3,,,1,55,,43902,3,,,1,15,,43921,3,,,1,15,,43940,3,,,1,15,,43884,3,,,1,55,,43903,3,,,1,15,,43922,3,,,1,15,,43941,3,,,1,15,,43885,3,,,1,55,,43904,3,,,1,15,,43923,3,,,1,15,,43942,3,,,1,15,,43886,3,,,1,55,,43905,3,,,1,15,,43924,3,,,1,15,,43943,3,,,1,15,,43887,3,,,1,55,,43906,3,,,1,15,,43925,3,,,1,15,,43944,3,,,1,15,,43888,3,,,1,55,,43907,3,,,1,15,,43926,3,,,1,15,,43945,3,,,1,15,,43889,3,,,1,55,,43908,3,,,1,15,,43927,3,,,1,15,,43946,3,,,1,15,,43890,3,,,1,55,,43909,3,,,1,15,,43928,3,,,1,15,,43947,3,,,1,15,,43891,3,,,1,55,,43910,3,,,1,15,,43929,3,,,1,15,,43948,3,,,1,15,,43892,3,,,1,55,,43911,3,,,1,15,,43930,3,,,1,15,,43949,3,,,1,15,,43893,3,,,1,55,,43912,3,,,1,15,,43931,3,,,1,15,,43950,3,,,1,15,,43894,3,,,1,55,,43913,3,,,1
1,'20260901',542,,44010,3,,,1,15,,43951,3,,,1,52,,43971,3,,,1,15,,43991,3,,,1,15,,44011,3,,,1,15,,43952,3,,,1,55,,43972,3,,,1,15,,43992,3,,,1,15,,44012,3,,,1,15,,43953,3,,,1,55,,43973,3,,,1,15,,43993,3,,,1,15,,44013,3,,,1,15,,43954,3,,,1,55,,43974,3,,,1,15,,43994,3,,,1,15,,44014,3,,,1,15,,43955,3,,,1,55,,43975,3,,,1,15,,43995,3,,,1,15,,44015,3,,,1,15,,43956,3,,,1,55,,43976,3,,,1,15,,43996,3,,,1,15,,44016,3,,,1,15,,43957,3,,,1,55,,43977,3,,,1,15,,43997,3,,,1,15,,44017,3,,,1,15,,43958,3,,,1,55,,43978,3,,,1,15,,43998,3,,,1,15,,44018,3,,,1,15,,43959,3,,,1,55,,43979,3,,,1,15,,43999,3,,,1,15,,44019,3,,,1,15,,43960,3,,,1,55,,43980,3,,,1,15,,44000,3,,,1,15,,44020,3,,,1,15,,43961,3,,,1,55,,43981,3,,,1,15,,44001,3,,,1,15,,44021,3,,,1,15,,43962,3,,,1,55,,43982,3,,,1,15,,44002,3,,,1,15,,44022,3,,,1,15,,43963,3,,,1,55,,43983,3,,,1,15,,44003,3,,,1,15,,44023,3,,,1,15,,43964,3,,,1,55,,43984,3,,,1,15,,44004,3,,,1,15,,44024,3,,,1,15,,43965,3,,,1,55,,43985,3,,,1,15,,44005,3,,,1,15,,44025,3,,,1,15,,43966,3,,,1,55,,43986,3,,,1,15,,44006,3,,,1,15,,44026,3,,,1,15,,43967,3,,,1,55,,43987,3,,,1,15,,44007,3,,,1,15,,44027,3,,,1,15,,43968,3,,,1,55,,43988,3,,,1,15,,44008,3,,,1,15,,44028,3,,,1,15,,43969,3,,,1,55,,43989,3,,,1,15,,44009,3,,,1,15,,44029,3,,,1,15,,43970,3,,,1,55,,43990,3,,,1
1,'20260902',542,,44089,3,,,1,15,,44030,3,,,1,52,,44050,3,,,1,15,,44070,3,,,1,15,,44090,3,,,1,15,,44031,3,,,1,55,,44051,3,,,1,15,,44071,3,,,1,15,,44091,3,,,1,15,,44032,3,,,1,55,,44052,3,,,1,15,,44072,3,,,1,15,,44092,3,,,1,15,,44033,3,,,1,55,,44053,3,,,1,15,,44073,3,,,1,15,,44093,3,,,1,15,,44034,3,,,1,55,,44054,3,,,1,15,,44074,3,,,1,15,,44094,3,,,1,15,,44035,3,,,1,55,,44055,3,,,1,15,,44075,3,,,1,15,,44095,3,,,1,15,,44036,3,,,1,55,,44056,3,,,1,15,,44076,3,,,1,15,,44096,3,,,1,15,,44037,3,,,1,55,,44057,3,,,1,15,,44077,3,,,1,15,,44097,3,,,1,15,,44038,3,,,1,55,,44058,3,,,1,15,,44078,3,,,1,15,,44098,3,,,1,15,,44039,3,,,1,55,,44059,3,,,1,15,,44079,3,,,1,15,,44099,3,,,1,15,,44040,3,,,1,55,,44060,3,,,1,15,,44080,3,,,1,15,,44100,3,,,1,15,,44041,3,,,1,55,,44061,3,,,1,15,,44081,3,,,1,15,,44101,3,,,1,15,,44042,3,,,1,55,,44062,3,,,1,15,,44082,3,,,1,15,,44102,3,,,1,15,,44043,3,,,1,55,,44063,3,,,1,15,,44083,3,,,1,15,,44103,3,,,1,15,,44044,3,,,1,55,,44064,3,,,1,15,,44084,3,,,1,15,,44104,3,,,1,15,,44045,3,,,1,55,,44065,3,,,1,15,,44085,3,,,1,15,,44105,3,,,1,15,,44046,3,,,1,55,,44066,3,,,1,15,,44086,3,,,1,15,,44106,3,,,1,15,,44047,3,,,1,55,,44067,3,,,1,15,,44087,3,,,1,15,,44107,3,,,1,15,,44048,3,,,1,55,,44068,3,,,1,15,,44088,3,,,1,15,,44108,3,,,1,15,,44049,3,,,1,55,,44069,3,,,1
1,'20260903',542,,44168,3,,,1,15,,44109,3,,,1,52,,44129,3,,,1,15,,44149,3,,,1,15,,44169,3,,,1,15,,44110,3,,,1,55,,44130,3,,,1,15,,44150,3,,,1,15,,44170,3,,,1,15,,44111,3,,,1,55,,44131,3,,,1,15,,44151,3,,,1,15,,44171,3,,,1,15,,44112,3,,,1,55,,44132,3,,,1,15,,44152,3,,,1,15,,44172,3,,,1,15,,44113,3,,,1,55,,44133,3,,,1,15,,44153,3,,,1,15,,44173,3,,,1,15,,44114,3,,,1,55,,44134,3,,,1,15,,44154,3,,,1,15,,44174,3,,,1,15,,44115,3,,,1,55,,44135,3,,,1,15,,44155,3,,,1,15,,44175,3,,,1,15,,44116,3,,,1,55,,44136,3,,,1,15,,44156,3,,,1,15,,44176,3,,,1,15,,44117,3,,,1,55,,44137,3,,,1,15,,44157,3,,,1,15,,44177,3,,,1,15,,44118,3,,,1,55,,44138,3,,,1,15,,44158,3,,,1,15,,44178,3,,,1,15,,44119,3,,,1,55,,44139,3,,,1,15,,44159,3,,,1,15,,44179,3,,,1,15,,44120,3,,,1,55,,44140,3,,,1,15,,44160,3,,,1,15,,44180,3,,,1,15,,44121,3,,,1,55,,44141,3,,,1,15,,44161,3,,,1,15,,44181,3,,,1,15,,44122,3,,,1,55,,44142,3,,,1,15,,44162,3,,,1,15,,44182,3,,,1,15,,44123,3,,,1,55,,44143,3,,,1,15,,44163,3,,,1,15,,44183,3,,,1,15,,44124,3,,,1,55,,44144,3,,,1,15,,44164,3,,,1,15,,44184,3,,,1,15,,44125,3,,,1,55,,44145,3,,,1,15,,44165,3,,,1,15,,44185,3,,,1,15,,44126,3,,,1,55,,44146,3,,,1,15,,44166,3,,,1,15,,44186,3,,,1,15,,44127,3,,,1,55,,44147,3,,,1,15,,44167,3,,,1,15,,44187,3,,,1,15,,44128,3,,,1,55,,44148,3,,,1
1,'20260904',542,,44247,3,,,1,15,,44188,3,,,1,52,,44208,3,,,1,15,,44228,3,,,1,15,,44248,3,,,1,15,,44189,3,,,1,55,,44209,3,,,1,15,,44229,3,,,1,15,,44249,3,,,1,15,,44190,3,,,1,55,,44210,3,,,1,15,,44230,3,,,1,15,,44250,3,,,1,15,,44191,3,,,1,55,,44211,3,,,1,15,,44231,3,,,1,15,,44251,3,,,1,15,,44192,3,,,1,55,,44212,3,,,1,15,,44232,3,,,1,15,,44252,3,,,1,15,,44193,3,,,1,55,,44213,3,,,1,15,,44233,3,,,1,15,,44253,3,,,1,15,,44194,3,,,1,55,,44214,3,,,1,15,,44234,3,,,1,15,,44254,3,,,1,15,,44195,3,,,1,55,,44215,3,,,1,15,,44235,3,,,1,15,,44255,3,,,1,15,,44196,3,,,1,55,,44216,3,,,1,15,,44236,3,,,1,15,,44256,3,,,1,15,,44197,3,,,1,55,,44217,3,,,1,15,,44237,3,,,1,15,,44257,3,,,1,15,,44198,3,,,1,55,,44218,3,,,1,15,,44238,3,,,1,15,,44258,3,,,1,15,,44199,3,,,1,55,,44219,3,,,1,15,,44239,3,,,1,15,,44259,3,,,1,15,,44200,3,,,1,55,,44220,3,,,1,15,,44240,3,,,1,15,,44260,3,,,1,15,,44201,3,,,1,55,,44221,3,,,1,15,,44241,3,,,1,15,,44261,3,,,1,15,,44202,3,,,1,55,,44222,3,,,1,15,,44242,3,,,1,15,,44262,3,,,1,15,,44203,3,,,1,55,,44223,3,,,1,15,,44243,3,,,1,15,,44263,3,,,1,15,,44204,3,,,1,55,,44224,3,,,1,15,,44244,3,,,1,15,,44264,3,,,1,15,,44205,3,,,1,55,,44225,3,,,1,15,,44245,3,,,1,15,,44265,3,,,1,15,,44206,3,,,1,55,,44226,3,,,1,15,,44246,3,,,1,15,,44266,3,,,1,15,,44207,3,,,1,55,,44227,3,,,1
1,'20260905',639,,44323,3,,,1,15,,44267,3,,,1,55,,44286,3,,,1,15,,44305,3,,,1,15,,44324,3,,,1,15,,44268,3,,,1,55,,44287,3,,,1,15,,44306,3,,,1,15,,44325,3,,,1,15,,44269,3,,,1,55,,44288,3,,,1,15,,44307,3,,,1,15,,44326,3,,,1,15,,44270,3,,,1,55,,44289,3,,,1,15,,44308,3,,,1,15,,44327,3,,,1,15,,44271,3,,,1,55,,44290,3,,,1,15,,44309,3,,,1,15,,44328,3,,,1,15,,44272,3,,,1,55,,44291,3,,,1,15,,44310,3,,,1,15,,44329,3,,,1,15,,44273,3,,,1,55,,44292,3,,,1,15,,44311,3,,,1,15,,44330,3,,,1,15,,44274,3,,,1,55,,44293,3,,,1,15,,44312,3,,,1,15,,44331,3,,,1,15,,44275,3,,,1,55,,44294,3,,,1,15,,44313,3,,,1,15,,44332,3,,,1,15,,44276,3,,,1,55,,44295,3,,,1,15,,44314,3,,,1,15,,44333,3,,,1,15,,44277,3,,,1,55,,44296,3,,,1,15,,44315,3,,,1,15,,44334,3,,,1,15,,44278,3,,,1,55,,44297,3,,,1,15,,44316,3,,,1,15,,44335,3,,,1,15,,44279,3,,,1,55,,44298,3,,,1,15,,44317,3,,,1,15,,44336,3,,,1,15,,44280,3,,,1,55,,44299,3,,,1,15,,44318,3,,,1,15,,44337,3,,,1,15,,44281,3,,,1,55,,44300,3,,,1,15,,44319,3,,,1,15,,44338,3,,,1,15,,44282,3,,,1,55,,44301,3,,,1,15,,44320,3,,,1,15,,44339,3,,,1,15,,44283,3,,,1,55,,44302,3,,,1,15,,44321,3,,,1,15,,44340,3,,,1,15,,44284,3,,,1,55,,44303,3,,,1,15,,44322,3,,,1,15,,44341,3,,,1,15,,44285,3,,,1,55,,44304,3,,,1
1,'20260906',639,,44398,3,,,1,15,,44342,3,,,1,55,,44361,3,,,1,15,,44380,3,,,1,15,,44399,3,,,1,15,,44343,3,,,1,55,,44362,3,,,1,15,,44381,3,,,1,15,,44400,3,,,1,15,,44344,3,,,1,55,,44363,3,,,1,15,,44382,3,,,1,15,,44401,3,,,1,15,,44345,3,,,1,55,,44364,3,,,1,15,,44383,3,,,1,15,,44402,3,,,1,15,,44346,3,,,1,55,,44365,3,,,1,15,,44384,3,,,1,15,,44403,3,,,1,15,,44347,3,,,1,55,,44366,3,,,1,15,,44385,3,,,1,15,,44404,3,,,1,15,,44348,3,,,1,55,,44367,3,,,1,15,,44386,3,,,1,15,,44405,3,,,1,15,,44349,3,,,1,55,,44368,3,,,1,15,,44387,3,,,1,15,,44406,3,,,1,15,,44350,3,,,1,55,,44369,3,,,1,15,,44388,3,,,1,15,,44407,3,,,1,15,,44351,3,,,1,55,,44370,3,,,1,15,,44389,3,,,1,15,,44408,3,,,1,15,,44352,3,,,1,55,,44371,3,,,1,15,,44390,3,,,1,15,,44409,3,,,1,15,,44353,3,,,1,55,,44372,3,,,1,15,,44391,3,,,1,15,,44410,3,,,1,15,,44354,3,,,1,55,,44373,3,,,1,15,,44392,3,,,1,15,,44411,3,,,1,15,,44355,3,,,1,55,,44374,3,,,1,15,,44393,3,,,1,15,,44412,3,,,1,15,,44356,3,,,1,55,,44375,3,,,1,15,,44394,3,,,1,15,,44413,3,,,1,15,,44357,3,,,1,55,,44376,3,,,1,15,,44395,3,,,1,15,,44414,3,,,1,15,,44358,3,,,1,55,,44377,3,,,1,15,,44396,3,,,1,15,,44415,3,,,1,15,,44359,3,,,1,55,,44378,3,,,1,15,,44397,3,,,1,15,,44416,3,,,1,15,,44360,3,,,1,55,,44379,3,,,1
1,'20260907',639,,44473,3,,,1,15,,44417,3,,,1,55,,44436,3,,,1,15,,44455,3,,,1,15,,44474,3,,,1,15,,44418,3,,,1,55,,44437,3,,,1,15,,44456,3,,,1,15,,44475,3,,,1,15,,44419,3,,,1,55,,44438,3,,,1,15,,44457,3,,,1,15,,44476,3,,,1,15,,44420,3,,,1,55,,44439,3,,,1,15,,44458,3,,,1,15,,44477,3,,,1,15,,44421,3,,,1,55,,44440,3,,,1,15,,44459,3,,,1,15,,44478,3,,,1,15,,44422,3,,,1,55,,44441,3,,,1,15,,44460,3,,,1,15,,44479,3,,,1,15,,44423,3,,,1,55,,44442,3,,,1,15,,44461,3,,,1,15,,44480,3,,,1,15,,44424,3,,,1,55,,44443,3,,,1,15,,44462,3,,,1,15,,44481,3,,,1,15,,44425,3,,,1,55,,44444,3,,,1,15,,44463,3,,,1,15,,44482,3,,,1,15,,44426,3,,,1,55,,44445,3,,,1,15,,44464,3,,,1,15,,44483,3,,,1,15,,44427,3,,,1,55,,44446,3,,,1,15,,44465,3,,,1,15,,44484,3,,,1,15,,44428,3,,,1,55,,44447,3,,,1,15,,44466,3,,,1,15,,44485,3,,,1,15,,44429,3,,,1,55,,44448,3,,,1,15,,44467,3,,,1,15,,44486,3,,,1,15,,44430,3,,,1,55,,44449,3,,,1,15,,44468,3,,,1,15,,44487,3,,,1,15,,44431,3,,,1,55,,44450,3,,,1,15,,44469,3,,,1,15,,44488,3,,,1,15,,44432,3,,,1,55,,44451,3,,,1,15,,44470,3,,,1,15,,44489,3,,,1,15,,44433,3,,,1,55,,44452,3,,,1,15,,44471,3,,,1,15,,44490,3,,,1,15,,44434,3,,,1,55,,44453,3,,,1,15,,44472,3,,,1,15,,44491,3,,,1,15,,44435,3,,,1,55,,44454,3,,,1
1,'20260908',542,,44551,3,,,1,15,,44492,3,,,1,52,,44512,3,,,1,15,,44532,3,,,1,15,,44552,3,,,1,15,,44493,3,,,1,55,,44513,3,,,1,15,,44533,3,,,1,15,,44553,3,,,1,15,,44494,3,,,1,55,,44514,3,,,1,15,,44534,3,,,1,15,,44554,3,,,1,15,,44495,3,,,1,55,,44515,3,,,1,15,,44535,3,,,1,15,,44555,3,,,1,15,,44496,3,,,1,55,,44516,3,,,1,15,,44536,3,,,1,15,,44556,3,,,1,15,,44497,3,,,1,55,,44517,3,,,1,15,,44537,3,,,1,15,,44557,3,,,1,15,,44498,3,,,1,55,,44518,3,,,1,15,,44538,3,,,1,15,,44558,3,,,1,15,,44499,3,,,1,55,,44519,3,,,1,15,,44539,3,,,1,15,,44559,3,,,1,15,,44500,3,,,1,55,,44520,3,,,1,15,,44540,3,,,1,15,,44560,3,,,1,15,,44501,3,,,1,55,,44521,3,,,1,15,,44541,3,,,1,15,,44561,3,,,1,15,,44502,3,,,1,55,,44522,3,,,1,15,,44542,3,,,1,15,,44562,3,,,1,15,,44503,3,,,1,55,,44523,3,,,1,15,,44543,3,,,1,15,,44563,3,,,1,15,,44504,3,,,1,55,,44524,3,,,1,15,,44544,3,,,1,15,,44564,3,,,1,15,,44505,3,,,1,55,,44525,3,,,1,15,,44545,3,,,1,15,,44565,3,,,1,15,,44506,3,,,1,55,,44526,3,,,1,15,,44546,3,,,1,15,,44566,3,,,1,15,,44507,3,,,1,55,,44527,3,,,1,15,,44547,3,,,1,15,,44567,3,,,1,15,,44508,3,,,1,55,,44528,3,,,1,15,,44548,3,,,1,15,,44568,3,,,1,15,,44509,3,,,1,55,,44529,3,,,1,15,,44549,3,,,1,15,,44569,3,,,1,15,,44510,3,,,1,55,,44530,3,,,1,15,,44550,3,,,1,15,,44570,3,,,1,15,,44511,3,,,1,55,,44531,3,,,1
1,'20260909',542,,44630,3,,,1,15,,44571,3,,,1,52,,44591,3,,,1,15,,44611,3,,,1,15,,44631,3,,,1,15,,44572,3,,,1,55,,44592,3,,,1,15,,44612,3,,,1,15,,44632,3,,,1,15,,44573,3,,,1,55,,44593,3,,,1,15,,44613,3,,,1,15,,44633,3,,,1,15,,44574,3,,,1,55,,44594,3,,,1,15,,44614,3,,,1,15,,44634,3,,,1,15,,44575,3,,,1,55,,44595,3,,,1,15,,44615,3,,,1,15,,44635,3,,,1,15,,44576,3,,,1,55,,44596,3,,,1,15,,44616,3,,,1,15,,44636,3,,,1,15,,44577,3,,,1,55,,44597,3,,,1,15,,44617,3,,,1,15,,44637,3,,,1,15,,44578,3,,,1,55,,44598,3,,,1,15,,44618,3,,,1,15,,44638,3,,,1,15,,44579,3,,,1,55,,44599,3,,,1,15,,44619,3,,,1,15,,44639,3,,,1,15,,44580,3,,,1,55,,44600,3,,,1,15,,44620,3,,,1,15,,44640,3,,,1,15,,44581,3,,,1,55,,44601,3,,,1,15,,44621,3,,,1,15,,44641,3,,,1,15,,44582,3,,,1,55,,44602,3,,,1,15,,44622,3,,,1,15,,44642,3,,,1,15,,44583,3,,,1,55,,44603,3,,,1,15,,44623,3,,,1,15,,44643,3,,,1,15,,44584,3,,,1,55,,44604,3,,,1,15,,44624,3,,,1,15,,44644,3,,,1,15,,44585,3,,,1,55,,44605,3,,,1,15,,44625,3,,,1,15,,44645,3,,,1,15,,44586,3,,,1,55,,44606,3,,,1,15,,44626,3,,,1,15,,44646,3,,,1,15,,44587,3,,,1,55,,44607,3,,,1,15,,44627,3,,,1,15,,44647,3,,,1,15,,44588,3,,,1,55,,44608,3,,,1,15,,44628,3,,,1,15,,44648,3,,,1,15,,44589,3,,,1,55,,44609,3,,,1,15,,44629,3,,,1,15,,44649,3,,,1,15,,44590,3,,,1,55,,44610,3,,,1
1,'20260910',542,,44709,3,,,1,15,,44650,3,,,1,52,,44670,3,,,1,15,,44690,3,,,1,15,,44710,3,,,1,15,,44651,3,,,1,55,,44671,3,,,1,15,,44691,3,,,1,15,,44711,3,,,1,15,,44652,3,,,1,55,,44672,3,,,1,15,,44692,3,,,1,15,,44712,3,,,1,15,,44653,3,,,1,55,,44673,3,,,1,15,,44693,3,,,1,15,,44713,3,,,1,15,,44654,3,,,1,55,,44674,3,,,1,15,,44694,3,,,1,15,,44714,3,,,1,15,,44655,3,,,1,55,,44675,3,,,1,15,,44695,3,,,1,15,,44715,3,,,1,15,,44656,3,,,1,55,,44676,3,,,1,15,,44696,3,,,1,15,,44716,3,,,1,15,,44657,3,,,1,55,,44677,3,,,1,15,,44697,3,,,1,15,,44717,3,,,1,15,,44658,3,,,1,55,,44678,3,,,1,15,,44698,3,,,1,15,,44718,3,,,1,15,,44659,3,,,1,55,,44679,3,,,1,15,,44699,3,,,1,15,,44719,3,,,1,15,,44660,3,,,1,55,,44680,3,,,1,15,,44700,3,,,1,15,,44720,3,,,1,15,,44661,3,,,1,55,,44681,3,,,1,15,,44701,3,,,1,15,,44721,3,,,1,15,,44662,3,,,1,55,,44682,3,,,1,15,,44702,3,,,1,15,,44722,3,,,1,15,,44663,3,,,1,55,,44683,3,,,1,15,,44703,3,,,1,15,,44723,3,,,1,15,,44664,3,,,1,55,,44684,3,,,1,15,,44704,3,,,1,15,,44724,3,,,1,15,,44665,3,,,1,55,,44685,3,,,1,15,,44705,3,,,1,15,,44725,3,,,1,15,,44666,3,,,1,55,,44686,3,,,1,15,,44706,3,,,1,15,,44726,3,,,1,15,,44667,3,,,1,55,,44687,3,,,1,15,,44707,3,,,1,15,,44727,3,,,1,15,,44668,3,,,1,55,,44688,3,,,1,15,,44708,3,,,1,15,,44728,3,,,1,15,,44669,3,,,1,55,,44689,3,,,1
1,'20260911',542,,44788,3,,,1,15,,44729,3,,,1,52,,44749,3,,,1,15,,44769,3,,,1,15,,44789,3,,,1,15,,44730,3,,,1,55,,44750,3,,,1,15,,44770,3,,,1,15,,44790,3,,,1,15,,44731,3,,,1,55,,44751,3,,,1,15,,44771,3,,,1,15,,44791,3,,,1,15,,44732,3,,,1,55,,44752,3,,,1,15,,44772,3,,,1,15,,44792,3,,,1,15,,44733,3,,,1,55,,44753,3,,,1,15,,44773,3,,,1,15,,44793,3,,,1,15,,44734,3,,,1,55,,44754,3,,,1,15,,44774,3,,,1,15,,44794,3,,,1,15,,44735,3,,,1,55,,44755,3,,,1,15,,44775,3,,,1,15,,44795,3,,,1,15,,44736,3,,,1,55,,44756,3,,,1,15,,44776,3,,,1,15,,44796,3,,,1,15,,44737,3,,,1,55,,44757,3,,,1,15,,44777,3,,,1,15,,44797,3,,,1,15,,44738,3,,,1,55,,44758,3,,,1,15,,44778,3,,,1,15,,44798,3,,,1,15,,44739,3,,,1,55,,44759,3,,,1,15,,44779,3,,,1,15,,44799,3,,,1,15,,44740,3,,,1,55,,44760,3,,,1,15,,44780,3,,,1,15,,44800,3,,,1,15,,44741,3,,,1,55,,44761,3,,,1,15,,44781,3,,,1,15,,44801,3,,,1,15,,44742,3,,,1,55,,44762,3,,,1,15,,44782,3,,,1,15,,44802,3,,,1,15,,44743,3,,,1,55,,44763,3,,,1,15,,44783,3,,,1,15,,44803,3,,,1,15,,44744,3,,,1,55,,44764,3,,,1,15,,44784,3,,,1,15,,44804,3,,,1,15,,44745,3,,,1,55,,44765,3,,,1,15,,44785,3,,,1,15,,44805,3,,,1,15,,44746,3,,,1,55,,44766,3,,,1,15,,44786,3,,,1,15,,44806,3,,,1,15,,44747,3,,,1,55,,44767,3,,,1,15,,44787,3,,,1,15,,44807,3,,,1,15,,44748,3,,,1,55,,44768,3,,,1
1,'20260912',639,,44864,3,,,1,15,,44808,3,,,1,55,,44827,3,,,1,15,,44846,3,,,1,15,,44865,3,,,1,15,,44809,3,,,1,55,,44828,3,,,1,15,,44847,3,,,1,15,,44866,3,,,1,15,,44810,3,,,1,55,,44829,3,,,1,15,,44848,3,,,1,15,,44867,3,,,1,15,,44811,3,,,1,55,,44830,3,,,1,15,,44849,3,,,1,15,,44868,3,,,1,15,,44812,3,,,1,55,,44831,3,,,1,15,,44850,3,,,1,15,,44869,3,,,1,15,,44813,3,,,1,55,,44832,3,,,1,15,,44851,3,,,1,15,,44870,3,,,1,15,,44814,3,,,1,55,,44833,3,,,1,15,,44852,3,,,1,15,,44871,3,,,1,15,,44815,3,,,1,55,,44834,3,,,1,15,,44853,3,,,1,15,,44872,3,,,1,15,,44816,3,,,1,55,,44835,3,,,1,15,,44854,3,,,1,15,,44873,3,,,1,15,,44817,3,,,1,55,,44836,3,,,1,15,,44855,3,,,1,15,,44874,3,,,1,15,,44818,3,,,1,55,,44837,3,,,1,15,,44856,3,,,1,15,,44875,3,,,1,15,,44819,3,,,1,55,,44838,3,,,1,15,,44857,3,,,1,15,,44876,3,,,1,15,,44820,3,,,1,55,,44839,3,,,1,15,,44858,3,,,1,15,,44877,3,,,1,15,,44821,3,,,1,55,,44840,3,,,1,15,,44859,3,,,1,15,,44878,3,,,1,15,,44822,3,,,1,55,,44841,3,,,1,15,,44860,3,,,1,15,,44879,3,,,1,15,,44823,3,,,1,55,,44842,3,,,1,15,,44861,3,,,1,15,,44880,3,,,1,15,,44824,3,,,1,55,,44843,3,,,1,15,,44862,3,,,1,15,,44881,3,,,1,15,,44825,3,,,1,55,,44844,3,,,1,15,,44863,3,,,1,15,,44882,3,,,1,15,,44826,3,,,1,55,,44845,3,,,1
1,'20260913',639,,44939,3,,,1,15,,44883,3,,,1,55,,44902,3,,,1,15,,44921,3,,,1,15,,44940,3,,,1,15,,44884,3,,,1,55,,44903,3,,,1,15,,44922,3,,,1,15,,44941,3,,,1,15,,44885,3,,,1,55,,44904,3,,,1,15,,44923,3,,,1,15,,44942,3,,,1,15,,44886,3,,,1,55,,44905,3,,,1,15,,44924,3,,,1,15,,44943,3,,,1,15,,44887,3,,,1,55,,44906,3,,,1,15,,44925,3,,,1,15,,44944,3,,,1,15,,44888,3,,,1,55,,44907,3,,,1,15,,44926,3,,,1,15,,44945,3,,,1,15,,44889,3,,,1,55,,44908,3,,,1,15,,44927,3,,,1,15,,44946,3,,,1,15,,44890,3,,,1,55,,44909,3,,,1,15,,44928,3,,,1,15,,44947,3,,,1,15,,44891,3,,,1,55,,44910,3,,,1,15,,44929,3,,,1,15,,44948,3,,,1,15,,44892,3,,,1,55,,44911,3,,,1,15,,44930,3,,,1,15,,44949,3,,,1,15,,44893,3,,,1,55,,44912,3,,,1,15,,44931,3,,,1,15,,44950,3,,,1,15,,44894,3,,,1,55,,44913,3,,,1,15,,44932,3,,,1,15,,44951,3,,,1,15,,44895,3,,,1,55,,44914,3,,,1,15,,44933,3,,,1,15,,44952,3,,,1,15,,44896,3,,,1,55,,44915,3,,,1,15,,44934,3,,,1,15,,44953,3,,,1,15,,44897,3,,,1,55,,44916,3,,,1,15,,44935,3,,,1,15,,44954,3,,,1,15,,44898,3,,,1,55,,44917,3,,,1,15,,44936,3,,,1,15,,44955,3,,,1,15,,44899,3,,,1,55,,44918,3,,,1,15,,44937,3,,,1,15,,44956,3,,,1,15,,44900,3,,,1,55,,44919,3,,,1,15,,44938,3,,,1,15,,44957,3,,,1,15,,44901,3,,,1,55,,44920,3,,,1
1,'20260914',639,,45014,3,,,1,15,,44958,3,,,1,55,,44977,3,,,1,15,,44996,3,,,1,15,,45015,3,,,1,15,,44959,3,,,1,55,,44978,3,,,1,15,,44997,3,,,1,15,,45016,3,,,1,15,,44960,3,,,1,55,,44979,3,,,1,15,,44998,3,,,1,15,,45017,3,,,1,15,,44961,3,,,1,55,,44980,3,,,1,15,,44999,3,,,1,15,,45018,3,,,1,15,,44962,3,,,1,55,,44981,3,,,1,15,,45000,3,,,1,15,,45019,3,,,1,15,,44963,3,,,1,55,,44982,3,,,1,15,,45001,3,,,1,15,,45020,3,,,1,15,,44964,3,,,1,55,,44983,3,,,1,15,,45002,3,,,1,15,,45021,3,,,1,15,,44965,3,,,1,55,,44984,3,,,1,15,,45003,3,,,1,15,,45022,3,,,1,15,,44966,3,,,1,55,,44985,3,,,1,15,,45004,3,,,1,15,,45023,3,,,1,15,,44967,3,,,1,55,,44986,3,,,1,15,,45005,3,,,1,15,,45024,3,,,1,15,,44968,3,,,1,55,,44987,3,,,1,15,,45006,3,,,1,15,,45025,3,,,1,15,,44969,3,,,1,55,,44988,3,,,1,15,,45007,3,,,1,15,,45026,3,,,1,15,,44970,3,,,1,55,,44989,3,,,1,15,,45008,3,,,1,15,,45027,3,,,1,15,,44971,3,,,1,55,,44990,3,,,1,15,,45009,3,,,1,15,,45028,3,,,1,15,,44972,3,,,1,55,,44991,3,,,1,15,,45010,3,,,1,15,,45029,3,,,1,15,,44973,3,,,1,55,,44992,3,,,1,15,,45011,3,,,1,15,,45030,3,,,1,15,,44974,3,,,1,55,,44993,3,,,1,15,,45012,3,,,1,15,,45031,3,,,1,15,,44975,3,,,1,55,,44994,3,,,1,15,,45013,3,,,1,15,,45032,3,,,1,15,,44976,3,,,1,55,,44995,3,,,1
1,'20260915',542,,45092,3,,,1,15,,45033,3,,,1,52,,45053,3,,,1,15,,45073,3,,,1,15,,45093,3,,,1,15,,45034,3,,,1,55,,45054,3,,,1,15,,45074,3,,,1,15,,45094,3,,,1,15,,45035,3,,,1,55,,45055,3,,,1,15,,45075,3,,,1,15,,45095,3,,,1,15,,45036,3,,,1,55,,45056,3,,,1,15,,45076,3,,,1,15,,45096,3,,,1,15,,45037,3,,,1,55,,45057,3,,,1,15,,45077,3,,,1,15,,45097,3,,,1,15,,45038,3,,,1,55,,45058,3,,,1,15,,45078,3,,,1,15,,45098,3,,,1,15,,45039,3,,,1,55,,45059,3,,,1,15,,45079,3,,,1,15,,45099,3,,,1,15,,45040,3,,,1,55,,45060,3,,,1,15,,45080,3,,,1,15,,45100,3,,,1,15,,45041,3,,,1,55,,45061,3,,,1,15,,45081,3,,,1,15,,45101,3,,,1,15,,45042,3,,,1,55,,45062,3,,,1,15,,45082,3,,,1,15,,45102,3,,,1,15,,45043,3,,,1,55,,45063,3,,,1,15,,45083,3,,,1,15,,45103,3,,,1,15,,45044,3,,,1,55,,45064,3,,,1,15,,45084,3,,,1,15,,45104,3,,,1,15,,45045,3,,,1,55,,45065,3,,,1,15,,45085,3,,,1,15,,45105,3,,,1,15,,45046,3,,,1,55,,45066,3,,,1,15,,45086,3,,,1,15,,45106,3,,,1,15,,45047,3,,,1,55,,45067,3,,,1,15,,45087,3,,,1,15,,45107,3,,,1,15,,45048,3,,,1,55,,45068,3,,,1,15,,45088,3,,,1,15,,45108,3,,,1,15,,45049,3,,,1,55,,45069,3,,,1,15,,45089,3,,,1,15,,45109,3,,,1,15,,45050,3,,,1,55,,45070,3,,,1,15,,45090,3,,,1,15,,45110,3,,,1,15,,45051,3,,,1,55,,45071,3,,,1,15,,45091,3,,,1,15,,45111,3,,,1,15,,45052,3,,,1,55,,45072,3,,,1
1,'20260916',542,,45171,3,,,1,15,,45112,3,,,1,52,,45132,3,,,1,15,,45152,3,,,1,15,,45172,3,,,1,15,,45113,3,,,1,55,,45133,3,,,1,15,,45153,3,,,1,15,,45173,3,,,1,15,,45114,3,,,1,55,,45134,3,,,1,15,,45154,3,,,1,15,,45174,3,,,1,15,,45115,3,,,1,55,,45135,3,,,1,15,,45155,3,,,1,15,,45175,3,,,1,15,,45116,3,,,1,55,,45136,3,,,1,15,,45156,3,,,1,15,,45176,3,,,1,15,,45117,3,,,1,55,,45137,3,,,1,15,,45157,3,,,1,15,,45177,3,,,1,15,,45118,3,,,1,55,,45138,3,,,1,15,,45158,3,,,1,15,,45178,3,,,1,15,,45119,3,,,1,55,,45139,3,,,1,15,,45159,3,,,1,15,,45179,3,,,1,15,,45120,3,,,1,55,,45140,3,,,1,15,,45160,3,,,1,15,,45180,3,,,1,15,,45121,3,,,1,55,,45141,3,,,1,15,,45161,3,,,1,15,,45181,3,,,1,15,,45122,3,,,1,55,,45142,3,,,1,15,,45162,3,,,1,15,,45182,3,,,1,15,,45123,3,,,1,55,,45143,3,,,1,15,,45163,3,,,1,15,,45183,3,,,1,15,,45124,3,,,1,55,,45144,3,,,1,15,,45164,3,,,1,15,,45184,3,,,1,15,,45125,3,,,1,55,,45145,3,,,1,15,,45165,3,,,1,15,,45185,3,,,1,15,,45126,3,,,1,55,,45146,3,,,1,15,,45166,3,,,1,15,,45186,3,,,1,15,,45127,3,,,1,55,,45147,3,,,1,15,,45167,3,,,1,15,,45187,3,,,1,15,,45128,3,,,1,55,,45148,3,,,1,15,,45168,3,,,1,15,,45188,3,,,1,15,,45129,3,,,1,55,,45149,3,,,1,15,,45169,3,,,1,15,,45189,3,,,1,15,,45130,3,,,1,55,,45150,3,,,1,15,,45170,3,,,1,15,,45190,3,,,1,15,,45131,3,,,1,55,,45151,3,,,1
1,'20260917',542,,45250,3,,,1,15,,45191,3,,,1,52,,45211,3,,,1,15,,45231,3,,,1,15,,45251,3,,,1,15,,45192,3,,,1,55,,45212,3,,,1,15,,45232,3,,,1,15,,45252,3,,,1,15,,45193,3,,,1,55,,45213,3,,,1,15,,45233,3,,,1,15,,45253,3,,,1,15,,45194,3,,,1,55,,45214,3,,,1,15,,45234,3,,,1,15,,45254,3,,,1,15,,45195,3,,,1,55,,45215,3,,,1,15,,45235,3,,,1,15,,45255,3,,,1,15,,45196,3,,,1,55,,45216,3,,,1,15,,45236,3,,,1,15,,45256,3,,,1,15,,45197,3,,,1,55,,45217,3,,,1,15,,45237,3,,,1,15,,45257,3,,,1,15,,45198,3,,,1,55,,45218,3,,,1,15,,45238,3,,,1,15,,45258,3,,,1,15,,45199,3,,,1,55,,45219,3,,,1,15,,45239,3,,,1,15,,45259,3,,,1,15,,45200,3,,,1,55,,45220,3,,,1,15,,45240,3,,,1,15,,45260,3,,,1,15,,45201,3,,,1,55,,45221,3,,,1,15,,45241,3,,,1,15,,45261,3,,,1,15,,45202,3,,,1,55,,45222,3,,,1,15,,45242,3,,,1,15,,45262,3,,,1,15,,45203,3,,,1,55,,45223,3,,,1,15,,45243,3,,,1,15,,45263,3,,,1,15,,45204,3,,,1,55,,45224,3,,,1,15,,45244,3,,,1,15,,45264,3,,,1,15,,45205,3,,,1,55,,45225,3,,,1,15,,45245,3,,,1,15,,45265,3,,,1,15,,45206,3,,,1,55,,45226,3,,,1,15,,45246,3,,,1,15,,45266,3,,,1,15,,45207,3,,,1,55,,45227,3,,,1,15,,45247,3,,,1,15,,45267,3,,,1,15,,45208,3,,,1,55,,45228,3,,,1,15,,45248,3,,,1,15,,45268,3,,,1,15,,45209,3,,,1,55,,45229,3,,,1,15,,45249,3,,,1,15,,45269,3,,,1,15,,45210,3,,,1,55,,45230,3,,,1
1,'20260918',542,,45329,3,,,1,15,,45270,3,,,1,52,,45290,3,,,1,15,,45310,3,,,1,15,,45330,3,,,1,15,,45271,3,,,1,55,,45291,3,,,1,15,,45311,3,,,1,15,,45331,3,,,1,15,,45272,3,,,1,55,,45292,3,,,1,15,,45312,3,,,1,15,,45332,3,,,1,15,,45273,3,,,1,55,,45293,3,,,1,15,,45313,3,,,1,15,,45333,3,,,1,15,,45274,3,,,1,55,,45294,3,,,1,15,,45314,3,,,1,15,,45334,3,,,1,15,,45275,3,,,1,55,,45295,3,,,1,15,,45315,3,,,1,15,,45335,3,,,1,15,,45276,3,,,1,55,,45296,3,,,1,15,,45316,3,,,1,15,,45336,3,,,1,15,,45277,3,,,1,55,,45297,3,,,1,15,,45317,3,,,1,15,,45337,3,,,1,15,,45278,3,,,1,55,,45298,3,,,1,15,,45318,3,,,1,15,,45338,3,,,1,15,,45279,3,,,1,55,,45299,3,,,1,15,,45319,3,,,1,15,,45339,3,,,1,15,,45280,3,,,1,55,,45300,3,,,1,15,,45320,3,,,1,15,,45340,3,,,1,15,,45281,3,,,1,55,,45301,3,,,1,15,,45321,3,,,1,15,,45341,3,,,1,15,,45282,3,,,1,55,,45302,3,,,1,15,,45322,3,,,1,15,,45342,3,,,1,15,,45283,3,,,1,55,,45303,3,,,1,15,,45323,3,,,1,15,,45343,3,,,1,15,,45284,3,,,1,55,,45304,3,,,1,15,,45324,3,,,1,15,,45344,3,,,1,15,,45285,3,,,1,55,,45305,3,,,1,15,,45325,3,,,1,15,,45345,3,,,1,15,,45286,3,,,1,55,,45306,3,,,1,15,,45326,3,,,1,15,,45346,3,,,1,15,,45287,3,,,1,55,,45307,3,,,1,15,,45327,3,,,1,15,,45347,3,,,1,15,,45288,3,,,1,55,,45308,3,,,1,15,,45328,3,,,1,15,,45348,3,,,1,15,,45289,3,,,1,55,,45309,3,,,1
1,'20260919',639,,45405,3,,,1,15,,45349,3,,,1,55,,45368,3,,,1,15,,45387,3,,,1,15,,45406,3,,,1,15,,45350,3,,,1,55,,45369,3,,,1,15,,45388,3,,,1,15,,45407,3,,,1,15,,45351,3,,,1,55,,45370,3,,,1,15,,45389,3,,,1,15,,45408,3,,,1,15,,45352,3,,,1,55,,45371,3,,,1,15,,45390,3,,,1,15,,45409,3,,,1,15,,45353,3,,,1,55,,45372,3,,,1,15,,45391,3,,,1,15,,45410,3,,,1,15,,45354,3,,,1,55,,45373,3,,,1,15,,45392,3,,,1,15,,45411,3,,,1,15,,45355,3,,,1,55,,45374,3,,,1,15,,45393,3,,,1,15,,45412,3,,,1,15,,45356,3,,,1,55,,45375,3,,,1,15,,45394,3,,,1,15,,45413,3,,,1,15,,45357,3,,,1,55,,45376,3,,,1,15,,45395,3,,,1,15,,45414,3,,,1,15,,45358,3,,,1,55,,45377,3,,,1,15,,45396,3,,,1,15,,45415,3,,,1,15,,45359,3,,,1,55,,45378,3,,,1,15,,45397,3,,,1,15,,45416,3,,,1,15,,45360,3,,,1,55,,45379,3,,,1,15,,45398,3,,,1,15,,45417,3,,,1,15,,45361,3,,,1,55,,45380,3,,,1,15,,45399,3,,,1,15,,45418,3,,,1,15,,45362,3,,,1,55,,45381,3,,,1,15,,45400,3,,,1,15,,45419,3,,,1,15,,45363,3,,,1,55,,45382,3,,,1,15,,45401,3,,,1,15,,45420,3,,,1,15,,45364,3,,,1,55,,45383,3,,,1,15,,45402,3,,,1,15,,45421,3,,,1,15,,45365,3,,,1,55,,45384,3,,,1,15,,45403,3,,,1,15,,45422,3,,,1,15,,45366,3,,,1,55,,45385,3,,,1,15,,45404,3,,,1,15,,45423,3,,,1,15,,45367,3,,,1,55,,45386,3,,,1
1,'20260920',639,,45480,3,,,1,15,,45424,3,,,1,55,,45443,3,,,1,15,,45462,3,,,1,15,,45481,3,,,1,15,,45425,3,,,1,55,,45444,3,,,1,15,,45463,3,,,1,15,,45482,3,,,1,15,,45426,3,,,1,55,,45445,3,,,1,15,,45464,3,,,1,15,,45483,3,,,1,15,,45427,3,,,1,55,,45446,3,,,1,15,,45465,3,,,1,15,,45484,3,,,1,15,,45428,3,,,1,55,,45447,3,,,1,15,,45466,3,,,1,15,,45485,3,,,1,15,,45429,3,,,1,55,,45448,3,,,1,15,,45467,3,,,1,15,,45486,3,,,1,15,,45430,3,,,1,55,,45449,3,,,1,15,,45468,3,,,1,15,,45487,3,,,1,15,,45431,3,,,1,55,,45450,3,,,1,15,,45469,3,,,1,15,,45488,3,,,1,15,,45432,3,,,1,55,,45451,3,,,1,15,,45470,3,,,1,15,,45489,3,,,1,15,,45433,3,,,1,55,,45452,3,,,1,15,,45471,3,,,1,15,,45490,3,,,1,15,,45434,3,,,1,55,,45453,3,,,1,15,,45472,3,,,1,15,,45491,3,,,1,15,,45435,3,,,1,55,,45454,3,,,1,15,,45473,3,,,1,15,,45492,3,,,1,15,,45436,3,,,1,55,,45455,3,,,1,15,,45474,3,,,1,15,,45493,3,,,1,15,,45437,3,,,1,55,,45456,3,,,1,15,,45475,3,,,1,15,,45494,3,,,1,15,,45438,3,,,1,55,,45457,3,,,1,15,,45476,3,,,1,15,,45495,3,,,1,15,,45439,3,,,1,55,,45458,3,,,1,15,,45477,3,,,1,15,,45496,3,,,1,15,,45440,3,,,1,55,,45459,3,,,1,15,,45478,3,,,1,15,,45497,3,,,1,15,,45441,3,,,1,55,,45460,3,,,1,15,,45479,3,,,1,15,,45498,3,,,1,15,,45442,3,,,1,55,,45461,3,,,1
1,'20260921',639,,45555,3,,,1,15,,45499,3,,,1,55,,45518,3,,,1,15,,45537,3,,,1,15,,45556,3,,,1,15,,45500,3,,,1,55,,45519,3,,,1,15,,45538,3,,,1,15,,45557,3,,,1,15,,45501,3,,,1,55,,45520,3,,,1,15,,45539,3,,,1,15,,45558,3,,,1,15,,45502,3,,,1,55,,45521,3,,,1,15,,45540,3,,,1,15,,45559,3,,,1,15,,45503,3,,,1,55,,45522,3,,,1,15,,45541,3,,,1,15,,45560,3,,,1,15,,45504,3,,,1,55,,45523,3,,,1,15,,45542,3,,,1,15,,45561,3,,,1,15,,45505,3,,,1,55,,45524,3,,,1,15,,45543,3,,,1,15,,45562,3,,,1,15,,45506,3,,,1,55,,45525,3,,,1,15,,45544,3,,,1,15,,45563,3,,,1,15,,45507,3,,,1,55,,45526,3,,,1,15,,45545,3,,,1,15,,45564,3,,,1,15,,45508,3,,,1,55,,45527,3,,,1,15,,45546,3,,,1,15,,45565,3,,,1,15,,45509,3,,,1,55,,45528,3,,,1,15,,45547,3,,,1,15,,45566,3,,,1,15,,45510,3,,,1,55,,45529,3,,,1,15,,45548,3,,,1,15,,45567,3,,,1,15,,45511,3,,,1,55,,45530,3,,,1,15,,45549,3,,,1,15,,45568,3,,,1,15,,45512,3,,,1,55,,45531,3,,,1,15,,45550,3,,,1,15,,45569,3,,,1,15,,45513,3,,,1,55,,45532,3,,,1,15,,45551,3,,,1,15,,45570,3,,,1,15,,45514,3,,,1,55,,45533,3,,,1,15,,45552,3,,,1,15,,45571,3,,,1,15,,45515,3,,,1,55,,45534,3,,,1,15,,45553,3,,,1,15,,45572,3,,,1,15,,45516,3,,,1,55,,45535,3,,,1,15,,45554,3,,,1,15,,45573,3,,,1,15,,45517,3,,,1,55,,45536,3,,,1
1,'20260922',542,,45633,3,,,1,15,,45574,3,,,1,52,,45594,3,,,1,15,,45614,3,,,1,15,,45634,3,,,1,15,,45575,3,,,1,55,,45595,3,,,1,15,,45615,3,,,1,15,,45635,3,,,1,15,,45576,3,,,1,55,,45596,3,,,1,15,,45616,3,,,1,15,,45636,3,,,1,15,,45577,3,,,1,55,,45597,3,,,1,15,,45617,3,,,1,15,,45637,3,,,1,15,,45578,3,,,1,55,,45598,3,,,1,15,,45618,3,,,1,15,,45638,3,,,1,15,,45579,3,,,1,55,,45599,3,,,1,15,,45619,3,,,1,15,,45639,3,,,1,15,,45580,3,,,1,55,,45600,3,,,1,15,,45620,3,,,1,15,,45640,3,,,1,15,,45581,3,,,1,55,,45601,3,,,1,15,,45621,3,,,1,15,,45641,3,,,1,15,,45582,3,,,1,55,,45602,3,,,1,15,,45622,3,,,1,15,,45642,3,,,1,15,,45583,3,,,1,55,,45603,3,,,1,15,,45623,3,,,1,15,,45643,3,,,1,15,,45584,3,,,1,55,,45604,3,,,1,15,,45624,3,,,1,15,,45644,3,,,1,15,,45585,3,,,1,55,,45605,3,,,1,15,,45625,3,,,1,15,,45645,3,,,1,15,,45586,3,,,1,55,,45606,3,,,1,15,,45626,3,,,1,15,,45646,3,,,1,15,,45587,3,,,1,55,,45607,3,,,1,15,,45627,3,,,1,15,,45647,3,,,1,15,,45588,3,,,1,55,,45608,3,,,1,15,,45628,3,,,1,15,,45648,3,,,1,15,,45589,3,,,1,55,,45609,3,,,1,15,,45629,3,,,1,15,,45649,3,,,1,15,,45590,3,,,1,55,,45610,3,,,1,15,,45630,3,,,1,15,,45650,3,,,1,15,,45591,3,,,1,55,,45611,3,,,1,15,,45631,3,,,1,15,,45651,3,,,1,15,,45592,3,,,1,55,,45612,3,,,1,15,,45632,3,,,1,15,,45652,3,,,1,15,,45593,3,,,1,55,,45613,3,,,1
1,'20260923',542,,45712,3,,,1,15,,45653,3,,,1,52,,45673,3,,,1,15,,45693,3,,,1,15,,45713,3,,,1,15,,45654,3,,,1,55,,45674,3,,,1,15,,45694,3,,,1,15,,45714,3,,,1,15,,45655,3,,,1,55,,45675,3,,,1,15,,45695,3,,,1,15,,45715,3,,,1,15,,45656,3,,,1,55,,45676,3,,,1,15,,45696,3,,,1,15,,45716,3,,,1,15,,45657,3,,,1,55,,45677,3,,,1,15,,45697,3,,,1,15,,45717,3,,,1,15,,45658,3,,,1,55,,45678,3,,,1,15,,45698,3,,,1,15,,45718,3,,,1,15,,45659,3,,,1,55,,45679,3,,,1,15,,45699,3,,,1,15,,45719,3,,,1,15,,45660,3,,,1,55,,45680,3,,,1,15,,45700,3,,,1,15,,45720,3,,,1,15,,45661,3,,,1,55,,45681,3,,,1,15,,45701,3,,,1,15,,45721,3,,,1,15,,45662,3,,,1,55,,45682,3,,,1,15,,45702,3,,,1,15,,45722,3,,,1,15,,45663,3,,,1,55,,45683,3,,,1,15,,45703,3,,,1,15,,45723,3,,,1,15,,45664,3,,,1,55,,45684,3,,,1,15,,45704,3,,,1,15,,45724,3,,,1,15,,45665,3,,,1,55,,45685,3,,,1,15,,45705,3,,,1,15,,45725,3,,,1,15,,45666,3,,,1,55,,45686,3,,,1,15,,45706,3,,,1,15,,45726,3,,,1,15,,45667,3,,,1,55,,45687,3,,,1,15,,45707,3,,,1,15,,45727,3,,,1,15,,45668,3,,,1,55,,45688,3,,,1,15,,45708,3,,,1,15,,45728,3,,,1,15,,45669,3,,,1,55,,45689,3,,,1,15,,45709,3,,,1,15,,45729,3,,,1,15,,45670,3,,,1,55,,45690,3,,,1,15,,45710,3,,,1,15,,45730,3,,,1,15,,45671,3,,,1,55,,45691,3,,,1,15,,45711,3,,,1,15,,45731,3,,,1,15,,45672,3,,,1,55,,45692,3,,,1
1,'20260924',542,,45791,3,,,1,15,,45732,3,,,1,52,,45752,3,,,1,15,,45772,3,,,1,15,,45792,3,,,1,15,,45733,3,,,1,55,,45753,3,,,1,15,,45773,3,,,1,15,,45793,3,,,1,15,,45734,3,,,1,55,,45754,3,,,1,15,,45774,3,,,1,15,,45794,3,,,1,15,,45735,3,,,1,55,,45755,3,,,1,15,,45775,3,,,1,15,,45795,3,,,1,15,,45736,3,,,1,55,,45756,3,,,1,15,,45776,3,,,1,15,,45796,3,,,1,15,,45737,3,,,1,55,,45757,3,,,1,15,,45777,3,,,1,15,,45797,3,,,1,15,,45738,3,,,1,55,,45758,3,,,1,15,,45778,3,,,1,15,,45798,3,,,1,15,,45739,3,,,1,55,,45759,3,,,1,15,,45779,3,,,1,15,,45799,3,,,1,15,,45740,3,,,1,55,,45760,3,,,1,15,,45780,3,,,1,15,,45800,3,,,1,15,,45741,3,,,1,55,,45761,3,,,1,15,,45781,3,,,1,15,,45801,3,,,1,15,,45742,3,,,1,55,,45762,3,,,1,15,,45782,3,,,1,15,,45802,3,,,1,15,,45743,3,,,1,55,,45763,3,,,1,15,,45783,3,,,1,15,,45803,3,,,1,15,,45744,3,,,1,55,,45764,3,,,1,15,,45784,3,,,1,15,,45804,3,,,1,15,,45745,3,,,1,55,,45765,3,,,1,15,,45785,3,,,1,15,,45805,3,,,1,15,,45746,3,,,1,55,,45766,3,,,1,15,,45786,3,,,1,15,,45806,3,,,1,15,,45747,3,,,1,55,,45767,3,,,1,15,,45787,3,,,1,15,,45807,3,,,1,15,,45748,3,,,1,55,,45768,3,,,1,15,,45788,3,,,1,15,,45808,3,,,1,15,,45749,3,,,1,55,,45769,3,,,1,15,,45789,3,,,1,15,,45809,3,,,1,15,,45750,3,,,1,55,,45770,3,,,1,15,,45790,3,,,1,15,,45810,3,,,1,15,,45751,3,,,1,55,,45771,3,,,1
1,'20260925',542,,45870,3,,,1,15,,45811,3,,,1,52,,45831,3,,,1,15,,45851,3,,,1,15,,45871,3,,,1,15,,45812,3,,,1,55,,45832,3,,,1,15,,45852,3,,,1,15,,45872,3,,,1,15,,45813,3,,,1,55,,45833,3,,,1,15,,45853,3,,,1,15,,45873,3,,,1,15,,45814,3,,,1,55,,45834,3,,,1,15,,45854,3,,,1,15,,45874,3,,,1,15,,45815,3,,,1,55,,45835,3,,,1,15,,45855,3,,,1,15,,45875,3,,,1,15,,45816,3,,,1,55,,45836,3,,,1,15,,45856,3,,,1,15,,45876,3,,,1,15,,45817,3,,,1,55,,45837,3,,,1,15,,45857,3,,,1,15,,45877,3,,,1,15,,45818,3,,,1,55,,45838,3,,,1,15,,45858,3,,,1,15,,45878,3,,,1,15,,45819,3,,,1,55,,45839,3,,,1,15,,45859,3,,,1,15,,45879,3,,,1,15,,45820,3,,,1,55,,45840,3,,,1,15,,45860,3,,,1,15,,45880,3,,,1,15,,45821,3,,,1,55,,45841,3,,,1,15,,45861,3,,,1,15,,45881,3,,,1,15,,45822,3,,,1,55,,45842,3,,,1,15,,45862,3,,,1,15,,45882,3,,,1,15,,45823,3,,,1,55,,45843,3,,,1,15,,45863,3,,,1,15,,45883,3,,,1,15,,45824,3,,,1,55,,45844,3,,,1,15,,45864,3,,,1,15,,45884,3,,,1,15,,45825,3,,,1,55,,45845,3,,,1,15,,45865,3,,,1,15,,45885,3,,,1,15,,45826,3,,,1,55,,45846,3,,,1,15,,45866,3,,,1,15,,45886,3,,,1,15,,45827,3,,,1,55,,45847,3,,,1,15,,45867,3,,,1,15,,45887,3,,,1,15,,45828,3,,,1,55,,45848,3,,,1,15,,45868,3,,,1,15,,45888,3,,,1,15,,45829,3,,,1,55,,45849,3,,,1,15,,45869,3,,,1,15,,45889,3,,,1,15,,45830,3,,,1,55,,45850,3,,,1
1,'20260926',639,,45946,3,,,1,15,,45890,3,,,1,55,,45909,3,,,1,15,,45928,3,,,1,15,,45947,3,,,1,15,,45891,3,,,1,55,,45910,3,,,1,15,,45929,3,,,1,15,,45948,3,,,1,15,,45892,3,,,1,55,,45911,3,,,1,15,,45930,3,,,1,15,,45949,3,,,1,15,,45893,3,,,1,55,,45912,3,,,1,15,,45931,3,,,1,15,,45950,3,,,1,15,,45894,3,,,1,55,,45913,3,,,1,15,,45932,3,,,1,15,,45951,3,,,1,15,,45895,3,,,1,55,,45914,3,,,1,15,,45933,3,,,1,15,,45952,3,,,1,15,,45896,3,,,1,55,,45915,3,,,1,15,,45934,3,,,1,15,,45953,3,,,1,15,,45897,3,,,1,55,,45916,3,,,1,15,,45935,3,,,1,15,,45954,3,,,1,15,,45898,3,,,1,55,,45917,3,,,1,15,,45936,3,,,1,15,,45955,3,,,1,15,,45899,3,,,1,55,,45918,3,,,1,15,,45937,3,,,1,15,,45956,3,,,1,15,,45900,3,,,1,55,,45919,3,,,1,15,,45938,3,,,1,15,,45957,3,,,1,15,,45901,3,,,1,55,,45920,3,,,1,15,,45939,3,,,1,15,,45958,3,,,1,15,,45902,3,,,1,55,,45921,3,,,1,15,,45940,3,,,1,15,,45959,3,,,1,15,,45903,3,,,1,55,,45922,3,,,1,15,,45941,3,,,1,15,,45960,3,,,1,15,,45904,3,,,1,55,,45923,3,,,1,15,,45942,3,,,1,15,,45961,3,,,1,15,,45905,3,,,1,55,,45924,3,,,1,15,,45943,3,,,1,15,,45962,3,,,1,15,,45906,3,,,1,55,,45925,3,,,1,15,,45944,3,,,1,15,,45963,3,,,1,15,,45907,3,,,1,55,,45926,3,,,1,15,,45945,3,,,1,15,,45964,3,,,1,15,,45908,3,,,1,55,,45927,3,,,1
1,'20260927',639,,46021,3,,,1,15,,45965,3,,,1,55,,45984,3,,,1,15,,46003,3,,,1,15,,46022,3,,,1,15,,45966,3,,,1,55,,45985,3,,,1,15,,46004,3,,,1,15,,46023,3,,,1,15,,45967,3,,,1,55,,45986,3,,,1,15,,46005,3,,,1,15,,46024,3,,,1,15,,45968,3,,,1,55,,45987,3,,,1,15,,46006,3,,,1,15,,46025,3,,,1,15,,45969,3,,,1,55,,45988,3,,,1,15,,46007,3,,,1,15,,46026,3,,,1,15,,45970,3,,,1,55,,45989,3,,,1,15,,46008,3,,,1,15,,46027,3,,,1,15,,45971,3,,,1,55,,45990,3,,,1,15,,46009,3,,,1,15,,46028,3,,,1,15,,45972,3,,,1,55,,45991,3,,,1,15,,46010,3,,,1,15,,46029,3,,,1,15,,45973,3,,,1,55,,45992,3,,,1,15,,46011,3,,,1,15,,46030,3,,,1,15,,45974,3,,,1,55,,45993,3,,,1,15,,46012,3,,,1,15,,46031,3,,,1,15,,45975,3,,,1,55,,45994,3,,,1,15,,46013,3,,,1,15,,46032,3,,,1,15,,45976,3,,,1,55,,45995,3,,,1,15,,46014,3,,,1,15,,46033,3,,,1,15,,45977,3,,,1,55,,45996,3,,,1,15,,46015,3,,,1,15,,46034,3,,,1,15,,45978,3,,,1,55,,45997,3,,,1,15,,46016,3,,,1,15,,46035,3,,,1,15,,45979,3,,,1,55,,45998,3,,,1,15,,46017,3,,,1,15,,46036,3,,,1,15,,45980,3,,,1,55,,45999,3,,,1,15,,46018,3,,,1,15,,46037,3,,,1,15,,45981,3,,,1,55,,46000,3,,,1,15,,46019,3,,,1,15,,46038,3,,,1,15,,45982,3,,,1,55,,46001,3,,,1,15,,46020,3,,,1,15,,46039,3,,,1,15,,45983,3,,,1,55,,46002,3,,,1
1,'20260928',639,,46096,3,,,1,15,,46040,3,,,1,55,,46059,3,,,1,15,,46078,3,,,1,15,,46097,3,,,1,15,,46041,3,,,1,55,,46060,3,,,1,15,,46079,3,,,1,15,,46098,3,,,1,15,,46042,3,,,1,55,,46061,3,,,1,15,,46080,3,,,1,15,,46099,3,,,1,15,,46043,3,,,1,55,,46062,3,,,1,15,,46081,3,,,1,15,,46100,3,,,1,15,,46044,3,,,1,55,,46063,3,,,1,15,,46082,3,,,1,15,,46101,3,,,1,15,,46045,3,,,1,55,,46064,3,,,1,15,,46083,3,,,1,15,,46102,3,,,1,15,,46046,3,,,1,55,,46065,3,,,1,15,,46084,3,,,1,15,,46103,3,,,1,15,,46047,3,,,1,55,,46066,3,,,1,15,,46085,3,,,1,15,,46104,3,,,1,15,,46048,3,,,1,55,,46067,3,,,1,15,,46086,3,,,1,15,,46105,3,,,1,15,,46049,3,,,1,55,,46068,3,,,1,15,,46087,3,,,1,15,,46106,3,,,1,15,,46050,3,,,1,55,,46069,3,,,1,15,,46088,3,,,1,15,,46107,3,,,1,15,,46051,3,,,1,55,,46070,3,,,1,15,,46089,3,,,1,15,,46108,3,,,1,15,,46052,3,,,1,55,,46071,3,,,1,15,,46090,3,,,1,15,,46109,3,,,1,15,,46053,3,,,1,55,,46072,3,,,1,15,,46091,3,,,1,15,,46110,3,,,1,15,,46054,3,,,1,55,,46073,3,,,1,15,,46092,3,,,1,15,,46111,3,,,1,15,,46055,3,,,1,55,,46074,3,,,1,15,,46093,3,,,1,15,,46112,3,,,1,15,,46056,3,,,1,55,,46075,3,,,1,15,,46094,3,,,1,15,,46113,3,,,1,15,,46057,3,,,1,55,,46076,3,,,1,15,,46095,3,,,1,15,,46114,3,,,1,15,,46058,3,,,1,55,,46077,3,,,1
1,'20260929',542,,46174,3,,,1,15,,46115,3,,,1,52,,46135,3,,,1,15,,46155,3,,,1,15,,46175,3,,,1,15,,46116,3,,,1,55,,46136,3,,,1,15,,46156,3,,,1,15,,46176,3,,,1,15,,46117,3,,,1,55,,46137,3,,,1,15,,46157,3,,,1,15,,46177,3,,,1,15,,46118,3,,,1,55,,46138,3,,,1,15,,46158,3,,,1,15,,46178,3,,,1,15,,46119,3,,,1,55,,46139,3,,,1,15,,46159,3,,,1,15,,46179,3,,,1,15,,46120,3,,,1,55,,46140,3,,,1,15,,46160,3,,,1,15,,46180,3,,,1,15,,46121,3,,,1,55,,46141,3,,,1,15,,46161,3,,,1,15,,46181,3,,,1,15,,46122,3,,,1,55,,46142,3,,,1,15,,46162,3,,,1,15,,46182,3,,,1,15,,46123,3,,,1,55,,46143,3,,,1,15,,46163,3,,,1,15,,46183,3,,,1,15,,46124,3,,,1,55,,46144,3,,,1,15,,46164,3,,,1,15,,46184,3,,,1,15,,46125,3,,,1,55,,46145,3,,,1,15,,46165,3,,,1,15,,46185,3,,,1,15,,46126,3,,,1,55,,46146,3,,,1,15,,46166,3,,,1,15,,46186,3,,,1,15,,46127,3,,,1,55,,46147,3,,,1,15,,46167,3,,,1,15,,46187,3,,,1,15,,46128,3,,,1,55,,46148,3,,,1,15,,46168,3,,,1,15,,46188,3,,,1,15,,46129,3,,,1,55,,46149,3,,,1,15,,46169,3,,,1,15,,46189,3,,,1,15,,46130,3,,,1,55,,46150,3,,,1,15,,46170,3,,,1,15,,46190,3,,,1,15,,46131,3,,,1,55,,46151,3,,,1,15,,46171,3,,,1,15,,46191,3,,,1,15,,46132,3,,,1,55,,46152,3,,,1,15,,46172,3,,,1,15,,46192,3,,,1,15,,46133,3,,,1,55,,46153,3,,,1,15,,46173,3,,,1,15,,46193,3,,,1,15,,46134,3,,,1,55,,46154,3,,,1
1,'20260930',542,,46253,3,,,1,15,,46194,3,,,1,52,,46214,3,,,1,15,,46234,3,,,1,15,,46254,3,,,1,15,,46195,3,,,1,55,,46215,3,,,1,15,,46235,3,,,1,15,,46255,3,,,1,15,,46196,3,,,1,55,,46216,3,,,1,15,,46236,3,,,1,15,,46256,3,,,1,15,,46197,3,,,1,55,,46217,3,,,1,15,,46237,3,,,1,15,,46257,3,,,1,15,,46198,3,,,1,55,,46218,3,,,1,15,,46238,3,,,1,15,,46258,3,,,1,15,,46199,3,,,1,55,,46219,3,,,1,15,,46239,3,,,1,15,,46259,3,,,1,15,,46200,3,,,1,55,,46220,3,,,1,15,,46240,3,,,1,15,,46260,3,,,1,15,,46201,3,,,1,55,,46221,3,,,1,15,,46241,3,,,1,15,,46261,3,,,1,15,,46202,3,,,1,55,,46222,3,,,1,15,,46242,3,,,1,15,,46262,3,,,1,15,,46203,3,,,1,55,,46223,3,,,1,15,,46243,3,,,1,15,,46263,3,,,1,15,,46204,3,,,1,55,,46224,3,,,1,15,,46244,3,,,1,15,,46264,3,,,1,15,,46205,3,,,1,55,,46225,3,,,1,15,,46245,3,,,1,15,,46265,3,,,1,15,,46206,3,,,1,55,,46226,3,,,1,15,,46246,3,,,1,15,,46266,3,,,1,15,,46207,3,,,1,55,,46227,3,,,1,15,,46247,3,,,1,15,,46267,3,,,1,15,,46208,3,,,1,55,,46228,3,,,1,15,,46248,3,,,1,15,,46268,3,,,1,15,,46209,3,,,1,55,,46229,3,,,1,15,,46249,3,,,1,15,,46269,3,,,1,15,,46210,3,,,1,55,,46230,3,,,1,15,,46250,3,,,1,15,,46270,3,,,1,15,,46211,3,,,1,55,,46231,3,,,1,15,,46251,3,,,1,15,,46271,3,,,1,15,,46212,3,,,1,55,,46232,3,,,1,15,,46252,3,,,1,15,,46272,3,,,1,15,,46213,3,,,1,55,,46233,3,,,1
1,'20261001',542,,46332,3,,,1,15,,46273,3,,,1,52,,46293,3,,,1,15,,46313,3,,,1,15,,46333,3,,,1,15,,46274,3,,,1,55,,46294,3,,,1,15,,46314,3,,,1,15,,46334,3,,,1,15,,46275,3,,,1,55,,46295,3,,,1,15,,46315,3,,,1,15,,46335,3,,,1,15,,46276,3,,,1,55,,46296,3,,,1,15,,46316,3,,,1,15,,46336,3,,,1,15,,46277,3,,,1,55,,46297,3,,,1,15,,46317,3,,,1,15,,46337,3,,,1,15,,46278,3,,,1,55,,46298,3,,,1,15,,46318,3,,,1,15,,46338,3,,,1,15,,46279,3,,,1,55,,46299,3,,,1,15,,46319,3,,,1,15,,46339,3,,,1,15,,46280,3,,,1,55,,46300,3,,,1,15,,46320,3,,,1,15,,46340,3,,,1,15,,46281,3,,,1,55,,46301,3,,,1,15,,46321,3,,,1,15,,46341,3,,,1,15,,46282,3,,,1,55,,46302,3,,,1,15,,46322,3,,,1,15,,46342,3,,,1,15,,46283,3,,,1,55,,46303,3,,,1,15,,46323,3,,,1,15,,46343,3,,,1,15,,46284,3,,,1,55,,46304,3,,,1,15,,46324,3,,,1,15,,46344,3,,,1,15,,46285,3,,,1,55,,46305,3,,,1,15,,46325,3,,,1,15,,46345,3,,,1,15,,46286,3,,,1,55,,46306,3,,,1,15,,46326,3,,,1,15,,46346,3,,,1,15,,46287,3,,,1,55,,46307,3,,,1,15,,46327,3,,,1,15,,46347,3,,,1,15,,46288,3,,,1,55,,46308,3,,,1,15,,46328,3,,,1,15,,46348,3,,,1,15,,46289,3,,,1,55,,46309,3,,,1,15,,46329,3,,,1,15,,46349,3,,,1,15,,46290,3,,,1,55,,46310,3,,,1,15,,46330,3,,,1,15,,46350,3,,,1,15,,46291,3,,,1,55,,46311,3,,,1,15,,46331,3,,,1,15,,46351,3,,,1,15,,46292,3,,,1,55,,46312,3,,,1
1,'20261002',542,,46411,3,,,1,15,,46352,3,,,1,52,,46372,3,,,1,15,,46392,3,,,1,15,,46412,3,,,1,15,,46353,3,,,1,55,,46373,3,,,1,15,,46393,3,,,1,15,,46413,3,,,1,15,,46354,3,,,1,55,,46374,3,,,1,15,,46394,3,,,1,15,,46414,3,,,1,15,,46355,3,,,1,55,,46375,3,,,1,15,,46395,3,,,1,15,,46415,3,,,1,15,,46356,3,,,1,55,,46376,3,,,1,15,,46396,3,,,1,15,,46416,3,,,1,15,,46357,3,,,1,55,,46377,3,,,1,15,,46397,3,,,1,15,,46417,3,,,1,15,,46358,3,,,1,55,,46378,3,,,1,15,,46398,3,,,1,15,,46418,3,,,1,15,,46359,3,,,1,55,,46379,3,,,1,15,,46399,3,,,1,15,,46419,3,,,1,15,,46360,3,,,1,55,,46380,3,,,1,15,,46400,3,,,1,15,,46420,3,,,1,15,,46361,3,,,1,55,,46381,3,,,1,15,,46401,3,,,1,15,,46421,3,,,1,15,,46362,3,,,1,55,,46382,3,,,1,15,,46402,3,,,1,15,,46422,3,,,1,15,,46363,3,,,1,55,,46383,3,,,1,15,,46403,3,,,1,15,,46423,3,,,1,15,,46364,3,,,1,55,,46384,3,,,1,15,,46404,3,,,1,15,,46424,3,,,1,15,,46365,3,,,1,55,,46385,3,,,1,15,,46405,3,,,1,15,,46425,3,,,1,15,,46366,3,,,1,55,,46386,3,,,1,15,,46406,3,,,1,15,,46426,3,,,1,15,,46367,3,,,1,55,,46387,3,,,1,15,,46407,3,,,1,15,,46427,3,,,1,15,,46368,3,,,1,55,,46388,3,,,1,15,,46408,3,,,1,15,,46428,3,,,1,15,,46369,3,,,1,55,,46389,3,,,1,15,,46409,3,,,1,15,,46429,3,,,1,15,,46370,3,,,1,55,,46390,3,,,1,15,,46410,3,,,1,15,,46430,3,,,1,15,,46371,3,,,1,55,,46391,3,,,1
1,'20261003',639,,46487,3,,,1,15,,46431,3,,,1,55,,46450,3,,,1,15,,46469,3,,,1,15,,46488,3,,,1,15,,46432,3,,,1,55,,46451,3,,,1,15,,46470,3,,,1,15,,46489,3,,,1,15,,46433,3,,,1,55,,46452,3,,,1,15,,46471,3,,,1,15,,46490,3,,,1,15,,46434,3,,,1,55,,46453,3,,,1,15,,46472,3,,,1,15,,46491,3,,,1,15,,46435,3,,,1,55,,46454,3,,,1,15,,46473,3,,,1,15,,46492,3,,,1,15,,46436,3,,,1,55,,46455,3,,,1,15,,46474,3,,,1,15,,46493,3,,,1,15,,46437,3,,,1,55,,46456,3,,,1,15,,46475,3,,,1,15,,46494,3,,,1,15,,46438,3,,,1,55,,46457,3,,,1,15,,46476,3,,,1,15,,46495,3,,,1,15,,46439,3,,,1,55,,46458,3,,,1,15,,46477,3,,,1,15,,46496,3,,,1,15,,46440,3,,,1,55,,46459,3,,,1,15,,46478,3,,,1,15,,46497,3,,,1,15,,46441,3,,,1,55,,46460,3,,,1,15,,46479,3,,,1,15,,46498,3,,,1,15,,46442,3,,,1,55,,46461,3,,,1,15,,46480,3,,,1,15,,46499,3,,,1,15,,46443,3,,,1,55,,46462,3,,,1,15,,46481,3,,,1,15,,46500,3,,,1,15,,46444,3,,,1,55,,46463,3,,,1,15,,46482,3,,,1,15,,46501,3,,,1,15,,46445,3,,,1,55,,46464,3,,,1,15,,46483,3,,,1,15,,46502,3,,,1,15,,46446,3,,,1,55,,46465,3,,,1,15,,46484,3,,,1,15,,46503,3,,,1,15,,46447,3,,,1,55,,46466,3,,,1,15,,46485,3,,,1,15,,46504,3,,,1,15,,46448,3,,,1,55,,46467,3,,,1,15,,46486,3,,,1,15,,46505,3,,,1,15,,46449,3,,,1,55,,46468,3,,,1
1,'20261004',639,,46562,3,,,1,15,,46506,3,,,1,55,,46525,3,,,1,15,,46544,3,,,1,15,,46563,3,,,1,15,,46507,3,,,1,55,,46526,3,,,1,15,,46545,3,,,1,15,,46564,3,,,1,15,,46508,3,,,1,55,,46527,3,,,1,15,,46546,3,,,1,15,,46565,3,,,1,15,,46509,3,,,1,55,,46528,3,,,1,15,,46547,3,,,1,15,,46566,3,,,1,15,,46510,3,,,1,55,,46529,3,,,1,15,,46548,3,,,1,15,,46567,3,,,1,15,,46511,3,,,1,55,,46530,3,,,1,15,,46549,3,,,1,15,,46568,3,,,1,15,,46512,3,,,1,55,,46531,3,,,1,15,,46550,3,,,1,15,,46569,3,,,1,15,,46513,3,,,1,55,,46532,3,,,1,15,,46551,3,,,1,15,,46570,3,,,1,15,,46514,3,,,1,55,,46533,3,,,1,15,,46552,3,,,1,15,,46571,3,,,1,15,,46515,3,,,1,55,,46534,3,,,1,15,,46553,3,,,1,15,,46572,3,,,1,15,,46516,3,,,1,55,,46535,3,,,1,15,,46554,3,,,1,15,,46573,3,,,1,15,,46517,3,,,1,55,,46536,3,,,1,15,,46555,3,,,1,15,,46574,3,,,1,15,,46518,3,,,1,55,,46537,3,,,1,15,,46556,3,,,1,15,,46575,3,,,1,15,,46519,3,,,1,55,,46538,3,,,1,15,,46557,3,,,1,15,,46576,3,,,1,15,,46520,3,,,1,55,,46539,3,,,1,15,,46558,3,,,1,15,,46577,3,,,1,15,,46521,3,,,1,55,,46540,3,,,1,15,,46559,3,,,1,15,,46578,3,,,1,15,,46522,3,,,1,55,,46541,3,,,1,15,,46560,3,,,1,15,,46579,3,,,1,15,,46523,3,,,1,55,,46542,3,,,1,15,,46561,3,,,1,15,,46580,3,,,1,15,,46524,3,,,1,55,,46543,3,,,1
1,'20261005',639,,46637,3,,,1,15,,46581,3,,,1,55,,46600,3,,,1,15,,46619,3,,,1,15,,46638,3,,,1,15,,46582,3,,,1,55,,46601,3,,,1,15,,46620,3,,,1,15,,46639,3,,,1,15,,46583,3,,,1,55,,46602,3,,,1,15,,46621,3,,,1,15,,46640,3,,,1,15,,46584,3,,,1,55,,46603,3,,,1,15,,46622,3,,,1,15,,46641,3,,,1,15,,46585,3,,,1,55,,46604,3,,,1,15,,46623,3,,,1,15,,46642,3,,,1,15,,46586,3,,,1,55,,46605,3,,,1,15,,46624,3,,,1,15,,46643,3,,,1,15,,46587,3,,,1,55,,46606,3,,,1,15,,46625,3,,,1,15,,46644,3,,,1,15,,46588,3,,,1,55,,46607,3,,,1,15,,46626,3,,,1,15,,46645,3,,,1,15,,46589,3,,,1,55,,46608,3,,,1,15,,46627,3,,,1,15,,46646,3,,,1,15,,46590,3,,,1,55,,46609,3,,,1,15,,46628,3,,,1,15,,46647,3,,,1,15,,46591,3,,,1,55,,46610,3,,,1,15,,46629,3,,,1,15,,46648,3,,,1,15,,46592,3,,,1,55,,46611,3,,,1,15,,46630,3,,,1,15,,46649,3,,,1,15,,46593,3,,,1,55,,46612,3,,,1,15,,46631,3,,,1,15,,46650,3,,,1,15,,46594,3,,,1,55,,46613,3,,,1,15,,46632,3,,,1,15,,46651,3,,,1,15,,46595,3,,,1,55,,46614,3,,,1,15,,46633,3,,,1,15,,46652,3,,,1,15,,46596,3,,,1,55,,46615,3,,,1,15,,46634,3,,,1,15,,46653,3,,,1,15,,46597,3,,,1,55,,46616,3,,,1,15,,46635,3,,,1,15,,46654,3,,,1,15,,46598,3,,,1,55,,46617,3,,,1,15,,46636,3,,,1,15,,46655,3,,,1,15,,46599,3,,,1,55,,46618,3,,,1
1,'20261006',542,,46715,3,,,1,15,,46656,3,,,1,52,,46676,3,,,1,15,,46696,3,,,1,15,,46716,3,,,1,15,,46657,3,,,1,55,,46677,3,,,1,15,,46697,3,,,1,15,,46717,3,,,1,15,,46658,3,,,1,55,,46678,3,,,1,15,,46698,3,,,1,15,,46718,3,,,1,15,,46659,3,,,1,55,,46679,3,,,1,15,,46699,3,,,1,15,,46719,3,,,1,15,,46660,3,,,1,55,,46680,3,,,1,15,,46700,3,,,1,15,,46720,3,,,1,15,,46661,3,,,1,55,,46681,3,,,1,15,,46701,3,,,1,15,,46721,3,,,1,15,,46662,3,,,1,55,,46682,3,,,1,15,,46702,3,,,1,15,,46722,3,,,1,15,,46663,3,,,1,55,,46683,3,,,1,15,,46703,3,,,1,15,,46723,3,,,1,15,,46664,3,,,1,55,,46684,3,,,1,15,,46704,3,,,1,15,,46724,3,,,1,15,,46665,3,,,1,55,,46685,3,,,1,15,,46705,3,,,1,15,,46725,3,,,1,15,,46666,3,,,1,55,,46686,3,,,1,15,,46706,3,,,1,15,,46726,3,,,1,15,,46667,3,,,1,55,,46687,3,,,1,15,,46707,3,,,1,15,,46727,3,,,1,15,,46668,3,,,1,55,,46688,3,,,1,15,,46708,3,,,1,15,,46728,3,,,1,15,,46669,3,,,1,55,,46689,3,,,1,15,,46709,3,,,1,15,,46729,3,,,1,15,,46670,3,,,1,55,,46690,3,,,1,15,,46710,3,,,1,15,,46730,3,,,1,15,,46671,3,,,1,55,,46691,3,,,1,15,,46711,3,,,1,15,,46731,3,,,1,15,,46672,3,,,1,55,,46692,3,,,1,15,,46712,3,,,1,15,,46732,3,,,1,15,,46673,3,,,1,55,,46693,3,,,1,15,,46713,3,,,1,15,,46733,3,,,1,15,,46674,3,,,1,55,,46694,3,,,1,15,,46714,3,,,1,15,,46734,3,,,1,15,,46675,3,,,1,55,,46695,3,,,1
1,'20261007',542,,46794,3,,,1,15,,46735,3,,,1,52,,46755,3,,,1,15,,46775,3,,,1,15,,46795,3,,,1,15,,46736,3,,,1,55,,46756,3,,,1,15,,46776,3,,,1,15,,46796,3,,,1,15,,46737,3,,,1,55,,46757,3,,,1,15,,46777,3,,,1,15,,46797,3,,,1,15,,46738,3,,,1,55,,46758,3,,,1,15,,46778,3,,,1,15,,46798,3,,,1,15,,46739,3,,,1,55,,46759,3,,,1,15,,46779,3,,,1,15,,46799,3,,,1,15,,46740,3,,,1,55,,46760,3,,,1,15,,46780,3,,,1,15,,46800,3,,,1,15,,46741,3,,,1,55,,46761,3,,,1,15,,46781,3,,,1,15,,46801,3,,,1,15,,46742,3,,,1,55,,46762,3,,,1,15,,46782,3,,,1,15,,46802,3,,,1,15,,46743,3,,,1,55,,46763,3,,,1,15,,46783,3,,,1,15,,46803,3,,,1,15,,46744,3,,,1,55,,46764,3,,,1,15,,46784,3,,,1,15,,46804,3,,,1,15,,46745,3,,,1,55,,46765,3,,,1,15,,46785,3,,,1,15,,46805,3,,,1,15,,46746,3,,,1,55,,46766,3,,,1,15,,46786,3,,,1,15,,46806,3,,,1,15,,46747,3,,,1,55,,46767,3,,,1,15,,46787,3,,,1,15,,46807,3,,,1,15,,46748,3,,,1,55,,46768,3,,,1,15,,46788,3,,,1,15,,46808,3,,,1,15,,46749,3,,,1,55,,46769,3,,,1,15,,46789,3,,,1,15,,46809,3,,,1,15,,46750,3,,,1,55,,46770,3,,,1,15,,46790,3,,,1,15,,46810,3,,,1,15,,46751,3,,,1,55,,46771,3,,,1,15,,46791,3,,,1,15,,46811,3,,,1,15,,46752,3,,,1,55,,46772,3,,,1,15,,46792,3,,,1,15,,46812,3,,,1,15,,46753,3,,,1,55,,46773,3,,,1,15,,46793,3,,,1,15,,46813,3,,,1,15,,46754,3,,,1,55,,46774,3,,,1
1,'20261008',542,,46873,3,,,1,15,,46814,3,,,1,52,,46834,3,,,1,15,,46854,3,,,1,15,,46874,3,,,1,15,,46815,3,,,1,55,,46835,3,,,1,15,,46855,3,,,1,15,,46875,3,,,1,15,,46816,3,,,1,55,,46836,3,,,1,15,,46856,3,,,1,15,,46876,3,,,1,15,,46817,3,,,1,55,,46837,3,,,1,15,,46857,3,,,1,15,,46877,3,,,1,15,,46818,3,,,1,55,,46838,3,,,1,15,,46858,3,,,1,15,,46878,3,,,1,15,,46819,3,,,1,55,,46839,3,,,1,15,,46859,3,,,1,15,,46879,3,,,1,15,,46820,3,,,1,55,,46840,3,,,1,15,,46860,3,,,1,15,,46880,3,,,1,15,,46821,3,,,1,55,,46841,3,,,1,15,,46861,3,,,1,15,,46881,3,,,1,15,,46822,3,,,1,55,,46842,3,,,1,15,,46862,3,,,1,15,,46882,3,,,1,15,,46823,3,,,1,55,,46843,3,,,1,15,,46863,3,,,1,15,,46883,3,,,1,15,,46824,3,,,1,55,,46844,3,,,1,15,,46864,3,,,1,15,,46884,3,,,1,15,,46825,3,,,1,55,,46845,3,,,1,15,,46865,3,,,1,15,,46885,3,,,1,15,,46826,3,,,1,55,,46846,3,,,1,15,,46866,3,,,1,15,,46886,3,,,1,15,,46827,3,,,1,55,,46847,3,,,1,15,,46867,3,,,1,15,,46887,3,,,1,15,,46828,3,,,1,55,,46848,3,,,1,15,,46868,3,,,1,15,,46888,3,,,1,15,,46829,3,,,1,55,,46849,3,,,1,15,,46869,3,,,1,15,,46889,3,,,1,15,,46830,3,,,1,55,,46850,3,,,1,15,,46870,3,,,1,15,,46890,3,,,1,15,,46831,3,,,1,55,,46851,3,,,1,15,,46871,3,,,1,15,,46891,3,,,1,15,,46832,3,,,1,55,,46852,3,,,1,15,,46872,3,,,1,15,,46892,3,,,1,15,,46833,3,,,1,55,,46853,3,,,1
1,'20261009',542,,46952,3,,,1,15,,46893,3,,,1,52,,46913,3,,,1,15,,46933,3,,,1,15,,46953,3,,,1,15,,46894,3,,,1,55,,46914,3,,,1,15,,46934,3,,,1,15,,46954,3,,,1,15,,46895,3,,,1,55,,46915,3,,,1,15,,46935,3,,,1,15,,46955,3,,,1,15,,46896,3,,,1,55,,46916,3,,,1,15,,46936,3,,,1,15,,46956,3,,,1,15,,46897,3,,,1,55,,46917,3,,,1,15,,46937,3,,,1,15,,46957,3,,,1,15,,46898,3,,,1,55,,46918,3,,,1,15,,46938,3,,,1,15,,46958,3,,,1,15,,46899,3,,,1,55,,46919,3,,,1,15,,46939,3,,,1,15,,46959,3,,,1,15,,46900,3,,,1,55,,46920,3,,,1,15,,46940,3,,,1,15,,46960,3,,,1,15,,46901,3,,,1,55,,46921,3,,,1,15,,46941,3,,,1,15,,46961,3,,,1,15,,46902,3,,,1,55,,46922,3,,,1,15,,46942,3,,,1,15,,46962,3,,,1,15,,46903,3,,,1,55,,46923,3,,,1,15,,46943,3,,,1,15,,46963,3,,,1,15,,46904,3,,,1,55,,46924,3,,,1,15,,46944,3,,,1,15,,46964,3,,,1,15,,46905,3,,,1,55,,46925,3,,,1,15,,46945,3,,,1,15,,46965,3,,,1,15,,46906,3,,,1,55,,46926,3,,,1,15,,46946,3,,,1,15,,46966,3,,,1,15,,46907,3,,,1,55,,46927,3,,,1,15,,46947,3,,,1,15,,46967,3,,,1,15,,46908,3,,,1,55,,46928,3,,,1,15,,46948,3,,,1,15,,46968,3,,,1,15,,46909,3,,,1,55,,46929,3,,,1,15,,46949,3,,,1,15,,46969,3,,,1,15,,46910,3,,,1,55,,46930,3,,,1,15,,46950,3,,,1,15,,46970,3,,,1,15,,46911,3,,,1,55,,46931,3,,,1,15,,46951,3,,,1,15,,46971,3,,,1,15,,46912,3,,,1,55,,46932,3,,,1
1,'20261010',639,,47028,3,,,1,15,,46972,3,,,1,55,,46991,3,,,1,15,,47010,3,,,1,15,,47029,3,,,1,15,,46973,3,,,1,55,,46992,3,,,1,15,,47011,3,,,1,15,,47030,3,,,1,15,,46974,3,,,1,55,,46993,3,,,1,15,,47012,3,,,1,15,,47031,3,,,1,15,,46975,3,,,1,55,,46994,3,,,1,15,,47013,3,,,1,15,,47032,3,,,1,15,,46976,3,,,1,55,,46995,3,,,1,15,,47014,3,,,1,15,,47033,3,,,1,15,,46977,3,,,1,55,,46996,3,,,1,15,,47015,3,,,1,15,,47034,3,,,1,15,,46978,3,,,1,55,,46997,3,,,1,15,,47016,3,,,1,15,,47035,3,,,1,15,,46979,3,,,1,55,,46998,3,,,1,15,,47017,3,,,1,15,,47036,3,,,1,15,,46980,3,,,1,55,,46999,3,,,1,15,,47018,3,,,1,15,,47037,3,,,1,15,,46981,3,,,1,55,,47000,3,,,1,15,,47019,3,,,1,15,,47038,3,,,1,15,,46982,3,,,1,55,,47001,3,,,1,15,,47020,3,,,1,15,,47039,3,,,1,15,,46983,3,,,1,55,,47002,3,,,1,15,,47021,3,,,1,15,,47040,3,,,1,15,,46984,3,,,1,55,,47003,3,,,1,15,,47022,3,,,1,15,,47041,3,,,1,15,,46985,3,,,1,55,,47004,3,,,1,15,,47023,3,,,1,15,,47042,3,,,1,15,,46986,3,,,1,55,,47005,3,,,1,15,,47024,3,,,1,15,,47043,3,,,1,15,,46987,3,,,1,55,,47006,3,,,1,15,,47025,3,,,1,15,,47044,3,,,1,15,,46988,3,,,1,55,,47007,3,,,1,15,,47026,3,,,1,15,,47045,3,,,1,15,,46989,3,,,1,55,,47008,3,,,1,15,,47027,3,,,1,15,,47046,3,,,1,15,,46990,3,,,1,55,,47009,3,,,1
1,'20261011',639,,47103,3,,,1,15,,47047,3,,,1,55,,47066,3,,,1,15,,47085,3,,,1,15,,47104,3,,,1,15,,47048,3,,,1,55,,47067,3,,,1,15,,47086,3,,,1,15,,47105,3,,,1,15,,47049,3,,,1,55,,47068,3,,,1,15,,47087,3,,,1,15,,47106,3,,,1,15,,47050,3,,,1,55,,47069,3,,,1,15,,47088,3,,,1,15,,47107,3,,,1,15,,47051,3,,,1,55,,47070,3,,,1,15,,47089,3,,,1,15,,47108,3,,,1,15,,47052,3,,,1,55,,47071,3,,,1,15,,47090,3,,,1,15,,47109,3,,,1,15,,47053,3,,,1,55,,47072,3,,,1,15,,47091,3,,,1,15,,47110,3,,,1,15,,47054,3,,,1,55,,47073,3,,,1,15,,47092,3,,,1,15,,47111,3,,,1,15,,47055,3,,,1,55,,47074,3,,,1,15,,47093,3,,,1,15,,47112,3,,,1,15,,47056,3,,,1,55,,47075,3,,,1,15,,47094,3,,,1,15,,47113,3,,,1,15,,47057,3,,,1,55,,47076,3,,,1,15,,47095,3,,,1,15,,47114,3,,,1,15,,47058,3,,,1,55,,47077,3,,,1,15,,47096,3,,,1,15,,47115,3,,,1,15,,47059,3,,,1,55,,47078,3,,,1,15,,47097,3,,,1,15,,47116,3,,,1,15,,47060,3,,,1,55,,47079,3,,,1,15,,47098,3,,,1,15,,47117,3,,,1,15,,47061,3,,,1,55,,47080,3,,,1,15,,47099,3,,,1,15,,47118,3,,,1,15,,47062,3,,,1,55,,47081,3,,,1,15,,47100,3,,,1,15,,47119,3,,,1,15,,47063,3,,,1,55,,47082,3,,,1,15,,47101,3,,,1,15,,47120,3,,,1,15,,47064,3,,,1,55,,47083,3,,,1,15,,47102,3,,,1,15,,47121,3,,,1,15,,47065,3,,,1,55,,47084,3,,,1
1,'20261012',639,,47178,3,,,1,15,,47122,3,,,1,55,,47141,3,,,1,15,,47160,3,,,1,15,,47179,3,,,1,15,,47123,3,,,1,55,,47142,3,,,1,15,,47161,3,,,1,15,,47180,3,,,1,15,,47124,3,,,1,55,,47143,3,,,1,15,,47162,3,,,1,15,,47181,3,,,1,15,,47125,3,,,1,55,,47144,3,,,1,15,,47163,3,,,1,15,,47182,3,,,1,15,,47126,3,,,1,55,,47145,3,,,1,15,,47164,3,,,1,15,,47183,3,,,1,15,,47127,3,,,1,55,,47146,3,,,1,15,,47165,3,,,1,15,,47184,3,,,1,15,,47128,3,,,1,55,,47147,3,,,1,15,,47166,3,,,1,15,,47185,3,,,1,15,,47129,3,,,1,55,,47148,3,,,1,15,,47167,3,,,1,15,,47186,3,,,1,15,,47130,3,,,1,55,,47149,3,,,1,15,,47168,3,,,1,15,,47187,3,,,1,15,,47131,3,,,1,55,,47150,3,,,1,15,,47169,3,,,1,15,,47188,3,,,1,15,,47132,3,,,1,55,,47151,3,,,1,15,,47170,3,,,1,15,,47189,3,,,1,15,,47133,3,,,1,55,,47152,3,,,1,15,,47171,3,,,1,15,,47190,3,,,1,15,,47134,3,,,1,55,,47153,3,,,1,15,,47172,3,,,1,15,,47191,3,,,1,15,,47135,3,,,1,55,,47154,3,,,1,15,,47173,3,,,1,15,,47192,3,,,1,15,,47136,3,,,1,55,,47155,3,,,1,15,,47174,3,,,1,15,,47193,3,,,1,15,,47137,3,,,1,55,,47156,3,,,1,15,,47175,3,,,1,15,,47194,3,,,1,15,,47138,3,,,1,55,,47157,3,,,1,15,,47176,3,,,1,15,,47195,3,,,1,15,,47139,3,,,1,55,,47158,3,,,1,15,,47177,3,,,1,15,,47196,3,,,1,15,,47140,3,,,1,55,,47159,3,,,1
1,'20261013',542,,47256,3,,,1,15,,47197,3,,,1,52,,47217,3,,,1,15,,47237,3,,,1,15,,47257,3,,,1,15,,47198,3,,,1,55,,47218,3,,,1,15,,47238,3,,,1,15,,47258,3,,,1,15,,47199,3,,,1,55,,47219,3,,,1,15,,47239,3,,,1,15,,47259,3,,,1,15,,47200,3,,,1,55,,47220,3,,,1,15,,47240,3,,,1,15,,47260,3,,,1,15,,47201,3,,,1,55,,47221,3,,,1,15,,47241,3,,,1,15,,47261,3,,,1,15,,47202,3,,,1,55,,47222,3,,,1,15,,47242,3,,,1,15,,47262,3,,,1,15,,47203,3,,,1,55,,47223,3,,,1,15,,47243,3,,,1,15,,47263,3,,,1,15,,47204,3,,,1,55,,47224,3,,,1,15,,47244,3,,,1,15,,47264,3,,,1,15,,47205,3,,,1,55,,47225,3,,,1,15,,47245,3,,,1,15,,47265,3,,,1,15,,47206,3,,,1,55,,47226,3,,,1,15,,47246,3,,,1,15,,47266,3,,,1,15,,47207,3,,,1,55,,47227,3,,,1,15,,47247,3,,,1,15,,47267,3,,,1,15,,47208,3,,,1,55,,47228,3,,,1,15,,47248,3,,,1,15,,47268,3,,,1,15,,47209,3,,,1,55,,47229,3,,,1,15,,47249,3,,,1,15,,47269,3,,,1,15,,47210,3,,,1,55,,47230,3,,,1,15,,47250,3,,,1,15,,47270,3,,,1,15,,47211,3,,,1,55,,47231,3,,,1,15,,47251,3,,,1,15,,47271,3,,,1,15,,47212,3,,,1,55,,47232,3,,,1,15,,47252,3,,,1,15,,47272,3,,,1,15,,47213,3,,,1,55,,47233,3,,,1,15,,47253,3,,,1,15,,47273,3,,,1,15,,47214,3,,,1,55,,47234,3,,,1,15,,47254,3,,,1,15,,47274,3,,,1,15,,47215,3,,,1,55,,47235,3,,,1,15,,47255,3,,,1,15,,47275,3,,,1,15,,47216,3,,,1,55,,47236,3,,,1
1,'20261014',542,,47335,3,,,1,15,,47276,3,,,1,52,,47296,3,,,1,15,,47316,3,,,1,15,,47336,3,,,1,15,,47277,3,,,1,55,,47297,3,,,1,15,,47317,3,,,1,15,,47337,3,,,1,15,,47278,3,,,1,55,,47298,3,,,1,15,,47318,3,,,1,15,,47338,3,,,1,15,,47279,3,,,1,55,,47299,3,,,1,15,,47319,3,,,1,15,,47339,3,,,1,15,,47280,3,,,1,55,,47300,3,,,1,15,,47320,3,,,1,15,,47340,3,,,1,15,,47281,3,,,1,55,,47301,3,,,1,15,,47321,3,,,1,15,,47341,3,,,1,15,,47282,3,,,1,55,,47302,3,,,1,15,,47322,3,,,1,15,,47342,3,,,1,15,,47283,3,,,1,55,,47303,3,,,1,15,,47323,3,,,1,15,,47343,3,,,1,15,,47284,3,,,1,55,,47304,3,,,1,15,,47324,3,,,1,15,,47344,3,,,1,15,,47285,3,,,1,55,,47305,3,,,1,15,,47325,3,,,1,15,,47345,3,,,1,15,,47286,3,,,1,55,,47306,3,,,1,15,,47326,3,,,1,15,,47346,3,,,1,15,,47287,3,,,1,55,,47307,3,,,1,15,,47327,3,,,1,15,,47347,3,,,1,15,,47288,3,,,1,55,,47308,3,,,1,15,,47328,3,,,1,15,,47348,3,,,1,15,,47289,3,,,1,55,,47309,3,,,1,15,,47329,3,,,1,15,,47349,3,,,1,15,,47290,3,,,1,55,,47310,3,,,1,15,,47330,3,,,1,15,,47350,3,,,1,15,,47291,3,,,1,55,,47311,3,,,1,15,,47331,3,,,1,15,,47351,3,,,1,15,,47292,3,,,1,55,,47312,3,,,1,15,,47332,3,,,1,15,,47352,3,,,1,15,,47293,3,,,1,55,,47313,3,,,1,15,,47333,3,,,1,15,,47353,3,,,1,15,,47294,3,,,1,55,,47314,3,,,1,15,,47334,3,,,1,15,,47354,3,,,1,15,,47295,3,,,1,55,,47315,3,,,1
1,'20261015',542,,47414,3,,,1,15,,47355,3,,,1,52,,47375,3,,,1,15,,47395,3,,,1,15,,47415,3,,,1,15,,47356,3,,,1,55,,47376,3,,,1,15,,47396,3,,,1,15,,47416,3,,,1,15,,47357,3,,,1,55,,47377,3,,,1,15,,47397,3,,,1,15,,47417,3,,,1,15,,47358,3,,,1,55,,47378,3,,,1,15,,47398,3,,,1,15,,47418,3,,,1,15,,47359,3,,,1,55,,47379,3,,,1,15,,47399,3,,,1,15,,47419,3,,,1,15,,47360,3,,,1,55,,47380,3,,,1,15,,47400,3,,,1,15,,47420,3,,,1,15,,47361,3,,,1,55,,47381,3,,,1,15,,47401,3,,,1,15,,47421,3,,,1,15,,47362,3,,,1,55,,47382,3,,,1,15,,47402,3,,,1,15,,47422,3,,,1,15,,47363,3,,,1,55,,47383,3,,,1,15,,47403,3,,,1,15,,47423,3,,,1,15,,47364,3,,,1,55,,47384,3,,,1,15,,47404,3,,,1,15,,47424,3,,,1,15,,47365,3,,,1,55,,47385,3,,,1,15,,47405,3,,,1,15,,47425,3,,,1,15,,47366,3,,,1,55,,47386,3,,,1,15,,47406,3,,,1,15,,47426,3,,,1,15,,47367,3,,,1,55,,47387,3,,,1,15,,47407,3,,,1,15,,47427,3,,,1,15,,47368,3,,,1,55,,47388,3,,,1,15,,47408,3,,,1,15,,47428,3,,,1,15,,47369,3,,,1,55,,47389,3,,,1,15,,47409,3,,,1,15,,47429,3,,,1,15,,47370,3,,,1,55,,47390,3,,,1,15,,47410,3,,,1,15,,47430,3,,,1,15,,47371,3,,,1,55,,47391,3,,,1,15,,47411,3,,,1,15,,47431,3,,,1,15,,47372,3,,,1,55,,47392,3,,,1,15,,47412,3,,,1,15,,47432,3,,,1,15,,47373,3,,,1,55,,47393,3,,,1,15,,47413,3,,,1,15,,47433,3,,,1,15,,47374,3,,,1,55,,47394,3,,,1
1,'20261016',542,,47493,3,,,1,15,,47434,3,,,1,52,,47454,3,,,1,15,,47474,3,,,1,15,,47494,3,,,1,15,,47435,3,,,1,55,,47455,3,,,1,15,,47475,3,,,1,15,,47495,3,,,1,15,,47436,3,,,1,55,,47456,3,,,1,15,,47476,3,,,1,15,,47496,3,,,1,15,,47437,3,,,1,55,,47457,3,,,1,15,,47477,3,,,1,15,,47497,3,,,1,15,,47438,3,,,1,55,,47458,3,,,1,15,,47478,3,,,1,15,,47498,3,,,1,15,,47439,3,,,1,55,,47459,3,,,1,15,,47479,3,,,1,15,,47499,3,,,1,15,,47440,3,,,1,55,,47460,3,,,1,15,,47480,3,,,1,15,,47500,3,,,1,15,,47441,3,,,1,55,,47461,3,,,1,15,,47481,3,,,1,15,,47501,3,,,1,15,,47442,3,,,1,55,,47462,3,,,1,15,,47482,3,,,1,15,,47502,3,,,1,15,,47443,3,,,1,55,,47463,3,,,1,15,,47483,3,,,1,15,,47503,3,,,1,15,,47444,3,,,1,55,,47464,3,,,1,15,,47484,3,,,1,15,,47504,3,,,1,15,,47445,3,,,1,55,,47465,3,,,1,15,,47485,3,,,1,15,,47505,3,,,1,15,,47446,3,,,1,55,,47466,3,,,1,15,,47486,3,,,1,15,,47506,3,,,1,15,,47447,3,,,1,55,,47467,3,,,1,15,,47487,3,,,1,15,,47507,3,,,1,15,,47448,3,,,1,55,,47468,3,,,1,15,,47488,3,,,1,15,,47508,3,,,1,15,,47449,3,,,1,55,,47469,3,,,1,15,,47489,3,,,1,15,,47509,3,,,1,15,,47450,3,,,1,55,,47470,3,,,1,15,,47490,3,,,1,15,,47510,3,,,1,15,,47451,3,,,1,55,,47471,3,,,1,15,,47491,3,,,1,15,,47511,3,,,1,15,,47452,3,,,1,55,,47472,3,,,1,15,,47492,3,,,1,15,,47512,3,,,1,15,,47453,3,,,1,55,,47473,3,,,1
1,'20261017',639,,47569,3,,,1,15,,47513,3,,,1,55,,47532,3,,,1,15,,47551,3,,,1,15,,47570,3,,,1,15,,47514,3,,,1,55,,47533,3,,,1,15,,47552,3,,,1,15,,47571,3,,,1,15,,47515,3,,,1,55,,47534,3,,,1,15,,47553,3,,,1,15,,47572,3,,,1,15,,47516,3,,,1,55,,47535,3,,,1,15,,47554,3,,,1,15,,47573,3,,,1,15,,47517,3,,,1,55,,47536,3,,,1,15,,47555,3,,,1,15,,47574,3,,,1,15,,47518,3,,,1,55,,47537,3,,,1,15,,47556,3,,,1,15,,47575,3,,,1,15,,47519,3,,,1,55,,47538,3,,,1,15,,47557,3,,,1,15,,47576,3,,,1,15,,47520,3,,,1,55,,47539,3,,,1,15,,47558,3,,,1,15,,47577,3,,,1,15,,47521,3,,,1,55,,47540,3,,,1,15,,47559,3,,,1,15,,47578,3,,,1,15,,47522,3,,,1,55,,47541,3,,,1,15,,47560,3,,,1,15,,47579,3,,,1,15,,47523,3,,,1,55,,47542,3,,,1,15,,47561,3,,,1,15,,47580,3,,,1,15,,47524,3,,,1,55,,47543,3,,,1,15,,47562,3,,,1,15,,47581,3,,,1,15,,47525,3,,,1,55,,47544,3,,,1,15,,47563,3,,,1,15,,47582,3,,,1,15,,47526,3,,,1,55,,47545,3,,,1,15,,47564,3,,,1,15,,47583,3,,,1,15,,47527,3,,,1,55,,47546,3,,,1,15,,47565,3,,,1,15,,47584,3,,,1,15,,47528,3,,,1,55,,47547,3,,,1,15,,47566,3,,,1,15,,47585,3,,,1,15,,47529,3,,,1,55,,47548,3,,,1,15,,47567,3,,,1,15,,47586,3,,,1,15,,47530,3,,,1,55,,47549,3,,,1,15,,47568,3,,,1,15,,47587,3,,,1,15,,47531,3,,,1,55,,47550,3,,,1
1,'20261018',639,,47644,3,,,1,15,,47588,3,,,1,55,,47607,3,,,1,15,,47626,3,,,1,15,,47645,3,,,1,15,,47589,3,,,1,55,,47608,3,,,1,15,,47627,3,,,1,15,,47646,3,,,1,15,,47590,3,,,1,55,,47609,3,,,1,15,,47628,3,,,1,15,,47647,3,,,1,15,,47591,3,,,1,55,,47610,3,,,1,15,,47629,3,,,1,15,,47648,3,,,1,15,,47592,3,,,1,55,,47611,3,,,1,15,,47630,3,,,1,15,,47649,3,,,1,15,,47593,3,,,1,55,,47612,3,,,1,15,,47631,3,,,1,15,,47650,3,,,1,15,,47594,3,,,1,55,,47613,3,,,1,15,,47632,3,,,1,15,,47651,3,,,1,15,,47595,3,,,1,55,,47614,3,,,1,15,,47633,3,,,1,15,,47652,3,,,1,15,,47596,3,,,1,55,,47615,3,,,1,15,,47634,3,,,1,15,,47653,3,,,1,15,,47597,3,,,1,55,,47616,3,,,1,15,,47635,3,,,1,15,,47654,3,,,1,15,,47598,3,,,1,55,,47617,3,,,1,15,,47636,3,,,1,15,,47655,3,,,1,15,,47599,3,,,1,55,,47618,3,,,1,15,,47637,3,,,1,15,,47656,3,,,1,15,,47600,3,,,1,55,,47619,3,,,1,15,,47638,3,,,1,15,,47657,3,,,1,15,,47601,3,,,1,55,,47620,3,,,1,15,,47639,3,,,1,15,,47658,3,,,1,15,,47602,3,,,1,55,,47621,3,,,1,15,,47640,3,,,1,15,,47659,3,,,1,15,,47603,3,,,1,55,,47622,3,,,1,15,,47641,3,,,1,15,,47660,3,,,1,15,,47604,3,,,1,55,,47623,3,,,1,15,,47642,3,,,1,15,,47661,3,,,1,15,,47605,3,,,1,55,,47624,3,,,1,15,,47643,3,,,1,15,,47662,3,,,1,15,,47606,3,,,1,55,,47625,3,,,1
1,'20261019',639,,47719,3,,,1,15,,47663,3,,,1,55,,47682,3,,,1,15,,47701,3,,,1,15,,47720,3,,,1,15,,47664,3,,,1,55,,47683,3,,,1,15,,47702,3,,,1,15,,47721,3,,,1,15,,47665,3,,,1,55,,47684,3,,,1,15,,47703,3,,,1,15,,47722,3,,,1,15,,47666,3,,,1,55,,47685,3,,,1,15,,47704,3,,,1,15,,47723,3,,,1,15,,47667,3,,,1,55,,47686,3,,,1,15,,47705,3,,,1,15,,47724,3,,,1,15,,47668,3,,,1,55,,47687,3,,,1,15,,47706,3,,,1,15,,47725,3,,,1,15,,47669,3,,,1,55,,47688,3,,,1,15,,47707,3,,,1,15,,47726,3,,,1,15,,47670,3,,,1,55,,47689,3,,,1,15,,47708,3,,,1,15,,47727,3,,,1,15,,47671,3,,,1,55,,47690,3,,,1,15,,47709,3,,,1,15,,47728,3,,,1,15,,47672,3,,,1,55,,47691,3,,,1,15,,47710,3,,,1,15,,47729,3,,,1,15,,47673,3,,,1,55,,47692,3,,,1,15,,47711,3,,,1,15,,47730,3,,,1,15,,47674,3,,,1,55,,47693,3,,,1,15,,47712,3,,,1,15,,47731,3,,,1,15,,47675,3,,,1,55,,47694,3,,,1,15,,47713,3,,,1,15,,47732,3,,,1,15,,47676,3,,,1,55,,47695,3,,,1,15,,47714,3,,,1,15,,47733,3,,,1,15,,47677,3,,,1,55,,47696,3,,,1,15,,47715,3,,,1,15,,47734,3,,,1,15,,47678,3,,,1,55,,47697,3,,,1,15,,47716,3,,,1,15,,47735,3,,,1,15,,47679,3,,,1,55,,47698,3,,,1,15,,47717,3,,,1,15,,47736,3,,,1,15,,47680,3,,,1,55,,47699,3,,,1,15,,47718,3,,,1,15,,47737,3,,,1,15,,47681,3,,,1,55,,47700,3,,,1
1,'20261020',542,,47797,3,,,1,15,,47738,3,,,1,52,,47758,3,,,1,15,,47778,3,,,1,15,,47798,3,,,1,15,,47739,3,,,1,55,,47759,3,,,1,15,,47779,3,,,1,15,,47799,3,,,1,15,,47740,3,,,1,55,,47760,3,,,1,15,,47780,3,,,1,15,,47800,3,,,1,15,,47741,3,,,1,55,,47761,3,,,1,15,,47781,3,,,1,15,,47801,3,,,1,15,,47742,3,,,1,55,,47762,3,,,1,15,,47782,3,,,1,15,,47802,3,,,1,15,,47743,3,,,1,55,,47763,3,,,1,15,,47783,3,,,1,15,,47803,3,,,1,15,,47744,3,,,1,55,,47764,3,,,1,15,,47784,3,,,1,15,,47804,3,,,1,15,,47745,3,,,1,55,,47765,3,,,1,15,,47785,3,,,1,15,,47805,3,,,1,15,,47746,3,,,1,55,,47766,3,,,1,15,,47786,3,,,1,15,,47806,3,,,1,15,,47747,3,,,1,55,,47767,3,,,1,15,,47787,3,,,1,15,,47807,3,,,1,15,,47748,3,,,1,55,,47768,3,,,1,15,,47788,3,,,1,15,,47808,3,,,1,15,,47749,3,,,1,55,,47769,3,,,1,15,,47789,3,,,1,15,,47809,3,,,1,15,,47750,3,,,1,55,,47770,3,,,1,15,,47790,3,,,1,15,,47810,3,,,1,15,,47751,3,,,1,55,,47771,3,,,1,15,,47791,3,,,1,15,,47811,3,,,1,15,,47752,3,,,1,55,,47772,3,,,1,15,,47792,3,,,1,15,,47812,3,,,1,15,,47753,3,,,1,55,,47773,3,,,1,15,,47793,3,,,1,15,,47813,3,,,1,15,,47754,3,,,1,55,,47774,3,,,1,15,,47794,3,,,1,15,,47814,3,,,1,15,,47755,3,,,1,55,,47775,3,,,1,15,,47795,3,,,1,15,,47815,3,,,1,15,,47756,3,,,1,55,,47776,3,,,1,15,,47796,3,,,1,15,,47816,3,,,1,15,,47757,3,,,1,55,,47777,3,,,1
1,'20261021',542,,47876,3,,,1,15,,47817,3,,,1,52,,47837,3,,,1,15,,47857,3,,,1,15,,47877,3,,,1,15,,47818,3,,,1,55,,47838,3,,,1,15,,47858,3,,,1,15,,47878,3,,,1,15,,47819,3,,,1,55,,47839,3,,,1,15,,47859,3,,,1,15,,47879,3,,,1,15,,47820,3,,,1,55,,47840,3,,,1,15,,47860,3,,,1,15,,47880,3,,,1,15,,47821,3,,,1,55,,47841,3,,,1,15,,47861,3,,,1,15,,47881,3,,,1,15,,47822,3,,,1,55,,47842,3,,,1,15,,47862,3,,,1,15,,47882,3,,,1,15,,47823,3,,,1,55,,47843,3,,,1,15,,47863,3,,,1,15,,47883,3,,,1,15,,47824,3,,,1,55,,47844,3,,,1,15,,47864,3,,,1,15,,47884,3,,,1,15,,47825,3,,,1,55,,47845,3,,,1,15,,47865,3,,,1,15,,47885,3,,,1,15,,47826,3,,,1,55,,47846,3,,,1,15,,47866,3,,,1,15,,47886,3,,,1,15,,47827,3,,,1,55,,47847,3,,,1,15,,47867,3,,,1,15,,47887,3,,,1,15,,47828,3,,,1,55,,47848,3,,,1,15,,47868,3,,,1,15,,47888,3,,,1,15,,47829,3,,,1,55,,47849,3,,,1,15,,47869,3,,,1,15,,47889,3,,,1,15,,47830,3,,,1,55,,47850,3,,,1,15,,47870,3,,,1,15,,47890,3,,,1,15,,47831,3,,,1,55,,47851,3,,,1,15,,47871,3,,,1,15,,47891,3,,,1,15,,47832,3,,,1,55,,47852,3,,,1,15,,47872,3,,,1,15,,47892,3,,,1,15,,47833,3,,,1,55,,47853,3,,,1,15,,47873,3,,,1,15,,47893,3,,,1,15,,47834,3,,,1,55,,47854,3,,,1,15,,47874,3,,,1,15,,47894,3,,,1,15,,47835,3,,,1,55,,47855,3,,,1,15,,47875,3,,,1,15,,47895,3,,,1,15,,47836,3,,,1,55,,47856,3,,,1
1,'20261022',542,,47955,3,,,1,15,,47896,3,,,1,52,,47916,3,,,1,15,,47936,3,,,1,15,,47956,3,,,1,15,,47897,3,,,1,55,,47917,3,,,1,15,,47937,3,,,1,15,,47957,3,,,1,15,,47898,3,,,1,55,,47918,3,,,1,15,,47938,3,,,1,15,,47958,3,,,1,15,,47899,3,,,1,55,,47919,3,,,1,15,,47939,3,,,1,15,,47959,3,,,1,15,,47900,3,,,1,55,,47920,3,,,1,15,,47940,3,,,1,15,,47960,3,,,1,15,,47901,3,,,1,55,,47921,3,,,1,15,,47941,3,,,1,15,,47961,3,,,1,15,,47902,3,,,1,55,,47922,3,,,1,15,,47942,3,,,1,15,,47962,3,,,1,15,,47903,3,,,1,55,,47923,3,,,1,15,,47943,3,,,1,15,,47963,3,,,1,15,,47904,3,,,1,55,,47924,3,,,1,15,,47944,3,,,1,15,,47964,3,,,1,15,,47905,3,,,1,55,,47925,3,,,1,15,,47945,3,,,1,15,,47965,3,,,1,15,,47906,3,,,1,55,,47926,3,,,1,15,,47946,3,,,1,15,,47966,3,,,1,15,,47907,3,,,1,55,,47927,3,,,1,15,,47947,3,,,1,15,,47967,3,,,1,15,,47908,3,,,1,55,,47928,3,,,1,15,,47948,3,,,1,15,,47968,3,,,1,15,,47909,3,,,1,55,,47929,3,,,1,15,,47949,3,,,1,15,,47969,3,,,1,15,,47910,3,,,1,55,,47930,3,,,1,15,,47950,3,,,1,15,,47970,3,,,1,15,,47911,3,,,1,55,,47931,3,,,1,15,,47951,3,,,1,15,,47971,3,,,1,15,,47912,3,,,1,55,,47932,3,,,1,15,,47952,3,,,1,15,,47972,3,,,1,15,,47913,3,,,1,55,,47933,3,,,1,15,,47953,3,,,1,15,,47973,3,,,1,15,,47914,3,,,1,55,,47934,3,,,1,15,,47954,3,,,1,15,,47974,3,,,1,15,,47915,3,,,1,55,,47935,3,,,1
1,'20261023',542,,48034,3,,,1,15,,47975,3,,,1,52,,47995,3,,,1,15,,48015,3,,,1,15,,48035,3,,,1,15,,47976,3,,,1,55,,47996,3,,,1,15,,48016,3,,,1,15,,48036,3,,,1,15,,47977,3,,,1,55,,47997,3,,,1,15,,48017,3,,,1,15,,48037,3,,,1,15,,47978,3,,,1,55,,47998,3,,,1,15,,48018,3,,,1,15,,48038,3,,,1,15,,47979,3,,,1,55,,47999,3,,,1,15,,48019,3,,,1,15,,48039,3,,,1,15,,47980,3,,,1,55,,48000,3,,,1,15,,48020,3,,,1,15,,48040,3,,,1,15,,47981,3,,,1,55,,48001,3,,,1,15,,48021,3,,,1,15,,48041,3,,,1,15,,47982,3,,,1,55,,48002,3,,,1,15,,48022,3,,,1,15,,48042,3,,,1,15,,47983,3,,,1,55,,48003,3,,,1,15,,48023,3,,,1,15,,48043,3,,,1,15,,47984,3,,,1,55,,48004,3,,,1,15,,48024,3,,,1,15,,48044,3,,,1,15,,47985,3,,,1,55,,48005,3,,,1,15,,48025,3,,,1,15,,48045,3,,,1,15,,47986,3,,,1,55,,48006,3,,,1,15,,48026,3,,,1,15,,48046,3,,,1,15,,47987,3,,,1,55,,48007,3,,,1,15,,48027,3,,,1,15,,48047,3,,,1,15,,47988,3,,,1,55,,48008,3,,,1,15,,48028,3,,,1,15,,48048,3,,,1,15,,47989,3,,,1,55,,48009,3,,,1,15,,48029,3,,,1,15,,48049,3,,,1,15,,47990,3,,,1,55,,48010,3,,,1,15,,48030,3,,,1,15,,48050,3,,,1,15,,47991,3,,,1,55,,48011,3,,,1,15,,48031,3,,,1,15,,48051,3,,,1,15,,47992,3,,,1,55,,48012,3,,,1,15,,48032,3,,,1,15,,48052,3,,,1,15,,47993,3,,,1,55,,48013,3,,,1,15,,48033,3,,,1,15,,48053,3,,,1,15,,47994,3,,,1,55,,48014,3,,,1
1,'20261024',639,,48110,3,,,1,15,,48054,3,,,1,55,,48073,3,,,1,15,,48092,3,,,1,15,,48111,3,,,1,15,,48055,3,,,1,55,,48074,3,,,1,15,,48093,3,,,1,15,,48112,3,,,1,15,,48056,3,,,1,55,,48075,3,,,1,15,,48094,3,,,1,15,,48113,3,,,1,15,,48057,3,,,1,55,,48076,3,,,1,15,,48095,3,,,1,15,,48114,3,,,1,15,,48058,3,,,1,55,,48077,3,,,1,15,,48096,3,,,1,15,,48115,3,,,1,15,,48059,3,,,1,55,,48078,3,,,1,15,,48097,3,,,1,15,,48116,3,,,1,15,,48060,3,,,1,55,,48079,3,,,1,15,,48098,3,,,1,15,,48117,3,,,1,15,,48061,3,,,1,55,,48080,3,,,1,15,,48099,3,,,1,15,,48118,3,,,1,15,,48062,3,,,1,55,,48081,3,,,1,15,,48100,3,,,1,15,,48119,3,,,1,15,,48063,3,,,1,55,,48082,3,,,1,15,,48101,3,,,1,15,,48120,3,,,1,15,,48064,3,,,1,55,,48083,3,,,1,15,,48102,3,,,1,15,,48121,3,,,1,15,,48065,3,,,1,55,,48084,3,,,1,15,,48103,3,,,1,15,,48122,3,,,1,15,,48066,3,,,1,55,,48085,3,,,1,15,,48104,3,,,1,15,,48123,3,,,1,15,,48067,3,,,1,55,,48086,3,,,1,15,,48105,3,,,1,15,,48124,3,,,1,15,,48068,3,,,1,55,,48087,3,,,1,15,,48106,3,,,1,15,,48125,3,,,1,15,,48069,3,,,1,55,,48088,3,,,1,15,,48107,3,,,1,15,,48126,3,,,1,15,,48070,3,,,1,55,,48089,3,,,1,15,,48108,3,,,1,15,,48127,3,,,1,15,,48071,3,,,1,55,,48090,3,,,1,15,,48109,3,,,1,15,,48128,3,,,1,15,,48072,3,,,1,55,,48091,3,,,1
1,'20261025',639,,48185,3,,,1,15,,48129,3,,,1,55,,48148,3,,,1,15,,48167,3,,,1,15,,48186,3,,,1,15,,48130,3,,,1,55,,48149,3,,,1,15,,48168,3,,,1,15,,48187,3,,,1,15,,48131,3,,,1,55,,48150,3,,,1,15,,48169,3,,,1,15,,48188,3,,,1,15,,48132,3,,,1,55,,48151,3,,,1,15,,48170,3,,,1,15,,48189,3,,,1,15,,48133,3,,,1,55,,48152,3,,,1,15,,48171,3,,,1,15,,48190,3,,,1,15,,48134,3,,,1,55,,48153,3,,,1,15,,48172,3,,,1,15,,48191,3,,,1,15,,48135,3,,,1,55,,48154,3,,,1,15,,48173,3,,,1,15,,48192,3,,,1,15,,48136,3,,,1,55,,48155,3,,,1,15,,48174,3,,,1,15,,48193,3,,,1,15,,48137,3,,,1,55,,48156,3,,,1,15,,48175,3,,,1,15,,48194,3,,,1,15,,48138,3,,,1,55,,48157,3,,,1,15,,48176,3,,,1,15,,48195,3,,,1,15,,48139,3,,,1,55,,48158,3,,,1,15,,48177,3,,,1,15,,48196,3,,,1,15,,48140,3,,,1,55,,48159,3,,,1,15,,48178,3,,,1,15,,48197,3,,,1,15,,48141,3,,,1,55,,48160,3,,,1,15,,48179,3,,,1,15,,48198,3,,,1,15,,48142,3,,,1,55,,48161,3,,,1,15,,48180,3,,,1,15,,48199,3,,,1,15,,48143,3,,,1,55,,48162,3,,,1,15,,48181,3,,,1,15,,48200,3,,,1,15,,48144,3,,,1,55,,48163,3,,,1,15,,48182,3,,,1,15,,48201,3,,,1,15,,48145,3,,,1,55,,48164,3,,,1,15,,48183,3,,,1,15,,48202,3,,,1,15,,48146,3,,,1,55,,48165,3,,,1,15,,48184,3,,,1,15,,48203,3,,,1,15,,48147,3,,,1,55,,48166,3,,,1
1,'20261026',639,,48260,3,,,1,15,,48204,3,,,1,55,,48223,3,,,1,15,,48242,3,,,1,15,,48261,3,,,1,15,,48205,3,,,1,55,,48224,3,,,1,15,,48243,3,,,1,15,,48262,3,,,1,15,,48206,3,,,1,55,,48225,3,,,1,15,,48244,3,,,1,15,,48263,3,,,1,15,,48207,3,,,1,55,,48226,3,,,1,15,,48245,3,,,1,15,,48264,3,,,1,15,,48208,3,,,1,55,,48227,3,,,1,15,,48246,3,,,1,15,,48265,3,,,1,15,,48209,3,,,1,55,,48228,3,,,1,15,,48247,3,,,1,15,,48266,3,,,1,15,,48210,3,,,1,55,,48229,3,,,1,15,,48248,3,,,1,15,,48267,3,,,1,15,,48211,3,,,1,55,,48230,3,,,1,15,,48249,3,,,1,15,,48268,3,,,1,15,,48212,3,,,1,55,,48231,3,,,1,15,,48250,3,,,1,15,,48269,3,,,1,15,,48213,3,,,1,55,,48232,3,,,1,15,,48251,3,,,1,15,,48270,3,,,1,15,,48214,3,,,1,55,,48233,3,,,1,15,,48252,3,,,1,15,,48271,3,,,1,15,,48215,3,,,1,55,,48234,3,,,1,15,,48253,3,,,1,15,,48272,3,,,1,15,,48216,3,,,1,55,,48235,3,,,1,15,,48254,3,,,1,15,,48273,3,,,1,15,,48217,3,,,1,55,,48236,3,,,1,15,,48255,3,,,1,15,,48274,3,,,1,15,,48218,3,,,1,55,,48237,3,,,1,15,,48256,3,,,1,15,,48275,3,,,1,15,,48219,3,,,1,55,,48238,3,,,1,15,,48257,3,,,1,15,,48276,3,,,1,15,,48220,3,,,1,55,,48239,3,,,1,15,,48258,3,,,1,15,,48277,3,,,1,15,,48221,3,,,1,55,,48240,3,,,1,15,,48259,3,,,1,15,,48278,3,,,1,15,,48222,3,,,1,55,,48241,3,,,1
1,'20261027',542,,48338,3,,,1,15,,48279,3,,,1,52,,48299,3,,,1,15,,48319,3,,,1,15,,48339,3,,,1,15,,48280,3,,,1,55,,48300,3,,,1,15,,48320,3,,,1,15,,48340,3,,,1,15,,48281,3,,,1,55,,48301,3,,,1,15,,48321,3,,,1,15,,48341,3,,,1,15,,48282,3,,,1,55,,48302,3,,,1,15,,48322,3,,,1,15,,48342,3,,,1,15,,48283,3,,,1,55,,48303,3,,,1,15,,48323,3,,,1,15,,48343,3,,,1,15,,48284,3,,,1,55,,48304,3,,,1,15,,48324,3,,,1,15,,48344,3,,,1,15,,48285,3,,,1,55,,48305,3,,,1,15,,48325,3,,,1,15,,48345,3,,,1,15,,48286,3,,,1,55,,48306,3,,,1,15,,48326,3,,,1,15,,48346,3,,,1,15,,48287,3,,,1,55,,48307,3,,,1,15,,48327,3,,,1,15,,48347,3,,,1,15,,48288,3,,,1,55,,48308,3,,,1,15,,48328,3,,,1,15,,48348,3,,,1,15,,48289,3,,,1,55,,48309,3,,,1,15,,48329,3,,,1,15,,48349,3,,,1,15,,48290,3,,,1,55,,48310,3,,,1,15,,48330,3,,,1,15,,48350,3,,,1,15,,48291,3,,,1,55,,48311,3,,,1,15,,48331,3,,,1,15,,48351,3,,,1,15,,48292,3,,,1,55,,48312,3,,,1,15,,48332,3,,,1,15,,48352,3,,,1,15,,48293,3,,,1,55,,48313,3,,,1,15,,48333,3,,,1,15,,48353,3,,,1,15,,48294,3,,,1,55,,48314,3,,,1,15,,48334,3,,,1,15,,48354,3,,,1,15,,48295,3,,,1,55,,48315,3,,,1,15,,48335,3,,,1,15,,48355,3,,,1,15,,48296,3,,,1,55,,48316,3,,,1,15,,48336,3,,,1,15,,48356,3,,,1,15,,48297,3,,,1,55,,48317,3,,,1,15,,48337,3,,,1,15,,48357,3,,,1,15,,48298,3,,,1,55,,48318,3,,,1
1,'20261028',542,,48417,3,,,1,15,,48358,3,,,1,52,,48378,3,,,1,15,,48398,3,,,1,15,,48418,3,,,1,15,,48359,3,,,1,55,,48379,3,,,1,15,,48399,3,,,1,15,,48419,3,,,1,15,,48360,3,,,1,55,,48380,3,,,1,15,,48400,3,,,1,15,,48420,3,,,1,15,,48361,3,,,1,55,,48381,3,,,1,15,,48401,3,,,1,15,,48421,3,,,1,15,,48362,3,,,1,55,,48382,3,,,1,15,,48402,3,,,1,15,,48422,3,,,1,15,,48363,3,,,1,55,,48383,3,,,1,15,,48403,3,,,1,15,,48423,3,,,1,15,,48364,3,,,1,55,,48384,3,,,1,15,,48404,3,,,1,15,,48424,3,,,1,15,,48365,3,,,1,55,,48385,3,,,1,15,,48405,3,,,1,15,,48425,3,,,1,15,,48366,3,,,1,55,,48386,3,,,1,15,,48406,3,,,1,15,,48426,3,,,1,15,,48367,3,,,1,55,,48387,3,,,1,15,,48407,3,,,1,15,,48427,3,,,1,15,,48368,3,,,1,55,,48388,3,,,1,15,,48408,3,,,1,15,,48428,3,,,1,15,,48369,3,,,1,55,,48389,3,,,1,15,,48409,3,,,1,15,,48429,3,,,1,15,,48370,3,,,1,55,,48390,3,,,1,15,,48410,3,,,1,15,,48430,3,,,1,15,,48371,3,,,1,55,,48391,3,,,1,15,,48411,3,,,1,15,,48431,3,,,1,15,,48372,3,,,1,55,,48392,3,,,1,15,,48412,3,,,1,15,,48432,3,,,1,15,,48373,3,,,1,55,,48393,3,,,1,15,,48413,3,,,1,15,,48433,3,,,1,15,,48374,3,,,1,55,,48394,3,,,1,15,,48414,3,,,1,15,,48434,3,,,1,15,,48375,3,,,1,55,,48395,3,,,1,15,,48415,3,,,1,15,,48435,3,,,1,15,,48376,3,,,1,55,,48396,3,,,1,15,,48416,3,,,1,15,,48436,3,,,1,15,,48377,3,,,1,55,,48397,3,,,1
1,'20261029',542,,48496,3,,,1,15,,48437,3,,,1,52,,48457,3,,,1,15,,48477,3,,,1,15,,48497,3,,,1,15,,48438,3,,,1,55,,48458,3,,,1,15,,48478,3,,,1,15,,48498,3,,,1,15,,48439,3,,,1,55,,48459,3,,,1,15,,48479,3,,,1,15,,48499,3,,,1,15,,48440,3,,,1,55,,48460,3,,,1,15,,48480,3,,,1,15,,48500,3,,,1,15,,48441,3,,,1,55,,48461,3,,,1,15,,48481,3,,,1,15,,48501,3,,,1,15,,48442,3,,,1,55,,48462,3,,,1,15,,48482,3,,,1,15,,48502,3,,,1,15,,48443,3,,,1,55,,48463,3,,,1,15,,48483,3,,,1,15,,48503,3,,,1,15,,48444,3,,,1,55,,48464,3,,,1,15,,48484,3,,,1,15,,48504,3,,,1,15,,48445,3,,,1,55,,48465,3,,,1,15,,48485,3,,,1,15,,48505,3,,,1,15,,48446,3,,,1,55,,48466,3,,,1,15,,48486,3,,,1,15,,48506,3,,,1,15,,48447,3,,,1,55,,48467,3,,,1,15,,48487,3,,,1,15,,48507,3,,,1,15,,48448,3,,,1,55,,48468,3,,,1,15,,48488,3,,,1,15,,48508,3,,,1,15,,48449,3,,,1,55,,48469,3,,,1,15,,48489,3,,,1,15,,48509,3,,,1,15,,48450,3,,,1,55,,48470,3,,,1,15,,48490,3,,,1,15,,48510,3,,,1,15,,48451,3,,,1,55,,48471,3,,,1,15,,48491,3,,,1,15,,48511,3,,,1,15,,48452,3,,,1,55,,48472,3,,,1,15,,48492,3,,,1,15,,48512,3,,,1,15,,48453,3,,,1,55,,48473,3,,,1,15,,48493,3,,,1,15,,48513,3,,,1,15,,48454,3,,,1,55,,48474,3,,,1,15,,48494,3,,,1,15,,48514,3,,,1,15,,48455,3,,,1,55,,48475,3,,,1,15,,48495,3,,,1,15,,48515,3,,,1,15,,48456,3,,,1,55,,48476,3,,,1
1,'20261030',542,,48575,3,,,1,15,,48516,3,,,1,52,,48536,3,,,1,15,,48556,3,,,1,15,,48576,3,,,1,15,,48517,3,,,1,55,,48537,3,,,1,15,,48557,3,,,1,15,,48577,3,,,1,15,,48518,3,,,1,55,,48538,3,,,1,15,,48558,3,,,1,15,,48578,3,,,1,15,,48519,3,,,1,55,,48539,3,,,1,15,,48559,3,,,1,15,,48579,3,,,1,15,,48520,3,,,1,55,,48540,3,,,1,15,,48560,3,,,1,15,,48580,3,,,1,15,,48521,3,,,1,55,,48541,3,,,1,15,,48561,3,,,1,15,,48581,3,,,1,15,,48522,3,,,1,55,,48542,3,,,1,15,,48562,3,,,1,15,,48582,3,,,1,15,,48523,3,,,1,55,,48543,3,,,1,15,,48563,3,,,1,15,,48583,3,,,1,15,,48524,3,,,1,55,,48544,3,,,1,15,,48564,3,,,1,15,,48584,3,,,1,15,,48525,3,,,1,55,,48545,3,,,1,15,,48565,3,,,1,15,,48585,3,,,1,15,,48526,3,,,1,55,,48546,3,,,1,15,,48566,3,,,1,15,,48586,3,,,1,15,,48527,3,,,1,55,,48547,3,,,1,15,,48567,3,,,1,15,,48587,3,,,1,15,,48528,3,,,1,55,,48548,3,,,1,15,,48568,3,,,1,15,,48588,3,,,1,15,,48529,3,,,1,55,,48549,3,,,1,15,,48569,3,,,1,15,,48589,3,,,1,15,,48530,3,,,1,55,,48550,3,,,1,15,,48570,3,,,1,15,,48590,3,,,1,15,,48531,3,,,1,55,,48551,3,,,1,15,,48571,3,,,1,15,,48591,3,,,1,15,,48532,3,,,1,55,,48552,3,,,1,15,,48572,3,,,1,15,,48592,3,,,1,15,,48533,3,,,1,55,,48553,3,,,1,15,,48573,3,,,1,15,,48593,3,,,1,15,,48534,3,,,1,55,,48554,3,,,1,15,,48574,3,,,1,15,,48594,3,,,1,15,,48535,3,,,1,55,,48555,3,,,1
1,'20261031',639,,48651,3,,,1,15,,48595,3,,,1,55,,48614,3,,,1,15,,48633,3,,,1,15,,48652,3,,,1,15,,48596,3,,,1,55,,48615,3,,,1,15,,48634,3,,,1,15,,48653,3,,,1,15,,48597,3,,,1,55,,48616,3,,,1,15,,48635,3,,,1,15,,48654,3,,,1,15,,48598,3,,,1,55,,48617,3,,,1,15,,48636,3,,,1,15,,48655,3,,,1,15,,48599,3,,,1,55,,48618,3,,,1,15,,48637,3,,,1,15,,48656,3,,,1,15,,48600,3,,,1,55,,48619,3,,,1,15,,48638,3,,,1,15,,48657,3,,,1,15,,48601,3,,,1,55,,48620,3,,,1,15,,48639,3,,,1,15,,48658,3,,,1,15,,48602,3,,,1,55,,48621,3,,,1,15,,48640,3,,,1,15,,48659,3,,,1,15,,48603,3,,,1,55,,48622,3,,,1,15,,48641,3,,,1,15,,48660,3,,,1,15,,48604,3,,,1,55,,48623,3,,,1,15,,48642,3,,,1,15,,48661,3,,,1,15,,48605,3,,,1,55,,48624,3,,,1,15,,48643,3,,,1,15,,48662,3,,,1,15,,48606,3,,,1,55,,48625,3,,,1,15,,48644,3,,,1,15,,48663,3,,,1,15,,48607,3,,,1,55,,48626,3,,,1,15,,48645,3,,,1,15,,48664,3,,,1,15,,48608,3,,,1,55,,48627,3,,,1,15,,48646,3,,,1,15,,48665,3,,,1,15,,48609,3,,,1,55,,48628,3,,,1,15,,48647,3,,,1,15,,48666,3,,,1,15,,48610,3,,,1,55,,48629,3,,,1,15,,48648,3,,,1,15,,48667,3,,,1,15,,48611,3,,,1,55,,48630,3,,,1,15,,48649,3,,,1,15,,48668,3,,,1,15,,48612,3,,,1,55,,48631,3,,,1,15,,48650,3,,,1,15,,48669,3,,,1,15,,48613,3,,,1,55,,48632,3,,,1
1,'20261101',639,,48726,3,,,1,15,,48670,3,,,1,55,,48689,3,,,1,15,,48708,3,,,1,15,,48727,3,,,1,15,,48671,3,,,1,55,,48690,3,,,1,15,,48709,3,,,1,15,,48728,3,,,1,15,,48672,3,,,1,55,,48691,3,,,1,15,,48710,3,,,1,15,,48729,3,,,1,15,,48673,3,,,1,55,,48692,3,,,1,15,,48711,3,,,1,15,,48730,3,,,1,15,,48674,3,,,1,55,,48693,3,,,1,15,,48712,3,,,1,15,,48731,3,,,1,15,,48675,3,,,1,55,,48694,3,,,1,15,,48713,3,,,1,15,,48732,3,,,1,15,,48676,3,,,1,55,,48695,3,,,1,15,,48714,3,,,1,15,,48733,3,,,1,15,,48677,3,,,1,55,,48696,3,,,1,15,,48715,3,,,1,15,,48734,3,,,1,15,,48678,3,,,1,55,,48697,3,,,1,15,,48716,3,,,1,15,,48735,3,,,1,15,,48679,3,,,1,55,,48698,3,,,1,15,,48717,3,,,1,15,,48736,3,,,1,15,,48680,3,,,1,55,,48699,3,,,1,15,,48718,3,,,1,15,,48737,3,,,1,15,,48681,3,,,1,55,,48700,3,,,1,15,,48719,3,,,1,15,,48738,3,,,1,15,,48682,3,,,1,55,,48701,3,,,1,15,,48720,3,,,1,15,,48739,3,,,1,15,,48683,3,,,1,55,,48702,3,,,1,15,,48721,3,,,1,15,,48740,3,,,1,15,,48684,3,,,1,55,,48703,3,,,1,15,,48722,3,,,1,15,,48741,3,,,1,15,,48685,3,,,1,55,,48704,3,,,1,15,,48723,3,,,1,15,,48742,3,,,1,15,,48686,3,,,1,55,,48705,3,,,1,15,,48724,3,,,1,15,,48743,3,,,1,15,,48687,3,,,1,55,,48706,3,,,1,15,,48725,3,,,1,15,,48744,3,,,1,15,,48688,3,,,1,55,,48707,3,,,1
1,'20261102',639,,48801,3,,,1,15,,48745,3,,,1,55,,48764,3,,,1,15,,48783,3,,,1,15,,48802,3,,,1,15,,48746,3,,,1,55,,48765,3,,,1,15,,48784,3,,,1,15,,48803,3,,,1,15,,48747,3,,,1,55,,48766,3,,,1,15,,48785,3,,,1,15,,48804,3,,,1,15,,48748,3,,,1,55,,48767,3,,,1,15,,48786,3,,,1,15,,48805,3,,,1,15,,48749,3,,,1,55,,48768,3,,,1,15,,48787,3,,,1,15,,48806,3,,,1,15,,48750,3,,,1,55,,48769,3,,,1,15,,48788,3,,,1,15,,48807,3,,,1,15,,48751,3,,,1,55,,48770,3,,,1,15,,48789,3,,,1,15,,48808,3,,,1,15,,48752,3,,,1,55,,48771,3,,,1,15,,48790,3,,,1,15,,48809,3,,,1,15,,48753,3,,,1,55,,48772,3,,,1,15,,48791,3,,,1,15,,48810,3,,,1,15,,48754,3,,,1,55,,48773,3,,,1,15,,48792,3,,,1,15,,48811,3,,,1,15,,48755,3,,,1,55,,48774,3,,,1,15,,48793,3,,,1,15,,48812,3,,,1,15,,48756,3,,,1,55,,48775,3,,,1,15,,48794,3,,,1,15,,48813,3,,,1,15,,48757,3,,,1,55,,48776,3,,,1,15,,48795,3,,,1,15,,48814,3,,,1,15,,48758,3,,,1,55,,48777,3,,,1,15,,48796,3,,,1,15,,48815,3,,,1,15,,48759,3,,,1,55,,48778,3,,,1,15,,48797,3,,,1,15,,48816,3,,,1,15,,48760,3,,,1,55,,48779,3,,,1,15,,48798,3,,,1,15,,48817,3,,,1,15,,48761,3,,,1,55,,48780,3,,,1,15,,48799,3,,,1,15,,48818,3,,,1,15,,48762,3,,,1,55,,48781,3,,,1,15,,48800,3,,,1,15,,48819,3,,,1,15,,48763,3,,,1,55,,48782,3,,,1
1,'20261103',542,,48879,3,,,1,15,,48820,3,,,1,52,,48840,3,,,1,15,,48860,3,,,1,15,,48880,3,,,1,15,,48821,3,,,1,55,,48841,3,,,1,15,,48861,3,,,1,15,,48881,3,,,1,15,,48822,3,,,1,55,,48842,3,,,1,15,,48862,3,,,1,15,,48882,3,,,1,15,,48823,3,,,1,55,,48843,3,,,1,15,,48863,3,,,1,15,,48883,3,,,1,15,,48824,3,,,1,55,,48844,3,,,1,15,,48864,3,,,1,15,,48884,3,,,1,15,,48825,3,,,1,55,,48845,3,,,1,15,,48865,3,,,1,15,,48885,3,,,1,15,,48826,3,,,1,55,,48846,3,,,1,15,,48866,3,,,1,15,,48886,3,,,1,15,,48827,3,,,1,55,,48847,3,,,1,15,,48867,3,,,1,15,,48887,3,,,1,15,,48828,3,,,1,55,,48848,3,,,1,15,,48868,3,,,1,15,,48888,3,,,1,15,,48829,3,,,1,55,,48849,3,,,1,15,,48869,3,,,1,15,,48889,3,,,1,15,,48830,3,,,1,55,,48850,3,,,1,15,,48870,3,,,1,15,,48890,3,,,1,15,,48831,3,,,1,55,,48851,3,,,1,15,,48871,3,,,1,15,,48891,3,,,1,15,,48832,3,,,1,55,,48852,3,,,1,15,,48872,3,,,1,15,,48892,3,,,1,15,,48833,3,,,1,55,,48853,3,,,1,15,,48873,3,,,1,15,,48893,3,,,1,15,,48834,3,,,1,55,,48854,3,,,1,15,,48874,3,,,1,15,,48894,3,,,1,15,,48835,3,,,1,55,,48855,3,,,1,15,,48875,3,,,1,15,,48895,3,,,1,15,,48836,3,,,1,55,,48856,3,,,1,15,,48876,3,,,1,15,,48896,3,,,1,15,,48837,3,,,1,55,,48857,3,,,1,15,,48877,3,,,1,15,,48897,3,,,1,15,,48838,3,,,1,55,,48858,3,,,1,15,,48878,3,,,1,15,,48898,3,,,1,15,,48839,3,,,1,55,,48859,3,,,1
1,'20261104',542,,48958,3,,,1,15,,48899,3,,,1,52,,48919,3,,,1,15,,48939,3,,,1,15,,48959,3,,,1,15,,48900,3,,,1,55,,48920,3,,,1,15,,48940,3,,,1,15,,48960,3,,,1,15,,48901,3,,,1,55,,48921,3,,,1,15,,48941,3,,,1,15,,48961,3,,,1,15,,48902,3,,,1,55,,48922,3,,,1,15,,48942,3,,,1,15,,48962,3,,,1,15,,48903,3,,,1,55,,48923,3,,,1,15,,48943,3,,,1,15,,48963,3,,,1,15,,48904,3,,,1,55,,48924,3,,,1,15,,48944,3,,,1,15,,48964,3,,,1,15,,48905,3,,,1,55,,48925,3,,,1,15,,48945,3,,,1,15,,48965,3,,,1,15,,48906,3,,,1,55,,48926,3,,,1,15,,48946,3,,,1,15,,48966,3,,,1,15,,48907,3,,,1,55,,48927,3,,,1,15,,48947,3,,,1,15,,48967,3,,,1,15,,48908,3,,,1,55,,48928,3,,,1,15,,48948,3,,,1,15,,48968,3,,,1,15,,48909,3,,,1,55,,48929,3,,,1,15,,48949,3,,,1,15,,48969,3,,,1,15,,48910,3,,,1,55,,48930,3,,,1,15,,48950,3,,,1,15,,48970,3,,,1,15,,48911,3,,,1,55,,48931,3,,,1,15,,48951,3,,,1,15,,48971,3,,,1,15,,48912,3,,,1,55,,48932,3,,,1,15,,48952,3,,,1,15,,48972,3,,,1,15,,48913,3,,,1,55,,48933,3,,,1,15,,48953,3,,,1,15,,48973,3,,,1,15,,48914,3,,,1,55,,48934,3,,,1,15,,48954,3,,,1,15,,48974,3,,,1,15,,48915,3,,,1,55,,48935,3,,,1,15,,48955,3,,,1,15,,48975,3,,,1,15,,48916,3,,,1,55,,48936,3,,,1,15,,48956,3,,,1,15,,48976,3,,,1,15,,48917,3,,,1,55,,48937,3,,,1,15,,48957,3,,,1,15,,48977,3,,,1,15,,48918,3,,,1,55,,48938,3,,,1
1,'20261105',542,,49037,3,,,1,15,,48978,3,,,1,52,,48998,3,,,1,15,,49018,3,,,1,15,,49038,3,,,1,15,,48979,3,,,1,55,,48999,3,,,1,15,,49019,3,,,1,15,,49039,3,,,1,15,,48980,3,,,1,55,,49000,3,,,1,15,,49020,3,,,1,15,,49040,3,,,1,15,,48981,3,,,1,55,,49001,3,,,1,15,,49021,3,,,1,15,,49041,3,,,1,15,,48982,3,,,1,55,,49002,3,,,1,15,,49022,3,,,1,15,,49042,3,,,1,15,,48983,3,,,1,55,,49003,3,,,1,15,,49023,3,,,1,15,,49043,3,,,1,15,,48984,3,,,1,55,,49004,3,,,1,15,,49024,3,,,1,15,,49044,3,,,1,15,,48985,3,,,1,55,,49005,3,,,1,15,,49025,3,,,1,15,,49045,3,,,1,15,,48986,3,,,1,55,,49006,3,,,1,15,,49026,3,,,1,15,,49046,3,,,1,15,,48987,3,,,1,55,,49007,3,,,1,15,,49027,3,,,1,15,,49047,3,,,1,15,,48988,3,,,1,55,,49008,3,,,1,15,,49028,3,,,1,15,,49048,3,,,1,15,,48989,3,,,1,55,,49009,3,,,1,15,,49029,3,,,1,15,,49049,3,,,1,15,,48990,3,,,1,55,,49010,3,,,1,15,,49030,3,,,1,15,,49050,3,,,1,15,,48991,3,,,1,55,,49011,3,,,1,15,,49031,3,,,1,15,,49051,3,,,1,15,,48992,3,,,1,55,,49012,3,,,1,15,,49032,3,,,1,15,,49052,3,,,1,15,,48993,3,,,1,55,,49013,3,,,1,15,,49033,3,,,1,15,,49053,3,,,1,15,,48994,3,,,1,55,,49014,3,,,1,15,,49034,3,,,1,15,,49054,3,,,1,15,,48995,3,,,1,55,,49015,3,,,1,15,,49035,3,,,1,15,,49055,3,,,1,15,,48996,3,,,1,55,,49016,3,,,1,15,,49036,3,,,1,15,,49056,3,,,1,15,,48997,3,,,1,55,,49017,3,,,1
1,'20261106',542,,49116,3,,,1,15,,49057,3,,,1,52,,49077,3,,,1,15,,49097,3,,,1,15,,49117,3,,,1,15,,49058,3,,,1,55,,49078,3,,,1,15,,49098,3,,,1,15,,49118,3,,,1,15,,49059,3,,,1,55,,49079,3,,,1,15,,49099,3,,,1,15,,49119,3,,,1,15,,49060,3,,,1,55,,49080,3,,,1,15,,49100,3,,,1,15,,49120,3,,,1,15,,49061,3,,,1,55,,49081,3,,,1,15,,49101,3,,,1,15,,49121,3,,,1,15,,49062,3,,,1,55,,49082,3,,,1,15,,49102,3,,,1,15,,49122,3,,,1,15,,49063,3,,,1,55,,49083,3,,,1,15,,49103,3,,,1,15,,49123,3,,,1,15,,49064,3,,,1,55,,49084,3,,,1,15,,49104,3,,,1,15,,49124,3,,,1,15,,49065,3,,,1,55,,49085,3,,,1,15,,49105,3,,,1,15,,49125,3,,,1,15,,49066,3,,,1,55,,49086,3,,,1,15,,49106,3,,,1,15,,49126,3,,,1,15,,49067,3,,,1,55,,49087,3,,,1,15,,49107,3,,,1,15,,49127,3,,,1,15,,49068,3,,,1,55,,49088,3,,,1,15,,49108,3,,,1,15,,49128,3,,,1,15,,49069,3,,,1,55,,49089,3,,,1,15,,49109,3,,,1,15,,49129,3,,,1,15,,49070,3,,,1,55,,49090,3,,,1,15,,49110,3,,,1,15,,49130,3,,,1,15,,49071,3,,,1,55,,49091,3,,,1,15,,49111,3,,,1,15,,49131,3,,,1,15,,49072,3,,,1,55,,49092,3,,,1,15,,49112,3,,,1,15,,49132,3,,,1,15,,49073,3,,,1,55,,49093,3,,,1,15,,49113,3,,,1,15,,49133,3,,,1,15,,49074,3,,,1,55,,49094,3,,,1,15,,49114,3,,,1,15,,49134,3,,,1,15,,49075,3,,,1,55,,49095,3,,,1,15,,49115,3,,,1,15,,49135,3,,,1,15,,49076,3,,,1,55,,49096,3,,,1
1,'20261107',639,,49192,3,,,1,15,,49136,3,,,1,55,,49155,3,,,1,15,,49174,3,,,1,15,,49193,3,,,1,15,,49137,3,,,1,55,,49156,3,,,1,15,,49175,3,,,1,15,,49194,3,,,1,15,,49138,3,,,1,55,,49157,3,,,1,15,,49176,3,,,1,15,,49195,3,,,1,15,,49139,3,,,1,55,,49158,3,,,1,15,,49177,3,,,1,15,,49196,3,,,1,15,,49140,3,,,1,55,,49159,3,,,1,15,,49178,3,,,1,15,,49197,3,,,1,15,,49141,3,,,1,55,,49160,3,,,1,15,,49179,3,,,1,15,,49198,3,,,1,15,,49142,3,,,1,55,,49161,3,,,1,15,,49180,3,,,1,15,,49199,3,,,1,15,,49143,3,,,1,55,,49162,3,,,1,15,,49181,3,,,1,15,,49200,3,,,1,15,,49144,3,,,1,55,,49163,3,,,1,15,,49182,3,,,1,15,,49201,3,,,1,15,,49145,3,,,1,55,,49164,3,,,1,15,,49183,3,,,1,15,,49202,3,,,1,15,,49146,3,,,1,55,,49165,3,,,1,15,,49184,3,,,1,15,,49203,3,,,1,15,,49147,3,,,1,55,,49166,3,,,1,15,,49185,3,,,1,15,,49204,3,,,1,15,,49148,3,,,1,55,,49167,3,,,1,15,,49186,3,,,1,15,,49205,3,,,1,15,,49149,3,,,1,55,,49168,3,,,1,15,,49187,3,,,1,15,,49206,3,,,1,15,,49150,3,,,1,55,,49169,3,,,1,15,,49188,3,,,1,15,,49207,3,,,1,15,,49151,3,,,1,55,,49170,3,,,1,15,,49189,3,,,1,15,,49208,3,,,1,15,,49152,3,,,1,55,,49171,3,,,1,15,,49190,3,,,1,15,,49209,3,,,1,15,,49153,3,,,1,55,,49172,3,,,1,15,,49191,3,,,1,15,,49210,3,,,1,15,,49154,3,,,1,55,,49173,3,,,1
1,'20261108',639,,49267,3,,,1,15,,49211,3,,,1,55,,49230,3,,,1,15,,49249,3,,,1,15,,49268,3,,,1,15,,49212,3,,,1,55,,49231,3,,,1,15,,49250,3,,,1,15,,49269,3,,,1,15,,49213,3,,,1,55,,49232,3,,,1,15,,49251,3,,,1,15,,49270,3,,,1,15,,49214,3,,,1,55,,49233,3,,,1,15,,49252,3,,,1,15,,49271,3,,,1,15,,49215,3,,,1,55,,49234,3,,,1,15,,49253,3,,,1,15,,49272,3,,,1,15,,49216,3,,,1,55,,49235,3,,,1,15,,49254,3,,,1,15,,49273,3,,,1,15,,49217,3,,,1,55,,49236,3,,,1,15,,49255,3,,,1,15,,49274,3,,,1,15,,49218,3,,,1,55,,49237,3,,,1,15,,49256,3,,,1,15,,49275,3,,,1,15,,49219,3,,,1,55,,49238,3,,,1,15,,49257,3,,,1,15,,49276,3,,,1,15,,49220,3,,,1,55,,49239,3,,,1,15,,49258,3,,,1,15,,49277,3,,,1,15,,49221,3,,,1,55,,49240,3,,,1,15,,49259,3,,,1,15,,49278,3,,,1,15,,49222,3,,,1,55,,49241,3,,,1,15,,49260,3,,,1,15,,49279,3,,,1,15,,49223,3,,,1,55,,49242,3,,,1,15,,49261,3,,,1,15,,49280,3,,,1,15,,49224,3,,,1,55,,49243,3,,,1,15,,49262,3,,,1,15,,49281,3,,,1,15,,49225,3,,,1,55,,49244,3,,,1,15,,49263,3,,,1,15,,49282,3,,,1,15,,49226,3,,,1,55,,49245,3,,,1,15,,49264,3,,,1,15,,49283,3,,,1,15,,49227,3,,,1,55,,49246,3,,,1,15,,49265,3,,,1,15,,49284,3,,,1,15,,49228,3,,,1,55,,49247,3,,,1,15,,49266,3,,,1,15,,49285,3,,,1,15,,49229,3,,,1,55,,49248,3,,,1
1,'20261109',639,,49342,3,,,1,15,,49286,3,,,1,55,,49305,3,,,1,15,,49324,3,,,1,15,,49343,3,,,1,15,,49287,3,,,1,55,,49306,3,,,1,15,,49325,3,,,1,15,,49344,3,,,1,15,,49288,3,,,1,55,,49307,3,,,1,15,,49326,3,,,1,15,,49345,3,,,1,15,,49289,3,,,1,55,,49308,3,,,1,15,,49327,3,,,1,15,,49346,3,,,1,15,,49290,3,,,1,55,,49309,3,,,1,15,,49328,3,,,1,15,,49347,3,,,1,15,,49291,3,,,1,55,,49310,3,,,1,15,,49329,3,,,1,15,,49348,3,,,1,15,,49292,3,,,1,55,,49311,3,,,1,15,,49330,3,,,1,15,,49349,3,,,1,15,,49293,3,,,1,55,,49312,3,,,1,15,,49331,3,,,1,15,,49350,3,,,1,15,,49294,3,,,1,55,,49313,3,,,1,15,,49332,3,,,1,15,,49351,3,,,1,15,,49295,3,,,1,55,,49314,3,,,1,15,,49333,3,,,1,15,,49352,3,,,1,15,,49296,3,,,1,55,,49315,3,,,1,15,,49334,3,,,1,15,,49353,3,,,1,15,,49297,3,,,1,55,,49316,3,,,1,15,,49335,3,,,1,15,,49354,3,,,1,15,,49298,3,,,1,55,,49317,3,,,1,15,,49336,3,,,1,15,,49355,3,,,1,15,,49299,3,,,1,55,,49318,3,,,1,15,,49337,3,,,1,15,,49356,3,,,1,15,,49300,3,,,1,55,,49319,3,,,1,15,,49338,3,,,1,15,,49357,3,,,1,15,,49301,3,,,1,55,,49320,3,,,1,15,,49339,3,,,1,15,,49358,3,,,1,15,,49302,3,,,1,55,,49321,3,,,1,15,,49340,3,,,1,15,,49359,3,,,1,15,,49303,3,,,1,55,,49322,3,,,1,15,,49341,3,,,1,15,,49360,3,,,1,15,,49304,3,,,1,55,,49323,3,,,1
1,'20261110',542,,49420,3,,,1,15,,49361,3,,,1,52,,49381,3,,,1,15,,49401,3,,,1,15,,49421,3,,,1,15,,49362,3,,,1,55,,49382,3,,,1,15,,49402,3,,,1,15,,49422,3,,,1,15,,49363,3,,,1,55,,49383,3,,,1,15,,49403,3,,,1,15,,49423,3,,,1,15,,49364,3,,,1,55,,49384,3,,,1,15,,49404,3,,,1,15,,49424,3,,,1,15,,49365,3,,,1,55,,49385,3,,,1,15,,49405,3,,,1,15,,49425,3,,,1,15,,49366,3,,,1,55,,49386,3,,,1,15,,49406,3,,,1,15,,49426,3,,,1,15,,49367,3,,,1,55,,49387,3,,,1,15,,49407,3,,,1,15,,49427,3,,,1,15,,49368,3,,,1,55,,49388,3,,,1,15,,49408,3,,,1,15,,49428,3,,,1,15,,49369,3,,,1,55,,49389,3,,,1,15,,49409,3,,,1,15,,49429,3,,,1,15,,49370,3,,,1,55,,49390,3,,,1,15,,49410,3,,,1,15,,49430,3,,,1,15,,49371,3,,,1,55,,49391,3,,,1,15,,49411,3,,,1,15,,49431,3,,,1,15,,49372,3,,,1,55,,49392,3,,,1,15,,49412,3,,,1,15,,49432,3,,,1,15,,49373,3,,,1,55,,49393,3,,,1,15,,49413,3,,,1,15,,49433,3,,,1,15,,49374,3,,,1,55,,49394,3,,,1,15,,49414,3,,,1,15,,49434,3,,,1,15,,49375,3,,,1,55,,49395,3,,,1,15,,49415,3,,,1,15,,49435,3,,,1,15,,49376,3,,,1,55,,49396,3,,,1,15,,49416,3,,,1,15,,49436,3,,,1,15,,49377,3,,,1,55,,49397,3,,,1,15,,49417,3,,,1,15,,49437,3,,,1,15,,49378,3,,,1,55,,49398,3,,,1,15,,49418,3,,,1,15,,49438,3,,,1,15,,49379,3,,,1,55,,49399,3,,,1,15,,49419,3,,,1,15,,49439,3,,,1,15,,49380,3,,,1,55,,49400,3,,,1
1,'20261111',542,,49499,3,,,1,15,,49440,3,,,1,52,,49460,3,,,1,15,,49480,3,,,1,15,,49500,3,,,1,15,,49441,3,,,1,55,,49461,3,,,1,15,,49481,3,,,1,15,,49501,3,,,1,15,,49442,3,,,1,55,,49462,3,,,1,15,,49482,3,,,1,15,,49502,3,,,1,15,,49443,3,,,1,55,,49463,3,,,1,15,,49483,3,,,1,15,,49503,3,,,1,15,,49444,3,,,1,55,,49464,3,,,1,15,,49484,3,,,1,15,,49504,3,,,1,15,,49445,3,,,1,55,,49465,3,,,1,15,,49485,3,,,1,15,,49505,3,,,1,15,,49446,3,,,1,55,,49466,3,,,1,15,,49486,3,,,1,15,,49506,3,,,1,15,,49447,3,,,1,55,,49467,3,,,1,15,,49487,3,,,1,15,,49507,3,,,1,15,,49448,3,,,1,55,,49468,3,,,1,15,,49488,3,,,1,15,,49508,3,,,1,15,,49449,3,,,1,55,,49469,3,,,1,15,,49489,3,,,1,15,,49509,3,,,1,15,,49450,3,,,1,55,,49470,3,,,1,15,,49490,3,,,1,15,,49510,3,,,1,15,,49451,3,,,1,55,,49471,3,,,1,15,,49491,3,,,1,15,,49511,3,,,1,15,,49452,3,,,1,55,,49472,3,,,1,15,,49492,3,,,1,15,,49512,3,,,1,15,,49453,3,,,1,55,,49473,3,,,1,15,,49493,3,,,1,15,,49513,3,,,1,15,,49454,3,,,1,55,,49474,3,,,1,15,,49494,3,,,1,15,,49514,3,,,1,15,,49455,3,,,1,55,,49475,3,,,1,15,,49495,3,,,1,15,,49515,3,,,1,15,,49456,3,,,1,55,,49476,3,,,1,15,,49496,3,,,1,15,,49516,3,,,1,15,,49457,3,,,1,55,,49477,3,,,1,15,,49497,3,,,1,15,,49517,3,,,1,15,,49458,3,,,1,55,,49478,3,,,1,15,,49498,3,,,1,15,,49518,3,,,1,15,,49459,3,,,1,55,,49479,3,,,1
1,'20261112',542,,49578,3,,,1,15,,49519,3,,,1,52,,49539,3,,,1,15,,49559,3,,,1,15,,49579,3,,,1,15,,49520,3,,,1,55,,49540,3,,,1,15,,49560,3,,,1,15,,49580,3,,,1,15,,49521,3,,,1,55,,49541,3,,,1,15,,49561,3,,,1,15,,49581,3,,,1,15,,49522,3,,,1,55,,49542,3,,,1,15,,49562,3,,,1,15,,49582,3,,,1,15,,49523,3,,,1,55,,49543,3,,,1,15,,49563,3,,,1,15,,49583,3,,,1,15,,49524,3,,,1,55,,49544,3,,,1,15,,49564,3,,,1,15,,49584,3,,,1,15,,49525,3,,,1,55,,49545,3,,,1,15,,49565,3,,,1,15,,49585,3,,,1,15,,49526,3,,,1,55,,49546,3,,,1,15,,49566,3,,,1,15,,49586,3,,,1,15,,49527,3,,,1,55,,49547,3,,,1,15,,49567,3,,,1,15,,49587,3,,,1,15,,49528,3,,,1,55,,49548,3,,,1,15,,49568,3,,,1,15,,49588,3,,,1,15,,49529,3,,,1,55,,49549,3,,,1,15,,49569,3,,,1,15,,49589,3,,,1,15,,49530,3,,,1,55,,49550,3,,,1,15,,49570,3,,,1,15,,49590,3,,,1,15,,49531,3,,,1,55,,49551,3,,,1,15,,49571,3,,,1,15,,49591,3,,,1,15,,49532,3,,,1,55,,49552,3,,,1,15,,49572,3,,,1,15,,49592,3,,,1,15,,49533,3,,,1,55,,49553,3,,,1,15,,49573,3,,,1,15,,49593,3,,,1,15,,49534,3,,,1,55,,49554,3,,,1,15,,49574,3,,,1,15,,49594,3,,,1,15,,49535,3,,,1,55,,49555,3,,,1,15,,49575,3,,,1,15,,49595,3,,,1,15,,49536,3,,,1,55,,49556,3,,,1,15,,49576,3,,,1,15,,49596,3,,,1,15,,49537,3,,,1,55,,49557,3,,,1,15,,49577,3,,,1,15,,49597,3,,,1,15,,49538,3,,,1,55,,49558,3,,,1
1,'20261113',542,,49657,3,,,1,15,,49598,3,,,1,52,,49618,3,,,1,15,,49638,3,,,1,15,,49658,3,,,1,15,,49599,3,,,1,55,,49619,3,,,1,15,,49639,3,,,1,15,,49659,3,,,1,15,,49600,3,,,1,55,,49620,3,,,1,15,,49640,3,,,1,15,,49660,3,,,1,15,,49601,3,,,1,55,,49621,3,,,1,15,,49641,3,,,1,15,,49661,3,,,1,15,,49602,3,,,1,55,,49622,3,,,1,15,,49642,3,,,1,15,,49662,3,,,1,15,,49603,3,,,1,55,,49623,3,,,1,15,,49643,3,,,1,15,,49663,3,,,1,15,,49604,3,,,1,55,,49624,3,,,1,15,,49644,3,,,1,15,,49664,3,,,1,15,,49605,3,,,1,55,,49625,3,,,1,15,,49645,3,,,1,15,,49665,3,,,1,15,,49606,3,,,1,55,,49626,3,,,1,15,,49646,3,,,1,15,,49666,3,,,1,15,,49607,3,,,1,55,,49627,3,,,1,15,,49647,3,,,1,15,,49667,3,,,1,15,,49608,3,,,1,55,,49628,3,,,1,15,,49648,3,,,1,15,,49668,3,,,1,15,,49609,3,,,1,55,,49629,3,,,1,15,,49649,3,,,1,15,,49669,3,,,1,15,,49610,3,,,1,55,,49630,3,,,1,15,,49650,3,,,1,15,,49670,3,,,1,15,,49611,3,,,1,55,,49631,3,,,1,15,,49651,3,,,1,15,,49671,3,,,1,15,,49612,3,,,1,55,,49632,3,,,1,15,,49652,3,,,1,15,,49672,3,,,1,15,,49613,3,,,1,55,,49633,3,,,1,15,,49653,3,,,1,15,,49673,3,,,1,15,,49614,3,,,1,55,,49634,3,,,1,15,,49654,3,,,1,15,,49674,3,,,1,15,,49615,3,,,1,55,,49635,3,,,1,15,,49655,3,,,1,15,,49675,3,,,1,15,,49616,3,,,1,55,,49636,3,,,1,15,,49656,3,,,1,15,,49676,3,,,1,15,,49617,3,,,1,55,,49637,3,,,1
1,'20261114',639,,49733,3,,,1,15,,49677,3,,,1,55,,49696,3,,,1,15,,49715,3,,,1,15,,49734,3,,,1,15,,49678,3,,,1,55,,49697,3,,,1,15,,49716,3,,,1,15,,49735,3,,,1,15,,49679,3,,,1,55,,49698,3,,,1,15,,49717,3,,,1,15,,49736,3,,,1,15,,49680,3,,,1,55,,49699,3,,,1,15,,49718,3,,,1,15,,49737,3,,,1,15,,49681,3,,,1,55,,49700,3,,,1,15,,49719,3,,,1,15,,49738,3,,,1,15,,49682,3,,,1,55,,49701,3,,,1,15,,49720,3,,,1,15,,49739,3,,,1,15,,49683,3,,,1,55,,49702,3,,,1,15,,49721,3,,,1,15,,49740,3,,,1,15,,49684,3,,,1,55,,49703,3,,,1,15,,49722,3,,,1,15,,49741,3,,,1,15,,49685,3,,,1,55,,49704,3,,,1,15,,49723,3,,,1,15,,49742,3,,,1,15,,49686,3,,,1,55,,49705,3,,,1,15,,49724,3,,,1,15,,49743,3,,,1,15,,49687,3,,,1,55,,49706,3,,,1,15,,49725,3,,,1,15,,49744,3,,,1,15,,49688,3,,,1,55,,49707,3,,,1,15,,49726,3,,,1,15,,49745,3,,,1,15,,49689,3,,,1,55,,49708,3,,,1,15,,49727,3,,,1,15,,49746,3,,,1,15,,49690,3,,,1,55,,49709,3,,,1,15,,49728,3,,,1,15,,49747,3,,,1,15,,49691,3,,,1,55,,49710,3,,,1,15,,49729,3,,,1,15,,49748,3,,,1,15,,49692,3,,,1,55,,49711,3,,,1,15,,49730,3,,,1,15,,49749,3,,,1,15,,49693,3,,,1,55,,49712,3,,,1,15,,49731,3,,,1,15,,49750,3,,,1,15,,49694,3,,,1,55,,49713,3,,,1,15,,49732,3,,,1,15,,49751,3,,,1,15,,49695,3,,,1,55,,49714,3,,,1
1,'20261115',639,,49808,3,,,1,15,,49752,3,,,1,55,,49771,3,,,1,15,,49790,3,,,1,15,,49809,3,,,1,15,,49753,3,,,1,55,,49772,3,,,1,15,,49791,3,,,1,15,,49810,3,,,1,15,,49754,3,,,1,55,,49773,3,,,1,15,,49792,3,,,1,15,,49811,3,,,1,15,,49755,3,,,1,55,,49774,3,,,1,15,,49793,3,,,1,15,,49812,3,,,1,15,,49756,3,,,1,55,,49775,3,,,1,15,,49794,3,,,1,15,,49813,3,,,1,15,,49757,3,,,1,55,,49776,3,,,1,15,,49795,3,,,1,15,,49814,3,,,1,15,,49758,3,,,1,55,,49777,3,,,1,15,,49796,3,,,1,15,,49815,3,,,1,15,,49759,3,,,1,55,,49778,3,,,1,15,,49797,3,,,1,15,,49816,3,,,1,15,,49760,3,,,1,55,,49779,3,,,1,15,,49798,3,,,1,15,,49817,3,,,1,15,,49761,3,,,1,55,,49780,3,,,1,15,,49799,3,,,1,15,,49818,3,,,1,15,,49762,3,,,1,55,,49781,3,,,1,15,,49800,3,,,1,15,,49819,3,,,1,15,,49763,3,,,1,55,,49782,3,,,1,15,,49801,3,,,1,15,,49820,3,,,1,15,,49764,3,,,1,55,,49783,3,,,1,15,,49802,3,,,1,15,,49821,3,,,1,15,,49765,3,,,1,55,,49784,3,,,1,15,,49803,3,,,1,15,,49822,3,,,1,15,,49766,3,,,1,55,,49785,3,,,1,15,,49804,3,,,1,15,,49823,3,,,1,15,,49767,3,,,1,55,,49786,3,,,1,15,,49805,3,,,1,15,,49824,3,,,1,15,,49768,3,,,1,55,,49787,3,,,1,15,,49806,3,,,1,15,,49825,3,,,1,15,,49769,3,,,1,55,,49788,3,,,1,15,,49807,3,,,1,15,,49826,3,,,1,15,,49770,3,,,1,55,,49789,3,,,1
1,'20261116',639,,49883,3,,,1,15,,49827,3,,,1,55,,49846,3,,,1,15,,49865,3,,,1,15,,49884,3,,,1,15,,49828,3,,,1,55,,49847,3,,,1,15,,49866,3,,,1,15,,49885,3,,,1,15,,49829,3,,,1,55,,49848,3,,,1,15,,49867,3,,,1,15,,49886,3,,,1,15,,49830,3,,,1,55,,49849,3,,,1,15,,49868,3,,,1,15,,49887,3,,,1,15,,49831,3,,,1,55,,49850,3,,,1,15,,49869,3,,,1,15,,49888,3,,,1,15,,49832,3,,,1,55,,49851,3,,,1,15,,49870,3,,,1,15,,49889,3,,,1,15,,49833,3,,,1,55,,49852,3,,,1,15,,49871,3,,,1,15,,49890,3,,,1,15,,49834,3,,,1,55,,49853,3,,,1,15,,49872,3,,,1,15,,49891,3,,,1,15,,49835,3,,,1,55,,49854,3,,,1,15,,49873,3,,,1,15,,49892,3,,,1,15,,49836,3,,,1,55,,49855,3,,,1,15,,49874,3,,,1,15,,49893,3,,,1,15,,49837,3,,,1,55,,49856,3,,,1,15,,49875,3,,,1,15,,49894,3,,,1,15,,49838,3,,,1,55,,49857,3,,,1,15,,49876,3,,,1,15,,49895,3,,,1,15,,49839,3,,,1,55,,49858,3,,,1,15,,49877,3,,,1,15,,49896,3,,,1,15,,49840,3,,,1,55,,49859,3,,,1,15,,49878,3,,,1,15,,49897,3,,,1,15,,49841,3,,,1,55,,49860,3,,,1,15,,49879,3,,,1,15,,49898,3,,,1,15,,49842,3,,,1,55,,49861,3,,,1,15,,49880,3,,,1,15,,49899,3,,,1,15,,49843,3,,,1,55,,49862,3,,,1,15,,49881,3,,,1,15,,49900,3,,,1,15,,49844,3,,,1,55,,49863,3,,,1,15,,49882,3,,,1,15,,49901,3,,,1,15,,49845,3,,,1,55,,49864,3,,,1
1,'20261117',542,,49961,3,,,1,15,,49902,3,,,1,52,,49922,3,,,1,15,,49942,3,,,1,15,,49962,3,,,1,15,,49903,3,,,1,55,,49923,3,,,1,15,,49943,3,,,1,15,,49963,3,,,1,15,,49904,3,,,1,55,,49924,3,,,1,15,,49944,3,,,1,15,,49964,3,,,1,15,,49905,3,,,1,55,,49925,3,,,1,15,,49945,3,,,1,15,,49965,3,,,1,15,,49906,3,,,1,55,,49926,3,,,1,15,,49946,3,,,1,15,,49966,3,,,1,15,,49907,3,,,1,55,,49927,3,,,1,15,,49947,3,,,1,15,,49967,3,,,1,15,,49908,3,,,1,55,,49928,3,,,1,15,,49948,3,,,1,15,,49968,3,,,1,15,,49909,3,,,1,55,,49929,3,,,1,15,,49949,3,,,1,15,,49969,3,,,1,15,,49910,3,,,1,55,,49930,3,,,1,15,,49950,3,,,1,15,,49970,3,,,1,15,,49911,3,,,1,55,,49931,3,,,1,15,,49951,3,,,1,15,,49971,3,,,1,15,,49912,3,,,1,55,,49932,3,,,1,15,,49952,3,,,1,15,,49972,3,,,1,15,,49913,3,,,1,55,,49933,3,,,1,15,,49953,3,,,1,15,,49973,3,,,1,15,,49914,3,,,1,55,,49934,3,,,1,15,,49954,3,,,1,15,,49974,3,,,1,15,,49915,3,,,1,55,,49935,3,,,1,15,,49955,3,,,1,15,,49975,3,,,1,15,,49916,3,,,1,55,,49936,3,,,1,15,,49956,3,,,1,15,,49976,3,,,1,15,,49917,3,,,1,55,,49937,3,,,1,15,,49957,3,,,1,15,,49977,3,,,1,15,,49918,3,,,1,55,,49938,3,,,1,15,,49958,3,,,1,15,,49978,3,,,1,15,,49919,3,,,1,55,,49939,3,,,1,15,,49959,3,,,1,15,,49979,3,,,1,15,,49920,3,,,1,55,,49940,3,,,1,15,,49960,3,,,1,15,,49980,3,,,1,15,,49921,3,,,1,55,,49941,3,,,1
1,'20261118',542,,50040,3,,,1,15,,49981,3,,,1,52,,50001,3,,,1,15,,50021,3,,,1,15,,50041,3,,,1,15,,49982,3,,,1,55,,50002,3,,,1,15,,50022,3,,,1,15,,50042,3,,,1,15,,49983,3,,,1,55,,50003,3,,,1,15,,50023,3,,,1,15,,50043,3,,,1,15,,49984,3,,,1,55,,50004,3,,,1,15,,50024,3,,,1,15,,50044,3,,,1,15,,49985,3,,,1,55,,50005,3,,,1,15,,50025,3,,,1,15,,50045,3,,,1,15,,49986,3,,,1,55,,50006,3,,,1,15,,50026,3,,,1,15,,50046,3,,,1,15,,49987,3,,,1,55,,50007,3,,,1,15,,50027,3,,,1,15,,50047,3,,,1,15,,49988,3,,,1,55,,50008,3,,,1,15,,50028,3,,,1,15,,50048,3,,,1,15,,49989,3,,,1,55,,50009,3,,,1,15,,50029,3,,,1,15,,50049,3,,,1,15,,49990,3,,,1,55,,50010,3,,,1,15,,50030,3,,,1,15,,50050,3,,,1,15,,49991,3,,,1,55,,50011,3,,,1,15,,50031,3,,,1,15,,50051,3,,,1,15,,49992,3,,,1,55,,50012,3,,,1,15,,50032,3,,,1,15,,50052,3,,,1,15,,49993,3,,,1,55,,50013,3,,,1,15,,50033,3,,,1,15,,50053,3,,,1,15,,49994,3,,,1,55,,50014,3,,,1,15,,50034,3,,,1,15,,50054,3,,,1,15,,49995,3,,,1,55,,50015,3,,,1,15,,50035,3,,,1,15,,50055,3,,,1,15,,49996,3,,,1,55,,50016,3,,,1,15,,50036,3,,,1,15,,50056,3,,,1,15,,49997,3,,,1,55,,50017,3,,,1,15,,50037,3,,,1,15,,50057,3,,,1,15,,49998,3,,,1,55,,50018,3,,,1,15,,50038,3,,,1,15,,50058,3,,,1,15,,49999,3,,,1,55,,50019,3,,,1,15,,50039,3,,,1,15,,50059,3,,,1,15,,50000,3,,,1,55,,50020,3,,,1
1,'20261119',542,,50119,3,,,1,15,,50060,3,,,1,52,,50080,3,,,1,15,,50100,3,,,1,15,,50120,3,,,1,15,,50061,3,,,1,55,,50081,3,,,1,15,,50101,3,,,1,15,,50121,3,,,1,15,,50062,3,,,1,55,,50082,3,,,1,15,,50102,3,,,1,15,,50122,3,,,1,15,,50063,3,,,1,55,,50083,3,,,1,15,,50103,3,,,1,15,,50123,3,,,1,15,,50064,3,,,1,55,,50084,3,,,1,15,,50104,3,,,1,15,,50124,3,,,1,15,,50065,3,,,1,55,,50085,3,,,1,15,,50105,3,,,1,15,,50125,3,,,1,15,,50066,3,,,1,55,,50086,3,,,1,15,,50106,3,,,1,15,,50126,3,,,1,15,,50067,3,,,1,55,,50087,3,,,1,15,,50107,3,,,1,15,,50127,3,,,1,15,,50068,3,,,1,55,,50088,3,,,1,15,,50108,3,,,1,15,,50128,3,,,1,15,,50069,3,,,1,55,,50089,3,,,1,15,,50109,3,,,1,15,,50129,3,,,1,15,,50070,3,,,1,55,,50090,3,,,1,15,,50110,3,,,1,15,,50130,3,,,1,15,,50071,3,,,1,55,,50091,3,,,1,15,,50111,3,,,1,15,,50131,3,,,1,15,,50072,3,,,1,55,,50092,3,,,1,15,,50112,3,,,1,15,,50132,3,,,1,15,,50073,3,,,1,55,,50093,3,,,1,15,,50113,3,,,1,15,,50133,3,,,1,15,,50074,3,,,1,55,,50094,3,,,1,15,,50114,3,,,1,15,,50134,3,,,1,15,,50075,3,,,1,55,,50095,3,,,1,15,,50115,3,,,1,15,,50135,3,,,1,15,,50076,3,,,1,55,,50096,3,,,1,15,,50116,3,,,1,15,,50136,3,,,1,15,,50077,3,,,1,55,,50097,3,,,1,15,,50117,3,,,1,15,,50137,3,,,1,15,,50078,3,,,1,55,,50098,3,,,1,15,,50118,3,,,1,15,,50138,3,,,1,15,,50079,3,,,1,55,,50099,3,,,1
1,'20261120',542,,50198,3,,,1,15,,50139,3,,,1,52,,50159,3,,,1,15,,50179,3,,,1,15,,50199,3,,,1,15,,50140,3,,,1,55,,50160,3,,,1,15,,50180,3,,,1,15,,50200,3,,,1,15,,50141,3,,,1,55,,50161,3,,,1,15,,50181,3,,,1,15,,50201,3,,,1,15,,50142,3,,,1,55,,50162,3,,,1,15,,50182,3,,,1,15,,50202,3,,,1,15,,50143,3,,,1,55,,50163,3,,,1,15,,50183,3,,,1,15,,50203,3,,,1,15,,50144,3,,,1,55,,50164,3,,,1,15,,50184,3,,,1,15,,50204,3,,,1,15,,50145,3,,,1,55,,50165,3,,,1,15,,50185,3,,,1,15,,50205,3,,,1,15,,50146,3,,,1,55,,50166,3,,,1,15,,50186,3,,,1,15,,50206,3,,,1,15,,50147,3,,,1,55,,50167,3,,,1,15,,50187,3,,,1,15,,50207,3,,,1,15,,50148,3,,,1,55,,50168,3,,,1,15,,50188,3,,,1,15,,50208,3,,,1,15,,50149,3,,,1,55,,50169,3,,,1,15,,50189,3,,,1,15,,50209,3,,,1,15,,50150,3,,,1,55,,50170,3,,,1,15,,50190,3,,,1,15,,50210,3,,,1,15,,50151,3,,,1,55,,50171,3,,,1,15,,50191,3,,,1,15,,50211,3,,,1,15,,50152,3,,,1,55,,50172,3,,,1,15,,50192,3,,,1,15,,50212,3,,,1,15,,50153,3,,,1,55,,50173,3,,,1,15,,50193,3,,,1,15,,50213,3,,,1,15,,50154,3,,,1,55,,50174,3,,,1,15,,50194,3,,,1,15,,50214,3,,,1,15,,50155,3,,,1,55,,50175,3,,,1,15,,50195,3,,,1,15,,50215,3,,,1,15,,50156,3,,,1,55,,50176,3,,,1,15,,50196,3,,,1,15,,50216,3,,,1,15,,50157,3,,,1,55,,50177,3,,,1,15,,50197,3,,,1,15,,50217,3,,,1,15,,50158,3,,,1,55,,50178,3,,,1
1,'20261121',639,,50274,3,,,1,15,,50218,3,,,1,55,,50237,3,,,1,15,,50256,3,,,1,15,,50275,3,,,1,15,,50219,3,,,1,55,,50238,3,,,1,15,,50257,3,,,1,15,,50276,3,,,1,15,,50220,3,,,1,55,,50239,3,,,1,15,,50258,3,,,1,15,,50277,3,,,1,15,,50221,3,,,1,55,,50240,3,,,1,15,,50259,3,,,1,15,,50278,3,,,1,15,,50222,3,,,1,55,,50241,3,,,1,15,,50260,3,,,1,15,,50279,3,,,1,15,,50223,3,,,1,55,,50242,3,,,1,15,,50261,3,,,1,15,,50280,3,,,1,15,,50224,3,,,1,55,,50243,3,,,1,15,,50262,3,,,1,15,,50281,3,,,1,15,,50225,3,,,1,55,,50244,3,,,1,15,,50263,3,,,1,15,,50282,3,,,1,15,,50226,3,,,1,55,,50245,3,,,1,15,,50264,3,,,1,15,,50283,3,,,1,15,,50227,3,,,1,55,,50246,3,,,1,15,,50265,3,,,1,15,,50284,3,,,1,15,,50228,3,,,1,55,,50247,3,,,1,15,,50266,3,,,1,15,,50285,3,,,1,15,,50229,3,,,1,55,,50248,3,,,1,15,,50267,3,,,1,15,,50286,3,,,1,15,,50230,3,,,1,55,,50249,3,,,1,15,,50268,3,,,1,15,,50287,3,,,1,15,,50231,3,,,1,55,,50250,3,,,1,15,,50269,3,,,1,15,,50288,3,,,1,15,,50232,3,,,1,55,,50251,3,,,1,15,,50270,3,,,1,15,,50289,3,,,1,15,,50233,3,,,1,55,,50252,3,,,1,15,,50271,3,,,1,15,,50290,3,,,1,15,,50234,3,,,1,55,,50253,3,,,1,15,,50272,3,,,1,15,,50291,3,,,1,15,,50235,3,,,1,55,,50254,3,,,1,15,,50273,3,,,1,15,,50292,3,,,1,15,,50236,3,,,1,55,,50255,3,,,1
1,'20261122',639,,50349,3,,,1,15,,50293,3,,,1,55,,50312,3,,,1,15,,50331,3,,,1,15,,50350,3,,,1,15,,50294,3,,,1,55,,50313,3,,,1,15,,50332,3,,,1,15,,50351,3,,,1,15,,50295,3,,,1,55,,50314,3,,,1,15,,50333,3,,,1,15,,50352,3,,,1,15,,50296,3,,,1,55,,50315,3,,,1,15,,50334,3,,,1,15,,50353,3,,,1,15,,50297,3,,,1,55,,50316,3,,,1,15,,50335,3,,,1,15,,50354,3,,,1,15,,50298,3,,,1,55,,50317,3,,,1,15,,50336,3,,,1,15,,50355,3,,,1,15,,50299,3,,,1,55,,50318,3,,,1,15,,50337,3,,,1,15,,50356,3,,,1,15,,50300,3,,,1,55,,50319,3,,,1,15,,50338,3,,,1,15,,50357,3,,,1,15,,50301,3,,,1,55,,50320,3,,,1,15,,50339,3,,,1,15,,50358,3,,,1,15,,50302,3,,,1,55,,50321,3,,,1,15,,50340,3,,,1,15,,50359,3,,,1,15,,50303,3,,,1,55,,50322,3,,,1,15,,50341,3,,,1,15,,50360,3,,,1,15,,50304,3,,,1,55,,50323,3,,,1,15,,50342,3,,,1,15,,50361,3,,,1,15,,50305,3,,,1,55,,50324,3,,,1,15,,50343,3,,,1,15,,50362,3,,,1,15,,50306,3,,,1,55,,50325,3,,,1,15,,50344,3,,,1,15,,50363,3,,,1,15,,50307,3,,,1,55,,50326,3,,,1,15,,50345,3,,,1,15,,50364,3,,,1,15,,50308,3,,,1,55,,50327,3,,,1,15,,50346,3,,,1,15,,50365,3,,,1,15,,50309,3,,,1,55,,50328,3,,,1,15,,50347,3,,,1,15,,50366,3,,,1,15,,50310,3,,,1,55,,50329,3,,,1,15,,50348,3,,,1,15,,50367,3,,,1,15,,50311,3,,,1,55,,50330,3,,,1
1,'20261123',639,,50424,3,,,1,15,,50368,3,,,1,55,,50387,3,,,1,15,,50406,3,,,1,15,,50425,3,,,1,15,,50369,3,,,1,55,,50388,3,,,1,15,,50407,3,,,1,15,,50426,3,,,1,15,,50370,3,,,1,55,,50389,3,,,1,15,,50408,3,,,1,15,,50427,3,,,1,15,,50371,3,,,1,55,,50390,3,,,1,15,,50409,3,,,1,15,,50428,3,,,1,15,,50372,3,,,1,55,,50391,3,,,1,15,,50410,3,,,1,15,,50429,3,,,1,15,,50373,3,,,1,55,,50392,3,,,1,15,,50411,3,,,1,15,,50430,3,,,1,15,,50374,3,,,1,55,,50393,3,,,1,15,,50412,3,,,1,15,,50431,3,,,1,15,,50375,3,,,1,55,,50394,3,,,1,15,,50413,3,,,1,15,,50432,3,,,1,15,,50376,3,,,1,55,,50395,3,,,1,15,,50414,3,,,1,15,,50433,3,,,1,15,,50377,3,,,1,55,,50396,3,,,1,15,,50415,3,,,1,15,,50434,3,,,1,15,,50378,3,,,1,55,,50397,3,,,1,15,,50416,3,,,1,15,,50435,3,,,1,15,,50379,3,,,1,55,,50398,3,,,1,15,,50417,3,,,1,15,,50436,3,,,1,15,,50380,3,,,1,55,,50399,3,,,1,15,,50418,3,,,1,15,,50437,3,,,1,15,,50381,3,,,1,55,,50400,3,,,1,15,,50419,3,,,1,15,,50438,3,,,1,15,,50382,3,,,1,55,,50401,3,,,1,15,,50420,3,,,1,15,,50439,3,,,1,15,,50383,3,,,1,55,,50402,3,,,1,15,,50421,3,,,1,15,,50440,3,,,1,15,,50384,3,,,1,55,,50403,3,,,1,15,,50422,3,,,1,15,,50441,3,,,1,15,,50385,3,,,1,55,,50404,3,,,1,15,,50423,3,,,1,15,,50442,3,,,1,15,,50386,3,,,1,55,,50405,3,,,1
1,'20261124',542,,50502,3,,,1,15,,50443,3,,,1,52,,50463,3,,,1,15,,50483,3,,,1,15,,50503,3,,,1,15,,50444,3,,,1,55,,50464,3,,,1,15,,50484,3,,,1,15,,50504,3,,,1,15,,50445,3,,,1,55,,50465,3,,,1,15,,50485,3,,,1,15,,50505,3,,,1,15,,50446,3,,,1,55,,50466,3,,,1,15,,50486,3,,,1,15,,50506,3,,,1,15,,50447,3,,,1,55,,50467,3,,,1,15,,50487,3,,,1,15,,50507,3,,,1,15,,50448,3,,,1,55,,50468,3,,,1,15,,50488,3,,,1,15,,50508,3,,,1,15,,50449,3,,,1,55,,50469,3,,,1,15,,50489,3,,,1,15,,50509,3,,,1,15,,50450,3,,,1,55,,50470,3,,,1,15,,50490,3,,,1,15,,50510,3,,,1,15,,50451,3,,,1,55,,50471,3,,,1,15,,50491,3,,,1,15,,50511,3,,,1,15,,50452,3,,,1,55,,50472,3,,,1,15,,50492,3,,,1,15,,50512,3,,,1,15,,50453,3,,,1,55,,50473,3,,,1,15,,50493,3,,,1,15,,50513,3,,,1,15,,50454,3,,,1,55,,50474,3,,,1,15,,50494,3,,,1,15,,50514,3,,,1,15,,50455,3,,,1,55,,50475,3,,,1,15,,50495,3,,,1,15,,50515,3,,,1,15,,50456,3,,,1,55,,50476,3,,,1,15,,50496,3,,,1,15,,50516,3,,,1,15,,50457,3,,,1,55,,50477,3,,,1,15,,50497,3,,,1,15,,50517,3,,,1,15,,50458,3,,,1,55,,50478,3,,,1,15,,50498,3,,,1,15,,50518,3,,,1,15,,50459,3,,,1,55,,50479,3,,,1,15,,50499,3,,,1,15,,50519,3,,,1,15,,50460,3,,,1,55,,50480,3,,,1,15,,50500,3,,,1,15,,50520,3,,,1,15,,50461,3,,,1,55,,50481,3,,,1,15,,50501,3,,,1,15,,50521,3,,,1,15,,50462,3,,,1,55,,50482,3,,,1
1,'20261125',542,,50581,3,,,1,15,,50522,3,,,1,52,,50542,3,,,1,15,,50562,3,,,1,15,,50582,3,,,1,15,,50523,3,,,1,55,,50543,3,,,1,15,,50563,3,,,1,15,,50583,3,,,1,15,,50524,3,,,1,55,,50544,3,,,1,15,,50564,3,,,1,15,,50584,3,,,1,15,,50525,3,,,1,55,,50545,3,,,1,15,,50565,3,,,1,15,,50585,3,,,1,15,,50526,3,,,1,55,,50546,3,,,1,15,,50566,3,,,1,15,,50586,3,,,1,15,,50527,3,,,1,55,,50547,3,,,1,15,,50567,3,,,1,15,,50587,3,,,1,15,,50528,3,,,1,55,,50548,3,,,1,15,,50568,3,,,1,15,,50588,3,,,1,15,,50529,3,,,1,55,,50549,3,,,1,15,,50569,3,,,1,15,,50589,3,,,1,15,,50530,3,,,1,55,,50550,3,,,1,15,,50570,3,,,1,15,,50590,3,,,1,15,,50531,3,,,1,55,,50551,3,,,1,15,,50571,3,,,1,15,,50591,3,,,1,15,,50532,3,,,1,55,,50552,3,,,1,15,,50572,3,,,1,15,,50592,3,,,1,15,,50533,3,,,1,55,,50553,3,,,1,15,,50573,3,,,1,15,,50593,3,,,1,15,,50534,3,,,1,55,,50554,3,,,1,15,,50574,3,,,1,15,,50594,3,,,1,15,,50535,3,,,1,55,,50555,3,,,1,15,,50575,3,,,1,15,,50595,3,,,1,15,,50536,3,,,1,55,,50556,3,,,1,15,,50576,3,,,1,15,,50596,3,,,1,15,,50537,3,,,1,55,,50557,3,,,1,15,,50577,3,,,1,15,,50597,3,,,1,15,,50538,3,,,1,55,,50558,3,,,1,15,,50578,3,,,1,15,,50598,3,,,1,15,,50539,3,,,1,55,,50559,3,,,1,15,,50579,3,,,1,15,,50599,3,,,1,15,,50540,3,,,1,55,,50560,3,,,1,15,,50580,3,,,1,15,,50600,3,,,1,15,,50541,3,,,1,55,,50561,3,,,1
1,'20261126',542,,50660,3,,,1,15,,50601,3,,,1,52,,50621,3,,,1,15,,50641,3,,,1,15,,50661,3,,,1,15,,50602,3,,,1,55,,50622,3,,,1,15,,50642,3,,,1,15,,50662,3,,,1,15,,50603,3,,,1,55,,50623,3,,,1,15,,50643,3,,,1,15,,50663,3,,,1,15,,50604,3,,,1,55,,50624,3,,,1,15,,50644,3,,,1,15,,50664,3,,,1,15,,50605,3,,,1,55,,50625,3,,,1,15,,50645,3,,,1,15,,50665,3,,,1,15,,50606,3,,,1,55,,50626,3,,,1,15,,50646,3,,,1,15,,50666,3,,,1,15,,50607,3,,,1,55,,50627,3,,,1,15,,50647,3,,,1,15,,50667,3,,,1,15,,50608,3,,,1,55,,50628,3,,,1,15,,50648,3,,,1,15,,50668,3,,,1,15,,50609,3,,,1,55,,50629,3,,,1,15,,50649,3,,,1,15,,50669,3,,,1,15,,50610,3,,,1,55,,50630,3,,,1,15,,50650,3,,,1,15,,50670,3,,,1,15,,50611,3,,,1,55,,50631,3,,,1,15,,50651,3,,,1,15,,50671,3,,,1,15,,50612,3,,,1,55,,50632,3,,,1,15,,50652,3,,,1,15,,50672,3,,,1,15,,50613,3,,,1,55,,50633,3,,,1,15,,50653,3,,,1,15,,50673,3,,,1,15,,50614,3,,,1,55,,50634,3,,,1,15,,50654,3,,,1,15,,50674,3,,,1,15,,50615,3,,,1,55,,50635,3,,,1,15,,50655,3,,,1,15,,50675,3,,,1,15,,50616,3,,,1,55,,50636,3,,,1,15,,50656,3,,,1,15,,50676,3,,,1,15,,50617,3,,,1,55,,50637,3,,,1,15,,50657,3,,,1,15,,50677,3,,,1,15,,50618,3,,,1,55,,50638,3,,,1,15,,50658,3,,,1,15,,50678,3,,,1,15,,50619,3,,,1,55,,50639,3,,,1,15,,50659,3,,,1,15,,50679,3,,,1,15,,50620,3,,,1,55,,50640,3,,,1
1,'20261127',542,,50739,3,,,1,15,,50680,3,,,1,52,,50700,3,,,1,15,,50720,3,,,1,15,,50740,3,,,1,15,,50681,3,,,1,55,,50701,3,,,1,15,,50721,3,,,1,15,,50741,3,,,1,15,,50682,3,,,1,55,,50702,3,,,1,15,,50722,3,,,1,15,,50742,3,,,1,15,,50683,3,,,1,55,,50703,3,,,1,15,,50723,3,,,1,15,,50743,3,,,1,15,,50684,3,,,1,55,,50704,3,,,1,15,,50724,3,,,1,15,,50744,3,,,1,15,,50685,3,,,1,55,,50705,3,,,1,15,,50725,3,,,1,15,,50745,3,,,1,15,,50686,3,,,1,55,,50706,3,,,1,15,,50726,3,,,1,15,,50746,3,,,1,15,,50687,3,,,1,55,,50707,3,,,1,15,,50727,3,,,1,15,,50747,3,,,1,15,,50688,3,,,1,55,,50708,3,,,1,15,,50728,3,,,1,15,,50748,3,,,1,15,,50689,3,,,1,55,,50709,3,,,1,15,,50729,3,,,1,15,,50749,3,,,1,15,,50690,3,,,1,55,,50710,3,,,1,15,,50730,3,,,1,15,,50750,3,,,1,15,,50691,3,,,1,55,,50711,3,,,1,15,,50731,3,,,1,15,,50751,3,,,1,15,,50692,3,,,1,55,,50712,3,,,1,15,,50732,3,,,1,15,,50752,3,,,1,15,,50693,3,,,1,55,,50713,3,,,1,15,,50733,3,,,1,15,,50753,3,,,1,15,,50694,3,,,1,55,,50714,3,,,1,15,,50734,3,,,1,15,,50754,3,,,1,15,,50695,3,,,1,55,,50715,3,,,1,15,,50735,3,,,1,15,,50755,3,,,1,15,,50696,3,,,1,55,,50716,3,,,1,15,,50736,3,,,1,15,,50756,3,,,1,15,,50697,3,,,1,55,,50717,3,,,1,15,,50737,3,,,1,15,,50757,3,,,1,15,,50698,3,,,1,55,,50718,3,,,1,15,,50738,3,,,1,15,,50758,3,,,1,15,,50699,3,,,1,55,,50719,3,,,1
1,'20261128',639,,50815,3,,,1,15,,50759,3,,,1,55,,50778,3,,,1,15,,50797,3,,,1,15,,50816,3,,,1,15,,50760,3,,,1,55,,50779,3,,,1,15,,50798,3,,,1,15,,50817,3,,,1,15,,50761,3,,,1,55,,50780,3,,,1,15,,50799,3,,,1,15,,50818,3,,,1,15,,50762,3,,,1,55,,50781,3,,,1,15,,50800,3,,,1,15,,50819,3,,,1,15,,50763,3,,,1,55,,50782,3,,,1,15,,50801,3,,,1,15,,50820,3,,,1,15,,50764,3,,,1,55,,50783,3,,,1,15,,50802,3,,,1,15,,50821,3,,,1,15,,50765,3,,,1,55,,50784,3,,,1,15,,50803,3,,,1,15,,50822,3,,,1,15,,50766,3,,,1,55,,50785,3,,,1,15,,50804,3,,,1,15,,50823,3,,,1,15,,50767,3,,,1,55,,50786,3,,,1,15,,50805,3,,,1,15,,50824,3,,,1,15,,50768,3,,,1,55,,50787,3,,,1,15,,50806,3,,,1,15,,50825,3,,,1,15,,50769,3,,,1,55,,50788,3,,,1,15,,50807,3,,,1,15,,50826,3,,,1,15,,50770,3,,,1,55,,50789,3,,,1,15,,50808,3,,,1,15,,50827,3,,,1,15,,50771,3,,,1,55,,50790,3,,,1,15,,50809,3,,,1,15,,50828,3,,,1,15,,50772,3,,,1,55,,50791,3,,,1,15,,50810,3,,,1,15,,50829,3,,,1,15,,50773,3,,,1,55,,50792,3,,,1,15,,50811,3,,,1,15,,50830,3,,,1,15,,50774,3,,,1,55,,50793,3,,,1,15,,50812,3,,,1,15,,50831,3,,,1,15,,50775,3,,,1,55,,50794,3,,,1,15,,50813,3,,,1,15,,50832,3,,,1,15,,50776,3,,,1,55,,50795,3,,,1,15,,50814,3,,,1,15,,50833,3,,,1,15,,50777,3,,,1,55,,50796,3,,,1
1,'20261129',639,,50890,3,,,1,15,,50834,3,,,1,55,,50853,3,,,1,15,,50872,3,,,1,15,,50891,3,,,1,15,,50835,3,,,1,55,,50854,3,,,1,15,,50873,3,,,1,15,,50892,3,,,1,15,,50836,3,,,1,55,,50855,3,,,1,15,,50874,3,,,1,15,,50893,3,,,1,15,,50837,3,,,1,55,,50856,3,,,1,15,,50875,3,,,1,15,,50894,3,,,1,15,,50838,3,,,1,55,,50857,3,,,1,15,,50876,3,,,1,15,,50895,3,,,1,15,,50839,3,,,1,55,,50858,3,,,1,15,,50877,3,,,1,15,,50896,3,,,1,15,,50840,3,,,1,55,,50859,3,,,1,15,,50878,3,,,1,15,,50897,3,,,1,15,,50841,3,,,1,55,,50860,3,,,1,15,,50879,3,,,1,15,,50898,3,,,1,15,,50842,3,,,1,55,,50861,3,,,1,15,,50880,3,,,1,15,,50899,3,,,1,15,,50843,3,,,1,55,,50862,3,,,1,15,,50881,3,,,1,15,,50900,3,,,1,15,,50844,3,,,1,55,,50863,3,,,1,15,,50882,3,,,1,15,,50901,3,,,1,15,,50845,3,,,1,55,,50864,3,,,1,15,,50883,3,,,1,15,,50902,3,,,1,15,,50846,3,,,1,55,,50865,3,,,1,15,,50884,3,,,1,15,,50903,3,,,1,15,,50847,3,,,1,55,,50866,3,,,1,15,,50885,3,,,1,15,,50904,3,,,1,15,,50848,3,,,1,55,,50867,3,,,1,15,,50886,3,,,1,15,,50905,3,,,1,15,,50849,3,,,1,55,,50868,3,,,1,15,,50887,3,,,1,15,,50906,3,,,1,15,,50850,3,,,1,55,,50869,3,,,1,15,,50888,3,,,1,15,,50907,3,,,1,15,,50851,3,,,1,55,,50870,3,,,1,15,,50889,3,,,1,15,,50908,3,,,1,15,,50852,3,,,1,55,,50871,3,,,1
1,'20261130',639,,50965,3,,,1,15,,50909,3,,,1,55,,50928,3,,,1,15,,50947,3,,,1,15,,50966,3,,,1,15,,50910,3,,,1,55,,50929,3,,,1,15,,50948,3,,,1,15,,50967,3,,,1,15,,50911,3,,,1,55,,50930,3,,,1,15,,50949,3,,,1,15,,50968,3,,,1,15,,50912,3,,,1,55,,50931,3,,,1,15,,50950,3,,,1,15,,50969,3,,,1,15,,50913,3,,,1,55,,50932,3,,,1,15,,50951,3,,,1,15,,50970,3,,,1,15,,50914,3,,,1,55,,50933,3,,,1,15,,50952,3,,,1,15,,50971,3,,,1,15,,50915,3,,,1,55,,50934,3,,,1,15,,50953,3,,,1,15,,50972,3,,,1,15,,50916,3,,,1,55,,50935,3,,,1,15,,50954,3,,,1,15,,50973,3,,,1,15,,50917,3,,,1,55,,50936,3,,,1,15,,50955,3,,,1,15,,50974,3,,,1,15,,50918,3,,,1,55,,50937,3,,,1,15,,50956,3,,,1,15,,50975,3,,,1,15,,50919,3,,,1,55,,50938,3,,,1,15,,50957,3,,,1,15,,50976,3,,,1,15,,50920,3,,,1,55,,50939,3,,,1,15,,50958,3,,,1,15,,50977,3,,,1,15,,50921,3,,,1,55,,50940,3,,,1,15,,50959,3,,,1,15,,50978,3,,,1,15,,50922,3,,,1,55,,50941,3,,,1,15,,50960,3,,,1,15,,50979,3,,,1,15,,50923,3,,,1,55,,50942,3,,,1,15,,50961,3,,,1,15,,50980,3,,,1,15,,50924,3,,,1,55,,50943,3,,,1,15,,50962,3,,,1,15,,50981,3,,,1,15,,50925,3,,,1,55,,50944,3,,,1,15,,50963,3,,,1,15,,50982,3,,,1,15,,50926,3,,,1,55,,50945,3,,,1,15,,50964,3,,,1,15,,50983,3,,,1,15,,50927,3,,,1,55,,50946,3,,,1
1,'20261201',542,,51043,3,,,1,15,,50984,3,,,1,52,,51004,3,,,1,15,,51024,3,,,1,15,,51044,3,,,1,15,,50985,3,,,1,55,,51005,3,,,1,15,,51025,3,,,1,15,,51045,3,,,1,15,,50986,3,,,1,55,,51006,3,,,1,15,,51026,3,,,1,15,,51046,3,,,1,15,,50987,3,,,1,55,,51007,3,,,1,15,,51027,3,,,1,15,,51047,3,,,1,15,,50988,3,,,1,55,,51008,3,,,1,15,,51028,3,,,1,15,,51048,3,,,1,15,,50989,3,,,1,55,,51009,3,,,1,15,,51029,3,,,1,15,,51049,3,,,1,15,,50990,3,,,1,55,,51010,3,,,1,15,,51030,3,,,1,15,,51050,3,,,1,15,,50991,3,,,1,55,,51011,3,,,1,15,,51031,3,,,1,15,,51051,3,,,1,15,,50992,3,,,1,55,,51012,3,,,1,15,,51032,3,,,1,15,,51052,3,,,1,15,,50993,3,,,1,55,,51013,3,,,1,15,,51033,3,,,1,15,,51053,3,,,1,15,,50994,3,,,1,55,,51014,3,,,1,15,,51034,3,,,1,15,,51054,3,,,1,15,,50995,3,,,1,55,,51015,3,,,1,15,,51035,3,,,1,15,,51055,3,,,1,15,,50996,3,,,1,55,,51016,3,,,1,15,,51036,3,,,1,15,,51056,3,,,1,15,,50997,3,,,1,55,,51017,3,,,1,15,,51037,3,,,1,15,,51057,3,,,1,15,,50998,3,,,1,55,,51018,3,,,1,15,,51038,3,,,1,15,,51058,3,,,1,15,,50999,3,,,1,55,,51019,3,,,1,15,,51039,3,,,1,15,,51059,3,,,1,15,,51000,3,,,1,55,,51020,3,,,1,15,,51040,3,,,1,15,,51060,3,,,1,15,,51001,3,,,1,55,,51021,3,,,1,15,,51041,3,,,1,15,,51061,3,,,1,15,,51002,3,,,1,55,,51022,3,,,1,15,,51042,3,,,1,15,,51062,3,,,1,15,,51003,3,,,1,55,,51023,3,,,1
1,'20261202',542,,51122,3,,,1,15,,51063,3,,,1,52,,51083,3,,,1,15,,51103,3,,,1,15,,51123,3,,,1,15,,51064,3,,,1,55,,51084,3,,,1,15,,51104,3,,,1,15,,51124,3,,,1,15,,51065,3,,,1,55,,51085,3,,,1,15,,51105,3,,,1,15,,51125,3,,,1,15,,51066,3,,,1,55,,51086,3,,,1,15,,51106,3,,,1,15,,51126,3,,,1,15,,51067,3,,,1,55,,51087,3,,,1,15,,51107,3,,,1,15,,51127,3,,,1,15,,51068,3,,,1,55,,51088,3,,,1,15,,51108,3,,,1,15,,51128,3,,,1,15,,51069,3,,,1,55,,51089,3,,,1,15,,51109,3,,,1,15,,51129,3,,,1,15,,51070,3,,,1,55,,51090,3,,,1,15,,51110,3,,,1,15,,51130,3,,,1,15,,51071,3,,,1,55,,51091,3,,,1,15,,51111,3,,,1,15,,51131,3,,,1,15,,51072,3,,,1,55,,51092,3,,,1,15,,51112,3,,,1,15,,51132,3,,,1,15,,51073,3,,,1,55,,51093,3,,,1,15,,51113,3,,,1,15,,51133,3,,,1,15,,51074,3,,,1,55,,51094,3,,,1,15,,51114,3,,,1,15,,51134,3,,,1,15,,51075,3,,,1,55,,51095,3,,,1,15,,51115,3,,,1,15,,51135,3,,,1,15,,51076,3,,,1,55,,51096,3,,,1,15,,51116,3,,,1,15,,51136,3,,,1,15,,51077,3,,,1,55,,51097,3,,,1,15,,51117,3,,,1,15,,51137,3,,,1,15,,51078,3,,,1,55,,51098,3,,,1,15,,51118,3,,,1,15,,51138,3,,,1,15,,51079,3,,,1,55,,51099,3,,,1,15,,51119,3,,,1,15,,51139,3,,,1,15,,51080,3,,,1,55,,51100,3,,,1,15,,51120,3,,,1,15,,51140,3,,,1,15,,51081,3,,,1,55,,51101,3,,,1,15,,51121,3,,,1,15,,51141,3,,,1,15,,51082,3,,,1,55,,51102,3,,,1
1,'20261203',542,,51201,3,,,1,15,,51142,3,,,1,52,,51162,3,,,1,15,,51182,3,,,1,15,,51202,3,,,1,15,,51143,3,,,1,55,,51163,3,,,1,15,,51183,3,,,1,15,,51203,3,,,1,15,,51144,3,,,1,55,,51164,3,,,1,15,,51184,3,,,1,15,,51204,3,,,1,15,,51145,3,,,1,55,,51165,3,,,1,15,,51185,3,,,1,15,,51205,3,,,1,15,,51146,3,,,1,55,,51166,3,,,1,15,,51186,3,,,1,15,,51206,3,,,1,15,,51147,3,,,1,55,,51167,3,,,1,15,,51187,3,,,1,15,,51207,3,,,1,15,,51148,3,,,1,55,,51168,3,,,1,15,,51188,3,,,1,15,,51208,3,,,1,15,,51149,3,,,1,55,,51169,3,,,1,15,,51189,3,,,1,15,,51209,3,,,1,15,,51150,3,,,1,55,,51170,3,,,1,15,,51190,3,,,1,15,,51210,3,,,1,15,,51151,3,,,1,55,,51171,3,,,1,15,,51191,3,,,1,15,,51211,3,,,1,15,,51152,3,,,1,55,,51172,3,,,1,15,,51192,3,,,1,15,,51212,3,,,1,15,,51153,3,,,1,55,,51173,3,,,1,15,,51193,3,,,1,15,,51213,3,,,1,15,,51154,3,,,1,55,,51174,3,,,1,15,,51194,3,,,1,15,,51214,3,,,1,15,,51155,3,,,1,55,,51175,3,,,1,15,,51195,3,,,1,15,,51215,3,,,1,15,,51156,3,,,1,55,,51176,3,,,1,15,,51196,3,,,1,15,,51216,3,,,1,15,,51157,3,,,1,55,,51177,3,,,1,15,,51197,3,,,1,15,,51217,3,,,1,15,,51158,3,,,1,55,,51178,3,,,1,15,,51198,3,,,1,15,,51218,3,,,1,15,,51159,3,,,1,55,,51179,3,,,1,15,,51199,3,,,1,15,,51219,3,,,1,15,,51160,3,,,1,55,,51180,3,,,1,15,,51200,3,,,1,15,,51220,3,,,1,15,,51161,3,,,1,55,,51181,3,,,1
1,'20261204',542,,51280,3,,,1,15,,51221,3,,,1,52,,51241,3,,,1,15,,51261,3,,,1,15,,51281,3,,,1,15,,51222,3,,,1,55,,51242,3,,,1,15,,51262,3,,,1,15,,51282,3,,,1,15,,51223,3,,,1,55,,51243,3,,,1,15,,51263,3,,,1,15,,51283,3,,,1,15,,51224,3,,,1,55,,51244,3,,,1,15,,51264,3,,,1,15,,51284,3,,,1,15,,51225,3,,,1,55,,51245,3,,,1,15,,51265,3,,,1,15,,51285,3,,,1,15,,51226,3,,,1,55,,51246,3,,,1,15,,51266,3,,,1,15,,51286,3,,,1,15,,51227,3,,,1,55,,51247,3,,,1,15,,51267,3,,,1,15,,51287,3,,,1,15,,51228,3,,,1,55,,51248,3,,,1,15,,51268,3,,,1,15,,51288,3,,,1,15,,51229,3,,,1,55,,51249,3,,,1,15,,51269,3,,,1,15,,51289,3,,,1,15,,51230,3,,,1,55,,51250,3,,,1,15,,51270,3,,,1,15,,51290,3,,,1,15,,51231,3,,,1,55,,51251,3,,,1,15,,51271,3,,,1,15,,51291,3,,,1,15,,51232,3,,,1,55,,51252,3,,,1,15,,51272,3,,,1,15,,51292,3,,,1,15,,51233,3,,,1,55,,51253,3,,,1,15,,51273,3,,,1,15,,51293,3,,,1,15,,51234,3,,,1,55,,51254,3,,,1,15,,51274,3,,,1,15,,51294,3,,,1,15,,51235,3,,,1,55,,51255,3,,,1,15,,51275,3,,,1,15,,51295,3,,,1,15,,51236,3,,,1,55,,51256,3,,,1,15,,51276,3,,,1,15,,51296,3,,,1,15,,51237,3,,,1,55,,51257,3,,,1,15,,51277,3,,,1,15,,51297,3,,,1,15,,51238,3,,,1,55,,51258,3,,,1,15,,51278,3,,,1,15,,51298,3,,,1,15,,51239,3,,,1,55,,51259,3,,,1,15,,51279,3,,,1,15,,51299,3,,,1,15,,51240,3,,,1,55,,51260,3,,,1
1,'20261205',639,,51356,3,,,1,15,,51300,3,,,1,55,,51319,3,,,1,15,,51338,3,,,1,15,,51357,3,,,1,15,,51301,3,,,1,55,,51320,3,,,1,15,,51339,3,,,1,15,,51358,3,,,1,15,,51302,3,,,1,55,,51321,3,,,1,15,,51340,3,,,1,15,,51359,3,,,1,15,,51303,3,,,1,55,,51322,3,,,1,15,,51341,3,,,1,15,,51360,3,,,1,15,,51304,3,,,1,55,,51323,3,,,1,15,,51342,3,,,1,15,,51361,3,,,1,15,,51305,3,,,1,55,,51324,3,,,1,15,,51343,3,,,1,15,,51362,3,,,1,15,,51306,3,,,1,55,,51325,3,,,1,15,,51344,3,,,1,15,,51363,3,,,1,15,,51307,3,,,1,55,,51326,3,,,1,15,,51345,3,,,1,15,,51364,3,,,1,15,,51308,3,,,1,55,,51327,3,,,1,15,,51346,3,,,1,15,,51365,3,,,1,15,,51309,3,,,1,55,,51328,3,,,1,15,,51347,3,,,1,15,,51366,3,,,1,15,,51310,3,,,1,55,,51329,3,,,1,15,,51348,3,,,1,15,,51367,3,,,1,15,,51311,3,,,1,55,,51330,3,,,1,15,,51349,3,,,1,15,,51368,3,,,1,15,,51312,3,,,1,55,,51331,3,,,1,15,,51350,3,,,1,15,,51369,3,,,1,15,,51313,3,,,1,55,,51332,3,,,1,15,,51351,3,,,1,15,,51370,3,,,1,15,,51314,3,,,1,55,,51333,3,,,1,15,,51352,3,,,1,15,,51371,3,,,1,15,,51315,3,,,1,55,,51334,3,,,1,15,,51353,3,,,1,15,,51372,3,,,1,15,,51316,3,,,1,55,,51335,3,,,1,15,,51354,3,,,1,15,,51373,3,,,1,15,,51317,3,,,1,55,,51336,3,,,1,15,,51355,3,,,1,15,,51374,3,,,1,15,,51318,3,,,1,55,,51337,3,,,1
1,'20261206',639,,51431,3,,,1,15,,51375,3,,,1,55,,51394,3,,,1,15,,51413,3,,,1,15,,51432,3,,,1,15,,51376,3,,,1,55,,51395,3,,,1,15,,51414,3,,,1,15,,51433,3,,,1,15,,51377,3,,,1,55,,51396,3,,,1,15,,51415,3,,,1,15,,51434,3,,,1,15,,51378,3,,,1,55,,51397,3,,,1,15,,51416,3,,,1,15,,51435,3,,,1,15,,51379,3,,,1,55,,51398,3,,,1,15,,51417,3,,,1,15,,51436,3,,,1,15,,51380,3,,,1,55,,51399,3,,,1,15,,51418,3,,,1,15,,51437,3,,,1,15,,51381,3,,,1,55,,51400,3,,,1,15,,51419,3,,,1,15,,51438,3,,,1,15,,51382,3,,,1,55,,51401,3,,,1,15,,51420,3,,,1,15,,51439,3,,,1,15,,51383,3,,,1,55,,51402,3,,,1,15,,51421,3,,,1,15,,51440,3,,,1,15,,51384,3,,,1,55,,51403,3,,,1,15,,51422,3,,,1,15,,51441,3,,,1,15,,51385,3,,,1,55,,51404,3,,,1,15,,51423,3,,,1,15,,51442,3,,,1,15,,51386,3,,,1,55,,51405,3,,,1,15,,51424,3,,,1,15,,51443,3,,,1,15,,51387,3,,,1,55,,51406,3,,,1,15,,51425,3,,,1,15,,51444,3,,,1,15,,51388,3,,,1,55,,51407,3,,,1,15,,51426,3,,,1,15,,51445,3,,,1,15,,51389,3,,,1,55,,51408,3,,,1,15,,51427,3,,,1,15,,51446,3,,,1,15,,51390,3,,,1,55,,51409,3,,,1,15,,51428,3,,,1,15,,51447,3,,,1,15,,51391,3,,,1,55,,51410,3,,,1,15,,51429,3,,,1,15,,51448,3,,,1,15,,51392,3,,,1,55,,51411,3,,,1,15,,51430,3,,,1,15,,51449,3,,,1,15,,51393,3,,,1,55,,51412,3,,,1
1,'20261207',639,,51506,3,,,1,15,,51450,3,,,1,55,,51469,3,,,1,15,,51488,3,,,1,15,,51507,3,,,1,15,,51451,3,,,1,55,,51470,3,,,1,15,,51489,3,,,1,15,,51508,3,,,1,15,,51452,3,,,1,55,,51471,3,,,1,15,,51490,3,,,1,15,,51509,3,,,1,15,,51453,3,,,1,55,,51472,3,,,1,15,,51491,3,,,1,15,,51510,3,,,1,15,,51454,3,,,1,55,,51473,3,,,1,15,,51492,3,,,1,15,,51511,3,,,1,15,,51455,3,,,1,55,,51474,3,,,1,15,,51493,3,,,1,15,,51512,3,,,1,15,,51456,3,,,1,55,,51475,3,,,1,15,,51494,3,,,1,15,,51513,3,,,1,15,,51457,3,,,1,55,,51476,3,,,1,15,,51495,3,,,1,15,,51514,3,,,1,15,,51458,3,,,1,55,,51477,3,,,1,15,,51496,3,,,1,15,,51515,3,,,1,15,,51459,3,,,1,55,,51478,3,,,1,15,,51497,3,,,1,15,,51516,3,,,1,15,,51460,3,,,1,55,,51479,3,,,1,15,,51498,3,,,1,15,,51517,3,,,1,15,,51461,3,,,1,55,,51480,3,,,1,15,,51499,3,,,1,15,,51518,3,,,1,15,,51462,3,,,1,55,,51481,3,,,1,15,,51500,3,,,1,15,,51519,3,,,1,15,,51463,3,,,1,55,,51482,3,,,1,15,,51501,3,,,1,15,,51520,3,,,1,15,,51464,3,,,1,55,,51483,3,,,1,15,,51502,3,,,1,15,,51521,3,,,1,15,,51465,3,,,1,55,,51484,3,,,1,15,,51503,3,,,1,15,,51522,3,,,1,15,,51466,3,,,1,55,,51485,3,,,1,15,,51504,3,,,1,15,,51523,3,,,1,15,,51467,3,,,1,55,,51486,3,,,1,15,,51505,3,,,1,15,,51524,3,,,1,15,,51468,3,,,1,55,,51487,3,,,1
1,'20261208',542,,51584,3,,,1,15,,51525,3,,,1,52,,51545,3,,,1,15,,51565,3,,,1,15,,51585,3,,,1,15,,51526,3,,,1,55,,51546,3,,,1,15,,51566,3,,,1,15,,51586,3,,,1,15,,51527,3,,,1,55,,51547,3,,,1,15,,51567,3,,,1,15,,51587,3,,,1,15,,51528,3,,,1,55,,51548,3,,,1,15,,51568,3,,,1,15,,51588,3,,,1,15,,51529,3,,,1,55,,51549,3,,,1,15,,51569,3,,,1,15,,51589,3,,,1,15,,51530,3,,,1,55,,51550,3,,,1,15,,51570,3,,,1,15,,51590,3,,,1,15,,51531,3,,,1,55,,51551,3,,,1,15,,51571,3,,,1,15,,51591,3,,,1,15,,51532,3,,,1,55,,51552,3,,,1,15,,51572,3,,,1,15,,51592,3,,,1,15,,51533,3,,,1,55,,51553,3,,,1,15,,51573,3,,,1,15,,51593,3,,,1,15,,51534,3,,,1,55,,51554,3,,,1,15,,51574,3,,,1,15,,51594,3,,,1,15,,51535,3,,,1,55,,51555,3,,,1,15,,51575,3,,,1,15,,51595,3,,,1,15,,51536,3,,,1,55,,51556,3,,,1,15,,51576,3,,,1,15,,51596,3,,,1,15,,51537,3,,,1,55,,51557,3,,,1,15,,51577,3,,,1,15,,51597,3,,,1,15,,51538,3,,,1,55,,51558,3,,,1,15,,51578,3,,,1,15,,51598,3,,,1,15,,51539,3,,,1,55,,51559,3,,,1,15,,51579,3,,,1,15,,51599,3,,,1,15,,51540,3,,,1,55,,51560,3,,,1,15,,51580,3,,,1,15,,51600,3,,,1,15,,51541,3,,,1,55,,51561,3,,,1,15,,51581,3,,,1,15,,51601,3,,,1,15,,51542,3,,,1,55,,51562,3,,,1,15,,51582,3,,,1,15,,51602,3,,,1,15,,51543,3,,,1,55,,51563,3,,,1,15,,51583,3,,,1,15,,51603,3,,,1,15,,51544,3,,,1,55,,51564,3,,,1
1,'20261209',542,,51663,3,,,1,15,,51604,3,,,1,52,,51624,3,,,1,15,,51644,3,,,1,15,,51664,3,,,1,15,,51605,3,,,1,55,,51625,3,,,1,15,,51645,3,,,1,15,,51665,3,,,1,15,,51606,3,,,1,55,,51626,3,,,1,15,,51646,3,,,1,15,,51666,3,,,1,15,,51607,3,,,1,55,,51627,3,,,1,15,,51647,3,,,1,15,,51667,3,,,1,15,,51608,3,,,1,55,,51628,3,,,1,15,,51648,3,,,1,15,,51668,3,,,1,15,,51609,3,,,1,55,,51629,3,,,1,15,,51649,3,,,1,15,,51669,3,,,1,15,,51610,3,,,1,55,,51630,3,,,1,15,,51650,3,,,1,15,,51670,3,,,1,15,,51611,3,,,1,55,,51631,3,,,1,15,,51651,3,,,1,15,,51671,3,,,1,15,,51612,3,,,1,55,,51632,3,,,1,15,,51652,3,,,1,15,,51672,3,,,1,15,,51613,3,,,1,55,,51633,3,,,1,15,,51653,3,,,1,15,,51673,3,,,1,15,,51614,3,,,1,55,,51634,3,,,1,15,,51654,3,,,1,15,,51674,3,,,1,15,,51615,3,,,1,55,,51635,3,,,1,15,,51655,3,,,1,15,,51675,3,,,1,15,,51616,3,,,1,55,,51636,3,,,1,15,,51656,3,,,1,15,,51676,3,,,1,15,,51617,3,,,1,55,,51637,3,,,1,15,,51657,3,,,1,15,,51677,3,,,1,15,,51618,3,,,1,55,,51638,3,,,1,15,,51658,3,,,1,15,,51678,3,,,1,15,,51619,3,,,1,55,,51639,3,,,1,15,,51659,3,,,1,15,,51679,3,,,1,15,,51620,3,,,1,55,,51640,3,,,1,15,,51660,3,,,1,15,,51680,3,,,1,15,,51621,3,,,1,55,,51641,3,,,1,15,,51661,3,,,1,15,,51681,3,,,1,15,,51622,3,,,1,55,,51642,3,,,1,15,,51662,3,,,1,15,,51682,3,,,1,15,,51623,3,,,1,55,,51643,3,,,1
1,'20261210',542,,51742,3,,,1,15,,51683,3,,,1,52,,51703,3,,,1,15,,51723,3,,,1,15,,51743,3,,,1,15,,51684,3,,,1,55,,51704,3,,,1,15,,51724,3,,,1,15,,51744,3,,,1,15,,51685,3,,,1,55,,51705,3,,,1,15,,51725,3,,,1,15,,51745,3,,,1,15,,51686,3,,,1,55,,51706,3,,,1,15,,51726,3,,,1,15,,51746,3,,,1,15,,51687,3,,,1,55,,51707,3,,,1,15,,51727,3,,,1,15,,51747,3,,,1,15,,51688,3,,,1,55,,51708,3,,,1,15,,51728,3,,,1,15,,51748,3,,,1,15,,51689,3,,,1,55,,51709,3,,,1,15,,51729,3,,,1,15,,51749,3,,,1,15,,51690,3,,,1,55,,51710,3,,,1,15,,51730,3,,,1,15,,51750,3,,,1,15,,51691,3,,,1,55,,51711,3,,,1,15,,51731,3,,,1,15,,51751,3,,,1,15,,51692,3,,,1,55,,51712,3,,,1,15,,51732,3,,,1,15,,51752,3,,,1,15,,51693,3,,,1,55,,51713,3,,,1,15,,51733,3,,,1,15,,51753,3,,,1,15,,51694,3,,,1,55,,51714,3,,,1,15,,51734,3,,,1,15,,51754,3,,,1,15,,51695,3,,,1,55,,51715,3,,,1,15,,51735,3,,,1,15,,51755,3,,,1,15,,51696,3,,,1,55,,51716,3,,,1,15,,51736,3,,,1,15,,51756,3,,,1,15,,51697,3,,,1,55,,51717,3,,,1,15,,51737,3,,,1,15,,51757,3,,,1,15,,51698,3,,,1,55,,51718,3,,,1,15,,51738,3,,,1,15,,51758,3,,,1,15,,51699,3,,,1,55,,51719,3,,,1,15,,51739,3,,,1,15,,51759,3,,,1,15,,51700,3,,,1,55,,51720,3,,,1,15,,51740,3,,,1,15,,51760,3,,,1,15,,51701,3,,,1,55,,51721,3,,,1,15,,51741,3,,,1,15,,51761,3,,,1,15,,51702,3,,,1,55,,51722,3,,,1
1,'20261211',542,,51821,3,,,1,15,,51762,3,,,1,52,,51782,3,,,1,15,,51802,3,,,1,15,,51822,3,,,1,15,,51763,3,,,1,55,,51783,3,,,1,15,,51803,3,,,1,15,,51823,3,,,1,15,,51764,3,,,1,55,,51784,3,,,1,15,,51804,3,,,1,15,,51824,3,,,1,15,,51765,3,,,1,55,,51785,3,,,1,15,,51805,3,,,1,15,,51825,3,,,1,15,,51766,3,,,1,55,,51786,3,,,1,15,,51806,3,,,1,15,,51826,3,,,1,15,,51767,3,,,1,55,,51787,3,,,1,15,,51807,3,,,1,15,,51827,3,,,1,15,,51768,3,,,1,55,,51788,3,,,1,15,,51808,3,,,1,15,,51828,3,,,1,15,,51769,3,,,1,55,,51789,3,,,1,15,,51809,3,,,1,15,,51829,3,,,1,15,,51770,3,,,1,55,,51790,3,,,1,15,,51810,3,,,1,15,,51830,3,,,1,15,,51771,3,,,1,55,,51791,3,,,1,15,,51811,3,,,1,15,,51831,3,,,1,15,,51772,3,,,1,55,,51792,3,,,1,15,,51812,3,,,1,15,,51832,3,,,1,15,,51773,3,,,1,55,,51793,3,,,1,15,,51813,3,,,1,15,,51833,3,,,1,15,,51774,3,,,1,55,,51794,3,,,1,15,,51814,3,,,1,15,,51834,3,,,1,15,,51775,3,,,1,55,,51795,3,,,1,15,,51815,3,,,1,15,,51835,3,,,1,15,,51776,3,,,1,55,,51796,3,,,1,15,,51816,3,,,1,15,,51836,3,,,1,15,,51777,3,,,1,55,,51797,3,,,1,15,,51817,3,,,1,15,,51837,3,,,1,15,,51778,3,,,1,55,,51798,3,,,1,15,,51818,3,,,1,15,,51838,3,,,1,15,,51779,3,,,1,55,,51799,3,,,1,15,,51819,3,,,1,15,,51839,3,,,1,15,,51780,3,,,1,55,,51800,3,,,1,15,,51820,3,,,1,15,,51840,3,,,1,15,,51781,3,,,1,55,,51801,3,,,1
1,'20261212',639,,51897,3,,,1,15,,51841,3,,,1,55,,51860,3,,,1,15,,51879,3,,,1,15,,51898,3,,,1,15,,51842,3,,,1,55,,51861,3,,,1,15,,51880,3,,,1,15,,51899,3,,,1,15,,51843,3,,,1,55,,51862,3,,,1,15,,51881,3,,,1,15,,51900,3,,,1,15,,51844,3,,,1,55,,51863,3,,,1,15,,51882,3,,,1,15,,51901,3,,,1,15,,51845,3,,,1,55,,51864,3,,,1,15,,51883,3,,,1,15,,51902,3,,,1,15,,51846,3,,,1,55,,51865,3,,,1,15,,51884,3,,,1,15,,51903,3,,,1,15,,51847,3,,,1,55,,51866,3,,,1,15,,51885,3,,,1,15,,51904,3,,,1,15,,51848,3,,,1,55,,51867,3,,,1,15,,51886,3,,,1,15,,51905,3,,,1,15,,51849,3,,,1,55,,51868,3,,,1,15,,51887,3,,,1,15,,51906,3,,,1,15,,51850,3,,,1,55,,51869,3,,,1,15,,51888,3,,,1,15,,51907,3,,,1,15,,51851,3,,,1,55,,51870,3,,,1,15,,51889,3,,,1,15,,51908,3,,,1,15,,51852,3,,,1,55,,51871,3,,,1,15,,51890,3,,,1,15,,51909,3,,,1,15,,51853,3,,,1,55,,51872,3,,,1,15,,51891,3,,,1,15,,51910,3,,,1,15,,51854,3,,,1,55,,51873,3,,,1,15,,51892,3,,,1,15,,51911,3,,,1,15,,51855,3,,,1,55,,51874,3,,,1,15,,51893,3,,,1,15,,51912,3,,,1,15,,51856,3,,,1,55,,51875,3,,,1,15,,51894,3,,,1,15,,51913,3,,,1,15,,51857,3,,,1,55,,51876,3,,,1,15,,51895,3,,,1,15,,51914,3,,,1,15,,51858,3,,,1,55,,51877,3,,,1,15,,51896,3,,,1,15,,51915,3,,,1,15,,51859,3,,,1,55,,51878,3,,,1
1,'20261213',639,,51972,3,,,1,15,,51916,3,,,1,55,,51935,3,,,1,15,,51954,3,,,1,15,,51973,3,,,1,15,,51917,3,,,1,55,,51936,3,,,1,15,,51955,3,,,1,15,,51974,3,,,1,15,,51918,3,,,1,55,,51937,3,,,1,15,,51956,3,,,1,15,,51975,3,,,1,15,,51919,3,,,1,55,,51938,3,,,1,15,,51957,3,,,1,15,,51976,3,,,1,15,,51920,3,,,1,55,,51939,3,,,1,15,,51958,3,,,1,15,,51977,3,,,1,15,,51921,3,,,1,55,,51940,3,,,1,15,,51959,3,,,1,15,,51978,3,,,1,15,,51922,3,,,1,55,,51941,3,,,1,15,,51960,3,,,1,15,,51979,3,,,1,15,,51923,3,,,1,55,,51942,3,,,1,15,,51961,3,,,1,15,,51980,3,,,1,15,,51924,3,,,1,55,,51943,3,,,1,15,,51962,3,,,1,15,,51981,3,,,1,15,,51925,3,,,1,55,,51944,3,,,1,15,,51963,3,,,1,15,,51982,3,,,1,15,,51926,3,,,1,55,,51945,3,,,1,15,,51964,3,,,1,15,,51983,3,,,1,15,,51927,3,,,1,55,,51946,3,,,1,15,,51965,3,,,1,15,,51984,3,,,1,15,,51928,3,,,1,55,,51947,3,,,1,15,,51966,3,,,1,15,,51985,3,,,1,15,,51929,3,,,1,55,,51948,3,,,1,15,,51967,3,,,1,15,,51986,3,,,1,15,,51930,3,,,1,55,,51949,3,,,1,15,,51968,3,,,1,15,,51987,3,,,1,15,,51931,3,,,1,55,,51950,3,,,1,15,,51969,3,,,1,15,,51988,3,,,1,15,,51932,3,,,1,55,,51951,3,,,1,15,,51970,3,,,1,15,,51989,3,,,1,15,,51933,3,,,1,55,,51952,3,,,1,15,,51971,3,,,1,15,,51990,3,,,1,15,,51934,3,,,1,55,,51953,3,,,1
1,'20261214',639,,52047,3,,,1,15,,51991,3,,,1,55,,52010,3,,,1,15,,52029,3,,,1,15,,52048,3,,,1,15,,51992,3,,,1,55,,52011,3,,,1,15,,52030,3,,,1,15,,52049,3,,,1,15,,51993,3,,,1,55,,52012,3,,,1,15,,52031,3,,,1,15,,52050,3,,,1,15,,51994,3,,,1,55,,52013,3,,,1,15,,52032,3,,,1,15,,52051,3,,,1,15,,51995,3,,,1,55,,52014,3,,,1,15,,52033,3,,,1,15,,52052,3,,,1,15,,51996,3,,,1,55,,52015,3,,,1,15,,52034,3,,,1,15,,52053,3,,,1,15,,51997,3,,,1,55,,52016,3,,,1,15,,52035,3,,,1,15,,52054,3,,,1,15,,51998,3,,,1,55,,52017,3,,,1,15,,52036,3,,,1,15,,52055,3,,,1,15,,51999,3,,,1,55,,52018,3,,,1,15,,52037,3,,,1,15,,52056,3,,,1,15,,52000,3,,,1,55,,52019,3,,,1,15,,52038,3,,,1,15,,52057,3,,,1,15,,52001,3,,,1,55,,52020,3,,,1,15,,52039,3,,,1,15,,52058,3,,,1,15,,52002,3,,,1,55,,52021,3,,,1,15,,52040,3,,,1,15,,52059,3,,,1,15,,52003,3,,,1,55,,52022,3,,,1,15,,52041,3,,,1,15,,52060,3,,,1,15,,52004,3,,,1,55,,52023,3,,,1,15,,52042,3,,,1,15,,52061,3,,,1,15,,52005,3,,,1,55,,52024,3,,,1,15,,52043,3,,,1,15,,52062,3,,,1,15,,52006,3,,,1,55,,52025,3,,,1,15,,52044,3,,,1,15,,52063,3,,,1,15,,52007,3,,,1,55,,52026,3,,,1,15,,52045,3,,,1,15,,52064,3,,,1,15,,52008,3,,,1,55,,52027,3,,,1,15,,52046,3,,,1,15,,52065,3,,,1,15,,52009,3,,,1,55,,52028,3,,,1
1,'20261215',542,,52125,3,,,1,15,,52066,3,,,1,52,,52086,3,,,1,15,,52106,3,,,1,15,,52126,3,,,1,15,,52067,3,,,1,55,,52087,3,,,1,15,,52107,3,,,1,15,,52127,3,,,1,15,,52068,3,,,1,55,,52088,3,,,1,15,,52108,3,,,1,15,,52128,3,,,1,15,,52069,3,,,1,55,,52089,3,,,1,15,,52109,3,,,1,15,,52129,3,,,1,15,,52070,3,,,1,55,,52090,3,,,1,15,,52110,3,,,1,15,,52130,3,,,1,15,,52071,3,,,1,55,,52091,3,,,1,15,,52111,3,,,1,15,,52131,3,,,1,15,,52072,3,,,1,55,,52092,3,,,1,15,,52112,3,,,1,15,,52132,3,,,1,15,,52073,3,,,1,55,,52093,3,,,1,15,,52113,3,,,1,15,,52133,3,,,1,15,,52074,3,,,1,55,,52094,3,,,1,15,,52114,3,,,1,15,,52134,3,,,1,15,,52075,3,,,1,55,,52095,3,,,1,15,,52115,3,,,1,15,,52135,3,,,1,15,,52076,3,,,1,55,,52096,3,,,1,15,,52116,3,,,1,15,,52136,3,,,1,15,,52077,3,,,1,55,,52097,3,,,1,15,,52117,3,,,1,15,,52137,3,,,1,15,,52078,3,,,1,55,,52098,3,,,1,15,,52118,3,,,1,15,,52138,3,,,1,15,,52079,3,,,1,55,,52099,3,,,1,15,,52119,3,,,1,15,,52139,3,,,1,15,,52080,3,,,1,55,,52100,3,,,1,15,,52120,3,,,1,15,,52140,3,,,1,15,,52081,3,,,1,55,,52101,3,,,1,15,,52121,3,,,1,15,,52141,3,,,1,15,,52082,3,,,1,55,,52102,3,,,1,15,,52122,3,,,1,15,,52142,3,,,1,15,,52083,3,,,1,55,,52103,3,,,1,15,,52123,3,,,1,15,,52143,3,,,1,15,,52084,3,,,1,55,,52104,3,,,1,15,,52124,3,,,1,15,,52144,3,,,1,15,,52085,3,,,1,55,,52105,3,,,1
1,'20261216',542,,52204,3,,,1,15,,52145,3,,,1,52,,52165,3,,,1,15,,52185,3,,,1,15,,52205,3,,,1,15,,52146,3,,,1,55,,52166,3,,,1,15,,52186,3,,,1,15,,52206,3,,,1,15,,52147,3,,,1,55,,52167,3,,,1,15,,52187,3,,,1,15,,52207,3,,,1,15,,52148,3,,,1,55,,52168,3,,,1,15,,52188,3,,,1,15,,52208,3,,,1,15,,52149,3,,,1,55,,52169,3,,,1,15,,52189,3,,,1,15,,52209,3,,,1,15,,52150,3,,,1,55,,52170,3,,,1,15,,52190,3,,,1,15,,52210,3,,,1,15,,52151,3,,,1,55,,52171,3,,,1,15,,52191,3,,,1,15,,52211,3,,,1,15,,52152,3,,,1,55,,52172,3,,,1,15,,52192,3,,,1,15,,52212,3,,,1,15,,52153,3,,,1,55,,52173,3,,,1,15,,52193,3,,,1,15,,52213,3,,,1,15,,52154,3,,,1,55,,52174,3,,,1,15,,52194,3,,,1,15,,52214,3,,,1,15,,52155,3,,,1,55,,52175,3,,,1,15,,52195,3,,,1,15,,52215,3,,,1,15,,52156,3,,,1,55,,52176,3,,,1,15,,52196,3,,,1,15,,52216,3,,,1,15,,52157,3,,,1,55,,52177,3,,,1,15,,52197,3,,,1,15,,52217,3,,,1,15,,52158,3,,,1,55,,52178,3,,,1,15,,52198,3,,,1,15,,52218,3,,,1,15,,52159,3,,,1,55,,52179,3,,,1,15,,52199,3,,,1,15,,52219,3,,,1,15,,52160,3,,,1,55,,52180,3,,,1,15,,52200,3,,,1,15,,52220,3,,,1,15,,52161,3,,,1,55,,52181,3,,,1,15,,52201,3,,,1,15,,52221,3,,,1,15,,52162,3,,,1,55,,52182,3,,,1,15,,52202,3,,,1,15,,52222,3,,,1,15,,52163,3,,,1,55,,52183,3,,,1,15,,52203,3,,,1,15,,52223,3,,,1,15,,52164,3,,,1,55,,52184,3,,,1
1,'20261217',542,,52283,3,,,1,15,,52224,3,,,1,52,,52244,3,,,1,15,,52264,3,,,1,15,,52284,3,,,1,15,,52225,3,,,1,55,,52245,3,,,1,15,,52265,3,,,1,15,,52285,3,,,1,15,,52226,3,,,1,55,,52246,3,,,1,15,,52266,3,,,1,15,,52286,3,,,1,15,,52227,3,,,1,55,,52247,3,,,1,15,,52267,3,,,1,15,,52287,3,,,1,15,,52228,3,,,1,55,,52248,3,,,1,15,,52268,3,,,1,15,,52288,3,,,1,15,,52229,3,,,1,55,,52249,3,,,1,15,,52269,3,,,1,15,,52289,3,,,1,15,,52230,3,,,1,55,,52250,3,,,1,15,,52270,3,,,1,15,,52290,3,,,1,15,,52231,3,,,1,55,,52251,3,,,1,15,,52271,3,,,1,15,,52291,3,,,1,15,,52232,3,,,1,55,,52252,3,,,1,15,,52272,3,,,1,15,,52292,3,,,1,15,,52233,3,,,1,55,,52253,3,,,1,15,,52273,3,,,1,15,,52293,3,,,1,15,,52234,3,,,1,55,,52254,3,,,1,15,,52274,3,,,1,15,,52294,3,,,1,15,,52235,3,,,1,55,,52255,3,,,1,15,,52275,3,,,1,15,,52295,3,,,1,15,,52236,3,,,1,55,,52256,3,,,1,15,,52276,3,,,1,15,,52296,3,,,1,15,,52237,3,,,1,55,,52257,3,,,1,15,,52277,3,,,1,15,,52297,3,,,1,15,,52238,3,,,1,55,,52258,3,,,1,15,,52278,3,,,1,15,,52298,3,,,1,15,,52239,3,,,1,55,,52259,3,,,1,15,,52279,3,,,1,15,,52299,3,,,1,15,,52240,3,,,1,55,,52260,3,,,1,15,,52280,3,,,1,15,,52300,3,,,1,15,,52241,3,,,1,55,,52261,3,,,1,15,,52281,3,,,1,15,,52301,3,,,1,15,,52242,3,,,1,55,,52262,3,,,1,15,,52282,3,,,1,15,,52302,3,,,1,15,,52243,3,,,1,55,,52263,3,,,1
1,'20261218',542,,52362,3,,,1,15,,52303,3,,,1,52,,52323,3,,,1,15,,52343,3,,,1,15,,52363,3,,,1,15,,52304,3,,,1,55,,52324,3,,,1,15,,52344,3,,,1,15,,52364,3,,,1,15,,52305,3,,,1,55,,52325,3,,,1,15,,52345,3,,,1,15,,52365,3,,,1,15,,52306,3,,,1,55,,52326,3,,,1,15,,52346,3,,,1,15,,52366,3,,,1,15,,52307,3,,,1,55,,52327,3,,,1,15,,52347,3,,,1,15,,52367,3,,,1,15,,52308,3,,,1,55,,52328,3,,,1,15,,52348,3,,,1,15,,52368,3,,,1,15,,52309,3,,,1,55,,52329,3,,,1,15,,52349,3,,,1,15,,52369,3,,,1,15,,52310,3,,,1,55,,52330,3,,,1,15,,52350,3,,,1,15,,52370,3,,,1,15,,52311,3,,,1,55,,52331,3,,,1,15,,52351,3,,,1,15,,52371,3,,,1,15,,52312,3,,,1,55,,52332,3,,,1,15,,52352,3,,,1,15,,52372,3,,,1,15,,52313,3,,,1,55,,52333,3,,,1,15,,52353,3,,,1,15,,52373,3,,,1,15,,52314,3,,,1,55,,52334,3,,,1,15,,52354,3,,,1,15,,52374,3,,,1,15,,52315,3,,,1,55,,52335,3,,,1,15,,52355,3,,,1,15,,52375,3,,,1,15,,52316,3,,,1,55,,52336,3,,,1,15,,52356,3,,,1,15,,52376,3,,,1,15,,52317,3,,,1,55,,52337,3,,,1,15,,52357,3,,,1,15,,52377,3,,,1,15,,52318,3,,,1,55,,52338,3,,,1,15,,52358,3,,,1,15,,52378,3,,,1,15,,52319,3,,,1,55,,52339,3,,,1,15,,52359,3,,,1,15,,52379,3,,,1,15,,52320,3,,,1,55,,52340,3,,,1,15,,52360,3,,,1,15,,52380,3,,,1,15,,52321,3,,,1,55,,52341,3,,,1,15,,52361,3,,,1,15,,52381,3,,,1,15,,52322,3,,,1,55,,52342,3,,,1
1,'20261219',639,,52438,3,,,1,15,,52382,3,,,1,55,,52401,3,,,1,15,,52420,3,,,1,15,,52439,3,,,1,15,,52383,3,,,1,55,,52402,3,,,1,15,,52421,3,,,1,15,,52440,3,,,1,15,,52384,3,,,1,55,,52403,3,,,1,15,,52422,3,,,1,15,,52441,3,,,1,15,,52385,3,,,1,55,,52404,3,,,1,15,,52423,3,,,1,15,,52442,3,,,1,15,,52386,3,,,1,55,,52405,3,,,1,15,,52424,3,,,1,15,,52443,3,,,1,15,,52387,3,,,1,55,,52406,3,,,1,15,,52425,3,,,1,15,,52444,3,,,1,15,,52388,3,,,1,55,,52407,3,,,1,15,,52426,3,,,1,15,,52445,3,,,1,15,,52389,3,,,1,55,,52408,3,,,1,15,,52427,3,,,1,15,,52446,3,,,1,15,,52390,3,,,1,55,,52409,3,,,1,15,,52428,3,,,1,15,,52447,3,,,1,15,,52391,3,,,1,55,,52410,3,,,1,15,,52429,3,,,1,15,,52448,3,,,1,15,,52392,3,,,1,55,,52411,3,,,1,15,,52430,3,,,1,15,,52449,3,,,1,15,,52393,3,,,1,55,,52412,3,,,1,15,,52431,3,,,1,15,,52450,3,,,1,15,,52394,3,,,1,55,,52413,3,,,1,15,,52432,3,,,1,15,,52451,3,,,1,15,,52395,3,,,1,55,,52414,3,,,1,15,,52433,3,,,1,15,,52452,3,,,1,15,,52396,3,,,1,55,,52415,3,,,1,15,,52434,3,,,1,15,,52453,3,,,1,15,,52397,3,,,1,55,,52416,3,,,1,15,,52435,3,,,1,15,,52454,3,,,1,15,,52398,3,,,1,55,,52417,3,,,1,15,,52436,3,,,1,15,,52455,3,,,1,15,,52399,3,,,1,55,,52418,3,,,1,15,,52437,3,,,1,15,,52456,3,,,1,15,,52400,3,,,1,55,,52419,3,,,1
1,'20261220',639,,52513,3,,,1,15,,52457,3,,,1,55,,52476,3,,,1,15,,52495,3,,,1,15,,52514,3,,,1,15,,52458,3,,,1,55,,52477,3,,,1,15,,52496,3,,,1,15,,52515,3,,,1,15,,52459,3,,,1,55,,52478,3,,,1,15,,52497,3,,,1,15,,52516,3,,,1,15,,52460,3,,,1,55,,52479,3,,,1,15,,52498,3,,,1,15,,52517,3,,,1,15,,52461,3,,,1,55,,52480,3,,,1,15,,52499,3,,,1,15,,52518,3,,,1,15,,52462,3,,,1,55,,52481,3,,,1,15,,52500,3,,,1,15,,52519,3,,,1,15,,52463,3,,,1,55,,52482,3,,,1,15,,52501,3,,,1,15,,52520,3,,,1,15,,52464,3,,,1,55,,52483,3,,,1,15,,52502,3,,,1,15,,52521,3,,,1,15,,52465,3,,,1,55,,52484,3,,,1,15,,52503,3,,,1,15,,52522,3,,,1,15,,52466,3,,,1,55,,52485,3,,,1,15,,52504,3,,,1,15,,52523,3,,,1,15,,52467,3,,,1,55,,52486,3,,,1,15,,52505,3,,,1,15,,52524,3,,,1,15,,52468,3,,,1,55,,52487,3,,,1,15,,52506,3,,,1,15,,52525,3,,,1,15,,52469,3,,,1,55,,52488,3,,,1,15,,52507,3,,,1,15,,52526,3,,,1,15,,52470,3,,,1,55,,52489,3,,,1,15,,52508,3,,,1,15,,52527,3,,,1,15,,52471,3,,,1,55,,52490,3,,,1,15,,52509,3,,,1,15,,52528,3,,,1,15,,52472,3,,,1,55,,52491,3,,,1,15,,52510,3,,,1,15,,52529,3,,,1,15,,52473,3,,,1,55,,52492,3,,,1,15,,52511,3,,,1,15,,52530,3,,,1,15,,52474,3,,,1,55,,52493,3,,,1,15,,52512,3,,,1,15,,52531,3,,,1,15,,52475,3,,,1,55,,52494,3,,,1
1,'20261221',639,,52588,3,,,1,15,,52532,3,,,1,55,,52551,3,,,1,15,,52570,3,,,1,15,,52589,3,,,1,15,,52533,3,,,1,55,,52552,3,,,1,15,,52571,3,,,1,15,,52590,3,,,1,15,,52534,3,,,1,55,,52553,3,,,1,15,,52572,3,,,1,15,,52591,3,,,1,15,,52535,3,,,1,55,,52554,3,,,1,15,,52573,3,,,1,15,,52592,3,,,1,15,,52536,3,,,1,55,,52555,3,,,1,15,,52574,3,,,1,15,,52593,3,,,1,15,,52537,3,,,1,55,,52556,3,,,1,15,,52575,3,,,1,15,,52594,3,,,1,15,,52538,3,,,1,55,,52557,3,,,1,15,,52576,3,,,1,15,,52595,3,,,1,15,,52539,3,,,1,55,,52558,3,,,1,15,,52577,3,,,1,15,,52596,3,,,1,15,,52540,3,,,1,55,,52559,3,,,1,15,,52578,3,,,1,15,,52597,3,,,1,15,,52541,3,,,1,55,,52560,3,,,1,15,,52579,3,,,1,15,,52598,3,,,1,15,,52542,3,,,1,55,,52561,3,,,1,15,,52580,3,,,1,15,,52599,3,,,1,15,,52543,3,,,1,55,,52562,3,,,1,15,,52581,3,,,1,15,,52600,3,,,1,15,,52544,3,,,1,55,,52563,3,,,1,15,,52582,3,,,1,15,,52601,3,,,1,15,,52545,3,,,1,55,,52564,3,,,1,15,,52583,3,,,1,15,,52602,3,,,1,15,,52546,3,,,1,55,,52565,3,,,1,15,,52584,3,,,1,15,,52603,3,,,1,15,,52547,3,,,1,55,,52566,3,,,1,15,,52585,3,,,1,15,,52604,3,,,1,15,,52548,3,,,1,55,,52567,3,,,1,15,,52586,3,,,1,15,,52605,3,,,1,15,,52549,3,,,1,55,,52568,3,,,1,15,,52587,3,,,1,15,,52606,3,,,1,15,,52550,3,,,1,55,,52569,3,,,1
1,'20261222',542,,52666,3,,,1,15,,52607,3,,,1,52,,52627,3,,,1,15,,52647,3,,,1,15,,52667,3,,,1,15,,52608,3,,,1,55,,52628,3,,,1,15,,52648,3,,,1,15,,52668,3,,,1,15,,52609,3,,,1,55,,52629,3,,,1,15,,52649,3,,,1,15,,52669,3,,,1,15,,52610,3,,,1,55,,52630,3,,,1,15,,52650,3,,,1,15,,52670,3,,,1,15,,52611,3,,,1,55,,52631,3,,,1,15,,52651,3,,,1,15,,52671,3,,,1,15,,52612,3,,,1,55,,52632,3,,,1,15,,52652,3,,,1,15,,52672,3,,,1,15,,52613,3,,,1,55,,52633,3,,,1,15,,52653,3,,,1,15,,52673,3,,,1,15,,52614,3,,,1,55,,52634,3,,,1,15,,52654,3,,,1,15,,52674,3,,,1,15,,52615,3,,,1,55,,52635,3,,,1,15,,52655,3,,,1,15,,52675,3,,,1,15,,52616,3,,,1,55,,52636,3,,,1,15,,52656,3,,,1,15,,52676,3,,,1,15,,52617,3,,,1,55,,52637,3,,,1,15,,52657,3,,,1,15,,52677,3,,,1,15,,52618,3,,,1,55,,52638,3,,,1,15,,52658,3,,,1,15,,52678,3,,,1,15,,52619,3,,,1,55,,52639,3,,,1,15,,52659,3,,,1,15,,52679,3,,,1,15,,52620,3,,,1,55,,52640,3,,,1,15,,52660,3,,,1,15,,52680,3,,,1,15,,52621,3,,,1,55,,52641,3,,,1,15,,52661,3,,,1,15,,52681,3,,,1,15,,52622,3,,,1,55,,52642,3,,,1,15,,52662,3,,,1,15,,52682,3,,,1,15,,52623,3,,,1,55,,52643,3,,,1,15,,52663,3,,,1,15,,52683,3,,,1,15,,52624,3,,,1,55,,52644,3,,,1,15,,52664,3,,,1,15,,52684,3,,,1,15,,52625,3,,,1,55,,52645,3,,,1,15,,52665,3,,,1,15,,52685,3,,,1,15,,52626,3,,,1,55,,52646,3,,,1
1,'20261223',542,,52745,3,,,1,15,,52686,3,,,1,52,,52706,3,,,1,15,,52726,3,,,1,15,,52746,3,,,1,15,,52687,3,,,1,55,,52707,3,,,1,15,,52727,3,,,1,15,,52747,3,,,1,15,,52688,3,,,1,55,,52708,3,,,1,15,,52728,3,,,1,15,,52748,3,,,1,15,,52689,3,,,1,55,,52709,3,,,1,15,,52729,3,,,1,15,,52749,3,,,1,15,,52690,3,,,1,55,,52710,3,,,1,15,,52730,3,,,1,15,,52750,3,,,1,15,,52691,3,,,1,55,,52711,3,,,1,15,,52731,3,,,1,15,,52751,3,,,1,15,,52692,3,,,1,55,,52712,3,,,1,15,,52732,3,,,1,15,,52752,3,,,1,15,,52693,3,,,1,55,,52713,3,,,1,15,,52733,3,,,1,15,,52753,3,,,1,15,,52694,3,,,1,55,,52714,3,,,1,15,,52734,3,,,1,15,,52754,3,,,1,15,,52695,3,,,1,55,,52715,3,,,1,15,,52735,3,,,1,15,,52755,3,,,1,15,,52696,3,,,1,55,,52716,3,,,1,15,,52736,3,,,1,15,,52756,3,,,1,15,,52697,3,,,1,55,,52717,3,,,1,15,,52737,3,,,1,15,,52757,3,,,1,15,,52698,3,,,1,55,,52718,3,,,1,15,,52738,3,,,1,15,,52758,3,,,1,15,,52699,3,,,1,55,,52719,3,,,1,15,,52739,3,,,1,15,,52759,3,,,1,15,,52700,3,,,1,55,,52720,3,,,1,15,,52740,3,,,1,15,,52760,3,,,1,15,,52701,3,,,1,55,,52721,3,,,1,15,,52741,3,,,1,15,,52761,3,,,1,15,,52702,3,,,1,55,,52722,3,,,1,15,,52742,3,,,1,15,,52762,3,,,1,15,,52703,3,,,1,55,,52723,3,,,1,15,,52743,3,,,1,15,,52763,3,,,1,15,,52704,3,,,1,55,,52724,3,,,1,15,,52744,3,,,1,15,,52764,3,,,1,15,,52705,3,,,1,55,,52725,3,,,1
1,'20261224',542,,52824,3,,,1,15,,52765,3,,,1,52,,52785,3,,,1,15,,52805,3,,,1,15,,52825,3,,,1,15,,52766,3,,,1,55,,52786,3,,,1,15,,52806,3,,,1,15,,52826,3,,,1,15,,52767,3,,,1,55,,52787,3,,,1,15,,52807,3,,,1,15,,52827,3,,,1,15,,52768,3,,,1,55,,52788,3,,,1,15,,52808,3,,,1,15,,52828,3,,,1,15,,52769,3,,,1,55,,52789,3,,,1,15,,52809,3,,,1,15,,52829,3,,,1,15,,52770,3,,,1,55,,52790,3,,,1,15,,52810,3,,,1,15,,52830,3,,,1,15,,52771,3,,,1,55,,52791,3,,,1,15,,52811,3,,,1,15,,52831,3,,,1,15,,52772,3,,,1,55,,52792,3,,,1,15,,52812,3,,,1,15,,52832,3,,,1,15,,52773,3,,,1,55,,52793,3,,,1,15,,52813,3,,,1,15,,52833,3,,,1,15,,52774,3,,,1,55,,52794,3,,,1,15,,52814,3,,,1,15,,52834,3,,,1,15,,52775,3,,,1,55,,52795,3,,,1,15,,52815,3,,,1,15,,52835,3,,,1,15,,52776,3,,,1,55,,52796,3,,,1,15,,52816,3,,,1,15,,52836,3,,,1,15,,52777,3,,,1,55,,52797,3,,,1,15,,52817,3,,,1,15,,52837,3,,,1,15,,52778,3,,,1,55,,52798,3,,,1,15,,52818,3,,,1,15,,52838,3,,,1,15,,52779,3,,,1,55,,52799,3,,,1,15,,52819,3,,,1,15,,52839,3,,,1,15,,52780,3,,,1,55,,52800,3,,,1,15,,52820,3,,,1,15,,52840,3,,,1,15,,52781,3,,,1,55,,52801,3,,,1,15,,52821,3,,,1,15,,52841,3,,,1,15,,52782,3,,,1,55,,52802,3,,,1,15,,52822,3,,,1,15,,52842,3,,,1,15,,52783,3,,,1,55,,52803,3,,,1,15,,52823,3,,,1,15,,52843,3,,,1,15,,52784,3,,,1,55,,52804,3,,,1
1,'20261225',542,,52903,3,,,1,15,,52844,3,,,1,52,,52864,3,,,1,15,,52884,3,,,1,15,,52904,3,,,1,15,,52845,3,,,1,55,,52865,3,,,1,15,,52885,3,,,1,15,,52905,3,,,1,15,,52846,3,,,1,55,,52866,3,,,1,15,,52886,3,,,1,15,,52906,3,,,1,15,,52847,3,,,1,55,,52867,3,,,1,15,,52887,3,,,1,15,,52907,3,,,1,15,,52848,3,,,1,55,,52868,3,,,1,15,,52888,3,,,1,15,,52908,3,,,1,15,,52849,3,,,1,55,,52869,3,,,1,15,,52889,3,,,1,15,,52909,3,,,1,15,,52850,3,,,1,55,,52870,3,,,1,15,,52890,3,,,1,15,,52910,3,,,1,15,,52851,3,,,1,55,,52871,3,,,1,15,,52891,3,,,1,15,,52911,3,,,1,15,,52852,3,,,1,55,,52872,3,,,1,15,,52892,3,,,1,15,,52912,3,,,1,15,,52853,3,,,1,55,,52873,3,,,1,15,,52893,3,,,1,15,,52913,3,,,1,15,,52854,3,,,1,55,,52874,3,,,1,15,,52894,3,,,1,15,,52914,3,,,1,15,,52855,3,,,1,55,,52875,3,,,1,15,,52895,3,,,1,15,,52915,3,,,1,15,,52856,3,,,1,55,,52876,3,,,1,15,,52896,3,,,1,15,,52916,3,,,1,15,,52857,3,,,1,55,,52877,3,,,1,15,,52897,3,,,1,15,,52917,3,,,1,15,,52858,3,,,1,55,,52878,3,,,1,15,,52898,3,,,1,15,,52918,3,,,1,15,,52859,3,,,1,55,,52879,3,,,1,15,,52899,3,,,1,15,,52919,3,,,1,15,,52860,3,,,1,55,,52880,3,,,1,15,,52900,3,,,1,15,,52920,3,,,1,15,,52861,3,,,1,55,,52881,3,,,1,15,,52901,3,,,1,15,,52921,3,,,1,15,,52862,3,,,1,55,,52882,3,,,1,15,,52902,3,,,1,15,,52922,3,,,1,15,,52863,3,,,1,55,,52883,3,,,1
1,'20261226',639,,52979,3,,,1,15,,52923,3,,,1,55,,52942,3,,,1,15,,52961,3,,,1,15,,52980,3,,,1,15,,52924,3,,,1,55,,52943,3,,,1,15,,52962,3,,,1,15,,52981,3,,,1,15,,52925,3,,,1,55,,52944,3,,,1,15,,52963,3,,,1,15,,52982,3,,,1,15,,52926,3,,,1,55,,52945,3,,,1,15,,52964,3,,,1,15,,52983,3,,,1,15,,52927,3,,,1,55,,52946,3,,,1,15,,52965,3,,,1,15,,52984,3,,,1,15,,52928,3,,,1,55,,52947,3,,,1,15,,52966,3,,,1,15,,52985,3,,,1,15,,52929,3,,,1,55,,52948,3,,,1,15,,52967,3,,,1,15,,52986,3,,,1,15,,52930,3,,,1,55,,52949,3,,,1,15,,52968,3,,,1,15,,52987,3,,,1,15,,52931,3,,,1,55,,52950,3,,,1,15,,52969,3,,,1,15,,52988,3,,,1,15,,52932,3,,,1,55,,52951,3,,,1,15,,52970,3,,,1,15,,52989,3,,,1,15,,52933,3,,,1,55,,52952,3,,,1,15,,52971,3,,,1,15,,52990,3,,,1,15,,52934,3,,,1,55,,52953,3,,,1,15,,52972,3,,,1,15,,52991,3,,,1,15,,52935,3,,,1,55,,52954,3,,,1,15,,52973,3,,,1,15,,52992,3,,,1,15,,52936,3,,,1,55,,52955,3,,,1,15,,52974,3,,,1,15,,52993,3,,,1,15,,52937,3,,,1,55,,52956,3,,,1,15,,52975,3,,,1,15,,52994,3,,,1,15,,52938,3,,,1,55,,52957,3,,,1,15,,52976,3,,,1,15,,52995,3,,,1,15,,52939,3,,,1,55,,52958,3,,,1,15,,52977,3,,,1,15,,52996,3,,,1,15,,52940,3,,,1,55,,52959,3,,,1,15,,52978,3,,,1,15,,52997,3,,,1,15,,52941,3,,,1,55,,52960,3,,,1
1,'20261227',639,,53054,3,,,1,15,,52998,3,,,1,55,,53017,3,,,1,15,,53036,3,,,1,15,,53055,3,,,1,15,,52999,3,,,1,55,,53018,3,,,1,15,,53037,3,,,1,15,,53056,3,,,1,15,,53000,3,,,1,55,,53019,3,,,1,15,,53038,3,,,1,15,,53057,3,,,1,15,,53001,3,,,1,55,,53020,3,,,1,15,,53039,3,,,1,15,,53058,3,,,1,15,,53002,3,,,1,55,,53021,3,,,1,15,,53040,3,,,1,15,,53059,3,,,1,15,,53003,3,,,1,55,,53022,3,,,1,15,,53041,3,,,1,15,,53060,3,,,1,15,,53004,3,,,1,55,,53023,3,,,1,15,,53042,3,,,1,15,,53061,3,,,1,15,,53005,3,,,1,55,,53024,3,,,1,15,,53043,3,,,1,15,,53062,3,,,1,15,,53006,3,,,1,55,,53025,3,,,1,15,,53044,3,,,1,15,,53063,3,,,1,15,,53007,3,,,1,55,,53026,3,,,1,15,,53045,3,,,1,15,,53064,3,,,1,15,,53008,3,,,1,55,,53027,3,,,1,15,,53046,3,,,1,15,,53065,3,,,1,15,,53009,3,,,1,55,,53028,3,,,1,15,,53047,3,,,1,15,,53066,3,,,1,15,,53010,3,,,1,55,,53029,3,,,1,15,,53048,3,,,1,15,,53067,3,,,1,15,,53011,3,,,1,55,,53030,3,,,1,15,,53049,3,,,1,15,,53068,3,,,1,15,,53012,3,,,1,55,,53031,3,,,1,15,,53050,3,,,1,15,,53069,3,,,1,15,,53013,3,,,1,55,,53032,3,,,1,15,,53051,3,,,1,15,,53070,3,,,1,15,,53014,3,,,1,55,,53033,3,,,1,15,,53052,3,,,1,15,,53071,3,,,1,15,,53015,3,,,1,55,,53034,3,,,1,15,,53053,3,,,1,15,,53072,3,,,1,15,,53016,3,,,1,55,,53035,3,,,1
1,'20261228',639,,53129,3,,,1,15,,53073,3,,,1,55,,53092,3,,,1,15,,53111,3,,,1,15,,53130,3,,,1,15,,53074,3,,,1,55,,53093,3,,,1,15,,53112,3,,,1,15,,53131,3,,,1,15,,53075,3,,,1,55,,53094,3,,,1,15,,53113,3,,,1,15,,53132,3,,,1,15,,53076,3,,,1,55,,53095,3,,,1,15,,53114,3,,,1,15,,53133,3,,,1,15,,53077,3,,,1,55,,53096,3,,,1,15,,53115,3,,,1,15,,53134,3,,,1,15,,53078,3,,,1,55,,53097,3,,,1,15,,53116,3,,,1,15,,53135,3,,,1,15,,53079,3,,,1,55,,53098,3,,,1,15,,53117,3,,,1,15,,53136,3,,,1,15,,53080,3,,,1,55,,53099,3,,,1,15,,53118,3,,,1,15,,53137,3,,,1,15,,53081,3,,,1,55,,53100,3,,,1,15,,53119,3,,,1,15,,53138,3,,,1,15,,53082,3,,,1,55,,53101,3,,,1,15,,53120,3,,,1,15,,53139,3,,,1,15,,53083,3,,,1,55,,53102,3,,,1,15,,53121,3,,,1,15,,53140,3,,,1,15,,53084,3,,,1,55,,53103,3,,,1,15,,53122,3,,,1,15,,53141,3,,,1,15,,53085,3,,,1,55,,53104,3,,,1,15,,53123,3,,,1,15,,53142,3,,,1,15,,53086,3,,,1,55,,53105,3,,,1,15,,53124,3,,,1,15,,53143,3,,,1,15,,53087,3,,,1,55,,53106,3,,,1,15,,53125,3,,,1,15,,53144,3,,,1,15,,53088,3,,,1,55,,53107,3,,,1,15,,53126,3,,,1,15,,53145,3,,,1,15,,53089,3,,,1,55,,53108,3,,,1,15,,53127,3,,,1,15,,53146,3,,,1,15,,53090,3,,,1,55,,53109,3,,,1,15,,53128,3,,,1,15,,53147,3,,,1,15,,53091,3,,,1,55,,53110,3,,,1
1,'20261229',542,,53207,3,,,1,15,,53148,3,,,1,52,,53168,3,,,1,15,,53188,3,,,1,15,,53208,3,,,1,15,,53149,3,,,1,55,,53169,3,,,1,15,,53189,3,,,1,15,,53209,3,,,1,15,,53150,3,,,1,55,,53170,3,,,1,15,,53190,3,,,1,15,,53210,3,,,1,15,,53151,3,,,1,55,,53171,3,,,1,15,,53191,3,,,1,15,,53211,3,,,1,15,,53152,3,,,1,55,,53172,3,,,1,15,,53192,3,,,1,15,,53212,3,,,1,15,,53153,3,,,1,55,,53173,3,,,1,15,,53193,3,,,1,15,,53213,3,,,1,15,,53154,3,,,1,55,,53174,3,,,1,15,,53194,3,,,1,15,,53214,3,,,1,15,,53155,3,,,1,55,,53175,3,,,1,15,,53195,3,,,1,15,,53215,3,,,1,15,,53156,3,,,1,55,,53176,3,,,1,15,,53196,3,,,1,15,,53216,3,,,1,15,,53157,3,,,1,55,,53177,3,,,1,15,,53197,3,,,1,15,,53217,3,,,1,15,,53158,3,,,1,55,,53178,3,,,1,15,,53198,3,,,1,15,,53218,3,,,1,15,,53159,3,,,1,55,,53179,3,,,1,15,,53199,3,,,1,15,,53219,3,,,1,15,,53160,3,,,1,55,,53180,3,,,1,15,,53200,3,,,1,15,,53220,3,,,1,15,,53161,3,,,1,55,,53181,3,,,1,15,,53201,3,,,1,15,,53221,3,,,1,15,,53162,3,,,1,55,,53182,3,,,1,15,,53202,3,,,1,15,,53222,3,,,1,15,,53163,3,,,1,55,,53183,3,,,1,15,,53203,3,,,1,15,,53223,3,,,1,15,,53164,3,,,1,55,,53184,3,,,1,15,,53204,3,,,1,15,,53224,3,,,1,15,,53165,3,,,1,55,,53185,3,,,1,15,,53205,3,,,1,15,,53225,3,,,1,15,,53166,3,,,1,55,,53186,3,,,1,15,,53206,3,,,1,15,,53226,3,,,1,15,,53167,3,,,1,55,,53187,3,,,1
1,'20261230',542,,53286,3,,,1,15,,53227,3,,,1,52,,53247,3,,,1,15,,53267,3,,,1,15,,53287,3,,,1,15,,53228,3,,,1,55,,53248,3,,,1,15,,53268,3,,,1,15,,53288,3,,,1,15,,53229,3,,,1,55,,53249,3,,,1,15,,53269,3,,,1,15,,53289,3,,,1,15,,53230,3,,,1,55,,53250,3,,,1,15,,53270,3,,,1,15,,53290,3,,,1,15,,53231,3,,,1,55,,53251,3,,,1,15,,53271,3,,,1,15,,53291,3,,,1,15,,53232,3,,,1,55,,53252,3,,,1,15,,53272,3,,,1,15,,53292,3,,,1,15,,53233,3,,,1,55,,53253,3,,,1,15,,53273,3,,,1,15,,53293,3,,,1,15,,53234,3,,,1,55,,53254,3,,,1,15,,53274,3,,,1,15,,53294,3,,,1,15,,53235,3,,,1,55,,53255,3,,,1,15,,53275,3,,,1,15,,53295,3,,,1,15,,53236,3,,,1,55,,53256,3,,,1,15,,53276,3,,,1,15,,53296,3,,,1,15,,53237,3,,,1,55,,53257,3,,,1,15,,53277,3,,,1,15,,53297,3,,,1,15,,53238,3,,,1,55,,53258,3,,,1,15,,53278,3,,,1,15,,53298,3,,,1,15,,53239,3,,,1,55,,53259,3,,,1,15,,53279,3,,,1,15,,53299,3,,,1,15,,53240,3,,,1,55,,53260,3,,,1,15,,53280,3,,,1,15,,53300,3,,,1,15,,53241,3,,,1,55,,53261,3,,,1,15,,53281,3,,,1,15,,53301,3,,,1,15,,53242,3,,,1,55,,53262,3,,,1,15,,53282,3,,,1,15,,53302,3,,,1,15,,53243,3,,,1,55,,53263,3,,,1,15,,53283,3,,,1,15,,53303,3,,,1,15,,53244,3,,,1,55,,53264,3,,,1,15,,53284,3,,,1,15,,53304,3,,,1,15,,53245,3,,,1,55,,53265,3,,,1,15,,53285,3,,,1,15,,53305,3,,,1,15,,53246,3,,,1,55,,53266,3,,,1
1,'20261231',542,,53365,3,,,1,15,,53306,3,,,1,52,,53326,3,,,1,15,,53346,3,,,1,15,,53366,3,,,1,15,,53307,3,,,1,55,,53327,3,,,1,15,,53347,3,,,1,15,,53367,3,,,1,15,,53308,3,,,1,55,,53328,3,,,1,15,,53348,3,,,1,15,,53368,3,,,1,15,,53309,3,,,1,55,,53329,3,,,1,15,,53349,3,,,1,15,,53369,3,,,1,15,,53310,3,,,1,55,,53330,3,,,1,15,,53350,3,,,1,15,,53370,3,,,1,15,,53311,3,,,1,55,,53331,3,,,1,15,,53351,3,,,1,15,,53371,3,,,1,15,,53312,3,,,1,55,,53332,3,,,1,15,,53352,3,,,1,15,,53372,3,,,1,15,,53313,3,,,1,55,,53333,3,,,1,15,,53353,3,,,1,15,,53373,3,,,1,15,,53314,3,,,1,55,,53334,3,,,1,15,,53354,3,,,1,15,,53374,3,,,1,15,,53315,3,,,1,55,,53335,3,,,1,15,,53355,3,,,1,15,,53375,3,,,1,15,,53316,3,,,1,55,,53336,3,,,1,15,,53356,3,,,1,15,,53376,3,,,1,15,,53317,3,,,1,55,,53337,3,,,1,15,,53357,3,,,1,15,,53377,3,,,1,15,,53318,3,,,1,55,,53338,3,,,1,15,,53358,3,,,1,15,,53378,3,,,1,15,,53319,3,,,1,55,,53339,3,,,1,15,,53359,3,,,1,15,,53379,3,,,1,15,,53320,3,,,1,55,,53340,3,,,1,15,,53360,3,,,1,15,,53380,3,,,1,15,,53321,3,,,1,55,,53341,3,,,1,15,,53361,3,,,1,15,,53381,3,,,1,15,,53322,3,,,1,55,,53342,3,,,1,15,,53362,3,,,1,15,,53382,3,,,1,15,,53323,3,,,1,55,,53343,3,,,1,15,,53363,3,,,1,15,,53383,3,,,1,15,,53324,3,,,1,55,,53344,3,,,1,15,,53364,3,,,1,15,,53384,3,,,1,15,,53325,3,,,1,55,,53345,3,,,1
1,'20270101',542,,53444,3,,,1,15,,53385,3,,,1,52,,53405,3,,,1,15,,53425,3,,,1,15,,53445,3,,,1,15,,53386,3,,,1,55,,53406,3,,,1,15,,53426,3,,,1,15,,53446,3,,,1,15,,53387,3,,,1,55,,53407,3,,,1,15,,53427,3,,,1,15,,53447,3,,,1,15,,53388,3,,,1,55,,53408,3,,,1,15,,53428,3,,,1,15,,53448,3,,,1,15,,53389,3,,,1,55,,53409,3,,,1,15,,53429,3,,,1,15,,53449,3,,,1,15,,53390,3,,,1,55,,53410,3,,,1,15,,53430,3,,,1,15,,53450,3,,,1,15,,53391,3,,,1,55,,53411,3,,,1,15,,53431,3,,,1,15,,53451,3,,,1,15,,53392,3,,,1,55,,53412,3,,,1,15,,53432,3,,,1,15,,53452,3,,,1,15,,53393,3,,,1,55,,53413,3,,,1,15,,53433,3,,,1,15,,53453,3,,,1,15,,53394,3,,,1,55,,53414,3,,,1,15,,53434,3,,,1,15,,53454,3,,,1,15,,53395,3,,,1,55,,53415,3,,,1,15,,53435,3,,,1,15,,53455,3,,,1,15,,53396,3,,,1,55,,53416,3,,,1,15,,53436,3,,,1,15,,53456,3,,,1,15,,53397,3,,,1,55,,53417,3,,,1,15,,53437,3,,,1,15,,53457,3,,,1,15,,53398,3,,,1,55,,53418,3,,,1,15,,53438,3,,,1,15,,53458,3,,,1,15,,53399,3,,,1,55,,53419,3,,,1,15,,53439,3,,,1,15,,53459,3,,,1,15,,53400,3,,,1,55,,53420,3,,,1,15,,53440,3,,,1,15,,53460,3,,,1,15,,53401,3,,,1,55,,53421,3,,,1,15,,53441,3,,,1,15,,53461,3,,,1,15,,53402,3,,,1,55,,53422,3,,,1,15,,53442,3,,,1,15,,53462,3,,,1,15,,53403,3,,,1,55,,53423,3,,,1,15,,53443,3,,,1,15,,53463,3,,,1,15,,53404,3,,,1,55,,53424,3,,,1
1,'20270102',639,,53520,3,,,1,15,,53464,3,,,1,55,,53483,3,,,1,15,,53502,3,,,1,15,,53521,3,,,1,15,,53465,3,,,1,55,,53484,3,,,1,15,,53503,3,,,1,15,,53522,3,,,1,15,,53466,3,,,1,55,,53485,3,,,1,15,,53504,3,,,1,15,,53523,3,,,1,15,,53467,3,,,1,55,,53486,3,,,1,15,,53505,3,,,1,15,,53524,3,,,1,15,,53468,3,,,1,55,,53487,3,,,1,15,,53506,3,,,1,15,,53525,3,,,1,15,,53469,3,,,1,55,,53488,3,,,1,15,,53507,3,,,1,15,,53526,3,,,1,15,,53470,3,,,1,55,,53489,3,,,1,15,,53508,3,,,1,15,,53527,3,,,1,15,,53471,3,,,1,55,,53490,3,,,1,15,,53509,3,,,1,15,,53528,3,,,1,15,,53472,3,,,1,55,,53491,3,,,1,15,,53510,3,,,1,15,,53529,3,,,1,15,,53473,3,,,1,55,,53492,3,,,1,15,,53511,3,,,1,15,,53530,3,,,1,15,,53474,3,,,1,55,,53493,3,,,1,15,,53512,3,,,1,15,,53531,3,,,1,15,,53475,3,,,1,55,,53494,3,,,1,15,,53513,3,,,1,15,,53532,3,,,1,15,,53476,3,,,1,55,,53495,3,,,1,15,,53514,3,,,1,15,,53533,3,,,1,15,,53477,3,,,1,55,,53496,3,,,1,15,,53515,3,,,1,15,,53534,3,,,1,15,,53478,3,,,1,55,,53497,3,,,1,15,,53516,3,,,1,15,,53535,3,,,1,15,,53479,3,,,1,55,,53498,3,,,1,15,,53517,3,,,1,15,,53536,3,,,1,15,,53480,3,,,1,55,,53499,3,,,1,15,,53518,3,,,1,15,,53537,3,,,1,15,,53481,3,,,1,55,,53500,3,,,1,15,,53519,3,,,1,15,,53538,3,,,1,15,,53482,3,,,1,55,,53501,3,,,1
1,'20270103',639,,53595,3,,,1,15,,53539,3,,,1,55,,53558,3,,,1,15,,53577,3,,,1,15,,53596,3,,,1,15,,53540,3,,,1,55,,53559,3,,,1,15,,53578,3,,,1,15,,53597,3,,,1,15,,53541,3,,,1,55,,53560,3,,,1,15,,53579,3,,,1,15,,53598,3,,,1,15,,53542,3,,,1,55,,53561,3,,,1,15,,53580,3,,,1,15,,53599,3,,,1,15,,53543,3,,,1,55,,53562,3,,,1,15,,53581,3,,,1,15,,53600,3,,,1,15,,53544,3,,,1,55,,53563,3,,,1,15,,53582,3,,,1,15,,53601,3,,,1,15,,53545,3,,,1,55,,53564,3,,,1,15,,53583,3,,,1,15,,53602,3,,,1,15,,53546,3,,,1,55,,53565,3,,,1,15,,53584,3,,,1,15,,53603,3,,,1,15,,53547,3,,,1,55,,53566,3,,,1,15,,53585,3,,,1,15,,53604,3,,,1,15,,53548,3,,,1,55,,53567,3,,,1,15,,53586,3,,,1,15,,53605,3,,,1,15,,53549,3,,,1,55,,53568,3,,,1,15,,53587,3,,,1,15,,53606,3,,,1,15,,53550,3,,,1,55,,53569,3,,,1,15,,53588,3,,,1,15,,53607,3,,,1,15,,53551,3,,,1,55,,53570,3,,,1,15,,53589,3,,,1,15,,53608,3,,,1,15,,53552,3,,,1,55,,53571,3,,,1,15,,53590,3,,,1,15,,53609,3,,,1,15,,53553,3,,,1,55,,53572,3,,,1,15,,53591,3,,,1,15,,53610,3,,,1,15,,53554,3,,,1,55,,53573,3,,,1,15,,53592,3,,,1,15,,53611,3,,,1,15,,53555,3,,,1,55,,53574,3,,,1,15,,53593,3,,,1,15,,53612,3,,,1,15,,53556,3,,,1,55,,53575,3,,,1,15,,53594,3,,,1,15,,53613,3,,,1,15,,53557,3,,,1,55,,53576,3,,,1
