0,'20260921',523,,68807,5,4,,1,15,,68747,5,4,,1,20,,68787,5,4,,1,55,,68808,5,4,,1,15,,68748,5,4,,1,15,,68768,5,4,,1,15,,68788,5,4,,1,55,,68809,5,4,,1,15,,68749,5,4,,1,15,,68769,5,4,,1,15,,68789,5,4,,1,55,,68810,5,4,,1,15,,68750,5,4,,1,15,,68770,5,4,,1,15,,68790,5,4,,1,55,,68811,5,4,,1,15,,68751,5,4,,1,15,,68771,5,4,,1,15,,68791,5,4,,1,55,,68812,5,4,,1,15,,68752,5,4,,1,15,,68772,5,4,,1,15,,68792,5,4,,1,55,,68813,5,4,,1,15,,68753,5,4,,1,15,,68773,5,4,,1,15,,68793,5,4,,1,55,,68814,5,4,,1,15,,68754,5,4,,1,15,,68774,5,4,,1,15,,68794,5,4,,1,55,,68815,5,4,,1,15,,68755,5,4,,1,15,,68775,5,4,,1,15,,68795,5,4,,1,55,,68816,5,4,,1,15,,68756,5,4,,1,15,,68776,5,4,,1,15,,68796,5,4,,1,55,,68817,5,4,,1,15,,68757,5,4,,1,15,,68777,5,4,,1,15,,68797,5,4,,1,55,,68818,5,4,,1,15,,68758,5,4,,1,15,,68778,5,4,,1,15,,68798,5,4,,1,55,,68819,5,4,,1,15,,68759,5,4,,1,15,,68779,5,4,,1,15,,68799,5,4,,1,55,,68820,5,4,,1,15,,68760,5,4,,1,15,,68780,5,4,,1,15,,68800,5,4,,1,55,,68821,5,4,,1,15,,68761,5,4,,1,15,,68781,5,4,,1,15,,68801,5,4,,1,55,,68822,5,4,,1,15,,68762,5,4,,1,15,,68782,5,4,,1,15,,68802,5,4,,1,55,,68823,5,4,,1,15,,68763,5,4,,1,15,,68783,5,4,,1,15,,68803,5,4,,1,55,,68824,5,4,,1,15,,68764,5,4,,1,15,,68784,5,4,,1,15,,68804,5,4,,1,55,,68825,5,4,,1,15,,68765,5,4,,1,15,,68785,5,4,,1,15,,68805,5,4,,1,55,,68826,5,4,,1,15,,68766,5,4,,1,15,,68786,5,4,,1,15,,68806,5,4,,1,55,,68827,5,4,,1,15,,68767,5,4,,1
0,'20260922',523,,68888,5,4,,1,15,,68828,5,4,,1,20,,68868,5,4,,1,55,,68889,5,4,,1,15,,68829,5,4,,1,15,,68849,5,4,,1,15,,68869,5,4,,1,55,,68890,5,4,,1,15,,68830,5,4,,1,15,,68850,5,4,,1,15,,68870,5,4,,1,55,,68891,5,4,,1,15,,68831,5,4,,1,15,,68851,5,4,,1,15,,68871,5,4,,1,55,,68892,5,4,,1,15,,68832,5,4,,1,15,,68852,5,4,,1,15,,68872,5,4,,1,55,,68893,5,4,,1,15,,68833,5,4,,1,15,,68853,5,4,,1,15,,68873,5,4,,1,55,,68894,5,4,,1,15,,68834,5,4,,1,15,,68854,5,4,,1,15,,68874,5,4,,1,55,,68895,5,4,,1,15,,68835,5,4,,1,15,,68855,5,4,,1,15,,68875,5,4,,1,55,,68896,5,4,,1,15,,68836,5,4,,1,15,,68856,5,4,,1,15,,68876,5,4,,1,55,,68897,5,4,,1,15,,68837,5,4,,1,15,,68857,5,4,,1,15,,68877,5,4,,1,55,,68898,5,4,,1,15,,68838,5,4,,1,15,,68858,5,4,,1,15,,68878,5,4,,1,55,,68899,5,4,,1,15,,68839,5,4,,1,15,,68859,5,4,,1,15,,68879,5,4,,1,55,,68900,5,4,,1,15,,68840,5,4,,1,15,,68860,5,4,,1,15,,68880,5,4,,1,55,,68901,5,4,,1,15,,68841,5,4,,1,15,,68861,5,4,,1,15,,68881,5,4,,1,55,,68902,5,4,,1,15,,68842,5,4,,1,15,,68862,5,4,,1,15,,68882,5,4,,1,55,,68903,5,4,,1,15,,68843,5,4,,1,15,,68863,5,4,,1,15,,68883,5,4,,1,55,,68904,5,4,,1,15,,68844,5,4,,1,15,,68864,5,4,,1,15,,68884,5,4,,1,55,,68905,5,4,,1,15,,68845,5,4,,1,15,,68865,5,4,,1,15,,68885,5,4,,1,55,,68906,5,4,,1,15,,68846,5,4,,1,15,,68866,5,4,,1,15,,68886,5,4,,1,55,,68907,5,4,,1,15,,68847,5,4,,1,15,,68867,5,4,,1,15,,68887,5,4,,1,55,,68908,5,4,,1,15,,68848,5,4,,1
0,'20260923',523,,68969,5,4,,1,15,,68909,5,4,,1,20,,68949,5,4,,1,55,,68970,5,4,,1,15,,68910,5,4,,1,15,,68930,5,4,,1,15,,68950,5,4,,1,55,,68971,5,4,,1,15,,68911,5,4,,1,15,,68931,5,4,,1,15,,68951,5,4,,1,55,,68972,5,4,,1,15,,68912,5,4,,1,15,,68932,5,4,,1,15,,68952,5,4,,1,55,,68973,5,4,,1,15,,68913,5,4,,1,15,,68933,5,4,,1,15,,68953,5,4,,1,55,,68974,5,4,,1,15,,68914,5,4,,1,15,,68934,5,4,,1,15,,68954,5,4,,1,55,,68975,5,4,,1,15,,68915,5,4,,1,15,,68935,5,4,,1,15,,68955,5,4,,1,55,,68976,5,4,,1,15,,68916,5,4,,1,15,,68936,5,4,,1,15,,68956,5,4,,1,55,,68977,5,4,,1,15,,68917,5,4,,1,15,,68937,5,4,,1,15,,68957,5,4,,1,55,,68978,5,4,,1,15,,68918,5,4,,1,15,,68938,5,4,,1,15,,68958,5,4,,1,55,,68979,5,4,,1,15,,68919,5,4,,1,15,,68939,5,4,,1,15,,68959,5,4,,1,55,,68980,5,4,,1,15,,68920,5,4,,1,15,,68940,5,4,,1,15,,68960,5,4,,1,55,,68981,5,4,,1,15,,68921,5,4,,1,15,,68941,5,4,,1,15,,68961,5,4,,1,55,,68982,5,4,,1,15,,68922,5,4,,1,15,,68942,5,4,,1,15,,68962,5,4,,1,55,,68983,5,4,,1,15,,68923,5,4,,1,15,,68943,5,4,,1,15,,68963,5,4,,1,55,,68984,5,4,,1,15,,68924,5,4,,1,15,,68944,5,4,,1,15,,68964,5,4,,1,55,,68985,5,4,,1,15,,68925,5,4,,1,15,,68945,5,4,,1,15,,68965,5,4,,1,55,,68986,5,4,,1,15,,68926,5,4,,1,15,,68946,5,4,,1,15,,68966,5,4,,1,55,,68987,5,4,,1,15,,68927,5,4,,1,15,,68947,5,4,,1,15,,68967,5,4,,1,55,,68988,5,4,,1,15,,68928,5,4,,1,15,,68948,5,4,,1,15,,68968,5,4,,1,55,,68989,5,4,,1,15,,68929,5,4,,1
0,'20260924',523,,69050,5,4,,1,15,,68990,5,4,,1,20,,69030,5,4,,1,55,,69051,5,4,,1,15,,68991,5,4,,1,15,,69011,5,4,,1,15,,69031,5,4,,1,55,,69052,5,4,,1,15,,68992,5,4,,1,15,,69012,5,4,,1,15,,69032,5,4,,1,55,,69053,5,4,,1,15,,68993,5,4,,1,15,,69013,5,4,,1,15,,69033,5,4,,1,55,,69054,5,4,,1,15,,68994,5,4,,1,15,,69014,5,4,,1,15,,69034,5,4,,1,55,,69055,5,4,,1,15,,68995,5,4,,1,15,,69015,5,4,,1,15,,69035,5,4,,1,55,,69056,5,4,,1,15,,68996,5,4,,1,15,,69016,5,4,,1,15,,69036,5,4,,1,55,,69057,5,4,,1,15,,68997,5,4,,1,15,,69017,5,4,,1,15,,69037,5,4,,1,55,,69058,5,4,,1,15,,68998,5,4,,1,15,,69018,5,4,,1,15,,69038,5,4,,1,55,,69059,5,4,,1,15,,68999,5,4,,1,15,,69019,5,4,,1,15,,69039,5,4,,1,55,,69060,5,4,,1,15,,69000,5,4,,1,15,,69020,5,4,,1,15,,69040,5,4,,1,55,,69061,5,4,,1,15,,69001,5,4,,1,15,,69021,5,4,,1,15,,69041,5,4,,1,55,,69062,5,4,,1,15,,69002,5,4,,1,15,,69022,5,4,,1,15,,69042,5,4,,1,55,,69063,5,4,,1,15,,69003,5,4,,1,15,,69023,5,4,,1,15,,69043,5,4,,1,55,,69064,5,4,,1,15,,69004,5,4,,1,15,,69024,5,4,,1,15,,69044,5,4,,1,55,,69065,5,4,,1,15,,69005,5,4,,1,15,,69025,5,4,,1,15,,69045,5,4,,1,55,,69066,5,4,,1,15,,69006,5,4,,1,15,,69026,5,4,,1,15,,69046,5,4,,1,55,,69067,5,4,,1,15,,69007,5,4,,1,15,,69027,5,4,,1,15,,69047,5,4,,1,55,,69068,5,4,,1,15,,69008,5,4,,1,15,,69028,5,4,,1,15,,69048,5,4,,1,55,,69069,5,4,,1,15,,69009,5,4,,1,15,,69029,5,4,,1,15,,69049,5,4,,1,55,,69070,5,4,,1,15,,69010,5,4,,1
0,'20260925',523,,69131,5,4,,1,15,,69071,5,4,,1,20,,69111,5,4,,1,55,,69132,5,4,,1,15,,69072,5,4,,1,15,,69092,5,4,,1,15,,69112,5,4,,1,55,,69133,5,4,,1,15,,69073,5,4,,1,15,,69093,5,4,,1,15,,69113,5,4,,1,55,,69134,5,4,,1,15,,69074,5,4,,1,15,,69094,5,4,,1,15,,69114,5,4,,1,55,,69135,5,4,,1,15,,69075,5,4,,1,15,,69095,5,4,,1,15,,69115,5,4,,1,55,,69136,5,4,,1,15,,69076,5,4,,1,15,,69096,5,4,,1,15,,69116,5,4,,1,55,,69137,5,4,,1,15,,69077,5,4,,1,15,,69097,5,4,,1,15,,69117,5,4,,1,55,,69138,5,4,,1,15,,69078,5,4,,1,15,,69098,5,4,,1,15,,69118,5,4,,1,55,,69139,5,4,,1,15,,69079,5,4,,1,15,,69099,5,4,,1,15,,69119,5,4,,1,55,,69140,5,4,,1,15,,69080,5,4,,1,15,,69100,5,4,,1,15,,69120,5,4,,1,55,,69141,5,4,,1,15,,69081,5,4,,1,15,,69101,5,4,,1,15,,69121,5,4,,1,55,,69142,5,4,,1,15,,69082,5,4,,1,15,,69102,5,4,,1,15,,69122,5,4,,1,55,,69143,5,4,,1,15,,69083,5,4,,1,15,,69103,5,4,,1,15,,69123,5,4,,1,55,,69144,5,4,,1,15,,69084,5,4,,1,15,,69104,5,4,,1,15,,69124,5,4,,1,55,,69145,5,4,,1,15,,69085,5,4,,1,15,,69105,5,4,,1,15,,69125,5,4,,1,55,,69146,5,4,,1,15,,69086,5,4,,1,15,,69106,5,4,,1,15,,69126,5,4,,1,55,,69147,5,4,,1,15,,69087,5,4,,1,15,,69107,5,4,,1,15,,69127,5,4,,1,55,,69148,5,4,,1,15,,69088,5,4,,1,15,,69108,5,4,,1,15,,69128,5,4,,1,55,,69149,5,4,,1,15,,69089,5,4,,1,15,,69109,5,4,,1,15,,69129,5,4,,1,55,,69150,5,4,,1,15,,69090,5,4,,1,15,,69110,5,4,,1,15,,69130,5,4,,1,55,,69151,5,4,,1,15,,69091,5,4,,1
0,'20260926',628,,69152,5,4,,1,15,,69172,5,4,,1,15,,69191,5,4,,1,55,,69210,5,4,,1,15,,69153,5,4,,1,15,,69173,5,4,,1,15,,69192,5,4,,1,55,,69211,5,4,,1,15,,69154,5,4,,1,15,,69174,5,4,,1,15,,69193,5,4,,1,55,,69212,5,4,,1,15,,69155,5,4,,1,15,,69175,5,4,,1,15,,69194,5,4,,1,55,,69213,5,4,,1,15,,69156,5,4,,1,15,,69176,5,4,,1,15,,69195,5,4,,1,55,,69214,5,4,,1,15,,69157,5,4,,1,15,,69177,5,4,,1,15,,69196,5,4,,1,55,,69215,5,4,,1,15,,69158,5,4,,1,15,,69178,5,4,,1,15,,69197,5,4,,1,55,,69216,5,4,,1,15,,69159,5,4,,1,15,,69179,5,4,,1,15,,69198,5,4,,1,55,,69217,5,4,,1,15,,69160,5,4,,1,15,,69180,5,4,,1,15,,69199,5,4,,1,55,,69218,5,4,,1,15,,69161,5,4,,1,15,,69181,5,4,,1,15,,69200,5,4,,1,55,,69219,5,4,,1,15,,69162,5,4,,1,15,,69182,5,4,,1,15,,69201,5,4,,1,55,,69220,5,4,,1,15,,69163,5,4,,1,15,,69183,5,4,,1,15,,69202,5,4,,1,55,,69221,5,4,,1,15,,69164,5,4,,1,15,,69184,5,4,,1,15,,69203,5,4,,1,55,,69222,5,4,,1,15,,69165,5,4,,1,15,,69185,5,4,,1,15,,69204,5,4,,1,55,,69223,5,4,,1,15,,69166,5,4,,1,15,,69186,5,4,,1,15,,69205,5,4,,1,55,,69224,5,4,,1,15,,69167,5,4,,1,15,,69187,5,4,,1,15,,69206,5,4,,1,55,,69225,5,4,,1,15,,69168,5,4,,1,15,,69188,5,4,,1,15,,69207,5,4,,1,55,,69226,5,4,,1,15,,69169,5,4,,1,15,,69189,5,4,,1,15,,69208,5,4,,1,55,,69227,5,4,,1,15,,69170,5,4,,1,15,,69190,5,4,,1,15,,69209,5,4,,1,55,,69228,5,4,,1,15,,69171,5,4,,1
0,'20260927',628,,69229,5,4,,1,15,,69249,5,4,,1,15,,69268,5,4,,1,55,,69287,5,4,,1,15,,69230,5,4,,1,15,,69250,5,4,,1,15,,69269,5,4,,1,55,,69288,5,4,,1,15,,69231,5,4,,1,15,,69251,5,4,,1,15,,69270,5,4,,1,55,,69289,5,4,,1,15,,69232,5,4,,1,15,,69252,5,4,,1,15,,69271,5,4,,1,55,,69290,5,4,,1,15,,69233,5,4,,1,15,,69253,5,4,,1,15,,69272,5,4,,1,55,,69291,5,4,,1,15,,69234,5,4,,1,15,,69254,5,4,,1,15,,69273,5,4,,1,55,,69292,5,4,,1,15,,69235,5,4,,1,15,,69255,5,4,,1,15,,69274,5,4,,1,55,,69293,5,4,,1,15,,69236,5,4,,1,15,,69256,5,4,,1,15,,69275,5,4,,1,55,,69294,5,4,,1,15,,69237,5,4,,1,15,,69257,5,4,,1,15,,69276,5,4,,1,55,,69295,5,4,,1,15,,69238,5,4,,1,15,,69258,5,4,,1,15,,69277,5,4,,1,55,,69296,5,4,,1,15,,69239,5,4,,1,15,,69259,5,4,,1,15,,69278,5,4,,1,55,,69297,5,4,,1,15,,69240,5,4,,1,15,,69260,5,4,,1,15,,69279,5,4,,1,55,,69298,5,4,,1,15,,69241,5,4,,1,15,,69261,5,4,,1,15,,69280,5,4,,1,55,,69299,5,4,,1,15,,69242,5,4,,1,15,,69262,5,4,,1,15,,69281,5,4,,1,55,,69300,5,4,,1,15,,69243,5,4,,1,15,,69263,5,4,,1,15,,69282,5,4,,1,55,,69301,5,4,,1,15,,69244,5,4,,1,15,,69264,5,4,,1,15,,69283,5,4,,1,55,,69302,5,4,,1,15,,69245,5,4,,1,15,,69265,5,4,,1,15,,69284,5,4,,1,55,,69303,5,4,,1,15,,69246,5,4,,1,15,,69266,5,4,,1,15,,69285,5,4,,1,55,,69304,5,4,,1,15,,69247,5,4,,1,15,,69267,5,4,,1,15,,69286,5,4,,1,55,,69305,5,4,,1,15,,69248,5,4,,1
0,'20260928',523,,69366,5,4,,1,15,,69306,5,4,,1,20,,69346,5,4,,1,55,,69367,5,4,,1,15,,69307,5,4,,1,15,,69327,5,4,,1,15,,69347,5,4,,1,55,,69368,5,4,,1,15,,69308,5,4,,1,15,,69328,5,4,,1,15,,69348,5,4,,1,55,,69369,5,4,,1,15,,69309,5,4,,1,15,,69329,5,4,,1,15,,69349,5,4,,1,55,,69370,5,4,,1,15,,69310,5,4,,1,15,,69330,5,4,,1,15,,69350,5,4,,1,55,,69371,5,4,,1,15,,69311,5,4,,1,15,,69331,5,4,,1,15,,69351,5,4,,1,55,,69372,5,4,,1,15,,69312,5,4,,1,15,,69332,5,4,,1,15,,69352,5,4,,1,55,,69373,5,4,,1,15,,69313,5,4,,1,15,,69333,5,4,,1,15,,69353,5,4,,1,55,,69374,5,4,,1,15,,69314,5,4,,1,15,,69334,5,4,,1,15,,69354,5,4,,1,55,,69375,5,4,,1,15,,69315,5,4,,1,15,,69335,5,4,,1,15,,69355,5,4,,1,55,,69376,5,4,,1,15,,69316,5,4,,1,15,,69336,5,4,,1,15,,69356,5,4,,1,55,,69377,5,4,,1,15,,69317,5,4,,1,15,,69337,5,4,,1,15,,69357,5,4,,1,55,,69378,5,4,,1,15,,69318,5,4,,1,15,,69338,5,4,,1,15,,69358,5,4,,1,55,,69379,5,4,,1,15,,69319,5,4,,1,15,,69339,5,4,,1,15,,69359,5,4,,1,55,,69380,5,4,,1,15,,69320,5,4,,1,15,,69340,5,4,,1,15,,69360,5,4,,1,55,,69381,5,4,,1,15,,69321,5,4,,1,15,,69341,5,4,,1,15,,69361,5,4,,1,55,,69382,5,4,,1,15,,69322,5,4,,1,15,,69342,5,4,,1,15,,69362,5,4,,1,55,,69383,5,4,,1,15,,69323,5,4,,1,15,,69343,5,4,,1,15,,69363,5,4,,1,55,,69384,5,4,,1,15,,69324,5,4,,1,15,,69344,5,4,,1,15,,69364,5,4,,1,55,,69385,5,4,,1,15,,69325,5,4,,1,15,,69345,5,4,,1,15,,69365,5,4,,1,55,,69386,5,4,,1,15,,69326,5,4,,1
0,'20260929',523,,69447,5,4,,1,15,,69387,5,4,,1,20,,69427,5,4,,1,55,,69448,5,4,,1,15,,69388,5,4,,1,15,,69408,5,4,,1,15,,69428,5,4,,1,55,,69449,5,4,,1,15,,69389,5,4,,1,15,,69409,5,4,,1,15,,69429,5,4,,1,55,,69450,5,4,,1,15,,69390,5,4,,1,15,,69410,5,4,,1,15,,69430,5,4,,1,55,,69451,5,4,,1,15,,69391,5,4,,1,15,,69411,5,4,,1,15,,69431,5,4,,1,55,,69452,5,4,,1,15,,69392,5,4,,1,15,,69412,5,4,,1,15,,69432,5,4,,1,55,,69453,5,4,,1,15,,69393,5,4,,1,15,,69413,5,4,,1,15,,69433,5,4,,1,55,,69454,5,4,,1,15,,69394,5,4,,1,15,,69414,5,4,,1,15,,69434,5,4,,1,55,,69455,5,4,,1,15,,69395,5,4,,1,15,,69415,5,4,,1,15,,69435,5,4,,1,55,,69456,5,4,,1,15,,69396,5,4,,1,15,,69416,5,4,,1,15,,69436,5,4,,1,55,,69457,5,4,,1,15,,69397,5,4,,1,15,,69417,5,4,,1,15,,69437,5,4,,1,55,,69458,5,4,,1,15,,69398,5,4,,1,15,,69418,5,4,,1,15,,69438,5,4,,1,55,,69459,5,4,,1,15,,69399,5,4,,1,15,,69419,5,4,,1,15,,69439,5,4,,1,55,,69460,5,4,,1,15,,69400,5,4,,1,15,,69420,5,4,,1,15,,69440,5,4,,1,55,,69461,5,4,,1,15,,69401,5,4,,1,15,,69421,5,4,,1,15,,69441,5,4,,1,55,,69462,5,4,,1,15,,69402,5,4,,1,15,,69422,5,4,,1,15,,69442,5,4,,1,55,,69463,5,4,,1,15,,69403,5,4,,1,15,,69423,5,4,,1,15,,69443,5,4,,1,55,,69464,5,4,,1,15,,69404,5,4,,1,15,,69424,5,4,,1,15,,69444,5,4,,1,55,,69465,5,4,,1,15,,69405,5,4,,1,15,,69425,5,4,,1,15,,69445,5,4,,1,55,,69466,5,4,,1,15,,69406,5,4,,1,15,,69426,5,4,,1,15,,69446,5,4,,1,55,,69467,5,4,,1,15,,69407,5,4,,1
0,'20260930',523,,69528,5,4,,1,15,,69468,5,4,,1,20,,69508,5,4,,1,55,,69529,5,4,,1,15,,69469,5,4,,1,15,,69489,5,4,,1,15,,69509,5,4,,1,55,,69530,5,4,,1,15,,69470,5,4,,1,15,,69490,5,4,,1,15,,69510,5,4,,1,55,,69531,5,4,,1,15,,69471,5,4,,1,15,,69491,5,4,,1,15,,69511,5,4,,1,55,,69532,5,4,,1,15,,69472,5,4,,1,15,,69492,5,4,,1,15,,69512,5,4,,1,55,,69533,5,4,,1,15,,69473,5,4,,1,15,,69493,5,4,,1,15,,69513,5,4,,1,55,,69534,5,4,,1,15,,69474,5,4,,1,15,,69494,5,4,,1,15,,69514,5,4,,1,55,,69535,5,4,,1,15,,69475,5,4,,1,15,,69495,5,4,,1,15,,69515,5,4,,1,55,,69536,5,4,,1,15,,69476,5,4,,1,15,,69496,5,4,,1,15,,69516,5,4,,1,55,,69537,5,4,,1,15,,69477,5,4,,1,15,,69497,5,4,,1,15,,69517,5,4,,1,55,,69538,5,4,,1,15,,69478,5,4,,1,15,,69498,5,4,,1,15,,69518,5,4,,1,55,,69539,5,4,,1,15,,69479,5,4,,1,15,,69499,5,4,,1,15,,69519,5,4,,1,55,,69540,5,4,,1,15,,69480,5,4,,1,15,,69500,5,4,,1,15,,69520,5,4,,1,55,,69541,5,4,,1,15,,69481,5,4,,1,15,,69501,5,4,,1,15,,69521,5,4,,1,55,,69542,5,4,,1,15,,69482,5,4,,1,15,,69502,5,4,,1,15,,69522,5,4,,1,55,,69543,5,4,,1,15,,69483,5,4,,1,15,,69503,5,4,,1,15,,69523,5,4,,1,55,,69544,5,4,,1,15,,69484,5,4,,1,15,,69504,5,4,,1,15,,69524,5,4,,1,55,,69545,5,4,,1,15,,69485,5,4,,1,15,,69505,5,4,,1,15,,69525,5,4,,1,55,,69546,5,4,,1,15,,69486,5,4,,1,15,,69506,5,4,,1,15,,69526,5,4,,1,55,,69547,5,4,,1,15,,69487,5,4,,1,15,,69507,5,4,,1,15,,69527,5,4,,1,55,,69548,5,4,,1,15,,69488,5,4,,1
0,'20261001',523,,69609,5,4,,1,15,,69549,5,4,,1,20,,69589,5,4,,1,55,,69610,5,4,,1,15,,69550,5,4,,1,15,,69570,5,4,,1,15,,69590,5,4,,1,55,,69611,5,4,,1,15,,69551,5,4,,1,15,,69571,5,4,,1,15,,69591,5,4,,1,55,,69612,5,4,,1,15,,69552,5,4,,1,15,,69572,5,4,,1,15,,69592,5,4,,1,55,,69613,5,4,,1,15,,69553,5,4,,1,15,,69573,5,4,,1,15,,69593,5,4,,1,55,,69614,5,4,,1,15,,69554,5,4,,1,15,,69574,5,4,,1,15,,69594,5,4,,1,55,,69615,5,4,,1,15,,69555,5,4,,1,15,,69575,5,4,,1,15,,69595,5,4,,1,55,,69616,5,4,,1,15,,69556,5,4,,1,15,,69576,5,4,,1,15,,69596,5,4,,1,55,,69617,5,4,,1,15,,69557,5,4,,1,15,,69577,5,4,,1,15,,69597,5,4,,1,55,,69618,5,4,,1,15,,69558,5,4,,1,15,,69578,5,4,,1,15,,69598,5,4,,1,55,,69619,5,4,,1,15,,69559,5,4,,1,15,,69579,5,4,,1,15,,69599,5,4,,1,55,,69620,5,4,,1,15,,69560,5,4,,1,15,,69580,5,4,,1,15,,69600,5,4,,1,55,,69621,5,4,,1,15,,69561,5,4,,1,15,,69581,5,4,,1,15,,69601,5,4,,1,55,,69622,5,4,,1,15,,69562,5,4,,1,15,,69582,5,4,,1,15,,69602,5,4,,1,55,,69623,5,4,,1,15,,69563,5,4,,1,15,,69583,5,4,,1,15,,69603,5,4,,1,55,,69624,5,4,,1,15,,69564,5,4,,1,15,,69584,5,4,,1,15,,69604,5,4,,1,55,,69625,5,4,,1,15,,69565,5,4,,1,15,,69585,5,4,,1,15,,69605,5,4,,1,55,,69626,5,4,,1,15,,69566,5,4,,1,15,,69586,5,4,,1,15,,69606,5,4,,1,55,,69627,5,4,,1,15,,69567,5,4,,1,15,,69587,5,4,,1,15,,69607,5,4,,1,55,,69628,5,4,,1,15,,69568,5,4,,1,15,,69588,5,4,,1,15,,69608,5,4,,1,55,,69629,5,4,,1,15,,69569,5,4,,1
0,'20261002',523,,69690,5,4,,1,15,,69630,5,4,,1,20,,69670,5,4,,1,55,,69691,5,4,,1,15,,69631,5,4,,1,15,,69651,5,4,,1,15,,69671,5,4,,1,55,,69692,5,4,,1,15,,69632,5,4,,1,15,,69652,5,4,,1,15,,69672,5,4,,1,55,,69693,5,4,,1,15,,69633,5,4,,1,15,,69653,5,4,,1,15,,69673,5,4,,1,55,,69694,5,4,,1,15,,69634,5,4,,1,15,,69654,5,4,,1,15,,69674,5,4,,1,55,,69695,5,4,,1,15,,69635,5,4,,1,15,,69655,5,4,,1,15,,69675,5,4,,1,55,,69696,5,4,,1,15,,69636,5,4,,1,15,,69656,5,4,,1,15,,69676,5,4,,1,55,,69697,5,4,,1,15,,69637,5,4,,1,15,,69657,5,4,,1,15,,69677,5,4,,1,55,,69698,5,4,,1,15,,69638,5,4,,1,15,,69658,5,4,,1,15,,69678,5,4,,1,55,,69699,5,4,,1,15,,69639,5,4,,1,15,,69659,5,4,,1,15,,69679,5,4,,1,55,,69700,5,4,,1,15,,69640,5,4,,1,15,,69660,5,4,,1,15,,69680,5,4,,1,55,,69701,5,4,,1,15,,69641,5,4,,1,15,,69661,5,4,,1,15,,69681,5,4,,1,55,,69702,5,4,,1,15,,69642,5,4,,1,15,,69662,5,4,,1,15,,69682,5,4,,1,55,,69703,5,4,,1,15,,69643,5,4,,1,15,,69663,5,4,,1,15,,69683,5,4,,1,55,,69704,5,4,,1,15,,69644,5,4,,1,15,,69664,5,4,,1,15,,69684,5,4,,1,55,,69705,5,4,,1,15,,69645,5,4,,1,15,,69665,5,4,,1,15,,69685,5,4,,1,55,,69706,5,4,,1,15,,69646,5,4,,1,15,,69666,5,4,,1,15,,69686,5,4,,1,55,,69707,5,4,,1,15,,69647,5,4,,1,15,,69667,5,4,,1,15,,69687,5,4,,1,55,,69708,5,4,,1,15,,69648,5,4,,1,15,,69668,5,4,,1,15,,69688,5,4,,1,55,,69709,5,4,,1,15,,69649,5,4,,1,15,,69669,5,4,,1,15,,69689,5,4,,1,55,,69710,5,4,,1,15,,69650,5,4,,1
0,'20261003',628,,69711,5,4,,1,15,,69731,5,4,,1,15,,69750,5,4,,1,55,,69769,5,4,,1,15,,69712,5,4,,1,15,,69732,5,4,,1,15,,69751,5,4,,1,55,,69770,5,4,,1,15,,69713,5,4,,1,15,,69733,5,4,,1,15,,69752,5,4,,1,55,,69771,5,4,,1,15,,69714,5,4,,1,15,,69734,5,4,,1,15,,69753,5,4,,1,55,,69772,5,4,,1,15,,69715,5,4,,1,15,,69735,5,4,,1,15,,69754,5,4,,1,55,,69773,5,4,,1,15,,69716,5,4,,1,15,,69736,5,4,,1,15,,69755,5,4,,1,55,,69774,5,4,,1,15,,69717,5,4,,1,15,,69737,5,4,,1,15,,69756,5,4,,1,55,,69775,5,4,,1,15,,69718,5,4,,1,15,,69738,5,4,,1,15,,69757,5,4,,1,55,,69776,5,4,,1,15,,69719,5,4,,1,15,,69739,5,4,,1,15,,69758,5,4,,1,55,,69777,5,4,,1,15,,69720,5,4,,1,15,,69740,5,4,,1,15,,69759,5,4,,1,55,,69778,5,4,,1,15,,69721,5,4,,1,15,,69741,5,4,,1,15,,69760,5,4,,1,55,,69779,5,4,,1,15,,69722,5,4,,1,15,,69742,5,4,,1,15,,69761,5,4,,1,55,,69780,5,4,,1,15,,69723,5,4,,1,15,,69743,5,4,,1,15,,69762,5,4,,1,55,,69781,5,4,,1,15,,69724,5,4,,1,15,,69744,5,4,,1,15,,69763,5,4,,1,55,,69782,5,4,,1,15,,69725,5,4,,1,15,,69745,5,4,,1,15,,69764,5,4,,1,55,,69783,5,4,,1,15,,69726,5,4,,1,15,,69746,5,4,,1,15,,69765,5,4,,1,55,,69784,5,4,,1,15,,69727,5,4,,1,15,,69747,5,4,,1,15,,69766,5,4,,1,55,,69785,5,4,,1,15,,69728,5,4,,1,15,,69748,5,4,,1,15,,69767,5,4,,1,55,,69786,5,4,,1,15,,69729,5,4,,1,15,,69749,5,4,,1,15,,69768,5,4,,1,55,,69787,5,4,,1,15,,69730,5,4,,1
0,'20261004',628,,69788,5,4,,1,15,,69808,5,4,,1,15,,69827,5,4,,1,55,,69846,5,4,,1,15,,69789,5,4,,1,15,,69809,5,4,,1,15,,69828,5,4,,1,55,,69847,5,4,,1,15,,69790,5,4,,1,15,,69810,5,4,,1,15,,69829,5,4,,1,55,,69848,5,4,,1,15,,69791,5,4,,1,15,,69811,5,4,,1,15,,69830,5,4,,1,55,,69849,5,4,,1,15,,69792,5,4,,1,15,,69812,5,4,,1,15,,69831,5,4,,1,55,,69850,5,4,,1,15,,69793,5,4,,1,15,,69813,5,4,,1,15,,69832,5,4,,1,55,,69851,5,4,,1,15,,69794,5,4,,1,15,,69814,5,4,,1,15,,69833,5,4,,1,55,,69852,5,4,,1,15,,69795,5,4,,1,15,,69815,5,4,,1,15,,69834,5,4,,1,55,,69853,5,4,,1,15,,69796,5,4,,1,15,,69816,5,4,,1,15,,69835,5,4,,1,55,,69854,5,4,,1,15,,69797,5,4,,1,15,,69817,5,4,,1,15,,69836,5,4,,1,55,,69855,5,4,,1,15,,69798,5,4,,1,15,,69818,5,4,,1,15,,69837,5,4,,1,55,,69856,5,4,,1,15,,69799,5,4,,1,15,,69819,5,4,,1,15,,69838,5,4,,1,55,,69857,5,4,,1,15,,69800,5,4,,1,15,,69820,5,4,,1,15,,69839,5,4,,1,55,,69858,5,4,,1,15,,69801,5,4,,1,15,,69821,5,4,,1,15,,69840,5,4,,1,55,,69859,5,4,,1,15,,69802,5,4,,1,15,,69822,5,4,,1,15,,69841,5,4,,1,55,,69860,5,4,,1,15,,69803,5,4,,1,15,,69823,5,4,,1,15,,69842,5,4,,1,55,,69861,5,4,,1,15,,69804,5,4,,1,15,,69824,5,4,,1,15,,69843,5,4,,1,55,,69862,5,4,,1,15,,69805,5,4,,1,15,,69825,5,4,,1,15,,69844,5,4,,1,55,,69863,5,4,,1,15,,69806,5,4,,1,15,,69826,5,4,,1,15,,69845,5,4,,1,55,,69864,5,4,,1,15,,69807,5,4,,1
0,'20261005',523,,69925,5,4,,1,15,,69865,5,4,,1,20,,69905,5,4,,1,55,,69926,5,4,,1,15,,69866,5,4,,1,15,,69886,5,4,,1,15,,69906,5,4,,1,55,,69927,5,4,,1,15,,69867,5,4,,1,15,,69887,5,4,,1,15,,69907,5,4,,1,55,,69928,5,4,,1,15,,69868,5,4,,1,15,,69888,5,4,,1,15,,69908,5,4,,1,55,,69929,5,4,,1,15,,69869,5,4,,1,15,,69889,5,4,,1,15,,69909,5,4,,1,55,,69930,5,4,,1,15,,69870,5,4,,1,15,,69890,5,4,,1,15,,69910,5,4,,1,55,,69931,5,4,,1,15,,69871,5,4,,1,15,,69891,5,4,,1,15,,69911,5,4,,1,55,,69932,5,4,,1,15,,69872,5,4,,1,15,,69892,5,4,,1,15,,69912,5,4,,1,55,,69933,5,4,,1,15,,69873,5,4,,1,15,,69893,5,4,,1,15,,69913,5,4,,1,55,,69934,5,4,,1,15,,69874,5,4,,1,15,,69894,5,4,,1,15,,69914,5,4,,1,55,,69935,5,4,,1,15,,69875,5,4,,1,15,,69895,5,4,,1,15,,69915,5,4,,1,55,,69936,5,4,,1,15,,69876,5,4,,1,15,,69896,5,4,,1,15,,69916,5,4,,1,55,,69937,5,4,,1,15,,69877,5,4,,1,15,,69897,5,4,,1,15,,69917,5,4,,1,55,,69938,5,4,,1,15,,69878,5,4,,1,15,,69898,5,4,,1,15,,69918,5,4,,1,55,,69939,5,4,,1,15,,69879,5,4,,1,15,,69899,5,4,,1,15,,69919,5,4,,1,55,,69940,5,4,,1,15,,69880,5,4,,1,15,,69900,5,4,,1,15,,69920,5,4,,1,55,,69941,5,4,,1,15,,69881,5,4,,1,15,,69901,5,4,,1,15,,69921,5,4,,1,55,,69942,5,4,,1,15,,69882,5,4,,1,15,,69902,5,4,,1,15,,69922,5,4,,1,55,,69943,5,4,,1,15,,69883,5,4,,1,15,,69903,5,4,,1,15,,69923,5,4,,1,55,,69944,5,4,,1,15,,69884,5,4,,1,15,,69904,5,4,,1,15,,69924,5,4,,1,55,,69945,5,4,,1,15,,69885,5,4,,1
0,'20261006',523,,70006,5,4,,1,15,,69946,5,4,,1,20,,69986,5,4,,1,55,,70007,5,4,,1,15,,69947,5,4,,1,15,,69967,5,4,,1,15,,69987,5,4,,1,55,,70008,5,4,,1,15,,69948,5,4,,1,15,,69968,5,4,,1,15,,69988,5,4,,1,55,,70009,5,4,,1,15,,69949,5,4,,1,15,,69969,5,4,,1,15,,69989,5,4,,1,55,,70010,5,4,,1,15,,69950,5,4,,1,15,,69970,5,4,,1,15,,69990,5,4,,1,55,,70011,5,4,,1,15,,69951,5,4,,1,15,,69971,5,4,,1,15,,69991,5,4,,1,55,,70012,5,4,,1,15,,69952,5,4,,1,15,,69972,5,4,,1,15,,69992,5,4,,1,55,,70013,5,4,,1,15,,69953,5,4,,1,15,,69973,5,4,,1,15,,69993,5,4,,1,55,,70014,5,4,,1,15,,69954,5,4,,1,15,,69974,5,4,,1,15,,69994,5,4,,1,55,,70015,5,4,,1,15,,69955,5,4,,1,15,,69975,5,4,,1,15,,69995,5,4,,1,55,,70016,5,4,,1,15,,69956,5,4,,1,15,,69976,5,4,,1,15,,69996,5,4,,1,55,,70017,5,4,,1,15,,69957,5,4,,1,15,,69977,5,4,,1,15,,69997,5,4,,1,55,,70018,5,4,,1,15,,69958,5,4,,1,15,,69978,5,4,,1,15,,69998,5,4,,1,55,,70019,5,4,,1,15,,69959,5,4,,1,15,,69979,5,4,,1,15,,69999,5,4,,1,55,,70020,5,4,,1,15,,69960,5,4,,1,15,,69980,5,4,,1,15,,70000,5,4,,1,55,,70021,5,4,,1,15,,69961,5,4,,1,15,,69981,5,4,,1,15,,70001,5,4,,1,55,,70022,5,4,,1,15,,69962,5,4,,1,15,,69982,5,4,,1,15,,70002,5,4,,1,55,,70023,5,4,,1,15,,69963,5,4,,1,15,,69983,5,4,,1,15,,70003,5,4,,1,55,,70024,5,4,,1,15,,69964,5,4,,1,15,,69984,5,4,,1,15,,70004,5,4,,1,55,,70025,5,4,,1,15,,69965,5,4,,1,15,,69985,5,4,,1,15,,70005,5,4,,1,55,,70026,5,4,,1,15,,69966,5,4,,1
0,'20261007',523,,70087,5,4,,1,15,,70027,5,4,,1,20,,70067,5,4,,1,55,,70088,5,4,,1,15,,70028,5,4,,1,15,,70048,5,4,,1,15,,70068,5,4,,1,55,,70089,5,4,,1,15,,70029,5,4,,1,15,,70049,5,4,,1,15,,70069,5,4,,1,55,,70090,5,4,,1,15,,70030,5,4,,1,15,,70050,5,4,,1,15,,70070,5,4,,1,55,,70091,5,4,,1,15,,70031,5,4,,1,15,,70051,5,4,,1,15,,70071,5,4,,1,55,,70092,5,4,,1,15,,70032,5,4,,1,15,,70052,5,4,,1,15,,70072,5,4,,1,55,,70093,5,4,,1,15,,70033,5,4,,1,15,,70053,5,4,,1,15,,70073,5,4,,1,55,,70094,5,4,,1,15,,70034,5,4,,1,15,,70054,5,4,,1,15,,70074,5,4,,1,55,,70095,5,4,,1,15,,70035,5,4,,1,15,,70055,5,4,,1,15,,70075,5,4,,1,55,,70096,5,4,,1,15,,70036,5,4,,1,15,,70056,5,4,,1,15,,70076,5,4,,1,55,,70097,5,4,,1,15,,70037,5,4,,1,15,,70057,5,4,,1,15,,70077,5,4,,1,55,,70098,5,4,,1,15,,70038,5,4,,1,15,,70058,5,4,,1,15,,70078,5,4,,1,55,,70099,5,4,,1,15,,70039,5,4,,1,15,,70059,5,4,,1,15,,70079,5,4,,1,55,,70100,5,4,,1,15,,70040,5,4,,1,15,,70060,5,4,,1,15,,70080,5,4,,1,55,,70101,5,4,,1,15,,70041,5,4,,1,15,,70061,5,4,,1,15,,70081,5,4,,1,55,,70102,5,4,,1,15,,70042,5,4,,1,15,,70062,5,4,,1,15,,70082,5,4,,1,55,,70103,5,4,,1,15,,70043,5,4,,1,15,,70063,5,4,,1,15,,70083,5,4,,1,55,,70104,5,4,,1,15,,70044,5,4,,1,15,,70064,5,4,,1,15,,70084,5,4,,1,55,,70105,5,4,,1,15,,70045,5,4,,1,15,,70065,5,4,,1,15,,70085,5,4,,1,55,,70106,5,4,,1,15,,70046,5,4,,1,15,,70066,5,4,,1,15,,70086,5,4,,1,55,,70107,5,4,,1,15,,70047,5,4,,1
0,'20261008',523,,70168,5,4,,1,15,,70108,5,4,,1,20,,70148,5,4,,1,55,,70169,5,4,,1,15,,70109,5,4,,1,15,,70129,5,4,,1,15,,70149,5,4,,1,55,,70170,5,4,,1,15,,70110,5,4,,1,15,,70130,5,4,,1,15,,70150,5,4,,1,55,,70171,5,4,,1,15,,70111,5,4,,1,15,,70131,5,4,,1,15,,70151,5,4,,1,55,,70172,5,4,,1,15,,70112,5,4,,1,15,,70132,5,4,,1,15,,70152,5,4,,1,55,,70173,5,4,,1,15,,70113,5,4,,1,15,,70133,5,4,,1,15,,70153,5,4,,1,55,,70174,5,4,,1,15,,70114,5,4,,1,15,,70134,5,4,,1,15,,70154,5,4,,1,55,,70175,5,4,,1,15,,70115,5,4,,1,15,,70135,5,4,,1,15,,70155,5,4,,1,55,,70176,5,4,,1,15,,70116,5,4,,1,15,,70136,5,4,,1,15,,70156,5,4,,1,55,,70177,5,4,,1,15,,70117,5,4,,1,15,,70137,5,4,,1,15,,70157,5,4,,1,55,,70178,5,4,,1,15,,70118,5,4,,1,15,,70138,5,4,,1,15,,70158,5,4,,1,55,,70179,5,4,,1,15,,70119,5,4,,1,15,,70139,5,4,,1,15,,70159,5,4,,1,55,,70180,5,4,,1,15,,70120,5,4,,1,15,,70140,5,4,,1,15,,70160,5,4,,1,55,,70181,5,4,,1,15,,70121,5,4,,1,15,,70141,5,4,,1,15,,70161,5,4,,1,55,,70182,5,4,,1,15,,70122,5,4,,1,15,,70142,5,4,,1,15,,70162,5,4,,1,55,,70183,5,4,,1,15,,70123,5,4,,1,15,,70143,5,4,,1,15,,70163,5,4,,1,55,,70184,5,4,,1,15,,70124,5,4,,1,15,,70144,5,4,,1,15,,70164,5,4,,1,55,,70185,5,4,,1,15,,70125,5,4,,1,15,,70145,5,4,,1,15,,70165,5,4,,1,55,,70186,5,4,,1,15,,70126,5,4,,1,15,,70146,5,4,,1,15,,70166,5,4,,1,55,,70187,5,4,,1,15,,70127,5,4,,1,15,,70147,5,4,,1,15,,70167,5,4,,1,55,,70188,5,4,,1,15,,70128,5,4,,1
0,'20261009',523,,70249,5,4,,1,15,,70189,5,4,,1,20,,70229,5,4,,1,55,,70250,5,4,,1,15,,70190,5,4,,1,15,,70210,5,4,,1,15,,70230,5,4,,1,55,,70251,5,4,,1,15,,70191,5,4,,1,15,,70211,5,4,,1,15,,70231,5,4,,1,55,,70252,5,4,,1,15,,70192,5,4,,1,15,,70212,5,4,,1,15,,70232,5,4,,1,55,,70253,5,4,,1,15,,70193,5,4,,1,15,,70213,5,4,,1,15,,70233,5,4,,1,55,,70254,5,4,,1,15,,70194,5,4,,1,15,,70214,5,4,,1,15,,70234,5,4,,1,55,,70255,5,4,,1,15,,70195,5,4,,1,15,,70215,5,4,,1,15,,70235,5,4,,1,55,,70256,5,4,,1,15,,70196,5,4,,1,15,,70216,5,4,,1,15,,70236,5,4,,1,55,,70257,5,4,,1,15,,70197,5,4,,1,15,,70217,5,4,,1,15,,70237,5,4,,1,55,,70258,5,4,,1,15,,70198,5,4,,1,15,,70218,5,4,,1,15,,70238,5,4,,1,55,,70259,5,4,,1,15,,70199,5,4,,1,15,,70219,5,4,,1,15,,70239,5,4,,1,55,,70260,5,4,,1,15,,70200,5,4,,1,15,,70220,5,4,,1,15,,70240,5,4,,1,55,,70261,5,4,,1,15,,70201,5,4,,1,15,,70221,5,4,,1,15,,70241,5,4,,1,55,,70262,5,4,,1,15,,70202,5,4,,1,15,,70222,5,4,,1,15,,70242,5,4,,1,55,,70263,5,4,,1,15,,70203,5,4,,1,15,,70223,5,4,,1,15,,70243,5,4,,1,55,,70264,5,4,,1,15,,70204,5,4,,1,15,,70224,5,4,,1,15,,70244,5,4,,1,55,,70265,5,4,,1,15,,70205,5,4,,1,15,,70225,5,4,,1,15,,70245,5,4,,1,55,,70266,5,4,,1,15,,70206,5,4,,1,15,,70226,5,4,,1,15,,70246,5,4,,1,55,,70267,5,4,,1,15,,70207,5,4,,1,15,,70227,5,4,,1,15,,70247,5,4,,1,55,,70268,5,4,,1,15,,70208,5,4,,1,15,,70228,5,4,,1,15,,70248,5,4,,1,55,,70269,5,4,,1,15,,70209,5,4,,1
0,'20261010',628,,70270,5,4,,1,15,,70290,5,4,,1,15,,70309,5,4,,1,55,,70328,5,4,,1,15,,70271,5,4,,1,15,,70291,5,4,,1,15,,70310,5,4,,1,55,,70329,5,4,,1,15,,70272,5,4,,1,15,,70292,5,4,,1,15,,70311,5,4,,1,55,,70330,5,4,,1,15,,70273,5,4,,1,15,,70293,5,4,,1,15,,70312,5,4,,1,55,,70331,5,4,,1,15,,70274,5,4,,1,15,,70294,5,4,,1,15,,70313,5,4,,1,55,,70332,5,4,,1,15,,70275,5,4,,1,15,,70295,5,4,,1,15,,70314,5,4,,1,55,,70333,5,4,,1,15,,70276,5,4,,1,15,,70296,5,4,,1,15,,70315,5,4,,1,55,,70334,5,4,,1,15,,70277,5,4,,1,15,,70297,5,4,,1,15,,70316,5,4,,1,55,,70335,5,4,,1,15,,70278,5,4,,1,15,,70298,5,4,,1,15,,70317,5,4,,1,55,,70336,5,4,,1,15,,70279,5,4,,1,15,,70299,5,4,,1,15,,70318,5,4,,1,55,,70337,5,4,,1,15,,70280,5,4,,1,15,,70300,5,4,,1,15,,70319,5,4,,1,55,,70338,5,4,,1,15,,70281,5,4,,1,15,,70301,5,4,,1,15,,70320,5,4,,1,55,,70339,5,4,,1,15,,70282,5,4,,1,15,,70302,5,4,,1,15,,70321,5,4,,1,55,,70340,5,4,,1,15,,70283,5,4,,1,15,,70303,5,4,,1,15,,70322,5,4,,1,55,,70341,5,4,,1,15,,70284,5,4,,1,15,,70304,5,4,,1,15,,70323,5,4,,1,55,,70342,5,4,,1,15,,70285,5,4,,1,15,,70305,5,4,,1,15,,70324,5,4,,1,55,,70343,5,4,,1,15,,70286,5,4,,1,15,,70306,5,4,,1,15,,70325,5,4,,1,55,,70344,5,4,,1,15,,70287,5,4,,1,15,,70307,5,4,,1,15,,70326,5,4,,1,55,,70345,5,4,,1,15,,70288,5,4,,1,15,,70308,5,4,,1,15,,70327,5,4,,1,55,,70346,5,4,,1,15,,70289,5,4,,1
0,'20261011',628,,70347,5,4,,1,15,,70367,5,4,,1,15,,70386,5,4,,1,55,,70405,5,4,,1,15,,70348,5,4,,1,15,,70368,5,4,,1,15,,70387,5,4,,1,55,,70406,5,4,,1,15,,70349,5,4,,1,15,,70369,5,4,,1,15,,70388,5,4,,1,55,,70407,5,4,,1,15,,70350,5,4,,1,15,,70370,5,4,,1,15,,70389,5,4,,1,55,,70408,5,4,,1,15,,70351,5,4,,1,15,,70371,5,4,,1,15,,70390,5,4,,1,55,,70409,5,4,,1,15,,70352,5,4,,1,15,,70372,5,4,,1,15,,70391,5,4,,1,55,,70410,5,4,,1,15,,70353,5,4,,1,15,,70373,5,4,,1,15,,70392,5,4,,1,55,,70411,5,4,,1,15,,70354,5,4,,1,15,,70374,5,4,,1,15,,70393,5,4,,1,55,,70412,5,4,,1,15,,70355,5,4,,1,15,,70375,5,4,,1,15,,70394,5,4,,1,55,,70413,5,4,,1,15,,70356,5,4,,1,15,,70376,5,4,,1,15,,70395,5,4,,1,55,,70414,5,4,,1,15,,70357,5,4,,1,15,,70377,5,4,,1,15,,70396,5,4,,1,55,,70415,5,4,,1,15,,70358,5,4,,1,15,,70378,5,4,,1,15,,70397,5,4,,1,55,,70416,5,4,,1,15,,70359,5,4,,1,15,,70379,5,4,,1,15,,70398,5,4,,1,55,,70417,5,4,,1,15,,70360,5,4,,1,15,,70380,5,4,,1,15,,70399,5,4,,1,55,,70418,5,4,,1,15,,70361,5,4,,1,15,,70381,5,4,,1,15,,70400,5,4,,1,55,,70419,5,4,,1,15,,70362,5,4,,1,15,,70382,5,4,,1,15,,70401,5,4,,1,55,,70420,5,4,,1,15,,70363,5,4,,1,15,,70383,5,4,,1,15,,70402,5,4,,1,55,,70421,5,4,,1,15,,70364,5,4,,1,15,,70384,5,4,,1,15,,70403,5,4,,1,55,,70422,5,4,,1,15,,70365,5,4,,1,15,,70385,5,4,,1,15,,70404,5,4,,1,55,,70423,5,4,,1,15,,70366,5,4,,1
0,'20261012',523,,70484,5,4,,1,15,,70424,5,4,,1,20,,70464,5,4,,1,55,,70485,5,4,,1,15,,70425,5,4,,1,15,,70445,5,4,,1,15,,70465,5,4,,1,55,,70486,5,4,,1,15,,70426,5,4,,1,15,,70446,5,4,,1,15,,70466,5,4,,1,55,,70487,5,4,,1,15,,70427,5,4,,1,15,,70447,5,4,,1,15,,70467,5,4,,1,55,,70488,5,4,,1,15,,70428,5,4,,1,15,,70448,5,4,,1,15,,70468,5,4,,1,55,,70489,5,4,,1,15,,70429,5,4,,1,15,,70449,5,4,,1,15,,70469,5,4,,1,55,,70490,5,4,,1,15,,70430,5,4,,1,15,,70450,5,4,,1,15,,70470,5,4,,1,55,,70491,5,4,,1,15,,70431,5,4,,1,15,,70451,5,4,,1,15,,70471,5,4,,1,55,,70492,5,4,,1,15,,70432,5,4,,1,15,,70452,5,4,,1,15,,70472,5,4,,1,55,,70493,5,4,,1,15,,70433,5,4,,1,15,,70453,5,4,,1,15,,70473,5,4,,1,55,,70494,5,4,,1,15,,70434,5,4,,1,15,,70454,5,4,,1,15,,70474,5,4,,1,55,,70495,5,4,,1,15,,70435,5,4,,1,15,,70455,5,4,,1,15,,70475,5,4,,1,55,,70496,5,4,,1,15,,70436,5,4,,1,15,,70456,5,4,,1,15,,70476,5,4,,1,55,,70497,5,4,,1,15,,70437,5,4,,1,15,,70457,5,4,,1,15,,70477,5,4,,1,55,,70498,5,4,,1,15,,70438,5,4,,1,15,,70458,5,4,,1,15,,70478,5,4,,1,55,,70499,5,4,,1,15,,70439,5,4,,1,15,,70459,5,4,,1,15,,70479,5,4,,1,55,,70500,5,4,,1,15,,70440,5,4,,1,15,,70460,5,4,,1,15,,70480,5,4,,1,55,,70501,5,4,,1,15,,70441,5,4,,1,15,,70461,5,4,,1,15,,70481,5,4,,1,55,,70502,5,4,,1,15,,70442,5,4,,1,15,,70462,5,4,,1,15,,70482,5,4,,1,55,,70503,5,4,,1,15,,70443,5,4,,1,15,,70463,5,4,,1,15,,70483,5,4,,1,55,,70504,5,4,,1,15,,70444,5,4,,1
0,'20261013',523,,70565,5,4,,1,15,,70505,5,4,,1,20,,70545,5,4,,1,55,,70566,5,4,,1,15,,70506,5,4,,1,15,,70526,5,4,,1,15,,70546,5,4,,1,55,,70567,5,4,,1,15,,70507,5,4,,1,15,,70527,5,4,,1,15,,70547,5,4,,1,55,,70568,5,4,,1,15,,70508,5,4,,1,15,,70528,5,4,,1,15,,70548,5,4,,1,55,,70569,5,4,,1,15,,70509,5,4,,1,15,,70529,5,4,,1,15,,70549,5,4,,1,55,,70570,5,4,,1,15,,70510,5,4,,1,15,,70530,5,4,,1,15,,70550,5,4,,1,55,,70571,5,4,,1,15,,70511,5,4,,1,15,,70531,5,4,,1,15,,70551,5,4,,1,55,,70572,5,4,,1,15,,70512,5,4,,1,15,,70532,5,4,,1,15,,70552,5,4,,1,55,,70573,5,4,,1,15,,70513,5,4,,1,15,,70533,5,4,,1,15,,70553,5,4,,1,55,,70574,5,4,,1,15,,70514,5,4,,1,15,,70534,5,4,,1,15,,70554,5,4,,1,55,,70575,5,4,,1,15,,70515,5,4,,1,15,,70535,5,4,,1,15,,70555,5,4,,1,55,,70576,5,4,,1,15,,70516,5,4,,1,15,,70536,5,4,,1,15,,70556,5,4,,1,55,,70577,5,4,,1,15,,70517,5,4,,1,15,,70537,5,4,,1,15,,70557,5,4,,1,55,,70578,5,4,,1,15,,70518,5,4,,1,15,,70538,5,4,,1,15,,70558,5,4,,1,55,,70579,5,4,,1,15,,70519,5,4,,1,15,,70539,5,4,,1,15,,70559,5,4,,1,55,,70580,5,4,,1,15,,70520,5,4,,1,15,,70540,5,4,,1,15,,70560,5,4,,1,55,,70581,5,4,,1,15,,70521,5,4,,1,15,,70541,5,4,,1,15,,70561,5,4,,1,55,,70582,5,4,,1,15,,70522,5,4,,1,15,,70542,5,4,,1,15,,70562,5,4,,1,55,,70583,5,4,,1,15,,70523,5,4,,1,15,,70543,5,4,,1,15,,70563,5,4,,1,55,,70584,5,4,,1,15,,70524,5,4,,1,15,,70544,5,4,,1,15,,70564,5,4,,1,55,,70585,5,4,,1,15,,70525,5,4,,1
0,'20261014',523,,70646,5,4,,1,15,,70586,5,4,,1,20,,70626,5,4,,1,55,,70647,5,4,,1,15,,70587,5,4,,1,15,,70607,5,4,,1,15,,70627,5,4,,1,55,,70648,5,4,,1,15,,70588,5,4,,1,15,,70608,5,4,,1,15,,70628,5,4,,1,55,,70649,5,4,,1,15,,70589,5,4,,1,15,,70609,5,4,,1,15,,70629,5,4,,1,55,,70650,5,4,,1,15,,70590,5,4,,1,15,,70610,5,4,,1,15,,70630,5,4,,1,55,,70651,5,4,,1,15,,70591,5,4,,1,15,,70611,5,4,,1,15,,70631,5,4,,1,55,,70652,5,4,,1,15,,70592,5,4,,1,15,,70612,5,4,,1,15,,70632,5,4,,1,55,,70653,5,4,,1,15,,70593,5,4,,1,15,,70613,5,4,,1,15,,70633,5,4,,1,55,,70654,5,4,,1,15,,70594,5,4,,1,15,,70614,5,4,,1,15,,70634,5,4,,1,55,,70655,5,4,,1,15,,70595,5,4,,1,15,,70615,5,4,,1,15,,70635,5,4,,1,55,,70656,5,4,,1,15,,70596,5,4,,1,15,,70616,5,4,,1,15,,70636,5,4,,1,55,,70657,5,4,,1,15,,70597,5,4,,1,15,,70617,5,4,,1,15,,70637,5,4,,1,55,,70658,5,4,,1,15,,70598,5,4,,1,15,,70618,5,4,,1,15,,70638,5,4,,1,55,,70659,5,4,,1,15,,70599,5,4,,1,15,,70619,5,4,,1,15,,70639,5,4,,1,55,,70660,5,4,,1,15,,70600,5,4,,1,15,,70620,5,4,,1,15,,70640,5,4,,1,55,,70661,5,4,,1,15,,70601,5,4,,1,15,,70621,5,4,,1,15,,70641,5,4,,1,55,,70662,5,4,,1,15,,70602,5,4,,1,15,,70622,5,4,,1,15,,70642,5,4,,1,55,,70663,5,4,,1,15,,70603,5,4,,1,15,,70623,5,4,,1,15,,70643,5,4,,1,55,,70664,5,4,,1,15,,70604,5,4,,1,15,,70624,5,4,,1,15,,70644,5,4,,1,55,,70665,5,4,,1,15,,70605,5,4,,1,15,,70625,5,4,,1,15,,70645,5,4,,1,55,,70666,5,4,,1,15,,70606,5,4,,1
0,'20261015',523,,70727,5,4,,1,15,,70667,5,4,,1,20,,70707,5,4,,1,55,,70728,5,4,,1,15,,70668,5,4,,1,15,,70688,5,4,,1,15,,70708,5,4,,1,55,,70729,5,4,,1,15,,70669,5,4,,1,15,,70689,5,4,,1,15,,70709,5,4,,1,55,,70730,5,4,,1,15,,70670,5,4,,1,15,,70690,5,4,,1,15,,70710,5,4,,1,55,,70731,5,4,,1,15,,70671,5,4,,1,15,,70691,5,4,,1,15,,70711,5,4,,1,55,,70732,5,4,,1,15,,70672,5,4,,1,15,,70692,5,4,,1,15,,70712,5,4,,1,55,,70733,5,4,,1,15,,70673,5,4,,1,15,,70693,5,4,,1,15,,70713,5,4,,1,55,,70734,5,4,,1,15,,70674,5,4,,1,15,,70694,5,4,,1,15,,70714,5,4,,1,55,,70735,5,4,,1,15,,70675,5,4,,1,15,,70695,5,4,,1,15,,70715,5,4,,1,55,,70736,5,4,,1,15,,70676,5,4,,1,15,,70696,5,4,,1,15,,70716,5,4,,1,55,,70737,5,4,,1,15,,70677,5,4,,1,15,,70697,5,4,,1,15,,70717,5,4,,1,55,,70738,5,4,,1,15,,70678,5,4,,1,15,,70698,5,4,,1,15,,70718,5,4,,1,55,,70739,5,4,,1,15,,70679,5,4,,1,15,,70699,5,4,,1,15,,70719,5,4,,1,55,,70740,5,4,,1,15,,70680,5,4,,1,15,,70700,5,4,,1,15,,70720,5,4,,1,55,,70741,5,4,,1,15,,70681,5,4,,1,15,,70701,5,4,,1,15,,70721,5,4,,1,55,,70742,5,4,,1,15,,70682,5,4,,1,15,,70702,5,4,,1,15,,70722,5,4,,1,55,,70743,5,4,,1,15,,70683,5,4,,1,15,,70703,5,4,,1,15,,70723,5,4,,1,55,,70744,5,4,,1,15,,70684,5,4,,1,15,,70704,5,4,,1,15,,70724,5,4,,1,55,,70745,5,4,,1,15,,70685,5,4,,1,15,,70705,5,4,,1,15,,70725,5,4,,1,55,,70746,5,4,,1,15,,70686,5,4,,1,15,,70706,5,4,,1,15,,70726,5,4,,1,55,,70747,5,4,,1,15,,70687,5,4,,1
0,'20261016',523,,70808,5,4,,1,15,,70748,5,4,,1,20,,70788,5,4,,1,55,,70809,5,4,,1,15,,70749,5,4,,1,15,,70769,5,4,,1,15,,70789,5,4,,1,55,,70810,5,4,,1,15,,70750,5,4,,1,15,,70770,5,4,,1,15,,70790,5,4,,1,55,,70811,5,4,,1,15,,70751,5,4,,1,15,,70771,5,4,,1,15,,70791,5,4,,1,55,,70812,5,4,,1,15,,70752,5,4,,1,15,,70772,5,4,,1,15,,70792,5,4,,1,55,,70813,5,4,,1,15,,70753,5,4,,1,15,,70773,5,4,,1,15,,70793,5,4,,1,55,,70814,5,4,,1,15,,70754,5,4,,1,15,,70774,5,4,,1,15,,70794,5,4,,1,55,,70815,5,4,,1,15,,70755,5,4,,1,15,,70775,5,4,,1,15,,70795,5,4,,1,55,,70816,5,4,,1,15,,70756,5,4,,1,15,,70776,5,4,,1,15,,70796,5,4,,1,55,,70817,5,4,,1,15,,70757,5,4,,1,15,,70777,5,4,,1,15,,70797,5,4,,1,55,,70818,5,4,,1,15,,70758,5,4,,1,15,,70778,5,4,,1,15,,70798,5,4,,1,55,,70819,5,4,,1,15,,70759,5,4,,1,15,,70779,5,4,,1,15,,70799,5,4,,1,55,,70820,5,4,,1,15,,70760,5,4,,1,15,,70780,5,4,,1,15,,70800,5,4,,1,55,,70821,5,4,,1,15,,70761,5,4,,1,15,,70781,5,4,,1,15,,70801,5,4,,1,55,,70822,5,4,,1,15,,70762,5,4,,1,15,,70782,5,4,,1,15,,70802,5,4,,1,55,,70823,5,4,,1,15,,70763,5,4,,1,15,,70783,5,4,,1,15,,70803,5,4,,1,55,,70824,5,4,,1,15,,70764,5,4,,1,15,,70784,5,4,,1,15,,70804,5,4,,1,55,,70825,5,4,,1,15,,70765,5,4,,1,15,,70785,5,4,,1,15,,70805,5,4,,1,55,,70826,5,4,,1,15,,70766,5,4,,1,15,,70786,5,4,,1,15,,70806,5,4,,1,55,,70827,5,4,,1,15,,70767,5,4,,1,15,,70787,5,4,,1,15,,70807,5,4,,1,55,,70828,5,4,,1,15,,70768,5,4,,1
0,'20261017',628,,70829,5,4,,1,15,,70849,5,4,,1,15,,70868,5,4,,1,55,,70887,5,4,,1,15,,70830,5,4,,1,15,,70850,5,4,,1,15,,70869,5,4,,1,55,,70888,5,4,,1,15,,70831,5,4,,1,15,,70851,5,4,,1,15,,70870,5,4,,1,55,,70889,5,4,,1,15,,70832,5,4,,1,15,,70852,5,4,,1,15,,70871,5,4,,1,55,,70890,5,4,,1,15,,70833,5,4,,1,15,,70853,5,4,,1,15,,70872,5,4,,1,55,,70891,5,4,,1,15,,70834,5,4,,1,15,,70854,5,4,,1,15,,70873,5,4,,1,55,,70892,5,4,,1,15,,70835,5,4,,1,15,,70855,5,4,,1,15,,70874,5,4,,1,55,,70893,5,4,,1,15,,70836,5,4,,1,15,,70856,5,4,,1,15,,70875,5,4,,1,55,,70894,5,4,,1,15,,70837,5,4,,1,15,,70857,5,4,,1,15,,70876,5,4,,1,55,,70895,5,4,,1,15,,70838,5,4,,1,15,,70858,5,4,,1,15,,70877,5,4,,1,55,,70896,5,4,,1,15,,70839,5,4,,1,15,,70859,5,4,,1,15,,70878,5,4,,1,55,,70897,5,4,,1,15,,70840,5,4,,1,15,,70860,5,4,,1,15,,70879,5,4,,1,55,,70898,5,4,,1,15,,70841,5,4,,1,15,,70861,5,4,,1,15,,70880,5,4,,1,55,,70899,5,4,,1,15,,70842,5,4,,1,15,,70862,5,4,,1,15,,70881,5,4,,1,55,,70900,5,4,,1,15,,70843,5,4,,1,15,,70863,5,4,,1,15,,70882,5,4,,1,55,,70901,5,4,,1,15,,70844,5,4,,1,15,,70864,5,4,,1,15,,70883,5,4,,1,55,,70902,5,4,,1,15,,70845,5,4,,1,15,,70865,5,4,,1,15,,70884,5,4,,1,55,,70903,5,4,,1,15,,70846,5,4,,1,15,,70866,5,4,,1,15,,70885,5,4,,1,55,,70904,5,4,,1,15,,70847,5,4,,1,15,,70867,5,4,,1,15,,70886,5,4,,1,55,,70905,5,4,,1,15,,70848,5,4,,1
0,'20261018',628,,70906,5,4,,1,15,,70926,5,4,,1,15,,70945,5,4,,1,55,,70964,5,4,,1,15,,70907,5,4,,1,15,,70927,5,4,,1,15,,70946,5,4,,1,55,,70965,5,4,,1,15,,70908,5,4,,1,15,,70928,5,4,,1,15,,70947,5,4,,1,55,,70966,5,4,,1,15,,70909,5,4,,1,15,,70929,5,4,,1,15,,70948,5,4,,1,55,,70967,5,4,,1,15,,70910,5,4,,1,15,,70930,5,4,,1,15,,70949,5,4,,1,55,,70968,5,4,,1,15,,70911,5,4,,1,15,,70931,5,4,,1,15,,70950,5,4,,1,55,,70969,5,4,,1,15,,70912,5,4,,1,15,,70932,5,4,,1,15,,70951,5,4,,1,55,,70970,5,4,,1,15,,70913,5,4,,1,15,,70933,5,4,,1,15,,70952,5,4,,1,55,,70971,5,4,,1,15,,70914,5,4,,1,15,,70934,5,4,,1,15,,70953,5,4,,1,55,,70972,5,4,,1,15,,70915,5,4,,1,15,,70935,5,4,,1,15,,70954,5,4,,1,55,,70973,5,4,,1,15,,70916,5,4,,1,15,,70936,5,4,,1,15,,70955,5,4,,1,55,,70974,5,4,,1,15,,70917,5,4,,1,15,,70937,5,4,,1,15,,70956,5,4,,1,55,,70975,5,4,,1,15,,70918,5,4,,1,15,,70938,5,4,,1,15,,70957,5,4,,1,55,,70976,5,4,,1,15,,70919,5,4,,1,15,,70939,5,4,,1,15,,70958,5,4,,1,55,,70977,5,4,,1,15,,70920,5,4,,1,15,,70940,5,4,,1,15,,70959,5,4,,1,55,,70978,5,4,,1,15,,70921,5,4,,1,15,,70941,5,4,,1,15,,70960,5,4,,1,55,,70979,5,4,,1,15,,70922,5,4,,1,15,,70942,5,4,,1,15,,70961,5,4,,1,55,,70980,5,4,,1,15,,70923,5,4,,1,15,,70943,5,4,,1,15,,70962,5,4,,1,55,,70981,5,4,,1,15,,70924,5,4,,1,15,,70944,5,4,,1,15,,70963,5,4,,1,55,,70982,5,4,,1,15,,70925,5,4,,1
0,'20261019',523,,71043,5,4,,1,15,,70983,5,4,,1,20,,71023,5,4,,1,55,,71044,5,4,,1,15,,70984,5,4,,1,15,,71004,5,4,,1,15,,71024,5,4,,1,55,,71045,5,4,,1,15,,70985,5,4,,1,15,,71005,5,4,,1,15,,71025,5,4,,1,55,,71046,5,4,,1,15,,70986,5,4,,1,15,,71006,5,4,,1,15,,71026,5,4,,1,55,,71047,5,4,,1,15,,70987,5,4,,1,15,,71007,5,4,,1,15,,71027,5,4,,1,55,,71048,5,4,,1,15,,70988,5,4,,1,15,,71008,5,4,,1,15,,71028,5,4,,1,55,,71049,5,4,,1,15,,70989,5,4,,1,15,,71009,5,4,,1,15,,71029,5,4,,1,55,,71050,5,4,,1,15,,70990,5,4,,1,15,,71010,5,4,,1,15,,71030,5,4,,1,55,,71051,5,4,,1,15,,70991,5,4,,1,15,,71011,5,4,,1,15,,71031,5,4,,1,55,,71052,5,4,,1,15,,70992,5,4,,1,15,,71012,5,4,,1,15,,71032,5,4,,1,55,,71053,5,4,,1,15,,70993,5,4,,1,15,,71013,5,4,,1,15,,71033,5,4,,1,55,,71054,5,4,,1,15,,70994,5,4,,1,15,,71014,5,4,,1,15,,71034,5,4,,1,55,,71055,5,4,,1,15,,70995,5,4,,1,15,,71015,5,4,,1,15,,71035,5,4,,1,55,,71056,5,4,,1,15,,70996,5,4,,1,15,,71016,5,4,,1,15,,71036,5,4,,1,55,,71057,5,4,,1,15,,70997,5,4,,1,15,,71017,5,4,,1,15,,71037,5,4,,1,55,,71058,5,4,,1,15,,70998,5,4,,1,15,,71018,5,4,,1,15,,71038,5,4,,1,55,,71059,5,4,,1,15,,70999,5,4,,1,15,,71019,5,4,,1,15,,71039,5,4,,1,55,,71060,5,4,,1,15,,71000,5,4,,1,15,,71020,5,4,,1,15,,71040,5,4,,1,55,,71061,5,4,,1,15,,71001,5,4,,1,15,,71021,5,4,,1,15,,71041,5,4,,1,55,,71062,5,4,,1,15,,71002,5,4,,1,15,,71022,5,4,,1,15,,71042,5,4,,1,55,,71063,5,4,,1,15,,71003,5,4,,1
0,'20261020',523,,71124,5,4,,1,15,,71064,5,4,,1,20,,71104,5,4,,1,55,,71125,5,4,,1,15,,71065,5,4,,1,15,,71085,5,4,,1,15,,71105,5,4,,1,55,,71126,5,4,,1,15,,71066,5,4,,1,15,,71086,5,4,,1,15,,71106,5,4,,1,55,,71127,5,4,,1,15,,71067,5,4,,1,15,,71087,5,4,,1,15,,71107,5,4,,1,55,,71128,5,4,,1,15,,71068,5,4,,1,15,,71088,5,4,,1,15,,71108,5,4,,1,55,,71129,5,4,,1,15,,71069,5,4,,1,15,,71089,5,4,,1,15,,71109,5,4,,1,55,,71130,5,4,,1,15,,71070,5,4,,1,15,,71090,5,4,,1,15,,71110,5,4,,1,55,,71131,5,4,,1,15,,71071,5,4,,1,15,,71091,5,4,,1,15,,71111,5,4,,1,55,,71132,5,4,,1,15,,71072,5,4,,1,15,,71092,5,4,,1,15,,71112,5,4,,1,55,,71133,5,4,,1,15,,71073,5,4,,1,15,,71093,5,4,,1,15,,71113,5,4,,1,55,,71134,5,4,,1,15,,71074,5,4,,1,15,,71094,5,4,,1,15,,71114,5,4,,1,55,,71135,5,4,,1,15,,71075,5,4,,1,15,,71095,5,4,,1,15,,71115,5,4,,1,55,,71136,5,4,,1,15,,71076,5,4,,1,15,,71096,5,4,,1,15,,71116,5,4,,1,55,,71137,5,4,,1,15,,71077,5,4,,1,15,,71097,5,4,,1,15,,71117,5,4,,1,55,,71138,5,4,,1,15,,71078,5,4,,1,15,,71098,5,4,,1,15,,71118,5,4,,1,55,,71139,5,4,,1,15,,71079,5,4,,1,15,,71099,5,4,,1,15,,71119,5,4,,1,55,,71140,5,4,,1,15,,71080,5,4,,1,15,,71100,5,4,,1,15,,71120,5,4,,1,55,,71141,5,4,,1,15,,71081,5,4,,1,15,,71101,5,4,,1,15,,71121,5,4,,1,55,,71142,5,4,,1,15,,71082,5,4,,1,15,,71102,5,4,,1,15,,71122,5,4,,1,55,,71143,5,4,,1,15,,71083,5,4,,1,15,,71103,5,4,,1,15,,71123,5,4,,1,55,,71144,5,4,,1,15,,71084,5,4,,1
0,'20261021',523,,71205,5,4,,1,15,,71145,5,4,,1,20,,71185,5,4,,1,55,,71206,5,4,,1,15,,71146,5,4,,1,15,,71166,5,4,,1,15,,71186,5,4,,1,55,,71207,5,4,,1,15,,71147,5,4,,1,15,,71167,5,4,,1,15,,71187,5,4,,1,55,,71208,5,4,,1,15,,71148,5,4,,1,15,,71168,5,4,,1,15,,71188,5,4,,1,55,,71209,5,4,,1,15,,71149,5,4,,1,15,,71169,5,4,,1,15,,71189,5,4,,1,55,,71210,5,4,,1,15,,71150,5,4,,1,15,,71170,5,4,,1,15,,71190,5,4,,1,55,,71211,5,4,,1,15,,71151,5,4,,1,15,,71171,5,4,,1,15,,71191,5,4,,1,55,,71212,5,4,,1,15,,71152,5,4,,1,15,,71172,5,4,,1,15,,71192,5,4,,1,55,,71213,5,4,,1,15,,71153,5,4,,1,15,,71173,5,4,,1,15,,71193,5,4,,1,55,,71214,5,4,,1,15,,71154,5,4,,1,15,,71174,5,4,,1,15,,71194,5,4,,1,55,,71215,5,4,,1,15,,71155,5,4,,1,15,,71175,5,4,,1,15,,71195,5,4,,1,55,,71216,5,4,,1,15,,71156,5,4,,1,15,,71176,5,4,,1,15,,71196,5,4,,1,55,,71217,5,4,,1,15,,71157,5,4,,1,15,,71177,5,4,,1,15,,71197,5,4,,1,55,,71218,5,4,,1,15,,71158,5,4,,1,15,,71178,5,4,,1,15,,71198,5,4,,1,55,,71219,5,4,,1,15,,71159,5,4,,1,15,,71179,5,4,,1,15,,71199,5,4,,1,55,,71220,5,4,,1,15,,71160,5,4,,1,15,,71180,5,4,,1,15,,71200,5,4,,1,55,,71221,5,4,,1,15,,71161,5,4,,1,15,,71181,5,4,,1,15,,71201,5,4,,1,55,,71222,5,4,,1,15,,71162,5,4,,1,15,,71182,5,4,,1,15,,71202,5,4,,1,55,,71223,5,4,,1,15,,71163,5,4,,1,15,,71183,5,4,,1,15,,71203,5,4,,1,55,,71224,5,4,,1,15,,71164,5,4,,1,15,,71184,5,4,,1,15,,71204,5,4,,1,55,,71225,5,4,,1,15,,71165,5,4,,1
0,'20261022',523,,71286,5,4,,1,15,,71226,5,4,,1,20,,71266,5,4,,1,55,,71287,5,4,,1,15,,71227,5,4,,1,15,,71247,5,4,,1,15,,71267,5,4,,1,55,,71288,5,4,,1,15,,71228,5,4,,1,15,,71248,5,4,,1,15,,71268,5,4,,1,55,,71289,5,4,,1,15,,71229,5,4,,1,15,,71249,5,4,,1,15,,71269,5,4,,1,55,,71290,5,4,,1,15,,71230,5,4,,1,15,,71250,5,4,,1,15,,71270,5,4,,1,55,,71291,5,4,,1,15,,71231,5,4,,1,15,,71251,5,4,,1,15,,71271,5,4,,1,55,,71292,5,4,,1,15,,71232,5,4,,1,15,,71252,5,4,,1,15,,71272,5,4,,1,55,,71293,5,4,,1,15,,71233,5,4,,1,15,,71253,5,4,,1,15,,71273,5,4,,1,55,,71294,5,4,,1,15,,71234,5,4,,1,15,,71254,5,4,,1,15,,71274,5,4,,1,55,,71295,5,4,,1,15,,71235,5,4,,1,15,,71255,5,4,,1,15,,71275,5,4,,1,55,,71296,5,4,,1,15,,71236,5,4,,1,15,,71256,5,4,,1,15,,71276,5,4,,1,55,,71297,5,4,,1,15,,71237,5,4,,1,15,,71257,5,4,,1,15,,71277,5,4,,1,55,,71298,5,4,,1,15,,71238,5,4,,1,15,,71258,5,4,,1,15,,71278,5,4,,1,55,,71299,5,4,,1,15,,71239,5,4,,1,15,,71259,5,4,,1,15,,71279,5,4,,1,55,,71300,5,4,,1,15,,71240,5,4,,1,15,,71260,5,4,,1,15,,71280,5,4,,1,55,,71301,5,4,,1,15,,71241,5,4,,1,15,,71261,5,4,,1,15,,71281,5,4,,1,55,,71302,5,4,,1,15,,71242,5,4,,1,15,,71262,5,4,,1,15,,71282,5,4,,1,55,,71303,5,4,,1,15,,71243,5,4,,1,15,,71263,5,4,,1,15,,71283,5,4,,1,55,,71304,5,4,,1,15,,71244,5,4,,1,15,,71264,5,4,,1,15,,71284,5,4,,1,55,,71305,5,4,,1,15,,71245,5,4,,1,15,,71265,5,4,,1,15,,71285,5,4,,1,55,,71306,5,4,,1,15,,71246,5,4,,1
0,'20261023',523,,71367,5,4,,1,15,,71307,5,4,,1,20,,71347,5,4,,1,55,,71368,5,4,,1,15,,71308,5,4,,1,15,,71328,5,4,,1,15,,71348,5,4,,1,55,,71369,5,4,,1,15,,71309,5,4,,1,15,,71329,5,4,,1,15,,71349,5,4,,1,55,,71370,5,4,,1,15,,71310,5,4,,1,15,,71330,5,4,,1,15,,71350,5,4,,1,55,,71371,5,4,,1,15,,71311,5,4,,1,15,,71331,5,4,,1,15,,71351,5,4,,1,55,,71372,5,4,,1,15,,71312,5,4,,1,15,,71332,5,4,,1,15,,71352,5,4,,1,55,,71373,5,4,,1,15,,71313,5,4,,1,15,,71333,5,4,,1,15,,71353,5,4,,1,55,,71374,5,4,,1,15,,71314,5,4,,1,15,,71334,5,4,,1,15,,71354,5,4,,1,55,,71375,5,4,,1,15,,71315,5,4,,1,15,,71335,5,4,,1,15,,71355,5,4,,1,55,,71376,5,4,,1,15,,71316,5,4,,1,15,,71336,5,4,,1,15,,71356,5,4,,1,55,,71377,5,4,,1,15,,71317,5,4,,1,15,,71337,5,4,,1,15,,71357,5,4,,1,55,,71378,5,4,,1,15,,71318,5,4,,1,15,,71338,5,4,,1,15,,71358,5,4,,1,55,,71379,5,4,,1,15,,71319,5,4,,1,15,,71339,5,4,,1,15,,71359,5,4,,1,55,,71380,5,4,,1,15,,71320,5,4,,1,15,,71340,5,4,,1,15,,71360,5,4,,1,55,,71381,5,4,,1,15,,71321,5,4,,1,15,,71341,5,4,,1,15,,71361,5,4,,1,55,,71382,5,4,,1,15,,71322,5,4,,1,15,,71342,5,4,,1,15,,71362,5,4,,1,55,,71383,5,4,,1,15,,71323,5,4,,1,15,,71343,5,4,,1,15,,71363,5,4,,1,55,,71384,5,4,,1,15,,71324,5,4,,1,15,,71344,5,4,,1,15,,71364,5,4,,1,55,,71385,5,4,,1,15,,71325,5,4,,1,15,,71345,5,4,,1,15,,71365,5,4,,1,55,,71386,5,4,,1,15,,71326,5,4,,1,15,,71346,5,4,,1,15,,71366,5,4,,1,55,,71387,5,4,,1,15,,71327,5,4,,1
0,'20261024',628,,71388,5,4,,1,15,,71408,5,4,,1,15,,71427,5,4,,1,55,,71446,5,4,,1,15,,71389,5,4,,1,15,,71409,5,4,,1,15,,71428,5,4,,1,55,,71447,5,4,,1,15,,71390,5,4,,1,15,,71410,5,4,,1,15,,71429,5,4,,1,55,,71448,5,4,,1,15,,71391,5,4,,1,15,,71411,5,4,,1,15,,71430,5,4,,1,55,,71449,5,4,,1,15,,71392,5,4,,1,15,,71412,5,4,,1,15,,71431,5,4,,1,55,,71450,5,4,,1,15,,71393,5,4,,1,15,,71413,5,4,,1,15,,71432,5,4,,1,55,,71451,5,4,,1,15,,71394,5,4,,1,15,,71414,5,4,,1,15,,71433,5,4,,1,55,,71452,5,4,,1,15,,71395,5,4,,1,15,,71415,5,4,,1,15,,71434,5,4,,1,55,,71453,5,4,,1,15,,71396,5,4,,1,15,,71416,5,4,,1,15,,71435,5,4,,1,55,,71454,5,4,,1,15,,71397,5,4,,1,15,,71417,5,4,,1,15,,71436,5,4,,1,55,,71455,5,4,,1,15,,71398,5,4,,1,15,,71418,5,4,,1,15,,71437,5,4,,1,55,,71456,5,4,,1,15,,71399,5,4,,1,15,,71419,5,4,,1,15,,71438,5,4,,1,55,,71457,5,4,,1,15,,71400,5,4,,1,15,,71420,5,4,,1,15,,71439,5,4,,1,55,,71458,5,4,,1,15,,71401,5,4,,1,15,,71421,5,4,,1,15,,71440,5,4,,1,55,,71459,5,4,,1,15,,71402,5,4,,1,15,,71422,5,4,,1,15,,71441,5,4,,1,55,,71460,5,4,,1,15,,71403,5,4,,1,15,,71423,5,4,,1,15,,71442,5,4,,1,55,,71461,5,4,,1,15,,71404,5,4,,1,15,,71424,5,4,,1,15,,71443,5,4,,1,55,,71462,5,4,,1,15,,71405,5,4,,1,15,,71425,5,4,,1,15,,71444,5,4,,1,55,,71463,5,4,,1,15,,71406,5,4,,1,15,,71426,5,4,,1,15,,71445,5,4,,1,55,,71464,5,4,,1,15,,71407,5,4,,1
0,'20261025',628,,71465,5,4,,1,15,,71485,5,4,,1,15,,71504,5,4,,1,55,,71523,5,4,,1,15,,71466,5,4,,1,15,,71486,5,4,,1,15,,71505,5,4,,1,55,,71524,5,4,,1,15,,71467,5,4,,1,15,,71487,5,4,,1,15,,71506,5,4,,1,55,,71525,5,4,,1,15,,71468,5,4,,1,15,,71488,5,4,,1,15,,71507,5,4,,1,55,,71526,5,4,,1,15,,71469,5,4,,1,15,,71489,5,4,,1,15,,71508,5,4,,1,55,,71527,5,4,,1,15,,71470,5,4,,1,15,,71490,5,4,,1,15,,71509,5,4,,1,55,,71528,5,4,,1,15,,71471,5,4,,1,15,,71491,5,4,,1,15,,71510,5,4,,1,55,,71529,5,4,,1,15,,71472,5,4,,1,15,,71492,5,4,,1,15,,71511,5,4,,1,55,,71530,5,4,,1,15,,71473,5,4,,1,15,,71493,5,4,,1,15,,71512,5,4,,1,55,,71531,5,4,,1,15,,71474,5,4,,1,15,,71494,5,4,,1,15,,71513,5,4,,1,55,,71532,5,4,,1,15,,71475,5,4,,1,15,,71495,5,4,,1,15,,71514,5,4,,1,55,,71533,5,4,,1,15,,71476,5,4,,1,15,,71496,5,4,,1,15,,71515,5,4,,1,55,,71534,5,4,,1,15,,71477,5,4,,1,15,,71497,5,4,,1,15,,71516,5,4,,1,55,,71535,5,4,,1,15,,71478,5,4,,1,15,,71498,5,4,,1,15,,71517,5,4,,1,55,,71536,5,4,,1,15,,71479,5,4,,1,15,,71499,5,4,,1,15,,71518,5,4,,1,55,,71537,5,4,,1,15,,71480,5,4,,1,15,,71500,5,4,,1,15,,71519,5,4,,1,55,,71538,5,4,,1,15,,71481,5,4,,1,15,,71501,5,4,,1,15,,71520,5,4,,1,55,,71539,5,4,,1,15,,71482,5,4,,1,15,,71502,5,4,,1,15,,71521,5,4,,1,55,,71540,5,4,,1,15,,71483,5,4,,1,15,,71503,5,4,,1,15,,71522,5,4,,1,55,,71541,5,4,,1,15,,71484,5,4,,1
0,'20261026',523,,71602,5,4,,1,15,,71542,5,4,,1,20,,71582,5,4,,1,55,,71603,5,4,,1,15,,71543,5,4,,1,15,,71563,5,4,,1,15,,71583,5,4,,1,55,,71604,5,4,,1,15,,71544,5,4,,1,15,,71564,5,4,,1,15,,71584,5,4,,1,55,,71605,5,4,,1,15,,71545,5,4,,1,15,,71565,5,4,,1,15,,71585,5,4,,1,55,,71606,5,4,,1,15,,71546,5,4,,1,15,,71566,5,4,,1,15,,71586,5,4,,1,55,,71607,5,4,,1,15,,71547,5,4,,1,15,,71567,5,4,,1,15,,71587,5,4,,1,55,,71608,5,4,,1,15,,71548,5,4,,1,15,,71568,5,4,,1,15,,71588,5,4,,1,55,,71609,5,4,,1,15,,71549,5,4,,1,15,,71569,5,4,,1,15,,71589,5,4,,1,55,,71610,5,4,,1,15,,71550,5,4,,1,15,,71570,5,4,,1,15,,71590,5,4,,1,55,,71611,5,4,,1,15,,71551,5,4,,1,15,,71571,5,4,,1,15,,71591,5,4,,1,55,,71612,5,4,,1,15,,71552,5,4,,1,15,,71572,5,4,,1,15,,71592,5,4,,1,55,,71613,5,4,,1,15,,71553,5,4,,1,15,,71573,5,4,,1,15,,71593,5,4,,1,55,,71614,5,4,,1,15,,71554,5,4,,1,15,,71574,5,4,,1,15,,71594,5,4,,1,55,,71615,5,4,,1,15,,71555,5,4,,1,15,,71575,5,4,,1,15,,71595,5,4,,1,55,,71616,5,4,,1,15,,71556,5,4,,1,15,,71576,5,4,,1,15,,71596,5,4,,1,55,,71617,5,4,,1,15,,71557,5,4,,1,15,,71577,5,4,,1,15,,71597,5,4,,1,55,,71618,5,4,,1,15,,71558,5,4,,1,15,,71578,5,4,,1,15,,71598,5,4,,1,55,,71619,5,4,,1,15,,71559,5,4,,1,15,,71579,5,4,,1,15,,71599,5,4,,1,55,,71620,5,4,,1,15,,71560,5,4,,1,15,,71580,5,4,,1,15,,71600,5,4,,1,55,,71621,5,4,,1,15,,71561,5,4,,1,15,,71581,5,4,,1,15,,71601,5,4,,1,55,,71622,5,4,,1,15,,71562,5,4,,1
0,'20261027',523,,71683,5,4,,1,15,,71623,5,4,,1,20,,71663,5,4,,1,55,,71684,5,4,,1,15,,71624,5,4,,1,15,,71644,5,4,,1,15,,71664,5,4,,1,55,,71685,5,4,,1,15,,71625,5,4,,1,15,,71645,5,4,,1,15,,71665,5,4,,1,55,,71686,5,4,,1,15,,71626,5,4,,1,15,,71646,5,4,,1,15,,71666,5,4,,1,55,,71687,5,4,,1,15,,71627,5,4,,1,15,,71647,5,4,,1,15,,71667,5,4,,1,55,,71688,5,4,,1,15,,71628,5,4,,1,15,,71648,5,4,,1,15,,71668,5,4,,1,55,,71689,5,4,,1,15,,71629,5,4,,1,15,,71649,5,4,,1,15,,71669,5,4,,1,55,,71690,5,4,,1,15,,71630,5,4,,1,15,,71650,5,4,,1,15,,71670,5,4,,1,55,,71691,5,4,,1,15,,71631,5,4,,1,15,,71651,5,4,,1,15,,71671,5,4,,1,55,,71692,5,4,,1,15,,71632,5,4,,1,15,,71652,5,4,,1,15,,71672,5,4,,1,55,,71693,5,4,,1,15,,71633,5,4,,1,15,,71653,5,4,,1,15,,71673,5,4,,1,55,,71694,5,4,,1,15,,71634,5,4,,1,15,,71654,5,4,,1,15,,71674,5,4,,1,55,,71695,5,4,,1,15,,71635,5,4,,1,15,,71655,5,4,,1,15,,71675,5,4,,1,55,,71696,5,4,,1,15,,71636,5,4,,1,15,,71656,5,4,,1,15,,71676,5,4,,1,55,,71697,5,4,,1,15,,71637,5,4,,1,15,,71657,5,4,,1,15,,71677,5,4,,1,55,,71698,5,4,,1,15,,71638,5,4,,1,15,,71658,5,4,,1,15,,71678,5,4,,1,55,,71699,5,4,,1,15,,71639,5,4,,1,15,,71659,5,4,,1,15,,71679,5,4,,1,55,,71700,5,4,,1,15,,71640,5,4,,1,15,,71660,5,4,,1,15,,71680,5,4,,1,55,,71701,5,4,,1,15,,71641,5,4,,1,15,,71661,5,4,,1,15,,71681,5,4,,1,55,,71702,5,4,,1,15,,71642,5,4,,1,15,,71662,5,4,,1,15,,71682,5,4,,1,55,,71703,5,4,,1,15,,71643,5,4,,1
0,'20261028',523,,71764,5,4,,1,15,,71704,5,4,,1,20,,71744,5,4,,1,55,,71765,5,4,,1,15,,71705,5,4,,1,15,,71725,5,4,,1,15,,71745,5,4,,1,55,,71766,5,4,,1,15,,71706,5,4,,1,15,,71726,5,4,,1,15,,71746,5,4,,1,55,,71767,5,4,,1,15,,71707,5,4,,1,15,,71727,5,4,,1,15,,71747,5,4,,1,55,,71768,5,4,,1,15,,71708,5,4,,1,15,,71728,5,4,,1,15,,71748,5,4,,1,55,,71769,5,4,,1,15,,71709,5,4,,1,15,,71729,5,4,,1,15,,71749,5,4,,1,55,,71770,5,4,,1,15,,71710,5,4,,1,15,,71730,5,4,,1,15,,71750,5,4,,1,55,,71771,5,4,,1,15,,71711,5,4,,1,15,,71731,5,4,,1,15,,71751,5,4,,1,55,,71772,5,4,,1,15,,71712,5,4,,1,15,,71732,5,4,,1,15,,71752,5,4,,1,55,,71773,5,4,,1,15,,71713,5,4,,1,15,,71733,5,4,,1,15,,71753,5,4,,1,55,,71774,5,4,,1,15,,71714,5,4,,1,15,,71734,5,4,,1,15,,71754,5,4,,1,55,,71775,5,4,,1,15,,71715,5,4,,1,15,,71735,5,4,,1,15,,71755,5,4,,1,55,,71776,5,4,,1,15,,71716,5,4,,1,15,,71736,5,4,,1,15,,71756,5,4,,1,55,,71777,5,4,,1,15,,71717,5,4,,1,15,,71737,5,4,,1,15,,71757,5,4,,1,55,,71778,5,4,,1,15,,71718,5,4,,1,15,,71738,5,4,,1,15,,71758,5,4,,1,55,,71779,5,4,,1,15,,71719,5,4,,1,15,,71739,5,4,,1,15,,71759,5,4,,1,55,,71780,5,4,,1,15,,71720,5,4,,1,15,,71740,5,4,,1,15,,71760,5,4,,1,55,,71781,5,4,,1,15,,71721,5,4,,1,15,,71741,5,4,,1,15,,71761,5,4,,1,55,,71782,5,4,,1,15,,71722,5,4,,1,15,,71742,5,4,,1,15,,71762,5,4,,1,55,,71783,5,4,,1,15,,71723,5,4,,1,15,,71743,5,4,,1,15,,71763,5,4,,1,55,,71784,5,4,,1,15,,71724,5,4,,1
0,'20261029',523,,71845,5,4,,1,15,,71785,5,4,,1,20,,71825,5,4,,1,55,,71846,5,4,,1,15,,71786,5,4,,1,15,,71806,5,4,,1,15,,71826,5,4,,1,55,,71847,5,4,,1,15,,71787,5,4,,1,15,,71807,5,4,,1,15,,71827,5,4,,1,55,,71848,5,4,,1,15,,71788,5,4,,1,15,,71808,5,4,,1,15,,71828,5,4,,1,55,,71849,5,4,,1,15,,71789,5,4,,1,15,,71809,5,4,,1,15,,71829,5,4,,1,55,,71850,5,4,,1,15,,71790,5,4,,1,15,,71810,5,4,,1,15,,71830,5,4,,1,55,,71851,5,4,,1,15,,71791,5,4,,1,15,,71811,5,4,,1,15,,71831,5,4,,1,55,,71852,5,4,,1,15,,71792,5,4,,1,15,,71812,5,4,,1,15,,71832,5,4,,1,55,,71853,5,4,,1,15,,71793,5,4,,1,15,,71813,5,4,,1,15,,71833,5,4,,1,55,,71854,5,4,,1,15,,71794,5,4,,1,15,,71814,5,4,,1,15,,71834,5,4,,1,55,,71855,5,4,,1,15,,71795,5,4,,1,15,,71815,5,4,,1,15,,71835,5,4,,1,55,,71856,5,4,,1,15,,71796,5,4,,1,15,,71816,5,4,,1,15,,71836,5,4,,1,55,,71857,5,4,,1,15,,71797,5,4,,1,15,,71817,5,4,,1,15,,71837,5,4,,1,55,,71858,5,4,,1,15,,71798,5,4,,1,15,,71818,5,4,,1,15,,71838,5,4,,1,55,,71859,5,4,,1,15,,71799,5,4,,1,15,,71819,5,4,,1,15,,71839,5,4,,1,55,,71860,5,4,,1,15,,71800,5,4,,1,15,,71820,5,4,,1,15,,71840,5,4,,1,55,,71861,5,4,,1,15,,71801,5,4,,1,15,,71821,5,4,,1,15,,71841,5,4,,1,55,,71862,5,4,,1,15,,71802,5,4,,1,15,,71822,5,4,,1,15,,71842,5,4,,1,55,,71863,5,4,,1,15,,71803,5,4,,1,15,,71823,5,4,,1,15,,71843,5,4,,1,55,,71864,5,4,,1,15,,71804,5,4,,1,15,,71824,5,4,,1,15,,71844,5,4,,1,55,,71865,5,4,,1,15,,71805,5,4,,1
0,'20261030',523,,71926,5,4,,1,15,,71866,5,4,,1,20,,71906,5,4,,1,55,,71927,5,4,,1,15,,71867,5,4,,1,15,,71887,5,4,,1,15,,71907,5,4,,1,55,,71928,5,4,,1,15,,71868,5,4,,1,15,,71888,5,4,,1,15,,71908,5,4,,1,55,,71929,5,4,,1,15,,71869,5,4,,1,15,,71889,5,4,,1,15,,71909,5,4,,1,55,,71930,5,4,,1,15,,71870,5,4,,1,15,,71890,5,4,,1,15,,71910,5,4,,1,55,,71931,5,4,,1,15,,71871,5,4,,1,15,,71891,5,4,,1,15,,71911,5,4,,1,55,,71932,5,4,,1,15,,71872,5,4,,1,15,,71892,5,4,,1,15,,71912,5,4,,1,55,,71933,5,4,,1,15,,71873,5,4,,1,15,,71893,5,4,,1,15,,71913,5,4,,1,55,,71934,5,4,,1,15,,71874,5,4,,1,15,,71894,5,4,,1,15,,71914,5,4,,1,55,,71935,5,4,,1,15,,71875,5,4,,1,15,,71895,5,4,,1,15,,71915,5,4,,1,55,,71936,5,4,,1,15,,71876,5,4,,1,15,,71896,5,4,,1,15,,71916,5,4,,1,55,,71937,5,4,,1,15,,71877,5,4,,1,15,,71897,5,4,,1,15,,71917,5,4,,1,55,,71938,5,4,,1,15,,71878,5,4,,1,15,,71898,5,4,,1,15,,71918,5,4,,1,55,,71939,5,4,,1,15,,71879,5,4,,1,15,,71899,5,4,,1,15,,71919,5,4,,1,55,,71940,5,4,,1,15,,71880,5,4,,1,15,,71900,5,4,,1,15,,71920,5,4,,1,55,,71941,5,4,,1,15,,71881,5,4,,1,15,,71901,5,4,,1,15,,71921,5,4,,1,55,,71942,5,4,,1,15,,71882,5,4,,1,15,,71902,5,4,,1,15,,71922,5,4,,1,55,,71943,5,4,,1,15,,71883,5,4,,1,15,,71903,5,4,,1,15,,71923,5,4,,1,55,,71944,5,4,,1,15,,71884,5,4,,1,15,,71904,5,4,,1,15,,71924,5,4,,1,55,,71945,5,4,,1,15,,71885,5,4,,1,15,,71905,5,4,,1,15,,71925,5,4,,1,55,,71946,5,4,,1,15,,71886,5,4,,1
0,'20261031',628,,71947,5,4,,1,15,,71967,5,4,,1,15,,71986,5,4,,1,55,,72005,5,4,,1,15,,71948,5,4,,1,15,,71968,5,4,,1,15,,71987,5,4,,1,55,,72006,5,4,,1,15,,71949,5,4,,1,15,,71969,5,4,,1,15,,71988,5,4,,1,55,,72007,5,4,,1,15,,71950,5,4,,1,15,,71970,5,4,,1,15,,71989,5,4,,1,55,,72008,5,4,,1,15,,71951,5,4,,1,15,,71971,5,4,,1,15,,71990,5,4,,1,55,,72009,5,4,,1,15,,71952,5,4,,1,15,,71972,5,4,,1,15,,71991,5,4,,1,55,,72010,5,4,,1,15,,71953,5,4,,1,15,,71973,5,4,,1,15,,71992,5,4,,1,55,,72011,5,4,,1,15,,71954,5,4,,1,15,,71974,5,4,,1,15,,71993,5,4,,1,55,,72012,5,4,,1,15,,71955,5,4,,1,15,,71975,5,4,,1,15,,71994,5,4,,1,55,,72013,5,4,,1,15,,71956,5,4,,1,15,,71976,5,4,,1,15,,71995,5,4,,1,55,,72014,5,4,,1,15,,71957,5,4,,1,15,,71977,5,4,,1,15,,71996,5,4,,1,55,,72015,5,4,,1,15,,71958,5,4,,1,15,,71978,5,4,,1,15,,71997,5,4,,1,55,,72016,5,4,,1,15,,71959,5,4,,1,15,,71979,5,4,,1,15,,71998,5,4,,1,55,,72017,5,4,,1,15,,71960,5,4,,1,15,,71980,5,4,,1,15,,71999,5,4,,1,55,,72018,5,4,,1,15,,71961,5,4,,1,15,,71981,5,4,,1,15,,72000,5,4,,1,55,,72019,5,4,,1,15,,71962,5,4,,1,15,,71982,5,4,,1,15,,72001,5,4,,1,55,,72020,5,4,,1,15,,71963,5,4,,1,15,,71983,5,4,,1,15,,72002,5,4,,1,55,,72021,5,4,,1,15,,71964,5,4,,1,15,,71984,5,4,,1,15,,72003,5,4,,1,55,,72022,5,4,,1,15,,71965,5,4,,1,15,,71985,5,4,,1,15,,72004,5,4,,1,55,,72023,5,4,,1,15,,71966,5,4,,1
0,'20261101',628,,72024,5,4,,1,15,,72044,5,4,,1,15,,72063,5,4,,1,55,,72082,5,4,,1,15,,72025,5,4,,1,15,,72045,5,4,,1,15,,72064,5,4,,1,55,,72083,5,4,,1,15,,72026,5,4,,1,15,,72046,5,4,,1,15,,72065,5,4,,1,55,,72084,5,4,,1,15,,72027,5,4,,1,15,,72047,5,4,,1,15,,72066,5,4,,1,55,,72085,5,4,,1,15,,72028,5,4,,1,15,,72048,5,4,,1,15,,72067,5,4,,1,55,,72086,5,4,,1,15,,72029,5,4,,1,15,,72049,5,4,,1,15,,72068,5,4,,1,55,,72087,5,4,,1,15,,72030,5,4,,1,15,,72050,5,4,,1,15,,72069,5,4,,1,55,,72088,5,4,,1,15,,72031,5,4,,1,15,,72051,5,4,,1,15,,72070,5,4,,1,55,,72089,5,4,,1,15,,72032,5,4,,1,15,,72052,5,4,,1,15,,72071,5,4,,1,55,,72090,5,4,,1,15,,72033,5,4,,1,15,,72053,5,4,,1,15,,72072,5,4,,1,55,,72091,5,4,,1,15,,72034,5,4,,1,15,,72054,5,4,,1,15,,72073,5,4,,1,55,,72092,5,4,,1,15,,72035,5,4,,1,15,,72055,5,4,,1,15,,72074,5,4,,1,55,,72093,5,4,,1,15,,72036,5,4,,1,15,,72056,5,4,,1,15,,72075,5,4,,1,55,,72094,5,4,,1,15,,72037,5,4,,1,15,,72057,5,4,,1,15,,72076,5,4,,1,55,,72095,5,4,,1,15,,72038,5,4,,1,15,,72058,5,4,,1,15,,72077,5,4,,1,55,,72096,5,4,,1,15,,72039,5,4,,1,15,,72059,5,4,,1,15,,72078,5,4,,1,55,,72097,5,4,,1,15,,72040,5,4,,1,15,,72060,5,4,,1,15,,72079,5,4,,1,55,,72098,5,4,,1,15,,72041,5,4,,1,15,,72061,5,4,,1,15,,72080,5,4,,1,55,,72099,5,4,,1,15,,72042,5,4,,1,15,,72062,5,4,,1,15,,72081,5,4,,1,55,,72100,5,4,,1,15,,72043,5,4,,1
0,'20261102',523,,72161,5,4,,1,15,,72101,5,4,,1,20,,72141,5,4,,1,55,,72162,5,4,,1,15,,72102,5,4,,1,15,,72122,5,4,,1,15,,72142,5,4,,1,55,,72163,5,4,,1,15,,72103,5,4,,1,15,,72123,5,4,,1,15,,72143,5,4,,1,55,,72164,5,4,,1,15,,72104,5,4,,1,15,,72124,5,4,,1,15,,72144,5,4,,1,55,,72165,5,4,,1,15,,72105,5,4,,1,15,,72125,5,4,,1,15,,72145,5,4,,1,55,,72166,5,4,,1,15,,72106,5,4,,1,15,,72126,5,4,,1,15,,72146,5,4,,1,55,,72167,5,4,,1,15,,72107,5,4,,1,15,,72127,5,4,,1,15,,72147,5,4,,1,55,,72168,5,4,,1,15,,72108,5,4,,1,15,,72128,5,4,,1,15,,72148,5,4,,1,55,,72169,5,4,,1,15,,72109,5,4,,1,15,,72129,5,4,,1,15,,72149,5,4,,1,55,,72170,5,4,,1,15,,72110,5,4,,1,15,,72130,5,4,,1,15,,72150,5,4,,1,55,,72171,5,4,,1,15,,72111,5,4,,1,15,,72131,5,4,,1,15,,72151,5,4,,1,55,,72172,5,4,,1,15,,72112,5,4,,1,15,,72132,5,4,,1,15,,72152,5,4,,1,55,,72173,5,4,,1,15,,72113,5,4,,1,15,,72133,5,4,,1,15,,72153,5,4,,1,55,,72174,5,4,,1,15,,72114,5,4,,1,15,,72134,5,4,,1,15,,72154,5,4,,1,55,,72175,5,4,,1,15,,72115,5,4,,1,15,,72135,5,4,,1,15,,72155,5,4,,1,55,,72176,5,4,,1,15,,72116,5,4,,1,15,,72136,5,4,,1,15,,72156,5,4,,1,55,,72177,5,4,,1,15,,72117,5,4,,1,15,,72137,5,4,,1,15,,72157,5,4,,1,55,,72178,5,4,,1,15,,72118,5,4,,1,15,,72138,5,4,,1,15,,72158,5,4,,1,55,,72179,5,4,,1,15,,72119,5,4,,1,15,,72139,5,4,,1,15,,72159,5,4,,1,55,,72180,5,4,,1,15,,72120,5,4,,1,15,,72140,5,4,,1,15,,72160,5,4,,1,55,,72181,5,4,,1,15,,72121,5,4,,1
0,'20261103',523,,72242,5,4,,1,15,,72182,5,4,,1,20,,72222,5,4,,1,55,,72243,5,4,,1,15,,72183,5,4,,1,15,,72203,5,4,,1,15,,72223,5,4,,1,55,,72244,5,4,,1,15,,72184,5,4,,1,15,,72204,5,4,,1,15,,72224,5,4,,1,55,,72245,5,4,,1,15,,72185,5,4,,1,15,,72205,5,4,,1,15,,72225,5,4,,1,55,,72246,5,4,,1,15,,72186,5,4,,1,15,,72206,5,4,,1,15,,72226,5,4,,1,55,,72247,5,4,,1,15,,72187,5,4,,1,15,,72207,5,4,,1,15,,72227,5,4,,1,55,,72248,5,4,,1,15,,72188,5,4,,1,15,,72208,5,4,,1,15,,72228,5,4,,1,55,,72249,5,4,,1,15,,72189,5,4,,1,15,,72209,5,4,,1,15,,72229,5,4,,1,55,,72250,5,4,,1,15,,72190,5,4,,1,15,,72210,5,4,,1,15,,72230,5,4,,1,55,,72251,5,4,,1,15,,72191,5,4,,1,15,,72211,5,4,,1,15,,72231,5,4,,1,55,,72252,5,4,,1,15,,72192,5,4,,1,15,,72212,5,4,,1,15,,72232,5,4,,1,55,,72253,5,4,,1,15,,72193,5,4,,1,15,,72213,5,4,,1,15,,72233,5,4,,1,55,,72254,5,4,,1,15,,72194,5,4,,1,15,,72214,5,4,,1,15,,72234,5,4,,1,55,,72255,5,4,,1,15,,72195,5,4,,1,15,,72215,5,4,,1,15,,72235,5,4,,1,55,,72256,5,4,,1,15,,72196,5,4,,1,15,,72216,5,4,,1,15,,72236,5,4,,1,55,,72257,5,4,,1,15,,72197,5,4,,1,15,,72217,5,4,,1,15,,72237,5,4,,1,55,,72258,5,4,,1,15,,72198,5,4,,1,15,,72218,5,4,,1,15,,72238,5,4,,1,55,,72259,5,4,,1,15,,72199,5,4,,1,15,,72219,5,4,,1,15,,72239,5,4,,1,55,,72260,5,4,,1,15,,72200,5,4,,1,15,,72220,5,4,,1,15,,72240,5,4,,1,55,,72261,5,4,,1,15,,72201,5,4,,1,15,,72221,5,4,,1,15,,72241,5,4,,1,55,,72262,5,4,,1,15,,72202,5,4,,1
0,'20261104',523,,72323,5,4,,1,15,,72263,5,4,,1,20,,72303,5,4,,1,55,,72324,5,4,,1,15,,72264,5,4,,1,15,,72284,5,4,,1,15,,72304,5,4,,1,55,,72325,5,4,,1,15,,72265,5,4,,1,15,,72285,5,4,,1,15,,72305,5,4,,1,55,,72326,5,4,,1,15,,72266,5,4,,1,15,,72286,5,4,,1,15,,72306,5,4,,1,55,,72327,5,4,,1,15,,72267,5,4,,1,15,,72287,5,4,,1,15,,72307,5,4,,1,55,,72328,5,4,,1,15,,72268,5,4,,1,15,,72288,5,4,,1,15,,72308,5,4,,1,55,,72329,5,4,,1,15,,72269,5,4,,1,15,,72289,5,4,,1,15,,72309,5,4,,1,55,,72330,5,4,,1,15,,72270,5,4,,1,15,,72290,5,4,,1,15,,72310,5,4,,1,55,,72331,5,4,,1,15,,72271,5,4,,1,15,,72291,5,4,,1,15,,72311,5,4,,1,55,,72332,5,4,,1,15,,72272,5,4,,1,15,,72292,5,4,,1,15,,72312,5,4,,1,55,,72333,5,4,,1,15,,72273,5,4,,1,15,,72293,5,4,,1,15,,72313,5,4,,1,55,,72334,5,4,,1,15,,72274,5,4,,1,15,,72294,5,4,,1,15,,72314,5,4,,1,55,,72335,5,4,,1,15,,72275,5,4,,1,15,,72295,5,4,,1,15,,72315,5,4,,1,55,,72336,5,4,,1,15,,72276,5,4,,1,15,,72296,5,4,,1,15,,72316,5,4,,1,55,,72337,5,4,,1,15,,72277,5,4,,1,15,,72297,5,4,,1,15,,72317,5,4,,1,55,,72338,5,4,,1,15,,72278,5,4,,1,15,,72298,5,4,,1,15,,72318,5,4,,1,55,,72339,5,4,,1,15,,72279,5,4,,1,15,,72299,5,4,,1,15,,72319,5,4,,1,55,,72340,5,4,,1,15,,72280,5,4,,1,15,,72300,5,4,,1,15,,72320,5,4,,1,55,,72341,5,4,,1,15,,72281,5,4,,1,15,,72301,5,4,,1,15,,72321,5,4,,1,55,,72342,5,4,,1,15,,72282,5,4,,1,15,,72302,5,4,,1,15,,72322,5,4,,1,55,,72343,5,4,,1,15,,72283,5,4,,1
0,'20261105',523,,72404,5,4,,1,15,,72344,5,4,,1,20,,72384,5,4,,1,55,,72405,5,4,,1,15,,72345,5,4,,1,15,,72365,5,4,,1,15,,72385,5,4,,1,55,,72406,5,4,,1,15,,72346,5,4,,1,15,,72366,5,4,,1,15,,72386,5,4,,1,55,,72407,5,4,,1,15,,72347,5,4,,1,15,,72367,5,4,,1,15,,72387,5,4,,1,55,,72408,5,4,,1,15,,72348,5,4,,1,15,,72368,5,4,,1,15,,72388,5,4,,1,55,,72409,5,4,,1,15,,72349,5,4,,1,15,,72369,5,4,,1,15,,72389,5,4,,1,55,,72410,5,4,,1,15,,72350,5,4,,1,15,,72370,5,4,,1,15,,72390,5,4,,1,55,,72411,5,4,,1,15,,72351,5,4,,1,15,,72371,5,4,,1,15,,72391,5,4,,1,55,,72412,5,4,,1,15,,72352,5,4,,1,15,,72372,5,4,,1,15,,72392,5,4,,1,55,,72413,5,4,,1,15,,72353,5,4,,1,15,,72373,5,4,,1,15,,72393,5,4,,1,55,,72414,5,4,,1,15,,72354,5,4,,1,15,,72374,5,4,,1,15,,72394,5,4,,1,55,,72415,5,4,,1,15,,72355,5,4,,1,15,,72375,5,4,,1,15,,72395,5,4,,1,55,,72416,5,4,,1,15,,72356,5,4,,1,15,,72376,5,4,,1,15,,72396,5,4,,1,55,,72417,5,4,,1,15,,72357,5,4,,1,15,,72377,5,4,,1,15,,72397,5,4,,1,55,,72418,5,4,,1,15,,72358,5,4,,1,15,,72378,5,4,,1,15,,72398,5,4,,1,55,,72419,5,4,,1,15,,72359,5,4,,1,15,,72379,5,4,,1,15,,72399,5,4,,1,55,,72420,5,4,,1,15,,72360,5,4,,1,15,,72380,5,4,,1,15,,72400,5,4,,1,55,,72421,5,4,,1,15,,72361,5,4,,1,15,,72381,5,4,,1,15,,72401,5,4,,1,55,,72422,5,4,,1,15,,72362,5,4,,1,15,,72382,5,4,,1,15,,72402,5,4,,1,55,,72423,5,4,,1,15,,72363,5,4,,1,15,,72383,5,4,,1,15,,72403,5,4,,1,55,,72424,5,4,,1,15,,72364,5,4,,1
0,'20261106',523,,72485,5,4,,1,15,,72425,5,4,,1,20,,72465,5,4,,1,55,,72486,5,4,,1,15,,72426,5,4,,1,15,,72446,5,4,,1,15,,72466,5,4,,1,55,,72487,5,4,,1,15,,72427,5,4,,1,15,,72447,5,4,,1,15,,72467,5,4,,1,55,,72488,5,4,,1,15,,72428,5,4,,1,15,,72448,5,4,,1,15,,72468,5,4,,1,55,,72489,5,4,,1,15,,72429,5,4,,1,15,,72449,5,4,,1,15,,72469,5,4,,1,55,,72490,5,4,,1,15,,72430,5,4,,1,15,,72450,5,4,,1,15,,72470,5,4,,1,55,,72491,5,4,,1,15,,72431,5,4,,1,15,,72451,5,4,,1,15,,72471,5,4,,1,55,,72492,5,4,,1,15,,72432,5,4,,1,15,,72452,5,4,,1,15,,72472,5,4,,1,55,,72493,5,4,,1,15,,72433,5,4,,1,15,,72453,5,4,,1,15,,72473,5,4,,1,55,,72494,5,4,,1,15,,72434,5,4,,1,15,,72454,5,4,,1,15,,72474,5,4,,1,55,,72495,5,4,,1,15,,72435,5,4,,1,15,,72455,5,4,,1,15,,72475,5,4,,1,55,,72496,5,4,,1,15,,72436,5,4,,1,15,,72456,5,4,,1,15,,72476,5,4,,1,55,,72497,5,4,,1,15,,72437,5,4,,1,15,,72457,5,4,,1,15,,72477,5,4,,1,55,,72498,5,4,,1,15,,72438,5,4,,1,15,,72458,5,4,,1,15,,72478,5,4,,1,55,,72499,5,4,,1,15,,72439,5,4,,1,15,,72459,5,4,,1,15,,72479,5,4,,1,55,,72500,5,4,,1,15,,72440,5,4,,1,15,,72460,5,4,,1,15,,72480,5,4,,1,55,,72501,5,4,,1,15,,72441,5,4,,1,15,,72461,5,4,,1,15,,72481,5,4,,1,55,,72502,5,4,,1,15,,72442,5,4,,1,15,,72462,5,4,,1,15,,72482,5,4,,1,55,,72503,5,4,,1,15,,72443,5,4,,1,15,,72463,5,4,,1,15,,72483,5,4,,1,55,,72504,5,4,,1,15,,72444,5,4,,1,15,,72464,5,4,,1,15,,72484,5,4,,1,55,,72505,5,4,,1,15,,72445,5,4,,1
0,'20261107',628,,72506,5,4,,1,15,,72526,5,4,,1,15,,72545,5,4,,1,55,,72564,5,4,,1,15,,72507,5,4,,1,15,,72527,5,4,,1,15,,72546,5,4,,1,55,,72565,5,4,,1,15,,72508,5,4,,1,15,,72528,5,4,,1,15,,72547,5,4,,1,55,,72566,5,4,,1,15,,72509,5,4,,1,15,,72529,5,4,,1,15,,72548,5,4,,1,55,,72567,5,4,,1,15,,72510,5,4,,1,15,,72530,5,4,,1,15,,72549,5,4,,1,55,,72568,5,4,,1,15,,72511,5,4,,1,15,,72531,5,4,,1,15,,72550,5,4,,1,55,,72569,5,4,,1,15,,72512,5,4,,1,15,,72532,5,4,,1,15,,72551,5,4,,1,55,,72570,5,4,,1,15,,72513,5,4,,1,15,,72533,5,4,,1,15,,72552,5,4,,1,55,,72571,5,4,,1,15,,72514,5,4,,1,15,,72534,5,4,,1,15,,72553,5,4,,1,55,,72572,5,4,,1,15,,72515,5,4,,1,15,,72535,5,4,,1,15,,72554,5,4,,1,55,,72573,5,4,,1,15,,72516,5,4,,1,15,,72536,5,4,,1,15,,72555,5,4,,1,55,,72574,5,4,,1,15,,72517,5,4,,1,15,,72537,5,4,,1,15,,72556,5,4,,1,55,,72575,5,4,,1,15,,72518,5,4,,1,15,,72538,5,4,,1,15,,72557,5,4,,1,55,,72576,5,4,,1,15,,72519,5,4,,1,15,,72539,5,4,,1,15,,72558,5,4,,1,55,,72577,5,4,,1,15,,72520,5,4,,1,15,,72540,5,4,,1,15,,72559,5,4,,1,55,,72578,5,4,,1,15,,72521,5,4,,1,15,,72541,5,4,,1,15,,72560,5,4,,1,55,,72579,5,4,,1,15,,72522,5,4,,1,15,,72542,5,4,,1,15,,72561,5,4,,1,55,,72580,5,4,,1,15,,72523,5,4,,1,15,,72543,5,4,,1,15,,72562,5,4,,1,55,,72581,5,4,,1,15,,72524,5,4,,1,15,,72544,5,4,,1,15,,72563,5,4,,1,55,,72582,5,4,,1,15,,72525,5,4,,1
0,'20261108',628,,72583,5,4,,1,15,,72603,5,4,,1,15,,72622,5,4,,1,55,,72641,5,4,,1,15,,72584,5,4,,1,15,,72604,5,4,,1,15,,72623,5,4,,1,55,,72642,5,4,,1,15,,72585,5,4,,1,15,,72605,5,4,,1,15,,72624,5,4,,1,55,,72643,5,4,,1,15,,72586,5,4,,1,15,,72606,5,4,,1,15,,72625,5,4,,1,55,,72644,5,4,,1,15,,72587,5,4,,1,15,,72607,5,4,,1,15,,72626,5,4,,1,55,,72645,5,4,,1,15,,72588,5,4,,1,15,,72608,5,4,,1,15,,72627,5,4,,1,55,,72646,5,4,,1,15,,72589,5,4,,1,15,,72609,5,4,,1,15,,72628,5,4,,1,55,,72647,5,4,,1,15,,72590,5,4,,1,15,,72610,5,4,,1,15,,72629,5,4,,1,55,,72648,5,4,,1,15,,72591,5,4,,1,15,,72611,5,4,,1,15,,72630,5,4,,1,55,,72649,5,4,,1,15,,72592,5,4,,1,15,,72612,5,4,,1,15,,72631,5,4,,1,55,,72650,5,4,,1,15,,72593,5,4,,1,15,,72613,5,4,,1,15,,72632,5,4,,1,55,,72651,5,4,,1,15,,72594,5,4,,1,15,,72614,5,4,,1,15,,72633,5,4,,1,55,,72652,5,4,,1,15,,72595,5,4,,1,15,,72615,5,4,,1,15,,72634,5,4,,1,55,,72653,5,4,,1,15,,72596,5,4,,1,15,,72616,5,4,,1,15,,72635,5,4,,1,55,,72654,5,4,,1,15,,72597,5,4,,1,15,,72617,5,4,,1,15,,72636,5,4,,1,55,,72655,5,4,,1,15,,72598,5,4,,1,15,,72618,5,4,,1,15,,72637,5,4,,1,55,,72656,5,4,,1,15,,72599,5,4,,1,15,,72619,5,4,,1,15,,72638,5,4,,1,55,,72657,5,4,,1,15,,72600,5,4,,1,15,,72620,5,4,,1,15,,72639,5,4,,1,55,,72658,5,4,,1,15,,72601,5,4,,1,15,,72621,5,4,,1,15,,72640,5,4,,1,55,,72659,5,4,,1,15,,72602,5,4,,1
0,'20261109',523,,72720,5,4,,1,15,,72660,5,4,,1,20,,72700,5,4,,1,55,,72721,5,4,,1,15,,72661,5,4,,1,15,,72681,5,4,,1,15,,72701,5,4,,1,55,,72722,5,4,,1,15,,72662,5,4,,1,15,,72682,5,4,,1,15,,72702,5,4,,1,55,,72723,5,4,,1,15,,72663,5,4,,1,15,,72683,5,4,,1,15,,72703,5,4,,1,55,,72724,5,4,,1,15,,72664,5,4,,1,15,,72684,5,4,,1,15,,72704,5,4,,1,55,,72725,5,4,,1,15,,72665,5,4,,1,15,,72685,5,4,,1,15,,72705,5,4,,1,55,,72726,5,4,,1,15,,72666,5,4,,1,15,,72686,5,4,,1,15,,72706,5,4,,1,55,,72727,5,4,,1,15,,72667,5,4,,1,15,,72687,5,4,,1,15,,72707,5,4,,1,55,,72728,5,4,,1,15,,72668,5,4,,1,15,,72688,5,4,,1,15,,72708,5,4,,1,55,,72729,5,4,,1,15,,72669,5,4,,1,15,,72689,5,4,,1,15,,72709,5,4,,1,55,,72730,5,4,,1,15,,72670,5,4,,1,15,,72690,5,4,,1,15,,72710,5,4,,1,55,,72731,5,4,,1,15,,72671,5,4,,1,15,,72691,5,4,,1,15,,72711,5,4,,1,55,,72732,5,4,,1,15,,72672,5,4,,1,15,,72692,5,4,,1,15,,72712,5,4,,1,55,,72733,5,4,,1,15,,72673,5,4,,1,15,,72693,5,4,,1,15,,72713,5,4,,1,55,,72734,5,4,,1,15,,72674,5,4,,1,15,,72694,5,4,,1,15,,72714,5,4,,1,55,,72735,5,4,,1,15,,72675,5,4,,1,15,,72695,5,4,,1,15,,72715,5,4,,1,55,,72736,5,4,,1,15,,72676,5,4,,1,15,,72696,5,4,,1,15,,72716,5,4,,1,55,,72737,5,4,,1,15,,72677,5,4,,1,15,,72697,5,4,,1,15,,72717,5,4,,1,55,,72738,5,4,,1,15,,72678,5,4,,1,15,,72698,5,4,,1,15,,72718,5,4,,1,55,,72739,5,4,,1,15,,72679,5,4,,1,15,,72699,5,4,,1,15,,72719,5,4,,1,55,,72740,5,4,,1,15,,72680,5,4,,1
0,'20261110',523,,72801,5,4,,1,15,,72741,5,4,,1,20,,72781,5,4,,1,55,,72802,5,4,,1,15,,72742,5,4,,1,15,,72762,5,4,,1,15,,72782,5,4,,1,55,,72803,5,4,,1,15,,72743,5,4,,1,15,,72763,5,4,,1,15,,72783,5,4,,1,55,,72804,5,4,,1,15,,72744,5,4,,1,15,,72764,5,4,,1,15,,72784,5,4,,1,55,,72805,5,4,,1,15,,72745,5,4,,1,15,,72765,5,4,,1,15,,72785,5,4,,1,55,,72806,5,4,,1,15,,72746,5,4,,1,15,,72766,5,4,,1,15,,72786,5,4,,1,55,,72807,5,4,,1,15,,72747,5,4,,1,15,,72767,5,4,,1,15,,72787,5,4,,1,55,,72808,5,4,,1,15,,72748,5,4,,1,15,,72768,5,4,,1,15,,72788,5,4,,1,55,,72809,5,4,,1,15,,72749,5,4,,1,15,,72769,5,4,,1,15,,72789,5,4,,1,55,,72810,5,4,,1,15,,72750,5,4,,1,15,,72770,5,4,,1,15,,72790,5,4,,1,55,,72811,5,4,,1,15,,72751,5,4,,1,15,,72771,5,4,,1,15,,72791,5,4,,1,55,,72812,5,4,,1,15,,72752,5,4,,1,15,,72772,5,4,,1,15,,72792,5,4,,1,55,,72813,5,4,,1,15,,72753,5,4,,1,15,,72773,5,4,,1,15,,72793,5,4,,1,55,,72814,5,4,,1,15,,72754,5,4,,1,15,,72774,5,4,,1,15,,72794,5,4,,1,55,,72815,5,4,,1,15,,72755,5,4,,1,15,,72775,5,4,,1,15,,72795,5,4,,1,55,,72816,5,4,,1,15,,72756,5,4,,1,15,,72776,5,4,,1,15,,72796,5,4,,1,55,,72817,5,4,,1,15,,72757,5,4,,1,15,,72777,5,4,,1,15,,72797,5,4,,1,55,,72818,5,4,,1,15,,72758,5,4,,1,15,,72778,5,4,,1,15,,72798,5,4,,1,55,,72819,5,4,,1,15,,72759,5,4,,1,15,,72779,5,4,,1,15,,72799,5,4,,1,55,,72820,5,4,,1,15,,72760,5,4,,1,15,,72780,5,4,,1,15,,72800,5,4,,1,55,,72821,5,4,,1,15,,72761,5,4,,1
0,'20261111',523,,72882,5,4,,1,15,,72822,5,4,,1,20,,72862,5,4,,1,55,,72883,5,4,,1,15,,72823,5,4,,1,15,,72843,5,4,,1,15,,72863,5,4,,1,55,,72884,5,4,,1,15,,72824,5,4,,1,15,,72844,5,4,,1,15,,72864,5,4,,1,55,,72885,5,4,,1,15,,72825,5,4,,1,15,,72845,5,4,,1,15,,72865,5,4,,1,55,,72886,5,4,,1,15,,72826,5,4,,1,15,,72846,5,4,,1,15,,72866,5,4,,1,55,,72887,5,4,,1,15,,72827,5,4,,1,15,,72847,5,4,,1,15,,72867,5,4,,1,55,,72888,5,4,,1,15,,72828,5,4,,1,15,,72848,5,4,,1,15,,72868,5,4,,1,55,,72889,5,4,,1,15,,72829,5,4,,1,15,,72849,5,4,,1,15,,72869,5,4,,1,55,,72890,5,4,,1,15,,72830,5,4,,1,15,,72850,5,4,,1,15,,72870,5,4,,1,55,,72891,5,4,,1,15,,72831,5,4,,1,15,,72851,5,4,,1,15,,72871,5,4,,1,55,,72892,5,4,,1,15,,72832,5,4,,1,15,,72852,5,4,,1,15,,72872,5,4,,1,55,,72893,5,4,,1,15,,72833,5,4,,1,15,,72853,5,4,,1,15,,72873,5,4,,1,55,,72894,5,4,,1,15,,72834,5,4,,1,15,,72854,5,4,,1,15,,72874,5,4,,1,55,,72895,5,4,,1,15,,72835,5,4,,1,15,,72855,5,4,,1,15,,72875,5,4,,1,55,,72896,5,4,,1,15,,72836,5,4,,1,15,,72856,5,4,,1,15,,72876,5,4,,1,55,,72897,5,4,,1,15,,72837,5,4,,1,15,,72857,5,4,,1,15,,72877,5,4,,1,55,,72898,5,4,,1,15,,72838,5,4,,1,15,,72858,5,4,,1,15,,72878,5,4,,1,55,,72899,5,4,,1,15,,72839,5,4,,1,15,,72859,5,4,,1,15,,72879,5,4,,1,55,,72900,5,4,,1,15,,72840,5,4,,1,15,,72860,5,4,,1,15,,72880,5,4,,1,55,,72901,5,4,,1,15,,72841,5,4,,1,15,,72861,5,4,,1,15,,72881,5,4,,1,55,,72902,5,4,,1,15,,72842,5,4,,1
0,'20261112',523,,72963,5,4,,1,15,,72903,5,4,,1,20,,72943,5,4,,1,55,,72964,5,4,,1,15,,72904,5,4,,1,15,,72924,5,4,,1,15,,72944,5,4,,1,55,,72965,5,4,,1,15,,72905,5,4,,1,15,,72925,5,4,,1,15,,72945,5,4,,1,55,,72966,5,4,,1,15,,72906,5,4,,1,15,,72926,5,4,,1,15,,72946,5,4,,1,55,,72967,5,4,,1,15,,72907,5,4,,1,15,,72927,5,4,,1,15,,72947,5,4,,1,55,,72968,5,4,,1,15,,72908,5,4,,1,15,,72928,5,4,,1,15,,72948,5,4,,1,55,,72969,5,4,,1,15,,72909,5,4,,1,15,,72929,5,4,,1,15,,72949,5,4,,1,55,,72970,5,4,,1,15,,72910,5,4,,1,15,,72930,5,4,,1,15,,72950,5,4,,1,55,,72971,5,4,,1,15,,72911,5,4,,1,15,,72931,5,4,,1,15,,72951,5,4,,1,55,,72972,5,4,,1,15,,72912,5,4,,1,15,,72932,5,4,,1,15,,72952,5,4,,1,55,,72973,5,4,,1,15,,72913,5,4,,1,15,,72933,5,4,,1,15,,72953,5,4,,1,55,,72974,5,4,,1,15,,72914,5,4,,1,15,,72934,5,4,,1,15,,72954,5,4,,1,55,,72975,5,4,,1,15,,72915,5,4,,1,15,,72935,5,4,,1,15,,72955,5,4,,1,55,,72976,5,4,,1,15,,72916,5,4,,1,15,,72936,5,4,,1,15,,72956,5,4,,1,55,,72977,5,4,,1,15,,72917,5,4,,1,15,,72937,5,4,,1,15,,72957,5,4,,1,55,,72978,5,4,,1,15,,72918,5,4,,1,15,,72938,5,4,,1,15,,72958,5,4,,1,55,,72979,5,4,,1,15,,72919,5,4,,1,15,,72939,5,4,,1,15,,72959,5,4,,1,55,,72980,5,4,,1,15,,72920,5,4,,1,15,,72940,5,4,,1,15,,72960,5,4,,1,55,,72981,5,4,,1,15,,72921,5,4,,1,15,,72941,5,4,,1,15,,72961,5,4,,1,55,,72982,5,4,,1,15,,72922,5,4,,1,15,,72942,5,4,,1,15,,72962,5,4,,1,55,,72983,5,4,,1,15,,72923,5,4,,1
0,'20261113',523,,73044,5,4,,1,15,,72984,5,4,,1,20,,73024,5,4,,1,55,,73045,5,4,,1,15,,72985,5,4,,1,15,,73005,5,4,,1,15,,73025,5,4,,1,55,,73046,5,4,,1,15,,72986,5,4,,1,15,,73006,5,4,,1,15,,73026,5,4,,1,55,,73047,5,4,,1,15,,72987,5,4,,1,15,,73007,5,4,,1,15,,73027,5,4,,1,55,,73048,5,4,,1,15,,72988,5,4,,1,15,,73008,5,4,,1,15,,73028,5,4,,1,55,,73049,5,4,,1,15,,72989,5,4,,1,15,,73009,5,4,,1,15,,73029,5,4,,1,55,,73050,5,4,,1,15,,72990,5,4,,1,15,,73010,5,4,,1,15,,73030,5,4,,1,55,,73051,5,4,,1,15,,72991,5,4,,1,15,,73011,5,4,,1,15,,73031,5,4,,1,55,,73052,5,4,,1,15,,72992,5,4,,1,15,,73012,5,4,,1,15,,73032,5,4,,1,55,,73053,5,4,,1,15,,72993,5,4,,1,15,,73013,5,4,,1,15,,73033,5,4,,1,55,,73054,5,4,,1,15,,72994,5,4,,1,15,,73014,5,4,,1,15,,73034,5,4,,1,55,,73055,5,4,,1,15,,72995,5,4,,1,15,,73015,5,4,,1,15,,73035,5,4,,1,55,,73056,5,4,,1,15,,72996,5,4,,1,15,,73016,5,4,,1,15,,73036,5,4,,1,55,,73057,5,4,,1,15,,72997,5,4,,1,15,,73017,5,4,,1,15,,73037,5,4,,1,55,,73058,5,4,,1,15,,72998,5,4,,1,15,,73018,5,4,,1,15,,73038,5,4,,1,55,,73059,5,4,,1,15,,72999,5,4,,1,15,,73019,5,4,,1,15,,73039,5,4,,1,55,,73060,5,4,,1,15,,73000,5,4,,1,15,,73020,5,4,,1,15,,73040,5,4,,1,55,,73061,5,4,,1,15,,73001,5,4,,1,15,,73021,5,4,,1,15,,73041,5,4,,1,55,,73062,5,4,,1,15,,73002,5,4,,1,15,,73022,5,4,,1,15,,73042,5,4,,1,55,,73063,5,4,,1,15,,73003,5,4,,1,15,,73023,5,4,,1,15,,73043,5,4,,1,55,,73064,5,4,,1,15,,73004,5,4,,1
0,'20261114',628,,73065,5,4,,1,15,,73085,5,4,,1,15,,73104,5,4,,1,55,,73123,5,4,,1,15,,73066,5,4,,1,15,,73086,5,4,,1,15,,73105,5,4,,1,55,,73124,5,4,,1,15,,73067,5,4,,1,15,,73087,5,4,,1,15,,73106,5,4,,1,55,,73125,5,4,,1,15,,73068,5,4,,1,15,,73088,5,4,,1,15,,73107,5,4,,1,55,,73126,5,4,,1,15,,73069,5,4,,1,15,,73089,5,4,,1,15,,73108,5,4,,1,55,,73127,5,4,,1,15,,73070,5,4,,1,15,,73090,5,4,,1,15,,73109,5,4,,1,55,,73128,5,4,,1,15,,73071,5,4,,1,15,,73091,5,4,,1,15,,73110,5,4,,1,55,,73129,5,4,,1,15,,73072,5,4,,1,15,,73092,5,4,,1,15,,73111,5,4,,1,55,,73130,5,4,,1,15,,73073,5,4,,1,15,,73093,5,4,,1,15,,73112,5,4,,1,55,,73131,5,4,,1,15,,73074,5,4,,1,15,,73094,5,4,,1,15,,73113,5,4,,1,55,,73132,5,4,,1,15,,73075,5,4,,1,15,,73095,5,4,,1,15,,73114,5,4,,1,55,,73133,5,4,,1,15,,73076,5,4,,1,15,,73096,5,4,,1,15,,73115,5,4,,1,55,,73134,5,4,,1,15,,73077,5,4,,1,15,,73097,5,4,,1,15,,73116,5,4,,1,55,,73135,5,4,,1,15,,73078,5,4,,1,15,,73098,5,4,,1,15,,73117,5,4,,1,55,,73136,5,4,,1,15,,73079,5,4,,1,15,,73099,5,4,,1,15,,73118,5,4,,1,55,,73137,5,4,,1,15,,73080,5,4,,1,15,,73100,5,4,,1,15,,73119,5,4,,1,55,,73138,5,4,,1,15,,73081,5,4,,1,15,,73101,5,4,,1,15,,73120,5,4,,1,55,,73139,5,4,,1,15,,73082,5,4,,1,15,,73102,5,4,,1,15,,73121,5,4,,1,55,,73140,5,4,,1,15,,73083,5,4,,1,15,,73103,5,4,,1,15,,73122,5,4,,1,55,,73141,5,4,,1,15,,73084,5,4,,1
0,'20261115',628,,73142,5,4,,1,15,,73162,5,4,,1,15,,73181,5,4,,1,55,,73200,5,4,,1,15,,73143,5,4,,1,15,,73163,5,4,,1,15,,73182,5,4,,1,55,,73201,5,4,,1,15,,73144,5,4,,1,15,,73164,5,4,,1,15,,73183,5,4,,1,55,,73202,5,4,,1,15,,73145,5,4,,1,15,,73165,5,4,,1,15,,73184,5,4,,1,55,,73203,5,4,,1,15,,73146,5,4,,1,15,,73166,5,4,,1,15,,73185,5,4,,1,55,,73204,5,4,,1,15,,73147,5,4,,1,15,,73167,5,4,,1,15,,73186,5,4,,1,55,,73205,5,4,,1,15,,73148,5,4,,1,15,,73168,5,4,,1,15,,73187,5,4,,1,55,,73206,5,4,,1,15,,73149,5,4,,1,15,,73169,5,4,,1,15,,73188,5,4,,1,55,,73207,5,4,,1,15,,73150,5,4,,1,15,,73170,5,4,,1,15,,73189,5,4,,1,55,,73208,5,4,,1,15,,73151,5,4,,1,15,,73171,5,4,,1,15,,73190,5,4,,1,55,,73209,5,4,,1,15,,73152,5,4,,1,15,,73172,5,4,,1,15,,73191,5,4,,1,55,,73210,5,4,,1,15,,73153,5,4,,1,15,,73173,5,4,,1,15,,73192,5,4,,1,55,,73211,5,4,,1,15,,73154,5,4,,1,15,,73174,5,4,,1,15,,73193,5,4,,1,55,,73212,5,4,,1,15,,73155,5,4,,1,15,,73175,5,4,,1,15,,73194,5,4,,1,55,,73213,5,4,,1,15,,73156,5,4,,1,15,,73176,5,4,,1,15,,73195,5,4,,1,55,,73214,5,4,,1,15,,73157,5,4,,1,15,,73177,5,4,,1,15,,73196,5,4,,1,55,,73215,5,4,,1,15,,73158,5,4,,1,15,,73178,5,4,,1,15,,73197,5,4,,1,55,,73216,5,4,,1,15,,73159,5,4,,1,15,,73179,5,4,,1,15,,73198,5,4,,1,55,,73217,5,4,,1,15,,73160,5,4,,1,15,,73180,5,4,,1,15,,73199,5,4,,1,55,,73218,5,4,,1,15,,73161,5,4,,1
0,'20261116',523,,73279,5,4,,1,15,,73219,5,4,,1,20,,73259,5,4,,1,55,,73280,5,4,,1,15,,73220,5,4,,1,15,,73240,5,4,,1,15,,73260,5,4,,1,55,,73281,5,4,,1,15,,73221,5,4,,1,15,,73241,5,4,,1,15,,73261,5,4,,1,55,,73282,5,4,,1,15,,73222,5,4,,1,15,,73242,5,4,,1,15,,73262,5,4,,1,55,,73283,5,4,,1,15,,73223,5,4,,1,15,,73243,5,4,,1,15,,73263,5,4,,1,55,,73284,5,4,,1,15,,73224,5,4,,1,15,,73244,5,4,,1,15,,73264,5,4,,1,55,,73285,5,4,,1,15,,73225,5,4,,1,15,,73245,5,4,,1,15,,73265,5,4,,1,55,,73286,5,4,,1,15,,73226,5,4,,1,15,,73246,5,4,,1,15,,73266,5,4,,1,55,,73287,5,4,,1,15,,73227,5,4,,1,15,,73247,5,4,,1,15,,73267,5,4,,1,55,,73288,5,4,,1,15,,73228,5,4,,1,15,,73248,5,4,,1,15,,73268,5,4,,1,55,,73289,5,4,,1,15,,73229,5,4,,1,15,,73249,5,4,,1,15,,73269,5,4,,1,55,,73290,5,4,,1,15,,73230,5,4,,1,15,,73250,5,4,,1,15,,73270,5,4,,1,55,,73291,5,4,,1,15,,73231,5,4,,1,15,,73251,5,4,,1,15,,73271,5,4,,1,55,,73292,5,4,,1,15,,73232,5,4,,1,15,,73252,5,4,,1,15,,73272,5,4,,1,55,,73293,5,4,,1,15,,73233,5,4,,1,15,,73253,5,4,,1,15,,73273,5,4,,1,55,,73294,5,4,,1,15,,73234,5,4,,1,15,,73254,5,4,,1,15,,73274,5,4,,1,55,,73295,5,4,,1,15,,73235,5,4,,1,15,,73255,5,4,,1,15,,73275,5,4,,1,55,,73296,5,4,,1,15,,73236,5,4,,1,15,,73256,5,4,,1,15,,73276,5,4,,1,55,,73297,5,4,,1,15,,73237,5,4,,1,15,,73257,5,4,,1,15,,73277,5,4,,1,55,,73298,5,4,,1,15,,73238,5,4,,1,15,,73258,5,4,,1,15,,73278,5,4,,1,55,,73299,5,4,,1,15,,73239,5,4,,1
0,'20261117',523,,73360,5,4,,1,15,,73300,5,4,,1,20,,73340,5,4,,1,55,,73361,5,4,,1,15,,73301,5,4,,1,15,,73321,5,4,,1,15,,73341,5,4,,1,55,,73362,5,4,,1,15,,73302,5,4,,1,15,,73322,5,4,,1,15,,73342,5,4,,1,55,,73363,5,4,,1,15,,73303,5,4,,1,15,,73323,5,4,,1,15,,73343,5,4,,1,55,,73364,5,4,,1,15,,73304,5,4,,1,15,,73324,5,4,,1,15,,73344,5,4,,1,55,,73365,5,4,,1,15,,73305,5,4,,1,15,,73325,5,4,,1,15,,73345,5,4,,1,55,,73366,5,4,,1,15,,73306,5,4,,1,15,,73326,5,4,,1,15,,73346,5,4,,1,55,,73367,5,4,,1,15,,73307,5,4,,1,15,,73327,5,4,,1,15,,73347,5,4,,1,55,,73368,5,4,,1,15,,73308,5,4,,1,15,,73328,5,4,,1,15,,73348,5,4,,1,55,,73369,5,4,,1,15,,73309,5,4,,1,15,,73329,5,4,,1,15,,73349,5,4,,1,55,,73370,5,4,,1,15,,73310,5,4,,1,15,,73330,5,4,,1,15,,73350,5,4,,1,55,,73371,5,4,,1,15,,73311,5,4,,1,15,,73331,5,4,,1,15,,73351,5,4,,1,55,,73372,5,4,,1,15,,73312,5,4,,1,15,,73332,5,4,,1,15,,73352,5,4,,1,55,,73373,5,4,,1,15,,73313,5,4,,1,15,,73333,5,4,,1,15,,73353,5,4,,1,55,,73374,5,4,,1,15,,73314,5,4,,1,15,,73334,5,4,,1,15,,73354,5,4,,1,55,,73375,5,4,,1,15,,73315,5,4,,1,15,,73335,5,4,,1,15,,73355,5,4,,1,55,,73376,5,4,,1,15,,73316,5,4,,1,15,,73336,5,4,,1,15,,73356,5,4,,1,55,,73377,5,4,,1,15,,73317,5,4,,1,15,,73337,5,4,,1,15,,73357,5,4,,1,55,,73378,5,4,,1,15,,73318,5,4,,1,15,,73338,5,4,,1,15,,73358,5,4,,1,55,,73379,5,4,,1,15,,73319,5,4,,1,15,,73339,5,4,,1,15,,73359,5,4,,1,55,,73380,5,4,,1,15,,73320,5,4,,1
0,'20261118',523,,73441,5,4,,1,15,,73381,5,4,,1,20,,73421,5,4,,1,55,,73442,5,4,,1,15,,73382,5,4,,1,15,,73402,5,4,,1,15,,73422,5,4,,1,55,,73443,5,4,,1,15,,73383,5,4,,1,15,,73403,5,4,,1,15,,73423,5,4,,1,55,,73444,5,4,,1,15,,73384,5,4,,1,15,,73404,5,4,,1,15,,73424,5,4,,1,55,,73445,5,4,,1,15,,73385,5,4,,1,15,,73405,5,4,,1,15,,73425,5,4,,1,55,,73446,5,4,,1,15,,73386,5,4,,1,15,,73406,5,4,,1,15,,73426,5,4,,1,55,,73447,5,4,,1,15,,73387,5,4,,1,15,,73407,5,4,,1,15,,73427,5,4,,1,55,,73448,5,4,,1,15,,73388,5,4,,1,15,,73408,5,4,,1,15,,73428,5,4,,1,55,,73449,5,4,,1,15,,73389,5,4,,1,15,,73409,5,4,,1,15,,73429,5,4,,1,55,,73450,5,4,,1,15,,73390,5,4,,1,15,,73410,5,4,,1,15,,73430,5,4,,1,55,,73451,5,4,,1,15,,73391,5,4,,1,15,,73411,5,4,,1,15,,73431,5,4,,1,55,,73452,5,4,,1,15,,73392,5,4,,1,15,,73412,5,4,,1,15,,73432,5,4,,1,55,,73453,5,4,,1,15,,73393,5,4,,1,15,,73413,5,4,,1,15,,73433,5,4,,1,55,,73454,5,4,,1,15,,73394,5,4,,1,15,,73414,5,4,,1,15,,73434,5,4,,1,55,,73455,5,4,,1,15,,73395,5,4,,1,15,,73415,5,4,,1,15,,73435,5,4,,1,55,,73456,5,4,,1,15,,73396,5,4,,1,15,,73416,5,4,,1,15,,73436,5,4,,1,55,,73457,5,4,,1,15,,73397,5,4,,1,15,,73417,5,4,,1,15,,73437,5,4,,1,55,,73458,5,4,,1,15,,73398,5,4,,1,15,,73418,5,4,,1,15,,73438,5,4,,1,55,,73459,5,4,,1,15,,73399,5,4,,1,15,,73419,5,4,,1,15,,73439,5,4,,1,55,,73460,5,4,,1,15,,73400,5,4,,1,15,,73420,5,4,,1,15,,73440,5,4,,1,55,,73461,5,4,,1,15,,73401,5,4,,1
0,'20261119',523,,73522,5,4,,1,15,,73462,5,4,,1,20,,73502,5,4,,1,55,,73523,5,4,,1,15,,73463,5,4,,1,15,,73483,5,4,,1,15,,73503,5,4,,1,55,,73524,5,4,,1,15,,73464,5,4,,1,15,,73484,5,4,,1,15,,73504,5,4,,1,55,,73525,5,4,,1,15,,73465,5,4,,1,15,,73485,5,4,,1,15,,73505,5,4,,1,55,,73526,5,4,,1,15,,73466,5,4,,1,15,,73486,5,4,,1,15,,73506,5,4,,1,55,,73527,5,4,,1,15,,73467,5,4,,1,15,,73487,5,4,,1,15,,73507,5,4,,1,55,,73528,5,4,,1,15,,73468,5,4,,1,15,,73488,5,4,,1,15,,73508,5,4,,1,55,,73529,5,4,,1,15,,73469,5,4,,1,15,,73489,5,4,,1,15,,73509,5,4,,1,55,,73530,5,4,,1,15,,73470,5,4,,1,15,,73490,5,4,,1,15,,73510,5,4,,1,55,,73531,5,4,,1,15,,73471,5,4,,1,15,,73491,5,4,,1,15,,73511,5,4,,1,55,,73532,5,4,,1,15,,73472,5,4,,1,15,,73492,5,4,,1,15,,73512,5,4,,1,55,,73533,5,4,,1,15,,73473,5,4,,1,15,,73493,5,4,,1,15,,73513,5,4,,1,55,,73534,5,4,,1,15,,73474,5,4,,1,15,,73494,5,4,,1,15,,73514,5,4,,1,55,,73535,5,4,,1,15,,73475,5,4,,1,15,,73495,5,4,,1,15,,73515,5,4,,1,55,,73536,5,4,,1,15,,73476,5,4,,1,15,,73496,5,4,,1,15,,73516,5,4,,1,55,,73537,5,4,,1,15,,73477,5,4,,1,15,,73497,5,4,,1,15,,73517,5,4,,1,55,,73538,5,4,,1,15,,73478,5,4,,1,15,,73498,5,4,,1,15,,73518,5,4,,1,55,,73539,5,4,,1,15,,73479,5,4,,1,15,,73499,5,4,,1,15,,73519,5,4,,1,55,,73540,5,4,,1,15,,73480,5,4,,1,15,,73500,5,4,,1,15,,73520,5,4,,1,55,,73541,5,4,,1,15,,73481,5,4,,1,15,,73501,5,4,,1,15,,73521,5,4,,1,55,,73542,5,4,,1,15,,73482,5,4,,1
0,'20261120',523,,73603,5,4,,1,15,,73543,5,4,,1,20,,73583,5,4,,1,55,,73604,5,4,,1,15,,73544,5,4,,1,15,,73564,5,4,,1,15,,73584,5,4,,1,55,,73605,5,4,,1,15,,73545,5,4,,1,15,,73565,5,4,,1,15,,73585,5,4,,1,55,,73606,5,4,,1,15,,73546,5,4,,1,15,,73566,5,4,,1,15,,73586,5,4,,1,55,,73607,5,4,,1,15,,73547,5,4,,1,15,,73567,5,4,,1,15,,73587,5,4,,1,55,,73608,5,4,,1,15,,73548,5,4,,1,15,,73568,5,4,,1,15,,73588,5,4,,1,55,,73609,5,4,,1,15,,73549,5,4,,1,15,,73569,5,4,,1,15,,73589,5,4,,1,55,,73610,5,4,,1,15,,73550,5,4,,1,15,,73570,5,4,,1,15,,73590,5,4,,1,55,,73611,5,4,,1,15,,73551,5,4,,1,15,,73571,5,4,,1,15,,73591,5,4,,1,55,,73612,5,4,,1,15,,73552,5,4,,1,15,,73572,5,4,,1,15,,73592,5,4,,1,55,,73613,5,4,,1,15,,73553,5,4,,1,15,,73573,5,4,,1,15,,73593,5,4,,1,55,,73614,5,4,,1,15,,73554,5,4,,1,15,,73574,5,4,,1,15,,73594,5,4,,1,55,,73615,5,4,,1,15,,73555,5,4,,1,15,,73575,5,4,,1,15,,73595,5,4,,1,55,,73616,5,4,,1,15,,73556,5,4,,1,15,,73576,5,4,,1,15,,73596,5,4,,1,55,,73617,5,4,,1,15,,73557,5,4,,1,15,,73577,5,4,,1,15,,73597,5,4,,1,55,,73618,5,4,,1,15,,73558,5,4,,1,15,,73578,5,4,,1,15,,73598,5,4,,1,55,,73619,5,4,,1,15,,73559,5,4,,1,15,,73579,5,4,,1,15,,73599,5,4,,1,55,,73620,5,4,,1,15,,73560,5,4,,1,15,,73580,5,4,,1,15,,73600,5,4,,1,55,,73621,5,4,,1,15,,73561,5,4,,1,15,,73581,5,4,,1,15,,73601,5,4,,1,55,,73622,5,4,,1,15,,73562,5,4,,1,15,,73582,5,4,,1,15,,73602,5,4,,1,55,,73623,5,4,,1,15,,73563,5,4,,1
0,'20261121',628,,73624,5,4,,1,15,,73644,5,4,,1,15,,73663,5,4,,1,55,,73682,5,4,,1,15,,73625,5,4,,1,15,,73645,5,4,,1,15,,73664,5,4,,1,55,,73683,5,4,,1,15,,73626,5,4,,1,15,,73646,5,4,,1,15,,73665,5,4,,1,55,,73684,5,4,,1,15,,73627,5,4,,1,15,,73647,5,4,,1,15,,73666,5,4,,1,55,,73685,5,4,,1,15,,73628,5,4,,1,15,,73648,5,4,,1,15,,73667,5,4,,1,55,,73686,5,4,,1,15,,73629,5,4,,1,15,,73649,5,4,,1,15,,73668,5,4,,1,55,,73687,5,4,,1,15,,73630,5,4,,1,15,,73650,5,4,,1,15,,73669,5,4,,1,55,,73688,5,4,,1,15,,73631,5,4,,1,15,,73651,5,4,,1,15,,73670,5,4,,1,55,,73689,5,4,,1,15,,73632,5,4,,1,15,,73652,5,4,,1,15,,73671,5,4,,1,55,,73690,5,4,,1,15,,73633,5,4,,1,15,,73653,5,4,,1,15,,73672,5,4,,1,55,,73691,5,4,,1,15,,73634,5,4,,1,15,,73654,5,4,,1,15,,73673,5,4,,1,55,,73692,5,4,,1,15,,73635,5,4,,1,15,,73655,5,4,,1,15,,73674,5,4,,1,55,,73693,5,4,,1,15,,73636,5,4,,1,15,,73656,5,4,,1,15,,73675,5,4,,1,55,,73694,5,4,,1,15,,73637,5,4,,1,15,,73657,5,4,,1,15,,73676,5,4,,1,55,,73695,5,4,,1,15,,73638,5,4,,1,15,,73658,5,4,,1,15,,73677,5,4,,1,55,,73696,5,4,,1,15,,73639,5,4,,1,15,,73659,5,4,,1,15,,73678,5,4,,1,55,,73697,5,4,,1,15,,73640,5,4,,1,15,,73660,5,4,,1,15,,73679,5,4,,1,55,,73698,5,4,,1,15,,73641,5,4,,1,15,,73661,5,4,,1,15,,73680,5,4,,1,55,,73699,5,4,,1,15,,73642,5,4,,1,15,,73662,5,4,,1,15,,73681,5,4,,1,55,,73700,5,4,,1,15,,73643,5,4,,1
0,'20261122',628,,73701,5,4,,1,15,,73721,5,4,,1,15,,73740,5,4,,1,55,,73759,5,4,,1,15,,73702,5,4,,1,15,,73722,5,4,,1,15,,73741,5,4,,1,55,,73760,5,4,,1,15,,73703,5,4,,1,15,,73723,5,4,,1,15,,73742,5,4,,1,55,,73761,5,4,,1,15,,73704,5,4,,1,15,,73724,5,4,,1,15,,73743,5,4,,1,55,,73762,5,4,,1,15,,73705,5,4,,1,15,,73725,5,4,,1,15,,73744,5,4,,1,55,,73763,5,4,,1,15,,73706,5,4,,1,15,,73726,5,4,,1,15,,73745,5,4,,1,55,,73764,5,4,,1,15,,73707,5,4,,1,15,,73727,5,4,,1,15,,73746,5,4,,1,55,,73765,5,4,,1,15,,73708,5,4,,1,15,,73728,5,4,,1,15,,73747,5,4,,1,55,,73766,5,4,,1,15,,73709,5,4,,1,15,,73729,5,4,,1,15,,73748,5,4,,1,55,,73767,5,4,,1,15,,73710,5,4,,1,15,,73730,5,4,,1,15,,73749,5,4,,1,55,,73768,5,4,,1,15,,73711,5,4,,1,15,,73731,5,4,,1,15,,73750,5,4,,1,55,,73769,5,4,,1,15,,73712,5,4,,1,15,,73732,5,4,,1,15,,73751,5,4,,1,55,,73770,5,4,,1,15,,73713,5,4,,1,15,,73733,5,4,,1,15,,73752,5,4,,1,55,,73771,5,4,,1,15,,73714,5,4,,1,15,,73734,5,4,,1,15,,73753,5,4,,1,55,,73772,5,4,,1,15,,73715,5,4,,1,15,,73735,5,4,,1,15,,73754,5,4,,1,55,,73773,5,4,,1,15,,73716,5,4,,1,15,,73736,5,4,,1,15,,73755,5,4,,1,55,,73774,5,4,,1,15,,73717,5,4,,1,15,,73737,5,4,,1,15,,73756,5,4,,1,55,,73775,5,4,,1,15,,73718,5,4,,1,15,,73738,5,4,,1,15,,73757,5,4,,1,55,,73776,5,4,,1,15,,73719,5,4,,1,15,,73739,5,4,,1,15,,73758,5,4,,1,55,,73777,5,4,,1,15,,73720,5,4,,1
0,'20261123',523,,73838,5,4,,1,15,,73778,5,4,,1,20,,73818,5,4,,1,55,,73839,5,4,,1,15,,73779,5,4,,1,15,,73799,5,4,,1,15,,73819,5,4,,1,55,,73840,5,4,,1,15,,73780,5,4,,1,15,,73800,5,4,,1,15,,73820,5,4,,1,55,,73841,5,4,,1,15,,73781,5,4,,1,15,,73801,5,4,,1,15,,73821,5,4,,1,55,,73842,5,4,,1,15,,73782,5,4,,1,15,,73802,5,4,,1,15,,73822,5,4,,1,55,,73843,5,4,,1,15,,73783,5,4,,1,15,,73803,5,4,,1,15,,73823,5,4,,1,55,,73844,5,4,,1,15,,73784,5,4,,1,15,,73804,5,4,,1,15,,73824,5,4,,1,55,,73845,5,4,,1,15,,73785,5,4,,1,15,,73805,5,4,,1,15,,73825,5,4,,1,55,,73846,5,4,,1,15,,73786,5,4,,1,15,,73806,5,4,,1,15,,73826,5,4,,1,55,,73847,5,4,,1,15,,73787,5,4,,1,15,,73807,5,4,,1,15,,73827,5,4,,1,55,,73848,5,4,,1,15,,73788,5,4,,1,15,,73808,5,4,,1,15,,73828,5,4,,1,55,,73849,5,4,,1,15,,73789,5,4,,1,15,,73809,5,4,,1,15,,73829,5,4,,1,55,,73850,5,4,,1,15,,73790,5,4,,1,15,,73810,5,4,,1,15,,73830,5,4,,1,55,,73851,5,4,,1,15,,73791,5,4,,1,15,,73811,5,4,,1,15,,73831,5,4,,1,55,,73852,5,4,,1,15,,73792,5,4,,1,15,,73812,5,4,,1,15,,73832,5,4,,1,55,,73853,5,4,,1,15,,73793,5,4,,1,15,,73813,5,4,,1,15,,73833,5,4,,1,55,,73854,5,4,,1,15,,73794,5,4,,1,15,,73814,5,4,,1,15,,73834,5,4,,1,55,,73855,5,4,,1,15,,73795,5,4,,1,15,,73815,5,4,,1,15,,73835,5,4,,1,55,,73856,5,4,,1,15,,73796,5,4,,1,15,,73816,5,4,,1,15,,73836,5,4,,1,55,,73857,5,4,,1,15,,73797,5,4,,1,15,,73817,5,4,,1,15,,73837,5,4,,1,55,,73858,5,4,,1,15,,73798,5,4,,1
0,'20261124',523,,73919,5,4,,1,15,,73859,5,4,,1,20,,73899,5,4,,1,55,,73920,5,4,,1,15,,73860,5,4,,1,15,,73880,5,4,,1,15,,73900,5,4,,1,55,,73921,5,4,,1,15,,73861,5,4,,1,15,,73881,5,4,,1,15,,73901,5,4,,1,55,,73922,5,4,,1,15,,73862,5,4,,1,15,,73882,5,4,,1,15,,73902,5,4,,1,55,,73923,5,4,,1,15,,73863,5,4,,1,15,,73883,5,4,,1,15,,73903,5,4,,1,55,,73924,5,4,,1,15,,73864,5,4,,1,15,,73884,5,4,,1,15,,73904,5,4,,1,55,,73925,5,4,,1,15,,73865,5,4,,1,15,,73885,5,4,,1,15,,73905,5,4,,1,55,,73926,5,4,,1,15,,73866,5,4,,1,15,,73886,5,4,,1,15,,73906,5,4,,1,55,,73927,5,4,,1,15,,73867,5,4,,1,15,,73887,5,4,,1,15,,73907,5,4,,1,55,,73928,5,4,,1,15,,73868,5,4,,1,15,,73888,5,4,,1,15,,73908,5,4,,1,55,,73929,5,4,,1,15,,73869,5,4,,1,15,,73889,5,4,,1,15,,73909,5,4,,1,55,,73930,5,4,,1,15,,73870,5,4,,1,15,,73890,5,4,,1,15,,73910,5,4,,1,55,,73931,5,4,,1,15,,73871,5,4,,1,15,,73891,5,4,,1,15,,73911,5,4,,1,55,,73932,5,4,,1,15,,73872,5,4,,1,15,,73892,5,4,,1,15,,73912,5,4,,1,55,,73933,5,4,,1,15,,73873,5,4,,1,15,,73893,5,4,,1,15,,73913,5,4,,1,55,,73934,5,4,,1,15,,73874,5,4,,1,15,,73894,5,4,,1,15,,73914,5,4,,1,55,,73935,5,4,,1,15,,73875,5,4,,1,15,,73895,5,4,,1,15,,73915,5,4,,1,55,,73936,5,4,,1,15,,73876,5,4,,1,15,,73896,5,4,,1,15,,73916,5,4,,1,55,,73937,5,4,,1,15,,73877,5,4,,1,15,,73897,5,4,,1,15,,73917,5,4,,1,55,,73938,5,4,,1,15,,73878,5,4,,1,15,,73898,5,4,,1,15,,73918,5,4,,1,55,,73939,5,4,,1,15,,73879,5,4,,1
0,'20261125',523,,74000,5,4,,1,15,,73940,5,4,,1,20,,73980,5,4,,1,55,,74001,5,4,,1,15,,73941,5,4,,1,15,,73961,5,4,,1,15,,73981,5,4,,1,55,,74002,5,4,,1,15,,73942,5,4,,1,15,,73962,5,4,,1,15,,73982,5,4,,1,55,,74003,5,4,,1,15,,73943,5,4,,1,15,,73963,5,4,,1,15,,73983,5,4,,1,55,,74004,5,4,,1,15,,73944,5,4,,1,15,,73964,5,4,,1,15,,73984,5,4,,1,55,,74005,5,4,,1,15,,73945,5,4,,1,15,,73965,5,4,,1,15,,73985,5,4,,1,55,,74006,5,4,,1,15,,73946,5,4,,1,15,,73966,5,4,,1,15,,73986,5,4,,1,55,,74007,5,4,,1,15,,73947,5,4,,1,15,,73967,5,4,,1,15,,73987,5,4,,1,55,,74008,5,4,,1,15,,73948,5,4,,1,15,,73968,5,4,,1,15,,73988,5,4,,1,55,,74009,5,4,,1,15,,73949,5,4,,1,15,,73969,5,4,,1,15,,73989,5,4,,1,55,,74010,5,4,,1,15,,73950,5,4,,1,15,,73970,5,4,,1,15,,73990,5,4,,1,55,,74011,5,4,,1,15,,73951,5,4,,1,15,,73971,5,4,,1,15,,73991,5,4,,1,55,,74012,5,4,,1,15,,73952,5,4,,1,15,,73972,5,4,,1,15,,73992,5,4,,1,55,,74013,5,4,,1,15,,73953,5,4,,1,15,,73973,5,4,,1,15,,73993,5,4,,1,55,,74014,5,4,,1,15,,73954,5,4,,1,15,,73974,5,4,,1,15,,73994,5,4,,1,55,,74015,5,4,,1,15,,73955,5,4,,1,15,,73975,5,4,,1,15,,73995,5,4,,1,55,,74016,5,4,,1,15,,73956,5,4,,1,15,,73976,5,4,,1,15,,73996,5,4,,1,55,,74017,5,4,,1,15,,73957,5,4,,1,15,,73977,5,4,,1,15,,73997,5,4,,1,55,,74018,5,4,,1,15,,73958,5,4,,1,15,,73978,5,4,,1,15,,73998,5,4,,1,55,,74019,5,4,,1,15,,73959,5,4,,1,15,,73979,5,4,,1,15,,73999,5,4,,1,55,,74020,5,4,,1,15,,73960,5,4,,1
0,'20261126',523,,74081,5,4,,1,15,,74021,5,4,,1,20,,74061,5,4,,1,55,,74082,5,4,,1,15,,74022,5,4,,1,15,,74042,5,4,,1,15,,74062,5,4,,1,55,,74083,5,4,,1,15,,74023,5,4,,1,15,,74043,5,4,,1,15,,74063,5,4,,1,55,,74084,5,4,,1,15,,74024,5,4,,1,15,,74044,5,4,,1,15,,74064,5,4,,1,55,,74085,5,4,,1,15,,74025,5,4,,1,15,,74045,5,4,,1,15,,74065,5,4,,1,55,,74086,5,4,,1,15,,74026,5,4,,1,15,,74046,5,4,,1,15,,74066,5,4,,1,55,,74087,5,4,,1,15,,74027,5,4,,1,15,,74047,5,4,,1,15,,74067,5,4,,1,55,,74088,5,4,,1,15,,74028,5,4,,1,15,,74048,5,4,,1,15,,74068,5,4,,1,55,,74089,5,4,,1,15,,74029,5,4,,1,15,,74049,5,4,,1,15,,74069,5,4,,1,55,,74090,5,4,,1,15,,74030,5,4,,1,15,,74050,5,4,,1,15,,74070,5,4,,1,55,,74091,5,4,,1,15,,74031,5,4,,1,15,,74051,5,4,,1,15,,74071,5,4,,1,55,,74092,5,4,,1,15,,74032,5,4,,1,15,,74052,5,4,,1,15,,74072,5,4,,1,55,,74093,5,4,,1,15,,74033,5,4,,1,15,,74053,5,4,,1,15,,74073,5,4,,1,55,,74094,5,4,,1,15,,74034,5,4,,1,15,,74054,5,4,,1,15,,74074,5,4,,1,55,,74095,5,4,,1,15,,74035,5,4,,1,15,,74055,5,4,,1,15,,74075,5,4,,1,55,,74096,5,4,,1,15,,74036,5,4,,1,15,,74056,5,4,,1,15,,74076,5,4,,1,55,,74097,5,4,,1,15,,74037,5,4,,1,15,,74057,5,4,,1,15,,74077,5,4,,1,55,,74098,5,4,,1,15,,74038,5,4,,1,15,,74058,5,4,,1,15,,74078,5,4,,1,55,,74099,5,4,,1,15,,74039,5,4,,1,15,,74059,5,4,,1,15,,74079,5,4,,1,55,,74100,5,4,,1,15,,74040,5,4,,1,15,,74060,5,4,,1,15,,74080,5,4,,1,55,,74101,5,4,,1,15,,74041,5,4,,1
0,'20261127',523,,74162,5,4,,1,15,,74102,5,4,,1,20,,74142,5,4,,1,55,,74163,5,4,,1,15,,74103,5,4,,1,15,,74123,5,4,,1,15,,74143,5,4,,1,55,,74164,5,4,,1,15,,74104,5,4,,1,15,,74124,5,4,,1,15,,74144,5,4,,1,55,,74165,5,4,,1,15,,74105,5,4,,1,15,,74125,5,4,,1,15,,74145,5,4,,1,55,,74166,5,4,,1,15,,74106,5,4,,1,15,,74126,5,4,,1,15,,74146,5,4,,1,55,,74167,5,4,,1,15,,74107,5,4,,1,15,,74127,5,4,,1,15,,74147,5,4,,1,55,,74168,5,4,,1,15,,74108,5,4,,1,15,,74128,5,4,,1,15,,74148,5,4,,1,55,,74169,5,4,,1,15,,74109,5,4,,1,15,,74129,5,4,,1,15,,74149,5,4,,1,55,,74170,5,4,,1,15,,74110,5,4,,1,15,,74130,5,4,,1,15,,74150,5,4,,1,55,,74171,5,4,,1,15,,74111,5,4,,1,15,,74131,5,4,,1,15,,74151,5,4,,1,55,,74172,5,4,,1,15,,74112,5,4,,1,15,,74132,5,4,,1,15,,74152,5,4,,1,55,,74173,5,4,,1,15,,74113,5,4,,1,15,,74133,5,4,,1,15,,74153,5,4,,1,55,,74174,5,4,,1,15,,74114,5,4,,1,15,,74134,5,4,,1,15,,74154,5,4,,1,55,,74175,5,4,,1,15,,74115,5,4,,1,15,,74135,5,4,,1,15,,74155,5,4,,1,55,,74176,5,4,,1,15,,74116,5,4,,1,15,,74136,5,4,,1,15,,74156,5,4,,1,55,,74177,5,4,,1,15,,74117,5,4,,1,15,,74137,5,4,,1,15,,74157,5,4,,1,55,,74178,5,4,,1,15,,74118,5,4,,1,15,,74138,5,4,,1,15,,74158,5,4,,1,55,,74179,5,4,,1,15,,74119,5,4,,1,15,,74139,5,4,,1,15,,74159,5,4,,1,55,,74180,5,4,,1,15,,74120,5,4,,1,15,,74140,5,4,,1,15,,74160,5,4,,1,55,,74181,5,4,,1,15,,74121,5,4,,1,15,,74141,5,4,,1,15,,74161,5,4,,1,55,,74182,5,4,,1,15,,74122,5,4,,1
0,'20261128',628,,74183,5,4,,1,15,,74203,5,4,,1,15,,74222,5,4,,1,55,,74241,5,4,,1,15,,74184,5,4,,1,15,,74204,5,4,,1,15,,74223,5,4,,1,55,,74242,5,4,,1,15,,74185,5,4,,1,15,,74205,5,4,,1,15,,74224,5,4,,1,55,,74243,5,4,,1,15,,74186,5,4,,1,15,,74206,5,4,,1,15,,74225,5,4,,1,55,,74244,5,4,,1,15,,74187,5,4,,1,15,,74207,5,4,,1,15,,74226,5,4,,1,55,,74245,5,4,,1,15,,74188,5,4,,1,15,,74208,5,4,,1,15,,74227,5,4,,1,55,,74246,5,4,,1,15,,74189,5,4,,1,15,,74209,5,4,,1,15,,74228,5,4,,1,55,,74247,5,4,,1,15,,74190,5,4,,1,15,,74210,5,4,,1,15,,74229,5,4,,1,55,,74248,5,4,,1,15,,74191,5,4,,1,15,,74211,5,4,,1,15,,74230,5,4,,1,55,,74249,5,4,,1,15,,74192,5,4,,1,15,,74212,5,4,,1,15,,74231,5,4,,1,55,,74250,5,4,,1,15,,74193,5,4,,1,15,,74213,5,4,,1,15,,74232,5,4,,1,55,,74251,5,4,,1,15,,74194,5,4,,1,15,,74214,5,4,,1,15,,74233,5,4,,1,55,,74252,5,4,,1,15,,74195,5,4,,1,15,,74215,5,4,,1,15,,74234,5,4,,1,55,,74253,5,4,,1,15,,74196,5,4,,1,15,,74216,5,4,,1,15,,74235,5,4,,1,55,,74254,5,4,,1,15,,74197,5,4,,1,15,,74217,5,4,,1,15,,74236,5,4,,1,55,,74255,5,4,,1,15,,74198,5,4,,1,15,,74218,5,4,,1,15,,74237,5,4,,1,55,,74256,5,4,,1,15,,74199,5,4,,1,15,,74219,5,4,,1,15,,74238,5,4,,1,55,,74257,5,4,,1,15,,74200,5,4,,1,15,,74220,5,4,,1,15,,74239,5,4,,1,55,,74258,5,4,,1,15,,74201,5,4,,1,15,,74221,5,4,,1,15,,74240,5,4,,1,55,,74259,5,4,,1,15,,74202,5,4,,1
0,'20261129',628,,74260,5,4,,1,15,,74280,5,4,,1,15,,74299,5,4,,1,55,,74318,5,4,,1,15,,74261,5,4,,1,15,,74281,5,4,,1,15,,74300,5,4,,1,55,,74319,5,4,,1,15,,74262,5,4,,1,15,,74282,5,4,,1,15,,74301,5,4,,1,55,,74320,5,4,,1,15,,74263,5,4,,1,15,,74283,5,4,,1,15,,74302,5,4,,1,55,,74321,5,4,,1,15,,74264,5,4,,1,15,,74284,5,4,,1,15,,74303,5,4,,1,55,,74322,5,4,,1,15,,74265,5,4,,1,15,,74285,5,4,,1,15,,74304,5,4,,1,55,,74323,5,4,,1,15,,74266,5,4,,1,15,,74286,5,4,,1,15,,74305,5,4,,1,55,,74324,5,4,,1,15,,74267,5,4,,1,15,,74287,5,4,,1,15,,74306,5,4,,1,55,,74325,5,4,,1,15,,74268,5,4,,1,15,,74288,5,4,,1,15,,74307,5,4,,1,55,,74326,5,4,,1,15,,74269,5,4,,1,15,,74289,5,4,,1,15,,74308,5,4,,1,55,,74327,5,4,,1,15,,74270,5,4,,1,15,,74290,5,4,,1,15,,74309,5,4,,1,55,,74328,5,4,,1,15,,74271,5,4,,1,15,,74291,5,4,,1,15,,74310,5,4,,1,55,,74329,5,4,,1,15,,74272,5,4,,1,15,,74292,5,4,,1,15,,74311,5,4,,1,55,,74330,5,4,,1,15,,74273,5,4,,1,15,,74293,5,4,,1,15,,74312,5,4,,1,55,,74331,5,4,,1,15,,74274,5,4,,1,15,,74294,5,4,,1,15,,74313,5,4,,1,55,,74332,5,4,,1,15,,74275,5,4,,1,15,,74295,5,4,,1,15,,74314,5,4,,1,55,,74333,5,4,,1,15,,74276,5,4,,1,15,,74296,5,4,,1,15,,74315,5,4,,1,55,,74334,5,4,,1,15,,74277,5,4,,1,15,,74297,5,4,,1,15,,74316,5,4,,1,55,,74335,5,4,,1,15,,74278,5,4,,1,15,,74298,5,4,,1,15,,74317,5,4,,1,55,,74336,5,4,,1,15,,74279,5,4,,1
0,'20261130',523,,74397,5,4,,1,15,,74337,5,4,,1,20,,74377,5,4,,1,55,,74398,5,4,,1,15,,74338,5,4,,1,15,,74358,5,4,,1,15,,74378,5,4,,1,55,,74399,5,4,,1,15,,74339,5,4,,1,15,,74359,5,4,,1,15,,74379,5,4,,1,55,,74400,5,4,,1,15,,74340,5,4,,1,15,,74360,5,4,,1,15,,74380,5,4,,1,55,,74401,5,4,,1,15,,74341,5,4,,1,15,,74361,5,4,,1,15,,74381,5,4,,1,55,,74402,5,4,,1,15,,74342,5,4,,1,15,,74362,5,4,,1,15,,74382,5,4,,1,55,,74403,5,4,,1,15,,74343,5,4,,1,15,,74363,5,4,,1,15,,74383,5,4,,1,55,,74404,5,4,,1,15,,74344,5,4,,1,15,,74364,5,4,,1,15,,74384,5,4,,1,55,,74405,5,4,,1,15,,74345,5,4,,1,15,,74365,5,4,,1,15,,74385,5,4,,1,55,,74406,5,4,,1,15,,74346,5,4,,1,15,,74366,5,4,,1,15,,74386,5,4,,1,55,,74407,5,4,,1,15,,74347,5,4,,1,15,,74367,5,4,,1,15,,74387,5,4,,1,55,,74408,5,4,,1,15,,74348,5,4,,1,15,,74368,5,4,,1,15,,74388,5,4,,1,55,,74409,5,4,,1,15,,74349,5,4,,1,15,,74369,5,4,,1,15,,74389,5,4,,1,55,,74410,5,4,,1,15,,74350,5,4,,1,15,,74370,5,4,,1,15,,74390,5,4,,1,55,,74411,5,4,,1,15,,74351,5,4,,1,15,,74371,5,4,,1,15,,74391,5,4,,1,55,,74412,5,4,,1,15,,74352,5,4,,1,15,,74372,5,4,,1,15,,74392,5,4,,1,55,,74413,5,4,,1,15,,74353,5,4,,1,15,,74373,5,4,,1,15,,74393,5,4,,1,55,,74414,5,4,,1,15,,74354,5,4,,1,15,,74374,5,4,,1,15,,74394,5,4,,1,55,,74415,5,4,,1,15,,74355,5,4,,1,15,,74375,5,4,,1,15,,74395,5,4,,1,55,,74416,5,4,,1,15,,74356,5,4,,1,15,,74376,5,4,,1,15,,74396,5,4,,1,55,,74417,5,4,,1,15,,74357,5,4,,1
0,'20261201',523,,74478,5,4,,1,15,,74418,5,4,,1,20,,74458,5,4,,1,55,,74479,5,4,,1,15,,74419,5,4,,1,15,,74439,5,4,,1,15,,74459,5,4,,1,55,,74480,5,4,,1,15,,74420,5,4,,1,15,,74440,5,4,,1,15,,74460,5,4,,1,55,,74481,5,4,,1,15,,74421,5,4,,1,15,,74441,5,4,,1,15,,74461,5,4,,1,55,,74482,5,4,,1,15,,74422,5,4,,1,15,,74442,5,4,,1,15,,74462,5,4,,1,55,,74483,5,4,,1,15,,74423,5,4,,1,15,,74443,5,4,,1,15,,74463,5,4,,1,55,,74484,5,4,,1,15,,74424,5,4,,1,15,,74444,5,4,,1,15,,74464,5,4,,1,55,,74485,5,4,,1,15,,74425,5,4,,1,15,,74445,5,4,,1,15,,74465,5,4,,1,55,,74486,5,4,,1,15,,74426,5,4,,1,15,,74446,5,4,,1,15,,74466,5,4,,1,55,,74487,5,4,,1,15,,74427,5,4,,1,15,,74447,5,4,,1,15,,74467,5,4,,1,55,,74488,5,4,,1,15,,74428,5,4,,1,15,,74448,5,4,,1,15,,74468,5,4,,1,55,,74489,5,4,,1,15,,74429,5,4,,1,15,,74449,5,4,,1,15,,74469,5,4,,1,55,,74490,5,4,,1,15,,74430,5,4,,1,15,,74450,5,4,,1,15,,74470,5,4,,1,55,,74491,5,4,,1,15,,74431,5,4,,1,15,,74451,5,4,,1,15,,74471,5,4,,1,55,,74492,5,4,,1,15,,74432,5,4,,1,15,,74452,5,4,,1,15,,74472,5,4,,1,55,,74493,5,4,,1,15,,74433,5,4,,1,15,,74453,5,4,,1,15,,74473,5,4,,1,55,,74494,5,4,,1,15,,74434,5,4,,1,15,,74454,5,4,,1,15,,74474,5,4,,1,55,,74495,5,4,,1,15,,74435,5,4,,1,15,,74455,5,4,,1,15,,74475,5,4,,1,55,,74496,5,4,,1,15,,74436,5,4,,1,15,,74456,5,4,,1,15,,74476,5,4,,1,55,,74497,5,4,,1,15,,74437,5,4,,1,15,,74457,5,4,,1,15,,74477,5,4,,1,55,,74498,5,4,,1,15,,74438,5,4,,1
0,'20261202',523,,74559,5,4,,1,15,,74499,5,4,,1,20,,74539,5,4,,1,55,,74560,5,4,,1,15,,74500,5,4,,1,15,,74520,5,4,,1,15,,74540,5,4,,1,55,,74561,5,4,,1,15,,74501,5,4,,1,15,,74521,5,4,,1,15,,74541,5,4,,1,55,,74562,5,4,,1,15,,74502,5,4,,1,15,,74522,5,4,,1,15,,74542,5,4,,1,55,,74563,5,4,,1,15,,74503,5,4,,1,15,,74523,5,4,,1,15,,74543,5,4,,1,55,,74564,5,4,,1,15,,74504,5,4,,1,15,,74524,5,4,,1,15,,74544,5,4,,1,55,,74565,5,4,,1,15,,74505,5,4,,1,15,,74525,5,4,,1,15,,74545,5,4,,1,55,,74566,5,4,,1,15,,74506,5,4,,1,15,,74526,5,4,,1,15,,74546,5,4,,1,55,,74567,5,4,,1,15,,74507,5,4,,1,15,,74527,5,4,,1,15,,74547,5,4,,1,55,,74568,5,4,,1,15,,74508,5,4,,1,15,,74528,5,4,,1,15,,74548,5,4,,1,55,,74569,5,4,,1,15,,74509,5,4,,1,15,,74529,5,4,,1,15,,74549,5,4,,1,55,,74570,5,4,,1,15,,74510,5,4,,1,15,,74530,5,4,,1,15,,74550,5,4,,1,55,,74571,5,4,,1,15,,74511,5,4,,1,15,,74531,5,4,,1,15,,74551,5,4,,1,55,,74572,5,4,,1,15,,74512,5,4,,1,15,,74532,5,4,,1,15,,74552,5,4,,1,55,,74573,5,4,,1,15,,74513,5,4,,1,15,,74533,5,4,,1,15,,74553,5,4,,1,55,,74574,5,4,,1,15,,74514,5,4,,1,15,,74534,5,4,,1,15,,74554,5,4,,1,55,,74575,5,4,,1,15,,74515,5,4,,1,15,,74535,5,4,,1,15,,74555,5,4,,1,55,,74576,5,4,,1,15,,74516,5,4,,1,15,,74536,5,4,,1,15,,74556,5,4,,1,55,,74577,5,4,,1,15,,74517,5,4,,1,15,,74537,5,4,,1,15,,74557,5,4,,1,55,,74578,5,4,,1,15,,74518,5,4,,1,15,,74538,5,4,,1,15,,74558,5,4,,1,55,,74579,5,4,,1,15,,74519,5,4,,1
0,'20261203',523,,74640,5,4,,1,15,,74580,5,4,,1,20,,74620,5,4,,1,55,,74641,5,4,,1,15,,74581,5,4,,1,15,,74601,5,4,,1,15,,74621,5,4,,1,55,,74642,5,4,,1,15,,74582,5,4,,1,15,,74602,5,4,,1,15,,74622,5,4,,1,55,,74643,5,4,,1,15,,74583,5,4,,1,15,,74603,5,4,,1,15,,74623,5,4,,1,55,,74644,5,4,,1,15,,74584,5,4,,1,15,,74604,5,4,,1,15,,74624,5,4,,1,55,,74645,5,4,,1,15,,74585,5,4,,1,15,,74605,5,4,,1,15,,74625,5,4,,1,55,,74646,5,4,,1,15,,74586,5,4,,1,15,,74606,5,4,,1,15,,74626,5,4,,1,55,,74647,5,4,,1,15,,74587,5,4,,1,15,,74607,5,4,,1,15,,74627,5,4,,1,55,,74648,5,4,,1,15,,74588,5,4,,1,15,,74608,5,4,,1,15,,74628,5,4,,1,55,,74649,5,4,,1,15,,74589,5,4,,1,15,,74609,5,4,,1,15,,74629,5,4,,1,55,,74650,5,4,,1,15,,74590,5,4,,1,15,,74610,5,4,,1,15,,74630,5,4,,1,55,,74651,5,4,,1,15,,74591,5,4,,1,15,,74611,5,4,,1,15,,74631,5,4,,1,55,,74652,5,4,,1,15,,74592,5,4,,1,15,,74612,5,4,,1,15,,74632,5,4,,1,55,,74653,5,4,,1,15,,74593,5,4,,1,15,,74613,5,4,,1,15,,74633,5,4,,1,55,,74654,5,4,,1,15,,74594,5,4,,1,15,,74614,5,4,,1,15,,74634,5,4,,1,55,,74655,5,4,,1,15,,74595,5,4,,1,15,,74615,5,4,,1,15,,74635,5,4,,1,55,,74656,5,4,,1,15,,74596,5,4,,1,15,,74616,5,4,,1,15,,74636,5,4,,1,55,,74657,5,4,,1,15,,74597,5,4,,1,15,,74617,5,4,,1,15,,74637,5,4,,1,55,,74658,5,4,,1,15,,74598,5,4,,1,15,,74618,5,4,,1,15,,74638,5,4,,1,55,,74659,5,4,,1,15,,74599,5,4,,1,15,,74619,5,4,,1,15,,74639,5,4,,1,55,,74660,5,4,,1,15,,74600,5,4,,1
0,'20261204',523,,74721,5,4,,1,15,,74661,5,4,,1,20,,74701,5,4,,1,55,,74722,5,4,,1,15,,74662,5,4,,1,15,,74682,5,4,,1,15,,74702,5,4,,1,55,,74723,5,4,,1,15,,74663,5,4,,1,15,,74683,5,4,,1,15,,74703,5,4,,1,55,,74724,5,4,,1,15,,74664,5,4,,1,15,,74684,5,4,,1,15,,74704,5,4,,1,55,,74725,5,4,,1,15,,74665,5,4,,1,15,,74685,5,4,,1,15,,74705,5,4,,1,55,,74726,5,4,,1,15,,74666,5,4,,1,15,,74686,5,4,,1,15,,74706,5,4,,1,55,,74727,5,4,,1,15,,74667,5,4,,1,15,,74687,5,4,,1,15,,74707,5,4,,1,55,,74728,5,4,,1,15,,74668,5,4,,1,15,,74688,5,4,,1,15,,74708,5,4,,1,55,,74729,5,4,,1,15,,74669,5,4,,1,15,,74689,5,4,,1,15,,74709,5,4,,1,55,,74730,5,4,,1,15,,74670,5,4,,1,15,,74690,5,4,,1,15,,74710,5,4,,1,55,,74731,5,4,,1,15,,74671,5,4,,1,15,,74691,5,4,,1,15,,74711,5,4,,1,55,,74732,5,4,,1,15,,74672,5,4,,1,15,,74692,5,4,,1,15,,74712,5,4,,1,55,,74733,5,4,,1,15,,74673,5,4,,1,15,,74693,5,4,,1,15,,74713,5,4,,1,55,,74734,5,4,,1,15,,74674,5,4,,1,15,,74694,5,4,,1,15,,74714,5,4,,1,55,,74735,5,4,,1,15,,74675,5,4,,1,15,,74695,5,4,,1,15,,74715,5,4,,1,55,,74736,5,4,,1,15,,74676,5,4,,1,15,,74696,5,4,,1,15,,74716,5,4,,1,55,,74737,5,4,,1,15,,74677,5,4,,1,15,,74697,5,4,,1,15,,74717,5,4,,1,55,,74738,5,4,,1,15,,74678,5,4,,1,15,,74698,5,4,,1,15,,74718,5,4,,1,55,,74739,5,4,,1,15,,74679,5,4,,1,15,,74699,5,4,,1,15,,74719,5,4,,1,55,,74740,5,4,,1,15,,74680,5,4,,1,15,,74700,5,4,,1,15,,74720,5,4,,1,55,,74741,5,4,,1,15,,74681,5,4,,1
0,'20261205',628,,74742,5,4,,1,15,,74762,5,4,,1,15,,74781,5,4,,1,55,,74800,5,4,,1,15,,74743,5,4,,1,15,,74763,5,4,,1,15,,74782,5,4,,1,55,,74801,5,4,,1,15,,74744,5,4,,1,15,,74764,5,4,,1,15,,74783,5,4,,1,55,,74802,5,4,,1,15,,74745,5,4,,1,15,,74765,5,4,,1,15,,74784,5,4,,1,55,,74803,5,4,,1,15,,74746,5,4,,1,15,,74766,5,4,,1,15,,74785,5,4,,1,55,,74804,5,4,,1,15,,74747,5,4,,1,15,,74767,5,4,,1,15,,74786,5,4,,1,55,,74805,5,4,,1,15,,74748,5,4,,1,15,,74768,5,4,,1,15,,74787,5,4,,1,55,,74806,5,4,,1,15,,74749,5,4,,1,15,,74769,5,4,,1,15,,74788,5,4,,1,55,,74807,5,4,,1,15,,74750,5,4,,1,15,,74770,5,4,,1,15,,74789,5,4,,1,55,,74808,5,4,,1,15,,74751,5,4,,1,15,,74771,5,4,,1,15,,74790,5,4,,1,55,,74809,5,4,,1,15,,74752,5,4,,1,15,,74772,5,4,,1,15,,74791,5,4,,1,55,,74810,5,4,,1,15,,74753,5,4,,1,15,,74773,5,4,,1,15,,74792,5,4,,1,55,,74811,5,4,,1,15,,74754,5,4,,1,15,,74774,5,4,,1,15,,74793,5,4,,1,55,,74812,5,4,,1,15,,74755,5,4,,1,15,,74775,5,4,,1,15,,74794,5,4,,1,55,,74813,5,4,,1,15,,74756,5,4,,1,15,,74776,5,4,,1,15,,74795,5,4,,1,55,,74814,5,4,,1,15,,74757,5,4,,1,15,,74777,5,4,,1,15,,74796,5,4,,1,55,,74815,5,4,,1,15,,74758,5,4,,1,15,,74778,5,4,,1,15,,74797,5,4,,1,55,,74816,5,4,,1,15,,74759,5,4,,1,15,,74779,5,4,,1,15,,74798,5,4,,1,55,,74817,5,4,,1,15,,74760,5,4,,1,15,,74780,5,4,,1,15,,74799,5,4,,1,55,,74818,5,4,,1,15,,74761,5,4,,1
0,'20261206',628,,74819,5,4,,1,15,,74839,5,4,,1,15,,74858,5,4,,1,55,,74877,5,4,,1,15,,74820,5,4,,1,15,,74840,5,4,,1,15,,74859,5,4,,1,55,,74878,5,4,,1,15,,74821,5,4,,1,15,,74841,5,4,,1,15,,74860,5,4,,1,55,,74879,5,4,,1,15,,74822,5,4,,1,15,,74842,5,4,,1,15,,74861,5,4,,1,55,,74880,5,4,,1,15,,74823,5,4,,1,15,,74843,5,4,,1,15,,74862,5,4,,1,55,,74881,5,4,,1,15,,74824,5,4,,1,15,,74844,5,4,,1,15,,74863,5,4,,1,55,,74882,5,4,,1,15,,74825,5,4,,1,15,,74845,5,4,,1,15,,74864,5,4,,1,55,,74883,5,4,,1,15,,74826,5,4,,1,15,,74846,5,4,,1,15,,74865,5,4,,1,55,,74884,5,4,,1,15,,74827,5,4,,1,15,,74847,5,4,,1,15,,74866,5,4,,1,55,,74885,5,4,,1,15,,74828,5,4,,1,15,,74848,5,4,,1,15,,74867,5,4,,1,55,,74886,5,4,,1,15,,74829,5,4,,1,15,,74849,5,4,,1,15,,74868,5,4,,1,55,,74887,5,4,,1,15,,74830,5,4,,1,15,,74850,5,4,,1,15,,74869,5,4,,1,55,,74888,5,4,,1,15,,74831,5,4,,1,15,,74851,5,4,,1,15,,74870,5,4,,1,55,,74889,5,4,,1,15,,74832,5,4,,1,15,,74852,5,4,,1,15,,74871,5,4,,1,55,,74890,5,4,,1,15,,74833,5,4,,1,15,,74853,5,4,,1,15,,74872,5,4,,1,55,,74891,5,4,,1,15,,74834,5,4,,1,15,,74854,5,4,,1,15,,74873,5,4,,1,55,,74892,5,4,,1,15,,74835,5,4,,1,15,,74855,5,4,,1,15,,74874,5,4,,1,55,,74893,5,4,,1,15,,74836,5,4,,1,15,,74856,5,4,,1,15,,74875,5,4,,1,55,,74894,5,4,,1,15,,74837,5,4,,1,15,,74857,5,4,,1,15,,74876,5,4,,1,55,,74895,5,4,,1,15,,74838,5,4,,1
0,'20261207',523,,74956,5,4,,1,15,,74896,5,4,,1,20,,74936,5,4,,1,55,,74957,5,4,,1,15,,74897,5,4,,1,15,,74917,5,4,,1,15,,74937,5,4,,1,55,,74958,5,4,,1,15,,74898,5,4,,1,15,,74918,5,4,,1,15,,74938,5,4,,1,55,,74959,5,4,,1,15,,74899,5,4,,1,15,,74919,5,4,,1,15,,74939,5,4,,1,55,,74960,5,4,,1,15,,74900,5,4,,1,15,,74920,5,4,,1,15,,74940,5,4,,1,55,,74961,5,4,,1,15,,74901,5,4,,1,15,,74921,5,4,,1,15,,74941,5,4,,1,55,,74962,5,4,,1,15,,74902,5,4,,1,15,,74922,5,4,,1,15,,74942,5,4,,1,55,,74963,5,4,,1,15,,74903,5,4,,1,15,,74923,5,4,,1,15,,74943,5,4,,1,55,,74964,5,4,,1,15,,74904,5,4,,1,15,,74924,5,4,,1,15,,74944,5,4,,1,55,,74965,5,4,,1,15,,74905,5,4,,1,15,,74925,5,4,,1,15,,74945,5,4,,1,55,,74966,5,4,,1,15,,74906,5,4,,1,15,,74926,5,4,,1,15,,74946,5,4,,1,55,,74967,5,4,,1,15,,74907,5,4,,1,15,,74927,5,4,,1,15,,74947,5,4,,1,55,,74968,5,4,,1,15,,74908,5,4,,1,15,,74928,5,4,,1,15,,74948,5,4,,1,55,,74969,5,4,,1,15,,74909,5,4,,1,15,,74929,5,4,,1,15,,74949,5,4,,1,55,,74970,5,4,,1,15,,74910,5,4,,1,15,,74930,5,4,,1,15,,74950,5,4,,1,55,,74971,5,4,,1,15,,74911,5,4,,1,15,,74931,5,4,,1,15,,74951,5,4,,1,55,,74972,5,4,,1,15,,74912,5,4,,1,15,,74932,5,4,,1,15,,74952,5,4,,1,55,,74973,5,4,,1,15,,74913,5,4,,1,15,,74933,5,4,,1,15,,74953,5,4,,1,55,,74974,5,4,,1,15,,74914,5,4,,1,15,,74934,5,4,,1,15,,74954,5,4,,1,55,,74975,5,4,,1,15,,74915,5,4,,1,15,,74935,5,4,,1,15,,74955,5,4,,1,55,,74976,5,4,,1,15,,74916,5,4,,1
0,'20261208',523,,75037,5,4,,1,15,,74977,5,4,,1,20,,75017,5,4,,1,55,,75038,5,4,,1,15,,74978,5,4,,1,15,,74998,5,4,,1,15,,75018,5,4,,1,55,,75039,5,4,,1,15,,74979,5,4,,1,15,,74999,5,4,,1,15,,75019,5,4,,1,55,,75040,5,4,,1,15,,74980,5,4,,1,15,,75000,5,4,,1,15,,75020,5,4,,1,55,,75041,5,4,,1,15,,74981,5,4,,1,15,,75001,5,4,,1,15,,75021,5,4,,1,55,,75042,5,4,,1,15,,74982,5,4,,1,15,,75002,5,4,,1,15,,75022,5,4,,1,55,,75043,5,4,,1,15,,74983,5,4,,1,15,,75003,5,4,,1,15,,75023,5,4,,1,55,,75044,5,4,,1,15,,74984,5,4,,1,15,,75004,5,4,,1,15,,75024,5,4,,1,55,,75045,5,4,,1,15,,74985,5,4,,1,15,,75005,5,4,,1,15,,75025,5,4,,1,55,,75046,5,4,,1,15,,74986,5,4,,1,15,,75006,5,4,,1,15,,75026,5,4,,1,55,,75047,5,4,,1,15,,74987,5,4,,1,15,,75007,5,4,,1,15,,75027,5,4,,1,55,,75048,5,4,,1,15,,74988,5,4,,1,15,,75008,5,4,,1,15,,75028,5,4,,1,55,,75049,5,4,,1,15,,74989,5,4,,1,15,,75009,5,4,,1,15,,75029,5,4,,1,55,,75050,5,4,,1,15,,74990,5,4,,1,15,,75010,5,4,,1,15,,75030,5,4,,1,55,,75051,5,4,,1,15,,74991,5,4,,1,15,,75011,5,4,,1,15,,75031,5,4,,1,55,,75052,5,4,,1,15,,74992,5,4,,1,15,,75012,5,4,,1,15,,75032,5,4,,1,55,,75053,5,4,,1,15,,74993,5,4,,1,15,,75013,5,4,,1,15,,75033,5,4,,1,55,,75054,5,4,,1,15,,74994,5,4,,1,15,,75014,5,4,,1,15,,75034,5,4,,1,55,,75055,5,4,,1,15,,74995,5,4,,1,15,,75015,5,4,,1,15,,75035,5,4,,1,55,,75056,5,4,,1,15,,74996,5,4,,1,15,,75016,5,4,,1,15,,75036,5,4,,1,55,,75057,5,4,,1,15,,74997,5,4,,1
0,'20261209',523,,75118,5,4,,1,15,,75058,5,4,,1,20,,75098,5,4,,1,55,,75119,5,4,,1,15,,75059,5,4,,1,15,,75079,5,4,,1,15,,75099,5,4,,1,55,,75120,5,4,,1,15,,75060,5,4,,1,15,,75080,5,4,,1,15,,75100,5,4,,1,55,,75121,5,4,,1,15,,75061,5,4,,1,15,,75081,5,4,,1,15,,75101,5,4,,1,55,,75122,5,4,,1,15,,75062,5,4,,1,15,,75082,5,4,,1,15,,75102,5,4,,1,55,,75123,5,4,,1,15,,75063,5,4,,1,15,,75083,5,4,,1,15,,75103,5,4,,1,55,,75124,5,4,,1,15,,75064,5,4,,1,15,,75084,5,4,,1,15,,75104,5,4,,1,55,,75125,5,4,,1,15,,75065,5,4,,1,15,,75085,5,4,,1,15,,75105,5,4,,1,55,,75126,5,4,,1,15,,75066,5,4,,1,15,,75086,5,4,,1,15,,75106,5,4,,1,55,,75127,5,4,,1,15,,75067,5,4,,1,15,,75087,5,4,,1,15,,75107,5,4,,1,55,,75128,5,4,,1,15,,75068,5,4,,1,15,,75088,5,4,,1,15,,75108,5,4,,1,55,,75129,5,4,,1,15,,75069,5,4,,1,15,,75089,5,4,,1,15,,75109,5,4,,1,55,,75130,5,4,,1,15,,75070,5,4,,1,15,,75090,5,4,,1,15,,75110,5,4,,1,55,,75131,5,4,,1,15,,75071,5,4,,1,15,,75091,5,4,,1,15,,75111,5,4,,1,55,,75132,5,4,,1,15,,75072,5,4,,1,15,,75092,5,4,,1,15,,75112,5,4,,1,55,,75133,5,4,,1,15,,75073,5,4,,1,15,,75093,5,4,,1,15,,75113,5,4,,1,55,,75134,5,4,,1,15,,75074,5,4,,1,15,,75094,5,4,,1,15,,75114,5,4,,1,55,,75135,5,4,,1,15,,75075,5,4,,1,15,,75095,5,4,,1,15,,75115,5,4,,1,55,,75136,5,4,,1,15,,75076,5,4,,1,15,,75096,5,4,,1,15,,75116,5,4,,1,55,,75137,5,4,,1,15,,75077,5,4,,1,15,,75097,5,4,,1,15,,75117,5,4,,1,55,,75138,5,4,,1,15,,75078,5,4,,1
0,'20261210',523,,75199,5,4,,1,15,,75139,5,4,,1,20,,75179,5,4,,1,55,,75200,5,4,,1,15,,75140,5,4,,1,15,,75160,5,4,,1,15,,75180,5,4,,1,55,,75201,5,4,,1,15,,75141,5,4,,1,15,,75161,5,4,,1,15,,75181,5,4,,1,55,,75202,5,4,,1,15,,75142,5,4,,1,15,,75162,5,4,,1,15,,75182,5,4,,1,55,,75203,5,4,,1,15,,75143,5,4,,1,15,,75163,5,4,,1,15,,75183,5,4,,1,55,,75204,5,4,,1,15,,75144,5,4,,1,15,,75164,5,4,,1,15,,75184,5,4,,1,55,,75205,5,4,,1,15,,75145,5,4,,1,15,,75165,5,4,,1,15,,75185,5,4,,1,55,,75206,5,4,,1,15,,75146,5,4,,1,15,,75166,5,4,,1,15,,75186,5,4,,1,55,,75207,5,4,,1,15,,75147,5,4,,1,15,,75167,5,4,,1,15,,75187,5,4,,1,55,,75208,5,4,,1,15,,75148,5,4,,1,15,,75168,5,4,,1,15,,75188,5,4,,1,55,,75209,5,4,,1,15,,75149,5,4,,1,15,,75169,5,4,,1,15,,75189,5,4,,1,55,,75210,5,4,,1,15,,75150,5,4,,1,15,,75170,5,4,,1,15,,75190,5,4,,1,55,,75211,5,4,,1,15,,75151,5,4,,1,15,,75171,5,4,,1,15,,75191,5,4,,1,55,,75212,5,4,,1,15,,75152,5,4,,1,15,,75172,5,4,,1,15,,75192,5,4,,1,55,,75213,5,4,,1,15,,75153,5,4,,1,15,,75173,5,4,,1,15,,75193,5,4,,1,55,,75214,5,4,,1,15,,75154,5,4,,1,15,,75174,5,4,,1,15,,75194,5,4,,1,55,,75215,5,4,,1,15,,75155,5,4,,1,15,,75175,5,4,,1,15,,75195,5,4,,1,55,,75216,5,4,,1,15,,75156,5,4,,1,15,,75176,5,4,,1,15,,75196,5,4,,1,55,,75217,5,4,,1,15,,75157,5,4,,1,15,,75177,5,4,,1,15,,75197,5,4,,1,55,,75218,5,4,,1,15,,75158,5,4,,1,15,,75178,5,4,,1,15,,75198,5,4,,1,55,,75219,5,4,,1,15,,75159,5,4,,1
0,'20261211',523,,75280,5,4,,1,15,,75220,5,4,,1,20,,75260,5,4,,1,55,,75281,5,4,,1,15,,75221,5,4,,1,15,,75241,5,4,,1,15,,75261,5,4,,1,55,,75282,5,4,,1,15,,75222,5,4,,1,15,,75242,5,4,,1,15,,75262,5,4,,1,55,,75283,5,4,,1,15,,75223,5,4,,1,15,,75243,5,4,,1,15,,75263,5,4,,1,55,,75284,5,4,,1,15,,75224,5,4,,1,15,,75244,5,4,,1,15,,75264,5,4,,1,55,,75285,5,4,,1,15,,75225,5,4,,1,15,,75245,5,4,,1,15,,75265,5,4,,1,55,,75286,5,4,,1,15,,75226,5,4,,1,15,,75246,5,4,,1,15,,75266,5,4,,1,55,,75287,5,4,,1,15,,75227,5,4,,1,15,,75247,5,4,,1,15,,75267,5,4,,1,55,,75288,5,4,,1,15,,75228,5,4,,1,15,,75248,5,4,,1,15,,75268,5,4,,1,55,,75289,5,4,,1,15,,75229,5,4,,1,15,,75249,5,4,,1,15,,75269,5,4,,1,55,,75290,5,4,,1,15,,75230,5,4,,1,15,,75250,5,4,,1,15,,75270,5,4,,1,55,,75291,5,4,,1,15,,75231,5,4,,1,15,,75251,5,4,,1,15,,75271,5,4,,1,55,,75292,5,4,,1,15,,75232,5,4,,1,15,,75252,5,4,,1,15,,75272,5,4,,1,55,,75293,5,4,,1,15,,75233,5,4,,1,15,,75253,5,4,,1,15,,75273,5,4,,1,55,,75294,5,4,,1,15,,75234,5,4,,1,15,,75254,5,4,,1,15,,75274,5,4,,1,55,,75295,5,4,,1,15,,75235,5,4,,1,15,,75255,5,4,,1,15,,75275,5,4,,1,55,,75296,5,4,,1,15,,75236,5,4,,1,15,,75256,5,4,,1,15,,75276,5,4,,1,55,,75297,5,4,,1,15,,75237,5,4,,1,15,,75257,5,4,,1,15,,75277,5,4,,1,55,,75298,5,4,,1,15,,75238,5,4,,1,15,,75258,5,4,,1,15,,75278,5,4,,1,55,,75299,5,4,,1,15,,75239,5,4,,1,15,,75259,5,4,,1,15,,75279,5,4,,1,55,,75300,5,4,,1,15,,75240,5,4,,1
0,'20261212',628,,75301,5,4,,1,15,,75321,5,4,,1,15,,75340,5,4,,1,55,,75359,5,4,,1,15,,75302,5,4,,1,15,,75322,5,4,,1,15,,75341,5,4,,1,55,,75360,5,4,,1,15,,75303,5,4,,1,15,,75323,5,4,,1,15,,75342,5,4,,1,55,,75361,5,4,,1,15,,75304,5,4,,1,15,,75324,5,4,,1,15,,75343,5,4,,1,55,,75362,5,4,,1,15,,75305,5,4,,1,15,,75325,5,4,,1,15,,75344,5,4,,1,55,,75363,5,4,,1,15,,75306,5,4,,1,15,,75326,5,4,,1,15,,75345,5,4,,1,55,,75364,5,4,,1,15,,75307,5,4,,1,15,,75327,5,4,,1,15,,75346,5,4,,1,55,,75365,5,4,,1,15,,75308,5,4,,1,15,,75328,5,4,,1,15,,75347,5,4,,1,55,,75366,5,4,,1,15,,75309,5,4,,1,15,,75329,5,4,,1,15,,75348,5,4,,1,55,,75367,5,4,,1,15,,75310,5,4,,1,15,,75330,5,4,,1,15,,75349,5,4,,1,55,,75368,5,4,,1,15,,75311,5,4,,1,15,,75331,5,4,,1,15,,75350,5,4,,1,55,,75369,5,4,,1,15,,75312,5,4,,1,15,,75332,5,4,,1,15,,75351,5,4,,1,55,,75370,5,4,,1,15,,75313,5,4,,1,15,,75333,5,4,,1,15,,75352,5,4,,1,55,,75371,5,4,,1,15,,75314,5,4,,1,15,,75334,5,4,,1,15,,75353,5,4,,1,55,,75372,5,4,,1,15,,75315,5,4,,1,15,,75335,5,4,,1,15,,75354,5,4,,1,55,,75373,5,4,,1,15,,75316,5,4,,1,15,,75336,5,4,,1,15,,75355,5,4,,1,55,,75374,5,4,,1,15,,75317,5,4,,1,15,,75337,5,4,,1,15,,75356,5,4,,1,55,,75375,5,4,,1,15,,75318,5,4,,1,15,,75338,5,4,,1,15,,75357,5,4,,1,55,,75376,5,4,,1,15,,75319,5,4,,1,15,,75339,5,4,,1,15,,75358,5,4,,1,55,,75377,5,4,,1,15,,75320,5,4,,1
0,'20261213',628,,75378,5,4,,1,15,,75398,5,4,,1,15,,75417,5,4,,1,55,,75436,5,4,,1,15,,75379,5,4,,1,15,,75399,5,4,,1,15,,75418,5,4,,1,55,,75437,5,4,,1,15,,75380,5,4,,1,15,,75400,5,4,,1,15,,75419,5,4,,1,55,,75438,5,4,,1,15,,75381,5,4,,1,15,,75401,5,4,,1,15,,75420,5,4,,1,55,,75439,5,4,,1,15,,75382,5,4,,1,15,,75402,5,4,,1,15,,75421,5,4,,1,55,,75440,5,4,,1,15,,75383,5,4,,1,15,,75403,5,4,,1,15,,75422,5,4,,1,55,,75441,5,4,,1,15,,75384,5,4,,1,15,,75404,5,4,,1,15,,75423,5,4,,1,55,,75442,5,4,,1,15,,75385,5,4,,1,15,,75405,5,4,,1,15,,75424,5,4,,1,55,,75443,5,4,,1,15,,75386,5,4,,1,15,,75406,5,4,,1,15,,75425,5,4,,1,55,,75444,5,4,,1,15,,75387,5,4,,1,15,,75407,5,4,,1,15,,75426,5,4,,1,55,,75445,5,4,,1,15,,75388,5,4,,1,15,,75408,5,4,,1,15,,75427,5,4,,1,55,,75446,5,4,,1,15,,75389,5,4,,1,15,,75409,5,4,,1,15,,75428,5,4,,1,55,,75447,5,4,,1,15,,75390,5,4,,1,15,,75410,5,4,,1,15,,75429,5,4,,1,55,,75448,5,4,,1,15,,75391,5,4,,1,15,,75411,5,4,,1,15,,75430,5,4,,1,55,,75449,5,4,,1,15,,75392,5,4,,1,15,,75412,5,4,,1,15,,75431,5,4,,1,55,,75450,5,4,,1,15,,75393,5,4,,1,15,,75413,5,4,,1,15,,75432,5,4,,1,55,,75451,5,4,,1,15,,75394,5,4,,1,15,,75414,5,4,,1,15,,75433,5,4,,1,55,,75452,5,4,,1,15,,75395,5,4,,1,15,,75415,5,4,,1,15,,75434,5,4,,1,55,,75453,5,4,,1,15,,75396,5,4,,1,15,,75416,5,4,,1,15,,75435,5,4,,1,55,,75454,5,4,,1,15,,75397,5,4,,1
0,'20261214',523,,75515,5,4,,1,15,,75455,5,4,,1,20,,75495,5,4,,1,55,,75516,5,4,,1,15,,75456,5,4,,1,15,,75476,5,4,,1,15,,75496,5,4,,1,55,,75517,5,4,,1,15,,75457,5,4,,1,15,,75477,5,4,,1,15,,75497,5,4,,1,55,,75518,5,4,,1,15,,75458,5,4,,1,15,,75478,5,4,,1,15,,75498,5,4,,1,55,,75519,5,4,,1,15,,75459,5,4,,1,15,,75479,5,4,,1,15,,75499,5,4,,1,55,,75520,5,4,,1,15,,75460,5,4,,1,15,,75480,5,4,,1,15,,75500,5,4,,1,55,,75521,5,4,,1,15,,75461,5,4,,1,15,,75481,5,4,,1,15,,75501,5,4,,1,55,,75522,5,4,,1,15,,75462,5,4,,1,15,,75482,5,4,,1,15,,75502,5,4,,1,55,,75523,5,4,,1,15,,75463,5,4,,1,15,,75483,5,4,,1,15,,75503,5,4,,1,55,,75524,5,4,,1,15,,75464,5,4,,1,15,,75484,5,4,,1,15,,75504,5,4,,1,55,,75525,5,4,,1,15,,75465,5,4,,1,15,,75485,5,4,,1,15,,75505,5,4,,1,55,,75526,5,4,,1,15,,75466,5,4,,1,15,,75486,5,4,,1,15,,75506,5,4,,1,55,,75527,5,4,,1,15,,75467,5,4,,1,15,,75487,5,4,,1,15,,75507,5,4,,1,55,,75528,5,4,,1,15,,75468,5,4,,1,15,,75488,5,4,,1,15,,75508,5,4,,1,55,,75529,5,4,,1,15,,75469,5,4,,1,15,,75489,5,4,,1,15,,75509,5,4,,1,55,,75530,5,4,,1,15,,75470,5,4,,1,15,,75490,5,4,,1,15,,75510,5,4,,1,55,,75531,5,4,,1,15,,75471,5,4,,1,15,,75491,5,4,,1,15,,75511,5,4,,1,55,,75532,5,4,,1,15,,75472,5,4,,1,15,,75492,5,4,,1,15,,75512,5,4,,1,55,,75533,5,4,,1,15,,75473,5,4,,1,15,,75493,5,4,,1,15,,75513,5,4,,1,55,,75534,5,4,,1,15,,75474,5,4,,1,15,,75494,5,4,,1,15,,75514,5,4,,1,55,,75535,5,4,,1,15,,75475,5,4,,1
0,'20261215',523,,75596,5,4,,1,15,,75536,5,4,,1,20,,75576,5,4,,1,55,,75597,5,4,,1,15,,75537,5,4,,1,15,,75557,5,4,,1,15,,75577,5,4,,1,55,,75598,5,4,,1,15,,75538,5,4,,1,15,,75558,5,4,,1,15,,75578,5,4,,1,55,,75599,5,4,,1,15,,75539,5,4,,1,15,,75559,5,4,,1,15,,75579,5,4,,1,55,,75600,5,4,,1,15,,75540,5,4,,1,15,,75560,5,4,,1,15,,75580,5,4,,1,55,,75601,5,4,,1,15,,75541,5,4,,1,15,,75561,5,4,,1,15,,75581,5,4,,1,55,,75602,5,4,,1,15,,75542,5,4,,1,15,,75562,5,4,,1,15,,75582,5,4,,1,55,,75603,5,4,,1,15,,75543,5,4,,1,15,,75563,5,4,,1,15,,75583,5,4,,1,55,,75604,5,4,,1,15,,75544,5,4,,1,15,,75564,5,4,,1,15,,75584,5,4,,1,55,,75605,5,4,,1,15,,75545,5,4,,1,15,,75565,5,4,,1,15,,75585,5,4,,1,55,,75606,5,4,,1,15,,75546,5,4,,1,15,,75566,5,4,,1,15,,75586,5,4,,1,55,,75607,5,4,,1,15,,75547,5,4,,1,15,,75567,5,4,,1,15,,75587,5,4,,1,55,,75608,5,4,,1,15,,75548,5,4,,1,15,,75568,5,4,,1,15,,75588,5,4,,1,55,,75609,5,4,,1,15,,75549,5,4,,1,15,,75569,5,4,,1,15,,75589,5,4,,1,55,,75610,5,4,,1,15,,75550,5,4,,1,15,,75570,5,4,,1,15,,75590,5,4,,1,55,,75611,5,4,,1,15,,75551,5,4,,1,15,,75571,5,4,,1,15,,75591,5,4,,1,55,,75612,5,4,,1,15,,75552,5,4,,1,15,,75572,5,4,,1,15,,75592,5,4,,1,55,,75613,5,4,,1,15,,75553,5,4,,1,15,,75573,5,4,,1,15,,75593,5,4,,1,55,,75614,5,4,,1,15,,75554,5,4,,1,15,,75574,5,4,,1,15,,75594,5,4,,1,55,,75615,5,4,,1,15,,75555,5,4,,1,15,,75575,5,4,,1,15,,75595,5,4,,1,55,,75616,5,4,,1,15,,75556,5,4,,1
0,'20261216',523,,75677,5,4,,1,15,,75617,5,4,,1,20,,75657,5,4,,1,55,,75678,5,4,,1,15,,75618,5,4,,1,15,,75638,5,4,,1,15,,75658,5,4,,1,55,,75679,5,4,,1,15,,75619,5,4,,1,15,,75639,5,4,,1,15,,75659,5,4,,1,55,,75680,5,4,,1,15,,75620,5,4,,1,15,,75640,5,4,,1,15,,75660,5,4,,1,55,,75681,5,4,,1,15,,75621,5,4,,1,15,,75641,5,4,,1,15,,75661,5,4,,1,55,,75682,5,4,,1,15,,75622,5,4,,1,15,,75642,5,4,,1,15,,75662,5,4,,1,55,,75683,5,4,,1,15,,75623,5,4,,1,15,,75643,5,4,,1,15,,75663,5,4,,1,55,,75684,5,4,,1,15,,75624,5,4,,1,15,,75644,5,4,,1,15,,75664,5,4,,1,55,,75685,5,4,,1,15,,75625,5,4,,1,15,,75645,5,4,,1,15,,75665,5,4,,1,55,,75686,5,4,,1,15,,75626,5,4,,1,15,,75646,5,4,,1,15,,75666,5,4,,1,55,,75687,5,4,,1,15,,75627,5,4,,1,15,,75647,5,4,,1,15,,75667,5,4,,1,55,,75688,5,4,,1,15,,75628,5,4,,1,15,,75648,5,4,,1,15,,75668,5,4,,1,55,,75689,5,4,,1,15,,75629,5,4,,1,15,,75649,5,4,,1,15,,75669,5,4,,1,55,,75690,5,4,,1,15,,75630,5,4,,1,15,,75650,5,4,,1,15,,75670,5,4,,1,55,,75691,5,4,,1,15,,75631,5,4,,1,15,,75651,5,4,,1,15,,75671,5,4,,1,55,,75692,5,4,,1,15,,75632,5,4,,1,15,,75652,5,4,,1,15,,75672,5,4,,1,55,,75693,5,4,,1,15,,75633,5,4,,1,15,,75653,5,4,,1,15,,75673,5,4,,1,55,,75694,5,4,,1,15,,75634,5,4,,1,15,,75654,5,4,,1,15,,75674,5,4,,1,55,,75695,5,4,,1,15,,75635,5,4,,1,15,,75655,5,4,,1,15,,75675,5,4,,1,55,,75696,5,4,,1,15,,75636,5,4,,1,15,,75656,5,4,,1,15,,75676,5,4,,1,55,,75697,5,4,,1,15,,75637,5,4,,1
0,'20261217',523,,75758,5,4,,1,15,,75698,5,4,,1,20,,75738,5,4,,1,55,,75759,5,4,,1,15,,75699,5,4,,1,15,,75719,5,4,,1,15,,75739,5,4,,1,55,,75760,5,4,,1,15,,75700,5,4,,1,15,,75720,5,4,,1,15,,75740,5,4,,1,55,,75761,5,4,,1,15,,75701,5,4,,1,15,,75721,5,4,,1,15,,75741,5,4,,1,55,,75762,5,4,,1,15,,75702,5,4,,1,15,,75722,5,4,,1,15,,75742,5,4,,1,55,,75763,5,4,,1,15,,75703,5,4,,1,15,,75723,5,4,,1,15,,75743,5,4,,1,55,,75764,5,4,,1,15,,75704,5,4,,1,15,,75724,5,4,,1,15,,75744,5,4,,1,55,,75765,5,4,,1,15,,75705,5,4,,1,15,,75725,5,4,,1,15,,75745,5,4,,1,55,,75766,5,4,,1,15,,75706,5,4,,1,15,,75726,5,4,,1,15,,75746,5,4,,1,55,,75767,5,4,,1,15,,75707,5,4,,1,15,,75727,5,4,,1,15,,75747,5,4,,1,55,,75768,5,4,,1,15,,75708,5,4,,1,15,,75728,5,4,,1,15,,75748,5,4,,1,55,,75769,5,4,,1,15,,75709,5,4,,1,15,,75729,5,4,,1,15,,75749,5,4,,1,55,,75770,5,4,,1,15,,75710,5,4,,1,15,,75730,5,4,,1,15,,75750,5,4,,1,55,,75771,5,4,,1,15,,75711,5,4,,1,15,,75731,5,4,,1,15,,75751,5,4,,1,55,,75772,5,4,,1,15,,75712,5,4,,1,15,,75732,5,4,,1,15,,75752,5,4,,1,55,,75773,5,4,,1,15,,75713,5,4,,1,15,,75733,5,4,,1,15,,75753,5,4,,1,55,,75774,5,4,,1,15,,75714,5,4,,1,15,,75734,5,4,,1,15,,75754,5,4,,1,55,,75775,5,4,,1,15,,75715,5,4,,1,15,,75735,5,4,,1,15,,75755,5,4,,1,55,,75776,5,4,,1,15,,75716,5,4,,1,15,,75736,5,4,,1,15,,75756,5,4,,1,55,,75777,5,4,,1,15,,75717,5,4,,1,15,,75737,5,4,,1,15,,75757,5,4,,1,55,,75778,5,4,,1,15,,75718,5,4,,1
0,'20261218',523,,75839,5,4,,1,15,,75779,5,4,,1,20,,75819,5,4,,1,55,,75840,5,4,,1,15,,75780,5,4,,1,15,,75800,5,4,,1,15,,75820,5,4,,1,55,,75841,5,4,,1,15,,75781,5,4,,1,15,,75801,5,4,,1,15,,75821,5,4,,1,55,,75842,5,4,,1,15,,75782,5,4,,1,15,,75802,5,4,,1,15,,75822,5,4,,1,55,,75843,5,4,,1,15,,75783,5,4,,1,15,,75803,5,4,,1,15,,75823,5,4,,1,55,,75844,5,4,,1,15,,75784,5,4,,1,15,,75804,5,4,,1,15,,75824,5,4,,1,55,,75845,5,4,,1,15,,75785,5,4,,1,15,,75805,5,4,,1,15,,75825,5,4,,1,55,,75846,5,4,,1,15,,75786,5,4,,1,15,,75806,5,4,,1,15,,75826,5,4,,1,55,,75847,5,4,,1,15,,75787,5,4,,1,15,,75807,5,4,,1,15,,75827,5,4,,1,55,,75848,5,4,,1,15,,75788,5,4,,1,15,,75808,5,4,,1,15,,75828,5,4,,1,55,,75849,5,4,,1,15,,75789,5,4,,1,15,,75809,5,4,,1,15,,75829,5,4,,1,55,,75850,5,4,,1,15,,75790,5,4,,1,15,,75810,5,4,,1,15,,75830,5,4,,1,55,,75851,5,4,,1,15,,75791,5,4,,1,15,,75811,5,4,,1,15,,75831,5,4,,1,55,,75852,5,4,,1,15,,75792,5,4,,1,15,,75812,5,4,,1,15,,75832,5,4,,1,55,,75853,5,4,,1,15,,75793,5,4,,1,15,,75813,5,4,,1,15,,75833,5,4,,1,55,,75854,5,4,,1,15,,75794,5,4,,1,15,,75814,5,4,,1,15,,75834,5,4,,1,55,,75855,5,4,,1,15,,75795,5,4,,1,15,,75815,5,4,,1,15,,75835,5,4,,1,55,,75856,5,4,,1,15,,75796,5,4,,1,15,,75816,5,4,,1,15,,75836,5,4,,1,55,,75857,5,4,,1,15,,75797,5,4,,1,15,,75817,5,4,,1,15,,75837,5,4,,1,55,,75858,5,4,,1,15,,75798,5,4,,1,15,,75818,5,4,,1,15,,75838,5,4,,1,55,,75859,5,4,,1,15,,75799,5,4,,1
0,'20261219',628,,75860,5,4,,1,15,,75880,5,4,,1,15,,75899,5,4,,1,55,,75918,5,4,,1,15,,75861,5,4,,1,15,,75881,5,4,,1,15,,75900,5,4,,1,55,,75919,5,4,,1,15,,75862,5,4,,1,15,,75882,5,4,,1,15,,75901,5,4,,1,55,,75920,5,4,,1,15,,75863,5,4,,1,15,,75883,5,4,,1,15,,75902,5,4,,1,55,,75921,5,4,,1,15,,75864,5,4,,1,15,,75884,5,4,,1,15,,75903,5,4,,1,55,,75922,5,4,,1,15,,75865,5,4,,1,15,,75885,5,4,,1,15,,75904,5,4,,1,55,,75923,5,4,,1,15,,75866,5,4,,1,15,,75886,5,4,,1,15,,75905,5,4,,1,55,,75924,5,4,,1,15,,75867,5,4,,1,15,,75887,5,4,,1,15,,75906,5,4,,1,55,,75925,5,4,,1,15,,75868,5,4,,1,15,,75888,5,4,,1,15,,75907,5,4,,1,55,,75926,5,4,,1,15,,75869,5,4,,1,15,,75889,5,4,,1,15,,75908,5,4,,1,55,,75927,5,4,,1,15,,75870,5,4,,1,15,,75890,5,4,,1,15,,75909,5,4,,1,55,,75928,5,4,,1,15,,75871,5,4,,1,15,,75891,5,4,,1,15,,75910,5,4,,1,55,,75929,5,4,,1,15,,75872,5,4,,1,15,,75892,5,4,,1,15,,75911,5,4,,1,55,,75930,5,4,,1,15,,75873,5,4,,1,15,,75893,5,4,,1,15,,75912,5,4,,1,55,,75931,5,4,,1,15,,75874,5,4,,1,15,,75894,5,4,,1,15,,75913,5,4,,1,55,,75932,5,4,,1,15,,75875,5,4,,1,15,,75895,5,4,,1,15,,75914,5,4,,1,55,,75933,5,4,,1,15,,75876,5,4,,1,15,,75896,5,4,,1,15,,75915,5,4,,1,55,,75934,5,4,,1,15,,75877,5,4,,1,15,,75897,5,4,,1,15,,75916,5,4,,1,55,,75935,5,4,,1,15,,75878,5,4,,1,15,,75898,5,4,,1,15,,75917,5,4,,1,55,,75936,5,4,,1,15,,75879,5,4,,1
0,'20261220',628,,75937,5,4,,1,15,,75957,5,4,,1,15,,75976,5,4,,1,55,,75995,5,4,,1,15,,75938,5,4,,1,15,,75958,5,4,,1,15,,75977,5,4,,1,55,,75996,5,4,,1,15,,75939,5,4,,1,15,,75959,5,4,,1,15,,75978,5,4,,1,55,,75997,5,4,,1,15,,75940,5,4,,1,15,,75960,5,4,,1,15,,75979,5,4,,1,55,,75998,5,4,,1,15,,75941,5,4,,1,15,,75961,5,4,,1,15,,75980,5,4,,1,55,,75999,5,4,,1,15,,75942,5,4,,1,15,,75962,5,4,,1,15,,75981,5,4,,1,55,,76000,5,4,,1,15,,75943,5,4,,1,15,,75963,5,4,,1,15,,75982,5,4,,1,55,,76001,5,4,,1,15,,75944,5,4,,1,15,,75964,5,4,,1,15,,75983,5,4,,1,55,,76002,5,4,,1,15,,75945,5,4,,1,15,,75965,5,4,,1,15,,75984,5,4,,1,55,,76003,5,4,,1,15,,75946,5,4,,1,15,,75966,5,4,,1,15,,75985,5,4,,1,55,,76004,5,4,,1,15,,75947,5,4,,1,15,,75967,5,4,,1,15,,75986,5,4,,1,55,,76005,5,4,,1,15,,75948,5,4,,1,15,,75968,5,4,,1,15,,75987,5,4,,1,55,,76006,5,4,,1,15,,75949,5,4,,1,15,,75969,5,4,,1,15,,75988,5,4,,1,55,,76007,5,4,,1,15,,75950,5,4,,1,15,,75970,5,4,,1,15,,75989,5,4,,1,55,,76008,5,4,,1,15,,75951,5,4,,1,15,,75971,5,4,,1,15,,75990,5,4,,1,55,,76009,5,4,,1,15,,75952,5,4,,1,15,,75972,5,4,,1,15,,75991,5,4,,1,55,,76010,5,4,,1,15,,75953,5,4,,1,15,,75973,5,4,,1,15,,75992,5,4,,1,55,,76011,5,4,,1,15,,75954,5,4,,1,15,,75974,5,4,,1,15,,75993,5,4,,1,55,,76012,5,4,,1,15,,75955,5,4,,1,15,,75975,5,4,,1,15,,75994,5,4,,1,55,,76013,5,4,,1,15,,75956,5,4,,1
0,'20261221',523,,76074,5,4,,1,15,,76014,5,4,,1,20,,76054,5,4,,1,55,,76075,5,4,,1,15,,76015,5,4,,1,15,,76035,5,4,,1,15,,76055,5,4,,1,55,,76076,5,4,,1,15,,76016,5,4,,1,15,,76036,5,4,,1,15,,76056,5,4,,1,55,,76077,5,4,,1,15,,76017,5,4,,1,15,,76037,5,4,,1,15,,76057,5,4,,1,55,,76078,5,4,,1,15,,76018,5,4,,1,15,,76038,5,4,,1,15,,76058,5,4,,1,55,,76079,5,4,,1,15,,76019,5,4,,1,15,,76039,5,4,,1,15,,76059,5,4,,1,55,,76080,5,4,,1,15,,76020,5,4,,1,15,,76040,5,4,,1,15,,76060,5,4,,1,55,,76081,5,4,,1,15,,76021,5,4,,1,15,,76041,5,4,,1,15,,76061,5,4,,1,55,,76082,5,4,,1,15,,76022,5,4,,1,15,,76042,5,4,,1,15,,76062,5,4,,1,55,,76083,5,4,,1,15,,76023,5,4,,1,15,,76043,5,4,,1,15,,76063,5,4,,1,55,,76084,5,4,,1,15,,76024,5,4,,1,15,,76044,5,4,,1,15,,76064,5,4,,1,55,,76085,5,4,,1,15,,76025,5,4,,1,15,,76045,5,4,,1,15,,76065,5,4,,1,55,,76086,5,4,,1,15,,76026,5,4,,1,15,,76046,5,4,,1,15,,76066,5,4,,1,55,,76087,5,4,,1,15,,76027,5,4,,1,15,,76047,5,4,,1,15,,76067,5,4,,1,55,,76088,5,4,,1,15,,76028,5,4,,1,15,,76048,5,4,,1,15,,76068,5,4,,1,55,,76089,5,4,,1,15,,76029,5,4,,1,15,,76049,5,4,,1,15,,76069,5,4,,1,55,,76090,5,4,,1,15,,76030,5,4,,1,15,,76050,5,4,,1,15,,76070,5,4,,1,55,,76091,5,4,,1,15,,76031,5,4,,1,15,,76051,5,4,,1,15,,76071,5,4,,1,55,,76092,5,4,,1,15,,76032,5,4,,1,15,,76052,5,4,,1,15,,76072,5,4,,1,55,,76093,5,4,,1,15,,76033,5,4,,1,15,,76053,5,4,,1,15,,76073,5,4,,1,55,,76094,5,4,,1,15,,76034,5,4,,1
0,'20261222',523,,76155,5,4,,1,15,,76095,5,4,,1,20,,76135,5,4,,1,55,,76156,5,4,,1,15,,76096,5,4,,1,15,,76116,5,4,,1,15,,76136,5,4,,1,55,,76157,5,4,,1,15,,76097,5,4,,1,15,,76117,5,4,,1,15,,76137,5,4,,1,55,,76158,5,4,,1,15,,76098,5,4,,1,15,,76118,5,4,,1,15,,76138,5,4,,1,55,,76159,5,4,,1,15,,76099,5,4,,1,15,,76119,5,4,,1,15,,76139,5,4,,1,55,,76160,5,4,,1,15,,76100,5,4,,1,15,,76120,5,4,,1,15,,76140,5,4,,1,55,,76161,5,4,,1,15,,76101,5,4,,1,15,,76121,5,4,,1,15,,76141,5,4,,1,55,,76162,5,4,,1,15,,76102,5,4,,1,15,,76122,5,4,,1,15,,76142,5,4,,1,55,,76163,5,4,,1,15,,76103,5,4,,1,15,,76123,5,4,,1,15,,76143,5,4,,1,55,,76164,5,4,,1,15,,76104,5,4,,1,15,,76124,5,4,,1,15,,76144,5,4,,1,55,,76165,5,4,,1,15,,76105,5,4,,1,15,,76125,5,4,,1,15,,76145,5,4,,1,55,,76166,5,4,,1,15,,76106,5,4,,1,15,,76126,5,4,,1,15,,76146,5,4,,1,55,,76167,5,4,,1,15,,76107,5,4,,1,15,,76127,5,4,,1,15,,76147,5,4,,1,55,,76168,5,4,,1,15,,76108,5,4,,1,15,,76128,5,4,,1,15,,76148,5,4,,1,55,,76169,5,4,,1,15,,76109,5,4,,1,15,,76129,5,4,,1,15,,76149,5,4,,1,55,,76170,5,4,,1,15,,76110,5,4,,1,15,,76130,5,4,,1,15,,76150,5,4,,1,55,,76171,5,4,,1,15,,76111,5,4,,1,15,,76131,5,4,,1,15,,76151,5,4,,1,55,,76172,5,4,,1,15,,76112,5,4,,1,15,,76132,5,4,,1,15,,76152,5,4,,1,55,,76173,5,4,,1,15,,76113,5,4,,1,15,,76133,5,4,,1,15,,76153,5,4,,1,55,,76174,5,4,,1,15,,76114,5,4,,1,15,,76134,5,4,,1,15,,76154,5,4,,1,55,,76175,5,4,,1,15,,76115,5,4,,1
0,'20261223',523,,76236,5,4,,1,15,,76176,5,4,,1,20,,76216,5,4,,1,55,,76237,5,4,,1,15,,76177,5,4,,1,15,,76197,5,4,,1,15,,76217,5,4,,1,55,,76238,5,4,,1,15,,76178,5,4,,1,15,,76198,5,4,,1,15,,76218,5,4,,1,55,,76239,5,4,,1,15,,76179,5,4,,1,15,,76199,5,4,,1,15,,76219,5,4,,1,55,,76240,5,4,,1,15,,76180,5,4,,1,15,,76200,5,4,,1,15,,76220,5,4,,1,55,,76241,5,4,,1,15,,76181,5,4,,1,15,,76201,5,4,,1,15,,76221,5,4,,1,55,,76242,5,4,,1,15,,76182,5,4,,1,15,,76202,5,4,,1,15,,76222,5,4,,1,55,,76243,5,4,,1,15,,76183,5,4,,1,15,,76203,5,4,,1,15,,76223,5,4,,1,55,,76244,5,4,,1,15,,76184,5,4,,1,15,,76204,5,4,,1,15,,76224,5,4,,1,55,,76245,5,4,,1,15,,76185,5,4,,1,15,,76205,5,4,,1,15,,76225,5,4,,1,55,,76246,5,4,,1,15,,76186,5,4,,1,15,,76206,5,4,,1,15,,76226,5,4,,1,55,,76247,5,4,,1,15,,76187,5,4,,1,15,,76207,5,4,,1,15,,76227,5,4,,1,55,,76248,5,4,,1,15,,76188,5,4,,1,15,,76208,5,4,,1,15,,76228,5,4,,1,55,,76249,5,4,,1,15,,76189,5,4,,1,15,,76209,5,4,,1,15,,76229,5,4,,1,55,,76250,5,4,,1,15,,76190,5,4,,1,15,,76210,5,4,,1,15,,76230,5,4,,1,55,,76251,5,4,,1,15,,76191,5,4,,1,15,,76211,5,4,,1,15,,76231,5,4,,1,55,,76252,5,4,,1,15,,76192,5,4,,1,15,,76212,5,4,,1,15,,76232,5,4,,1,55,,76253,5,4,,1,15,,76193,5,4,,1,15,,76213,5,4,,1,15,,76233,5,4,,1,55,,76254,5,4,,1,15,,76194,5,4,,1,15,,76214,5,4,,1,15,,76234,5,4,,1,55,,76255,5,4,,1,15,,76195,5,4,,1,15,,76215,5,4,,1,15,,76235,5,4,,1,55,,76256,5,4,,1,15,,76196,5,4,,1
0,'20261224',523,,76317,5,4,,1,15,,76257,5,4,,1,20,,76297,5,4,,1,55,,76318,5,4,,1,15,,76258,5,4,,1,15,,76278,5,4,,1,15,,76298,5,4,,1,55,,76319,5,4,,1,15,,76259,5,4,,1,15,,76279,5,4,,1,15,,76299,5,4,,1,55,,76320,5,4,,1,15,,76260,5,4,,1,15,,76280,5,4,,1,15,,76300,5,4,,1,55,,76321,5,4,,1,15,,76261,5,4,,1,15,,76281,5,4,,1,15,,76301,5,4,,1,55,,76322,5,4,,1,15,,76262,5,4,,1,15,,76282,5,4,,1,15,,76302,5,4,,1,55,,76323,5,4,,1,15,,76263,5,4,,1,15,,76283,5,4,,1,15,,76303,5,4,,1,55,,76324,5,4,,1,15,,76264,5,4,,1,15,,76284,5,4,,1,15,,76304,5,4,,1,55,,76325,5,4,,1,15,,76265,5,4,,1,15,,76285,5,4,,1,15,,76305,5,4,,1,55,,76326,5,4,,1,15,,76266,5,4,,1,15,,76286,5,4,,1,15,,76306,5,4,,1,55,,76327,5,4,,1,15,,76267,5,4,,1,15,,76287,5,4,,1,15,,76307,5,4,,1,55,,76328,5,4,,1,15,,76268,5,4,,1,15,,76288,5,4,,1,15,,76308,5,4,,1,55,,76329,5,4,,1,15,,76269,5,4,,1,15,,76289,5,4,,1,15,,76309,5,4,,1,55,,76330,5,4,,1,15,,76270,5,4,,1,15,,76290,5,4,,1,15,,76310,5,4,,1,55,,76331,5,4,,1,15,,76271,5,4,,1,15,,76291,5,4,,1,15,,76311,5,4,,1,55,,76332,5,4,,1,15,,76272,5,4,,1,15,,76292,5,4,,1,15,,76312,5,4,,1,55,,76333,5,4,,1,15,,76273,5,4,,1,15,,76293,5,4,,1,15,,76313,5,4,,1,55,,76334,5,4,,1,15,,76274,5,4,,1,15,,76294,5,4,,1,15,,76314,5,4,,1,55,,76335,5,4,,1,15,,76275,5,4,,1,15,,76295,5,4,,1,15,,76315,5,4,,1,55,,76336,5,4,,1,15,,76276,5,4,,1,15,,76296,5,4,,1,15,,76316,5,4,,1,55,,76337,5,4,,1,15,,76277,5,4,,1
0,'20261225',523,,76398,5,4,,1,15,,76338,5,4,,1,20,,76378,5,4,,1,55,,76399,5,4,,1,15,,76339,5,4,,1,15,,76359,5,4,,1,15,,76379,5,4,,1,55,,76400,5,4,,1,15,,76340,5,4,,1,15,,76360,5,4,,1,15,,76380,5,4,,1,55,,76401,5,4,,1,15,,76341,5,4,,1,15,,76361,5,4,,1,15,,76381,5,4,,1,55,,76402,5,4,,1,15,,76342,5,4,,1,15,,76362,5,4,,1,15,,76382,5,4,,1,55,,76403,5,4,,1,15,,76343,5,4,,1,15,,76363,5,4,,1,15,,76383,5,4,,1,55,,76404,5,4,,1,15,,76344,5,4,,1,15,,76364,5,4,,1,15,,76384,5,4,,1,55,,76405,5,4,,1,15,,76345,5,4,,1,15,,76365,5,4,,1,15,,76385,5,4,,1,55,,76406,5,4,,1,15,,76346,5,4,,1,15,,76366,5,4,,1,15,,76386,5,4,,1,55,,76407,5,4,,1,15,,76347,5,4,,1,15,,76367,5,4,,1,15,,76387,5,4,,1,55,,76408,5,4,,1,15,,76348,5,4,,1,15,,76368,5,4,,1,15,,76388,5,4,,1,55,,76409,5,4,,1,15,,76349,5,4,,1,15,,76369,5,4,,1,15,,76389,5,4,,1,55,,76410,5,4,,1,15,,76350,5,4,,1,15,,76370,5,4,,1,15,,76390,5,4,,1,55,,76411,5,4,,1,15,,76351,5,4,,1,15,,76371,5,4,,1,15,,76391,5,4,,1,55,,76412,5,4,,1,15,,76352,5,4,,1,15,,76372,5,4,,1,15,,76392,5,4,,1,55,,76413,5,4,,1,15,,76353,5,4,,1,15,,76373,5,4,,1,15,,76393,5,4,,1,55,,76414,5,4,,1,15,,76354,5,4,,1,15,,76374,5,4,,1,15,,76394,5,4,,1,55,,76415,5,4,,1,15,,76355,5,4,,1,15,,76375,5,4,,1,15,,76395,5,4,,1,55,,76416,5,4,,1,15,,76356,5,4,,1,15,,76376,5,4,,1,15,,76396,5,4,,1,55,,76417,5,4,,1,15,,76357,5,4,,1,15,,76377,5,4,,1,15,,76397,5,4,,1,55,,76418,5,4,,1,15,,76358,5,4,,1
0,'20261226',628,,76419,5,4,,1,15,,76439,5,4,,1,15,,76458,5,4,,1,55,,76477,5,4,,1,15,,76420,5,4,,1,15,,76440,5,4,,1,15,,76459,5,4,,1,55,,76478,5,4,,1,15,,76421,5,4,,1,15,,76441,5,4,,1,15,,76460,5,4,,1,55,,76479,5,4,,1,15,,76422,5,4,,1,15,,76442,5,4,,1,15,,76461,5,4,,1,55,,76480,5,4,,1,15,,76423,5,4,,1,15,,76443,5,4,,1,15,,76462,5,4,,1,55,,76481,5,4,,1,15,,76424,5,4,,1,15,,76444,5,4,,1,15,,76463,5,4,,1,55,,76482,5,4,,1,15,,76425,5,4,,1,15,,76445,5,4,,1,15,,76464,5,4,,1,55,,76483,5,4,,1,15,,76426,5,4,,1,15,,76446,5,4,,1,15,,76465,5,4,,1,55,,76484,5,4,,1,15,,76427,5,4,,1,15,,76447,5,4,,1,15,,76466,5,4,,1,55,,76485,5,4,,1,15,,76428,5,4,,1,15,,76448,5,4,,1,15,,76467,5,4,,1,55,,76486,5,4,,1,15,,76429,5,4,,1,15,,76449,5,4,,1,15,,76468,5,4,,1,55,,76487,5,4,,1,15,,76430,5,4,,1,15,,76450,5,4,,1,15,,76469,5,4,,1,55,,76488,5,4,,1,15,,76431,5,4,,1,15,,76451,5,4,,1,15,,76470,5,4,,1,55,,76489,5,4,,1,15,,76432,5,4,,1,15,,76452,5,4,,1,15,,76471,5,4,,1,55,,76490,5,4,,1,15,,76433,5,4,,1,15,,76453,5,4,,1,15,,76472,5,4,,1,55,,76491,5,4,,1,15,,76434,5,4,,1,15,,76454,5,4,,1,15,,76473,5,4,,1,55,,76492,5,4,,1,15,,76435,5,4,,1,15,,76455,5,4,,1,15,,76474,5,4,,1,55,,76493,5,4,,1,15,,76436,5,4,,1,15,,76456,5,4,,1,15,,76475,5,4,,1,55,,76494,5,4,,1,15,,76437,5,4,,1,15,,76457,5,4,,1,15,,76476,5,4,,1,55,,76495,5,4,,1,15,,76438,5,4,,1
0,'20261227',628,,76496,5,4,,1,15,,76516,5,4,,1,15,,76535,5,4,,1,55,,76554,5,4,,1,15,,76497,5,4,,1,15,,76517,5,4,,1,15,,76536,5,4,,1,55,,76555,5,4,,1,15,,76498,5,4,,1,15,,76518,5,4,,1,15,,76537,5,4,,1,55,,76556,5,4,,1,15,,76499,5,4,,1,15,,76519,5,4,,1,15,,76538,5,4,,1,55,,76557,5,4,,1,15,,76500,5,4,,1,15,,76520,5,4,,1,15,,76539,5,4,,1,55,,76558,5,4,,1,15,,76501,5,4,,1,15,,76521,5,4,,1,15,,76540,5,4,,1,55,,76559,5,4,,1,15,,76502,5,4,,1,15,,76522,5,4,,1,15,,76541,5,4,,1,55,,76560,5,4,,1,15,,76503,5,4,,1,15,,76523,5,4,,1,15,,76542,5,4,,1,55,,76561,5,4,,1,15,,76504,5,4,,1,15,,76524,5,4,,1,15,,76543,5,4,,1,55,,76562,5,4,,1,15,,76505,5,4,,1,15,,76525,5,4,,1,15,,76544,5,4,,1,55,,76563,5,4,,1,15,,76506,5,4,,1,15,,76526,5,4,,1,15,,76545,5,4,,1,55,,76564,5,4,,1,15,,76507,5,4,,1,15,,76527,5,4,,1,15,,76546,5,4,,1,55,,76565,5,4,,1,15,,76508,5,4,,1,15,,76528,5,4,,1,15,,76547,5,4,,1,55,,76566,5,4,,1,15,,76509,5,4,,1,15,,76529,5,4,,1,15,,76548,5,4,,1,55,,76567,5,4,,1,15,,76510,5,4,,1,15,,76530,5,4,,1,15,,76549,5,4,,1,55,,76568,5,4,,1,15,,76511,5,4,,1,15,,76531,5,4,,1,15,,76550,5,4,,1,55,,76569,5,4,,1,15,,76512,5,4,,1,15,,76532,5,4,,1,15,,76551,5,4,,1,55,,76570,5,4,,1,15,,76513,5,4,,1,15,,76533,5,4,,1,15,,76552,5,4,,1,55,,76571,5,4,,1,15,,76514,5,4,,1,15,,76534,5,4,,1,15,,76553,5,4,,1,55,,76572,5,4,,1,15,,76515,5,4,,1
0,'20261228',523,,76633,5,4,,1,15,,76573,5,4,,1,20,,76613,5,4,,1,55,,76634,5,4,,1,15,,76574,5,4,,1,15,,76594,5,4,,1,15,,76614,5,4,,1,55,,76635,5,4,,1,15,,76575,5,4,,1,15,,76595,5,4,,1,15,,76615,5,4,,1,55,,76636,5,4,,1,15,,76576,5,4,,1,15,,76596,5,4,,1,15,,76616,5,4,,1,55,,76637,5,4,,1,15,,76577,5,4,,1,15,,76597,5,4,,1,15,,76617,5,4,,1,55,,76638,5,4,,1,15,,76578,5,4,,1,15,,76598,5,4,,1,15,,76618,5,4,,1,55,,76639,5,4,,1,15,,76579,5,4,,1,15,,76599,5,4,,1,15,,76619,5,4,,1,55,,76640,5,4,,1,15,,76580,5,4,,1,15,,76600,5,4,,1,15,,76620,5,4,,1,55,,76641,5,4,,1,15,,76581,5,4,,1,15,,76601,5,4,,1,15,,76621,5,4,,1,55,,76642,5,4,,1,15,,76582,5,4,,1,15,,76602,5,4,,1,15,,76622,5,4,,1,55,,76643,5,4,,1,15,,76583,5,4,,1,15,,76603,5,4,,1,15,,76623,5,4,,1,55,,76644,5,4,,1,15,,76584,5,4,,1,15,,76604,5,4,,1,15,,76624,5,4,,1,55,,76645,5,4,,1,15,,76585,5,4,,1,15,,76605,5,4,,1,15,,76625,5,4,,1,55,,76646,5,4,,1,15,,76586,5,4,,1,15,,76606,5,4,,1,15,,76626,5,4,,1,55,,76647,5,4,,1,15,,76587,5,4,,1,15,,76607,5,4,,1,15,,76627,5,4,,1,55,,76648,5,4,,1,15,,76588,5,4,,1,15,,76608,5,4,,1,15,,76628,5,4,,1,55,,76649,5,4,,1,15,,76589,5,4,,1,15,,76609,5,4,,1,15,,76629,5,4,,1,55,,76650,5,4,,1,15,,76590,5,4,,1,15,,76610,5,4,,1,15,,76630,5,4,,1,55,,76651,5,4,,1,15,,76591,5,4,,1,15,,76611,5,4,,1,15,,76631,5,4,,1,55,,76652,5,4,,1,15,,76592,5,4,,1,15,,76612,5,4,,1,15,,76632,5,4,,1,55,,76653,5,4,,1,15,,76593,5,4,,1
0,'20261229',523,,76714,5,4,,1,15,,76654,5,4,,1,20,,76694,5,4,,1,55,,76715,5,4,,1,15,,76655,5,4,,1,15,,76675,5,4,,1,15,,76695,5,4,,1,55,,76716,5,4,,1,15,,76656,5,4,,1,15,,76676,5,4,,1,15,,76696,5,4,,1,55,,76717,5,4,,1,15,,76657,5,4,,1,15,,76677,5,4,,1,15,,76697,5,4,,1,55,,76718,5,4,,1,15,,76658,5,4,,1,15,,76678,5,4,,1,15,,76698,5,4,,1,55,,76719,5,4,,1,15,,76659,5,4,,1,15,,76679,5,4,,1,15,,76699,5,4,,1,55,,76720,5,4,,1,15,,76660,5,4,,1,15,,76680,5,4,,1,15,,76700,5,4,,1,55,,76721,5,4,,1,15,,76661,5,4,,1,15,,76681,5,4,,1,15,,76701,5,4,,1,55,,76722,5,4,,1,15,,76662,5,4,,1,15,,76682,5,4,,1,15,,76702,5,4,,1,55,,76723,5,4,,1,15,,76663,5,4,,1,15,,76683,5,4,,1,15,,76703,5,4,,1,55,,76724,5,4,,1,15,,76664,5,4,,1,15,,76684,5,4,,1,15,,76704,5,4,,1,55,,76725,5,4,,1,15,,76665,5,4,,1,15,,76685,5,4,,1,15,,76705,5,4,,1,55,,76726,5,4,,1,15,,76666,5,4,,1,15,,76686,5,4,,1,15,,76706,5,4,,1,55,,76727,5,4,,1,15,,76667,5,4,,1,15,,76687,5,4,,1,15,,76707,5,4,,1,55,,76728,5,4,,1,15,,76668,5,4,,1,15,,76688,5,4,,1,15,,76708,5,4,,1,55,,76729,5,4,,1,15,,76669,5,4,,1,15,,76689,5,4,,1,15,,76709,5,4,,1,55,,76730,5,4,,1,15,,76670,5,4,,1,15,,76690,5,4,,1,15,,76710,5,4,,1,55,,76731,5,4,,1,15,,76671,5,4,,1,15,,76691,5,4,,1,15,,76711,5,4,,1,55,,76732,5,4,,1,15,,76672,5,4,,1,15,,76692,5,4,,1,15,,76712,5,4,,1,55,,76733,5,4,,1,15,,76673,5,4,,1,15,,76693,5,4,,1,15,,76713,5,4,,1,55,,76734,5,4,,1,15,,76674,5,4,,1
0,'20261230',523,,76795,5,4,,1,15,,76735,5,4,,1,20,,76775,5,4,,1,55,,76796,5,4,,1,15,,76736,5,4,,1,15,,76756,5,4,,1,15,,76776,5,4,,1,55,,76797,5,4,,1,15,,76737,5,4,,1,15,,76757,5,4,,1,15,,76777,5,4,,1,55,,76798,5,4,,1,15,,76738,5,4,,1,15,,76758,5,4,,1,15,,76778,5,4,,1,55,,76799,5,4,,1,15,,76739,5,4,,1,15,,76759,5,4,,1,15,,76779,5,4,,1,55,,76800,5,4,,1,15,,76740,5,4,,1,15,,76760,5,4,,1,15,,76780,5,4,,1,55,,76801,5,4,,1,15,,76741,5,4,,1,15,,76761,5,4,,1,15,,76781,5,4,,1,55,,76802,5,4,,1,15,,76742,5,4,,1,15,,76762,5,4,,1,15,,76782,5,4,,1,55,,76803,5,4,,1,15,,76743,5,4,,1,15,,76763,5,4,,1,15,,76783,5,4,,1,55,,76804,5,4,,1,15,,76744,5,4,,1,15,,76764,5,4,,1,15,,76784,5,4,,1,55,,76805,5,4,,1,15,,76745,5,4,,1,15,,76765,5,4,,1,15,,76785,5,4,,1,55,,76806,5,4,,1,15,,76746,5,4,,1,15,,76766,5,4,,1,15,,76786,5,4,,1,55,,76807,5,4,,1,15,,76747,5,4,,1,15,,76767,5,4,,1,15,,76787,5,4,,1,55,,76808,5,4,,1,15,,76748,5,4,,1,15,,76768,5,4,,1,15,,76788,5,4,,1,55,,76809,5,4,,1,15,,76749,5,4,,1,15,,76769,5,4,,1,15,,76789,5,4,,1,55,,76810,5,4,,1,15,,76750,5,4,,1,15,,76770,5,4,,1,15,,76790,5,4,,1,55,,76811,5,4,,1,15,,76751,5,4,,1,15,,76771,5,4,,1,15,,76791,5,4,,1,55,,76812,5,4,,1,15,,76752,5,4,,1,15,,76772,5,4,,1,15,,76792,5,4,,1,55,,76813,5,4,,1,15,,76753,5,4,,1,15,,76773,5,4,,1,15,,76793,5,4,,1,55,,76814,5,4,,1,15,,76754,5,4,,1,15,,76774,5,4,,1,15,,76794,5,4,,1,55,,76815,5,4,,1,15,,76755,5,4,,1
0,'20261231',523,,76876,5,4,,1,15,,76816,5,4,,1,20,,76856,5,4,,1,55,,76877,5,4,,1,15,,76817,5,4,,1,15,,76837,5,4,,1,15,,76857,5,4,,1,55,,76878,5,4,,1,15,,76818,5,4,,1,15,,76838,5,4,,1,15,,76858,5,4,,1,55,,76879,5,4,,1,15,,76819,5,4,,1,15,,76839,5,4,,1,15,,76859,5,4,,1,55,,76880,5,4,,1,15,,76820,5,4,,1,15,,76840,5,4,,1,15,,76860,5,4,,1,55,,76881,5,4,,1,15,,76821,5,4,,1,15,,76841,5,4,,1,15,,76861,5,4,,1,55,,76882,5,4,,1,15,,76822,5,4,,1,15,,76842,5,4,,1,15,,76862,5,4,,1,55,,76883,5,4,,1,15,,76823,5,4,,1,15,,76843,5,4,,1,15,,76863,5,4,,1,55,,76884,5,4,,1,15,,76824,5,4,,1,15,,76844,5,4,,1,15,,76864,5,4,,1,55,,76885,5,4,,1,15,,76825,5,4,,1,15,,76845,5,4,,1,15,,76865,5,4,,1,55,,76886,5,4,,1,15,,76826,5,4,,1,15,,76846,5,4,,1,15,,76866,5,4,,1,55,,76887,5,4,,1,15,,76827,5,4,,1,15,,76847,5,4,,1,15,,76867,5,4,,1,55,,76888,5,4,,1,15,,76828,5,4,,1,15,,76848,5,4,,1,15,,76868,5,4,,1,55,,76889,5,4,,1,15,,76829,5,4,,1,15,,76849,5,4,,1,15,,76869,5,4,,1,55,,76890,5,4,,1,15,,76830,5,4,,1,15,,76850,5,4,,1,15,,76870,5,4,,1,55,,76891,5,4,,1,15,,76831,5,4,,1,15,,76851,5,4,,1,15,,76871,5,4,,1,55,,76892,5,4,,1,15,,76832,5,4,,1,15,,76852,5,4,,1,15,,76872,5,4,,1,55,,76893,5,4,,1,15,,76833,5,4,,1,15,,76853,5,4,,1,15,,76873,5,4,,1,55,,76894,5,4,,1,15,,76834,5,4,,1,15,,76854,5,4,,1,15,,76874,5,4,,1,55,,76895,5,4,,1,15,,76835,5,4,,1,15,,76855,5,4,,1,15,,76875,5,4,,1,55,,76896,5,4,,1,15,,76836,5,4,,1
0,'20270101',523,,76957,5,4,,1,15,,76897,5,4,,1,20,,76937,5,4,,1,55,,76958,5,4,,1,15,,76898,5,4,,1,15,,76918,5,4,,1,15,,76938,5,4,,1,55,,76959,5,4,,1,15,,76899,5,4,,1,15,,76919,5,4,,1,15,,76939,5,4,,1,55,,76960,5,4,,1,15,,76900,5,4,,1,15,,76920,5,4,,1,15,,76940,5,4,,1,55,,76961,5,4,,1,15,,76901,5,4,,1,15,,76921,5,4,,1,15,,76941,5,4,,1,55,,76962,5,4,,1,15,,76902,5,4,,1,15,,76922,5,4,,1,15,,76942,5,4,,1,55,,76963,5,4,,1,15,,76903,5,4,,1,15,,76923,5,4,,1,15,,76943,5,4,,1,55,,76964,5,4,,1,15,,76904,5,4,,1,15,,76924,5,4,,1,15,,76944,5,4,,1,55,,76965,5,4,,1,15,,76905,5,4,,1,15,,76925,5,4,,1,15,,76945,5,4,,1,55,,76966,5,4,,1,15,,76906,5,4,,1,15,,76926,5,4,,1,15,,76946,5,4,,1,55,,76967,5,4,,1,15,,76907,5,4,,1,15,,76927,5,4,,1,15,,76947,5,4,,1,55,,76968,5,4,,1,15,,76908,5,4,,1,15,,76928,5,4,,1,15,,76948,5,4,,1,55,,76969,5,4,,1,15,,76909,5,4,,1,15,,76929,5,4,,1,15,,76949,5,4,,1,55,,76970,5,4,,1,15,,76910,5,4,,1,15,,76930,5,4,,1,15,,76950,5,4,,1,55,,76971,5,4,,1,15,,76911,5,4,,1,15,,76931,5,4,,1,15,,76951,5,4,,1,55,,76972,5,4,,1,15,,76912,5,4,,1,15,,76932,5,4,,1,15,,76952,5,4,,1,55,,76973,5,4,,1,15,,76913,5,4,,1,15,,76933,5,4,,1,15,,76953,5,4,,1,55,,76974,5,4,,1,15,,76914,5,4,,1,15,,76934,5,4,,1,15,,76954,5,4,,1,55,,76975,5,4,,1,15,,76915,5,4,,1,15,,76935,5,4,,1,15,,76955,5,4,,1,55,,76976,5,4,,1,15,,76916,5,4,,1,15,,76936,5,4,,1,15,,76956,5,4,,1,55,,76977,5,4,,1,15,,76917,5,4,,1
0,'20270102',628,,76978,5,4,,1,15,,76998,5,4,,1,15,,77017,5,4,,1,55,,77036,5,4,,1,15,,76979,5,4,,1,15,,76999,5,4,,1,15,,77018,5,4,,1,55,,77037,5,4,,1,15,,76980,5,4,,1,15,,77000,5,4,,1,15,,77019,5,4,,1,55,,77038,5,4,,1,15,,76981,5,4,,1,15,,77001,5,4,,1,15,,77020,5,4,,1,55,,77039,5,4,,1,15,,76982,5,4,,1,15,,77002,5,4,,1,15,,77021,5,4,,1,55,,77040,5,4,,1,15,,76983,5,4,,1,15,,77003,5,4,,1,15,,77022,5,4,,1,55,,77041,5,4,,1,15,,76984,5,4,,1,15,,77004,5,4,,1,15,,77023,5,4,,1,55,,77042,5,4,,1,15,,76985,5,4,,1,15,,77005,5,4,,1,15,,77024,5,4,,1,55,,77043,5,4,,1,15,,76986,5,4,,1,15,,77006,5,4,,1,15,,77025,5,4,,1,55,,77044,5,4,,1,15,,76987,5,4,,1,15,,77007,5,4,,1,15,,77026,5,4,,1,55,,77045,5,4,,1,15,,76988,5,4,,1,15,,77008,5,4,,1,15,,77027,5,4,,1,55,,77046,5,4,,1,15,,76989,5,4,,1,15,,77009,5,4,,1,15,,77028,5,4,,1,55,,77047,5,4,,1,15,,76990,5,4,,1,15,,77010,5,4,,1,15,,77029,5,4,,1,55,,77048,5,4,,1,15,,76991,5,4,,1,15,,77011,5,4,,1,15,,77030,5,4,,1,55,,77049,5,4,,1,15,,76992,5,4,,1,15,,77012,5,4,,1,15,,77031,5,4,,1,55,,77050,5,4,,1,15,,76993,5,4,,1,15,,77013,5,4,,1,15,,77032,5,4,,1,55,,77051,5,4,,1,15,,76994,5,4,,1,15,,77014,5,4,,1,15,,77033,5,4,,1,55,,77052,5,4,,1,15,,76995,5,4,,1,15,,77015,5,4,,1,15,,77034,5,4,,1,55,,77053,5,4,,1,15,,76996,5,4,,1,15,,77016,5,4,,1,15,,77035,5,4,,1,55,,77054,5,4,,1,15,,76997,5,4,,1
0,'20270103',628,,77055,5,4,,1,15,,77075,5,4,,1,15,,77094,5,4,,1,55,,77113,5,4,,1,15,,77056,5,4,,1,15,,77076,5,4,,1,15,,77095,5,4,,1,55,,77114,5,4,,1,15,,77057,5,4,,1,15,,77077,5,4,,1,15,,77096,5,4,,1,55,,77115,5,4,,1,15,,77058,5,4,,1,15,,77078,5,4,,1,15,,77097,5,4,,1,55,,77116,5,4,,1,15,,77059,5,4,,1,15,,77079,5,4,,1,15,,77098,5,4,,1,55,,77117,5,4,,1,15,,77060,5,4,,1,15,,77080,5,4,,1,15,,77099,5,4,,1,55,,77118,5,4,,1,15,,77061,5,4,,1,15,,77081,5,4,,1,15,,77100,5,4,,1,55,,77119,5,4,,1,15,,77062,5,4,,1,15,,77082,5,4,,1,15,,77101,5,4,,1,55,,77120,5,4,,1,15,,77063,5,4,,1,15,,77083,5,4,,1,15,,77102,5,4,,1,55,,77121,5,4,,1,15,,77064,5,4,,1,15,,77084,5,4,,1,15,,77103,5,4,,1,55,,77122,5,4,,1,15,,77065,5,4,,1,15,,77085,5,4,,1,15,,77104,5,4,,1,55,,77123,5,4,,1,15,,77066,5,4,,1,15,,77086,5,4,,1,15,,77105,5,4,,1,55,,77124,5,4,,1,15,,77067,5,4,,1,15,,77087,5,4,,1,15,,77106,5,4,,1,55,,77125,5,4,,1,15,,77068,5,4,,1,15,,77088,5,4,,1,15,,77107,5,4,,1,55,,77126,5,4,,1,15,,77069,5,4,,1,15,,77089,5,4,,1,15,,77108,5,4,,1,55,,77127,5,4,,1,15,,77070,5,4,,1,15,,77090,5,4,,1,15,,77109,5,4,,1,55,,77128,5,4,,1,15,,77071,5,4,,1,15,,77091,5,4,,1,15,,77110,5,4,,1,55,,77129,5,4,,1,15,,77072,5,4,,1,15,,77092,5,4,,1,15,,77111,5,4,,1,55,,77130,5,4,,1,15,,77073,5,4,,1,15,,77093,5,4,,1,15,,77112,5,4,,1,55,,77131,5,4,,1,15,,77074,5,4,,1
0,'20270104',523,,77192,5,4,,1,15,,77132,5,4,,1,20,,77172,5,4,,1,55,,77193,5,4,,1,15,,77133,5,4,,1,15,,77153,5,4,,1,15,,77173,5,4,,1,55,,77194,5,4,,1,15,,77134,5,4,,1,15,,77154,5,4,,1,15,,77174,5,4,,1,55,,77195,5,4,,1,15,,77135,5,4,,1,15,,77155,5,4,,1,15,,77175,5,4,,1,55,,77196,5,4,,1,15,,77136,5,4,,1,15,,77156,5,4,,1,15,,77176,5,4,,1,55,,77197,5,4,,1,15,,77137,5,4,,1,15,,77157,5,4,,1,15,,77177,5,4,,1,55,,77198,5,4,,1,15,,77138,5,4,,1,15,,77158,5,4,,1,15,,77178,5,4,,1,55,,77199,5,4,,1,15,,77139,5,4,,1,15,,77159,5,4,,1,15,,77179,5,4,,1,55,,77200,5,4,,1,15,,77140,5,4,,1,15,,77160,5,4,,1,15,,77180,5,4,,1,55,,77201,5,4,,1,15,,77141,5,4,,1,15,,77161,5,4,,1,15,,77181,5,4,,1,55,,77202,5,4,,1,15,,77142,5,4,,1,15,,77162,5,4,,1,15,,77182,5,4,,1,55,,77203,5,4,,1,15,,77143,5,4,,1,15,,77163,5,4,,1,15,,77183,5,4,,1,55,,77204,5,4,,1,15,,77144,5,4,,1,15,,77164,5,4,,1,15,,77184,5,4,,1,55,,77205,5,4,,1,15,,77145,5,4,,1,15,,77165,5,4,,1,15,,77185,5,4,,1,55,,77206,5,4,,1,15,,77146,5,4,,1,15,,77166,5,4,,1,15,,77186,5,4,,1,55,,77207,5,4,,1,15,,77147,5,4,,1,15,,77167,5,4,,1,15,,77187,5,4,,1,55,,77208,5,4,,1,15,,77148,5,4,,1,15,,77168,5,4,,1,15,,77188,5,4,,1,55,,77209,5,4,,1,15,,77149,5,4,,1,15,,77169,5,4,,1,15,,77189,5,4,,1,55,,77210,5,4,,1,15,,77150,5,4,,1,15,,77170,5,4,,1,15,,77190,5,4,,1,55,,77211,5,4,,1,15,,77151,5,4,,1,15,,77171,5,4,,1,15,,77191,5,4,,1,55,,77212,5,4,,1,15,,77152,5,4,,1
0,'20270105',523,,77273,5,4,,1,15,,77213,5,4,,1,20,,77253,5,4,,1,55,,77274,5,4,,1,15,,77214,5,4,,1,15,,77234,5,4,,1,15,,77254,5,4,,1,55,,77275,5,4,,1,15,,77215,5,4,,1,15,,77235,5,4,,1,15,,77255,5,4,,1,55,,77276,5,4,,1,15,,77216,5,4,,1,15,,77236,5,4,,1,15,,77256,5,4,,1,55,,77277,5,4,,1,15,,77217,5,4,,1,15,,77237,5,4,,1,15,,77257,5,4,,1,55,,77278,5,4,,1,15,,77218,5,4,,1,15,,77238,5,4,,1,15,,77258,5,4,,1,55,,77279,5,4,,1,15,,77219,5,4,,1,15,,77239,5,4,,1,15,,77259,5,4,,1,55,,77280,5,4,,1,15,,77220,5,4,,1,15,,77240,5,4,,1,15,,77260,5,4,,1,55,,77281,5,4,,1,15,,77221,5,4,,1,15,,77241,5,4,,1,15,,77261,5,4,,1,55,,77282,5,4,,1,15,,77222,5,4,,1,15,,77242,5,4,,1,15,,77262,5,4,,1,55,,77283,5,4,,1,15,,77223,5,4,,1,15,,77243,5,4,,1,15,,77263,5,4,,1,55,,77284,5,4,,1,15,,77224,5,4,,1,15,,77244,5,4,,1,15,,77264,5,4,,1,55,,77285,5,4,,1,15,,77225,5,4,,1,15,,77245,5,4,,1,15,,77265,5,4,,1,55,,77286,5,4,,1,15,,77226,5,4,,1,15,,77246,5,4,,1,15,,77266,5,4,,1,55,,77287,5,4,,1,15,,77227,5,4,,1,15,,77247,5,4,,1,15,,77267,5,4,,1,55,,77288,5,4,,1,15,,77228,5,4,,1,15,,77248,5,4,,1,15,,77268,5,4,,1,55,,77289,5,4,,1,15,,77229,5,4,,1,15,,77249,5,4,,1,15,,77269,5,4,,1,55,,77290,5,4,,1,15,,77230,5,4,,1,15,,77250,5,4,,1,15,,77270,5,4,,1,55,,77291,5,4,,1,15,,77231,5,4,,1,15,,77251,5,4,,1,15,,77271,5,4,,1,55,,77292,5,4,,1,15,,77232,5,4,,1,15,,77252,5,4,,1,15,,77272,5,4,,1,55,,77293,5,4,,1,15,,77233,5,4,,1
0,'20270106',523,,77354,5,4,,1,15,,77294,5,4,,1,20,,77334,5,4,,1,55,,77355,5,4,,1,15,,77295,5,4,,1,15,,77315,5,4,,1,15,,77335,5,4,,1,55,,77356,5,4,,1,15,,77296,5,4,,1,15,,77316,5,4,,1,15,,77336,5,4,,1,55,,77357,5,4,,1,15,,77297,5,4,,1,15,,77317,5,4,,1,15,,77337,5,4,,1,55,,77358,5,4,,1,15,,77298,5,4,,1,15,,77318,5,4,,1,15,,77338,5,4,,1,55,,77359,5,4,,1,15,,77299,5,4,,1,15,,77319,5,4,,1,15,,77339,5,4,,1,55,,77360,5,4,,1,15,,77300,5,4,,1,15,,77320,5,4,,1,15,,77340,5,4,,1,55,,77361,5,4,,1,15,,77301,5,4,,1,15,,77321,5,4,,1,15,,77341,5,4,,1,55,,77362,5,4,,1,15,,77302,5,4,,1,15,,77322,5,4,,1,15,,77342,5,4,,1,55,,77363,5,4,,1,15,,77303,5,4,,1,15,,77323,5,4,,1,15,,77343,5,4,,1,55,,77364,5,4,,1,15,,77304,5,4,,1,15,,77324,5,4,,1,15,,77344,5,4,,1,55,,77365,5,4,,1,15,,77305,5,4,,1,15,,77325,5,4,,1,15,,77345,5,4,,1,55,,77366,5,4,,1,15,,77306,5,4,,1,15,,77326,5,4,,1,15,,77346,5,4,,1,55,,77367,5,4,,1,15,,77307,5,4,,1,15,,77327,5,4,,1,15,,77347,5,4,,1,55,,77368,5,4,,1,15,,77308,5,4,,1,15,,77328,5,4,,1,15,,77348,5,4,,1,55,,77369,5,4,,1,15,,77309,5,4,,1,15,,77329,5,4,,1,15,,77349,5,4,,1,55,,77370,5,4,,1,15,,77310,5,4,,1,15,,77330,5,4,,1,15,,77350,5,4,,1,55,,77371,5,4,,1,15,,77311,5,4,,1,15,,77331,5,4,,1,15,,77351,5,4,,1,55,,77372,5,4,,1,15,,77312,5,4,,1,15,,77332,5,4,,1,15,,77352,5,4,,1,55,,77373,5,4,,1,15,,77313,5,4,,1,15,,77333,5,4,,1,15,,77353,5,4,,1,55,,77374,5,4,,1,15,,77314,5,4,,1
0,'20270107',523,,77435,5,4,,1,15,,77375,5,4,,1,20,,77415,5,4,,1,55,,77436,5,4,,1,15,,77376,5,4,,1,15,,77396,5,4,,1,15,,77416,5,4,,1,55,,77437,5,4,,1,15,,77377,5,4,,1,15,,77397,5,4,,1,15,,77417,5,4,,1,55,,77438,5,4,,1,15,,77378,5,4,,1,15,,77398,5,4,,1,15,,77418,5,4,,1,55,,77439,5,4,,1,15,,77379,5,4,,1,15,,77399,5,4,,1,15,,77419,5,4,,1,55,,77440,5,4,,1,15,,77380,5,4,,1,15,,77400,5,4,,1,15,,77420,5,4,,1,55,,77441,5,4,,1,15,,77381,5,4,,1,15,,77401,5,4,,1,15,,77421,5,4,,1,55,,77442,5,4,,1,15,,77382,5,4,,1,15,,77402,5,4,,1,15,,77422,5,4,,1,55,,77443,5,4,,1,15,,77383,5,4,,1,15,,77403,5,4,,1,15,,77423,5,4,,1,55,,77444,5,4,,1,15,,77384,5,4,,1,15,,77404,5,4,,1,15,,77424,5,4,,1,55,,77445,5,4,,1,15,,77385,5,4,,1,15,,77405,5,4,,1,15,,77425,5,4,,1,55,,77446,5,4,,1,15,,77386,5,4,,1,15,,77406,5,4,,1,15,,77426,5,4,,1,55,,77447,5,4,,1,15,,77387,5,4,,1,15,,77407,5,4,,1,15,,77427,5,4,,1,55,,77448,5,4,,1,15,,77388,5,4,,1,15,,77408,5,4,,1,15,,77428,5,4,,1,55,,77449,5,4,,1,15,,77389,5,4,,1,15,,77409,5,4,,1,15,,77429,5,4,,1,55,,77450,5,4,,1,15,,77390,5,4,,1,15,,77410,5,4,,1,15,,77430,5,4,,1,55,,77451,5,4,,1,15,,77391,5,4,,1,15,,77411,5,4,,1,15,,77431,5,4,,1,55,,77452,5,4,,1,15,,77392,5,4,,1,15,,77412,5,4,,1,15,,77432,5,4,,1,55,,77453,5,4,,1,15,,77393,5,4,,1,15,,77413,5,4,,1,15,,77433,5,4,,1,55,,77454,5,4,,1,15,,77394,5,4,,1,15,,77414,5,4,,1,15,,77434,5,4,,1,55,,77455,5,4,,1,15,,77395,5,4,,1
0,'20270108',523,,77516,5,4,,1,15,,77456,5,4,,1,20,,77496,5,4,,1,55,,77517,5,4,,1,15,,77457,5,4,,1,15,,77477,5,4,,1,15,,77497,5,4,,1,55,,77518,5,4,,1,15,,77458,5,4,,1,15,,77478,5,4,,1,15,,77498,5,4,,1,55,,77519,5,4,,1,15,,77459,5,4,,1,15,,77479,5,4,,1,15,,77499,5,4,,1,55,,77520,5,4,,1,15,,77460,5,4,,1,15,,77480,5,4,,1,15,,77500,5,4,,1,55,,77521,5,4,,1,15,,77461,5,4,,1,15,,77481,5,4,,1,15,,77501,5,4,,1,55,,77522,5,4,,1,15,,77462,5,4,,1,15,,77482,5,4,,1,15,,77502,5,4,,1,55,,77523,5,4,,1,15,,77463,5,4,,1,15,,77483,5,4,,1,15,,77503,5,4,,1,55,,77524,5,4,,1,15,,77464,5,4,,1,15,,77484,5,4,,1,15,,77504,5,4,,1,55,,77525,5,4,,1,15,,77465,5,4,,1,15,,77485,5,4,,1,15,,77505,5,4,,1,55,,77526,5,4,,1,15,,77466,5,4,,1,15,,77486,5,4,,1,15,,77506,5,4,,1,55,,77527,5,4,,1,15,,77467,5,4,,1,15,,77487,5,4,,1,15,,77507,5,4,,1,55,,77528,5,4,,1,15,,77468,5,4,,1,15,,77488,5,4,,1,15,,77508,5,4,,1,55,,77529,5,4,,1,15,,77469,5,4,,1,15,,77489,5,4,,1,15,,77509,5,4,,1,55,,77530,5,4,,1,15,,77470,5,4,,1,15,,77490,5,4,,1,15,,77510,5,4,,1,55,,77531,5,4,,1,15,,77471,5,4,,1,15,,77491,5,4,,1,15,,77511,5,4,,1,55,,77532,5,4,,1,15,,77472,5,4,,1,15,,77492,5,4,,1,15,,77512,5,4,,1,55,,77533,5,4,,1,15,,77473,5,4,,1,15,,77493,5,4,,1,15,,77513,5,4,,1,55,,77534,5,4,,1,15,,77474,5,4,,1,15,,77494,5,4,,1,15,,77514,5,4,,1,55,,77535,5,4,,1,15,,77475,5,4,,1,15,,77495,5,4,,1,15,,77515,5,4,,1,55,,77536,5,4,,1,15,,77476,5,4,,1
0,'20270109',628,,77537,5,4,,1,15,,77557,5,4,,1,15,,77576,5,4,,1,55,,77595,5,4,,1,15,,77538,5,4,,1,15,,77558,5,4,,1,15,,77577,5,4,,1,55,,77596,5,4,,1,15,,77539,5,4,,1,15,,77559,5,4,,1,15,,77578,5,4,,1,55,,77597,5,4,,1,15,,77540,5,4,,1,15,,77560,5,4,,1,15,,77579,5,4,,1,55,,77598,5,4,,1,15,,77541,5,4,,1,15,,77561,5,4,,1,15,,77580,5,4,,1,55,,77599,5,4,,1,15,,77542,5,4,,1,15,,77562,5,4,,1,15,,77581,5,4,,1,55,,77600,5,4,,1,15,,77543,5,4,,1,15,,77563,5,4,,1,15,,77582,5,4,,1,55,,77601,5,4,,1,15,,77544,5,4,,1,15,,77564,5,4,,1,15,,77583,5,4,,1,55,,77602,5,4,,1,15,,77545,5,4,,1,15,,77565,5,4,,1,15,,77584,5,4,,1,55,,77603,5,4,,1,15,,77546,5,4,,1,15,,77566,5,4,,1,15,,77585,5,4,,1,55,,77604,5,4,,1,15,,77547,5,4,,1,15,,77567,5,4,,1,15,,77586,5,4,,1,55,,77605,5,4,,1,15,,77548,5,4,,1,15,,77568,5,4,,1,15,,77587,5,4,,1,55,,77606,5,4,,1,15,,77549,5,4,,1,15,,77569,5,4,,1,15,,77588,5,4,,1,55,,77607,5,4,,1,15,,77550,5,4,,1,15,,77570,5,4,,1,15,,77589,5,4,,1,55,,77608,5,4,,1,15,,77551,5,4,,1,15,,77571,5,4,,1,15,,77590,5,4,,1,55,,77609,5,4,,1,15,,77552,5,4,,1,15,,77572,5,4,,1,15,,77591,5,4,,1,55,,77610,5,4,,1,15,,77553,5,4,,1,15,,77573,5,4,,1,15,,77592,5,4,,1,55,,77611,5,4,,1,15,,77554,5,4,,1,15,,77574,5,4,,1,15,,77593,5,4,,1,55,,77612,5,4,,1,15,,77555,5,4,,1,15,,77575,5,4,,1,15,,77594,5,4,,1,55,,77613,5,4,,1,15,,77556,5,4,,1
0,'20270110',628,,77614,5,4,,1,15,,77634,5,4,,1,15,,77653,5,4,,1,55,,77672,5,4,,1,15,,77615,5,4,,1,15,,77635,5,4,,1,15,,77654,5,4,,1,55,,77673,5,4,,1,15,,77616,5,4,,1,15,,77636,5,4,,1,15,,77655,5,4,,1,55,,77674,5,4,,1,15,,77617,5,4,,1,15,,77637,5,4,,1,15,,77656,5,4,,1,55,,77675,5,4,,1,15,,77618,5,4,,1,15,,77638,5,4,,1,15,,77657,5,4,,1,55,,77676,5,4,,1,15,,77619,5,4,,1,15,,77639,5,4,,1,15,,77658,5,4,,1,55,,77677,5,4,,1,15,,77620,5,4,,1,15,,77640,5,4,,1,15,,77659,5,4,,1,55,,77678,5,4,,1,15,,77621,5,4,,1,15,,77641,5,4,,1,15,,77660,5,4,,1,55,,77679,5,4,,1,15,,77622,5,4,,1,15,,77642,5,4,,1,15,,77661,5,4,,1,55,,77680,5,4,,1,15,,77623,5,4,,1,15,,77643,5,4,,1,15,,77662,5,4,,1,55,,77681,5,4,,1,15,,77624,5,4,,1,15,,77644,5,4,,1,15,,77663,5,4,,1,55,,77682,5,4,,1,15,,77625,5,4,,1,15,,77645,5,4,,1,15,,77664,5,4,,1,55,,77683,5,4,,1,15,,77626,5,4,,1,15,,77646,5,4,,1,15,,77665,5,4,,1,55,,77684,5,4,,1,15,,77627,5,4,,1,15,,77647,5,4,,1,15,,77666,5,4,,1,55,,77685,5,4,,1,15,,77628,5,4,,1,15,,77648,5,4,,1,15,,77667,5,4,,1,55,,77686,5,4,,1,15,,77629,5,4,,1,15,,77649,5,4,,1,15,,77668,5,4,,1,55,,77687,5,4,,1,15,,77630,5,4,,1,15,,77650,5,4,,1,15,,77669,5,4,,1,55,,77688,5,4,,1,15,,77631,5,4,,1,15,,77651,5,4,,1,15,,77670,5,4,,1,55,,77689,5,4,,1,15,,77632,5,4,,1,15,,77652,5,4,,1,15,,77671,5,4,,1,55,,77690,5,4,,1,15,,77633,5,4,,1
0,'20270111',523,,77751,5,4,,1,15,,77691,5,4,,1,20,,77731,5,4,,1,55,,77752,5,4,,1,15,,77692,5,4,,1,15,,77712,5,4,,1,15,,77732,5,4,,1,55,,77753,5,4,,1,15,,77693,5,4,,1,15,,77713,5,4,,1,15,,77733,5,4,,1,55,,77754,5,4,,1,15,,77694,5,4,,1,15,,77714,5,4,,1,15,,77734,5,4,,1,55,,77755,5,4,,1,15,,77695,5,4,,1,15,,77715,5,4,,1,15,,77735,5,4,,1,55,,77756,5,4,,1,15,,77696,5,4,,1,15,,77716,5,4,,1,15,,77736,5,4,,1,55,,77757,5,4,,1,15,,77697,5,4,,1,15,,77717,5,4,,1,15,,77737,5,4,,1,55,,77758,5,4,,1,15,,77698,5,4,,1,15,,77718,5,4,,1,15,,77738,5,4,,1,55,,77759,5,4,,1,15,,77699,5,4,,1,15,,77719,5,4,,1,15,,77739,5,4,,1,55,,77760,5,4,,1,15,,77700,5,4,,1,15,,77720,5,4,,1,15,,77740,5,4,,1,55,,77761,5,4,,1,15,,77701,5,4,,1,15,,77721,5,4,,1,15,,77741,5,4,,1,55,,77762,5,4,,1,15,,77702,5,4,,1,15,,77722,5,4,,1,15,,77742,5,4,,1,55,,77763,5,4,,1,15,,77703,5,4,,1,15,,77723,5,4,,1,15,,77743,5,4,,1,55,,77764,5,4,,1,15,,77704,5,4,,1,15,,77724,5,4,,1,15,,77744,5,4,,1,55,,77765,5,4,,1,15,,77705,5,4,,1,15,,77725,5,4,,1,15,,77745,5,4,,1,55,,77766,5,4,,1,15,,77706,5,4,,1,15,,77726,5,4,,1,15,,77746,5,4,,1,55,,77767,5,4,,1,15,,77707,5,4,,1,15,,77727,5,4,,1,15,,77747,5,4,,1,55,,77768,5,4,,1,15,,77708,5,4,,1,15,,77728,5,4,,1,15,,77748,5,4,,1,55,,77769,5,4,,1,15,,77709,5,4,,1,15,,77729,5,4,,1,15,,77749,5,4,,1,55,,77770,5,4,,1,15,,77710,5,4,,1,15,,77730,5,4,,1,15,,77750,5,4,,1,55,,77771,5,4,,1,15,,77711,5,4,,1
0,'20270112',523,,77832,5,4,,1,15,,77772,5,4,,1,20,,77812,5,4,,1,55,,77833,5,4,,1,15,,77773,5,4,,1,15,,77793,5,4,,1,15,,77813,5,4,,1,55,,77834,5,4,,1,15,,77774,5,4,,1,15,,77794,5,4,,1,15,,77814,5,4,,1,55,,77835,5,4,,1,15,,77775,5,4,,1,15,,77795,5,4,,1,15,,77815,5,4,,1,55,,77836,5,4,,1,15,,77776,5,4,,1,15,,77796,5,4,,1,15,,77816,5,4,,1,55,,77837,5,4,,1,15,,77777,5,4,,1,15,,77797,5,4,,1,15,,77817,5,4,,1,55,,77838,5,4,,1,15,,77778,5,4,,1,15,,77798,5,4,,1,15,,77818,5,4,,1,55,,77839,5,4,,1,15,,77779,5,4,,1,15,,77799,5,4,,1,15,,77819,5,4,,1,55,,77840,5,4,,1,15,,77780,5,4,,1,15,,77800,5,4,,1,15,,77820,5,4,,1,55,,77841,5,4,,1,15,,77781,5,4,,1,15,,77801,5,4,,1,15,,77821,5,4,,1,55,,77842,5,4,,1,15,,77782,5,4,,1,15,,77802,5,4,,1,15,,77822,5,4,,1,55,,77843,5,4,,1,15,,77783,5,4,,1,15,,77803,5,4,,1,15,,77823,5,4,,1,55,,77844,5,4,,1,15,,77784,5,4,,1,15,,77804,5,4,,1,15,,77824,5,4,,1,55,,77845,5,4,,1,15,,77785,5,4,,1,15,,77805,5,4,,1,15,,77825,5,4,,1,55,,77846,5,4,,1,15,,77786,5,4,,1,15,,77806,5,4,,1,15,,77826,5,4,,1,55,,77847,5,4,,1,15,,77787,5,4,,1,15,,77807,5,4,,1,15,,77827,5,4,,1,55,,77848,5,4,,1,15,,77788,5,4,,1,15,,77808,5,4,,1,15,,77828,5,4,,1,55,,77849,5,4,,1,15,,77789,5,4,,1,15,,77809,5,4,,1,15,,77829,5,4,,1,55,,77850,5,4,,1,15,,77790,5,4,,1,15,,77810,5,4,,1,15,,77830,5,4,,1,55,,77851,5,4,,1,15,,77791,5,4,,1,15,,77811,5,4,,1,15,,77831,5,4,,1,55,,77852,5,4,,1,15,,77792,5,4,,1
0,'20270113',523,,77913,5,4,,1,15,,77853,5,4,,1,20,,77893,5,4,,1,55,,77914,5,4,,1,15,,77854,5,4,,1,15,,77874,5,4,,1,15,,77894,5,4,,1,55,,77915,5,4,,1,15,,77855,5,4,,1,15,,77875,5,4,,1,15,,77895,5,4,,1,55,,77916,5,4,,1,15,,77856,5,4,,1,15,,77876,5,4,,1,15,,77896,5,4,,1,55,,77917,5,4,,1,15,,77857,5,4,,1,15,,77877,5,4,,1,15,,77897,5,4,,1,55,,77918,5,4,,1,15,,77858,5,4,,1,15,,77878,5,4,,1,15,,77898,5,4,,1,55,,77919,5,4,,1,15,,77859,5,4,,1,15,,77879,5,4,,1,15,,77899,5,4,,1,55,,77920,5,4,,1,15,,77860,5,4,,1,15,,77880,5,4,,1,15,,77900,5,4,,1,55,,77921,5,4,,1,15,,77861,5,4,,1,15,,77881,5,4,,1,15,,77901,5,4,,1,55,,77922,5,4,,1,15,,77862,5,4,,1,15,,77882,5,4,,1,15,,77902,5,4,,1,55,,77923,5,4,,1,15,,77863,5,4,,1,15,,77883,5,4,,1,15,,77903,5,4,,1,55,,77924,5,4,,1,15,,77864,5,4,,1,15,,77884,5,4,,1,15,,77904,5,4,,1,55,,77925,5,4,,1,15,,77865,5,4,,1,15,,77885,5,4,,1,15,,77905,5,4,,1,55,,77926,5,4,,1,15,,77866,5,4,,1,15,,77886,5,4,,1,15,,77906,5,4,,1,55,,77927,5,4,,1,15,,77867,5,4,,1,15,,77887,5,4,,1,15,,77907,5,4,,1,55,,77928,5,4,,1,15,,77868,5,4,,1,15,,77888,5,4,,1,15,,77908,5,4,,1,55,,77929,5,4,,1,15,,77869,5,4,,1,15,,77889,5,4,,1,15,,77909,5,4,,1,55,,77930,5,4,,1,15,,77870,5,4,,1,15,,77890,5,4,,1,15,,77910,5,4,,1,55,,77931,5,4,,1,15,,77871,5,4,,1,15,,77891,5,4,,1,15,,77911,5,4,,1,55,,77932,5,4,,1,15,,77872,5,4,,1,15,,77892,5,4,,1,15,,77912,5,4,,1,55,,77933,5,4,,1,15,,77873,5,4,,1
0,'20270114',523,,77994,5,4,,1,15,,77934,5,4,,1,20,,77974,5,4,,1,55,,77995,5,4,,1,15,,77935,5,4,,1,15,,77955,5,4,,1,15,,77975,5,4,,1,55,,77996,5,4,,1,15,,77936,5,4,,1,15,,77956,5,4,,1,15,,77976,5,4,,1,55,,77997,5,4,,1,15,,77937,5,4,,1,15,,77957,5,4,,1,15,,77977,5,4,,1,55,,77998,5,4,,1,15,,77938,5,4,,1,15,,77958,5,4,,1,15,,77978,5,4,,1,55,,77999,5,4,,1,15,,77939,5,4,,1,15,,77959,5,4,,1,15,,77979,5,4,,1,55,,78000,5,4,,1,15,,77940,5,4,,1,15,,77960,5,4,,1,15,,77980,5,4,,1,55,,78001,5,4,,1,15,,77941,5,4,,1,15,,77961,5,4,,1,15,,77981,5,4,,1,55,,78002,5,4,,1,15,,77942,5,4,,1,15,,77962,5,4,,1,15,,77982,5,4,,1,55,,78003,5,4,,1,15,,77943,5,4,,1,15,,77963,5,4,,1,15,,77983,5,4,,1,55,,78004,5,4,,1,15,,77944,5,4,,1,15,,77964,5,4,,1,15,,77984,5,4,,1,55,,78005,5,4,,1,15,,77945,5,4,,1,15,,77965,5,4,,1,15,,77985,5,4,,1,55,,78006,5,4,,1,15,,77946,5,4,,1,15,,77966,5,4,,1,15,,77986,5,4,,1,55,,78007,5,4,,1,15,,77947,5,4,,1,15,,77967,5,4,,1,15,,77987,5,4,,1,55,,78008,5,4,,1,15,,77948,5,4,,1,15,,77968,5,4,,1,15,,77988,5,4,,1,55,,78009,5,4,,1,15,,77949,5,4,,1,15,,77969,5,4,,1,15,,77989,5,4,,1,55,,78010,5,4,,1,15,,77950,5,4,,1,15,,77970,5,4,,1,15,,77990,5,4,,1,55,,78011,5,4,,1,15,,77951,5,4,,1,15,,77971,5,4,,1,15,,77991,5,4,,1,55,,78012,5,4,,1,15,,77952,5,4,,1,15,,77972,5,4,,1,15,,77992,5,4,,1,55,,78013,5,4,,1,15,,77953,5,4,,1,15,,77973,5,4,,1,15,,77993,5,4,,1,55,,78014,5,4,,1,15,,77954,5,4,,1
0,'20270115',523,,78075,5,4,,1,15,,78015,5,4,,1,20,,78055,5,4,,1,55,,78076,5,4,,1,15,,78016,5,4,,1,15,,78036,5,4,,1,15,,78056,5,4,,1,55,,78077,5,4,,1,15,,78017,5,4,,1,15,,78037,5,4,,1,15,,78057,5,4,,1,55,,78078,5,4,,1,15,,78018,5,4,,1,15,,78038,5,4,,1,15,,78058,5,4,,1,55,,78079,5,4,,1,15,,78019,5,4,,1,15,,78039,5,4,,1,15,,78059,5,4,,1,55,,78080,5,4,,1,15,,78020,5,4,,1,15,,78040,5,4,,1,15,,78060,5,4,,1,55,,78081,5,4,,1,15,,78021,5,4,,1,15,,78041,5,4,,1,15,,78061,5,4,,1,55,,78082,5,4,,1,15,,78022,5,4,,1,15,,78042,5,4,,1,15,,78062,5,4,,1,55,,78083,5,4,,1,15,,78023,5,4,,1,15,,78043,5,4,,1,15,,78063,5,4,,1,55,,78084,5,4,,1,15,,78024,5,4,,1,15,,78044,5,4,,1,15,,78064,5,4,,1,55,,78085,5,4,,1,15,,78025,5,4,,1,15,,78045,5,4,,1,15,,78065,5,4,,1,55,,78086,5,4,,1,15,,78026,5,4,,1,15,,78046,5,4,,1,15,,78066,5,4,,1,55,,78087,5,4,,1,15,,78027,5,4,,1,15,,78047,5,4,,1,15,,78067,5,4,,1,55,,78088,5,4,,1,15,,78028,5,4,,1,15,,78048,5,4,,1,15,,78068,5,4,,1,55,,78089,5,4,,1,15,,78029,5,4,,1,15,,78049,5,4,,1,15,,78069,5,4,,1,55,,78090,5,4,,1,15,,78030,5,4,,1,15,,78050,5,4,,1,15,,78070,5,4,,1,55,,78091,5,4,,1,15,,78031,5,4,,1,15,,78051,5,4,,1,15,,78071,5,4,,1,55,,78092,5,4,,1,15,,78032,5,4,,1,15,,78052,5,4,,1,15,,78072,5,4,,1,55,,78093,5,4,,1,15,,78033,5,4,,1,15,,78053,5,4,,1,15,,78073,5,4,,1,55,,78094,5,4,,1,15,,78034,5,4,,1,15,,78054,5,4,,1,15,,78074,5,4,,1,55,,78095,5,4,,1,15,,78035,5,4,,1
0,'20270116',628,,78096,5,4,,1,15,,78116,5,4,,1,15,,78135,5,4,,1,55,,78154,5,4,,1,15,,78097,5,4,,1,15,,78117,5,4,,1,15,,78136,5,4,,1,55,,78155,5,4,,1,15,,78098,5,4,,1,15,,78118,5,4,,1,15,,78137,5,4,,1,55,,78156,5,4,,1,15,,78099,5,4,,1,15,,78119,5,4,,1,15,,78138,5,4,,1,55,,78157,5,4,,1,15,,78100,5,4,,1,15,,78120,5,4,,1,15,,78139,5,4,,1,55,,78158,5,4,,1,15,,78101,5,4,,1,15,,78121,5,4,,1,15,,78140,5,4,,1,55,,78159,5,4,,1,15,,78102,5,4,,1,15,,78122,5,4,,1,15,,78141,5,4,,1,55,,78160,5,4,,1,15,,78103,5,4,,1,15,,78123,5,4,,1,15,,78142,5,4,,1,55,,78161,5,4,,1,15,,78104,5,4,,1,15,,78124,5,4,,1,15,,78143,5,4,,1,55,,78162,5,4,,1,15,,78105,5,4,,1,15,,78125,5,4,,1,15,,78144,5,4,,1,55,,78163,5,4,,1,15,,78106,5,4,,1,15,,78126,5,4,,1,15,,78145,5,4,,1,55,,78164,5,4,,1,15,,78107,5,4,,1,15,,78127,5,4,,1,15,,78146,5,4,,1,55,,78165,5,4,,1,15,,78108,5,4,,1,15,,78128,5,4,,1,15,,78147,5,4,,1,55,,78166,5,4,,1,15,,78109,5,4,,1,15,,78129,5,4,,1,15,,78148,5,4,,1,55,,78167,5,4,,1,15,,78110,5,4,,1,15,,78130,5,4,,1,15,,78149,5,4,,1,55,,78168,5,4,,1,15,,78111,5,4,,1,15,,78131,5,4,,1,15,,78150,5,4,,1,55,,78169,5,4,,1,15,,78112,5,4,,1,15,,78132,5,4,,1,15,,78151,5,4,,1,55,,78170,5,4,,1,15,,78113,5,4,,1,15,,78133,5,4,,1,15,,78152,5,4,,1,55,,78171,5,4,,1,15,,78114,5,4,,1,15,,78134,5,4,,1,15,,78153,5,4,,1,55,,78172,5,4,,1,15,,78115,5,4,,1
0,'20270117',628,,78173,5,4,,1,15,,78193,5,4,,1,15,,78212,5,4,,1,55,,78231,5,4,,1,15,,78174,5,4,,1,15,,78194,5,4,,1,15,,78213,5,4,,1,55,,78232,5,4,,1,15,,78175,5,4,,1,15,,78195,5,4,,1,15,,78214,5,4,,1,55,,78233,5,4,,1,15,,78176,5,4,,1,15,,78196,5,4,,1,15,,78215,5,4,,1,55,,78234,5,4,,1,15,,78177,5,4,,1,15,,78197,5,4,,1,15,,78216,5,4,,1,55,,78235,5,4,,1,15,,78178,5,4,,1,15,,78198,5,4,,1,15,,78217,5,4,,1,55,,78236,5,4,,1,15,,78179,5,4,,1,15,,78199,5,4,,1,15,,78218,5,4,,1,55,,78237,5,4,,1,15,,78180,5,4,,1,15,,78200,5,4,,1,15,,78219,5,4,,1,55,,78238,5,4,,1,15,,78181,5,4,,1,15,,78201,5,4,,1,15,,78220,5,4,,1,55,,78239,5,4,,1,15,,78182,5,4,,1,15,,78202,5,4,,1,15,,78221,5,4,,1,55,,78240,5,4,,1,15,,78183,5,4,,1,15,,78203,5,4,,1,15,,78222,5,4,,1,55,,78241,5,4,,1,15,,78184,5,4,,1,15,,78204,5,4,,1,15,,78223,5,4,,1,55,,78242,5,4,,1,15,,78185,5,4,,1,15,,78205,5,4,,1,15,,78224,5,4,,1,55,,78243,5,4,,1,15,,78186,5,4,,1,15,,78206,5,4,,1,15,,78225,5,4,,1,55,,78244,5,4,,1,15,,78187,5,4,,1,15,,78207,5,4,,1,15,,78226,5,4,,1,55,,78245,5,4,,1,15,,78188,5,4,,1,15,,78208,5,4,,1,15,,78227,5,4,,1,55,,78246,5,4,,1,15,,78189,5,4,,1,15,,78209,5,4,,1,15,,78228,5,4,,1,55,,78247,5,4,,1,15,,78190,5,4,,1,15,,78210,5,4,,1,15,,78229,5,4,,1,55,,78248,5,4,,1,15,,78191,5,4,,1,15,,78211,5,4,,1,15,,78230,5,4,,1,55,,78249,5,4,,1,15,,78192,5,4,,1
0,'20270118',523,,78310,5,4,,1,15,,78250,5,4,,1,20,,78290,5,4,,1,55,,78311,5,4,,1,15,,78251,5,4,,1,15,,78271,5,4,,1,15,,78291,5,4,,1,55,,78312,5,4,,1,15,,78252,5,4,,1,15,,78272,5,4,,1,15,,78292,5,4,,1,55,,78313,5,4,,1,15,,78253,5,4,,1,15,,78273,5,4,,1,15,,78293,5,4,,1,55,,78314,5,4,,1,15,,78254,5,4,,1,15,,78274,5,4,,1,15,,78294,5,4,,1,55,,78315,5,4,,1,15,,78255,5,4,,1,15,,78275,5,4,,1,15,,78295,5,4,,1,55,,78316,5,4,,1,15,,78256,5,4,,1,15,,78276,5,4,,1,15,,78296,5,4,,1,55,,78317,5,4,,1,15,,78257,5,4,,1,15,,78277,5,4,,1,15,,78297,5,4,,1,55,,78318,5,4,,1,15,,78258,5,4,,1,15,,78278,5,4,,1,15,,78298,5,4,,1,55,,78319,5,4,,1,15,,78259,5,4,,1,15,,78279,5,4,,1,15,,78299,5,4,,1,55,,78320,5,4,,1,15,,78260,5,4,,1,15,,78280,5,4,,1,15,,78300,5,4,,1,55,,78321,5,4,,1,15,,78261,5,4,,1,15,,78281,5,4,,1,15,,78301,5,4,,1,55,,78322,5,4,,1,15,,78262,5,4,,1,15,,78282,5,4,,1,15,,78302,5,4,,1,55,,78323,5,4,,1,15,,78263,5,4,,1,15,,78283,5,4,,1,15,,78303,5,4,,1,55,,78324,5,4,,1,15,,78264,5,4,,1,15,,78284,5,4,,1,15,,78304,5,4,,1,55,,78325,5,4,,1,15,,78265,5,4,,1,15,,78285,5,4,,1,15,,78305,5,4,,1,55,,78326,5,4,,1,15,,78266,5,4,,1,15,,78286,5,4,,1,15,,78306,5,4,,1,55,,78327,5,4,,1,15,,78267,5,4,,1,15,,78287,5,4,,1,15,,78307,5,4,,1,55,,78328,5,4,,1,15,,78268,5,4,,1,15,,78288,5,4,,1,15,,78308,5,4,,1,55,,78329,5,4,,1,15,,78269,5,4,,1,15,,78289,5,4,,1,15,,78309,5,4,,1,55,,78330,5,4,,1,15,,78270,5,4,,1
0,'20270119',523,,78391,5,4,,1,15,,78331,5,4,,1,20,,78371,5,4,,1,55,,78392,5,4,,1,15,,78332,5,4,,1,15,,78352,5,4,,1,15,,78372,5,4,,1,55,,78393,5,4,,1,15,,78333,5,4,,1,15,,78353,5,4,,1,15,,78373,5,4,,1,55,,78394,5,4,,1,15,,78334,5,4,,1,15,,78354,5,4,,1,15,,78374,5,4,,1,55,,78395,5,4,,1,15,,78335,5,4,,1,15,,78355,5,4,,1,15,,78375,5,4,,1,55,,78396,5,4,,1,15,,78336,5,4,,1,15,,78356,5,4,,1,15,,78376,5,4,,1,55,,78397,5,4,,1,15,,78337,5,4,,1,15,,78357,5,4,,1,15,,78377,5,4,,1,55,,78398,5,4,,1,15,,78338,5,4,,1,15,,78358,5,4,,1,15,,78378,5,4,,1,55,,78399,5,4,,1,15,,78339,5,4,,1,15,,78359,5,4,,1,15,,78379,5,4,,1,55,,78400,5,4,,1,15,,78340,5,4,,1,15,,78360,5,4,,1,15,,78380,5,4,,1,55,,78401,5,4,,1,15,,78341,5,4,,1,15,,78361,5,4,,1,15,,78381,5,4,,1,55,,78402,5,4,,1,15,,78342,5,4,,1,15,,78362,5,4,,1,15,,78382,5,4,,1,55,,78403,5,4,,1,15,,78343,5,4,,1,15,,78363,5,4,,1,15,,78383,5,4,,1,55,,78404,5,4,,1,15,,78344,5,4,,1,15,,78364,5,4,,1,15,,78384,5,4,,1,55,,78405,5,4,,1,15,,78345,5,4,,1,15,,78365,5,4,,1,15,,78385,5,4,,1,55,,78406,5,4,,1,15,,78346,5,4,,1,15,,78366,5,4,,1,15,,78386,5,4,,1,55,,78407,5,4,,1,15,,78347,5,4,,1,15,,78367,5,4,,1,15,,78387,5,4,,1,55,,78408,5,4,,1,15,,78348,5,4,,1,15,,78368,5,4,,1,15,,78388,5,4,,1,55,,78409,5,4,,1,15,,78349,5,4,,1,15,,78369,5,4,,1,15,,78389,5,4,,1,55,,78410,5,4,,1,15,,78350,5,4,,1,15,,78370,5,4,,1,15,,78390,5,4,,1,55,,78411,5,4,,1,15,,78351,5,4,,1
0,'20270120',523,,78472,5,4,,1,15,,78412,5,4,,1,20,,78452,5,4,,1,55,,78473,5,4,,1,15,,78413,5,4,,1,15,,78433,5,4,,1,15,,78453,5,4,,1,55,,78474,5,4,,1,15,,78414,5,4,,1,15,,78434,5,4,,1,15,,78454,5,4,,1,55,,78475,5,4,,1,15,,78415,5,4,,1,15,,78435,5,4,,1,15,,78455,5,4,,1,55,,78476,5,4,,1,15,,78416,5,4,,1,15,,78436,5,4,,1,15,,78456,5,4,,1,55,,78477,5,4,,1,15,,78417,5,4,,1,15,,78437,5,4,,1,15,,78457,5,4,,1,55,,78478,5,4,,1,15,,78418,5,4,,1,15,,78438,5,4,,1,15,,78458,5,4,,1,55,,78479,5,4,,1,15,,78419,5,4,,1,15,,78439,5,4,,1,15,,78459,5,4,,1,55,,78480,5,4,,1,15,,78420,5,4,,1,15,,78440,5,4,,1,15,,78460,5,4,,1,55,,78481,5,4,,1,15,,78421,5,4,,1,15,,78441,5,4,,1,15,,78461,5,4,,1,55,,78482,5,4,,1,15,,78422,5,4,,1,15,,78442,5,4,,1,15,,78462,5,4,,1,55,,78483,5,4,,1,15,,78423,5,4,,1,15,,78443,5,4,,1,15,,78463,5,4,,1,55,,78484,5,4,,1,15,,78424,5,4,,1,15,,78444,5,4,,1,15,,78464,5,4,,1,55,,78485,5,4,,1,15,,78425,5,4,,1,15,,78445,5,4,,1,15,,78465,5,4,,1,55,,78486,5,4,,1,15,,78426,5,4,,1,15,,78446,5,4,,1,15,,78466,5,4,,1,55,,78487,5,4,,1,15,,78427,5,4,,1,15,,78447,5,4,,1,15,,78467,5,4,,1,55,,78488,5,4,,1,15,,78428,5,4,,1,15,,78448,5,4,,1,15,,78468,5,4,,1,55,,78489,5,4,,1,15,,78429,5,4,,1,15,,78449,5,4,,1,15,,78469,5,4,,1,55,,78490,5,4,,1,15,,78430,5,4,,1,15,,78450,5,4,,1,15,,78470,5,4,,1,55,,78491,5,4,,1,15,,78431,5,4,,1,15,,78451,5,4,,1,15,,78471,5,4,,1,55,,78492,5,4,,1,15,,78432,5,4,,1
0,'20270121',523,,78553,5,4,,1,15,,78493,5,4,,1,20,,78533,5,4,,1,55,,78554,5,4,,1,15,,78494,5,4,,1,15,,78514,5,4,,1,15,,78534,5,4,,1,55,,78555,5,4,,1,15,,78495,5,4,,1,15,,78515,5,4,,1,15,,78535,5,4,,1,55,,78556,5,4,,1,15,,78496,5,4,,1,15,,78516,5,4,,1,15,,78536,5,4,,1,55,,78557,5,4,,1,15,,78497,5,4,,1,15,,78517,5,4,,1,15,,78537,5,4,,1,55,,78558,5,4,,1,15,,78498,5,4,,1,15,,78518,5,4,,1,15,,78538,5,4,,1,55,,78559,5,4,,1,15,,78499,5,4,,1,15,,78519,5,4,,1,15,,78539,5,4,,1,55,,78560,5,4,,1,15,,78500,5,4,,1,15,,78520,5,4,,1,15,,78540,5,4,,1,55,,78561,5,4,,1,15,,78501,5,4,,1,15,,78521,5,4,,1,15,,78541,5,4,,1,55,,78562,5,4,,1,15,,78502,5,4,,1,15,,78522,5,4,,1,15,,78542,5,4,,1,55,,78563,5,4,,1,15,,78503,5,4,,1,15,,78523,5,4,,1,15,,78543,5,4,,1,55,,78564,5,4,,1,15,,78504,5,4,,1,15,,78524,5,4,,1,15,,78544,5,4,,1,55,,78565,5,4,,1,15,,78505,5,4,,1,15,,78525,5,4,,1,15,,78545,5,4,,1,55,,78566,5,4,,1,15,,78506,5,4,,1,15,,78526,5,4,,1,15,,78546,5,4,,1,55,,78567,5,4,,1,15,,78507,5,4,,1,15,,78527,5,4,,1,15,,78547,5,4,,1,55,,78568,5,4,,1,15,,78508,5,4,,1,15,,78528,5,4,,1,15,,78548,5,4,,1,55,,78569,5,4,,1,15,,78509,5,4,,1,15,,78529,5,4,,1,15,,78549,5,4,,1,55,,78570,5,4,,1,15,,78510,5,4,,1,15,,78530,5,4,,1,15,,78550,5,4,,1,55,,78571,5,4,,1,15,,78511,5,4,,1,15,,78531,5,4,,1,15,,78551,5,4,,1,55,,78572,5,4,,1,15,,78512,5,4,,1,15,,78532,5,4,,1,15,,78552,5,4,,1,55,,78573,5,4,,1,15,,78513,5,4,,1
0,'20270122',523,,78634,5,4,,1,15,,78574,5,4,,1,20,,78614,5,4,,1,55,,78635,5,4,,1,15,,78575,5,4,,1,15,,78595,5,4,,1,15,,78615,5,4,,1,55,,78636,5,4,,1,15,,78576,5,4,,1,15,,78596,5,4,,1,15,,78616,5,4,,1,55,,78637,5,4,,1,15,,78577,5,4,,1,15,,78597,5,4,,1,15,,78617,5,4,,1,55,,78638,5,4,,1,15,,78578,5,4,,1,15,,78598,5,4,,1,15,,78618,5,4,,1,55,,78639,5,4,,1,15,,78579,5,4,,1,15,,78599,5,4,,1,15,,78619,5,4,,1,55,,78640,5,4,,1,15,,78580,5,4,,1,15,,78600,5,4,,1,15,,78620,5,4,,1,55,,78641,5,4,,1,15,,78581,5,4,,1,15,,78601,5,4,,1,15,,78621,5,4,,1,55,,78642,5,4,,1,15,,78582,5,4,,1,15,,78602,5,4,,1,15,,78622,5,4,,1,55,,78643,5,4,,1,15,,78583,5,4,,1,15,,78603,5,4,,1,15,,78623,5,4,,1,55,,78644,5,4,,1,15,,78584,5,4,,1,15,,78604,5,4,,1,15,,78624,5,4,,1,55,,78645,5,4,,1,15,,78585,5,4,,1,15,,78605,5,4,,1,15,,78625,5,4,,1,55,,78646,5,4,,1,15,,78586,5,4,,1,15,,78606,5,4,,1,15,,78626,5,4,,1,55,,78647,5,4,,1,15,,78587,5,4,,1,15,,78607,5,4,,1,15,,78627,5,4,,1,55,,78648,5,4,,1,15,,78588,5,4,,1,15,,78608,5,4,,1,15,,78628,5,4,,1,55,,78649,5,4,,1,15,,78589,5,4,,1,15,,78609,5,4,,1,15,,78629,5,4,,1,55,,78650,5,4,,1,15,,78590,5,4,,1,15,,78610,5,4,,1,15,,78630,5,4,,1,55,,78651,5,4,,1,15,,78591,5,4,,1,15,,78611,5,4,,1,15,,78631,5,4,,1,55,,78652,5,4,,1,15,,78592,5,4,,1,15,,78612,5,4,,1,15,,78632,5,4,,1,55,,78653,5,4,,1,15,,78593,5,4,,1,15,,78613,5,4,,1,15,,78633,5,4,,1,55,,78654,5,4,,1,15,,78594,5,4,,1
0,'20270123',628,,78655,5,4,,1,15,,78675,5,4,,1,15,,78694,5,4,,1,55,,78713,5,4,,1,15,,78656,5,4,,1,15,,78676,5,4,,1,15,,78695,5,4,,1,55,,78714,5,4,,1,15,,78657,5,4,,1,15,,78677,5,4,,1,15,,78696,5,4,,1,55,,78715,5,4,,1,15,,78658,5,4,,1,15,,78678,5,4,,1,15,,78697,5,4,,1,55,,78716,5,4,,1,15,,78659,5,4,,1,15,,78679,5,4,,1,15,,78698,5,4,,1,55,,78717,5,4,,1,15,,78660,5,4,,1,15,,78680,5,4,,1,15,,78699,5,4,,1,55,,78718,5,4,,1,15,,78661,5,4,,1,15,,78681,5,4,,1,15,,78700,5,4,,1,55,,78719,5,4,,1,15,,78662,5,4,,1,15,,78682,5,4,,1,15,,78701,5,4,,1,55,,78720,5,4,,1,15,,78663,5,4,,1,15,,78683,5,4,,1,15,,78702,5,4,,1,55,,78721,5,4,,1,15,,78664,5,4,,1,15,,78684,5,4,,1,15,,78703,5,4,,1,55,,78722,5,4,,1,15,,78665,5,4,,1,15,,78685,5,4,,1,15,,78704,5,4,,1,55,,78723,5,4,,1,15,,78666,5,4,,1,15,,78686,5,4,,1,15,,78705,5,4,,1,55,,78724,5,4,,1,15,,78667,5,4,,1,15,,78687,5,4,,1,15,,78706,5,4,,1,55,,78725,5,4,,1,15,,78668,5,4,,1,15,,78688,5,4,,1,15,,78707,5,4,,1,55,,78726,5,4,,1,15,,78669,5,4,,1,15,,78689,5,4,,1,15,,78708,5,4,,1,55,,78727,5,4,,1,15,,78670,5,4,,1,15,,78690,5,4,,1,15,,78709,5,4,,1,55,,78728,5,4,,1,15,,78671,5,4,,1,15,,78691,5,4,,1,15,,78710,5,4,,1,55,,78729,5,4,,1,15,,78672,5,4,,1,15,,78692,5,4,,1,15,,78711,5,4,,1,55,,78730,5,4,,1,15,,78673,5,4,,1,15,,78693,5,4,,1,15,,78712,5,4,,1,55,,78731,5,4,,1,15,,78674,5,4,,1
0,'20270124',628,,78732,5,4,,1,15,,78752,5,4,,1,15,,78771,5,4,,1,55,,78790,5,4,,1,15,,78733,5,4,,1,15,,78753,5,4,,1,15,,78772,5,4,,1,55,,78791,5,4,,1,15,,78734,5,4,,1,15,,78754,5,4,,1,15,,78773,5,4,,1,55,,78792,5,4,,1,15,,78735,5,4,,1,15,,78755,5,4,,1,15,,78774,5,4,,1,55,,78793,5,4,,1,15,,78736,5,4,,1,15,,78756,5,4,,1,15,,78775,5,4,,1,55,,78794,5,4,,1,15,,78737,5,4,,1,15,,78757,5,4,,1,15,,78776,5,4,,1,55,,78795,5,4,,1,15,,78738,5,4,,1,15,,78758,5,4,,1,15,,78777,5,4,,1,55,,78796,5,4,,1,15,,78739,5,4,,1,15,,78759,5,4,,1,15,,78778,5,4,,1,55,,78797,5,4,,1,15,,78740,5,4,,1,15,,78760,5,4,,1,15,,78779,5,4,,1,55,,78798,5,4,,1,15,,78741,5,4,,1,15,,78761,5,4,,1,15,,78780,5,4,,1,55,,78799,5,4,,1,15,,78742,5,4,,1,15,,78762,5,4,,1,15,,78781,5,4,,1,55,,78800,5,4,,1,15,,78743,5,4,,1,15,,78763,5,4,,1,15,,78782,5,4,,1,55,,78801,5,4,,1,15,,78744,5,4,,1,15,,78764,5,4,,1,15,,78783,5,4,,1,55,,78802,5,4,,1,15,,78745,5,4,,1,15,,78765,5,4,,1,15,,78784,5,4,,1,55,,78803,5,4,,1,15,,78746,5,4,,1,15,,78766,5,4,,1,15,,78785,5,4,,1,55,,78804,5,4,,1,15,,78747,5,4,,1,15,,78767,5,4,,1,15,,78786,5,4,,1,55,,78805,5,4,,1,15,,78748,5,4,,1,15,,78768,5,4,,1,15,,78787,5,4,,1,55,,78806,5,4,,1,15,,78749,5,4,,1,15,,78769,5,4,,1,15,,78788,5,4,,1,55,,78807,5,4,,1,15,,78750,5,4,,1,15,,78770,5,4,,1,15,,78789,5,4,,1,55,,78808,5,4,,1,15,,78751,5,4,,1
0,'20270125',523,,78869,5,4,,1,15,,78809,5,4,,1,20,,78849,5,4,,1,55,,78870,5,4,,1,15,,78810,5,4,,1,15,,78830,5,4,,1,15,,78850,5,4,,1,55,,78871,5,4,,1,15,,78811,5,4,,1,15,,78831,5,4,,1,15,,78851,5,4,,1,55,,78872,5,4,,1,15,,78812,5,4,,1,15,,78832,5,4,,1,15,,78852,5,4,,1,55,,78873,5,4,,1,15,,78813,5,4,,1,15,,78833,5,4,,1,15,,78853,5,4,,1,55,,78874,5,4,,1,15,,78814,5,4,,1,15,,78834,5,4,,1,15,,78854,5,4,,1,55,,78875,5,4,,1,15,,78815,5,4,,1,15,,78835,5,4,,1,15,,78855,5,4,,1,55,,78876,5,4,,1,15,,78816,5,4,,1,15,,78836,5,4,,1,15,,78856,5,4,,1,55,,78877,5,4,,1,15,,78817,5,4,,1,15,,78837,5,4,,1,15,,78857,5,4,,1,55,,78878,5,4,,1,15,,78818,5,4,,1,15,,78838,5,4,,1,15,,78858,5,4,,1,55,,78879,5,4,,1,15,,78819,5,4,,1,15,,78839,5,4,,1,15,,78859,5,4,,1,55,,78880,5,4,,1,15,,78820,5,4,,1,15,,78840,5,4,,1,15,,78860,5,4,,1,55,,78881,5,4,,1,15,,78821,5,4,,1,15,,78841,5,4,,1,15,,78861,5,4,,1,55,,78882,5,4,,1,15,,78822,5,4,,1,15,,78842,5,4,,1,15,,78862,5,4,,1,55,,78883,5,4,,1,15,,78823,5,4,,1,15,,78843,5,4,,1,15,,78863,5,4,,1,55,,78884,5,4,,1,15,,78824,5,4,,1,15,,78844,5,4,,1,15,,78864,5,4,,1,55,,78885,5,4,,1,15,,78825,5,4,,1,15,,78845,5,4,,1,15,,78865,5,4,,1,55,,78886,5,4,,1,15,,78826,5,4,,1,15,,78846,5,4,,1,15,,78866,5,4,,1,55,,78887,5,4,,1,15,,78827,5,4,,1,15,,78847,5,4,,1,15,,78867,5,4,,1,55,,78888,5,4,,1,15,,78828,5,4,,1,15,,78848,5,4,,1,15,,78868,5,4,,1,55,,78889,5,4,,1,15,,78829,5,4,,1
0,'20270126',523,,78950,5,4,,1,15,,78890,5,4,,1,20,,78930,5,4,,1,55,,78951,5,4,,1,15,,78891,5,4,,1,15,,78911,5,4,,1,15,,78931,5,4,,1,55,,78952,5,4,,1,15,,78892,5,4,,1,15,,78912,5,4,,1,15,,78932,5,4,,1,55,,78953,5,4,,1,15,,78893,5,4,,1,15,,78913,5,4,,1,15,,78933,5,4,,1,55,,78954,5,4,,1,15,,78894,5,4,,1,15,,78914,5,4,,1,15,,78934,5,4,,1,55,,78955,5,4,,1,15,,78895,5,4,,1,15,,78915,5,4,,1,15,,78935,5,4,,1,55,,78956,5,4,,1,15,,78896,5,4,,1,15,,78916,5,4,,1,15,,78936,5,4,,1,55,,78957,5,4,,1,15,,78897,5,4,,1,15,,78917,5,4,,1,15,,78937,5,4,,1,55,,78958,5,4,,1,15,,78898,5,4,,1,15,,78918,5,4,,1,15,,78938,5,4,,1,55,,78959,5,4,,1,15,,78899,5,4,,1,15,,78919,5,4,,1,15,,78939,5,4,,1,55,,78960,5,4,,1,15,,78900,5,4,,1,15,,78920,5,4,,1,15,,78940,5,4,,1,55,,78961,5,4,,1,15,,78901,5,4,,1,15,,78921,5,4,,1,15,,78941,5,4,,1,55,,78962,5,4,,1,15,,78902,5,4,,1,15,,78922,5,4,,1,15,,78942,5,4,,1,55,,78963,5,4,,1,15,,78903,5,4,,1,15,,78923,5,4,,1,15,,78943,5,4,,1,55,,78964,5,4,,1,15,,78904,5,4,,1,15,,78924,5,4,,1,15,,78944,5,4,,1,55,,78965,5,4,,1,15,,78905,5,4,,1,15,,78925,5,4,,1,15,,78945,5,4,,1,55,,78966,5,4,,1,15,,78906,5,4,,1,15,,78926,5,4,,1,15,,78946,5,4,,1,55,,78967,5,4,,1,15,,78907,5,4,,1,15,,78927,5,4,,1,15,,78947,5,4,,1,55,,78968,5,4,,1,15,,78908,5,4,,1,15,,78928,5,4,,1,15,,78948,5,4,,1,55,,78969,5,4,,1,15,,78909,5,4,,1,15,,78929,5,4,,1,15,,78949,5,4,,1,55,,78970,5,4,,1,15,,78910,5,4,,1
0,'20270127',523,,79031,5,4,,1,15,,78971,5,4,,1,20,,79011,5,4,,1,55,,79032,5,4,,1,15,,78972,5,4,,1,15,,78992,5,4,,1,15,,79012,5,4,,1,55,,79033,5,4,,1,15,,78973,5,4,,1,15,,78993,5,4,,1,15,,79013,5,4,,1,55,,79034,5,4,,1,15,,78974,5,4,,1,15,,78994,5,4,,1,15,,79014,5,4,,1,55,,79035,5,4,,1,15,,78975,5,4,,1,15,,78995,5,4,,1,15,,79015,5,4,,1,55,,79036,5,4,,1,15,,78976,5,4,,1,15,,78996,5,4,,1,15,,79016,5,4,,1,55,,79037,5,4,,1,15,,78977,5,4,,1,15,,78997,5,4,,1,15,,79017,5,4,,1,55,,79038,5,4,,1,15,,78978,5,4,,1,15,,78998,5,4,,1,15,,79018,5,4,,1,55,,79039,5,4,,1,15,,78979,5,4,,1,15,,78999,5,4,,1,15,,79019,5,4,,1,55,,79040,5,4,,1,15,,78980,5,4,,1,15,,79000,5,4,,1,15,,79020,5,4,,1,55,,79041,5,4,,1,15,,78981,5,4,,1,15,,79001,5,4,,1,15,,79021,5,4,,1,55,,79042,5,4,,1,15,,78982,5,4,,1,15,,79002,5,4,,1,15,,79022,5,4,,1,55,,79043,5,4,,1,15,,78983,5,4,,1,15,,79003,5,4,,1,15,,79023,5,4,,1,55,,79044,5,4,,1,15,,78984,5,4,,1,15,,79004,5,4,,1,15,,79024,5,4,,1,55,,79045,5,4,,1,15,,78985,5,4,,1,15,,79005,5,4,,1,15,,79025,5,4,,1,55,,79046,5,4,,1,15,,78986,5,4,,1,15,,79006,5,4,,1,15,,79026,5,4,,1,55,,79047,5,4,,1,15,,78987,5,4,,1,15,,79007,5,4,,1,15,,79027,5,4,,1,55,,79048,5,4,,1,15,,78988,5,4,,1,15,,79008,5,4,,1,15,,79028,5,4,,1,55,,79049,5,4,,1,15,,78989,5,4,,1,15,,79009,5,4,,1,15,,79029,5,4,,1,55,,79050,5,4,,1,15,,78990,5,4,,1,15,,79010,5,4,,1,15,,79030,5,4,,1,55,,79051,5,4,,1,15,,78991,5,4,,1
0,'20270128',523,,79112,5,4,,1,15,,79052,5,4,,1,20,,79092,5,4,,1,55,,79113,5,4,,1,15,,79053,5,4,,1,15,,79073,5,4,,1,15,,79093,5,4,,1,55,,79114,5,4,,1,15,,79054,5,4,,1,15,,79074,5,4,,1,15,,79094,5,4,,1,55,,79115,5,4,,1,15,,79055,5,4,,1,15,,79075,5,4,,1,15,,79095,5,4,,1,55,,79116,5,4,,1,15,,79056,5,4,,1,15,,79076,5,4,,1,15,,79096,5,4,,1,55,,79117,5,4,,1,15,,79057,5,4,,1,15,,79077,5,4,,1,15,,79097,5,4,,1,55,,79118,5,4,,1,15,,79058,5,4,,1,15,,79078,5,4,,1,15,,79098,5,4,,1,55,,79119,5,4,,1,15,,79059,5,4,,1,15,,79079,5,4,,1,15,,79099,5,4,,1,55,,79120,5,4,,1,15,,79060,5,4,,1,15,,79080,5,4,,1,15,,79100,5,4,,1,55,,79121,5,4,,1,15,,79061,5,4,,1,15,,79081,5,4,,1,15,,79101,5,4,,1,55,,79122,5,4,,1,15,,79062,5,4,,1,15,,79082,5,4,,1,15,,79102,5,4,,1,55,,79123,5,4,,1,15,,79063,5,4,,1,15,,79083,5,4,,1,15,,79103,5,4,,1,55,,79124,5,4,,1,15,,79064,5,4,,1,15,,79084,5,4,,1,15,,79104,5,4,,1,55,,79125,5,4,,1,15,,79065,5,4,,1,15,,79085,5,4,,1,15,,79105,5,4,,1,55,,79126,5,4,,1,15,,79066,5,4,,1,15,,79086,5,4,,1,15,,79106,5,4,,1,55,,79127,5,4,,1,15,,79067,5,4,,1,15,,79087,5,4,,1,15,,79107,5,4,,1,55,,79128,5,4,,1,15,,79068,5,4,,1,15,,79088,5,4,,1,15,,79108,5,4,,1,55,,79129,5,4,,1,15,,79069,5,4,,1,15,,79089,5,4,,1,15,,79109,5,4,,1,55,,79130,5,4,,1,15,,79070,5,4,,1,15,,79090,5,4,,1,15,,79110,5,4,,1,55,,79131,5,4,,1,15,,79071,5,4,,1,15,,79091,5,4,,1,15,,79111,5,4,,1,55,,79132,5,4,,1,15,,79072,5,4,,1
0,'20270129',523,,79193,5,4,,1,15,,79133,5,4,,1,20,,79173,5,4,,1,55,,79194,5,4,,1,15,,79134,5,4,,1,15,,79154,5,4,,1,15,,79174,5,4,,1,55,,79195,5,4,,1,15,,79135,5,4,,1,15,,79155,5,4,,1,15,,79175,5,4,,1,55,,79196,5,4,,1,15,,79136,5,4,,1,15,,79156,5,4,,1,15,,79176,5,4,,1,55,,79197,5,4,,1,15,,79137,5,4,,1,15,,79157,5,4,,1,15,,79177,5,4,,1,55,,79198,5,4,,1,15,,79138,5,4,,1,15,,79158,5,4,,1,15,,79178,5,4,,1,55,,79199,5,4,,1,15,,79139,5,4,,1,15,,79159,5,4,,1,15,,79179,5,4,,1,55,,79200,5,4,,1,15,,79140,5,4,,1,15,,79160,5,4,,1,15,,79180,5,4,,1,55,,79201,5,4,,1,15,,79141,5,4,,1,15,,79161,5,4,,1,15,,79181,5,4,,1,55,,79202,5,4,,1,15,,79142,5,4,,1,15,,79162,5,4,,1,15,,79182,5,4,,1,55,,79203,5,4,,1,15,,79143,5,4,,1,15,,79163,5,4,,1,15,,79183,5,4,,1,55,,79204,5,4,,1,15,,79144,5,4,,1,15,,79164,5,4,,1,15,,79184,5,4,,1,55,,79205,5,4,,1,15,,79145,5,4,,1,15,,79165,5,4,,1,15,,79185,5,4,,1,55,,79206,5,4,,1,15,,79146,5,4,,1,15,,79166,5,4,,1,15,,79186,5,4,,1,55,,79207,5,4,,1,15,,79147,5,4,,1,15,,79167,5,4,,1,15,,79187,5,4,,1,55,,79208,5,4,,1,15,,79148,5,4,,1,15,,79168,5,4,,1,15,,79188,5,4,,1,55,,79209,5,4,,1,15,,79149,5,4,,1,15,,79169,5,4,,1,15,,79189,5,4,,1,55,,79210,5,4,,1,15,,79150,5,4,,1,15,,79170,5,4,,1,15,,79190,5,4,,1,55,,79211,5,4,,1,15,,79151,5,4,,1,15,,79171,5,4,,1,15,,79191,5,4,,1,55,,79212,5,4,,1,15,,79152,5,4,,1,15,,79172,5,4,,1,15,,79192,5,4,,1,55,,79213,5,4,,1,15,,79153,5,4,,1
0,'20270130',628,,79214,5,4,,1,15,,79234,5,4,,1,15,,79253,5,4,,1,55,,79272,5,4,,1,15,,79215,5,4,,1,15,,79235,5,4,,1,15,,79254,5,4,,1,55,,79273,5,4,,1,15,,79216,5,4,,1,15,,79236,5,4,,1,15,,79255,5,4,,1,55,,79274,5,4,,1,15,,79217,5,4,,1,15,,79237,5,4,,1,15,,79256,5,4,,1,55,,79275,5,4,,1,15,,79218,5,4,,1,15,,79238,5,4,,1,15,,79257,5,4,,1,55,,79276,5,4,,1,15,,79219,5,4,,1,15,,79239,5,4,,1,15,,79258,5,4,,1,55,,79277,5,4,,1,15,,79220,5,4,,1,15,,79240,5,4,,1,15,,79259,5,4,,1,55,,79278,5,4,,1,15,,79221,5,4,,1,15,,79241,5,4,,1,15,,79260,5,4,,1,55,,79279,5,4,,1,15,,79222,5,4,,1,15,,79242,5,4,,1,15,,79261,5,4,,1,55,,79280,5,4,,1,15,,79223,5,4,,1,15,,79243,5,4,,1,15,,79262,5,4,,1,55,,79281,5,4,,1,15,,79224,5,4,,1,15,,79244,5,4,,1,15,,79263,5,4,,1,55,,79282,5,4,,1,15,,79225,5,4,,1,15,,79245,5,4,,1,15,,79264,5,4,,1,55,,79283,5,4,,1,15,,79226,5,4,,1,15,,79246,5,4,,1,15,,79265,5,4,,1,55,,79284,5,4,,1,15,,79227,5,4,,1,15,,79247,5,4,,1,15,,79266,5,4,,1,55,,79285,5,4,,1,15,,79228,5,4,,1,15,,79248,5,4,,1,15,,79267,5,4,,1,55,,79286,5,4,,1,15,,79229,5,4,,1,15,,79249,5,4,,1,15,,79268,5,4,,1,55,,79287,5,4,,1,15,,79230,5,4,,1,15,,79250,5,4,,1,15,,79269,5,4,,1,55,,79288,5,4,,1,15,,79231,5,4,,1,15,,79251,5,4,,1,15,,79270,5,4,,1,55,,79289,5,4,,1,15,,79232,5,4,,1,15,,79252,5,4,,1,15,,79271,5,4,,1,55,,79290,5,4,,1,15,,79233,5,4,,1
0,'20270131',628,,79291,5,4,,1,15,,79311,5,4,,1,15,,79330,5,4,,1,55,,79349,5,4,,1,15,,79292,5,4,,1,15,,79312,5,4,,1,15,,79331,5,4,,1,55,,79350,5,4,,1,15,,79293,5,4,,1,15,,79313,5,4,,1,15,,79332,5,4,,1,55,,79351,5,4,,1,15,,79294,5,4,,1,15,,79314,5,4,,1,15,,79333,5,4,,1,55,,79352,5,4,,1,15,,79295,5,4,,1,15,,79315,5,4,,1,15,,79334,5,4,,1,55,,79353,5,4,,1,15,,79296,5,4,,1,15,,79316,5,4,,1,15,,79335,5,4,,1,55,,79354,5,4,,1,15,,79297,5,4,,1,15,,79317,5,4,,1,15,,79336,5,4,,1,55,,79355,5,4,,1,15,,79298,5,4,,1,15,,79318,5,4,,1,15,,79337,5,4,,1,55,,79356,5,4,,1,15,,79299,5,4,,1,15,,79319,5,4,,1,15,,79338,5,4,,1,55,,79357,5,4,,1,15,,79300,5,4,,1,15,,79320,5,4,,1,15,,79339,5,4,,1,55,,79358,5,4,,1,15,,79301,5,4,,1,15,,79321,5,4,,1,15,,79340,5,4,,1,55,,79359,5,4,,1,15,,79302,5,4,,1,15,,79322,5,4,,1,15,,79341,5,4,,1,55,,79360,5,4,,1,15,,79303,5,4,,1,15,,79323,5,4,,1,15,,79342,5,4,,1,55,,79361,5,4,,1,15,,79304,5,4,,1,15,,79324,5,4,,1,15,,79343,5,4,,1,55,,79362,5,4,,1,15,,79305,5,4,,1,15,,79325,5,4,,1,15,,79344,5,4,,1,55,,79363,5,4,,1,15,,79306,5,4,,1,15,,79326,5,4,,1,15,,79345,5,4,,1,55,,79364,5,4,,1,15,,79307,5,4,,1,15,,79327,5,4,,1,15,,79346,5,4,,1,55,,79365,5,4,,1,15,,79308,5,4,,1,15,,79328,5,4,,1,15,,79347,5,4,,1,55,,79366,5,4,,1,15,,79309,5,4,,1,15,,79329,5,4,,1,15,,79348,5,4,,1,55,,79367,5,4,,1,15,,79310,5,4,,1
0,'20270201',523,,79428,5,4,,1,15,,79368,5,4,,1,20,,79408,5,4,,1,55,,79429,5,4,,1,15,,79369,5,4,,1,15,,79389,5,4,,1,15,,79409,5,4,,1,55,,79430,5,4,,1,15,,79370,5,4,,1,15,,79390,5,4,,1,15,,79410,5,4,,1,55,,79431,5,4,,1,15,,79371,5,4,,1,15,,79391,5,4,,1,15,,79411,5,4,,1,55,,79432,5,4,,1,15,,79372,5,4,,1,15,,79392,5,4,,1,15,,79412,5,4,,1,55,,79433,5,4,,1,15,,79373,5,4,,1,15,,79393,5,4,,1,15,,79413,5,4,,1,55,,79434,5,4,,1,15,,79374,5,4,,1,15,,79394,5,4,,1,15,,79414,5,4,,1,55,,79435,5,4,,1,15,,79375,5,4,,1,15,,79395,5,4,,1,15,,79415,5,4,,1,55,,79436,5,4,,1,15,,79376,5,4,,1,15,,79396,5,4,,1,15,,79416,5,4,,1,55,,79437,5,4,,1,15,,79377,5,4,,1,15,,79397,5,4,,1,15,,79417,5,4,,1,55,,79438,5,4,,1,15,,79378,5,4,,1,15,,79398,5,4,,1,15,,79418,5,4,,1,55,,79439,5,4,,1,15,,79379,5,4,,1,15,,79399,5,4,,1,15,,79419,5,4,,1,55,,79440,5,4,,1,15,,79380,5,4,,1,15,,79400,5,4,,1,15,,79420,5,4,,1,55,,79441,5,4,,1,15,,79381,5,4,,1,15,,79401,5,4,,1,15,,79421,5,4,,1,55,,79442,5,4,,1,15,,79382,5,4,,1,15,,79402,5,4,,1,15,,79422,5,4,,1,55,,79443,5,4,,1,15,,79383,5,4,,1,15,,79403,5,4,,1,15,,79423,5,4,,1,55,,79444,5,4,,1,15,,79384,5,4,,1,15,,79404,5,4,,1,15,,79424,5,4,,1,55,,79445,5,4,,1,15,,79385,5,4,,1,15,,79405,5,4,,1,15,,79425,5,4,,1,55,,79446,5,4,,1,15,,79386,5,4,,1,15,,79406,5,4,,1,15,,79426,5,4,,1,55,,79447,5,4,,1,15,,79387,5,4,,1,15,,79407,5,4,,1,15,,79427,5,4,,1,55,,79448,5,4,,1,15,,79388,5,4,,1
0,'20270202',523,,79509,5,4,,1,15,,79449,5,4,,1,20,,79489,5,4,,1,55,,79510,5,4,,1,15,,79450,5,4,,1,15,,79470,5,4,,1,15,,79490,5,4,,1,55,,79511,5,4,,1,15,,79451,5,4,,1,15,,79471,5,4,,1,15,,79491,5,4,,1,55,,79512,5,4,,1,15,,79452,5,4,,1,15,,79472,5,4,,1,15,,79492,5,4,,1,55,,79513,5,4,,1,15,,79453,5,4,,1,15,,79473,5,4,,1,15,,79493,5,4,,1,55,,79514,5,4,,1,15,,79454,5,4,,1,15,,79474,5,4,,1,15,,79494,5,4,,1,55,,79515,5,4,,1,15,,79455,5,4,,1,15,,79475,5,4,,1,15,,79495,5,4,,1,55,,79516,5,4,,1,15,,79456,5,4,,1,15,,79476,5,4,,1,15,,79496,5,4,,1,55,,79517,5,4,,1,15,,79457,5,4,,1,15,,79477,5,4,,1,15,,79497,5,4,,1,55,,79518,5,4,,1,15,,79458,5,4,,1,15,,79478,5,4,,1,15,,79498,5,4,,1,55,,79519,5,4,,1,15,,79459,5,4,,1,15,,79479,5,4,,1,15,,79499,5,4,,1,55,,79520,5,4,,1,15,,79460,5,4,,1,15,,79480,5,4,,1,15,,79500,5,4,,1,55,,79521,5,4,,1,15,,79461,5,4,,1,15,,79481,5,4,,1,15,,79501,5,4,,1,55,,79522,5,4,,1,15,,79462,5,4,,1,15,,79482,5,4,,1,15,,79502,5,4,,1,55,,79523,5,4,,1,15,,79463,5,4,,1,15,,79483,5,4,,1,15,,79503,5,4,,1,55,,79524,5,4,,1,15,,79464,5,4,,1,15,,79484,5,4,,1,15,,79504,5,4,,1,55,,79525,5,4,,1,15,,79465,5,4,,1,15,,79485,5,4,,1,15,,79505,5,4,,1,55,,79526,5,4,,1,15,,79466,5,4,,1,15,,79486,5,4,,1,15,,79506,5,4,,1,55,,79527,5,4,,1,15,,79467,5,4,,1,15,,79487,5,4,,1,15,,79507,5,4,,1,55,,79528,5,4,,1,15,,79468,5,4,,1,15,,79488,5,4,,1,15,,79508,5,4,,1,55,,79529,5,4,,1,15,,79469,5,4,,1
0,'20270203',523,,79590,5,4,,1,15,,79530,5,4,,1,20,,79570,5,4,,1,55,,79591,5,4,,1,15,,79531,5,4,,1,15,,79551,5,4,,1,15,,79571,5,4,,1,55,,79592,5,4,,1,15,,79532,5,4,,1,15,,79552,5,4,,1,15,,79572,5,4,,1,55,,79593,5,4,,1,15,,79533,5,4,,1,15,,79553,5,4,,1,15,,79573,5,4,,1,55,,79594,5,4,,1,15,,79534,5,4,,1,15,,79554,5,4,,1,15,,79574,5,4,,1,55,,79595,5,4,,1,15,,79535,5,4,,1,15,,79555,5,4,,1,15,,79575,5,4,,1,55,,79596,5,4,,1,15,,79536,5,4,,1,15,,79556,5,4,,1,15,,79576,5,4,,1,55,,79597,5,4,,1,15,,79537,5,4,,1,15,,79557,5,4,,1,15,,79577,5,4,,1,55,,79598,5,4,,1,15,,79538,5,4,,1,15,,79558,5,4,,1,15,,79578,5,4,,1,55,,79599,5,4,,1,15,,79539,5,4,,1,15,,79559,5,4,,1,15,,79579,5,4,,1,55,,79600,5,4,,1,15,,79540,5,4,,1,15,,79560,5,4,,1,15,,79580,5,4,,1,55,,79601,5,4,,1,15,,79541,5,4,,1,15,,79561,5,4,,1,15,,79581,5,4,,1,55,,79602,5,4,,1,15,,79542,5,4,,1,15,,79562,5,4,,1,15,,79582,5,4,,1,55,,79603,5,4,,1,15,,79543,5,4,,1,15,,79563,5,4,,1,15,,79583,5,4,,1,55,,79604,5,4,,1,15,,79544,5,4,,1,15,,79564,5,4,,1,15,,79584,5,4,,1,55,,79605,5,4,,1,15,,79545,5,4,,1,15,,79565,5,4,,1,15,,79585,5,4,,1,55,,79606,5,4,,1,15,,79546,5,4,,1,15,,79566,5,4,,1,15,,79586,5,4,,1,55,,79607,5,4,,1,15,,79547,5,4,,1,15,,79567,5,4,,1,15,,79587,5,4,,1,55,,79608,5,4,,1,15,,79548,5,4,,1,15,,79568,5,4,,1,15,,79588,5,4,,1,55,,79609,5,4,,1,15,,79549,5,4,,1,15,,79569,5,4,,1,15,,79589,5,4,,1,55,,79610,5,4,,1,15,,79550,5,4,,1
0,'20270204',523,,79671,5,4,,1,15,,79611,5,4,,1,20,,79651,5,4,,1,55,,79672,5,4,,1,15,,79612,5,4,,1,15,,79632,5,4,,1,15,,79652,5,4,,1,55,,79673,5,4,,1,15,,79613,5,4,,1,15,,79633,5,4,,1,15,,79653,5,4,,1,55,,79674,5,4,,1,15,,79614,5,4,,1,15,,79634,5,4,,1,15,,79654,5,4,,1,55,,79675,5,4,,1,15,,79615,5,4,,1,15,,79635,5,4,,1,15,,79655,5,4,,1,55,,79676,5,4,,1,15,,79616,5,4,,1,15,,79636,5,4,,1,15,,79656,5,4,,1,55,,79677,5,4,,1,15,,79617,5,4,,1,15,,79637,5,4,,1,15,,79657,5,4,,1,55,,79678,5,4,,1,15,,79618,5,4,,1,15,,79638,5,4,,1,15,,79658,5,4,,1,55,,79679,5,4,,1,15,,79619,5,4,,1,15,,79639,5,4,,1,15,,79659,5,4,,1,55,,79680,5,4,,1,15,,79620,5,4,,1,15,,79640,5,4,,1,15,,79660,5,4,,1,55,,79681,5,4,,1,15,,79621,5,4,,1,15,,79641,5,4,,1,15,,79661,5,4,,1,55,,79682,5,4,,1,15,,79622,5,4,,1,15,,79642,5,4,,1,15,,79662,5,4,,1,55,,79683,5,4,,1,15,,79623,5,4,,1,15,,79643,5,4,,1,15,,79663,5,4,,1,55,,79684,5,4,,1,15,,79624,5,4,,1,15,,79644,5,4,,1,15,,79664,5,4,,1,55,,79685,5,4,,1,15,,79625,5,4,,1,15,,79645,5,4,,1,15,,79665,5,4,,1,55,,79686,5,4,,1,15,,79626,5,4,,1,15,,79646,5,4,,1,15,,79666,5,4,,1,55,,79687,5,4,,1,15,,79627,5,4,,1,15,,79647,5,4,,1,15,,79667,5,4,,1,55,,79688,5,4,,1,15,,79628,5,4,,1,15,,79648,5,4,,1,15,,79668,5,4,,1,55,,79689,5,4,,1,15,,79629,5,4,,1,15,,79649,5,4,,1,15,,79669,5,4,,1,55,,79690,5,4,,1,15,,79630,5,4,,1,15,,79650,5,4,,1,15,,79670,5,4,,1,55,,79691,5,4,,1,15,,79631,5,4,,1
0,'20270205',523,,79752,5,4,,1,15,,79692,5,4,,1,20,,79732,5,4,,1,55,,79753,5,4,,1,15,,79693,5,4,,1,15,,79713,5,4,,1,15,,79733,5,4,,1,55,,79754,5,4,,1,15,,79694,5,4,,1,15,,79714,5,4,,1,15,,79734,5,4,,1,55,,79755,5,4,,1,15,,79695,5,4,,1,15,,79715,5,4,,1,15,,79735,5,4,,1,55,,79756,5,4,,1,15,,79696,5,4,,1,15,,79716,5,4,,1,15,,79736,5,4,,1,55,,79757,5,4,,1,15,,79697,5,4,,1,15,,79717,5,4,,1,15,,79737,5,4,,1,55,,79758,5,4,,1,15,,79698,5,4,,1,15,,79718,5,4,,1,15,,79738,5,4,,1,55,,79759,5,4,,1,15,,79699,5,4,,1,15,,79719,5,4,,1,15,,79739,5,4,,1,55,,79760,5,4,,1,15,,79700,5,4,,1,15,,79720,5,4,,1,15,,79740,5,4,,1,55,,79761,5,4,,1,15,,79701,5,4,,1,15,,79721,5,4,,1,15,,79741,5,4,,1,55,,79762,5,4,,1,15,,79702,5,4,,1,15,,79722,5,4,,1,15,,79742,5,4,,1,55,,79763,5,4,,1,15,,79703,5,4,,1,15,,79723,5,4,,1,15,,79743,5,4,,1,55,,79764,5,4,,1,15,,79704,5,4,,1,15,,79724,5,4,,1,15,,79744,5,4,,1,55,,79765,5,4,,1,15,,79705,5,4,,1,15,,79725,5,4,,1,15,,79745,5,4,,1,55,,79766,5,4,,1,15,,79706,5,4,,1,15,,79726,5,4,,1,15,,79746,5,4,,1,55,,79767,5,4,,1,15,,79707,5,4,,1,15,,79727,5,4,,1,15,,79747,5,4,,1,55,,79768,5,4,,1,15,,79708,5,4,,1,15,,79728,5,4,,1,15,,79748,5,4,,1,55,,79769,5,4,,1,15,,79709,5,4,,1,15,,79729,5,4,,1,15,,79749,5,4,,1,55,,79770,5,4,,1,15,,79710,5,4,,1,15,,79730,5,4,,1,15,,79750,5,4,,1,55,,79771,5,4,,1,15,,79711,5,4,,1,15,,79731,5,4,,1,15,,79751,5,4,,1,55,,79772,5,4,,1,15,,79712,5,4,,1
0,'20270206',628,,79773,5,4,,1,15,,79793,5,4,,1,15,,79812,5,4,,1,55,,79831,5,4,,1,15,,79774,5,4,,1,15,,79794,5,4,,1,15,,79813,5,4,,1,55,,79832,5,4,,1,15,,79775,5,4,,1,15,,79795,5,4,,1,15,,79814,5,4,,1,55,,79833,5,4,,1,15,,79776,5,4,,1,15,,79796,5,4,,1,15,,79815,5,4,,1,55,,79834,5,4,,1,15,,79777,5,4,,1,15,,79797,5,4,,1,15,,79816,5,4,,1,55,,79835,5,4,,1,15,,79778,5,4,,1,15,,79798,5,4,,1,15,,79817,5,4,,1,55,,79836,5,4,,1,15,,79779,5,4,,1,15,,79799,5,4,,1,15,,79818,5,4,,1,55,,79837,5,4,,1,15,,79780,5,4,,1,15,,79800,5,4,,1,15,,79819,5,4,,1,55,,79838,5,4,,1,15,,79781,5,4,,1,15,,79801,5,4,,1,15,,79820,5,4,,1,55,,79839,5,4,,1,15,,79782,5,4,,1,15,,79802,5,4,,1,15,,79821,5,4,,1,55,,79840,5,4,,1,15,,79783,5,4,,1,15,,79803,5,4,,1,15,,79822,5,4,,1,55,,79841,5,4,,1,15,,79784,5,4,,1,15,,79804,5,4,,1,15,,79823,5,4,,1,55,,79842,5,4,,1,15,,79785,5,4,,1,15,,79805,5,4,,1,15,,79824,5,4,,1,55,,79843,5,4,,1,15,,79786,5,4,,1,15,,79806,5,4,,1,15,,79825,5,4,,1,55,,79844,5,4,,1,15,,79787,5,4,,1,15,,79807,5,4,,1,15,,79826,5,4,,1,55,,79845,5,4,,1,15,,79788,5,4,,1,15,,79808,5,4,,1,15,,79827,5,4,,1,55,,79846,5,4,,1,15,,79789,5,4,,1,15,,79809,5,4,,1,15,,79828,5,4,,1,55,,79847,5,4,,1,15,,79790,5,4,,1,15,,79810,5,4,,1,15,,79829,5,4,,1,55,,79848,5,4,,1,15,,79791,5,4,,1,15,,79811,5,4,,1,15,,79830,5,4,,1,55,,79849,5,4,,1,15,,79792,5,4,,1
0,'20270207',628,,79850,5,4,,1,15,,79870,5,4,,1,15,,79889,5,4,,1,55,,79908,5,4,,1,15,,79851,5,4,,1,15,,79871,5,4,,1,15,,79890,5,4,,1,55,,79909,5,4,,1,15,,79852,5,4,,1,15,,79872,5,4,,1,15,,79891,5,4,,1,55,,79910,5,4,,1,15,,79853,5,4,,1,15,,79873,5,4,,1,15,,79892,5,4,,1,55,,79911,5,4,,1,15,,79854,5,4,,1,15,,79874,5,4,,1,15,,79893,5,4,,1,55,,79912,5,4,,1,15,,79855,5,4,,1,15,,79875,5,4,,1,15,,79894,5,4,,1,55,,79913,5,4,,1,15,,79856,5,4,,1,15,,79876,5,4,,1,15,,79895,5,4,,1,55,,79914,5,4,,1,15,,79857,5,4,,1,15,,79877,5,4,,1,15,,79896,5,4,,1,55,,79915,5,4,,1,15,,79858,5,4,,1,15,,79878,5,4,,1,15,,79897,5,4,,1,55,,79916,5,4,,1,15,,79859,5,4,,1,15,,79879,5,4,,1,15,,79898,5,4,,1,55,,79917,5,4,,1,15,,79860,5,4,,1,15,,79880,5,4,,1,15,,79899,5,4,,1,55,,79918,5,4,,1,15,,79861,5,4,,1,15,,79881,5,4,,1,15,,79900,5,4,,1,55,,79919,5,4,,1,15,,79862,5,4,,1,15,,79882,5,4,,1,15,,79901,5,4,,1,55,,79920,5,4,,1,15,,79863,5,4,,1,15,,79883,5,4,,1,15,,79902,5,4,,1,55,,79921,5,4,,1,15,,79864,5,4,,1,15,,79884,5,4,,1,15,,79903,5,4,,1,55,,79922,5,4,,1,15,,79865,5,4,,1,15,,79885,5,4,,1,15,,79904,5,4,,1,55,,79923,5,4,,1,15,,79866,5,4,,1,15,,79886,5,4,,1,15,,79905,5,4,,1,55,,79924,5,4,,1,15,,79867,5,4,,1,15,,79887,5,4,,1,15,,79906,5,4,,1,55,,79925,5,4,,1,15,,79868,5,4,,1,15,,79888,5,4,,1,15,,79907,5,4,,1,55,,79926,5,4,,1,15,,79869,5,4,,1
0,'20270208',523,,79987,5,4,,1,15,,79927,5,4,,1,20,,79967,5,4,,1,55,,79988,5,4,,1,15,,79928,5,4,,1,15,,79948,5,4,,1,15,,79968,5,4,,1,55,,79989,5,4,,1,15,,79929,5,4,,1,15,,79949,5,4,,1,15,,79969,5,4,,1,55,,79990,5,4,,1,15,,79930,5,4,,1,15,,79950,5,4,,1,15,,79970,5,4,,1,55,,79991,5,4,,1,15,,79931,5,4,,1,15,,79951,5,4,,1,15,,79971,5,4,,1,55,,79992,5,4,,1,15,,79932,5,4,,1,15,,79952,5,4,,1,15,,79972,5,4,,1,55,,79993,5,4,,1,15,,79933,5,4,,1,15,,79953,5,4,,1,15,,79973,5,4,,1,55,,79994,5,4,,1,15,,79934,5,4,,1,15,,79954,5,4,,1,15,,79974,5,4,,1,55,,79995,5,4,,1,15,,79935,5,4,,1,15,,79955,5,4,,1,15,,79975,5,4,,1,55,,79996,5,4,,1,15,,79936,5,4,,1,15,,79956,5,4,,1,15,,79976,5,4,,1,55,,79997,5,4,,1,15,,79937,5,4,,1,15,,79957,5,4,,1,15,,79977,5,4,,1,55,,79998,5,4,,1,15,,79938,5,4,,1,15,,79958,5,4,,1,15,,79978,5,4,,1,55,,79999,5,4,,1,15,,79939,5,4,,1,15,,79959,5,4,,1,15,,79979,5,4,,1,55,,80000,5,4,,1,15,,79940,5,4,,1,15,,79960,5,4,,1,15,,79980,5,4,,1,55,,80001,5,4,,1,15,,79941,5,4,,1,15,,79961,5,4,,1,15,,79981,5,4,,1,55,,80002,5,4,,1,15,,79942,5,4,,1,15,,79962,5,4,,1,15,,79982,5,4,,1,55,,80003,5,4,,1,15,,79943,5,4,,1,15,,79963,5,4,,1,15,,79983,5,4,,1,55,,80004,5,4,,1,15,,79944,5,4,,1,15,,79964,5,4,,1,15,,79984,5,4,,1,55,,80005,5,4,,1,15,,79945,5,4,,1,15,,79965,5,4,,1,15,,79985,5,4,,1,55,,80006,5,4,,1,15,,79946,5,4,,1,15,,79966,5,4,,1,15,,79986,5,4,,1,55,,80007,5,4,,1,15,,79947,5,4,,1
0,'20270209',523,,80068,5,4,,1,15,,80008,5,4,,1,20,,80048,5,4,,1,55,,80069,5,4,,1,15,,80009,5,4,,1,15,,80029,5,4,,1,15,,80049,5,4,,1,55,,80070,5,4,,1,15,,80010,5,4,,1,15,,80030,5,4,,1,15,,80050,5,4,,1,55,,80071,5,4,,1,15,,80011,5,4,,1,15,,80031,5,4,,1,15,,80051,5,4,,1,55,,80072,5,4,,1,15,,80012,5,4,,1,15,,80032,5,4,,1,15,,80052,5,4,,1,55,,80073,5,4,,1,15,,80013,5,4,,1,15,,80033,5,4,,1,15,,80053,5,4,,1,55,,80074,5,4,,1,15,,80014,5,4,,1,15,,80034,5,4,,1,15,,80054,5,4,,1,55,,80075,5,4,,1,15,,80015,5,4,,1,15,,80035,5,4,,1,15,,80055,5,4,,1,55,,80076,5,4,,1,15,,80016,5,4,,1,15,,80036,5,4,,1,15,,80056,5,4,,1,55,,80077,5,4,,1,15,,80017,5,4,,1,15,,80037,5,4,,1,15,,80057,5,4,,1,55,,80078,5,4,,1,15,,80018,5,4,,1,15,,80038,5,4,,1,15,,80058,5,4,,1,55,,80079,5,4,,1,15,,80019,5,4,,1,15,,80039,5,4,,1,15,,80059,5,4,,1,55,,80080,5,4,,1,15,,80020,5,4,,1,15,,80040,5,4,,1,15,,80060,5,4,,1,55,,80081,5,4,,1,15,,80021,5,4,,1,15,,80041,5,4,,1,15,,80061,5,4,,1,55,,80082,5,4,,1,15,,80022,5,4,,1,15,,80042,5,4,,1,15,,80062,5,4,,1,55,,80083,5,4,,1,15,,80023,5,4,,1,15,,80043,5,4,,1,15,,80063,5,4,,1,55,,80084,5,4,,1,15,,80024,5,4,,1,15,,80044,5,4,,1,15,,80064,5,4,,1,55,,80085,5,4,,1,15,,80025,5,4,,1,15,,80045,5,4,,1,15,,80065,5,4,,1,55,,80086,5,4,,1,15,,80026,5,4,,1,15,,80046,5,4,,1,15,,80066,5,4,,1,55,,80087,5,4,,1,15,,80027,5,4,,1,15,,80047,5,4,,1,15,,80067,5,4,,1,55,,80088,5,4,,1,15,,80028,5,4,,1
0,'20270210',523,,80149,5,4,,1,15,,80089,5,4,,1,20,,80129,5,4,,1,55,,80150,5,4,,1,15,,80090,5,4,,1,15,,80110,5,4,,1,15,,80130,5,4,,1,55,,80151,5,4,,1,15,,80091,5,4,,1,15,,80111,5,4,,1,15,,80131,5,4,,1,55,,80152,5,4,,1,15,,80092,5,4,,1,15,,80112,5,4,,1,15,,80132,5,4,,1,55,,80153,5,4,,1,15,,80093,5,4,,1,15,,80113,5,4,,1,15,,80133,5,4,,1,55,,80154,5,4,,1,15,,80094,5,4,,1,15,,80114,5,4,,1,15,,80134,5,4,,1,55,,80155,5,4,,1,15,,80095,5,4,,1,15,,80115,5,4,,1,15,,80135,5,4,,1,55,,80156,5,4,,1,15,,80096,5,4,,1,15,,80116,5,4,,1,15,,80136,5,4,,1,55,,80157,5,4,,1,15,,80097,5,4,,1,15,,80117,5,4,,1,15,,80137,5,4,,1,55,,80158,5,4,,1,15,,80098,5,4,,1,15,,80118,5,4,,1,15,,80138,5,4,,1,55,,80159,5,4,,1,15,,80099,5,4,,1,15,,80119,5,4,,1,15,,80139,5,4,,1,55,,80160,5,4,,1,15,,80100,5,4,,1,15,,80120,5,4,,1,15,,80140,5,4,,1,55,,80161,5,4,,1,15,,80101,5,4,,1,15,,80121,5,4,,1,15,,80141,5,4,,1,55,,80162,5,4,,1,15,,80102,5,4,,1,15,,80122,5,4,,1,15,,80142,5,4,,1,55,,80163,5,4,,1,15,,80103,5,4,,1,15,,80123,5,4,,1,15,,80143,5,4,,1,55,,80164,5,4,,1,15,,80104,5,4,,1,15,,80124,5,4,,1,15,,80144,5,4,,1,55,,80165,5,4,,1,15,,80105,5,4,,1,15,,80125,5,4,,1,15,,80145,5,4,,1,55,,80166,5,4,,1,15,,80106,5,4,,1,15,,80126,5,4,,1,15,,80146,5,4,,1,55,,80167,5,4,,1,15,,80107,5,4,,1,15,,80127,5,4,,1,15,,80147,5,4,,1,55,,80168,5,4,,1,15,,80108,5,4,,1,15,,80128,5,4,,1,15,,80148,5,4,,1,55,,80169,5,4,,1,15,,80109,5,4,,1
0,'20270211',523,,80230,5,4,,1,15,,80170,5,4,,1,20,,80210,5,4,,1,55,,80231,5,4,,1,15,,80171,5,4,,1,15,,80191,5,4,,1,15,,80211,5,4,,1,55,,80232,5,4,,1,15,,80172,5,4,,1,15,,80192,5,4,,1,15,,80212,5,4,,1,55,,80233,5,4,,1,15,,80173,5,4,,1,15,,80193,5,4,,1,15,,80213,5,4,,1,55,,80234,5,4,,1,15,,80174,5,4,,1,15,,80194,5,4,,1,15,,80214,5,4,,1,55,,80235,5,4,,1,15,,80175,5,4,,1,15,,80195,5,4,,1,15,,80215,5,4,,1,55,,80236,5,4,,1,15,,80176,5,4,,1,15,,80196,5,4,,1,15,,80216,5,4,,1,55,,80237,5,4,,1,15,,80177,5,4,,1,15,,80197,5,4,,1,15,,80217,5,4,,1,55,,80238,5,4,,1,15,,80178,5,4,,1,15,,80198,5,4,,1,15,,80218,5,4,,1,55,,80239,5,4,,1,15,,80179,5,4,,1,15,,80199,5,4,,1,15,,80219,5,4,,1,55,,80240,5,4,,1,15,,80180,5,4,,1,15,,80200,5,4,,1,15,,80220,5,4,,1,55,,80241,5,4,,1,15,,80181,5,4,,1,15,,80201,5,4,,1,15,,80221,5,4,,1,55,,80242,5,4,,1,15,,80182,5,4,,1,15,,80202,5,4,,1,15,,80222,5,4,,1,55,,80243,5,4,,1,15,,80183,5,4,,1,15,,80203,5,4,,1,15,,80223,5,4,,1,55,,80244,5,4,,1,15,,80184,5,4,,1,15,,80204,5,4,,1,15,,80224,5,4,,1,55,,80245,5,4,,1,15,,80185,5,4,,1,15,,80205,5,4,,1,15,,80225,5,4,,1,55,,80246,5,4,,1,15,,80186,5,4,,1,15,,80206,5,4,,1,15,,80226,5,4,,1,55,,80247,5,4,,1,15,,80187,5,4,,1,15,,80207,5,4,,1,15,,80227,5,4,,1,55,,80248,5,4,,1,15,,80188,5,4,,1,15,,80208,5,4,,1,15,,80228,5,4,,1,55,,80249,5,4,,1,15,,80189,5,4,,1,15,,80209,5,4,,1,15,,80229,5,4,,1,55,,80250,5,4,,1,15,,80190,5,4,,1
0,'20270212',523,,80311,5,4,,1,15,,80251,5,4,,1,20,,80291,5,4,,1,55,,80312,5,4,,1,15,,80252,5,4,,1,15,,80272,5,4,,1,15,,80292,5,4,,1,55,,80313,5,4,,1,15,,80253,5,4,,1,15,,80273,5,4,,1,15,,80293,5,4,,1,55,,80314,5,4,,1,15,,80254,5,4,,1,15,,80274,5,4,,1,15,,80294,5,4,,1,55,,80315,5,4,,1,15,,80255,5,4,,1,15,,80275,5,4,,1,15,,80295,5,4,,1,55,,80316,5,4,,1,15,,80256,5,4,,1,15,,80276,5,4,,1,15,,80296,5,4,,1,55,,80317,5,4,,1,15,,80257,5,4,,1,15,,80277,5,4,,1,15,,80297,5,4,,1,55,,80318,5,4,,1,15,,80258,5,4,,1,15,,80278,5,4,,1,15,,80298,5,4,,1,55,,80319,5,4,,1,15,,80259,5,4,,1,15,,80279,5,4,,1,15,,80299,5,4,,1,55,,80320,5,4,,1,15,,80260,5,4,,1,15,,80280,5,4,,1,15,,80300,5,4,,1,55,,80321,5,4,,1,15,,80261,5,4,,1,15,,80281,5,4,,1,15,,80301,5,4,,1,55,,80322,5,4,,1,15,,80262,5,4,,1,15,,80282,5,4,,1,15,,80302,5,4,,1,55,,80323,5,4,,1,15,,80263,5,4,,1,15,,80283,5,4,,1,15,,80303,5,4,,1,55,,80324,5,4,,1,15,,80264,5,4,,1,15,,80284,5,4,,1,15,,80304,5,4,,1,55,,80325,5,4,,1,15,,80265,5,4,,1,15,,80285,5,4,,1,15,,80305,5,4,,1,55,,80326,5,4,,1,15,,80266,5,4,,1,15,,80286,5,4,,1,15,,80306,5,4,,1,55,,80327,5,4,,1,15,,80267,5,4,,1,15,,80287,5,4,,1,15,,80307,5,4,,1,55,,80328,5,4,,1,15,,80268,5,4,,1,15,,80288,5,4,,1,15,,80308,5,4,,1,55,,80329,5,4,,1,15,,80269,5,4,,1,15,,80289,5,4,,1,15,,80309,5,4,,1,55,,80330,5,4,,1,15,,80270,5,4,,1,15,,80290,5,4,,1,15,,80310,5,4,,1,55,,80331,5,4,,1,15,,80271,5,4,,1
0,'20270213',628,,80332,5,4,,1,15,,80352,5,4,,1,15,,80371,5,4,,1,55,,80390,5,4,,1,15,,80333,5,4,,1,15,,80353,5,4,,1,15,,80372,5,4,,1,55,,80391,5,4,,1,15,,80334,5,4,,1,15,,80354,5,4,,1,15,,80373,5,4,,1,55,,80392,5,4,,1,15,,80335,5,4,,1,15,,80355,5,4,,1,15,,80374,5,4,,1,55,,80393,5,4,,1,15,,80336,5,4,,1,15,,80356,5,4,,1,15,,80375,5,4,,1,55,,80394,5,4,,1,15,,80337,5,4,,1,15,,80357,5,4,,1,15,,80376,5,4,,1,55,,80395,5,4,,1,15,,80338,5,4,,1,15,,80358,5,4,,1,15,,80377,5,4,,1,55,,80396,5,4,,1,15,,80339,5,4,,1,15,,80359,5,4,,1,15,,80378,5,4,,1,55,,80397,5,4,,1,15,,80340,5,4,,1,15,,80360,5,4,,1,15,,80379,5,4,,1,55,,80398,5,4,,1,15,,80341,5,4,,1,15,,80361,5,4,,1,15,,80380,5,4,,1,55,,80399,5,4,,1,15,,80342,5,4,,1,15,,80362,5,4,,1,15,,80381,5,4,,1,55,,80400,5,4,,1,15,,80343,5,4,,1,15,,80363,5,4,,1,15,,80382,5,4,,1,55,,80401,5,4,,1,15,,80344,5,4,,1,15,,80364,5,4,,1,15,,80383,5,4,,1,55,,80402,5,4,,1,15,,80345,5,4,,1,15,,80365,5,4,,1,15,,80384,5,4,,1,55,,80403,5,4,,1,15,,80346,5,4,,1,15,,80366,5,4,,1,15,,80385,5,4,,1,55,,80404,5,4,,1,15,,80347,5,4,,1,15,,80367,5,4,,1,15,,80386,5,4,,1,55,,80405,5,4,,1,15,,80348,5,4,,1,15,,80368,5,4,,1,15,,80387,5,4,,1,55,,80406,5,4,,1,15,,80349,5,4,,1,15,,80369,5,4,,1,15,,80388,5,4,,1,55,,80407,5,4,,1,15,,80350,5,4,,1,15,,80370,5,4,,1,15,,80389,5,4,,1,55,,80408,5,4,,1,15,,80351,5,4,,1
0,'20270214',628,,80409,5,4,,1,15,,80429,5,4,,1,15,,80448,5,4,,1,55,,80467,5,4,,1,15,,80410,5,4,,1,15,,80430,5,4,,1,15,,80449,5,4,,1,55,,80468,5,4,,1,15,,80411,5,4,,1,15,,80431,5,4,,1,15,,80450,5,4,,1,55,,80469,5,4,,1,15,,80412,5,4,,1,15,,80432,5,4,,1,15,,80451,5,4,,1,55,,80470,5,4,,1,15,,80413,5,4,,1,15,,80433,5,4,,1,15,,80452,5,4,,1,55,,80471,5,4,,1,15,,80414,5,4,,1,15,,80434,5,4,,1,15,,80453,5,4,,1,55,,80472,5,4,,1,15,,80415,5,4,,1,15,,80435,5,4,,1,15,,80454,5,4,,1,55,,80473,5,4,,1,15,,80416,5,4,,1,15,,80436,5,4,,1,15,,80455,5,4,,1,55,,80474,5,4,,1,15,,80417,5,4,,1,15,,80437,5,4,,1,15,,80456,5,4,,1,55,,80475,5,4,,1,15,,80418,5,4,,1,15,,80438,5,4,,1,15,,80457,5,4,,1,55,,80476,5,4,,1,15,,80419,5,4,,1,15,,80439,5,4,,1,15,,80458,5,4,,1,55,,80477,5,4,,1,15,,80420,5,4,,1,15,,80440,5,4,,1,15,,80459,5,4,,1,55,,80478,5,4,,1,15,,80421,5,4,,1,15,,80441,5,4,,1,15,,80460,5,4,,1,55,,80479,5,4,,1,15,,80422,5,4,,1,15,,80442,5,4,,1,15,,80461,5,4,,1,55,,80480,5,4,,1,15,,80423,5,4,,1,15,,80443,5,4,,1,15,,80462,5,4,,1,55,,80481,5,4,,1,15,,80424,5,4,,1,15,,80444,5,4,,1,15,,80463,5,4,,1,55,,80482,5,4,,1,15,,80425,5,4,,1,15,,80445,5,4,,1,15,,80464,5,4,,1,55,,80483,5,4,,1,15,,80426,5,4,,1,15,,80446,5,4,,1,15,,80465,5,4,,1,55,,80484,5,4,,1,15,,80427,5,4,,1,15,,80447,5,4,,1,15,,80466,5,4,,1,55,,80485,5,4,,1,15,,80428,5,4,,1
0,'20270215',523,,80546,5,4,,1,15,,80486,5,4,,1,20,,80526,5,4,,1,55,,80547,5,4,,1,15,,80487,5,4,,1,15,,80507,5,4,,1,15,,80527,5,4,,1,55,,80548,5,4,,1,15,,80488,5,4,,1,15,,80508,5,4,,1,15,,80528,5,4,,1,55,,80549,5,4,,1,15,,80489,5,4,,1,15,,80509,5,4,,1,15,,80529,5,4,,1,55,,80550,5,4,,1,15,,80490,5,4,,1,15,,80510,5,4,,1,15,,80530,5,4,,1,55,,80551,5,4,,1,15,,80491,5,4,,1,15,,80511,5,4,,1,15,,80531,5,4,,1,55,,80552,5,4,,1,15,,80492,5,4,,1,15,,80512,5,4,,1,15,,80532,5,4,,1,55,,80553,5,4,,1,15,,80493,5,4,,1,15,,80513,5,4,,1,15,,80533,5,4,,1,55,,80554,5,4,,1,15,,80494,5,4,,1,15,,80514,5,4,,1,15,,80534,5,4,,1,55,,80555,5,4,,1,15,,80495,5,4,,1,15,,80515,5,4,,1,15,,80535,5,4,,1,55,,80556,5,4,,1,15,,80496,5,4,,1,15,,80516,5,4,,1,15,,80536,5,4,,1,55,,80557,5,4,,1,15,,80497,5,4,,1,15,,80517,5,4,,1,15,,80537,5,4,,1,55,,80558,5,4,,1,15,,80498,5,4,,1,15,,80518,5,4,,1,15,,80538,5,4,,1,55,,80559,5,4,,1,15,,80499,5,4,,1,15,,80519,5,4,,1,15,,80539,5,4,,1,55,,80560,5,4,,1,15,,80500,5,4,,1,15,,80520,5,4,,1,15,,80540,5,4,,1,55,,80561,5,4,,1,15,,80501,5,4,,1,15,,80521,5,4,,1,15,,80541,5,4,,1,55,,80562,5,4,,1,15,,80502,5,4,,1,15,,80522,5,4,,1,15,,80542,5,4,,1,55,,80563,5,4,,1,15,,80503,5,4,,1,15,,80523,5,4,,1,15,,80543,5,4,,1,55,,80564,5,4,,1,15,,80504,5,4,,1,15,,80524,5,4,,1,15,,80544,5,4,,1,55,,80565,5,4,,1,15,,80505,5,4,,1,15,,80525,5,4,,1,15,,80545,5,4,,1,55,,80566,5,4,,1,15,,80506,5,4,,1
0,'20270216',523,,80627,5,4,,1,15,,80567,5,4,,1,20,,80607,5,4,,1,55,,80628,5,4,,1,15,,80568,5,4,,1,15,,80588,5,4,,1,15,,80608,5,4,,1,55,,80629,5,4,,1,15,,80569,5,4,,1,15,,80589,5,4,,1,15,,80609,5,4,,1,55,,80630,5,4,,1,15,,80570,5,4,,1,15,,80590,5,4,,1,15,,80610,5,4,,1,55,,80631,5,4,,1,15,,80571,5,4,,1,15,,80591,5,4,,1,15,,80611,5,4,,1,55,,80632,5,4,,1,15,,80572,5,4,,1,15,,80592,5,4,,1,15,,80612,5,4,,1,55,,80633,5,4,,1,15,,80573,5,4,,1,15,,80593,5,4,,1,15,,80613,5,4,,1,55,,80634,5,4,,1,15,,80574,5,4,,1,15,,80594,5,4,,1,15,,80614,5,4,,1,55,,80635,5,4,,1,15,,80575,5,4,,1,15,,80595,5,4,,1,15,,80615,5,4,,1,55,,80636,5,4,,1,15,,80576,5,4,,1,15,,80596,5,4,,1,15,,80616,5,4,,1,55,,80637,5,4,,1,15,,80577,5,4,,1,15,,80597,5,4,,1,15,,80617,5,4,,1,55,,80638,5,4,,1,15,,80578,5,4,,1,15,,80598,5,4,,1,15,,80618,5,4,,1,55,,80639,5,4,,1,15,,80579,5,4,,1,15,,80599,5,4,,1,15,,80619,5,4,,1,55,,80640,5,4,,1,15,,80580,5,4,,1,15,,80600,5,4,,1,15,,80620,5,4,,1,55,,80641,5,4,,1,15,,80581,5,4,,1,15,,80601,5,4,,1,15,,80621,5,4,,1,55,,80642,5,4,,1,15,,80582,5,4,,1,15,,80602,5,4,,1,15,,80622,5,4,,1,55,,80643,5,4,,1,15,,80583,5,4,,1,15,,80603,5,4,,1,15,,80623,5,4,,1,55,,80644,5,4,,1,15,,80584,5,4,,1,15,,80604,5,4,,1,15,,80624,5,4,,1,55,,80645,5,4,,1,15,,80585,5,4,,1,15,,80605,5,4,,1,15,,80625,5,4,,1,55,,80646,5,4,,1,15,,80586,5,4,,1,15,,80606,5,4,,1,15,,80626,5,4,,1,55,,80647,5,4,,1,15,,80587,5,4,,1
0,'20270217',523,,80708,5,4,,1,15,,80648,5,4,,1,20,,80688,5,4,,1,55,,80709,5,4,,1,15,,80649,5,4,,1,15,,80669,5,4,,1,15,,80689,5,4,,1,55,,80710,5,4,,1,15,,80650,5,4,,1,15,,80670,5,4,,1,15,,80690,5,4,,1,55,,80711,5,4,,1,15,,80651,5,4,,1,15,,80671,5,4,,1,15,,80691,5,4,,1,55,,80712,5,4,,1,15,,80652,5,4,,1,15,,80672,5,4,,1,15,,80692,5,4,,1,55,,80713,5,4,,1,15,,80653,5,4,,1,15,,80673,5,4,,1,15,,80693,5,4,,1,55,,80714,5,4,,1,15,,80654,5,4,,1,15,,80674,5,4,,1,15,,80694,5,4,,1,55,,80715,5,4,,1,15,,80655,5,4,,1,15,,80675,5,4,,1,15,,80695,5,4,,1,55,,80716,5,4,,1,15,,80656,5,4,,1,15,,80676,5,4,,1,15,,80696,5,4,,1,55,,80717,5,4,,1,15,,80657,5,4,,1,15,,80677,5,4,,1,15,,80697,5,4,,1,55,,80718,5,4,,1,15,,80658,5,4,,1,15,,80678,5,4,,1,15,,80698,5,4,,1,55,,80719,5,4,,1,15,,80659,5,4,,1,15,,80679,5,4,,1,15,,80699,5,4,,1,55,,80720,5,4,,1,15,,80660,5,4,,1,15,,80680,5,4,,1,15,,80700,5,4,,1,55,,80721,5,4,,1,15,,80661,5,4,,1,15,,80681,5,4,,1,15,,80701,5,4,,1,55,,80722,5,4,,1,15,,80662,5,4,,1,15,,80682,5,4,,1,15,,80702,5,4,,1,55,,80723,5,4,,1,15,,80663,5,4,,1,15,,80683,5,4,,1,15,,80703,5,4,,1,55,,80724,5,4,,1,15,,80664,5,4,,1,15,,80684,5,4,,1,15,,80704,5,4,,1,55,,80725,5,4,,1,15,,80665,5,4,,1,15,,80685,5,4,,1,15,,80705,5,4,,1,55,,80726,5,4,,1,15,,80666,5,4,,1,15,,80686,5,4,,1,15,,80706,5,4,,1,55,,80727,5,4,,1,15,,80667,5,4,,1,15,,80687,5,4,,1,15,,80707,5,4,,1,55,,80728,5,4,,1,15,,80668,5,4,,1
0,'20270218',523,,80789,5,4,,1,15,,80729,5,4,,1,20,,80769,5,4,,1,55,,80790,5,4,,1,15,,80730,5,4,,1,15,,80750,5,4,,1,15,,80770,5,4,,1,55,,80791,5,4,,1,15,,80731,5,4,,1,15,,80751,5,4,,1,15,,80771,5,4,,1,55,,80792,5,4,,1,15,,80732,5,4,,1,15,,80752,5,4,,1,15,,80772,5,4,,1,55,,80793,5,4,,1,15,,80733,5,4,,1,15,,80753,5,4,,1,15,,80773,5,4,,1,55,,80794,5,4,,1,15,,80734,5,4,,1,15,,80754,5,4,,1,15,,80774,5,4,,1,55,,80795,5,4,,1,15,,80735,5,4,,1,15,,80755,5,4,,1,15,,80775,5,4,,1,55,,80796,5,4,,1,15,,80736,5,4,,1,15,,80756,5,4,,1,15,,80776,5,4,,1,55,,80797,5,4,,1,15,,80737,5,4,,1,15,,80757,5,4,,1,15,,80777,5,4,,1,55,,80798,5,4,,1,15,,80738,5,4,,1,15,,80758,5,4,,1,15,,80778,5,4,,1,55,,80799,5,4,,1,15,,80739,5,4,,1,15,,80759,5,4,,1,15,,80779,5,4,,1,55,,80800,5,4,,1,15,,80740,5,4,,1,15,,80760,5,4,,1,15,,80780,5,4,,1,55,,80801,5,4,,1,15,,80741,5,4,,1,15,,80761,5,4,,1,15,,80781,5,4,,1,55,,80802,5,4,,1,15,,80742,5,4,,1,15,,80762,5,4,,1,15,,80782,5,4,,1,55,,80803,5,4,,1,15,,80743,5,4,,1,15,,80763,5,4,,1,15,,80783,5,4,,1,55,,80804,5,4,,1,15,,80744,5,4,,1,15,,80764,5,4,,1,15,,80784,5,4,,1,55,,80805,5,4,,1,15,,80745,5,4,,1,15,,80765,5,4,,1,15,,80785,5,4,,1,55,,80806,5,4,,1,15,,80746,5,4,,1,15,,80766,5,4,,1,15,,80786,5,4,,1,55,,80807,5,4,,1,15,,80747,5,4,,1,15,,80767,5,4,,1,15,,80787,5,4,,1,55,,80808,5,4,,1,15,,80748,5,4,,1,15,,80768,5,4,,1,15,,80788,5,4,,1,55,,80809,5,4,,1,15,,80749,5,4,,1
0,'20270219',523,,80870,5,4,,1,15,,80810,5,4,,1,20,,80850,5,4,,1,55,,80871,5,4,,1,15,,80811,5,4,,1,15,,80831,5,4,,1,15,,80851,5,4,,1,55,,80872,5,4,,1,15,,80812,5,4,,1,15,,80832,5,4,,1,15,,80852,5,4,,1,55,,80873,5,4,,1,15,,80813,5,4,,1,15,,80833,5,4,,1,15,,80853,5,4,,1,55,,80874,5,4,,1,15,,80814,5,4,,1,15,,80834,5,4,,1,15,,80854,5,4,,1,55,,80875,5,4,,1,15,,80815,5,4,,1,15,,80835,5,4,,1,15,,80855,5,4,,1,55,,80876,5,4,,1,15,,80816,5,4,,1,15,,80836,5,4,,1,15,,80856,5,4,,1,55,,80877,5,4,,1,15,,80817,5,4,,1,15,,80837,5,4,,1,15,,80857,5,4,,1,55,,80878,5,4,,1,15,,80818,5,4,,1,15,,80838,5,4,,1,15,,80858,5,4,,1,55,,80879,5,4,,1,15,,80819,5,4,,1,15,,80839,5,4,,1,15,,80859,5,4,,1,55,,80880,5,4,,1,15,,80820,5,4,,1,15,,80840,5,4,,1,15,,80860,5,4,,1,55,,80881,5,4,,1,15,,80821,5,4,,1,15,,80841,5,4,,1,15,,80861,5,4,,1,55,,80882,5,4,,1,15,,80822,5,4,,1,15,,80842,5,4,,1,15,,80862,5,4,,1,55,,80883,5,4,,1,15,,80823,5,4,,1,15,,80843,5,4,,1,15,,80863,5,4,,1,55,,80884,5,4,,1,15,,80824,5,4,,1,15,,80844,5,4,,1,15,,80864,5,4,,1,55,,80885,5,4,,1,15,,80825,5,4,,1,15,,80845,5,4,,1,15,,80865,5,4,,1,55,,80886,5,4,,1,15,,80826,5,4,,1,15,,80846,5,4,,1,15,,80866,5,4,,1,55,,80887,5,4,,1,15,,80827,5,4,,1,15,,80847,5,4,,1,15,,80867,5,4,,1,55,,80888,5,4,,1,15,,80828,5,4,,1,15,,80848,5,4,,1,15,,80868,5,4,,1,55,,80889,5,4,,1,15,,80829,5,4,,1,15,,80849,5,4,,1,15,,80869,5,4,,1,55,,80890,5,4,,1,15,,80830,5,4,,1
0,'20270220',628,,80891,5,4,,1,15,,80911,5,4,,1,15,,80930,5,4,,1,55,,80949,5,4,,1,15,,80892,5,4,,1,15,,80912,5,4,,1,15,,80931,5,4,,1,55,,80950,5,4,,1,15,,80893,5,4,,1,15,,80913,5,4,,1,15,,80932,5,4,,1,55,,80951,5,4,,1,15,,80894,5,4,,1,15,,80914,5,4,,1,15,,80933,5,4,,1,55,,80952,5,4,,1,15,,80895,5,4,,1,15,,80915,5,4,,1,15,,80934,5,4,,1,55,,80953,5,4,,1,15,,80896,5,4,,1,15,,80916,5,4,,1,15,,80935,5,4,,1,55,,80954,5,4,,1,15,,80897,5,4,,1,15,,80917,5,4,,1,15,,80936,5,4,,1,55,,80955,5,4,,1,15,,80898,5,4,,1,15,,80918,5,4,,1,15,,80937,5,4,,1,55,,80956,5,4,,1,15,,80899,5,4,,1,15,,80919,5,4,,1,15,,80938,5,4,,1,55,,80957,5,4,,1,15,,80900,5,4,,1,15,,80920,5,4,,1,15,,80939,5,4,,1,55,,80958,5,4,,1,15,,80901,5,4,,1,15,,80921,5,4,,1,15,,80940,5,4,,1,55,,80959,5,4,,1,15,,80902,5,4,,1,15,,80922,5,4,,1,15,,80941,5,4,,1,55,,80960,5,4,,1,15,,80903,5,4,,1,15,,80923,5,4,,1,15,,80942,5,4,,1,55,,80961,5,4,,1,15,,80904,5,4,,1,15,,80924,5,4,,1,15,,80943,5,4,,1,55,,80962,5,4,,1,15,,80905,5,4,,1,15,,80925,5,4,,1,15,,80944,5,4,,1,55,,80963,5,4,,1,15,,80906,5,4,,1,15,,80926,5,4,,1,15,,80945,5,4,,1,55,,80964,5,4,,1,15,,80907,5,4,,1,15,,80927,5,4,,1,15,,80946,5,4,,1,55,,80965,5,4,,1,15,,80908,5,4,,1,15,,80928,5,4,,1,15,,80947,5,4,,1,55,,80966,5,4,,1,15,,80909,5,4,,1,15,,80929,5,4,,1,15,,80948,5,4,,1,55,,80967,5,4,,1,15,,80910,5,4,,1
0,'20270221',628,,80968,5,4,,1,15,,80988,5,4,,1,15,,81007,5,4,,1,55,,81026,5,4,,1,15,,80969,5,4,,1,15,,80989,5,4,,1,15,,81008,5,4,,1,55,,81027,5,4,,1,15,,80970,5,4,,1,15,,80990,5,4,,1,15,,81009,5,4,,1,55,,81028,5,4,,1,15,,80971,5,4,,1,15,,80991,5,4,,1,15,,81010,5,4,,1,55,,81029,5,4,,1,15,,80972,5,4,,1,15,,80992,5,4,,1,15,,81011,5,4,,1,55,,81030,5,4,,1,15,,80973,5,4,,1,15,,80993,5,4,,1,15,,81012,5,4,,1,55,,81031,5,4,,1,15,,80974,5,4,,1,15,,80994,5,4,,1,15,,81013,5,4,,1,55,,81032,5,4,,1,15,,80975,5,4,,1,15,,80995,5,4,,1,15,,81014,5,4,,1,55,,81033,5,4,,1,15,,80976,5,4,,1,15,,80996,5,4,,1,15,,81015,5,4,,1,55,,81034,5,4,,1,15,,80977,5,4,,1,15,,80997,5,4,,1,15,,81016,5,4,,1,55,,81035,5,4,,1,15,,80978,5,4,,1,15,,80998,5,4,,1,15,,81017,5,4,,1,55,,81036,5,4,,1,15,,80979,5,4,,1,15,,80999,5,4,,1,15,,81018,5,4,,1,55,,81037,5,4,,1,15,,80980,5,4,,1,15,,81000,5,4,,1,15,,81019,5,4,,1,55,,81038,5,4,,1,15,,80981,5,4,,1,15,,81001,5,4,,1,15,,81020,5,4,,1,55,,81039,5,4,,1,15,,80982,5,4,,1,15,,81002,5,4,,1,15,,81021,5,4,,1,55,,81040,5,4,,1,15,,80983,5,4,,1,15,,81003,5,4,,1,15,,81022,5,4,,1,55,,81041,5,4,,1,15,,80984,5,4,,1,15,,81004,5,4,,1,15,,81023,5,4,,1,55,,81042,5,4,,1,15,,80985,5,4,,1,15,,81005,5,4,,1,15,,81024,5,4,,1,55,,81043,5,4,,1,15,,80986,5,4,,1,15,,81006,5,4,,1,15,,81025,5,4,,1,55,,81044,5,4,,1,15,,80987,5,4,,1
0,'20270222',523,,81105,5,4,,1,15,,81045,5,4,,1,20,,81085,5,4,,1,55,,81106,5,4,,1,15,,81046,5,4,,1,15,,81066,5,4,,1,15,,81086,5,4,,1,55,,81107,5,4,,1,15,,81047,5,4,,1,15,,81067,5,4,,1,15,,81087,5,4,,1,55,,81108,5,4,,1,15,,81048,5,4,,1,15,,81068,5,4,,1,15,,81088,5,4,,1,55,,81109,5,4,,1,15,,81049,5,4,,1,15,,81069,5,4,,1,15,,81089,5,4,,1,55,,81110,5,4,,1,15,,81050,5,4,,1,15,,81070,5,4,,1,15,,81090,5,4,,1,55,,81111,5,4,,1,15,,81051,5,4,,1,15,,81071,5,4,,1,15,,81091,5,4,,1,55,,81112,5,4,,1,15,,81052,5,4,,1,15,,81072,5,4,,1,15,,81092,5,4,,1,55,,81113,5,4,,1,15,,81053,5,4,,1,15,,81073,5,4,,1,15,,81093,5,4,,1,55,,81114,5,4,,1,15,,81054,5,4,,1,15,,81074,5,4,,1,15,,81094,5,4,,1,55,,81115,5,4,,1,15,,81055,5,4,,1,15,,81075,5,4,,1,15,,81095,5,4,,1,55,,81116,5,4,,1,15,,81056,5,4,,1,15,,81076,5,4,,1,15,,81096,5,4,,1,55,,81117,5,4,,1,15,,81057,5,4,,1,15,,81077,5,4,,1,15,,81097,5,4,,1,55,,81118,5,4,,1,15,,81058,5,4,,1,15,,81078,5,4,,1,15,,81098,5,4,,1,55,,81119,5,4,,1,15,,81059,5,4,,1,15,,81079,5,4,,1,15,,81099,5,4,,1,55,,81120,5,4,,1,15,,81060,5,4,,1,15,,81080,5,4,,1,15,,81100,5,4,,1,55,,81121,5,4,,1,15,,81061,5,4,,1,15,,81081,5,4,,1,15,,81101,5,4,,1,55,,81122,5,4,,1,15,,81062,5,4,,1,15,,81082,5,4,,1,15,,81102,5,4,,1,55,,81123,5,4,,1,15,,81063,5,4,,1,15,,81083,5,4,,1,15,,81103,5,4,,1,55,,81124,5,4,,1,15,,81064,5,4,,1,15,,81084,5,4,,1,15,,81104,5,4,,1,55,,81125,5,4,,1,15,,81065,5,4,,1
0,'20270223',523,,81186,5,4,,1,15,,81126,5,4,,1,20,,81166,5,4,,1,55,,81187,5,4,,1,15,,81127,5,4,,1,15,,81147,5,4,,1,15,,81167,5,4,,1,55,,81188,5,4,,1,15,,81128,5,4,,1,15,,81148,5,4,,1,15,,81168,5,4,,1,55,,81189,5,4,,1,15,,81129,5,4,,1,15,,81149,5,4,,1,15,,81169,5,4,,1,55,,81190,5,4,,1,15,,81130,5,4,,1,15,,81150,5,4,,1,15,,81170,5,4,,1,55,,81191,5,4,,1,15,,81131,5,4,,1,15,,81151,5,4,,1,15,,81171,5,4,,1,55,,81192,5,4,,1,15,,81132,5,4,,1,15,,81152,5,4,,1,15,,81172,5,4,,1,55,,81193,5,4,,1,15,,81133,5,4,,1,15,,81153,5,4,,1,15,,81173,5,4,,1,55,,81194,5,4,,1,15,,81134,5,4,,1,15,,81154,5,4,,1,15,,81174,5,4,,1,55,,81195,5,4,,1,15,,81135,5,4,,1,15,,81155,5,4,,1,15,,81175,5,4,,1,55,,81196,5,4,,1,15,,81136,5,4,,1,15,,81156,5,4,,1,15,,81176,5,4,,1,55,,81197,5,4,,1,15,,81137,5,4,,1,15,,81157,5,4,,1,15,,81177,5,4,,1,55,,81198,5,4,,1,15,,81138,5,4,,1,15,,81158,5,4,,1,15,,81178,5,4,,1,55,,81199,5,4,,1,15,,81139,5,4,,1,15,,81159,5,4,,1,15,,81179,5,4,,1,55,,81200,5,4,,1,15,,81140,5,4,,1,15,,81160,5,4,,1,15,,81180,5,4,,1,55,,81201,5,4,,1,15,,81141,5,4,,1,15,,81161,5,4,,1,15,,81181,5,4,,1,55,,81202,5,4,,1,15,,81142,5,4,,1,15,,81162,5,4,,1,15,,81182,5,4,,1,55,,81203,5,4,,1,15,,81143,5,4,,1,15,,81163,5,4,,1,15,,81183,5,4,,1,55,,81204,5,4,,1,15,,81144,5,4,,1,15,,81164,5,4,,1,15,,81184,5,4,,1,55,,81205,5,4,,1,15,,81145,5,4,,1,15,,81165,5,4,,1,15,,81185,5,4,,1,55,,81206,5,4,,1,15,,81146,5,4,,1
0,'20270224',523,,81267,5,4,,1,15,,81207,5,4,,1,20,,81247,5,4,,1,55,,81268,5,4,,1,15,,81208,5,4,,1,15,,81228,5,4,,1,15,,81248,5,4,,1,55,,81269,5,4,,1,15,,81209,5,4,,1,15,,81229,5,4,,1,15,,81249,5,4,,1,55,,81270,5,4,,1,15,,81210,5,4,,1,15,,81230,5,4,,1,15,,81250,5,4,,1,55,,81271,5,4,,1,15,,81211,5,4,,1,15,,81231,5,4,,1,15,,81251,5,4,,1,55,,81272,5,4,,1,15,,81212,5,4,,1,15,,81232,5,4,,1,15,,81252,5,4,,1,55,,81273,5,4,,1,15,,81213,5,4,,1,15,,81233,5,4,,1,15,,81253,5,4,,1,55,,81274,5,4,,1,15,,81214,5,4,,1,15,,81234,5,4,,1,15,,81254,5,4,,1,55,,81275,5,4,,1,15,,81215,5,4,,1,15,,81235,5,4,,1,15,,81255,5,4,,1,55,,81276,5,4,,1,15,,81216,5,4,,1,15,,81236,5,4,,1,15,,81256,5,4,,1,55,,81277,5,4,,1,15,,81217,5,4,,1,15,,81237,5,4,,1,15,,81257,5,4,,1,55,,81278,5,4,,1,15,,81218,5,4,,1,15,,81238,5,4,,1,15,,81258,5,4,,1,55,,81279,5,4,,1,15,,81219,5,4,,1,15,,81239,5,4,,1,15,,81259,5,4,,1,55,,81280,5,4,,1,15,,81220,5,4,,1,15,,81240,5,4,,1,15,,81260,5,4,,1,55,,81281,5,4,,1,15,,81221,5,4,,1,15,,81241,5,4,,1,15,,81261,5,4,,1,55,,81282,5,4,,1,15,,81222,5,4,,1,15,,81242,5,4,,1,15,,81262,5,4,,1,55,,81283,5,4,,1,15,,81223,5,4,,1,15,,81243,5,4,,1,15,,81263,5,4,,1,55,,81284,5,4,,1,15,,81224,5,4,,1,15,,81244,5,4,,1,15,,81264,5,4,,1,55,,81285,5,4,,1,15,,81225,5,4,,1,15,,81245,5,4,,1,15,,81265,5,4,,1,55,,81286,5,4,,1,15,,81226,5,4,,1,15,,81246,5,4,,1,15,,81266,5,4,,1,55,,81287,5,4,,1,15,,81227,5,4,,1
0,'20270225',523,,81348,5,4,,1,15,,81288,5,4,,1,20,,81328,5,4,,1,55,,81349,5,4,,1,15,,81289,5,4,,1,15,,81309,5,4,,1,15,,81329,5,4,,1,55,,81350,5,4,,1,15,,81290,5,4,,1,15,,81310,5,4,,1,15,,81330,5,4,,1,55,,81351,5,4,,1,15,,81291,5,4,,1,15,,81311,5,4,,1,15,,81331,5,4,,1,55,,81352,5,4,,1,15,,81292,5,4,,1,15,,81312,5,4,,1,15,,81332,5,4,,1,55,,81353,5,4,,1,15,,81293,5,4,,1,15,,81313,5,4,,1,15,,81333,5,4,,1,55,,81354,5,4,,1,15,,81294,5,4,,1,15,,81314,5,4,,1,15,,81334,5,4,,1,55,,81355,5,4,,1,15,,81295,5,4,,1,15,,81315,5,4,,1,15,,81335,5,4,,1,55,,81356,5,4,,1,15,,81296,5,4,,1,15,,81316,5,4,,1,15,,81336,5,4,,1,55,,81357,5,4,,1,15,,81297,5,4,,1,15,,81317,5,4,,1,15,,81337,5,4,,1,55,,81358,5,4,,1,15,,81298,5,4,,1,15,,81318,5,4,,1,15,,81338,5,4,,1,55,,81359,5,4,,1,15,,81299,5,4,,1,15,,81319,5,4,,1,15,,81339,5,4,,1,55,,81360,5,4,,1,15,,81300,5,4,,1,15,,81320,5,4,,1,15,,81340,5,4,,1,55,,81361,5,4,,1,15,,81301,5,4,,1,15,,81321,5,4,,1,15,,81341,5,4,,1,55,,81362,5,4,,1,15,,81302,5,4,,1,15,,81322,5,4,,1,15,,81342,5,4,,1,55,,81363,5,4,,1,15,,81303,5,4,,1,15,,81323,5,4,,1,15,,81343,5,4,,1,55,,81364,5,4,,1,15,,81304,5,4,,1,15,,81324,5,4,,1,15,,81344,5,4,,1,55,,81365,5,4,,1,15,,81305,5,4,,1,15,,81325,5,4,,1,15,,81345,5,4,,1,55,,81366,5,4,,1,15,,81306,5,4,,1,15,,81326,5,4,,1,15,,81346,5,4,,1,55,,81367,5,4,,1,15,,81307,5,4,,1,15,,81327,5,4,,1,15,,81347,5,4,,1,55,,81368,5,4,,1,15,,81308,5,4,,1
0,'20270226',523,,81429,5,4,,1,15,,81369,5,4,,1,20,,81409,5,4,,1,55,,81430,5,4,,1,15,,81370,5,4,,1,15,,81390,5,4,,1,15,,81410,5,4,,1,55,,81431,5,4,,1,15,,81371,5,4,,1,15,,81391,5,4,,1,15,,81411,5,4,,1,55,,81432,5,4,,1,15,,81372,5,4,,1,15,,81392,5,4,,1,15,,81412,5,4,,1,55,,81433,5,4,,1,15,,81373,5,4,,1,15,,81393,5,4,,1,15,,81413,5,4,,1,55,,81434,5,4,,1,15,,81374,5,4,,1,15,,81394,5,4,,1,15,,81414,5,4,,1,55,,81435,5,4,,1,15,,81375,5,4,,1,15,,81395,5,4,,1,15,,81415,5,4,,1,55,,81436,5,4,,1,15,,81376,5,4,,1,15,,81396,5,4,,1,15,,81416,5,4,,1,55,,81437,5,4,,1,15,,81377,5,4,,1,15,,81397,5,4,,1,15,,81417,5,4,,1,55,,81438,5,4,,1,15,,81378,5,4,,1,15,,81398,5,4,,1,15,,81418,5,4,,1,55,,81439,5,4,,1,15,,81379,5,4,,1,15,,81399,5,4,,1,15,,81419,5,4,,1,55,,81440,5,4,,1,15,,81380,5,4,,1,15,,81400,5,4,,1,15,,81420,5,4,,1,55,,81441,5,4,,1,15,,81381,5,4,,1,15,,81401,5,4,,1,15,,81421,5,4,,1,55,,81442,5,4,,1,15,,81382,5,4,,1,15,,81402,5,4,,1,15,,81422,5,4,,1,55,,81443,5,4,,1,15,,81383,5,4,,1,15,,81403,5,4,,1,15,,81423,5,4,,1,55,,81444,5,4,,1,15,,81384,5,4,,1,15,,81404,5,4,,1,15,,81424,5,4,,1,55,,81445,5,4,,1,15,,81385,5,4,,1,15,,81405,5,4,,1,15,,81425,5,4,,1,55,,81446,5,4,,1,15,,81386,5,4,,1,15,,81406,5,4,,1,15,,81426,5,4,,1,55,,81447,5,4,,1,15,,81387,5,4,,1,15,,81407,5,4,,1,15,,81427,5,4,,1,55,,81448,5,4,,1,15,,81388,5,4,,1,15,,81408,5,4,,1,15,,81428,5,4,,1,55,,81449,5,4,,1,15,,81389,5,4,,1
0,'20270227',628,,81450,5,4,,1,15,,81470,5,4,,1,15,,81489,5,4,,1,55,,81508,5,4,,1,15,,81451,5,4,,1,15,,81471,5,4,,1,15,,81490,5,4,,1,55,,81509,5,4,,1,15,,81452,5,4,,1,15,,81472,5,4,,1,15,,81491,5,4,,1,55,,81510,5,4,,1,15,,81453,5,4,,1,15,,81473,5,4,,1,15,,81492,5,4,,1,55,,81511,5,4,,1,15,,81454,5,4,,1,15,,81474,5,4,,1,15,,81493,5,4,,1,55,,81512,5,4,,1,15,,81455,5,4,,1,15,,81475,5,4,,1,15,,81494,5,4,,1,55,,81513,5,4,,1,15,,81456,5,4,,1,15,,81476,5,4,,1,15,,81495,5,4,,1,55,,81514,5,4,,1,15,,81457,5,4,,1,15,,81477,5,4,,1,15,,81496,5,4,,1,55,,81515,5,4,,1,15,,81458,5,4,,1,15,,81478,5,4,,1,15,,81497,5,4,,1,55,,81516,5,4,,1,15,,81459,5,4,,1,15,,81479,5,4,,1,15,,81498,5,4,,1,55,,81517,5,4,,1,15,,81460,5,4,,1,15,,81480,5,4,,1,15,,81499,5,4,,1,55,,81518,5,4,,1,15,,81461,5,4,,1,15,,81481,5,4,,1,15,,81500,5,4,,1,55,,81519,5,4,,1,15,,81462,5,4,,1,15,,81482,5,4,,1,15,,81501,5,4,,1,55,,81520,5,4,,1,15,,81463,5,4,,1,15,,81483,5,4,,1,15,,81502,5,4,,1,55,,81521,5,4,,1,15,,81464,5,4,,1,15,,81484,5,4,,1,15,,81503,5,4,,1,55,,81522,5,4,,1,15,,81465,5,4,,1,15,,81485,5,4,,1,15,,81504,5,4,,1,55,,81523,5,4,,1,15,,81466,5,4,,1,15,,81486,5,4,,1,15,,81505,5,4,,1,55,,81524,5,4,,1,15,,81467,5,4,,1,15,,81487,5,4,,1,15,,81506,5,4,,1,55,,81525,5,4,,1,15,,81468,5,4,,1,15,,81488,5,4,,1,15,,81507,5,4,,1,55,,81526,5,4,,1,15,,81469,5,4,,1
0,'20270228',628,,94532,5,4,,1,15,,94552,5,4,,1,15,,94571,5,4,,1,55,,94590,5,4,,1,15,,94533,5,4,,1,15,,94553,5,4,,1,15,,94572,5,4,,1,55,,94591,5,4,,1,15,,94534,5,4,,1,15,,94554,5,4,,1,15,,94573,5,4,,1,55,,94592,5,4,,1,15,,94535,5,4,,1,15,,94555,5,4,,1,15,,94574,5,4,,1,55,,94593,5,4,,1,15,,94536,5,4,,1,15,,94556,5,4,,1,15,,94575,5,4,,1,55,,94594,5,4,,1,15,,94537,5,4,,1,15,,94557,5,4,,1,15,,94576,5,4,,1,55,,94595,5,4,,1,15,,94538,5,4,,1,15,,94558,5,4,,1,15,,94577,5,4,,1,55,,94596,5,4,,1,15,,94539,5,4,,1,15,,94559,5,4,,1,15,,94578,5,4,,1,55,,94597,5,4,,1,15,,94540,5,4,,1,15,,94560,5,4,,1,15,,94579,5,4,,1,55,,94598,5,4,,1,15,,94541,5,4,,1,15,,94561,5,4,,1,15,,94580,5,4,,1,55,,94599,5,4,,1,15,,94542,5,4,,1,15,,94562,5,4,,1,15,,94581,5,4,,1,55,,94600,5,4,,1,15,,94543,5,4,,1,15,,94563,5,4,,1,15,,94582,5,4,,1,55,,94601,5,4,,1,15,,94544,5,4,,1,15,,94564,5,4,,1,15,,94583,5,4,,1,55,,94602,5,4,,1,15,,94545,5,4,,1,15,,94565,5,4,,1,15,,94584,5,4,,1,55,,94603,5,4,,1,15,,94546,5,4,,1,15,,94566,5,4,,1,15,,94585,5,4,,1,55,,94604,5,4,,1,15,,94547,5,4,,1,15,,94567,5,4,,1,15,,94586,5,4,,1,55,,94605,5,4,,1,15,,94548,5,4,,1,15,,94568,5,4,,1,15,,94587,5,4,,1,55,,94606,5,4,,1,15,,94549,5,4,,1,15,,94569,5,4,,1,15,,94588,5,4,,1,55,,94607,5,4,,1,15,,94550,5,4,,1,15,,94570,5,4,,1,15,,94589,5,4,,1,55,,94608,5,4,,1,15,,94551,5,4,,1
0,'20270301',523,,94669,5,4,,1,15,,94609,5,4,,1,20,,94649,5,4,,1,55,,94670,5,4,,1,15,,94610,5,4,,1,15,,94630,5,4,,1,15,,94650,5,4,,1,55,,94671,5,4,,1,15,,94611,5,4,,1,15,,94631,5,4,,1,15,,94651,5,4,,1,55,,94672,5,4,,1,15,,94612,5,4,,1,15,,94632,5,4,,1,15,,94652,5,4,,1,55,,94673,5,4,,1,15,,94613,5,4,,1,15,,94633,5,4,,1,15,,94653,5,4,,1,55,,94674,5,4,,1,15,,94614,5,4,,1,15,,94634,5,4,,1,15,,94654,5,4,,1,55,,94675,5,4,,1,15,,94615,5,4,,1,15,,94635,5,4,,1,15,,94655,5,4,,1,55,,94676,5,4,,1,15,,94616,5,4,,1,15,,94636,5,4,,1,15,,94656,5,4,,1,55,,94677,5,4,,1,15,,94617,5,4,,1,15,,94637,5,4,,1,15,,94657,5,4,,1,55,,94678,5,4,,1,15,,94618,5,4,,1,15,,94638,5,4,,1,15,,94658,5,4,,1,55,,94679,5,4,,1,15,,94619,5,4,,1,15,,94639,5,4,,1,15,,94659,5,4,,1,55,,94680,5,4,,1,15,,94620,5,4,,1,15,,94640,5,4,,1,15,,94660,5,4,,1,55,,94681,5,4,,1,15,,94621,5,4,,1,15,,94641,5,4,,1,15,,94661,5,4,,1,55,,94682,5,4,,1,15,,94622,5,4,,1,15,,94642,5,4,,1,15,,94662,5,4,,1,55,,94683,5,4,,1,15,,94623,5,4,,1,15,,94643,5,4,,1,15,,94663,5,4,,1,55,,94684,5,4,,1,15,,94624,5,4,,1,15,,94644,5,4,,1,15,,94664,5,4,,1,55,,94685,5,4,,1,15,,94625,5,4,,1,15,,94645,5,4,,1,15,,94665,5,4,,1,55,,94686,5,4,,1,15,,94626,5,4,,1,15,,94646,5,4,,1,15,,94666,5,4,,1,55,,94687,5,4,,1,15,,94627,5,4,,1,15,,94647,5,4,,1,15,,94667,5,4,,1,55,,94688,5,4,,1,15,,94628,5,4,,1,15,,94648,5,4,,1,15,,94668,5,4,,1,55,,94689,5,4,,1,15,,94629,5,4,,1
0,'20270302',523,,94750,5,4,,1,15,,94690,5,4,,1,20,,94730,5,4,,1,55,,94751,5,4,,1,15,,94691,5,4,,1,15,,94711,5,4,,1,15,,94731,5,4,,1,55,,94752,5,4,,1,15,,94692,5,4,,1,15,,94712,5,4,,1,15,,94732,5,4,,1,55,,94753,5,4,,1,15,,94693,5,4,,1,15,,94713,5,4,,1,15,,94733,5,4,,1,55,,94754,5,4,,1,15,,94694,5,4,,1,15,,94714,5,4,,1,15,,94734,5,4,,1,55,,94755,5,4,,1,15,,94695,5,4,,1,15,,94715,5,4,,1,15,,94735,5,4,,1,55,,94756,5,4,,1,15,,94696,5,4,,1,15,,94716,5,4,,1,15,,94736,5,4,,1,55,,94757,5,4,,1,15,,94697,5,4,,1,15,,94717,5,4,,1,15,,94737,5,4,,1,55,,94758,5,4,,1,15,,94698,5,4,,1,15,,94718,5,4,,1,15,,94738,5,4,,1,55,,94759,5,4,,1,15,,94699,5,4,,1,15,,94719,5,4,,1,15,,94739,5,4,,1,55,,94760,5,4,,1,15,,94700,5,4,,1,15,,94720,5,4,,1,15,,94740,5,4,,1,55,,94761,5,4,,1,15,,94701,5,4,,1,15,,94721,5,4,,1,15,,94741,5,4,,1,55,,94762,5,4,,1,15,,94702,5,4,,1,15,,94722,5,4,,1,15,,94742,5,4,,1,55,,94763,5,4,,1,15,,94703,5,4,,1,15,,94723,5,4,,1,15,,94743,5,4,,1,55,,94764,5,4,,1,15,,94704,5,4,,1,15,,94724,5,4,,1,15,,94744,5,4,,1,55,,94765,5,4,,1,15,,94705,5,4,,1,15,,94725,5,4,,1,15,,94745,5,4,,1,55,,94766,5,4,,1,15,,94706,5,4,,1,15,,94726,5,4,,1,15,,94746,5,4,,1,55,,94767,5,4,,1,15,,94707,5,4,,1,15,,94727,5,4,,1,15,,94747,5,4,,1,55,,94768,5,4,,1,15,,94708,5,4,,1,15,,94728,5,4,,1,15,,94748,5,4,,1,55,,94769,5,4,,1,15,,94709,5,4,,1,15,,94729,5,4,,1,15,,94749,5,4,,1,55,,94770,5,4,,1,15,,94710,5,4,,1
1,'20260921',527,,82131,1,,,1,15,,82072,1,,,1,12,,82092,1,,,1,55,,82112,1,,,1,15,,82132,1,,,1,15,,82073,1,,,1,15,,82093,1,,,1,55,,82113,1,,,1,15,,82133,1,,,1,15,,82074,1,,,1,15,,82094,1,,,1,55,,82114,1,,,1,15,,82134,1,,,1,15,,82075,1,,,1,15,,82095,1,,,1,55,,82115,1,,,1,15,,82135,1,,,1,15,,82076,1,,,1,15,,82096,1,,,1,55,,82116,1,,,1,15,,82136,1,,,1,15,,82077,1,,,1,15,,82097,1,,,1,55,,82117,1,,,1,15,,82137,1,,,1,15,,82078,1,,,1,15,,82098,1,,,1,55,,82118,1,,,1,15,,82138,1,,,1,15,,82079,1,,,1,15,,82099,1,,,1,55,,82119,1,,,1,15,,82139,1,,,1,15,,82080,1,,,1,15,,82100,1,,,1,55,,82120,1,,,1,15,,82140,1,,,1,15,,82081,1,,,1,15,,82101,1,,,1,55,,82121,1,,,1,15,,82141,1,,,1,15,,82082,1,,,1,15,,82102,1,,,1,55,,82122,1,,,1,15,,82142,1,,,1,15,,82083,1,,,1,15,,82103,1,,,1,55,,82123,1,,,1,15,,82143,1,,,1,15,,82084,1,,,1,15,,82104,1,,,1,55,,82124,1,,,1,15,,82144,1,,,1,15,,82085,1,,,1,15,,82105,1,,,1,55,,82125,1,,,1,15,,82145,1,,,1,15,,82086,1,,,1,15,,82106,1,,,1,55,,82126,1,,,1,15,,82146,1,,,1,15,,82087,1,,,1,15,,82107,1,,,1,55,,82127,1,,,1,15,,82147,1,,,1,15,,82088,1,,,1,15,,82108,1,,,1,55,,82128,1,,,1,15,,82148,1,,,1,15,,82089,1,,,1,15,,82109,1,,,1,55,,82129,1,,,1,15,,82149,1,,,1,15,,82090,1,,,1,15,,82110,1,,,1,55,,82130,1,,,1,15,,82150,1,,,1,15,,82091,1,,,1,15,,82111,1,,,1
1,'20260922',527,,82210,1,,,1,15,,82151,1,,,1,12,,82171,1,,,1,55,,82191,1,,,1,15,,82211,1,,,1,15,,82152,1,,,1,15,,82172,1,,,1,55,,82192,1,,,1,15,,82212,1,,,1,15,,82153,1,,,1,15,,82173,1,,,1,55,,82193,1,,,1,15,,82213,1,,,1,15,,82154,1,,,1,15,,82174,1,,,1,55,,82194,1,,,1,15,,82214,1,,,1,15,,82155,1,,,1,15,,82175,1,,,1,55,,82195,1,,,1,15,,82215,1,,,1,15,,82156,1,,,1,15,,82176,1,,,1,55,,82196,1,,,1,15,,82216,1,,,1,15,,82157,1,,,1,15,,82177,1,,,1,55,,82197,1,,,1,15,,82217,1,,,1,15,,82158,1,,,1,15,,82178,1,,,1,55,,82198,1,,,1,15,,82218,1,,,1,15,,82159,1,,,1,15,,82179,1,,,1,55,,82199,1,,,1,15,,82219,1,,,1,15,,82160,1,,,1,15,,82180,1,,,1,55,,82200,1,,,1,15,,82220,1,,,1,15,,82161,1,,,1,15,,82181,1,,,1,55,,82201,1,,,1,15,,82221,1,,,1,15,,82162,1,,,1,15,,82182,1,,,1,55,,82202,1,,,1,15,,82222,1,,,1,15,,82163,1,,,1,15,,82183,1,,,1,55,,82203,1,,,1,15,,82223,1,,,1,15,,82164,1,,,1,15,,82184,1,,,1,55,,82204,1,,,1,15,,82224,1,,,1,15,,82165,1,,,1,15,,82185,1,,,1,55,,82205,1,,,1,15,,82225,1,,,1,15,,82166,1,,,1,15,,82186,1,,,1,55,,82206,1,,,1,15,,82226,1,,,1,15,,82167,1,,,1,15,,82187,1,,,1,55,,82207,1,,,1,15,,82227,1,,,1,15,,82168,1,,,1,15,,82188,1,,,1,55,,82208,1,,,1,15,,82228,1,,,1,15,,82169,1,,,1,15,,82189,1,,,1,55,,82209,1,,,1,15,,82229,1,,,1,15,,82170,1,,,1,15,,82190,1,,,1
1,'20260923',527,,82289,1,,,1,15,,82230,1,,,1,12,,82250,1,,,1,55,,82270,1,,,1,15,,82290,1,,,1,15,,82231,1,,,1,15,,82251,1,,,1,55,,82271,1,,,1,15,,82291,1,,,1,15,,82232,1,,,1,15,,82252,1,,,1,55,,82272,1,,,1,15,,82292,1,,,1,15,,82233,1,,,1,15,,82253,1,,,1,55,,82273,1,,,1,15,,82293,1,,,1,15,,82234,1,,,1,15,,82254,1,,,1,55,,82274,1,,,1,15,,82294,1,,,1,15,,82235,1,,,1,15,,82255,1,,,1,55,,82275,1,,,1,15,,82295,1,,,1,15,,82236,1,,,1,15,,82256,1,,,1,55,,82276,1,,,1,15,,82296,1,,,1,15,,82237,1,,,1,15,,82257,1,,,1,55,,82277,1,,,1,15,,82297,1,,,1,15,,82238,1,,,1,15,,82258,1,,,1,55,,82278,1,,,1,15,,82298,1,,,1,15,,82239,1,,,1,15,,82259,1,,,1,55,,82279,1,,,1,15,,82299,1,,,1,15,,82240,1,,,1,15,,82260,1,,,1,55,,82280,1,,,1,15,,82300,1,,,1,15,,82241,1,,,1,15,,82261,1,,,1,55,,82281,1,,,1,15,,82301,1,,,1,15,,82242,1,,,1,15,,82262,1,,,1,55,,82282,1,,,1,15,,82302,1,,,1,15,,82243,1,,,1,15,,82263,1,,,1,55,,82283,1,,,1,15,,82303,1,,,1,15,,82244,1,,,1,15,,82264,1,,,1,55,,82284,1,,,1,15,,82304,1,,,1,15,,82245,1,,,1,15,,82265,1,,,1,55,,82285,1,,,1,15,,82305,1,,,1,15,,82246,1,,,1,15,,82266,1,,,1,55,,82286,1,,,1,15,,82306,1,,,1,15,,82247,1,,,1,15,,82267,1,,,1,55,,82287,1,,,1,15,,82307,1,,,1,15,,82248,1,,,1,15,,82268,1,,,1,55,,82288,1,,,1,15,,82308,1,,,1,15,,82249,1,,,1,15,,82269,1,,,1
1,'20260924',527,,82368,1,,,1,15,,82309,1,,,1,12,,82329,1,,,1,55,,82349,1,,,1,15,,82369,1,,,1,15,,82310,1,,,1,15,,82330,1,,,1,55,,82350,1,,,1,15,,82370,1,,,1,15,,82311,1,,,1,15,,82331,1,,,1,55,,82351,1,,,1,15,,82371,1,,,1,15,,82312,1,,,1,15,,82332,1,,,1,55,,82352,1,,,1,15,,82372,1,,,1,15,,82313,1,,,1,15,,82333,1,,,1,55,,82353,1,,,1,15,,82373,1,,,1,15,,82314,1,,,1,15,,82334,1,,,1,55,,82354,1,,,1,15,,82374,1,,,1,15,,82315,1,,,1,15,,82335,1,,,1,55,,82355,1,,,1,15,,82375,1,,,1,15,,82316,1,,,1,15,,82336,1,,,1,55,,82356,1,,,1,15,,82376,1,,,1,15,,82317,1,,,1,15,,82337,1,,,1,55,,82357,1,,,1,15,,82377,1,,,1,15,,82318,1,,,1,15,,82338,1,,,1,55,,82358,1,,,1,15,,82378,1,,,1,15,,82319,1,,,1,15,,82339,1,,,1,55,,82359,1,,,1,15,,82379,1,,,1,15,,82320,1,,,1,15,,82340,1,,,1,55,,82360,1,,,1,15,,82380,1,,,1,15,,82321,1,,,1,15,,82341,1,,,1,55,,82361,1,,,1,15,,82381,1,,,1,15,,82322,1,,,1,15,,82342,1,,,1,55,,82362,1,,,1,15,,82382,1,,,1,15,,82323,1,,,1,15,,82343,1,,,1,55,,82363,1,,,1,15,,82383,1,,,1,15,,82324,1,,,1,15,,82344,1,,,1,55,,82364,1,,,1,15,,82384,1,,,1,15,,82325,1,,,1,15,,82345,1,,,1,55,,82365,1,,,1,15,,82385,1,,,1,15,,82326,1,,,1,15,,82346,1,,,1,55,,82366,1,,,1,15,,82386,1,,,1,15,,82327,1,,,1,15,,82347,1,,,1,55,,82367,1,,,1,15,,82387,1,,,1,15,,82328,1,,,1,15,,82348,1,,,1
1,'20260925',527,,82447,1,,,1,15,,82388,1,,,1,12,,82408,1,,,1,55,,82428,1,,,1,15,,82448,1,,,1,15,,82389,1,,,1,15,,82409,1,,,1,55,,82429,1,,,1,15,,82449,1,,,1,15,,82390,1,,,1,15,,82410,1,,,1,55,,82430,1,,,1,15,,82450,1,,,1,15,,82391,1,,,1,15,,82411,1,,,1,55,,82431,1,,,1,15,,82451,1,,,1,15,,82392,1,,,1,15,,82412,1,,,1,55,,82432,1,,,1,15,,82452,1,,,1,15,,82393,1,,,1,15,,82413,1,,,1,55,,82433,1,,,1,15,,82453,1,,,1,15,,82394,1,,,1,15,,82414,1,,,1,55,,82434,1,,,1,15,,82454,1,,,1,15,,82395,1,,,1,15,,82415,1,,,1,55,,82435,1,,,1,15,,82455,1,,,1,15,,82396,1,,,1,15,,82416,1,,,1,55,,82436,1,,,1,15,,82456,1,,,1,15,,82397,1,,,1,15,,82417,1,,,1,55,,82437,1,,,1,15,,82457,1,,,1,15,,82398,1,,,1,15,,82418,1,,,1,55,,82438,1,,,1,15,,82458,1,,,1,15,,82399,1,,,1,15,,82419,1,,,1,55,,82439,1,,,1,15,,82459,1,,,1,15,,82400,1,,,1,15,,82420,1,,,1,55,,82440,1,,,1,15,,82460,1,,,1,15,,82401,1,,,1,15,,82421,1,,,1,55,,82441,1,,,1,15,,82461,1,,,1,15,,82402,1,,,1,15,,82422,1,,,1,55,,82442,1,,,1,15,,82462,1,,,1,15,,82403,1,,,1,15,,82423,1,,,1,55,,82443,1,,,1,15,,82463,1,,,1,15,,82404,1,,,1,15,,82424,1,,,1,55,,82444,1,,,1,15,,82464,1,,,1,15,,82405,1,,,1,15,,82425,1,,,1,55,,82445,1,,,1,15,,82465,1,,,1,15,,82406,1,,,1,15,,82426,1,,,1,55,,82446,1,,,1,15,,82466,1,,,1,15,,82407,1,,,1,15,,82427,1,,,1
1,'20260926',624,,82523,1,,,1,15,,82467,1,,,1,15,,82486,1,,,1,55,,82505,1,,,1,15,,82524,1,,,1,15,,82468,1,,,1,15,,82487,1,,,1,55,,82506,1,,,1,15,,82525,1,,,1,15,,82469,1,,,1,15,,82488,1,,,1,55,,82507,1,,,1,15,,82526,1,,,1,15,,82470,1,,,1,15,,82489,1,,,1,55,,82508,1,,,1,15,,82527,1,,,1,15,,82471,1,,,1,15,,82490,1,,,1,55,,82509,1,,,1,15,,82528,1,,,1,15,,82472,1,,,1,15,,82491,1,,,1,55,,82510,1,,,1,15,,82529,1,,,1,15,,82473,1,,,1,15,,82492,1,,,1,55,,82511,1,,,1,15,,82530,1,,,1,15,,82474,1,,,1,15,,82493,1,,,1,55,,82512,1,,,1,15,,82531,1,,,1,15,,82475,1,,,1,15,,82494,1,,,1,55,,82513,1,,,1,15,,82532,1,,,1,15,,82476,1,,,1,15,,82495,1,,,1,55,,82514,1,,,1,15,,82533,1,,,1,15,,82477,1,,,1,15,,82496,1,,,1,55,,82515,1,,,1,15,,82534,1,,,1,15,,82478,1,,,1,15,,82497,1,,,1,55,,82516,1,,,1,15,,82535,1,,,1,15,,82479,1,,,1,15,,82498,1,,,1,55,,82517,1,,,1,15,,82536,1,,,1,15,,82480,1,,,1,15,,82499,1,,,1,55,,82518,1,,,1,15,,82537,1,,,1,15,,82481,1,,,1,15,,82500,1,,,1,55,,82519,1,,,1,15,,82538,1,,,1,15,,82482,1,,,1,15,,82501,1,,,1,55,,82520,1,,,1,15,,82539,1,,,1,15,,82483,1,,,1,15,,82502,1,,,1,55,,82521,1,,,1,15,,82540,1,,,1,15,,82484,1,,,1,15,,82503,1,,,1,55,,82522,1,,,1,15,,82541,1,,,1,15,,82485,1,,,1,15,,82504,1,,,1
1,'20260927',624,,82598,1,,,1,15,,82542,1,,,1,15,,82561,1,,,1,55,,82580,1,,,1,15,,82599,1,,,1,15,,82543,1,,,1,15,,82562,1,,,1,55,,82581,1,,,1,15,,82600,1,,,1,15,,82544,1,,,1,15,,82563,1,,,1,55,,82582,1,,,1,15,,82601,1,,,1,15,,82545,1,,,1,15,,82564,1,,,1,55,,82583,1,,,1,15,,82602,1,,,1,15,,82546,1,,,1,15,,82565,1,,,1,55,,82584,1,,,1,15,,82603,1,,,1,15,,82547,1,,,1,15,,82566,1,,,1,55,,82585,1,,,1,15,,82604,1,,,1,15,,82548,1,,,1,15,,82567,1,,,1,55,,82586,1,,,1,15,,82605,1,,,1,15,,82549,1,,,1,15,,82568,1,,,1,55,,82587,1,,,1,15,,82606,1,,,1,15,,82550,1,,,1,15,,82569,1,,,1,55,,82588,1,,,1,15,,82607,1,,,1,15,,82551,1,,,1,15,,82570,1,,,1,55,,82589,1,,,1,15,,82608,1,,,1,15,,82552,1,,,1,15,,82571,1,,,1,55,,82590,1,,,1,15,,82609,1,,,1,15,,82553,1,,,1,15,,82572,1,,,1,55,,82591,1,,,1,15,,82610,1,,,1,15,,82554,1,,,1,15,,82573,1,,,1,55,,82592,1,,,1,15,,82611,1,,,1,15,,82555,1,,,1,15,,82574,1,,,1,55,,82593,1,,,1,15,,82612,1,,,1,15,,82556,1,,,1,15,,82575,1,,,1,55,,82594,1,,,1,15,,82613,1,,,1,15,,82557,1,,,1,15,,82576,1,,,1,55,,82595,1,,,1,15,,82614,1,,,1,15,,82558,1,,,1,15,,82577,1,,,1,55,,82596,1,,,1,15,,82615,1,,,1,15,,82559,1,,,1,15,,82578,1,,,1,55,,82597,1,,,1,15,,82616,1,,,1,15,,82560,1,,,1,15,,82579,1,,,1
1,'20260928',527,,82676,1,,,1,15,,82617,1,,,1,12,,82637,1,,,1,55,,82657,1,,,1,15,,82677,1,,,1,15,,82618,1,,,1,15,,82638,1,,,1,55,,82658,1,,,1,15,,82678,1,,,1,15,,82619,1,,,1,15,,82639,1,,,1,55,,82659,1,,,1,15,,82679,1,,,1,15,,82620,1,,,1,15,,82640,1,,,1,55,,82660,1,,,1,15,,82680,1,,,1,15,,82621,1,,,1,15,,82641,1,,,1,55,,82661,1,,,1,15,,82681,1,,,1,15,,82622,1,,,1,15,,82642,1,,,1,55,,82662,1,,,1,15,,82682,1,,,1,15,,82623,1,,,1,15,,82643,1,,,1,55,,82663,1,,,1,15,,82683,1,,,1,15,,82624,1,,,1,15,,82644,1,,,1,55,,82664,1,,,1,15,,82684,1,,,1,15,,82625,1,,,1,15,,82645,1,,,1,55,,82665,1,,,1,15,,82685,1,,,1,15,,82626,1,,,1,15,,82646,1,,,1,55,,82666,1,,,1,15,,82686,1,,,1,15,,82627,1,,,1,15,,82647,1,,,1,55,,82667,1,,,1,15,,82687,1,,,1,15,,82628,1,,,1,15,,82648,1,,,1,55,,82668,1,,,1,15,,82688,1,,,1,15,,82629,1,,,1,15,,82649,1,,,1,55,,82669,1,,,1,15,,82689,1,,,1,15,,82630,1,,,1,15,,82650,1,,,1,55,,82670,1,,,1,15,,82690,1,,,1,15,,82631,1,,,1,15,,82651,1,,,1,55,,82671,1,,,1,15,,82691,1,,,1,15,,82632,1,,,1,15,,82652,1,,,1,55,,82672,1,,,1,15,,82692,1,,,1,15,,82633,1,,,1,15,,82653,1,,,1,55,,82673,1,,,1,15,,82693,1,,,1,15,,82634,1,,,1,15,,82654,1,,,1,55,,82674,1,,,1,15,,82694,1,,,1,15,,82635,1,,,1,15,,82655,1,,,1,55,,82675,1,,,1,15,,82695,1,,,1,15,,82636,1,,,1,15,,82656,1,,,1
1,'20260929',527,,82755,1,,,1,15,,82696,1,,,1,12,,82716,1,,,1,55,,82736,1,,,1,15,,82756,1,,,1,15,,82697,1,,,1,15,,82717,1,,,1,55,,82737,1,,,1,15,,82757,1,,,1,15,,82698,1,,,1,15,,82718,1,,,1,55,,82738,1,,,1,15,,82758,1,,,1,15,,82699,1,,,1,15,,82719,1,,,1,55,,82739,1,,,1,15,,82759,1,,,1,15,,82700,1,,,1,15,,82720,1,,,1,55,,82740,1,,,1,15,,82760,1,,,1,15,,82701,1,,,1,15,,82721,1,,,1,55,,82741,1,,,1,15,,82761,1,,,1,15,,82702,1,,,1,15,,82722,1,,,1,55,,82742,1,,,1,15,,82762,1,,,1,15,,82703,1,,,1,15,,82723,1,,,1,55,,82743,1,,,1,15,,82763,1,,,1,15,,82704,1,,,1,15,,82724,1,,,1,55,,82744,1,,,1,15,,82764,1,,,1,15,,82705,1,,,1,15,,82725,1,,,1,55,,82745,1,,,1,15,,82765,1,,,1,15,,82706,1,,,1,15,,82726,1,,,1,55,,82746,1,,,1,15,,82766,1,,,1,15,,82707,1,,,1,15,,82727,1,,,1,55,,82747,1,,,1,15,,82767,1,,,1,15,,82708,1,,,1,15,,82728,1,,,1,55,,82748,1,,,1,15,,82768,1,,,1,15,,82709,1,,,1,15,,82729,1,,,1,55,,82749,1,,,1,15,,82769,1,,,1,15,,82710,1,,,1,15,,82730,1,,,1,55,,82750,1,,,1,15,,82770,1,,,1,15,,82711,1,,,1,15,,82731,1,,,1,55,,82751,1,,,1,15,,82771,1,,,1,15,,82712,1,,,1,15,,82732,1,,,1,55,,82752,1,,,1,15,,82772,1,,,1,15,,82713,1,,,1,15,,82733,1,,,1,55,,82753,1,,,1,15,,82773,1,,,1,15,,82714,1,,,1,15,,82734,1,,,1,55,,82754,1,,,1,15,,82774,1,,,1,15,,82715,1,,,1,15,,82735,1,,,1
1,'20260930',527,,82834,1,,,1,15,,82775,1,,,1,12,,82795,1,,,1,55,,82815,1,,,1,15,,82835,1,,,1,15,,82776,1,,,1,15,,82796,1,,,1,55,,82816,1,,,1,15,,82836,1,,,1,15,,82777,1,,,1,15,,82797,1,,,1,55,,82817,1,,,1,15,,82837,1,,,1,15,,82778,1,,,1,15,,82798,1,,,1,55,,82818,1,,,1,15,,82838,1,,,1,15,,82779,1,,,1,15,,82799,1,,,1,55,,82819,1,,,1,15,,82839,1,,,1,15,,82780,1,,,1,15,,82800,1,,,1,55,,82820,1,,,1,15,,82840,1,,,1,15,,82781,1,,,1,15,,82801,1,,,1,55,,82821,1,,,1,15,,82841,1,,,1,15,,82782,1,,,1,15,,82802,1,,,1,55,,82822,1,,,1,15,,82842,1,,,1,15,,82783,1,,,1,15,,82803,1,,,1,55,,82823,1,,,1,15,,82843,1,,,1,15,,82784,1,,,1,15,,82804,1,,,1,55,,82824,1,,,1,15,,82844,1,,,1,15,,82785,1,,,1,15,,82805,1,,,1,55,,82825,1,,,1,15,,82845,1,,,1,15,,82786,1,,,1,15,,82806,1,,,1,55,,82826,1,,,1,15,,82846,1,,,1,15,,82787,1,,,1,15,,82807,1,,,1,55,,82827,1,,,1,15,,82847,1,,,1,15,,82788,1,,,1,15,,82808,1,,,1,55,,82828,1,,,1,15,,82848,1,,,1,15,,82789,1,,,1,15,,82809,1,,,1,55,,82829,1,,,1,15,,82849,1,,,1,15,,82790,1,,,1,15,,82810,1,,,1,55,,82830,1,,,1,15,,82850,1,,,1,15,,82791,1,,,1,15,,82811,1,,,1,55,,82831,1,,,1,15,,82851,1,,,1,15,,82792,1,,,1,15,,82812,1,,,1,55,,82832,1,,,1,15,,82852,1,,,1,15,,82793,1,,,1,15,,82813,1,,,1,55,,82833,1,,,1,15,,82853,1,,,1,15,,82794,1,,,1,15,,82814,1,,,1
1,'20261001',527,,82913,1,,,1,15,,82854,1,,,1,12,,82874,1,,,1,55,,82894,1,,,1,15,,82914,1,,,1,15,,82855,1,,,1,15,,82875,1,,,1,55,,82895,1,,,1,15,,82915,1,,,1,15,,82856,1,,,1,15,,82876,1,,,1,55,,82896,1,,,1,15,,82916,1,,,1,15,,82857,1,,,1,15,,82877,1,,,1,55,,82897,1,,,1,15,,82917,1,,,1,15,,82858,1,,,1,15,,82878,1,,,1,55,,82898,1,,,1,15,,82918,1,,,1,15,,82859,1,,,1,15,,82879,1,,,1,55,,82899,1,,,1,15,,82919,1,,,1,15,,82860,1,,,1,15,,82880,1,,,1,55,,82900,1,,,1,15,,82920,1,,,1,15,,82861,1,,,1,15,,82881,1,,,1,55,,82901,1,,,1,15,,82921,1,,,1,15,,82862,1,,,1,15,,82882,1,,,1,55,,82902,1,,,1,15,,82922,1,,,1,15,,82863,1,,,1,15,,82883,1,,,1,55,,82903,1,,,1,15,,82923,1,,,1,15,,82864,1,,,1,15,,82884,1,,,1,55,,82904,1,,,1,15,,82924,1,,,1,15,,82865,1,,,1,15,,82885,1,,,1,55,,82905,1,,,1,15,,82925,1,,,1,15,,82866,1,,,1,15,,82886,1,,,1,55,,82906,1,,,1,15,,82926,1,,,1,15,,82867,1,,,1,15,,82887,1,,,1,55,,82907,1,,,1,15,,82927,1,,,1,15,,82868,1,,,1,15,,82888,1,,,1,55,,82908,1,,,1,15,,82928,1,,,1,15,,82869,1,,,1,15,,82889,1,,,1,55,,82909,1,,,1,15,,82929,1,,,1,15,,82870,1,,,1,15,,82890,1,,,1,55,,82910,1,,,1,15,,82930,1,,,1,15,,82871,1,,,1,15,,82891,1,,,1,55,,82911,1,,,1,15,,82931,1,,,1,15,,82872,1,,,1,15,,82892,1,,,1,55,,82912,1,,,1,15,,82932,1,,,1,15,,82873,1,,,1,15,,82893,1,,,1
1,'20261002',527,,82992,1,,,1,15,,82933,1,,,1,12,,82953,1,,,1,55,,82973,1,,,1,15,,82993,1,,,1,15,,82934,1,,,1,15,,82954,1,,,1,55,,82974,1,,,1,15,,82994,1,,,1,15,,82935,1,,,1,15,,82955,1,,,1,55,,82975,1,,,1,15,,82995,1,,,1,15,,82936,1,,,1,15,,82956,1,,,1,55,,82976,1,,,1,15,,82996,1,,,1,15,,82937,1,,,1,15,,82957,1,,,1,55,,82977,1,,,1,15,,82997,1,,,1,15,,82938,1,,,1,15,,82958,1,,,1,55,,82978,1,,,1,15,,82998,1,,,1,15,,82939,1,,,1,15,,82959,1,,,1,55,,82979,1,,,1,15,,82999,1,,,1,15,,82940,1,,,1,15,,82960,1,,,1,55,,82980,1,,,1,15,,83000,1,,,1,15,,82941,1,,,1,15,,82961,1,,,1,55,,82981,1,,,1,15,,83001,1,,,1,15,,82942,1,,,1,15,,82962,1,,,1,55,,82982,1,,,1,15,,83002,1,,,1,15,,82943,1,,,1,15,,82963,1,,,1,55,,82983,1,,,1,15,,83003,1,,,1,15,,82944,1,,,1,15,,82964,1,,,1,55,,82984,1,,,1,15,,83004,1,,,1,15,,82945,1,,,1,15,,82965,1,,,1,55,,82985,1,,,1,15,,83005,1,,,1,15,,82946,1,,,1,15,,82966,1,,,1,55,,82986,1,,,1,15,,83006,1,,,1,15,,82947,1,,,1,15,,82967,1,,,1,55,,82987,1,,,1,15,,83007,1,,,1,15,,82948,1,,,1,15,,82968,1,,,1,55,,82988,1,,,1,15,,83008,1,,,1,15,,82949,1,,,1,15,,82969,1,,,1,55,,82989,1,,,1,15,,83009,1,,,1,15,,82950,1,,,1,15,,82970,1,,,1,55,,82990,1,,,1,15,,83010,1,,,1,15,,82951,1,,,1,15,,82971,1,,,1,55,,82991,1,,,1,15,,83011,1,,,1,15,,82952,1,,,1,15,,82972,1,,,1
1,'20261003',624,,83068,1,,,1,15,,83012,1,,,1,15,,83031,1,,,1,55,,83050,1,,,1,15,,83069,1,,,1,15,,83013,1,,,1,15,,83032,1,,,1,55,,83051,1,,,1,15,,83070,1,,,1,15,,83014,1,,,1,15,,83033,1,,,1,55,,83052,1,,,1,15,,83071,1,,,1,15,,83015,1,,,1,15,,83034,1,,,1,55,,83053,1,,,1,15,,83072,1,,,1,15,,83016,1,,,1,15,,83035,1,,,1,55,,83054,1,,,1,15,,83073,1,,,1,15,,83017,1,,,1,15,,83036,1,,,1,55,,83055,1,,,1,15,,83074,1,,,1,15,,83018,1,,,1,15,,83037,1,,,1,55,,83056,1,,,1,15,,83075,1,,,1,15,,83019,1,,,1,15,,83038,1,,,1,55,,83057,1,,,1,15,,83076,1,,,1,15,,83020,1,,,1,15,,83039,1,,,1,55,,83058,1,,,1,15,,83077,1,,,1,15,,83021,1,,,1,15,,83040,1,,,1,55,,83059,1,,,1,15,,83078,1,,,1,15,,83022,1,,,1,15,,83041,1,,,1,55,,83060,1,,,1,15,,83079,1,,,1,15,,83023,1,,,1,15,,83042,1,,,1,55,,83061,1,,,1,15,,83080,1,,,1,15,,83024,1,,,1,15,,83043,1,,,1,55,,83062,1,,,1,15,,83081,1,,,1,15,,83025,1,,,1,15,,83044,1,,,1,55,,83063,1,,,1,15,,83082,1,,,1,15,,83026,1,,,1,15,,83045,1,,,1,55,,83064,1,,,1,15,,83083,1,,,1,15,,83027,1,,,1,15,,83046,1,,,1,55,,83065,1,,,1,15,,83084,1,,,1,15,,83028,1,,,1,15,,83047,1,,,1,55,,83066,1,,,1,15,,83085,1,,,1,15,,83029,1,,,1,15,,83048,1,,,1,55,,83067,1,,,1,15,,83086,1,,,1,15,,83030,1,,,1,15,,83049,1,,,1
1,'20261004',624,,83143,1,,,1,15,,83087,1,,,1,15,,83106,1,,,1,55,,83125,1,,,1,15,,83144,1,,,1,15,,83088,1,,,1,15,,83107,1,,,1,55,,83126,1,,,1,15,,83145,1,,,1,15,,83089,1,,,1,15,,83108,1,,,1,55,,83127,1,,,1,15,,83146,1,,,1,15,,83090,1,,,1,15,,83109,1,,,1,55,,83128,1,,,1,15,,83147,1,,,1,15,,83091,1,,,1,15,,83110,1,,,1,55,,83129,1,,,1,15,,83148,1,,,1,15,,83092,1,,,1,15,,83111,1,,,1,55,,83130,1,,,1,15,,83149,1,,,1,15,,83093,1,,,1,15,,83112,1,,,1,55,,83131,1,,,1,15,,83150,1,,,1,15,,83094,1,,,1,15,,83113,1,,,1,55,,83132,1,,,1,15,,83151,1,,,1,15,,83095,1,,,1,15,,83114,1,,,1,55,,83133,1,,,1,15,,83152,1,,,1,15,,83096,1,,,1,15,,83115,1,,,1,55,,83134,1,,,1,15,,83153,1,,,1,15,,83097,1,,,1,15,,83116,1,,,1,55,,83135,1,,,1,15,,83154,1,,,1,15,,83098,1,,,1,15,,83117,1,,,1,55,,83136,1,,,1,15,,83155,1,,,1,15,,83099,1,,,1,15,,83118,1,,,1,55,,83137,1,,,1,15,,83156,1,,,1,15,,83100,1,,,1,15,,83119,1,,,1,55,,83138,1,,,1,15,,83157,1,,,1,15,,83101,1,,,1,15,,83120,1,,,1,55,,83139,1,,,1,15,,83158,1,,,1,15,,83102,1,,,1,15,,83121,1,,,1,55,,83140,1,,,1,15,,83159,1,,,1,15,,83103,1,,,1,15,,83122,1,,,1,55,,83141,1,,,1,15,,83160,1,,,1,15,,83104,1,,,1,15,,83123,1,,,1,55,,83142,1,,,1,15,,83161,1,,,1,15,,83105,1,,,1,15,,83124,1,,,1
1,'20261005',527,,83221,1,,,1,15,,83162,1,,,1,12,,83182,1,,,1,55,,83202,1,,,1,15,,83222,1,,,1,15,,83163,1,,,1,15,,83183,1,,,1,55,,83203,1,,,1,15,,83223,1,,,1,15,,83164,1,,,1,15,,83184,1,,,1,55,,83204,1,,,1,15,,83224,1,,,1,15,,83165,1,,,1,15,,83185,1,,,1,55,,83205,1,,,1,15,,83225,1,,,1,15,,83166,1,,,1,15,,83186,1,,,1,55,,83206,1,,,1,15,,83226,1,,,1,15,,83167,1,,,1,15,,83187,1,,,1,55,,83207,1,,,1,15,,83227,1,,,1,15,,83168,1,,,1,15,,83188,1,,,1,55,,83208,1,,,1,15,,83228,1,,,1,15,,83169,1,,,1,15,,83189,1,,,1,55,,83209,1,,,1,15,,83229,1,,,1,15,,83170,1,,,1,15,,83190,1,,,1,55,,83210,1,,,1,15,,83230,1,,,1,15,,83171,1,,,1,15,,83191,1,,,1,55,,83211,1,,,1,15,,83231,1,,,1,15,,83172,1,,,1,15,,83192,1,,,1,55,,83212,1,,,1,15,,83232,1,,,1,15,,83173,1,,,1,15,,83193,1,,,1,55,,83213,1,,,1,15,,83233,1,,,1,15,,83174,1,,,1,15,,83194,1,,,1,55,,83214,1,,,1,15,,83234,1,,,1,15,,83175,1,,,1,15,,83195,1,,,1,55,,83215,1,,,1,15,,83235,1,,,1,15,,83176,1,,,1,15,,83196,1,,,1,55,,83216,1,,,1,15,,83236,1,,,1,15,,83177,1,,,1,15,,83197,1,,,1,55,,83217,1,,,1,15,,83237,1,,,1,15,,83178,1,,,1,15,,83198,1,,,1,55,,83218,1,,,1,15,,83238,1,,,1,15,,83179,1,,,1,15,,83199,1,,,1,55,,83219,1,,,1,15,,83239,1,,,1,15,,83180,1,,,1,15,,83200,1,,,1,55,,83220,1,,,1,15,,83240,1,,,1,15,,83181,1,,,1,15,,83201,1,,,1
1,'20261006',527,,83300,1,,,1,15,,83241,1,,,1,12,,83261,1,,,1,55,,83281,1,,,1,15,,83301,1,,,1,15,,83242,1,,,1,15,,83262,1,,,1,55,,83282,1,,,1,15,,83302,1,,,1,15,,83243,1,,,1,15,,83263,1,,,1,55,,83283,1,,,1,15,,83303,1,,,1,15,,83244,1,,,1,15,,83264,1,,,1,55,,83284,1,,,1,15,,83304,1,,,1,15,,83245,1,,,1,15,,83265,1,,,1,55,,83285,1,,,1,15,,83305,1,,,1,15,,83246,1,,,1,15,,83266,1,,,1,55,,83286,1,,,1,15,,83306,1,,,1,15,,83247,1,,,1,15,,83267,1,,,1,55,,83287,1,,,1,15,,83307,1,,,1,15,,83248,1,,,1,15,,83268,1,,,1,55,,83288,1,,,1,15,,83308,1,,,1,15,,83249,1,,,1,15,,83269,1,,,1,55,,83289,1,,,1,15,,83309,1,,,1,15,,83250,1,,,1,15,,83270,1,,,1,55,,83290,1,,,1,15,,83310,1,,,1,15,,83251,1,,,1,15,,83271,1,,,1,55,,83291,1,,,1,15,,83311,1,,,1,15,,83252,1,,,1,15,,83272,1,,,1,55,,83292,1,,,1,15,,83312,1,,,1,15,,83253,1,,,1,15,,83273,1,,,1,55,,83293,1,,,1,15,,83313,1,,,1,15,,83254,1,,,1,15,,83274,1,,,1,55,,83294,1,,,1,15,,83314,1,,,1,15,,83255,1,,,1,15,,83275,1,,,1,55,,83295,1,,,1,15,,83315,1,,,1,15,,83256,1,,,1,15,,83276,1,,,1,55,,83296,1,,,1,15,,83316,1,,,1,15,,83257,1,,,1,15,,83277,1,,,1,55,,83297,1,,,1,15,,83317,1,,,1,15,,83258,1,,,1,15,,83278,1,,,1,55,,83298,1,,,1,15,,83318,1,,,1,15,,83259,1,,,1,15,,83279,1,,,1,55,,83299,1,,,1,15,,83319,1,,,1,15,,83260,1,,,1,15,,83280,1,,,1
1,'20261007',527,,83379,1,,,1,15,,83320,1,,,1,12,,83340,1,,,1,55,,83360,1,,,1,15,,83380,1,,,1,15,,83321,1,,,1,15,,83341,1,,,1,55,,83361,1,,,1,15,,83381,1,,,1,15,,83322,1,,,1,15,,83342,1,,,1,55,,83362,1,,,1,15,,83382,1,,,1,15,,83323,1,,,1,15,,83343,1,,,1,55,,83363,1,,,1,15,,83383,1,,,1,15,,83324,1,,,1,15,,83344,1,,,1,55,,83364,1,,,1,15,,83384,1,,,1,15,,83325,1,,,1,15,,83345,1,,,1,55,,83365,1,,,1,15,,83385,1,,,1,15,,83326,1,,,1,15,,83346,1,,,1,55,,83366,1,,,1,15,,83386,1,,,1,15,,83327,1,,,1,15,,83347,1,,,1,55,,83367,1,,,1,15,,83387,1,,,1,15,,83328,1,,,1,15,,83348,1,,,1,55,,83368,1,,,1,15,,83388,1,,,1,15,,83329,1,,,1,15,,83349,1,,,1,55,,83369,1,,,1,15,,83389,1,,,1,15,,83330,1,,,1,15,,83350,1,,,1,55,,83370,1,,,1,15,,83390,1,,,1,15,,83331,1,,,1,15,,83351,1,,,1,55,,83371,1,,,1,15,,83391,1,,,1,15,,83332,1,,,1,15,,83352,1,,,1,55,,83372,1,,,1,15,,83392,1,,,1,15,,83333,1,,,1,15,,83353,1,,,1,55,,83373,1,,,1,15,,83393,1,,,1,15,,83334,1,,,1,15,,83354,1,,,1,55,,83374,1,,,1,15,,83394,1,,,1,15,,83335,1,,,1,15,,83355,1,,,1,55,,83375,1,,,1,15,,83395,1,,,1,15,,83336,1,,,1,15,,83356,1,,,1,55,,83376,1,,,1,15,,83396,1,,,1,15,,83337,1,,,1,15,,83357,1,,,1,55,,83377,1,,,1,15,,83397,1,,,1,15,,83338,1,,,1,15,,83358,1,,,1,55,,83378,1,,,1,15,,83398,1,,,1,15,,83339,1,,,1,15,,83359,1,,,1
1,'20261008',527,,83458,1,,,1,15,,83399,1,,,1,12,,83419,1,,,1,55,,83439,1,,,1,15,,83459,1,,,1,15,,83400,1,,,1,15,,83420,1,,,1,55,,83440,1,,,1,15,,83460,1,,,1,15,,83401,1,,,1,15,,83421,1,,,1,55,,83441,1,,,1,15,,83461,1,,,1,15,,83402,1,,,1,15,,83422,1,,,1,55,,83442,1,,,1,15,,83462,1,,,1,15,,83403,1,,,1,15,,83423,1,,,1,55,,83443,1,,,1,15,,83463,1,,,1,15,,83404,1,,,1,15,,83424,1,,,1,55,,83444,1,,,1,15,,83464,1,,,1,15,,83405,1,,,1,15,,83425,1,,,1,55,,83445,1,,,1,15,,83465,1,,,1,15,,83406,1,,,1,15,,83426,1,,,1,55,,83446,1,,,1,15,,83466,1,,,1,15,,83407,1,,,1,15,,83427,1,,,1,55,,83447,1,,,1,15,,83467,1,,,1,15,,83408,1,,,1,15,,83428,1,,,1,55,,83448,1,,,1,15,,83468,1,,,1,15,,83409,1,,,1,15,,83429,1,,,1,55,,83449,1,,,1,15,,83469,1,,,1,15,,83410,1,,,1,15,,83430,1,,,1,55,,83450,1,,,1,15,,83470,1,,,1,15,,83411,1,,,1,15,,83431,1,,,1,55,,83451,1,,,1,15,,83471,1,,,1,15,,83412,1,,,1,15,,83432,1,,,1,55,,83452,1,,,1,15,,83472,1,,,1,15,,83413,1,,,1,15,,83433,1,,,1,55,,83453,1,,,1,15,,83473,1,,,1,15,,83414,1,,,1,15,,83434,1,,,1,55,,83454,1,,,1,15,,83474,1,,,1,15,,83415,1,,,1,15,,83435,1,,,1,55,,83455,1,,,1,15,,83475,1,,,1,15,,83416,1,,,1,15,,83436,1,,,1,55,,83456,1,,,1,15,,83476,1,,,1,15,,83417,1,,,1,15,,83437,1,,,1,55,,83457,1,,,1,15,,83477,1,,,1,15,,83418,1,,,1,15,,83438,1,,,1
1,'20261009',527,,83537,1,,,1,15,,83478,1,,,1,12,,83498,1,,,1,55,,83518,1,,,1,15,,83538,1,,,1,15,,83479,1,,,1,15,,83499,1,,,1,55,,83519,1,,,1,15,,83539,1,,,1,15,,83480,1,,,1,15,,83500,1,,,1,55,,83520,1,,,1,15,,83540,1,,,1,15,,83481,1,,,1,15,,83501,1,,,1,55,,83521,1,,,1,15,,83541,1,,,1,15,,83482,1,,,1,15,,83502,1,,,1,55,,83522,1,,,1,15,,83542,1,,,1,15,,83483,1,,,1,15,,83503,1,,,1,55,,83523,1,,,1,15,,83543,1,,,1,15,,83484,1,,,1,15,,83504,1,,,1,55,,83524,1,,,1,15,,83544,1,,,1,15,,83485,1,,,1,15,,83505,1,,,1,55,,83525,1,,,1,15,,83545,1,,,1,15,,83486,1,,,1,15,,83506,1,,,1,55,,83526,1,,,1,15,,83546,1,,,1,15,,83487,1,,,1,15,,83507,1,,,1,55,,83527,1,,,1,15,,83547,1,,,1,15,,83488,1,,,1,15,,83508,1,,,1,55,,83528,1,,,1,15,,83548,1,,,1,15,,83489,1,,,1,15,,83509,1,,,1,55,,83529,1,,,1,15,,83549,1,,,1,15,,83490,1,,,1,15,,83510,1,,,1,55,,83530,1,,,1,15,,83550,1,,,1,15,,83491,1,,,1,15,,83511,1,,,1,55,,83531,1,,,1,15,,83551,1,,,1,15,,83492,1,,,1,15,,83512,1,,,1,55,,83532,1,,,1,15,,83552,1,,,1,15,,83493,1,,,1,15,,83513,1,,,1,55,,83533,1,,,1,15,,83553,1,,,1,15,,83494,1,,,1,15,,83514,1,,,1,55,,83534,1,,,1,15,,83554,1,,,1,15,,83495,1,,,1,15,,83515,1,,,1,55,,83535,1,,,1,15,,83555,1,,,1,15,,83496,1,,,1,15,,83516,1,,,1,55,,83536,1,,,1,15,,83556,1,,,1,15,,83497,1,,,1,15,,83517,1,,,1
1,'20261010',624,,83613,1,,,1,15,,83557,1,,,1,15,,83576,1,,,1,55,,83595,1,,,1,15,,83614,1,,,1,15,,83558,1,,,1,15,,83577,1,,,1,55,,83596,1,,,1,15,,83615,1,,,1,15,,83559,1,,,1,15,,83578,1,,,1,55,,83597,1,,,1,15,,83616,1,,,1,15,,83560,1,,,1,15,,83579,1,,,1,55,,83598,1,,,1,15,,83617,1,,,1,15,,83561,1,,,1,15,,83580,1,,,1,55,,83599,1,,,1,15,,83618,1,,,1,15,,83562,1,,,1,15,,83581,1,,,1,55,,83600,1,,,1,15,,83619,1,,,1,15,,83563,1,,,1,15,,83582,1,,,1,55,,83601,1,,,1,15,,83620,1,,,1,15,,83564,1,,,1,15,,83583,1,,,1,55,,83602,1,,,1,15,,83621,1,,,1,15,,83565,1,,,1,15,,83584,1,,,1,55,,83603,1,,,1,15,,83622,1,,,1,15,,83566,1,,,1,15,,83585,1,,,1,55,,83604,1,,,1,15,,83623,1,,,1,15,,83567,1,,,1,15,,83586,1,,,1,55,,83605,1,,,1,15,,83624,1,,,1,15,,83568,1,,,1,15,,83587,1,,,1,55,,83606,1,,,1,15,,83625,1,,,1,15,,83569,1,,,1,15,,83588,1,,,1,55,,83607,1,,,1,15,,83626,1,,,1,15,,83570,1,,,1,15,,83589,1,,,1,55,,83608,1,,,1,15,,83627,1,,,1,15,,83571,1,,,1,15,,83590,1,,,1,55,,83609,1,,,1,15,,83628,1,,,1,15,,83572,1,,,1,15,,83591,1,,,1,55,,83610,1,,,1,15,,83629,1,,,1,15,,83573,1,,,1,15,,83592,1,,,1,55,,83611,1,,,1,15,,83630,1,,,1,15,,83574,1,,,1,15,,83593,1,,,1,55,,83612,1,,,1,15,,83631,1,,,1,15,,83575,1,,,1,15,,83594,1,,,1
1,'20261011',624,,83688,1,,,1,15,,83632,1,,,1,15,,83651,1,,,1,55,,83670,1,,,1,15,,83689,1,,,1,15,,83633,1,,,1,15,,83652,1,,,1,55,,83671,1,,,1,15,,83690,1,,,1,15,,83634,1,,,1,15,,83653,1,,,1,55,,83672,1,,,1,15,,83691,1,,,1,15,,83635,1,,,1,15,,83654,1,,,1,55,,83673,1,,,1,15,,83692,1,,,1,15,,83636,1,,,1,15,,83655,1,,,1,55,,83674,1,,,1,15,,83693,1,,,1,15,,83637,1,,,1,15,,83656,1,,,1,55,,83675,1,,,1,15,,83694,1,,,1,15,,83638,1,,,1,15,,83657,1,,,1,55,,83676,1,,,1,15,,83695,1,,,1,15,,83639,1,,,1,15,,83658,1,,,1,55,,83677,1,,,1,15,,83696,1,,,1,15,,83640,1,,,1,15,,83659,1,,,1,55,,83678,1,,,1,15,,83697,1,,,1,15,,83641,1,,,1,15,,83660,1,,,1,55,,83679,1,,,1,15,,83698,1,,,1,15,,83642,1,,,1,15,,83661,1,,,1,55,,83680,1,,,1,15,,83699,1,,,1,15,,83643,1,,,1,15,,83662,1,,,1,55,,83681,1,,,1,15,,83700,1,,,1,15,,83644,1,,,1,15,,83663,1,,,1,55,,83682,1,,,1,15,,83701,1,,,1,15,,83645,1,,,1,15,,83664,1,,,1,55,,83683,1,,,1,15,,83702,1,,,1,15,,83646,1,,,1,15,,83665,1,,,1,55,,83684,1,,,1,15,,83703,1,,,1,15,,83647,1,,,1,15,,83666,1,,,1,55,,83685,1,,,1,15,,83704,1,,,1,15,,83648,1,,,1,15,,83667,1,,,1,55,,83686,1,,,1,15,,83705,1,,,1,15,,83649,1,,,1,15,,83668,1,,,1,55,,83687,1,,,1,15,,83706,1,,,1,15,,83650,1,,,1,15,,83669,1,,,1
1,'20261012',527,,83766,1,,,1,15,,83707,1,,,1,12,,83727,1,,,1,55,,83747,1,,,1,15,,83767,1,,,1,15,,83708,1,,,1,15,,83728,1,,,1,55,,83748,1,,,1,15,,83768,1,,,1,15,,83709,1,,,1,15,,83729,1,,,1,55,,83749,1,,,1,15,,83769,1,,,1,15,,83710,1,,,1,15,,83730,1,,,1,55,,83750,1,,,1,15,,83770,1,,,1,15,,83711,1,,,1,15,,83731,1,,,1,55,,83751,1,,,1,15,,83771,1,,,1,15,,83712,1,,,1,15,,83732,1,,,1,55,,83752,1,,,1,15,,83772,1,,,1,15,,83713,1,,,1,15,,83733,1,,,1,55,,83753,1,,,1,15,,83773,1,,,1,15,,83714,1,,,1,15,,83734,1,,,1,55,,83754,1,,,1,15,,83774,1,,,1,15,,83715,1,,,1,15,,83735,1,,,1,55,,83755,1,,,1,15,,83775,1,,,1,15,,83716,1,,,1,15,,83736,1,,,1,55,,83756,1,,,1,15,,83776,1,,,1,15,,83717,1,,,1,15,,83737,1,,,1,55,,83757,1,,,1,15,,83777,1,,,1,15,,83718,1,,,1,15,,83738,1,,,1,55,,83758,1,,,1,15,,83778,1,,,1,15,,83719,1,,,1,15,,83739,1,,,1,55,,83759,1,,,1,15,,83779,1,,,1,15,,83720,1,,,1,15,,83740,1,,,1,55,,83760,1,,,1,15,,83780,1,,,1,15,,83721,1,,,1,15,,83741,1,,,1,55,,83761,1,,,1,15,,83781,1,,,1,15,,83722,1,,,1,15,,83742,1,,,1,55,,83762,1,,,1,15,,83782,1,,,1,15,,83723,1,,,1,15,,83743,1,,,1,55,,83763,1,,,1,15,,83783,1,,,1,15,,83724,1,,,1,15,,83744,1,,,1,55,,83764,1,,,1,15,,83784,1,,,1,15,,83725,1,,,1,15,,83745,1,,,1,55,,83765,1,,,1,15,,83785,1,,,1,15,,83726,1,,,1,15,,83746,1,,,1
1,'20261013',527,,83845,1,,,1,15,,83786,1,,,1,12,,83806,1,,,1,55,,83826,1,,,1,15,,83846,1,,,1,15,,83787,1,,,1,15,,83807,1,,,1,55,,83827,1,,,1,15,,83847,1,,,1,15,,83788,1,,,1,15,,83808,1,,,1,55,,83828,1,,,1,15,,83848,1,,,1,15,,83789,1,,,1,15,,83809,1,,,1,55,,83829,1,,,1,15,,83849,1,,,1,15,,83790,1,,,1,15,,83810,1,,,1,55,,83830,1,,,1,15,,83850,1,,,1,15,,83791,1,,,1,15,,83811,1,,,1,55,,83831,1,,,1,15,,83851,1,,,1,15,,83792,1,,,1,15,,83812,1,,,1,55,,83832,1,,,1,15,,83852,1,,,1,15,,83793,1,,,1,15,,83813,1,,,1,55,,83833,1,,,1,15,,83853,1,,,1,15,,83794,1,,,1,15,,83814,1,,,1,55,,83834,1,,,1,15,,83854,1,,,1,15,,83795,1,,,1,15,,83815,1,,,1,55,,83835,1,,,1,15,,83855,1,,,1,15,,83796,1,,,1,15,,83816,1,,,1,55,,83836,1,,,1,15,,83856,1,,,1,15,,83797,1,,,1,15,,83817,1,,,1,55,,83837,1,,,1,15,,83857,1,,,1,15,,83798,1,,,1,15,,83818,1,,,1,55,,83838,1,,,1,15,,83858,1,,,1,15,,83799,1,,,1,15,,83819,1,,,1,55,,83839,1,,,1,15,,83859,1,,,1,15,,83800,1,,,1,15,,83820,1,,,1,55,,83840,1,,,1,15,,83860,1,,,1,15,,83801,1,,,1,15,,83821,1,,,1,55,,83841,1,,,1,15,,83861,1,,,1,15,,83802,1,,,1,15,,83822,1,,,1,55,,83842,1,,,1,15,,83862,1,,,1,15,,83803,1,,,1,15,,83823,1,,,1,55,,83843,1,,,1,15,,83863,1,,,1,15,,83804,1,,,1,15,,83824,1,,,1,55,,83844,1,,,1,15,,83864,1,,,1,15,,83805,1,,,1,15,,83825,1,,,1
1,'20261014',527,,83924,1,,,1,15,,83865,1,,,1,12,,83885,1,,,1,55,,83905,1,,,1,15,,83925,1,,,1,15,,83866,1,,,1,15,,83886,1,,,1,55,,83906,1,,,1,15,,83926,1,,,1,15,,83867,1,,,1,15,,83887,1,,,1,55,,83907,1,,,1,15,,83927,1,,,1,15,,83868,1,,,1,15,,83888,1,,,1,55,,83908,1,,,1,15,,83928,1,,,1,15,,83869,1,,,1,15,,83889,1,,,1,55,,83909,1,,,1,15,,83929,1,,,1,15,,83870,1,,,1,15,,83890,1,,,1,55,,83910,1,,,1,15,,83930,1,,,1,15,,83871,1,,,1,15,,83891,1,,,1,55,,83911,1,,,1,15,,83931,1,,,1,15,,83872,1,,,1,15,,83892,1,,,1,55,,83912,1,,,1,15,,83932,1,,,1,15,,83873,1,,,1,15,,83893,1,,,1,55,,83913,1,,,1,15,,83933,1,,,1,15,,83874,1,,,1,15,,83894,1,,,1,55,,83914,1,,,1,15,,83934,1,,,1,15,,83875,1,,,1,15,,83895,1,,,1,55,,83915,1,,,1,15,,83935,1,,,1,15,,83876,1,,,1,15,,83896,1,,,1,55,,83916,1,,,1,15,,83936,1,,,1,15,,83877,1,,,1,15,,83897,1,,,1,55,,83917,1,,,1,15,,83937,1,,,1,15,,83878,1,,,1,15,,83898,1,,,1,55,,83918,1,,,1,15,,83938,1,,,1,15,,83879,1,,,1,15,,83899,1,,,1,55,,83919,1,,,1,15,,83939,1,,,1,15,,83880,1,,,1,15,,83900,1,,,1,55,,83920,1,,,1,15,,83940,1,,,1,15,,83881,1,,,1,15,,83901,1,,,1,55,,83921,1,,,1,15,,83941,1,,,1,15,,83882,1,,,1,15,,83902,1,,,1,55,,83922,1,,,1,15,,83942,1,,,1,15,,83883,1,,,1,15,,83903,1,,,1,55,,83923,1,,,1,15,,83943,1,,,1,15,,83884,1,,,1,15,,83904,1,,,1
1,'20261015',527,,84003,1,,,1,15,,83944,1,,,1,12,,83964,1,,,1,55,,83984,1,,,1,15,,84004,1,,,1,15,,83945,1,,,1,15,,83965,1,,,1,55,,83985,1,,,1,15,,84005,1,,,1,15,,83946,1,,,1,15,,83966,1,,,1,55,,83986,1,,,1,15,,84006,1,,,1,15,,83947,1,,,1,15,,83967,1,,,1,55,,83987,1,,,1,15,,84007,1,,,1,15,,83948,1,,,1,15,,83968,1,,,1,55,,83988,1,,,1,15,,84008,1,,,1,15,,83949,1,,,1,15,,83969,1,,,1,55,,83989,1,,,1,15,,84009,1,,,1,15,,83950,1,,,1,15,,83970,1,,,1,55,,83990,1,,,1,15,,84010,1,,,1,15,,83951,1,,,1,15,,83971,1,,,1,55,,83991,1,,,1,15,,84011,1,,,1,15,,83952,1,,,1,15,,83972,1,,,1,55,,83992,1,,,1,15,,84012,1,,,1,15,,83953,1,,,1,15,,83973,1,,,1,55,,83993,1,,,1,15,,84013,1,,,1,15,,83954,1,,,1,15,,83974,1,,,1,55,,83994,1,,,1,15,,84014,1,,,1,15,,83955,1,,,1,15,,83975,1,,,1,55,,83995,1,,,1,15,,84015,1,,,1,15,,83956,1,,,1,15,,83976,1,,,1,55,,83996,1,,,1,15,,84016,1,,,1,15,,83957,1,,,1,15,,83977,1,,,1,55,,83997,1,,,1,15,,84017,1,,,1,15,,83958,1,,,1,15,,83978,1,,,1,55,,83998,1,,,1,15,,84018,1,,,1,15,,83959,1,,,1,15,,83979,1,,,1,55,,83999,1,,,1,15,,84019,1,,,1,15,,83960,1,,,1,15,,83980,1,,,1,55,,84000,1,,,1,15,,84020,1,,,1,15,,83961,1,,,1,15,,83981,1,,,1,55,,84001,1,,,1,15,,84021,1,,,1,15,,83962,1,,,1,15,,83982,1,,,1,55,,84002,1,,,1,15,,84022,1,,,1,15,,83963,1,,,1,15,,83983,1,,,1
1,'20261016',527,,84082,1,,,1,15,,84023,1,,,1,12,,84043,1,,,1,55,,84063,1,,,1,15,,84083,1,,,1,15,,84024,1,,,1,15,,84044,1,,,1,55,,84064,1,,,1,15,,84084,1,,,1,15,,84025,1,,,1,15,,84045,1,,,1,55,,84065,1,,,1,15,,84085,1,,,1,15,,84026,1,,,1,15,,84046,1,,,1,55,,84066,1,,,1,15,,84086,1,,,1,15,,84027,1,,,1,15,,84047,1,,,1,55,,84067,1,,,1,15,,84087,1,,,1,15,,84028,1,,,1,15,,84048,1,,,1,55,,84068,1,,,1,15,,84088,1,,,1,15,,84029,1,,,1,15,,84049,1,,,1,55,,84069,1,,,1,15,,84089,1,,,1,15,,84030,1,,,1,15,,84050,1,,,1,55,,84070,1,,,1,15,,84090,1,,,1,15,,84031,1,,,1,15,,84051,1,,,1,55,,84071,1,,,1,15,,84091,1,,,1,15,,84032,1,,,1,15,,84052,1,,,1,55,,84072,1,,,1,15,,84092,1,,,1,15,,84033,1,,,1,15,,84053,1,,,1,55,,84073,1,,,1,15,,84093,1,,,1,15,,84034,1,,,1,15,,84054,1,,,1,55,,84074,1,,,1,15,,84094,1,,,1,15,,84035,1,,,1,15,,84055,1,,,1,55,,84075,1,,,1,15,,84095,1,,,1,15,,84036,1,,,1,15,,84056,1,,,1,55,,84076,1,,,1,15,,84096,1,,,1,15,,84037,1,,,1,15,,84057,1,,,1,55,,84077,1,,,1,15,,84097,1,,,1,15,,84038,1,,,1,15,,84058,1,,,1,55,,84078,1,,,1,15,,84098,1,,,1,15,,84039,1,,,1,15,,84059,1,,,1,55,,84079,1,,,1,15,,84099,1,,,1,15,,84040,1,,,1,15,,84060,1,,,1,55,,84080,1,,,1,15,,84100,1,,,1,15,,84041,1,,,1,15,,84061,1,,,1,55,,84081,1,,,1,15,,84101,1,,,1,15,,84042,1,,,1,15,,84062,1,,,1
1,'20261017',624,,84158,1,,,1,15,,84102,1,,,1,15,,84121,1,,,1,55,,84140,1,,,1,15,,84159,1,,,1,15,,84103,1,,,1,15,,84122,1,,,1,55,,84141,1,,,1,15,,84160,1,,,1,15,,84104,1,,,1,15,,84123,1,,,1,55,,84142,1,,,1,15,,84161,1,,,1,15,,84105,1,,,1,15,,84124,1,,,1,55,,84143,1,,,1,15,,84162,1,,,1,15,,84106,1,,,1,15,,84125,1,,,1,55,,84144,1,,,1,15,,84163,1,,,1,15,,84107,1,,,1,15,,84126,1,,,1,55,,84145,1,,,1,15,,84164,1,,,1,15,,84108,1,,,1,15,,84127,1,,,1,55,,84146,1,,,1,15,,84165,1,,,1,15,,84109,1,,,1,15,,84128,1,,,1,55,,84147,1,,,1,15,,84166,1,,,1,15,,84110,1,,,1,15,,84129,1,,,1,55,,84148,1,,,1,15,,84167,1,,,1,15,,84111,1,,,1,15,,84130,1,,,1,55,,84149,1,,,1,15,,84168,1,,,1,15,,84112,1,,,1,15,,84131,1,,,1,55,,84150,1,,,1,15,,84169,1,,,1,15,,84113,1,,,1,15,,84132,1,,,1,55,,84151,1,,,1,15,,84170,1,,,1,15,,84114,1,,,1,15,,84133,1,,,1,55,,84152,1,,,1,15,,84171,1,,,1,15,,84115,1,,,1,15,,84134,1,,,1,55,,84153,1,,,1,15,,84172,1,,,1,15,,84116,1,,,1,15,,84135,1,,,1,55,,84154,1,,,1,15,,84173,1,,,1,15,,84117,1,,,1,15,,84136,1,,,1,55,,84155,1,,,1,15,,84174,1,,,1,15,,84118,1,,,1,15,,84137,1,,,1,55,,84156,1,,,1,15,,84175,1,,,1,15,,84119,1,,,1,15,,84138,1,,,1,55,,84157,1,,,1,15,,84176,1,,,1,15,,84120,1,,,1,15,,84139,1,,,1
1,'20261018',624,,84233,1,,,1,15,,84177,1,,,1,15,,84196,1,,,1,55,,84215,1,,,1,15,,84234,1,,,1,15,,84178,1,,,1,15,,84197,1,,,1,55,,84216,1,,,1,15,,84235,1,,,1,15,,84179,1,,,1,15,,84198,1,,,1,55,,84217,1,,,1,15,,84236,1,,,1,15,,84180,1,,,1,15,,84199,1,,,1,55,,84218,1,,,1,15,,84237,1,,,1,15,,84181,1,,,1,15,,84200,1,,,1,55,,84219,1,,,1,15,,84238,1,,,1,15,,84182,1,,,1,15,,84201,1,,,1,55,,84220,1,,,1,15,,84239,1,,,1,15,,84183,1,,,1,15,,84202,1,,,1,55,,84221,1,,,1,15,,84240,1,,,1,15,,84184,1,,,1,15,,84203,1,,,1,55,,84222,1,,,1,15,,84241,1,,,1,15,,84185,1,,,1,15,,84204,1,,,1,55,,84223,1,,,1,15,,84242,1,,,1,15,,84186,1,,,1,15,,84205,1,,,1,55,,84224,1,,,1,15,,84243,1,,,1,15,,84187,1,,,1,15,,84206,1,,,1,55,,84225,1,,,1,15,,84244,1,,,1,15,,84188,1,,,1,15,,84207,1,,,1,55,,84226,1,,,1,15,,84245,1,,,1,15,,84189,1,,,1,15,,84208,1,,,1,55,,84227,1,,,1,15,,84246,1,,,1,15,,84190,1,,,1,15,,84209,1,,,1,55,,84228,1,,,1,15,,84247,1,,,1,15,,84191,1,,,1,15,,84210,1,,,1,55,,84229,1,,,1,15,,84248,1,,,1,15,,84192,1,,,1,15,,84211,1,,,1,55,,84230,1,,,1,15,,84249,1,,,1,15,,84193,1,,,1,15,,84212,1,,,1,55,,84231,1,,,1,15,,84250,1,,,1,15,,84194,1,,,1,15,,84213,1,,,1,55,,84232,1,,,1,15,,84251,1,,,1,15,,84195,1,,,1,15,,84214,1,,,1
1,'20261019',527,,84311,1,,,1,15,,84252,1,,,1,12,,84272,1,,,1,55,,84292,1,,,1,15,,84312,1,,,1,15,,84253,1,,,1,15,,84273,1,,,1,55,,84293,1,,,1,15,,84313,1,,,1,15,,84254,1,,,1,15,,84274,1,,,1,55,,84294,1,,,1,15,,84314,1,,,1,15,,84255,1,,,1,15,,84275,1,,,1,55,,84295,1,,,1,15,,84315,1,,,1,15,,84256,1,,,1,15,,84276,1,,,1,55,,84296,1,,,1,15,,84316,1,,,1,15,,84257,1,,,1,15,,84277,1,,,1,55,,84297,1,,,1,15,,84317,1,,,1,15,,84258,1,,,1,15,,84278,1,,,1,55,,84298,1,,,1,15,,84318,1,,,1,15,,84259,1,,,1,15,,84279,1,,,1,55,,84299,1,,,1,15,,84319,1,,,1,15,,84260,1,,,1,15,,84280,1,,,1,55,,84300,1,,,1,15,,84320,1,,,1,15,,84261,1,,,1,15,,84281,1,,,1,55,,84301,1,,,1,15,,84321,1,,,1,15,,84262,1,,,1,15,,84282,1,,,1,55,,84302,1,,,1,15,,84322,1,,,1,15,,84263,1,,,1,15,,84283,1,,,1,55,,84303,1,,,1,15,,84323,1,,,1,15,,84264,1,,,1,15,,84284,1,,,1,55,,84304,1,,,1,15,,84324,1,,,1,15,,84265,1,,,1,15,,84285,1,,,1,55,,84305,1,,,1,15,,84325,1,,,1,15,,84266,1,,,1,15,,84286,1,,,1,55,,84306,1,,,1,15,,84326,1,,,1,15,,84267,1,,,1,15,,84287,1,,,1,55,,84307,1,,,1,15,,84327,1,,,1,15,,84268,1,,,1,15,,84288,1,,,1,55,,84308,1,,,1,15,,84328,1,,,1,15,,84269,1,,,1,15,,84289,1,,,1,55,,84309,1,,,1,15,,84329,1,,,1,15,,84270,1,,,1,15,,84290,1,,,1,55,,84310,1,,,1,15,,84330,1,,,1,15,,84271,1,,,1,15,,84291,1,,,1
1,'20261020',527,,84390,1,,,1,15,,84331,1,,,1,12,,84351,1,,,1,55,,84371,1,,,1,15,,84391,1,,,1,15,,84332,1,,,1,15,,84352,1,,,1,55,,84372,1,,,1,15,,84392,1,,,1,15,,84333,1,,,1,15,,84353,1,,,1,55,,84373,1,,,1,15,,84393,1,,,1,15,,84334,1,,,1,15,,84354,1,,,1,55,,84374,1,,,1,15,,84394,1,,,1,15,,84335,1,,,1,15,,84355,1,,,1,55,,84375,1,,,1,15,,84395,1,,,1,15,,84336,1,,,1,15,,84356,1,,,1,55,,84376,1,,,1,15,,84396,1,,,1,15,,84337,1,,,1,15,,84357,1,,,1,55,,84377,1,,,1,15,,84397,1,,,1,15,,84338,1,,,1,15,,84358,1,,,1,55,,84378,1,,,1,15,,84398,1,,,1,15,,84339,1,,,1,15,,84359,1,,,1,55,,84379,1,,,1,15,,84399,1,,,1,15,,84340,1,,,1,15,,84360,1,,,1,55,,84380,1,,,1,15,,84400,1,,,1,15,,84341,1,,,1,15,,84361,1,,,1,55,,84381,1,,,1,15,,84401,1,,,1,15,,84342,1,,,1,15,,84362,1,,,1,55,,84382,1,,,1,15,,84402,1,,,1,15,,84343,1,,,1,15,,84363,1,,,1,55,,84383,1,,,1,15,,84403,1,,,1,15,,84344,1,,,1,15,,84364,1,,,1,55,,84384,1,,,1,15,,84404,1,,,1,15,,84345,1,,,1,15,,84365,1,,,1,55,,84385,1,,,1,15,,84405,1,,,1,15,,84346,1,,,1,15,,84366,1,,,1,55,,84386,1,,,1,15,,84406,1,,,1,15,,84347,1,,,1,15,,84367,1,,,1,55,,84387,1,,,1,15,,84407,1,,,1,15,,84348,1,,,1,15,,84368,1,,,1,55,,84388,1,,,1,15,,84408,1,,,1,15,,84349,1,,,1,15,,84369,1,,,1,55,,84389,1,,,1,15,,84409,1,,,1,15,,84350,1,,,1,15,,84370,1,,,1
1,'20261021',527,,84469,1,,,1,15,,84410,1,,,1,12,,84430,1,,,1,55,,84450,1,,,1,15,,84470,1,,,1,15,,84411,1,,,1,15,,84431,1,,,1,55,,84451,1,,,1,15,,84471,1,,,1,15,,84412,1,,,1,15,,84432,1,,,1,55,,84452,1,,,1,15,,84472,1,,,1,15,,84413,1,,,1,15,,84433,1,,,1,55,,84453,1,,,1,15,,84473,1,,,1,15,,84414,1,,,1,15,,84434,1,,,1,55,,84454,1,,,1,15,,84474,1,,,1,15,,84415,1,,,1,15,,84435,1,,,1,55,,84455,1,,,1,15,,84475,1,,,1,15,,84416,1,,,1,15,,84436,1,,,1,55,,84456,1,,,1,15,,84476,1,,,1,15,,84417,1,,,1,15,,84437,1,,,1,55,,84457,1,,,1,15,,84477,1,,,1,15,,84418,1,,,1,15,,84438,1,,,1,55,,84458,1,,,1,15,,84478,1,,,1,15,,84419,1,,,1,15,,84439,1,,,1,55,,84459,1,,,1,15,,84479,1,,,1,15,,84420,1,,,1,15,,84440,1,,,1,55,,84460,1,,,1,15,,84480,1,,,1,15,,84421,1,,,1,15,,84441,1,,,1,55,,84461,1,,,1,15,,84481,1,,,1,15,,84422,1,,,1,15,,84442,1,,,1,55,,84462,1,,,1,15,,84482,1,,,1,15,,84423,1,,,1,15,,84443,1,,,1,55,,84463,1,,,1,15,,84483,1,,,1,15,,84424,1,,,1,15,,84444,1,,,1,55,,84464,1,,,1,15,,84484,1,,,1,15,,84425,1,,,1,15,,84445,1,,,1,55,,84465,1,,,1,15,,84485,1,,,1,15,,84426,1,,,1,15,,84446,1,,,1,55,,84466,1,,,1,15,,84486,1,,,1,15,,84427,1,,,1,15,,84447,1,,,1,55,,84467,1,,,1,15,,84487,1,,,1,15,,84428,1,,,1,15,,84448,1,,,1,55,,84468,1,,,1,15,,84488,1,,,1,15,,84429,1,,,1,15,,84449,1,,,1
1,'20261022',527,,84548,1,,,1,15,,84489,1,,,1,12,,84509,1,,,1,55,,84529,1,,,1,15,,84549,1,,,1,15,,84490,1,,,1,15,,84510,1,,,1,55,,84530,1,,,1,15,,84550,1,,,1,15,,84491,1,,,1,15,,84511,1,,,1,55,,84531,1,,,1,15,,84551,1,,,1,15,,84492,1,,,1,15,,84512,1,,,1,55,,84532,1,,,1,15,,84552,1,,,1,15,,84493,1,,,1,15,,84513,1,,,1,55,,84533,1,,,1,15,,84553,1,,,1,15,,84494,1,,,1,15,,84514,1,,,1,55,,84534,1,,,1,15,,84554,1,,,1,15,,84495,1,,,1,15,,84515,1,,,1,55,,84535,1,,,1,15,,84555,1,,,1,15,,84496,1,,,1,15,,84516,1,,,1,55,,84536,1,,,1,15,,84556,1,,,1,15,,84497,1,,,1,15,,84517,1,,,1,55,,84537,1,,,1,15,,84557,1,,,1,15,,84498,1,,,1,15,,84518,1,,,1,55,,84538,1,,,1,15,,84558,1,,,1,15,,84499,1,,,1,15,,84519,1,,,1,55,,84539,1,,,1,15,,84559,1,,,1,15,,84500,1,,,1,15,,84520,1,,,1,55,,84540,1,,,1,15,,84560,1,,,1,15,,84501,1,,,1,15,,84521,1,,,1,55,,84541,1,,,1,15,,84561,1,,,1,15,,84502,1,,,1,15,,84522,1,,,1,55,,84542,1,,,1,15,,84562,1,,,1,15,,84503,1,,,1,15,,84523,1,,,1,55,,84543,1,,,1,15,,84563,1,,,1,15,,84504,1,,,1,15,,84524,1,,,1,55,,84544,1,,,1,15,,84564,1,,,1,15,,84505,1,,,1,15,,84525,1,,,1,55,,84545,1,,,1,15,,84565,1,,,1,15,,84506,1,,,1,15,,84526,1,,,1,55,,84546,1,,,1,15,,84566,1,,,1,15,,84507,1,,,1,15,,84527,1,,,1,55,,84547,1,,,1,15,,84567,1,,,1,15,,84508,1,,,1,15,,84528,1,,,1
1,'20261023',527,,84627,1,,,1,15,,84568,1,,,1,12,,84588,1,,,1,55,,84608,1,,,1,15,,84628,1,,,1,15,,84569,1,,,1,15,,84589,1,,,1,55,,84609,1,,,1,15,,84629,1,,,1,15,,84570,1,,,1,15,,84590,1,,,1,55,,84610,1,,,1,15,,84630,1,,,1,15,,84571,1,,,1,15,,84591,1,,,1,55,,84611,1,,,1,15,,84631,1,,,1,15,,84572,1,,,1,15,,84592,1,,,1,55,,84612,1,,,1,15,,84632,1,,,1,15,,84573,1,,,1,15,,84593,1,,,1,55,,84613,1,,,1,15,,84633,1,,,1,15,,84574,1,,,1,15,,84594,1,,,1,55,,84614,1,,,1,15,,84634,1,,,1,15,,84575,1,,,1,15,,84595,1,,,1,55,,84615,1,,,1,15,,84635,1,,,1,15,,84576,1,,,1,15,,84596,1,,,1,55,,84616,1,,,1,15,,84636,1,,,1,15,,84577,1,,,1,15,,84597,1,,,1,55,,84617,1,,,1,15,,84637,1,,,1,15,,84578,1,,,1,15,,84598,1,,,1,55,,84618,1,,,1,15,,84638,1,,,1,15,,84579,1,,,1,15,,84599,1,,,1,55,,84619,1,,,1,15,,84639,1,,,1,15,,84580,1,,,1,15,,84600,1,,,1,55,,84620,1,,,1,15,,84640,1,,,1,15,,84581,1,,,1,15,,84601,1,,,1,55,,84621,1,,,1,15,,84641,1,,,1,15,,84582,1,,,1,15,,84602,1,,,1,55,,84622,1,,,1,15,,84642,1,,,1,15,,84583,1,,,1,15,,84603,1,,,1,55,,84623,1,,,1,15,,84643,1,,,1,15,,84584,1,,,1,15,,84604,1,,,1,55,,84624,1,,,1,15,,84644,1,,,1,15,,84585,1,,,1,15,,84605,1,,,1,55,,84625,1,,,1,15,,84645,1,,,1,15,,84586,1,,,1,15,,84606,1,,,1,55,,84626,1,,,1,15,,84646,1,,,1,15,,84587,1,,,1,15,,84607,1,,,1
1,'20261024',624,,84703,1,,,1,15,,84647,1,,,1,15,,84666,1,,,1,55,,84685,1,,,1,15,,84704,1,,,1,15,,84648,1,,,1,15,,84667,1,,,1,55,,84686,1,,,1,15,,84705,1,,,1,15,,84649,1,,,1,15,,84668,1,,,1,55,,84687,1,,,1,15,,84706,1,,,1,15,,84650,1,,,1,15,,84669,1,,,1,55,,84688,1,,,1,15,,84707,1,,,1,15,,84651,1,,,1,15,,84670,1,,,1,55,,84689,1,,,1,15,,84708,1,,,1,15,,84652,1,,,1,15,,84671,1,,,1,55,,84690,1,,,1,15,,84709,1,,,1,15,,84653,1,,,1,15,,84672,1,,,1,55,,84691,1,,,1,15,,84710,1,,,1,15,,84654,1,,,1,15,,84673,1,,,1,55,,84692,1,,,1,15,,84711,1,,,1,15,,84655,1,,,1,15,,84674,1,,,1,55,,84693,1,,,1,15,,84712,1,,,1,15,,84656,1,,,1,15,,84675,1,,,1,55,,84694,1,,,1,15,,84713,1,,,1,15,,84657,1,,,1,15,,84676,1,,,1,55,,84695,1,,,1,15,,84714,1,,,1,15,,84658,1,,,1,15,,84677,1,,,1,55,,84696,1,,,1,15,,84715,1,,,1,15,,84659,1,,,1,15,,84678,1,,,1,55,,84697,1,,,1,15,,84716,1,,,1,15,,84660,1,,,1,15,,84679,1,,,1,55,,84698,1,,,1,15,,84717,1,,,1,15,,84661,1,,,1,15,,84680,1,,,1,55,,84699,1,,,1,15,,84718,1,,,1,15,,84662,1,,,1,15,,84681,1,,,1,55,,84700,1,,,1,15,,84719,1,,,1,15,,84663,1,,,1,15,,84682,1,,,1,55,,84701,1,,,1,15,,84720,1,,,1,15,,84664,1,,,1,15,,84683,1,,,1,55,,84702,1,,,1,15,,84721,1,,,1,15,,84665,1,,,1,15,,84684,1,,,1
1,'20261025',624,,84778,1,,,1,15,,84722,1,,,1,15,,84741,1,,,1,55,,84760,1,,,1,15,,84779,1,,,1,15,,84723,1,,,1,15,,84742,1,,,1,55,,84761,1,,,1,15,,84780,1,,,1,15,,84724,1,,,1,15,,84743,1,,,1,55,,84762,1,,,1,15,,84781,1,,,1,15,,84725,1,,,1,15,,84744,1,,,1,55,,84763,1,,,1,15,,84782,1,,,1,15,,84726,1,,,1,15,,84745,1,,,1,55,,84764,1,,,1,15,,84783,1,,,1,15,,84727,1,,,1,15,,84746,1,,,1,55,,84765,1,,,1,15,,84784,1,,,1,15,,84728,1,,,1,15,,84747,1,,,1,55,,84766,1,,,1,15,,84785,1,,,1,15,,84729,1,,,1,15,,84748,1,,,1,55,,84767,1,,,1,15,,84786,1,,,1,15,,84730,1,,,1,15,,84749,1,,,1,55,,84768,1,,,1,15,,84787,1,,,1,15,,84731,1,,,1,15,,84750,1,,,1,55,,84769,1,,,1,15,,84788,1,,,1,15,,84732,1,,,1,15,,84751,1,,,1,55,,84770,1,,,1,15,,84789,1,,,1,15,,84733,1,,,1,15,,84752,1,,,1,55,,84771,1,,,1,15,,84790,1,,,1,15,,84734,1,,,1,15,,84753,1,,,1,55,,84772,1,,,1,15,,84791,1,,,1,15,,84735,1,,,1,15,,84754,1,,,1,55,,84773,1,,,1,15,,84792,1,,,1,15,,84736,1,,,1,15,,84755,1,,,1,55,,84774,1,,,1,15,,84793,1,,,1,15,,84737,1,,,1,15,,84756,1,,,1,55,,84775,1,,,1,15,,84794,1,,,1,15,,84738,1,,,1,15,,84757,1,,,1,55,,84776,1,,,1,15,,84795,1,,,1,15,,84739,1,,,1,15,,84758,1,,,1,55,,84777,1,,,1,15,,84796,1,,,1,15,,84740,1,,,1,15,,84759,1,,,1
1,'20261026',527,,84856,1,,,1,15,,84797,1,,,1,12,,84817,1,,,1,55,,84837,1,,,1,15,,84857,1,,,1,15,,84798,1,,,1,15,,84818,1,,,1,55,,84838,1,,,1,15,,84858,1,,,1,15,,84799,1,,,1,15,,84819,1,,,1,55,,84839,1,,,1,15,,84859,1,,,1,15,,84800,1,,,1,15,,84820,1,,,1,55,,84840,1,,,1,15,,84860,1,,,1,15,,84801,1,,,1,15,,84821,1,,,1,55,,84841,1,,,1,15,,84861,1,,,1,15,,84802,1,,,1,15,,84822,1,,,1,55,,84842,1,,,1,15,,84862,1,,,1,15,,84803,1,,,1,15,,84823,1,,,1,55,,84843,1,,,1,15,,84863,1,,,1,15,,84804,1,,,1,15,,84824,1,,,1,55,,84844,1,,,1,15,,84864,1,,,1,15,,84805,1,,,1,15,,84825,1,,,1,55,,84845,1,,,1,15,,84865,1,,,1,15,,84806,1,,,1,15,,84826,1,,,1,55,,84846,1,,,1,15,,84866,1,,,1,15,,84807,1,,,1,15,,84827,1,,,1,55,,84847,1,,,1,15,,84867,1,,,1,15,,84808,1,,,1,15,,84828,1,,,1,55,,84848,1,,,1,15,,84868,1,,,1,15,,84809,1,,,1,15,,84829,1,,,1,55,,84849,1,,,1,15,,84869,1,,,1,15,,84810,1,,,1,15,,84830,1,,,1,55,,84850,1,,,1,15,,84870,1,,,1,15,,84811,1,,,1,15,,84831,1,,,1,55,,84851,1,,,1,15,,84871,1,,,1,15,,84812,1,,,1,15,,84832,1,,,1,55,,84852,1,,,1,15,,84872,1,,,1,15,,84813,1,,,1,15,,84833,1,,,1,55,,84853,1,,,1,15,,84873,1,,,1,15,,84814,1,,,1,15,,84834,1,,,1,55,,84854,1,,,1,15,,84874,1,,,1,15,,84815,1,,,1,15,,84835,1,,,1,55,,84855,1,,,1,15,,84875,1,,,1,15,,84816,1,,,1,15,,84836,1,,,1
1,'20261027',527,,84935,1,,,1,15,,84876,1,,,1,12,,84896,1,,,1,55,,84916,1,,,1,15,,84936,1,,,1,15,,84877,1,,,1,15,,84897,1,,,1,55,,84917,1,,,1,15,,84937,1,,,1,15,,84878,1,,,1,15,,84898,1,,,1,55,,84918,1,,,1,15,,84938,1,,,1,15,,84879,1,,,1,15,,84899,1,,,1,55,,84919,1,,,1,15,,84939,1,,,1,15,,84880,1,,,1,15,,84900,1,,,1,55,,84920,1,,,1,15,,84940,1,,,1,15,,84881,1,,,1,15,,84901,1,,,1,55,,84921,1,,,1,15,,84941,1,,,1,15,,84882,1,,,1,15,,84902,1,,,1,55,,84922,1,,,1,15,,84942,1,,,1,15,,84883,1,,,1,15,,84903,1,,,1,55,,84923,1,,,1,15,,84943,1,,,1,15,,84884,1,,,1,15,,84904,1,,,1,55,,84924,1,,,1,15,,84944,1,,,1,15,,84885,1,,,1,15,,84905,1,,,1,55,,84925,1,,,1,15,,84945,1,,,1,15,,84886,1,,,1,15,,84906,1,,,1,55,,84926,1,,,1,15,,84946,1,,,1,15,,84887,1,,,1,15,,84907,1,,,1,55,,84927,1,,,1,15,,84947,1,,,1,15,,84888,1,,,1,15,,84908,1,,,1,55,,84928,1,,,1,15,,84948,1,,,1,15,,84889,1,,,1,15,,84909,1,,,1,55,,84929,1,,,1,15,,84949,1,,,1,15,,84890,1,,,1,15,,84910,1,,,1,55,,84930,1,,,1,15,,84950,1,,,1,15,,84891,1,,,1,15,,84911,1,,,1,55,,84931,1,,,1,15,,84951,1,,,1,15,,84892,1,,,1,15,,84912,1,,,1,55,,84932,1,,,1,15,,84952,1,,,1,15,,84893,1,,,1,15,,84913,1,,,1,55,,84933,1,,,1,15,,84953,1,,,1,15,,84894,1,,,1,15,,84914,1,,,1,55,,84934,1,,,1,15,,84954,1,,,1,15,,84895,1,,,1,15,,84915,1,,,1
1,'20261028',527,,85014,1,,,1,15,,84955,1,,,1,12,,84975,1,,,1,55,,84995,1,,,1,15,,85015,1,,,1,15,,84956,1,,,1,15,,84976,1,,,1,55,,84996,1,,,1,15,,85016,1,,,1,15,,84957,1,,,1,15,,84977,1,,,1,55,,84997,1,,,1,15,,85017,1,,,1,15,,84958,1,,,1,15,,84978,1,,,1,55,,84998,1,,,1,15,,85018,1,,,1,15,,84959,1,,,1,15,,84979,1,,,1,55,,84999,1,,,1,15,,85019,1,,,1,15,,84960,1,,,1,15,,84980,1,,,1,55,,85000,1,,,1,15,,85020,1,,,1,15,,84961,1,,,1,15,,84981,1,,,1,55,,85001,1,,,1,15,,85021,1,,,1,15,,84962,1,,,1,15,,84982,1,,,1,55,,85002,1,,,1,15,,85022,1,,,1,15,,84963,1,,,1,15,,84983,1,,,1,55,,85003,1,,,1,15,,85023,1,,,1,15,,84964,1,,,1,15,,84984,1,,,1,55,,85004,1,,,1,15,,85024,1,,,1,15,,84965,1,,,1,15,,84985,1,,,1,55,,85005,1,,,1,15,,85025,1,,,1,15,,84966,1,,,1,15,,84986,1,,,1,55,,85006,1,,,1,15,,85026,1,,,1,15,,84967,1,,,1,15,,84987,1,,,1,55,,85007,1,,,1,15,,85027,1,,,1,15,,84968,1,,,1,15,,84988,1,,,1,55,,85008,1,,,1,15,,85028,1,,,1,15,,84969,1,,,1,15,,84989,1,,,1,55,,85009,1,,,1,15,,85029,1,,,1,15,,84970,1,,,1,15,,84990,1,,,1,55,,85010,1,,,1,15,,85030,1,,,1,15,,84971,1,,,1,15,,84991,1,,,1,55,,85011,1,,,1,15,,85031,1,,,1,15,,84972,1,,,1,15,,84992,1,,,1,55,,85012,1,,,1,15,,85032,1,,,1,15,,84973,1,,,1,15,,84993,1,,,1,55,,85013,1,,,1,15,,85033,1,,,1,15,,84974,1,,,1,15,,84994,1,,,1
1,'20261029',527,,85093,1,,,1,15,,85034,1,,,1,12,,85054,1,,,1,55,,85074,1,,,1,15,,85094,1,,,1,15,,85035,1,,,1,15,,85055,1,,,1,55,,85075,1,,,1,15,,85095,1,,,1,15,,85036,1,,,1,15,,85056,1,,,1,55,,85076,1,,,1,15,,85096,1,,,1,15,,85037,1,,,1,15,,85057,1,,,1,55,,85077,1,,,1,15,,85097,1,,,1,15,,85038,1,,,1,15,,85058,1,,,1,55,,85078,1,,,1,15,,85098,1,,,1,15,,85039,1,,,1,15,,85059,1,,,1,55,,85079,1,,,1,15,,85099,1,,,1,15,,85040,1,,,1,15,,85060,1,,,1,55,,85080,1,,,1,15,,85100,1,,,1,15,,85041,1,,,1,15,,85061,1,,,1,55,,85081,1,,,1,15,,85101,1,,,1,15,,85042,1,,,1,15,,85062,1,,,1,55,,85082,1,,,1,15,,85102,1,,,1,15,,85043,1,,,1,15,,85063,1,,,1,55,,85083,1,,,1,15,,85103,1,,,1,15,,85044,1,,,1,15,,85064,1,,,1,55,,85084,1,,,1,15,,85104,1,,,1,15,,85045,1,,,1,15,,85065,1,,,1,55,,85085,1,,,1,15,,85105,1,,,1,15,,85046,1,,,1,15,,85066,1,,,1,55,,85086,1,,,1,15,,85106,1,,,1,15,,85047,1,,,1,15,,85067,1,,,1,55,,85087,1,,,1,15,,85107,1,,,1,15,,85048,1,,,1,15,,85068,1,,,1,55,,85088,1,,,1,15,,85108,1,,,1,15,,85049,1,,,1,15,,85069,1,,,1,55,,85089,1,,,1,15,,85109,1,,,1,15,,85050,1,,,1,15,,85070,1,,,1,55,,85090,1,,,1,15,,85110,1,,,1,15,,85051,1,,,1,15,,85071,1,,,1,55,,85091,1,,,1,15,,85111,1,,,1,15,,85052,1,,,1,15,,85072,1,,,1,55,,85092,1,,,1,15,,85112,1,,,1,15,,85053,1,,,1,15,,85073,1,,,1
1,'20261030',527,,85172,1,,,1,15,,85113,1,,,1,12,,85133,1,,,1,55,,85153,1,,,1,15,,85173,1,,,1,15,,85114,1,,,1,15,,85134,1,,,1,55,,85154,1,,,1,15,,85174,1,,,1,15,,85115,1,,,1,15,,85135,1,,,1,55,,85155,1,,,1,15,,85175,1,,,1,15,,85116,1,,,1,15,,85136,1,,,1,55,,85156,1,,,1,15,,85176,1,,,1,15,,85117,1,,,1,15,,85137,1,,,1,55,,85157,1,,,1,15,,85177,1,,,1,15,,85118,1,,,1,15,,85138,1,,,1,55,,85158,1,,,1,15,,85178,1,,,1,15,,85119,1,,,1,15,,85139,1,,,1,55,,85159,1,,,1,15,,85179,1,,,1,15,,85120,1,,,1,15,,85140,1,,,1,55,,85160,1,,,1,15,,85180,1,,,1,15,,85121,1,,,1,15,,85141,1,,,1,55,,85161,1,,,1,15,,85181,1,,,1,15,,85122,1,,,1,15,,85142,1,,,1,55,,85162,1,,,1,15,,85182,1,,,1,15,,85123,1,,,1,15,,85143,1,,,1,55,,85163,1,,,1,15,,85183,1,,,1,15,,85124,1,,,1,15,,85144,1,,,1,55,,85164,1,,,1,15,,85184,1,,,1,15,,85125,1,,,1,15,,85145,1,,,1,55,,85165,1,,,1,15,,85185,1,,,1,15,,85126,1,,,1,15,,85146,1,,,1,55,,85166,1,,,1,15,,85186,1,,,1,15,,85127,1,,,1,15,,85147,1,,,1,55,,85167,1,,,1,15,,85187,1,,,1,15,,85128,1,,,1,15,,85148,1,,,1,55,,85168,1,,,1,15,,85188,1,,,1,15,,85129,1,,,1,15,,85149,1,,,1,55,,85169,1,,,1,15,,85189,1,,,1,15,,85130,1,,,1,15,,85150,1,,,1,55,,85170,1,,,1,15,,85190,1,,,1,15,,85131,1,,,1,15,,85151,1,,,1,55,,85171,1,,,1,15,,85191,1,,,1,15,,85132,1,,,1,15,,85152,1,,,1
1,'20261031',624,,85248,1,,,1,15,,85192,1,,,1,15,,85211,1,,,1,55,,85230,1,,,1,15,,85249,1,,,1,15,,85193,1,,,1,15,,85212,1,,,1,55,,85231,1,,,1,15,,85250,1,,,1,15,,85194,1,,,1,15,,85213,1,,,1,55,,85232,1,,,1,15,,85251,1,,,1,15,,85195,1,,,1,15,,85214,1,,,1,55,,85233,1,,,1,15,,85252,1,,,1,15,,85196,1,,,1,15,,85215,1,,,1,55,,85234,1,,,1,15,,85253,1,,,1,15,,85197,1,,,1,15,,85216,1,,,1,55,,85235,1,,,1,15,,85254,1,,,1,15,,85198,1,,,1,15,,85217,1,,,1,55,,85236,1,,,1,15,,85255,1,,,1,15,,85199,1,,,1,15,,85218,1,,,1,55,,85237,1,,,1,15,,85256,1,,,1,15,,85200,1,,,1,15,,85219,1,,,1,55,,85238,1,,,1,15,,85257,1,,,1,15,,85201,1,,,1,15,,85220,1,,,1,55,,85239,1,,,1,15,,85258,1,,,1,15,,85202,1,,,1,15,,85221,1,,,1,55,,85240,1,,,1,15,,85259,1,,,1,15,,85203,1,,,1,15,,85222,1,,,1,55,,85241,1,,,1,15,,85260,1,,,1,15,,85204,1,,,1,15,,85223,1,,,1,55,,85242,1,,,1,15,,85261,1,,,1,15,,85205,1,,,1,15,,85224,1,,,1,55,,85243,1,,,1,15,,85262,1,,,1,15,,85206,1,,,1,15,,85225,1,,,1,55,,85244,1,,,1,15,,85263,1,,,1,15,,85207,1,,,1,15,,85226,1,,,1,55,,85245,1,,,1,15,,85264,1,,,1,15,,85208,1,,,1,15,,85227,1,,,1,55,,85246,1,,,1,15,,85265,1,,,1,15,,85209,1,,,1,15,,85228,1,,,1,55,,85247,1,,,1,15,,85266,1,,,1,15,,85210,1,,,1,15,,85229,1,,,1
1,'20261101',624,,85323,1,,,1,15,,85267,1,,,1,15,,85286,1,,,1,55,,85305,1,,,1,15,,85324,1,,,1,15,,85268,1,,,1,15,,85287,1,,,1,55,,85306,1,,,1,15,,85325,1,,,1,15,,85269,1,,,1,15,,85288,1,,,1,55,,85307,1,,,1,15,,85326,1,,,1,15,,85270,1,,,1,15,,85289,1,,,1,55,,85308,1,,,1,15,,85327,1,,,1,15,,85271,1,,,1,15,,85290,1,,,1,55,,85309,1,,,1,15,,85328,1,,,1,15,,85272,1,,,1,15,,85291,1,,,1,55,,85310,1,,,1,15,,85329,1,,,1,15,,85273,1,,,1,15,,85292,1,,,1,55,,85311,1,,,1,15,,85330,1,,,1,15,,85274,1,,,1,15,,85293,1,,,1,55,,85312,1,,,1,15,,85331,1,,,1,15,,85275,1,,,1,15,,85294,1,,,1,55,,85313,1,,,1,15,,85332,1,,,1,15,,85276,1,,,1,15,,85295,1,,,1,55,,85314,1,,,1,15,,85333,1,,,1,15,,85277,1,,,1,15,,85296,1,,,1,55,,85315,1,,,1,15,,85334,1,,,1,15,,85278,1,,,1,15,,85297,1,,,1,55,,85316,1,,,1,15,,85335,1,,,1,15,,85279,1,,,1,15,,85298,1,,,1,55,,85317,1,,,1,15,,85336,1,,,1,15,,85280,1,,,1,15,,85299,1,,,1,55,,85318,1,,,1,15,,85337,1,,,1,15,,85281,1,,,1,15,,85300,1,,,1,55,,85319,1,,,1,15,,85338,1,,,1,15,,85282,1,,,1,15,,85301,1,,,1,55,,85320,1,,,1,15,,85339,1,,,1,15,,85283,1,,,1,15,,85302,1,,,1,55,,85321,1,,,1,15,,85340,1,,,1,15,,85284,1,,,1,15,,85303,1,,,1,55,,85322,1,,,1,15,,85341,1,,,1,15,,85285,1,,,1,15,,85304,1,,,1
1,'20261102',527,,85401,1,,,1,15,,85342,1,,,1,12,,85362,1,,,1,55,,85382,1,,,1,15,,85402,1,,,1,15,,85343,1,,,1,15,,85363,1,,,1,55,,85383,1,,,1,15,,85403,1,,,1,15,,85344,1,,,1,15,,85364,1,,,1,55,,85384,1,,,1,15,,85404,1,,,1,15,,85345,1,,,1,15,,85365,1,,,1,55,,85385,1,,,1,15,,85405,1,,,1,15,,85346,1,,,1,15,,85366,1,,,1,55,,85386,1,,,1,15,,85406,1,,,1,15,,85347,1,,,1,15,,85367,1,,,1,55,,85387,1,,,1,15,,85407,1,,,1,15,,85348,1,,,1,15,,85368,1,,,1,55,,85388,1,,,1,15,,85408,1,,,1,15,,85349,1,,,1,15,,85369,1,,,1,55,,85389,1,,,1,15,,85409,1,,,1,15,,85350,1,,,1,15,,85370,1,,,1,55,,85390,1,,,1,15,,85410,1,,,1,15,,85351,1,,,1,15,,85371,1,,,1,55,,85391,1,,,1,15,,85411,1,,,1,15,,85352,1,,,1,15,,85372,1,,,1,55,,85392,1,,,1,15,,85412,1,,,1,15,,85353,1,,,1,15,,85373,1,,,1,55,,85393,1,,,1,15,,85413,1,,,1,15,,85354,1,,,1,15,,85374,1,,,1,55,,85394,1,,,1,15,,85414,1,,,1,15,,85355,1,,,1,15,,85375,1,,,1,55,,85395,1,,,1,15,,85415,1,,,1,15,,85356,1,,,1,15,,85376,1,,,1,55,,85396,1,,,1,15,,85416,1,,,1,15,,85357,1,,,1,15,,85377,1,,,1,55,,85397,1,,,1,15,,85417,1,,,1,15,,85358,1,,,1,15,,85378,1,,,1,55,,85398,1,,,1,15,,85418,1,,,1,15,,85359,1,,,1,15,,85379,1,,,1,55,,85399,1,,,1,15,,85419,1,,,1,15,,85360,1,,,1,15,,85380,1,,,1,55,,85400,1,,,1,15,,85420,1,,,1,15,,85361,1,,,1,15,,85381,1,,,1
1,'20261103',527,,85480,1,,,1,15,,85421,1,,,1,12,,85441,1,,,1,55,,85461,1,,,1,15,,85481,1,,,1,15,,85422,1,,,1,15,,85442,1,,,1,55,,85462,1,,,1,15,,85482,1,,,1,15,,85423,1,,,1,15,,85443,1,,,1,55,,85463,1,,,1,15,,85483,1,,,1,15,,85424,1,,,1,15,,85444,1,,,1,55,,85464,1,,,1,15,,85484,1,,,1,15,,85425,1,,,1,15,,85445,1,,,1,55,,85465,1,,,1,15,,85485,1,,,1,15,,85426,1,,,1,15,,85446,1,,,1,55,,85466,1,,,1,15,,85486,1,,,1,15,,85427,1,,,1,15,,85447,1,,,1,55,,85467,1,,,1,15,,85487,1,,,1,15,,85428,1,,,1,15,,85448,1,,,1,55,,85468,1,,,1,15,,85488,1,,,1,15,,85429,1,,,1,15,,85449,1,,,1,55,,85469,1,,,1,15,,85489,1,,,1,15,,85430,1,,,1,15,,85450,1,,,1,55,,85470,1,,,1,15,,85490,1,,,1,15,,85431,1,,,1,15,,85451,1,,,1,55,,85471,1,,,1,15,,85491,1,,,1,15,,85432,1,,,1,15,,85452,1,,,1,55,,85472,1,,,1,15,,85492,1,,,1,15,,85433,1,,,1,15,,85453,1,,,1,55,,85473,1,,,1,15,,85493,1,,,1,15,,85434,1,,,1,15,,85454,1,,,1,55,,85474,1,,,1,15,,85494,1,,,1,15,,85435,1,,,1,15,,85455,1,,,1,55,,85475,1,,,1,15,,85495,1,,,1,15,,85436,1,,,1,15,,85456,1,,,1,55,,85476,1,,,1,15,,85496,1,,,1,15,,85437,1,,,1,15,,85457,1,,,1,55,,85477,1,,,1,15,,85497,1,,,1,15,,85438,1,,,1,15,,85458,1,,,1,55,,85478,1,,,1,15,,85498,1,,,1,15,,85439,1,,,1,15,,85459,1,,,1,55,,85479,1,,,1,15,,85499,1,,,1,15,,85440,1,,,1,15,,85460,1,,,1
1,'20261104',527,,85559,1,,,1,15,,85500,1,,,1,12,,85520,1,,,1,55,,85540,1,,,1,15,,85560,1,,,1,15,,85501,1,,,1,15,,85521,1,,,1,55,,85541,1,,,1,15,,85561,1,,,1,15,,85502,1,,,1,15,,85522,1,,,1,55,,85542,1,,,1,15,,85562,1,,,1,15,,85503,1,,,1,15,,85523,1,,,1,55,,85543,1,,,1,15,,85563,1,,,1,15,,85504,1,,,1,15,,85524,1,,,1,55,,85544,1,,,1,15,,85564,1,,,1,15,,85505,1,,,1,15,,85525,1,,,1,55,,85545,1,,,1,15,,85565,1,,,1,15,,85506,1,,,1,15,,85526,1,,,1,55,,85546,1,,,1,15,,85566,1,,,1,15,,85507,1,,,1,15,,85527,1,,,1,55,,85547,1,,,1,15,,85567,1,,,1,15,,85508,1,,,1,15,,85528,1,,,1,55,,85548,1,,,1,15,,85568,1,,,1,15,,85509,1,,,1,15,,85529,1,,,1,55,,85549,1,,,1,15,,85569,1,,,1,15,,85510,1,,,1,15,,85530,1,,,1,55,,85550,1,,,1,15,,85570,1,,,1,15,,85511,1,,,1,15,,85531,1,,,1,55,,85551,1,,,1,15,,85571,1,,,1,15,,85512,1,,,1,15,,85532,1,,,1,55,,85552,1,,,1,15,,85572,1,,,1,15,,85513,1,,,1,15,,85533,1,,,1,55,,85553,1,,,1,15,,85573,1,,,1,15,,85514,1,,,1,15,,85534,1,,,1,55,,85554,1,,,1,15,,85574,1,,,1,15,,85515,1,,,1,15,,85535,1,,,1,55,,85555,1,,,1,15,,85575,1,,,1,15,,85516,1,,,1,15,,85536,1,,,1,55,,85556,1,,,1,15,,85576,1,,,1,15,,85517,1,,,1,15,,85537,1,,,1,55,,85557,1,,,1,15,,85577,1,,,1,15,,85518,1,,,1,15,,85538,1,,,1,55,,85558,1,,,1,15,,85578,1,,,1,15,,85519,1,,,1,15,,85539,1,,,1
1,'20261105',527,,85638,1,,,1,15,,85579,1,,,1,12,,85599,1,,,1,55,,85619,1,,,1,15,,85639,1,,,1,15,,85580,1,,,1,15,,85600,1,,,1,55,,85620,1,,,1,15,,85640,1,,,1,15,,85581,1,,,1,15,,85601,1,,,1,55,,85621,1,,,1,15,,85641,1,,,1,15,,85582,1,,,1,15,,85602,1,,,1,55,,85622,1,,,1,15,,85642,1,,,1,15,,85583,1,,,1,15,,85603,1,,,1,55,,85623,1,,,1,15,,85643,1,,,1,15,,85584,1,,,1,15,,85604,1,,,1,55,,85624,1,,,1,15,,85644,1,,,1,15,,85585,1,,,1,15,,85605,1,,,1,55,,85625,1,,,1,15,,85645,1,,,1,15,,85586,1,,,1,15,,85606,1,,,1,55,,85626,1,,,1,15,,85646,1,,,1,15,,85587,1,,,1,15,,85607,1,,,1,55,,85627,1,,,1,15,,85647,1,,,1,15,,85588,1,,,1,15,,85608,1,,,1,55,,85628,1,,,1,15,,85648,1,,,1,15,,85589,1,,,1,15,,85609,1,,,1,55,,85629,1,,,1,15,,85649,1,,,1,15,,85590,1,,,1,15,,85610,1,,,1,55,,85630,1,,,1,15,,85650,1,,,1,15,,85591,1,,,1,15,,85611,1,,,1,55,,85631,1,,,1,15,,85651,1,,,1,15,,85592,1,,,1,15,,85612,1,,,1,55,,85632,1,,,1,15,,85652,1,,,1,15,,85593,1,,,1,15,,85613,1,,,1,55,,85633,1,,,1,15,,85653,1,,,1,15,,85594,1,,,1,15,,85614,1,,,1,55,,85634,1,,,1,15,,85654,1,,,1,15,,85595,1,,,1,15,,85615,1,,,1,55,,85635,1,,,1,15,,85655,1,,,1,15,,85596,1,,,1,15,,85616,1,,,1,55,,85636,1,,,1,15,,85656,1,,,1,15,,85597,1,,,1,15,,85617,1,,,1,55,,85637,1,,,1,15,,85657,1,,,1,15,,85598,1,,,1,15,,85618,1,,,1
1,'20261106',527,,85717,1,,,1,15,,85658,1,,,1,12,,85678,1,,,1,55,,85698,1,,,1,15,,85718,1,,,1,15,,85659,1,,,1,15,,85679,1,,,1,55,,85699,1,,,1,15,,85719,1,,,1,15,,85660,1,,,1,15,,85680,1,,,1,55,,85700,1,,,1,15,,85720,1,,,1,15,,85661,1,,,1,15,,85681,1,,,1,55,,85701,1,,,1,15,,85721,1,,,1,15,,85662,1,,,1,15,,85682,1,,,1,55,,85702,1,,,1,15,,85722,1,,,1,15,,85663,1,,,1,15,,85683,1,,,1,55,,85703,1,,,1,15,,85723,1,,,1,15,,85664,1,,,1,15,,85684,1,,,1,55,,85704,1,,,1,15,,85724,1,,,1,15,,85665,1,,,1,15,,85685,1,,,1,55,,85705,1,,,1,15,,85725,1,,,1,15,,85666,1,,,1,15,,85686,1,,,1,55,,85706,1,,,1,15,,85726,1,,,1,15,,85667,1,,,1,15,,85687,1,,,1,55,,85707,1,,,1,15,,85727,1,,,1,15,,85668,1,,,1,15,,85688,1,,,1,55,,85708,1,,,1,15,,85728,1,,,1,15,,85669,1,,,1,15,,85689,1,,,1,55,,85709,1,,,1,15,,85729,1,,,1,15,,85670,1,,,1,15,,85690,1,,,1,55,,85710,1,,,1,15,,85730,1,,,1,15,,85671,1,,,1,15,,85691,1,,,1,55,,85711,1,,,1,15,,85731,1,,,1,15,,85672,1,,,1,15,,85692,1,,,1,55,,85712,1,,,1,15,,85732,1,,,1,15,,85673,1,,,1,15,,85693,1,,,1,55,,85713,1,,,1,15,,85733,1,,,1,15,,85674,1,,,1,15,,85694,1,,,1,55,,85714,1,,,1,15,,85734,1,,,1,15,,85675,1,,,1,15,,85695,1,,,1,55,,85715,1,,,1,15,,85735,1,,,1,15,,85676,1,,,1,15,,85696,1,,,1,55,,85716,1,,,1,15,,85736,1,,,1,15,,85677,1,,,1,15,,85697,1,,,1
1,'20261107',624,,85793,1,,,1,15,,85737,1,,,1,15,,85756,1,,,1,55,,85775,1,,,1,15,,85794,1,,,1,15,,85738,1,,,1,15,,85757,1,,,1,55,,85776,1,,,1,15,,85795,1,,,1,15,,85739,1,,,1,15,,85758,1,,,1,55,,85777,1,,,1,15,,85796,1,,,1,15,,85740,1,,,1,15,,85759,1,,,1,55,,85778,1,,,1,15,,85797,1,,,1,15,,85741,1,,,1,15,,85760,1,,,1,55,,85779,1,,,1,15,,85798,1,,,1,15,,85742,1,,,1,15,,85761,1,,,1,55,,85780,1,,,1,15,,85799,1,,,1,15,,85743,1,,,1,15,,85762,1,,,1,55,,85781,1,,,1,15,,85800,1,,,1,15,,85744,1,,,1,15,,85763,1,,,1,55,,85782,1,,,1,15,,85801,1,,,1,15,,85745,1,,,1,15,,85764,1,,,1,55,,85783,1,,,1,15,,85802,1,,,1,15,,85746,1,,,1,15,,85765,1,,,1,55,,85784,1,,,1,15,,85803,1,,,1,15,,85747,1,,,1,15,,85766,1,,,1,55,,85785,1,,,1,15,,85804,1,,,1,15,,85748,1,,,1,15,,85767,1,,,1,55,,85786,1,,,1,15,,85805,1,,,1,15,,85749,1,,,1,15,,85768,1,,,1,55,,85787,1,,,1,15,,85806,1,,,1,15,,85750,1,,,1,15,,85769,1,,,1,55,,85788,1,,,1,15,,85807,1,,,1,15,,85751,1,,,1,15,,85770,1,,,1,55,,85789,1,,,1,15,,85808,1,,,1,15,,85752,1,,,1,15,,85771,1,,,1,55,,85790,1,,,1,15,,85809,1,,,1,15,,85753,1,,,1,15,,85772,1,,,1,55,,85791,1,,,1,15,,85810,1,,,1,15,,85754,1,,,1,15,,85773,1,,,1,55,,85792,1,,,1,15,,85811,1,,,1,15,,85755,1,,,1,15,,85774,1,,,1
1,'20261108',624,,85868,1,,,1,15,,85812,1,,,1,15,,85831,1,,,1,55,,85850,1,,,1,15,,85869,1,,,1,15,,85813,1,,,1,15,,85832,1,,,1,55,,85851,1,,,1,15,,85870,1,,,1,15,,85814,1,,,1,15,,85833,1,,,1,55,,85852,1,,,1,15,,85871,1,,,1,15,,85815,1,,,1,15,,85834,1,,,1,55,,85853,1,,,1,15,,85872,1,,,1,15,,85816,1,,,1,15,,85835,1,,,1,55,,85854,1,,,1,15,,85873,1,,,1,15,,85817,1,,,1,15,,85836,1,,,1,55,,85855,1,,,1,15,,85874,1,,,1,15,,85818,1,,,1,15,,85837,1,,,1,55,,85856,1,,,1,15,,85875,1,,,1,15,,85819,1,,,1,15,,85838,1,,,1,55,,85857,1,,,1,15,,85876,1,,,1,15,,85820,1,,,1,15,,85839,1,,,1,55,,85858,1,,,1,15,,85877,1,,,1,15,,85821,1,,,1,15,,85840,1,,,1,55,,85859,1,,,1,15,,85878,1,,,1,15,,85822,1,,,1,15,,85841,1,,,1,55,,85860,1,,,1,15,,85879,1,,,1,15,,85823,1,,,1,15,,85842,1,,,1,55,,85861,1,,,1,15,,85880,1,,,1,15,,85824,1,,,1,15,,85843,1,,,1,55,,85862,1,,,1,15,,85881,1,,,1,15,,85825,1,,,1,15,,85844,1,,,1,55,,85863,1,,,1,15,,85882,1,,,1,15,,85826,1,,,1,15,,85845,1,,,1,55,,85864,1,,,1,15,,85883,1,,,1,15,,85827,1,,,1,15,,85846,1,,,1,55,,85865,1,,,1,15,,85884,1,,,1,15,,85828,1,,,1,15,,85847,1,,,1,55,,85866,1,,,1,15,,85885,1,,,1,15,,85829,1,,,1,15,,85848,1,,,1,55,,85867,1,,,1,15,,85886,1,,,1,15,,85830,1,,,1,15,,85849,1,,,1
1,'20261109',527,,85946,1,,,1,15,,85887,1,,,1,12,,85907,1,,,1,55,,85927,1,,,1,15,,85947,1,,,1,15,,85888,1,,,1,15,,85908,1,,,1,55,,85928,1,,,1,15,,85948,1,,,1,15,,85889,1,,,1,15,,85909,1,,,1,55,,85929,1,,,1,15,,85949,1,,,1,15,,85890,1,,,1,15,,85910,1,,,1,55,,85930,1,,,1,15,,85950,1,,,1,15,,85891,1,,,1,15,,85911,1,,,1,55,,85931,1,,,1,15,,85951,1,,,1,15,,85892,1,,,1,15,,85912,1,,,1,55,,85932,1,,,1,15,,85952,1,,,1,15,,85893,1,,,1,15,,85913,1,,,1,55,,85933,1,,,1,15,,85953,1,,,1,15,,85894,1,,,1,15,,85914,1,,,1,55,,85934,1,,,1,15,,85954,1,,,1,15,,85895,1,,,1,15,,85915,1,,,1,55,,85935,1,,,1,15,,85955,1,,,1,15,,85896,1,,,1,15,,85916,1,,,1,55,,85936,1,,,1,15,,85956,1,,,1,15,,85897,1,,,1,15,,85917,1,,,1,55,,85937,1,,,1,15,,85957,1,,,1,15,,85898,1,,,1,15,,85918,1,,,1,55,,85938,1,,,1,15,,85958,1,,,1,15,,85899,1,,,1,15,,85919,1,,,1,55,,85939,1,,,1,15,,85959,1,,,1,15,,85900,1,,,1,15,,85920,1,,,1,55,,85940,1,,,1,15,,85960,1,,,1,15,,85901,1,,,1,15,,85921,1,,,1,55,,85941,1,,,1,15,,85961,1,,,1,15,,85902,1,,,1,15,,85922,1,,,1,55,,85942,1,,,1,15,,85962,1,,,1,15,,85903,1,,,1,15,,85923,1,,,1,55,,85943,1,,,1,15,,85963,1,,,1,15,,85904,1,,,1,15,,85924,1,,,1,55,,85944,1,,,1,15,,85964,1,,,1,15,,85905,1,,,1,15,,85925,1,,,1,55,,85945,1,,,1,15,,85965,1,,,1,15,,85906,1,,,1,15,,85926,1,,,1
1,'20261110',527,,86025,1,,,1,15,,85966,1,,,1,12,,85986,1,,,1,55,,86006,1,,,1,15,,86026,1,,,1,15,,85967,1,,,1,15,,85987,1,,,1,55,,86007,1,,,1,15,,86027,1,,,1,15,,85968,1,,,1,15,,85988,1,,,1,55,,86008,1,,,1,15,,86028,1,,,1,15,,85969,1,,,1,15,,85989,1,,,1,55,,86009,1,,,1,15,,86029,1,,,1,15,,85970,1,,,1,15,,85990,1,,,1,55,,86010,1,,,1,15,,86030,1,,,1,15,,85971,1,,,1,15,,85991,1,,,1,55,,86011,1,,,1,15,,86031,1,,,1,15,,85972,1,,,1,15,,85992,1,,,1,55,,86012,1,,,1,15,,86032,1,,,1,15,,85973,1,,,1,15,,85993,1,,,1,55,,86013,1,,,1,15,,86033,1,,,1,15,,85974,1,,,1,15,,85994,1,,,1,55,,86014,1,,,1,15,,86034,1,,,1,15,,85975,1,,,1,15,,85995,1,,,1,55,,86015,1,,,1,15,,86035,1,,,1,15,,85976,1,,,1,15,,85996,1,,,1,55,,86016,1,,,1,15,,86036,1,,,1,15,,85977,1,,,1,15,,85997,1,,,1,55,,86017,1,,,1,15,,86037,1,,,1,15,,85978,1,,,1,15,,85998,1,,,1,55,,86018,1,,,1,15,,86038,1,,,1,15,,85979,1,,,1,15,,85999,1,,,1,55,,86019,1,,,1,15,,86039,1,,,1,15,,85980,1,,,1,15,,86000,1,,,1,55,,86020,1,,,1,15,,86040,1,,,1,15,,85981,1,,,1,15,,86001,1,,,1,55,,86021,1,,,1,15,,86041,1,,,1,15,,85982,1,,,1,15,,86002,1,,,1,55,,86022,1,,,1,15,,86042,1,,,1,15,,85983,1,,,1,15,,86003,1,,,1,55,,86023,1,,,1,15,,86043,1,,,1,15,,85984,1,,,1,15,,86004,1,,,1,55,,86024,1,,,1,15,,86044,1,,,1,15,,85985,1,,,1,15,,86005,1,,,1
1,'20261111',527,,86104,1,,,1,15,,86045,1,,,1,12,,86065,1,,,1,55,,86085,1,,,1,15,,86105,1,,,1,15,,86046,1,,,1,15,,86066,1,,,1,55,,86086,1,,,1,15,,86106,1,,,1,15,,86047,1,,,1,15,,86067,1,,,1,55,,86087,1,,,1,15,,86107,1,,,1,15,,86048,1,,,1,15,,86068,1,,,1,55,,86088,1,,,1,15,,86108,1,,,1,15,,86049,1,,,1,15,,86069,1,,,1,55,,86089,1,,,1,15,,86109,1,,,1,15,,86050,1,,,1,15,,86070,1,,,1,55,,86090,1,,,1,15,,86110,1,,,1,15,,86051,1,,,1,15,,86071,1,,,1,55,,86091,1,,,1,15,,86111,1,,,1,15,,86052,1,,,1,15,,86072,1,,,1,55,,86092,1,,,1,15,,86112,1,,,1,15,,86053,1,,,1,15,,86073,1,,,1,55,,86093,1,,,1,15,,86113,1,,,1,15,,86054,1,,,1,15,,86074,1,,,1,55,,86094,1,,,1,15,,86114,1,,,1,15,,86055,1,,,1,15,,86075,1,,,1,55,,86095,1,,,1,15,,86115,1,,,1,15,,86056,1,,,1,15,,86076,1,,,1,55,,86096,1,,,1,15,,86116,1,,,1,15,,86057,1,,,1,15,,86077,1,,,1,55,,86097,1,,,1,15,,86117,1,,,1,15,,86058,1,,,1,15,,86078,1,,,1,55,,86098,1,,,1,15,,86118,1,,,1,15,,86059,1,,,1,15,,86079,1,,,1,55,,86099,1,,,1,15,,86119,1,,,1,15,,86060,1,,,1,15,,86080,1,,,1,55,,86100,1,,,1,15,,86120,1,,,1,15,,86061,1,,,1,15,,86081,1,,,1,55,,86101,1,,,1,15,,86121,1,,,1,15,,86062,1,,,1,15,,86082,1,,,1,55,,86102,1,,,1,15,,86122,1,,,1,15,,86063,1,,,1,15,,86083,1,,,1,55,,86103,1,,,1,15,,86123,1,,,1,15,,86064,1,,,1,15,,86084,1,,,1
1,'20261112',527,,86183,1,,,1,15,,86124,1,,,1,12,,86144,1,,,1,55,,86164,1,,,1,15,,86184,1,,,1,15,,86125,1,,,1,15,,86145,1,,,1,55,,86165,1,,,1,15,,86185,1,,,1,15,,86126,1,,,1,15,,86146,1,,,1,55,,86166,1,,,1,15,,86186,1,,,1,15,,86127,1,,,1,15,,86147,1,,,1,55,,86167,1,,,1,15,,86187,1,,,1,15,,86128,1,,,1,15,,86148,1,,,1,55,,86168,1,,,1,15,,86188,1,,,1,15,,86129,1,,,1,15,,86149,1,,,1,55,,86169,1,,,1,15,,86189,1,,,1,15,,86130,1,,,1,15,,86150,1,,,1,55,,86170,1,,,1,15,,86190,1,,,1,15,,86131,1,,,1,15,,86151,1,,,1,55,,86171,1,,,1,15,,86191,1,,,1,15,,86132,1,,,1,15,,86152,1,,,1,55,,86172,1,,,1,15,,86192,1,,,1,15,,86133,1,,,1,15,,86153,1,,,1,55,,86173,1,,,1,15,,86193,1,,,1,15,,86134,1,,,1,15,,86154,1,,,1,55,,86174,1,,,1,15,,86194,1,,,1,15,,86135,1,,,1,15,,86155,1,,,1,55,,86175,1,,,1,15,,86195,1,,,1,15,,86136,1,,,1,15,,86156,1,,,1,55,,86176,1,,,1,15,,86196,1,,,1,15,,86137,1,,,1,15,,86157,1,,,1,55,,86177,1,,,1,15,,86197,1,,,1,15,,86138,1,,,1,15,,86158,1,,,1,55,,86178,1,,,1,15,,86198,1,,,1,15,,86139,1,,,1,15,,86159,1,,,1,55,,86179,1,,,1,15,,86199,1,,,1,15,,86140,1,,,1,15,,86160,1,,,1,55,,86180,1,,,1,15,,86200,1,,,1,15,,86141,1,,,1,15,,86161,1,,,1,55,,86181,1,,,1,15,,86201,1,,,1,15,,86142,1,,,1,15,,86162,1,,,1,55,,86182,1,,,1,15,,86202,1,,,1,15,,86143,1,,,1,15,,86163,1,,,1
1,'20261113',527,,86262,1,,,1,15,,86203,1,,,1,12,,86223,1,,,1,55,,86243,1,,,1,15,,86263,1,,,1,15,,86204,1,,,1,15,,86224,1,,,1,55,,86244,1,,,1,15,,86264,1,,,1,15,,86205,1,,,1,15,,86225,1,,,1,55,,86245,1,,,1,15,,86265,1,,,1,15,,86206,1,,,1,15,,86226,1,,,1,55,,86246,1,,,1,15,,86266,1,,,1,15,,86207,1,,,1,15,,86227,1,,,1,55,,86247,1,,,1,15,,86267,1,,,1,15,,86208,1,,,1,15,,86228,1,,,1,55,,86248,1,,,1,15,,86268,1,,,1,15,,86209,1,,,1,15,,86229,1,,,1,55,,86249,1,,,1,15,,86269,1,,,1,15,,86210,1,,,1,15,,86230,1,,,1,55,,86250,1,,,1,15,,86270,1,,,1,15,,86211,1,,,1,15,,86231,1,,,1,55,,86251,1,,,1,15,,86271,1,,,1,15,,86212,1,,,1,15,,86232,1,,,1,55,,86252,1,,,1,15,,86272,1,,,1,15,,86213,1,,,1,15,,86233,1,,,1,55,,86253,1,,,1,15,,86273,1,,,1,15,,86214,1,,,1,15,,86234,1,,,1,55,,86254,1,,,1,15,,86274,1,,,1,15,,86215,1,,,1,15,,86235,1,,,1,55,,86255,1,,,1,15,,86275,1,,,1,15,,86216,1,,,1,15,,86236,1,,,1,55,,86256,1,,,1,15,,86276,1,,,1,15,,86217,1,,,1,15,,86237,1,,,1,55,,86257,1,,,1,15,,86277,1,,,1,15,,86218,1,,,1,15,,86238,1,,,1,55,,86258,1,,,1,15,,86278,1,,,1,15,,86219,1,,,1,15,,86239,1,,,1,55,,86259,1,,,1,15,,86279,1,,,1,15,,86220,1,,,1,15,,86240,1,,,1,55,,86260,1,,,1,15,,86280,1,,,1,15,,86221,1,,,1,15,,86241,1,,,1,55,,86261,1,,,1,15,,86281,1,,,1,15,,86222,1,,,1,15,,86242,1,,,1
1,'20261114',624,,86338,1,,,1,15,,86282,1,,,1,15,,86301,1,,,1,55,,86320,1,,,1,15,,86339,1,,,1,15,,86283,1,,,1,15,,86302,1,,,1,55,,86321,1,,,1,15,,86340,1,,,1,15,,86284,1,,,1,15,,86303,1,,,1,55,,86322,1,,,1,15,,86341,1,,,1,15,,86285,1,,,1,15,,86304,1,,,1,55,,86323,1,,,1,15,,86342,1,,,1,15,,86286,1,,,1,15,,86305,1,,,1,55,,86324,1,,,1,15,,86343,1,,,1,15,,86287,1,,,1,15,,86306,1,,,1,55,,86325,1,,,1,15,,86344,1,,,1,15,,86288,1,,,1,15,,86307,1,,,1,55,,86326,1,,,1,15,,86345,1,,,1,15,,86289,1,,,1,15,,86308,1,,,1,55,,86327,1,,,1,15,,86346,1,,,1,15,,86290,1,,,1,15,,86309,1,,,1,55,,86328,1,,,1,15,,86347,1,,,1,15,,86291,1,,,1,15,,86310,1,,,1,55,,86329,1,,,1,15,,86348,1,,,1,15,,86292,1,,,1,15,,86311,1,,,1,55,,86330,1,,,1,15,,86349,1,,,1,15,,86293,1,,,1,15,,86312,1,,,1,55,,86331,1,,,1,15,,86350,1,,,1,15,,86294,1,,,1,15,,86313,1,,,1,55,,86332,1,,,1,15,,86351,1,,,1,15,,86295,1,,,1,15,,86314,1,,,1,55,,86333,1,,,1,15,,86352,1,,,1,15,,86296,1,,,1,15,,86315,1,,,1,55,,86334,1,,,1,15,,86353,1,,,1,15,,86297,1,,,1,15,,86316,1,,,1,55,,86335,1,,,1,15,,86354,1,,,1,15,,86298,1,,,1,15,,86317,1,,,1,55,,86336,1,,,1,15,,86355,1,,,1,15,,86299,1,,,1,15,,86318,1,,,1,55,,86337,1,,,1,15,,86356,1,,,1,15,,86300,1,,,1,15,,86319,1,,,1
1,'20261115',624,,86413,1,,,1,15,,86357,1,,,1,15,,86376,1,,,1,55,,86395,1,,,1,15,,86414,1,,,1,15,,86358,1,,,1,15,,86377,1,,,1,55,,86396,1,,,1,15,,86415,1,,,1,15,,86359,1,,,1,15,,86378,1,,,1,55,,86397,1,,,1,15,,86416,1,,,1,15,,86360,1,,,1,15,,86379,1,,,1,55,,86398,1,,,1,15,,86417,1,,,1,15,,86361,1,,,1,15,,86380,1,,,1,55,,86399,1,,,1,15,,86418,1,,,1,15,,86362,1,,,1,15,,86381,1,,,1,55,,86400,1,,,1,15,,86419,1,,,1,15,,86363,1,,,1,15,,86382,1,,,1,55,,86401,1,,,1,15,,86420,1,,,1,15,,86364,1,,,1,15,,86383,1,,,1,55,,86402,1,,,1,15,,86421,1,,,1,15,,86365,1,,,1,15,,86384,1,,,1,55,,86403,1,,,1,15,,86422,1,,,1,15,,86366,1,,,1,15,,86385,1,,,1,55,,86404,1,,,1,15,,86423,1,,,1,15,,86367,1,,,1,15,,86386,1,,,1,55,,86405,1,,,1,15,,86424,1,,,1,15,,86368,1,,,1,15,,86387,1,,,1,55,,86406,1,,,1,15,,86425,1,,,1,15,,86369,1,,,1,15,,86388,1,,,1,55,,86407,1,,,1,15,,86426,1,,,1,15,,86370,1,,,1,15,,86389,1,,,1,55,,86408,1,,,1,15,,86427,1,,,1,15,,86371,1,,,1,15,,86390,1,,,1,55,,86409,1,,,1,15,,86428,1,,,1,15,,86372,1,,,1,15,,86391,1,,,1,55,,86410,1,,,1,15,,86429,1,,,1,15,,86373,1,,,1,15,,86392,1,,,1,55,,86411,1,,,1,15,,86430,1,,,1,15,,86374,1,,,1,15,,86393,1,,,1,55,,86412,1,,,1,15,,86431,1,,,1,15,,86375,1,,,1,15,,86394,1,,,1
1,'20261116',527,,86491,1,,,1,15,,86432,1,,,1,12,,86452,1,,,1,55,,86472,1,,,1,15,,86492,1,,,1,15,,86433,1,,,1,15,,86453,1,,,1,55,,86473,1,,,1,15,,86493,1,,,1,15,,86434,1,,,1,15,,86454,1,,,1,55,,86474,1,,,1,15,,86494,1,,,1,15,,86435,1,,,1,15,,86455,1,,,1,55,,86475,1,,,1,15,,86495,1,,,1,15,,86436,1,,,1,15,,86456,1,,,1,55,,86476,1,,,1,15,,86496,1,,,1,15,,86437,1,,,1,15,,86457,1,,,1,55,,86477,1,,,1,15,,86497,1,,,1,15,,86438,1,,,1,15,,86458,1,,,1,55,,86478,1,,,1,15,,86498,1,,,1,15,,86439,1,,,1,15,,86459,1,,,1,55,,86479,1,,,1,15,,86499,1,,,1,15,,86440,1,,,1,15,,86460,1,,,1,55,,86480,1,,,1,15,,86500,1,,,1,15,,86441,1,,,1,15,,86461,1,,,1,55,,86481,1,,,1,15,,86501,1,,,1,15,,86442,1,,,1,15,,86462,1,,,1,55,,86482,1,,,1,15,,86502,1,,,1,15,,86443,1,,,1,15,,86463,1,,,1,55,,86483,1,,,1,15,,86503,1,,,1,15,,86444,1,,,1,15,,86464,1,,,1,55,,86484,1,,,1,15,,86504,1,,,1,15,,86445,1,,,1,15,,86465,1,,,1,55,,86485,1,,,1,15,,86505,1,,,1,15,,86446,1,,,1,15,,86466,1,,,1,55,,86486,1,,,1,15,,86506,1,,,1,15,,86447,1,,,1,15,,86467,1,,,1,55,,86487,1,,,1,15,,86507,1,,,1,15,,86448,1,,,1,15,,86468,1,,,1,55,,86488,1,,,1,15,,86508,1,,,1,15,,86449,1,,,1,15,,86469,1,,,1,55,,86489,1,,,1,15,,86509,1,,,1,15,,86450,1,,,1,15,,86470,1,,,1,55,,86490,1,,,1,15,,86510,1,,,1,15,,86451,1,,,1,15,,86471,1,,,1
1,'20261117',527,,86570,1,,,1,15,,86511,1,,,1,12,,86531,1,,,1,55,,86551,1,,,1,15,,86571,1,,,1,15,,86512,1,,,1,15,,86532,1,,,1,55,,86552,1,,,1,15,,86572,1,,,1,15,,86513,1,,,1,15,,86533,1,,,1,55,,86553,1,,,1,15,,86573,1,,,1,15,,86514,1,,,1,15,,86534,1,,,1,55,,86554,1,,,1,15,,86574,1,,,1,15,,86515,1,,,1,15,,86535,1,,,1,55,,86555,1,,,1,15,,86575,1,,,1,15,,86516,1,,,1,15,,86536,1,,,1,55,,86556,1,,,1,15,,86576,1,,,1,15,,86517,1,,,1,15,,86537,1,,,1,55,,86557,1,,,1,15,,86577,1,,,1,15,,86518,1,,,1,15,,86538,1,,,1,55,,86558,1,,,1,15,,86578,1,,,1,15,,86519,1,,,1,15,,86539,1,,,1,55,,86559,1,,,1,15,,86579,1,,,1,15,,86520,1,,,1,15,,86540,1,,,1,55,,86560,1,,,1,15,,86580,1,,,1,15,,86521,1,,,1,15,,86541,1,,,1,55,,86561,1,,,1,15,,86581,1,,,1,15,,86522,1,,,1,15,,86542,1,,,1,55,,86562,1,,,1,15,,86582,1,,,1,15,,86523,1,,,1,15,,86543,1,,,1,55,,86563,1,,,1,15,,86583,1,,,1,15,,86524,1,,,1,15,,86544,1,,,1,55,,86564,1,,,1,15,,86584,1,,,1,15,,86525,1,,,1,15,,86545,1,,,1,55,,86565,1,,,1,15,,86585,1,,,1,15,,86526,1,,,1,15,,86546,1,,,1,55,,86566,1,,,1,15,,86586,1,,,1,15,,86527,1,,,1,15,,86547,1,,,1,55,,86567,1,,,1,15,,86587,1,,,1,15,,86528,1,,,1,15,,86548,1,,,1,55,,86568,1,,,1,15,,86588,1,,,1,15,,86529,1,,,1,15,,86549,1,,,1,55,,86569,1,,,1,15,,86589,1,,,1,15,,86530,1,,,1,15,,86550,1,,,1
1,'20261118',527,,86649,1,,,1,15,,86590,1,,,1,12,,86610,1,,,1,55,,86630,1,,,1,15,,86650,1,,,1,15,,86591,1,,,1,15,,86611,1,,,1,55,,86631,1,,,1,15,,86651,1,,,1,15,,86592,1,,,1,15,,86612,1,,,1,55,,86632,1,,,1,15,,86652,1,,,1,15,,86593,1,,,1,15,,86613,1,,,1,55,,86633,1,,,1,15,,86653,1,,,1,15,,86594,1,,,1,15,,86614,1,,,1,55,,86634,1,,,1,15,,86654,1,,,1,15,,86595,1,,,1,15,,86615,1,,,1,55,,86635,1,,,1,15,,86655,1,,,1,15,,86596,1,,,1,15,,86616,1,,,1,55,,86636,1,,,1,15,,86656,1,,,1,15,,86597,1,,,1,15,,86617,1,,,1,55,,86637,1,,,1,15,,86657,1,,,1,15,,86598,1,,,1,15,,86618,1,,,1,55,,86638,1,,,1,15,,86658,1,,,1,15,,86599,1,,,1,15,,86619,1,,,1,55,,86639,1,,,1,15,,86659,1,,,1,15,,86600,1,,,1,15,,86620,1,,,1,55,,86640,1,,,1,15,,86660,1,,,1,15,,86601,1,,,1,15,,86621,1,,,1,55,,86641,1,,,1,15,,86661,1,,,1,15,,86602,1,,,1,15,,86622,1,,,1,55,,86642,1,,,1,15,,86662,1,,,1,15,,86603,1,,,1,15,,86623,1,,,1,55,,86643,1,,,1,15,,86663,1,,,1,15,,86604,1,,,1,15,,86624,1,,,1,55,,86644,1,,,1,15,,86664,1,,,1,15,,86605,1,,,1,15,,86625,1,,,1,55,,86645,1,,,1,15,,86665,1,,,1,15,,86606,1,,,1,15,,86626,1,,,1,55,,86646,1,,,1,15,,86666,1,,,1,15,,86607,1,,,1,15,,86627,1,,,1,55,,86647,1,,,1,15,,86667,1,,,1,15,,86608,1,,,1,15,,86628,1,,,1,55,,86648,1,,,1,15,,86668,1,,,1,15,,86609,1,,,1,15,,86629,1,,,1
1,'20261119',527,,86728,1,,,1,15,,86669,1,,,1,12,,86689,1,,,1,55,,86709,1,,,1,15,,86729,1,,,1,15,,86670,1,,,1,15,,86690,1,,,1,55,,86710,1,,,1,15,,86730,1,,,1,15,,86671,1,,,1,15,,86691,1,,,1,55,,86711,1,,,1,15,,86731,1,,,1,15,,86672,1,,,1,15,,86692,1,,,1,55,,86712,1,,,1,15,,86732,1,,,1,15,,86673,1,,,1,15,,86693,1,,,1,55,,86713,1,,,1,15,,86733,1,,,1,15,,86674,1,,,1,15,,86694,1,,,1,55,,86714,1,,,1,15,,86734,1,,,1,15,,86675,1,,,1,15,,86695,1,,,1,55,,86715,1,,,1,15,,86735,1,,,1,15,,86676,1,,,1,15,,86696,1,,,1,55,,86716,1,,,1,15,,86736,1,,,1,15,,86677,1,,,1,15,,86697,1,,,1,55,,86717,1,,,1,15,,86737,1,,,1,15,,86678,1,,,1,15,,86698,1,,,1,55,,86718,1,,,1,15,,86738,1,,,1,15,,86679,1,,,1,15,,86699,1,,,1,55,,86719,1,,,1,15,,86739,1,,,1,15,,86680,1,,,1,15,,86700,1,,,1,55,,86720,1,,,1,15,,86740,1,,,1,15,,86681,1,,,1,15,,86701,1,,,1,55,,86721,1,,,1,15,,86741,1,,,1,15,,86682,1,,,1,15,,86702,1,,,1,55,,86722,1,,,1,15,,86742,1,,,1,15,,86683,1,,,1,15,,86703,1,,,1,55,,86723,1,,,1,15,,86743,1,,,1,15,,86684,1,,,1,15,,86704,1,,,1,55,,86724,1,,,1,15,,86744,1,,,1,15,,86685,1,,,1,15,,86705,1,,,1,55,,86725,1,,,1,15,,86745,1,,,1,15,,86686,1,,,1,15,,86706,1,,,1,55,,86726,1,,,1,15,,86746,1,,,1,15,,86687,1,,,1,15,,86707,1,,,1,55,,86727,1,,,1,15,,86747,1,,,1,15,,86688,1,,,1,15,,86708,1,,,1
1,'20261120',527,,86807,1,,,1,15,,86748,1,,,1,12,,86768,1,,,1,55,,86788,1,,,1,15,,86808,1,,,1,15,,86749,1,,,1,15,,86769,1,,,1,55,,86789,1,,,1,15,,86809,1,,,1,15,,86750,1,,,1,15,,86770,1,,,1,55,,86790,1,,,1,15,,86810,1,,,1,15,,86751,1,,,1,15,,86771,1,,,1,55,,86791,1,,,1,15,,86811,1,,,1,15,,86752,1,,,1,15,,86772,1,,,1,55,,86792,1,,,1,15,,86812,1,,,1,15,,86753,1,,,1,15,,86773,1,,,1,55,,86793,1,,,1,15,,86813,1,,,1,15,,86754,1,,,1,15,,86774,1,,,1,55,,86794,1,,,1,15,,86814,1,,,1,15,,86755,1,,,1,15,,86775,1,,,1,55,,86795,1,,,1,15,,86815,1,,,1,15,,86756,1,,,1,15,,86776,1,,,1,55,,86796,1,,,1,15,,86816,1,,,1,15,,86757,1,,,1,15,,86777,1,,,1,55,,86797,1,,,1,15,,86817,1,,,1,15,,86758,1,,,1,15,,86778,1,,,1,55,,86798,1,,,1,15,,86818,1,,,1,15,,86759,1,,,1,15,,86779,1,,,1,55,,86799,1,,,1,15,,86819,1,,,1,15,,86760,1,,,1,15,,86780,1,,,1,55,,86800,1,,,1,15,,86820,1,,,1,15,,86761,1,,,1,15,,86781,1,,,1,55,,86801,1,,,1,15,,86821,1,,,1,15,,86762,1,,,1,15,,86782,1,,,1,55,,86802,1,,,1,15,,86822,1,,,1,15,,86763,1,,,1,15,,86783,1,,,1,55,,86803,1,,,1,15,,86823,1,,,1,15,,86764,1,,,1,15,,86784,1,,,1,55,,86804,1,,,1,15,,86824,1,,,1,15,,86765,1,,,1,15,,86785,1,,,1,55,,86805,1,,,1,15,,86825,1,,,1,15,,86766,1,,,1,15,,86786,1,,,1,55,,86806,1,,,1,15,,86826,1,,,1,15,,86767,1,,,1,15,,86787,1,,,1
1,'20261121',624,,86883,1,,,1,15,,86827,1,,,1,15,,86846,1,,,1,55,,86865,1,,,1,15,,86884,1,,,1,15,,86828,1,,,1,15,,86847,1,,,1,55,,86866,1,,,1,15,,86885,1,,,1,15,,86829,1,,,1,15,,86848,1,,,1,55,,86867,1,,,1,15,,86886,1,,,1,15,,86830,1,,,1,15,,86849,1,,,1,55,,86868,1,,,1,15,,86887,1,,,1,15,,86831,1,,,1,15,,86850,1,,,1,55,,86869,1,,,1,15,,86888,1,,,1,15,,86832,1,,,1,15,,86851,1,,,1,55,,86870,1,,,1,15,,86889,1,,,1,15,,86833,1,,,1,15,,86852,1,,,1,55,,86871,1,,,1,15,,86890,1,,,1,15,,86834,1,,,1,15,,86853,1,,,1,55,,86872,1,,,1,15,,86891,1,,,1,15,,86835,1,,,1,15,,86854,1,,,1,55,,86873,1,,,1,15,,86892,1,,,1,15,,86836,1,,,1,15,,86855,1,,,1,55,,86874,1,,,1,15,,86893,1,,,1,15,,86837,1,,,1,15,,86856,1,,,1,55,,86875,1,,,1,15,,86894,1,,,1,15,,86838,1,,,1,15,,86857,1,,,1,55,,86876,1,,,1,15,,86895,1,,,1,15,,86839,1,,,1,15,,86858,1,,,1,55,,86877,1,,,1,15,,86896,1,,,1,15,,86840,1,,,1,15,,86859,1,,,1,55,,86878,1,,,1,15,,86897,1,,,1,15,,86841,1,,,1,15,,86860,1,,,1,55,,86879,1,,,1,15,,86898,1,,,1,15,,86842,1,,,1,15,,86861,1,,,1,55,,86880,1,,,1,15,,86899,1,,,1,15,,86843,1,,,1,15,,86862,1,,,1,55,,86881,1,,,1,15,,86900,1,,,1,15,,86844,1,,,1,15,,86863,1,,,1,55,,86882,1,,,1,15,,86901,1,,,1,15,,86845,1,,,1,15,,86864,1,,,1
1,'20261122',624,,86958,1,,,1,15,,86902,1,,,1,15,,86921,1,,,1,55,,86940,1,,,1,15,,86959,1,,,1,15,,86903,1,,,1,15,,86922,1,,,1,55,,86941,1,,,1,15,,86960,1,,,1,15,,86904,1,,,1,15,,86923,1,,,1,55,,86942,1,,,1,15,,86961,1,,,1,15,,86905,1,,,1,15,,86924,1,,,1,55,,86943,1,,,1,15,,86962,1,,,1,15,,86906,1,,,1,15,,86925,1,,,1,55,,86944,1,,,1,15,,86963,1,,,1,15,,86907,1,,,1,15,,86926,1,,,1,55,,86945,1,,,1,15,,86964,1,,,1,15,,86908,1,,,1,15,,86927,1,,,1,55,,86946,1,,,1,15,,86965,1,,,1,15,,86909,1,,,1,15,,86928,1,,,1,55,,86947,1,,,1,15,,86966,1,,,1,15,,86910,1,,,1,15,,86929,1,,,1,55,,86948,1,,,1,15,,86967,1,,,1,15,,86911,1,,,1,15,,86930,1,,,1,55,,86949,1,,,1,15,,86968,1,,,1,15,,86912,1,,,1,15,,86931,1,,,1,55,,86950,1,,,1,15,,86969,1,,,1,15,,86913,1,,,1,15,,86932,1,,,1,55,,86951,1,,,1,15,,86970,1,,,1,15,,86914,1,,,1,15,,86933,1,,,1,55,,86952,1,,,1,15,,86971,1,,,1,15,,86915,1,,,1,15,,86934,1,,,1,55,,86953,1,,,1,15,,86972,1,,,1,15,,86916,1,,,1,15,,86935,1,,,1,55,,86954,1,,,1,15,,86973,1,,,1,15,,86917,1,,,1,15,,86936,1,,,1,55,,86955,1,,,1,15,,86974,1,,,1,15,,86918,1,,,1,15,,86937,1,,,1,55,,86956,1,,,1,15,,86975,1,,,1,15,,86919,1,,,1,15,,86938,1,,,1,55,,86957,1,,,1,15,,86976,1,,,1,15,,86920,1,,,1,15,,86939,1,,,1
1,'20261123',527,,87036,1,,,1,15,,86977,1,,,1,12,,86997,1,,,1,55,,87017,1,,,1,15,,87037,1,,,1,15,,86978,1,,,1,15,,86998,1,,,1,55,,87018,1,,,1,15,,87038,1,,,1,15,,86979,1,,,1,15,,86999,1,,,1,55,,87019,1,,,1,15,,87039,1,,,1,15,,86980,1,,,1,15,,87000,1,,,1,55,,87020,1,,,1,15,,87040,1,,,1,15,,86981,1,,,1,15,,87001,1,,,1,55,,87021,1,,,1,15,,87041,1,,,1,15,,86982,1,,,1,15,,87002,1,,,1,55,,87022,1,,,1,15,,87042,1,,,1,15,,86983,1,,,1,15,,87003,1,,,1,55,,87023,1,,,1,15,,87043,1,,,1,15,,86984,1,,,1,15,,87004,1,,,1,55,,87024,1,,,1,15,,87044,1,,,1,15,,86985,1,,,1,15,,87005,1,,,1,55,,87025,1,,,1,15,,87045,1,,,1,15,,86986,1,,,1,15,,87006,1,,,1,55,,87026,1,,,1,15,,87046,1,,,1,15,,86987,1,,,1,15,,87007,1,,,1,55,,87027,1,,,1,15,,87047,1,,,1,15,,86988,1,,,1,15,,87008,1,,,1,55,,87028,1,,,1,15,,87048,1,,,1,15,,86989,1,,,1,15,,87009,1,,,1,55,,87029,1,,,1,15,,87049,1,,,1,15,,86990,1,,,1,15,,87010,1,,,1,55,,87030,1,,,1,15,,87050,1,,,1,15,,86991,1,,,1,15,,87011,1,,,1,55,,87031,1,,,1,15,,87051,1,,,1,15,,86992,1,,,1,15,,87012,1,,,1,55,,87032,1,,,1,15,,87052,1,,,1,15,,86993,1,,,1,15,,87013,1,,,1,55,,87033,1,,,1,15,,87053,1,,,1,15,,86994,1,,,1,15,,87014,1,,,1,55,,87034,1,,,1,15,,87054,1,,,1,15,,86995,1,,,1,15,,87015,1,,,1,55,,87035,1,,,1,15,,87055,1,,,1,15,,86996,1,,,1,15,,87016,1,,,1
1,'20261124',527,,87115,1,,,1,15,,87056,1,,,1,12,,87076,1,,,1,55,,87096,1,,,1,15,,87116,1,,,1,15,,87057,1,,,1,15,,87077,1,,,1,55,,87097,1,,,1,15,,87117,1,,,1,15,,87058,1,,,1,15,,87078,1,,,1,55,,87098,1,,,1,15,,87118,1,,,1,15,,87059,1,,,1,15,,87079,1,,,1,55,,87099,1,,,1,15,,87119,1,,,1,15,,87060,1,,,1,15,,87080,1,,,1,55,,87100,1,,,1,15,,87120,1,,,1,15,,87061,1,,,1,15,,87081,1,,,1,55,,87101,1,,,1,15,,87121,1,,,1,15,,87062,1,,,1,15,,87082,1,,,1,55,,87102,1,,,1,15,,87122,1,,,1,15,,87063,1,,,1,15,,87083,1,,,1,55,,87103,1,,,1,15,,87123,1,,,1,15,,87064,1,,,1,15,,87084,1,,,1,55,,87104,1,,,1,15,,87124,1,,,1,15,,87065,1,,,1,15,,87085,1,,,1,55,,87105,1,,,1,15,,87125,1,,,1,15,,87066,1,,,1,15,,87086,1,,,1,55,,87106,1,,,1,15,,87126,1,,,1,15,,87067,1,,,1,15,,87087,1,,,1,55,,87107,1,,,1,15,,87127,1,,,1,15,,87068,1,,,1,15,,87088,1,,,1,55,,87108,1,,,1,15,,87128,1,,,1,15,,87069,1,,,1,15,,87089,1,,,1,55,,87109,1,,,1,15,,87129,1,,,1,15,,87070,1,,,1,15,,87090,1,,,1,55,,87110,1,,,1,15,,87130,1,,,1,15,,87071,1,,,1,15,,87091,1,,,1,55,,87111,1,,,1,15,,87131,1,,,1,15,,87072,1,,,1,15,,87092,1,,,1,55,,87112,1,,,1,15,,87132,1,,,1,15,,87073,1,,,1,15,,87093,1,,,1,55,,87113,1,,,1,15,,87133,1,,,1,15,,87074,1,,,1,15,,87094,1,,,1,55,,87114,1,,,1,15,,87134,1,,,1,15,,87075,1,,,1,15,,87095,1,,,1
1,'20261125',527,,87194,1,,,1,15,,87135,1,,,1,12,,87155,1,,,1,55,,87175,1,,,1,15,,87195,1,,,1,15,,87136,1,,,1,15,,87156,1,,,1,55,,87176,1,,,1,15,,87196,1,,,1,15,,87137,1,,,1,15,,87157,1,,,1,55,,87177,1,,,1,15,,87197,1,,,1,15,,87138,1,,,1,15,,87158,1,,,1,55,,87178,1,,,1,15,,87198,1,,,1,15,,87139,1,,,1,15,,87159,1,,,1,55,,87179,1,,,1,15,,87199,1,,,1,15,,87140,1,,,1,15,,87160,1,,,1,55,,87180,1,,,1,15,,87200,1,,,1,15,,87141,1,,,1,15,,87161,1,,,1,55,,87181,1,,,1,15,,87201,1,,,1,15,,87142,1,,,1,15,,87162,1,,,1,55,,87182,1,,,1,15,,87202,1,,,1,15,,87143,1,,,1,15,,87163,1,,,1,55,,87183,1,,,1,15,,87203,1,,,1,15,,87144,1,,,1,15,,87164,1,,,1,55,,87184,1,,,1,15,,87204,1,,,1,15,,87145,1,,,1,15,,87165,1,,,1,55,,87185,1,,,1,15,,87205,1,,,1,15,,87146,1,,,1,15,,87166,1,,,1,55,,87186,1,,,1,15,,87206,1,,,1,15,,87147,1,,,1,15,,87167,1,,,1,55,,87187,1,,,1,15,,87207,1,,,1,15,,87148,1,,,1,15,,87168,1,,,1,55,,87188,1,,,1,15,,87208,1,,,1,15,,87149,1,,,1,15,,87169,1,,,1,55,,87189,1,,,1,15,,87209,1,,,1,15,,87150,1,,,1,15,,87170,1,,,1,55,,87190,1,,,1,15,,87210,1,,,1,15,,87151,1,,,1,15,,87171,1,,,1,55,,87191,1,,,1,15,,87211,1,,,1,15,,87152,1,,,1,15,,87172,1,,,1,55,,87192,1,,,1,15,,87212,1,,,1,15,,87153,1,,,1,15,,87173,1,,,1,55,,87193,1,,,1,15,,87213,1,,,1,15,,87154,1,,,1,15,,87174,1,,,1
1,'20261126',527,,87273,1,,,1,15,,87214,1,,,1,12,,87234,1,,,1,55,,87254,1,,,1,15,,87274,1,,,1,15,,87215,1,,,1,15,,87235,1,,,1,55,,87255,1,,,1,15,,87275,1,,,1,15,,87216,1,,,1,15,,87236,1,,,1,55,,87256,1,,,1,15,,87276,1,,,1,15,,87217,1,,,1,15,,87237,1,,,1,55,,87257,1,,,1,15,,87277,1,,,1,15,,87218,1,,,1,15,,87238,1,,,1,55,,87258,1,,,1,15,,87278,1,,,1,15,,87219,1,,,1,15,,87239,1,,,1,55,,87259,1,,,1,15,,87279,1,,,1,15,,87220,1,,,1,15,,87240,1,,,1,55,,87260,1,,,1,15,,87280,1,,,1,15,,87221,1,,,1,15,,87241,1,,,1,55,,87261,1,,,1,15,,87281,1,,,1,15,,87222,1,,,1,15,,87242,1,,,1,55,,87262,1,,,1,15,,87282,1,,,1,15,,87223,1,,,1,15,,87243,1,,,1,55,,87263,1,,,1,15,,87283,1,,,1,15,,87224,1,,,1,15,,87244,1,,,1,55,,87264,1,,,1,15,,87284,1,,,1,15,,87225,1,,,1,15,,87245,1,,,1,55,,87265,1,,,1,15,,87285,1,,,1,15,,87226,1,,,1,15,,87246,1,,,1,55,,87266,1,,,1,15,,87286,1,,,1,15,,87227,1,,,1,15,,87247,1,,,1,55,,87267,1,,,1,15,,87287,1,,,1,15,,87228,1,,,1,15,,87248,1,,,1,55,,87268,1,,,1,15,,87288,1,,,1,15,,87229,1,,,1,15,,87249,1,,,1,55,,87269,1,,,1,15,,87289,1,,,1,15,,87230,1,,,1,15,,87250,1,,,1,55,,87270,1,,,1,15,,87290,1,,,1,15,,87231,1,,,1,15,,87251,1,,,1,55,,87271,1,,,1,15,,87291,1,,,1,15,,87232,1,,,1,15,,87252,1,,,1,55,,87272,1,,,1,15,,87292,1,,,1,15,,87233,1,,,1,15,,87253,1,,,1
1,'20261127',527,,87352,1,,,1,15,,87293,1,,,1,12,,87313,1,,,1,55,,87333,1,,,1,15,,87353,1,,,1,15,,87294,1,,,1,15,,87314,1,,,1,55,,87334,1,,,1,15,,87354,1,,,1,15,,87295,1,,,1,15,,87315,1,,,1,55,,87335,1,,,1,15,,87355,1,,,1,15,,87296,1,,,1,15,,87316,1,,,1,55,,87336,1,,,1,15,,87356,1,,,1,15,,87297,1,,,1,15,,87317,1,,,1,55,,87337,1,,,1,15,,87357,1,,,1,15,,87298,1,,,1,15,,87318,1,,,1,55,,87338,1,,,1,15,,87358,1,,,1,15,,87299,1,,,1,15,,87319,1,,,1,55,,87339,1,,,1,15,,87359,1,,,1,15,,87300,1,,,1,15,,87320,1,,,1,55,,87340,1,,,1,15,,87360,1,,,1,15,,87301,1,,,1,15,,87321,1,,,1,55,,87341,1,,,1,15,,87361,1,,,1,15,,87302,1,,,1,15,,87322,1,,,1,55,,87342,1,,,1,15,,87362,1,,,1,15,,87303,1,,,1,15,,87323,1,,,1,55,,87343,1,,,1,15,,87363,1,,,1,15,,87304,1,,,1,15,,87324,1,,,1,55,,87344,1,,,1,15,,87364,1,,,1,15,,87305,1,,,1,15,,87325,1,,,1,55,,87345,1,,,1,15,,87365,1,,,1,15,,87306,1,,,1,15,,87326,1,,,1,55,,87346,1,,,1,15,,87366,1,,,1,15,,87307,1,,,1,15,,87327,1,,,1,55,,87347,1,,,1,15,,87367,1,,,1,15,,87308,1,,,1,15,,87328,1,,,1,55,,87348,1,,,1,15,,87368,1,,,1,15,,87309,1,,,1,15,,87329,1,,,1,55,,87349,1,,,1,15,,87369,1,,,1,15,,87310,1,,,1,15,,87330,1,,,1,55,,87350,1,,,1,15,,87370,1,,,1,15,,87311,1,,,1,15,,87331,1,,,1,55,,87351,1,,,1,15,,87371,1,,,1,15,,87312,1,,,1,15,,87332,1,,,1
1,'20261128',624,,87428,1,,,1,15,,87372,1,,,1,15,,87391,1,,,1,55,,87410,1,,,1,15,,87429,1,,,1,15,,87373,1,,,1,15,,87392,1,,,1,55,,87411,1,,,1,15,,87430,1,,,1,15,,87374,1,,,1,15,,87393,1,,,1,55,,87412,1,,,1,15,,87431,1,,,1,15,,87375,1,,,1,15,,87394,1,,,1,55,,87413,1,,,1,15,,87432,1,,,1,15,,87376,1,,,1,15,,87395,1,,,1,55,,87414,1,,,1,15,,87433,1,,,1,15,,87377,1,,,1,15,,87396,1,,,1,55,,87415,1,,,1,15,,87434,1,,,1,15,,87378,1,,,1,15,,87397,1,,,1,55,,87416,1,,,1,15,,87435,1,,,1,15,,87379,1,,,1,15,,87398,1,,,1,55,,87417,1,,,1,15,,87436,1,,,1,15,,87380,1,,,1,15,,87399,1,,,1,55,,87418,1,,,1,15,,87437,1,,,1,15,,87381,1,,,1,15,,87400,1,,,1,55,,87419,1,,,1,15,,87438,1,,,1,15,,87382,1,,,1,15,,87401,1,,,1,55,,87420,1,,,1,15,,87439,1,,,1,15,,87383,1,,,1,15,,87402,1,,,1,55,,87421,1,,,1,15,,87440,1,,,1,15,,87384,1,,,1,15,,87403,1,,,1,55,,87422,1,,,1,15,,87441,1,,,1,15,,87385,1,,,1,15,,87404,1,,,1,55,,87423,1,,,1,15,,87442,1,,,1,15,,87386,1,,,1,15,,87405,1,,,1,55,,87424,1,,,1,15,,87443,1,,,1,15,,87387,1,,,1,15,,87406,1,,,1,55,,87425,1,,,1,15,,87444,1,,,1,15,,87388,1,,,1,15,,87407,1,,,1,55,,87426,1,,,1,15,,87445,1,,,1,15,,87389,1,,,1,15,,87408,1,,,1,55,,87427,1,,,1,15,,87446,1,,,1,15,,87390,1,,,1,15,,87409,1,,,1
1,'20261129',624,,87503,1,,,1,15,,87447,1,,,1,15,,87466,1,,,1,55,,87485,1,,,1,15,,87504,1,,,1,15,,87448,1,,,1,15,,87467,1,,,1,55,,87486,1,,,1,15,,87505,1,,,1,15,,87449,1,,,1,15,,87468,1,,,1,55,,87487,1,,,1,15,,87506,1,,,1,15,,87450,1,,,1,15,,87469,1,,,1,55,,87488,1,,,1,15,,87507,1,,,1,15,,87451,1,,,1,15,,87470,1,,,1,55,,87489,1,,,1,15,,87508,1,,,1,15,,87452,1,,,1,15,,87471,1,,,1,55,,87490,1,,,1,15,,87509,1,,,1,15,,87453,1,,,1,15,,87472,1,,,1,55,,87491,1,,,1,15,,87510,1,,,1,15,,87454,1,,,1,15,,87473,1,,,1,55,,87492,1,,,1,15,,87511,1,,,1,15,,87455,1,,,1,15,,87474,1,,,1,55,,87493,1,,,1,15,,87512,1,,,1,15,,87456,1,,,1,15,,87475,1,,,1,55,,87494,1,,,1,15,,87513,1,,,1,15,,87457,1,,,1,15,,87476,1,,,1,55,,87495,1,,,1,15,,87514,1,,,1,15,,87458,1,,,1,15,,87477,1,,,1,55,,87496,1,,,1,15,,87515,1,,,1,15,,87459,1,,,1,15,,87478,1,,,1,55,,87497,1,,,1,15,,87516,1,,,1,15,,87460,1,,,1,15,,87479,1,,,1,55,,87498,1,,,1,15,,87517,1,,,1,15,,87461,1,,,1,15,,87480,1,,,1,55,,87499,1,,,1,15,,87518,1,,,1,15,,87462,1,,,1,15,,87481,1,,,1,55,,87500,1,,,1,15,,87519,1,,,1,15,,87463,1,,,1,15,,87482,1,,,1,55,,87501,1,,,1,15,,87520,1,,,1,15,,87464,1,,,1,15,,87483,1,,,1,55,,87502,1,,,1,15,,87521,1,,,1,15,,87465,1,,,1,15,,87484,1,,,1
1,'20261130',527,,87581,1,,,1,15,,87522,1,,,1,12,,87542,1,,,1,55,,87562,1,,,1,15,,87582,1,,,1,15,,87523,1,,,1,15,,87543,1,,,1,55,,87563,1,,,1,15,,87583,1,,,1,15,,87524,1,,,1,15,,87544,1,,,1,55,,87564,1,,,1,15,,87584,1,,,1,15,,87525,1,,,1,15,,87545,1,,,1,55,,87565,1,,,1,15,,87585,1,,,1,15,,87526,1,,,1,15,,87546,1,,,1,55,,87566,1,,,1,15,,87586,1,,,1,15,,87527,1,,,1,15,,87547,1,,,1,55,,87567,1,,,1,15,,87587,1,,,1,15,,87528,1,,,1,15,,87548,1,,,1,55,,87568,1,,,1,15,,87588,1,,,1,15,,87529,1,,,1,15,,87549,1,,,1,55,,87569,1,,,1,15,,87589,1,,,1,15,,87530,1,,,1,15,,87550,1,,,1,55,,87570,1,,,1,15,,87590,1,,,1,15,,87531,1,,,1,15,,87551,1,,,1,55,,87571,1,,,1,15,,87591,1,,,1,15,,87532,1,,,1,15,,87552,1,,,1,55,,87572,1,,,1,15,,87592,1,,,1,15,,87533,1,,,1,15,,87553,1,,,1,55,,87573,1,,,1,15,,87593,1,,,1,15,,87534,1,,,1,15,,87554,1,,,1,55,,87574,1,,,1,15,,87594,1,,,1,15,,87535,1,,,1,15,,87555,1,,,1,55,,87575,1,,,1,15,,87595,1,,,1,15,,87536,1,,,1,15,,87556,1,,,1,55,,87576,1,,,1,15,,87596,1,,,1,15,,87537,1,,,1,15,,87557,1,,,1,55,,87577,1,,,1,15,,87597,1,,,1,15,,87538,1,,,1,15,,87558,1,,,1,55,,87578,1,,,1,15,,87598,1,,,1,15,,87539,1,,,1,15,,87559,1,,,1,55,,87579,1,,,1,15,,87599,1,,,1,15,,87540,1,,,1,15,,87560,1,,,1,55,,87580,1,,,1,15,,87600,1,,,1,15,,87541,1,,,1,15,,87561,1,,,1
1,'20261201',527,,87660,1,,,1,15,,87601,1,,,1,12,,87621,1,,,1,55,,87641,1,,,1,15,,87661,1,,,1,15,,87602,1,,,1,15,,87622,1,,,1,55,,87642,1,,,1,15,,87662,1,,,1,15,,87603,1,,,1,15,,87623,1,,,1,55,,87643,1,,,1,15,,87663,1,,,1,15,,87604,1,,,1,15,,87624,1,,,1,55,,87644,1,,,1,15,,87664,1,,,1,15,,87605,1,,,1,15,,87625,1,,,1,55,,87645,1,,,1,15,,87665,1,,,1,15,,87606,1,,,1,15,,87626,1,,,1,55,,87646,1,,,1,15,,87666,1,,,1,15,,87607,1,,,1,15,,87627,1,,,1,55,,87647,1,,,1,15,,87667,1,,,1,15,,87608,1,,,1,15,,87628,1,,,1,55,,87648,1,,,1,15,,87668,1,,,1,15,,87609,1,,,1,15,,87629,1,,,1,55,,87649,1,,,1,15,,87669,1,,,1,15,,87610,1,,,1,15,,87630,1,,,1,55,,87650,1,,,1,15,,87670,1,,,1,15,,87611,1,,,1,15,,87631,1,,,1,55,,87651,1,,,1,15,,87671,1,,,1,15,,87612,1,,,1,15,,87632,1,,,1,55,,87652,1,,,1,15,,87672,1,,,1,15,,87613,1,,,1,15,,87633,1,,,1,55,,87653,1,,,1,15,,87673,1,,,1,15,,87614,1,,,1,15,,87634,1,,,1,55,,87654,1,,,1,15,,87674,1,,,1,15,,87615,1,,,1,15,,87635,1,,,1,55,,87655,1,,,1,15,,87675,1,,,1,15,,87616,1,,,1,15,,87636,1,,,1,55,,87656,1,,,1,15,,87676,1,,,1,15,,87617,1,,,1,15,,87637,1,,,1,55,,87657,1,,,1,15,,87677,1,,,1,15,,87618,1,,,1,15,,87638,1,,,1,55,,87658,1,,,1,15,,87678,1,,,1,15,,87619,1,,,1,15,,87639,1,,,1,55,,87659,1,,,1,15,,87679,1,,,1,15,,87620,1,,,1,15,,87640,1,,,1
1,'20261202',527,,87739,1,,,1,15,,87680,1,,,1,12,,87700,1,,,1,55,,87720,1,,,1,15,,87740,1,,,1,15,,87681,1,,,1,15,,87701,1,,,1,55,,87721,1,,,1,15,,87741,1,,,1,15,,87682,1,,,1,15,,87702,1,,,1,55,,87722,1,,,1,15,,87742,1,,,1,15,,87683,1,,,1,15,,87703,1,,,1,55,,87723,1,,,1,15,,87743,1,,,1,15,,87684,1,,,1,15,,87704,1,,,1,55,,87724,1,,,1,15,,87744,1,,,1,15,,87685,1,,,1,15,,87705,1,,,1,55,,87725,1,,,1,15,,87745,1,,,1,15,,87686,1,,,1,15,,87706,1,,,1,55,,87726,1,,,1,15,,87746,1,,,1,15,,87687,1,,,1,15,,87707,1,,,1,55,,87727,1,,,1,15,,87747,1,,,1,15,,87688,1,,,1,15,,87708,1,,,1,55,,87728,1,,,1,15,,87748,1,,,1,15,,87689,1,,,1,15,,87709,1,,,1,55,,87729,1,,,1,15,,87749,1,,,1,15,,87690,1,,,1,15,,87710,1,,,1,55,,87730,1,,,1,15,,87750,1,,,1,15,,87691,1,,,1,15,,87711,1,,,1,55,,87731,1,,,1,15,,87751,1,,,1,15,,87692,1,,,1,15,,87712,1,,,1,55,,87732,1,,,1,15,,87752,1,,,1,15,,87693,1,,,1,15,,87713,1,,,1,55,,87733,1,,,1,15,,87753,1,,,1,15,,87694,1,,,1,15,,87714,1,,,1,55,,87734,1,,,1,15,,87754,1,,,1,15,,87695,1,,,1,15,,87715,1,,,1,55,,87735,1,,,1,15,,87755,1,,,1,15,,87696,1,,,1,15,,87716,1,,,1,55,,87736,1,,,1,15,,87756,1,,,1,15,,87697,1,,,1,15,,87717,1,,,1,55,,87737,1,,,1,15,,87757,1,,,1,15,,87698,1,,,1,15,,87718,1,,,1,55,,87738,1,,,1,15,,87758,1,,,1,15,,87699,1,,,1,15,,87719,1,,,1
1,'20261203',527,,87818,1,,,1,15,,87759,1,,,1,12,,87779,1,,,1,55,,87799,1,,,1,15,,87819,1,,,1,15,,87760,1,,,1,15,,87780,1,,,1,55,,87800,1,,,1,15,,87820,1,,,1,15,,87761,1,,,1,15,,87781,1,,,1,55,,87801,1,,,1,15,,87821,1,,,1,15,,87762,1,,,1,15,,87782,1,,,1,55,,87802,1,,,1,15,,87822,1,,,1,15,,87763,1,,,1,15,,87783,1,,,1,55,,87803,1,,,1,15,,87823,1,,,1,15,,87764,1,,,1,15,,87784,1,,,1,55,,87804,1,,,1,15,,87824,1,,,1,15,,87765,1,,,1,15,,87785,1,,,1,55,,87805,1,,,1,15,,87825,1,,,1,15,,87766,1,,,1,15,,87786,1,,,1,55,,87806,1,,,1,15,,87826,1,,,1,15,,87767,1,,,1,15,,87787,1,,,1,55,,87807,1,,,1,15,,87827,1,,,1,15,,87768,1,,,1,15,,87788,1,,,1,55,,87808,1,,,1,15,,87828,1,,,1,15,,87769,1,,,1,15,,87789,1,,,1,55,,87809,1,,,1,15,,87829,1,,,1,15,,87770,1,,,1,15,,87790,1,,,1,55,,87810,1,,,1,15,,87830,1,,,1,15,,87771,1,,,1,15,,87791,1,,,1,55,,87811,1,,,1,15,,87831,1,,,1,15,,87772,1,,,1,15,,87792,1,,,1,55,,87812,1,,,1,15,,87832,1,,,1,15,,87773,1,,,1,15,,87793,1,,,1,55,,87813,1,,,1,15,,87833,1,,,1,15,,87774,1,,,1,15,,87794,1,,,1,55,,87814,1,,,1,15,,87834,1,,,1,15,,87775,1,,,1,15,,87795,1,,,1,55,,87815,1,,,1,15,,87835,1,,,1,15,,87776,1,,,1,15,,87796,1,,,1,55,,87816,1,,,1,15,,87836,1,,,1,15,,87777,1,,,1,15,,87797,1,,,1,55,,87817,1,,,1,15,,87837,1,,,1,15,,87778,1,,,1,15,,87798,1,,,1
1,'20261204',527,,87897,1,,,1,15,,87838,1,,,1,12,,87858,1,,,1,55,,87878,1,,,1,15,,87898,1,,,1,15,,87839,1,,,1,15,,87859,1,,,1,55,,87879,1,,,1,15,,87899,1,,,1,15,,87840,1,,,1,15,,87860,1,,,1,55,,87880,1,,,1,15,,87900,1,,,1,15,,87841,1,,,1,15,,87861,1,,,1,55,,87881,1,,,1,15,,87901,1,,,1,15,,87842,1,,,1,15,,87862,1,,,1,55,,87882,1,,,1,15,,87902,1,,,1,15,,87843,1,,,1,15,,87863,1,,,1,55,,87883,1,,,1,15,,87903,1,,,1,15,,87844,1,,,1,15,,87864,1,,,1,55,,87884,1,,,1,15,,87904,1,,,1,15,,87845,1,,,1,15,,87865,1,,,1,55,,87885,1,,,1,15,,87905,1,,,1,15,,87846,1,,,1,15,,87866,1,,,1,55,,87886,1,,,1,15,,87906,1,,,1,15,,87847,1,,,1,15,,87867,1,,,1,55,,87887,1,,,1,15,,87907,1,,,1,15,,87848,1,,,1,15,,87868,1,,,1,55,,87888,1,,,1,15,,87908,1,,,1,15,,87849,1,,,1,15,,87869,1,,,1,55,,87889,1,,,1,15,,87909,1,,,1,15,,87850,1,,,1,15,,87870,1,,,1,55,,87890,1,,,1,15,,87910,1,,,1,15,,87851,1,,,1,15,,87871,1,,,1,55,,87891,1,,,1,15,,87911,1,,,1,15,,87852,1,,,1,15,,87872,1,,,1,55,,87892,1,,,1,15,,87912,1,,,1,15,,87853,1,,,1,15,,87873,1,,,1,55,,87893,1,,,1,15,,87913,1,,,1,15,,87854,1,,,1,15,,87874,1,,,1,55,,87894,1,,,1,15,,87914,1,,,1,15,,87855,1,,,1,15,,87875,1,,,1,55,,87895,1,,,1,15,,87915,1,,,1,15,,87856,1,,,1,15,,87876,1,,,1,55,,87896,1,,,1,15,,87916,1,,,1,15,,87857,1,,,1,15,,87877,1,,,1
1,'20261205',624,,87973,1,,,1,15,,87917,1,,,1,15,,87936,1,,,1,55,,87955,1,,,1,15,,87974,1,,,1,15,,87918,1,,,1,15,,87937,1,,,1,55,,87956,1,,,1,15,,87975,1,,,1,15,,87919,1,,,1,15,,87938,1,,,1,55,,87957,1,,,1,15,,87976,1,,,1,15,,87920,1,,,1,15,,87939,1,,,1,55,,87958,1,,,1,15,,87977,1,,,1,15,,87921,1,,,1,15,,87940,1,,,1,55,,87959,1,,,1,15,,87978,1,,,1,15,,87922,1,,,1,15,,87941,1,,,1,55,,87960,1,,,1,15,,87979,1,,,1,15,,87923,1,,,1,15,,87942,1,,,1,55,,87961,1,,,1,15,,87980,1,,,1,15,,87924,1,,,1,15,,87943,1,,,1,55,,87962,1,,,1,15,,87981,1,,,1,15,,87925,1,,,1,15,,87944,1,,,1,55,,87963,1,,,1,15,,87982,1,,,1,15,,87926,1,,,1,15,,87945,1,,,1,55,,87964,1,,,1,15,,87983,1,,,1,15,,87927,1,,,1,15,,87946,1,,,1,55,,87965,1,,,1,15,,87984,1,,,1,15,,87928,1,,,1,15,,87947,1,,,1,55,,87966,1,,,1,15,,87985,1,,,1,15,,87929,1,,,1,15,,87948,1,,,1,55,,87967,1,,,1,15,,87986,1,,,1,15,,87930,1,,,1,15,,87949,1,,,1,55,,87968,1,,,1,15,,87987,1,,,1,15,,87931,1,,,1,15,,87950,1,,,1,55,,87969,1,,,1,15,,87988,1,,,1,15,,87932,1,,,1,15,,87951,1,,,1,55,,87970,1,,,1,15,,87989,1,,,1,15,,87933,1,,,1,15,,87952,1,,,1,55,,87971,1,,,1,15,,87990,1,,,1,15,,87934,1,,,1,15,,87953,1,,,1,55,,87972,1,,,1,15,,87991,1,,,1,15,,87935,1,,,1,15,,87954,1,,,1
1,'20261206',624,,88048,1,,,1,15,,87992,1,,,1,15,,88011,1,,,1,55,,88030,1,,,1,15,,88049,1,,,1,15,,87993,1,,,1,15,,88012,1,,,1,55,,88031,1,,,1,15,,88050,1,,,1,15,,87994,1,,,1,15,,88013,1,,,1,55,,88032,1,,,1,15,,88051,1,,,1,15,,87995,1,,,1,15,,88014,1,,,1,55,,88033,1,,,1,15,,88052,1,,,1,15,,87996,1,,,1,15,,88015,1,,,1,55,,88034,1,,,1,15,,88053,1,,,1,15,,87997,1,,,1,15,,88016,1,,,1,55,,88035,1,,,1,15,,88054,1,,,1,15,,87998,1,,,1,15,,88017,1,,,1,55,,88036,1,,,1,15,,88055,1,,,1,15,,87999,1,,,1,15,,88018,1,,,1,55,,88037,1,,,1,15,,88056,1,,,1,15,,88000,1,,,1,15,,88019,1,,,1,55,,88038,1,,,1,15,,88057,1,,,1,15,,88001,1,,,1,15,,88020,1,,,1,55,,88039,1,,,1,15,,88058,1,,,1,15,,88002,1,,,1,15,,88021,1,,,1,55,,88040,1,,,1,15,,88059,1,,,1,15,,88003,1,,,1,15,,88022,1,,,1,55,,88041,1,,,1,15,,88060,1,,,1,15,,88004,1,,,1,15,,88023,1,,,1,55,,88042,1,,,1,15,,88061,1,,,1,15,,88005,1,,,1,15,,88024,1,,,1,55,,88043,1,,,1,15,,88062,1,,,1,15,,88006,1,,,1,15,,88025,1,,,1,55,,88044,1,,,1,15,,88063,1,,,1,15,,88007,1,,,1,15,,88026,1,,,1,55,,88045,1,,,1,15,,88064,1,,,1,15,,88008,1,,,1,15,,88027,1,,,1,55,,88046,1,,,1,15,,88065,1,,,1,15,,88009,1,,,1,15,,88028,1,,,1,55,,88047,1,,,1,15,,88066,1,,,1,15,,88010,1,,,1,15,,88029,1,,,1
1,'20261207',527,,88126,1,,,1,15,,88067,1,,,1,12,,88087,1,,,1,55,,88107,1,,,1,15,,88127,1,,,1,15,,88068,1,,,1,15,,88088,1,,,1,55,,88108,1,,,1,15,,88128,1,,,1,15,,88069,1,,,1,15,,88089,1,,,1,55,,88109,1,,,1,15,,88129,1,,,1,15,,88070,1,,,1,15,,88090,1,,,1,55,,88110,1,,,1,15,,88130,1,,,1,15,,88071,1,,,1,15,,88091,1,,,1,55,,88111,1,,,1,15,,88131,1,,,1,15,,88072,1,,,1,15,,88092,1,,,1,55,,88112,1,,,1,15,,88132,1,,,1,15,,88073,1,,,1,15,,88093,1,,,1,55,,88113,1,,,1,15,,88133,1,,,1,15,,88074,1,,,1,15,,88094,1,,,1,55,,88114,1,,,1,15,,88134,1,,,1,15,,88075,1,,,1,15,,88095,1,,,1,55,,88115,1,,,1,15,,88135,1,,,1,15,,88076,1,,,1,15,,88096,1,,,1,55,,88116,1,,,1,15,,88136,1,,,1,15,,88077,1,,,1,15,,88097,1,,,1,55,,88117,1,,,1,15,,88137,1,,,1,15,,88078,1,,,1,15,,88098,1,,,1,55,,88118,1,,,1,15,,88138,1,,,1,15,,88079,1,,,1,15,,88099,1,,,1,55,,88119,1,,,1,15,,88139,1,,,1,15,,88080,1,,,1,15,,88100,1,,,1,55,,88120,1,,,1,15,,88140,1,,,1,15,,88081,1,,,1,15,,88101,1,,,1,55,,88121,1,,,1,15,,88141,1,,,1,15,,88082,1,,,1,15,,88102,1,,,1,55,,88122,1,,,1,15,,88142,1,,,1,15,,88083,1,,,1,15,,88103,1,,,1,55,,88123,1,,,1,15,,88143,1,,,1,15,,88084,1,,,1,15,,88104,1,,,1,55,,88124,1,,,1,15,,88144,1,,,1,15,,88085,1,,,1,15,,88105,1,,,1,55,,88125,1,,,1,15,,88145,1,,,1,15,,88086,1,,,1,15,,88106,1,,,1
1,'20261208',527,,88205,1,,,1,15,,88146,1,,,1,12,,88166,1,,,1,55,,88186,1,,,1,15,,88206,1,,,1,15,,88147,1,,,1,15,,88167,1,,,1,55,,88187,1,,,1,15,,88207,1,,,1,15,,88148,1,,,1,15,,88168,1,,,1,55,,88188,1,,,1,15,,88208,1,,,1,15,,88149,1,,,1,15,,88169,1,,,1,55,,88189,1,,,1,15,,88209,1,,,1,15,,88150,1,,,1,15,,88170,1,,,1,55,,88190,1,,,1,15,,88210,1,,,1,15,,88151,1,,,1,15,,88171,1,,,1,55,,88191,1,,,1,15,,88211,1,,,1,15,,88152,1,,,1,15,,88172,1,,,1,55,,88192,1,,,1,15,,88212,1,,,1,15,,88153,1,,,1,15,,88173,1,,,1,55,,88193,1,,,1,15,,88213,1,,,1,15,,88154,1,,,1,15,,88174,1,,,1,55,,88194,1,,,1,15,,88214,1,,,1,15,,88155,1,,,1,15,,88175,1,,,1,55,,88195,1,,,1,15,,88215,1,,,1,15,,88156,1,,,1,15,,88176,1,,,1,55,,88196,1,,,1,15,,88216,1,,,1,15,,88157,1,,,1,15,,88177,1,,,1,55,,88197,1,,,1,15,,88217,1,,,1,15,,88158,1,,,1,15,,88178,1,,,1,55,,88198,1,,,1,15,,88218,1,,,1,15,,88159,1,,,1,15,,88179,1,,,1,55,,88199,1,,,1,15,,88219,1,,,1,15,,88160,1,,,1,15,,88180,1,,,1,55,,88200,1,,,1,15,,88220,1,,,1,15,,88161,1,,,1,15,,88181,1,,,1,55,,88201,1,,,1,15,,88221,1,,,1,15,,88162,1,,,1,15,,88182,1,,,1,55,,88202,1,,,1,15,,88222,1,,,1,15,,88163,1,,,1,15,,88183,1,,,1,55,,88203,1,,,1,15,,88223,1,,,1,15,,88164,1,,,1,15,,88184,1,,,1,55,,88204,1,,,1,15,,88224,1,,,1,15,,88165,1,,,1,15,,88185,1,,,1
1,'20261209',527,,88284,1,,,1,15,,88225,1,,,1,12,,88245,1,,,1,55,,88265,1,,,1,15,,88285,1,,,1,15,,88226,1,,,1,15,,88246,1,,,1,55,,88266,1,,,1,15,,88286,1,,,1,15,,88227,1,,,1,15,,88247,1,,,1,55,,88267,1,,,1,15,,88287,1,,,1,15,,88228,1,,,1,15,,88248,1,,,1,55,,88268,1,,,1,15,,88288,1,,,1,15,,88229,1,,,1,15,,88249,1,,,1,55,,88269,1,,,1,15,,88289,1,,,1,15,,88230,1,,,1,15,,88250,1,,,1,55,,88270,1,,,1,15,,88290,1,,,1,15,,88231,1,,,1,15,,88251,1,,,1,55,,88271,1,,,1,15,,88291,1,,,1,15,,88232,1,,,1,15,,88252,1,,,1,55,,88272,1,,,1,15,,88292,1,,,1,15,,88233,1,,,1,15,,88253,1,,,1,55,,88273,1,,,1,15,,88293,1,,,1,15,,88234,1,,,1,15,,88254,1,,,1,55,,88274,1,,,1,15,,88294,1,,,1,15,,88235,1,,,1,15,,88255,1,,,1,55,,88275,1,,,1,15,,88295,1,,,1,15,,88236,1,,,1,15,,88256,1,,,1,55,,88276,1,,,1,15,,88296,1,,,1,15,,88237,1,,,1,15,,88257,1,,,1,55,,88277,1,,,1,15,,88297,1,,,1,15,,88238,1,,,1,15,,88258,1,,,1,55,,88278,1,,,1,15,,88298,1,,,1,15,,88239,1,,,1,15,,88259,1,,,1,55,,88279,1,,,1,15,,88299,1,,,1,15,,88240,1,,,1,15,,88260,1,,,1,55,,88280,1,,,1,15,,88300,1,,,1,15,,88241,1,,,1,15,,88261,1,,,1,55,,88281,1,,,1,15,,88301,1,,,1,15,,88242,1,,,1,15,,88262,1,,,1,55,,88282,1,,,1,15,,88302,1,,,1,15,,88243,1,,,1,15,,88263,1,,,1,55,,88283,1,,,1,15,,88303,1,,,1,15,,88244,1,,,1,15,,88264,1,,,1
1,'20261210',527,,88363,1,,,1,15,,88304,1,,,1,12,,88324,1,,,1,55,,88344,1,,,1,15,,88364,1,,,1,15,,88305,1,,,1,15,,88325,1,,,1,55,,88345,1,,,1,15,,88365,1,,,1,15,,88306,1,,,1,15,,88326,1,,,1,55,,88346,1,,,1,15,,88366,1,,,1,15,,88307,1,,,1,15,,88327,1,,,1,55,,88347,1,,,1,15,,88367,1,,,1,15,,88308,1,,,1,15,,88328,1,,,1,55,,88348,1,,,1,15,,88368,1,,,1,15,,88309,1,,,1,15,,88329,1,,,1,55,,88349,1,,,1,15,,88369,1,,,1,15,,88310,1,,,1,15,,88330,1,,,1,55,,88350,1,,,1,15,,88370,1,,,1,15,,88311,1,,,1,15,,88331,1,,,1,55,,88351,1,,,1,15,,88371,1,,,1,15,,88312,1,,,1,15,,88332,1,,,1,55,,88352,1,,,1,15,,88372,1,,,1,15,,88313,1,,,1,15,,88333,1,,,1,55,,88353,1,,,1,15,,88373,1,,,1,15,,88314,1,,,1,15,,88334,1,,,1,55,,88354,1,,,1,15,,88374,1,,,1,15,,88315,1,,,1,15,,88335,1,,,1,55,,88355,1,,,1,15,,88375,1,,,1,15,,88316,1,,,1,15,,88336,1,,,1,55,,88356,1,,,1,15,,88376,1,,,1,15,,88317,1,,,1,15,,88337,1,,,1,55,,88357,1,,,1,15,,88377,1,,,1,15,,88318,1,,,1,15,,88338,1,,,1,55,,88358,1,,,1,15,,88378,1,,,1,15,,88319,1,,,1,15,,88339,1,,,1,55,,88359,1,,,1,15,,88379,1,,,1,15,,88320,1,,,1,15,,88340,1,,,1,55,,88360,1,,,1,15,,88380,1,,,1,15,,88321,1,,,1,15,,88341,1,,,1,55,,88361,1,,,1,15,,88381,1,,,1,15,,88322,1,,,1,15,,88342,1,,,1,55,,88362,1,,,1,15,,88382,1,,,1,15,,88323,1,,,1,15,,88343,1,,,1
1,'20261211',527,,88442,1,,,1,15,,88383,1,,,1,12,,88403,1,,,1,55,,88423,1,,,1,15,,88443,1,,,1,15,,88384,1,,,1,15,,88404,1,,,1,55,,88424,1,,,1,15,,88444,1,,,1,15,,88385,1,,,1,15,,88405,1,,,1,55,,88425,1,,,1,15,,88445,1,,,1,15,,88386,1,,,1,15,,88406,1,,,1,55,,88426,1,,,1,15,,88446,1,,,1,15,,88387,1,,,1,15,,88407,1,,,1,55,,88427,1,,,1,15,,88447,1,,,1,15,,88388,1,,,1,15,,88408,1,,,1,55,,88428,1,,,1,15,,88448,1,,,1,15,,88389,1,,,1,15,,88409,1,,,1,55,,88429,1,,,1,15,,88449,1,,,1,15,,88390,1,,,1,15,,88410,1,,,1,55,,88430,1,,,1,15,,88450,1,,,1,15,,88391,1,,,1,15,,88411,1,,,1,55,,88431,1,,,1,15,,88451,1,,,1,15,,88392,1,,,1,15,,88412,1,,,1,55,,88432,1,,,1,15,,88452,1,,,1,15,,88393,1,,,1,15,,88413,1,,,1,55,,88433,1,,,1,15,,88453,1,,,1,15,,88394,1,,,1,15,,88414,1,,,1,55,,88434,1,,,1,15,,88454,1,,,1,15,,88395,1,,,1,15,,88415,1,,,1,55,,88435,1,,,1,15,,88455,1,,,1,15,,88396,1,,,1,15,,88416,1,,,1,55,,88436,1,,,1,15,,88456,1,,,1,15,,88397,1,,,1,15,,88417,1,,,1,55,,88437,1,,,1,15,,88457,1,,,1,15,,88398,1,,,1,15,,88418,1,,,1,55,,88438,1,,,1,15,,88458,1,,,1,15,,88399,1,,,1,15,,88419,1,,,1,55,,88439,1,,,1,15,,88459,1,,,1,15,,88400,1,,,1,15,,88420,1,,,1,55,,88440,1,,,1,15,,88460,1,,,1,15,,88401,1,,,1,15,,88421,1,,,1,55,,88441,1,,,1,15,,88461,1,,,1,15,,88402,1,,,1,15,,88422,1,,,1
1,'20261212',624,,88518,1,,,1,15,,88462,1,,,1,15,,88481,1,,,1,55,,88500,1,,,1,15,,88519,1,,,1,15,,88463,1,,,1,15,,88482,1,,,1,55,,88501,1,,,1,15,,88520,1,,,1,15,,88464,1,,,1,15,,88483,1,,,1,55,,88502,1,,,1,15,,88521,1,,,1,15,,88465,1,,,1,15,,88484,1,,,1,55,,88503,1,,,1,15,,88522,1,,,1,15,,88466,1,,,1,15,,88485,1,,,1,55,,88504,1,,,1,15,,88523,1,,,1,15,,88467,1,,,1,15,,88486,1,,,1,55,,88505,1,,,1,15,,88524,1,,,1,15,,88468,1,,,1,15,,88487,1,,,1,55,,88506,1,,,1,15,,88525,1,,,1,15,,88469,1,,,1,15,,88488,1,,,1,55,,88507,1,,,1,15,,88526,1,,,1,15,,88470,1,,,1,15,,88489,1,,,1,55,,88508,1,,,1,15,,88527,1,,,1,15,,88471,1,,,1,15,,88490,1,,,1,55,,88509,1,,,1,15,,88528,1,,,1,15,,88472,1,,,1,15,,88491,1,,,1,55,,88510,1,,,1,15,,88529,1,,,1,15,,88473,1,,,1,15,,88492,1,,,1,55,,88511,1,,,1,15,,88530,1,,,1,15,,88474,1,,,1,15,,88493,1,,,1,55,,88512,1,,,1,15,,88531,1,,,1,15,,88475,1,,,1,15,,88494,1,,,1,55,,88513,1,,,1,15,,88532,1,,,1,15,,88476,1,,,1,15,,88495,1,,,1,55,,88514,1,,,1,15,,88533,1,,,1,15,,88477,1,,,1,15,,88496,1,,,1,55,,88515,1,,,1,15,,88534,1,,,1,15,,88478,1,,,1,15,,88497,1,,,1,55,,88516,1,,,1,15,,88535,1,,,1,15,,88479,1,,,1,15,,88498,1,,,1,55,,88517,1,,,1,15,,88536,1,,,1,15,,88480,1,,,1,15,,88499,1,,,1
1,'20261213',624,,88593,1,,,1,15,,88537,1,,,1,15,,88556,1,,,1,55,,88575,1,,,1,15,,88594,1,,,1,15,,88538,1,,,1,15,,88557,1,,,1,55,,88576,1,,,1,15,,88595,1,,,1,15,,88539,1,,,1,15,,88558,1,,,1,55,,88577,1,,,1,15,,88596,1,,,1,15,,88540,1,,,1,15,,88559,1,,,1,55,,88578,1,,,1,15,,88597,1,,,1,15,,88541,1,,,1,15,,88560,1,,,1,55,,88579,1,,,1,15,,88598,1,,,1,15,,88542,1,,,1,15,,88561,1,,,1,55,,88580,1,,,1,15,,88599,1,,,1,15,,88543,1,,,1,15,,88562,1,,,1,55,,88581,1,,,1,15,,88600,1,,,1,15,,88544,1,,,1,15,,88563,1,,,1,55,,88582,1,,,1,15,,88601,1,,,1,15,,88545,1,,,1,15,,88564,1,,,1,55,,88583,1,,,1,15,,88602,1,,,1,15,,88546,1,,,1,15,,88565,1,,,1,55,,88584,1,,,1,15,,88603,1,,,1,15,,88547,1,,,1,15,,88566,1,,,1,55,,88585,1,,,1,15,,88604,1,,,1,15,,88548,1,,,1,15,,88567,1,,,1,55,,88586,1,,,1,15,,88605,1,,,1,15,,88549,1,,,1,15,,88568,1,,,1,55,,88587,1,,,1,15,,88606,1,,,1,15,,88550,1,,,1,15,,88569,1,,,1,55,,88588,1,,,1,15,,88607,1,,,1,15,,88551,1,,,1,15,,88570,1,,,1,55,,88589,1,,,1,15,,88608,1,,,1,15,,88552,1,,,1,15,,88571,1,,,1,55,,88590,1,,,1,15,,88609,1,,,1,15,,88553,1,,,1,15,,88572,1,,,1,55,,88591,1,,,1,15,,88610,1,,,1,15,,88554,1,,,1,15,,88573,1,,,1,55,,88592,1,,,1,15,,88611,1,,,1,15,,88555,1,,,1,15,,88574,1,,,1
1,'20261214',527,,88671,1,,,1,15,,88612,1,,,1,12,,88632,1,,,1,55,,88652,1,,,1,15,,88672,1,,,1,15,,88613,1,,,1,15,,88633,1,,,1,55,,88653,1,,,1,15,,88673,1,,,1,15,,88614,1,,,1,15,,88634,1,,,1,55,,88654,1,,,1,15,,88674,1,,,1,15,,88615,1,,,1,15,,88635,1,,,1,55,,88655,1,,,1,15,,88675,1,,,1,15,,88616,1,,,1,15,,88636,1,,,1,55,,88656,1,,,1,15,,88676,1,,,1,15,,88617,1,,,1,15,,88637,1,,,1,55,,88657,1,,,1,15,,88677,1,,,1,15,,88618,1,,,1,15,,88638,1,,,1,55,,88658,1,,,1,15,,88678,1,,,1,15,,88619,1,,,1,15,,88639,1,,,1,55,,88659,1,,,1,15,,88679,1,,,1,15,,88620,1,,,1,15,,88640,1,,,1,55,,88660,1,,,1,15,,88680,1,,,1,15,,88621,1,,,1,15,,88641,1,,,1,55,,88661,1,,,1,15,,88681,1,,,1,15,,88622,1,,,1,15,,88642,1,,,1,55,,88662,1,,,1,15,,88682,1,,,1,15,,88623,1,,,1,15,,88643,1,,,1,55,,88663,1,,,1,15,,88683,1,,,1,15,,88624,1,,,1,15,,88644,1,,,1,55,,88664,1,,,1,15,,88684,1,,,1,15,,88625,1,,,1,15,,88645,1,,,1,55,,88665,1,,,1,15,,88685,1,,,1,15,,88626,1,,,1,15,,88646,1,,,1,55,,88666,1,,,1,15,,88686,1,,,1,15,,88627,1,,,1,15,,88647,1,,,1,55,,88667,1,,,1,15,,88687,1,,,1,15,,88628,1,,,1,15,,88648,1,,,1,55,,88668,1,,,1,15,,88688,1,,,1,15,,88629,1,,,1,15,,88649,1,,,1,55,,88669,1,,,1,15,,88689,1,,,1,15,,88630,1,,,1,15,,88650,1,,,1,55,,88670,1,,,1,15,,88690,1,,,1,15,,88631,1,,,1,15,,88651,1,,,1
1,'20261215',527,,88750,1,,,1,15,,88691,1,,,1,12,,88711,1,,,1,55,,88731,1,,,1,15,,88751,1,,,1,15,,88692,1,,,1,15,,88712,1,,,1,55,,88732,1,,,1,15,,88752,1,,,1,15,,88693,1,,,1,15,,88713,1,,,1,55,,88733,1,,,1,15,,88753,1,,,1,15,,88694,1,,,1,15,,88714,1,,,1,55,,88734,1,,,1,15,,88754,1,,,1,15,,88695,1,,,1,15,,88715,1,,,1,55,,88735,1,,,1,15,,88755,1,,,1,15,,88696,1,,,1,15,,88716,1,,,1,55,,88736,1,,,1,15,,88756,1,,,1,15,,88697,1,,,1,15,,88717,1,,,1,55,,88737,1,,,1,15,,88757,1,,,1,15,,88698,1,,,1,15,,88718,1,,,1,55,,88738,1,,,1,15,,88758,1,,,1,15,,88699,1,,,1,15,,88719,1,,,1,55,,88739,1,,,1,15,,88759,1,,,1,15,,88700,1,,,1,15,,88720,1,,,1,55,,88740,1,,,1,15,,88760,1,,,1,15,,88701,1,,,1,15,,88721,1,,,1,55,,88741,1,,,1,15,,88761,1,,,1,15,,88702,1,,,1,15,,88722,1,,,1,55,,88742,1,,,1,15,,88762,1,,,1,15,,88703,1,,,1,15,,88723,1,,,1,55,,88743,1,,,1,15,,88763,1,,,1,15,,88704,1,,,1,15,,88724,1,,,1,55,,88744,1,,,1,15,,88764,1,,,1,15,,88705,1,,,1,15,,88725,1,,,1,55,,88745,1,,,1,15,,88765,1,,,1,15,,88706,1,,,1,15,,88726,1,,,1,55,,88746,1,,,1,15,,88766,1,,,1,15,,88707,1,,,1,15,,88727,1,,,1,55,,88747,1,,,1,15,,88767,1,,,1,15,,88708,1,,,1,15,,88728,1,,,1,55,,88748,1,,,1,15,,88768,1,,,1,15,,88709,1,,,1,15,,88729,1,,,1,55,,88749,1,,,1,15,,88769,1,,,1,15,,88710,1,,,1,15,,88730,1,,,1
1,'20261216',527,,88829,1,,,1,15,,88770,1,,,1,12,,88790,1,,,1,55,,88810,1,,,1,15,,88830,1,,,1,15,,88771,1,,,1,15,,88791,1,,,1,55,,88811,1,,,1,15,,88831,1,,,1,15,,88772,1,,,1,15,,88792,1,,,1,55,,88812,1,,,1,15,,88832,1,,,1,15,,88773,1,,,1,15,,88793,1,,,1,55,,88813,1,,,1,15,,88833,1,,,1,15,,88774,1,,,1,15,,88794,1,,,1,55,,88814,1,,,1,15,,88834,1,,,1,15,,88775,1,,,1,15,,88795,1,,,1,55,,88815,1,,,1,15,,88835,1,,,1,15,,88776,1,,,1,15,,88796,1,,,1,55,,88816,1,,,1,15,,88836,1,,,1,15,,88777,1,,,1,15,,88797,1,,,1,55,,88817,1,,,1,15,,88837,1,,,1,15,,88778,1,,,1,15,,88798,1,,,1,55,,88818,1,,,1,15,,88838,1,,,1,15,,88779,1,,,1,15,,88799,1,,,1,55,,88819,1,,,1,15,,88839,1,,,1,15,,88780,1,,,1,15,,88800,1,,,1,55,,88820,1,,,1,15,,88840,1,,,1,15,,88781,1,,,1,15,,88801,1,,,1,55,,88821,1,,,1,15,,88841,1,,,1,15,,88782,1,,,1,15,,88802,1,,,1,55,,88822,1,,,1,15,,88842,1,,,1,15,,88783,1,,,1,15,,88803,1,,,1,55,,88823,1,,,1,15,,88843,1,,,1,15,,88784,1,,,1,15,,88804,1,,,1,55,,88824,1,,,1,15,,88844,1,,,1,15,,88785,1,,,1,15,,88805,1,,,1,55,,88825,1,,,1,15,,88845,1,,,1,15,,88786,1,,,1,15,,88806,1,,,1,55,,88826,1,,,1,15,,88846,1,,,1,15,,88787,1,,,1,15,,88807,1,,,1,55,,88827,1,,,1,15,,88847,1,,,1,15,,88788,1,,,1,15,,88808,1,,,1,55,,88828,1,,,1,15,,88848,1,,,1,15,,88789,1,,,1,15,,88809,1,,,1
1,'20261217',527,,88908,1,,,1,15,,88849,1,,,1,12,,88869,1,,,1,55,,88889,1,,,1,15,,88909,1,,,1,15,,88850,1,,,1,15,,88870,1,,,1,55,,88890,1,,,1,15,,88910,1,,,1,15,,88851,1,,,1,15,,88871,1,,,1,55,,88891,1,,,1,15,,88911,1,,,1,15,,88852,1,,,1,15,,88872,1,,,1,55,,88892,1,,,1,15,,88912,1,,,1,15,,88853,1,,,1,15,,88873,1,,,1,55,,88893,1,,,1,15,,88913,1,,,1,15,,88854,1,,,1,15,,88874,1,,,1,55,,88894,1,,,1,15,,88914,1,,,1,15,,88855,1,,,1,15,,88875,1,,,1,55,,88895,1,,,1,15,,88915,1,,,1,15,,88856,1,,,1,15,,88876,1,,,1,55,,88896,1,,,1,15,,88916,1,,,1,15,,88857,1,,,1,15,,88877,1,,,1,55,,88897,1,,,1,15,,88917,1,,,1,15,,88858,1,,,1,15,,88878,1,,,1,55,,88898,1,,,1,15,,88918,1,,,1,15,,88859,1,,,1,15,,88879,1,,,1,55,,88899,1,,,1,15,,88919,1,,,1,15,,88860,1,,,1,15,,88880,1,,,1,55,,88900,1,,,1,15,,88920,1,,,1,15,,88861,1,,,1,15,,88881,1,,,1,55,,88901,1,,,1,15,,88921,1,,,1,15,,88862,1,,,1,15,,88882,1,,,1,55,,88902,1,,,1,15,,88922,1,,,1,15,,88863,1,,,1,15,,88883,1,,,1,55,,88903,1,,,1,15,,88923,1,,,1,15,,88864,1,,,1,15,,88884,1,,,1,55,,88904,1,,,1,15,,88924,1,,,1,15,,88865,1,,,1,15,,88885,1,,,1,55,,88905,1,,,1,15,,88925,1,,,1,15,,88866,1,,,1,15,,88886,1,,,1,55,,88906,1,,,1,15,,88926,1,,,1,15,,88867,1,,,1,15,,88887,1,,,1,55,,88907,1,,,1,15,,88927,1,,,1,15,,88868,1,,,1,15,,88888,1,,,1
1,'20261218',527,,88987,1,,,1,15,,88928,1,,,1,12,,88948,1,,,1,55,,88968,1,,,1,15,,88988,1,,,1,15,,88929,1,,,1,15,,88949,1,,,1,55,,88969,1,,,1,15,,88989,1,,,1,15,,88930,1,,,1,15,,88950,1,,,1,55,,88970,1,,,1,15,,88990,1,,,1,15,,88931,1,,,1,15,,88951,1,,,1,55,,88971,1,,,1,15,,88991,1,,,1,15,,88932,1,,,1,15,,88952,1,,,1,55,,88972,1,,,1,15,,88992,1,,,1,15,,88933,1,,,1,15,,88953,1,,,1,55,,88973,1,,,1,15,,88993,1,,,1,15,,88934,1,,,1,15,,88954,1,,,1,55,,88974,1,,,1,15,,88994,1,,,1,15,,88935,1,,,1,15,,88955,1,,,1,55,,88975,1,,,1,15,,88995,1,,,1,15,,88936,1,,,1,15,,88956,1,,,1,55,,88976,1,,,1,15,,88996,1,,,1,15,,88937,1,,,1,15,,88957,1,,,1,55,,88977,1,,,1,15,,88997,1,,,1,15,,88938,1,,,1,15,,88958,1,,,1,55,,88978,1,,,1,15,,88998,1,,,1,15,,88939,1,,,1,15,,88959,1,,,1,55,,88979,1,,,1,15,,88999,1,,,1,15,,88940,1,,,1,15,,88960,1,,,1,55,,88980,1,,,1,15,,89000,1,,,1,15,,88941,1,,,1,15,,88961,1,,,1,55,,88981,1,,,1,15,,89001,1,,,1,15,,88942,1,,,1,15,,88962,1,,,1,55,,88982,1,,,1,15,,89002,1,,,1,15,,88943,1,,,1,15,,88963,1,,,1,55,,88983,1,,,1,15,,89003,1,,,1,15,,88944,1,,,1,15,,88964,1,,,1,55,,88984,1,,,1,15,,89004,1,,,1,15,,88945,1,,,1,15,,88965,1,,,1,55,,88985,1,,,1,15,,89005,1,,,1,15,,88946,1,,,1,15,,88966,1,,,1,55,,88986,1,,,1,15,,89006,1,,,1,15,,88947,1,,,1,15,,88967,1,,,1
1,'20261219',624,,89063,1,,,1,15,,89007,1,,,1,15,,89026,1,,,1,55,,89045,1,,,1,15,,89064,1,,,1,15,,89008,1,,,1,15,,89027,1,,,1,55,,89046,1,,,1,15,,89065,1,,,1,15,,89009,1,,,1,15,,89028,1,,,1,55,,89047,1,,,1,15,,89066,1,,,1,15,,89010,1,,,1,15,,89029,1,,,1,55,,89048,1,,,1,15,,89067,1,,,1,15,,89011,1,,,1,15,,89030,1,,,1,55,,89049,1,,,1,15,,89068,1,,,1,15,,89012,1,,,1,15,,89031,1,,,1,55,,89050,1,,,1,15,,89069,1,,,1,15,,89013,1,,,1,15,,89032,1,,,1,55,,89051,1,,,1,15,,89070,1,,,1,15,,89014,1,,,1,15,,89033,1,,,1,55,,89052,1,,,1,15,,89071,1,,,1,15,,89015,1,,,1,15,,89034,1,,,1,55,,89053,1,,,1,15,,89072,1,,,1,15,,89016,1,,,1,15,,89035,1,,,1,55,,89054,1,,,1,15,,89073,1,,,1,15,,89017,1,,,1,15,,89036,1,,,1,55,,89055,1,,,1,15,,89074,1,,,1,15,,89018,1,,,1,15,,89037,1,,,1,55,,89056,1,,,1,15,,89075,1,,,1,15,,89019,1,,,1,15,,89038,1,,,1,55,,89057,1,,,1,15,,89076,1,,,1,15,,89020,1,,,1,15,,89039,1,,,1,55,,89058,1,,,1,15,,89077,1,,,1,15,,89021,1,,,1,15,,89040,1,,,1,55,,89059,1,,,1,15,,89078,1,,,1,15,,89022,1,,,1,15,,89041,1,,,1,55,,89060,1,,,1,15,,89079,1,,,1,15,,89023,1,,,1,15,,89042,1,,,1,55,,89061,1,,,1,15,,89080,1,,,1,15,,89024,1,,,1,15,,89043,1,,,1,55,,89062,1,,,1,15,,89081,1,,,1,15,,89025,1,,,1,15,,89044,1,,,1
1,'20261220',624,,89138,1,,,1,15,,89082,1,,,1,15,,89101,1,,,1,55,,89120,1,,,1,15,,89139,1,,,1,15,,89083,1,,,1,15,,89102,1,,,1,55,,89121,1,,,1,15,,89140,1,,,1,15,,89084,1,,,1,15,,89103,1,,,1,55,,89122,1,,,1,15,,89141,1,,,1,15,,89085,1,,,1,15,,89104,1,,,1,55,,89123,1,,,1,15,,89142,1,,,1,15,,89086,1,,,1,15,,89105,1,,,1,55,,89124,1,,,1,15,,89143,1,,,1,15,,89087,1,,,1,15,,89106,1,,,1,55,,89125,1,,,1,15,,89144,1,,,1,15,,89088,1,,,1,15,,89107,1,,,1,55,,89126,1,,,1,15,,89145,1,,,1,15,,89089,1,,,1,15,,89108,1,,,1,55,,89127,1,,,1,15,,89146,1,,,1,15,,89090,1,,,1,15,,89109,1,,,1,55,,89128,1,,,1,15,,89147,1,,,1,15,,89091,1,,,1,15,,89110,1,,,1,55,,89129,1,,,1,15,,89148,1,,,1,15,,89092,1,,,1,15,,89111,1,,,1,55,,89130,1,,,1,15,,89149,1,,,1,15,,89093,1,,,1,15,,89112,1,,,1,55,,89131,1,,,1,15,,89150,1,,,1,15,,89094,1,,,1,15,,89113,1,,,1,55,,89132,1,,,1,15,,89151,1,,,1,15,,89095,1,,,1,15,,89114,1,,,1,55,,89133,1,,,1,15,,89152,1,,,1,15,,89096,1,,,1,15,,89115,1,,,1,55,,89134,1,,,1,15,,89153,1,,,1,15,,89097,1,,,1,15,,89116,1,,,1,55,,89135,1,,,1,15,,89154,1,,,1,15,,89098,1,,,1,15,,89117,1,,,1,55,,89136,1,,,1,15,,89155,1,,,1,15,,89099,1,,,1,15,,89118,1,,,1,55,,89137,1,,,1,15,,89156,1,,,1,15,,89100,1,,,1,15,,89119,1,,,1
1,'20261221',527,,89216,1,,,1,15,,89157,1,,,1,12,,89177,1,,,1,55,,89197,1,,,1,15,,89217,1,,,1,15,,89158,1,,,1,15,,89178,1,,,1,55,,89198,1,,,1,15,,89218,1,,,1,15,,89159,1,,,1,15,,89179,1,,,1,55,,89199,1,,,1,15,,89219,1,,,1,15,,89160,1,,,1,15,,89180,1,,,1,55,,89200,1,,,1,15,,89220,1,,,1,15,,89161,1,,,1,15,,89181,1,,,1,55,,89201,1,,,1,15,,89221,1,,,1,15,,89162,1,,,1,15,,89182,1,,,1,55,,89202,1,,,1,15,,89222,1,,,1,15,,89163,1,,,1,15,,89183,1,,,1,55,,89203,1,,,1,15,,89223,1,,,1,15,,89164,1,,,1,15,,89184,1,,,1,55,,89204,1,,,1,15,,89224,1,,,1,15,,89165,1,,,1,15,,89185,1,,,1,55,,89205,1,,,1,15,,89225,1,,,1,15,,89166,1,,,1,15,,89186,1,,,1,55,,89206,1,,,1,15,,89226,1,,,1,15,,89167,1,,,1,15,,89187,1,,,1,55,,89207,1,,,1,15,,89227,1,,,1,15,,89168,1,,,1,15,,89188,1,,,1,55,,89208,1,,,1,15,,89228,1,,,1,15,,89169,1,,,1,15,,89189,1,,,1,55,,89209,1,,,1,15,,89229,1,,,1,15,,89170,1,,,1,15,,89190,1,,,1,55,,89210,1,,,1,15,,89230,1,,,1,15,,89171,1,,,1,15,,89191,1,,,1,55,,89211,1,,,1,15,,89231,1,,,1,15,,89172,1,,,1,15,,89192,1,,,1,55,,89212,1,,,1,15,,89232,1,,,1,15,,89173,1,,,1,15,,89193,1,,,1,55,,89213,1,,,1,15,,89233,1,,,1,15,,89174,1,,,1,15,,89194,1,,,1,55,,89214,1,,,1,15,,89234,1,,,1,15,,89175,1,,,1,15,,89195,1,,,1,55,,89215,1,,,1,15,,89235,1,,,1,15,,89176,1,,,1,15,,89196,1,,,1
1,'20261222',527,,89295,1,,,1,15,,89236,1,,,1,12,,89256,1,,,1,55,,89276,1,,,1,15,,89296,1,,,1,15,,89237,1,,,1,15,,89257,1,,,1,55,,89277,1,,,1,15,,89297,1,,,1,15,,89238,1,,,1,15,,89258,1,,,1,55,,89278,1,,,1,15,,89298,1,,,1,15,,89239,1,,,1,15,,89259,1,,,1,55,,89279,1,,,1,15,,89299,1,,,1,15,,89240,1,,,1,15,,89260,1,,,1,55,,89280,1,,,1,15,,89300,1,,,1,15,,89241,1,,,1,15,,89261,1,,,1,55,,89281,1,,,1,15,,89301,1,,,1,15,,89242,1,,,1,15,,89262,1,,,1,55,,89282,1,,,1,15,,89302,1,,,1,15,,89243,1,,,1,15,,89263,1,,,1,55,,89283,1,,,1,15,,89303,1,,,1,15,,89244,1,,,1,15,,89264,1,,,1,55,,89284,1,,,1,15,,89304,1,,,1,15,,89245,1,,,1,15,,89265,1,,,1,55,,89285,1,,,1,15,,89305,1,,,1,15,,89246,1,,,1,15,,89266,1,,,1,55,,89286,1,,,1,15,,89306,1,,,1,15,,89247,1,,,1,15,,89267,1,,,1,55,,89287,1,,,1,15,,89307,1,,,1,15,,89248,1,,,1,15,,89268,1,,,1,55,,89288,1,,,1,15,,89308,1,,,1,15,,89249,1,,,1,15,,89269,1,,,1,55,,89289,1,,,1,15,,89309,1,,,1,15,,89250,1,,,1,15,,89270,1,,,1,55,,89290,1,,,1,15,,89310,1,,,1,15,,89251,1,,,1,15,,89271,1,,,1,55,,89291,1,,,1,15,,89311,1,,,1,15,,89252,1,,,1,15,,89272,1,,,1,55,,89292,1,,,1,15,,89312,1,,,1,15,,89253,1,,,1,15,,89273,1,,,1,55,,89293,1,,,1,15,,89313,1,,,1,15,,89254,1,,,1,15,,89274,1,,,1,55,,89294,1,,,1,15,,89314,1,,,1,15,,89255,1,,,1,15,,89275,1,,,1
1,'20261223',527,,89374,1,,,1,15,,89315,1,,,1,12,,89335,1,,,1,55,,89355,1,,,1,15,,89375,1,,,1,15,,89316,1,,,1,15,,89336,1,,,1,55,,89356,1,,,1,15,,89376,1,,,1,15,,89317,1,,,1,15,,89337,1,,,1,55,,89357,1,,,1,15,,89377,1,,,1,15,,89318,1,,,1,15,,89338,1,,,1,55,,89358,1,,,1,15,,89378,1,,,1,15,,89319,1,,,1,15,,89339,1,,,1,55,,89359,1,,,1,15,,89379,1,,,1,15,,89320,1,,,1,15,,89340,1,,,1,55,,89360,1,,,1,15,,89380,1,,,1,15,,89321,1,,,1,15,,89341,1,,,1,55,,89361,1,,,1,15,,89381,1,,,1,15,,89322,1,,,1,15,,89342,1,,,1,55,,89362,1,,,1,15,,89382,1,,,1,15,,89323,1,,,1,15,,89343,1,,,1,55,,89363,1,,,1,15,,89383,1,,,1,15,,89324,1,,,1,15,,89344,1,,,1,55,,89364,1,,,1,15,,89384,1,,,1,15,,89325,1,,,1,15,,89345,1,,,1,55,,89365,1,,,1,15,,89385,1,,,1,15,,89326,1,,,1,15,,89346,1,,,1,55,,89366,1,,,1,15,,89386,1,,,1,15,,89327,1,,,1,15,,89347,1,,,1,55,,89367,1,,,1,15,,89387,1,,,1,15,,89328,1,,,1,15,,89348,1,,,1,55,,89368,1,,,1,15,,89388,1,,,1,15,,89329,1,,,1,15,,89349,1,,,1,55,,89369,1,,,1,15,,89389,1,,,1,15,,89330,1,,,1,15,,89350,1,,,1,55,,89370,1,,,1,15,,89390,1,,,1,15,,89331,1,,,1,15,,89351,1,,,1,55,,89371,1,,,1,15,,89391,1,,,1,15,,89332,1,,,1,15,,89352,1,,,1,55,,89372,1,,,1,15,,89392,1,,,1,15,,89333,1,,,1,15,,89353,1,,,1,55,,89373,1,,,1,15,,89393,1,,,1,15,,89334,1,,,1,15,,89354,1,,,1
1,'20261224',527,,89453,1,,,1,15,,89394,1,,,1,12,,89414,1,,,1,55,,89434,1,,,1,15,,89454,1,,,1,15,,89395,1,,,1,15,,89415,1,,,1,55,,89435,1,,,1,15,,89455,1,,,1,15,,89396,1,,,1,15,,89416,1,,,1,55,,89436,1,,,1,15,,89456,1,,,1,15,,89397,1,,,1,15,,89417,1,,,1,55,,89437,1,,,1,15,,89457,1,,,1,15,,89398,1,,,1,15,,89418,1,,,1,55,,89438,1,,,1,15,,89458,1,,,1,15,,89399,1,,,1,15,,89419,1,,,1,55,,89439,1,,,1,15,,89459,1,,,1,15,,89400,1,,,1,15,,89420,1,,,1,55,,89440,1,,,1,15,,89460,1,,,1,15,,89401,1,,,1,15,,89421,1,,,1,55,,89441,1,,,1,15,,89461,1,,,1,15,,89402,1,,,1,15,,89422,1,,,1,55,,89442,1,,,1,15,,89462,1,,,1,15,,89403,1,,,1,15,,89423,1,,,1,55,,89443,1,,,1,15,,89463,1,,,1,15,,89404,1,,,1,15,,89424,1,,,1,55,,89444,1,,,1,15,,89464,1,,,1,15,,89405,1,,,1,15,,89425,1,,,1,55,,89445,1,,,1,15,,89465,1,,,1,15,,89406,1,,,1,15,,89426,1,,,1,55,,89446,1,,,1,15,,89466,1,,,1,15,,89407,1,,,1,15,,89427,1,,,1,55,,89447,1,,,1,15,,89467,1,,,1,15,,89408,1,,,1,15,,89428,1,,,1,55,,89448,1,,,1,15,,89468,1,,,1,15,,89409,1,,,1,15,,89429,1,,,1,55,,89449,1,,,1,15,,89469,1,,,1,15,,89410,1,,,1,15,,89430,1,,,1,55,,89450,1,,,1,15,,89470,1,,,1,15,,89411,1,,,1,15,,89431,1,,,1,55,,89451,1,,,1,15,,89471,1,,,1,15,,89412,1,,,1,15,,89432,1,,,1,55,,89452,1,,,1,15,,89472,1,,,1,15,,89413,1,,,1,15,,89433,1,,,1
1,'20261225',527,,89532,1,,,1,15,,89473,1,,,1,12,,89493,1,,,1,55,,89513,1,,,1,15,,89533,1,,,1,15,,89474,1,,,1,15,,89494,1,,,1,55,,89514,1,,,1,15,,89534,1,,,1,15,,89475,1,,,1,15,,89495,1,,,1,55,,89515,1,,,1,15,,89535,1,,,1,15,,89476,1,,,1,15,,89496,1,,,1,55,,89516,1,,,1,15,,89536,1,,,1,15,,89477,1,,,1,15,,89497,1,,,1,55,,89517,1,,,1,15,,89537,1,,,1,15,,89478,1,,,1,15,,89498,1,,,1,55,,89518,1,,,1,15,,89538,1,,,1,15,,89479,1,,,1,15,,89499,1,,,1,55,,89519,1,,,1,15,,89539,1,,,1,15,,89480,1,,,1,15,,89500,1,,,1,55,,89520,1,,,1,15,,89540,1,,,1,15,,89481,1,,,1,15,,89501,1,,,1,55,,89521,1,,,1,15,,89541,1,,,1,15,,89482,1,,,1,15,,89502,1,,,1,55,,89522,1,,,1,15,,89542,1,,,1,15,,89483,1,,,1,15,,89503,1,,,1,55,,89523,1,,,1,15,,89543,1,,,1,15,,89484,1,,,1,15,,89504,1,,,1,55,,89524,1,,,1,15,,89544,1,,,1,15,,89485,1,,,1,15,,89505,1,,,1,55,,89525,1,,,1,15,,89545,1,,,1,15,,89486,1,,,1,15,,89506,1,,,1,55,,89526,1,,,1,15,,89546,1,,,1,15,,89487,1,,,1,15,,89507,1,,,1,55,,89527,1,,,1,15,,89547,1,,,1,15,,89488,1,,,1,15,,89508,1,,,1,55,,89528,1,,,1,15,,89548,1,,,1,15,,89489,1,,,1,15,,89509,1,,,1,55,,89529,1,,,1,15,,89549,1,,,1,15,,89490,1,,,1,15,,89510,1,,,1,55,,89530,1,,,1,15,,89550,1,,,1,15,,89491,1,,,1,15,,89511,1,,,1,55,,89531,1,,,1,15,,89551,1,,,1,15,,89492,1,,,1,15,,89512,1,,,1
1,'20261226',624,,89608,1,,,1,15,,89552,1,,,1,15,,89571,1,,,1,55,,89590,1,,,1,15,,89609,1,,,1,15,,89553,1,,,1,15,,89572,1,,,1,55,,89591,1,,,1,15,,89610,1,,,1,15,,89554,1,,,1,15,,89573,1,,,1,55,,89592,1,,,1,15,,89611,1,,,1,15,,89555,1,,,1,15,,89574,1,,,1,55,,89593,1,,,1,15,,89612,1,,,1,15,,89556,1,,,1,15,,89575,1,,,1,55,,89594,1,,,1,15,,89613,1,,,1,15,,89557,1,,,1,15,,89576,1,,,1,55,,89595,1,,,1,15,,89614,1,,,1,15,,89558,1,,,1,15,,89577,1,,,1,55,,89596,1,,,1,15,,89615,1,,,1,15,,89559,1,,,1,15,,89578,1,,,1,55,,89597,1,,,1,15,,89616,1,,,1,15,,89560,1,,,1,15,,89579,1,,,1,55,,89598,1,,,1,15,,89617,1,,,1,15,,89561,1,,,1,15,,89580,1,,,1,55,,89599,1,,,1,15,,89618,1,,,1,15,,89562,1,,,1,15,,89581,1,,,1,55,,89600,1,,,1,15,,89619,1,,,1,15,,89563,1,,,1,15,,89582,1,,,1,55,,89601,1,,,1,15,,89620,1,,,1,15,,89564,1,,,1,15,,89583,1,,,1,55,,89602,1,,,1,15,,89621,1,,,1,15,,89565,1,,,1,15,,89584,1,,,1,55,,89603,1,,,1,15,,89622,1,,,1,15,,89566,1,,,1,15,,89585,1,,,1,55,,89604,1,,,1,15,,89623,1,,,1,15,,89567,1,,,1,15,,89586,1,,,1,55,,89605,1,,,1,15,,89624,1,,,1,15,,89568,1,,,1,15,,89587,1,,,1,55,,89606,1,,,1,15,,89625,1,,,1,15,,89569,1,,,1,15,,89588,1,,,1,55,,89607,1,,,1,15,,89626,1,,,1,15,,89570,1,,,1,15,,89589,1,,,1
1,'20261227',624,,89683,1,,,1,15,,89627,1,,,1,15,,89646,1,,,1,55,,89665,1,,,1,15,,89684,1,,,1,15,,89628,1,,,1,15,,89647,1,,,1,55,,89666,1,,,1,15,,89685,1,,,1,15,,89629,1,,,1,15,,89648,1,,,1,55,,89667,1,,,1,15,,89686,1,,,1,15,,89630,1,,,1,15,,89649,1,,,1,55,,89668,1,,,1,15,,89687,1,,,1,15,,89631,1,,,1,15,,89650,1,,,1,55,,89669,1,,,1,15,,89688,1,,,1,15,,89632,1,,,1,15,,89651,1,,,1,55,,89670,1,,,1,15,,89689,1,,,1,15,,89633,1,,,1,15,,89652,1,,,1,55,,89671,1,,,1,15,,89690,1,,,1,15,,89634,1,,,1,15,,89653,1,,,1,55,,89672,1,,,1,15,,89691,1,,,1,15,,89635,1,,,1,15,,89654,1,,,1,55,,89673,1,,,1,15,,89692,1,,,1,15,,89636,1,,,1,15,,89655,1,,,1,55,,89674,1,,,1,15,,89693,1,,,1,15,,89637,1,,,1,15,,89656,1,,,1,55,,89675,1,,,1,15,,89694,1,,,1,15,,89638,1,,,1,15,,89657,1,,,1,55,,89676,1,,,1,15,,89695,1,,,1,15,,89639,1,,,1,15,,89658,1,,,1,55,,89677,1,,,1,15,,89696,1,,,1,15,,89640,1,,,1,15,,89659,1,,,1,55,,89678,1,,,1,15,,89697,1,,,1,15,,89641,1,,,1,15,,89660,1,,,1,55,,89679,1,,,1,15,,89698,1,,,1,15,,89642,1,,,1,15,,89661,1,,,1,55,,89680,1,,,1,15,,89699,1,,,1,15,,89643,1,,,1,15,,89662,1,,,1,55,,89681,1,,,1,15,,89700,1,,,1,15,,89644,1,,,1,15,,89663,1,,,1,55,,89682,1,,,1,15,,89701,1,,,1,15,,89645,1,,,1,15,,89664,1,,,1
1,'20261228',527,,89761,1,,,1,15,,89702,1,,,1,12,,89722,1,,,1,55,,89742,1,,,1,15,,89762,1,,,1,15,,89703,1,,,1,15,,89723,1,,,1,55,,89743,1,,,1,15,,89763,1,,,1,15,,89704,1,,,1,15,,89724,1,,,1,55,,89744,1,,,1,15,,89764,1,,,1,15,,89705,1,,,1,15,,89725,1,,,1,55,,89745,1,,,1,15,,89765,1,,,1,15,,89706,1,,,1,15,,89726,1,,,1,55,,89746,1,,,1,15,,89766,1,,,1,15,,89707,1,,,1,15,,89727,1,,,1,55,,89747,1,,,1,15,,89767,1,,,1,15,,89708,1,,,1,15,,89728,1,,,1,55,,89748,1,,,1,15,,89768,1,,,1,15,,89709,1,,,1,15,,89729,1,,,1,55,,89749,1,,,1,15,,89769,1,,,1,15,,89710,1,,,1,15,,89730,1,,,1,55,,89750,1,,,1,15,,89770,1,,,1,15,,89711,1,,,1,15,,89731,1,,,1,55,,89751,1,,,1,15,,89771,1,,,1,15,,89712,1,,,1,15,,89732,1,,,1,55,,89752,1,,,1,15,,89772,1,,,1,15,,89713,1,,,1,15,,89733,1,,,1,55,,89753,1,,,1,15,,89773,1,,,1,15,,89714,1,,,1,15,,89734,1,,,1,55,,89754,1,,,1,15,,89774,1,,,1,15,,89715,1,,,1,15,,89735,1,,,1,55,,89755,1,,,1,15,,89775,1,,,1,15,,89716,1,,,1,15,,89736,1,,,1,55,,89756,1,,,1,15,,89776,1,,,1,15,,89717,1,,,1,15,,89737,1,,,1,55,,89757,1,,,1,15,,89777,1,,,1,15,,89718,1,,,1,15,,89738,1,,,1,55,,89758,1,,,1,15,,89778,1,,,1,15,,89719,1,,,1,15,,89739,1,,,1,55,,89759,1,,,1,15,,89779,1,,,1,15,,89720,1,,,1,15,,89740,1,,,1,55,,89760,1,,,1,15,,89780,1,,,1,15,,89721,1,,,1,15,,89741,1,,,1
1,'20261229',527,,89840,1,,,1,15,,89781,1,,,1,12,,89801,1,,,1,55,,89821,1,,,1,15,,89841,1,,,1,15,,89782,1,,,1,15,,89802,1,,,1,55,,89822,1,,,1,15,,89842,1,,,1,15,,89783,1,,,1,15,,89803,1,,,1,55,,89823,1,,,1,15,,89843,1,,,1,15,,89784,1,,,1,15,,89804,1,,,1,55,,89824,1,,,1,15,,89844,1,,,1,15,,89785,1,,,1,15,,89805,1,,,1,55,,89825,1,,,1,15,,89845,1,,,1,15,,89786,1,,,1,15,,89806,1,,,1,55,,89826,1,,,1,15,,89846,1,,,1,15,,89787,1,,,1,15,,89807,1,,,1,55,,89827,1,,,1,15,,89847,1,,,1,15,,89788,1,,,1,15,,89808,1,,,1,55,,89828,1,,,1,15,,89848,1,,,1,15,,89789,1,,,1,15,,89809,1,,,1,55,,89829,1,,,1,15,,89849,1,,,1,15,,89790,1,,,1,15,,89810,1,,,1,55,,89830,1,,,1,15,,89850,1,,,1,15,,89791,1,,,1,15,,89811,1,,,1,55,,89831,1,,,1,15,,89851,1,,,1,15,,89792,1,,,1,15,,89812,1,,,1,55,,89832,1,,,1,15,,89852,1,,,1,15,,89793,1,,,1,15,,89813,1,,,1,55,,89833,1,,,1,15,,89853,1,,,1,15,,89794,1,,,1,15,,89814,1,,,1,55,,89834,1,,,1,15,,89854,1,,,1,15,,89795,1,,,1,15,,89815,1,,,1,55,,89835,1,,,1,15,,89855,1,,,1,15,,89796,1,,,1,15,,89816,1,,,1,55,,89836,1,,,1,15,,89856,1,,,1,15,,89797,1,,,1,15,,89817,1,,,1,55,,89837,1,,,1,15,,89857,1,,,1,15,,89798,1,,,1,15,,89818,1,,,1,55,,89838,1,,,1,15,,89858,1,,,1,15,,89799,1,,,1,15,,89819,1,,,1,55,,89839,1,,,1,15,,89859,1,,,1,15,,89800,1,,,1,15,,89820,1,,,1
1,'20261230',527,,89919,1,,,1,15,,89860,1,,,1,12,,89880,1,,,1,55,,89900,1,,,1,15,,89920,1,,,1,15,,89861,1,,,1,15,,89881,1,,,1,55,,89901,1,,,1,15,,89921,1,,,1,15,,89862,1,,,1,15,,89882,1,,,1,55,,89902,1,,,1,15,,89922,1,,,1,15,,89863,1,,,1,15,,89883,1,,,1,55,,89903,1,,,1,15,,89923,1,,,1,15,,89864,1,,,1,15,,89884,1,,,1,55,,89904,1,,,1,15,,89924,1,,,1,15,,89865,1,,,1,15,,89885,1,,,1,55,,89905,1,,,1,15,,89925,1,,,1,15,,89866,1,,,1,15,,89886,1,,,1,55,,89906,1,,,1,15,,89926,1,,,1,15,,89867,1,,,1,15,,89887,1,,,1,55,,89907,1,,,1,15,,89927,1,,,1,15,,89868,1,,,1,15,,89888,1,,,1,55,,89908,1,,,1,15,,89928,1,,,1,15,,89869,1,,,1,15,,89889,1,,,1,55,,89909,1,,,1,15,,89929,1,,,1,15,,89870,1,,,1,15,,89890,1,,,1,55,,89910,1,,,1,15,,89930,1,,,1,15,,89871,1,,,1,15,,89891,1,,,1,55,,89911,1,,,1,15,,89931,1,,,1,15,,89872,1,,,1,15,,89892,1,,,1,55,,89912,1,,,1,15,,89932,1,,,1,15,,89873,1,,,1,15,,89893,1,,,1,55,,89913,1,,,1,15,,89933,1,,,1,15,,89874,1,,,1,15,,89894,1,,,1,55,,89914,1,,,1,15,,89934,1,,,1,15,,89875,1,,,1,15,,89895,1,,,1,55,,89915,1,,,1,15,,89935,1,,,1,15,,89876,1,,,1,15,,89896,1,,,1,55,,89916,1,,,1,15,,89936,1,,,1,15,,89877,1,,,1,15,,89897,1,,,1,55,,89917,1,,,1,15,,89937,1,,,1,15,,89878,1,,,1,15,,89898,1,,,1,55,,89918,1,,,1,15,,89938,1,,,1,15,,89879,1,,,1,15,,89899,1,,,1
1,'20261231',527,,89998,1,,,1,15,,89939,1,,,1,12,,89959,1,,,1,55,,89979,1,,,1,15,,89999,1,,,1,15,,89940,1,,,1,15,,89960,1,,,1,55,,89980,1,,,1,15,,90000,1,,,1,15,,89941,1,,,1,15,,89961,1,,,1,55,,89981,1,,,1,15,,90001,1,,,1,15,,89942,1,,,1,15,,89962,1,,,1,55,,89982,1,,,1,15,,90002,1,,,1,15,,89943,1,,,1,15,,89963,1,,,1,55,,89983,1,,,1,15,,90003,1,,,1,15,,89944,1,,,1,15,,89964,1,,,1,55,,89984,1,,,1,15,,90004,1,,,1,15,,89945,1,,,1,15,,89965,1,,,1,55,,89985,1,,,1,15,,90005,1,,,1,15,,89946,1,,,1,15,,89966,1,,,1,55,,89986,1,,,1,15,,90006,1,,,1,15,,89947,1,,,1,15,,89967,1,,,1,55,,89987,1,,,1,15,,90007,1,,,1,15,,89948,1,,,1,15,,89968,1,,,1,55,,89988,1,,,1,15,,90008,1,,,1,15,,89949,1,,,1,15,,89969,1,,,1,55,,89989,1,,,1,15,,90009,1,,,1,15,,89950,1,,,1,15,,89970,1,,,1,55,,89990,1,,,1,15,,90010,1,,,1,15,,89951,1,,,1,15,,89971,1,,,1,55,,89991,1,,,1,15,,90011,1,,,1,15,,89952,1,,,1,15,,89972,1,,,1,55,,89992,1,,,1,15,,90012,1,,,1,15,,89953,1,,,1,15,,89973,1,,,1,55,,89993,1,,,1,15,,90013,1,,,1,15,,89954,1,,,1,15,,89974,1,,,1,55,,89994,1,,,1,15,,90014,1,,,1,15,,89955,1,,,1,15,,89975,1,,,1,55,,89995,1,,,1,15,,90015,1,,,1,15,,89956,1,,,1,15,,89976,1,,,1,55,,89996,1,,,1,15,,90016,1,,,1,15,,89957,1,,,1,15,,89977,1,,,1,55,,89997,1,,,1,15,,90017,1,,,1,15,,89958,1,,,1,15,,89978,1,,,1
1,'20270101',527,,90077,1,,,1,15,,90018,1,,,1,12,,90038,1,,,1,55,,90058,1,,,1,15,,90078,1,,,1,15,,90019,1,,,1,15,,90039,1,,,1,55,,90059,1,,,1,15,,90079,1,,,1,15,,90020,1,,,1,15,,90040,1,,,1,55,,90060,1,,,1,15,,90080,1,,,1,15,,90021,1,,,1,15,,90041,1,,,1,55,,90061,1,,,1,15,,90081,1,,,1,15,,90022,1,,,1,15,,90042,1,,,1,55,,90062,1,,,1,15,,90082,1,,,1,15,,90023,1,,,1,15,,90043,1,,,1,55,,90063,1,,,1,15,,90083,1,,,1,15,,90024,1,,,1,15,,90044,1,,,1,55,,90064,1,,,1,15,,90084,1,,,1,15,,90025,1,,,1,15,,90045,1,,,1,55,,90065,1,,,1,15,,90085,1,,,1,15,,90026,1,,,1,15,,90046,1,,,1,55,,90066,1,,,1,15,,90086,1,,,1,15,,90027,1,,,1,15,,90047,1,,,1,55,,90067,1,,,1,15,,90087,1,,,1,15,,90028,1,,,1,15,,90048,1,,,1,55,,90068,1,,,1,15,,90088,1,,,1,15,,90029,1,,,1,15,,90049,1,,,1,55,,90069,1,,,1,15,,90089,1,,,1,15,,90030,1,,,1,15,,90050,1,,,1,55,,90070,1,,,1,15,,90090,1,,,1,15,,90031,1,,,1,15,,90051,1,,,1,55,,90071,1,,,1,15,,90091,1,,,1,15,,90032,1,,,1,15,,90052,1,,,1,55,,90072,1,,,1,15,,90092,1,,,1,15,,90033,1,,,1,15,,90053,1,,,1,55,,90073,1,,,1,15,,90093,1,,,1,15,,90034,1,,,1,15,,90054,1,,,1,55,,90074,1,,,1,15,,90094,1,,,1,15,,90035,1,,,1,15,,90055,1,,,1,55,,90075,1,,,1,15,,90095,1,,,1,15,,90036,1,,,1,15,,90056,1,,,1,55,,90076,1,,,1,15,,90096,1,,,1,15,,90037,1,,,1,15,,90057,1,,,1
1,'20270102',624,,90153,1,,,1,15,,90097,1,,,1,15,,90116,1,,,1,55,,90135,1,,,1,15,,90154,1,,,1,15,,90098,1,,,1,15,,90117,1,,,1,55,,90136,1,,,1,15,,90155,1,,,1,15,,90099,1,,,1,15,,90118,1,,,1,55,,90137,1,,,1,15,,90156,1,,,1,15,,90100,1,,,1,15,,90119,1,,,1,55,,90138,1,,,1,15,,90157,1,,,1,15,,90101,1,,,1,15,,90120,1,,,1,55,,90139,1,,,1,15,,90158,1,,,1,15,,90102,1,,,1,15,,90121,1,,,1,55,,90140,1,,,1,15,,90159,1,,,1,15,,90103,1,,,1,15,,90122,1,,,1,55,,90141,1,,,1,15,,90160,1,,,1,15,,90104,1,,,1,15,,90123,1,,,1,55,,90142,1,,,1,15,,90161,1,,,1,15,,90105,1,,,1,15,,90124,1,,,1,55,,90143,1,,,1,15,,90162,1,,,1,15,,90106,1,,,1,15,,90125,1,,,1,55,,90144,1,,,1,15,,90163,1,,,1,15,,90107,1,,,1,15,,90126,1,,,1,55,,90145,1,,,1,15,,90164,1,,,1,15,,90108,1,,,1,15,,90127,1,,,1,55,,90146,1,,,1,15,,90165,1,,,1,15,,90109,1,,,1,15,,90128,1,,,1,55,,90147,1,,,1,15,,90166,1,,,1,15,,90110,1,,,1,15,,90129,1,,,1,55,,90148,1,,,1,15,,90167,1,,,1,15,,90111,1,,,1,15,,90130,1,,,1,55,,90149,1,,,1,15,,90168,1,,,1,15,,90112,1,,,1,15,,90131,1,,,1,55,,90150,1,,,1,15,,90169,1,,,1,15,,90113,1,,,1,15,,90132,1,,,1,55,,90151,1,,,1,15,,90170,1,,,1,15,,90114,1,,,1,15,,90133,1,,,1,55,,90152,1,,,1,15,,90171,1,,,1,15,,90115,1,,,1,15,,90134,1,,,1
1,'20270103',624,,90228,1,,,1,15,,90172,1,,,1,15,,90191,1,,,1,55,,90210,1,,,1,15,,90229,1,,,1,15,,90173,1,,,1,15,,90192,1,,,1,55,,90211,1,,,1,15,,90230,1,,,1,15,,90174,1,,,1,15,,90193,1,,,1,55,,90212,1,,,1,15,,90231,1,,,1,15,,90175,1,,,1,15,,90194,1,,,1,55,,90213,1,,,1,15,,90232,1,,,1,15,,90176,1,,,1,15,,90195,1,,,1,55,,90214,1,,,1,15,,90233,1,,,1,15,,90177,1,,,1,15,,90196,1,,,1,55,,90215,1,,,1,15,,90234,1,,,1,15,,90178,1,,,1,15,,90197,1,,,1,55,,90216,1,,,1,15,,90235,1,,,1,15,,90179,1,,,1,15,,90198,1,,,1,55,,90217,1,,,1,15,,90236,1,,,1,15,,90180,1,,,1,15,,90199,1,,,1,55,,90218,1,,,1,15,,90237,1,,,1,15,,90181,1,,,1,15,,90200,1,,,1,55,,90219,1,,,1,15,,90238,1,,,1,15,,90182,1,,,1,15,,90201,1,,,1,55,,90220,1,,,1,15,,90239,1,,,1,15,,90183,1,,,1,15,,90202,1,,,1,55,,90221,1,,,1,15,,90240,1,,,1,15,,90184,1,,,1,15,,90203,1,,,1,55,,90222,1,,,1,15,,90241,1,,,1,15,,90185,1,,,1,15,,90204,1,,,1,55,,90223,1,,,1,15,,90242,1,,,1,15,,90186,1,,,1,15,,90205,1,,,1,55,,90224,1,,,1,15,,90243,1,,,1,15,,90187,1,,,1,15,,90206,1,,,1,55,,90225,1,,,1,15,,90244,1,,,1,15,,90188,1,,,1,15,,90207,1,,,1,55,,90226,1,,,1,15,,90245,1,,,1,15,,90189,1,,,1,15,,90208,1,,,1,55,,90227,1,,,1,15,,90246,1,,,1,15,,90190,1,,,1,15,,90209,1,,,1
1,'20270104',527,,90306,1,,,1,15,,90247,1,,,1,12,,90267,1,,,1,55,,90287,1,,,1,15,,90307,1,,,1,15,,90248,1,,,1,15,,90268,1,,,1,55,,90288,1,,,1,15,,90308,1,,,1,15,,90249,1,,,1,15,,90269,1,,,1,55,,90289,1,,,1,15,,90309,1,,,1,15,,90250,1,,,1,15,,90270,1,,,1,55,,90290,1,,,1,15,,90310,1,,,1,15,,90251,1,,,1,15,,90271,1,,,1,55,,90291,1,,,1,15,,90311,1,,,1,15,,90252,1,,,1,15,,90272,1,,,1,55,,90292,1,,,1,15,,90312,1,,,1,15,,90253,1,,,1,15,,90273,1,,,1,55,,90293,1,,,1,15,,90313,1,,,1,15,,90254,1,,,1,15,,90274,1,,,1,55,,90294,1,,,1,15,,90314,1,,,1,15,,90255,1,,,1,15,,90275,1,,,1,55,,90295,1,,,1,15,,90315,1,,,1,15,,90256,1,,,1,15,,90276,1,,,1,55,,90296,1,,,1,15,,90316,1,,,1,15,,90257,1,,,1,15,,90277,1,,,1,55,,90297,1,,,1,15,,90317,1,,,1,15,,90258,1,,,1,15,,90278,1,,,1,55,,90298,1,,,1,15,,90318,1,,,1,15,,90259,1,,,1,15,,90279,1,,,1,55,,90299,1,,,1,15,,90319,1,,,1,15,,90260,1,,,1,15,,90280,1,,,1,55,,90300,1,,,1,15,,90320,1,,,1,15,,90261,1,,,1,15,,90281,1,,,1,55,,90301,1,,,1,15,,90321,1,,,1,15,,90262,1,,,1,15,,90282,1,,,1,55,,90302,1,,,1,15,,90322,1,,,1,15,,90263,1,,,1,15,,90283,1,,,1,55,,90303,1,,,1,15,,90323,1,,,1,15,,90264,1,,,1,15,,90284,1,,,1,55,,90304,1,,,1,15,,90324,1,,,1,15,,90265,1,,,1,15,,90285,1,,,1,55,,90305,1,,,1,15,,90325,1,,,1,15,,90266,1,,,1,15,,90286,1,,,1
1,'20270105',527,,90385,1,,,1,15,,90326,1,,,1,12,,90346,1,,,1,55,,90366,1,,,1,15,,90386,1,,,1,15,,90327,1,,,1,15,,90347,1,,,1,55,,90367,1,,,1,15,,90387,1,,,1,15,,90328,1,,,1,15,,90348,1,,,1,55,,90368,1,,,1,15,,90388,1,,,1,15,,90329,1,,,1,15,,90349,1,,,1,55,,90369,1,,,1,15,,90389,1,,,1,15,,90330,1,,,1,15,,90350,1,,,1,55,,90370,1,,,1,15,,90390,1,,,1,15,,90331,1,,,1,15,,90351,1,,,1,55,,90371,1,,,1,15,,90391,1,,,1,15,,90332,1,,,1,15,,90352,1,,,1,55,,90372,1,,,1,15,,90392,1,,,1,15,,90333,1,,,1,15,,90353,1,,,1,55,,90373,1,,,1,15,,90393,1,,,1,15,,90334,1,,,1,15,,90354,1,,,1,55,,90374,1,,,1,15,,90394,1,,,1,15,,90335,1,,,1,15,,90355,1,,,1,55,,90375,1,,,1,15,,90395,1,,,1,15,,90336,1,,,1,15,,90356,1,,,1,55,,90376,1,,,1,15,,90396,1,,,1,15,,90337,1,,,1,15,,90357,1,,,1,55,,90377,1,,,1,15,,90397,1,,,1,15,,90338,1,,,1,15,,90358,1,,,1,55,,90378,1,,,1,15,,90398,1,,,1,15,,90339,1,,,1,15,,90359,1,,,1,55,,90379,1,,,1,15,,90399,1,,,1,15,,90340,1,,,1,15,,90360,1,,,1,55,,90380,1,,,1,15,,90400,1,,,1,15,,90341,1,,,1,15,,90361,1,,,1,55,,90381,1,,,1,15,,90401,1,,,1,15,,90342,1,,,1,15,,90362,1,,,1,55,,90382,1,,,1,15,,90402,1,,,1,15,,90343,1,,,1,15,,90363,1,,,1,55,,90383,1,,,1,15,,90403,1,,,1,15,,90344,1,,,1,15,,90364,1,,,1,55,,90384,1,,,1,15,,90404,1,,,1,15,,90345,1,,,1,15,,90365,1,,,1
1,'20270106',527,,90464,1,,,1,15,,90405,1,,,1,12,,90425,1,,,1,55,,90445,1,,,1,15,,90465,1,,,1,15,,90406,1,,,1,15,,90426,1,,,1,55,,90446,1,,,1,15,,90466,1,,,1,15,,90407,1,,,1,15,,90427,1,,,1,55,,90447,1,,,1,15,,90467,1,,,1,15,,90408,1,,,1,15,,90428,1,,,1,55,,90448,1,,,1,15,,90468,1,,,1,15,,90409,1,,,1,15,,90429,1,,,1,55,,90449,1,,,1,15,,90469,1,,,1,15,,90410,1,,,1,15,,90430,1,,,1,55,,90450,1,,,1,15,,90470,1,,,1,15,,90411,1,,,1,15,,90431,1,,,1,55,,90451,1,,,1,15,,90471,1,,,1,15,,90412,1,,,1,15,,90432,1,,,1,55,,90452,1,,,1,15,,90472,1,,,1,15,,90413,1,,,1,15,,90433,1,,,1,55,,90453,1,,,1,15,,90473,1,,,1,15,,90414,1,,,1,15,,90434,1,,,1,55,,90454,1,,,1,15,,90474,1,,,1,15,,90415,1,,,1,15,,90435,1,,,1,55,,90455,1,,,1,15,,90475,1,,,1,15,,90416,1,,,1,15,,90436,1,,,1,55,,90456,1,,,1,15,,90476,1,,,1,15,,90417,1,,,1,15,,90437,1,,,1,55,,90457,1,,,1,15,,90477,1,,,1,15,,90418,1,,,1,15,,90438,1,,,1,55,,90458,1,,,1,15,,90478,1,,,1,15,,90419,1,,,1,15,,90439,1,,,1,55,,90459,1,,,1,15,,90479,1,,,1,15,,90420,1,,,1,15,,90440,1,,,1,55,,90460,1,,,1,15,,90480,1,,,1,15,,90421,1,,,1,15,,90441,1,,,1,55,,90461,1,,,1,15,,90481,1,,,1,15,,90422,1,,,1,15,,90442,1,,,1,55,,90462,1,,,1,15,,90482,1,,,1,15,,90423,1,,,1,15,,90443,1,,,1,55,,90463,1,,,1,15,,90483,1,,,1,15,,90424,1,,,1,15,,90444,1,,,1
1,'20270107',527,,90543,1,,,1,15,,90484,1,,,1,12,,90504,1,,,1,55,,90524,1,,,1,15,,90544,1,,,1,15,,90485,1,,,1,15,,90505,1,,,1,55,,90525,1,,,1,15,,90545,1,,,1,15,,90486,1,,,1,15,,90506,1,,,1,55,,90526,1,,,1,15,,90546,1,,,1,15,,90487,1,,,1,15,,90507,1,,,1,55,,90527,1,,,1,15,,90547,1,,,1,15,,90488,1,,,1,15,,90508,1,,,1,55,,90528,1,,,1,15,,90548,1,,,1,15,,90489,1,,,1,15,,90509,1,,,1,55,,90529,1,,,1,15,,90549,1,,,1,15,,90490,1,,,1,15,,90510,1,,,1,55,,90530,1,,,1,15,,90550,1,,,1,15,,90491,1,,,1,15,,90511,1,,,1,55,,90531,1,,,1,15,,90551,1,,,1,15,,90492,1,,,1,15,,90512,1,,,1,55,,90532,1,,,1,15,,90552,1,,,1,15,,90493,1,,,1,15,,90513,1,,,1,55,,90533,1,,,1,15,,90553,1,,,1,15,,90494,1,,,1,15,,90514,1,,,1,55,,90534,1,,,1,15,,90554,1,,,1,15,,90495,1,,,1,15,,90515,1,,,1,55,,90535,1,,,1,15,,90555,1,,,1,15,,90496,1,,,1,15,,90516,1,,,1,55,,90536,1,,,1,15,,90556,1,,,1,15,,90497,1,,,1,15,,90517,1,,,1,55,,90537,1,,,1,15,,90557,1,,,1,15,,90498,1,,,1,15,,90518,1,,,1,55,,90538,1,,,1,15,,90558,1,,,1,15,,90499,1,,,1,15,,90519,1,,,1,55,,90539,1,,,1,15,,90559,1,,,1,15,,90500,1,,,1,15,,90520,1,,,1,55,,90540,1,,,1,15,,90560,1,,,1,15,,90501,1,,,1,15,,90521,1,,,1,55,,90541,1,,,1,15,,90561,1,,,1,15,,90502,1,,,1,15,,90522,1,,,1,55,,90542,1,,,1,15,,90562,1,,,1,15,,90503,1,,,1,15,,90523,1,,,1
1,'20270108',527,,90622,1,,,1,15,,90563,1,,,1,12,,90583,1,,,1,55,,90603,1,,,1,15,,90623,1,,,1,15,,90564,1,,,1,15,,90584,1,,,1,55,,90604,1,,,1,15,,90624,1,,,1,15,,90565,1,,,1,15,,90585,1,,,1,55,,90605,1,,,1,15,,90625,1,,,1,15,,90566,1,,,1,15,,90586,1,,,1,55,,90606,1,,,1,15,,90626,1,,,1,15,,90567,1,,,1,15,,90587,1,,,1,55,,90607,1,,,1,15,,90627,1,,,1,15,,90568,1,,,1,15,,90588,1,,,1,55,,90608,1,,,1,15,,90628,1,,,1,15,,90569,1,,,1,15,,90589,1,,,1,55,,90609,1,,,1,15,,90629,1,,,1,15,,90570,1,,,1,15,,90590,1,,,1,55,,90610,1,,,1,15,,90630,1,,,1,15,,90571,1,,,1,15,,90591,1,,,1,55,,90611,1,,,1,15,,90631,1,,,1,15,,90572,1,,,1,15,,90592,1,,,1,55,,90612,1,,,1,15,,90632,1,,,1,15,,90573,1,,,1,15,,90593,1,,,1,55,,90613,1,,,1,15,,90633,1,,,1,15,,90574,1,,,1,15,,90594,1,,,1,55,,90614,1,,,1,15,,90634,1,,,1,15,,90575,1,,,1,15,,90595,1,,,1,55,,90615,1,,,1,15,,90635,1,,,1,15,,90576,1,,,1,15,,90596,1,,,1,55,,90616,1,,,1,15,,90636,1,,,1,15,,90577,1,,,1,15,,90597,1,,,1,55,,90617,1,,,1,15,,90637,1,,,1,15,,90578,1,,,1,15,,90598,1,,,1,55,,90618,1,,,1,15,,90638,1,,,1,15,,90579,1,,,1,15,,90599,1,,,1,55,,90619,1,,,1,15,,90639,1,,,1,15,,90580,1,,,1,15,,90600,1,,,1,55,,90620,1,,,1,15,,90640,1,,,1,15,,90581,1,,,1,15,,90601,1,,,1,55,,90621,1,,,1,15,,90641,1,,,1,15,,90582,1,,,1,15,,90602,1,,,1
1,'20270109',624,,90698,1,,,1,15,,90642,1,,,1,15,,90661,1,,,1,55,,90680,1,,,1,15,,90699,1,,,1,15,,90643,1,,,1,15,,90662,1,,,1,55,,90681,1,,,1,15,,90700,1,,,1,15,,90644,1,,,1,15,,90663,1,,,1,55,,90682,1,,,1,15,,90701,1,,,1,15,,90645,1,,,1,15,,90664,1,,,1,55,,90683,1,,,1,15,,90702,1,,,1,15,,90646,1,,,1,15,,90665,1,,,1,55,,90684,1,,,1,15,,90703,1,,,1,15,,90647,1,,,1,15,,90666,1,,,1,55,,90685,1,,,1,15,,90704,1,,,1,15,,90648,1,,,1,15,,90667,1,,,1,55,,90686,1,,,1,15,,90705,1,,,1,15,,90649,1,,,1,15,,90668,1,,,1,55,,90687,1,,,1,15,,90706,1,,,1,15,,90650,1,,,1,15,,90669,1,,,1,55,,90688,1,,,1,15,,90707,1,,,1,15,,90651,1,,,1,15,,90670,1,,,1,55,,90689,1,,,1,15,,90708,1,,,1,15,,90652,1,,,1,15,,90671,1,,,1,55,,90690,1,,,1,15,,90709,1,,,1,15,,90653,1,,,1,15,,90672,1,,,1,55,,90691,1,,,1,15,,90710,1,,,1,15,,90654,1,,,1,15,,90673,1,,,1,55,,90692,1,,,1,15,,90711,1,,,1,15,,90655,1,,,1,15,,90674,1,,,1,55,,90693,1,,,1,15,,90712,1,,,1,15,,90656,1,,,1,15,,90675,1,,,1,55,,90694,1,,,1,15,,90713,1,,,1,15,,90657,1,,,1,15,,90676,1,,,1,55,,90695,1,,,1,15,,90714,1,,,1,15,,90658,1,,,1,15,,90677,1,,,1,55,,90696,1,,,1,15,,90715,1,,,1,15,,90659,1,,,1,15,,90678,1,,,1,55,,90697,1,,,1,15,,90716,1,,,1,15,,90660,1,,,1,15,,90679,1,,,1
1,'20270110',624,,90773,1,,,1,15,,90717,1,,,1,15,,90736,1,,,1,55,,90755,1,,,1,15,,90774,1,,,1,15,,90718,1,,,1,15,,90737,1,,,1,55,,90756,1,,,1,15,,90775,1,,,1,15,,90719,1,,,1,15,,90738,1,,,1,55,,90757,1,,,1,15,,90776,1,,,1,15,,90720,1,,,1,15,,90739,1,,,1,55,,90758,1,,,1,15,,90777,1,,,1,15,,90721,1,,,1,15,,90740,1,,,1,55,,90759,1,,,1,15,,90778,1,,,1,15,,90722,1,,,1,15,,90741,1,,,1,55,,90760,1,,,1,15,,90779,1,,,1,15,,90723,1,,,1,15,,90742,1,,,1,55,,90761,1,,,1,15,,90780,1,,,1,15,,90724,1,,,1,15,,90743,1,,,1,55,,90762,1,,,1,15,,90781,1,,,1,15,,90725,1,,,1,15,,90744,1,,,1,55,,90763,1,,,1,15,,90782,1,,,1,15,,90726,1,,,1,15,,90745,1,,,1,55,,90764,1,,,1,15,,90783,1,,,1,15,,90727,1,,,1,15,,90746,1,,,1,55,,90765,1,,,1,15,,90784,1,,,1,15,,90728,1,,,1,15,,90747,1,,,1,55,,90766,1,,,1,15,,90785,1,,,1,15,,90729,1,,,1,15,,90748,1,,,1,55,,90767,1,,,1,15,,90786,1,,,1,15,,90730,1,,,1,15,,90749,1,,,1,55,,90768,1,,,1,15,,90787,1,,,1,15,,90731,1,,,1,15,,90750,1,,,1,55,,90769,1,,,1,15,,90788,1,,,1,15,,90732,1,,,1,15,,90751,1,,,1,55,,90770,1,,,1,15,,90789,1,,,1,15,,90733,1,,,1,15,,90752,1,,,1,55,,90771,1,,,1,15,,90790,1,,,1,15,,90734,1,,,1,15,,90753,1,,,1,55,,90772,1,,,1,15,,90791,1,,,1,15,,90735,1,,,1,15,,90754,1,,,1
1,'20270111',527,,90851,1,,,1,15,,90792,1,,,1,12,,90812,1,,,1,55,,90832,1,,,1,15,,90852,1,,,1,15,,90793,1,,,1,15,,90813,1,,,1,55,,90833,1,,,1,15,,90853,1,,,1,15,,90794,1,,,1,15,,90814,1,,,1,55,,90834,1,,,1,15,,90854,1,,,1,15,,90795,1,,,1,15,,90815,1,,,1,55,,90835,1,,,1,15,,90855,1,,,1,15,,90796,1,,,1,15,,90816,1,,,1,55,,90836,1,,,1,15,,90856,1,,,1,15,,90797,1,,,1,15,,90817,1,,,1,55,,90837,1,,,1,15,,90857,1,,,1,15,,90798,1,,,1,15,,90818,1,,,1,55,,90838,1,,,1,15,,90858,1,,,1,15,,90799,1,,,1,15,,90819,1,,,1,55,,90839,1,,,1,15,,90859,1,,,1,15,,90800,1,,,1,15,,90820,1,,,1,55,,90840,1,,,1,15,,90860,1,,,1,15,,90801,1,,,1,15,,90821,1,,,1,55,,90841,1,,,1,15,,90861,1,,,1,15,,90802,1,,,1,15,,90822,1,,,1,55,,90842,1,,,1,15,,90862,1,,,1,15,,90803,1,,,1,15,,90823,1,,,1,55,,90843,1,,,1,15,,90863,1,,,1,15,,90804,1,,,1,15,,90824,1,,,1,55,,90844,1,,,1,15,,90864,1,,,1,15,,90805,1,,,1,15,,90825,1,,,1,55,,90845,1,,,1,15,,90865,1,,,1,15,,90806,1,,,1,15,,90826,1,,,1,55,,90846,1,,,1,15,,90866,1,,,1,15,,90807,1,,,1,15,,90827,1,,,1,55,,90847,1,,,1,15,,90867,1,,,1,15,,90808,1,,,1,15,,90828,1,,,1,55,,90848,1,,,1,15,,90868,1,,,1,15,,90809,1,,,1,15,,90829,1,,,1,55,,90849,1,,,1,15,,90869,1,,,1,15,,90810,1,,,1,15,,90830,1,,,1,55,,90850,1,,,1,15,,90870,1,,,1,15,,90811,1,,,1,15,,90831,1,,,1
1,'20270112',527,,90930,1,,,1,15,,90871,1,,,1,12,,90891,1,,,1,55,,90911,1,,,1,15,,90931,1,,,1,15,,90872,1,,,1,15,,90892,1,,,1,55,,90912,1,,,1,15,,90932,1,,,1,15,,90873,1,,,1,15,,90893,1,,,1,55,,90913,1,,,1,15,,90933,1,,,1,15,,90874,1,,,1,15,,90894,1,,,1,55,,90914,1,,,1,15,,90934,1,,,1,15,,90875,1,,,1,15,,90895,1,,,1,55,,90915,1,,,1,15,,90935,1,,,1,15,,90876,1,,,1,15,,90896,1,,,1,55,,90916,1,,,1,15,,90936,1,,,1,15,,90877,1,,,1,15,,90897,1,,,1,55,,90917,1,,,1,15,,90937,1,,,1,15,,90878,1,,,1,15,,90898,1,,,1,55,,90918,1,,,1,15,,90938,1,,,1,15,,90879,1,,,1,15,,90899,1,,,1,55,,90919,1,,,1,15,,90939,1,,,1,15,,90880,1,,,1,15,,90900,1,,,1,55,,90920,1,,,1,15,,90940,1,,,1,15,,90881,1,,,1,15,,90901,1,,,1,55,,90921,1,,,1,15,,90941,1,,,1,15,,90882,1,,,1,15,,90902,1,,,1,55,,90922,1,,,1,15,,90942,1,,,1,15,,90883,1,,,1,15,,90903,1,,,1,55,,90923,1,,,1,15,,90943,1,,,1,15,,90884,1,,,1,15,,90904,1,,,1,55,,90924,1,,,1,15,,90944,1,,,1,15,,90885,1,,,1,15,,90905,1,,,1,55,,90925,1,,,1,15,,90945,1,,,1,15,,90886,1,,,1,15,,90906,1,,,1,55,,90926,1,,,1,15,,90946,1,,,1,15,,90887,1,,,1,15,,90907,1,,,1,55,,90927,1,,,1,15,,90947,1,,,1,15,,90888,1,,,1,15,,90908,1,,,1,55,,90928,1,,,1,15,,90948,1,,,1,15,,90889,1,,,1,15,,90909,1,,,1,55,,90929,1,,,1,15,,90949,1,,,1,15,,90890,1,,,1,15,,90910,1,,,1
1,'20270113',527,,91009,1,,,1,15,,90950,1,,,1,12,,90970,1,,,1,55,,90990,1,,,1,15,,91010,1,,,1,15,,90951,1,,,1,15,,90971,1,,,1,55,,90991,1,,,1,15,,91011,1,,,1,15,,90952,1,,,1,15,,90972,1,,,1,55,,90992,1,,,1,15,,91012,1,,,1,15,,90953,1,,,1,15,,90973,1,,,1,55,,90993,1,,,1,15,,91013,1,,,1,15,,90954,1,,,1,15,,90974,1,,,1,55,,90994,1,,,1,15,,91014,1,,,1,15,,90955,1,,,1,15,,90975,1,,,1,55,,90995,1,,,1,15,,91015,1,,,1,15,,90956,1,,,1,15,,90976,1,,,1,55,,90996,1,,,1,15,,91016,1,,,1,15,,90957,1,,,1,15,,90977,1,,,1,55,,90997,1,,,1,15,,91017,1,,,1,15,,90958,1,,,1,15,,90978,1,,,1,55,,90998,1,,,1,15,,91018,1,,,1,15,,90959,1,,,1,15,,90979,1,,,1,55,,90999,1,,,1,15,,91019,1,,,1,15,,90960,1,,,1,15,,90980,1,,,1,55,,91000,1,,,1,15,,91020,1,,,1,15,,90961,1,,,1,15,,90981,1,,,1,55,,91001,1,,,1,15,,91021,1,,,1,15,,90962,1,,,1,15,,90982,1,,,1,55,,91002,1,,,1,15,,91022,1,,,1,15,,90963,1,,,1,15,,90983,1,,,1,55,,91003,1,,,1,15,,91023,1,,,1,15,,90964,1,,,1,15,,90984,1,,,1,55,,91004,1,,,1,15,,91024,1,,,1,15,,90965,1,,,1,15,,90985,1,,,1,55,,91005,1,,,1,15,,91025,1,,,1,15,,90966,1,,,1,15,,90986,1,,,1,55,,91006,1,,,1,15,,91026,1,,,1,15,,90967,1,,,1,15,,90987,1,,,1,55,,91007,1,,,1,15,,91027,1,,,1,15,,90968,1,,,1,15,,90988,1,,,1,55,,91008,1,,,1,15,,91028,1,,,1,15,,90969,1,,,1,15,,90989,1,,,1
1,'20270114',527,,91088,1,,,1,15,,91029,1,,,1,12,,91049,1,,,1,55,,91069,1,,,1,15,,91089,1,,,1,15,,91030,1,,,1,15,,91050,1,,,1,55,,91070,1,,,1,15,,91090,1,,,1,15,,91031,1,,,1,15,,91051,1,,,1,55,,91071,1,,,1,15,,91091,1,,,1,15,,91032,1,,,1,15,,91052,1,,,1,55,,91072,1,,,1,15,,91092,1,,,1,15,,91033,1,,,1,15,,91053,1,,,1,55,,91073,1,,,1,15,,91093,1,,,1,15,,91034,1,,,1,15,,91054,1,,,1,55,,91074,1,,,1,15,,91094,1,,,1,15,,91035,1,,,1,15,,91055,1,,,1,55,,91075,1,,,1,15,,91095,1,,,1,15,,91036,1,,,1,15,,91056,1,,,1,55,,91076,1,,,1,15,,91096,1,,,1,15,,91037,1,,,1,15,,91057,1,,,1,55,,91077,1,,,1,15,,91097,1,,,1,15,,91038,1,,,1,15,,91058,1,,,1,55,,91078,1,,,1,15,,91098,1,,,1,15,,91039,1,,,1,15,,91059,1,,,1,55,,91079,1,,,1,15,,91099,1,,,1,15,,91040,1,,,1,15,,91060,1,,,1,55,,91080,1,,,1,15,,91100,1,,,1,15,,91041,1,,,1,15,,91061,1,,,1,55,,91081,1,,,1,15,,91101,1,,,1,15,,91042,1,,,1,15,,91062,1,,,1,55,,91082,1,,,1,15,,91102,1,,,1,15,,91043,1,,,1,15,,91063,1,,,1,55,,91083,1,,,1,15,,91103,1,,,1,15,,91044,1,,,1,15,,91064,1,,,1,55,,91084,1,,,1,15,,91104,1,,,1,15,,91045,1,,,1,15,,91065,1,,,1,55,,91085,1,,,1,15,,91105,1,,,1,15,,91046,1,,,1,15,,91066,1,,,1,55,,91086,1,,,1,15,,91106,1,,,1,15,,91047,1,,,1,15,,91067,1,,,1,55,,91087,1,,,1,15,,91107,1,,,1,15,,91048,1,,,1,15,,91068,1,,,1
1,'20270115',527,,91167,1,,,1,15,,91108,1,,,1,12,,91128,1,,,1,55,,91148,1,,,1,15,,91168,1,,,1,15,,91109,1,,,1,15,,91129,1,,,1,55,,91149,1,,,1,15,,91169,1,,,1,15,,91110,1,,,1,15,,91130,1,,,1,55,,91150,1,,,1,15,,91170,1,,,1,15,,91111,1,,,1,15,,91131,1,,,1,55,,91151,1,,,1,15,,91171,1,,,1,15,,91112,1,,,1,15,,91132,1,,,1,55,,91152,1,,,1,15,,91172,1,,,1,15,,91113,1,,,1,15,,91133,1,,,1,55,,91153,1,,,1,15,,91173,1,,,1,15,,91114,1,,,1,15,,91134,1,,,1,55,,91154,1,,,1,15,,91174,1,,,1,15,,91115,1,,,1,15,,91135,1,,,1,55,,91155,1,,,1,15,,91175,1,,,1,15,,91116,1,,,1,15,,91136,1,,,1,55,,91156,1,,,1,15,,91176,1,,,1,15,,91117,1,,,1,15,,91137,1,,,1,55,,91157,1,,,1,15,,91177,1,,,1,15,,91118,1,,,1,15,,91138,1,,,1,55,,91158,1,,,1,15,,91178,1,,,1,15,,91119,1,,,1,15,,91139,1,,,1,55,,91159,1,,,1,15,,91179,1,,,1,15,,91120,1,,,1,15,,91140,1,,,1,55,,91160,1,,,1,15,,91180,1,,,1,15,,91121,1,,,1,15,,91141,1,,,1,55,,91161,1,,,1,15,,91181,1,,,1,15,,91122,1,,,1,15,,91142,1,,,1,55,,91162,1,,,1,15,,91182,1,,,1,15,,91123,1,,,1,15,,91143,1,,,1,55,,91163,1,,,1,15,,91183,1,,,1,15,,91124,1,,,1,15,,91144,1,,,1,55,,91164,1,,,1,15,,91184,1,,,1,15,,91125,1,,,1,15,,91145,1,,,1,55,,91165,1,,,1,15,,91185,1,,,1,15,,91126,1,,,1,15,,91146,1,,,1,55,,91166,1,,,1,15,,91186,1,,,1,15,,91127,1,,,1,15,,91147,1,,,1
1,'20270116',624,,91243,1,,,1,15,,91187,1,,,1,15,,91206,1,,,1,55,,91225,1,,,1,15,,91244,1,,,1,15,,91188,1,,,1,15,,91207,1,,,1,55,,91226,1,,,1,15,,91245,1,,,1,15,,91189,1,,,1,15,,91208,1,,,1,55,,91227,1,,,1,15,,91246,1,,,1,15,,91190,1,,,1,15,,91209,1,,,1,55,,91228,1,,,1,15,,91247,1,,,1,15,,91191,1,,,1,15,,91210,1,,,1,55,,91229,1,,,1,15,,91248,1,,,1,15,,91192,1,,,1,15,,91211,1,,,1,55,,91230,1,,,1,15,,91249,1,,,1,15,,91193,1,,,1,15,,91212,1,,,1,55,,91231,1,,,1,15,,91250,1,,,1,15,,91194,1,,,1,15,,91213,1,,,1,55,,91232,1,,,1,15,,91251,1,,,1,15,,91195,1,,,1,15,,91214,1,,,1,55,,91233,1,,,1,15,,91252,1,,,1,15,,91196,1,,,1,15,,91215,1,,,1,55,,91234,1,,,1,15,,91253,1,,,1,15,,91197,1,,,1,15,,91216,1,,,1,55,,91235,1,,,1,15,,91254,1,,,1,15,,91198,1,,,1,15,,91217,1,,,1,55,,91236,1,,,1,15,,91255,1,,,1,15,,91199,1,,,1,15,,91218,1,,,1,55,,91237,1,,,1,15,,91256,1,,,1,15,,91200,1,,,1,15,,91219,1,,,1,55,,91238,1,,,1,15,,91257,1,,,1,15,,91201,1,,,1,15,,91220,1,,,1,55,,91239,1,,,1,15,,91258,1,,,1,15,,91202,1,,,1,15,,91221,1,,,1,55,,91240,1,,,1,15,,91259,1,,,1,15,,91203,1,,,1,15,,91222,1,,,1,55,,91241,1,,,1,15,,91260,1,,,1,15,,91204,1,,,1,15,,91223,1,,,1,55,,91242,1,,,1,15,,91261,1,,,1,15,,91205,1,,,1,15,,91224,1,,,1
1,'20270117',624,,91318,1,,,1,15,,91262,1,,,1,15,,91281,1,,,1,55,,91300,1,,,1,15,,91319,1,,,1,15,,91263,1,,,1,15,,91282,1,,,1,55,,91301,1,,,1,15,,91320,1,,,1,15,,91264,1,,,1,15,,91283,1,,,1,55,,91302,1,,,1,15,,91321,1,,,1,15,,91265,1,,,1,15,,91284,1,,,1,55,,91303,1,,,1,15,,91322,1,,,1,15,,91266,1,,,1,15,,91285,1,,,1,55,,91304,1,,,1,15,,91323,1,,,1,15,,91267,1,,,1,15,,91286,1,,,1,55,,91305,1,,,1,15,,91324,1,,,1,15,,91268,1,,,1,15,,91287,1,,,1,55,,91306,1,,,1,15,,91325,1,,,1,15,,91269,1,,,1,15,,91288,1,,,1,55,,91307,1,,,1,15,,91326,1,,,1,15,,91270,1,,,1,15,,91289,1,,,1,55,,91308,1,,,1,15,,91327,1,,,1,15,,91271,1,,,1,15,,91290,1,,,1,55,,91309,1,,,1,15,,91328,1,,,1,15,,91272,1,,,1,15,,91291,1,,,1,55,,91310,1,,,1,15,,91329,1,,,1,15,,91273,1,,,1,15,,91292,1,,,1,55,,91311,1,,,1,15,,91330,1,,,1,15,,91274,1,,,1,15,,91293,1,,,1,55,,91312,1,,,1,15,,91331,1,,,1,15,,91275,1,,,1,15,,91294,1,,,1,55,,91313,1,,,1,15,,91332,1,,,1,15,,91276,1,,,1,15,,91295,1,,,1,55,,91314,1,,,1,15,,91333,1,,,1,15,,91277,1,,,1,15,,91296,1,,,1,55,,91315,1,,,1,15,,91334,1,,,1,15,,91278,1,,,1,15,,91297,1,,,1,55,,91316,1,,,1,15,,91335,1,,,1,15,,91279,1,,,1,15,,91298,1,,,1,55,,91317,1,,,1,15,,91336,1,,,1,15,,91280,1,,,1,15,,91299,1,,,1
1,'20270118',527,,91396,1,,,1,15,,91337,1,,,1,12,,91357,1,,,1,55,,91377,1,,,1,15,,91397,1,,,1,15,,91338,1,,,1,15,,91358,1,,,1,55,,91378,1,,,1,15,,91398,1,,,1,15,,91339,1,,,1,15,,91359,1,,,1,55,,91379,1,,,1,15,,91399,1,,,1,15,,91340,1,,,1,15,,91360,1,,,1,55,,91380,1,,,1,15,,91400,1,,,1,15,,91341,1,,,1,15,,91361,1,,,1,55,,91381,1,,,1,15,,91401,1,,,1,15,,91342,1,,,1,15,,91362,1,,,1,55,,91382,1,,,1,15,,91402,1,,,1,15,,91343,1,,,1,15,,91363,1,,,1,55,,91383,1,,,1,15,,91403,1,,,1,15,,91344,1,,,1,15,,91364,1,,,1,55,,91384,1,,,1,15,,91404,1,,,1,15,,91345,1,,,1,15,,91365,1,,,1,55,,91385,1,,,1,15,,91405,1,,,1,15,,91346,1,,,1,15,,91366,1,,,1,55,,91386,1,,,1,15,,91406,1,,,1,15,,91347,1,,,1,15,,91367,1,,,1,55,,91387,1,,,1,15,,91407,1,,,1,15,,91348,1,,,1,15,,91368,1,,,1,55,,91388,1,,,1,15,,91408,1,,,1,15,,91349,1,,,1,15,,91369,1,,,1,55,,91389,1,,,1,15,,91409,1,,,1,15,,91350,1,,,1,15,,91370,1,,,1,55,,91390,1,,,1,15,,91410,1,,,1,15,,91351,1,,,1,15,,91371,1,,,1,55,,91391,1,,,1,15,,91411,1,,,1,15,,91352,1,,,1,15,,91372,1,,,1,55,,91392,1,,,1,15,,91412,1,,,1,15,,91353,1,,,1,15,,91373,1,,,1,55,,91393,1,,,1,15,,91413,1,,,1,15,,91354,1,,,1,15,,91374,1,,,1,55,,91394,1,,,1,15,,91414,1,,,1,15,,91355,1,,,1,15,,91375,1,,,1,55,,91395,1,,,1,15,,91415,1,,,1,15,,91356,1,,,1,15,,91376,1,,,1
1,'20270119',527,,91475,1,,,1,15,,91416,1,,,1,12,,91436,1,,,1,55,,91456,1,,,1,15,,91476,1,,,1,15,,91417,1,,,1,15,,91437,1,,,1,55,,91457,1,,,1,15,,91477,1,,,1,15,,91418,1,,,1,15,,91438,1,,,1,55,,91458,1,,,1,15,,91478,1,,,1,15,,91419,1,,,1,15,,91439,1,,,1,55,,91459,1,,,1,15,,91479,1,,,1,15,,91420,1,,,1,15,,91440,1,,,1,55,,91460,1,,,1,15,,91480,1,,,1,15,,91421,1,,,1,15,,91441,1,,,1,55,,91461,1,,,1,15,,91481,1,,,1,15,,91422,1,,,1,15,,91442,1,,,1,55,,91462,1,,,1,15,,91482,1,,,1,15,,91423,1,,,1,15,,91443,1,,,1,55,,91463,1,,,1,15,,91483,1,,,1,15,,91424,1,,,1,15,,91444,1,,,1,55,,91464,1,,,1,15,,91484,1,,,1,15,,91425,1,,,1,15,,91445,1,,,1,55,,91465,1,,,1,15,,91485,1,,,1,15,,91426,1,,,1,15,,91446,1,,,1,55,,91466,1,,,1,15,,91486,1,,,1,15,,91427,1,,,1,15,,91447,1,,,1,55,,91467,1,,,1,15,,91487,1,,,1,15,,91428,1,,,1,15,,91448,1,,,1,55,,91468,1,,,1,15,,91488,1,,,1,15,,91429,1,,,1,15,,91449,1,,,1,55,,91469,1,,,1,15,,91489,1,,,1,15,,91430,1,,,1,15,,91450,1,,,1,55,,91470,1,,,1,15,,91490,1,,,1,15,,91431,1,,,1,15,,91451,1,,,1,55,,91471,1,,,1,15,,91491,1,,,1,15,,91432,1,,,1,15,,91452,1,,,1,55,,91472,1,,,1,15,,91492,1,,,1,15,,91433,1,,,1,15,,91453,1,,,1,55,,91473,1,,,1,15,,91493,1,,,1,15,,91434,1,,,1,15,,91454,1,,,1,55,,91474,1,,,1,15,,91494,1,,,1,15,,91435,1,,,1,15,,91455,1,,,1
1,'20270120',527,,91554,1,,,1,15,,91495,1,,,1,12,,91515,1,,,1,55,,91535,1,,,1,15,,91555,1,,,1,15,,91496,1,,,1,15,,91516,1,,,1,55,,91536,1,,,1,15,,91556,1,,,1,15,,91497,1,,,1,15,,91517,1,,,1,55,,91537,1,,,1,15,,91557,1,,,1,15,,91498,1,,,1,15,,91518,1,,,1,55,,91538,1,,,1,15,,91558,1,,,1,15,,91499,1,,,1,15,,91519,1,,,1,55,,91539,1,,,1,15,,91559,1,,,1,15,,91500,1,,,1,15,,91520,1,,,1,55,,91540,1,,,1,15,,91560,1,,,1,15,,91501,1,,,1,15,,91521,1,,,1,55,,91541,1,,,1,15,,91561,1,,,1,15,,91502,1,,,1,15,,91522,1,,,1,55,,91542,1,,,1,15,,91562,1,,,1,15,,91503,1,,,1,15,,91523,1,,,1,55,,91543,1,,,1,15,,91563,1,,,1,15,,91504,1,,,1,15,,91524,1,,,1,55,,91544,1,,,1,15,,91564,1,,,1,15,,91505,1,,,1,15,,91525,1,,,1,55,,91545,1,,,1,15,,91565,1,,,1,15,,91506,1,,,1,15,,91526,1,,,1,55,,91546,1,,,1,15,,91566,1,,,1,15,,91507,1,,,1,15,,91527,1,,,1,55,,91547,1,,,1,15,,91567,1,,,1,15,,91508,1,,,1,15,,91528,1,,,1,55,,91548,1,,,1,15,,91568,1,,,1,15,,91509,1,,,1,15,,91529,1,,,1,55,,91549,1,,,1,15,,91569,1,,,1,15,,91510,1,,,1,15,,91530,1,,,1,55,,91550,1,,,1,15,,91570,1,,,1,15,,91511,1,,,1,15,,91531,1,,,1,55,,91551,1,,,1,15,,91571,1,,,1,15,,91512,1,,,1,15,,91532,1,,,1,55,,91552,1,,,1,15,,91572,1,,,1,15,,91513,1,,,1,15,,91533,1,,,1,55,,91553,1,,,1,15,,91573,1,,,1,15,,91514,1,,,1,15,,91534,1,,,1
1,'20270121',527,,91633,1,,,1,15,,91574,1,,,1,12,,91594,1,,,1,55,,91614,1,,,1,15,,91634,1,,,1,15,,91575,1,,,1,15,,91595,1,,,1,55,,91615,1,,,1,15,,91635,1,,,1,15,,91576,1,,,1,15,,91596,1,,,1,55,,91616,1,,,1,15,,91636,1,,,1,15,,91577,1,,,1,15,,91597,1,,,1,55,,91617,1,,,1,15,,91637,1,,,1,15,,91578,1,,,1,15,,91598,1,,,1,55,,91618,1,,,1,15,,91638,1,,,1,15,,91579,1,,,1,15,,91599,1,,,1,55,,91619,1,,,1,15,,91639,1,,,1,15,,91580,1,,,1,15,,91600,1,,,1,55,,91620,1,,,1,15,,91640,1,,,1,15,,91581,1,,,1,15,,91601,1,,,1,55,,91621,1,,,1,15,,91641,1,,,1,15,,91582,1,,,1,15,,91602,1,,,1,55,,91622,1,,,1,15,,91642,1,,,1,15,,91583,1,,,1,15,,91603,1,,,1,55,,91623,1,,,1,15,,91643,1,,,1,15,,91584,1,,,1,15,,91604,1,,,1,55,,91624,1,,,1,15,,91644,1,,,1,15,,91585,1,,,1,15,,91605,1,,,1,55,,91625,1,,,1,15,,91645,1,,,1,15,,91586,1,,,1,15,,91606,1,,,1,55,,91626,1,,,1,15,,91646,1,,,1,15,,91587,1,,,1,15,,91607,1,,,1,55,,91627,1,,,1,15,,91647,1,,,1,15,,91588,1,,,1,15,,91608,1,,,1,55,,91628,1,,,1,15,,91648,1,,,1,15,,91589,1,,,1,15,,91609,1,,,1,55,,91629,1,,,1,15,,91649,1,,,1,15,,91590,1,,,1,15,,91610,1,,,1,55,,91630,1,,,1,15,,91650,1,,,1,15,,91591,1,,,1,15,,91611,1,,,1,55,,91631,1,,,1,15,,91651,1,,,1,15,,91592,1,,,1,15,,91612,1,,,1,55,,91632,1,,,1,15,,91652,1,,,1,15,,91593,1,,,1,15,,91613,1,,,1
1,'20270122',527,,91712,1,,,1,15,,91653,1,,,1,12,,91673,1,,,1,55,,91693,1,,,1,15,,91713,1,,,1,15,,91654,1,,,1,15,,91674,1,,,1,55,,91694,1,,,1,15,,91714,1,,,1,15,,91655,1,,,1,15,,91675,1,,,1,55,,91695,1,,,1,15,,91715,1,,,1,15,,91656,1,,,1,15,,91676,1,,,1,55,,91696,1,,,1,15,,91716,1,,,1,15,,91657,1,,,1,15,,91677,1,,,1,55,,91697,1,,,1,15,,91717,1,,,1,15,,91658,1,,,1,15,,91678,1,,,1,55,,91698,1,,,1,15,,91718,1,,,1,15,,91659,1,,,1,15,,91679,1,,,1,55,,91699,1,,,1,15,,91719,1,,,1,15,,91660,1,,,1,15,,91680,1,,,1,55,,91700,1,,,1,15,,91720,1,,,1,15,,91661,1,,,1,15,,91681,1,,,1,55,,91701,1,,,1,15,,91721,1,,,1,15,,91662,1,,,1,15,,91682,1,,,1,55,,91702,1,,,1,15,,91722,1,,,1,15,,91663,1,,,1,15,,91683,1,,,1,55,,91703,1,,,1,15,,91723,1,,,1,15,,91664,1,,,1,15,,91684,1,,,1,55,,91704,1,,,1,15,,91724,1,,,1,15,,91665,1,,,1,15,,91685,1,,,1,55,,91705,1,,,1,15,,91725,1,,,1,15,,91666,1,,,1,15,,91686,1,,,1,55,,91706,1,,,1,15,,91726,1,,,1,15,,91667,1,,,1,15,,91687,1,,,1,55,,91707,1,,,1,15,,91727,1,,,1,15,,91668,1,,,1,15,,91688,1,,,1,55,,91708,1,,,1,15,,91728,1,,,1,15,,91669,1,,,1,15,,91689,1,,,1,55,,91709,1,,,1,15,,91729,1,,,1,15,,91670,1,,,1,15,,91690,1,,,1,55,,91710,1,,,1,15,,91730,1,,,1,15,,91671,1,,,1,15,,91691,1,,,1,55,,91711,1,,,1,15,,91731,1,,,1,15,,91672,1,,,1,15,,91692,1,,,1
1,'20270123',624,,91788,1,,,1,15,,91732,1,,,1,15,,91751,1,,,1,55,,91770,1,,,1,15,,91789,1,,,1,15,,91733,1,,,1,15,,91752,1,,,1,55,,91771,1,,,1,15,,91790,1,,,1,15,,91734,1,,,1,15,,91753,1,,,1,55,,91772,1,,,1,15,,91791,1,,,1,15,,91735,1,,,1,15,,91754,1,,,1,55,,91773,1,,,1,15,,91792,1,,,1,15,,91736,1,,,1,15,,91755,1,,,1,55,,91774,1,,,1,15,,91793,1,,,1,15,,91737,1,,,1,15,,91756,1,,,1,55,,91775,1,,,1,15,,91794,1,,,1,15,,91738,1,,,1,15,,91757,1,,,1,55,,91776,1,,,1,15,,91795,1,,,1,15,,91739,1,,,1,15,,91758,1,,,1,55,,91777,1,,,1,15,,91796,1,,,1,15,,91740,1,,,1,15,,91759,1,,,1,55,,91778,1,,,1,15,,91797,1,,,1,15,,91741,1,,,1,15,,91760,1,,,1,55,,91779,1,,,1,15,,91798,1,,,1,15,,91742,1,,,1,15,,91761,1,,,1,55,,91780,1,,,1,15,,91799,1,,,1,15,,91743,1,,,1,15,,91762,1,,,1,55,,91781,1,,,1,15,,91800,1,,,1,15,,91744,1,,,1,15,,91763,1,,,1,55,,91782,1,,,1,15,,91801,1,,,1,15,,91745,1,,,1,15,,91764,1,,,1,55,,91783,1,,,1,15,,91802,1,,,1,15,,91746,1,,,1,15,,91765,1,,,1,55,,91784,1,,,1,15,,91803,1,,,1,15,,91747,1,,,1,15,,91766,1,,,1,55,,91785,1,,,1,15,,91804,1,,,1,15,,91748,1,,,1,15,,91767,1,,,1,55,,91786,1,,,1,15,,91805,1,,,1,15,,91749,1,,,1,15,,91768,1,,,1,55,,91787,1,,,1,15,,91806,1,,,1,15,,91750,1,,,1,15,,91769,1,,,1
1,'20270124',624,,91863,1,,,1,15,,91807,1,,,1,15,,91826,1,,,1,55,,91845,1,,,1,15,,91864,1,,,1,15,,91808,1,,,1,15,,91827,1,,,1,55,,91846,1,,,1,15,,91865,1,,,1,15,,91809,1,,,1,15,,91828,1,,,1,55,,91847,1,,,1,15,,91866,1,,,1,15,,91810,1,,,1,15,,91829,1,,,1,55,,91848,1,,,1,15,,91867,1,,,1,15,,91811,1,,,1,15,,91830,1,,,1,55,,91849,1,,,1,15,,91868,1,,,1,15,,91812,1,,,1,15,,91831,1,,,1,55,,91850,1,,,1,15,,91869,1,,,1,15,,91813,1,,,1,15,,91832,1,,,1,55,,91851,1,,,1,15,,91870,1,,,1,15,,91814,1,,,1,15,,91833,1,,,1,55,,91852,1,,,1,15,,91871,1,,,1,15,,91815,1,,,1,15,,91834,1,,,1,55,,91853,1,,,1,15,,91872,1,,,1,15,,91816,1,,,1,15,,91835,1,,,1,55,,91854,1,,,1,15,,91873,1,,,1,15,,91817,1,,,1,15,,91836,1,,,1,55,,91855,1,,,1,15,,91874,1,,,1,15,,91818,1,,,1,15,,91837,1,,,1,55,,91856,1,,,1,15,,91875,1,,,1,15,,91819,1,,,1,15,,91838,1,,,1,55,,91857,1,,,1,15,,91876,1,,,1,15,,91820,1,,,1,15,,91839,1,,,1,55,,91858,1,,,1,15,,91877,1,,,1,15,,91821,1,,,1,15,,91840,1,,,1,55,,91859,1,,,1,15,,91878,1,,,1,15,,91822,1,,,1,15,,91841,1,,,1,55,,91860,1,,,1,15,,91879,1,,,1,15,,91823,1,,,1,15,,91842,1,,,1,55,,91861,1,,,1,15,,91880,1,,,1,15,,91824,1,,,1,15,,91843,1,,,1,55,,91862,1,,,1,15,,91881,1,,,1,15,,91825,1,,,1,15,,91844,1,,,1
1,'20270125',527,,91941,1,,,1,15,,91882,1,,,1,12,,91902,1,,,1,55,,91922,1,,,1,15,,91942,1,,,1,15,,91883,1,,,1,15,,91903,1,,,1,55,,91923,1,,,1,15,,91943,1,,,1,15,,91884,1,,,1,15,,91904,1,,,1,55,,91924,1,,,1,15,,91944,1,,,1,15,,91885,1,,,1,15,,91905,1,,,1,55,,91925,1,,,1,15,,91945,1,,,1,15,,91886,1,,,1,15,,91906,1,,,1,55,,91926,1,,,1,15,,91946,1,,,1,15,,91887,1,,,1,15,,91907,1,,,1,55,,91927,1,,,1,15,,91947,1,,,1,15,,91888,1,,,1,15,,91908,1,,,1,55,,91928,1,,,1,15,,91948,1,,,1,15,,91889,1,,,1,15,,91909,1,,,1,55,,91929,1,,,1,15,,91949,1,,,1,15,,91890,1,,,1,15,,91910,1,,,1,55,,91930,1,,,1,15,,91950,1,,,1,15,,91891,1,,,1,15,,91911,1,,,1,55,,91931,1,,,1,15,,91951,1,,,1,15,,91892,1,,,1,15,,91912,1,,,1,55,,91932,1,,,1,15,,91952,1,,,1,15,,91893,1,,,1,15,,91913,1,,,1,55,,91933,1,,,1,15,,91953,1,,,1,15,,91894,1,,,1,15,,91914,1,,,1,55,,91934,1,,,1,15,,91954,1,,,1,15,,91895,1,,,1,15,,91915,1,,,1,55,,91935,1,,,1,15,,91955,1,,,1,15,,91896,1,,,1,15,,91916,1,,,1,55,,91936,1,,,1,15,,91956,1,,,1,15,,91897,1,,,1,15,,91917,1,,,1,55,,91937,1,,,1,15,,91957,1,,,1,15,,91898,1,,,1,15,,91918,1,,,1,55,,91938,1,,,1,15,,91958,1,,,1,15,,91899,1,,,1,15,,91919,1,,,1,55,,91939,1,,,1,15,,91959,1,,,1,15,,91900,1,,,1,15,,91920,1,,,1,55,,91940,1,,,1,15,,91960,1,,,1,15,,91901,1,,,1,15,,91921,1,,,1
1,'20270126',527,,92020,1,,,1,15,,91961,1,,,1,12,,91981,1,,,1,55,,92001,1,,,1,15,,92021,1,,,1,15,,91962,1,,,1,15,,91982,1,,,1,55,,92002,1,,,1,15,,92022,1,,,1,15,,91963,1,,,1,15,,91983,1,,,1,55,,92003,1,,,1,15,,92023,1,,,1,15,,91964,1,,,1,15,,91984,1,,,1,55,,92004,1,,,1,15,,92024,1,,,1,15,,91965,1,,,1,15,,91985,1,,,1,55,,92005,1,,,1,15,,92025,1,,,1,15,,91966,1,,,1,15,,91986,1,,,1,55,,92006,1,,,1,15,,92026,1,,,1,15,,91967,1,,,1,15,,91987,1,,,1,55,,92007,1,,,1,15,,92027,1,,,1,15,,91968,1,,,1,15,,91988,1,,,1,55,,92008,1,,,1,15,,92028,1,,,1,15,,91969,1,,,1,15,,91989,1,,,1,55,,92009,1,,,1,15,,92029,1,,,1,15,,91970,1,,,1,15,,91990,1,,,1,55,,92010,1,,,1,15,,92030,1,,,1,15,,91971,1,,,1,15,,91991,1,,,1,55,,92011,1,,,1,15,,92031,1,,,1,15,,91972,1,,,1,15,,91992,1,,,1,55,,92012,1,,,1,15,,92032,1,,,1,15,,91973,1,,,1,15,,91993,1,,,1,55,,92013,1,,,1,15,,92033,1,,,1,15,,91974,1,,,1,15,,91994,1,,,1,55,,92014,1,,,1,15,,92034,1,,,1,15,,91975,1,,,1,15,,91995,1,,,1,55,,92015,1,,,1,15,,92035,1,,,1,15,,91976,1,,,1,15,,91996,1,,,1,55,,92016,1,,,1,15,,92036,1,,,1,15,,91977,1,,,1,15,,91997,1,,,1,55,,92017,1,,,1,15,,92037,1,,,1,15,,91978,1,,,1,15,,91998,1,,,1,55,,92018,1,,,1,15,,92038,1,,,1,15,,91979,1,,,1,15,,91999,1,,,1,55,,92019,1,,,1,15,,92039,1,,,1,15,,91980,1,,,1,15,,92000,1,,,1
1,'20270127',527,,92099,1,,,1,15,,92040,1,,,1,12,,92060,1,,,1,55,,92080,1,,,1,15,,92100,1,,,1,15,,92041,1,,,1,15,,92061,1,,,1,55,,92081,1,,,1,15,,92101,1,,,1,15,,92042,1,,,1,15,,92062,1,,,1,55,,92082,1,,,1,15,,92102,1,,,1,15,,92043,1,,,1,15,,92063,1,,,1,55,,92083,1,,,1,15,,92103,1,,,1,15,,92044,1,,,1,15,,92064,1,,,1,55,,92084,1,,,1,15,,92104,1,,,1,15,,92045,1,,,1,15,,92065,1,,,1,55,,92085,1,,,1,15,,92105,1,,,1,15,,92046,1,,,1,15,,92066,1,,,1,55,,92086,1,,,1,15,,92106,1,,,1,15,,92047,1,,,1,15,,92067,1,,,1,55,,92087,1,,,1,15,,92107,1,,,1,15,,92048,1,,,1,15,,92068,1,,,1,55,,92088,1,,,1,15,,92108,1,,,1,15,,92049,1,,,1,15,,92069,1,,,1,55,,92089,1,,,1,15,,92109,1,,,1,15,,92050,1,,,1,15,,92070,1,,,1,55,,92090,1,,,1,15,,92110,1,,,1,15,,92051,1,,,1,15,,92071,1,,,1,55,,92091,1,,,1,15,,92111,1,,,1,15,,92052,1,,,1,15,,92072,1,,,1,55,,92092,1,,,1,15,,92112,1,,,1,15,,92053,1,,,1,15,,92073,1,,,1,55,,92093,1,,,1,15,,92113,1,,,1,15,,92054,1,,,1,15,,92074,1,,,1,55,,92094,1,,,1,15,,92114,1,,,1,15,,92055,1,,,1,15,,92075,1,,,1,55,,92095,1,,,1,15,,92115,1,,,1,15,,92056,1,,,1,15,,92076,1,,,1,55,,92096,1,,,1,15,,92116,1,,,1,15,,92057,1,,,1,15,,92077,1,,,1,55,,92097,1,,,1,15,,92117,1,,,1,15,,92058,1,,,1,15,,92078,1,,,1,55,,92098,1,,,1,15,,92118,1,,,1,15,,92059,1,,,1,15,,92079,1,,,1
1,'20270128',527,,92178,1,,,1,15,,92119,1,,,1,12,,92139,1,,,1,55,,92159,1,,,1,15,,92179,1,,,1,15,,92120,1,,,1,15,,92140,1,,,1,55,,92160,1,,,1,15,,92180,1,,,1,15,,92121,1,,,1,15,,92141,1,,,1,55,,92161,1,,,1,15,,92181,1,,,1,15,,92122,1,,,1,15,,92142,1,,,1,55,,92162,1,,,1,15,,92182,1,,,1,15,,92123,1,,,1,15,,92143,1,,,1,55,,92163,1,,,1,15,,92183,1,,,1,15,,92124,1,,,1,15,,92144,1,,,1,55,,92164,1,,,1,15,,92184,1,,,1,15,,92125,1,,,1,15,,92145,1,,,1,55,,92165,1,,,1,15,,92185,1,,,1,15,,92126,1,,,1,15,,92146,1,,,1,55,,92166,1,,,1,15,,92186,1,,,1,15,,92127,1,,,1,15,,92147,1,,,1,55,,92167,1,,,1,15,,92187,1,,,1,15,,92128,1,,,1,15,,92148,1,,,1,55,,92168,1,,,1,15,,92188,1,,,1,15,,92129,1,,,1,15,,92149,1,,,1,55,,92169,1,,,1,15,,92189,1,,,1,15,,92130,1,,,1,15,,92150,1,,,1,55,,92170,1,,,1,15,,92190,1,,,1,15,,92131,1,,,1,15,,92151,1,,,1,55,,92171,1,,,1,15,,92191,1,,,1,15,,92132,1,,,1,15,,92152,1,,,1,55,,92172,1,,,1,15,,92192,1,,,1,15,,92133,1,,,1,15,,92153,1,,,1,55,,92173,1,,,1,15,,92193,1,,,1,15,,92134,1,,,1,15,,92154,1,,,1,55,,92174,1,,,1,15,,92194,1,,,1,15,,92135,1,,,1,15,,92155,1,,,1,55,,92175,1,,,1,15,,92195,1,,,1,15,,92136,1,,,1,15,,92156,1,,,1,55,,92176,1,,,1,15,,92196,1,,,1,15,,92137,1,,,1,15,,92157,1,,,1,55,,92177,1,,,1,15,,92197,1,,,1,15,,92138,1,,,1,15,,92158,1,,,1
1,'20270129',527,,92257,1,,,1,15,,92198,1,,,1,12,,92218,1,,,1,55,,92238,1,,,1,15,,92258,1,,,1,15,,92199,1,,,1,15,,92219,1,,,1,55,,92239,1,,,1,15,,92259,1,,,1,15,,92200,1,,,1,15,,92220,1,,,1,55,,92240,1,,,1,15,,92260,1,,,1,15,,92201,1,,,1,15,,92221,1,,,1,55,,92241,1,,,1,15,,92261,1,,,1,15,,92202,1,,,1,15,,92222,1,,,1,55,,92242,1,,,1,15,,92262,1,,,1,15,,92203,1,,,1,15,,92223,1,,,1,55,,92243,1,,,1,15,,92263,1,,,1,15,,92204,1,,,1,15,,92224,1,,,1,55,,92244,1,,,1,15,,92264,1,,,1,15,,92205,1,,,1,15,,92225,1,,,1,55,,92245,1,,,1,15,,92265,1,,,1,15,,92206,1,,,1,15,,92226,1,,,1,55,,92246,1,,,1,15,,92266,1,,,1,15,,92207,1,,,1,15,,92227,1,,,1,55,,92247,1,,,1,15,,92267,1,,,1,15,,92208,1,,,1,15,,92228,1,,,1,55,,92248,1,,,1,15,,92268,1,,,1,15,,92209,1,,,1,15,,92229,1,,,1,55,,92249,1,,,1,15,,92269,1,,,1,15,,92210,1,,,1,15,,92230,1,,,1,55,,92250,1,,,1,15,,92270,1,,,1,15,,92211,1,,,1,15,,92231,1,,,1,55,,92251,1,,,1,15,,92271,1,,,1,15,,92212,1,,,1,15,,92232,1,,,1,55,,92252,1,,,1,15,,92272,1,,,1,15,,92213,1,,,1,15,,92233,1,,,1,55,,92253,1,,,1,15,,92273,1,,,1,15,,92214,1,,,1,15,,92234,1,,,1,55,,92254,1,,,1,15,,92274,1,,,1,15,,92215,1,,,1,15,,92235,1,,,1,55,,92255,1,,,1,15,,92275,1,,,1,15,,92216,1,,,1,15,,92236,1,,,1,55,,92256,1,,,1,15,,92276,1,,,1,15,,92217,1,,,1,15,,92237,1,,,1
1,'20270130',624,,92333,1,,,1,15,,92277,1,,,1,15,,92296,1,,,1,55,,92315,1,,,1,15,,92334,1,,,1,15,,92278,1,,,1,15,,92297,1,,,1,55,,92316,1,,,1,15,,92335,1,,,1,15,,92279,1,,,1,15,,92298,1,,,1,55,,92317,1,,,1,15,,92336,1,,,1,15,,92280,1,,,1,15,,92299,1,,,1,55,,92318,1,,,1,15,,92337,1,,,1,15,,92281,1,,,1,15,,92300,1,,,1,55,,92319,1,,,1,15,,92338,1,,,1,15,,92282,1,,,1,15,,92301,1,,,1,55,,92320,1,,,1,15,,92339,1,,,1,15,,92283,1,,,1,15,,92302,1,,,1,55,,92321,1,,,1,15,,92340,1,,,1,15,,92284,1,,,1,15,,92303,1,,,1,55,,92322,1,,,1,15,,92341,1,,,1,15,,92285,1,,,1,15,,92304,1,,,1,55,,92323,1,,,1,15,,92342,1,,,1,15,,92286,1,,,1,15,,92305,1,,,1,55,,92324,1,,,1,15,,92343,1,,,1,15,,92287,1,,,1,15,,92306,1,,,1,55,,92325,1,,,1,15,,92344,1,,,1,15,,92288,1,,,1,15,,92307,1,,,1,55,,92326,1,,,1,15,,92345,1,,,1,15,,92289,1,,,1,15,,92308,1,,,1,55,,92327,1,,,1,15,,92346,1,,,1,15,,92290,1,,,1,15,,92309,1,,,1,55,,92328,1,,,1,15,,92347,1,,,1,15,,92291,1,,,1,15,,92310,1,,,1,55,,92329,1,,,1,15,,92348,1,,,1,15,,92292,1,,,1,15,,92311,1,,,1,55,,92330,1,,,1,15,,92349,1,,,1,15,,92293,1,,,1,15,,92312,1,,,1,55,,92331,1,,,1,15,,92350,1,,,1,15,,92294,1,,,1,15,,92313,1,,,1,55,,92332,1,,,1,15,,92351,1,,,1,15,,92295,1,,,1,15,,92314,1,,,1
1,'20270131',624,,92408,1,,,1,15,,92352,1,,,1,15,,92371,1,,,1,55,,92390,1,,,1,15,,92409,1,,,1,15,,92353,1,,,1,15,,92372,1,,,1,55,,92391,1,,,1,15,,92410,1,,,1,15,,92354,1,,,1,15,,92373,1,,,1,55,,92392,1,,,1,15,,92411,1,,,1,15,,92355,1,,,1,15,,92374,1,,,1,55,,92393,1,,,1,15,,92412,1,,,1,15,,92356,1,,,1,15,,92375,1,,,1,55,,92394,1,,,1,15,,92413,1,,,1,15,,92357,1,,,1,15,,92376,1,,,1,55,,92395,1,,,1,15,,92414,1,,,1,15,,92358,1,,,1,15,,92377,1,,,1,55,,92396,1,,,1,15,,92415,1,,,1,15,,92359,1,,,1,15,,92378,1,,,1,55,,92397,1,,,1,15,,92416,1,,,1,15,,92360,1,,,1,15,,92379,1,,,1,55,,92398,1,,,1,15,,92417,1,,,1,15,,92361,1,,,1,15,,92380,1,,,1,55,,92399,1,,,1,15,,92418,1,,,1,15,,92362,1,,,1,15,,92381,1,,,1,55,,92400,1,,,1,15,,92419,1,,,1,15,,92363,1,,,1,15,,92382,1,,,1,55,,92401,1,,,1,15,,92420,1,,,1,15,,92364,1,,,1,15,,92383,1,,,1,55,,92402,1,,,1,15,,92421,1,,,1,15,,92365,1,,,1,15,,92384,1,,,1,55,,92403,1,,,1,15,,92422,1,,,1,15,,92366,1,,,1,15,,92385,1,,,1,55,,92404,1,,,1,15,,92423,1,,,1,15,,92367,1,,,1,15,,92386,1,,,1,55,,92405,1,,,1,15,,92424,1,,,1,15,,92368,1,,,1,15,,92387,1,,,1,55,,92406,1,,,1,15,,92425,1,,,1,15,,92369,1,,,1,15,,92388,1,,,1,55,,92407,1,,,1,15,,92426,1,,,1,15,,92370,1,,,1,15,,92389,1,,,1
1,'20270201',527,,92486,1,,,1,15,,92427,1,,,1,12,,92447,1,,,1,55,,92467,1,,,1,15,,92487,1,,,1,15,,92428,1,,,1,15,,92448,1,,,1,55,,92468,1,,,1,15,,92488,1,,,1,15,,92429,1,,,1,15,,92449,1,,,1,55,,92469,1,,,1,15,,92489,1,,,1,15,,92430,1,,,1,15,,92450,1,,,1,55,,92470,1,,,1,15,,92490,1,,,1,15,,92431,1,,,1,15,,92451,1,,,1,55,,92471,1,,,1,15,,92491,1,,,1,15,,92432,1,,,1,15,,92452,1,,,1,55,,92472,1,,,1,15,,92492,1,,,1,15,,92433,1,,,1,15,,92453,1,,,1,55,,92473,1,,,1,15,,92493,1,,,1,15,,92434,1,,,1,15,,92454,1,,,1,55,,92474,1,,,1,15,,92494,1,,,1,15,,92435,1,,,1,15,,92455,1,,,1,55,,92475,1,,,1,15,,92495,1,,,1,15,,92436,1,,,1,15,,92456,1,,,1,55,,92476,1,,,1,15,,92496,1,,,1,15,,92437,1,,,1,15,,92457,1,,,1,55,,92477,1,,,1,15,,92497,1,,,1,15,,92438,1,,,1,15,,92458,1,,,1,55,,92478,1,,,1,15,,92498,1,,,1,15,,92439,1,,,1,15,,92459,1,,,1,55,,92479,1,,,1,15,,92499,1,,,1,15,,92440,1,,,1,15,,92460,1,,,1,55,,92480,1,,,1,15,,92500,1,,,1,15,,92441,1,,,1,15,,92461,1,,,1,55,,92481,1,,,1,15,,92501,1,,,1,15,,92442,1,,,1,15,,92462,1,,,1,55,,92482,1,,,1,15,,92502,1,,,1,15,,92443,1,,,1,15,,92463,1,,,1,55,,92483,1,,,1,15,,92503,1,,,1,15,,92444,1,,,1,15,,92464,1,,,1,55,,92484,1,,,1,15,,92504,1,,,1,15,,92445,1,,,1,15,,92465,1,,,1,55,,92485,1,,,1,15,,92505,1,,,1,15,,92446,1,,,1,15,,92466,1,,,1
1,'20270202',527,,92565,1,,,1,15,,92506,1,,,1,12,,92526,1,,,1,55,,92546,1,,,1,15,,92566,1,,,1,15,,92507,1,,,1,15,,92527,1,,,1,55,,92547,1,,,1,15,,92567,1,,,1,15,,92508,1,,,1,15,,92528,1,,,1,55,,92548,1,,,1,15,,92568,1,,,1,15,,92509,1,,,1,15,,92529,1,,,1,55,,92549,1,,,1,15,,92569,1,,,1,15,,92510,1,,,1,15,,92530,1,,,1,55,,92550,1,,,1,15,,92570,1,,,1,15,,92511,1,,,1,15,,92531,1,,,1,55,,92551,1,,,1,15,,92571,1,,,1,15,,92512,1,,,1,15,,92532,1,,,1,55,,92552,1,,,1,15,,92572,1,,,1,15,,92513,1,,,1,15,,92533,1,,,1,55,,92553,1,,,1,15,,92573,1,,,1,15,,92514,1,,,1,15,,92534,1,,,1,55,,92554,1,,,1,15,,92574,1,,,1,15,,92515,1,,,1,15,,92535,1,,,1,55,,92555,1,,,1,15,,92575,1,,,1,15,,92516,1,,,1,15,,92536,1,,,1,55,,92556,1,,,1,15,,92576,1,,,1,15,,92517,1,,,1,15,,92537,1,,,1,55,,92557,1,,,1,15,,92577,1,,,1,15,,92518,1,,,1,15,,92538,1,,,1,55,,92558,1,,,1,15,,92578,1,,,1,15,,92519,1,,,1,15,,92539,1,,,1,55,,92559,1,,,1,15,,92579,1,,,1,15,,92520,1,,,1,15,,92540,1,,,1,55,,92560,1,,,1,15,,92580,1,,,1,15,,92521,1,,,1,15,,92541,1,,,1,55,,92561,1,,,1,15,,92581,1,,,1,15,,92522,1,,,1,15,,92542,1,,,1,55,,92562,1,,,1,15,,92582,1,,,1,15,,92523,1,,,1,15,,92543,1,,,1,55,,92563,1,,,1,15,,92583,1,,,1,15,,92524,1,,,1,15,,92544,1,,,1,55,,92564,1,,,1,15,,92584,1,,,1,15,,92525,1,,,1,15,,92545,1,,,1
1,'20270203',527,,92644,1,,,1,15,,92585,1,,,1,12,,92605,1,,,1,55,,92625,1,,,1,15,,92645,1,,,1,15,,92586,1,,,1,15,,92606,1,,,1,55,,92626,1,,,1,15,,92646,1,,,1,15,,92587,1,,,1,15,,92607,1,,,1,55,,92627,1,,,1,15,,92647,1,,,1,15,,92588,1,,,1,15,,92608,1,,,1,55,,92628,1,,,1,15,,92648,1,,,1,15,,92589,1,,,1,15,,92609,1,,,1,55,,92629,1,,,1,15,,92649,1,,,1,15,,92590,1,,,1,15,,92610,1,,,1,55,,92630,1,,,1,15,,92650,1,,,1,15,,92591,1,,,1,15,,92611,1,,,1,55,,92631,1,,,1,15,,92651,1,,,1,15,,92592,1,,,1,15,,92612,1,,,1,55,,92632,1,,,1,15,,92652,1,,,1,15,,92593,1,,,1,15,,92613,1,,,1,55,,92633,1,,,1,15,,92653,1,,,1,15,,92594,1,,,1,15,,92614,1,,,1,55,,92634,1,,,1,15,,92654,1,,,1,15,,92595,1,,,1,15,,92615,1,,,1,55,,92635,1,,,1,15,,92655,1,,,1,15,,92596,1,,,1,15,,92616,1,,,1,55,,92636,1,,,1,15,,92656,1,,,1,15,,92597,1,,,1,15,,92617,1,,,1,55,,92637,1,,,1,15,,92657,1,,,1,15,,92598,1,,,1,15,,92618,1,,,1,55,,92638,1,,,1,15,,92658,1,,,1,15,,92599,1,,,1,15,,92619,1,,,1,55,,92639,1,,,1,15,,92659,1,,,1,15,,92600,1,,,1,15,,92620,1,,,1,55,,92640,1,,,1,15,,92660,1,,,1,15,,92601,1,,,1,15,,92621,1,,,1,55,,92641,1,,,1,15,,92661,1,,,1,15,,92602,1,,,1,15,,92622,1,,,1,55,,92642,1,,,1,15,,92662,1,,,1,15,,92603,1,,,1,15,,92623,1,,,1,55,,92643,1,,,1,15,,92663,1,,,1,15,,92604,1,,,1,15,,92624,1,,,1
1,'20270204',527,,92723,1,,,1,15,,92664,1,,,1,12,,92684,1,,,1,55,,92704,1,,,1,15,,92724,1,,,1,15,,92665,1,,,1,15,,92685,1,,,1,55,,92705,1,,,1,15,,92725,1,,,1,15,,92666,1,,,1,15,,92686,1,,,1,55,,92706,1,,,1,15,,92726,1,,,1,15,,92667,1,,,1,15,,92687,1,,,1,55,,92707,1,,,1,15,,92727,1,,,1,15,,92668,1,,,1,15,,92688,1,,,1,55,,92708,1,,,1,15,,92728,1,,,1,15,,92669,1,,,1,15,,92689,1,,,1,55,,92709,1,,,1,15,,92729,1,,,1,15,,92670,1,,,1,15,,92690,1,,,1,55,,92710,1,,,1,15,,92730,1,,,1,15,,92671,1,,,1,15,,92691,1,,,1,55,,92711,1,,,1,15,,92731,1,,,1,15,,92672,1,,,1,15,,92692,1,,,1,55,,92712,1,,,1,15,,92732,1,,,1,15,,92673,1,,,1,15,,92693,1,,,1,55,,92713,1,,,1,15,,92733,1,,,1,15,,92674,1,,,1,15,,92694,1,,,1,55,,92714,1,,,1,15,,92734,1,,,1,15,,92675,1,,,1,15,,92695,1,,,1,55,,92715,1,,,1,15,,92735,1,,,1,15,,92676,1,,,1,15,,92696,1,,,1,55,,92716,1,,,1,15,,92736,1,,,1,15,,92677,1,,,1,15,,92697,1,,,1,55,,92717,1,,,1,15,,92737,1,,,1,15,,92678,1,,,1,15,,92698,1,,,1,55,,92718,1,,,1,15,,92738,1,,,1,15,,92679,1,,,1,15,,92699,1,,,1,55,,92719,1,,,1,15,,92739,1,,,1,15,,92680,1,,,1,15,,92700,1,,,1,55,,92720,1,,,1,15,,92740,1,,,1,15,,92681,1,,,1,15,,92701,1,,,1,55,,92721,1,,,1,15,,92741,1,,,1,15,,92682,1,,,1,15,,92702,1,,,1,55,,92722,1,,,1,15,,92742,1,,,1,15,,92683,1,,,1,15,,92703,1,,,1
1,'20270205',527,,92802,1,,,1,15,,92743,1,,,1,12,,92763,1,,,1,55,,92783,1,,,1,15,,92803,1,,,1,15,,92744,1,,,1,15,,92764,1,,,1,55,,92784,1,,,1,15,,92804,1,,,1,15,,92745,1,,,1,15,,92765,1,,,1,55,,92785,1,,,1,15,,92805,1,,,1,15,,92746,1,,,1,15,,92766,1,,,1,55,,92786,1,,,1,15,,92806,1,,,1,15,,92747,1,,,1,15,,92767,1,,,1,55,,92787,1,,,1,15,,92807,1,,,1,15,,92748,1,,,1,15,,92768,1,,,1,55,,92788,1,,,1,15,,92808,1,,,1,15,,92749,1,,,1,15,,92769,1,,,1,55,,92789,1,,,1,15,,92809,1,,,1,15,,92750,1,,,1,15,,92770,1,,,1,55,,92790,1,,,1,15,,92810,1,,,1,15,,92751,1,,,1,15,,92771,1,,,1,55,,92791,1,,,1,15,,92811,1,,,1,15,,92752,1,,,1,15,,92772,1,,,1,55,,92792,1,,,1,15,,92812,1,,,1,15,,92753,1,,,1,15,,92773,1,,,1,55,,92793,1,,,1,15,,92813,1,,,1,15,,92754,1,,,1,15,,92774,1,,,1,55,,92794,1,,,1,15,,92814,1,,,1,15,,92755,1,,,1,15,,92775,1,,,1,55,,92795,1,,,1,15,,92815,1,,,1,15,,92756,1,,,1,15,,92776,1,,,1,55,,92796,1,,,1,15,,92816,1,,,1,15,,92757,1,,,1,15,,92777,1,,,1,55,,92797,1,,,1,15,,92817,1,,,1,15,,92758,1,,,1,15,,92778,1,,,1,55,,92798,1,,,1,15,,92818,1,,,1,15,,92759,1,,,1,15,,92779,1,,,1,55,,92799,1,,,1,15,,92819,1,,,1,15,,92760,1,,,1,15,,92780,1,,,1,55,,92800,1,,,1,15,,92820,1,,,1,15,,92761,1,,,1,15,,92781,1,,,1,55,,92801,1,,,1,15,,92821,1,,,1,15,,92762,1,,,1,15,,92782,1,,,1
1,'20270206',624,,92878,1,,,1,15,,92822,1,,,1,15,,92841,1,,,1,55,,92860,1,,,1,15,,92879,1,,,1,15,,92823,1,,,1,15,,92842,1,,,1,55,,92861,1,,,1,15,,92880,1,,,1,15,,92824,1,,,1,15,,92843,1,,,1,55,,92862,1,,,1,15,,92881,1,,,1,15,,92825,1,,,1,15,,92844,1,,,1,55,,92863,1,,,1,15,,92882,1,,,1,15,,92826,1,,,1,15,,92845,1,,,1,55,,92864,1,,,1,15,,92883,1,,,1,15,,92827,1,,,1,15,,92846,1,,,1,55,,92865,1,,,1,15,,92884,1,,,1,15,,92828,1,,,1,15,,92847,1,,,1,55,,92866,1,,,1,15,,92885,1,,,1,15,,92829,1,,,1,15,,92848,1,,,1,55,,92867,1,,,1,15,,92886,1,,,1,15,,92830,1,,,1,15,,92849,1,,,1,55,,92868,1,,,1,15,,92887,1,,,1,15,,92831,1,,,1,15,,92850,1,,,1,55,,92869,1,,,1,15,,92888,1,,,1,15,,92832,1,,,1,15,,92851,1,,,1,55,,92870,1,,,1,15,,92889,1,,,1,15,,92833,1,,,1,15,,92852,1,,,1,55,,92871,1,,,1,15,,92890,1,,,1,15,,92834,1,,,1,15,,92853,1,,,1,55,,92872,1,,,1,15,,92891,1,,,1,15,,92835,1,,,1,15,,92854,1,,,1,55,,92873,1,,,1,15,,92892,1,,,1,15,,92836,1,,,1,15,,92855,1,,,1,55,,92874,1,,,1,15,,92893,1,,,1,15,,92837,1,,,1,15,,92856,1,,,1,55,,92875,1,,,1,15,,92894,1,,,1,15,,92838,1,,,1,15,,92857,1,,,1,55,,92876,1,,,1,15,,92895,1,,,1,15,,92839,1,,,1,15,,92858,1,,,1,55,,92877,1,,,1,15,,92896,1,,,1,15,,92840,1,,,1,15,,92859,1,,,1
1,'20270207',624,,92953,1,,,1,15,,92897,1,,,1,15,,92916,1,,,1,55,,92935,1,,,1,15,,92954,1,,,1,15,,92898,1,,,1,15,,92917,1,,,1,55,,92936,1,,,1,15,,92955,1,,,1,15,,92899,1,,,1,15,,92918,1,,,1,55,,92937,1,,,1,15,,92956,1,,,1,15,,92900,1,,,1,15,,92919,1,,,1,55,,92938,1,,,1,15,,92957,1,,,1,15,,92901,1,,,1,15,,92920,1,,,1,55,,92939,1,,,1,15,,92958,1,,,1,15,,92902,1,,,1,15,,92921,1,,,1,55,,92940,1,,,1,15,,92959,1,,,1,15,,92903,1,,,1,15,,92922,1,,,1,55,,92941,1,,,1,15,,92960,1,,,1,15,,92904,1,,,1,15,,92923,1,,,1,55,,92942,1,,,1,15,,92961,1,,,1,15,,92905,1,,,1,15,,92924,1,,,1,55,,92943,1,,,1,15,,92962,1,,,1,15,,92906,1,,,1,15,,92925,1,,,1,55,,92944,1,,,1,15,,92963,1,,,1,15,,92907,1,,,1,15,,92926,1,,,1,55,,92945,1,,,1,15,,92964,1,,,1,15,,92908,1,,,1,15,,92927,1,,,1,55,,92946,1,,,1,15,,92965,1,,,1,15,,92909,1,,,1,15,,92928,1,,,1,55,,92947,1,,,1,15,,92966,1,,,1,15,,92910,1,,,1,15,,92929,1,,,1,55,,92948,1,,,1,15,,92967,1,,,1,15,,92911,1,,,1,15,,92930,1,,,1,55,,92949,1,,,1,15,,92968,1,,,1,15,,92912,1,,,1,15,,92931,1,,,1,55,,92950,1,,,1,15,,92969,1,,,1,15,,92913,1,,,1,15,,92932,1,,,1,55,,92951,1,,,1,15,,92970,1,,,1,15,,92914,1,,,1,15,,92933,1,,,1,55,,92952,1,,,1,15,,92971,1,,,1,15,,92915,1,,,1,15,,92934,1,,,1
1,'20270208',527,,93031,1,,,1,15,,92972,1,,,1,12,,92992,1,,,1,55,,93012,1,,,1,15,,93032,1,,,1,15,,92973,1,,,1,15,,92993,1,,,1,55,,93013,1,,,1,15,,93033,1,,,1,15,,92974,1,,,1,15,,92994,1,,,1,55,,93014,1,,,1,15,,93034,1,,,1,15,,92975,1,,,1,15,,92995,1,,,1,55,,93015,1,,,1,15,,93035,1,,,1,15,,92976,1,,,1,15,,92996,1,,,1,55,,93016,1,,,1,15,,93036,1,,,1,15,,92977,1,,,1,15,,92997,1,,,1,55,,93017,1,,,1,15,,93037,1,,,1,15,,92978,1,,,1,15,,92998,1,,,1,55,,93018,1,,,1,15,,93038,1,,,1,15,,92979,1,,,1,15,,92999,1,,,1,55,,93019,1,,,1,15,,93039,1,,,1,15,,92980,1,,,1,15,,93000,1,,,1,55,,93020,1,,,1,15,,93040,1,,,1,15,,92981,1,,,1,15,,93001,1,,,1,55,,93021,1,,,1,15,,93041,1,,,1,15,,92982,1,,,1,15,,93002,1,,,1,55,,93022,1,,,1,15,,93042,1,,,1,15,,92983,1,,,1,15,,93003,1,,,1,55,,93023,1,,,1,15,,93043,1,,,1,15,,92984,1,,,1,15,,93004,1,,,1,55,,93024,1,,,1,15,,93044,1,,,1,15,,92985,1,,,1,15,,93005,1,,,1,55,,93025,1,,,1,15,,93045,1,,,1,15,,92986,1,,,1,15,,93006,1,,,1,55,,93026,1,,,1,15,,93046,1,,,1,15,,92987,1,,,1,15,,93007,1,,,1,55,,93027,1,,,1,15,,93047,1,,,1,15,,92988,1,,,1,15,,93008,1,,,1,55,,93028,1,,,1,15,,93048,1,,,1,15,,92989,1,,,1,15,,93009,1,,,1,55,,93029,1,,,1,15,,93049,1,,,1,15,,92990,1,,,1,15,,93010,1,,,1,55,,93030,1,,,1,15,,93050,1,,,1,15,,92991,1,,,1,15,,93011,1,,,1
1,'20270209',527,,93110,1,,,1,15,,93051,1,,,1,12,,93071,1,,,1,55,,93091,1,,,1,15,,93111,1,,,1,15,,93052,1,,,1,15,,93072,1,,,1,55,,93092,1,,,1,15,,93112,1,,,1,15,,93053,1,,,1,15,,93073,1,,,1,55,,93093,1,,,1,15,,93113,1,,,1,15,,93054,1,,,1,15,,93074,1,,,1,55,,93094,1,,,1,15,,93114,1,,,1,15,,93055,1,,,1,15,,93075,1,,,1,55,,93095,1,,,1,15,,93115,1,,,1,15,,93056,1,,,1,15,,93076,1,,,1,55,,93096,1,,,1,15,,93116,1,,,1,15,,93057,1,,,1,15,,93077,1,,,1,55,,93097,1,,,1,15,,93117,1,,,1,15,,93058,1,,,1,15,,93078,1,,,1,55,,93098,1,,,1,15,,93118,1,,,1,15,,93059,1,,,1,15,,93079,1,,,1,55,,93099,1,,,1,15,,93119,1,,,1,15,,93060,1,,,1,15,,93080,1,,,1,55,,93100,1,,,1,15,,93120,1,,,1,15,,93061,1,,,1,15,,93081,1,,,1,55,,93101,1,,,1,15,,93121,1,,,1,15,,93062,1,,,1,15,,93082,1,,,1,55,,93102,1,,,1,15,,93122,1,,,1,15,,93063,1,,,1,15,,93083,1,,,1,55,,93103,1,,,1,15,,93123,1,,,1,15,,93064,1,,,1,15,,93084,1,,,1,55,,93104,1,,,1,15,,93124,1,,,1,15,,93065,1,,,1,15,,93085,1,,,1,55,,93105,1,,,1,15,,93125,1,,,1,15,,93066,1,,,1,15,,93086,1,,,1,55,,93106,1,,,1,15,,93126,1,,,1,15,,93067,1,,,1,15,,93087,1,,,1,55,,93107,1,,,1,15,,93127,1,,,1,15,,93068,1,,,1,15,,93088,1,,,1,55,,93108,1,,,1,15,,93128,1,,,1,15,,93069,1,,,1,15,,93089,1,,,1,55,,93109,1,,,1,15,,93129,1,,,1,15,,93070,1,,,1,15,,93090,1,,,1
1,'20270210',527,,93189,1,,,1,15,,93130,1,,,1,12,,93150,1,,,1,55,,93170,1,,,1,15,,93190,1,,,1,15,,93131,1,,,1,15,,93151,1,,,1,55,,93171,1,,,1,15,,93191,1,,,1,15,,93132,1,,,1,15,,93152,1,,,1,55,,93172,1,,,1,15,,93192,1,,,1,15,,93133,1,,,1,15,,93153,1,,,1,55,,93173,1,,,1,15,,93193,1,,,1,15,,93134,1,,,1,15,,93154,1,,,1,55,,93174,1,,,1,15,,93194,1,,,1,15,,93135,1,,,1,15,,93155,1,,,1,55,,93175,1,,,1,15,,93195,1,,,1,15,,93136,1,,,1,15,,93156,1,,,1,55,,93176,1,,,1,15,,93196,1,,,1,15,,93137,1,,,1,15,,93157,1,,,1,55,,93177,1,,,1,15,,93197,1,,,1,15,,93138,1,,,1,15,,93158,1,,,1,55,,93178,1,,,1,15,,93198,1,,,1,15,,93139,1,,,1,15,,93159,1,,,1,55,,93179,1,,,1,15,,93199,1,,,1,15,,93140,1,,,1,15,,93160,1,,,1,55,,93180,1,,,1,15,,93200,1,,,1,15,,93141,1,,,1,15,,93161,1,,,1,55,,93181,1,,,1,15,,93201,1,,,1,15,,93142,1,,,1,15,,93162,1,,,1,55,,93182,1,,,1,15,,93202,1,,,1,15,,93143,1,,,1,15,,93163,1,,,1,55,,93183,1,,,1,15,,93203,1,,,1,15,,93144,1,,,1,15,,93164,1,,,1,55,,93184,1,,,1,15,,93204,1,,,1,15,,93145,1,,,1,15,,93165,1,,,1,55,,93185,1,,,1,15,,93205,1,,,1,15,,93146,1,,,1,15,,93166,1,,,1,55,,93186,1,,,1,15,,93206,1,,,1,15,,93147,1,,,1,15,,93167,1,,,1,55,,93187,1,,,1,15,,93207,1,,,1,15,,93148,1,,,1,15,,93168,1,,,1,55,,93188,1,,,1,15,,93208,1,,,1,15,,93149,1,,,1,15,,93169,1,,,1
1,'20270211',527,,93268,1,,,1,15,,93209,1,,,1,12,,93229,1,,,1,55,,93249,1,,,1,15,,93269,1,,,1,15,,93210,1,,,1,15,,93230,1,,,1,55,,93250,1,,,1,15,,93270,1,,,1,15,,93211,1,,,1,15,,93231,1,,,1,55,,93251,1,,,1,15,,93271,1,,,1,15,,93212,1,,,1,15,,93232,1,,,1,55,,93252,1,,,1,15,,93272,1,,,1,15,,93213,1,,,1,15,,93233,1,,,1,55,,93253,1,,,1,15,,93273,1,,,1,15,,93214,1,,,1,15,,93234,1,,,1,55,,93254,1,,,1,15,,93274,1,,,1,15,,93215,1,,,1,15,,93235,1,,,1,55,,93255,1,,,1,15,,93275,1,,,1,15,,93216,1,,,1,15,,93236,1,,,1,55,,93256,1,,,1,15,,93276,1,,,1,15,,93217,1,,,1,15,,93237,1,,,1,55,,93257,1,,,1,15,,93277,1,,,1,15,,93218,1,,,1,15,,93238,1,,,1,55,,93258,1,,,1,15,,93278,1,,,1,15,,93219,1,,,1,15,,93239,1,,,1,55,,93259,1,,,1,15,,93279,1,,,1,15,,93220,1,,,1,15,,93240,1,,,1,55,,93260,1,,,1,15,,93280,1,,,1,15,,93221,1,,,1,15,,93241,1,,,1,55,,93261,1,,,1,15,,93281,1,,,1,15,,93222,1,,,1,15,,93242,1,,,1,55,,93262,1,,,1,15,,93282,1,,,1,15,,93223,1,,,1,15,,93243,1,,,1,55,,93263,1,,,1,15,,93283,1,,,1,15,,93224,1,,,1,15,,93244,1,,,1,55,,93264,1,,,1,15,,93284,1,,,1,15,,93225,1,,,1,15,,93245,1,,,1,55,,93265,1,,,1,15,,93285,1,,,1,15,,93226,1,,,1,15,,93246,1,,,1,55,,93266,1,,,1,15,,93286,1,,,1,15,,93227,1,,,1,15,,93247,1,,,1,55,,93267,1,,,1,15,,93287,1,,,1,15,,93228,1,,,1,15,,93248,1,,,1
1,'20270212',527,,93347,1,,,1,15,,93288,1,,,1,12,,93308,1,,,1,55,,93328,1,,,1,15,,93348,1,,,1,15,,93289,1,,,1,15,,93309,1,,,1,55,,93329,1,,,1,15,,93349,1,,,1,15,,93290,1,,,1,15,,93310,1,,,1,55,,93330,1,,,1,15,,93350,1,,,1,15,,93291,1,,,1,15,,93311,1,,,1,55,,93331,1,,,1,15,,93351,1,,,1,15,,93292,1,,,1,15,,93312,1,,,1,55,,93332,1,,,1,15,,93352,1,,,1,15,,93293,1,,,1,15,,93313,1,,,1,55,,93333,1,,,1,15,,93353,1,,,1,15,,93294,1,,,1,15,,93314,1,,,1,55,,93334,1,,,1,15,,93354,1,,,1,15,,93295,1,,,1,15,,93315,1,,,1,55,,93335,1,,,1,15,,93355,1,,,1,15,,93296,1,,,1,15,,93316,1,,,1,55,,93336,1,,,1,15,,93356,1,,,1,15,,93297,1,,,1,15,,93317,1,,,1,55,,93337,1,,,1,15,,93357,1,,,1,15,,93298,1,,,1,15,,93318,1,,,1,55,,93338,1,,,1,15,,93358,1,,,1,15,,93299,1,,,1,15,,93319,1,,,1,55,,93339,1,,,1,15,,93359,1,,,1,15,,93300,1,,,1,15,,93320,1,,,1,55,,93340,1,,,1,15,,93360,1,,,1,15,,93301,1,,,1,15,,93321,1,,,1,55,,93341,1,,,1,15,,93361,1,,,1,15,,93302,1,,,1,15,,93322,1,,,1,55,,93342,1,,,1,15,,93362,1,,,1,15,,93303,1,,,1,15,,93323,1,,,1,55,,93343,1,,,1,15,,93363,1,,,1,15,,93304,1,,,1,15,,93324,1,,,1,55,,93344,1,,,1,15,,93364,1,,,1,15,,93305,1,,,1,15,,93325,1,,,1,55,,93345,1,,,1,15,,93365,1,,,1,15,,93306,1,,,1,15,,93326,1,,,1,55,,93346,1,,,1,15,,93366,1,,,1,15,,93307,1,,,1,15,,93327,1,,,1
1,'20270213',624,,93423,1,,,1,15,,93367,1,,,1,15,,93386,1,,,1,55,,93405,1,,,1,15,,93424,1,,,1,15,,93368,1,,,1,15,,93387,1,,,1,55,,93406,1,,,1,15,,93425,1,,,1,15,,93369,1,,,1,15,,93388,1,,,1,55,,93407,1,,,1,15,,93426,1,,,1,15,,93370,1,,,1,15,,93389,1,,,1,55,,93408,1,,,1,15,,93427,1,,,1,15,,93371,1,,,1,15,,93390,1,,,1,55,,93409,1,,,1,15,,93428,1,,,1,15,,93372,1,,,1,15,,93391,1,,,1,55,,93410,1,,,1,15,,93429,1,,,1,15,,93373,1,,,1,15,,93392,1,,,1,55,,93411,1,,,1,15,,93430,1,,,1,15,,93374,1,,,1,15,,93393,1,,,1,55,,93412,1,,,1,15,,93431,1,,,1,15,,93375,1,,,1,15,,93394,1,,,1,55,,93413,1,,,1,15,,93432,1,,,1,15,,93376,1,,,1,15,,93395,1,,,1,55,,93414,1,,,1,15,,93433,1,,,1,15,,93377,1,,,1,15,,93396,1,,,1,55,,93415,1,,,1,15,,93434,1,,,1,15,,93378,1,,,1,15,,93397,1,,,1,55,,93416,1,,,1,15,,93435,1,,,1,15,,93379,1,,,1,15,,93398,1,,,1,55,,93417,1,,,1,15,,93436,1,,,1,15,,93380,1,,,1,15,,93399,1,,,1,55,,93418,1,,,1,15,,93437,1,,,1,15,,93381,1,,,1,15,,93400,1,,,1,55,,93419,1,,,1,15,,93438,1,,,1,15,,93382,1,,,1,15,,93401,1,,,1,55,,93420,1,,,1,15,,93439,1,,,1,15,,93383,1,,,1,15,,93402,1,,,1,55,,93421,1,,,1,15,,93440,1,,,1,15,,93384,1,,,1,15,,93403,1,,,1,55,,93422,1,,,1,15,,93441,1,,,1,15,,93385,1,,,1,15,,93404,1,,,1
1,'20270214',624,,93498,1,,,1,15,,93442,1,,,1,15,,93461,1,,,1,55,,93480,1,,,1,15,,93499,1,,,1,15,,93443,1,,,1,15,,93462,1,,,1,55,,93481,1,,,1,15,,93500,1,,,1,15,,93444,1,,,1,15,,93463,1,,,1,55,,93482,1,,,1,15,,93501,1,,,1,15,,93445,1,,,1,15,,93464,1,,,1,55,,93483,1,,,1,15,,93502,1,,,1,15,,93446,1,,,1,15,,93465,1,,,1,55,,93484,1,,,1,15,,93503,1,,,1,15,,93447,1,,,1,15,,93466,1,,,1,55,,93485,1,,,1,15,,93504,1,,,1,15,,93448,1,,,1,15,,93467,1,,,1,55,,93486,1,,,1,15,,93505,1,,,1,15,,93449,1,,,1,15,,93468,1,,,1,55,,93487,1,,,1,15,,93506,1,,,1,15,,93450,1,,,1,15,,93469,1,,,1,55,,93488,1,,,1,15,,93507,1,,,1,15,,93451,1,,,1,15,,93470,1,,,1,55,,93489,1,,,1,15,,93508,1,,,1,15,,93452,1,,,1,15,,93471,1,,,1,55,,93490,1,,,1,15,,93509,1,,,1,15,,93453,1,,,1,15,,93472,1,,,1,55,,93491,1,,,1,15,,93510,1,,,1,15,,93454,1,,,1,15,,93473,1,,,1,55,,93492,1,,,1,15,,93511,1,,,1,15,,93455,1,,,1,15,,93474,1,,,1,55,,93493,1,,,1,15,,93512,1,,,1,15,,93456,1,,,1,15,,93475,1,,,1,55,,93494,1,,,1,15,,93513,1,,,1,15,,93457,1,,,1,15,,93476,1,,,1,55,,93495,1,,,1,15,,93514,1,,,1,15,,93458,1,,,1,15,,93477,1,,,1,55,,93496,1,,,1,15,,93515,1,,,1,15,,93459,1,,,1,15,,93478,1,,,1,55,,93497,1,,,1,15,,93516,1,,,1,15,,93460,1,,,1,15,,93479,1,,,1
1,'20270215',527,,93576,1,,,1,15,,93517,1,,,1,12,,93537,1,,,1,55,,93557,1,,,1,15,,93577,1,,,1,15,,93518,1,,,1,15,,93538,1,,,1,55,,93558,1,,,1,15,,93578,1,,,1,15,,93519,1,,,1,15,,93539,1,,,1,55,,93559,1,,,1,15,,93579,1,,,1,15,,93520,1,,,1,15,,93540,1,,,1,55,,93560,1,,,1,15,,93580,1,,,1,15,,93521,1,,,1,15,,93541,1,,,1,55,,93561,1,,,1,15,,93581,1,,,1,15,,93522,1,,,1,15,,93542,1,,,1,55,,93562,1,,,1,15,,93582,1,,,1,15,,93523,1,,,1,15,,93543,1,,,1,55,,93563,1,,,1,15,,93583,1,,,1,15,,93524,1,,,1,15,,93544,1,,,1,55,,93564,1,,,1,15,,93584,1,,,1,15,,93525,1,,,1,15,,93545,1,,,1,55,,93565,1,,,1,15,,93585,1,,,1,15,,93526,1,,,1,15,,93546,1,,,1,55,,93566,1,,,1,15,,93586,1,,,1,15,,93527,1,,,1,15,,93547,1,,,1,55,,93567,1,,,1,15,,93587,1,,,1,15,,93528,1,,,1,15,,93548,1,,,1,55,,93568,1,,,1,15,,93588,1,,,1,15,,93529,1,,,1,15,,93549,1,,,1,55,,93569,1,,,1,15,,93589,1,,,1,15,,93530,1,,,1,15,,93550,1,,,1,55,,93570,1,,,1,15,,93590,1,,,1,15,,93531,1,,,1,15,,93551,1,,,1,55,,93571,1,,,1,15,,93591,1,,,1,15,,93532,1,,,1,15,,93552,1,,,1,55,,93572,1,,,1,15,,93592,1,,,1,15,,93533,1,,,1,15,,93553,1,,,1,55,,93573,1,,,1,15,,93593,1,,,1,15,,93534,1,,,1,15,,93554,1,,,1,55,,93574,1,,,1,15,,93594,1,,,1,15,,93535,1,,,1,15,,93555,1,,,1,55,,93575,1,,,1,15,,93595,1,,,1,15,,93536,1,,,1,15,,93556,1,,,1
1,'20270216',527,,93655,1,,,1,15,,93596,1,,,1,12,,93616,1,,,1,55,,93636,1,,,1,15,,93656,1,,,1,15,,93597,1,,,1,15,,93617,1,,,1,55,,93637,1,,,1,15,,93657,1,,,1,15,,93598,1,,,1,15,,93618,1,,,1,55,,93638,1,,,1,15,,93658,1,,,1,15,,93599,1,,,1,15,,93619,1,,,1,55,,93639,1,,,1,15,,93659,1,,,1,15,,93600,1,,,1,15,,93620,1,,,1,55,,93640,1,,,1,15,,93660,1,,,1,15,,93601,1,,,1,15,,93621,1,,,1,55,,93641,1,,,1,15,,93661,1,,,1,15,,93602,1,,,1,15,,93622,1,,,1,55,,93642,1,,,1,15,,93662,1,,,1,15,,93603,1,,,1,15,,93623,1,,,1,55,,93643,1,,,1,15,,93663,1,,,1,15,,93604,1,,,1,15,,93624,1,,,1,55,,93644,1,,,1,15,,93664,1,,,1,15,,93605,1,,,1,15,,93625,1,,,1,55,,93645,1,,,1,15,,93665,1,,,1,15,,93606,1,,,1,15,,93626,1,,,1,55,,93646,1,,,1,15,,93666,1,,,1,15,,93607,1,,,1,15,,93627,1,,,1,55,,93647,1,,,1,15,,93667,1,,,1,15,,93608,1,,,1,15,,93628,1,,,1,55,,93648,1,,,1,15,,93668,1,,,1,15,,93609,1,,,1,15,,93629,1,,,1,55,,93649,1,,,1,15,,93669,1,,,1,15,,93610,1,,,1,15,,93630,1,,,1,55,,93650,1,,,1,15,,93670,1,,,1,15,,93611,1,,,1,15,,93631,1,,,1,55,,93651,1,,,1,15,,93671,1,,,1,15,,93612,1,,,1,15,,93632,1,,,1,55,,93652,1,,,1,15,,93672,1,,,1,15,,93613,1,,,1,15,,93633,1,,,1,55,,93653,1,,,1,15,,93673,1,,,1,15,,93614,1,,,1,15,,93634,1,,,1,55,,93654,1,,,1,15,,93674,1,,,1,15,,93615,1,,,1,15,,93635,1,,,1
1,'20270217',527,,93734,1,,,1,15,,93675,1,,,1,12,,93695,1,,,1,55,,93715,1,,,1,15,,93735,1,,,1,15,,93676,1,,,1,15,,93696,1,,,1,55,,93716,1,,,1,15,,93736,1,,,1,15,,93677,1,,,1,15,,93697,1,,,1,55,,93717,1,,,1,15,,93737,1,,,1,15,,93678,1,,,1,15,,93698,1,,,1,55,,93718,1,,,1,15,,93738,1,,,1,15,,93679,1,,,1,15,,93699,1,,,1,55,,93719,1,,,1,15,,93739,1,,,1,15,,93680,1,,,1,15,,93700,1,,,1,55,,93720,1,,,1,15,,93740,1,,,1,15,,93681,1,,,1,15,,93701,1,,,1,55,,93721,1,,,1,15,,93741,1,,,1,15,,93682,1,,,1,15,,93702,1,,,1,55,,93722,1,,,1,15,,93742,1,,,1,15,,93683,1,,,1,15,,93703,1,,,1,55,,93723,1,,,1,15,,93743,1,,,1,15,,93684,1,,,1,15,,93704,1,,,1,55,,93724,1,,,1,15,,93744,1,,,1,15,,93685,1,,,1,15,,93705,1,,,1,55,,93725,1,,,1,15,,93745,1,,,1,15,,93686,1,,,1,15,,93706,1,,,1,55,,93726,1,,,1,15,,93746,1,,,1,15,,93687,1,,,1,15,,93707,1,,,1,55,,93727,1,,,1,15,,93747,1,,,1,15,,93688,1,,,1,15,,93708,1,,,1,55,,93728,1,,,1,15,,93748,1,,,1,15,,93689,1,,,1,15,,93709,1,,,1,55,,93729,1,,,1,15,,93749,1,,,1,15,,93690,1,,,1,15,,93710,1,,,1,55,,93730,1,,,1,15,,93750,1,,,1,15,,93691,1,,,1,15,,93711,1,,,1,55,,93731,1,,,1,15,,93751,1,,,1,15,,93692,1,,,1,15,,93712,1,,,1,55,,93732,1,,,1,15,,93752,1,,,1,15,,93693,1,,,1,15,,93713,1,,,1,55,,93733,1,,,1,15,,93753,1,,,1,15,,93694,1,,,1,15,,93714,1,,,1
1,'20270218',527,,93813,1,,,1,15,,93754,1,,,1,12,,93774,1,,,1,55,,93794,1,,,1,15,,93814,1,,,1,15,,93755,1,,,1,15,,93775,1,,,1,55,,93795,1,,,1,15,,93815,1,,,1,15,,93756,1,,,1,15,,93776,1,,,1,55,,93796,1,,,1,15,,93816,1,,,1,15,,93757,1,,,1,15,,93777,1,,,1,55,,93797,1,,,1,15,,93817,1,,,1,15,,93758,1,,,1,15,,93778,1,,,1,55,,93798,1,,,1,15,,93818,1,,,1,15,,93759,1,,,1,15,,93779,1,,,1,55,,93799,1,,,1,15,,93819,1,,,1,15,,93760,1,,,1,15,,93780,1,,,1,55,,93800,1,,,1,15,,93820,1,,,1,15,,93761,1,,,1,15,,93781,1,,,1,55,,93801,1,,,1,15,,93821,1,,,1,15,,93762,1,,,1,15,,93782,1,,,1,55,,93802,1,,,1,15,,93822,1,,,1,15,,93763,1,,,1,15,,93783,1,,,1,55,,93803,1,,,1,15,,93823,1,,,1,15,,93764,1,,,1,15,,93784,1,,,1,55,,93804,1,,,1,15,,93824,1,,,1,15,,93765,1,,,1,15,,93785,1,,,1,55,,93805,1,,,1,15,,93825,1,,,1,15,,93766,1,,,1,15,,93786,1,,,1,55,,93806,1,,,1,15,,93826,1,,,1,15,,93767,1,,,1,15,,93787,1,,,1,55,,93807,1,,,1,15,,93827,1,,,1,15,,93768,1,,,1,15,,93788,1,,,1,55,,93808,1,,,1,15,,93828,1,,,1,15,,93769,1,,,1,15,,93789,1,,,1,55,,93809,1,,,1,15,,93829,1,,,1,15,,93770,1,,,1,15,,93790,1,,,1,55,,93810,1,,,1,15,,93830,1,,,1,15,,93771,1,,,1,15,,93791,1,,,1,55,,93811,1,,,1,15,,93831,1,,,1,15,,93772,1,,,1,15,,93792,1,,,1,55,,93812,1,,,1,15,,93832,1,,,1,15,,93773,1,,,1,15,,93793,1,,,1
1,'20270219',527,,93892,1,,,1,15,,93833,1,,,1,12,,93853,1,,,1,55,,93873,1,,,1,15,,93893,1,,,1,15,,93834,1,,,1,15,,93854,1,,,1,55,,93874,1,,,1,15,,93894,1,,,1,15,,93835,1,,,1,15,,93855,1,,,1,55,,93875,1,,,1,15,,93895,1,,,1,15,,93836,1,,,1,15,,93856,1,,,1,55,,93876,1,,,1,15,,93896,1,,,1,15,,93837,1,,,1,15,,93857,1,,,1,55,,93877,1,,,1,15,,93897,1,,,1,15,,93838,1,,,1,15,,93858,1,,,1,55,,93878,1,,,1,15,,93898,1,,,1,15,,93839,1,,,1,15,,93859,1,,,1,55,,93879,1,,,1,15,,93899,1,,,1,15,,93840,1,,,1,15,,93860,1,,,1,55,,93880,1,,,1,15,,93900,1,,,1,15,,93841,1,,,1,15,,93861,1,,,1,55,,93881,1,,,1,15,,93901,1,,,1,15,,93842,1,,,1,15,,93862,1,,,1,55,,93882,1,,,1,15,,93902,1,,,1,15,,93843,1,,,1,15,,93863,1,,,1,55,,93883,1,,,1,15,,93903,1,,,1,15,,93844,1,,,1,15,,93864,1,,,1,55,,93884,1,,,1,15,,93904,1,,,1,15,,93845,1,,,1,15,,93865,1,,,1,55,,93885,1,,,1,15,,93905,1,,,1,15,,93846,1,,,1,15,,93866,1,,,1,55,,93886,1,,,1,15,,93906,1,,,1,15,,93847,1,,,1,15,,93867,1,,,1,55,,93887,1,,,1,15,,93907,1,,,1,15,,93848,1,,,1,15,,93868,1,,,1,55,,93888,1,,,1,15,,93908,1,,,1,15,,93849,1,,,1,15,,93869,1,,,1,55,,93889,1,,,1,15,,93909,1,,,1,15,,93850,1,,,1,15,,93870,1,,,1,55,,93890,1,,,1,15,,93910,1,,,1,15,,93851,1,,,1,15,,93871,1,,,1,55,,93891,1,,,1,15,,93911,1,,,1,15,,93852,1,,,1,15,,93872,1,,,1
1,'20270220',624,,93968,1,,,1,15,,93912,1,,,1,15,,93931,1,,,1,55,,93950,1,,,1,15,,93969,1,,,1,15,,93913,1,,,1,15,,93932,1,,,1,55,,93951,1,,,1,15,,93970,1,,,1,15,,93914,1,,,1,15,,93933,1,,,1,55,,93952,1,,,1,15,,93971,1,,,1,15,,93915,1,,,1,15,,93934,1,,,1,55,,93953,1,,,1,15,,93972,1,,,1,15,,93916,1,,,1,15,,93935,1,,,1,55,,93954,1,,,1,15,,93973,1,,,1,15,,93917,1,,,1,15,,93936,1,,,1,55,,93955,1,,,1,15,,93974,1,,,1,15,,93918,1,,,1,15,,93937,1,,,1,55,,93956,1,,,1,15,,93975,1,,,1,15,,93919,1,,,1,15,,93938,1,,,1,55,,93957,1,,,1,15,,93976,1,,,1,15,,93920,1,,,1,15,,93939,1,,,1,55,,93958,1,,,1,15,,93977,1,,,1,15,,93921,1,,,1,15,,93940,1,,,1,55,,93959,1,,,1,15,,93978,1,,,1,15,,93922,1,,,1,15,,93941,1,,,1,55,,93960,1,,,1,15,,93979,1,,,1,15,,93923,1,,,1,15,,93942,1,,,1,55,,93961,1,,,1,15,,93980,1,,,1,15,,93924,1,,,1,15,,93943,1,,,1,55,,93962,1,,,1,15,,93981,1,,,1,15,,93925,1,,,1,15,,93944,1,,,1,55,,93963,1,,,1,15,,93982,1,,,1,15,,93926,1,,,1,15,,93945,1,,,1,55,,93964,1,,,1,15,,93983,1,,,1,15,,93927,1,,,1,15,,93946,1,,,1,55,,93965,1,,,1,15,,93984,1,,,1,15,,93928,1,,,1,15,,93947,1,,,1,55,,93966,1,,,1,15,,93985,1,,,1,15,,93929,1,,,1,15,,93948,1,,,1,55,,93967,1,,,1,15,,93986,1,,,1,15,,93930,1,,,1,15,,93949,1,,,1
1,'20270221',624,,94043,1,,,1,15,,93987,1,,,1,15,,94006,1,,,1,55,,94025,1,,,1,15,,94044,1,,,1,15,,93988,1,,,1,15,,94007,1,,,1,55,,94026,1,,,1,15,,94045,1,,,1,15,,93989,1,,,1,15,,94008,1,,,1,55,,94027,1,,,1,15,,94046,1,,,1,15,,93990,1,,,1,15,,94009,1,,,1,55,,94028,1,,,1,15,,94047,1,,,1,15,,93991,1,,,1,15,,94010,1,,,1,55,,94029,1,,,1,15,,94048,1,,,1,15,,93992,1,,,1,15,,94011,1,,,1,55,,94030,1,,,1,15,,94049,1,,,1,15,,93993,1,,,1,15,,94012,1,,,1,55,,94031,1,,,1,15,,94050,1,,,1,15,,93994,1,,,1,15,,94013,1,,,1,55,,94032,1,,,1,15,,94051,1,,,1,15,,93995,1,,,1,15,,94014,1,,,1,55,,94033,1,,,1,15,,94052,1,,,1,15,,93996,1,,,1,15,,94015,1,,,1,55,,94034,1,,,1,15,,94053,1,,,1,15,,93997,1,,,1,15,,94016,1,,,1,55,,94035,1,,,1,15,,94054,1,,,1,15,,93998,1,,,1,15,,94017,1,,,1,55,,94036,1,,,1,15,,94055,1,,,1,15,,93999,1,,,1,15,,94018,1,,,1,55,,94037,1,,,1,15,,94056,1,,,1,15,,94000,1,,,1,15,,94019,1,,,1,55,,94038,1,,,1,15,,94057,1,,,1,15,,94001,1,,,1,15,,94020,1,,,1,55,,94039,1,,,1,15,,94058,1,,,1,15,,94002,1,,,1,15,,94021,1,,,1,55,,94040,1,,,1,15,,94059,1,,,1,15,,94003,1,,,1,15,,94022,1,,,1,55,,94041,1,,,1,15,,94060,1,,,1,15,,94004,1,,,1,15,,94023,1,,,1,55,,94042,1,,,1,15,,94061,1,,,1,15,,94005,1,,,1,15,,94024,1,,,1
1,'20270222',527,,94121,1,,,1,15,,94062,1,,,1,12,,94082,1,,,1,55,,94102,1,,,1,15,,94122,1,,,1,15,,94063,1,,,1,15,,94083,1,,,1,55,,94103,1,,,1,15,,94123,1,,,1,15,,94064,1,,,1,15,,94084,1,,,1,55,,94104,1,,,1,15,,94124,1,,,1,15,,94065,1,,,1,15,,94085,1,,,1,55,,94105,1,,,1,15,,94125,1,,,1,15,,94066,1,,,1,15,,94086,1,,,1,55,,94106,1,,,1,15,,94126,1,,,1,15,,94067,1,,,1,15,,94087,1,,,1,55,,94107,1,,,1,15,,94127,1,,,1,15,,94068,1,,,1,15,,94088,1,,,1,55,,94108,1,,,1,15,,94128,1,,,1,15,,94069,1,,,1,15,,94089,1,,,1,55,,94109,1,,,1,15,,94129,1,,,1,15,,94070,1,,,1,15,,94090,1,,,1,55,,94110,1,,,1,15,,94130,1,,,1,15,,94071,1,,,1,15,,94091,1,,,1,55,,94111,1,,,1,15,,94131,1,,,1,15,,94072,1,,,1,15,,94092,1,,,1,55,,94112,1,,,1,15,,94132,1,,,1,15,,94073,1,,,1,15,,94093,1,,,1,55,,94113,1,,,1,15,,94133,1,,,1,15,,94074,1,,,1,15,,94094,1,,,1,55,,94114,1,,,1,15,,94134,1,,,1,15,,94075,1,,,1,15,,94095,1,,,1,55,,94115,1,,,1,15,,94135,1,,,1,15,,94076,1,,,1,15,,94096,1,,,1,55,,94116,1,,,1,15,,94136,1,,,1,15,,94077,1,,,1,15,,94097,1,,,1,55,,94117,1,,,1,15,,94137,1,,,1,15,,94078,1,,,1,15,,94098,1,,,1,55,,94118,1,,,1,15,,94138,1,,,1,15,,94079,1,,,1,15,,94099,1,,,1,55,,94119,1,,,1,15,,94139,1,,,1,15,,94080,1,,,1,15,,94100,1,,,1,55,,94120,1,,,1,15,,94140,1,,,1,15,,94081,1,,,1,15,,94101,1,,,1
1,'20270223',527,,94200,1,,,1,15,,94141,1,,,1,12,,94161,1,,,1,55,,94181,1,,,1,15,,94201,1,,,1,15,,94142,1,,,1,15,,94162,1,,,1,55,,94182,1,,,1,15,,94202,1,,,1,15,,94143,1,,,1,15,,94163,1,,,1,55,,94183,1,,,1,15,,94203,1,,,1,15,,94144,1,,,1,15,,94164,1,,,1,55,,94184,1,,,1,15,,94204,1,,,1,15,,94145,1,,,1,15,,94165,1,,,1,55,,94185,1,,,1,15,,94205,1,,,1,15,,94146,1,,,1,15,,94166,1,,,1,55,,94186,1,,,1,15,,94206,1,,,1,15,,94147,1,,,1,15,,94167,1,,,1,55,,94187,1,,,1,15,,94207,1,,,1,15,,94148,1,,,1,15,,94168,1,,,1,55,,94188,1,,,1,15,,94208,1,,,1,15,,94149,1,,,1,15,,94169,1,,,1,55,,94189,1,,,1,15,,94209,1,,,1,15,,94150,1,,,1,15,,94170,1,,,1,55,,94190,1,,,1,15,,94210,1,,,1,15,,94151,1,,,1,15,,94171,1,,,1,55,,94191,1,,,1,15,,94211,1,,,1,15,,94152,1,,,1,15,,94172,1,,,1,55,,94192,1,,,1,15,,94212,1,,,1,15,,94153,1,,,1,15,,94173,1,,,1,55,,94193,1,,,1,15,,94213,1,,,1,15,,94154,1,,,1,15,,94174,1,,,1,55,,94194,1,,,1,15,,94214,1,,,1,15,,94155,1,,,1,15,,94175,1,,,1,55,,94195,1,,,1,15,,94215,1,,,1,15,,94156,1,,,1,15,,94176,1,,,1,55,,94196,1,,,1,15,,94216,1,,,1,15,,94157,1,,,1,15,,94177,1,,,1,55,,94197,1,,,1,15,,94217,1,,,1,15,,94158,1,,,1,15,,94178,1,,,1,55,,94198,1,,,1,15,,94218,1,,,1,15,,94159,1,,,1,15,,94179,1,,,1,55,,94199,1,,,1,15,,94219,1,,,1,15,,94160,1,,,1,15,,94180,1,,,1
1,'20270224',527,,94279,1,,,1,15,,94220,1,,,1,12,,94240,1,,,1,55,,94260,1,,,1,15,,94280,1,,,1,15,,94221,1,,,1,15,,94241,1,,,1,55,,94261,1,,,1,15,,94281,1,,,1,15,,94222,1,,,1,15,,94242,1,,,1,55,,94262,1,,,1,15,,94282,1,,,1,15,,94223,1,,,1,15,,94243,1,,,1,55,,94263,1,,,1,15,,94283,1,,,1,15,,94224,1,,,1,15,,94244,1,,,1,55,,94264,1,,,1,15,,94284,1,,,1,15,,94225,1,,,1,15,,94245,1,,,1,55,,94265,1,,,1,15,,94285,1,,,1,15,,94226,1,,,1,15,,94246,1,,,1,55,,94266,1,,,1,15,,94286,1,,,1,15,,94227,1,,,1,15,,94247,1,,,1,55,,94267,1,,,1,15,,94287,1,,,1,15,,94228,1,,,1,15,,94248,1,,,1,55,,94268,1,,,1,15,,94288,1,,,1,15,,94229,1,,,1,15,,94249,1,,,1,55,,94269,1,,,1,15,,94289,1,,,1,15,,94230,1,,,1,15,,94250,1,,,1,55,,94270,1,,,1,15,,94290,1,,,1,15,,94231,1,,,1,15,,94251,1,,,1,55,,94271,1,,,1,15,,94291,1,,,1,15,,94232,1,,,1,15,,94252,1,,,1,55,,94272,1,,,1,15,,94292,1,,,1,15,,94233,1,,,1,15,,94253,1,,,1,55,,94273,1,,,1,15,,94293,1,,,1,15,,94234,1,,,1,15,,94254,1,,,1,55,,94274,1,,,1,15,,94294,1,,,1,15,,94235,1,,,1,15,,94255,1,,,1,55,,94275,1,,,1,15,,94295,1,,,1,15,,94236,1,,,1,15,,94256,1,,,1,55,,94276,1,,,1,15,,94296,1,,,1,15,,94237,1,,,1,15,,94257,1,,,1,55,,94277,1,,,1,15,,94297,1,,,1,15,,94238,1,,,1,15,,94258,1,,,1,55,,94278,1,,,1,15,,94298,1,,,1,15,,94239,1,,,1,15,,94259,1,,,1
1,'20270225',527,,94358,1,,,1,15,,94299,1,,,1,12,,94319,1,,,1,55,,94339,1,,,1,15,,94359,1,,,1,15,,94300,1,,,1,15,,94320,1,,,1,55,,94340,1,,,1,15,,94360,1,,,1,15,,94301,1,,,1,15,,94321,1,,,1,55,,94341,1,,,1,15,,94361,1,,,1,15,,94302,1,,,1,15,,94322,1,,,1,55,,94342,1,,,1,15,,94362,1,,,1,15,,94303,1,,,1,15,,94323,1,,,1,55,,94343,1,,,1,15,,94363,1,,,1,15,,94304,1,,,1,15,,94324,1,,,1,55,,94344,1,,,1,15,,94364,1,,,1,15,,94305,1,,,1,15,,94325,1,,,1,55,,94345,1,,,1,15,,94365,1,,,1,15,,94306,1,,,1,15,,94326,1,,,1,55,,94346,1,,,1,15,,94366,1,,,1,15,,94307,1,,,1,15,,94327,1,,,1,55,,94347,1,,,1,15,,94367,1,,,1,15,,94308,1,,,1,15,,94328,1,,,1,55,,94348,1,,,1,15,,94368,1,,,1,15,,94309,1,,,1,15,,94329,1,,,1,55,,94349,1,,,1,15,,94369,1,,,1,15,,94310,1,,,1,15,,94330,1,,,1,55,,94350,1,,,1,15,,94370,1,,,1,15,,94311,1,,,1,15,,94331,1,,,1,55,,94351,1,,,1,15,,94371,1,,,1,15,,94312,1,,,1,15,,94332,1,,,1,55,,94352,1,,,1,15,,94372,1,,,1,15,,94313,1,,,1,15,,94333,1,,,1,55,,94353,1,,,1,15,,94373,1,,,1,15,,94314,1,,,1,15,,94334,1,,,1,55,,94354,1,,,1,15,,94374,1,,,1,15,,94315,1,,,1,15,,94335,1,,,1,55,,94355,1,,,1,15,,94375,1,,,1,15,,94316,1,,,1,15,,94336,1,,,1,55,,94356,1,,,1,15,,94376,1,,,1,15,,94317,1,,,1,15,,94337,1,,,1,55,,94357,1,,,1,15,,94377,1,,,1,15,,94318,1,,,1,15,,94338,1,,,1
1,'20270226',527,,94437,1,,,1,15,,94378,1,,,1,12,,94398,1,,,1,55,,94418,1,,,1,15,,94438,1,,,1,15,,94379,1,,,1,15,,94399,1,,,1,55,,94419,1,,,1,15,,94439,1,,,1,15,,94380,1,,,1,15,,94400,1,,,1,55,,94420,1,,,1,15,,94440,1,,,1,15,,94381,1,,,1,15,,94401,1,,,1,55,,94421,1,,,1,15,,94441,1,,,1,15,,94382,1,,,1,15,,94402,1,,,1,55,,94422,1,,,1,15,,94442,1,,,1,15,,94383,1,,,1,15,,94403,1,,,1,55,,94423,1,,,1,15,,94443,1,,,1,15,,94384,1,,,1,15,,94404,1,,,1,55,,94424,1,,,1,15,,94444,1,,,1,15,,94385,1,,,1,15,,94405,1,,,1,55,,94425,1,,,1,15,,94445,1,,,1,15,,94386,1,,,1,15,,94406,1,,,1,55,,94426,1,,,1,15,,94446,1,,,1,15,,94387,1,,,1,15,,94407,1,,,1,55,,94427,1,,,1,15,,94447,1,,,1,15,,94388,1,,,1,15,,94408,1,,,1,55,,94428,1,,,1,15,,94448,1,,,1,15,,94389,1,,,1,15,,94409,1,,,1,55,,94429,1,,,1,15,,94449,1,,,1,15,,94390,1,,,1,15,,94410,1,,,1,55,,94430,1,,,1,15,,94450,1,,,1,15,,94391,1,,,1,15,,94411,1,,,1,55,,94431,1,,,1,15,,94451,1,,,1,15,,94392,1,,,1,15,,94412,1,,,1,55,,94432,1,,,1,15,,94452,1,,,1,15,,94393,1,,,1,15,,94413,1,,,1,55,,94433,1,,,1,15,,94453,1,,,1,15,,94394,1,,,1,15,,94414,1,,,1,55,,94434,1,,,1,15,,94454,1,,,1,15,,94395,1,,,1,15,,94415,1,,,1,55,,94435,1,,,1,15,,94455,1,,,1,15,,94396,1,,,1,15,,94416,1,,,1,55,,94436,1,,,1,15,,94456,1,,,1,15,,94397,1,,,1,15,,94417,1,,,1
1,'20270227',624,,94513,1,,,1,15,,94457,1,,,1,15,,94476,1,,,1,55,,94495,1,,,1,15,,94514,1,,,1,15,,94458,1,,,1,15,,94477,1,,,1,55,,94496,1,,,1,15,,94515,1,,,1,15,,94459,1,,,1,15,,94478,1,,,1,55,,94497,1,,,1,15,,94516,1,,,1,15,,94460,1,,,1,15,,94479,1,,,1,55,,94498,1,,,1,15,,94517,1,,,1,15,,94461,1,,,1,15,,94480,1,,,1,55,,94499,1,,,1,15,,94518,1,,,1,15,,94462,1,,,1,15,,94481,1,,,1,55,,94500,1,,,1,15,,94519,1,,,1,15,,94463,1,,,1,15,,94482,1,,,1,55,,94501,1,,,1,15,,94520,1,,,1,15,,94464,1,,,1,15,,94483,1,,,1,55,,94502,1,,,1,15,,94521,1,,,1,15,,94465,1,,,1,15,,94484,1,,,1,55,,94503,1,,,1,15,,94522,1,,,1,15,,94466,1,,,1,15,,94485,1,,,1,55,,94504,1,,,1,15,,94523,1,,,1,15,,94467,1,,,1,15,,94486,1,,,1,55,,94505,1,,,1,15,,94524,1,,,1,15,,94468,1,,,1,15,,94487,1,,,1,55,,94506,1,,,1,15,,94525,1,,,1,15,,94469,1,,,1,15,,94488,1,,,1,55,,94507,1,,,1,15,,94526,1,,,1,15,,94470,1,,,1,15,,94489,1,,,1,55,,94508,1,,,1,15,,94527,1,,,1,15,,94471,1,,,1,15,,94490,1,,,1,55,,94509,1,,,1,15,,94528,1,,,1,15,,94472,1,,,1,15,,94491,1,,,1,55,,94510,1,,,1,15,,94529,1,,,1,15,,94473,1,,,1,15,,94492,1,,,1,55,,94511,1,,,1,15,,94530,1,,,1,15,,94474,1,,,1,15,,94493,1,,,1,55,,94512,1,,,1,15,,94531,1,,,1,15,,94475,1,,,1,15,,94494,1,,,1
1,'20270228',624,,94827,1,,,1,15,,94771,1,,,1,15,,94790,1,,,1,55,,94809,1,,,1,15,,94828,1,,,1,15,,94772,1,,,1,15,,94791,1,,,1,55,,94810,1,,,1,15,,94829,1,,,1,15,,94773,1,,,1,15,,94792,1,,,1,55,,94811,1,,,1,15,,94830,1,,,1,15,,94774,1,,,1,15,,94793,1,,,1,55,,94812,1,,,1,15,,94831,1,,,1,15,,94775,1,,,1,15,,94794,1,,,1,55,,94813,1,,,1,15,,94832,1,,,1,15,,94776,1,,,1,15,,94795,1,,,1,55,,94814,1,,,1,15,,94833,1,,,1,15,,94777,1,,,1,15,,94796,1,,,1,55,,94815,1,,,1,15,,94834,1,,,1,15,,94778,1,,,1,15,,94797,1,,,1,55,,94816,1,,,1,15,,94835,1,,,1,15,,94779,1,,,1,15,,94798,1,,,1,55,,94817,1,,,1,15,,94836,1,,,1,15,,94780,1,,,1,15,,94799,1,,,1,55,,94818,1,,,1,15,,94837,1,,,1,15,,94781,1,,,1,15,,94800,1,,,1,55,,94819,1,,,1,15,,94838,1,,,1,15,,94782,1,,,1,15,,94801,1,,,1,55,,94820,1,,,1,15,,94839,1,,,1,15,,94783,1,,,1,15,,94802,1,,,1,55,,94821,1,,,1,15,,94840,1,,,1,15,,94784,1,,,1,15,,94803,1,,,1,55,,94822,1,,,1,15,,94841,1,,,1,15,,94785,1,,,1,15,,94804,1,,,1,55,,94823,1,,,1,15,,94842,1,,,1,15,,94786,1,,,1,15,,94805,1,,,1,55,,94824,1,,,1,15,,94843,1,,,1,15,,94787,1,,,1,15,,94806,1,,,1,55,,94825,1,,,1,15,,94844,1,,,1,15,,94788,1,,,1,15,,94807,1,,,1,55,,94826,1,,,1,15,,94845,1,,,1,15,,94789,1,,,1,15,,94808,1,,,1
1,'20270301',527,,94905,1,,,1,15,,94846,1,,,1,12,,94866,1,,,1,55,,94886,1,,,1,15,,94906,1,,,1,15,,94847,1,,,1,15,,94867,1,,,1,55,,94887,1,,,1,15,,94907,1,,,1,15,,94848,1,,,1,15,,94868,1,,,1,55,,94888,1,,,1,15,,94908,1,,,1,15,,94849,1,,,1,15,,94869,1,,,1,55,,94889,1,,,1,15,,94909,1,,,1,15,,94850,1,,,1,15,,94870,1,,,1,55,,94890,1,,,1,15,,94910,1,,,1,15,,94851,1,,,1,15,,94871,1,,,1,55,,94891,1,,,1,15,,94911,1,,,1,15,,94852,1,,,1,15,,94872,1,,,1,55,,94892,1,,,1,15,,94912,1,,,1,15,,94853,1,,,1,15,,94873,1,,,1,55,,94893,1,,,1,15,,94913,1,,,1,15,,94854,1,,,1,15,,94874,1,,,1,55,,94894,1,,,1,15,,94914,1,,,1,15,,94855,1,,,1,15,,94875,1,,,1,55,,94895,1,,,1,15,,94915,1,,,1,15,,94856,1,,,1,15,,94876,1,,,1,55,,94896,1,,,1,15,,94916,1,,,1,15,,94857,1,,,1,15,,94877,1,,,1,55,,94897,1,,,1,15,,94917,1,,,1,15,,94858,1,,,1,15,,94878,1,,,1,55,,94898,1,,,1,15,,94918,1,,,1,15,,94859,1,,,1,15,,94879,1,,,1,55,,94899,1,,,1,15,,94919,1,,,1,15,,94860,1,,,1,15,,94880,1,,,1,55,,94900,1,,,1,15,,94920,1,,,1,15,,94861,1,,,1,15,,94881,1,,,1,55,,94901,1,,,1,15,,94921,1,,,1,15,,94862,1,,,1,15,,94882,1,,,1,55,,94902,1,,,1,15,,94922,1,,,1,15,,94863,1,,,1,15,,94883,1,,,1,55,,94903,1,,,1,15,,94923,1,,,1,15,,94864,1,,,1,15,,94884,1,,,1,55,,94904,1,,,1,15,,94924,1,,,1,15,,94865,1,,,1,15,,94885,1,,,1
1,'20270302',527,,94984,1,,,1,15,,94925,1,,,1,12,,94945,1,,,1,55,,94965,1,,,1,15,,94985,1,,,1,15,,94926,1,,,1,15,,94946,1,,,1,55,,94966,1,,,1,15,,94986,1,,,1,15,,94927,1,,,1,15,,94947,1,,,1,55,,94967,1,,,1,15,,94987,1,,,1,15,,94928,1,,,1,15,,94948,1,,,1,55,,94968,1,,,1,15,,94988,1,,,1,15,,94929,1,,,1,15,,94949,1,,,1,55,,94969,1,,,1,15,,94989,1,,,1,15,,94930,1,,,1,15,,94950,1,,,1,55,,94970,1,,,1,15,,94990,1,,,1,15,,94931,1,,,1,15,,94951,1,,,1,55,,94971,1,,,1,15,,94991,1,,,1,15,,94932,1,,,1,15,,94952,1,,,1,55,,94972,1,,,1,15,,94992,1,,,1,15,,94933,1,,,1,15,,94953,1,,,1,55,,94973,1,,,1,15,,94993,1,,,1,15,,94934,1,,,1,15,,94954,1,,,1,55,,94974,1,,,1,15,,94994,1,,,1,15,,94935,1,,,1,15,,94955,1,,,1,55,,94975,1,,,1,15,,94995,1,,,1,15,,94936,1,,,1,15,,94956,1,,,1,55,,94976,1,,,1,15,,94996,1,,,1,15,,94937,1,,,1,15,,94957,1,,,1,55,,94977,1,,,1,15,,94997,1,,,1,15,,94938,1,,,1,15,,94958,1,,,1,55,,94978,1,,,1,15,,94998,1,,,1,15,,94939,1,,,1,15,,94959,1,,,1,55,,94979,1,,,1,15,,94999,1,,,1,15,,94940,1,,,1,15,,94960,1,,,1,55,,94980,1,,,1,15,,95000,1,,,1,15,,94941,1,,,1,15,,94961,1,,,1,55,,94981,1,,,1,15,,95001,1,,,1,15,,94942,1,,,1,15,,94962,1,,,1,55,,94982,1,,,1,15,,95002,1,,,1,15,,94943,1,,,1,15,,94963,1,,,1,55,,94983,1,,,1,15,,95003,1,,,1,15,,94944,1,,,1,15,,94964,1,,,1
