0,'20260727',511,,28458,4,,,1,15,,28398,4,,,1,20,,28438,4,,,1,55,,28459,4,,,1,15,,28399,4,,,1,15,,28419,4,,,1,15,,28439,4,,,1,55,,28460,4,,,1,15,,28400,4,,,1,15,,28420,4,,,1,15,,28440,4,,,1,55,,28461,4,,,1,15,,28401,4,,,1,15,,28421,4,,,1,15,,28441,4,,,1,55,,28462,4,,,1,15,,28402,4,,,1,15,,28422,4,,,1,15,,28442,4,,,1,55,,28463,4,,,1,15,,28403,4,,,1,15,,28423,4,,,1,15,,28443,4,,,1,55,,28464,4,,,1,15,,28404,4,,,1,15,,28424,4,,,1,15,,28444,4,,,1,55,,28465,4,,,1,15,,28405,4,,,1,15,,28425,4,,,1,15,,28445,4,,,1,55,,28466,4,,,1,15,,28406,4,,,1,15,,28426,4,,,1,15,,28446,4,,,1,55,,28467,4,,,1,15,,28407,4,,,1,15,,28427,4,,,1,15,,28447,4,,,1,55,,28468,4,,,1,15,,28408,4,,,1,15,,28428,4,,,1,15,,28448,4,,,1,55,,28469,4,,,1,15,,28409,4,,,1,15,,28429,4,,,1,15,,28449,4,,,1,55,,28470,4,,,1,15,,28410,4,,,1,15,,28430,4,,,1,15,,28450,4,,,1,55,,28471,4,,,1,15,,28411,4,,,1,15,,28431,4,,,1,15,,28451,4,,,1,55,,28472,4,,,1,15,,28412,4,,,1,15,,28432,4,,,1,15,,28452,4,,,1,55,,28473,4,,,1,15,,28413,4,,,1,15,,28433,4,,,1,15,,28453,4,,,1,55,,28474,4,,,1,15,,28414,4,,,1,15,,28434,4,,,1,15,,28454,4,,,1,55,,28475,4,,,1,15,,28415,4,,,1,15,,28435,4,,,1,15,,28455,4,,,1,55,,28476,4,,,1,15,,28416,4,,,1,15,,28436,4,,,1,15,,28456,4,,,1,55,,28477,4,,,1,15,,28417,4,,,1,15,,28437,4,,,1,15,,28457,4,,,1,55,,28478,4,,,1,15,,28418,4,,,1
0,'20260728',511,,28539,4,,,1,15,,28479,4,,,1,20,,28519,4,,,1,55,,28540,4,,,1,15,,28480,4,,,1,15,,28500,4,,,1,15,,28520,4,,,1,55,,28541,4,,,1,15,,28481,4,,,1,15,,28501,4,,,1,15,,28521,4,,,1,55,,28542,4,,,1,15,,28482,4,,,1,15,,28502,4,,,1,15,,28522,4,,,1,55,,28543,4,,,1,15,,28483,4,,,1,15,,28503,4,,,1,15,,28523,4,,,1,55,,28544,4,,,1,15,,28484,4,,,1,15,,28504,4,,,1,15,,28524,4,,,1,55,,28545,4,,,1,15,,28485,4,,,1,15,,28505,4,,,1,15,,28525,4,,,1,55,,28546,4,,,1,15,,28486,4,,,1,15,,28506,4,,,1,15,,28526,4,,,1,55,,28547,4,,,1,15,,28487,4,,,1,15,,28507,4,,,1,15,,28527,4,,,1,55,,28548,4,,,1,15,,28488,4,,,1,15,,28508,4,,,1,15,,28528,4,,,1,55,,28549,4,,,1,15,,28489,4,,,1,15,,28509,4,,,1,15,,28529,4,,,1,55,,28550,4,,,1,15,,28490,4,,,1,15,,28510,4,,,1,15,,28530,4,,,1,55,,28551,4,,,1,15,,28491,4,,,1,15,,28511,4,,,1,15,,28531,4,,,1,55,,28552,4,,,1,15,,28492,4,,,1,15,,28512,4,,,1,15,,28532,4,,,1,55,,28553,4,,,1,15,,28493,4,,,1,15,,28513,4,,,1,15,,28533,4,,,1,55,,28554,4,,,1,15,,28494,4,,,1,15,,28514,4,,,1,15,,28534,4,,,1,55,,28555,4,,,1,15,,28495,4,,,1,15,,28515,4,,,1,15,,28535,4,,,1,55,,28556,4,,,1,15,,28496,4,,,1,15,,28516,4,,,1,15,,28536,4,,,1,55,,28557,4,,,1,15,,28497,4,,,1,15,,28517,4,,,1,15,,28537,4,,,1,55,,28558,4,,,1,15,,28498,4,,,1,15,,28518,4,,,1,15,,28538,4,,,1,55,,28559,4,,,1,15,,28499,4,,,1
0,'20260729',511,,28620,4,,,1,15,,28560,4,,,1,20,,28600,4,,,1,55,,28621,4,,,1,15,,28561,4,,,1,15,,28581,4,,,1,15,,28601,4,,,1,55,,28622,4,,,1,15,,28562,4,,,1,15,,28582,4,,,1,15,,28602,4,,,1,55,,28623,4,,,1,15,,28563,4,,,1,15,,28583,4,,,1,15,,28603,4,,,1,55,,28624,4,,,1,15,,28564,4,,,1,15,,28584,4,,,1,15,,28604,4,,,1,55,,28625,4,,,1,15,,28565,4,,,1,15,,28585,4,,,1,15,,28605,4,,,1,55,,28626,4,,,1,15,,28566,4,,,1,15,,28586,4,,,1,15,,28606,4,,,1,55,,28627,4,,,1,15,,28567,4,,,1,15,,28587,4,,,1,15,,28607,4,,,1,55,,28628,4,,,1,15,,28568,4,,,1,15,,28588,4,,,1,15,,28608,4,,,1,55,,28629,4,,,1,15,,28569,4,,,1,15,,28589,4,,,1,15,,28609,4,,,1,55,,28630,4,,,1,15,,28570,4,,,1,15,,28590,4,,,1,15,,28610,4,,,1,55,,28631,4,,,1,15,,28571,4,,,1,15,,28591,4,,,1,15,,28611,4,,,1,55,,28632,4,,,1,15,,28572,4,,,1,15,,28592,4,,,1,15,,28612,4,,,1,55,,28633,4,,,1,15,,28573,4,,,1,15,,28593,4,,,1,15,,28613,4,,,1,55,,28634,4,,,1,15,,28574,4,,,1,15,,28594,4,,,1,15,,28614,4,,,1,55,,28635,4,,,1,15,,28575,4,,,1,15,,28595,4,,,1,15,,28615,4,,,1,55,,28636,4,,,1,15,,28576,4,,,1,15,,28596,4,,,1,15,,28616,4,,,1,55,,28637,4,,,1,15,,28577,4,,,1,15,,28597,4,,,1,15,,28617,4,,,1,55,,28638,4,,,1,15,,28578,4,,,1,15,,28598,4,,,1,15,,28618,4,,,1,55,,28639,4,,,1,15,,28579,4,,,1,15,,28599,4,,,1,15,,28619,4,,,1,55,,28640,4,,,1,15,,28580,4,,,1
0,'20260730',511,,28701,4,,,1,15,,28641,4,,,1,20,,28681,4,,,1,55,,28702,4,,,1,15,,28642,4,,,1,15,,28662,4,,,1,15,,28682,4,,,1,55,,28703,4,,,1,15,,28643,4,,,1,15,,28663,4,,,1,15,,28683,4,,,1,55,,28704,4,,,1,15,,28644,4,,,1,15,,28664,4,,,1,15,,28684,4,,,1,55,,28705,4,,,1,15,,28645,4,,,1,15,,28665,4,,,1,15,,28685,4,,,1,55,,28706,4,,,1,15,,28646,4,,,1,15,,28666,4,,,1,15,,28686,4,,,1,55,,28707,4,,,1,15,,28647,4,,,1,15,,28667,4,,,1,15,,28687,4,,,1,55,,28708,4,,,1,15,,28648,4,,,1,15,,28668,4,,,1,15,,28688,4,,,1,55,,28709,4,,,1,15,,28649,4,,,1,15,,28669,4,,,1,15,,28689,4,,,1,55,,28710,4,,,1,15,,28650,4,,,1,15,,28670,4,,,1,15,,28690,4,,,1,55,,28711,4,,,1,15,,28651,4,,,1,15,,28671,4,,,1,15,,28691,4,,,1,55,,28712,4,,,1,15,,28652,4,,,1,15,,28672,4,,,1,15,,28692,4,,,1,55,,28713,4,,,1,15,,28653,4,,,1,15,,28673,4,,,1,15,,28693,4,,,1,55,,28714,4,,,1,15,,28654,4,,,1,15,,28674,4,,,1,15,,28694,4,,,1,55,,28715,4,,,1,15,,28655,4,,,1,15,,28675,4,,,1,15,,28695,4,,,1,55,,28716,4,,,1,15,,28656,4,,,1,15,,28676,4,,,1,15,,28696,4,,,1,55,,28717,4,,,1,15,,28657,4,,,1,15,,28677,4,,,1,15,,28697,4,,,1,55,,28718,4,,,1,15,,28658,4,,,1,15,,28678,4,,,1,15,,28698,4,,,1,55,,28719,4,,,1,15,,28659,4,,,1,15,,28679,4,,,1,15,,28699,4,,,1,55,,28720,4,,,1,15,,28660,4,,,1,15,,28680,4,,,1,15,,28700,4,,,1,55,,28721,4,,,1,15,,28661,4,,,1
0,'20260731',511,,28782,4,,,1,15,,28722,4,,,1,20,,28762,4,,,1,55,,28783,4,,,1,15,,28723,4,,,1,15,,28743,4,,,1,15,,28763,4,,,1,55,,28784,4,,,1,15,,28724,4,,,1,15,,28744,4,,,1,15,,28764,4,,,1,55,,28785,4,,,1,15,,28725,4,,,1,15,,28745,4,,,1,15,,28765,4,,,1,55,,28786,4,,,1,15,,28726,4,,,1,15,,28746,4,,,1,15,,28766,4,,,1,55,,28787,4,,,1,15,,28727,4,,,1,15,,28747,4,,,1,15,,28767,4,,,1,55,,28788,4,,,1,15,,28728,4,,,1,15,,28748,4,,,1,15,,28768,4,,,1,55,,28789,4,,,1,15,,28729,4,,,1,15,,28749,4,,,1,15,,28769,4,,,1,55,,28790,4,,,1,15,,28730,4,,,1,15,,28750,4,,,1,15,,28770,4,,,1,55,,28791,4,,,1,15,,28731,4,,,1,15,,28751,4,,,1,15,,28771,4,,,1,55,,28792,4,,,1,15,,28732,4,,,1,15,,28752,4,,,1,15,,28772,4,,,1,55,,28793,4,,,1,15,,28733,4,,,1,15,,28753,4,,,1,15,,28773,4,,,1,55,,28794,4,,,1,15,,28734,4,,,1,15,,28754,4,,,1,15,,28774,4,,,1,55,,28795,4,,,1,15,,28735,4,,,1,15,,28755,4,,,1,15,,28775,4,,,1,55,,28796,4,,,1,15,,28736,4,,,1,15,,28756,4,,,1,15,,28776,4,,,1,55,,28797,4,,,1,15,,28737,4,,,1,15,,28757,4,,,1,15,,28777,4,,,1,55,,28798,4,,,1,15,,28738,4,,,1,15,,28758,4,,,1,15,,28778,4,,,1,55,,28799,4,,,1,15,,28739,4,,,1,15,,28759,4,,,1,15,,28779,4,,,1,55,,28800,4,,,1,15,,28740,4,,,1,15,,28760,4,,,1,15,,28780,4,,,1,55,,28801,4,,,1,15,,28741,4,,,1,15,,28761,4,,,1,15,,28781,4,,,1,55,,28802,4,,,1,15,,28742,4,,,1
0,'20260801',616,,28803,4,,,1,15,,28823,4,,,1,15,,28842,4,,,1,55,,28861,4,,,1,15,,28804,4,,,1,15,,28824,4,,,1,15,,28843,4,,,1,55,,28862,4,,,1,15,,28805,4,,,1,15,,28825,4,,,1,15,,28844,4,,,1,55,,28863,4,,,1,15,,28806,4,,,1,15,,28826,4,,,1,15,,28845,4,,,1,55,,28864,4,,,1,15,,28807,4,,,1,15,,28827,4,,,1,15,,28846,4,,,1,55,,28865,4,,,1,15,,28808,4,,,1,15,,28828,4,,,1,15,,28847,4,,,1,55,,28866,4,,,1,15,,28809,4,,,1,15,,28829,4,,,1,15,,28848,4,,,1,55,,28867,4,,,1,15,,28810,4,,,1,15,,28830,4,,,1,15,,28849,4,,,1,55,,28868,4,,,1,15,,28811,4,,,1,15,,28831,4,,,1,15,,28850,4,,,1,55,,28869,4,,,1,15,,28812,4,,,1,15,,28832,4,,,1,15,,28851,4,,,1,55,,28870,4,,,1,15,,28813,4,,,1,15,,28833,4,,,1,15,,28852,4,,,1,55,,28871,4,,,1,15,,28814,4,,,1,15,,28834,4,,,1,15,,28853,4,,,1,55,,28872,4,,,1,15,,28815,4,,,1,15,,28835,4,,,1,15,,28854,4,,,1,55,,28873,4,,,1,15,,28816,4,,,1,15,,28836,4,,,1,15,,28855,4,,,1,55,,28874,4,,,1,15,,28817,4,,,1,15,,28837,4,,,1,15,,28856,4,,,1,55,,28875,4,,,1,15,,28818,4,,,1,15,,28838,4,,,1,15,,28857,4,,,1,55,,28876,4,,,1,15,,28819,4,,,1,15,,28839,4,,,1,15,,28858,4,,,1,55,,28877,4,,,1,15,,28820,4,,,1,15,,28840,4,,,1,15,,28859,4,,,1,55,,28878,4,,,1,15,,28821,4,,,1,15,,28841,4,,,1,15,,28860,4,,,1,55,,28879,4,,,1,15,,28822,4,,,1
0,'20260802',616,,28880,4,,,1,15,,28900,4,,,1,15,,28919,4,,,1,55,,28938,4,,,1,15,,28881,4,,,1,15,,28901,4,,,1,15,,28920,4,,,1,55,,28939,4,,,1,15,,28882,4,,,1,15,,28902,4,,,1,15,,28921,4,,,1,55,,28940,4,,,1,15,,28883,4,,,1,15,,28903,4,,,1,15,,28922,4,,,1,55,,28941,4,,,1,15,,28884,4,,,1,15,,28904,4,,,1,15,,28923,4,,,1,55,,28942,4,,,1,15,,28885,4,,,1,15,,28905,4,,,1,15,,28924,4,,,1,55,,28943,4,,,1,15,,28886,4,,,1,15,,28906,4,,,1,15,,28925,4,,,1,55,,28944,4,,,1,15,,28887,4,,,1,15,,28907,4,,,1,15,,28926,4,,,1,55,,28945,4,,,1,15,,28888,4,,,1,15,,28908,4,,,1,15,,28927,4,,,1,55,,28946,4,,,1,15,,28889,4,,,1,15,,28909,4,,,1,15,,28928,4,,,1,55,,28947,4,,,1,15,,28890,4,,,1,15,,28910,4,,,1,15,,28929,4,,,1,55,,28948,4,,,1,15,,28891,4,,,1,15,,28911,4,,,1,15,,28930,4,,,1,55,,28949,4,,,1,15,,28892,4,,,1,15,,28912,4,,,1,15,,28931,4,,,1,55,,28950,4,,,1,15,,28893,4,,,1,15,,28913,4,,,1,15,,28932,4,,,1,55,,28951,4,,,1,15,,28894,4,,,1,15,,28914,4,,,1,15,,28933,4,,,1,55,,28952,4,,,1,15,,28895,4,,,1,15,,28915,4,,,1,15,,28934,4,,,1,55,,28953,4,,,1,15,,28896,4,,,1,15,,28916,4,,,1,15,,28935,4,,,1,55,,28954,4,,,1,15,,28897,4,,,1,15,,28917,4,,,1,15,,28936,4,,,1,55,,28955,4,,,1,15,,28898,4,,,1,15,,28918,4,,,1,15,,28937,4,,,1,55,,28956,4,,,1,15,,28899,4,,,1
0,'20260803',616,,28957,4,,,1,15,,28977,4,,,1,15,,28996,4,,,1,55,,29015,4,,,1,15,,28958,4,,,1,15,,28978,4,,,1,15,,28997,4,,,1,55,,29016,4,,,1,15,,28959,4,,,1,15,,28979,4,,,1,15,,28998,4,,,1,55,,29017,4,,,1,15,,28960,4,,,1,15,,28980,4,,,1,15,,28999,4,,,1,55,,29018,4,,,1,15,,28961,4,,,1,15,,28981,4,,,1,15,,29000,4,,,1,55,,29019,4,,,1,15,,28962,4,,,1,15,,28982,4,,,1,15,,29001,4,,,1,55,,29020,4,,,1,15,,28963,4,,,1,15,,28983,4,,,1,15,,29002,4,,,1,55,,29021,4,,,1,15,,28964,4,,,1,15,,28984,4,,,1,15,,29003,4,,,1,55,,29022,4,,,1,15,,28965,4,,,1,15,,28985,4,,,1,15,,29004,4,,,1,55,,29023,4,,,1,15,,28966,4,,,1,15,,28986,4,,,1,15,,29005,4,,,1,55,,29024,4,,,1,15,,28967,4,,,1,15,,28987,4,,,1,15,,29006,4,,,1,55,,29025,4,,,1,15,,28968,4,,,1,15,,28988,4,,,1,15,,29007,4,,,1,55,,29026,4,,,1,15,,28969,4,,,1,15,,28989,4,,,1,15,,29008,4,,,1,55,,29027,4,,,1,15,,28970,4,,,1,15,,28990,4,,,1,15,,29009,4,,,1,55,,29028,4,,,1,15,,28971,4,,,1,15,,28991,4,,,1,15,,29010,4,,,1,55,,29029,4,,,1,15,,28972,4,,,1,15,,28992,4,,,1,15,,29011,4,,,1,55,,29030,4,,,1,15,,28973,4,,,1,15,,28993,4,,,1,15,,29012,4,,,1,55,,29031,4,,,1,15,,28974,4,,,1,15,,28994,4,,,1,15,,29013,4,,,1,55,,29032,4,,,1,15,,28975,4,,,1,15,,28995,4,,,1,15,,29014,4,,,1,55,,29033,4,,,1,15,,28976,4,,,1
0,'20260804',511,,29094,4,,,1,15,,29034,4,,,1,20,,29074,4,,,1,55,,29095,4,,,1,15,,29035,4,,,1,15,,29055,4,,,1,15,,29075,4,,,1,55,,29096,4,,,1,15,,29036,4,,,1,15,,29056,4,,,1,15,,29076,4,,,1,55,,29097,4,,,1,15,,29037,4,,,1,15,,29057,4,,,1,15,,29077,4,,,1,55,,29098,4,,,1,15,,29038,4,,,1,15,,29058,4,,,1,15,,29078,4,,,1,55,,29099,4,,,1,15,,29039,4,,,1,15,,29059,4,,,1,15,,29079,4,,,1,55,,29100,4,,,1,15,,29040,4,,,1,15,,29060,4,,,1,15,,29080,4,,,1,55,,29101,4,,,1,15,,29041,4,,,1,15,,29061,4,,,1,15,,29081,4,,,1,55,,29102,4,,,1,15,,29042,4,,,1,15,,29062,4,,,1,15,,29082,4,,,1,55,,29103,4,,,1,15,,29043,4,,,1,15,,29063,4,,,1,15,,29083,4,,,1,55,,29104,4,,,1,15,,29044,4,,,1,15,,29064,4,,,1,15,,29084,4,,,1,55,,29105,4,,,1,15,,29045,4,,,1,15,,29065,4,,,1,15,,29085,4,,,1,55,,29106,4,,,1,15,,29046,4,,,1,15,,29066,4,,,1,15,,29086,4,,,1,55,,29107,4,,,1,15,,29047,4,,,1,15,,29067,4,,,1,15,,29087,4,,,1,55,,29108,4,,,1,15,,29048,4,,,1,15,,29068,4,,,1,15,,29088,4,,,1,55,,29109,4,,,1,15,,29049,4,,,1,15,,29069,4,,,1,15,,29089,4,,,1,55,,29110,4,,,1,15,,29050,4,,,1,15,,29070,4,,,1,15,,29090,4,,,1,55,,29111,4,,,1,15,,29051,4,,,1,15,,29071,4,,,1,15,,29091,4,,,1,55,,29112,4,,,1,15,,29052,4,,,1,15,,29072,4,,,1,15,,29092,4,,,1,55,,29113,4,,,1,15,,29053,4,,,1,15,,29073,4,,,1,15,,29093,4,,,1,55,,29114,4,,,1,15,,29054,4,,,1
0,'20260805',511,,29175,4,,,1,15,,29115,4,,,1,20,,29155,4,,,1,55,,29176,4,,,1,15,,29116,4,,,1,15,,29136,4,,,1,15,,29156,4,,,1,55,,29177,4,,,1,15,,29117,4,,,1,15,,29137,4,,,1,15,,29157,4,,,1,55,,29178,4,,,1,15,,29118,4,,,1,15,,29138,4,,,1,15,,29158,4,,,1,55,,29179,4,,,1,15,,29119,4,,,1,15,,29139,4,,,1,15,,29159,4,,,1,55,,29180,4,,,1,15,,29120,4,,,1,15,,29140,4,,,1,15,,29160,4,,,1,55,,29181,4,,,1,15,,29121,4,,,1,15,,29141,4,,,1,15,,29161,4,,,1,55,,29182,4,,,1,15,,29122,4,,,1,15,,29142,4,,,1,15,,29162,4,,,1,55,,29183,4,,,1,15,,29123,4,,,1,15,,29143,4,,,1,15,,29163,4,,,1,55,,29184,4,,,1,15,,29124,4,,,1,15,,29144,4,,,1,15,,29164,4,,,1,55,,29185,4,,,1,15,,29125,4,,,1,15,,29145,4,,,1,15,,29165,4,,,1,55,,29186,4,,,1,15,,29126,4,,,1,15,,29146,4,,,1,15,,29166,4,,,1,55,,29187,4,,,1,15,,29127,4,,,1,15,,29147,4,,,1,15,,29167,4,,,1,55,,29188,4,,,1,15,,29128,4,,,1,15,,29148,4,,,1,15,,29168,4,,,1,55,,29189,4,,,1,15,,29129,4,,,1,15,,29149,4,,,1,15,,29169,4,,,1,55,,29190,4,,,1,15,,29130,4,,,1,15,,29150,4,,,1,15,,29170,4,,,1,55,,29191,4,,,1,15,,29131,4,,,1,15,,29151,4,,,1,15,,29171,4,,,1,55,,29192,4,,,1,15,,29132,4,,,1,15,,29152,4,,,1,15,,29172,4,,,1,55,,29193,4,,,1,15,,29133,4,,,1,15,,29153,4,,,1,15,,29173,4,,,1,55,,29194,4,,,1,15,,29134,4,,,1,15,,29154,4,,,1,15,,29174,4,,,1,55,,29195,4,,,1,15,,29135,4,,,1
0,'20260806',511,,29256,4,,,1,15,,29196,4,,,1,20,,29236,4,,,1,55,,29257,4,,,1,15,,29197,4,,,1,15,,29217,4,,,1,15,,29237,4,,,1,55,,29258,4,,,1,15,,29198,4,,,1,15,,29218,4,,,1,15,,29238,4,,,1,55,,29259,4,,,1,15,,29199,4,,,1,15,,29219,4,,,1,15,,29239,4,,,1,55,,29260,4,,,1,15,,29200,4,,,1,15,,29220,4,,,1,15,,29240,4,,,1,55,,29261,4,,,1,15,,29201,4,,,1,15,,29221,4,,,1,15,,29241,4,,,1,55,,29262,4,,,1,15,,29202,4,,,1,15,,29222,4,,,1,15,,29242,4,,,1,55,,29263,4,,,1,15,,29203,4,,,1,15,,29223,4,,,1,15,,29243,4,,,1,55,,29264,4,,,1,15,,29204,4,,,1,15,,29224,4,,,1,15,,29244,4,,,1,55,,29265,4,,,1,15,,29205,4,,,1,15,,29225,4,,,1,15,,29245,4,,,1,55,,29266,4,,,1,15,,29206,4,,,1,15,,29226,4,,,1,15,,29246,4,,,1,55,,29267,4,,,1,15,,29207,4,,,1,15,,29227,4,,,1,15,,29247,4,,,1,55,,29268,4,,,1,15,,29208,4,,,1,15,,29228,4,,,1,15,,29248,4,,,1,55,,29269,4,,,1,15,,29209,4,,,1,15,,29229,4,,,1,15,,29249,4,,,1,55,,29270,4,,,1,15,,29210,4,,,1,15,,29230,4,,,1,15,,29250,4,,,1,55,,29271,4,,,1,15,,29211,4,,,1,15,,29231,4,,,1,15,,29251,4,,,1,55,,29272,4,,,1,15,,29212,4,,,1,15,,29232,4,,,1,15,,29252,4,,,1,55,,29273,4,,,1,15,,29213,4,,,1,15,,29233,4,,,1,15,,29253,4,,,1,55,,29274,4,,,1,15,,29214,4,,,1,15,,29234,4,,,1,15,,29254,4,,,1,55,,29275,4,,,1,15,,29215,4,,,1,15,,29235,4,,,1,15,,29255,4,,,1,55,,29276,4,,,1,15,,29216,4,,,1
0,'20260807',511,,29337,4,,,1,15,,29277,4,,,1,20,,29317,4,,,1,55,,29338,4,,,1,15,,29278,4,,,1,15,,29298,4,,,1,15,,29318,4,,,1,55,,29339,4,,,1,15,,29279,4,,,1,15,,29299,4,,,1,15,,29319,4,,,1,55,,29340,4,,,1,15,,29280,4,,,1,15,,29300,4,,,1,15,,29320,4,,,1,55,,29341,4,,,1,15,,29281,4,,,1,15,,29301,4,,,1,15,,29321,4,,,1,55,,29342,4,,,1,15,,29282,4,,,1,15,,29302,4,,,1,15,,29322,4,,,1,55,,29343,4,,,1,15,,29283,4,,,1,15,,29303,4,,,1,15,,29323,4,,,1,55,,29344,4,,,1,15,,29284,4,,,1,15,,29304,4,,,1,15,,29324,4,,,1,55,,29345,4,,,1,15,,29285,4,,,1,15,,29305,4,,,1,15,,29325,4,,,1,55,,29346,4,,,1,15,,29286,4,,,1,15,,29306,4,,,1,15,,29326,4,,,1,55,,29347,4,,,1,15,,29287,4,,,1,15,,29307,4,,,1,15,,29327,4,,,1,55,,29348,4,,,1,15,,29288,4,,,1,15,,29308,4,,,1,15,,29328,4,,,1,55,,29349,4,,,1,15,,29289,4,,,1,15,,29309,4,,,1,15,,29329,4,,,1,55,,29350,4,,,1,15,,29290,4,,,1,15,,29310,4,,,1,15,,29330,4,,,1,55,,29351,4,,,1,15,,29291,4,,,1,15,,29311,4,,,1,15,,29331,4,,,1,55,,29352,4,,,1,15,,29292,4,,,1,15,,29312,4,,,1,15,,29332,4,,,1,55,,29353,4,,,1,15,,29293,4,,,1,15,,29313,4,,,1,15,,29333,4,,,1,55,,29354,4,,,1,15,,29294,4,,,1,15,,29314,4,,,1,15,,29334,4,,,1,55,,29355,4,,,1,15,,29295,4,,,1,15,,29315,4,,,1,15,,29335,4,,,1,55,,29356,4,,,1,15,,29296,4,,,1,15,,29316,4,,,1,15,,29336,4,,,1,55,,29357,4,,,1,15,,29297,4,,,1
0,'20260808',616,,29358,4,,,1,15,,29378,4,,,1,15,,29397,4,,,1,55,,29416,4,,,1,15,,29359,4,,,1,15,,29379,4,,,1,15,,29398,4,,,1,55,,29417,4,,,1,15,,29360,4,,,1,15,,29380,4,,,1,15,,29399,4,,,1,55,,29418,4,,,1,15,,29361,4,,,1,15,,29381,4,,,1,15,,29400,4,,,1,55,,29419,4,,,1,15,,29362,4,,,1,15,,29382,4,,,1,15,,29401,4,,,1,55,,29420,4,,,1,15,,29363,4,,,1,15,,29383,4,,,1,15,,29402,4,,,1,55,,29421,4,,,1,15,,29364,4,,,1,15,,29384,4,,,1,15,,29403,4,,,1,55,,29422,4,,,1,15,,29365,4,,,1,15,,29385,4,,,1,15,,29404,4,,,1,55,,29423,4,,,1,15,,29366,4,,,1,15,,29386,4,,,1,15,,29405,4,,,1,55,,29424,4,,,1,15,,29367,4,,,1,15,,29387,4,,,1,15,,29406,4,,,1,55,,29425,4,,,1,15,,29368,4,,,1,15,,29388,4,,,1,15,,29407,4,,,1,55,,29426,4,,,1,15,,29369,4,,,1,15,,29389,4,,,1,15,,29408,4,,,1,55,,29427,4,,,1,15,,29370,4,,,1,15,,29390,4,,,1,15,,29409,4,,,1,55,,29428,4,,,1,15,,29371,4,,,1,15,,29391,4,,,1,15,,29410,4,,,1,55,,29429,4,,,1,15,,29372,4,,,1,15,,29392,4,,,1,15,,29411,4,,,1,55,,29430,4,,,1,15,,29373,4,,,1,15,,29393,4,,,1,15,,29412,4,,,1,55,,29431,4,,,1,15,,29374,4,,,1,15,,29394,4,,,1,15,,29413,4,,,1,55,,29432,4,,,1,15,,29375,4,,,1,15,,29395,4,,,1,15,,29414,4,,,1,55,,29433,4,,,1,15,,29376,4,,,1,15,,29396,4,,,1,15,,29415,4,,,1,55,,29434,4,,,1,15,,29377,4,,,1
0,'20260809',616,,29435,4,,,1,15,,29455,4,,,1,15,,29474,4,,,1,55,,29493,4,,,1,15,,29436,4,,,1,15,,29456,4,,,1,15,,29475,4,,,1,55,,29494,4,,,1,15,,29437,4,,,1,15,,29457,4,,,1,15,,29476,4,,,1,55,,29495,4,,,1,15,,29438,4,,,1,15,,29458,4,,,1,15,,29477,4,,,1,55,,29496,4,,,1,15,,29439,4,,,1,15,,29459,4,,,1,15,,29478,4,,,1,55,,29497,4,,,1,15,,29440,4,,,1,15,,29460,4,,,1,15,,29479,4,,,1,55,,29498,4,,,1,15,,29441,4,,,1,15,,29461,4,,,1,15,,29480,4,,,1,55,,29499,4,,,1,15,,29442,4,,,1,15,,29462,4,,,1,15,,29481,4,,,1,55,,29500,4,,,1,15,,29443,4,,,1,15,,29463,4,,,1,15,,29482,4,,,1,55,,29501,4,,,1,15,,29444,4,,,1,15,,29464,4,,,1,15,,29483,4,,,1,55,,29502,4,,,1,15,,29445,4,,,1,15,,29465,4,,,1,15,,29484,4,,,1,55,,29503,4,,,1,15,,29446,4,,,1,15,,29466,4,,,1,15,,29485,4,,,1,55,,29504,4,,,1,15,,29447,4,,,1,15,,29467,4,,,1,15,,29486,4,,,1,55,,29505,4,,,1,15,,29448,4,,,1,15,,29468,4,,,1,15,,29487,4,,,1,55,,29506,4,,,1,15,,29449,4,,,1,15,,29469,4,,,1,15,,29488,4,,,1,55,,29507,4,,,1,15,,29450,4,,,1,15,,29470,4,,,1,15,,29489,4,,,1,55,,29508,4,,,1,15,,29451,4,,,1,15,,29471,4,,,1,15,,29490,4,,,1,55,,29509,4,,,1,15,,29452,4,,,1,15,,29472,4,,,1,15,,29491,4,,,1,55,,29510,4,,,1,15,,29453,4,,,1,15,,29473,4,,,1,15,,29492,4,,,1,55,,29511,4,,,1,15,,29454,4,,,1
0,'20260810',616,,29512,4,,,1,15,,29532,4,,,1,15,,29551,4,,,1,55,,29570,4,,,1,15,,29513,4,,,1,15,,29533,4,,,1,15,,29552,4,,,1,55,,29571,4,,,1,15,,29514,4,,,1,15,,29534,4,,,1,15,,29553,4,,,1,55,,29572,4,,,1,15,,29515,4,,,1,15,,29535,4,,,1,15,,29554,4,,,1,55,,29573,4,,,1,15,,29516,4,,,1,15,,29536,4,,,1,15,,29555,4,,,1,55,,29574,4,,,1,15,,29517,4,,,1,15,,29537,4,,,1,15,,29556,4,,,1,55,,29575,4,,,1,15,,29518,4,,,1,15,,29538,4,,,1,15,,29557,4,,,1,55,,29576,4,,,1,15,,29519,4,,,1,15,,29539,4,,,1,15,,29558,4,,,1,55,,29577,4,,,1,15,,29520,4,,,1,15,,29540,4,,,1,15,,29559,4,,,1,55,,29578,4,,,1,15,,29521,4,,,1,15,,29541,4,,,1,15,,29560,4,,,1,55,,29579,4,,,1,15,,29522,4,,,1,15,,29542,4,,,1,15,,29561,4,,,1,55,,29580,4,,,1,15,,29523,4,,,1,15,,29543,4,,,1,15,,29562,4,,,1,55,,29581,4,,,1,15,,29524,4,,,1,15,,29544,4,,,1,15,,29563,4,,,1,55,,29582,4,,,1,15,,29525,4,,,1,15,,29545,4,,,1,15,,29564,4,,,1,55,,29583,4,,,1,15,,29526,4,,,1,15,,29546,4,,,1,15,,29565,4,,,1,55,,29584,4,,,1,15,,29527,4,,,1,15,,29547,4,,,1,15,,29566,4,,,1,55,,29585,4,,,1,15,,29528,4,,,1,15,,29548,4,,,1,15,,29567,4,,,1,55,,29586,4,,,1,15,,29529,4,,,1,15,,29549,4,,,1,15,,29568,4,,,1,55,,29587,4,,,1,15,,29530,4,,,1,15,,29550,4,,,1,15,,29569,4,,,1,55,,29588,4,,,1,15,,29531,4,,,1
0,'20260811',511,,29649,4,,,1,15,,29589,4,,,1,20,,29629,4,,,1,55,,29650,4,,,1,15,,29590,4,,,1,15,,29610,4,,,1,15,,29630,4,,,1,55,,29651,4,,,1,15,,29591,4,,,1,15,,29611,4,,,1,15,,29631,4,,,1,55,,29652,4,,,1,15,,29592,4,,,1,15,,29612,4,,,1,15,,29632,4,,,1,55,,29653,4,,,1,15,,29593,4,,,1,15,,29613,4,,,1,15,,29633,4,,,1,55,,29654,4,,,1,15,,29594,4,,,1,15,,29614,4,,,1,15,,29634,4,,,1,55,,29655,4,,,1,15,,29595,4,,,1,15,,29615,4,,,1,15,,29635,4,,,1,55,,29656,4,,,1,15,,29596,4,,,1,15,,29616,4,,,1,15,,29636,4,,,1,55,,29657,4,,,1,15,,29597,4,,,1,15,,29617,4,,,1,15,,29637,4,,,1,55,,29658,4,,,1,15,,29598,4,,,1,15,,29618,4,,,1,15,,29638,4,,,1,55,,29659,4,,,1,15,,29599,4,,,1,15,,29619,4,,,1,15,,29639,4,,,1,55,,29660,4,,,1,15,,29600,4,,,1,15,,29620,4,,,1,15,,29640,4,,,1,55,,29661,4,,,1,15,,29601,4,,,1,15,,29621,4,,,1,15,,29641,4,,,1,55,,29662,4,,,1,15,,29602,4,,,1,15,,29622,4,,,1,15,,29642,4,,,1,55,,29663,4,,,1,15,,29603,4,,,1,15,,29623,4,,,1,15,,29643,4,,,1,55,,29664,4,,,1,15,,29604,4,,,1,15,,29624,4,,,1,15,,29644,4,,,1,55,,29665,4,,,1,15,,29605,4,,,1,15,,29625,4,,,1,15,,29645,4,,,1,55,,29666,4,,,1,15,,29606,4,,,1,15,,29626,4,,,1,15,,29646,4,,,1,55,,29667,4,,,1,15,,29607,4,,,1,15,,29627,4,,,1,15,,29647,4,,,1,55,,29668,4,,,1,15,,29608,4,,,1,15,,29628,4,,,1,15,,29648,4,,,1,55,,29669,4,,,1,15,,29609,4,,,1
0,'20260812',511,,29730,4,,,1,15,,29670,4,,,1,20,,29710,4,,,1,55,,29731,4,,,1,15,,29671,4,,,1,15,,29691,4,,,1,15,,29711,4,,,1,55,,29732,4,,,1,15,,29672,4,,,1,15,,29692,4,,,1,15,,29712,4,,,1,55,,29733,4,,,1,15,,29673,4,,,1,15,,29693,4,,,1,15,,29713,4,,,1,55,,29734,4,,,1,15,,29674,4,,,1,15,,29694,4,,,1,15,,29714,4,,,1,55,,29735,4,,,1,15,,29675,4,,,1,15,,29695,4,,,1,15,,29715,4,,,1,55,,29736,4,,,1,15,,29676,4,,,1,15,,29696,4,,,1,15,,29716,4,,,1,55,,29737,4,,,1,15,,29677,4,,,1,15,,29697,4,,,1,15,,29717,4,,,1,55,,29738,4,,,1,15,,29678,4,,,1,15,,29698,4,,,1,15,,29718,4,,,1,55,,29739,4,,,1,15,,29679,4,,,1,15,,29699,4,,,1,15,,29719,4,,,1,55,,29740,4,,,1,15,,29680,4,,,1,15,,29700,4,,,1,15,,29720,4,,,1,55,,29741,4,,,1,15,,29681,4,,,1,15,,29701,4,,,1,15,,29721,4,,,1,55,,29742,4,,,1,15,,29682,4,,,1,15,,29702,4,,,1,15,,29722,4,,,1,55,,29743,4,,,1,15,,29683,4,,,1,15,,29703,4,,,1,15,,29723,4,,,1,55,,29744,4,,,1,15,,29684,4,,,1,15,,29704,4,,,1,15,,29724,4,,,1,55,,29745,4,,,1,15,,29685,4,,,1,15,,29705,4,,,1,15,,29725,4,,,1,55,,29746,4,,,1,15,,29686,4,,,1,15,,29706,4,,,1,15,,29726,4,,,1,55,,29747,4,,,1,15,,29687,4,,,1,15,,29707,4,,,1,15,,29727,4,,,1,55,,29748,4,,,1,15,,29688,4,,,1,15,,29708,4,,,1,15,,29728,4,,,1,55,,29749,4,,,1,15,,29689,4,,,1,15,,29709,4,,,1,15,,29729,4,,,1,55,,29750,4,,,1,15,,29690,4,,,1
0,'20260813',511,,29811,4,,,1,15,,29751,4,,,1,20,,29791,4,,,1,55,,29812,4,,,1,15,,29752,4,,,1,15,,29772,4,,,1,15,,29792,4,,,1,55,,29813,4,,,1,15,,29753,4,,,1,15,,29773,4,,,1,15,,29793,4,,,1,55,,29814,4,,,1,15,,29754,4,,,1,15,,29774,4,,,1,15,,29794,4,,,1,55,,29815,4,,,1,15,,29755,4,,,1,15,,29775,4,,,1,15,,29795,4,,,1,55,,29816,4,,,1,15,,29756,4,,,1,15,,29776,4,,,1,15,,29796,4,,,1,55,,29817,4,,,1,15,,29757,4,,,1,15,,29777,4,,,1,15,,29797,4,,,1,55,,29818,4,,,1,15,,29758,4,,,1,15,,29778,4,,,1,15,,29798,4,,,1,55,,29819,4,,,1,15,,29759,4,,,1,15,,29779,4,,,1,15,,29799,4,,,1,55,,29820,4,,,1,15,,29760,4,,,1,15,,29780,4,,,1,15,,29800,4,,,1,55,,29821,4,,,1,15,,29761,4,,,1,15,,29781,4,,,1,15,,29801,4,,,1,55,,29822,4,,,1,15,,29762,4,,,1,15,,29782,4,,,1,15,,29802,4,,,1,55,,29823,4,,,1,15,,29763,4,,,1,15,,29783,4,,,1,15,,29803,4,,,1,55,,29824,4,,,1,15,,29764,4,,,1,15,,29784,4,,,1,15,,29804,4,,,1,55,,29825,4,,,1,15,,29765,4,,,1,15,,29785,4,,,1,15,,29805,4,,,1,55,,29826,4,,,1,15,,29766,4,,,1,15,,29786,4,,,1,15,,29806,4,,,1,55,,29827,4,,,1,15,,29767,4,,,1,15,,29787,4,,,1,15,,29807,4,,,1,55,,29828,4,,,1,15,,29768,4,,,1,15,,29788,4,,,1,15,,29808,4,,,1,55,,29829,4,,,1,15,,29769,4,,,1,15,,29789,4,,,1,15,,29809,4,,,1,55,,29830,4,,,1,15,,29770,4,,,1,15,,29790,4,,,1,15,,29810,4,,,1,55,,29831,4,,,1,15,,29771,4,,,1
0,'20260814',511,,29892,4,,,1,15,,29832,4,,,1,20,,29872,4,,,1,55,,29893,4,,,1,15,,29833,4,,,1,15,,29853,4,,,1,15,,29873,4,,,1,55,,29894,4,,,1,15,,29834,4,,,1,15,,29854,4,,,1,15,,29874,4,,,1,55,,29895,4,,,1,15,,29835,4,,,1,15,,29855,4,,,1,15,,29875,4,,,1,55,,29896,4,,,1,15,,29836,4,,,1,15,,29856,4,,,1,15,,29876,4,,,1,55,,29897,4,,,1,15,,29837,4,,,1,15,,29857,4,,,1,15,,29877,4,,,1,55,,29898,4,,,1,15,,29838,4,,,1,15,,29858,4,,,1,15,,29878,4,,,1,55,,29899,4,,,1,15,,29839,4,,,1,15,,29859,4,,,1,15,,29879,4,,,1,55,,29900,4,,,1,15,,29840,4,,,1,15,,29860,4,,,1,15,,29880,4,,,1,55,,29901,4,,,1,15,,29841,4,,,1,15,,29861,4,,,1,15,,29881,4,,,1,55,,29902,4,,,1,15,,29842,4,,,1,15,,29862,4,,,1,15,,29882,4,,,1,55,,29903,4,,,1,15,,29843,4,,,1,15,,29863,4,,,1,15,,29883,4,,,1,55,,29904,4,,,1,15,,29844,4,,,1,15,,29864,4,,,1,15,,29884,4,,,1,55,,29905,4,,,1,15,,29845,4,,,1,15,,29865,4,,,1,15,,29885,4,,,1,55,,29906,4,,,1,15,,29846,4,,,1,15,,29866,4,,,1,15,,29886,4,,,1,55,,29907,4,,,1,15,,29847,4,,,1,15,,29867,4,,,1,15,,29887,4,,,1,55,,29908,4,,,1,15,,29848,4,,,1,15,,29868,4,,,1,15,,29888,4,,,1,55,,29909,4,,,1,15,,29849,4,,,1,15,,29869,4,,,1,15,,29889,4,,,1,55,,29910,4,,,1,15,,29850,4,,,1,15,,29870,4,,,1,15,,29890,4,,,1,55,,29911,4,,,1,15,,29851,4,,,1,15,,29871,4,,,1,15,,29891,4,,,1,55,,29912,4,,,1,15,,29852,4,,,1
0,'20260815',616,,29913,4,,,1,15,,29933,4,,,1,15,,29952,4,,,1,55,,29971,4,,,1,15,,29914,4,,,1,15,,29934,4,,,1,15,,29953,4,,,1,55,,29972,4,,,1,15,,29915,4,,,1,15,,29935,4,,,1,15,,29954,4,,,1,55,,29973,4,,,1,15,,29916,4,,,1,15,,29936,4,,,1,15,,29955,4,,,1,55,,29974,4,,,1,15,,29917,4,,,1,15,,29937,4,,,1,15,,29956,4,,,1,55,,29975,4,,,1,15,,29918,4,,,1,15,,29938,4,,,1,15,,29957,4,,,1,55,,29976,4,,,1,15,,29919,4,,,1,15,,29939,4,,,1,15,,29958,4,,,1,55,,29977,4,,,1,15,,29920,4,,,1,15,,29940,4,,,1,15,,29959,4,,,1,55,,29978,4,,,1,15,,29921,4,,,1,15,,29941,4,,,1,15,,29960,4,,,1,55,,29979,4,,,1,15,,29922,4,,,1,15,,29942,4,,,1,15,,29961,4,,,1,55,,29980,4,,,1,15,,29923,4,,,1,15,,29943,4,,,1,15,,29962,4,,,1,55,,29981,4,,,1,15,,29924,4,,,1,15,,29944,4,,,1,15,,29963,4,,,1,55,,29982,4,,,1,15,,29925,4,,,1,15,,29945,4,,,1,15,,29964,4,,,1,55,,29983,4,,,1,15,,29926,4,,,1,15,,29946,4,,,1,15,,29965,4,,,1,55,,29984,4,,,1,15,,29927,4,,,1,15,,29947,4,,,1,15,,29966,4,,,1,55,,29985,4,,,1,15,,29928,4,,,1,15,,29948,4,,,1,15,,29967,4,,,1,55,,29986,4,,,1,15,,29929,4,,,1,15,,29949,4,,,1,15,,29968,4,,,1,55,,29987,4,,,1,15,,29930,4,,,1,15,,29950,4,,,1,15,,29969,4,,,1,55,,29988,4,,,1,15,,29931,4,,,1,15,,29951,4,,,1,15,,29970,4,,,1,55,,29989,4,,,1,15,,29932,4,,,1
0,'20260816',616,,29990,4,,,1,15,,30010,4,,,1,15,,30029,4,,,1,55,,30048,4,,,1,15,,29991,4,,,1,15,,30011,4,,,1,15,,30030,4,,,1,55,,30049,4,,,1,15,,29992,4,,,1,15,,30012,4,,,1,15,,30031,4,,,1,55,,30050,4,,,1,15,,29993,4,,,1,15,,30013,4,,,1,15,,30032,4,,,1,55,,30051,4,,,1,15,,29994,4,,,1,15,,30014,4,,,1,15,,30033,4,,,1,55,,30052,4,,,1,15,,29995,4,,,1,15,,30015,4,,,1,15,,30034,4,,,1,55,,30053,4,,,1,15,,29996,4,,,1,15,,30016,4,,,1,15,,30035,4,,,1,55,,30054,4,,,1,15,,29997,4,,,1,15,,30017,4,,,1,15,,30036,4,,,1,55,,30055,4,,,1,15,,29998,4,,,1,15,,30018,4,,,1,15,,30037,4,,,1,55,,30056,4,,,1,15,,29999,4,,,1,15,,30019,4,,,1,15,,30038,4,,,1,55,,30057,4,,,1,15,,30000,4,,,1,15,,30020,4,,,1,15,,30039,4,,,1,55,,30058,4,,,1,15,,30001,4,,,1,15,,30021,4,,,1,15,,30040,4,,,1,55,,30059,4,,,1,15,,30002,4,,,1,15,,30022,4,,,1,15,,30041,4,,,1,55,,30060,4,,,1,15,,30003,4,,,1,15,,30023,4,,,1,15,,30042,4,,,1,55,,30061,4,,,1,15,,30004,4,,,1,15,,30024,4,,,1,15,,30043,4,,,1,55,,30062,4,,,1,15,,30005,4,,,1,15,,30025,4,,,1,15,,30044,4,,,1,55,,30063,4,,,1,15,,30006,4,,,1,15,,30026,4,,,1,15,,30045,4,,,1,55,,30064,4,,,1,15,,30007,4,,,1,15,,30027,4,,,1,15,,30046,4,,,1,55,,30065,4,,,1,15,,30008,4,,,1,15,,30028,4,,,1,15,,30047,4,,,1,55,,30066,4,,,1,15,,30009,4,,,1
0,'20260817',616,,30067,4,,,1,15,,30087,4,,,1,15,,30106,4,,,1,55,,30125,4,,,1,15,,30068,4,,,1,15,,30088,4,,,1,15,,30107,4,,,1,55,,30126,4,,,1,15,,30069,4,,,1,15,,30089,4,,,1,15,,30108,4,,,1,55,,30127,4,,,1,15,,30070,4,,,1,15,,30090,4,,,1,15,,30109,4,,,1,55,,30128,4,,,1,15,,30071,4,,,1,15,,30091,4,,,1,15,,30110,4,,,1,55,,30129,4,,,1,15,,30072,4,,,1,15,,30092,4,,,1,15,,30111,4,,,1,55,,30130,4,,,1,15,,30073,4,,,1,15,,30093,4,,,1,15,,30112,4,,,1,55,,30131,4,,,1,15,,30074,4,,,1,15,,30094,4,,,1,15,,30113,4,,,1,55,,30132,4,,,1,15,,30075,4,,,1,15,,30095,4,,,1,15,,30114,4,,,1,55,,30133,4,,,1,15,,30076,4,,,1,15,,30096,4,,,1,15,,30115,4,,,1,55,,30134,4,,,1,15,,30077,4,,,1,15,,30097,4,,,1,15,,30116,4,,,1,55,,30135,4,,,1,15,,30078,4,,,1,15,,30098,4,,,1,15,,30117,4,,,1,55,,30136,4,,,1,15,,30079,4,,,1,15,,30099,4,,,1,15,,30118,4,,,1,55,,30137,4,,,1,15,,30080,4,,,1,15,,30100,4,,,1,15,,30119,4,,,1,55,,30138,4,,,1,15,,30081,4,,,1,15,,30101,4,,,1,15,,30120,4,,,1,55,,30139,4,,,1,15,,30082,4,,,1,15,,30102,4,,,1,15,,30121,4,,,1,55,,30140,4,,,1,15,,30083,4,,,1,15,,30103,4,,,1,15,,30122,4,,,1,55,,30141,4,,,1,15,,30084,4,,,1,15,,30104,4,,,1,15,,30123,4,,,1,55,,30142,4,,,1,15,,30085,4,,,1,15,,30105,4,,,1,15,,30124,4,,,1,55,,30143,4,,,1,15,,30086,4,,,1
0,'20260818',511,,30204,4,,,1,15,,30144,4,,,1,20,,30184,4,,,1,55,,30205,4,,,1,15,,30145,4,,,1,15,,30165,4,,,1,15,,30185,4,,,1,55,,30206,4,,,1,15,,30146,4,,,1,15,,30166,4,,,1,15,,30186,4,,,1,55,,30207,4,,,1,15,,30147,4,,,1,15,,30167,4,,,1,15,,30187,4,,,1,55,,30208,4,,,1,15,,30148,4,,,1,15,,30168,4,,,1,15,,30188,4,,,1,55,,30209,4,,,1,15,,30149,4,,,1,15,,30169,4,,,1,15,,30189,4,,,1,55,,30210,4,,,1,15,,30150,4,,,1,15,,30170,4,,,1,15,,30190,4,,,1,55,,30211,4,,,1,15,,30151,4,,,1,15,,30171,4,,,1,15,,30191,4,,,1,55,,30212,4,,,1,15,,30152,4,,,1,15,,30172,4,,,1,15,,30192,4,,,1,55,,30213,4,,,1,15,,30153,4,,,1,15,,30173,4,,,1,15,,30193,4,,,1,55,,30214,4,,,1,15,,30154,4,,,1,15,,30174,4,,,1,15,,30194,4,,,1,55,,30215,4,,,1,15,,30155,4,,,1,15,,30175,4,,,1,15,,30195,4,,,1,55,,30216,4,,,1,15,,30156,4,,,1,15,,30176,4,,,1,15,,30196,4,,,1,55,,30217,4,,,1,15,,30157,4,,,1,15,,30177,4,,,1,15,,30197,4,,,1,55,,30218,4,,,1,15,,30158,4,,,1,15,,30178,4,,,1,15,,30198,4,,,1,55,,30219,4,,,1,15,,30159,4,,,1,15,,30179,4,,,1,15,,30199,4,,,1,55,,30220,4,,,1,15,,30160,4,,,1,15,,30180,4,,,1,15,,30200,4,,,1,55,,30221,4,,,1,15,,30161,4,,,1,15,,30181,4,,,1,15,,30201,4,,,1,55,,30222,4,,,1,15,,30162,4,,,1,15,,30182,4,,,1,15,,30202,4,,,1,55,,30223,4,,,1,15,,30163,4,,,1,15,,30183,4,,,1,15,,30203,4,,,1,55,,30224,4,,,1,15,,30164,4,,,1
0,'20260819',511,,30285,4,,,1,15,,30225,4,,,1,20,,30265,4,,,1,55,,30286,4,,,1,15,,30226,4,,,1,15,,30246,4,,,1,15,,30266,4,,,1,55,,30287,4,,,1,15,,30227,4,,,1,15,,30247,4,,,1,15,,30267,4,,,1,55,,30288,4,,,1,15,,30228,4,,,1,15,,30248,4,,,1,15,,30268,4,,,1,55,,30289,4,,,1,15,,30229,4,,,1,15,,30249,4,,,1,15,,30269,4,,,1,55,,30290,4,,,1,15,,30230,4,,,1,15,,30250,4,,,1,15,,30270,4,,,1,55,,30291,4,,,1,15,,30231,4,,,1,15,,30251,4,,,1,15,,30271,4,,,1,55,,30292,4,,,1,15,,30232,4,,,1,15,,30252,4,,,1,15,,30272,4,,,1,55,,30293,4,,,1,15,,30233,4,,,1,15,,30253,4,,,1,15,,30273,4,,,1,55,,30294,4,,,1,15,,30234,4,,,1,15,,30254,4,,,1,15,,30274,4,,,1,55,,30295,4,,,1,15,,30235,4,,,1,15,,30255,4,,,1,15,,30275,4,,,1,55,,30296,4,,,1,15,,30236,4,,,1,15,,30256,4,,,1,15,,30276,4,,,1,55,,30297,4,,,1,15,,30237,4,,,1,15,,30257,4,,,1,15,,30277,4,,,1,55,,30298,4,,,1,15,,30238,4,,,1,15,,30258,4,,,1,15,,30278,4,,,1,55,,30299,4,,,1,15,,30239,4,,,1,15,,30259,4,,,1,15,,30279,4,,,1,55,,30300,4,,,1,15,,30240,4,,,1,15,,30260,4,,,1,15,,30280,4,,,1,55,,30301,4,,,1,15,,30241,4,,,1,15,,30261,4,,,1,15,,30281,4,,,1,55,,30302,4,,,1,15,,30242,4,,,1,15,,30262,4,,,1,15,,30282,4,,,1,55,,30303,4,,,1,15,,30243,4,,,1,15,,30263,4,,,1,15,,30283,4,,,1,55,,30304,4,,,1,15,,30244,4,,,1,15,,30264,4,,,1,15,,30284,4,,,1,55,,30305,4,,,1,15,,30245,4,,,1
0,'20260820',511,,30366,4,,,1,15,,30306,4,,,1,20,,30346,4,,,1,55,,30367,4,,,1,15,,30307,4,,,1,15,,30327,4,,,1,15,,30347,4,,,1,55,,30368,4,,,1,15,,30308,4,,,1,15,,30328,4,,,1,15,,30348,4,,,1,55,,30369,4,,,1,15,,30309,4,,,1,15,,30329,4,,,1,15,,30349,4,,,1,55,,30370,4,,,1,15,,30310,4,,,1,15,,30330,4,,,1,15,,30350,4,,,1,55,,30371,4,,,1,15,,30311,4,,,1,15,,30331,4,,,1,15,,30351,4,,,1,55,,30372,4,,,1,15,,30312,4,,,1,15,,30332,4,,,1,15,,30352,4,,,1,55,,30373,4,,,1,15,,30313,4,,,1,15,,30333,4,,,1,15,,30353,4,,,1,55,,30374,4,,,1,15,,30314,4,,,1,15,,30334,4,,,1,15,,30354,4,,,1,55,,30375,4,,,1,15,,30315,4,,,1,15,,30335,4,,,1,15,,30355,4,,,1,55,,30376,4,,,1,15,,30316,4,,,1,15,,30336,4,,,1,15,,30356,4,,,1,55,,30377,4,,,1,15,,30317,4,,,1,15,,30337,4,,,1,15,,30357,4,,,1,55,,30378,4,,,1,15,,30318,4,,,1,15,,30338,4,,,1,15,,30358,4,,,1,55,,30379,4,,,1,15,,30319,4,,,1,15,,30339,4,,,1,15,,30359,4,,,1,55,,30380,4,,,1,15,,30320,4,,,1,15,,30340,4,,,1,15,,30360,4,,,1,55,,30381,4,,,1,15,,30321,4,,,1,15,,30341,4,,,1,15,,30361,4,,,1,55,,30382,4,,,1,15,,30322,4,,,1,15,,30342,4,,,1,15,,30362,4,,,1,55,,30383,4,,,1,15,,30323,4,,,1,15,,30343,4,,,1,15,,30363,4,,,1,55,,30384,4,,,1,15,,30324,4,,,1,15,,30344,4,,,1,15,,30364,4,,,1,55,,30385,4,,,1,15,,30325,4,,,1,15,,30345,4,,,1,15,,30365,4,,,1,55,,30386,4,,,1,15,,30326,4,,,1
0,'20260821',511,,30447,4,,,1,15,,30387,4,,,1,20,,30427,4,,,1,55,,30448,4,,,1,15,,30388,4,,,1,15,,30408,4,,,1,15,,30428,4,,,1,55,,30449,4,,,1,15,,30389,4,,,1,15,,30409,4,,,1,15,,30429,4,,,1,55,,30450,4,,,1,15,,30390,4,,,1,15,,30410,4,,,1,15,,30430,4,,,1,55,,30451,4,,,1,15,,30391,4,,,1,15,,30411,4,,,1,15,,30431,4,,,1,55,,30452,4,,,1,15,,30392,4,,,1,15,,30412,4,,,1,15,,30432,4,,,1,55,,30453,4,,,1,15,,30393,4,,,1,15,,30413,4,,,1,15,,30433,4,,,1,55,,30454,4,,,1,15,,30394,4,,,1,15,,30414,4,,,1,15,,30434,4,,,1,55,,30455,4,,,1,15,,30395,4,,,1,15,,30415,4,,,1,15,,30435,4,,,1,55,,30456,4,,,1,15,,30396,4,,,1,15,,30416,4,,,1,15,,30436,4,,,1,55,,30457,4,,,1,15,,30397,4,,,1,15,,30417,4,,,1,15,,30437,4,,,1,55,,30458,4,,,1,15,,30398,4,,,1,15,,30418,4,,,1,15,,30438,4,,,1,55,,30459,4,,,1,15,,30399,4,,,1,15,,30419,4,,,1,15,,30439,4,,,1,55,,30460,4,,,1,15,,30400,4,,,1,15,,30420,4,,,1,15,,30440,4,,,1,55,,30461,4,,,1,15,,30401,4,,,1,15,,30421,4,,,1,15,,30441,4,,,1,55,,30462,4,,,1,15,,30402,4,,,1,15,,30422,4,,,1,15,,30442,4,,,1,55,,30463,4,,,1,15,,30403,4,,,1,15,,30423,4,,,1,15,,30443,4,,,1,55,,30464,4,,,1,15,,30404,4,,,1,15,,30424,4,,,1,15,,30444,4,,,1,55,,30465,4,,,1,15,,30405,4,,,1,15,,30425,4,,,1,15,,30445,4,,,1,55,,30466,4,,,1,15,,30406,4,,,1,15,,30426,4,,,1,15,,30446,4,,,1,55,,30467,4,,,1,15,,30407,4,,,1
0,'20260822',616,,30468,4,,,1,15,,30488,4,,,1,15,,30507,4,,,1,55,,30526,4,,,1,15,,30469,4,,,1,15,,30489,4,,,1,15,,30508,4,,,1,55,,30527,4,,,1,15,,30470,4,,,1,15,,30490,4,,,1,15,,30509,4,,,1,55,,30528,4,,,1,15,,30471,4,,,1,15,,30491,4,,,1,15,,30510,4,,,1,55,,30529,4,,,1,15,,30472,4,,,1,15,,30492,4,,,1,15,,30511,4,,,1,55,,30530,4,,,1,15,,30473,4,,,1,15,,30493,4,,,1,15,,30512,4,,,1,55,,30531,4,,,1,15,,30474,4,,,1,15,,30494,4,,,1,15,,30513,4,,,1,55,,30532,4,,,1,15,,30475,4,,,1,15,,30495,4,,,1,15,,30514,4,,,1,55,,30533,4,,,1,15,,30476,4,,,1,15,,30496,4,,,1,15,,30515,4,,,1,55,,30534,4,,,1,15,,30477,4,,,1,15,,30497,4,,,1,15,,30516,4,,,1,55,,30535,4,,,1,15,,30478,4,,,1,15,,30498,4,,,1,15,,30517,4,,,1,55,,30536,4,,,1,15,,30479,4,,,1,15,,30499,4,,,1,15,,30518,4,,,1,55,,30537,4,,,1,15,,30480,4,,,1,15,,30500,4,,,1,15,,30519,4,,,1,55,,30538,4,,,1,15,,30481,4,,,1,15,,30501,4,,,1,15,,30520,4,,,1,55,,30539,4,,,1,15,,30482,4,,,1,15,,30502,4,,,1,15,,30521,4,,,1,55,,30540,4,,,1,15,,30483,4,,,1,15,,30503,4,,,1,15,,30522,4,,,1,55,,30541,4,,,1,15,,30484,4,,,1,15,,30504,4,,,1,15,,30523,4,,,1,55,,30542,4,,,1,15,,30485,4,,,1,15,,30505,4,,,1,15,,30524,4,,,1,55,,30543,4,,,1,15,,30486,4,,,1,15,,30506,4,,,1,15,,30525,4,,,1,55,,30544,4,,,1,15,,30487,4,,,1
0,'20260823',616,,30545,4,,,1,15,,30565,4,,,1,15,,30584,4,,,1,55,,30603,4,,,1,15,,30546,4,,,1,15,,30566,4,,,1,15,,30585,4,,,1,55,,30604,4,,,1,15,,30547,4,,,1,15,,30567,4,,,1,15,,30586,4,,,1,55,,30605,4,,,1,15,,30548,4,,,1,15,,30568,4,,,1,15,,30587,4,,,1,55,,30606,4,,,1,15,,30549,4,,,1,15,,30569,4,,,1,15,,30588,4,,,1,55,,30607,4,,,1,15,,30550,4,,,1,15,,30570,4,,,1,15,,30589,4,,,1,55,,30608,4,,,1,15,,30551,4,,,1,15,,30571,4,,,1,15,,30590,4,,,1,55,,30609,4,,,1,15,,30552,4,,,1,15,,30572,4,,,1,15,,30591,4,,,1,55,,30610,4,,,1,15,,30553,4,,,1,15,,30573,4,,,1,15,,30592,4,,,1,55,,30611,4,,,1,15,,30554,4,,,1,15,,30574,4,,,1,15,,30593,4,,,1,55,,30612,4,,,1,15,,30555,4,,,1,15,,30575,4,,,1,15,,30594,4,,,1,55,,30613,4,,,1,15,,30556,4,,,1,15,,30576,4,,,1,15,,30595,4,,,1,55,,30614,4,,,1,15,,30557,4,,,1,15,,30577,4,,,1,15,,30596,4,,,1,55,,30615,4,,,1,15,,30558,4,,,1,15,,30578,4,,,1,15,,30597,4,,,1,55,,30616,4,,,1,15,,30559,4,,,1,15,,30579,4,,,1,15,,30598,4,,,1,55,,30617,4,,,1,15,,30560,4,,,1,15,,30580,4,,,1,15,,30599,4,,,1,55,,30618,4,,,1,15,,30561,4,,,1,15,,30581,4,,,1,15,,30600,4,,,1,55,,30619,4,,,1,15,,30562,4,,,1,15,,30582,4,,,1,15,,30601,4,,,1,55,,30620,4,,,1,15,,30563,4,,,1,15,,30583,4,,,1,15,,30602,4,,,1,55,,30621,4,,,1,15,,30564,4,,,1
0,'20260824',616,,30622,4,,,1,15,,30642,4,,,1,15,,30661,4,,,1,55,,30680,4,,,1,15,,30623,4,,,1,15,,30643,4,,,1,15,,30662,4,,,1,55,,30681,4,,,1,15,,30624,4,,,1,15,,30644,4,,,1,15,,30663,4,,,1,55,,30682,4,,,1,15,,30625,4,,,1,15,,30645,4,,,1,15,,30664,4,,,1,55,,30683,4,,,1,15,,30626,4,,,1,15,,30646,4,,,1,15,,30665,4,,,1,55,,30684,4,,,1,15,,30627,4,,,1,15,,30647,4,,,1,15,,30666,4,,,1,55,,30685,4,,,1,15,,30628,4,,,1,15,,30648,4,,,1,15,,30667,4,,,1,55,,30686,4,,,1,15,,30629,4,,,1,15,,30649,4,,,1,15,,30668,4,,,1,55,,30687,4,,,1,15,,30630,4,,,1,15,,30650,4,,,1,15,,30669,4,,,1,55,,30688,4,,,1,15,,30631,4,,,1,15,,30651,4,,,1,15,,30670,4,,,1,55,,30689,4,,,1,15,,30632,4,,,1,15,,30652,4,,,1,15,,30671,4,,,1,55,,30690,4,,,1,15,,30633,4,,,1,15,,30653,4,,,1,15,,30672,4,,,1,55,,30691,4,,,1,15,,30634,4,,,1,15,,30654,4,,,1,15,,30673,4,,,1,55,,30692,4,,,1,15,,30635,4,,,1,15,,30655,4,,,1,15,,30674,4,,,1,55,,30693,4,,,1,15,,30636,4,,,1,15,,30656,4,,,1,15,,30675,4,,,1,55,,30694,4,,,1,15,,30637,4,,,1,15,,30657,4,,,1,15,,30676,4,,,1,55,,30695,4,,,1,15,,30638,4,,,1,15,,30658,4,,,1,15,,30677,4,,,1,55,,30696,4,,,1,15,,30639,4,,,1,15,,30659,4,,,1,15,,30678,4,,,1,55,,30697,4,,,1,15,,30640,4,,,1,15,,30660,4,,,1,15,,30679,4,,,1,55,,30698,4,,,1,15,,30641,4,,,1
0,'20260825',511,,30759,4,,,1,15,,30699,4,,,1,20,,30739,4,,,1,55,,30760,4,,,1,15,,30700,4,,,1,15,,30720,4,,,1,15,,30740,4,,,1,55,,30761,4,,,1,15,,30701,4,,,1,15,,30721,4,,,1,15,,30741,4,,,1,55,,30762,4,,,1,15,,30702,4,,,1,15,,30722,4,,,1,15,,30742,4,,,1,55,,30763,4,,,1,15,,30703,4,,,1,15,,30723,4,,,1,15,,30743,4,,,1,55,,30764,4,,,1,15,,30704,4,,,1,15,,30724,4,,,1,15,,30744,4,,,1,55,,30765,4,,,1,15,,30705,4,,,1,15,,30725,4,,,1,15,,30745,4,,,1,55,,30766,4,,,1,15,,30706,4,,,1,15,,30726,4,,,1,15,,30746,4,,,1,55,,30767,4,,,1,15,,30707,4,,,1,15,,30727,4,,,1,15,,30747,4,,,1,55,,30768,4,,,1,15,,30708,4,,,1,15,,30728,4,,,1,15,,30748,4,,,1,55,,30769,4,,,1,15,,30709,4,,,1,15,,30729,4,,,1,15,,30749,4,,,1,55,,30770,4,,,1,15,,30710,4,,,1,15,,30730,4,,,1,15,,30750,4,,,1,55,,30771,4,,,1,15,,30711,4,,,1,15,,30731,4,,,1,15,,30751,4,,,1,55,,30772,4,,,1,15,,30712,4,,,1,15,,30732,4,,,1,15,,30752,4,,,1,55,,30773,4,,,1,15,,30713,4,,,1,15,,30733,4,,,1,15,,30753,4,,,1,55,,30774,4,,,1,15,,30714,4,,,1,15,,30734,4,,,1,15,,30754,4,,,1,55,,30775,4,,,1,15,,30715,4,,,1,15,,30735,4,,,1,15,,30755,4,,,1,55,,30776,4,,,1,15,,30716,4,,,1,15,,30736,4,,,1,15,,30756,4,,,1,55,,30777,4,,,1,15,,30717,4,,,1,15,,30737,4,,,1,15,,30757,4,,,1,55,,30778,4,,,1,15,,30718,4,,,1,15,,30738,4,,,1,15,,30758,4,,,1,55,,30779,4,,,1,15,,30719,4,,,1
0,'20260826',511,,30840,4,,,1,15,,30780,4,,,1,20,,30820,4,,,1,55,,30841,4,,,1,15,,30781,4,,,1,15,,30801,4,,,1,15,,30821,4,,,1,55,,30842,4,,,1,15,,30782,4,,,1,15,,30802,4,,,1,15,,30822,4,,,1,55,,30843,4,,,1,15,,30783,4,,,1,15,,30803,4,,,1,15,,30823,4,,,1,55,,30844,4,,,1,15,,30784,4,,,1,15,,30804,4,,,1,15,,30824,4,,,1,55,,30845,4,,,1,15,,30785,4,,,1,15,,30805,4,,,1,15,,30825,4,,,1,55,,30846,4,,,1,15,,30786,4,,,1,15,,30806,4,,,1,15,,30826,4,,,1,55,,30847,4,,,1,15,,30787,4,,,1,15,,30807,4,,,1,15,,30827,4,,,1,55,,30848,4,,,1,15,,30788,4,,,1,15,,30808,4,,,1,15,,30828,4,,,1,55,,30849,4,,,1,15,,30789,4,,,1,15,,30809,4,,,1,15,,30829,4,,,1,55,,30850,4,,,1,15,,30790,4,,,1,15,,30810,4,,,1,15,,30830,4,,,1,55,,30851,4,,,1,15,,30791,4,,,1,15,,30811,4,,,1,15,,30831,4,,,1,55,,30852,4,,,1,15,,30792,4,,,1,15,,30812,4,,,1,15,,30832,4,,,1,55,,30853,4,,,1,15,,30793,4,,,1,15,,30813,4,,,1,15,,30833,4,,,1,55,,30854,4,,,1,15,,30794,4,,,1,15,,30814,4,,,1,15,,30834,4,,,1,55,,30855,4,,,1,15,,30795,4,,,1,15,,30815,4,,,1,15,,30835,4,,,1,55,,30856,4,,,1,15,,30796,4,,,1,15,,30816,4,,,1,15,,30836,4,,,1,55,,30857,4,,,1,15,,30797,4,,,1,15,,30817,4,,,1,15,,30837,4,,,1,55,,30858,4,,,1,15,,30798,4,,,1,15,,30818,4,,,1,15,,30838,4,,,1,55,,30859,4,,,1,15,,30799,4,,,1,15,,30819,4,,,1,15,,30839,4,,,1,55,,30860,4,,,1,15,,30800,4,,,1
0,'20260827',511,,30921,4,,,1,15,,30861,4,,,1,20,,30901,4,,,1,55,,30922,4,,,1,15,,30862,4,,,1,15,,30882,4,,,1,15,,30902,4,,,1,55,,30923,4,,,1,15,,30863,4,,,1,15,,30883,4,,,1,15,,30903,4,,,1,55,,30924,4,,,1,15,,30864,4,,,1,15,,30884,4,,,1,15,,30904,4,,,1,55,,30925,4,,,1,15,,30865,4,,,1,15,,30885,4,,,1,15,,30905,4,,,1,55,,30926,4,,,1,15,,30866,4,,,1,15,,30886,4,,,1,15,,30906,4,,,1,55,,30927,4,,,1,15,,30867,4,,,1,15,,30887,4,,,1,15,,30907,4,,,1,55,,30928,4,,,1,15,,30868,4,,,1,15,,30888,4,,,1,15,,30908,4,,,1,55,,30929,4,,,1,15,,30869,4,,,1,15,,30889,4,,,1,15,,30909,4,,,1,55,,30930,4,,,1,15,,30870,4,,,1,15,,30890,4,,,1,15,,30910,4,,,1,55,,30931,4,,,1,15,,30871,4,,,1,15,,30891,4,,,1,15,,30911,4,,,1,55,,30932,4,,,1,15,,30872,4,,,1,15,,30892,4,,,1,15,,30912,4,,,1,55,,30933,4,,,1,15,,30873,4,,,1,15,,30893,4,,,1,15,,30913,4,,,1,55,,30934,4,,,1,15,,30874,4,,,1,15,,30894,4,,,1,15,,30914,4,,,1,55,,30935,4,,,1,15,,30875,4,,,1,15,,30895,4,,,1,15,,30915,4,,,1,55,,30936,4,,,1,15,,30876,4,,,1,15,,30896,4,,,1,15,,30916,4,,,1,55,,30937,4,,,1,15,,30877,4,,,1,15,,30897,4,,,1,15,,30917,4,,,1,55,,30938,4,,,1,15,,30878,4,,,1,15,,30898,4,,,1,15,,30918,4,,,1,55,,30939,4,,,1,15,,30879,4,,,1,15,,30899,4,,,1,15,,30919,4,,,1,55,,30940,4,,,1,15,,30880,4,,,1,15,,30900,4,,,1,15,,30920,4,,,1,55,,30941,4,,,1,15,,30881,4,,,1
0,'20260828',511,,31002,4,,,1,15,,30942,4,,,1,20,,30982,4,,,1,55,,31003,4,,,1,15,,30943,4,,,1,15,,30963,4,,,1,15,,30983,4,,,1,55,,31004,4,,,1,15,,30944,4,,,1,15,,30964,4,,,1,15,,30984,4,,,1,55,,31005,4,,,1,15,,30945,4,,,1,15,,30965,4,,,1,15,,30985,4,,,1,55,,31006,4,,,1,15,,30946,4,,,1,15,,30966,4,,,1,15,,30986,4,,,1,55,,31007,4,,,1,15,,30947,4,,,1,15,,30967,4,,,1,15,,30987,4,,,1,55,,31008,4,,,1,15,,30948,4,,,1,15,,30968,4,,,1,15,,30988,4,,,1,55,,31009,4,,,1,15,,30949,4,,,1,15,,30969,4,,,1,15,,30989,4,,,1,55,,31010,4,,,1,15,,30950,4,,,1,15,,30970,4,,,1,15,,30990,4,,,1,55,,31011,4,,,1,15,,30951,4,,,1,15,,30971,4,,,1,15,,30991,4,,,1,55,,31012,4,,,1,15,,30952,4,,,1,15,,30972,4,,,1,15,,30992,4,,,1,55,,31013,4,,,1,15,,30953,4,,,1,15,,30973,4,,,1,15,,30993,4,,,1,55,,31014,4,,,1,15,,30954,4,,,1,15,,30974,4,,,1,15,,30994,4,,,1,55,,31015,4,,,1,15,,30955,4,,,1,15,,30975,4,,,1,15,,30995,4,,,1,55,,31016,4,,,1,15,,30956,4,,,1,15,,30976,4,,,1,15,,30996,4,,,1,55,,31017,4,,,1,15,,30957,4,,,1,15,,30977,4,,,1,15,,30997,4,,,1,55,,31018,4,,,1,15,,30958,4,,,1,15,,30978,4,,,1,15,,30998,4,,,1,55,,31019,4,,,1,15,,30959,4,,,1,15,,30979,4,,,1,15,,30999,4,,,1,55,,31020,4,,,1,15,,30960,4,,,1,15,,30980,4,,,1,15,,31000,4,,,1,55,,31021,4,,,1,15,,30961,4,,,1,15,,30981,4,,,1,15,,31001,4,,,1,55,,31022,4,,,1,15,,30962,4,,,1
0,'20260829',616,,31023,4,,,1,15,,31043,4,,,1,15,,31062,4,,,1,55,,31081,4,,,1,15,,31024,4,,,1,15,,31044,4,,,1,15,,31063,4,,,1,55,,31082,4,,,1,15,,31025,4,,,1,15,,31045,4,,,1,15,,31064,4,,,1,55,,31083,4,,,1,15,,31026,4,,,1,15,,31046,4,,,1,15,,31065,4,,,1,55,,31084,4,,,1,15,,31027,4,,,1,15,,31047,4,,,1,15,,31066,4,,,1,55,,31085,4,,,1,15,,31028,4,,,1,15,,31048,4,,,1,15,,31067,4,,,1,55,,31086,4,,,1,15,,31029,4,,,1,15,,31049,4,,,1,15,,31068,4,,,1,55,,31087,4,,,1,15,,31030,4,,,1,15,,31050,4,,,1,15,,31069,4,,,1,55,,31088,4,,,1,15,,31031,4,,,1,15,,31051,4,,,1,15,,31070,4,,,1,55,,31089,4,,,1,15,,31032,4,,,1,15,,31052,4,,,1,15,,31071,4,,,1,55,,31090,4,,,1,15,,31033,4,,,1,15,,31053,4,,,1,15,,31072,4,,,1,55,,31091,4,,,1,15,,31034,4,,,1,15,,31054,4,,,1,15,,31073,4,,,1,55,,31092,4,,,1,15,,31035,4,,,1,15,,31055,4,,,1,15,,31074,4,,,1,55,,31093,4,,,1,15,,31036,4,,,1,15,,31056,4,,,1,15,,31075,4,,,1,55,,31094,4,,,1,15,,31037,4,,,1,15,,31057,4,,,1,15,,31076,4,,,1,55,,31095,4,,,1,15,,31038,4,,,1,15,,31058,4,,,1,15,,31077,4,,,1,55,,31096,4,,,1,15,,31039,4,,,1,15,,31059,4,,,1,15,,31078,4,,,1,55,,31097,4,,,1,15,,31040,4,,,1,15,,31060,4,,,1,15,,31079,4,,,1,55,,31098,4,,,1,15,,31041,4,,,1,15,,31061,4,,,1,15,,31080,4,,,1,55,,31099,4,,,1,15,,31042,4,,,1
0,'20260830',616,,31100,4,,,1,15,,31120,4,,,1,15,,31139,4,,,1,55,,31158,4,,,1,15,,31101,4,,,1,15,,31121,4,,,1,15,,31140,4,,,1,55,,31159,4,,,1,15,,31102,4,,,1,15,,31122,4,,,1,15,,31141,4,,,1,55,,31160,4,,,1,15,,31103,4,,,1,15,,31123,4,,,1,15,,31142,4,,,1,55,,31161,4,,,1,15,,31104,4,,,1,15,,31124,4,,,1,15,,31143,4,,,1,55,,31162,4,,,1,15,,31105,4,,,1,15,,31125,4,,,1,15,,31144,4,,,1,55,,31163,4,,,1,15,,31106,4,,,1,15,,31126,4,,,1,15,,31145,4,,,1,55,,31164,4,,,1,15,,31107,4,,,1,15,,31127,4,,,1,15,,31146,4,,,1,55,,31165,4,,,1,15,,31108,4,,,1,15,,31128,4,,,1,15,,31147,4,,,1,55,,31166,4,,,1,15,,31109,4,,,1,15,,31129,4,,,1,15,,31148,4,,,1,55,,31167,4,,,1,15,,31110,4,,,1,15,,31130,4,,,1,15,,31149,4,,,1,55,,31168,4,,,1,15,,31111,4,,,1,15,,31131,4,,,1,15,,31150,4,,,1,55,,31169,4,,,1,15,,31112,4,,,1,15,,31132,4,,,1,15,,31151,4,,,1,55,,31170,4,,,1,15,,31113,4,,,1,15,,31133,4,,,1,15,,31152,4,,,1,55,,31171,4,,,1,15,,31114,4,,,1,15,,31134,4,,,1,15,,31153,4,,,1,55,,31172,4,,,1,15,,31115,4,,,1,15,,31135,4,,,1,15,,31154,4,,,1,55,,31173,4,,,1,15,,31116,4,,,1,15,,31136,4,,,1,15,,31155,4,,,1,55,,31174,4,,,1,15,,31117,4,,,1,15,,31137,4,,,1,15,,31156,4,,,1,55,,31175,4,,,1,15,,31118,4,,,1,15,,31138,4,,,1,15,,31157,4,,,1,55,,31176,4,,,1,15,,31119,4,,,1
0,'20260831',616,,31177,4,,,1,15,,31197,4,,,1,15,,31216,4,,,1,55,,31235,4,,,1,15,,31178,4,,,1,15,,31198,4,,,1,15,,31217,4,,,1,55,,31236,4,,,1,15,,31179,4,,,1,15,,31199,4,,,1,15,,31218,4,,,1,55,,31237,4,,,1,15,,31180,4,,,1,15,,31200,4,,,1,15,,31219,4,,,1,55,,31238,4,,,1,15,,31181,4,,,1,15,,31201,4,,,1,15,,31220,4,,,1,55,,31239,4,,,1,15,,31182,4,,,1,15,,31202,4,,,1,15,,31221,4,,,1,55,,31240,4,,,1,15,,31183,4,,,1,15,,31203,4,,,1,15,,31222,4,,,1,55,,31241,4,,,1,15,,31184,4,,,1,15,,31204,4,,,1,15,,31223,4,,,1,55,,31242,4,,,1,15,,31185,4,,,1,15,,31205,4,,,1,15,,31224,4,,,1,55,,31243,4,,,1,15,,31186,4,,,1,15,,31206,4,,,1,15,,31225,4,,,1,55,,31244,4,,,1,15,,31187,4,,,1,15,,31207,4,,,1,15,,31226,4,,,1,55,,31245,4,,,1,15,,31188,4,,,1,15,,31208,4,,,1,15,,31227,4,,,1,55,,31246,4,,,1,15,,31189,4,,,1,15,,31209,4,,,1,15,,31228,4,,,1,55,,31247,4,,,1,15,,31190,4,,,1,15,,31210,4,,,1,15,,31229,4,,,1,55,,31248,4,,,1,15,,31191,4,,,1,15,,31211,4,,,1,15,,31230,4,,,1,55,,31249,4,,,1,15,,31192,4,,,1,15,,31212,4,,,1,15,,31231,4,,,1,55,,31250,4,,,1,15,,31193,4,,,1,15,,31213,4,,,1,15,,31232,4,,,1,55,,31251,4,,,1,15,,31194,4,,,1,15,,31214,4,,,1,15,,31233,4,,,1,55,,31252,4,,,1,15,,31195,4,,,1,15,,31215,4,,,1,15,,31234,4,,,1,55,,31253,4,,,1,15,,31196,4,,,1
0,'20260901',511,,31314,4,,,1,15,,31254,4,,,1,20,,31294,4,,,1,55,,31315,4,,,1,15,,31255,4,,,1,15,,31275,4,,,1,15,,31295,4,,,1,55,,31316,4,,,1,15,,31256,4,,,1,15,,31276,4,,,1,15,,31296,4,,,1,55,,31317,4,,,1,15,,31257,4,,,1,15,,31277,4,,,1,15,,31297,4,,,1,55,,31318,4,,,1,15,,31258,4,,,1,15,,31278,4,,,1,15,,31298,4,,,1,55,,31319,4,,,1,15,,31259,4,,,1,15,,31279,4,,,1,15,,31299,4,,,1,55,,31320,4,,,1,15,,31260,4,,,1,15,,31280,4,,,1,15,,31300,4,,,1,55,,31321,4,,,1,15,,31261,4,,,1,15,,31281,4,,,1,15,,31301,4,,,1,55,,31322,4,,,1,15,,31262,4,,,1,15,,31282,4,,,1,15,,31302,4,,,1,55,,31323,4,,,1,15,,31263,4,,,1,15,,31283,4,,,1,15,,31303,4,,,1,55,,31324,4,,,1,15,,31264,4,,,1,15,,31284,4,,,1,15,,31304,4,,,1,55,,31325,4,,,1,15,,31265,4,,,1,15,,31285,4,,,1,15,,31305,4,,,1,55,,31326,4,,,1,15,,31266,4,,,1,15,,31286,4,,,1,15,,31306,4,,,1,55,,31327,4,,,1,15,,31267,4,,,1,15,,31287,4,,,1,15,,31307,4,,,1,55,,31328,4,,,1,15,,31268,4,,,1,15,,31288,4,,,1,15,,31308,4,,,1,55,,31329,4,,,1,15,,31269,4,,,1,15,,31289,4,,,1,15,,31309,4,,,1,55,,31330,4,,,1,15,,31270,4,,,1,15,,31290,4,,,1,15,,31310,4,,,1,55,,31331,4,,,1,15,,31271,4,,,1,15,,31291,4,,,1,15,,31311,4,,,1,55,,31332,4,,,1,15,,31272,4,,,1,15,,31292,4,,,1,15,,31312,4,,,1,55,,31333,4,,,1,15,,31273,4,,,1,15,,31293,4,,,1,15,,31313,4,,,1,55,,31334,4,,,1,15,,31274,4,,,1
0,'20260902',511,,31395,4,,,1,15,,31335,4,,,1,20,,31375,4,,,1,55,,31396,4,,,1,15,,31336,4,,,1,15,,31356,4,,,1,15,,31376,4,,,1,55,,31397,4,,,1,15,,31337,4,,,1,15,,31357,4,,,1,15,,31377,4,,,1,55,,31398,4,,,1,15,,31338,4,,,1,15,,31358,4,,,1,15,,31378,4,,,1,55,,31399,4,,,1,15,,31339,4,,,1,15,,31359,4,,,1,15,,31379,4,,,1,55,,31400,4,,,1,15,,31340,4,,,1,15,,31360,4,,,1,15,,31380,4,,,1,55,,31401,4,,,1,15,,31341,4,,,1,15,,31361,4,,,1,15,,31381,4,,,1,55,,31402,4,,,1,15,,31342,4,,,1,15,,31362,4,,,1,15,,31382,4,,,1,55,,31403,4,,,1,15,,31343,4,,,1,15,,31363,4,,,1,15,,31383,4,,,1,55,,31404,4,,,1,15,,31344,4,,,1,15,,31364,4,,,1,15,,31384,4,,,1,55,,31405,4,,,1,15,,31345,4,,,1,15,,31365,4,,,1,15,,31385,4,,,1,55,,31406,4,,,1,15,,31346,4,,,1,15,,31366,4,,,1,15,,31386,4,,,1,55,,31407,4,,,1,15,,31347,4,,,1,15,,31367,4,,,1,15,,31387,4,,,1,55,,31408,4,,,1,15,,31348,4,,,1,15,,31368,4,,,1,15,,31388,4,,,1,55,,31409,4,,,1,15,,31349,4,,,1,15,,31369,4,,,1,15,,31389,4,,,1,55,,31410,4,,,1,15,,31350,4,,,1,15,,31370,4,,,1,15,,31390,4,,,1,55,,31411,4,,,1,15,,31351,4,,,1,15,,31371,4,,,1,15,,31391,4,,,1,55,,31412,4,,,1,15,,31352,4,,,1,15,,31372,4,,,1,15,,31392,4,,,1,55,,31413,4,,,1,15,,31353,4,,,1,15,,31373,4,,,1,15,,31393,4,,,1,55,,31414,4,,,1,15,,31354,4,,,1,15,,31374,4,,,1,15,,31394,4,,,1,55,,31415,4,,,1,15,,31355,4,,,1
0,'20260903',511,,31476,4,,,1,15,,31416,4,,,1,20,,31456,4,,,1,55,,31477,4,,,1,15,,31417,4,,,1,15,,31437,4,,,1,15,,31457,4,,,1,55,,31478,4,,,1,15,,31418,4,,,1,15,,31438,4,,,1,15,,31458,4,,,1,55,,31479,4,,,1,15,,31419,4,,,1,15,,31439,4,,,1,15,,31459,4,,,1,55,,31480,4,,,1,15,,31420,4,,,1,15,,31440,4,,,1,15,,31460,4,,,1,55,,31481,4,,,1,15,,31421,4,,,1,15,,31441,4,,,1,15,,31461,4,,,1,55,,31482,4,,,1,15,,31422,4,,,1,15,,31442,4,,,1,15,,31462,4,,,1,55,,31483,4,,,1,15,,31423,4,,,1,15,,31443,4,,,1,15,,31463,4,,,1,55,,31484,4,,,1,15,,31424,4,,,1,15,,31444,4,,,1,15,,31464,4,,,1,55,,31485,4,,,1,15,,31425,4,,,1,15,,31445,4,,,1,15,,31465,4,,,1,55,,31486,4,,,1,15,,31426,4,,,1,15,,31446,4,,,1,15,,31466,4,,,1,55,,31487,4,,,1,15,,31427,4,,,1,15,,31447,4,,,1,15,,31467,4,,,1,55,,31488,4,,,1,15,,31428,4,,,1,15,,31448,4,,,1,15,,31468,4,,,1,55,,31489,4,,,1,15,,31429,4,,,1,15,,31449,4,,,1,15,,31469,4,,,1,55,,31490,4,,,1,15,,31430,4,,,1,15,,31450,4,,,1,15,,31470,4,,,1,55,,31491,4,,,1,15,,31431,4,,,1,15,,31451,4,,,1,15,,31471,4,,,1,55,,31492,4,,,1,15,,31432,4,,,1,15,,31452,4,,,1,15,,31472,4,,,1,55,,31493,4,,,1,15,,31433,4,,,1,15,,31453,4,,,1,15,,31473,4,,,1,55,,31494,4,,,1,15,,31434,4,,,1,15,,31454,4,,,1,15,,31474,4,,,1,55,,31495,4,,,1,15,,31435,4,,,1,15,,31455,4,,,1,15,,31475,4,,,1,55,,31496,4,,,1,15,,31436,4,,,1
0,'20260904',511,,31557,4,,,1,15,,31497,4,,,1,20,,31537,4,,,1,55,,31558,4,,,1,15,,31498,4,,,1,15,,31518,4,,,1,15,,31538,4,,,1,55,,31559,4,,,1,15,,31499,4,,,1,15,,31519,4,,,1,15,,31539,4,,,1,55,,31560,4,,,1,15,,31500,4,,,1,15,,31520,4,,,1,15,,31540,4,,,1,55,,31561,4,,,1,15,,31501,4,,,1,15,,31521,4,,,1,15,,31541,4,,,1,55,,31562,4,,,1,15,,31502,4,,,1,15,,31522,4,,,1,15,,31542,4,,,1,55,,31563,4,,,1,15,,31503,4,,,1,15,,31523,4,,,1,15,,31543,4,,,1,55,,31564,4,,,1,15,,31504,4,,,1,15,,31524,4,,,1,15,,31544,4,,,1,55,,31565,4,,,1,15,,31505,4,,,1,15,,31525,4,,,1,15,,31545,4,,,1,55,,31566,4,,,1,15,,31506,4,,,1,15,,31526,4,,,1,15,,31546,4,,,1,55,,31567,4,,,1,15,,31507,4,,,1,15,,31527,4,,,1,15,,31547,4,,,1,55,,31568,4,,,1,15,,31508,4,,,1,15,,31528,4,,,1,15,,31548,4,,,1,55,,31569,4,,,1,15,,31509,4,,,1,15,,31529,4,,,1,15,,31549,4,,,1,55,,31570,4,,,1,15,,31510,4,,,1,15,,31530,4,,,1,15,,31550,4,,,1,55,,31571,4,,,1,15,,31511,4,,,1,15,,31531,4,,,1,15,,31551,4,,,1,55,,31572,4,,,1,15,,31512,4,,,1,15,,31532,4,,,1,15,,31552,4,,,1,55,,31573,4,,,1,15,,31513,4,,,1,15,,31533,4,,,1,15,,31553,4,,,1,55,,31574,4,,,1,15,,31514,4,,,1,15,,31534,4,,,1,15,,31554,4,,,1,55,,31575,4,,,1,15,,31515,4,,,1,15,,31535,4,,,1,15,,31555,4,,,1,55,,31576,4,,,1,15,,31516,4,,,1,15,,31536,4,,,1,15,,31556,4,,,1,55,,31577,4,,,1,15,,31517,4,,,1
0,'20260905',616,,31578,4,,,1,15,,31598,4,,,1,15,,31617,4,,,1,55,,31636,4,,,1,15,,31579,4,,,1,15,,31599,4,,,1,15,,31618,4,,,1,55,,31637,4,,,1,15,,31580,4,,,1,15,,31600,4,,,1,15,,31619,4,,,1,55,,31638,4,,,1,15,,31581,4,,,1,15,,31601,4,,,1,15,,31620,4,,,1,55,,31639,4,,,1,15,,31582,4,,,1,15,,31602,4,,,1,15,,31621,4,,,1,55,,31640,4,,,1,15,,31583,4,,,1,15,,31603,4,,,1,15,,31622,4,,,1,55,,31641,4,,,1,15,,31584,4,,,1,15,,31604,4,,,1,15,,31623,4,,,1,55,,31642,4,,,1,15,,31585,4,,,1,15,,31605,4,,,1,15,,31624,4,,,1,55,,31643,4,,,1,15,,31586,4,,,1,15,,31606,4,,,1,15,,31625,4,,,1,55,,31644,4,,,1,15,,31587,4,,,1,15,,31607,4,,,1,15,,31626,4,,,1,55,,31645,4,,,1,15,,31588,4,,,1,15,,31608,4,,,1,15,,31627,4,,,1,55,,31646,4,,,1,15,,31589,4,,,1,15,,31609,4,,,1,15,,31628,4,,,1,55,,31647,4,,,1,15,,31590,4,,,1,15,,31610,4,,,1,15,,31629,4,,,1,55,,31648,4,,,1,15,,31591,4,,,1,15,,31611,4,,,1,15,,31630,4,,,1,55,,31649,4,,,1,15,,31592,4,,,1,15,,31612,4,,,1,15,,31631,4,,,1,55,,31650,4,,,1,15,,31593,4,,,1,15,,31613,4,,,1,15,,31632,4,,,1,55,,31651,4,,,1,15,,31594,4,,,1,15,,31614,4,,,1,15,,31633,4,,,1,55,,31652,4,,,1,15,,31595,4,,,1,15,,31615,4,,,1,15,,31634,4,,,1,55,,31653,4,,,1,15,,31596,4,,,1,15,,31616,4,,,1,15,,31635,4,,,1,55,,31654,4,,,1,15,,31597,4,,,1
0,'20260906',616,,31655,4,,,1,15,,31675,4,,,1,15,,31694,4,,,1,55,,31713,4,,,1,15,,31656,4,,,1,15,,31676,4,,,1,15,,31695,4,,,1,55,,31714,4,,,1,15,,31657,4,,,1,15,,31677,4,,,1,15,,31696,4,,,1,55,,31715,4,,,1,15,,31658,4,,,1,15,,31678,4,,,1,15,,31697,4,,,1,55,,31716,4,,,1,15,,31659,4,,,1,15,,31679,4,,,1,15,,31698,4,,,1,55,,31717,4,,,1,15,,31660,4,,,1,15,,31680,4,,,1,15,,31699,4,,,1,55,,31718,4,,,1,15,,31661,4,,,1,15,,31681,4,,,1,15,,31700,4,,,1,55,,31719,4,,,1,15,,31662,4,,,1,15,,31682,4,,,1,15,,31701,4,,,1,55,,31720,4,,,1,15,,31663,4,,,1,15,,31683,4,,,1,15,,31702,4,,,1,55,,31721,4,,,1,15,,31664,4,,,1,15,,31684,4,,,1,15,,31703,4,,,1,55,,31722,4,,,1,15,,31665,4,,,1,15,,31685,4,,,1,15,,31704,4,,,1,55,,31723,4,,,1,15,,31666,4,,,1,15,,31686,4,,,1,15,,31705,4,,,1,55,,31724,4,,,1,15,,31667,4,,,1,15,,31687,4,,,1,15,,31706,4,,,1,55,,31725,4,,,1,15,,31668,4,,,1,15,,31688,4,,,1,15,,31707,4,,,1,55,,31726,4,,,1,15,,31669,4,,,1,15,,31689,4,,,1,15,,31708,4,,,1,55,,31727,4,,,1,15,,31670,4,,,1,15,,31690,4,,,1,15,,31709,4,,,1,55,,31728,4,,,1,15,,31671,4,,,1,15,,31691,4,,,1,15,,31710,4,,,1,55,,31729,4,,,1,15,,31672,4,,,1,15,,31692,4,,,1,15,,31711,4,,,1,55,,31730,4,,,1,15,,31673,4,,,1,15,,31693,4,,,1,15,,31712,4,,,1,55,,31731,4,,,1,15,,31674,4,,,1
0,'20260907',616,,31732,4,,,1,15,,31752,4,,,1,15,,31771,4,,,1,55,,31790,4,,,1,15,,31733,4,,,1,15,,31753,4,,,1,15,,31772,4,,,1,55,,31791,4,,,1,15,,31734,4,,,1,15,,31754,4,,,1,15,,31773,4,,,1,55,,31792,4,,,1,15,,31735,4,,,1,15,,31755,4,,,1,15,,31774,4,,,1,55,,31793,4,,,1,15,,31736,4,,,1,15,,31756,4,,,1,15,,31775,4,,,1,55,,31794,4,,,1,15,,31737,4,,,1,15,,31757,4,,,1,15,,31776,4,,,1,55,,31795,4,,,1,15,,31738,4,,,1,15,,31758,4,,,1,15,,31777,4,,,1,55,,31796,4,,,1,15,,31739,4,,,1,15,,31759,4,,,1,15,,31778,4,,,1,55,,31797,4,,,1,15,,31740,4,,,1,15,,31760,4,,,1,15,,31779,4,,,1,55,,31798,4,,,1,15,,31741,4,,,1,15,,31761,4,,,1,15,,31780,4,,,1,55,,31799,4,,,1,15,,31742,4,,,1,15,,31762,4,,,1,15,,31781,4,,,1,55,,31800,4,,,1,15,,31743,4,,,1,15,,31763,4,,,1,15,,31782,4,,,1,55,,31801,4,,,1,15,,31744,4,,,1,15,,31764,4,,,1,15,,31783,4,,,1,55,,31802,4,,,1,15,,31745,4,,,1,15,,31765,4,,,1,15,,31784,4,,,1,55,,31803,4,,,1,15,,31746,4,,,1,15,,31766,4,,,1,15,,31785,4,,,1,55,,31804,4,,,1,15,,31747,4,,,1,15,,31767,4,,,1,15,,31786,4,,,1,55,,31805,4,,,1,15,,31748,4,,,1,15,,31768,4,,,1,15,,31787,4,,,1,55,,31806,4,,,1,15,,31749,4,,,1,15,,31769,4,,,1,15,,31788,4,,,1,55,,31807,4,,,1,15,,31750,4,,,1,15,,31770,4,,,1,15,,31789,4,,,1,55,,31808,4,,,1,15,,31751,4,,,1
0,'20260908',511,,31869,4,,,1,15,,31809,4,,,1,20,,31849,4,,,1,55,,31870,4,,,1,15,,31810,4,,,1,15,,31830,4,,,1,15,,31850,4,,,1,55,,31871,4,,,1,15,,31811,4,,,1,15,,31831,4,,,1,15,,31851,4,,,1,55,,31872,4,,,1,15,,31812,4,,,1,15,,31832,4,,,1,15,,31852,4,,,1,55,,31873,4,,,1,15,,31813,4,,,1,15,,31833,4,,,1,15,,31853,4,,,1,55,,31874,4,,,1,15,,31814,4,,,1,15,,31834,4,,,1,15,,31854,4,,,1,55,,31875,4,,,1,15,,31815,4,,,1,15,,31835,4,,,1,15,,31855,4,,,1,55,,31876,4,,,1,15,,31816,4,,,1,15,,31836,4,,,1,15,,31856,4,,,1,55,,31877,4,,,1,15,,31817,4,,,1,15,,31837,4,,,1,15,,31857,4,,,1,55,,31878,4,,,1,15,,31818,4,,,1,15,,31838,4,,,1,15,,31858,4,,,1,55,,31879,4,,,1,15,,31819,4,,,1,15,,31839,4,,,1,15,,31859,4,,,1,55,,31880,4,,,1,15,,31820,4,,,1,15,,31840,4,,,1,15,,31860,4,,,1,55,,31881,4,,,1,15,,31821,4,,,1,15,,31841,4,,,1,15,,31861,4,,,1,55,,31882,4,,,1,15,,31822,4,,,1,15,,31842,4,,,1,15,,31862,4,,,1,55,,31883,4,,,1,15,,31823,4,,,1,15,,31843,4,,,1,15,,31863,4,,,1,55,,31884,4,,,1,15,,31824,4,,,1,15,,31844,4,,,1,15,,31864,4,,,1,55,,31885,4,,,1,15,,31825,4,,,1,15,,31845,4,,,1,15,,31865,4,,,1,55,,31886,4,,,1,15,,31826,4,,,1,15,,31846,4,,,1,15,,31866,4,,,1,55,,31887,4,,,1,15,,31827,4,,,1,15,,31847,4,,,1,15,,31867,4,,,1,55,,31888,4,,,1,15,,31828,4,,,1,15,,31848,4,,,1,15,,31868,4,,,1,55,,31889,4,,,1,15,,31829,4,,,1
0,'20260909',511,,31950,4,,,1,15,,31890,4,,,1,20,,31930,4,,,1,55,,31951,4,,,1,15,,31891,4,,,1,15,,31911,4,,,1,15,,31931,4,,,1,55,,31952,4,,,1,15,,31892,4,,,1,15,,31912,4,,,1,15,,31932,4,,,1,55,,31953,4,,,1,15,,31893,4,,,1,15,,31913,4,,,1,15,,31933,4,,,1,55,,31954,4,,,1,15,,31894,4,,,1,15,,31914,4,,,1,15,,31934,4,,,1,55,,31955,4,,,1,15,,31895,4,,,1,15,,31915,4,,,1,15,,31935,4,,,1,55,,31956,4,,,1,15,,31896,4,,,1,15,,31916,4,,,1,15,,31936,4,,,1,55,,31957,4,,,1,15,,31897,4,,,1,15,,31917,4,,,1,15,,31937,4,,,1,55,,31958,4,,,1,15,,31898,4,,,1,15,,31918,4,,,1,15,,31938,4,,,1,55,,31959,4,,,1,15,,31899,4,,,1,15,,31919,4,,,1,15,,31939,4,,,1,55,,31960,4,,,1,15,,31900,4,,,1,15,,31920,4,,,1,15,,31940,4,,,1,55,,31961,4,,,1,15,,31901,4,,,1,15,,31921,4,,,1,15,,31941,4,,,1,55,,31962,4,,,1,15,,31902,4,,,1,15,,31922,4,,,1,15,,31942,4,,,1,55,,31963,4,,,1,15,,31903,4,,,1,15,,31923,4,,,1,15,,31943,4,,,1,55,,31964,4,,,1,15,,31904,4,,,1,15,,31924,4,,,1,15,,31944,4,,,1,55,,31965,4,,,1,15,,31905,4,,,1,15,,31925,4,,,1,15,,31945,4,,,1,55,,31966,4,,,1,15,,31906,4,,,1,15,,31926,4,,,1,15,,31946,4,,,1,55,,31967,4,,,1,15,,31907,4,,,1,15,,31927,4,,,1,15,,31947,4,,,1,55,,31968,4,,,1,15,,31908,4,,,1,15,,31928,4,,,1,15,,31948,4,,,1,55,,31969,4,,,1,15,,31909,4,,,1,15,,31929,4,,,1,15,,31949,4,,,1,55,,31970,4,,,1,15,,31910,4,,,1
0,'20260910',511,,32031,4,,,1,15,,31971,4,,,1,20,,32011,4,,,1,55,,32032,4,,,1,15,,31972,4,,,1,15,,31992,4,,,1,15,,32012,4,,,1,55,,32033,4,,,1,15,,31973,4,,,1,15,,31993,4,,,1,15,,32013,4,,,1,55,,32034,4,,,1,15,,31974,4,,,1,15,,31994,4,,,1,15,,32014,4,,,1,55,,32035,4,,,1,15,,31975,4,,,1,15,,31995,4,,,1,15,,32015,4,,,1,55,,32036,4,,,1,15,,31976,4,,,1,15,,31996,4,,,1,15,,32016,4,,,1,55,,32037,4,,,1,15,,31977,4,,,1,15,,31997,4,,,1,15,,32017,4,,,1,55,,32038,4,,,1,15,,31978,4,,,1,15,,31998,4,,,1,15,,32018,4,,,1,55,,32039,4,,,1,15,,31979,4,,,1,15,,31999,4,,,1,15,,32019,4,,,1,55,,32040,4,,,1,15,,31980,4,,,1,15,,32000,4,,,1,15,,32020,4,,,1,55,,32041,4,,,1,15,,31981,4,,,1,15,,32001,4,,,1,15,,32021,4,,,1,55,,32042,4,,,1,15,,31982,4,,,1,15,,32002,4,,,1,15,,32022,4,,,1,55,,32043,4,,,1,15,,31983,4,,,1,15,,32003,4,,,1,15,,32023,4,,,1,55,,32044,4,,,1,15,,31984,4,,,1,15,,32004,4,,,1,15,,32024,4,,,1,55,,32045,4,,,1,15,,31985,4,,,1,15,,32005,4,,,1,15,,32025,4,,,1,55,,32046,4,,,1,15,,31986,4,,,1,15,,32006,4,,,1,15,,32026,4,,,1,55,,32047,4,,,1,15,,31987,4,,,1,15,,32007,4,,,1,15,,32027,4,,,1,55,,32048,4,,,1,15,,31988,4,,,1,15,,32008,4,,,1,15,,32028,4,,,1,55,,32049,4,,,1,15,,31989,4,,,1,15,,32009,4,,,1,15,,32029,4,,,1,55,,32050,4,,,1,15,,31990,4,,,1,15,,32010,4,,,1,15,,32030,4,,,1,55,,32051,4,,,1,15,,31991,4,,,1
0,'20260911',511,,32112,4,,,1,15,,32052,4,,,1,20,,32092,4,,,1,55,,32113,4,,,1,15,,32053,4,,,1,15,,32073,4,,,1,15,,32093,4,,,1,55,,32114,4,,,1,15,,32054,4,,,1,15,,32074,4,,,1,15,,32094,4,,,1,55,,32115,4,,,1,15,,32055,4,,,1,15,,32075,4,,,1,15,,32095,4,,,1,55,,32116,4,,,1,15,,32056,4,,,1,15,,32076,4,,,1,15,,32096,4,,,1,55,,32117,4,,,1,15,,32057,4,,,1,15,,32077,4,,,1,15,,32097,4,,,1,55,,32118,4,,,1,15,,32058,4,,,1,15,,32078,4,,,1,15,,32098,4,,,1,55,,32119,4,,,1,15,,32059,4,,,1,15,,32079,4,,,1,15,,32099,4,,,1,55,,32120,4,,,1,15,,32060,4,,,1,15,,32080,4,,,1,15,,32100,4,,,1,55,,32121,4,,,1,15,,32061,4,,,1,15,,32081,4,,,1,15,,32101,4,,,1,55,,32122,4,,,1,15,,32062,4,,,1,15,,32082,4,,,1,15,,32102,4,,,1,55,,32123,4,,,1,15,,32063,4,,,1,15,,32083,4,,,1,15,,32103,4,,,1,55,,32124,4,,,1,15,,32064,4,,,1,15,,32084,4,,,1,15,,32104,4,,,1,55,,32125,4,,,1,15,,32065,4,,,1,15,,32085,4,,,1,15,,32105,4,,,1,55,,32126,4,,,1,15,,32066,4,,,1,15,,32086,4,,,1,15,,32106,4,,,1,55,,32127,4,,,1,15,,32067,4,,,1,15,,32087,4,,,1,15,,32107,4,,,1,55,,32128,4,,,1,15,,32068,4,,,1,15,,32088,4,,,1,15,,32108,4,,,1,55,,32129,4,,,1,15,,32069,4,,,1,15,,32089,4,,,1,15,,32109,4,,,1,55,,32130,4,,,1,15,,32070,4,,,1,15,,32090,4,,,1,15,,32110,4,,,1,55,,32131,4,,,1,15,,32071,4,,,1,15,,32091,4,,,1,15,,32111,4,,,1,55,,32132,4,,,1,15,,32072,4,,,1
0,'20260912',616,,32133,4,,,1,15,,32153,4,,,1,15,,32172,4,,,1,55,,32191,4,,,1,15,,32134,4,,,1,15,,32154,4,,,1,15,,32173,4,,,1,55,,32192,4,,,1,15,,32135,4,,,1,15,,32155,4,,,1,15,,32174,4,,,1,55,,32193,4,,,1,15,,32136,4,,,1,15,,32156,4,,,1,15,,32175,4,,,1,55,,32194,4,,,1,15,,32137,4,,,1,15,,32157,4,,,1,15,,32176,4,,,1,55,,32195,4,,,1,15,,32138,4,,,1,15,,32158,4,,,1,15,,32177,4,,,1,55,,32196,4,,,1,15,,32139,4,,,1,15,,32159,4,,,1,15,,32178,4,,,1,55,,32197,4,,,1,15,,32140,4,,,1,15,,32160,4,,,1,15,,32179,4,,,1,55,,32198,4,,,1,15,,32141,4,,,1,15,,32161,4,,,1,15,,32180,4,,,1,55,,32199,4,,,1,15,,32142,4,,,1,15,,32162,4,,,1,15,,32181,4,,,1,55,,32200,4,,,1,15,,32143,4,,,1,15,,32163,4,,,1,15,,32182,4,,,1,55,,32201,4,,,1,15,,32144,4,,,1,15,,32164,4,,,1,15,,32183,4,,,1,55,,32202,4,,,1,15,,32145,4,,,1,15,,32165,4,,,1,15,,32184,4,,,1,55,,32203,4,,,1,15,,32146,4,,,1,15,,32166,4,,,1,15,,32185,4,,,1,55,,32204,4,,,1,15,,32147,4,,,1,15,,32167,4,,,1,15,,32186,4,,,1,55,,32205,4,,,1,15,,32148,4,,,1,15,,32168,4,,,1,15,,32187,4,,,1,55,,32206,4,,,1,15,,32149,4,,,1,15,,32169,4,,,1,15,,32188,4,,,1,55,,32207,4,,,1,15,,32150,4,,,1,15,,32170,4,,,1,15,,32189,4,,,1,55,,32208,4,,,1,15,,32151,4,,,1,15,,32171,4,,,1,15,,32190,4,,,1,55,,32209,4,,,1,15,,32152,4,,,1
0,'20260913',616,,32210,4,,,1,15,,32230,4,,,1,15,,32249,4,,,1,55,,32268,4,,,1,15,,32211,4,,,1,15,,32231,4,,,1,15,,32250,4,,,1,55,,32269,4,,,1,15,,32212,4,,,1,15,,32232,4,,,1,15,,32251,4,,,1,55,,32270,4,,,1,15,,32213,4,,,1,15,,32233,4,,,1,15,,32252,4,,,1,55,,32271,4,,,1,15,,32214,4,,,1,15,,32234,4,,,1,15,,32253,4,,,1,55,,32272,4,,,1,15,,32215,4,,,1,15,,32235,4,,,1,15,,32254,4,,,1,55,,32273,4,,,1,15,,32216,4,,,1,15,,32236,4,,,1,15,,32255,4,,,1,55,,32274,4,,,1,15,,32217,4,,,1,15,,32237,4,,,1,15,,32256,4,,,1,55,,32275,4,,,1,15,,32218,4,,,1,15,,32238,4,,,1,15,,32257,4,,,1,55,,32276,4,,,1,15,,32219,4,,,1,15,,32239,4,,,1,15,,32258,4,,,1,55,,32277,4,,,1,15,,32220,4,,,1,15,,32240,4,,,1,15,,32259,4,,,1,55,,32278,4,,,1,15,,32221,4,,,1,15,,32241,4,,,1,15,,32260,4,,,1,55,,32279,4,,,1,15,,32222,4,,,1,15,,32242,4,,,1,15,,32261,4,,,1,55,,32280,4,,,1,15,,32223,4,,,1,15,,32243,4,,,1,15,,32262,4,,,1,55,,32281,4,,,1,15,,32224,4,,,1,15,,32244,4,,,1,15,,32263,4,,,1,55,,32282,4,,,1,15,,32225,4,,,1,15,,32245,4,,,1,15,,32264,4,,,1,55,,32283,4,,,1,15,,32226,4,,,1,15,,32246,4,,,1,15,,32265,4,,,1,55,,32284,4,,,1,15,,32227,4,,,1,15,,32247,4,,,1,15,,32266,4,,,1,55,,32285,4,,,1,15,,32228,4,,,1,15,,32248,4,,,1,15,,32267,4,,,1,55,,32286,4,,,1,15,,32229,4,,,1
0,'20260914',616,,32287,4,,,1,15,,32307,4,,,1,15,,32326,4,,,1,55,,32345,4,,,1,15,,32288,4,,,1,15,,32308,4,,,1,15,,32327,4,,,1,55,,32346,4,,,1,15,,32289,4,,,1,15,,32309,4,,,1,15,,32328,4,,,1,55,,32347,4,,,1,15,,32290,4,,,1,15,,32310,4,,,1,15,,32329,4,,,1,55,,32348,4,,,1,15,,32291,4,,,1,15,,32311,4,,,1,15,,32330,4,,,1,55,,32349,4,,,1,15,,32292,4,,,1,15,,32312,4,,,1,15,,32331,4,,,1,55,,32350,4,,,1,15,,32293,4,,,1,15,,32313,4,,,1,15,,32332,4,,,1,55,,32351,4,,,1,15,,32294,4,,,1,15,,32314,4,,,1,15,,32333,4,,,1,55,,32352,4,,,1,15,,32295,4,,,1,15,,32315,4,,,1,15,,32334,4,,,1,55,,32353,4,,,1,15,,32296,4,,,1,15,,32316,4,,,1,15,,32335,4,,,1,55,,32354,4,,,1,15,,32297,4,,,1,15,,32317,4,,,1,15,,32336,4,,,1,55,,32355,4,,,1,15,,32298,4,,,1,15,,32318,4,,,1,15,,32337,4,,,1,55,,32356,4,,,1,15,,32299,4,,,1,15,,32319,4,,,1,15,,32338,4,,,1,55,,32357,4,,,1,15,,32300,4,,,1,15,,32320,4,,,1,15,,32339,4,,,1,55,,32358,4,,,1,15,,32301,4,,,1,15,,32321,4,,,1,15,,32340,4,,,1,55,,32359,4,,,1,15,,32302,4,,,1,15,,32322,4,,,1,15,,32341,4,,,1,55,,32360,4,,,1,15,,32303,4,,,1,15,,32323,4,,,1,15,,32342,4,,,1,55,,32361,4,,,1,15,,32304,4,,,1,15,,32324,4,,,1,15,,32343,4,,,1,55,,32362,4,,,1,15,,32305,4,,,1,15,,32325,4,,,1,15,,32344,4,,,1,55,,32363,4,,,1,15,,32306,4,,,1
0,'20260915',511,,32424,4,,,1,15,,32364,4,,,1,20,,32404,4,,,1,55,,32425,4,,,1,15,,32365,4,,,1,15,,32385,4,,,1,15,,32405,4,,,1,55,,32426,4,,,1,15,,32366,4,,,1,15,,32386,4,,,1,15,,32406,4,,,1,55,,32427,4,,,1,15,,32367,4,,,1,15,,32387,4,,,1,15,,32407,4,,,1,55,,32428,4,,,1,15,,32368,4,,,1,15,,32388,4,,,1,15,,32408,4,,,1,55,,32429,4,,,1,15,,32369,4,,,1,15,,32389,4,,,1,15,,32409,4,,,1,55,,32430,4,,,1,15,,32370,4,,,1,15,,32390,4,,,1,15,,32410,4,,,1,55,,32431,4,,,1,15,,32371,4,,,1,15,,32391,4,,,1,15,,32411,4,,,1,55,,32432,4,,,1,15,,32372,4,,,1,15,,32392,4,,,1,15,,32412,4,,,1,55,,32433,4,,,1,15,,32373,4,,,1,15,,32393,4,,,1,15,,32413,4,,,1,55,,32434,4,,,1,15,,32374,4,,,1,15,,32394,4,,,1,15,,32414,4,,,1,55,,32435,4,,,1,15,,32375,4,,,1,15,,32395,4,,,1,15,,32415,4,,,1,55,,32436,4,,,1,15,,32376,4,,,1,15,,32396,4,,,1,15,,32416,4,,,1,55,,32437,4,,,1,15,,32377,4,,,1,15,,32397,4,,,1,15,,32417,4,,,1,55,,32438,4,,,1,15,,32378,4,,,1,15,,32398,4,,,1,15,,32418,4,,,1,55,,32439,4,,,1,15,,32379,4,,,1,15,,32399,4,,,1,15,,32419,4,,,1,55,,32440,4,,,1,15,,32380,4,,,1,15,,32400,4,,,1,15,,32420,4,,,1,55,,32441,4,,,1,15,,32381,4,,,1,15,,32401,4,,,1,15,,32421,4,,,1,55,,32442,4,,,1,15,,32382,4,,,1,15,,32402,4,,,1,15,,32422,4,,,1,55,,32443,4,,,1,15,,32383,4,,,1,15,,32403,4,,,1,15,,32423,4,,,1,55,,32444,4,,,1,15,,32384,4,,,1
0,'20260916',511,,32505,4,,,1,15,,32445,4,,,1,20,,32485,4,,,1,55,,32506,4,,,1,15,,32446,4,,,1,15,,32466,4,,,1,15,,32486,4,,,1,55,,32507,4,,,1,15,,32447,4,,,1,15,,32467,4,,,1,15,,32487,4,,,1,55,,32508,4,,,1,15,,32448,4,,,1,15,,32468,4,,,1,15,,32488,4,,,1,55,,32509,4,,,1,15,,32449,4,,,1,15,,32469,4,,,1,15,,32489,4,,,1,55,,32510,4,,,1,15,,32450,4,,,1,15,,32470,4,,,1,15,,32490,4,,,1,55,,32511,4,,,1,15,,32451,4,,,1,15,,32471,4,,,1,15,,32491,4,,,1,55,,32512,4,,,1,15,,32452,4,,,1,15,,32472,4,,,1,15,,32492,4,,,1,55,,32513,4,,,1,15,,32453,4,,,1,15,,32473,4,,,1,15,,32493,4,,,1,55,,32514,4,,,1,15,,32454,4,,,1,15,,32474,4,,,1,15,,32494,4,,,1,55,,32515,4,,,1,15,,32455,4,,,1,15,,32475,4,,,1,15,,32495,4,,,1,55,,32516,4,,,1,15,,32456,4,,,1,15,,32476,4,,,1,15,,32496,4,,,1,55,,32517,4,,,1,15,,32457,4,,,1,15,,32477,4,,,1,15,,32497,4,,,1,55,,32518,4,,,1,15,,32458,4,,,1,15,,32478,4,,,1,15,,32498,4,,,1,55,,32519,4,,,1,15,,32459,4,,,1,15,,32479,4,,,1,15,,32499,4,,,1,55,,32520,4,,,1,15,,32460,4,,,1,15,,32480,4,,,1,15,,32500,4,,,1,55,,32521,4,,,1,15,,32461,4,,,1,15,,32481,4,,,1,15,,32501,4,,,1,55,,32522,4,,,1,15,,32462,4,,,1,15,,32482,4,,,1,15,,32502,4,,,1,55,,32523,4,,,1,15,,32463,4,,,1,15,,32483,4,,,1,15,,32503,4,,,1,55,,32524,4,,,1,15,,32464,4,,,1,15,,32484,4,,,1,15,,32504,4,,,1,55,,32525,4,,,1,15,,32465,4,,,1
0,'20260917',511,,32586,4,,,1,15,,32526,4,,,1,20,,32566,4,,,1,55,,32587,4,,,1,15,,32527,4,,,1,15,,32547,4,,,1,15,,32567,4,,,1,55,,32588,4,,,1,15,,32528,4,,,1,15,,32548,4,,,1,15,,32568,4,,,1,55,,32589,4,,,1,15,,32529,4,,,1,15,,32549,4,,,1,15,,32569,4,,,1,55,,32590,4,,,1,15,,32530,4,,,1,15,,32550,4,,,1,15,,32570,4,,,1,55,,32591,4,,,1,15,,32531,4,,,1,15,,32551,4,,,1,15,,32571,4,,,1,55,,32592,4,,,1,15,,32532,4,,,1,15,,32552,4,,,1,15,,32572,4,,,1,55,,32593,4,,,1,15,,32533,4,,,1,15,,32553,4,,,1,15,,32573,4,,,1,55,,32594,4,,,1,15,,32534,4,,,1,15,,32554,4,,,1,15,,32574,4,,,1,55,,32595,4,,,1,15,,32535,4,,,1,15,,32555,4,,,1,15,,32575,4,,,1,55,,32596,4,,,1,15,,32536,4,,,1,15,,32556,4,,,1,15,,32576,4,,,1,55,,32597,4,,,1,15,,32537,4,,,1,15,,32557,4,,,1,15,,32577,4,,,1,55,,32598,4,,,1,15,,32538,4,,,1,15,,32558,4,,,1,15,,32578,4,,,1,55,,32599,4,,,1,15,,32539,4,,,1,15,,32559,4,,,1,15,,32579,4,,,1,55,,32600,4,,,1,15,,32540,4,,,1,15,,32560,4,,,1,15,,32580,4,,,1,55,,32601,4,,,1,15,,32541,4,,,1,15,,32561,4,,,1,15,,32581,4,,,1,55,,32602,4,,,1,15,,32542,4,,,1,15,,32562,4,,,1,15,,32582,4,,,1,55,,32603,4,,,1,15,,32543,4,,,1,15,,32563,4,,,1,15,,32583,4,,,1,55,,32604,4,,,1,15,,32544,4,,,1,15,,32564,4,,,1,15,,32584,4,,,1,55,,32605,4,,,1,15,,32545,4,,,1,15,,32565,4,,,1,15,,32585,4,,,1,55,,32606,4,,,1,15,,32546,4,,,1
0,'20260918',511,,32667,4,,,1,15,,32607,4,,,1,20,,32647,4,,,1,55,,32668,4,,,1,15,,32608,4,,,1,15,,32628,4,,,1,15,,32648,4,,,1,55,,32669,4,,,1,15,,32609,4,,,1,15,,32629,4,,,1,15,,32649,4,,,1,55,,32670,4,,,1,15,,32610,4,,,1,15,,32630,4,,,1,15,,32650,4,,,1,55,,32671,4,,,1,15,,32611,4,,,1,15,,32631,4,,,1,15,,32651,4,,,1,55,,32672,4,,,1,15,,32612,4,,,1,15,,32632,4,,,1,15,,32652,4,,,1,55,,32673,4,,,1,15,,32613,4,,,1,15,,32633,4,,,1,15,,32653,4,,,1,55,,32674,4,,,1,15,,32614,4,,,1,15,,32634,4,,,1,15,,32654,4,,,1,55,,32675,4,,,1,15,,32615,4,,,1,15,,32635,4,,,1,15,,32655,4,,,1,55,,32676,4,,,1,15,,32616,4,,,1,15,,32636,4,,,1,15,,32656,4,,,1,55,,32677,4,,,1,15,,32617,4,,,1,15,,32637,4,,,1,15,,32657,4,,,1,55,,32678,4,,,1,15,,32618,4,,,1,15,,32638,4,,,1,15,,32658,4,,,1,55,,32679,4,,,1,15,,32619,4,,,1,15,,32639,4,,,1,15,,32659,4,,,1,55,,32680,4,,,1,15,,32620,4,,,1,15,,32640,4,,,1,15,,32660,4,,,1,55,,32681,4,,,1,15,,32621,4,,,1,15,,32641,4,,,1,15,,32661,4,,,1,55,,32682,4,,,1,15,,32622,4,,,1,15,,32642,4,,,1,15,,32662,4,,,1,55,,32683,4,,,1,15,,32623,4,,,1,15,,32643,4,,,1,15,,32663,4,,,1,55,,32684,4,,,1,15,,32624,4,,,1,15,,32644,4,,,1,15,,32664,4,,,1,55,,32685,4,,,1,15,,32625,4,,,1,15,,32645,4,,,1,15,,32665,4,,,1,55,,32686,4,,,1,15,,32626,4,,,1,15,,32646,4,,,1,15,,32666,4,,,1,55,,32687,4,,,1,15,,32627,4,,,1
0,'20260919',616,,32688,4,,,1,15,,32708,4,,,1,15,,32727,4,,,1,55,,32746,4,,,1,15,,32689,4,,,1,15,,32709,4,,,1,15,,32728,4,,,1,55,,32747,4,,,1,15,,32690,4,,,1,15,,32710,4,,,1,15,,32729,4,,,1,55,,32748,4,,,1,15,,32691,4,,,1,15,,32711,4,,,1,15,,32730,4,,,1,55,,32749,4,,,1,15,,32692,4,,,1,15,,32712,4,,,1,15,,32731,4,,,1,55,,32750,4,,,1,15,,32693,4,,,1,15,,32713,4,,,1,15,,32732,4,,,1,55,,32751,4,,,1,15,,32694,4,,,1,15,,32714,4,,,1,15,,32733,4,,,1,55,,32752,4,,,1,15,,32695,4,,,1,15,,32715,4,,,1,15,,32734,4,,,1,55,,32753,4,,,1,15,,32696,4,,,1,15,,32716,4,,,1,15,,32735,4,,,1,55,,32754,4,,,1,15,,32697,4,,,1,15,,32717,4,,,1,15,,32736,4,,,1,55,,32755,4,,,1,15,,32698,4,,,1,15,,32718,4,,,1,15,,32737,4,,,1,55,,32756,4,,,1,15,,32699,4,,,1,15,,32719,4,,,1,15,,32738,4,,,1,55,,32757,4,,,1,15,,32700,4,,,1,15,,32720,4,,,1,15,,32739,4,,,1,55,,32758,4,,,1,15,,32701,4,,,1,15,,32721,4,,,1,15,,32740,4,,,1,55,,32759,4,,,1,15,,32702,4,,,1,15,,32722,4,,,1,15,,32741,4,,,1,55,,32760,4,,,1,15,,32703,4,,,1,15,,32723,4,,,1,15,,32742,4,,,1,55,,32761,4,,,1,15,,32704,4,,,1,15,,32724,4,,,1,15,,32743,4,,,1,55,,32762,4,,,1,15,,32705,4,,,1,15,,32725,4,,,1,15,,32744,4,,,1,55,,32763,4,,,1,15,,32706,4,,,1,15,,32726,4,,,1,15,,32745,4,,,1,55,,32764,4,,,1,15,,32707,4,,,1
0,'20260920',616,,32765,4,,,1,15,,32785,4,,,1,15,,32804,4,,,1,55,,32823,4,,,1,15,,32766,4,,,1,15,,32786,4,,,1,15,,32805,4,,,1,55,,32824,4,,,1,15,,32767,4,,,1,15,,32787,4,,,1,15,,32806,4,,,1,55,,32825,4,,,1,15,,32768,4,,,1,15,,32788,4,,,1,15,,32807,4,,,1,55,,32826,4,,,1,15,,32769,4,,,1,15,,32789,4,,,1,15,,32808,4,,,1,55,,32827,4,,,1,15,,32770,4,,,1,15,,32790,4,,,1,15,,32809,4,,,1,55,,32828,4,,,1,15,,32771,4,,,1,15,,32791,4,,,1,15,,32810,4,,,1,55,,32829,4,,,1,15,,32772,4,,,1,15,,32792,4,,,1,15,,32811,4,,,1,55,,32830,4,,,1,15,,32773,4,,,1,15,,32793,4,,,1,15,,32812,4,,,1,55,,32831,4,,,1,15,,32774,4,,,1,15,,32794,4,,,1,15,,32813,4,,,1,55,,32832,4,,,1,15,,32775,4,,,1,15,,32795,4,,,1,15,,32814,4,,,1,55,,32833,4,,,1,15,,32776,4,,,1,15,,32796,4,,,1,15,,32815,4,,,1,55,,32834,4,,,1,15,,32777,4,,,1,15,,32797,4,,,1,15,,32816,4,,,1,55,,32835,4,,,1,15,,32778,4,,,1,15,,32798,4,,,1,15,,32817,4,,,1,55,,32836,4,,,1,15,,32779,4,,,1,15,,32799,4,,,1,15,,32818,4,,,1,55,,32837,4,,,1,15,,32780,4,,,1,15,,32800,4,,,1,15,,32819,4,,,1,55,,32838,4,,,1,15,,32781,4,,,1,15,,32801,4,,,1,15,,32820,4,,,1,55,,32839,4,,,1,15,,32782,4,,,1,15,,32802,4,,,1,15,,32821,4,,,1,55,,32840,4,,,1,15,,32783,4,,,1,15,,32803,4,,,1,15,,32822,4,,,1,55,,32841,4,,,1,15,,32784,4,,,1
0,'20260921',616,,32842,4,,,1,15,,32862,4,,,1,15,,32881,4,,,1,55,,32900,4,,,1,15,,32843,4,,,1,15,,32863,4,,,1,15,,32882,4,,,1,55,,32901,4,,,1,15,,32844,4,,,1,15,,32864,4,,,1,15,,32883,4,,,1,55,,32902,4,,,1,15,,32845,4,,,1,15,,32865,4,,,1,15,,32884,4,,,1,55,,32903,4,,,1,15,,32846,4,,,1,15,,32866,4,,,1,15,,32885,4,,,1,55,,32904,4,,,1,15,,32847,4,,,1,15,,32867,4,,,1,15,,32886,4,,,1,55,,32905,4,,,1,15,,32848,4,,,1,15,,32868,4,,,1,15,,32887,4,,,1,55,,32906,4,,,1,15,,32849,4,,,1,15,,32869,4,,,1,15,,32888,4,,,1,55,,32907,4,,,1,15,,32850,4,,,1,15,,32870,4,,,1,15,,32889,4,,,1,55,,32908,4,,,1,15,,32851,4,,,1,15,,32871,4,,,1,15,,32890,4,,,1,55,,32909,4,,,1,15,,32852,4,,,1,15,,32872,4,,,1,15,,32891,4,,,1,55,,32910,4,,,1,15,,32853,4,,,1,15,,32873,4,,,1,15,,32892,4,,,1,55,,32911,4,,,1,15,,32854,4,,,1,15,,32874,4,,,1,15,,32893,4,,,1,55,,32912,4,,,1,15,,32855,4,,,1,15,,32875,4,,,1,15,,32894,4,,,1,55,,32913,4,,,1,15,,32856,4,,,1,15,,32876,4,,,1,15,,32895,4,,,1,55,,32914,4,,,1,15,,32857,4,,,1,15,,32877,4,,,1,15,,32896,4,,,1,55,,32915,4,,,1,15,,32858,4,,,1,15,,32878,4,,,1,15,,32897,4,,,1,55,,32916,4,,,1,15,,32859,4,,,1,15,,32879,4,,,1,15,,32898,4,,,1,55,,32917,4,,,1,15,,32860,4,,,1,15,,32880,4,,,1,15,,32899,4,,,1,55,,32918,4,,,1,15,,32861,4,,,1
0,'20260922',511,,32979,4,,,1,15,,32919,4,,,1,20,,32959,4,,,1,55,,32980,4,,,1,15,,32920,4,,,1,15,,32940,4,,,1,15,,32960,4,,,1,55,,32981,4,,,1,15,,32921,4,,,1,15,,32941,4,,,1,15,,32961,4,,,1,55,,32982,4,,,1,15,,32922,4,,,1,15,,32942,4,,,1,15,,32962,4,,,1,55,,32983,4,,,1,15,,32923,4,,,1,15,,32943,4,,,1,15,,32963,4,,,1,55,,32984,4,,,1,15,,32924,4,,,1,15,,32944,4,,,1,15,,32964,4,,,1,55,,32985,4,,,1,15,,32925,4,,,1,15,,32945,4,,,1,15,,32965,4,,,1,55,,32986,4,,,1,15,,32926,4,,,1,15,,32946,4,,,1,15,,32966,4,,,1,55,,32987,4,,,1,15,,32927,4,,,1,15,,32947,4,,,1,15,,32967,4,,,1,55,,32988,4,,,1,15,,32928,4,,,1,15,,32948,4,,,1,15,,32968,4,,,1,55,,32989,4,,,1,15,,32929,4,,,1,15,,32949,4,,,1,15,,32969,4,,,1,55,,32990,4,,,1,15,,32930,4,,,1,15,,32950,4,,,1,15,,32970,4,,,1,55,,32991,4,,,1,15,,32931,4,,,1,15,,32951,4,,,1,15,,32971,4,,,1,55,,32992,4,,,1,15,,32932,4,,,1,15,,32952,4,,,1,15,,32972,4,,,1,55,,32993,4,,,1,15,,32933,4,,,1,15,,32953,4,,,1,15,,32973,4,,,1,55,,32994,4,,,1,15,,32934,4,,,1,15,,32954,4,,,1,15,,32974,4,,,1,55,,32995,4,,,1,15,,32935,4,,,1,15,,32955,4,,,1,15,,32975,4,,,1,55,,32996,4,,,1,15,,32936,4,,,1,15,,32956,4,,,1,15,,32976,4,,,1,55,,32997,4,,,1,15,,32937,4,,,1,15,,32957,4,,,1,15,,32977,4,,,1,55,,32998,4,,,1,15,,32938,4,,,1,15,,32958,4,,,1,15,,32978,4,,,1,55,,32999,4,,,1,15,,32939,4,,,1
0,'20260923',511,,33060,4,,,1,15,,33000,4,,,1,20,,33040,4,,,1,55,,33061,4,,,1,15,,33001,4,,,1,15,,33021,4,,,1,15,,33041,4,,,1,55,,33062,4,,,1,15,,33002,4,,,1,15,,33022,4,,,1,15,,33042,4,,,1,55,,33063,4,,,1,15,,33003,4,,,1,15,,33023,4,,,1,15,,33043,4,,,1,55,,33064,4,,,1,15,,33004,4,,,1,15,,33024,4,,,1,15,,33044,4,,,1,55,,33065,4,,,1,15,,33005,4,,,1,15,,33025,4,,,1,15,,33045,4,,,1,55,,33066,4,,,1,15,,33006,4,,,1,15,,33026,4,,,1,15,,33046,4,,,1,55,,33067,4,,,1,15,,33007,4,,,1,15,,33027,4,,,1,15,,33047,4,,,1,55,,33068,4,,,1,15,,33008,4,,,1,15,,33028,4,,,1,15,,33048,4,,,1,55,,33069,4,,,1,15,,33009,4,,,1,15,,33029,4,,,1,15,,33049,4,,,1,55,,33070,4,,,1,15,,33010,4,,,1,15,,33030,4,,,1,15,,33050,4,,,1,55,,33071,4,,,1,15,,33011,4,,,1,15,,33031,4,,,1,15,,33051,4,,,1,55,,33072,4,,,1,15,,33012,4,,,1,15,,33032,4,,,1,15,,33052,4,,,1,55,,33073,4,,,1,15,,33013,4,,,1,15,,33033,4,,,1,15,,33053,4,,,1,55,,33074,4,,,1,15,,33014,4,,,1,15,,33034,4,,,1,15,,33054,4,,,1,55,,33075,4,,,1,15,,33015,4,,,1,15,,33035,4,,,1,15,,33055,4,,,1,55,,33076,4,,,1,15,,33016,4,,,1,15,,33036,4,,,1,15,,33056,4,,,1,55,,33077,4,,,1,15,,33017,4,,,1,15,,33037,4,,,1,15,,33057,4,,,1,55,,33078,4,,,1,15,,33018,4,,,1,15,,33038,4,,,1,15,,33058,4,,,1,55,,33079,4,,,1,15,,33019,4,,,1,15,,33039,4,,,1,15,,33059,4,,,1,55,,33080,4,,,1,15,,33020,4,,,1
0,'20260924',511,,33141,4,,,1,15,,33081,4,,,1,20,,33121,4,,,1,55,,33142,4,,,1,15,,33082,4,,,1,15,,33102,4,,,1,15,,33122,4,,,1,55,,33143,4,,,1,15,,33083,4,,,1,15,,33103,4,,,1,15,,33123,4,,,1,55,,33144,4,,,1,15,,33084,4,,,1,15,,33104,4,,,1,15,,33124,4,,,1,55,,33145,4,,,1,15,,33085,4,,,1,15,,33105,4,,,1,15,,33125,4,,,1,55,,33146,4,,,1,15,,33086,4,,,1,15,,33106,4,,,1,15,,33126,4,,,1,55,,33147,4,,,1,15,,33087,4,,,1,15,,33107,4,,,1,15,,33127,4,,,1,55,,33148,4,,,1,15,,33088,4,,,1,15,,33108,4,,,1,15,,33128,4,,,1,55,,33149,4,,,1,15,,33089,4,,,1,15,,33109,4,,,1,15,,33129,4,,,1,55,,33150,4,,,1,15,,33090,4,,,1,15,,33110,4,,,1,15,,33130,4,,,1,55,,33151,4,,,1,15,,33091,4,,,1,15,,33111,4,,,1,15,,33131,4,,,1,55,,33152,4,,,1,15,,33092,4,,,1,15,,33112,4,,,1,15,,33132,4,,,1,55,,33153,4,,,1,15,,33093,4,,,1,15,,33113,4,,,1,15,,33133,4,,,1,55,,33154,4,,,1,15,,33094,4,,,1,15,,33114,4,,,1,15,,33134,4,,,1,55,,33155,4,,,1,15,,33095,4,,,1,15,,33115,4,,,1,15,,33135,4,,,1,55,,33156,4,,,1,15,,33096,4,,,1,15,,33116,4,,,1,15,,33136,4,,,1,55,,33157,4,,,1,15,,33097,4,,,1,15,,33117,4,,,1,15,,33137,4,,,1,55,,33158,4,,,1,15,,33098,4,,,1,15,,33118,4,,,1,15,,33138,4,,,1,55,,33159,4,,,1,15,,33099,4,,,1,15,,33119,4,,,1,15,,33139,4,,,1,55,,33160,4,,,1,15,,33100,4,,,1,15,,33120,4,,,1,15,,33140,4,,,1,55,,33161,4,,,1,15,,33101,4,,,1
0,'20260925',511,,33222,4,,,1,15,,33162,4,,,1,20,,33202,4,,,1,55,,33223,4,,,1,15,,33163,4,,,1,15,,33183,4,,,1,15,,33203,4,,,1,55,,33224,4,,,1,15,,33164,4,,,1,15,,33184,4,,,1,15,,33204,4,,,1,55,,33225,4,,,1,15,,33165,4,,,1,15,,33185,4,,,1,15,,33205,4,,,1,55,,33226,4,,,1,15,,33166,4,,,1,15,,33186,4,,,1,15,,33206,4,,,1,55,,33227,4,,,1,15,,33167,4,,,1,15,,33187,4,,,1,15,,33207,4,,,1,55,,33228,4,,,1,15,,33168,4,,,1,15,,33188,4,,,1,15,,33208,4,,,1,55,,33229,4,,,1,15,,33169,4,,,1,15,,33189,4,,,1,15,,33209,4,,,1,55,,33230,4,,,1,15,,33170,4,,,1,15,,33190,4,,,1,15,,33210,4,,,1,55,,33231,4,,,1,15,,33171,4,,,1,15,,33191,4,,,1,15,,33211,4,,,1,55,,33232,4,,,1,15,,33172,4,,,1,15,,33192,4,,,1,15,,33212,4,,,1,55,,33233,4,,,1,15,,33173,4,,,1,15,,33193,4,,,1,15,,33213,4,,,1,55,,33234,4,,,1,15,,33174,4,,,1,15,,33194,4,,,1,15,,33214,4,,,1,55,,33235,4,,,1,15,,33175,4,,,1,15,,33195,4,,,1,15,,33215,4,,,1,55,,33236,4,,,1,15,,33176,4,,,1,15,,33196,4,,,1,15,,33216,4,,,1,55,,33237,4,,,1,15,,33177,4,,,1,15,,33197,4,,,1,15,,33217,4,,,1,55,,33238,4,,,1,15,,33178,4,,,1,15,,33198,4,,,1,15,,33218,4,,,1,55,,33239,4,,,1,15,,33179,4,,,1,15,,33199,4,,,1,15,,33219,4,,,1,55,,33240,4,,,1,15,,33180,4,,,1,15,,33200,4,,,1,15,,33220,4,,,1,55,,33241,4,,,1,15,,33181,4,,,1,15,,33201,4,,,1,15,,33221,4,,,1,55,,33242,4,,,1,15,,33182,4,,,1
0,'20260926',616,,33243,4,,,1,15,,33263,4,,,1,15,,33282,4,,,1,55,,33301,4,,,1,15,,33244,4,,,1,15,,33264,4,,,1,15,,33283,4,,,1,55,,33302,4,,,1,15,,33245,4,,,1,15,,33265,4,,,1,15,,33284,4,,,1,55,,33303,4,,,1,15,,33246,4,,,1,15,,33266,4,,,1,15,,33285,4,,,1,55,,33304,4,,,1,15,,33247,4,,,1,15,,33267,4,,,1,15,,33286,4,,,1,55,,33305,4,,,1,15,,33248,4,,,1,15,,33268,4,,,1,15,,33287,4,,,1,55,,33306,4,,,1,15,,33249,4,,,1,15,,33269,4,,,1,15,,33288,4,,,1,55,,33307,4,,,1,15,,33250,4,,,1,15,,33270,4,,,1,15,,33289,4,,,1,55,,33308,4,,,1,15,,33251,4,,,1,15,,33271,4,,,1,15,,33290,4,,,1,55,,33309,4,,,1,15,,33252,4,,,1,15,,33272,4,,,1,15,,33291,4,,,1,55,,33310,4,,,1,15,,33253,4,,,1,15,,33273,4,,,1,15,,33292,4,,,1,55,,33311,4,,,1,15,,33254,4,,,1,15,,33274,4,,,1,15,,33293,4,,,1,55,,33312,4,,,1,15,,33255,4,,,1,15,,33275,4,,,1,15,,33294,4,,,1,55,,33313,4,,,1,15,,33256,4,,,1,15,,33276,4,,,1,15,,33295,4,,,1,55,,33314,4,,,1,15,,33257,4,,,1,15,,33277,4,,,1,15,,33296,4,,,1,55,,33315,4,,,1,15,,33258,4,,,1,15,,33278,4,,,1,15,,33297,4,,,1,55,,33316,4,,,1,15,,33259,4,,,1,15,,33279,4,,,1,15,,33298,4,,,1,55,,33317,4,,,1,15,,33260,4,,,1,15,,33280,4,,,1,15,,33299,4,,,1,55,,33318,4,,,1,15,,33261,4,,,1,15,,33281,4,,,1,15,,33300,4,,,1,55,,33319,4,,,1,15,,33262,4,,,1
0,'20260927',616,,33320,4,,,1,15,,33340,4,,,1,15,,33359,4,,,1,55,,33378,4,,,1,15,,33321,4,,,1,15,,33341,4,,,1,15,,33360,4,,,1,55,,33379,4,,,1,15,,33322,4,,,1,15,,33342,4,,,1,15,,33361,4,,,1,55,,33380,4,,,1,15,,33323,4,,,1,15,,33343,4,,,1,15,,33362,4,,,1,55,,33381,4,,,1,15,,33324,4,,,1,15,,33344,4,,,1,15,,33363,4,,,1,55,,33382,4,,,1,15,,33325,4,,,1,15,,33345,4,,,1,15,,33364,4,,,1,55,,33383,4,,,1,15,,33326,4,,,1,15,,33346,4,,,1,15,,33365,4,,,1,55,,33384,4,,,1,15,,33327,4,,,1,15,,33347,4,,,1,15,,33366,4,,,1,55,,33385,4,,,1,15,,33328,4,,,1,15,,33348,4,,,1,15,,33367,4,,,1,55,,33386,4,,,1,15,,33329,4,,,1,15,,33349,4,,,1,15,,33368,4,,,1,55,,33387,4,,,1,15,,33330,4,,,1,15,,33350,4,,,1,15,,33369,4,,,1,55,,33388,4,,,1,15,,33331,4,,,1,15,,33351,4,,,1,15,,33370,4,,,1,55,,33389,4,,,1,15,,33332,4,,,1,15,,33352,4,,,1,15,,33371,4,,,1,55,,33390,4,,,1,15,,33333,4,,,1,15,,33353,4,,,1,15,,33372,4,,,1,55,,33391,4,,,1,15,,33334,4,,,1,15,,33354,4,,,1,15,,33373,4,,,1,55,,33392,4,,,1,15,,33335,4,,,1,15,,33355,4,,,1,15,,33374,4,,,1,55,,33393,4,,,1,15,,33336,4,,,1,15,,33356,4,,,1,15,,33375,4,,,1,55,,33394,4,,,1,15,,33337,4,,,1,15,,33357,4,,,1,15,,33376,4,,,1,55,,33395,4,,,1,15,,33338,4,,,1,15,,33358,4,,,1,15,,33377,4,,,1,55,,33396,4,,,1,15,,33339,4,,,1
0,'20260928',616,,33397,4,,,1,15,,33417,4,,,1,15,,33436,4,,,1,55,,33455,4,,,1,15,,33398,4,,,1,15,,33418,4,,,1,15,,33437,4,,,1,55,,33456,4,,,1,15,,33399,4,,,1,15,,33419,4,,,1,15,,33438,4,,,1,55,,33457,4,,,1,15,,33400,4,,,1,15,,33420,4,,,1,15,,33439,4,,,1,55,,33458,4,,,1,15,,33401,4,,,1,15,,33421,4,,,1,15,,33440,4,,,1,55,,33459,4,,,1,15,,33402,4,,,1,15,,33422,4,,,1,15,,33441,4,,,1,55,,33460,4,,,1,15,,33403,4,,,1,15,,33423,4,,,1,15,,33442,4,,,1,55,,33461,4,,,1,15,,33404,4,,,1,15,,33424,4,,,1,15,,33443,4,,,1,55,,33462,4,,,1,15,,33405,4,,,1,15,,33425,4,,,1,15,,33444,4,,,1,55,,33463,4,,,1,15,,33406,4,,,1,15,,33426,4,,,1,15,,33445,4,,,1,55,,33464,4,,,1,15,,33407,4,,,1,15,,33427,4,,,1,15,,33446,4,,,1,55,,33465,4,,,1,15,,33408,4,,,1,15,,33428,4,,,1,15,,33447,4,,,1,55,,33466,4,,,1,15,,33409,4,,,1,15,,33429,4,,,1,15,,33448,4,,,1,55,,33467,4,,,1,15,,33410,4,,,1,15,,33430,4,,,1,15,,33449,4,,,1,55,,33468,4,,,1,15,,33411,4,,,1,15,,33431,4,,,1,15,,33450,4,,,1,55,,33469,4,,,1,15,,33412,4,,,1,15,,33432,4,,,1,15,,33451,4,,,1,55,,33470,4,,,1,15,,33413,4,,,1,15,,33433,4,,,1,15,,33452,4,,,1,55,,33471,4,,,1,15,,33414,4,,,1,15,,33434,4,,,1,15,,33453,4,,,1,55,,33472,4,,,1,15,,33415,4,,,1,15,,33435,4,,,1,15,,33454,4,,,1,55,,33473,4,,,1,15,,33416,4,,,1
0,'20260929',511,,33534,4,,,1,15,,33474,4,,,1,20,,33514,4,,,1,55,,33535,4,,,1,15,,33475,4,,,1,15,,33495,4,,,1,15,,33515,4,,,1,55,,33536,4,,,1,15,,33476,4,,,1,15,,33496,4,,,1,15,,33516,4,,,1,55,,33537,4,,,1,15,,33477,4,,,1,15,,33497,4,,,1,15,,33517,4,,,1,55,,33538,4,,,1,15,,33478,4,,,1,15,,33498,4,,,1,15,,33518,4,,,1,55,,33539,4,,,1,15,,33479,4,,,1,15,,33499,4,,,1,15,,33519,4,,,1,55,,33540,4,,,1,15,,33480,4,,,1,15,,33500,4,,,1,15,,33520,4,,,1,55,,33541,4,,,1,15,,33481,4,,,1,15,,33501,4,,,1,15,,33521,4,,,1,55,,33542,4,,,1,15,,33482,4,,,1,15,,33502,4,,,1,15,,33522,4,,,1,55,,33543,4,,,1,15,,33483,4,,,1,15,,33503,4,,,1,15,,33523,4,,,1,55,,33544,4,,,1,15,,33484,4,,,1,15,,33504,4,,,1,15,,33524,4,,,1,55,,33545,4,,,1,15,,33485,4,,,1,15,,33505,4,,,1,15,,33525,4,,,1,55,,33546,4,,,1,15,,33486,4,,,1,15,,33506,4,,,1,15,,33526,4,,,1,55,,33547,4,,,1,15,,33487,4,,,1,15,,33507,4,,,1,15,,33527,4,,,1,55,,33548,4,,,1,15,,33488,4,,,1,15,,33508,4,,,1,15,,33528,4,,,1,55,,33549,4,,,1,15,,33489,4,,,1,15,,33509,4,,,1,15,,33529,4,,,1,55,,33550,4,,,1,15,,33490,4,,,1,15,,33510,4,,,1,15,,33530,4,,,1,55,,33551,4,,,1,15,,33491,4,,,1,15,,33511,4,,,1,15,,33531,4,,,1,55,,33552,4,,,1,15,,33492,4,,,1,15,,33512,4,,,1,15,,33532,4,,,1,55,,33553,4,,,1,15,,33493,4,,,1,15,,33513,4,,,1,15,,33533,4,,,1,55,,33554,4,,,1,15,,33494,4,,,1
0,'20260930',511,,33615,4,,,1,15,,33555,4,,,1,20,,33595,4,,,1,55,,33616,4,,,1,15,,33556,4,,,1,15,,33576,4,,,1,15,,33596,4,,,1,55,,33617,4,,,1,15,,33557,4,,,1,15,,33577,4,,,1,15,,33597,4,,,1,55,,33618,4,,,1,15,,33558,4,,,1,15,,33578,4,,,1,15,,33598,4,,,1,55,,33619,4,,,1,15,,33559,4,,,1,15,,33579,4,,,1,15,,33599,4,,,1,55,,33620,4,,,1,15,,33560,4,,,1,15,,33580,4,,,1,15,,33600,4,,,1,55,,33621,4,,,1,15,,33561,4,,,1,15,,33581,4,,,1,15,,33601,4,,,1,55,,33622,4,,,1,15,,33562,4,,,1,15,,33582,4,,,1,15,,33602,4,,,1,55,,33623,4,,,1,15,,33563,4,,,1,15,,33583,4,,,1,15,,33603,4,,,1,55,,33624,4,,,1,15,,33564,4,,,1,15,,33584,4,,,1,15,,33604,4,,,1,55,,33625,4,,,1,15,,33565,4,,,1,15,,33585,4,,,1,15,,33605,4,,,1,55,,33626,4,,,1,15,,33566,4,,,1,15,,33586,4,,,1,15,,33606,4,,,1,55,,33627,4,,,1,15,,33567,4,,,1,15,,33587,4,,,1,15,,33607,4,,,1,55,,33628,4,,,1,15,,33568,4,,,1,15,,33588,4,,,1,15,,33608,4,,,1,55,,33629,4,,,1,15,,33569,4,,,1,15,,33589,4,,,1,15,,33609,4,,,1,55,,33630,4,,,1,15,,33570,4,,,1,15,,33590,4,,,1,15,,33610,4,,,1,55,,33631,4,,,1,15,,33571,4,,,1,15,,33591,4,,,1,15,,33611,4,,,1,55,,33632,4,,,1,15,,33572,4,,,1,15,,33592,4,,,1,15,,33612,4,,,1,55,,33633,4,,,1,15,,33573,4,,,1,15,,33593,4,,,1,15,,33613,4,,,1,55,,33634,4,,,1,15,,33574,4,,,1,15,,33594,4,,,1,15,,33614,4,,,1,55,,33635,4,,,1,15,,33575,4,,,1
0,'20261001',511,,33696,4,,,1,15,,33636,4,,,1,20,,33676,4,,,1,55,,33697,4,,,1,15,,33637,4,,,1,15,,33657,4,,,1,15,,33677,4,,,1,55,,33698,4,,,1,15,,33638,4,,,1,15,,33658,4,,,1,15,,33678,4,,,1,55,,33699,4,,,1,15,,33639,4,,,1,15,,33659,4,,,1,15,,33679,4,,,1,55,,33700,4,,,1,15,,33640,4,,,1,15,,33660,4,,,1,15,,33680,4,,,1,55,,33701,4,,,1,15,,33641,4,,,1,15,,33661,4,,,1,15,,33681,4,,,1,55,,33702,4,,,1,15,,33642,4,,,1,15,,33662,4,,,1,15,,33682,4,,,1,55,,33703,4,,,1,15,,33643,4,,,1,15,,33663,4,,,1,15,,33683,4,,,1,55,,33704,4,,,1,15,,33644,4,,,1,15,,33664,4,,,1,15,,33684,4,,,1,55,,33705,4,,,1,15,,33645,4,,,1,15,,33665,4,,,1,15,,33685,4,,,1,55,,33706,4,,,1,15,,33646,4,,,1,15,,33666,4,,,1,15,,33686,4,,,1,55,,33707,4,,,1,15,,33647,4,,,1,15,,33667,4,,,1,15,,33687,4,,,1,55,,33708,4,,,1,15,,33648,4,,,1,15,,33668,4,,,1,15,,33688,4,,,1,55,,33709,4,,,1,15,,33649,4,,,1,15,,33669,4,,,1,15,,33689,4,,,1,55,,33710,4,,,1,15,,33650,4,,,1,15,,33670,4,,,1,15,,33690,4,,,1,55,,33711,4,,,1,15,,33651,4,,,1,15,,33671,4,,,1,15,,33691,4,,,1,55,,33712,4,,,1,15,,33652,4,,,1,15,,33672,4,,,1,15,,33692,4,,,1,55,,33713,4,,,1,15,,33653,4,,,1,15,,33673,4,,,1,15,,33693,4,,,1,55,,33714,4,,,1,15,,33654,4,,,1,15,,33674,4,,,1,15,,33694,4,,,1,55,,33715,4,,,1,15,,33655,4,,,1,15,,33675,4,,,1,15,,33695,4,,,1,55,,33716,4,,,1,15,,33656,4,,,1
0,'20261002',511,,33777,4,,,1,15,,33717,4,,,1,20,,33757,4,,,1,55,,33778,4,,,1,15,,33718,4,,,1,15,,33738,4,,,1,15,,33758,4,,,1,55,,33779,4,,,1,15,,33719,4,,,1,15,,33739,4,,,1,15,,33759,4,,,1,55,,33780,4,,,1,15,,33720,4,,,1,15,,33740,4,,,1,15,,33760,4,,,1,55,,33781,4,,,1,15,,33721,4,,,1,15,,33741,4,,,1,15,,33761,4,,,1,55,,33782,4,,,1,15,,33722,4,,,1,15,,33742,4,,,1,15,,33762,4,,,1,55,,33783,4,,,1,15,,33723,4,,,1,15,,33743,4,,,1,15,,33763,4,,,1,55,,33784,4,,,1,15,,33724,4,,,1,15,,33744,4,,,1,15,,33764,4,,,1,55,,33785,4,,,1,15,,33725,4,,,1,15,,33745,4,,,1,15,,33765,4,,,1,55,,33786,4,,,1,15,,33726,4,,,1,15,,33746,4,,,1,15,,33766,4,,,1,55,,33787,4,,,1,15,,33727,4,,,1,15,,33747,4,,,1,15,,33767,4,,,1,55,,33788,4,,,1,15,,33728,4,,,1,15,,33748,4,,,1,15,,33768,4,,,1,55,,33789,4,,,1,15,,33729,4,,,1,15,,33749,4,,,1,15,,33769,4,,,1,55,,33790,4,,,1,15,,33730,4,,,1,15,,33750,4,,,1,15,,33770,4,,,1,55,,33791,4,,,1,15,,33731,4,,,1,15,,33751,4,,,1,15,,33771,4,,,1,55,,33792,4,,,1,15,,33732,4,,,1,15,,33752,4,,,1,15,,33772,4,,,1,55,,33793,4,,,1,15,,33733,4,,,1,15,,33753,4,,,1,15,,33773,4,,,1,55,,33794,4,,,1,15,,33734,4,,,1,15,,33754,4,,,1,15,,33774,4,,,1,55,,33795,4,,,1,15,,33735,4,,,1,15,,33755,4,,,1,15,,33775,4,,,1,55,,33796,4,,,1,15,,33736,4,,,1,15,,33756,4,,,1,15,,33776,4,,,1,55,,33797,4,,,1,15,,33737,4,,,1
0,'20261003',616,,33798,4,,,1,15,,33818,4,,,1,15,,33837,4,,,1,55,,33856,4,,,1,15,,33799,4,,,1,15,,33819,4,,,1,15,,33838,4,,,1,55,,33857,4,,,1,15,,33800,4,,,1,15,,33820,4,,,1,15,,33839,4,,,1,55,,33858,4,,,1,15,,33801,4,,,1,15,,33821,4,,,1,15,,33840,4,,,1,55,,33859,4,,,1,15,,33802,4,,,1,15,,33822,4,,,1,15,,33841,4,,,1,55,,33860,4,,,1,15,,33803,4,,,1,15,,33823,4,,,1,15,,33842,4,,,1,55,,33861,4,,,1,15,,33804,4,,,1,15,,33824,4,,,1,15,,33843,4,,,1,55,,33862,4,,,1,15,,33805,4,,,1,15,,33825,4,,,1,15,,33844,4,,,1,55,,33863,4,,,1,15,,33806,4,,,1,15,,33826,4,,,1,15,,33845,4,,,1,55,,33864,4,,,1,15,,33807,4,,,1,15,,33827,4,,,1,15,,33846,4,,,1,55,,33865,4,,,1,15,,33808,4,,,1,15,,33828,4,,,1,15,,33847,4,,,1,55,,33866,4,,,1,15,,33809,4,,,1,15,,33829,4,,,1,15,,33848,4,,,1,55,,33867,4,,,1,15,,33810,4,,,1,15,,33830,4,,,1,15,,33849,4,,,1,55,,33868,4,,,1,15,,33811,4,,,1,15,,33831,4,,,1,15,,33850,4,,,1,55,,33869,4,,,1,15,,33812,4,,,1,15,,33832,4,,,1,15,,33851,4,,,1,55,,33870,4,,,1,15,,33813,4,,,1,15,,33833,4,,,1,15,,33852,4,,,1,55,,33871,4,,,1,15,,33814,4,,,1,15,,33834,4,,,1,15,,33853,4,,,1,55,,33872,4,,,1,15,,33815,4,,,1,15,,33835,4,,,1,15,,33854,4,,,1,55,,33873,4,,,1,15,,33816,4,,,1,15,,33836,4,,,1,15,,33855,4,,,1,55,,33874,4,,,1,15,,33817,4,,,1
0,'20261004',616,,33875,4,,,1,15,,33895,4,,,1,15,,33914,4,,,1,55,,33933,4,,,1,15,,33876,4,,,1,15,,33896,4,,,1,15,,33915,4,,,1,55,,33934,4,,,1,15,,33877,4,,,1,15,,33897,4,,,1,15,,33916,4,,,1,55,,33935,4,,,1,15,,33878,4,,,1,15,,33898,4,,,1,15,,33917,4,,,1,55,,33936,4,,,1,15,,33879,4,,,1,15,,33899,4,,,1,15,,33918,4,,,1,55,,33937,4,,,1,15,,33880,4,,,1,15,,33900,4,,,1,15,,33919,4,,,1,55,,33938,4,,,1,15,,33881,4,,,1,15,,33901,4,,,1,15,,33920,4,,,1,55,,33939,4,,,1,15,,33882,4,,,1,15,,33902,4,,,1,15,,33921,4,,,1,55,,33940,4,,,1,15,,33883,4,,,1,15,,33903,4,,,1,15,,33922,4,,,1,55,,33941,4,,,1,15,,33884,4,,,1,15,,33904,4,,,1,15,,33923,4,,,1,55,,33942,4,,,1,15,,33885,4,,,1,15,,33905,4,,,1,15,,33924,4,,,1,55,,33943,4,,,1,15,,33886,4,,,1,15,,33906,4,,,1,15,,33925,4,,,1,55,,33944,4,,,1,15,,33887,4,,,1,15,,33907,4,,,1,15,,33926,4,,,1,55,,33945,4,,,1,15,,33888,4,,,1,15,,33908,4,,,1,15,,33927,4,,,1,55,,33946,4,,,1,15,,33889,4,,,1,15,,33909,4,,,1,15,,33928,4,,,1,55,,33947,4,,,1,15,,33890,4,,,1,15,,33910,4,,,1,15,,33929,4,,,1,55,,33948,4,,,1,15,,33891,4,,,1,15,,33911,4,,,1,15,,33930,4,,,1,55,,33949,4,,,1,15,,33892,4,,,1,15,,33912,4,,,1,15,,33931,4,,,1,55,,33950,4,,,1,15,,33893,4,,,1,15,,33913,4,,,1,15,,33932,4,,,1,55,,33951,4,,,1,15,,33894,4,,,1
0,'20261005',616,,33952,4,,,1,15,,33972,4,,,1,15,,33991,4,,,1,55,,34010,4,,,1,15,,33953,4,,,1,15,,33973,4,,,1,15,,33992,4,,,1,55,,34011,4,,,1,15,,33954,4,,,1,15,,33974,4,,,1,15,,33993,4,,,1,55,,34012,4,,,1,15,,33955,4,,,1,15,,33975,4,,,1,15,,33994,4,,,1,55,,34013,4,,,1,15,,33956,4,,,1,15,,33976,4,,,1,15,,33995,4,,,1,55,,34014,4,,,1,15,,33957,4,,,1,15,,33977,4,,,1,15,,33996,4,,,1,55,,34015,4,,,1,15,,33958,4,,,1,15,,33978,4,,,1,15,,33997,4,,,1,55,,34016,4,,,1,15,,33959,4,,,1,15,,33979,4,,,1,15,,33998,4,,,1,55,,34017,4,,,1,15,,33960,4,,,1,15,,33980,4,,,1,15,,33999,4,,,1,55,,34018,4,,,1,15,,33961,4,,,1,15,,33981,4,,,1,15,,34000,4,,,1,55,,34019,4,,,1,15,,33962,4,,,1,15,,33982,4,,,1,15,,34001,4,,,1,55,,34020,4,,,1,15,,33963,4,,,1,15,,33983,4,,,1,15,,34002,4,,,1,55,,34021,4,,,1,15,,33964,4,,,1,15,,33984,4,,,1,15,,34003,4,,,1,55,,34022,4,,,1,15,,33965,4,,,1,15,,33985,4,,,1,15,,34004,4,,,1,55,,34023,4,,,1,15,,33966,4,,,1,15,,33986,4,,,1,15,,34005,4,,,1,55,,34024,4,,,1,15,,33967,4,,,1,15,,33987,4,,,1,15,,34006,4,,,1,55,,34025,4,,,1,15,,33968,4,,,1,15,,33988,4,,,1,15,,34007,4,,,1,55,,34026,4,,,1,15,,33969,4,,,1,15,,33989,4,,,1,15,,34008,4,,,1,55,,34027,4,,,1,15,,33970,4,,,1,15,,33990,4,,,1,15,,34009,4,,,1,55,,34028,4,,,1,15,,33971,4,,,1
0,'20261006',511,,34089,4,,,1,15,,34029,4,,,1,20,,34069,4,,,1,55,,34090,4,,,1,15,,34030,4,,,1,15,,34050,4,,,1,15,,34070,4,,,1,55,,34091,4,,,1,15,,34031,4,,,1,15,,34051,4,,,1,15,,34071,4,,,1,55,,34092,4,,,1,15,,34032,4,,,1,15,,34052,4,,,1,15,,34072,4,,,1,55,,34093,4,,,1,15,,34033,4,,,1,15,,34053,4,,,1,15,,34073,4,,,1,55,,34094,4,,,1,15,,34034,4,,,1,15,,34054,4,,,1,15,,34074,4,,,1,55,,34095,4,,,1,15,,34035,4,,,1,15,,34055,4,,,1,15,,34075,4,,,1,55,,34096,4,,,1,15,,34036,4,,,1,15,,34056,4,,,1,15,,34076,4,,,1,55,,34097,4,,,1,15,,34037,4,,,1,15,,34057,4,,,1,15,,34077,4,,,1,55,,34098,4,,,1,15,,34038,4,,,1,15,,34058,4,,,1,15,,34078,4,,,1,55,,34099,4,,,1,15,,34039,4,,,1,15,,34059,4,,,1,15,,34079,4,,,1,55,,34100,4,,,1,15,,34040,4,,,1,15,,34060,4,,,1,15,,34080,4,,,1,55,,34101,4,,,1,15,,34041,4,,,1,15,,34061,4,,,1,15,,34081,4,,,1,55,,34102,4,,,1,15,,34042,4,,,1,15,,34062,4,,,1,15,,34082,4,,,1,55,,34103,4,,,1,15,,34043,4,,,1,15,,34063,4,,,1,15,,34083,4,,,1,55,,34104,4,,,1,15,,34044,4,,,1,15,,34064,4,,,1,15,,34084,4,,,1,55,,34105,4,,,1,15,,34045,4,,,1,15,,34065,4,,,1,15,,34085,4,,,1,55,,34106,4,,,1,15,,34046,4,,,1,15,,34066,4,,,1,15,,34086,4,,,1,55,,34107,4,,,1,15,,34047,4,,,1,15,,34067,4,,,1,15,,34087,4,,,1,55,,34108,4,,,1,15,,34048,4,,,1,15,,34068,4,,,1,15,,34088,4,,,1,55,,34109,4,,,1,15,,34049,4,,,1
0,'20261007',511,,34170,4,,,1,15,,34110,4,,,1,20,,34150,4,,,1,55,,34171,4,,,1,15,,34111,4,,,1,15,,34131,4,,,1,15,,34151,4,,,1,55,,34172,4,,,1,15,,34112,4,,,1,15,,34132,4,,,1,15,,34152,4,,,1,55,,34173,4,,,1,15,,34113,4,,,1,15,,34133,4,,,1,15,,34153,4,,,1,55,,34174,4,,,1,15,,34114,4,,,1,15,,34134,4,,,1,15,,34154,4,,,1,55,,34175,4,,,1,15,,34115,4,,,1,15,,34135,4,,,1,15,,34155,4,,,1,55,,34176,4,,,1,15,,34116,4,,,1,15,,34136,4,,,1,15,,34156,4,,,1,55,,34177,4,,,1,15,,34117,4,,,1,15,,34137,4,,,1,15,,34157,4,,,1,55,,34178,4,,,1,15,,34118,4,,,1,15,,34138,4,,,1,15,,34158,4,,,1,55,,34179,4,,,1,15,,34119,4,,,1,15,,34139,4,,,1,15,,34159,4,,,1,55,,34180,4,,,1,15,,34120,4,,,1,15,,34140,4,,,1,15,,34160,4,,,1,55,,34181,4,,,1,15,,34121,4,,,1,15,,34141,4,,,1,15,,34161,4,,,1,55,,34182,4,,,1,15,,34122,4,,,1,15,,34142,4,,,1,15,,34162,4,,,1,55,,34183,4,,,1,15,,34123,4,,,1,15,,34143,4,,,1,15,,34163,4,,,1,55,,34184,4,,,1,15,,34124,4,,,1,15,,34144,4,,,1,15,,34164,4,,,1,55,,34185,4,,,1,15,,34125,4,,,1,15,,34145,4,,,1,15,,34165,4,,,1,55,,34186,4,,,1,15,,34126,4,,,1,15,,34146,4,,,1,15,,34166,4,,,1,55,,34187,4,,,1,15,,34127,4,,,1,15,,34147,4,,,1,15,,34167,4,,,1,55,,34188,4,,,1,15,,34128,4,,,1,15,,34148,4,,,1,15,,34168,4,,,1,55,,34189,4,,,1,15,,34129,4,,,1,15,,34149,4,,,1,15,,34169,4,,,1,55,,34190,4,,,1,15,,34130,4,,,1
0,'20261008',511,,34251,4,,,1,15,,34191,4,,,1,20,,34231,4,,,1,55,,34252,4,,,1,15,,34192,4,,,1,15,,34212,4,,,1,15,,34232,4,,,1,55,,34253,4,,,1,15,,34193,4,,,1,15,,34213,4,,,1,15,,34233,4,,,1,55,,34254,4,,,1,15,,34194,4,,,1,15,,34214,4,,,1,15,,34234,4,,,1,55,,34255,4,,,1,15,,34195,4,,,1,15,,34215,4,,,1,15,,34235,4,,,1,55,,34256,4,,,1,15,,34196,4,,,1,15,,34216,4,,,1,15,,34236,4,,,1,55,,34257,4,,,1,15,,34197,4,,,1,15,,34217,4,,,1,15,,34237,4,,,1,55,,34258,4,,,1,15,,34198,4,,,1,15,,34218,4,,,1,15,,34238,4,,,1,55,,34259,4,,,1,15,,34199,4,,,1,15,,34219,4,,,1,15,,34239,4,,,1,55,,34260,4,,,1,15,,34200,4,,,1,15,,34220,4,,,1,15,,34240,4,,,1,55,,34261,4,,,1,15,,34201,4,,,1,15,,34221,4,,,1,15,,34241,4,,,1,55,,34262,4,,,1,15,,34202,4,,,1,15,,34222,4,,,1,15,,34242,4,,,1,55,,34263,4,,,1,15,,34203,4,,,1,15,,34223,4,,,1,15,,34243,4,,,1,55,,34264,4,,,1,15,,34204,4,,,1,15,,34224,4,,,1,15,,34244,4,,,1,55,,34265,4,,,1,15,,34205,4,,,1,15,,34225,4,,,1,15,,34245,4,,,1,55,,34266,4,,,1,15,,34206,4,,,1,15,,34226,4,,,1,15,,34246,4,,,1,55,,34267,4,,,1,15,,34207,4,,,1,15,,34227,4,,,1,15,,34247,4,,,1,55,,34268,4,,,1,15,,34208,4,,,1,15,,34228,4,,,1,15,,34248,4,,,1,55,,34269,4,,,1,15,,34209,4,,,1,15,,34229,4,,,1,15,,34249,4,,,1,55,,34270,4,,,1,15,,34210,4,,,1,15,,34230,4,,,1,15,,34250,4,,,1,55,,34271,4,,,1,15,,34211,4,,,1
0,'20261009',511,,34332,4,,,1,15,,34272,4,,,1,20,,34312,4,,,1,55,,34333,4,,,1,15,,34273,4,,,1,15,,34293,4,,,1,15,,34313,4,,,1,55,,34334,4,,,1,15,,34274,4,,,1,15,,34294,4,,,1,15,,34314,4,,,1,55,,34335,4,,,1,15,,34275,4,,,1,15,,34295,4,,,1,15,,34315,4,,,1,55,,34336,4,,,1,15,,34276,4,,,1,15,,34296,4,,,1,15,,34316,4,,,1,55,,34337,4,,,1,15,,34277,4,,,1,15,,34297,4,,,1,15,,34317,4,,,1,55,,34338,4,,,1,15,,34278,4,,,1,15,,34298,4,,,1,15,,34318,4,,,1,55,,34339,4,,,1,15,,34279,4,,,1,15,,34299,4,,,1,15,,34319,4,,,1,55,,34340,4,,,1,15,,34280,4,,,1,15,,34300,4,,,1,15,,34320,4,,,1,55,,34341,4,,,1,15,,34281,4,,,1,15,,34301,4,,,1,15,,34321,4,,,1,55,,34342,4,,,1,15,,34282,4,,,1,15,,34302,4,,,1,15,,34322,4,,,1,55,,34343,4,,,1,15,,34283,4,,,1,15,,34303,4,,,1,15,,34323,4,,,1,55,,34344,4,,,1,15,,34284,4,,,1,15,,34304,4,,,1,15,,34324,4,,,1,55,,34345,4,,,1,15,,34285,4,,,1,15,,34305,4,,,1,15,,34325,4,,,1,55,,34346,4,,,1,15,,34286,4,,,1,15,,34306,4,,,1,15,,34326,4,,,1,55,,34347,4,,,1,15,,34287,4,,,1,15,,34307,4,,,1,15,,34327,4,,,1,55,,34348,4,,,1,15,,34288,4,,,1,15,,34308,4,,,1,15,,34328,4,,,1,55,,34349,4,,,1,15,,34289,4,,,1,15,,34309,4,,,1,15,,34329,4,,,1,55,,34350,4,,,1,15,,34290,4,,,1,15,,34310,4,,,1,15,,34330,4,,,1,55,,34351,4,,,1,15,,34291,4,,,1,15,,34311,4,,,1,15,,34331,4,,,1,55,,34352,4,,,1,15,,34292,4,,,1
0,'20261010',616,,34353,4,,,1,15,,34373,4,,,1,15,,34392,4,,,1,55,,34411,4,,,1,15,,34354,4,,,1,15,,34374,4,,,1,15,,34393,4,,,1,55,,34412,4,,,1,15,,34355,4,,,1,15,,34375,4,,,1,15,,34394,4,,,1,55,,34413,4,,,1,15,,34356,4,,,1,15,,34376,4,,,1,15,,34395,4,,,1,55,,34414,4,,,1,15,,34357,4,,,1,15,,34377,4,,,1,15,,34396,4,,,1,55,,34415,4,,,1,15,,34358,4,,,1,15,,34378,4,,,1,15,,34397,4,,,1,55,,34416,4,,,1,15,,34359,4,,,1,15,,34379,4,,,1,15,,34398,4,,,1,55,,34417,4,,,1,15,,34360,4,,,1,15,,34380,4,,,1,15,,34399,4,,,1,55,,34418,4,,,1,15,,34361,4,,,1,15,,34381,4,,,1,15,,34400,4,,,1,55,,34419,4,,,1,15,,34362,4,,,1,15,,34382,4,,,1,15,,34401,4,,,1,55,,34420,4,,,1,15,,34363,4,,,1,15,,34383,4,,,1,15,,34402,4,,,1,55,,34421,4,,,1,15,,34364,4,,,1,15,,34384,4,,,1,15,,34403,4,,,1,55,,34422,4,,,1,15,,34365,4,,,1,15,,34385,4,,,1,15,,34404,4,,,1,55,,34423,4,,,1,15,,34366,4,,,1,15,,34386,4,,,1,15,,34405,4,,,1,55,,34424,4,,,1,15,,34367,4,,,1,15,,34387,4,,,1,15,,34406,4,,,1,55,,34425,4,,,1,15,,34368,4,,,1,15,,34388,4,,,1,15,,34407,4,,,1,55,,34426,4,,,1,15,,34369,4,,,1,15,,34389,4,,,1,15,,34408,4,,,1,55,,34427,4,,,1,15,,34370,4,,,1,15,,34390,4,,,1,15,,34409,4,,,1,55,,34428,4,,,1,15,,34371,4,,,1,15,,34391,4,,,1,15,,34410,4,,,1,55,,34429,4,,,1,15,,34372,4,,,1
0,'20261011',616,,34430,4,,,1,15,,34450,4,,,1,15,,34469,4,,,1,55,,34488,4,,,1,15,,34431,4,,,1,15,,34451,4,,,1,15,,34470,4,,,1,55,,34489,4,,,1,15,,34432,4,,,1,15,,34452,4,,,1,15,,34471,4,,,1,55,,34490,4,,,1,15,,34433,4,,,1,15,,34453,4,,,1,15,,34472,4,,,1,55,,34491,4,,,1,15,,34434,4,,,1,15,,34454,4,,,1,15,,34473,4,,,1,55,,34492,4,,,1,15,,34435,4,,,1,15,,34455,4,,,1,15,,34474,4,,,1,55,,34493,4,,,1,15,,34436,4,,,1,15,,34456,4,,,1,15,,34475,4,,,1,55,,34494,4,,,1,15,,34437,4,,,1,15,,34457,4,,,1,15,,34476,4,,,1,55,,34495,4,,,1,15,,34438,4,,,1,15,,34458,4,,,1,15,,34477,4,,,1,55,,34496,4,,,1,15,,34439,4,,,1,15,,34459,4,,,1,15,,34478,4,,,1,55,,34497,4,,,1,15,,34440,4,,,1,15,,34460,4,,,1,15,,34479,4,,,1,55,,34498,4,,,1,15,,34441,4,,,1,15,,34461,4,,,1,15,,34480,4,,,1,55,,34499,4,,,1,15,,34442,4,,,1,15,,34462,4,,,1,15,,34481,4,,,1,55,,34500,4,,,1,15,,34443,4,,,1,15,,34463,4,,,1,15,,34482,4,,,1,55,,34501,4,,,1,15,,34444,4,,,1,15,,34464,4,,,1,15,,34483,4,,,1,55,,34502,4,,,1,15,,34445,4,,,1,15,,34465,4,,,1,15,,34484,4,,,1,55,,34503,4,,,1,15,,34446,4,,,1,15,,34466,4,,,1,15,,34485,4,,,1,55,,34504,4,,,1,15,,34447,4,,,1,15,,34467,4,,,1,15,,34486,4,,,1,55,,34505,4,,,1,15,,34448,4,,,1,15,,34468,4,,,1,15,,34487,4,,,1,55,,34506,4,,,1,15,,34449,4,,,1
0,'20261012',616,,34507,4,,,1,15,,34527,4,,,1,15,,34546,4,,,1,55,,34565,4,,,1,15,,34508,4,,,1,15,,34528,4,,,1,15,,34547,4,,,1,55,,34566,4,,,1,15,,34509,4,,,1,15,,34529,4,,,1,15,,34548,4,,,1,55,,34567,4,,,1,15,,34510,4,,,1,15,,34530,4,,,1,15,,34549,4,,,1,55,,34568,4,,,1,15,,34511,4,,,1,15,,34531,4,,,1,15,,34550,4,,,1,55,,34569,4,,,1,15,,34512,4,,,1,15,,34532,4,,,1,15,,34551,4,,,1,55,,34570,4,,,1,15,,34513,4,,,1,15,,34533,4,,,1,15,,34552,4,,,1,55,,34571,4,,,1,15,,34514,4,,,1,15,,34534,4,,,1,15,,34553,4,,,1,55,,34572,4,,,1,15,,34515,4,,,1,15,,34535,4,,,1,15,,34554,4,,,1,55,,34573,4,,,1,15,,34516,4,,,1,15,,34536,4,,,1,15,,34555,4,,,1,55,,34574,4,,,1,15,,34517,4,,,1,15,,34537,4,,,1,15,,34556,4,,,1,55,,34575,4,,,1,15,,34518,4,,,1,15,,34538,4,,,1,15,,34557,4,,,1,55,,34576,4,,,1,15,,34519,4,,,1,15,,34539,4,,,1,15,,34558,4,,,1,55,,34577,4,,,1,15,,34520,4,,,1,15,,34540,4,,,1,15,,34559,4,,,1,55,,34578,4,,,1,15,,34521,4,,,1,15,,34541,4,,,1,15,,34560,4,,,1,55,,34579,4,,,1,15,,34522,4,,,1,15,,34542,4,,,1,15,,34561,4,,,1,55,,34580,4,,,1,15,,34523,4,,,1,15,,34543,4,,,1,15,,34562,4,,,1,55,,34581,4,,,1,15,,34524,4,,,1,15,,34544,4,,,1,15,,34563,4,,,1,55,,34582,4,,,1,15,,34525,4,,,1,15,,34545,4,,,1,15,,34564,4,,,1,55,,34583,4,,,1,15,,34526,4,,,1
0,'20261013',511,,34644,4,,,1,15,,34584,4,,,1,20,,34624,4,,,1,55,,34645,4,,,1,15,,34585,4,,,1,15,,34605,4,,,1,15,,34625,4,,,1,55,,34646,4,,,1,15,,34586,4,,,1,15,,34606,4,,,1,15,,34626,4,,,1,55,,34647,4,,,1,15,,34587,4,,,1,15,,34607,4,,,1,15,,34627,4,,,1,55,,34648,4,,,1,15,,34588,4,,,1,15,,34608,4,,,1,15,,34628,4,,,1,55,,34649,4,,,1,15,,34589,4,,,1,15,,34609,4,,,1,15,,34629,4,,,1,55,,34650,4,,,1,15,,34590,4,,,1,15,,34610,4,,,1,15,,34630,4,,,1,55,,34651,4,,,1,15,,34591,4,,,1,15,,34611,4,,,1,15,,34631,4,,,1,55,,34652,4,,,1,15,,34592,4,,,1,15,,34612,4,,,1,15,,34632,4,,,1,55,,34653,4,,,1,15,,34593,4,,,1,15,,34613,4,,,1,15,,34633,4,,,1,55,,34654,4,,,1,15,,34594,4,,,1,15,,34614,4,,,1,15,,34634,4,,,1,55,,34655,4,,,1,15,,34595,4,,,1,15,,34615,4,,,1,15,,34635,4,,,1,55,,34656,4,,,1,15,,34596,4,,,1,15,,34616,4,,,1,15,,34636,4,,,1,55,,34657,4,,,1,15,,34597,4,,,1,15,,34617,4,,,1,15,,34637,4,,,1,55,,34658,4,,,1,15,,34598,4,,,1,15,,34618,4,,,1,15,,34638,4,,,1,55,,34659,4,,,1,15,,34599,4,,,1,15,,34619,4,,,1,15,,34639,4,,,1,55,,34660,4,,,1,15,,34600,4,,,1,15,,34620,4,,,1,15,,34640,4,,,1,55,,34661,4,,,1,15,,34601,4,,,1,15,,34621,4,,,1,15,,34641,4,,,1,55,,34662,4,,,1,15,,34602,4,,,1,15,,34622,4,,,1,15,,34642,4,,,1,55,,34663,4,,,1,15,,34603,4,,,1,15,,34623,4,,,1,15,,34643,4,,,1,55,,34664,4,,,1,15,,34604,4,,,1
0,'20261014',511,,34725,4,,,1,15,,34665,4,,,1,20,,34705,4,,,1,55,,34726,4,,,1,15,,34666,4,,,1,15,,34686,4,,,1,15,,34706,4,,,1,55,,34727,4,,,1,15,,34667,4,,,1,15,,34687,4,,,1,15,,34707,4,,,1,55,,34728,4,,,1,15,,34668,4,,,1,15,,34688,4,,,1,15,,34708,4,,,1,55,,34729,4,,,1,15,,34669,4,,,1,15,,34689,4,,,1,15,,34709,4,,,1,55,,34730,4,,,1,15,,34670,4,,,1,15,,34690,4,,,1,15,,34710,4,,,1,55,,34731,4,,,1,15,,34671,4,,,1,15,,34691,4,,,1,15,,34711,4,,,1,55,,34732,4,,,1,15,,34672,4,,,1,15,,34692,4,,,1,15,,34712,4,,,1,55,,34733,4,,,1,15,,34673,4,,,1,15,,34693,4,,,1,15,,34713,4,,,1,55,,34734,4,,,1,15,,34674,4,,,1,15,,34694,4,,,1,15,,34714,4,,,1,55,,34735,4,,,1,15,,34675,4,,,1,15,,34695,4,,,1,15,,34715,4,,,1,55,,34736,4,,,1,15,,34676,4,,,1,15,,34696,4,,,1,15,,34716,4,,,1,55,,34737,4,,,1,15,,34677,4,,,1,15,,34697,4,,,1,15,,34717,4,,,1,55,,34738,4,,,1,15,,34678,4,,,1,15,,34698,4,,,1,15,,34718,4,,,1,55,,34739,4,,,1,15,,34679,4,,,1,15,,34699,4,,,1,15,,34719,4,,,1,55,,34740,4,,,1,15,,34680,4,,,1,15,,34700,4,,,1,15,,34720,4,,,1,55,,34741,4,,,1,15,,34681,4,,,1,15,,34701,4,,,1,15,,34721,4,,,1,55,,34742,4,,,1,15,,34682,4,,,1,15,,34702,4,,,1,15,,34722,4,,,1,55,,34743,4,,,1,15,,34683,4,,,1,15,,34703,4,,,1,15,,34723,4,,,1,55,,34744,4,,,1,15,,34684,4,,,1,15,,34704,4,,,1,15,,34724,4,,,1,55,,34745,4,,,1,15,,34685,4,,,1
0,'20261015',511,,34806,4,,,1,15,,34746,4,,,1,20,,34786,4,,,1,55,,34807,4,,,1,15,,34747,4,,,1,15,,34767,4,,,1,15,,34787,4,,,1,55,,34808,4,,,1,15,,34748,4,,,1,15,,34768,4,,,1,15,,34788,4,,,1,55,,34809,4,,,1,15,,34749,4,,,1,15,,34769,4,,,1,15,,34789,4,,,1,55,,34810,4,,,1,15,,34750,4,,,1,15,,34770,4,,,1,15,,34790,4,,,1,55,,34811,4,,,1,15,,34751,4,,,1,15,,34771,4,,,1,15,,34791,4,,,1,55,,34812,4,,,1,15,,34752,4,,,1,15,,34772,4,,,1,15,,34792,4,,,1,55,,34813,4,,,1,15,,34753,4,,,1,15,,34773,4,,,1,15,,34793,4,,,1,55,,34814,4,,,1,15,,34754,4,,,1,15,,34774,4,,,1,15,,34794,4,,,1,55,,34815,4,,,1,15,,34755,4,,,1,15,,34775,4,,,1,15,,34795,4,,,1,55,,34816,4,,,1,15,,34756,4,,,1,15,,34776,4,,,1,15,,34796,4,,,1,55,,34817,4,,,1,15,,34757,4,,,1,15,,34777,4,,,1,15,,34797,4,,,1,55,,34818,4,,,1,15,,34758,4,,,1,15,,34778,4,,,1,15,,34798,4,,,1,55,,34819,4,,,1,15,,34759,4,,,1,15,,34779,4,,,1,15,,34799,4,,,1,55,,34820,4,,,1,15,,34760,4,,,1,15,,34780,4,,,1,15,,34800,4,,,1,55,,34821,4,,,1,15,,34761,4,,,1,15,,34781,4,,,1,15,,34801,4,,,1,55,,34822,4,,,1,15,,34762,4,,,1,15,,34782,4,,,1,15,,34802,4,,,1,55,,34823,4,,,1,15,,34763,4,,,1,15,,34783,4,,,1,15,,34803,4,,,1,55,,34824,4,,,1,15,,34764,4,,,1,15,,34784,4,,,1,15,,34804,4,,,1,55,,34825,4,,,1,15,,34765,4,,,1,15,,34785,4,,,1,15,,34805,4,,,1,55,,34826,4,,,1,15,,34766,4,,,1
0,'20261016',511,,34887,4,,,1,15,,34827,4,,,1,20,,34867,4,,,1,55,,34888,4,,,1,15,,34828,4,,,1,15,,34848,4,,,1,15,,34868,4,,,1,55,,34889,4,,,1,15,,34829,4,,,1,15,,34849,4,,,1,15,,34869,4,,,1,55,,34890,4,,,1,15,,34830,4,,,1,15,,34850,4,,,1,15,,34870,4,,,1,55,,34891,4,,,1,15,,34831,4,,,1,15,,34851,4,,,1,15,,34871,4,,,1,55,,34892,4,,,1,15,,34832,4,,,1,15,,34852,4,,,1,15,,34872,4,,,1,55,,34893,4,,,1,15,,34833,4,,,1,15,,34853,4,,,1,15,,34873,4,,,1,55,,34894,4,,,1,15,,34834,4,,,1,15,,34854,4,,,1,15,,34874,4,,,1,55,,34895,4,,,1,15,,34835,4,,,1,15,,34855,4,,,1,15,,34875,4,,,1,55,,34896,4,,,1,15,,34836,4,,,1,15,,34856,4,,,1,15,,34876,4,,,1,55,,34897,4,,,1,15,,34837,4,,,1,15,,34857,4,,,1,15,,34877,4,,,1,55,,34898,4,,,1,15,,34838,4,,,1,15,,34858,4,,,1,15,,34878,4,,,1,55,,34899,4,,,1,15,,34839,4,,,1,15,,34859,4,,,1,15,,34879,4,,,1,55,,34900,4,,,1,15,,34840,4,,,1,15,,34860,4,,,1,15,,34880,4,,,1,55,,34901,4,,,1,15,,34841,4,,,1,15,,34861,4,,,1,15,,34881,4,,,1,55,,34902,4,,,1,15,,34842,4,,,1,15,,34862,4,,,1,15,,34882,4,,,1,55,,34903,4,,,1,15,,34843,4,,,1,15,,34863,4,,,1,15,,34883,4,,,1,55,,34904,4,,,1,15,,34844,4,,,1,15,,34864,4,,,1,15,,34884,4,,,1,55,,34905,4,,,1,15,,34845,4,,,1,15,,34865,4,,,1,15,,34885,4,,,1,55,,34906,4,,,1,15,,34846,4,,,1,15,,34866,4,,,1,15,,34886,4,,,1,55,,34907,4,,,1,15,,34847,4,,,1
0,'20261017',616,,34908,4,,,1,15,,34928,4,,,1,15,,34947,4,,,1,55,,34966,4,,,1,15,,34909,4,,,1,15,,34929,4,,,1,15,,34948,4,,,1,55,,34967,4,,,1,15,,34910,4,,,1,15,,34930,4,,,1,15,,34949,4,,,1,55,,34968,4,,,1,15,,34911,4,,,1,15,,34931,4,,,1,15,,34950,4,,,1,55,,34969,4,,,1,15,,34912,4,,,1,15,,34932,4,,,1,15,,34951,4,,,1,55,,34970,4,,,1,15,,34913,4,,,1,15,,34933,4,,,1,15,,34952,4,,,1,55,,34971,4,,,1,15,,34914,4,,,1,15,,34934,4,,,1,15,,34953,4,,,1,55,,34972,4,,,1,15,,34915,4,,,1,15,,34935,4,,,1,15,,34954,4,,,1,55,,34973,4,,,1,15,,34916,4,,,1,15,,34936,4,,,1,15,,34955,4,,,1,55,,34974,4,,,1,15,,34917,4,,,1,15,,34937,4,,,1,15,,34956,4,,,1,55,,34975,4,,,1,15,,34918,4,,,1,15,,34938,4,,,1,15,,34957,4,,,1,55,,34976,4,,,1,15,,34919,4,,,1,15,,34939,4,,,1,15,,34958,4,,,1,55,,34977,4,,,1,15,,34920,4,,,1,15,,34940,4,,,1,15,,34959,4,,,1,55,,34978,4,,,1,15,,34921,4,,,1,15,,34941,4,,,1,15,,34960,4,,,1,55,,34979,4,,,1,15,,34922,4,,,1,15,,34942,4,,,1,15,,34961,4,,,1,55,,34980,4,,,1,15,,34923,4,,,1,15,,34943,4,,,1,15,,34962,4,,,1,55,,34981,4,,,1,15,,34924,4,,,1,15,,34944,4,,,1,15,,34963,4,,,1,55,,34982,4,,,1,15,,34925,4,,,1,15,,34945,4,,,1,15,,34964,4,,,1,55,,34983,4,,,1,15,,34926,4,,,1,15,,34946,4,,,1,15,,34965,4,,,1,55,,34984,4,,,1,15,,34927,4,,,1
0,'20261018',616,,34985,4,,,1,15,,35005,4,,,1,15,,35024,4,,,1,55,,35043,4,,,1,15,,34986,4,,,1,15,,35006,4,,,1,15,,35025,4,,,1,55,,35044,4,,,1,15,,34987,4,,,1,15,,35007,4,,,1,15,,35026,4,,,1,55,,35045,4,,,1,15,,34988,4,,,1,15,,35008,4,,,1,15,,35027,4,,,1,55,,35046,4,,,1,15,,34989,4,,,1,15,,35009,4,,,1,15,,35028,4,,,1,55,,35047,4,,,1,15,,34990,4,,,1,15,,35010,4,,,1,15,,35029,4,,,1,55,,35048,4,,,1,15,,34991,4,,,1,15,,35011,4,,,1,15,,35030,4,,,1,55,,35049,4,,,1,15,,34992,4,,,1,15,,35012,4,,,1,15,,35031,4,,,1,55,,35050,4,,,1,15,,34993,4,,,1,15,,35013,4,,,1,15,,35032,4,,,1,55,,35051,4,,,1,15,,34994,4,,,1,15,,35014,4,,,1,15,,35033,4,,,1,55,,35052,4,,,1,15,,34995,4,,,1,15,,35015,4,,,1,15,,35034,4,,,1,55,,35053,4,,,1,15,,34996,4,,,1,15,,35016,4,,,1,15,,35035,4,,,1,55,,35054,4,,,1,15,,34997,4,,,1,15,,35017,4,,,1,15,,35036,4,,,1,55,,35055,4,,,1,15,,34998,4,,,1,15,,35018,4,,,1,15,,35037,4,,,1,55,,35056,4,,,1,15,,34999,4,,,1,15,,35019,4,,,1,15,,35038,4,,,1,55,,35057,4,,,1,15,,35000,4,,,1,15,,35020,4,,,1,15,,35039,4,,,1,55,,35058,4,,,1,15,,35001,4,,,1,15,,35021,4,,,1,15,,35040,4,,,1,55,,35059,4,,,1,15,,35002,4,,,1,15,,35022,4,,,1,15,,35041,4,,,1,55,,35060,4,,,1,15,,35003,4,,,1,15,,35023,4,,,1,15,,35042,4,,,1,55,,35061,4,,,1,15,,35004,4,,,1
0,'20261019',616,,35062,4,,,1,15,,35082,4,,,1,15,,35101,4,,,1,55,,35120,4,,,1,15,,35063,4,,,1,15,,35083,4,,,1,15,,35102,4,,,1,55,,35121,4,,,1,15,,35064,4,,,1,15,,35084,4,,,1,15,,35103,4,,,1,55,,35122,4,,,1,15,,35065,4,,,1,15,,35085,4,,,1,15,,35104,4,,,1,55,,35123,4,,,1,15,,35066,4,,,1,15,,35086,4,,,1,15,,35105,4,,,1,55,,35124,4,,,1,15,,35067,4,,,1,15,,35087,4,,,1,15,,35106,4,,,1,55,,35125,4,,,1,15,,35068,4,,,1,15,,35088,4,,,1,15,,35107,4,,,1,55,,35126,4,,,1,15,,35069,4,,,1,15,,35089,4,,,1,15,,35108,4,,,1,55,,35127,4,,,1,15,,35070,4,,,1,15,,35090,4,,,1,15,,35109,4,,,1,55,,35128,4,,,1,15,,35071,4,,,1,15,,35091,4,,,1,15,,35110,4,,,1,55,,35129,4,,,1,15,,35072,4,,,1,15,,35092,4,,,1,15,,35111,4,,,1,55,,35130,4,,,1,15,,35073,4,,,1,15,,35093,4,,,1,15,,35112,4,,,1,55,,35131,4,,,1,15,,35074,4,,,1,15,,35094,4,,,1,15,,35113,4,,,1,55,,35132,4,,,1,15,,35075,4,,,1,15,,35095,4,,,1,15,,35114,4,,,1,55,,35133,4,,,1,15,,35076,4,,,1,15,,35096,4,,,1,15,,35115,4,,,1,55,,35134,4,,,1,15,,35077,4,,,1,15,,35097,4,,,1,15,,35116,4,,,1,55,,35135,4,,,1,15,,35078,4,,,1,15,,35098,4,,,1,15,,35117,4,,,1,55,,35136,4,,,1,15,,35079,4,,,1,15,,35099,4,,,1,15,,35118,4,,,1,55,,35137,4,,,1,15,,35080,4,,,1,15,,35100,4,,,1,15,,35119,4,,,1,55,,35138,4,,,1,15,,35081,4,,,1
0,'20261020',511,,35199,4,,,1,15,,35139,4,,,1,20,,35179,4,,,1,55,,35200,4,,,1,15,,35140,4,,,1,15,,35160,4,,,1,15,,35180,4,,,1,55,,35201,4,,,1,15,,35141,4,,,1,15,,35161,4,,,1,15,,35181,4,,,1,55,,35202,4,,,1,15,,35142,4,,,1,15,,35162,4,,,1,15,,35182,4,,,1,55,,35203,4,,,1,15,,35143,4,,,1,15,,35163,4,,,1,15,,35183,4,,,1,55,,35204,4,,,1,15,,35144,4,,,1,15,,35164,4,,,1,15,,35184,4,,,1,55,,35205,4,,,1,15,,35145,4,,,1,15,,35165,4,,,1,15,,35185,4,,,1,55,,35206,4,,,1,15,,35146,4,,,1,15,,35166,4,,,1,15,,35186,4,,,1,55,,35207,4,,,1,15,,35147,4,,,1,15,,35167,4,,,1,15,,35187,4,,,1,55,,35208,4,,,1,15,,35148,4,,,1,15,,35168,4,,,1,15,,35188,4,,,1,55,,35209,4,,,1,15,,35149,4,,,1,15,,35169,4,,,1,15,,35189,4,,,1,55,,35210,4,,,1,15,,35150,4,,,1,15,,35170,4,,,1,15,,35190,4,,,1,55,,35211,4,,,1,15,,35151,4,,,1,15,,35171,4,,,1,15,,35191,4,,,1,55,,35212,4,,,1,15,,35152,4,,,1,15,,35172,4,,,1,15,,35192,4,,,1,55,,35213,4,,,1,15,,35153,4,,,1,15,,35173,4,,,1,15,,35193,4,,,1,55,,35214,4,,,1,15,,35154,4,,,1,15,,35174,4,,,1,15,,35194,4,,,1,55,,35215,4,,,1,15,,35155,4,,,1,15,,35175,4,,,1,15,,35195,4,,,1,55,,35216,4,,,1,15,,35156,4,,,1,15,,35176,4,,,1,15,,35196,4,,,1,55,,35217,4,,,1,15,,35157,4,,,1,15,,35177,4,,,1,15,,35197,4,,,1,55,,35218,4,,,1,15,,35158,4,,,1,15,,35178,4,,,1,15,,35198,4,,,1,55,,35219,4,,,1,15,,35159,4,,,1
0,'20261021',511,,35280,4,,,1,15,,35220,4,,,1,20,,35260,4,,,1,55,,35281,4,,,1,15,,35221,4,,,1,15,,35241,4,,,1,15,,35261,4,,,1,55,,35282,4,,,1,15,,35222,4,,,1,15,,35242,4,,,1,15,,35262,4,,,1,55,,35283,4,,,1,15,,35223,4,,,1,15,,35243,4,,,1,15,,35263,4,,,1,55,,35284,4,,,1,15,,35224,4,,,1,15,,35244,4,,,1,15,,35264,4,,,1,55,,35285,4,,,1,15,,35225,4,,,1,15,,35245,4,,,1,15,,35265,4,,,1,55,,35286,4,,,1,15,,35226,4,,,1,15,,35246,4,,,1,15,,35266,4,,,1,55,,35287,4,,,1,15,,35227,4,,,1,15,,35247,4,,,1,15,,35267,4,,,1,55,,35288,4,,,1,15,,35228,4,,,1,15,,35248,4,,,1,15,,35268,4,,,1,55,,35289,4,,,1,15,,35229,4,,,1,15,,35249,4,,,1,15,,35269,4,,,1,55,,35290,4,,,1,15,,35230,4,,,1,15,,35250,4,,,1,15,,35270,4,,,1,55,,35291,4,,,1,15,,35231,4,,,1,15,,35251,4,,,1,15,,35271,4,,,1,55,,35292,4,,,1,15,,35232,4,,,1,15,,35252,4,,,1,15,,35272,4,,,1,55,,35293,4,,,1,15,,35233,4,,,1,15,,35253,4,,,1,15,,35273,4,,,1,55,,35294,4,,,1,15,,35234,4,,,1,15,,35254,4,,,1,15,,35274,4,,,1,55,,35295,4,,,1,15,,35235,4,,,1,15,,35255,4,,,1,15,,35275,4,,,1,55,,35296,4,,,1,15,,35236,4,,,1,15,,35256,4,,,1,15,,35276,4,,,1,55,,35297,4,,,1,15,,35237,4,,,1,15,,35257,4,,,1,15,,35277,4,,,1,55,,35298,4,,,1,15,,35238,4,,,1,15,,35258,4,,,1,15,,35278,4,,,1,55,,35299,4,,,1,15,,35239,4,,,1,15,,35259,4,,,1,15,,35279,4,,,1,55,,35300,4,,,1,15,,35240,4,,,1
0,'20261022',511,,35361,4,,,1,15,,35301,4,,,1,20,,35341,4,,,1,55,,35362,4,,,1,15,,35302,4,,,1,15,,35322,4,,,1,15,,35342,4,,,1,55,,35363,4,,,1,15,,35303,4,,,1,15,,35323,4,,,1,15,,35343,4,,,1,55,,35364,4,,,1,15,,35304,4,,,1,15,,35324,4,,,1,15,,35344,4,,,1,55,,35365,4,,,1,15,,35305,4,,,1,15,,35325,4,,,1,15,,35345,4,,,1,55,,35366,4,,,1,15,,35306,4,,,1,15,,35326,4,,,1,15,,35346,4,,,1,55,,35367,4,,,1,15,,35307,4,,,1,15,,35327,4,,,1,15,,35347,4,,,1,55,,35368,4,,,1,15,,35308,4,,,1,15,,35328,4,,,1,15,,35348,4,,,1,55,,35369,4,,,1,15,,35309,4,,,1,15,,35329,4,,,1,15,,35349,4,,,1,55,,35370,4,,,1,15,,35310,4,,,1,15,,35330,4,,,1,15,,35350,4,,,1,55,,35371,4,,,1,15,,35311,4,,,1,15,,35331,4,,,1,15,,35351,4,,,1,55,,35372,4,,,1,15,,35312,4,,,1,15,,35332,4,,,1,15,,35352,4,,,1,55,,35373,4,,,1,15,,35313,4,,,1,15,,35333,4,,,1,15,,35353,4,,,1,55,,35374,4,,,1,15,,35314,4,,,1,15,,35334,4,,,1,15,,35354,4,,,1,55,,35375,4,,,1,15,,35315,4,,,1,15,,35335,4,,,1,15,,35355,4,,,1,55,,35376,4,,,1,15,,35316,4,,,1,15,,35336,4,,,1,15,,35356,4,,,1,55,,35377,4,,,1,15,,35317,4,,,1,15,,35337,4,,,1,15,,35357,4,,,1,55,,35378,4,,,1,15,,35318,4,,,1,15,,35338,4,,,1,15,,35358,4,,,1,55,,35379,4,,,1,15,,35319,4,,,1,15,,35339,4,,,1,15,,35359,4,,,1,55,,35380,4,,,1,15,,35320,4,,,1,15,,35340,4,,,1,15,,35360,4,,,1,55,,35381,4,,,1,15,,35321,4,,,1
0,'20261023',511,,35442,4,,,1,15,,35382,4,,,1,20,,35422,4,,,1,55,,35443,4,,,1,15,,35383,4,,,1,15,,35403,4,,,1,15,,35423,4,,,1,55,,35444,4,,,1,15,,35384,4,,,1,15,,35404,4,,,1,15,,35424,4,,,1,55,,35445,4,,,1,15,,35385,4,,,1,15,,35405,4,,,1,15,,35425,4,,,1,55,,35446,4,,,1,15,,35386,4,,,1,15,,35406,4,,,1,15,,35426,4,,,1,55,,35447,4,,,1,15,,35387,4,,,1,15,,35407,4,,,1,15,,35427,4,,,1,55,,35448,4,,,1,15,,35388,4,,,1,15,,35408,4,,,1,15,,35428,4,,,1,55,,35449,4,,,1,15,,35389,4,,,1,15,,35409,4,,,1,15,,35429,4,,,1,55,,35450,4,,,1,15,,35390,4,,,1,15,,35410,4,,,1,15,,35430,4,,,1,55,,35451,4,,,1,15,,35391,4,,,1,15,,35411,4,,,1,15,,35431,4,,,1,55,,35452,4,,,1,15,,35392,4,,,1,15,,35412,4,,,1,15,,35432,4,,,1,55,,35453,4,,,1,15,,35393,4,,,1,15,,35413,4,,,1,15,,35433,4,,,1,55,,35454,4,,,1,15,,35394,4,,,1,15,,35414,4,,,1,15,,35434,4,,,1,55,,35455,4,,,1,15,,35395,4,,,1,15,,35415,4,,,1,15,,35435,4,,,1,55,,35456,4,,,1,15,,35396,4,,,1,15,,35416,4,,,1,15,,35436,4,,,1,55,,35457,4,,,1,15,,35397,4,,,1,15,,35417,4,,,1,15,,35437,4,,,1,55,,35458,4,,,1,15,,35398,4,,,1,15,,35418,4,,,1,15,,35438,4,,,1,55,,35459,4,,,1,15,,35399,4,,,1,15,,35419,4,,,1,15,,35439,4,,,1,55,,35460,4,,,1,15,,35400,4,,,1,15,,35420,4,,,1,15,,35440,4,,,1,55,,35461,4,,,1,15,,35401,4,,,1,15,,35421,4,,,1,15,,35441,4,,,1,55,,35462,4,,,1,15,,35402,4,,,1
0,'20261024',616,,35463,4,,,1,15,,35483,4,,,1,15,,35502,4,,,1,55,,35521,4,,,1,15,,35464,4,,,1,15,,35484,4,,,1,15,,35503,4,,,1,55,,35522,4,,,1,15,,35465,4,,,1,15,,35485,4,,,1,15,,35504,4,,,1,55,,35523,4,,,1,15,,35466,4,,,1,15,,35486,4,,,1,15,,35505,4,,,1,55,,35524,4,,,1,15,,35467,4,,,1,15,,35487,4,,,1,15,,35506,4,,,1,55,,35525,4,,,1,15,,35468,4,,,1,15,,35488,4,,,1,15,,35507,4,,,1,55,,35526,4,,,1,15,,35469,4,,,1,15,,35489,4,,,1,15,,35508,4,,,1,55,,35527,4,,,1,15,,35470,4,,,1,15,,35490,4,,,1,15,,35509,4,,,1,55,,35528,4,,,1,15,,35471,4,,,1,15,,35491,4,,,1,15,,35510,4,,,1,55,,35529,4,,,1,15,,35472,4,,,1,15,,35492,4,,,1,15,,35511,4,,,1,55,,35530,4,,,1,15,,35473,4,,,1,15,,35493,4,,,1,15,,35512,4,,,1,55,,35531,4,,,1,15,,35474,4,,,1,15,,35494,4,,,1,15,,35513,4,,,1,55,,35532,4,,,1,15,,35475,4,,,1,15,,35495,4,,,1,15,,35514,4,,,1,55,,35533,4,,,1,15,,35476,4,,,1,15,,35496,4,,,1,15,,35515,4,,,1,55,,35534,4,,,1,15,,35477,4,,,1,15,,35497,4,,,1,15,,35516,4,,,1,55,,35535,4,,,1,15,,35478,4,,,1,15,,35498,4,,,1,15,,35517,4,,,1,55,,35536,4,,,1,15,,35479,4,,,1,15,,35499,4,,,1,15,,35518,4,,,1,55,,35537,4,,,1,15,,35480,4,,,1,15,,35500,4,,,1,15,,35519,4,,,1,55,,35538,4,,,1,15,,35481,4,,,1,15,,35501,4,,,1,15,,35520,4,,,1,55,,35539,4,,,1,15,,35482,4,,,1
0,'20261025',616,,35540,4,,,1,15,,35560,4,,,1,15,,35579,4,,,1,55,,35598,4,,,1,15,,35541,4,,,1,15,,35561,4,,,1,15,,35580,4,,,1,55,,35599,4,,,1,15,,35542,4,,,1,15,,35562,4,,,1,15,,35581,4,,,1,55,,35600,4,,,1,15,,35543,4,,,1,15,,35563,4,,,1,15,,35582,4,,,1,55,,35601,4,,,1,15,,35544,4,,,1,15,,35564,4,,,1,15,,35583,4,,,1,55,,35602,4,,,1,15,,35545,4,,,1,15,,35565,4,,,1,15,,35584,4,,,1,55,,35603,4,,,1,15,,35546,4,,,1,15,,35566,4,,,1,15,,35585,4,,,1,55,,35604,4,,,1,15,,35547,4,,,1,15,,35567,4,,,1,15,,35586,4,,,1,55,,35605,4,,,1,15,,35548,4,,,1,15,,35568,4,,,1,15,,35587,4,,,1,55,,35606,4,,,1,15,,35549,4,,,1,15,,35569,4,,,1,15,,35588,4,,,1,55,,35607,4,,,1,15,,35550,4,,,1,15,,35570,4,,,1,15,,35589,4,,,1,55,,35608,4,,,1,15,,35551,4,,,1,15,,35571,4,,,1,15,,35590,4,,,1,55,,35609,4,,,1,15,,35552,4,,,1,15,,35572,4,,,1,15,,35591,4,,,1,55,,35610,4,,,1,15,,35553,4,,,1,15,,35573,4,,,1,15,,35592,4,,,1,55,,35611,4,,,1,15,,35554,4,,,1,15,,35574,4,,,1,15,,35593,4,,,1,55,,35612,4,,,1,15,,35555,4,,,1,15,,35575,4,,,1,15,,35594,4,,,1,55,,35613,4,,,1,15,,35556,4,,,1,15,,35576,4,,,1,15,,35595,4,,,1,55,,35614,4,,,1,15,,35557,4,,,1,15,,35577,4,,,1,15,,35596,4,,,1,55,,35615,4,,,1,15,,35558,4,,,1,15,,35578,4,,,1,15,,35597,4,,,1,55,,35616,4,,,1,15,,35559,4,,,1
0,'20261026',616,,35617,4,,,1,15,,35637,4,,,1,15,,35656,4,,,1,55,,35675,4,,,1,15,,35618,4,,,1,15,,35638,4,,,1,15,,35657,4,,,1,55,,35676,4,,,1,15,,35619,4,,,1,15,,35639,4,,,1,15,,35658,4,,,1,55,,35677,4,,,1,15,,35620,4,,,1,15,,35640,4,,,1,15,,35659,4,,,1,55,,35678,4,,,1,15,,35621,4,,,1,15,,35641,4,,,1,15,,35660,4,,,1,55,,35679,4,,,1,15,,35622,4,,,1,15,,35642,4,,,1,15,,35661,4,,,1,55,,35680,4,,,1,15,,35623,4,,,1,15,,35643,4,,,1,15,,35662,4,,,1,55,,35681,4,,,1,15,,35624,4,,,1,15,,35644,4,,,1,15,,35663,4,,,1,55,,35682,4,,,1,15,,35625,4,,,1,15,,35645,4,,,1,15,,35664,4,,,1,55,,35683,4,,,1,15,,35626,4,,,1,15,,35646,4,,,1,15,,35665,4,,,1,55,,35684,4,,,1,15,,35627,4,,,1,15,,35647,4,,,1,15,,35666,4,,,1,55,,35685,4,,,1,15,,35628,4,,,1,15,,35648,4,,,1,15,,35667,4,,,1,55,,35686,4,,,1,15,,35629,4,,,1,15,,35649,4,,,1,15,,35668,4,,,1,55,,35687,4,,,1,15,,35630,4,,,1,15,,35650,4,,,1,15,,35669,4,,,1,55,,35688,4,,,1,15,,35631,4,,,1,15,,35651,4,,,1,15,,35670,4,,,1,55,,35689,4,,,1,15,,35632,4,,,1,15,,35652,4,,,1,15,,35671,4,,,1,55,,35690,4,,,1,15,,35633,4,,,1,15,,35653,4,,,1,15,,35672,4,,,1,55,,35691,4,,,1,15,,35634,4,,,1,15,,35654,4,,,1,15,,35673,4,,,1,55,,35692,4,,,1,15,,35635,4,,,1,15,,35655,4,,,1,15,,35674,4,,,1,55,,35693,4,,,1,15,,35636,4,,,1
0,'20261027',511,,35754,4,,,1,15,,35694,4,,,1,20,,35734,4,,,1,55,,35755,4,,,1,15,,35695,4,,,1,15,,35715,4,,,1,15,,35735,4,,,1,55,,35756,4,,,1,15,,35696,4,,,1,15,,35716,4,,,1,15,,35736,4,,,1,55,,35757,4,,,1,15,,35697,4,,,1,15,,35717,4,,,1,15,,35737,4,,,1,55,,35758,4,,,1,15,,35698,4,,,1,15,,35718,4,,,1,15,,35738,4,,,1,55,,35759,4,,,1,15,,35699,4,,,1,15,,35719,4,,,1,15,,35739,4,,,1,55,,35760,4,,,1,15,,35700,4,,,1,15,,35720,4,,,1,15,,35740,4,,,1,55,,35761,4,,,1,15,,35701,4,,,1,15,,35721,4,,,1,15,,35741,4,,,1,55,,35762,4,,,1,15,,35702,4,,,1,15,,35722,4,,,1,15,,35742,4,,,1,55,,35763,4,,,1,15,,35703,4,,,1,15,,35723,4,,,1,15,,35743,4,,,1,55,,35764,4,,,1,15,,35704,4,,,1,15,,35724,4,,,1,15,,35744,4,,,1,55,,35765,4,,,1,15,,35705,4,,,1,15,,35725,4,,,1,15,,35745,4,,,1,55,,35766,4,,,1,15,,35706,4,,,1,15,,35726,4,,,1,15,,35746,4,,,1,55,,35767,4,,,1,15,,35707,4,,,1,15,,35727,4,,,1,15,,35747,4,,,1,55,,35768,4,,,1,15,,35708,4,,,1,15,,35728,4,,,1,15,,35748,4,,,1,55,,35769,4,,,1,15,,35709,4,,,1,15,,35729,4,,,1,15,,35749,4,,,1,55,,35770,4,,,1,15,,35710,4,,,1,15,,35730,4,,,1,15,,35750,4,,,1,55,,35771,4,,,1,15,,35711,4,,,1,15,,35731,4,,,1,15,,35751,4,,,1,55,,35772,4,,,1,15,,35712,4,,,1,15,,35732,4,,,1,15,,35752,4,,,1,55,,35773,4,,,1,15,,35713,4,,,1,15,,35733,4,,,1,15,,35753,4,,,1,55,,35774,4,,,1,15,,35714,4,,,1
0,'20261028',511,,35835,4,,,1,15,,35775,4,,,1,20,,35815,4,,,1,55,,35836,4,,,1,15,,35776,4,,,1,15,,35796,4,,,1,15,,35816,4,,,1,55,,35837,4,,,1,15,,35777,4,,,1,15,,35797,4,,,1,15,,35817,4,,,1,55,,35838,4,,,1,15,,35778,4,,,1,15,,35798,4,,,1,15,,35818,4,,,1,55,,35839,4,,,1,15,,35779,4,,,1,15,,35799,4,,,1,15,,35819,4,,,1,55,,35840,4,,,1,15,,35780,4,,,1,15,,35800,4,,,1,15,,35820,4,,,1,55,,35841,4,,,1,15,,35781,4,,,1,15,,35801,4,,,1,15,,35821,4,,,1,55,,35842,4,,,1,15,,35782,4,,,1,15,,35802,4,,,1,15,,35822,4,,,1,55,,35843,4,,,1,15,,35783,4,,,1,15,,35803,4,,,1,15,,35823,4,,,1,55,,35844,4,,,1,15,,35784,4,,,1,15,,35804,4,,,1,15,,35824,4,,,1,55,,35845,4,,,1,15,,35785,4,,,1,15,,35805,4,,,1,15,,35825,4,,,1,55,,35846,4,,,1,15,,35786,4,,,1,15,,35806,4,,,1,15,,35826,4,,,1,55,,35847,4,,,1,15,,35787,4,,,1,15,,35807,4,,,1,15,,35827,4,,,1,55,,35848,4,,,1,15,,35788,4,,,1,15,,35808,4,,,1,15,,35828,4,,,1,55,,35849,4,,,1,15,,35789,4,,,1,15,,35809,4,,,1,15,,35829,4,,,1,55,,35850,4,,,1,15,,35790,4,,,1,15,,35810,4,,,1,15,,35830,4,,,1,55,,35851,4,,,1,15,,35791,4,,,1,15,,35811,4,,,1,15,,35831,4,,,1,55,,35852,4,,,1,15,,35792,4,,,1,15,,35812,4,,,1,15,,35832,4,,,1,55,,35853,4,,,1,15,,35793,4,,,1,15,,35813,4,,,1,15,,35833,4,,,1,55,,35854,4,,,1,15,,35794,4,,,1,15,,35814,4,,,1,15,,35834,4,,,1,55,,35855,4,,,1,15,,35795,4,,,1
0,'20261029',511,,35916,4,,,1,15,,35856,4,,,1,20,,35896,4,,,1,55,,35917,4,,,1,15,,35857,4,,,1,15,,35877,4,,,1,15,,35897,4,,,1,55,,35918,4,,,1,15,,35858,4,,,1,15,,35878,4,,,1,15,,35898,4,,,1,55,,35919,4,,,1,15,,35859,4,,,1,15,,35879,4,,,1,15,,35899,4,,,1,55,,35920,4,,,1,15,,35860,4,,,1,15,,35880,4,,,1,15,,35900,4,,,1,55,,35921,4,,,1,15,,35861,4,,,1,15,,35881,4,,,1,15,,35901,4,,,1,55,,35922,4,,,1,15,,35862,4,,,1,15,,35882,4,,,1,15,,35902,4,,,1,55,,35923,4,,,1,15,,35863,4,,,1,15,,35883,4,,,1,15,,35903,4,,,1,55,,35924,4,,,1,15,,35864,4,,,1,15,,35884,4,,,1,15,,35904,4,,,1,55,,35925,4,,,1,15,,35865,4,,,1,15,,35885,4,,,1,15,,35905,4,,,1,55,,35926,4,,,1,15,,35866,4,,,1,15,,35886,4,,,1,15,,35906,4,,,1,55,,35927,4,,,1,15,,35867,4,,,1,15,,35887,4,,,1,15,,35907,4,,,1,55,,35928,4,,,1,15,,35868,4,,,1,15,,35888,4,,,1,15,,35908,4,,,1,55,,35929,4,,,1,15,,35869,4,,,1,15,,35889,4,,,1,15,,35909,4,,,1,55,,35930,4,,,1,15,,35870,4,,,1,15,,35890,4,,,1,15,,35910,4,,,1,55,,35931,4,,,1,15,,35871,4,,,1,15,,35891,4,,,1,15,,35911,4,,,1,55,,35932,4,,,1,15,,35872,4,,,1,15,,35892,4,,,1,15,,35912,4,,,1,55,,35933,4,,,1,15,,35873,4,,,1,15,,35893,4,,,1,15,,35913,4,,,1,55,,35934,4,,,1,15,,35874,4,,,1,15,,35894,4,,,1,15,,35914,4,,,1,55,,35935,4,,,1,15,,35875,4,,,1,15,,35895,4,,,1,15,,35915,4,,,1,55,,35936,4,,,1,15,,35876,4,,,1
0,'20261030',511,,35997,4,,,1,15,,35937,4,,,1,20,,35977,4,,,1,55,,35998,4,,,1,15,,35938,4,,,1,15,,35958,4,,,1,15,,35978,4,,,1,55,,35999,4,,,1,15,,35939,4,,,1,15,,35959,4,,,1,15,,35979,4,,,1,55,,36000,4,,,1,15,,35940,4,,,1,15,,35960,4,,,1,15,,35980,4,,,1,55,,36001,4,,,1,15,,35941,4,,,1,15,,35961,4,,,1,15,,35981,4,,,1,55,,36002,4,,,1,15,,35942,4,,,1,15,,35962,4,,,1,15,,35982,4,,,1,55,,36003,4,,,1,15,,35943,4,,,1,15,,35963,4,,,1,15,,35983,4,,,1,55,,36004,4,,,1,15,,35944,4,,,1,15,,35964,4,,,1,15,,35984,4,,,1,55,,36005,4,,,1,15,,35945,4,,,1,15,,35965,4,,,1,15,,35985,4,,,1,55,,36006,4,,,1,15,,35946,4,,,1,15,,35966,4,,,1,15,,35986,4,,,1,55,,36007,4,,,1,15,,35947,4,,,1,15,,35967,4,,,1,15,,35987,4,,,1,55,,36008,4,,,1,15,,35948,4,,,1,15,,35968,4,,,1,15,,35988,4,,,1,55,,36009,4,,,1,15,,35949,4,,,1,15,,35969,4,,,1,15,,35989,4,,,1,55,,36010,4,,,1,15,,35950,4,,,1,15,,35970,4,,,1,15,,35990,4,,,1,55,,36011,4,,,1,15,,35951,4,,,1,15,,35971,4,,,1,15,,35991,4,,,1,55,,36012,4,,,1,15,,35952,4,,,1,15,,35972,4,,,1,15,,35992,4,,,1,55,,36013,4,,,1,15,,35953,4,,,1,15,,35973,4,,,1,15,,35993,4,,,1,55,,36014,4,,,1,15,,35954,4,,,1,15,,35974,4,,,1,15,,35994,4,,,1,55,,36015,4,,,1,15,,35955,4,,,1,15,,35975,4,,,1,15,,35995,4,,,1,55,,36016,4,,,1,15,,35956,4,,,1,15,,35976,4,,,1,15,,35996,4,,,1,55,,36017,4,,,1,15,,35957,4,,,1
0,'20261031',616,,36018,4,,,1,15,,36038,4,,,1,15,,36057,4,,,1,55,,36076,4,,,1,15,,36019,4,,,1,15,,36039,4,,,1,15,,36058,4,,,1,55,,36077,4,,,1,15,,36020,4,,,1,15,,36040,4,,,1,15,,36059,4,,,1,55,,36078,4,,,1,15,,36021,4,,,1,15,,36041,4,,,1,15,,36060,4,,,1,55,,36079,4,,,1,15,,36022,4,,,1,15,,36042,4,,,1,15,,36061,4,,,1,55,,36080,4,,,1,15,,36023,4,,,1,15,,36043,4,,,1,15,,36062,4,,,1,55,,36081,4,,,1,15,,36024,4,,,1,15,,36044,4,,,1,15,,36063,4,,,1,55,,36082,4,,,1,15,,36025,4,,,1,15,,36045,4,,,1,15,,36064,4,,,1,55,,36083,4,,,1,15,,36026,4,,,1,15,,36046,4,,,1,15,,36065,4,,,1,55,,36084,4,,,1,15,,36027,4,,,1,15,,36047,4,,,1,15,,36066,4,,,1,55,,36085,4,,,1,15,,36028,4,,,1,15,,36048,4,,,1,15,,36067,4,,,1,55,,36086,4,,,1,15,,36029,4,,,1,15,,36049,4,,,1,15,,36068,4,,,1,55,,36087,4,,,1,15,,36030,4,,,1,15,,36050,4,,,1,15,,36069,4,,,1,55,,36088,4,,,1,15,,36031,4,,,1,15,,36051,4,,,1,15,,36070,4,,,1,55,,36089,4,,,1,15,,36032,4,,,1,15,,36052,4,,,1,15,,36071,4,,,1,55,,36090,4,,,1,15,,36033,4,,,1,15,,36053,4,,,1,15,,36072,4,,,1,55,,36091,4,,,1,15,,36034,4,,,1,15,,36054,4,,,1,15,,36073,4,,,1,55,,36092,4,,,1,15,,36035,4,,,1,15,,36055,4,,,1,15,,36074,4,,,1,55,,36093,4,,,1,15,,36036,4,,,1,15,,36056,4,,,1,15,,36075,4,,,1,55,,36094,4,,,1,15,,36037,4,,,1
0,'20261101',616,,36095,4,,,1,15,,36115,4,,,1,15,,36134,4,,,1,55,,36153,4,,,1,15,,36096,4,,,1,15,,36116,4,,,1,15,,36135,4,,,1,55,,36154,4,,,1,15,,36097,4,,,1,15,,36117,4,,,1,15,,36136,4,,,1,55,,36155,4,,,1,15,,36098,4,,,1,15,,36118,4,,,1,15,,36137,4,,,1,55,,36156,4,,,1,15,,36099,4,,,1,15,,36119,4,,,1,15,,36138,4,,,1,55,,36157,4,,,1,15,,36100,4,,,1,15,,36120,4,,,1,15,,36139,4,,,1,55,,36158,4,,,1,15,,36101,4,,,1,15,,36121,4,,,1,15,,36140,4,,,1,55,,36159,4,,,1,15,,36102,4,,,1,15,,36122,4,,,1,15,,36141,4,,,1,55,,36160,4,,,1,15,,36103,4,,,1,15,,36123,4,,,1,15,,36142,4,,,1,55,,36161,4,,,1,15,,36104,4,,,1,15,,36124,4,,,1,15,,36143,4,,,1,55,,36162,4,,,1,15,,36105,4,,,1,15,,36125,4,,,1,15,,36144,4,,,1,55,,36163,4,,,1,15,,36106,4,,,1,15,,36126,4,,,1,15,,36145,4,,,1,55,,36164,4,,,1,15,,36107,4,,,1,15,,36127,4,,,1,15,,36146,4,,,1,55,,36165,4,,,1,15,,36108,4,,,1,15,,36128,4,,,1,15,,36147,4,,,1,55,,36166,4,,,1,15,,36109,4,,,1,15,,36129,4,,,1,15,,36148,4,,,1,55,,36167,4,,,1,15,,36110,4,,,1,15,,36130,4,,,1,15,,36149,4,,,1,55,,36168,4,,,1,15,,36111,4,,,1,15,,36131,4,,,1,15,,36150,4,,,1,55,,36169,4,,,1,15,,36112,4,,,1,15,,36132,4,,,1,15,,36151,4,,,1,55,,36170,4,,,1,15,,36113,4,,,1,15,,36133,4,,,1,15,,36152,4,,,1,55,,36171,4,,,1,15,,36114,4,,,1
0,'20261102',616,,36172,4,,,1,15,,36192,4,,,1,15,,36211,4,,,1,55,,36230,4,,,1,15,,36173,4,,,1,15,,36193,4,,,1,15,,36212,4,,,1,55,,36231,4,,,1,15,,36174,4,,,1,15,,36194,4,,,1,15,,36213,4,,,1,55,,36232,4,,,1,15,,36175,4,,,1,15,,36195,4,,,1,15,,36214,4,,,1,55,,36233,4,,,1,15,,36176,4,,,1,15,,36196,4,,,1,15,,36215,4,,,1,55,,36234,4,,,1,15,,36177,4,,,1,15,,36197,4,,,1,15,,36216,4,,,1,55,,36235,4,,,1,15,,36178,4,,,1,15,,36198,4,,,1,15,,36217,4,,,1,55,,36236,4,,,1,15,,36179,4,,,1,15,,36199,4,,,1,15,,36218,4,,,1,55,,36237,4,,,1,15,,36180,4,,,1,15,,36200,4,,,1,15,,36219,4,,,1,55,,36238,4,,,1,15,,36181,4,,,1,15,,36201,4,,,1,15,,36220,4,,,1,55,,36239,4,,,1,15,,36182,4,,,1,15,,36202,4,,,1,15,,36221,4,,,1,55,,36240,4,,,1,15,,36183,4,,,1,15,,36203,4,,,1,15,,36222,4,,,1,55,,36241,4,,,1,15,,36184,4,,,1,15,,36204,4,,,1,15,,36223,4,,,1,55,,36242,4,,,1,15,,36185,4,,,1,15,,36205,4,,,1,15,,36224,4,,,1,55,,36243,4,,,1,15,,36186,4,,,1,15,,36206,4,,,1,15,,36225,4,,,1,55,,36244,4,,,1,15,,36187,4,,,1,15,,36207,4,,,1,15,,36226,4,,,1,55,,36245,4,,,1,15,,36188,4,,,1,15,,36208,4,,,1,15,,36227,4,,,1,55,,36246,4,,,1,15,,36189,4,,,1,15,,36209,4,,,1,15,,36228,4,,,1,55,,36247,4,,,1,15,,36190,4,,,1,15,,36210,4,,,1,15,,36229,4,,,1,55,,36248,4,,,1,15,,36191,4,,,1
0,'20261103',511,,36309,4,,,1,15,,36249,4,,,1,20,,36289,4,,,1,55,,36310,4,,,1,15,,36250,4,,,1,15,,36270,4,,,1,15,,36290,4,,,1,55,,36311,4,,,1,15,,36251,4,,,1,15,,36271,4,,,1,15,,36291,4,,,1,55,,36312,4,,,1,15,,36252,4,,,1,15,,36272,4,,,1,15,,36292,4,,,1,55,,36313,4,,,1,15,,36253,4,,,1,15,,36273,4,,,1,15,,36293,4,,,1,55,,36314,4,,,1,15,,36254,4,,,1,15,,36274,4,,,1,15,,36294,4,,,1,55,,36315,4,,,1,15,,36255,4,,,1,15,,36275,4,,,1,15,,36295,4,,,1,55,,36316,4,,,1,15,,36256,4,,,1,15,,36276,4,,,1,15,,36296,4,,,1,55,,36317,4,,,1,15,,36257,4,,,1,15,,36277,4,,,1,15,,36297,4,,,1,55,,36318,4,,,1,15,,36258,4,,,1,15,,36278,4,,,1,15,,36298,4,,,1,55,,36319,4,,,1,15,,36259,4,,,1,15,,36279,4,,,1,15,,36299,4,,,1,55,,36320,4,,,1,15,,36260,4,,,1,15,,36280,4,,,1,15,,36300,4,,,1,55,,36321,4,,,1,15,,36261,4,,,1,15,,36281,4,,,1,15,,36301,4,,,1,55,,36322,4,,,1,15,,36262,4,,,1,15,,36282,4,,,1,15,,36302,4,,,1,55,,36323,4,,,1,15,,36263,4,,,1,15,,36283,4,,,1,15,,36303,4,,,1,55,,36324,4,,,1,15,,36264,4,,,1,15,,36284,4,,,1,15,,36304,4,,,1,55,,36325,4,,,1,15,,36265,4,,,1,15,,36285,4,,,1,15,,36305,4,,,1,55,,36326,4,,,1,15,,36266,4,,,1,15,,36286,4,,,1,15,,36306,4,,,1,55,,36327,4,,,1,15,,36267,4,,,1,15,,36287,4,,,1,15,,36307,4,,,1,55,,36328,4,,,1,15,,36268,4,,,1,15,,36288,4,,,1,15,,36308,4,,,1,55,,36329,4,,,1,15,,36269,4,,,1
0,'20261104',511,,36390,4,,,1,15,,36330,4,,,1,20,,36370,4,,,1,55,,36391,4,,,1,15,,36331,4,,,1,15,,36351,4,,,1,15,,36371,4,,,1,55,,36392,4,,,1,15,,36332,4,,,1,15,,36352,4,,,1,15,,36372,4,,,1,55,,36393,4,,,1,15,,36333,4,,,1,15,,36353,4,,,1,15,,36373,4,,,1,55,,36394,4,,,1,15,,36334,4,,,1,15,,36354,4,,,1,15,,36374,4,,,1,55,,36395,4,,,1,15,,36335,4,,,1,15,,36355,4,,,1,15,,36375,4,,,1,55,,36396,4,,,1,15,,36336,4,,,1,15,,36356,4,,,1,15,,36376,4,,,1,55,,36397,4,,,1,15,,36337,4,,,1,15,,36357,4,,,1,15,,36377,4,,,1,55,,36398,4,,,1,15,,36338,4,,,1,15,,36358,4,,,1,15,,36378,4,,,1,55,,36399,4,,,1,15,,36339,4,,,1,15,,36359,4,,,1,15,,36379,4,,,1,55,,36400,4,,,1,15,,36340,4,,,1,15,,36360,4,,,1,15,,36380,4,,,1,55,,36401,4,,,1,15,,36341,4,,,1,15,,36361,4,,,1,15,,36381,4,,,1,55,,36402,4,,,1,15,,36342,4,,,1,15,,36362,4,,,1,15,,36382,4,,,1,55,,36403,4,,,1,15,,36343,4,,,1,15,,36363,4,,,1,15,,36383,4,,,1,55,,36404,4,,,1,15,,36344,4,,,1,15,,36364,4,,,1,15,,36384,4,,,1,55,,36405,4,,,1,15,,36345,4,,,1,15,,36365,4,,,1,15,,36385,4,,,1,55,,36406,4,,,1,15,,36346,4,,,1,15,,36366,4,,,1,15,,36386,4,,,1,55,,36407,4,,,1,15,,36347,4,,,1,15,,36367,4,,,1,15,,36387,4,,,1,55,,36408,4,,,1,15,,36348,4,,,1,15,,36368,4,,,1,15,,36388,4,,,1,55,,36409,4,,,1,15,,36349,4,,,1,15,,36369,4,,,1,15,,36389,4,,,1,55,,36410,4,,,1,15,,36350,4,,,1
0,'20261105',511,,36471,4,,,1,15,,36411,4,,,1,20,,36451,4,,,1,55,,36472,4,,,1,15,,36412,4,,,1,15,,36432,4,,,1,15,,36452,4,,,1,55,,36473,4,,,1,15,,36413,4,,,1,15,,36433,4,,,1,15,,36453,4,,,1,55,,36474,4,,,1,15,,36414,4,,,1,15,,36434,4,,,1,15,,36454,4,,,1,55,,36475,4,,,1,15,,36415,4,,,1,15,,36435,4,,,1,15,,36455,4,,,1,55,,36476,4,,,1,15,,36416,4,,,1,15,,36436,4,,,1,15,,36456,4,,,1,55,,36477,4,,,1,15,,36417,4,,,1,15,,36437,4,,,1,15,,36457,4,,,1,55,,36478,4,,,1,15,,36418,4,,,1,15,,36438,4,,,1,15,,36458,4,,,1,55,,36479,4,,,1,15,,36419,4,,,1,15,,36439,4,,,1,15,,36459,4,,,1,55,,36480,4,,,1,15,,36420,4,,,1,15,,36440,4,,,1,15,,36460,4,,,1,55,,36481,4,,,1,15,,36421,4,,,1,15,,36441,4,,,1,15,,36461,4,,,1,55,,36482,4,,,1,15,,36422,4,,,1,15,,36442,4,,,1,15,,36462,4,,,1,55,,36483,4,,,1,15,,36423,4,,,1,15,,36443,4,,,1,15,,36463,4,,,1,55,,36484,4,,,1,15,,36424,4,,,1,15,,36444,4,,,1,15,,36464,4,,,1,55,,36485,4,,,1,15,,36425,4,,,1,15,,36445,4,,,1,15,,36465,4,,,1,55,,36486,4,,,1,15,,36426,4,,,1,15,,36446,4,,,1,15,,36466,4,,,1,55,,36487,4,,,1,15,,36427,4,,,1,15,,36447,4,,,1,15,,36467,4,,,1,55,,36488,4,,,1,15,,36428,4,,,1,15,,36448,4,,,1,15,,36468,4,,,1,55,,36489,4,,,1,15,,36429,4,,,1,15,,36449,4,,,1,15,,36469,4,,,1,55,,36490,4,,,1,15,,36430,4,,,1,15,,36450,4,,,1,15,,36470,4,,,1,55,,36491,4,,,1,15,,36431,4,,,1
0,'20261106',511,,36552,4,,,1,15,,36492,4,,,1,20,,36532,4,,,1,55,,36553,4,,,1,15,,36493,4,,,1,15,,36513,4,,,1,15,,36533,4,,,1,55,,36554,4,,,1,15,,36494,4,,,1,15,,36514,4,,,1,15,,36534,4,,,1,55,,36555,4,,,1,15,,36495,4,,,1,15,,36515,4,,,1,15,,36535,4,,,1,55,,36556,4,,,1,15,,36496,4,,,1,15,,36516,4,,,1,15,,36536,4,,,1,55,,36557,4,,,1,15,,36497,4,,,1,15,,36517,4,,,1,15,,36537,4,,,1,55,,36558,4,,,1,15,,36498,4,,,1,15,,36518,4,,,1,15,,36538,4,,,1,55,,36559,4,,,1,15,,36499,4,,,1,15,,36519,4,,,1,15,,36539,4,,,1,55,,36560,4,,,1,15,,36500,4,,,1,15,,36520,4,,,1,15,,36540,4,,,1,55,,36561,4,,,1,15,,36501,4,,,1,15,,36521,4,,,1,15,,36541,4,,,1,55,,36562,4,,,1,15,,36502,4,,,1,15,,36522,4,,,1,15,,36542,4,,,1,55,,36563,4,,,1,15,,36503,4,,,1,15,,36523,4,,,1,15,,36543,4,,,1,55,,36564,4,,,1,15,,36504,4,,,1,15,,36524,4,,,1,15,,36544,4,,,1,55,,36565,4,,,1,15,,36505,4,,,1,15,,36525,4,,,1,15,,36545,4,,,1,55,,36566,4,,,1,15,,36506,4,,,1,15,,36526,4,,,1,15,,36546,4,,,1,55,,36567,4,,,1,15,,36507,4,,,1,15,,36527,4,,,1,15,,36547,4,,,1,55,,36568,4,,,1,15,,36508,4,,,1,15,,36528,4,,,1,15,,36548,4,,,1,55,,36569,4,,,1,15,,36509,4,,,1,15,,36529,4,,,1,15,,36549,4,,,1,55,,36570,4,,,1,15,,36510,4,,,1,15,,36530,4,,,1,15,,36550,4,,,1,55,,36571,4,,,1,15,,36511,4,,,1,15,,36531,4,,,1,15,,36551,4,,,1,55,,36572,4,,,1,15,,36512,4,,,1
0,'20261107',616,,36573,4,,,1,15,,36593,4,,,1,15,,36612,4,,,1,55,,36631,4,,,1,15,,36574,4,,,1,15,,36594,4,,,1,15,,36613,4,,,1,55,,36632,4,,,1,15,,36575,4,,,1,15,,36595,4,,,1,15,,36614,4,,,1,55,,36633,4,,,1,15,,36576,4,,,1,15,,36596,4,,,1,15,,36615,4,,,1,55,,36634,4,,,1,15,,36577,4,,,1,15,,36597,4,,,1,15,,36616,4,,,1,55,,36635,4,,,1,15,,36578,4,,,1,15,,36598,4,,,1,15,,36617,4,,,1,55,,36636,4,,,1,15,,36579,4,,,1,15,,36599,4,,,1,15,,36618,4,,,1,55,,36637,4,,,1,15,,36580,4,,,1,15,,36600,4,,,1,15,,36619,4,,,1,55,,36638,4,,,1,15,,36581,4,,,1,15,,36601,4,,,1,15,,36620,4,,,1,55,,36639,4,,,1,15,,36582,4,,,1,15,,36602,4,,,1,15,,36621,4,,,1,55,,36640,4,,,1,15,,36583,4,,,1,15,,36603,4,,,1,15,,36622,4,,,1,55,,36641,4,,,1,15,,36584,4,,,1,15,,36604,4,,,1,15,,36623,4,,,1,55,,36642,4,,,1,15,,36585,4,,,1,15,,36605,4,,,1,15,,36624,4,,,1,55,,36643,4,,,1,15,,36586,4,,,1,15,,36606,4,,,1,15,,36625,4,,,1,55,,36644,4,,,1,15,,36587,4,,,1,15,,36607,4,,,1,15,,36626,4,,,1,55,,36645,4,,,1,15,,36588,4,,,1,15,,36608,4,,,1,15,,36627,4,,,1,55,,36646,4,,,1,15,,36589,4,,,1,15,,36609,4,,,1,15,,36628,4,,,1,55,,36647,4,,,1,15,,36590,4,,,1,15,,36610,4,,,1,15,,36629,4,,,1,55,,36648,4,,,1,15,,36591,4,,,1,15,,36611,4,,,1,15,,36630,4,,,1,55,,36649,4,,,1,15,,36592,4,,,1
0,'20261108',616,,36650,4,,,1,15,,36670,4,,,1,15,,36689,4,,,1,55,,36708,4,,,1,15,,36651,4,,,1,15,,36671,4,,,1,15,,36690,4,,,1,55,,36709,4,,,1,15,,36652,4,,,1,15,,36672,4,,,1,15,,36691,4,,,1,55,,36710,4,,,1,15,,36653,4,,,1,15,,36673,4,,,1,15,,36692,4,,,1,55,,36711,4,,,1,15,,36654,4,,,1,15,,36674,4,,,1,15,,36693,4,,,1,55,,36712,4,,,1,15,,36655,4,,,1,15,,36675,4,,,1,15,,36694,4,,,1,55,,36713,4,,,1,15,,36656,4,,,1,15,,36676,4,,,1,15,,36695,4,,,1,55,,36714,4,,,1,15,,36657,4,,,1,15,,36677,4,,,1,15,,36696,4,,,1,55,,36715,4,,,1,15,,36658,4,,,1,15,,36678,4,,,1,15,,36697,4,,,1,55,,36716,4,,,1,15,,36659,4,,,1,15,,36679,4,,,1,15,,36698,4,,,1,55,,36717,4,,,1,15,,36660,4,,,1,15,,36680,4,,,1,15,,36699,4,,,1,55,,36718,4,,,1,15,,36661,4,,,1,15,,36681,4,,,1,15,,36700,4,,,1,55,,36719,4,,,1,15,,36662,4,,,1,15,,36682,4,,,1,15,,36701,4,,,1,55,,36720,4,,,1,15,,36663,4,,,1,15,,36683,4,,,1,15,,36702,4,,,1,55,,36721,4,,,1,15,,36664,4,,,1,15,,36684,4,,,1,15,,36703,4,,,1,55,,36722,4,,,1,15,,36665,4,,,1,15,,36685,4,,,1,15,,36704,4,,,1,55,,36723,4,,,1,15,,36666,4,,,1,15,,36686,4,,,1,15,,36705,4,,,1,55,,36724,4,,,1,15,,36667,4,,,1,15,,36687,4,,,1,15,,36706,4,,,1,55,,36725,4,,,1,15,,36668,4,,,1,15,,36688,4,,,1,15,,36707,4,,,1,55,,36726,4,,,1,15,,36669,4,,,1
0,'20261109',616,,36727,4,,,1,15,,36747,4,,,1,15,,36766,4,,,1,55,,36785,4,,,1,15,,36728,4,,,1,15,,36748,4,,,1,15,,36767,4,,,1,55,,36786,4,,,1,15,,36729,4,,,1,15,,36749,4,,,1,15,,36768,4,,,1,55,,36787,4,,,1,15,,36730,4,,,1,15,,36750,4,,,1,15,,36769,4,,,1,55,,36788,4,,,1,15,,36731,4,,,1,15,,36751,4,,,1,15,,36770,4,,,1,55,,36789,4,,,1,15,,36732,4,,,1,15,,36752,4,,,1,15,,36771,4,,,1,55,,36790,4,,,1,15,,36733,4,,,1,15,,36753,4,,,1,15,,36772,4,,,1,55,,36791,4,,,1,15,,36734,4,,,1,15,,36754,4,,,1,15,,36773,4,,,1,55,,36792,4,,,1,15,,36735,4,,,1,15,,36755,4,,,1,15,,36774,4,,,1,55,,36793,4,,,1,15,,36736,4,,,1,15,,36756,4,,,1,15,,36775,4,,,1,55,,36794,4,,,1,15,,36737,4,,,1,15,,36757,4,,,1,15,,36776,4,,,1,55,,36795,4,,,1,15,,36738,4,,,1,15,,36758,4,,,1,15,,36777,4,,,1,55,,36796,4,,,1,15,,36739,4,,,1,15,,36759,4,,,1,15,,36778,4,,,1,55,,36797,4,,,1,15,,36740,4,,,1,15,,36760,4,,,1,15,,36779,4,,,1,55,,36798,4,,,1,15,,36741,4,,,1,15,,36761,4,,,1,15,,36780,4,,,1,55,,36799,4,,,1,15,,36742,4,,,1,15,,36762,4,,,1,15,,36781,4,,,1,55,,36800,4,,,1,15,,36743,4,,,1,15,,36763,4,,,1,15,,36782,4,,,1,55,,36801,4,,,1,15,,36744,4,,,1,15,,36764,4,,,1,15,,36783,4,,,1,55,,36802,4,,,1,15,,36745,4,,,1,15,,36765,4,,,1,15,,36784,4,,,1,55,,36803,4,,,1,15,,36746,4,,,1
0,'20261110',511,,36864,4,,,1,15,,36804,4,,,1,20,,36844,4,,,1,55,,36865,4,,,1,15,,36805,4,,,1,15,,36825,4,,,1,15,,36845,4,,,1,55,,36866,4,,,1,15,,36806,4,,,1,15,,36826,4,,,1,15,,36846,4,,,1,55,,36867,4,,,1,15,,36807,4,,,1,15,,36827,4,,,1,15,,36847,4,,,1,55,,36868,4,,,1,15,,36808,4,,,1,15,,36828,4,,,1,15,,36848,4,,,1,55,,36869,4,,,1,15,,36809,4,,,1,15,,36829,4,,,1,15,,36849,4,,,1,55,,36870,4,,,1,15,,36810,4,,,1,15,,36830,4,,,1,15,,36850,4,,,1,55,,36871,4,,,1,15,,36811,4,,,1,15,,36831,4,,,1,15,,36851,4,,,1,55,,36872,4,,,1,15,,36812,4,,,1,15,,36832,4,,,1,15,,36852,4,,,1,55,,36873,4,,,1,15,,36813,4,,,1,15,,36833,4,,,1,15,,36853,4,,,1,55,,36874,4,,,1,15,,36814,4,,,1,15,,36834,4,,,1,15,,36854,4,,,1,55,,36875,4,,,1,15,,36815,4,,,1,15,,36835,4,,,1,15,,36855,4,,,1,55,,36876,4,,,1,15,,36816,4,,,1,15,,36836,4,,,1,15,,36856,4,,,1,55,,36877,4,,,1,15,,36817,4,,,1,15,,36837,4,,,1,15,,36857,4,,,1,55,,36878,4,,,1,15,,36818,4,,,1,15,,36838,4,,,1,15,,36858,4,,,1,55,,36879,4,,,1,15,,36819,4,,,1,15,,36839,4,,,1,15,,36859,4,,,1,55,,36880,4,,,1,15,,36820,4,,,1,15,,36840,4,,,1,15,,36860,4,,,1,55,,36881,4,,,1,15,,36821,4,,,1,15,,36841,4,,,1,15,,36861,4,,,1,55,,36882,4,,,1,15,,36822,4,,,1,15,,36842,4,,,1,15,,36862,4,,,1,55,,36883,4,,,1,15,,36823,4,,,1,15,,36843,4,,,1,15,,36863,4,,,1,55,,36884,4,,,1,15,,36824,4,,,1
0,'20261111',511,,36945,4,,,1,15,,36885,4,,,1,20,,36925,4,,,1,55,,36946,4,,,1,15,,36886,4,,,1,15,,36906,4,,,1,15,,36926,4,,,1,55,,36947,4,,,1,15,,36887,4,,,1,15,,36907,4,,,1,15,,36927,4,,,1,55,,36948,4,,,1,15,,36888,4,,,1,15,,36908,4,,,1,15,,36928,4,,,1,55,,36949,4,,,1,15,,36889,4,,,1,15,,36909,4,,,1,15,,36929,4,,,1,55,,36950,4,,,1,15,,36890,4,,,1,15,,36910,4,,,1,15,,36930,4,,,1,55,,36951,4,,,1,15,,36891,4,,,1,15,,36911,4,,,1,15,,36931,4,,,1,55,,36952,4,,,1,15,,36892,4,,,1,15,,36912,4,,,1,15,,36932,4,,,1,55,,36953,4,,,1,15,,36893,4,,,1,15,,36913,4,,,1,15,,36933,4,,,1,55,,36954,4,,,1,15,,36894,4,,,1,15,,36914,4,,,1,15,,36934,4,,,1,55,,36955,4,,,1,15,,36895,4,,,1,15,,36915,4,,,1,15,,36935,4,,,1,55,,36956,4,,,1,15,,36896,4,,,1,15,,36916,4,,,1,15,,36936,4,,,1,55,,36957,4,,,1,15,,36897,4,,,1,15,,36917,4,,,1,15,,36937,4,,,1,55,,36958,4,,,1,15,,36898,4,,,1,15,,36918,4,,,1,15,,36938,4,,,1,55,,36959,4,,,1,15,,36899,4,,,1,15,,36919,4,,,1,15,,36939,4,,,1,55,,36960,4,,,1,15,,36900,4,,,1,15,,36920,4,,,1,15,,36940,4,,,1,55,,36961,4,,,1,15,,36901,4,,,1,15,,36921,4,,,1,15,,36941,4,,,1,55,,36962,4,,,1,15,,36902,4,,,1,15,,36922,4,,,1,15,,36942,4,,,1,55,,36963,4,,,1,15,,36903,4,,,1,15,,36923,4,,,1,15,,36943,4,,,1,55,,36964,4,,,1,15,,36904,4,,,1,15,,36924,4,,,1,15,,36944,4,,,1,55,,36965,4,,,1,15,,36905,4,,,1
0,'20261112',511,,37026,4,,,1,15,,36966,4,,,1,20,,37006,4,,,1,55,,37027,4,,,1,15,,36967,4,,,1,15,,36987,4,,,1,15,,37007,4,,,1,55,,37028,4,,,1,15,,36968,4,,,1,15,,36988,4,,,1,15,,37008,4,,,1,55,,37029,4,,,1,15,,36969,4,,,1,15,,36989,4,,,1,15,,37009,4,,,1,55,,37030,4,,,1,15,,36970,4,,,1,15,,36990,4,,,1,15,,37010,4,,,1,55,,37031,4,,,1,15,,36971,4,,,1,15,,36991,4,,,1,15,,37011,4,,,1,55,,37032,4,,,1,15,,36972,4,,,1,15,,36992,4,,,1,15,,37012,4,,,1,55,,37033,4,,,1,15,,36973,4,,,1,15,,36993,4,,,1,15,,37013,4,,,1,55,,37034,4,,,1,15,,36974,4,,,1,15,,36994,4,,,1,15,,37014,4,,,1,55,,37035,4,,,1,15,,36975,4,,,1,15,,36995,4,,,1,15,,37015,4,,,1,55,,37036,4,,,1,15,,36976,4,,,1,15,,36996,4,,,1,15,,37016,4,,,1,55,,37037,4,,,1,15,,36977,4,,,1,15,,36997,4,,,1,15,,37017,4,,,1,55,,37038,4,,,1,15,,36978,4,,,1,15,,36998,4,,,1,15,,37018,4,,,1,55,,37039,4,,,1,15,,36979,4,,,1,15,,36999,4,,,1,15,,37019,4,,,1,55,,37040,4,,,1,15,,36980,4,,,1,15,,37000,4,,,1,15,,37020,4,,,1,55,,37041,4,,,1,15,,36981,4,,,1,15,,37001,4,,,1,15,,37021,4,,,1,55,,37042,4,,,1,15,,36982,4,,,1,15,,37002,4,,,1,15,,37022,4,,,1,55,,37043,4,,,1,15,,36983,4,,,1,15,,37003,4,,,1,15,,37023,4,,,1,55,,37044,4,,,1,15,,36984,4,,,1,15,,37004,4,,,1,15,,37024,4,,,1,55,,37045,4,,,1,15,,36985,4,,,1,15,,37005,4,,,1,15,,37025,4,,,1,55,,37046,4,,,1,15,,36986,4,,,1
0,'20261113',511,,37107,4,,,1,15,,37047,4,,,1,20,,37087,4,,,1,55,,37108,4,,,1,15,,37048,4,,,1,15,,37068,4,,,1,15,,37088,4,,,1,55,,37109,4,,,1,15,,37049,4,,,1,15,,37069,4,,,1,15,,37089,4,,,1,55,,37110,4,,,1,15,,37050,4,,,1,15,,37070,4,,,1,15,,37090,4,,,1,55,,37111,4,,,1,15,,37051,4,,,1,15,,37071,4,,,1,15,,37091,4,,,1,55,,37112,4,,,1,15,,37052,4,,,1,15,,37072,4,,,1,15,,37092,4,,,1,55,,37113,4,,,1,15,,37053,4,,,1,15,,37073,4,,,1,15,,37093,4,,,1,55,,37114,4,,,1,15,,37054,4,,,1,15,,37074,4,,,1,15,,37094,4,,,1,55,,37115,4,,,1,15,,37055,4,,,1,15,,37075,4,,,1,15,,37095,4,,,1,55,,37116,4,,,1,15,,37056,4,,,1,15,,37076,4,,,1,15,,37096,4,,,1,55,,37117,4,,,1,15,,37057,4,,,1,15,,37077,4,,,1,15,,37097,4,,,1,55,,37118,4,,,1,15,,37058,4,,,1,15,,37078,4,,,1,15,,37098,4,,,1,55,,37119,4,,,1,15,,37059,4,,,1,15,,37079,4,,,1,15,,37099,4,,,1,55,,37120,4,,,1,15,,37060,4,,,1,15,,37080,4,,,1,15,,37100,4,,,1,55,,37121,4,,,1,15,,37061,4,,,1,15,,37081,4,,,1,15,,37101,4,,,1,55,,37122,4,,,1,15,,37062,4,,,1,15,,37082,4,,,1,15,,37102,4,,,1,55,,37123,4,,,1,15,,37063,4,,,1,15,,37083,4,,,1,15,,37103,4,,,1,55,,37124,4,,,1,15,,37064,4,,,1,15,,37084,4,,,1,15,,37104,4,,,1,55,,37125,4,,,1,15,,37065,4,,,1,15,,37085,4,,,1,15,,37105,4,,,1,55,,37126,4,,,1,15,,37066,4,,,1,15,,37086,4,,,1,15,,37106,4,,,1,55,,37127,4,,,1,15,,37067,4,,,1
0,'20261114',616,,37128,4,,,1,15,,37148,4,,,1,15,,37167,4,,,1,55,,37186,4,,,1,15,,37129,4,,,1,15,,37149,4,,,1,15,,37168,4,,,1,55,,37187,4,,,1,15,,37130,4,,,1,15,,37150,4,,,1,15,,37169,4,,,1,55,,37188,4,,,1,15,,37131,4,,,1,15,,37151,4,,,1,15,,37170,4,,,1,55,,37189,4,,,1,15,,37132,4,,,1,15,,37152,4,,,1,15,,37171,4,,,1,55,,37190,4,,,1,15,,37133,4,,,1,15,,37153,4,,,1,15,,37172,4,,,1,55,,37191,4,,,1,15,,37134,4,,,1,15,,37154,4,,,1,15,,37173,4,,,1,55,,37192,4,,,1,15,,37135,4,,,1,15,,37155,4,,,1,15,,37174,4,,,1,55,,37193,4,,,1,15,,37136,4,,,1,15,,37156,4,,,1,15,,37175,4,,,1,55,,37194,4,,,1,15,,37137,4,,,1,15,,37157,4,,,1,15,,37176,4,,,1,55,,37195,4,,,1,15,,37138,4,,,1,15,,37158,4,,,1,15,,37177,4,,,1,55,,37196,4,,,1,15,,37139,4,,,1,15,,37159,4,,,1,15,,37178,4,,,1,55,,37197,4,,,1,15,,37140,4,,,1,15,,37160,4,,,1,15,,37179,4,,,1,55,,37198,4,,,1,15,,37141,4,,,1,15,,37161,4,,,1,15,,37180,4,,,1,55,,37199,4,,,1,15,,37142,4,,,1,15,,37162,4,,,1,15,,37181,4,,,1,55,,37200,4,,,1,15,,37143,4,,,1,15,,37163,4,,,1,15,,37182,4,,,1,55,,37201,4,,,1,15,,37144,4,,,1,15,,37164,4,,,1,15,,37183,4,,,1,55,,37202,4,,,1,15,,37145,4,,,1,15,,37165,4,,,1,15,,37184,4,,,1,55,,37203,4,,,1,15,,37146,4,,,1,15,,37166,4,,,1,15,,37185,4,,,1,55,,37204,4,,,1,15,,37147,4,,,1
0,'20261115',616,,37205,4,,,1,15,,37225,4,,,1,15,,37244,4,,,1,55,,37263,4,,,1,15,,37206,4,,,1,15,,37226,4,,,1,15,,37245,4,,,1,55,,37264,4,,,1,15,,37207,4,,,1,15,,37227,4,,,1,15,,37246,4,,,1,55,,37265,4,,,1,15,,37208,4,,,1,15,,37228,4,,,1,15,,37247,4,,,1,55,,37266,4,,,1,15,,37209,4,,,1,15,,37229,4,,,1,15,,37248,4,,,1,55,,37267,4,,,1,15,,37210,4,,,1,15,,37230,4,,,1,15,,37249,4,,,1,55,,37268,4,,,1,15,,37211,4,,,1,15,,37231,4,,,1,15,,37250,4,,,1,55,,37269,4,,,1,15,,37212,4,,,1,15,,37232,4,,,1,15,,37251,4,,,1,55,,37270,4,,,1,15,,37213,4,,,1,15,,37233,4,,,1,15,,37252,4,,,1,55,,37271,4,,,1,15,,37214,4,,,1,15,,37234,4,,,1,15,,37253,4,,,1,55,,37272,4,,,1,15,,37215,4,,,1,15,,37235,4,,,1,15,,37254,4,,,1,55,,37273,4,,,1,15,,37216,4,,,1,15,,37236,4,,,1,15,,37255,4,,,1,55,,37274,4,,,1,15,,37217,4,,,1,15,,37237,4,,,1,15,,37256,4,,,1,55,,37275,4,,,1,15,,37218,4,,,1,15,,37238,4,,,1,15,,37257,4,,,1,55,,37276,4,,,1,15,,37219,4,,,1,15,,37239,4,,,1,15,,37258,4,,,1,55,,37277,4,,,1,15,,37220,4,,,1,15,,37240,4,,,1,15,,37259,4,,,1,55,,37278,4,,,1,15,,37221,4,,,1,15,,37241,4,,,1,15,,37260,4,,,1,55,,37279,4,,,1,15,,37222,4,,,1,15,,37242,4,,,1,15,,37261,4,,,1,55,,37280,4,,,1,15,,37223,4,,,1,15,,37243,4,,,1,15,,37262,4,,,1,55,,37281,4,,,1,15,,37224,4,,,1
0,'20261116',616,,37282,4,,,1,15,,37302,4,,,1,15,,37321,4,,,1,55,,37340,4,,,1,15,,37283,4,,,1,15,,37303,4,,,1,15,,37322,4,,,1,55,,37341,4,,,1,15,,37284,4,,,1,15,,37304,4,,,1,15,,37323,4,,,1,55,,37342,4,,,1,15,,37285,4,,,1,15,,37305,4,,,1,15,,37324,4,,,1,55,,37343,4,,,1,15,,37286,4,,,1,15,,37306,4,,,1,15,,37325,4,,,1,55,,37344,4,,,1,15,,37287,4,,,1,15,,37307,4,,,1,15,,37326,4,,,1,55,,37345,4,,,1,15,,37288,4,,,1,15,,37308,4,,,1,15,,37327,4,,,1,55,,37346,4,,,1,15,,37289,4,,,1,15,,37309,4,,,1,15,,37328,4,,,1,55,,37347,4,,,1,15,,37290,4,,,1,15,,37310,4,,,1,15,,37329,4,,,1,55,,37348,4,,,1,15,,37291,4,,,1,15,,37311,4,,,1,15,,37330,4,,,1,55,,37349,4,,,1,15,,37292,4,,,1,15,,37312,4,,,1,15,,37331,4,,,1,55,,37350,4,,,1,15,,37293,4,,,1,15,,37313,4,,,1,15,,37332,4,,,1,55,,37351,4,,,1,15,,37294,4,,,1,15,,37314,4,,,1,15,,37333,4,,,1,55,,37352,4,,,1,15,,37295,4,,,1,15,,37315,4,,,1,15,,37334,4,,,1,55,,37353,4,,,1,15,,37296,4,,,1,15,,37316,4,,,1,15,,37335,4,,,1,55,,37354,4,,,1,15,,37297,4,,,1,15,,37317,4,,,1,15,,37336,4,,,1,55,,37355,4,,,1,15,,37298,4,,,1,15,,37318,4,,,1,15,,37337,4,,,1,55,,37356,4,,,1,15,,37299,4,,,1,15,,37319,4,,,1,15,,37338,4,,,1,55,,37357,4,,,1,15,,37300,4,,,1,15,,37320,4,,,1,15,,37339,4,,,1,55,,37358,4,,,1,15,,37301,4,,,1
0,'20261117',511,,37419,4,,,1,15,,37359,4,,,1,20,,37399,4,,,1,55,,37420,4,,,1,15,,37360,4,,,1,15,,37380,4,,,1,15,,37400,4,,,1,55,,37421,4,,,1,15,,37361,4,,,1,15,,37381,4,,,1,15,,37401,4,,,1,55,,37422,4,,,1,15,,37362,4,,,1,15,,37382,4,,,1,15,,37402,4,,,1,55,,37423,4,,,1,15,,37363,4,,,1,15,,37383,4,,,1,15,,37403,4,,,1,55,,37424,4,,,1,15,,37364,4,,,1,15,,37384,4,,,1,15,,37404,4,,,1,55,,37425,4,,,1,15,,37365,4,,,1,15,,37385,4,,,1,15,,37405,4,,,1,55,,37426,4,,,1,15,,37366,4,,,1,15,,37386,4,,,1,15,,37406,4,,,1,55,,37427,4,,,1,15,,37367,4,,,1,15,,37387,4,,,1,15,,37407,4,,,1,55,,37428,4,,,1,15,,37368,4,,,1,15,,37388,4,,,1,15,,37408,4,,,1,55,,37429,4,,,1,15,,37369,4,,,1,15,,37389,4,,,1,15,,37409,4,,,1,55,,37430,4,,,1,15,,37370,4,,,1,15,,37390,4,,,1,15,,37410,4,,,1,55,,37431,4,,,1,15,,37371,4,,,1,15,,37391,4,,,1,15,,37411,4,,,1,55,,37432,4,,,1,15,,37372,4,,,1,15,,37392,4,,,1,15,,37412,4,,,1,55,,37433,4,,,1,15,,37373,4,,,1,15,,37393,4,,,1,15,,37413,4,,,1,55,,37434,4,,,1,15,,37374,4,,,1,15,,37394,4,,,1,15,,37414,4,,,1,55,,37435,4,,,1,15,,37375,4,,,1,15,,37395,4,,,1,15,,37415,4,,,1,55,,37436,4,,,1,15,,37376,4,,,1,15,,37396,4,,,1,15,,37416,4,,,1,55,,37437,4,,,1,15,,37377,4,,,1,15,,37397,4,,,1,15,,37417,4,,,1,55,,37438,4,,,1,15,,37378,4,,,1,15,,37398,4,,,1,15,,37418,4,,,1,55,,37439,4,,,1,15,,37379,4,,,1
0,'20261118',511,,37500,4,,,1,15,,37440,4,,,1,20,,37480,4,,,1,55,,37501,4,,,1,15,,37441,4,,,1,15,,37461,4,,,1,15,,37481,4,,,1,55,,37502,4,,,1,15,,37442,4,,,1,15,,37462,4,,,1,15,,37482,4,,,1,55,,37503,4,,,1,15,,37443,4,,,1,15,,37463,4,,,1,15,,37483,4,,,1,55,,37504,4,,,1,15,,37444,4,,,1,15,,37464,4,,,1,15,,37484,4,,,1,55,,37505,4,,,1,15,,37445,4,,,1,15,,37465,4,,,1,15,,37485,4,,,1,55,,37506,4,,,1,15,,37446,4,,,1,15,,37466,4,,,1,15,,37486,4,,,1,55,,37507,4,,,1,15,,37447,4,,,1,15,,37467,4,,,1,15,,37487,4,,,1,55,,37508,4,,,1,15,,37448,4,,,1,15,,37468,4,,,1,15,,37488,4,,,1,55,,37509,4,,,1,15,,37449,4,,,1,15,,37469,4,,,1,15,,37489,4,,,1,55,,37510,4,,,1,15,,37450,4,,,1,15,,37470,4,,,1,15,,37490,4,,,1,55,,37511,4,,,1,15,,37451,4,,,1,15,,37471,4,,,1,15,,37491,4,,,1,55,,37512,4,,,1,15,,37452,4,,,1,15,,37472,4,,,1,15,,37492,4,,,1,55,,37513,4,,,1,15,,37453,4,,,1,15,,37473,4,,,1,15,,37493,4,,,1,55,,37514,4,,,1,15,,37454,4,,,1,15,,37474,4,,,1,15,,37494,4,,,1,55,,37515,4,,,1,15,,37455,4,,,1,15,,37475,4,,,1,15,,37495,4,,,1,55,,37516,4,,,1,15,,37456,4,,,1,15,,37476,4,,,1,15,,37496,4,,,1,55,,37517,4,,,1,15,,37457,4,,,1,15,,37477,4,,,1,15,,37497,4,,,1,55,,37518,4,,,1,15,,37458,4,,,1,15,,37478,4,,,1,15,,37498,4,,,1,55,,37519,4,,,1,15,,37459,4,,,1,15,,37479,4,,,1,15,,37499,4,,,1,55,,37520,4,,,1,15,,37460,4,,,1
0,'20261119',511,,37581,4,,,1,15,,37521,4,,,1,20,,37561,4,,,1,55,,37582,4,,,1,15,,37522,4,,,1,15,,37542,4,,,1,15,,37562,4,,,1,55,,37583,4,,,1,15,,37523,4,,,1,15,,37543,4,,,1,15,,37563,4,,,1,55,,37584,4,,,1,15,,37524,4,,,1,15,,37544,4,,,1,15,,37564,4,,,1,55,,37585,4,,,1,15,,37525,4,,,1,15,,37545,4,,,1,15,,37565,4,,,1,55,,37586,4,,,1,15,,37526,4,,,1,15,,37546,4,,,1,15,,37566,4,,,1,55,,37587,4,,,1,15,,37527,4,,,1,15,,37547,4,,,1,15,,37567,4,,,1,55,,37588,4,,,1,15,,37528,4,,,1,15,,37548,4,,,1,15,,37568,4,,,1,55,,37589,4,,,1,15,,37529,4,,,1,15,,37549,4,,,1,15,,37569,4,,,1,55,,37590,4,,,1,15,,37530,4,,,1,15,,37550,4,,,1,15,,37570,4,,,1,55,,37591,4,,,1,15,,37531,4,,,1,15,,37551,4,,,1,15,,37571,4,,,1,55,,37592,4,,,1,15,,37532,4,,,1,15,,37552,4,,,1,15,,37572,4,,,1,55,,37593,4,,,1,15,,37533,4,,,1,15,,37553,4,,,1,15,,37573,4,,,1,55,,37594,4,,,1,15,,37534,4,,,1,15,,37554,4,,,1,15,,37574,4,,,1,55,,37595,4,,,1,15,,37535,4,,,1,15,,37555,4,,,1,15,,37575,4,,,1,55,,37596,4,,,1,15,,37536,4,,,1,15,,37556,4,,,1,15,,37576,4,,,1,55,,37597,4,,,1,15,,37537,4,,,1,15,,37557,4,,,1,15,,37577,4,,,1,55,,37598,4,,,1,15,,37538,4,,,1,15,,37558,4,,,1,15,,37578,4,,,1,55,,37599,4,,,1,15,,37539,4,,,1,15,,37559,4,,,1,15,,37579,4,,,1,55,,37600,4,,,1,15,,37540,4,,,1,15,,37560,4,,,1,15,,37580,4,,,1,55,,37601,4,,,1,15,,37541,4,,,1
0,'20261120',511,,37662,4,,,1,15,,37602,4,,,1,20,,37642,4,,,1,55,,37663,4,,,1,15,,37603,4,,,1,15,,37623,4,,,1,15,,37643,4,,,1,55,,37664,4,,,1,15,,37604,4,,,1,15,,37624,4,,,1,15,,37644,4,,,1,55,,37665,4,,,1,15,,37605,4,,,1,15,,37625,4,,,1,15,,37645,4,,,1,55,,37666,4,,,1,15,,37606,4,,,1,15,,37626,4,,,1,15,,37646,4,,,1,55,,37667,4,,,1,15,,37607,4,,,1,15,,37627,4,,,1,15,,37647,4,,,1,55,,37668,4,,,1,15,,37608,4,,,1,15,,37628,4,,,1,15,,37648,4,,,1,55,,37669,4,,,1,15,,37609,4,,,1,15,,37629,4,,,1,15,,37649,4,,,1,55,,37670,4,,,1,15,,37610,4,,,1,15,,37630,4,,,1,15,,37650,4,,,1,55,,37671,4,,,1,15,,37611,4,,,1,15,,37631,4,,,1,15,,37651,4,,,1,55,,37672,4,,,1,15,,37612,4,,,1,15,,37632,4,,,1,15,,37652,4,,,1,55,,37673,4,,,1,15,,37613,4,,,1,15,,37633,4,,,1,15,,37653,4,,,1,55,,37674,4,,,1,15,,37614,4,,,1,15,,37634,4,,,1,15,,37654,4,,,1,55,,37675,4,,,1,15,,37615,4,,,1,15,,37635,4,,,1,15,,37655,4,,,1,55,,37676,4,,,1,15,,37616,4,,,1,15,,37636,4,,,1,15,,37656,4,,,1,55,,37677,4,,,1,15,,37617,4,,,1,15,,37637,4,,,1,15,,37657,4,,,1,55,,37678,4,,,1,15,,37618,4,,,1,15,,37638,4,,,1,15,,37658,4,,,1,55,,37679,4,,,1,15,,37619,4,,,1,15,,37639,4,,,1,15,,37659,4,,,1,55,,37680,4,,,1,15,,37620,4,,,1,15,,37640,4,,,1,15,,37660,4,,,1,55,,37681,4,,,1,15,,37621,4,,,1,15,,37641,4,,,1,15,,37661,4,,,1,55,,37682,4,,,1,15,,37622,4,,,1
0,'20261121',616,,37683,4,,,1,15,,37703,4,,,1,15,,37722,4,,,1,55,,37741,4,,,1,15,,37684,4,,,1,15,,37704,4,,,1,15,,37723,4,,,1,55,,37742,4,,,1,15,,37685,4,,,1,15,,37705,4,,,1,15,,37724,4,,,1,55,,37743,4,,,1,15,,37686,4,,,1,15,,37706,4,,,1,15,,37725,4,,,1,55,,37744,4,,,1,15,,37687,4,,,1,15,,37707,4,,,1,15,,37726,4,,,1,55,,37745,4,,,1,15,,37688,4,,,1,15,,37708,4,,,1,15,,37727,4,,,1,55,,37746,4,,,1,15,,37689,4,,,1,15,,37709,4,,,1,15,,37728,4,,,1,55,,37747,4,,,1,15,,37690,4,,,1,15,,37710,4,,,1,15,,37729,4,,,1,55,,37748,4,,,1,15,,37691,4,,,1,15,,37711,4,,,1,15,,37730,4,,,1,55,,37749,4,,,1,15,,37692,4,,,1,15,,37712,4,,,1,15,,37731,4,,,1,55,,37750,4,,,1,15,,37693,4,,,1,15,,37713,4,,,1,15,,37732,4,,,1,55,,37751,4,,,1,15,,37694,4,,,1,15,,37714,4,,,1,15,,37733,4,,,1,55,,37752,4,,,1,15,,37695,4,,,1,15,,37715,4,,,1,15,,37734,4,,,1,55,,37753,4,,,1,15,,37696,4,,,1,15,,37716,4,,,1,15,,37735,4,,,1,55,,37754,4,,,1,15,,37697,4,,,1,15,,37717,4,,,1,15,,37736,4,,,1,55,,37755,4,,,1,15,,37698,4,,,1,15,,37718,4,,,1,15,,37737,4,,,1,55,,37756,4,,,1,15,,37699,4,,,1,15,,37719,4,,,1,15,,37738,4,,,1,55,,37757,4,,,1,15,,37700,4,,,1,15,,37720,4,,,1,15,,37739,4,,,1,55,,37758,4,,,1,15,,37701,4,,,1,15,,37721,4,,,1,15,,37740,4,,,1,55,,37759,4,,,1,15,,37702,4,,,1
0,'20261122',616,,37760,4,,,1,15,,37780,4,,,1,15,,37799,4,,,1,55,,37818,4,,,1,15,,37761,4,,,1,15,,37781,4,,,1,15,,37800,4,,,1,55,,37819,4,,,1,15,,37762,4,,,1,15,,37782,4,,,1,15,,37801,4,,,1,55,,37820,4,,,1,15,,37763,4,,,1,15,,37783,4,,,1,15,,37802,4,,,1,55,,37821,4,,,1,15,,37764,4,,,1,15,,37784,4,,,1,15,,37803,4,,,1,55,,37822,4,,,1,15,,37765,4,,,1,15,,37785,4,,,1,15,,37804,4,,,1,55,,37823,4,,,1,15,,37766,4,,,1,15,,37786,4,,,1,15,,37805,4,,,1,55,,37824,4,,,1,15,,37767,4,,,1,15,,37787,4,,,1,15,,37806,4,,,1,55,,37825,4,,,1,15,,37768,4,,,1,15,,37788,4,,,1,15,,37807,4,,,1,55,,37826,4,,,1,15,,37769,4,,,1,15,,37789,4,,,1,15,,37808,4,,,1,55,,37827,4,,,1,15,,37770,4,,,1,15,,37790,4,,,1,15,,37809,4,,,1,55,,37828,4,,,1,15,,37771,4,,,1,15,,37791,4,,,1,15,,37810,4,,,1,55,,37829,4,,,1,15,,37772,4,,,1,15,,37792,4,,,1,15,,37811,4,,,1,55,,37830,4,,,1,15,,37773,4,,,1,15,,37793,4,,,1,15,,37812,4,,,1,55,,37831,4,,,1,15,,37774,4,,,1,15,,37794,4,,,1,15,,37813,4,,,1,55,,37832,4,,,1,15,,37775,4,,,1,15,,37795,4,,,1,15,,37814,4,,,1,55,,37833,4,,,1,15,,37776,4,,,1,15,,37796,4,,,1,15,,37815,4,,,1,55,,37834,4,,,1,15,,37777,4,,,1,15,,37797,4,,,1,15,,37816,4,,,1,55,,37835,4,,,1,15,,37778,4,,,1,15,,37798,4,,,1,15,,37817,4,,,1,55,,37836,4,,,1,15,,37779,4,,,1
0,'20261123',616,,37837,4,,,1,15,,37857,4,,,1,15,,37876,4,,,1,55,,37895,4,,,1,15,,37838,4,,,1,15,,37858,4,,,1,15,,37877,4,,,1,55,,37896,4,,,1,15,,37839,4,,,1,15,,37859,4,,,1,15,,37878,4,,,1,55,,37897,4,,,1,15,,37840,4,,,1,15,,37860,4,,,1,15,,37879,4,,,1,55,,37898,4,,,1,15,,37841,4,,,1,15,,37861,4,,,1,15,,37880,4,,,1,55,,37899,4,,,1,15,,37842,4,,,1,15,,37862,4,,,1,15,,37881,4,,,1,55,,37900,4,,,1,15,,37843,4,,,1,15,,37863,4,,,1,15,,37882,4,,,1,55,,37901,4,,,1,15,,37844,4,,,1,15,,37864,4,,,1,15,,37883,4,,,1,55,,37902,4,,,1,15,,37845,4,,,1,15,,37865,4,,,1,15,,37884,4,,,1,55,,37903,4,,,1,15,,37846,4,,,1,15,,37866,4,,,1,15,,37885,4,,,1,55,,37904,4,,,1,15,,37847,4,,,1,15,,37867,4,,,1,15,,37886,4,,,1,55,,37905,4,,,1,15,,37848,4,,,1,15,,37868,4,,,1,15,,37887,4,,,1,55,,37906,4,,,1,15,,37849,4,,,1,15,,37869,4,,,1,15,,37888,4,,,1,55,,37907,4,,,1,15,,37850,4,,,1,15,,37870,4,,,1,15,,37889,4,,,1,55,,37908,4,,,1,15,,37851,4,,,1,15,,37871,4,,,1,15,,37890,4,,,1,55,,37909,4,,,1,15,,37852,4,,,1,15,,37872,4,,,1,15,,37891,4,,,1,55,,37910,4,,,1,15,,37853,4,,,1,15,,37873,4,,,1,15,,37892,4,,,1,55,,37911,4,,,1,15,,37854,4,,,1,15,,37874,4,,,1,15,,37893,4,,,1,55,,37912,4,,,1,15,,37855,4,,,1,15,,37875,4,,,1,15,,37894,4,,,1,55,,37913,4,,,1,15,,37856,4,,,1
0,'20261124',511,,37974,4,,,1,15,,37914,4,,,1,20,,37954,4,,,1,55,,37975,4,,,1,15,,37915,4,,,1,15,,37935,4,,,1,15,,37955,4,,,1,55,,37976,4,,,1,15,,37916,4,,,1,15,,37936,4,,,1,15,,37956,4,,,1,55,,37977,4,,,1,15,,37917,4,,,1,15,,37937,4,,,1,15,,37957,4,,,1,55,,37978,4,,,1,15,,37918,4,,,1,15,,37938,4,,,1,15,,37958,4,,,1,55,,37979,4,,,1,15,,37919,4,,,1,15,,37939,4,,,1,15,,37959,4,,,1,55,,37980,4,,,1,15,,37920,4,,,1,15,,37940,4,,,1,15,,37960,4,,,1,55,,37981,4,,,1,15,,37921,4,,,1,15,,37941,4,,,1,15,,37961,4,,,1,55,,37982,4,,,1,15,,37922,4,,,1,15,,37942,4,,,1,15,,37962,4,,,1,55,,37983,4,,,1,15,,37923,4,,,1,15,,37943,4,,,1,15,,37963,4,,,1,55,,37984,4,,,1,15,,37924,4,,,1,15,,37944,4,,,1,15,,37964,4,,,1,55,,37985,4,,,1,15,,37925,4,,,1,15,,37945,4,,,1,15,,37965,4,,,1,55,,37986,4,,,1,15,,37926,4,,,1,15,,37946,4,,,1,15,,37966,4,,,1,55,,37987,4,,,1,15,,37927,4,,,1,15,,37947,4,,,1,15,,37967,4,,,1,55,,37988,4,,,1,15,,37928,4,,,1,15,,37948,4,,,1,15,,37968,4,,,1,55,,37989,4,,,1,15,,37929,4,,,1,15,,37949,4,,,1,15,,37969,4,,,1,55,,37990,4,,,1,15,,37930,4,,,1,15,,37950,4,,,1,15,,37970,4,,,1,55,,37991,4,,,1,15,,37931,4,,,1,15,,37951,4,,,1,15,,37971,4,,,1,55,,37992,4,,,1,15,,37932,4,,,1,15,,37952,4,,,1,15,,37972,4,,,1,55,,37993,4,,,1,15,,37933,4,,,1,15,,37953,4,,,1,15,,37973,4,,,1,55,,37994,4,,,1,15,,37934,4,,,1
0,'20261125',511,,38055,4,,,1,15,,37995,4,,,1,20,,38035,4,,,1,55,,38056,4,,,1,15,,37996,4,,,1,15,,38016,4,,,1,15,,38036,4,,,1,55,,38057,4,,,1,15,,37997,4,,,1,15,,38017,4,,,1,15,,38037,4,,,1,55,,38058,4,,,1,15,,37998,4,,,1,15,,38018,4,,,1,15,,38038,4,,,1,55,,38059,4,,,1,15,,37999,4,,,1,15,,38019,4,,,1,15,,38039,4,,,1,55,,38060,4,,,1,15,,38000,4,,,1,15,,38020,4,,,1,15,,38040,4,,,1,55,,38061,4,,,1,15,,38001,4,,,1,15,,38021,4,,,1,15,,38041,4,,,1,55,,38062,4,,,1,15,,38002,4,,,1,15,,38022,4,,,1,15,,38042,4,,,1,55,,38063,4,,,1,15,,38003,4,,,1,15,,38023,4,,,1,15,,38043,4,,,1,55,,38064,4,,,1,15,,38004,4,,,1,15,,38024,4,,,1,15,,38044,4,,,1,55,,38065,4,,,1,15,,38005,4,,,1,15,,38025,4,,,1,15,,38045,4,,,1,55,,38066,4,,,1,15,,38006,4,,,1,15,,38026,4,,,1,15,,38046,4,,,1,55,,38067,4,,,1,15,,38007,4,,,1,15,,38027,4,,,1,15,,38047,4,,,1,55,,38068,4,,,1,15,,38008,4,,,1,15,,38028,4,,,1,15,,38048,4,,,1,55,,38069,4,,,1,15,,38009,4,,,1,15,,38029,4,,,1,15,,38049,4,,,1,55,,38070,4,,,1,15,,38010,4,,,1,15,,38030,4,,,1,15,,38050,4,,,1,55,,38071,4,,,1,15,,38011,4,,,1,15,,38031,4,,,1,15,,38051,4,,,1,55,,38072,4,,,1,15,,38012,4,,,1,15,,38032,4,,,1,15,,38052,4,,,1,55,,38073,4,,,1,15,,38013,4,,,1,15,,38033,4,,,1,15,,38053,4,,,1,55,,38074,4,,,1,15,,38014,4,,,1,15,,38034,4,,,1,15,,38054,4,,,1,55,,38075,4,,,1,15,,38015,4,,,1
0,'20261126',511,,38136,4,,,1,15,,38076,4,,,1,20,,38116,4,,,1,55,,38137,4,,,1,15,,38077,4,,,1,15,,38097,4,,,1,15,,38117,4,,,1,55,,38138,4,,,1,15,,38078,4,,,1,15,,38098,4,,,1,15,,38118,4,,,1,55,,38139,4,,,1,15,,38079,4,,,1,15,,38099,4,,,1,15,,38119,4,,,1,55,,38140,4,,,1,15,,38080,4,,,1,15,,38100,4,,,1,15,,38120,4,,,1,55,,38141,4,,,1,15,,38081,4,,,1,15,,38101,4,,,1,15,,38121,4,,,1,55,,38142,4,,,1,15,,38082,4,,,1,15,,38102,4,,,1,15,,38122,4,,,1,55,,38143,4,,,1,15,,38083,4,,,1,15,,38103,4,,,1,15,,38123,4,,,1,55,,38144,4,,,1,15,,38084,4,,,1,15,,38104,4,,,1,15,,38124,4,,,1,55,,38145,4,,,1,15,,38085,4,,,1,15,,38105,4,,,1,15,,38125,4,,,1,55,,38146,4,,,1,15,,38086,4,,,1,15,,38106,4,,,1,15,,38126,4,,,1,55,,38147,4,,,1,15,,38087,4,,,1,15,,38107,4,,,1,15,,38127,4,,,1,55,,38148,4,,,1,15,,38088,4,,,1,15,,38108,4,,,1,15,,38128,4,,,1,55,,38149,4,,,1,15,,38089,4,,,1,15,,38109,4,,,1,15,,38129,4,,,1,55,,38150,4,,,1,15,,38090,4,,,1,15,,38110,4,,,1,15,,38130,4,,,1,55,,38151,4,,,1,15,,38091,4,,,1,15,,38111,4,,,1,15,,38131,4,,,1,55,,38152,4,,,1,15,,38092,4,,,1,15,,38112,4,,,1,15,,38132,4,,,1,55,,38153,4,,,1,15,,38093,4,,,1,15,,38113,4,,,1,15,,38133,4,,,1,55,,38154,4,,,1,15,,38094,4,,,1,15,,38114,4,,,1,15,,38134,4,,,1,55,,38155,4,,,1,15,,38095,4,,,1,15,,38115,4,,,1,15,,38135,4,,,1,55,,38156,4,,,1,15,,38096,4,,,1
0,'20261127',511,,38217,4,,,1,15,,38157,4,,,1,20,,38197,4,,,1,55,,38218,4,,,1,15,,38158,4,,,1,15,,38178,4,,,1,15,,38198,4,,,1,55,,38219,4,,,1,15,,38159,4,,,1,15,,38179,4,,,1,15,,38199,4,,,1,55,,38220,4,,,1,15,,38160,4,,,1,15,,38180,4,,,1,15,,38200,4,,,1,55,,38221,4,,,1,15,,38161,4,,,1,15,,38181,4,,,1,15,,38201,4,,,1,55,,38222,4,,,1,15,,38162,4,,,1,15,,38182,4,,,1,15,,38202,4,,,1,55,,38223,4,,,1,15,,38163,4,,,1,15,,38183,4,,,1,15,,38203,4,,,1,55,,38224,4,,,1,15,,38164,4,,,1,15,,38184,4,,,1,15,,38204,4,,,1,55,,38225,4,,,1,15,,38165,4,,,1,15,,38185,4,,,1,15,,38205,4,,,1,55,,38226,4,,,1,15,,38166,4,,,1,15,,38186,4,,,1,15,,38206,4,,,1,55,,38227,4,,,1,15,,38167,4,,,1,15,,38187,4,,,1,15,,38207,4,,,1,55,,38228,4,,,1,15,,38168,4,,,1,15,,38188,4,,,1,15,,38208,4,,,1,55,,38229,4,,,1,15,,38169,4,,,1,15,,38189,4,,,1,15,,38209,4,,,1,55,,38230,4,,,1,15,,38170,4,,,1,15,,38190,4,,,1,15,,38210,4,,,1,55,,38231,4,,,1,15,,38171,4,,,1,15,,38191,4,,,1,15,,38211,4,,,1,55,,38232,4,,,1,15,,38172,4,,,1,15,,38192,4,,,1,15,,38212,4,,,1,55,,38233,4,,,1,15,,38173,4,,,1,15,,38193,4,,,1,15,,38213,4,,,1,55,,38234,4,,,1,15,,38174,4,,,1,15,,38194,4,,,1,15,,38214,4,,,1,55,,38235,4,,,1,15,,38175,4,,,1,15,,38195,4,,,1,15,,38215,4,,,1,55,,38236,4,,,1,15,,38176,4,,,1,15,,38196,4,,,1,15,,38216,4,,,1,55,,38237,4,,,1,15,,38177,4,,,1
0,'20261128',616,,38238,4,,,1,15,,38258,4,,,1,15,,38277,4,,,1,55,,38296,4,,,1,15,,38239,4,,,1,15,,38259,4,,,1,15,,38278,4,,,1,55,,38297,4,,,1,15,,38240,4,,,1,15,,38260,4,,,1,15,,38279,4,,,1,55,,38298,4,,,1,15,,38241,4,,,1,15,,38261,4,,,1,15,,38280,4,,,1,55,,38299,4,,,1,15,,38242,4,,,1,15,,38262,4,,,1,15,,38281,4,,,1,55,,38300,4,,,1,15,,38243,4,,,1,15,,38263,4,,,1,15,,38282,4,,,1,55,,38301,4,,,1,15,,38244,4,,,1,15,,38264,4,,,1,15,,38283,4,,,1,55,,38302,4,,,1,15,,38245,4,,,1,15,,38265,4,,,1,15,,38284,4,,,1,55,,38303,4,,,1,15,,38246,4,,,1,15,,38266,4,,,1,15,,38285,4,,,1,55,,38304,4,,,1,15,,38247,4,,,1,15,,38267,4,,,1,15,,38286,4,,,1,55,,38305,4,,,1,15,,38248,4,,,1,15,,38268,4,,,1,15,,38287,4,,,1,55,,38306,4,,,1,15,,38249,4,,,1,15,,38269,4,,,1,15,,38288,4,,,1,55,,38307,4,,,1,15,,38250,4,,,1,15,,38270,4,,,1,15,,38289,4,,,1,55,,38308,4,,,1,15,,38251,4,,,1,15,,38271,4,,,1,15,,38290,4,,,1,55,,38309,4,,,1,15,,38252,4,,,1,15,,38272,4,,,1,15,,38291,4,,,1,55,,38310,4,,,1,15,,38253,4,,,1,15,,38273,4,,,1,15,,38292,4,,,1,55,,38311,4,,,1,15,,38254,4,,,1,15,,38274,4,,,1,15,,38293,4,,,1,55,,38312,4,,,1,15,,38255,4,,,1,15,,38275,4,,,1,15,,38294,4,,,1,55,,38313,4,,,1,15,,38256,4,,,1,15,,38276,4,,,1,15,,38295,4,,,1,55,,38314,4,,,1,15,,38257,4,,,1
0,'20261129',616,,38315,4,,,1,15,,38335,4,,,1,15,,38354,4,,,1,55,,38373,4,,,1,15,,38316,4,,,1,15,,38336,4,,,1,15,,38355,4,,,1,55,,38374,4,,,1,15,,38317,4,,,1,15,,38337,4,,,1,15,,38356,4,,,1,55,,38375,4,,,1,15,,38318,4,,,1,15,,38338,4,,,1,15,,38357,4,,,1,55,,38376,4,,,1,15,,38319,4,,,1,15,,38339,4,,,1,15,,38358,4,,,1,55,,38377,4,,,1,15,,38320,4,,,1,15,,38340,4,,,1,15,,38359,4,,,1,55,,38378,4,,,1,15,,38321,4,,,1,15,,38341,4,,,1,15,,38360,4,,,1,55,,38379,4,,,1,15,,38322,4,,,1,15,,38342,4,,,1,15,,38361,4,,,1,55,,38380,4,,,1,15,,38323,4,,,1,15,,38343,4,,,1,15,,38362,4,,,1,55,,38381,4,,,1,15,,38324,4,,,1,15,,38344,4,,,1,15,,38363,4,,,1,55,,38382,4,,,1,15,,38325,4,,,1,15,,38345,4,,,1,15,,38364,4,,,1,55,,38383,4,,,1,15,,38326,4,,,1,15,,38346,4,,,1,15,,38365,4,,,1,55,,38384,4,,,1,15,,38327,4,,,1,15,,38347,4,,,1,15,,38366,4,,,1,55,,38385,4,,,1,15,,38328,4,,,1,15,,38348,4,,,1,15,,38367,4,,,1,55,,38386,4,,,1,15,,38329,4,,,1,15,,38349,4,,,1,15,,38368,4,,,1,55,,38387,4,,,1,15,,38330,4,,,1,15,,38350,4,,,1,15,,38369,4,,,1,55,,38388,4,,,1,15,,38331,4,,,1,15,,38351,4,,,1,15,,38370,4,,,1,55,,38389,4,,,1,15,,38332,4,,,1,15,,38352,4,,,1,15,,38371,4,,,1,55,,38390,4,,,1,15,,38333,4,,,1,15,,38353,4,,,1,15,,38372,4,,,1,55,,38391,4,,,1,15,,38334,4,,,1
0,'20261130',616,,38392,4,,,1,15,,38412,4,,,1,15,,38431,4,,,1,55,,38450,4,,,1,15,,38393,4,,,1,15,,38413,4,,,1,15,,38432,4,,,1,55,,38451,4,,,1,15,,38394,4,,,1,15,,38414,4,,,1,15,,38433,4,,,1,55,,38452,4,,,1,15,,38395,4,,,1,15,,38415,4,,,1,15,,38434,4,,,1,55,,38453,4,,,1,15,,38396,4,,,1,15,,38416,4,,,1,15,,38435,4,,,1,55,,38454,4,,,1,15,,38397,4,,,1,15,,38417,4,,,1,15,,38436,4,,,1,55,,38455,4,,,1,15,,38398,4,,,1,15,,38418,4,,,1,15,,38437,4,,,1,55,,38456,4,,,1,15,,38399,4,,,1,15,,38419,4,,,1,15,,38438,4,,,1,55,,38457,4,,,1,15,,38400,4,,,1,15,,38420,4,,,1,15,,38439,4,,,1,55,,38458,4,,,1,15,,38401,4,,,1,15,,38421,4,,,1,15,,38440,4,,,1,55,,38459,4,,,1,15,,38402,4,,,1,15,,38422,4,,,1,15,,38441,4,,,1,55,,38460,4,,,1,15,,38403,4,,,1,15,,38423,4,,,1,15,,38442,4,,,1,55,,38461,4,,,1,15,,38404,4,,,1,15,,38424,4,,,1,15,,38443,4,,,1,55,,38462,4,,,1,15,,38405,4,,,1,15,,38425,4,,,1,15,,38444,4,,,1,55,,38463,4,,,1,15,,38406,4,,,1,15,,38426,4,,,1,15,,38445,4,,,1,55,,38464,4,,,1,15,,38407,4,,,1,15,,38427,4,,,1,15,,38446,4,,,1,55,,38465,4,,,1,15,,38408,4,,,1,15,,38428,4,,,1,15,,38447,4,,,1,55,,38466,4,,,1,15,,38409,4,,,1,15,,38429,4,,,1,15,,38448,4,,,1,55,,38467,4,,,1,15,,38410,4,,,1,15,,38430,4,,,1,15,,38449,4,,,1,55,,38468,4,,,1,15,,38411,4,,,1
0,'20261201',511,,38529,4,,,1,15,,38469,4,,,1,20,,38509,4,,,1,55,,38530,4,,,1,15,,38470,4,,,1,15,,38490,4,,,1,15,,38510,4,,,1,55,,38531,4,,,1,15,,38471,4,,,1,15,,38491,4,,,1,15,,38511,4,,,1,55,,38532,4,,,1,15,,38472,4,,,1,15,,38492,4,,,1,15,,38512,4,,,1,55,,38533,4,,,1,15,,38473,4,,,1,15,,38493,4,,,1,15,,38513,4,,,1,55,,38534,4,,,1,15,,38474,4,,,1,15,,38494,4,,,1,15,,38514,4,,,1,55,,38535,4,,,1,15,,38475,4,,,1,15,,38495,4,,,1,15,,38515,4,,,1,55,,38536,4,,,1,15,,38476,4,,,1,15,,38496,4,,,1,15,,38516,4,,,1,55,,38537,4,,,1,15,,38477,4,,,1,15,,38497,4,,,1,15,,38517,4,,,1,55,,38538,4,,,1,15,,38478,4,,,1,15,,38498,4,,,1,15,,38518,4,,,1,55,,38539,4,,,1,15,,38479,4,,,1,15,,38499,4,,,1,15,,38519,4,,,1,55,,38540,4,,,1,15,,38480,4,,,1,15,,38500,4,,,1,15,,38520,4,,,1,55,,38541,4,,,1,15,,38481,4,,,1,15,,38501,4,,,1,15,,38521,4,,,1,55,,38542,4,,,1,15,,38482,4,,,1,15,,38502,4,,,1,15,,38522,4,,,1,55,,38543,4,,,1,15,,38483,4,,,1,15,,38503,4,,,1,15,,38523,4,,,1,55,,38544,4,,,1,15,,38484,4,,,1,15,,38504,4,,,1,15,,38524,4,,,1,55,,38545,4,,,1,15,,38485,4,,,1,15,,38505,4,,,1,15,,38525,4,,,1,55,,38546,4,,,1,15,,38486,4,,,1,15,,38506,4,,,1,15,,38526,4,,,1,55,,38547,4,,,1,15,,38487,4,,,1,15,,38507,4,,,1,15,,38527,4,,,1,55,,38548,4,,,1,15,,38488,4,,,1,15,,38508,4,,,1,15,,38528,4,,,1,55,,38549,4,,,1,15,,38489,4,,,1
0,'20261202',511,,38610,4,,,1,15,,38550,4,,,1,20,,38590,4,,,1,55,,38611,4,,,1,15,,38551,4,,,1,15,,38571,4,,,1,15,,38591,4,,,1,55,,38612,4,,,1,15,,38552,4,,,1,15,,38572,4,,,1,15,,38592,4,,,1,55,,38613,4,,,1,15,,38553,4,,,1,15,,38573,4,,,1,15,,38593,4,,,1,55,,38614,4,,,1,15,,38554,4,,,1,15,,38574,4,,,1,15,,38594,4,,,1,55,,38615,4,,,1,15,,38555,4,,,1,15,,38575,4,,,1,15,,38595,4,,,1,55,,38616,4,,,1,15,,38556,4,,,1,15,,38576,4,,,1,15,,38596,4,,,1,55,,38617,4,,,1,15,,38557,4,,,1,15,,38577,4,,,1,15,,38597,4,,,1,55,,38618,4,,,1,15,,38558,4,,,1,15,,38578,4,,,1,15,,38598,4,,,1,55,,38619,4,,,1,15,,38559,4,,,1,15,,38579,4,,,1,15,,38599,4,,,1,55,,38620,4,,,1,15,,38560,4,,,1,15,,38580,4,,,1,15,,38600,4,,,1,55,,38621,4,,,1,15,,38561,4,,,1,15,,38581,4,,,1,15,,38601,4,,,1,55,,38622,4,,,1,15,,38562,4,,,1,15,,38582,4,,,1,15,,38602,4,,,1,55,,38623,4,,,1,15,,38563,4,,,1,15,,38583,4,,,1,15,,38603,4,,,1,55,,38624,4,,,1,15,,38564,4,,,1,15,,38584,4,,,1,15,,38604,4,,,1,55,,38625,4,,,1,15,,38565,4,,,1,15,,38585,4,,,1,15,,38605,4,,,1,55,,38626,4,,,1,15,,38566,4,,,1,15,,38586,4,,,1,15,,38606,4,,,1,55,,38627,4,,,1,15,,38567,4,,,1,15,,38587,4,,,1,15,,38607,4,,,1,55,,38628,4,,,1,15,,38568,4,,,1,15,,38588,4,,,1,15,,38608,4,,,1,55,,38629,4,,,1,15,,38569,4,,,1,15,,38589,4,,,1,15,,38609,4,,,1,55,,38630,4,,,1,15,,38570,4,,,1
0,'20261203',511,,38691,4,,,1,15,,38631,4,,,1,20,,38671,4,,,1,55,,38692,4,,,1,15,,38632,4,,,1,15,,38652,4,,,1,15,,38672,4,,,1,55,,38693,4,,,1,15,,38633,4,,,1,15,,38653,4,,,1,15,,38673,4,,,1,55,,38694,4,,,1,15,,38634,4,,,1,15,,38654,4,,,1,15,,38674,4,,,1,55,,38695,4,,,1,15,,38635,4,,,1,15,,38655,4,,,1,15,,38675,4,,,1,55,,38696,4,,,1,15,,38636,4,,,1,15,,38656,4,,,1,15,,38676,4,,,1,55,,38697,4,,,1,15,,38637,4,,,1,15,,38657,4,,,1,15,,38677,4,,,1,55,,38698,4,,,1,15,,38638,4,,,1,15,,38658,4,,,1,15,,38678,4,,,1,55,,38699,4,,,1,15,,38639,4,,,1,15,,38659,4,,,1,15,,38679,4,,,1,55,,38700,4,,,1,15,,38640,4,,,1,15,,38660,4,,,1,15,,38680,4,,,1,55,,38701,4,,,1,15,,38641,4,,,1,15,,38661,4,,,1,15,,38681,4,,,1,55,,38702,4,,,1,15,,38642,4,,,1,15,,38662,4,,,1,15,,38682,4,,,1,55,,38703,4,,,1,15,,38643,4,,,1,15,,38663,4,,,1,15,,38683,4,,,1,55,,38704,4,,,1,15,,38644,4,,,1,15,,38664,4,,,1,15,,38684,4,,,1,55,,38705,4,,,1,15,,38645,4,,,1,15,,38665,4,,,1,15,,38685,4,,,1,55,,38706,4,,,1,15,,38646,4,,,1,15,,38666,4,,,1,15,,38686,4,,,1,55,,38707,4,,,1,15,,38647,4,,,1,15,,38667,4,,,1,15,,38687,4,,,1,55,,38708,4,,,1,15,,38648,4,,,1,15,,38668,4,,,1,15,,38688,4,,,1,55,,38709,4,,,1,15,,38649,4,,,1,15,,38669,4,,,1,15,,38689,4,,,1,55,,38710,4,,,1,15,,38650,4,,,1,15,,38670,4,,,1,15,,38690,4,,,1,55,,38711,4,,,1,15,,38651,4,,,1
0,'20261204',511,,38772,4,,,1,15,,38712,4,,,1,20,,38752,4,,,1,55,,38773,4,,,1,15,,38713,4,,,1,15,,38733,4,,,1,15,,38753,4,,,1,55,,38774,4,,,1,15,,38714,4,,,1,15,,38734,4,,,1,15,,38754,4,,,1,55,,38775,4,,,1,15,,38715,4,,,1,15,,38735,4,,,1,15,,38755,4,,,1,55,,38776,4,,,1,15,,38716,4,,,1,15,,38736,4,,,1,15,,38756,4,,,1,55,,38777,4,,,1,15,,38717,4,,,1,15,,38737,4,,,1,15,,38757,4,,,1,55,,38778,4,,,1,15,,38718,4,,,1,15,,38738,4,,,1,15,,38758,4,,,1,55,,38779,4,,,1,15,,38719,4,,,1,15,,38739,4,,,1,15,,38759,4,,,1,55,,38780,4,,,1,15,,38720,4,,,1,15,,38740,4,,,1,15,,38760,4,,,1,55,,38781,4,,,1,15,,38721,4,,,1,15,,38741,4,,,1,15,,38761,4,,,1,55,,38782,4,,,1,15,,38722,4,,,1,15,,38742,4,,,1,15,,38762,4,,,1,55,,38783,4,,,1,15,,38723,4,,,1,15,,38743,4,,,1,15,,38763,4,,,1,55,,38784,4,,,1,15,,38724,4,,,1,15,,38744,4,,,1,15,,38764,4,,,1,55,,38785,4,,,1,15,,38725,4,,,1,15,,38745,4,,,1,15,,38765,4,,,1,55,,38786,4,,,1,15,,38726,4,,,1,15,,38746,4,,,1,15,,38766,4,,,1,55,,38787,4,,,1,15,,38727,4,,,1,15,,38747,4,,,1,15,,38767,4,,,1,55,,38788,4,,,1,15,,38728,4,,,1,15,,38748,4,,,1,15,,38768,4,,,1,55,,38789,4,,,1,15,,38729,4,,,1,15,,38749,4,,,1,15,,38769,4,,,1,55,,38790,4,,,1,15,,38730,4,,,1,15,,38750,4,,,1,15,,38770,4,,,1,55,,38791,4,,,1,15,,38731,4,,,1,15,,38751,4,,,1,15,,38771,4,,,1,55,,38792,4,,,1,15,,38732,4,,,1
0,'20261205',616,,38793,4,,,1,15,,38813,4,,,1,15,,38832,4,,,1,55,,38851,4,,,1,15,,38794,4,,,1,15,,38814,4,,,1,15,,38833,4,,,1,55,,38852,4,,,1,15,,38795,4,,,1,15,,38815,4,,,1,15,,38834,4,,,1,55,,38853,4,,,1,15,,38796,4,,,1,15,,38816,4,,,1,15,,38835,4,,,1,55,,38854,4,,,1,15,,38797,4,,,1,15,,38817,4,,,1,15,,38836,4,,,1,55,,38855,4,,,1,15,,38798,4,,,1,15,,38818,4,,,1,15,,38837,4,,,1,55,,38856,4,,,1,15,,38799,4,,,1,15,,38819,4,,,1,15,,38838,4,,,1,55,,38857,4,,,1,15,,38800,4,,,1,15,,38820,4,,,1,15,,38839,4,,,1,55,,38858,4,,,1,15,,38801,4,,,1,15,,38821,4,,,1,15,,38840,4,,,1,55,,38859,4,,,1,15,,38802,4,,,1,15,,38822,4,,,1,15,,38841,4,,,1,55,,38860,4,,,1,15,,38803,4,,,1,15,,38823,4,,,1,15,,38842,4,,,1,55,,38861,4,,,1,15,,38804,4,,,1,15,,38824,4,,,1,15,,38843,4,,,1,55,,38862,4,,,1,15,,38805,4,,,1,15,,38825,4,,,1,15,,38844,4,,,1,55,,38863,4,,,1,15,,38806,4,,,1,15,,38826,4,,,1,15,,38845,4,,,1,55,,38864,4,,,1,15,,38807,4,,,1,15,,38827,4,,,1,15,,38846,4,,,1,55,,38865,4,,,1,15,,38808,4,,,1,15,,38828,4,,,1,15,,38847,4,,,1,55,,38866,4,,,1,15,,38809,4,,,1,15,,38829,4,,,1,15,,38848,4,,,1,55,,38867,4,,,1,15,,38810,4,,,1,15,,38830,4,,,1,15,,38849,4,,,1,55,,38868,4,,,1,15,,38811,4,,,1,15,,38831,4,,,1,15,,38850,4,,,1,55,,38869,4,,,1,15,,38812,4,,,1
0,'20261206',616,,38870,4,,,1,15,,38890,4,,,1,15,,38909,4,,,1,55,,38928,4,,,1,15,,38871,4,,,1,15,,38891,4,,,1,15,,38910,4,,,1,55,,38929,4,,,1,15,,38872,4,,,1,15,,38892,4,,,1,15,,38911,4,,,1,55,,38930,4,,,1,15,,38873,4,,,1,15,,38893,4,,,1,15,,38912,4,,,1,55,,38931,4,,,1,15,,38874,4,,,1,15,,38894,4,,,1,15,,38913,4,,,1,55,,38932,4,,,1,15,,38875,4,,,1,15,,38895,4,,,1,15,,38914,4,,,1,55,,38933,4,,,1,15,,38876,4,,,1,15,,38896,4,,,1,15,,38915,4,,,1,55,,38934,4,,,1,15,,38877,4,,,1,15,,38897,4,,,1,15,,38916,4,,,1,55,,38935,4,,,1,15,,38878,4,,,1,15,,38898,4,,,1,15,,38917,4,,,1,55,,38936,4,,,1,15,,38879,4,,,1,15,,38899,4,,,1,15,,38918,4,,,1,55,,38937,4,,,1,15,,38880,4,,,1,15,,38900,4,,,1,15,,38919,4,,,1,55,,38938,4,,,1,15,,38881,4,,,1,15,,38901,4,,,1,15,,38920,4,,,1,55,,38939,4,,,1,15,,38882,4,,,1,15,,38902,4,,,1,15,,38921,4,,,1,55,,38940,4,,,1,15,,38883,4,,,1,15,,38903,4,,,1,15,,38922,4,,,1,55,,38941,4,,,1,15,,38884,4,,,1,15,,38904,4,,,1,15,,38923,4,,,1,55,,38942,4,,,1,15,,38885,4,,,1,15,,38905,4,,,1,15,,38924,4,,,1,55,,38943,4,,,1,15,,38886,4,,,1,15,,38906,4,,,1,15,,38925,4,,,1,55,,38944,4,,,1,15,,38887,4,,,1,15,,38907,4,,,1,15,,38926,4,,,1,55,,38945,4,,,1,15,,38888,4,,,1,15,,38908,4,,,1,15,,38927,4,,,1,55,,38946,4,,,1,15,,38889,4,,,1
0,'20261207',616,,38947,4,,,1,15,,38967,4,,,1,15,,38986,4,,,1,55,,39005,4,,,1,15,,38948,4,,,1,15,,38968,4,,,1,15,,38987,4,,,1,55,,39006,4,,,1,15,,38949,4,,,1,15,,38969,4,,,1,15,,38988,4,,,1,55,,39007,4,,,1,15,,38950,4,,,1,15,,38970,4,,,1,15,,38989,4,,,1,55,,39008,4,,,1,15,,38951,4,,,1,15,,38971,4,,,1,15,,38990,4,,,1,55,,39009,4,,,1,15,,38952,4,,,1,15,,38972,4,,,1,15,,38991,4,,,1,55,,39010,4,,,1,15,,38953,4,,,1,15,,38973,4,,,1,15,,38992,4,,,1,55,,39011,4,,,1,15,,38954,4,,,1,15,,38974,4,,,1,15,,38993,4,,,1,55,,39012,4,,,1,15,,38955,4,,,1,15,,38975,4,,,1,15,,38994,4,,,1,55,,39013,4,,,1,15,,38956,4,,,1,15,,38976,4,,,1,15,,38995,4,,,1,55,,39014,4,,,1,15,,38957,4,,,1,15,,38977,4,,,1,15,,38996,4,,,1,55,,39015,4,,,1,15,,38958,4,,,1,15,,38978,4,,,1,15,,38997,4,,,1,55,,39016,4,,,1,15,,38959,4,,,1,15,,38979,4,,,1,15,,38998,4,,,1,55,,39017,4,,,1,15,,38960,4,,,1,15,,38980,4,,,1,15,,38999,4,,,1,55,,39018,4,,,1,15,,38961,4,,,1,15,,38981,4,,,1,15,,39000,4,,,1,55,,39019,4,,,1,15,,38962,4,,,1,15,,38982,4,,,1,15,,39001,4,,,1,55,,39020,4,,,1,15,,38963,4,,,1,15,,38983,4,,,1,15,,39002,4,,,1,55,,39021,4,,,1,15,,38964,4,,,1,15,,38984,4,,,1,15,,39003,4,,,1,55,,39022,4,,,1,15,,38965,4,,,1,15,,38985,4,,,1,15,,39004,4,,,1,55,,39023,4,,,1,15,,38966,4,,,1
0,'20261208',511,,39084,4,,,1,15,,39024,4,,,1,20,,39064,4,,,1,55,,39085,4,,,1,15,,39025,4,,,1,15,,39045,4,,,1,15,,39065,4,,,1,55,,39086,4,,,1,15,,39026,4,,,1,15,,39046,4,,,1,15,,39066,4,,,1,55,,39087,4,,,1,15,,39027,4,,,1,15,,39047,4,,,1,15,,39067,4,,,1,55,,39088,4,,,1,15,,39028,4,,,1,15,,39048,4,,,1,15,,39068,4,,,1,55,,39089,4,,,1,15,,39029,4,,,1,15,,39049,4,,,1,15,,39069,4,,,1,55,,39090,4,,,1,15,,39030,4,,,1,15,,39050,4,,,1,15,,39070,4,,,1,55,,39091,4,,,1,15,,39031,4,,,1,15,,39051,4,,,1,15,,39071,4,,,1,55,,39092,4,,,1,15,,39032,4,,,1,15,,39052,4,,,1,15,,39072,4,,,1,55,,39093,4,,,1,15,,39033,4,,,1,15,,39053,4,,,1,15,,39073,4,,,1,55,,39094,4,,,1,15,,39034,4,,,1,15,,39054,4,,,1,15,,39074,4,,,1,55,,39095,4,,,1,15,,39035,4,,,1,15,,39055,4,,,1,15,,39075,4,,,1,55,,39096,4,,,1,15,,39036,4,,,1,15,,39056,4,,,1,15,,39076,4,,,1,55,,39097,4,,,1,15,,39037,4,,,1,15,,39057,4,,,1,15,,39077,4,,,1,55,,39098,4,,,1,15,,39038,4,,,1,15,,39058,4,,,1,15,,39078,4,,,1,55,,39099,4,,,1,15,,39039,4,,,1,15,,39059,4,,,1,15,,39079,4,,,1,55,,39100,4,,,1,15,,39040,4,,,1,15,,39060,4,,,1,15,,39080,4,,,1,55,,39101,4,,,1,15,,39041,4,,,1,15,,39061,4,,,1,15,,39081,4,,,1,55,,39102,4,,,1,15,,39042,4,,,1,15,,39062,4,,,1,15,,39082,4,,,1,55,,39103,4,,,1,15,,39043,4,,,1,15,,39063,4,,,1,15,,39083,4,,,1,55,,39104,4,,,1,15,,39044,4,,,1
0,'20261209',511,,39165,4,,,1,15,,39105,4,,,1,20,,39145,4,,,1,55,,39166,4,,,1,15,,39106,4,,,1,15,,39126,4,,,1,15,,39146,4,,,1,55,,39167,4,,,1,15,,39107,4,,,1,15,,39127,4,,,1,15,,39147,4,,,1,55,,39168,4,,,1,15,,39108,4,,,1,15,,39128,4,,,1,15,,39148,4,,,1,55,,39169,4,,,1,15,,39109,4,,,1,15,,39129,4,,,1,15,,39149,4,,,1,55,,39170,4,,,1,15,,39110,4,,,1,15,,39130,4,,,1,15,,39150,4,,,1,55,,39171,4,,,1,15,,39111,4,,,1,15,,39131,4,,,1,15,,39151,4,,,1,55,,39172,4,,,1,15,,39112,4,,,1,15,,39132,4,,,1,15,,39152,4,,,1,55,,39173,4,,,1,15,,39113,4,,,1,15,,39133,4,,,1,15,,39153,4,,,1,55,,39174,4,,,1,15,,39114,4,,,1,15,,39134,4,,,1,15,,39154,4,,,1,55,,39175,4,,,1,15,,39115,4,,,1,15,,39135,4,,,1,15,,39155,4,,,1,55,,39176,4,,,1,15,,39116,4,,,1,15,,39136,4,,,1,15,,39156,4,,,1,55,,39177,4,,,1,15,,39117,4,,,1,15,,39137,4,,,1,15,,39157,4,,,1,55,,39178,4,,,1,15,,39118,4,,,1,15,,39138,4,,,1,15,,39158,4,,,1,55,,39179,4,,,1,15,,39119,4,,,1,15,,39139,4,,,1,15,,39159,4,,,1,55,,39180,4,,,1,15,,39120,4,,,1,15,,39140,4,,,1,15,,39160,4,,,1,55,,39181,4,,,1,15,,39121,4,,,1,15,,39141,4,,,1,15,,39161,4,,,1,55,,39182,4,,,1,15,,39122,4,,,1,15,,39142,4,,,1,15,,39162,4,,,1,55,,39183,4,,,1,15,,39123,4,,,1,15,,39143,4,,,1,15,,39163,4,,,1,55,,39184,4,,,1,15,,39124,4,,,1,15,,39144,4,,,1,15,,39164,4,,,1,55,,39185,4,,,1,15,,39125,4,,,1
0,'20261210',511,,39246,4,,,1,15,,39186,4,,,1,20,,39226,4,,,1,55,,39247,4,,,1,15,,39187,4,,,1,15,,39207,4,,,1,15,,39227,4,,,1,55,,39248,4,,,1,15,,39188,4,,,1,15,,39208,4,,,1,15,,39228,4,,,1,55,,39249,4,,,1,15,,39189,4,,,1,15,,39209,4,,,1,15,,39229,4,,,1,55,,39250,4,,,1,15,,39190,4,,,1,15,,39210,4,,,1,15,,39230,4,,,1,55,,39251,4,,,1,15,,39191,4,,,1,15,,39211,4,,,1,15,,39231,4,,,1,55,,39252,4,,,1,15,,39192,4,,,1,15,,39212,4,,,1,15,,39232,4,,,1,55,,39253,4,,,1,15,,39193,4,,,1,15,,39213,4,,,1,15,,39233,4,,,1,55,,39254,4,,,1,15,,39194,4,,,1,15,,39214,4,,,1,15,,39234,4,,,1,55,,39255,4,,,1,15,,39195,4,,,1,15,,39215,4,,,1,15,,39235,4,,,1,55,,39256,4,,,1,15,,39196,4,,,1,15,,39216,4,,,1,15,,39236,4,,,1,55,,39257,4,,,1,15,,39197,4,,,1,15,,39217,4,,,1,15,,39237,4,,,1,55,,39258,4,,,1,15,,39198,4,,,1,15,,39218,4,,,1,15,,39238,4,,,1,55,,39259,4,,,1,15,,39199,4,,,1,15,,39219,4,,,1,15,,39239,4,,,1,55,,39260,4,,,1,15,,39200,4,,,1,15,,39220,4,,,1,15,,39240,4,,,1,55,,39261,4,,,1,15,,39201,4,,,1,15,,39221,4,,,1,15,,39241,4,,,1,55,,39262,4,,,1,15,,39202,4,,,1,15,,39222,4,,,1,15,,39242,4,,,1,55,,39263,4,,,1,15,,39203,4,,,1,15,,39223,4,,,1,15,,39243,4,,,1,55,,39264,4,,,1,15,,39204,4,,,1,15,,39224,4,,,1,15,,39244,4,,,1,55,,39265,4,,,1,15,,39205,4,,,1,15,,39225,4,,,1,15,,39245,4,,,1,55,,39266,4,,,1,15,,39206,4,,,1
0,'20261211',511,,39327,4,,,1,15,,39267,4,,,1,20,,39307,4,,,1,55,,39328,4,,,1,15,,39268,4,,,1,15,,39288,4,,,1,15,,39308,4,,,1,55,,39329,4,,,1,15,,39269,4,,,1,15,,39289,4,,,1,15,,39309,4,,,1,55,,39330,4,,,1,15,,39270,4,,,1,15,,39290,4,,,1,15,,39310,4,,,1,55,,39331,4,,,1,15,,39271,4,,,1,15,,39291,4,,,1,15,,39311,4,,,1,55,,39332,4,,,1,15,,39272,4,,,1,15,,39292,4,,,1,15,,39312,4,,,1,55,,39333,4,,,1,15,,39273,4,,,1,15,,39293,4,,,1,15,,39313,4,,,1,55,,39334,4,,,1,15,,39274,4,,,1,15,,39294,4,,,1,15,,39314,4,,,1,55,,39335,4,,,1,15,,39275,4,,,1,15,,39295,4,,,1,15,,39315,4,,,1,55,,39336,4,,,1,15,,39276,4,,,1,15,,39296,4,,,1,15,,39316,4,,,1,55,,39337,4,,,1,15,,39277,4,,,1,15,,39297,4,,,1,15,,39317,4,,,1,55,,39338,4,,,1,15,,39278,4,,,1,15,,39298,4,,,1,15,,39318,4,,,1,55,,39339,4,,,1,15,,39279,4,,,1,15,,39299,4,,,1,15,,39319,4,,,1,55,,39340,4,,,1,15,,39280,4,,,1,15,,39300,4,,,1,15,,39320,4,,,1,55,,39341,4,,,1,15,,39281,4,,,1,15,,39301,4,,,1,15,,39321,4,,,1,55,,39342,4,,,1,15,,39282,4,,,1,15,,39302,4,,,1,15,,39322,4,,,1,55,,39343,4,,,1,15,,39283,4,,,1,15,,39303,4,,,1,15,,39323,4,,,1,55,,39344,4,,,1,15,,39284,4,,,1,15,,39304,4,,,1,15,,39324,4,,,1,55,,39345,4,,,1,15,,39285,4,,,1,15,,39305,4,,,1,15,,39325,4,,,1,55,,39346,4,,,1,15,,39286,4,,,1,15,,39306,4,,,1,15,,39326,4,,,1,55,,39347,4,,,1,15,,39287,4,,,1
0,'20261212',616,,39348,4,,,1,15,,39368,4,,,1,15,,39387,4,,,1,55,,39406,4,,,1,15,,39349,4,,,1,15,,39369,4,,,1,15,,39388,4,,,1,55,,39407,4,,,1,15,,39350,4,,,1,15,,39370,4,,,1,15,,39389,4,,,1,55,,39408,4,,,1,15,,39351,4,,,1,15,,39371,4,,,1,15,,39390,4,,,1,55,,39409,4,,,1,15,,39352,4,,,1,15,,39372,4,,,1,15,,39391,4,,,1,55,,39410,4,,,1,15,,39353,4,,,1,15,,39373,4,,,1,15,,39392,4,,,1,55,,39411,4,,,1,15,,39354,4,,,1,15,,39374,4,,,1,15,,39393,4,,,1,55,,39412,4,,,1,15,,39355,4,,,1,15,,39375,4,,,1,15,,39394,4,,,1,55,,39413,4,,,1,15,,39356,4,,,1,15,,39376,4,,,1,15,,39395,4,,,1,55,,39414,4,,,1,15,,39357,4,,,1,15,,39377,4,,,1,15,,39396,4,,,1,55,,39415,4,,,1,15,,39358,4,,,1,15,,39378,4,,,1,15,,39397,4,,,1,55,,39416,4,,,1,15,,39359,4,,,1,15,,39379,4,,,1,15,,39398,4,,,1,55,,39417,4,,,1,15,,39360,4,,,1,15,,39380,4,,,1,15,,39399,4,,,1,55,,39418,4,,,1,15,,39361,4,,,1,15,,39381,4,,,1,15,,39400,4,,,1,55,,39419,4,,,1,15,,39362,4,,,1,15,,39382,4,,,1,15,,39401,4,,,1,55,,39420,4,,,1,15,,39363,4,,,1,15,,39383,4,,,1,15,,39402,4,,,1,55,,39421,4,,,1,15,,39364,4,,,1,15,,39384,4,,,1,15,,39403,4,,,1,55,,39422,4,,,1,15,,39365,4,,,1,15,,39385,4,,,1,15,,39404,4,,,1,55,,39423,4,,,1,15,,39366,4,,,1,15,,39386,4,,,1,15,,39405,4,,,1,55,,39424,4,,,1,15,,39367,4,,,1
0,'20261213',616,,39425,4,,,1,15,,39445,4,,,1,15,,39464,4,,,1,55,,39483,4,,,1,15,,39426,4,,,1,15,,39446,4,,,1,15,,39465,4,,,1,55,,39484,4,,,1,15,,39427,4,,,1,15,,39447,4,,,1,15,,39466,4,,,1,55,,39485,4,,,1,15,,39428,4,,,1,15,,39448,4,,,1,15,,39467,4,,,1,55,,39486,4,,,1,15,,39429,4,,,1,15,,39449,4,,,1,15,,39468,4,,,1,55,,39487,4,,,1,15,,39430,4,,,1,15,,39450,4,,,1,15,,39469,4,,,1,55,,39488,4,,,1,15,,39431,4,,,1,15,,39451,4,,,1,15,,39470,4,,,1,55,,39489,4,,,1,15,,39432,4,,,1,15,,39452,4,,,1,15,,39471,4,,,1,55,,39490,4,,,1,15,,39433,4,,,1,15,,39453,4,,,1,15,,39472,4,,,1,55,,39491,4,,,1,15,,39434,4,,,1,15,,39454,4,,,1,15,,39473,4,,,1,55,,39492,4,,,1,15,,39435,4,,,1,15,,39455,4,,,1,15,,39474,4,,,1,55,,39493,4,,,1,15,,39436,4,,,1,15,,39456,4,,,1,15,,39475,4,,,1,55,,39494,4,,,1,15,,39437,4,,,1,15,,39457,4,,,1,15,,39476,4,,,1,55,,39495,4,,,1,15,,39438,4,,,1,15,,39458,4,,,1,15,,39477,4,,,1,55,,39496,4,,,1,15,,39439,4,,,1,15,,39459,4,,,1,15,,39478,4,,,1,55,,39497,4,,,1,15,,39440,4,,,1,15,,39460,4,,,1,15,,39479,4,,,1,55,,39498,4,,,1,15,,39441,4,,,1,15,,39461,4,,,1,15,,39480,4,,,1,55,,39499,4,,,1,15,,39442,4,,,1,15,,39462,4,,,1,15,,39481,4,,,1,55,,39500,4,,,1,15,,39443,4,,,1,15,,39463,4,,,1,15,,39482,4,,,1,55,,39501,4,,,1,15,,39444,4,,,1
0,'20261214',616,,39502,4,,,1,15,,39522,4,,,1,15,,39541,4,,,1,55,,39560,4,,,1,15,,39503,4,,,1,15,,39523,4,,,1,15,,39542,4,,,1,55,,39561,4,,,1,15,,39504,4,,,1,15,,39524,4,,,1,15,,39543,4,,,1,55,,39562,4,,,1,15,,39505,4,,,1,15,,39525,4,,,1,15,,39544,4,,,1,55,,39563,4,,,1,15,,39506,4,,,1,15,,39526,4,,,1,15,,39545,4,,,1,55,,39564,4,,,1,15,,39507,4,,,1,15,,39527,4,,,1,15,,39546,4,,,1,55,,39565,4,,,1,15,,39508,4,,,1,15,,39528,4,,,1,15,,39547,4,,,1,55,,39566,4,,,1,15,,39509,4,,,1,15,,39529,4,,,1,15,,39548,4,,,1,55,,39567,4,,,1,15,,39510,4,,,1,15,,39530,4,,,1,15,,39549,4,,,1,55,,39568,4,,,1,15,,39511,4,,,1,15,,39531,4,,,1,15,,39550,4,,,1,55,,39569,4,,,1,15,,39512,4,,,1,15,,39532,4,,,1,15,,39551,4,,,1,55,,39570,4,,,1,15,,39513,4,,,1,15,,39533,4,,,1,15,,39552,4,,,1,55,,39571,4,,,1,15,,39514,4,,,1,15,,39534,4,,,1,15,,39553,4,,,1,55,,39572,4,,,1,15,,39515,4,,,1,15,,39535,4,,,1,15,,39554,4,,,1,55,,39573,4,,,1,15,,39516,4,,,1,15,,39536,4,,,1,15,,39555,4,,,1,55,,39574,4,,,1,15,,39517,4,,,1,15,,39537,4,,,1,15,,39556,4,,,1,55,,39575,4,,,1,15,,39518,4,,,1,15,,39538,4,,,1,15,,39557,4,,,1,55,,39576,4,,,1,15,,39519,4,,,1,15,,39539,4,,,1,15,,39558,4,,,1,55,,39577,4,,,1,15,,39520,4,,,1,15,,39540,4,,,1,15,,39559,4,,,1,55,,39578,4,,,1,15,,39521,4,,,1
0,'20261215',511,,39639,4,,,1,15,,39579,4,,,1,20,,39619,4,,,1,55,,39640,4,,,1,15,,39580,4,,,1,15,,39600,4,,,1,15,,39620,4,,,1,55,,39641,4,,,1,15,,39581,4,,,1,15,,39601,4,,,1,15,,39621,4,,,1,55,,39642,4,,,1,15,,39582,4,,,1,15,,39602,4,,,1,15,,39622,4,,,1,55,,39643,4,,,1,15,,39583,4,,,1,15,,39603,4,,,1,15,,39623,4,,,1,55,,39644,4,,,1,15,,39584,4,,,1,15,,39604,4,,,1,15,,39624,4,,,1,55,,39645,4,,,1,15,,39585,4,,,1,15,,39605,4,,,1,15,,39625,4,,,1,55,,39646,4,,,1,15,,39586,4,,,1,15,,39606,4,,,1,15,,39626,4,,,1,55,,39647,4,,,1,15,,39587,4,,,1,15,,39607,4,,,1,15,,39627,4,,,1,55,,39648,4,,,1,15,,39588,4,,,1,15,,39608,4,,,1,15,,39628,4,,,1,55,,39649,4,,,1,15,,39589,4,,,1,15,,39609,4,,,1,15,,39629,4,,,1,55,,39650,4,,,1,15,,39590,4,,,1,15,,39610,4,,,1,15,,39630,4,,,1,55,,39651,4,,,1,15,,39591,4,,,1,15,,39611,4,,,1,15,,39631,4,,,1,55,,39652,4,,,1,15,,39592,4,,,1,15,,39612,4,,,1,15,,39632,4,,,1,55,,39653,4,,,1,15,,39593,4,,,1,15,,39613,4,,,1,15,,39633,4,,,1,55,,39654,4,,,1,15,,39594,4,,,1,15,,39614,4,,,1,15,,39634,4,,,1,55,,39655,4,,,1,15,,39595,4,,,1,15,,39615,4,,,1,15,,39635,4,,,1,55,,39656,4,,,1,15,,39596,4,,,1,15,,39616,4,,,1,15,,39636,4,,,1,55,,39657,4,,,1,15,,39597,4,,,1,15,,39617,4,,,1,15,,39637,4,,,1,55,,39658,4,,,1,15,,39598,4,,,1,15,,39618,4,,,1,15,,39638,4,,,1,55,,39659,4,,,1,15,,39599,4,,,1
0,'20261216',511,,39720,4,,,1,15,,39660,4,,,1,20,,39700,4,,,1,55,,39721,4,,,1,15,,39661,4,,,1,15,,39681,4,,,1,15,,39701,4,,,1,55,,39722,4,,,1,15,,39662,4,,,1,15,,39682,4,,,1,15,,39702,4,,,1,55,,39723,4,,,1,15,,39663,4,,,1,15,,39683,4,,,1,15,,39703,4,,,1,55,,39724,4,,,1,15,,39664,4,,,1,15,,39684,4,,,1,15,,39704,4,,,1,55,,39725,4,,,1,15,,39665,4,,,1,15,,39685,4,,,1,15,,39705,4,,,1,55,,39726,4,,,1,15,,39666,4,,,1,15,,39686,4,,,1,15,,39706,4,,,1,55,,39727,4,,,1,15,,39667,4,,,1,15,,39687,4,,,1,15,,39707,4,,,1,55,,39728,4,,,1,15,,39668,4,,,1,15,,39688,4,,,1,15,,39708,4,,,1,55,,39729,4,,,1,15,,39669,4,,,1,15,,39689,4,,,1,15,,39709,4,,,1,55,,39730,4,,,1,15,,39670,4,,,1,15,,39690,4,,,1,15,,39710,4,,,1,55,,39731,4,,,1,15,,39671,4,,,1,15,,39691,4,,,1,15,,39711,4,,,1,55,,39732,4,,,1,15,,39672,4,,,1,15,,39692,4,,,1,15,,39712,4,,,1,55,,39733,4,,,1,15,,39673,4,,,1,15,,39693,4,,,1,15,,39713,4,,,1,55,,39734,4,,,1,15,,39674,4,,,1,15,,39694,4,,,1,15,,39714,4,,,1,55,,39735,4,,,1,15,,39675,4,,,1,15,,39695,4,,,1,15,,39715,4,,,1,55,,39736,4,,,1,15,,39676,4,,,1,15,,39696,4,,,1,15,,39716,4,,,1,55,,39737,4,,,1,15,,39677,4,,,1,15,,39697,4,,,1,15,,39717,4,,,1,55,,39738,4,,,1,15,,39678,4,,,1,15,,39698,4,,,1,15,,39718,4,,,1,55,,39739,4,,,1,15,,39679,4,,,1,15,,39699,4,,,1,15,,39719,4,,,1,55,,39740,4,,,1,15,,39680,4,,,1
0,'20261217',511,,39801,4,,,1,15,,39741,4,,,1,20,,39781,4,,,1,55,,39802,4,,,1,15,,39742,4,,,1,15,,39762,4,,,1,15,,39782,4,,,1,55,,39803,4,,,1,15,,39743,4,,,1,15,,39763,4,,,1,15,,39783,4,,,1,55,,39804,4,,,1,15,,39744,4,,,1,15,,39764,4,,,1,15,,39784,4,,,1,55,,39805,4,,,1,15,,39745,4,,,1,15,,39765,4,,,1,15,,39785,4,,,1,55,,39806,4,,,1,15,,39746,4,,,1,15,,39766,4,,,1,15,,39786,4,,,1,55,,39807,4,,,1,15,,39747,4,,,1,15,,39767,4,,,1,15,,39787,4,,,1,55,,39808,4,,,1,15,,39748,4,,,1,15,,39768,4,,,1,15,,39788,4,,,1,55,,39809,4,,,1,15,,39749,4,,,1,15,,39769,4,,,1,15,,39789,4,,,1,55,,39810,4,,,1,15,,39750,4,,,1,15,,39770,4,,,1,15,,39790,4,,,1,55,,39811,4,,,1,15,,39751,4,,,1,15,,39771,4,,,1,15,,39791,4,,,1,55,,39812,4,,,1,15,,39752,4,,,1,15,,39772,4,,,1,15,,39792,4,,,1,55,,39813,4,,,1,15,,39753,4,,,1,15,,39773,4,,,1,15,,39793,4,,,1,55,,39814,4,,,1,15,,39754,4,,,1,15,,39774,4,,,1,15,,39794,4,,,1,55,,39815,4,,,1,15,,39755,4,,,1,15,,39775,4,,,1,15,,39795,4,,,1,55,,39816,4,,,1,15,,39756,4,,,1,15,,39776,4,,,1,15,,39796,4,,,1,55,,39817,4,,,1,15,,39757,4,,,1,15,,39777,4,,,1,15,,39797,4,,,1,55,,39818,4,,,1,15,,39758,4,,,1,15,,39778,4,,,1,15,,39798,4,,,1,55,,39819,4,,,1,15,,39759,4,,,1,15,,39779,4,,,1,15,,39799,4,,,1,55,,39820,4,,,1,15,,39760,4,,,1,15,,39780,4,,,1,15,,39800,4,,,1,55,,39821,4,,,1,15,,39761,4,,,1
0,'20261218',511,,39882,4,,,1,15,,39822,4,,,1,20,,39862,4,,,1,55,,39883,4,,,1,15,,39823,4,,,1,15,,39843,4,,,1,15,,39863,4,,,1,55,,39884,4,,,1,15,,39824,4,,,1,15,,39844,4,,,1,15,,39864,4,,,1,55,,39885,4,,,1,15,,39825,4,,,1,15,,39845,4,,,1,15,,39865,4,,,1,55,,39886,4,,,1,15,,39826,4,,,1,15,,39846,4,,,1,15,,39866,4,,,1,55,,39887,4,,,1,15,,39827,4,,,1,15,,39847,4,,,1,15,,39867,4,,,1,55,,39888,4,,,1,15,,39828,4,,,1,15,,39848,4,,,1,15,,39868,4,,,1,55,,39889,4,,,1,15,,39829,4,,,1,15,,39849,4,,,1,15,,39869,4,,,1,55,,39890,4,,,1,15,,39830,4,,,1,15,,39850,4,,,1,15,,39870,4,,,1,55,,39891,4,,,1,15,,39831,4,,,1,15,,39851,4,,,1,15,,39871,4,,,1,55,,39892,4,,,1,15,,39832,4,,,1,15,,39852,4,,,1,15,,39872,4,,,1,55,,39893,4,,,1,15,,39833,4,,,1,15,,39853,4,,,1,15,,39873,4,,,1,55,,39894,4,,,1,15,,39834,4,,,1,15,,39854,4,,,1,15,,39874,4,,,1,55,,39895,4,,,1,15,,39835,4,,,1,15,,39855,4,,,1,15,,39875,4,,,1,55,,39896,4,,,1,15,,39836,4,,,1,15,,39856,4,,,1,15,,39876,4,,,1,55,,39897,4,,,1,15,,39837,4,,,1,15,,39857,4,,,1,15,,39877,4,,,1,55,,39898,4,,,1,15,,39838,4,,,1,15,,39858,4,,,1,15,,39878,4,,,1,55,,39899,4,,,1,15,,39839,4,,,1,15,,39859,4,,,1,15,,39879,4,,,1,55,,39900,4,,,1,15,,39840,4,,,1,15,,39860,4,,,1,15,,39880,4,,,1,55,,39901,4,,,1,15,,39841,4,,,1,15,,39861,4,,,1,15,,39881,4,,,1,55,,39902,4,,,1,15,,39842,4,,,1
0,'20261219',616,,39903,4,,,1,15,,39923,4,,,1,15,,39942,4,,,1,55,,39961,4,,,1,15,,39904,4,,,1,15,,39924,4,,,1,15,,39943,4,,,1,55,,39962,4,,,1,15,,39905,4,,,1,15,,39925,4,,,1,15,,39944,4,,,1,55,,39963,4,,,1,15,,39906,4,,,1,15,,39926,4,,,1,15,,39945,4,,,1,55,,39964,4,,,1,15,,39907,4,,,1,15,,39927,4,,,1,15,,39946,4,,,1,55,,39965,4,,,1,15,,39908,4,,,1,15,,39928,4,,,1,15,,39947,4,,,1,55,,39966,4,,,1,15,,39909,4,,,1,15,,39929,4,,,1,15,,39948,4,,,1,55,,39967,4,,,1,15,,39910,4,,,1,15,,39930,4,,,1,15,,39949,4,,,1,55,,39968,4,,,1,15,,39911,4,,,1,15,,39931,4,,,1,15,,39950,4,,,1,55,,39969,4,,,1,15,,39912,4,,,1,15,,39932,4,,,1,15,,39951,4,,,1,55,,39970,4,,,1,15,,39913,4,,,1,15,,39933,4,,,1,15,,39952,4,,,1,55,,39971,4,,,1,15,,39914,4,,,1,15,,39934,4,,,1,15,,39953,4,,,1,55,,39972,4,,,1,15,,39915,4,,,1,15,,39935,4,,,1,15,,39954,4,,,1,55,,39973,4,,,1,15,,39916,4,,,1,15,,39936,4,,,1,15,,39955,4,,,1,55,,39974,4,,,1,15,,39917,4,,,1,15,,39937,4,,,1,15,,39956,4,,,1,55,,39975,4,,,1,15,,39918,4,,,1,15,,39938,4,,,1,15,,39957,4,,,1,55,,39976,4,,,1,15,,39919,4,,,1,15,,39939,4,,,1,15,,39958,4,,,1,55,,39977,4,,,1,15,,39920,4,,,1,15,,39940,4,,,1,15,,39959,4,,,1,55,,39978,4,,,1,15,,39921,4,,,1,15,,39941,4,,,1,15,,39960,4,,,1,55,,39979,4,,,1,15,,39922,4,,,1
0,'20261220',616,,39980,4,,,1,15,,40000,4,,,1,15,,40019,4,,,1,55,,40038,4,,,1,15,,39981,4,,,1,15,,40001,4,,,1,15,,40020,4,,,1,55,,40039,4,,,1,15,,39982,4,,,1,15,,40002,4,,,1,15,,40021,4,,,1,55,,40040,4,,,1,15,,39983,4,,,1,15,,40003,4,,,1,15,,40022,4,,,1,55,,40041,4,,,1,15,,39984,4,,,1,15,,40004,4,,,1,15,,40023,4,,,1,55,,40042,4,,,1,15,,39985,4,,,1,15,,40005,4,,,1,15,,40024,4,,,1,55,,40043,4,,,1,15,,39986,4,,,1,15,,40006,4,,,1,15,,40025,4,,,1,55,,40044,4,,,1,15,,39987,4,,,1,15,,40007,4,,,1,15,,40026,4,,,1,55,,40045,4,,,1,15,,39988,4,,,1,15,,40008,4,,,1,15,,40027,4,,,1,55,,40046,4,,,1,15,,39989,4,,,1,15,,40009,4,,,1,15,,40028,4,,,1,55,,40047,4,,,1,15,,39990,4,,,1,15,,40010,4,,,1,15,,40029,4,,,1,55,,40048,4,,,1,15,,39991,4,,,1,15,,40011,4,,,1,15,,40030,4,,,1,55,,40049,4,,,1,15,,39992,4,,,1,15,,40012,4,,,1,15,,40031,4,,,1,55,,40050,4,,,1,15,,39993,4,,,1,15,,40013,4,,,1,15,,40032,4,,,1,55,,40051,4,,,1,15,,39994,4,,,1,15,,40014,4,,,1,15,,40033,4,,,1,55,,40052,4,,,1,15,,39995,4,,,1,15,,40015,4,,,1,15,,40034,4,,,1,55,,40053,4,,,1,15,,39996,4,,,1,15,,40016,4,,,1,15,,40035,4,,,1,55,,40054,4,,,1,15,,39997,4,,,1,15,,40017,4,,,1,15,,40036,4,,,1,55,,40055,4,,,1,15,,39998,4,,,1,15,,40018,4,,,1,15,,40037,4,,,1,55,,40056,4,,,1,15,,39999,4,,,1
0,'20261221',616,,40057,4,,,1,15,,40077,4,,,1,15,,40096,4,,,1,55,,40115,4,,,1,15,,40058,4,,,1,15,,40078,4,,,1,15,,40097,4,,,1,55,,40116,4,,,1,15,,40059,4,,,1,15,,40079,4,,,1,15,,40098,4,,,1,55,,40117,4,,,1,15,,40060,4,,,1,15,,40080,4,,,1,15,,40099,4,,,1,55,,40118,4,,,1,15,,40061,4,,,1,15,,40081,4,,,1,15,,40100,4,,,1,55,,40119,4,,,1,15,,40062,4,,,1,15,,40082,4,,,1,15,,40101,4,,,1,55,,40120,4,,,1,15,,40063,4,,,1,15,,40083,4,,,1,15,,40102,4,,,1,55,,40121,4,,,1,15,,40064,4,,,1,15,,40084,4,,,1,15,,40103,4,,,1,55,,40122,4,,,1,15,,40065,4,,,1,15,,40085,4,,,1,15,,40104,4,,,1,55,,40123,4,,,1,15,,40066,4,,,1,15,,40086,4,,,1,15,,40105,4,,,1,55,,40124,4,,,1,15,,40067,4,,,1,15,,40087,4,,,1,15,,40106,4,,,1,55,,40125,4,,,1,15,,40068,4,,,1,15,,40088,4,,,1,15,,40107,4,,,1,55,,40126,4,,,1,15,,40069,4,,,1,15,,40089,4,,,1,15,,40108,4,,,1,55,,40127,4,,,1,15,,40070,4,,,1,15,,40090,4,,,1,15,,40109,4,,,1,55,,40128,4,,,1,15,,40071,4,,,1,15,,40091,4,,,1,15,,40110,4,,,1,55,,40129,4,,,1,15,,40072,4,,,1,15,,40092,4,,,1,15,,40111,4,,,1,55,,40130,4,,,1,15,,40073,4,,,1,15,,40093,4,,,1,15,,40112,4,,,1,55,,40131,4,,,1,15,,40074,4,,,1,15,,40094,4,,,1,15,,40113,4,,,1,55,,40132,4,,,1,15,,40075,4,,,1,15,,40095,4,,,1,15,,40114,4,,,1,55,,40133,4,,,1,15,,40076,4,,,1
0,'20261222',511,,40194,4,,,1,15,,40134,4,,,1,20,,40174,4,,,1,55,,40195,4,,,1,15,,40135,4,,,1,15,,40155,4,,,1,15,,40175,4,,,1,55,,40196,4,,,1,15,,40136,4,,,1,15,,40156,4,,,1,15,,40176,4,,,1,55,,40197,4,,,1,15,,40137,4,,,1,15,,40157,4,,,1,15,,40177,4,,,1,55,,40198,4,,,1,15,,40138,4,,,1,15,,40158,4,,,1,15,,40178,4,,,1,55,,40199,4,,,1,15,,40139,4,,,1,15,,40159,4,,,1,15,,40179,4,,,1,55,,40200,4,,,1,15,,40140,4,,,1,15,,40160,4,,,1,15,,40180,4,,,1,55,,40201,4,,,1,15,,40141,4,,,1,15,,40161,4,,,1,15,,40181,4,,,1,55,,40202,4,,,1,15,,40142,4,,,1,15,,40162,4,,,1,15,,40182,4,,,1,55,,40203,4,,,1,15,,40143,4,,,1,15,,40163,4,,,1,15,,40183,4,,,1,55,,40204,4,,,1,15,,40144,4,,,1,15,,40164,4,,,1,15,,40184,4,,,1,55,,40205,4,,,1,15,,40145,4,,,1,15,,40165,4,,,1,15,,40185,4,,,1,55,,40206,4,,,1,15,,40146,4,,,1,15,,40166,4,,,1,15,,40186,4,,,1,55,,40207,4,,,1,15,,40147,4,,,1,15,,40167,4,,,1,15,,40187,4,,,1,55,,40208,4,,,1,15,,40148,4,,,1,15,,40168,4,,,1,15,,40188,4,,,1,55,,40209,4,,,1,15,,40149,4,,,1,15,,40169,4,,,1,15,,40189,4,,,1,55,,40210,4,,,1,15,,40150,4,,,1,15,,40170,4,,,1,15,,40190,4,,,1,55,,40211,4,,,1,15,,40151,4,,,1,15,,40171,4,,,1,15,,40191,4,,,1,55,,40212,4,,,1,15,,40152,4,,,1,15,,40172,4,,,1,15,,40192,4,,,1,55,,40213,4,,,1,15,,40153,4,,,1,15,,40173,4,,,1,15,,40193,4,,,1,55,,40214,4,,,1,15,,40154,4,,,1
0,'20261223',511,,40275,4,,,1,15,,40215,4,,,1,20,,40255,4,,,1,55,,40276,4,,,1,15,,40216,4,,,1,15,,40236,4,,,1,15,,40256,4,,,1,55,,40277,4,,,1,15,,40217,4,,,1,15,,40237,4,,,1,15,,40257,4,,,1,55,,40278,4,,,1,15,,40218,4,,,1,15,,40238,4,,,1,15,,40258,4,,,1,55,,40279,4,,,1,15,,40219,4,,,1,15,,40239,4,,,1,15,,40259,4,,,1,55,,40280,4,,,1,15,,40220,4,,,1,15,,40240,4,,,1,15,,40260,4,,,1,55,,40281,4,,,1,15,,40221,4,,,1,15,,40241,4,,,1,15,,40261,4,,,1,55,,40282,4,,,1,15,,40222,4,,,1,15,,40242,4,,,1,15,,40262,4,,,1,55,,40283,4,,,1,15,,40223,4,,,1,15,,40243,4,,,1,15,,40263,4,,,1,55,,40284,4,,,1,15,,40224,4,,,1,15,,40244,4,,,1,15,,40264,4,,,1,55,,40285,4,,,1,15,,40225,4,,,1,15,,40245,4,,,1,15,,40265,4,,,1,55,,40286,4,,,1,15,,40226,4,,,1,15,,40246,4,,,1,15,,40266,4,,,1,55,,40287,4,,,1,15,,40227,4,,,1,15,,40247,4,,,1,15,,40267,4,,,1,55,,40288,4,,,1,15,,40228,4,,,1,15,,40248,4,,,1,15,,40268,4,,,1,55,,40289,4,,,1,15,,40229,4,,,1,15,,40249,4,,,1,15,,40269,4,,,1,55,,40290,4,,,1,15,,40230,4,,,1,15,,40250,4,,,1,15,,40270,4,,,1,55,,40291,4,,,1,15,,40231,4,,,1,15,,40251,4,,,1,15,,40271,4,,,1,55,,40292,4,,,1,15,,40232,4,,,1,15,,40252,4,,,1,15,,40272,4,,,1,55,,40293,4,,,1,15,,40233,4,,,1,15,,40253,4,,,1,15,,40273,4,,,1,55,,40294,4,,,1,15,,40234,4,,,1,15,,40254,4,,,1,15,,40274,4,,,1,55,,40295,4,,,1,15,,40235,4,,,1
0,'20261224',511,,40356,4,,,1,15,,40296,4,,,1,20,,40336,4,,,1,55,,40357,4,,,1,15,,40297,4,,,1,15,,40317,4,,,1,15,,40337,4,,,1,55,,40358,4,,,1,15,,40298,4,,,1,15,,40318,4,,,1,15,,40338,4,,,1,55,,40359,4,,,1,15,,40299,4,,,1,15,,40319,4,,,1,15,,40339,4,,,1,55,,40360,4,,,1,15,,40300,4,,,1,15,,40320,4,,,1,15,,40340,4,,,1,55,,40361,4,,,1,15,,40301,4,,,1,15,,40321,4,,,1,15,,40341,4,,,1,55,,40362,4,,,1,15,,40302,4,,,1,15,,40322,4,,,1,15,,40342,4,,,1,55,,40363,4,,,1,15,,40303,4,,,1,15,,40323,4,,,1,15,,40343,4,,,1,55,,40364,4,,,1,15,,40304,4,,,1,15,,40324,4,,,1,15,,40344,4,,,1,55,,40365,4,,,1,15,,40305,4,,,1,15,,40325,4,,,1,15,,40345,4,,,1,55,,40366,4,,,1,15,,40306,4,,,1,15,,40326,4,,,1,15,,40346,4,,,1,55,,40367,4,,,1,15,,40307,4,,,1,15,,40327,4,,,1,15,,40347,4,,,1,55,,40368,4,,,1,15,,40308,4,,,1,15,,40328,4,,,1,15,,40348,4,,,1,55,,40369,4,,,1,15,,40309,4,,,1,15,,40329,4,,,1,15,,40349,4,,,1,55,,40370,4,,,1,15,,40310,4,,,1,15,,40330,4,,,1,15,,40350,4,,,1,55,,40371,4,,,1,15,,40311,4,,,1,15,,40331,4,,,1,15,,40351,4,,,1,55,,40372,4,,,1,15,,40312,4,,,1,15,,40332,4,,,1,15,,40352,4,,,1,55,,40373,4,,,1,15,,40313,4,,,1,15,,40333,4,,,1,15,,40353,4,,,1,55,,40374,4,,,1,15,,40314,4,,,1,15,,40334,4,,,1,15,,40354,4,,,1,55,,40375,4,,,1,15,,40315,4,,,1,15,,40335,4,,,1,15,,40355,4,,,1,55,,40376,4,,,1,15,,40316,4,,,1
0,'20261225',511,,40437,4,,,1,15,,40377,4,,,1,20,,40417,4,,,1,55,,40438,4,,,1,15,,40378,4,,,1,15,,40398,4,,,1,15,,40418,4,,,1,55,,40439,4,,,1,15,,40379,4,,,1,15,,40399,4,,,1,15,,40419,4,,,1,55,,40440,4,,,1,15,,40380,4,,,1,15,,40400,4,,,1,15,,40420,4,,,1,55,,40441,4,,,1,15,,40381,4,,,1,15,,40401,4,,,1,15,,40421,4,,,1,55,,40442,4,,,1,15,,40382,4,,,1,15,,40402,4,,,1,15,,40422,4,,,1,55,,40443,4,,,1,15,,40383,4,,,1,15,,40403,4,,,1,15,,40423,4,,,1,55,,40444,4,,,1,15,,40384,4,,,1,15,,40404,4,,,1,15,,40424,4,,,1,55,,40445,4,,,1,15,,40385,4,,,1,15,,40405,4,,,1,15,,40425,4,,,1,55,,40446,4,,,1,15,,40386,4,,,1,15,,40406,4,,,1,15,,40426,4,,,1,55,,40447,4,,,1,15,,40387,4,,,1,15,,40407,4,,,1,15,,40427,4,,,1,55,,40448,4,,,1,15,,40388,4,,,1,15,,40408,4,,,1,15,,40428,4,,,1,55,,40449,4,,,1,15,,40389,4,,,1,15,,40409,4,,,1,15,,40429,4,,,1,55,,40450,4,,,1,15,,40390,4,,,1,15,,40410,4,,,1,15,,40430,4,,,1,55,,40451,4,,,1,15,,40391,4,,,1,15,,40411,4,,,1,15,,40431,4,,,1,55,,40452,4,,,1,15,,40392,4,,,1,15,,40412,4,,,1,15,,40432,4,,,1,55,,40453,4,,,1,15,,40393,4,,,1,15,,40413,4,,,1,15,,40433,4,,,1,55,,40454,4,,,1,15,,40394,4,,,1,15,,40414,4,,,1,15,,40434,4,,,1,55,,40455,4,,,1,15,,40395,4,,,1,15,,40415,4,,,1,15,,40435,4,,,1,55,,40456,4,,,1,15,,40396,4,,,1,15,,40416,4,,,1,15,,40436,4,,,1,55,,40457,4,,,1,15,,40397,4,,,1
0,'20261226',616,,40458,4,,,1,15,,40478,4,,,1,15,,40497,4,,,1,55,,40516,4,,,1,15,,40459,4,,,1,15,,40479,4,,,1,15,,40498,4,,,1,55,,40517,4,,,1,15,,40460,4,,,1,15,,40480,4,,,1,15,,40499,4,,,1,55,,40518,4,,,1,15,,40461,4,,,1,15,,40481,4,,,1,15,,40500,4,,,1,55,,40519,4,,,1,15,,40462,4,,,1,15,,40482,4,,,1,15,,40501,4,,,1,55,,40520,4,,,1,15,,40463,4,,,1,15,,40483,4,,,1,15,,40502,4,,,1,55,,40521,4,,,1,15,,40464,4,,,1,15,,40484,4,,,1,15,,40503,4,,,1,55,,40522,4,,,1,15,,40465,4,,,1,15,,40485,4,,,1,15,,40504,4,,,1,55,,40523,4,,,1,15,,40466,4,,,1,15,,40486,4,,,1,15,,40505,4,,,1,55,,40524,4,,,1,15,,40467,4,,,1,15,,40487,4,,,1,15,,40506,4,,,1,55,,40525,4,,,1,15,,40468,4,,,1,15,,40488,4,,,1,15,,40507,4,,,1,55,,40526,4,,,1,15,,40469,4,,,1,15,,40489,4,,,1,15,,40508,4,,,1,55,,40527,4,,,1,15,,40470,4,,,1,15,,40490,4,,,1,15,,40509,4,,,1,55,,40528,4,,,1,15,,40471,4,,,1,15,,40491,4,,,1,15,,40510,4,,,1,55,,40529,4,,,1,15,,40472,4,,,1,15,,40492,4,,,1,15,,40511,4,,,1,55,,40530,4,,,1,15,,40473,4,,,1,15,,40493,4,,,1,15,,40512,4,,,1,55,,40531,4,,,1,15,,40474,4,,,1,15,,40494,4,,,1,15,,40513,4,,,1,55,,40532,4,,,1,15,,40475,4,,,1,15,,40495,4,,,1,15,,40514,4,,,1,55,,40533,4,,,1,15,,40476,4,,,1,15,,40496,4,,,1,15,,40515,4,,,1,55,,40534,4,,,1,15,,40477,4,,,1
0,'20261227',616,,40535,4,,,1,15,,40555,4,,,1,15,,40574,4,,,1,55,,40593,4,,,1,15,,40536,4,,,1,15,,40556,4,,,1,15,,40575,4,,,1,55,,40594,4,,,1,15,,40537,4,,,1,15,,40557,4,,,1,15,,40576,4,,,1,55,,40595,4,,,1,15,,40538,4,,,1,15,,40558,4,,,1,15,,40577,4,,,1,55,,40596,4,,,1,15,,40539,4,,,1,15,,40559,4,,,1,15,,40578,4,,,1,55,,40597,4,,,1,15,,40540,4,,,1,15,,40560,4,,,1,15,,40579,4,,,1,55,,40598,4,,,1,15,,40541,4,,,1,15,,40561,4,,,1,15,,40580,4,,,1,55,,40599,4,,,1,15,,40542,4,,,1,15,,40562,4,,,1,15,,40581,4,,,1,55,,40600,4,,,1,15,,40543,4,,,1,15,,40563,4,,,1,15,,40582,4,,,1,55,,40601,4,,,1,15,,40544,4,,,1,15,,40564,4,,,1,15,,40583,4,,,1,55,,40602,4,,,1,15,,40545,4,,,1,15,,40565,4,,,1,15,,40584,4,,,1,55,,40603,4,,,1,15,,40546,4,,,1,15,,40566,4,,,1,15,,40585,4,,,1,55,,40604,4,,,1,15,,40547,4,,,1,15,,40567,4,,,1,15,,40586,4,,,1,55,,40605,4,,,1,15,,40548,4,,,1,15,,40568,4,,,1,15,,40587,4,,,1,55,,40606,4,,,1,15,,40549,4,,,1,15,,40569,4,,,1,15,,40588,4,,,1,55,,40607,4,,,1,15,,40550,4,,,1,15,,40570,4,,,1,15,,40589,4,,,1,55,,40608,4,,,1,15,,40551,4,,,1,15,,40571,4,,,1,15,,40590,4,,,1,55,,40609,4,,,1,15,,40552,4,,,1,15,,40572,4,,,1,15,,40591,4,,,1,55,,40610,4,,,1,15,,40553,4,,,1,15,,40573,4,,,1,15,,40592,4,,,1,55,,40611,4,,,1,15,,40554,4,,,1
0,'20261228',616,,40612,4,,,1,15,,40632,4,,,1,15,,40651,4,,,1,55,,40670,4,,,1,15,,40613,4,,,1,15,,40633,4,,,1,15,,40652,4,,,1,55,,40671,4,,,1,15,,40614,4,,,1,15,,40634,4,,,1,15,,40653,4,,,1,55,,40672,4,,,1,15,,40615,4,,,1,15,,40635,4,,,1,15,,40654,4,,,1,55,,40673,4,,,1,15,,40616,4,,,1,15,,40636,4,,,1,15,,40655,4,,,1,55,,40674,4,,,1,15,,40617,4,,,1,15,,40637,4,,,1,15,,40656,4,,,1,55,,40675,4,,,1,15,,40618,4,,,1,15,,40638,4,,,1,15,,40657,4,,,1,55,,40676,4,,,1,15,,40619,4,,,1,15,,40639,4,,,1,15,,40658,4,,,1,55,,40677,4,,,1,15,,40620,4,,,1,15,,40640,4,,,1,15,,40659,4,,,1,55,,40678,4,,,1,15,,40621,4,,,1,15,,40641,4,,,1,15,,40660,4,,,1,55,,40679,4,,,1,15,,40622,4,,,1,15,,40642,4,,,1,15,,40661,4,,,1,55,,40680,4,,,1,15,,40623,4,,,1,15,,40643,4,,,1,15,,40662,4,,,1,55,,40681,4,,,1,15,,40624,4,,,1,15,,40644,4,,,1,15,,40663,4,,,1,55,,40682,4,,,1,15,,40625,4,,,1,15,,40645,4,,,1,15,,40664,4,,,1,55,,40683,4,,,1,15,,40626,4,,,1,15,,40646,4,,,1,15,,40665,4,,,1,55,,40684,4,,,1,15,,40627,4,,,1,15,,40647,4,,,1,15,,40666,4,,,1,55,,40685,4,,,1,15,,40628,4,,,1,15,,40648,4,,,1,15,,40667,4,,,1,55,,40686,4,,,1,15,,40629,4,,,1,15,,40649,4,,,1,15,,40668,4,,,1,55,,40687,4,,,1,15,,40630,4,,,1,15,,40650,4,,,1,15,,40669,4,,,1,55,,40688,4,,,1,15,,40631,4,,,1
0,'20261229',511,,40749,4,,,1,15,,40689,4,,,1,20,,40729,4,,,1,55,,40750,4,,,1,15,,40690,4,,,1,15,,40710,4,,,1,15,,40730,4,,,1,55,,40751,4,,,1,15,,40691,4,,,1,15,,40711,4,,,1,15,,40731,4,,,1,55,,40752,4,,,1,15,,40692,4,,,1,15,,40712,4,,,1,15,,40732,4,,,1,55,,40753,4,,,1,15,,40693,4,,,1,15,,40713,4,,,1,15,,40733,4,,,1,55,,40754,4,,,1,15,,40694,4,,,1,15,,40714,4,,,1,15,,40734,4,,,1,55,,40755,4,,,1,15,,40695,4,,,1,15,,40715,4,,,1,15,,40735,4,,,1,55,,40756,4,,,1,15,,40696,4,,,1,15,,40716,4,,,1,15,,40736,4,,,1,55,,40757,4,,,1,15,,40697,4,,,1,15,,40717,4,,,1,15,,40737,4,,,1,55,,40758,4,,,1,15,,40698,4,,,1,15,,40718,4,,,1,15,,40738,4,,,1,55,,40759,4,,,1,15,,40699,4,,,1,15,,40719,4,,,1,15,,40739,4,,,1,55,,40760,4,,,1,15,,40700,4,,,1,15,,40720,4,,,1,15,,40740,4,,,1,55,,40761,4,,,1,15,,40701,4,,,1,15,,40721,4,,,1,15,,40741,4,,,1,55,,40762,4,,,1,15,,40702,4,,,1,15,,40722,4,,,1,15,,40742,4,,,1,55,,40763,4,,,1,15,,40703,4,,,1,15,,40723,4,,,1,15,,40743,4,,,1,55,,40764,4,,,1,15,,40704,4,,,1,15,,40724,4,,,1,15,,40744,4,,,1,55,,40765,4,,,1,15,,40705,4,,,1,15,,40725,4,,,1,15,,40745,4,,,1,55,,40766,4,,,1,15,,40706,4,,,1,15,,40726,4,,,1,15,,40746,4,,,1,55,,40767,4,,,1,15,,40707,4,,,1,15,,40727,4,,,1,15,,40747,4,,,1,55,,40768,4,,,1,15,,40708,4,,,1,15,,40728,4,,,1,15,,40748,4,,,1,55,,40769,4,,,1,15,,40709,4,,,1
0,'20261230',511,,40830,4,,,1,15,,40770,4,,,1,20,,40810,4,,,1,55,,40831,4,,,1,15,,40771,4,,,1,15,,40791,4,,,1,15,,40811,4,,,1,55,,40832,4,,,1,15,,40772,4,,,1,15,,40792,4,,,1,15,,40812,4,,,1,55,,40833,4,,,1,15,,40773,4,,,1,15,,40793,4,,,1,15,,40813,4,,,1,55,,40834,4,,,1,15,,40774,4,,,1,15,,40794,4,,,1,15,,40814,4,,,1,55,,40835,4,,,1,15,,40775,4,,,1,15,,40795,4,,,1,15,,40815,4,,,1,55,,40836,4,,,1,15,,40776,4,,,1,15,,40796,4,,,1,15,,40816,4,,,1,55,,40837,4,,,1,15,,40777,4,,,1,15,,40797,4,,,1,15,,40817,4,,,1,55,,40838,4,,,1,15,,40778,4,,,1,15,,40798,4,,,1,15,,40818,4,,,1,55,,40839,4,,,1,15,,40779,4,,,1,15,,40799,4,,,1,15,,40819,4,,,1,55,,40840,4,,,1,15,,40780,4,,,1,15,,40800,4,,,1,15,,40820,4,,,1,55,,40841,4,,,1,15,,40781,4,,,1,15,,40801,4,,,1,15,,40821,4,,,1,55,,40842,4,,,1,15,,40782,4,,,1,15,,40802,4,,,1,15,,40822,4,,,1,55,,40843,4,,,1,15,,40783,4,,,1,15,,40803,4,,,1,15,,40823,4,,,1,55,,40844,4,,,1,15,,40784,4,,,1,15,,40804,4,,,1,15,,40824,4,,,1,55,,40845,4,,,1,15,,40785,4,,,1,15,,40805,4,,,1,15,,40825,4,,,1,55,,40846,4,,,1,15,,40786,4,,,1,15,,40806,4,,,1,15,,40826,4,,,1,55,,40847,4,,,1,15,,40787,4,,,1,15,,40807,4,,,1,15,,40827,4,,,1,55,,40848,4,,,1,15,,40788,4,,,1,15,,40808,4,,,1,15,,40828,4,,,1,55,,40849,4,,,1,15,,40789,4,,,1,15,,40809,4,,,1,15,,40829,4,,,1,55,,40850,4,,,1,15,,40790,4,,,1
0,'20261231',511,,40911,4,,,1,15,,40851,4,,,1,20,,40891,4,,,1,55,,40912,4,,,1,15,,40852,4,,,1,15,,40872,4,,,1,15,,40892,4,,,1,55,,40913,4,,,1,15,,40853,4,,,1,15,,40873,4,,,1,15,,40893,4,,,1,55,,40914,4,,,1,15,,40854,4,,,1,15,,40874,4,,,1,15,,40894,4,,,1,55,,40915,4,,,1,15,,40855,4,,,1,15,,40875,4,,,1,15,,40895,4,,,1,55,,40916,4,,,1,15,,40856,4,,,1,15,,40876,4,,,1,15,,40896,4,,,1,55,,40917,4,,,1,15,,40857,4,,,1,15,,40877,4,,,1,15,,40897,4,,,1,55,,40918,4,,,1,15,,40858,4,,,1,15,,40878,4,,,1,15,,40898,4,,,1,55,,40919,4,,,1,15,,40859,4,,,1,15,,40879,4,,,1,15,,40899,4,,,1,55,,40920,4,,,1,15,,40860,4,,,1,15,,40880,4,,,1,15,,40900,4,,,1,55,,40921,4,,,1,15,,40861,4,,,1,15,,40881,4,,,1,15,,40901,4,,,1,55,,40922,4,,,1,15,,40862,4,,,1,15,,40882,4,,,1,15,,40902,4,,,1,55,,40923,4,,,1,15,,40863,4,,,1,15,,40883,4,,,1,15,,40903,4,,,1,55,,40924,4,,,1,15,,40864,4,,,1,15,,40884,4,,,1,15,,40904,4,,,1,55,,40925,4,,,1,15,,40865,4,,,1,15,,40885,4,,,1,15,,40905,4,,,1,55,,40926,4,,,1,15,,40866,4,,,1,15,,40886,4,,,1,15,,40906,4,,,1,55,,40927,4,,,1,15,,40867,4,,,1,15,,40887,4,,,1,15,,40907,4,,,1,55,,40928,4,,,1,15,,40868,4,,,1,15,,40888,4,,,1,15,,40908,4,,,1,55,,40929,4,,,1,15,,40869,4,,,1,15,,40889,4,,,1,15,,40909,4,,,1,55,,40930,4,,,1,15,,40870,4,,,1,15,,40890,4,,,1,15,,40910,4,,,1,55,,40931,4,,,1,15,,40871,4,,,1
0,'20270101',511,,40992,4,,,1,15,,40932,4,,,1,20,,40972,4,,,1,55,,40993,4,,,1,15,,40933,4,,,1,15,,40953,4,,,1,15,,40973,4,,,1,55,,40994,4,,,1,15,,40934,4,,,1,15,,40954,4,,,1,15,,40974,4,,,1,55,,40995,4,,,1,15,,40935,4,,,1,15,,40955,4,,,1,15,,40975,4,,,1,55,,40996,4,,,1,15,,40936,4,,,1,15,,40956,4,,,1,15,,40976,4,,,1,55,,40997,4,,,1,15,,40937,4,,,1,15,,40957,4,,,1,15,,40977,4,,,1,55,,40998,4,,,1,15,,40938,4,,,1,15,,40958,4,,,1,15,,40978,4,,,1,55,,40999,4,,,1,15,,40939,4,,,1,15,,40959,4,,,1,15,,40979,4,,,1,55,,41000,4,,,1,15,,40940,4,,,1,15,,40960,4,,,1,15,,40980,4,,,1,55,,41001,4,,,1,15,,40941,4,,,1,15,,40961,4,,,1,15,,40981,4,,,1,55,,41002,4,,,1,15,,40942,4,,,1,15,,40962,4,,,1,15,,40982,4,,,1,55,,41003,4,,,1,15,,40943,4,,,1,15,,40963,4,,,1,15,,40983,4,,,1,55,,41004,4,,,1,15,,40944,4,,,1,15,,40964,4,,,1,15,,40984,4,,,1,55,,41005,4,,,1,15,,40945,4,,,1,15,,40965,4,,,1,15,,40985,4,,,1,55,,41006,4,,,1,15,,40946,4,,,1,15,,40966,4,,,1,15,,40986,4,,,1,55,,41007,4,,,1,15,,40947,4,,,1,15,,40967,4,,,1,15,,40987,4,,,1,55,,41008,4,,,1,15,,40948,4,,,1,15,,40968,4,,,1,15,,40988,4,,,1,55,,41009,4,,,1,15,,40949,4,,,1,15,,40969,4,,,1,15,,40989,4,,,1,55,,41010,4,,,1,15,,40950,4,,,1,15,,40970,4,,,1,15,,40990,4,,,1,55,,41011,4,,,1,15,,40951,4,,,1,15,,40971,4,,,1,15,,40991,4,,,1,55,,41012,4,,,1,15,,40952,4,,,1
0,'20270102',616,,41013,4,,,1,15,,41033,4,,,1,15,,41052,4,,,1,55,,41071,4,,,1,15,,41014,4,,,1,15,,41034,4,,,1,15,,41053,4,,,1,55,,41072,4,,,1,15,,41015,4,,,1,15,,41035,4,,,1,15,,41054,4,,,1,55,,41073,4,,,1,15,,41016,4,,,1,15,,41036,4,,,1,15,,41055,4,,,1,55,,41074,4,,,1,15,,41017,4,,,1,15,,41037,4,,,1,15,,41056,4,,,1,55,,41075,4,,,1,15,,41018,4,,,1,15,,41038,4,,,1,15,,41057,4,,,1,55,,41076,4,,,1,15,,41019,4,,,1,15,,41039,4,,,1,15,,41058,4,,,1,55,,41077,4,,,1,15,,41020,4,,,1,15,,41040,4,,,1,15,,41059,4,,,1,55,,41078,4,,,1,15,,41021,4,,,1,15,,41041,4,,,1,15,,41060,4,,,1,55,,41079,4,,,1,15,,41022,4,,,1,15,,41042,4,,,1,15,,41061,4,,,1,55,,41080,4,,,1,15,,41023,4,,,1,15,,41043,4,,,1,15,,41062,4,,,1,55,,41081,4,,,1,15,,41024,4,,,1,15,,41044,4,,,1,15,,41063,4,,,1,55,,41082,4,,,1,15,,41025,4,,,1,15,,41045,4,,,1,15,,41064,4,,,1,55,,41083,4,,,1,15,,41026,4,,,1,15,,41046,4,,,1,15,,41065,4,,,1,55,,41084,4,,,1,15,,41027,4,,,1,15,,41047,4,,,1,15,,41066,4,,,1,55,,41085,4,,,1,15,,41028,4,,,1,15,,41048,4,,,1,15,,41067,4,,,1,55,,41086,4,,,1,15,,41029,4,,,1,15,,41049,4,,,1,15,,41068,4,,,1,55,,41087,4,,,1,15,,41030,4,,,1,15,,41050,4,,,1,15,,41069,4,,,1,55,,41088,4,,,1,15,,41031,4,,,1,15,,41051,4,,,1,15,,41070,4,,,1,55,,41089,4,,,1,15,,41032,4,,,1
0,'20270103',616,,41090,4,,,1,15,,41110,4,,,1,15,,41129,4,,,1,55,,41148,4,,,1,15,,41091,4,,,1,15,,41111,4,,,1,15,,41130,4,,,1,55,,41149,4,,,1,15,,41092,4,,,1,15,,41112,4,,,1,15,,41131,4,,,1,55,,41150,4,,,1,15,,41093,4,,,1,15,,41113,4,,,1,15,,41132,4,,,1,55,,41151,4,,,1,15,,41094,4,,,1,15,,41114,4,,,1,15,,41133,4,,,1,55,,41152,4,,,1,15,,41095,4,,,1,15,,41115,4,,,1,15,,41134,4,,,1,55,,41153,4,,,1,15,,41096,4,,,1,15,,41116,4,,,1,15,,41135,4,,,1,55,,41154,4,,,1,15,,41097,4,,,1,15,,41117,4,,,1,15,,41136,4,,,1,55,,41155,4,,,1,15,,41098,4,,,1,15,,41118,4,,,1,15,,41137,4,,,1,55,,41156,4,,,1,15,,41099,4,,,1,15,,41119,4,,,1,15,,41138,4,,,1,55,,41157,4,,,1,15,,41100,4,,,1,15,,41120,4,,,1,15,,41139,4,,,1,55,,41158,4,,,1,15,,41101,4,,,1,15,,41121,4,,,1,15,,41140,4,,,1,55,,41159,4,,,1,15,,41102,4,,,1,15,,41122,4,,,1,15,,41141,4,,,1,55,,41160,4,,,1,15,,41103,4,,,1,15,,41123,4,,,1,15,,41142,4,,,1,55,,41161,4,,,1,15,,41104,4,,,1,15,,41124,4,,,1,15,,41143,4,,,1,55,,41162,4,,,1,15,,41105,4,,,1,15,,41125,4,,,1,15,,41144,4,,,1,55,,41163,4,,,1,15,,41106,4,,,1,15,,41126,4,,,1,15,,41145,4,,,1,55,,41164,4,,,1,15,,41107,4,,,1,15,,41127,4,,,1,15,,41146,4,,,1,55,,41165,4,,,1,15,,41108,4,,,1,15,,41128,4,,,1,15,,41147,4,,,1,55,,41166,4,,,1,15,,41109,4,,,1
1,'20260727',539,,41226,2,,,1,15,,41167,2,,,1,52,,41187,2,,,1,15,,41207,2,,,1,15,,41227,2,,,1,15,,41168,2,,,1,55,,41188,2,,,1,15,,41208,2,,,1,15,,41228,2,,,1,15,,41169,2,,,1,55,,41189,2,,,1,15,,41209,2,,,1,15,,41229,2,,,1,15,,41170,2,,,1,55,,41190,2,,,1,15,,41210,2,,,1,15,,41230,2,,,1,15,,41171,2,,,1,55,,41191,2,,,1,15,,41211,2,,,1,15,,41231,2,,,1,15,,41172,2,,,1,55,,41192,2,,,1,15,,41212,2,,,1,15,,41232,2,,,1,15,,41173,2,,,1,55,,41193,2,,,1,15,,41213,2,,,1,15,,41233,2,,,1,15,,41174,2,,,1,55,,41194,2,,,1,15,,41214,2,,,1,15,,41234,2,,,1,15,,41175,2,,,1,55,,41195,2,,,1,15,,41215,2,,,1,15,,41235,2,,,1,15,,41176,2,,,1,55,,41196,2,,,1,15,,41216,2,,,1,15,,41236,2,,,1,15,,41177,2,,,1,55,,41197,2,,,1,15,,41217,2,,,1,15,,41237,2,,,1,15,,41178,2,,,1,55,,41198,2,,,1,15,,41218,2,,,1,15,,41238,2,,,1,15,,41179,2,,,1,55,,41199,2,,,1,15,,41219,2,,,1,15,,41239,2,,,1,15,,41180,2,,,1,55,,41200,2,,,1,15,,41220,2,,,1,15,,41240,2,,,1,15,,41181,2,,,1,55,,41201,2,,,1,15,,41221,2,,,1,15,,41241,2,,,1,15,,41182,2,,,1,55,,41202,2,,,1,15,,41222,2,,,1,15,,41242,2,,,1,15,,41183,2,,,1,55,,41203,2,,,1,15,,41223,2,,,1,15,,41243,2,,,1,15,,41184,2,,,1,55,,41204,2,,,1,15,,41224,2,,,1,15,,41244,2,,,1,15,,41185,2,,,1,55,,41205,2,,,1,15,,41225,2,,,1,15,,41245,2,,,1,15,,41186,2,,,1,55,,41206,2,,,1
1,'20260728',539,,41305,2,,,1,15,,41246,2,,,1,52,,41266,2,,,1,15,,41286,2,,,1,15,,41306,2,,,1,15,,41247,2,,,1,55,,41267,2,,,1,15,,41287,2,,,1,15,,41307,2,,,1,15,,41248,2,,,1,55,,41268,2,,,1,15,,41288,2,,,1,15,,41308,2,,,1,15,,41249,2,,,1,55,,41269,2,,,1,15,,41289,2,,,1,15,,41309,2,,,1,15,,41250,2,,,1,55,,41270,2,,,1,15,,41290,2,,,1,15,,41310,2,,,1,15,,41251,2,,,1,55,,41271,2,,,1,15,,41291,2,,,1,15,,41311,2,,,1,15,,41252,2,,,1,55,,41272,2,,,1,15,,41292,2,,,1,15,,41312,2,,,1,15,,41253,2,,,1,55,,41273,2,,,1,15,,41293,2,,,1,15,,41313,2,,,1,15,,41254,2,,,1,55,,41274,2,,,1,15,,41294,2,,,1,15,,41314,2,,,1,15,,41255,2,,,1,55,,41275,2,,,1,15,,41295,2,,,1,15,,41315,2,,,1,15,,41256,2,,,1,55,,41276,2,,,1,15,,41296,2,,,1,15,,41316,2,,,1,15,,41257,2,,,1,55,,41277,2,,,1,15,,41297,2,,,1,15,,41317,2,,,1,15,,41258,2,,,1,55,,41278,2,,,1,15,,41298,2,,,1,15,,41318,2,,,1,15,,41259,2,,,1,55,,41279,2,,,1,15,,41299,2,,,1,15,,41319,2,,,1,15,,41260,2,,,1,55,,41280,2,,,1,15,,41300,2,,,1,15,,41320,2,,,1,15,,41261,2,,,1,55,,41281,2,,,1,15,,41301,2,,,1,15,,41321,2,,,1,15,,41262,2,,,1,55,,41282,2,,,1,15,,41302,2,,,1,15,,41322,2,,,1,15,,41263,2,,,1,55,,41283,2,,,1,15,,41303,2,,,1,15,,41323,2,,,1,15,,41264,2,,,1,55,,41284,2,,,1,15,,41304,2,,,1,15,,41324,2,,,1,15,,41265,2,,,1,55,,41285,2,,,1
1,'20260729',539,,41384,2,,,1,15,,41325,2,,,1,52,,41345,2,,,1,15,,41365,2,,,1,15,,41385,2,,,1,15,,41326,2,,,1,55,,41346,2,,,1,15,,41366,2,,,1,15,,41386,2,,,1,15,,41327,2,,,1,55,,41347,2,,,1,15,,41367,2,,,1,15,,41387,2,,,1,15,,41328,2,,,1,55,,41348,2,,,1,15,,41368,2,,,1,15,,41388,2,,,1,15,,41329,2,,,1,55,,41349,2,,,1,15,,41369,2,,,1,15,,41389,2,,,1,15,,41330,2,,,1,55,,41350,2,,,1,15,,41370,2,,,1,15,,41390,2,,,1,15,,41331,2,,,1,55,,41351,2,,,1,15,,41371,2,,,1,15,,41391,2,,,1,15,,41332,2,,,1,55,,41352,2,,,1,15,,41372,2,,,1,15,,41392,2,,,1,15,,41333,2,,,1,55,,41353,2,,,1,15,,41373,2,,,1,15,,41393,2,,,1,15,,41334,2,,,1,55,,41354,2,,,1,15,,41374,2,,,1,15,,41394,2,,,1,15,,41335,2,,,1,55,,41355,2,,,1,15,,41375,2,,,1,15,,41395,2,,,1,15,,41336,2,,,1,55,,41356,2,,,1,15,,41376,2,,,1,15,,41396,2,,,1,15,,41337,2,,,1,55,,41357,2,,,1,15,,41377,2,,,1,15,,41397,2,,,1,15,,41338,2,,,1,55,,41358,2,,,1,15,,41378,2,,,1,15,,41398,2,,,1,15,,41339,2,,,1,55,,41359,2,,,1,15,,41379,2,,,1,15,,41399,2,,,1,15,,41340,2,,,1,55,,41360,2,,,1,15,,41380,2,,,1,15,,41400,2,,,1,15,,41341,2,,,1,55,,41361,2,,,1,15,,41381,2,,,1,15,,41401,2,,,1,15,,41342,2,,,1,55,,41362,2,,,1,15,,41382,2,,,1,15,,41402,2,,,1,15,,41343,2,,,1,55,,41363,2,,,1,15,,41383,2,,,1,15,,41403,2,,,1,15,,41344,2,,,1,55,,41364,2,,,1
1,'20260730',539,,41463,2,,,1,15,,41404,2,,,1,52,,41424,2,,,1,15,,41444,2,,,1,15,,41464,2,,,1,15,,41405,2,,,1,55,,41425,2,,,1,15,,41445,2,,,1,15,,41465,2,,,1,15,,41406,2,,,1,55,,41426,2,,,1,15,,41446,2,,,1,15,,41466,2,,,1,15,,41407,2,,,1,55,,41427,2,,,1,15,,41447,2,,,1,15,,41467,2,,,1,15,,41408,2,,,1,55,,41428,2,,,1,15,,41448,2,,,1,15,,41468,2,,,1,15,,41409,2,,,1,55,,41429,2,,,1,15,,41449,2,,,1,15,,41469,2,,,1,15,,41410,2,,,1,55,,41430,2,,,1,15,,41450,2,,,1,15,,41470,2,,,1,15,,41411,2,,,1,55,,41431,2,,,1,15,,41451,2,,,1,15,,41471,2,,,1,15,,41412,2,,,1,55,,41432,2,,,1,15,,41452,2,,,1,15,,41472,2,,,1,15,,41413,2,,,1,55,,41433,2,,,1,15,,41453,2,,,1,15,,41473,2,,,1,15,,41414,2,,,1,55,,41434,2,,,1,15,,41454,2,,,1,15,,41474,2,,,1,15,,41415,2,,,1,55,,41435,2,,,1,15,,41455,2,,,1,15,,41475,2,,,1,15,,41416,2,,,1,55,,41436,2,,,1,15,,41456,2,,,1,15,,41476,2,,,1,15,,41417,2,,,1,55,,41437,2,,,1,15,,41457,2,,,1,15,,41477,2,,,1,15,,41418,2,,,1,55,,41438,2,,,1,15,,41458,2,,,1,15,,41478,2,,,1,15,,41419,2,,,1,55,,41439,2,,,1,15,,41459,2,,,1,15,,41479,2,,,1,15,,41420,2,,,1,55,,41440,2,,,1,15,,41460,2,,,1,15,,41480,2,,,1,15,,41421,2,,,1,55,,41441,2,,,1,15,,41461,2,,,1,15,,41481,2,,,1,15,,41422,2,,,1,55,,41442,2,,,1,15,,41462,2,,,1,15,,41482,2,,,1,15,,41423,2,,,1,55,,41443,2,,,1
1,'20260731',539,,41542,2,,,1,15,,41483,2,,,1,52,,41503,2,,,1,15,,41523,2,,,1,15,,41543,2,,,1,15,,41484,2,,,1,55,,41504,2,,,1,15,,41524,2,,,1,15,,41544,2,,,1,15,,41485,2,,,1,55,,41505,2,,,1,15,,41525,2,,,1,15,,41545,2,,,1,15,,41486,2,,,1,55,,41506,2,,,1,15,,41526,2,,,1,15,,41546,2,,,1,15,,41487,2,,,1,55,,41507,2,,,1,15,,41527,2,,,1,15,,41547,2,,,1,15,,41488,2,,,1,55,,41508,2,,,1,15,,41528,2,,,1,15,,41548,2,,,1,15,,41489,2,,,1,55,,41509,2,,,1,15,,41529,2,,,1,15,,41549,2,,,1,15,,41490,2,,,1,55,,41510,2,,,1,15,,41530,2,,,1,15,,41550,2,,,1,15,,41491,2,,,1,55,,41511,2,,,1,15,,41531,2,,,1,15,,41551,2,,,1,15,,41492,2,,,1,55,,41512,2,,,1,15,,41532,2,,,1,15,,41552,2,,,1,15,,41493,2,,,1,55,,41513,2,,,1,15,,41533,2,,,1,15,,41553,2,,,1,15,,41494,2,,,1,55,,41514,2,,,1,15,,41534,2,,,1,15,,41554,2,,,1,15,,41495,2,,,1,55,,41515,2,,,1,15,,41535,2,,,1,15,,41555,2,,,1,15,,41496,2,,,1,55,,41516,2,,,1,15,,41536,2,,,1,15,,41556,2,,,1,15,,41497,2,,,1,55,,41517,2,,,1,15,,41537,2,,,1,15,,41557,2,,,1,15,,41498,2,,,1,55,,41518,2,,,1,15,,41538,2,,,1,15,,41558,2,,,1,15,,41499,2,,,1,55,,41519,2,,,1,15,,41539,2,,,1,15,,41559,2,,,1,15,,41500,2,,,1,55,,41520,2,,,1,15,,41540,2,,,1,15,,41560,2,,,1,15,,41501,2,,,1,55,,41521,2,,,1,15,,41541,2,,,1,15,,41561,2,,,1,15,,41502,2,,,1,55,,41522,2,,,1
1,'20260801',636,,41618,2,,,1,15,,41562,2,,,1,55,,41581,2,,,1,15,,41600,2,,,1,15,,41619,2,,,1,15,,41563,2,,,1,55,,41582,2,,,1,15,,41601,2,,,1,15,,41620,2,,,1,15,,41564,2,,,1,55,,41583,2,,,1,15,,41602,2,,,1,15,,41621,2,,,1,15,,41565,2,,,1,55,,41584,2,,,1,15,,41603,2,,,1,15,,41622,2,,,1,15,,41566,2,,,1,55,,41585,2,,,1,15,,41604,2,,,1,15,,41623,2,,,1,15,,41567,2,,,1,55,,41586,2,,,1,15,,41605,2,,,1,15,,41624,2,,,1,15,,41568,2,,,1,55,,41587,2,,,1,15,,41606,2,,,1,15,,41625,2,,,1,15,,41569,2,,,1,55,,41588,2,,,1,15,,41607,2,,,1,15,,41626,2,,,1,15,,41570,2,,,1,55,,41589,2,,,1,15,,41608,2,,,1,15,,41627,2,,,1,15,,41571,2,,,1,55,,41590,2,,,1,15,,41609,2,,,1,15,,41628,2,,,1,15,,41572,2,,,1,55,,41591,2,,,1,15,,41610,2,,,1,15,,41629,2,,,1,15,,41573,2,,,1,55,,41592,2,,,1,15,,41611,2,,,1,15,,41630,2,,,1,15,,41574,2,,,1,55,,41593,2,,,1,15,,41612,2,,,1,15,,41631,2,,,1,15,,41575,2,,,1,55,,41594,2,,,1,15,,41613,2,,,1,15,,41632,2,,,1,15,,41576,2,,,1,55,,41595,2,,,1,15,,41614,2,,,1,15,,41633,2,,,1,15,,41577,2,,,1,55,,41596,2,,,1,15,,41615,2,,,1,15,,41634,2,,,1,15,,41578,2,,,1,55,,41597,2,,,1,15,,41616,2,,,1,15,,41635,2,,,1,15,,41579,2,,,1,55,,41598,2,,,1,15,,41617,2,,,1,15,,41636,2,,,1,15,,41580,2,,,1,55,,41599,2,,,1
1,'20260802',636,,41693,2,,,1,15,,41637,2,,,1,55,,41656,2,,,1,15,,41675,2,,,1,15,,41694,2,,,1,15,,41638,2,,,1,55,,41657,2,,,1,15,,41676,2,,,1,15,,41695,2,,,1,15,,41639,2,,,1,55,,41658,2,,,1,15,,41677,2,,,1,15,,41696,2,,,1,15,,41640,2,,,1,55,,41659,2,,,1,15,,41678,2,,,1,15,,41697,2,,,1,15,,41641,2,,,1,55,,41660,2,,,1,15,,41679,2,,,1,15,,41698,2,,,1,15,,41642,2,,,1,55,,41661,2,,,1,15,,41680,2,,,1,15,,41699,2,,,1,15,,41643,2,,,1,55,,41662,2,,,1,15,,41681,2,,,1,15,,41700,2,,,1,15,,41644,2,,,1,55,,41663,2,,,1,15,,41682,2,,,1,15,,41701,2,,,1,15,,41645,2,,,1,55,,41664,2,,,1,15,,41683,2,,,1,15,,41702,2,,,1,15,,41646,2,,,1,55,,41665,2,,,1,15,,41684,2,,,1,15,,41703,2,,,1,15,,41647,2,,,1,55,,41666,2,,,1,15,,41685,2,,,1,15,,41704,2,,,1,15,,41648,2,,,1,55,,41667,2,,,1,15,,41686,2,,,1,15,,41705,2,,,1,15,,41649,2,,,1,55,,41668,2,,,1,15,,41687,2,,,1,15,,41706,2,,,1,15,,41650,2,,,1,55,,41669,2,,,1,15,,41688,2,,,1,15,,41707,2,,,1,15,,41651,2,,,1,55,,41670,2,,,1,15,,41689,2,,,1,15,,41708,2,,,1,15,,41652,2,,,1,55,,41671,2,,,1,15,,41690,2,,,1,15,,41709,2,,,1,15,,41653,2,,,1,55,,41672,2,,,1,15,,41691,2,,,1,15,,41710,2,,,1,15,,41654,2,,,1,55,,41673,2,,,1,15,,41692,2,,,1,15,,41711,2,,,1,15,,41655,2,,,1,55,,41674,2,,,1
1,'20260803',636,,41768,2,,,1,15,,41712,2,,,1,55,,41731,2,,,1,15,,41750,2,,,1,15,,41769,2,,,1,15,,41713,2,,,1,55,,41732,2,,,1,15,,41751,2,,,1,15,,41770,2,,,1,15,,41714,2,,,1,55,,41733,2,,,1,15,,41752,2,,,1,15,,41771,2,,,1,15,,41715,2,,,1,55,,41734,2,,,1,15,,41753,2,,,1,15,,41772,2,,,1,15,,41716,2,,,1,55,,41735,2,,,1,15,,41754,2,,,1,15,,41773,2,,,1,15,,41717,2,,,1,55,,41736,2,,,1,15,,41755,2,,,1,15,,41774,2,,,1,15,,41718,2,,,1,55,,41737,2,,,1,15,,41756,2,,,1,15,,41775,2,,,1,15,,41719,2,,,1,55,,41738,2,,,1,15,,41757,2,,,1,15,,41776,2,,,1,15,,41720,2,,,1,55,,41739,2,,,1,15,,41758,2,,,1,15,,41777,2,,,1,15,,41721,2,,,1,55,,41740,2,,,1,15,,41759,2,,,1,15,,41778,2,,,1,15,,41722,2,,,1,55,,41741,2,,,1,15,,41760,2,,,1,15,,41779,2,,,1,15,,41723,2,,,1,55,,41742,2,,,1,15,,41761,2,,,1,15,,41780,2,,,1,15,,41724,2,,,1,55,,41743,2,,,1,15,,41762,2,,,1,15,,41781,2,,,1,15,,41725,2,,,1,55,,41744,2,,,1,15,,41763,2,,,1,15,,41782,2,,,1,15,,41726,2,,,1,55,,41745,2,,,1,15,,41764,2,,,1,15,,41783,2,,,1,15,,41727,2,,,1,55,,41746,2,,,1,15,,41765,2,,,1,15,,41784,2,,,1,15,,41728,2,,,1,55,,41747,2,,,1,15,,41766,2,,,1,15,,41785,2,,,1,15,,41729,2,,,1,55,,41748,2,,,1,15,,41767,2,,,1,15,,41786,2,,,1,15,,41730,2,,,1,55,,41749,2,,,1
1,'20260804',539,,41846,2,,,1,15,,41787,2,,,1,52,,41807,2,,,1,15,,41827,2,,,1,15,,41847,2,,,1,15,,41788,2,,,1,55,,41808,2,,,1,15,,41828,2,,,1,15,,41848,2,,,1,15,,41789,2,,,1,55,,41809,2,,,1,15,,41829,2,,,1,15,,41849,2,,,1,15,,41790,2,,,1,55,,41810,2,,,1,15,,41830,2,,,1,15,,41850,2,,,1,15,,41791,2,,,1,55,,41811,2,,,1,15,,41831,2,,,1,15,,41851,2,,,1,15,,41792,2,,,1,55,,41812,2,,,1,15,,41832,2,,,1,15,,41852,2,,,1,15,,41793,2,,,1,55,,41813,2,,,1,15,,41833,2,,,1,15,,41853,2,,,1,15,,41794,2,,,1,55,,41814,2,,,1,15,,41834,2,,,1,15,,41854,2,,,1,15,,41795,2,,,1,55,,41815,2,,,1,15,,41835,2,,,1,15,,41855,2,,,1,15,,41796,2,,,1,55,,41816,2,,,1,15,,41836,2,,,1,15,,41856,2,,,1,15,,41797,2,,,1,55,,41817,2,,,1,15,,41837,2,,,1,15,,41857,2,,,1,15,,41798,2,,,1,55,,41818,2,,,1,15,,41838,2,,,1,15,,41858,2,,,1,15,,41799,2,,,1,55,,41819,2,,,1,15,,41839,2,,,1,15,,41859,2,,,1,15,,41800,2,,,1,55,,41820,2,,,1,15,,41840,2,,,1,15,,41860,2,,,1,15,,41801,2,,,1,55,,41821,2,,,1,15,,41841,2,,,1,15,,41861,2,,,1,15,,41802,2,,,1,55,,41822,2,,,1,15,,41842,2,,,1,15,,41862,2,,,1,15,,41803,2,,,1,55,,41823,2,,,1,15,,41843,2,,,1,15,,41863,2,,,1,15,,41804,2,,,1,55,,41824,2,,,1,15,,41844,2,,,1,15,,41864,2,,,1,15,,41805,2,,,1,55,,41825,2,,,1,15,,41845,2,,,1,15,,41865,2,,,1,15,,41806,2,,,1,55,,41826,2,,,1
1,'20260805',539,,41925,2,,,1,15,,41866,2,,,1,52,,41886,2,,,1,15,,41906,2,,,1,15,,41926,2,,,1,15,,41867,2,,,1,55,,41887,2,,,1,15,,41907,2,,,1,15,,41927,2,,,1,15,,41868,2,,,1,55,,41888,2,,,1,15,,41908,2,,,1,15,,41928,2,,,1,15,,41869,2,,,1,55,,41889,2,,,1,15,,41909,2,,,1,15,,41929,2,,,1,15,,41870,2,,,1,55,,41890,2,,,1,15,,41910,2,,,1,15,,41930,2,,,1,15,,41871,2,,,1,55,,41891,2,,,1,15,,41911,2,,,1,15,,41931,2,,,1,15,,41872,2,,,1,55,,41892,2,,,1,15,,41912,2,,,1,15,,41932,2,,,1,15,,41873,2,,,1,55,,41893,2,,,1,15,,41913,2,,,1,15,,41933,2,,,1,15,,41874,2,,,1,55,,41894,2,,,1,15,,41914,2,,,1,15,,41934,2,,,1,15,,41875,2,,,1,55,,41895,2,,,1,15,,41915,2,,,1,15,,41935,2,,,1,15,,41876,2,,,1,55,,41896,2,,,1,15,,41916,2,,,1,15,,41936,2,,,1,15,,41877,2,,,1,55,,41897,2,,,1,15,,41917,2,,,1,15,,41937,2,,,1,15,,41878,2,,,1,55,,41898,2,,,1,15,,41918,2,,,1,15,,41938,2,,,1,15,,41879,2,,,1,55,,41899,2,,,1,15,,41919,2,,,1,15,,41939,2,,,1,15,,41880,2,,,1,55,,41900,2,,,1,15,,41920,2,,,1,15,,41940,2,,,1,15,,41881,2,,,1,55,,41901,2,,,1,15,,41921,2,,,1,15,,41941,2,,,1,15,,41882,2,,,1,55,,41902,2,,,1,15,,41922,2,,,1,15,,41942,2,,,1,15,,41883,2,,,1,55,,41903,2,,,1,15,,41923,2,,,1,15,,41943,2,,,1,15,,41884,2,,,1,55,,41904,2,,,1,15,,41924,2,,,1,15,,41944,2,,,1,15,,41885,2,,,1,55,,41905,2,,,1
1,'20260806',539,,42004,2,,,1,15,,41945,2,,,1,52,,41965,2,,,1,15,,41985,2,,,1,15,,42005,2,,,1,15,,41946,2,,,1,55,,41966,2,,,1,15,,41986,2,,,1,15,,42006,2,,,1,15,,41947,2,,,1,55,,41967,2,,,1,15,,41987,2,,,1,15,,42007,2,,,1,15,,41948,2,,,1,55,,41968,2,,,1,15,,41988,2,,,1,15,,42008,2,,,1,15,,41949,2,,,1,55,,41969,2,,,1,15,,41989,2,,,1,15,,42009,2,,,1,15,,41950,2,,,1,55,,41970,2,,,1,15,,41990,2,,,1,15,,42010,2,,,1,15,,41951,2,,,1,55,,41971,2,,,1,15,,41991,2,,,1,15,,42011,2,,,1,15,,41952,2,,,1,55,,41972,2,,,1,15,,41992,2,,,1,15,,42012,2,,,1,15,,41953,2,,,1,55,,41973,2,,,1,15,,41993,2,,,1,15,,42013,2,,,1,15,,41954,2,,,1,55,,41974,2,,,1,15,,41994,2,,,1,15,,42014,2,,,1,15,,41955,2,,,1,55,,41975,2,,,1,15,,41995,2,,,1,15,,42015,2,,,1,15,,41956,2,,,1,55,,41976,2,,,1,15,,41996,2,,,1,15,,42016,2,,,1,15,,41957,2,,,1,55,,41977,2,,,1,15,,41997,2,,,1,15,,42017,2,,,1,15,,41958,2,,,1,55,,41978,2,,,1,15,,41998,2,,,1,15,,42018,2,,,1,15,,41959,2,,,1,55,,41979,2,,,1,15,,41999,2,,,1,15,,42019,2,,,1,15,,41960,2,,,1,55,,41980,2,,,1,15,,42000,2,,,1,15,,42020,2,,,1,15,,41961,2,,,1,55,,41981,2,,,1,15,,42001,2,,,1,15,,42021,2,,,1,15,,41962,2,,,1,55,,41982,2,,,1,15,,42002,2,,,1,15,,42022,2,,,1,15,,41963,2,,,1,55,,41983,2,,,1,15,,42003,2,,,1,15,,42023,2,,,1,15,,41964,2,,,1,55,,41984,2,,,1
1,'20260807',539,,42083,2,,,1,15,,42024,2,,,1,52,,42044,2,,,1,15,,42064,2,,,1,15,,42084,2,,,1,15,,42025,2,,,1,55,,42045,2,,,1,15,,42065,2,,,1,15,,42085,2,,,1,15,,42026,2,,,1,55,,42046,2,,,1,15,,42066,2,,,1,15,,42086,2,,,1,15,,42027,2,,,1,55,,42047,2,,,1,15,,42067,2,,,1,15,,42087,2,,,1,15,,42028,2,,,1,55,,42048,2,,,1,15,,42068,2,,,1,15,,42088,2,,,1,15,,42029,2,,,1,55,,42049,2,,,1,15,,42069,2,,,1,15,,42089,2,,,1,15,,42030,2,,,1,55,,42050,2,,,1,15,,42070,2,,,1,15,,42090,2,,,1,15,,42031,2,,,1,55,,42051,2,,,1,15,,42071,2,,,1,15,,42091,2,,,1,15,,42032,2,,,1,55,,42052,2,,,1,15,,42072,2,,,1,15,,42092,2,,,1,15,,42033,2,,,1,55,,42053,2,,,1,15,,42073,2,,,1,15,,42093,2,,,1,15,,42034,2,,,1,55,,42054,2,,,1,15,,42074,2,,,1,15,,42094,2,,,1,15,,42035,2,,,1,55,,42055,2,,,1,15,,42075,2,,,1,15,,42095,2,,,1,15,,42036,2,,,1,55,,42056,2,,,1,15,,42076,2,,,1,15,,42096,2,,,1,15,,42037,2,,,1,55,,42057,2,,,1,15,,42077,2,,,1,15,,42097,2,,,1,15,,42038,2,,,1,55,,42058,2,,,1,15,,42078,2,,,1,15,,42098,2,,,1,15,,42039,2,,,1,55,,42059,2,,,1,15,,42079,2,,,1,15,,42099,2,,,1,15,,42040,2,,,1,55,,42060,2,,,1,15,,42080,2,,,1,15,,42100,2,,,1,15,,42041,2,,,1,55,,42061,2,,,1,15,,42081,2,,,1,15,,42101,2,,,1,15,,42042,2,,,1,55,,42062,2,,,1,15,,42082,2,,,1,15,,42102,2,,,1,15,,42043,2,,,1,55,,42063,2,,,1
1,'20260808',636,,42159,2,,,1,15,,42103,2,,,1,55,,42122,2,,,1,15,,42141,2,,,1,15,,42160,2,,,1,15,,42104,2,,,1,55,,42123,2,,,1,15,,42142,2,,,1,15,,42161,2,,,1,15,,42105,2,,,1,55,,42124,2,,,1,15,,42143,2,,,1,15,,42162,2,,,1,15,,42106,2,,,1,55,,42125,2,,,1,15,,42144,2,,,1,15,,42163,2,,,1,15,,42107,2,,,1,55,,42126,2,,,1,15,,42145,2,,,1,15,,42164,2,,,1,15,,42108,2,,,1,55,,42127,2,,,1,15,,42146,2,,,1,15,,42165,2,,,1,15,,42109,2,,,1,55,,42128,2,,,1,15,,42147,2,,,1,15,,42166,2,,,1,15,,42110,2,,,1,55,,42129,2,,,1,15,,42148,2,,,1,15,,42167,2,,,1,15,,42111,2,,,1,55,,42130,2,,,1,15,,42149,2,,,1,15,,42168,2,,,1,15,,42112,2,,,1,55,,42131,2,,,1,15,,42150,2,,,1,15,,42169,2,,,1,15,,42113,2,,,1,55,,42132,2,,,1,15,,42151,2,,,1,15,,42170,2,,,1,15,,42114,2,,,1,55,,42133,2,,,1,15,,42152,2,,,1,15,,42171,2,,,1,15,,42115,2,,,1,55,,42134,2,,,1,15,,42153,2,,,1,15,,42172,2,,,1,15,,42116,2,,,1,55,,42135,2,,,1,15,,42154,2,,,1,15,,42173,2,,,1,15,,42117,2,,,1,55,,42136,2,,,1,15,,42155,2,,,1,15,,42174,2,,,1,15,,42118,2,,,1,55,,42137,2,,,1,15,,42156,2,,,1,15,,42175,2,,,1,15,,42119,2,,,1,55,,42138,2,,,1,15,,42157,2,,,1,15,,42176,2,,,1,15,,42120,2,,,1,55,,42139,2,,,1,15,,42158,2,,,1,15,,42177,2,,,1,15,,42121,2,,,1,55,,42140,2,,,1
1,'20260809',636,,42234,2,,,1,15,,42178,2,,,1,55,,42197,2,,,1,15,,42216,2,,,1,15,,42235,2,,,1,15,,42179,2,,,1,55,,42198,2,,,1,15,,42217,2,,,1,15,,42236,2,,,1,15,,42180,2,,,1,55,,42199,2,,,1,15,,42218,2,,,1,15,,42237,2,,,1,15,,42181,2,,,1,55,,42200,2,,,1,15,,42219,2,,,1,15,,42238,2,,,1,15,,42182,2,,,1,55,,42201,2,,,1,15,,42220,2,,,1,15,,42239,2,,,1,15,,42183,2,,,1,55,,42202,2,,,1,15,,42221,2,,,1,15,,42240,2,,,1,15,,42184,2,,,1,55,,42203,2,,,1,15,,42222,2,,,1,15,,42241,2,,,1,15,,42185,2,,,1,55,,42204,2,,,1,15,,42223,2,,,1,15,,42242,2,,,1,15,,42186,2,,,1,55,,42205,2,,,1,15,,42224,2,,,1,15,,42243,2,,,1,15,,42187,2,,,1,55,,42206,2,,,1,15,,42225,2,,,1,15,,42244,2,,,1,15,,42188,2,,,1,55,,42207,2,,,1,15,,42226,2,,,1,15,,42245,2,,,1,15,,42189,2,,,1,55,,42208,2,,,1,15,,42227,2,,,1,15,,42246,2,,,1,15,,42190,2,,,1,55,,42209,2,,,1,15,,42228,2,,,1,15,,42247,2,,,1,15,,42191,2,,,1,55,,42210,2,,,1,15,,42229,2,,,1,15,,42248,2,,,1,15,,42192,2,,,1,55,,42211,2,,,1,15,,42230,2,,,1,15,,42249,2,,,1,15,,42193,2,,,1,55,,42212,2,,,1,15,,42231,2,,,1,15,,42250,2,,,1,15,,42194,2,,,1,55,,42213,2,,,1,15,,42232,2,,,1,15,,42251,2,,,1,15,,42195,2,,,1,55,,42214,2,,,1,15,,42233,2,,,1,15,,42252,2,,,1,15,,42196,2,,,1,55,,42215,2,,,1
1,'20260810',636,,42309,2,,,1,15,,42253,2,,,1,55,,42272,2,,,1,15,,42291,2,,,1,15,,42310,2,,,1,15,,42254,2,,,1,55,,42273,2,,,1,15,,42292,2,,,1,15,,42311,2,,,1,15,,42255,2,,,1,55,,42274,2,,,1,15,,42293,2,,,1,15,,42312,2,,,1,15,,42256,2,,,1,55,,42275,2,,,1,15,,42294,2,,,1,15,,42313,2,,,1,15,,42257,2,,,1,55,,42276,2,,,1,15,,42295,2,,,1,15,,42314,2,,,1,15,,42258,2,,,1,55,,42277,2,,,1,15,,42296,2,,,1,15,,42315,2,,,1,15,,42259,2,,,1,55,,42278,2,,,1,15,,42297,2,,,1,15,,42316,2,,,1,15,,42260,2,,,1,55,,42279,2,,,1,15,,42298,2,,,1,15,,42317,2,,,1,15,,42261,2,,,1,55,,42280,2,,,1,15,,42299,2,,,1,15,,42318,2,,,1,15,,42262,2,,,1,55,,42281,2,,,1,15,,42300,2,,,1,15,,42319,2,,,1,15,,42263,2,,,1,55,,42282,2,,,1,15,,42301,2,,,1,15,,42320,2,,,1,15,,42264,2,,,1,55,,42283,2,,,1,15,,42302,2,,,1,15,,42321,2,,,1,15,,42265,2,,,1,55,,42284,2,,,1,15,,42303,2,,,1,15,,42322,2,,,1,15,,42266,2,,,1,55,,42285,2,,,1,15,,42304,2,,,1,15,,42323,2,,,1,15,,42267,2,,,1,55,,42286,2,,,1,15,,42305,2,,,1,15,,42324,2,,,1,15,,42268,2,,,1,55,,42287,2,,,1,15,,42306,2,,,1,15,,42325,2,,,1,15,,42269,2,,,1,55,,42288,2,,,1,15,,42307,2,,,1,15,,42326,2,,,1,15,,42270,2,,,1,55,,42289,2,,,1,15,,42308,2,,,1,15,,42327,2,,,1,15,,42271,2,,,1,55,,42290,2,,,1
1,'20260811',539,,42387,2,,,1,15,,42328,2,,,1,52,,42348,2,,,1,15,,42368,2,,,1,15,,42388,2,,,1,15,,42329,2,,,1,55,,42349,2,,,1,15,,42369,2,,,1,15,,42389,2,,,1,15,,42330,2,,,1,55,,42350,2,,,1,15,,42370,2,,,1,15,,42390,2,,,1,15,,42331,2,,,1,55,,42351,2,,,1,15,,42371,2,,,1,15,,42391,2,,,1,15,,42332,2,,,1,55,,42352,2,,,1,15,,42372,2,,,1,15,,42392,2,,,1,15,,42333,2,,,1,55,,42353,2,,,1,15,,42373,2,,,1,15,,42393,2,,,1,15,,42334,2,,,1,55,,42354,2,,,1,15,,42374,2,,,1,15,,42394,2,,,1,15,,42335,2,,,1,55,,42355,2,,,1,15,,42375,2,,,1,15,,42395,2,,,1,15,,42336,2,,,1,55,,42356,2,,,1,15,,42376,2,,,1,15,,42396,2,,,1,15,,42337,2,,,1,55,,42357,2,,,1,15,,42377,2,,,1,15,,42397,2,,,1,15,,42338,2,,,1,55,,42358,2,,,1,15,,42378,2,,,1,15,,42398,2,,,1,15,,42339,2,,,1,55,,42359,2,,,1,15,,42379,2,,,1,15,,42399,2,,,1,15,,42340,2,,,1,55,,42360,2,,,1,15,,42380,2,,,1,15,,42400,2,,,1,15,,42341,2,,,1,55,,42361,2,,,1,15,,42381,2,,,1,15,,42401,2,,,1,15,,42342,2,,,1,55,,42362,2,,,1,15,,42382,2,,,1,15,,42402,2,,,1,15,,42343,2,,,1,55,,42363,2,,,1,15,,42383,2,,,1,15,,42403,2,,,1,15,,42344,2,,,1,55,,42364,2,,,1,15,,42384,2,,,1,15,,42404,2,,,1,15,,42345,2,,,1,55,,42365,2,,,1,15,,42385,2,,,1,15,,42405,2,,,1,15,,42346,2,,,1,55,,42366,2,,,1,15,,42386,2,,,1,15,,42406,2,,,1,15,,42347,2,,,1,55,,42367,2,,,1
1,'20260812',539,,42466,2,,,1,15,,42407,2,,,1,52,,42427,2,,,1,15,,42447,2,,,1,15,,42467,2,,,1,15,,42408,2,,,1,55,,42428,2,,,1,15,,42448,2,,,1,15,,42468,2,,,1,15,,42409,2,,,1,55,,42429,2,,,1,15,,42449,2,,,1,15,,42469,2,,,1,15,,42410,2,,,1,55,,42430,2,,,1,15,,42450,2,,,1,15,,42470,2,,,1,15,,42411,2,,,1,55,,42431,2,,,1,15,,42451,2,,,1,15,,42471,2,,,1,15,,42412,2,,,1,55,,42432,2,,,1,15,,42452,2,,,1,15,,42472,2,,,1,15,,42413,2,,,1,55,,42433,2,,,1,15,,42453,2,,,1,15,,42473,2,,,1,15,,42414,2,,,1,55,,42434,2,,,1,15,,42454,2,,,1,15,,42474,2,,,1,15,,42415,2,,,1,55,,42435,2,,,1,15,,42455,2,,,1,15,,42475,2,,,1,15,,42416,2,,,1,55,,42436,2,,,1,15,,42456,2,,,1,15,,42476,2,,,1,15,,42417,2,,,1,55,,42437,2,,,1,15,,42457,2,,,1,15,,42477,2,,,1,15,,42418,2,,,1,55,,42438,2,,,1,15,,42458,2,,,1,15,,42478,2,,,1,15,,42419,2,,,1,55,,42439,2,,,1,15,,42459,2,,,1,15,,42479,2,,,1,15,,42420,2,,,1,55,,42440,2,,,1,15,,42460,2,,,1,15,,42480,2,,,1,15,,42421,2,,,1,55,,42441,2,,,1,15,,42461,2,,,1,15,,42481,2,,,1,15,,42422,2,,,1,55,,42442,2,,,1,15,,42462,2,,,1,15,,42482,2,,,1,15,,42423,2,,,1,55,,42443,2,,,1,15,,42463,2,,,1,15,,42483,2,,,1,15,,42424,2,,,1,55,,42444,2,,,1,15,,42464,2,,,1,15,,42484,2,,,1,15,,42425,2,,,1,55,,42445,2,,,1,15,,42465,2,,,1,15,,42485,2,,,1,15,,42426,2,,,1,55,,42446,2,,,1
1,'20260813',539,,42545,2,,,1,15,,42486,2,,,1,52,,42506,2,,,1,15,,42526,2,,,1,15,,42546,2,,,1,15,,42487,2,,,1,55,,42507,2,,,1,15,,42527,2,,,1,15,,42547,2,,,1,15,,42488,2,,,1,55,,42508,2,,,1,15,,42528,2,,,1,15,,42548,2,,,1,15,,42489,2,,,1,55,,42509,2,,,1,15,,42529,2,,,1,15,,42549,2,,,1,15,,42490,2,,,1,55,,42510,2,,,1,15,,42530,2,,,1,15,,42550,2,,,1,15,,42491,2,,,1,55,,42511,2,,,1,15,,42531,2,,,1,15,,42551,2,,,1,15,,42492,2,,,1,55,,42512,2,,,1,15,,42532,2,,,1,15,,42552,2,,,1,15,,42493,2,,,1,55,,42513,2,,,1,15,,42533,2,,,1,15,,42553,2,,,1,15,,42494,2,,,1,55,,42514,2,,,1,15,,42534,2,,,1,15,,42554,2,,,1,15,,42495,2,,,1,55,,42515,2,,,1,15,,42535,2,,,1,15,,42555,2,,,1,15,,42496,2,,,1,55,,42516,2,,,1,15,,42536,2,,,1,15,,42556,2,,,1,15,,42497,2,,,1,55,,42517,2,,,1,15,,42537,2,,,1,15,,42557,2,,,1,15,,42498,2,,,1,55,,42518,2,,,1,15,,42538,2,,,1,15,,42558,2,,,1,15,,42499,2,,,1,55,,42519,2,,,1,15,,42539,2,,,1,15,,42559,2,,,1,15,,42500,2,,,1,55,,42520,2,,,1,15,,42540,2,,,1,15,,42560,2,,,1,15,,42501,2,,,1,55,,42521,2,,,1,15,,42541,2,,,1,15,,42561,2,,,1,15,,42502,2,,,1,55,,42522,2,,,1,15,,42542,2,,,1,15,,42562,2,,,1,15,,42503,2,,,1,55,,42523,2,,,1,15,,42543,2,,,1,15,,42563,2,,,1,15,,42504,2,,,1,55,,42524,2,,,1,15,,42544,2,,,1,15,,42564,2,,,1,15,,42505,2,,,1,55,,42525,2,,,1
1,'20260814',539,,42624,2,,,1,15,,42565,2,,,1,52,,42585,2,,,1,15,,42605,2,,,1,15,,42625,2,,,1,15,,42566,2,,,1,55,,42586,2,,,1,15,,42606,2,,,1,15,,42626,2,,,1,15,,42567,2,,,1,55,,42587,2,,,1,15,,42607,2,,,1,15,,42627,2,,,1,15,,42568,2,,,1,55,,42588,2,,,1,15,,42608,2,,,1,15,,42628,2,,,1,15,,42569,2,,,1,55,,42589,2,,,1,15,,42609,2,,,1,15,,42629,2,,,1,15,,42570,2,,,1,55,,42590,2,,,1,15,,42610,2,,,1,15,,42630,2,,,1,15,,42571,2,,,1,55,,42591,2,,,1,15,,42611,2,,,1,15,,42631,2,,,1,15,,42572,2,,,1,55,,42592,2,,,1,15,,42612,2,,,1,15,,42632,2,,,1,15,,42573,2,,,1,55,,42593,2,,,1,15,,42613,2,,,1,15,,42633,2,,,1,15,,42574,2,,,1,55,,42594,2,,,1,15,,42614,2,,,1,15,,42634,2,,,1,15,,42575,2,,,1,55,,42595,2,,,1,15,,42615,2,,,1,15,,42635,2,,,1,15,,42576,2,,,1,55,,42596,2,,,1,15,,42616,2,,,1,15,,42636,2,,,1,15,,42577,2,,,1,55,,42597,2,,,1,15,,42617,2,,,1,15,,42637,2,,,1,15,,42578,2,,,1,55,,42598,2,,,1,15,,42618,2,,,1,15,,42638,2,,,1,15,,42579,2,,,1,55,,42599,2,,,1,15,,42619,2,,,1,15,,42639,2,,,1,15,,42580,2,,,1,55,,42600,2,,,1,15,,42620,2,,,1,15,,42640,2,,,1,15,,42581,2,,,1,55,,42601,2,,,1,15,,42621,2,,,1,15,,42641,2,,,1,15,,42582,2,,,1,55,,42602,2,,,1,15,,42622,2,,,1,15,,42642,2,,,1,15,,42583,2,,,1,55,,42603,2,,,1,15,,42623,2,,,1,15,,42643,2,,,1,15,,42584,2,,,1,55,,42604,2,,,1
1,'20260815',636,,42700,2,,,1,15,,42644,2,,,1,55,,42663,2,,,1,15,,42682,2,,,1,15,,42701,2,,,1,15,,42645,2,,,1,55,,42664,2,,,1,15,,42683,2,,,1,15,,42702,2,,,1,15,,42646,2,,,1,55,,42665,2,,,1,15,,42684,2,,,1,15,,42703,2,,,1,15,,42647,2,,,1,55,,42666,2,,,1,15,,42685,2,,,1,15,,42704,2,,,1,15,,42648,2,,,1,55,,42667,2,,,1,15,,42686,2,,,1,15,,42705,2,,,1,15,,42649,2,,,1,55,,42668,2,,,1,15,,42687,2,,,1,15,,42706,2,,,1,15,,42650,2,,,1,55,,42669,2,,,1,15,,42688,2,,,1,15,,42707,2,,,1,15,,42651,2,,,1,55,,42670,2,,,1,15,,42689,2,,,1,15,,42708,2,,,1,15,,42652,2,,,1,55,,42671,2,,,1,15,,42690,2,,,1,15,,42709,2,,,1,15,,42653,2,,,1,55,,42672,2,,,1,15,,42691,2,,,1,15,,42710,2,,,1,15,,42654,2,,,1,55,,42673,2,,,1,15,,42692,2,,,1,15,,42711,2,,,1,15,,42655,2,,,1,55,,42674,2,,,1,15,,42693,2,,,1,15,,42712,2,,,1,15,,42656,2,,,1,55,,42675,2,,,1,15,,42694,2,,,1,15,,42713,2,,,1,15,,42657,2,,,1,55,,42676,2,,,1,15,,42695,2,,,1,15,,42714,2,,,1,15,,42658,2,,,1,55,,42677,2,,,1,15,,42696,2,,,1,15,,42715,2,,,1,15,,42659,2,,,1,55,,42678,2,,,1,15,,42697,2,,,1,15,,42716,2,,,1,15,,42660,2,,,1,55,,42679,2,,,1,15,,42698,2,,,1,15,,42717,2,,,1,15,,42661,2,,,1,55,,42680,2,,,1,15,,42699,2,,,1,15,,42718,2,,,1,15,,42662,2,,,1,55,,42681,2,,,1
1,'20260816',636,,42775,2,,,1,15,,42719,2,,,1,55,,42738,2,,,1,15,,42757,2,,,1,15,,42776,2,,,1,15,,42720,2,,,1,55,,42739,2,,,1,15,,42758,2,,,1,15,,42777,2,,,1,15,,42721,2,,,1,55,,42740,2,,,1,15,,42759,2,,,1,15,,42778,2,,,1,15,,42722,2,,,1,55,,42741,2,,,1,15,,42760,2,,,1,15,,42779,2,,,1,15,,42723,2,,,1,55,,42742,2,,,1,15,,42761,2,,,1,15,,42780,2,,,1,15,,42724,2,,,1,55,,42743,2,,,1,15,,42762,2,,,1,15,,42781,2,,,1,15,,42725,2,,,1,55,,42744,2,,,1,15,,42763,2,,,1,15,,42782,2,,,1,15,,42726,2,,,1,55,,42745,2,,,1,15,,42764,2,,,1,15,,42783,2,,,1,15,,42727,2,,,1,55,,42746,2,,,1,15,,42765,2,,,1,15,,42784,2,,,1,15,,42728,2,,,1,55,,42747,2,,,1,15,,42766,2,,,1,15,,42785,2,,,1,15,,42729,2,,,1,55,,42748,2,,,1,15,,42767,2,,,1,15,,42786,2,,,1,15,,42730,2,,,1,55,,42749,2,,,1,15,,42768,2,,,1,15,,42787,2,,,1,15,,42731,2,,,1,55,,42750,2,,,1,15,,42769,2,,,1,15,,42788,2,,,1,15,,42732,2,,,1,55,,42751,2,,,1,15,,42770,2,,,1,15,,42789,2,,,1,15,,42733,2,,,1,55,,42752,2,,,1,15,,42771,2,,,1,15,,42790,2,,,1,15,,42734,2,,,1,55,,42753,2,,,1,15,,42772,2,,,1,15,,42791,2,,,1,15,,42735,2,,,1,55,,42754,2,,,1,15,,42773,2,,,1,15,,42792,2,,,1,15,,42736,2,,,1,55,,42755,2,,,1,15,,42774,2,,,1,15,,42793,2,,,1,15,,42737,2,,,1,55,,42756,2,,,1
1,'20260817',636,,42850,2,,,1,15,,42794,2,,,1,55,,42813,2,,,1,15,,42832,2,,,1,15,,42851,2,,,1,15,,42795,2,,,1,55,,42814,2,,,1,15,,42833,2,,,1,15,,42852,2,,,1,15,,42796,2,,,1,55,,42815,2,,,1,15,,42834,2,,,1,15,,42853,2,,,1,15,,42797,2,,,1,55,,42816,2,,,1,15,,42835,2,,,1,15,,42854,2,,,1,15,,42798,2,,,1,55,,42817,2,,,1,15,,42836,2,,,1,15,,42855,2,,,1,15,,42799,2,,,1,55,,42818,2,,,1,15,,42837,2,,,1,15,,42856,2,,,1,15,,42800,2,,,1,55,,42819,2,,,1,15,,42838,2,,,1,15,,42857,2,,,1,15,,42801,2,,,1,55,,42820,2,,,1,15,,42839,2,,,1,15,,42858,2,,,1,15,,42802,2,,,1,55,,42821,2,,,1,15,,42840,2,,,1,15,,42859,2,,,1,15,,42803,2,,,1,55,,42822,2,,,1,15,,42841,2,,,1,15,,42860,2,,,1,15,,42804,2,,,1,55,,42823,2,,,1,15,,42842,2,,,1,15,,42861,2,,,1,15,,42805,2,,,1,55,,42824,2,,,1,15,,42843,2,,,1,15,,42862,2,,,1,15,,42806,2,,,1,55,,42825,2,,,1,15,,42844,2,,,1,15,,42863,2,,,1,15,,42807,2,,,1,55,,42826,2,,,1,15,,42845,2,,,1,15,,42864,2,,,1,15,,42808,2,,,1,55,,42827,2,,,1,15,,42846,2,,,1,15,,42865,2,,,1,15,,42809,2,,,1,55,,42828,2,,,1,15,,42847,2,,,1,15,,42866,2,,,1,15,,42810,2,,,1,55,,42829,2,,,1,15,,42848,2,,,1,15,,42867,2,,,1,15,,42811,2,,,1,55,,42830,2,,,1,15,,42849,2,,,1,15,,42868,2,,,1,15,,42812,2,,,1,55,,42831,2,,,1
1,'20260818',539,,42928,2,,,1,15,,42869,2,,,1,52,,42889,2,,,1,15,,42909,2,,,1,15,,42929,2,,,1,15,,42870,2,,,1,55,,42890,2,,,1,15,,42910,2,,,1,15,,42930,2,,,1,15,,42871,2,,,1,55,,42891,2,,,1,15,,42911,2,,,1,15,,42931,2,,,1,15,,42872,2,,,1,55,,42892,2,,,1,15,,42912,2,,,1,15,,42932,2,,,1,15,,42873,2,,,1,55,,42893,2,,,1,15,,42913,2,,,1,15,,42933,2,,,1,15,,42874,2,,,1,55,,42894,2,,,1,15,,42914,2,,,1,15,,42934,2,,,1,15,,42875,2,,,1,55,,42895,2,,,1,15,,42915,2,,,1,15,,42935,2,,,1,15,,42876,2,,,1,55,,42896,2,,,1,15,,42916,2,,,1,15,,42936,2,,,1,15,,42877,2,,,1,55,,42897,2,,,1,15,,42917,2,,,1,15,,42937,2,,,1,15,,42878,2,,,1,55,,42898,2,,,1,15,,42918,2,,,1,15,,42938,2,,,1,15,,42879,2,,,1,55,,42899,2,,,1,15,,42919,2,,,1,15,,42939,2,,,1,15,,42880,2,,,1,55,,42900,2,,,1,15,,42920,2,,,1,15,,42940,2,,,1,15,,42881,2,,,1,55,,42901,2,,,1,15,,42921,2,,,1,15,,42941,2,,,1,15,,42882,2,,,1,55,,42902,2,,,1,15,,42922,2,,,1,15,,42942,2,,,1,15,,42883,2,,,1,55,,42903,2,,,1,15,,42923,2,,,1,15,,42943,2,,,1,15,,42884,2,,,1,55,,42904,2,,,1,15,,42924,2,,,1,15,,42944,2,,,1,15,,42885,2,,,1,55,,42905,2,,,1,15,,42925,2,,,1,15,,42945,2,,,1,15,,42886,2,,,1,55,,42906,2,,,1,15,,42926,2,,,1,15,,42946,2,,,1,15,,42887,2,,,1,55,,42907,2,,,1,15,,42927,2,,,1,15,,42947,2,,,1,15,,42888,2,,,1,55,,42908,2,,,1
1,'20260819',539,,43007,2,,,1,15,,42948,2,,,1,52,,42968,2,,,1,15,,42988,2,,,1,15,,43008,2,,,1,15,,42949,2,,,1,55,,42969,2,,,1,15,,42989,2,,,1,15,,43009,2,,,1,15,,42950,2,,,1,55,,42970,2,,,1,15,,42990,2,,,1,15,,43010,2,,,1,15,,42951,2,,,1,55,,42971,2,,,1,15,,42991,2,,,1,15,,43011,2,,,1,15,,42952,2,,,1,55,,42972,2,,,1,15,,42992,2,,,1,15,,43012,2,,,1,15,,42953,2,,,1,55,,42973,2,,,1,15,,42993,2,,,1,15,,43013,2,,,1,15,,42954,2,,,1,55,,42974,2,,,1,15,,42994,2,,,1,15,,43014,2,,,1,15,,42955,2,,,1,55,,42975,2,,,1,15,,42995,2,,,1,15,,43015,2,,,1,15,,42956,2,,,1,55,,42976,2,,,1,15,,42996,2,,,1,15,,43016,2,,,1,15,,42957,2,,,1,55,,42977,2,,,1,15,,42997,2,,,1,15,,43017,2,,,1,15,,42958,2,,,1,55,,42978,2,,,1,15,,42998,2,,,1,15,,43018,2,,,1,15,,42959,2,,,1,55,,42979,2,,,1,15,,42999,2,,,1,15,,43019,2,,,1,15,,42960,2,,,1,55,,42980,2,,,1,15,,43000,2,,,1,15,,43020,2,,,1,15,,42961,2,,,1,55,,42981,2,,,1,15,,43001,2,,,1,15,,43021,2,,,1,15,,42962,2,,,1,55,,42982,2,,,1,15,,43002,2,,,1,15,,43022,2,,,1,15,,42963,2,,,1,55,,42983,2,,,1,15,,43003,2,,,1,15,,43023,2,,,1,15,,42964,2,,,1,55,,42984,2,,,1,15,,43004,2,,,1,15,,43024,2,,,1,15,,42965,2,,,1,55,,42985,2,,,1,15,,43005,2,,,1,15,,43025,2,,,1,15,,42966,2,,,1,55,,42986,2,,,1,15,,43006,2,,,1,15,,43026,2,,,1,15,,42967,2,,,1,55,,42987,2,,,1
1,'20260820',539,,43086,2,,,1,15,,43027,2,,,1,52,,43047,2,,,1,15,,43067,2,,,1,15,,43087,2,,,1,15,,43028,2,,,1,55,,43048,2,,,1,15,,43068,2,,,1,15,,43088,2,,,1,15,,43029,2,,,1,55,,43049,2,,,1,15,,43069,2,,,1,15,,43089,2,,,1,15,,43030,2,,,1,55,,43050,2,,,1,15,,43070,2,,,1,15,,43090,2,,,1,15,,43031,2,,,1,55,,43051,2,,,1,15,,43071,2,,,1,15,,43091,2,,,1,15,,43032,2,,,1,55,,43052,2,,,1,15,,43072,2,,,1,15,,43092,2,,,1,15,,43033,2,,,1,55,,43053,2,,,1,15,,43073,2,,,1,15,,43093,2,,,1,15,,43034,2,,,1,55,,43054,2,,,1,15,,43074,2,,,1,15,,43094,2,,,1,15,,43035,2,,,1,55,,43055,2,,,1,15,,43075,2,,,1,15,,43095,2,,,1,15,,43036,2,,,1,55,,43056,2,,,1,15,,43076,2,,,1,15,,43096,2,,,1,15,,43037,2,,,1,55,,43057,2,,,1,15,,43077,2,,,1,15,,43097,2,,,1,15,,43038,2,,,1,55,,43058,2,,,1,15,,43078,2,,,1,15,,43098,2,,,1,15,,43039,2,,,1,55,,43059,2,,,1,15,,43079,2,,,1,15,,43099,2,,,1,15,,43040,2,,,1,55,,43060,2,,,1,15,,43080,2,,,1,15,,43100,2,,,1,15,,43041,2,,,1,55,,43061,2,,,1,15,,43081,2,,,1,15,,43101,2,,,1,15,,43042,2,,,1,55,,43062,2,,,1,15,,43082,2,,,1,15,,43102,2,,,1,15,,43043,2,,,1,55,,43063,2,,,1,15,,43083,2,,,1,15,,43103,2,,,1,15,,43044,2,,,1,55,,43064,2,,,1,15,,43084,2,,,1,15,,43104,2,,,1,15,,43045,2,,,1,55,,43065,2,,,1,15,,43085,2,,,1,15,,43105,2,,,1,15,,43046,2,,,1,55,,43066,2,,,1
1,'20260821',539,,43165,2,,,1,15,,43106,2,,,1,52,,43126,2,,,1,15,,43146,2,,,1,15,,43166,2,,,1,15,,43107,2,,,1,55,,43127,2,,,1,15,,43147,2,,,1,15,,43167,2,,,1,15,,43108,2,,,1,55,,43128,2,,,1,15,,43148,2,,,1,15,,43168,2,,,1,15,,43109,2,,,1,55,,43129,2,,,1,15,,43149,2,,,1,15,,43169,2,,,1,15,,43110,2,,,1,55,,43130,2,,,1,15,,43150,2,,,1,15,,43170,2,,,1,15,,43111,2,,,1,55,,43131,2,,,1,15,,43151,2,,,1,15,,43171,2,,,1,15,,43112,2,,,1,55,,43132,2,,,1,15,,43152,2,,,1,15,,43172,2,,,1,15,,43113,2,,,1,55,,43133,2,,,1,15,,43153,2,,,1,15,,43173,2,,,1,15,,43114,2,,,1,55,,43134,2,,,1,15,,43154,2,,,1,15,,43174,2,,,1,15,,43115,2,,,1,55,,43135,2,,,1,15,,43155,2,,,1,15,,43175,2,,,1,15,,43116,2,,,1,55,,43136,2,,,1,15,,43156,2,,,1,15,,43176,2,,,1,15,,43117,2,,,1,55,,43137,2,,,1,15,,43157,2,,,1,15,,43177,2,,,1,15,,43118,2,,,1,55,,43138,2,,,1,15,,43158,2,,,1,15,,43178,2,,,1,15,,43119,2,,,1,55,,43139,2,,,1,15,,43159,2,,,1,15,,43179,2,,,1,15,,43120,2,,,1,55,,43140,2,,,1,15,,43160,2,,,1,15,,43180,2,,,1,15,,43121,2,,,1,55,,43141,2,,,1,15,,43161,2,,,1,15,,43181,2,,,1,15,,43122,2,,,1,55,,43142,2,,,1,15,,43162,2,,,1,15,,43182,2,,,1,15,,43123,2,,,1,55,,43143,2,,,1,15,,43163,2,,,1,15,,43183,2,,,1,15,,43124,2,,,1,55,,43144,2,,,1,15,,43164,2,,,1,15,,43184,2,,,1,15,,43125,2,,,1,55,,43145,2,,,1
1,'20260822',636,,43241,2,,,1,15,,43185,2,,,1,55,,43204,2,,,1,15,,43223,2,,,1,15,,43242,2,,,1,15,,43186,2,,,1,55,,43205,2,,,1,15,,43224,2,,,1,15,,43243,2,,,1,15,,43187,2,,,1,55,,43206,2,,,1,15,,43225,2,,,1,15,,43244,2,,,1,15,,43188,2,,,1,55,,43207,2,,,1,15,,43226,2,,,1,15,,43245,2,,,1,15,,43189,2,,,1,55,,43208,2,,,1,15,,43227,2,,,1,15,,43246,2,,,1,15,,43190,2,,,1,55,,43209,2,,,1,15,,43228,2,,,1,15,,43247,2,,,1,15,,43191,2,,,1,55,,43210,2,,,1,15,,43229,2,,,1,15,,43248,2,,,1,15,,43192,2,,,1,55,,43211,2,,,1,15,,43230,2,,,1,15,,43249,2,,,1,15,,43193,2,,,1,55,,43212,2,,,1,15,,43231,2,,,1,15,,43250,2,,,1,15,,43194,2,,,1,55,,43213,2,,,1,15,,43232,2,,,1,15,,43251,2,,,1,15,,43195,2,,,1,55,,43214,2,,,1,15,,43233,2,,,1,15,,43252,2,,,1,15,,43196,2,,,1,55,,43215,2,,,1,15,,43234,2,,,1,15,,43253,2,,,1,15,,43197,2,,,1,55,,43216,2,,,1,15,,43235,2,,,1,15,,43254,2,,,1,15,,43198,2,,,1,55,,43217,2,,,1,15,,43236,2,,,1,15,,43255,2,,,1,15,,43199,2,,,1,55,,43218,2,,,1,15,,43237,2,,,1,15,,43256,2,,,1,15,,43200,2,,,1,55,,43219,2,,,1,15,,43238,2,,,1,15,,43257,2,,,1,15,,43201,2,,,1,55,,43220,2,,,1,15,,43239,2,,,1,15,,43258,2,,,1,15,,43202,2,,,1,55,,43221,2,,,1,15,,43240,2,,,1,15,,43259,2,,,1,15,,43203,2,,,1,55,,43222,2,,,1
1,'20260823',636,,43316,2,,,1,15,,43260,2,,,1,55,,43279,2,,,1,15,,43298,2,,,1,15,,43317,2,,,1,15,,43261,2,,,1,55,,43280,2,,,1,15,,43299,2,,,1,15,,43318,2,,,1,15,,43262,2,,,1,55,,43281,2,,,1,15,,43300,2,,,1,15,,43319,2,,,1,15,,43263,2,,,1,55,,43282,2,,,1,15,,43301,2,,,1,15,,43320,2,,,1,15,,43264,2,,,1,55,,43283,2,,,1,15,,43302,2,,,1,15,,43321,2,,,1,15,,43265,2,,,1,55,,43284,2,,,1,15,,43303,2,,,1,15,,43322,2,,,1,15,,43266,2,,,1,55,,43285,2,,,1,15,,43304,2,,,1,15,,43323,2,,,1,15,,43267,2,,,1,55,,43286,2,,,1,15,,43305,2,,,1,15,,43324,2,,,1,15,,43268,2,,,1,55,,43287,2,,,1,15,,43306,2,,,1,15,,43325,2,,,1,15,,43269,2,,,1,55,,43288,2,,,1,15,,43307,2,,,1,15,,43326,2,,,1,15,,43270,2,,,1,55,,43289,2,,,1,15,,43308,2,,,1,15,,43327,2,,,1,15,,43271,2,,,1,55,,43290,2,,,1,15,,43309,2,,,1,15,,43328,2,,,1,15,,43272,2,,,1,55,,43291,2,,,1,15,,43310,2,,,1,15,,43329,2,,,1,15,,43273,2,,,1,55,,43292,2,,,1,15,,43311,2,,,1,15,,43330,2,,,1,15,,43274,2,,,1,55,,43293,2,,,1,15,,43312,2,,,1,15,,43331,2,,,1,15,,43275,2,,,1,55,,43294,2,,,1,15,,43313,2,,,1,15,,43332,2,,,1,15,,43276,2,,,1,55,,43295,2,,,1,15,,43314,2,,,1,15,,43333,2,,,1,15,,43277,2,,,1,55,,43296,2,,,1,15,,43315,2,,,1,15,,43334,2,,,1,15,,43278,2,,,1,55,,43297,2,,,1
1,'20260824',636,,43391,2,,,1,15,,43335,2,,,1,55,,43354,2,,,1,15,,43373,2,,,1,15,,43392,2,,,1,15,,43336,2,,,1,55,,43355,2,,,1,15,,43374,2,,,1,15,,43393,2,,,1,15,,43337,2,,,1,55,,43356,2,,,1,15,,43375,2,,,1,15,,43394,2,,,1,15,,43338,2,,,1,55,,43357,2,,,1,15,,43376,2,,,1,15,,43395,2,,,1,15,,43339,2,,,1,55,,43358,2,,,1,15,,43377,2,,,1,15,,43396,2,,,1,15,,43340,2,,,1,55,,43359,2,,,1,15,,43378,2,,,1,15,,43397,2,,,1,15,,43341,2,,,1,55,,43360,2,,,1,15,,43379,2,,,1,15,,43398,2,,,1,15,,43342,2,,,1,55,,43361,2,,,1,15,,43380,2,,,1,15,,43399,2,,,1,15,,43343,2,,,1,55,,43362,2,,,1,15,,43381,2,,,1,15,,43400,2,,,1,15,,43344,2,,,1,55,,43363,2,,,1,15,,43382,2,,,1,15,,43401,2,,,1,15,,43345,2,,,1,55,,43364,2,,,1,15,,43383,2,,,1,15,,43402,2,,,1,15,,43346,2,,,1,55,,43365,2,,,1,15,,43384,2,,,1,15,,43403,2,,,1,15,,43347,2,,,1,55,,43366,2,,,1,15,,43385,2,,,1,15,,43404,2,,,1,15,,43348,2,,,1,55,,43367,2,,,1,15,,43386,2,,,1,15,,43405,2,,,1,15,,43349,2,,,1,55,,43368,2,,,1,15,,43387,2,,,1,15,,43406,2,,,1,15,,43350,2,,,1,55,,43369,2,,,1,15,,43388,2,,,1,15,,43407,2,,,1,15,,43351,2,,,1,55,,43370,2,,,1,15,,43389,2,,,1,15,,43408,2,,,1,15,,43352,2,,,1,55,,43371,2,,,1,15,,43390,2,,,1,15,,43409,2,,,1,15,,43353,2,,,1,55,,43372,2,,,1
1,'20260825',539,,43469,2,,,1,15,,43410,2,,,1,52,,43430,2,,,1,15,,43450,2,,,1,15,,43470,2,,,1,15,,43411,2,,,1,55,,43431,2,,,1,15,,43451,2,,,1,15,,43471,2,,,1,15,,43412,2,,,1,55,,43432,2,,,1,15,,43452,2,,,1,15,,43472,2,,,1,15,,43413,2,,,1,55,,43433,2,,,1,15,,43453,2,,,1,15,,43473,2,,,1,15,,43414,2,,,1,55,,43434,2,,,1,15,,43454,2,,,1,15,,43474,2,,,1,15,,43415,2,,,1,55,,43435,2,,,1,15,,43455,2,,,1,15,,43475,2,,,1,15,,43416,2,,,1,55,,43436,2,,,1,15,,43456,2,,,1,15,,43476,2,,,1,15,,43417,2,,,1,55,,43437,2,,,1,15,,43457,2,,,1,15,,43477,2,,,1,15,,43418,2,,,1,55,,43438,2,,,1,15,,43458,2,,,1,15,,43478,2,,,1,15,,43419,2,,,1,55,,43439,2,,,1,15,,43459,2,,,1,15,,43479,2,,,1,15,,43420,2,,,1,55,,43440,2,,,1,15,,43460,2,,,1,15,,43480,2,,,1,15,,43421,2,,,1,55,,43441,2,,,1,15,,43461,2,,,1,15,,43481,2,,,1,15,,43422,2,,,1,55,,43442,2,,,1,15,,43462,2,,,1,15,,43482,2,,,1,15,,43423,2,,,1,55,,43443,2,,,1,15,,43463,2,,,1,15,,43483,2,,,1,15,,43424,2,,,1,55,,43444,2,,,1,15,,43464,2,,,1,15,,43484,2,,,1,15,,43425,2,,,1,55,,43445,2,,,1,15,,43465,2,,,1,15,,43485,2,,,1,15,,43426,2,,,1,55,,43446,2,,,1,15,,43466,2,,,1,15,,43486,2,,,1,15,,43427,2,,,1,55,,43447,2,,,1,15,,43467,2,,,1,15,,43487,2,,,1,15,,43428,2,,,1,55,,43448,2,,,1,15,,43468,2,,,1,15,,43488,2,,,1,15,,43429,2,,,1,55,,43449,2,,,1
1,'20260826',539,,43548,2,,,1,15,,43489,2,,,1,52,,43509,2,,,1,15,,43529,2,,,1,15,,43549,2,,,1,15,,43490,2,,,1,55,,43510,2,,,1,15,,43530,2,,,1,15,,43550,2,,,1,15,,43491,2,,,1,55,,43511,2,,,1,15,,43531,2,,,1,15,,43551,2,,,1,15,,43492,2,,,1,55,,43512,2,,,1,15,,43532,2,,,1,15,,43552,2,,,1,15,,43493,2,,,1,55,,43513,2,,,1,15,,43533,2,,,1,15,,43553,2,,,1,15,,43494,2,,,1,55,,43514,2,,,1,15,,43534,2,,,1,15,,43554,2,,,1,15,,43495,2,,,1,55,,43515,2,,,1,15,,43535,2,,,1,15,,43555,2,,,1,15,,43496,2,,,1,55,,43516,2,,,1,15,,43536,2,,,1,15,,43556,2,,,1,15,,43497,2,,,1,55,,43517,2,,,1,15,,43537,2,,,1,15,,43557,2,,,1,15,,43498,2,,,1,55,,43518,2,,,1,15,,43538,2,,,1,15,,43558,2,,,1,15,,43499,2,,,1,55,,43519,2,,,1,15,,43539,2,,,1,15,,43559,2,,,1,15,,43500,2,,,1,55,,43520,2,,,1,15,,43540,2,,,1,15,,43560,2,,,1,15,,43501,2,,,1,55,,43521,2,,,1,15,,43541,2,,,1,15,,43561,2,,,1,15,,43502,2,,,1,55,,43522,2,,,1,15,,43542,2,,,1,15,,43562,2,,,1,15,,43503,2,,,1,55,,43523,2,,,1,15,,43543,2,,,1,15,,43563,2,,,1,15,,43504,2,,,1,55,,43524,2,,,1,15,,43544,2,,,1,15,,43564,2,,,1,15,,43505,2,,,1,55,,43525,2,,,1,15,,43545,2,,,1,15,,43565,2,,,1,15,,43506,2,,,1,55,,43526,2,,,1,15,,43546,2,,,1,15,,43566,2,,,1,15,,43507,2,,,1,55,,43527,2,,,1,15,,43547,2,,,1,15,,43567,2,,,1,15,,43508,2,,,1,55,,43528,2,,,1
1,'20260827',539,,43627,2,,,1,15,,43568,2,,,1,52,,43588,2,,,1,15,,43608,2,,,1,15,,43628,2,,,1,15,,43569,2,,,1,55,,43589,2,,,1,15,,43609,2,,,1,15,,43629,2,,,1,15,,43570,2,,,1,55,,43590,2,,,1,15,,43610,2,,,1,15,,43630,2,,,1,15,,43571,2,,,1,55,,43591,2,,,1,15,,43611,2,,,1,15,,43631,2,,,1,15,,43572,2,,,1,55,,43592,2,,,1,15,,43612,2,,,1,15,,43632,2,,,1,15,,43573,2,,,1,55,,43593,2,,,1,15,,43613,2,,,1,15,,43633,2,,,1,15,,43574,2,,,1,55,,43594,2,,,1,15,,43614,2,,,1,15,,43634,2,,,1,15,,43575,2,,,1,55,,43595,2,,,1,15,,43615,2,,,1,15,,43635,2,,,1,15,,43576,2,,,1,55,,43596,2,,,1,15,,43616,2,,,1,15,,43636,2,,,1,15,,43577,2,,,1,55,,43597,2,,,1,15,,43617,2,,,1,15,,43637,2,,,1,15,,43578,2,,,1,55,,43598,2,,,1,15,,43618,2,,,1,15,,43638,2,,,1,15,,43579,2,,,1,55,,43599,2,,,1,15,,43619,2,,,1,15,,43639,2,,,1,15,,43580,2,,,1,55,,43600,2,,,1,15,,43620,2,,,1,15,,43640,2,,,1,15,,43581,2,,,1,55,,43601,2,,,1,15,,43621,2,,,1,15,,43641,2,,,1,15,,43582,2,,,1,55,,43602,2,,,1,15,,43622,2,,,1,15,,43642,2,,,1,15,,43583,2,,,1,55,,43603,2,,,1,15,,43623,2,,,1,15,,43643,2,,,1,15,,43584,2,,,1,55,,43604,2,,,1,15,,43624,2,,,1,15,,43644,2,,,1,15,,43585,2,,,1,55,,43605,2,,,1,15,,43625,2,,,1,15,,43645,2,,,1,15,,43586,2,,,1,55,,43606,2,,,1,15,,43626,2,,,1,15,,43646,2,,,1,15,,43587,2,,,1,55,,43607,2,,,1
1,'20260828',539,,43706,2,,,1,15,,43647,2,,,1,52,,43667,2,,,1,15,,43687,2,,,1,15,,43707,2,,,1,15,,43648,2,,,1,55,,43668,2,,,1,15,,43688,2,,,1,15,,43708,2,,,1,15,,43649,2,,,1,55,,43669,2,,,1,15,,43689,2,,,1,15,,43709,2,,,1,15,,43650,2,,,1,55,,43670,2,,,1,15,,43690,2,,,1,15,,43710,2,,,1,15,,43651,2,,,1,55,,43671,2,,,1,15,,43691,2,,,1,15,,43711,2,,,1,15,,43652,2,,,1,55,,43672,2,,,1,15,,43692,2,,,1,15,,43712,2,,,1,15,,43653,2,,,1,55,,43673,2,,,1,15,,43693,2,,,1,15,,43713,2,,,1,15,,43654,2,,,1,55,,43674,2,,,1,15,,43694,2,,,1,15,,43714,2,,,1,15,,43655,2,,,1,55,,43675,2,,,1,15,,43695,2,,,1,15,,43715,2,,,1,15,,43656,2,,,1,55,,43676,2,,,1,15,,43696,2,,,1,15,,43716,2,,,1,15,,43657,2,,,1,55,,43677,2,,,1,15,,43697,2,,,1,15,,43717,2,,,1,15,,43658,2,,,1,55,,43678,2,,,1,15,,43698,2,,,1,15,,43718,2,,,1,15,,43659,2,,,1,55,,43679,2,,,1,15,,43699,2,,,1,15,,43719,2,,,1,15,,43660,2,,,1,55,,43680,2,,,1,15,,43700,2,,,1,15,,43720,2,,,1,15,,43661,2,,,1,55,,43681,2,,,1,15,,43701,2,,,1,15,,43721,2,,,1,15,,43662,2,,,1,55,,43682,2,,,1,15,,43702,2,,,1,15,,43722,2,,,1,15,,43663,2,,,1,55,,43683,2,,,1,15,,43703,2,,,1,15,,43723,2,,,1,15,,43664,2,,,1,55,,43684,2,,,1,15,,43704,2,,,1,15,,43724,2,,,1,15,,43665,2,,,1,55,,43685,2,,,1,15,,43705,2,,,1,15,,43725,2,,,1,15,,43666,2,,,1,55,,43686,2,,,1
1,'20260829',636,,43782,2,,,1,15,,43726,2,,,1,55,,43745,2,,,1,15,,43764,2,,,1,15,,43783,2,,,1,15,,43727,2,,,1,55,,43746,2,,,1,15,,43765,2,,,1,15,,43784,2,,,1,15,,43728,2,,,1,55,,43747,2,,,1,15,,43766,2,,,1,15,,43785,2,,,1,15,,43729,2,,,1,55,,43748,2,,,1,15,,43767,2,,,1,15,,43786,2,,,1,15,,43730,2,,,1,55,,43749,2,,,1,15,,43768,2,,,1,15,,43787,2,,,1,15,,43731,2,,,1,55,,43750,2,,,1,15,,43769,2,,,1,15,,43788,2,,,1,15,,43732,2,,,1,55,,43751,2,,,1,15,,43770,2,,,1,15,,43789,2,,,1,15,,43733,2,,,1,55,,43752,2,,,1,15,,43771,2,,,1,15,,43790,2,,,1,15,,43734,2,,,1,55,,43753,2,,,1,15,,43772,2,,,1,15,,43791,2,,,1,15,,43735,2,,,1,55,,43754,2,,,1,15,,43773,2,,,1,15,,43792,2,,,1,15,,43736,2,,,1,55,,43755,2,,,1,15,,43774,2,,,1,15,,43793,2,,,1,15,,43737,2,,,1,55,,43756,2,,,1,15,,43775,2,,,1,15,,43794,2,,,1,15,,43738,2,,,1,55,,43757,2,,,1,15,,43776,2,,,1,15,,43795,2,,,1,15,,43739,2,,,1,55,,43758,2,,,1,15,,43777,2,,,1,15,,43796,2,,,1,15,,43740,2,,,1,55,,43759,2,,,1,15,,43778,2,,,1,15,,43797,2,,,1,15,,43741,2,,,1,55,,43760,2,,,1,15,,43779,2,,,1,15,,43798,2,,,1,15,,43742,2,,,1,55,,43761,2,,,1,15,,43780,2,,,1,15,,43799,2,,,1,15,,43743,2,,,1,55,,43762,2,,,1,15,,43781,2,,,1,15,,43800,2,,,1,15,,43744,2,,,1,55,,43763,2,,,1
1,'20260830',636,,43857,2,,,1,15,,43801,2,,,1,55,,43820,2,,,1,15,,43839,2,,,1,15,,43858,2,,,1,15,,43802,2,,,1,55,,43821,2,,,1,15,,43840,2,,,1,15,,43859,2,,,1,15,,43803,2,,,1,55,,43822,2,,,1,15,,43841,2,,,1,15,,43860,2,,,1,15,,43804,2,,,1,55,,43823,2,,,1,15,,43842,2,,,1,15,,43861,2,,,1,15,,43805,2,,,1,55,,43824,2,,,1,15,,43843,2,,,1,15,,43862,2,,,1,15,,43806,2,,,1,55,,43825,2,,,1,15,,43844,2,,,1,15,,43863,2,,,1,15,,43807,2,,,1,55,,43826,2,,,1,15,,43845,2,,,1,15,,43864,2,,,1,15,,43808,2,,,1,55,,43827,2,,,1,15,,43846,2,,,1,15,,43865,2,,,1,15,,43809,2,,,1,55,,43828,2,,,1,15,,43847,2,,,1,15,,43866,2,,,1,15,,43810,2,,,1,55,,43829,2,,,1,15,,43848,2,,,1,15,,43867,2,,,1,15,,43811,2,,,1,55,,43830,2,,,1,15,,43849,2,,,1,15,,43868,2,,,1,15,,43812,2,,,1,55,,43831,2,,,1,15,,43850,2,,,1,15,,43869,2,,,1,15,,43813,2,,,1,55,,43832,2,,,1,15,,43851,2,,,1,15,,43870,2,,,1,15,,43814,2,,,1,55,,43833,2,,,1,15,,43852,2,,,1,15,,43871,2,,,1,15,,43815,2,,,1,55,,43834,2,,,1,15,,43853,2,,,1,15,,43872,2,,,1,15,,43816,2,,,1,55,,43835,2,,,1,15,,43854,2,,,1,15,,43873,2,,,1,15,,43817,2,,,1,55,,43836,2,,,1,15,,43855,2,,,1,15,,43874,2,,,1,15,,43818,2,,,1,55,,43837,2,,,1,15,,43856,2,,,1,15,,43875,2,,,1,15,,43819,2,,,1,55,,43838,2,,,1
1,'20260831',636,,43932,2,,,1,15,,43876,2,,,1,55,,43895,2,,,1,15,,43914,2,,,1,15,,43933,2,,,1,15,,43877,2,,,1,55,,43896,2,,,1,15,,43915,2,,,1,15,,43934,2,,,1,15,,43878,2,,,1,55,,43897,2,,,1,15,,43916,2,,,1,15,,43935,2,,,1,15,,43879,2,,,1,55,,43898,2,,,1,15,,43917,2,,,1,15,,43936,2,,,1,15,,43880,2,,,1,55,,43899,2,,,1,15,,43918,2,,,1,15,,43937,2,,,1,15,,43881,2,,,1,55,,43900,2,,,1,15,,43919,2,,,1,15,,43938,2,,,1,15,,43882,2,,,1,55,,43901,2,,,1,15,,43920,2,,,1,15,,43939,2,,,1,15,,43883,2,,,1,55,,43902,2,,,1,15,,43921,2,,,1,15,,43940,2,,,1,15,,43884,2,,,1,55,,43903,2,,,1,15,,43922,2,,,1,15,,43941,2,,,1,15,,43885,2,,,1,55,,43904,2,,,1,15,,43923,2,,,1,15,,43942,2,,,1,15,,43886,2,,,1,55,,43905,2,,,1,15,,43924,2,,,1,15,,43943,2,,,1,15,,43887,2,,,1,55,,43906,2,,,1,15,,43925,2,,,1,15,,43944,2,,,1,15,,43888,2,,,1,55,,43907,2,,,1,15,,43926,2,,,1,15,,43945,2,,,1,15,,43889,2,,,1,55,,43908,2,,,1,15,,43927,2,,,1,15,,43946,2,,,1,15,,43890,2,,,1,55,,43909,2,,,1,15,,43928,2,,,1,15,,43947,2,,,1,15,,43891,2,,,1,55,,43910,2,,,1,15,,43929,2,,,1,15,,43948,2,,,1,15,,43892,2,,,1,55,,43911,2,,,1,15,,43930,2,,,1,15,,43949,2,,,1,15,,43893,2,,,1,55,,43912,2,,,1,15,,43931,2,,,1,15,,43950,2,,,1,15,,43894,2,,,1,55,,43913,2,,,1
1,'20260901',539,,44010,2,,,1,15,,43951,2,,,1,52,,43971,2,,,1,15,,43991,2,,,1,15,,44011,2,,,1,15,,43952,2,,,1,55,,43972,2,,,1,15,,43992,2,,,1,15,,44012,2,,,1,15,,43953,2,,,1,55,,43973,2,,,1,15,,43993,2,,,1,15,,44013,2,,,1,15,,43954,2,,,1,55,,43974,2,,,1,15,,43994,2,,,1,15,,44014,2,,,1,15,,43955,2,,,1,55,,43975,2,,,1,15,,43995,2,,,1,15,,44015,2,,,1,15,,43956,2,,,1,55,,43976,2,,,1,15,,43996,2,,,1,15,,44016,2,,,1,15,,43957,2,,,1,55,,43977,2,,,1,15,,43997,2,,,1,15,,44017,2,,,1,15,,43958,2,,,1,55,,43978,2,,,1,15,,43998,2,,,1,15,,44018,2,,,1,15,,43959,2,,,1,55,,43979,2,,,1,15,,43999,2,,,1,15,,44019,2,,,1,15,,43960,2,,,1,55,,43980,2,,,1,15,,44000,2,,,1,15,,44020,2,,,1,15,,43961,2,,,1,55,,43981,2,,,1,15,,44001,2,,,1,15,,44021,2,,,1,15,,43962,2,,,1,55,,43982,2,,,1,15,,44002,2,,,1,15,,44022,2,,,1,15,,43963,2,,,1,55,,43983,2,,,1,15,,44003,2,,,1,15,,44023,2,,,1,15,,43964,2,,,1,55,,43984,2,,,1,15,,44004,2,,,1,15,,44024,2,,,1,15,,43965,2,,,1,55,,43985,2,,,1,15,,44005,2,,,1,15,,44025,2,,,1,15,,43966,2,,,1,55,,43986,2,,,1,15,,44006,2,,,1,15,,44026,2,,,1,15,,43967,2,,,1,55,,43987,2,,,1,15,,44007,2,,,1,15,,44027,2,,,1,15,,43968,2,,,1,55,,43988,2,,,1,15,,44008,2,,,1,15,,44028,2,,,1,15,,43969,2,,,1,55,,43989,2,,,1,15,,44009,2,,,1,15,,44029,2,,,1,15,,43970,2,,,1,55,,43990,2,,,1
1,'20260902',539,,44089,2,,,1,15,,44030,2,,,1,52,,44050,2,,,1,15,,44070,2,,,1,15,,44090,2,,,1,15,,44031,2,,,1,55,,44051,2,,,1,15,,44071,2,,,1,15,,44091,2,,,1,15,,44032,2,,,1,55,,44052,2,,,1,15,,44072,2,,,1,15,,44092,2,,,1,15,,44033,2,,,1,55,,44053,2,,,1,15,,44073,2,,,1,15,,44093,2,,,1,15,,44034,2,,,1,55,,44054,2,,,1,15,,44074,2,,,1,15,,44094,2,,,1,15,,44035,2,,,1,55,,44055,2,,,1,15,,44075,2,,,1,15,,44095,2,,,1,15,,44036,2,,,1,55,,44056,2,,,1,15,,44076,2,,,1,15,,44096,2,,,1,15,,44037,2,,,1,55,,44057,2,,,1,15,,44077,2,,,1,15,,44097,2,,,1,15,,44038,2,,,1,55,,44058,2,,,1,15,,44078,2,,,1,15,,44098,2,,,1,15,,44039,2,,,1,55,,44059,2,,,1,15,,44079,2,,,1,15,,44099,2,,,1,15,,44040,2,,,1,55,,44060,2,,,1,15,,44080,2,,,1,15,,44100,2,,,1,15,,44041,2,,,1,55,,44061,2,,,1,15,,44081,2,,,1,15,,44101,2,,,1,15,,44042,2,,,1,55,,44062,2,,,1,15,,44082,2,,,1,15,,44102,2,,,1,15,,44043,2,,,1,55,,44063,2,,,1,15,,44083,2,,,1,15,,44103,2,,,1,15,,44044,2,,,1,55,,44064,2,,,1,15,,44084,2,,,1,15,,44104,2,,,1,15,,44045,2,,,1,55,,44065,2,,,1,15,,44085,2,,,1,15,,44105,2,,,1,15,,44046,2,,,1,55,,44066,2,,,1,15,,44086,2,,,1,15,,44106,2,,,1,15,,44047,2,,,1,55,,44067,2,,,1,15,,44087,2,,,1,15,,44107,2,,,1,15,,44048,2,,,1,55,,44068,2,,,1,15,,44088,2,,,1,15,,44108,2,,,1,15,,44049,2,,,1,55,,44069,2,,,1
1,'20260903',539,,44168,2,,,1,15,,44109,2,,,1,52,,44129,2,,,1,15,,44149,2,,,1,15,,44169,2,,,1,15,,44110,2,,,1,55,,44130,2,,,1,15,,44150,2,,,1,15,,44170,2,,,1,15,,44111,2,,,1,55,,44131,2,,,1,15,,44151,2,,,1,15,,44171,2,,,1,15,,44112,2,,,1,55,,44132,2,,,1,15,,44152,2,,,1,15,,44172,2,,,1,15,,44113,2,,,1,55,,44133,2,,,1,15,,44153,2,,,1,15,,44173,2,,,1,15,,44114,2,,,1,55,,44134,2,,,1,15,,44154,2,,,1,15,,44174,2,,,1,15,,44115,2,,,1,55,,44135,2,,,1,15,,44155,2,,,1,15,,44175,2,,,1,15,,44116,2,,,1,55,,44136,2,,,1,15,,44156,2,,,1,15,,44176,2,,,1,15,,44117,2,,,1,55,,44137,2,,,1,15,,44157,2,,,1,15,,44177,2,,,1,15,,44118,2,,,1,55,,44138,2,,,1,15,,44158,2,,,1,15,,44178,2,,,1,15,,44119,2,,,1,55,,44139,2,,,1,15,,44159,2,,,1,15,,44179,2,,,1,15,,44120,2,,,1,55,,44140,2,,,1,15,,44160,2,,,1,15,,44180,2,,,1,15,,44121,2,,,1,55,,44141,2,,,1,15,,44161,2,,,1,15,,44181,2,,,1,15,,44122,2,,,1,55,,44142,2,,,1,15,,44162,2,,,1,15,,44182,2,,,1,15,,44123,2,,,1,55,,44143,2,,,1,15,,44163,2,,,1,15,,44183,2,,,1,15,,44124,2,,,1,55,,44144,2,,,1,15,,44164,2,,,1,15,,44184,2,,,1,15,,44125,2,,,1,55,,44145,2,,,1,15,,44165,2,,,1,15,,44185,2,,,1,15,,44126,2,,,1,55,,44146,2,,,1,15,,44166,2,,,1,15,,44186,2,,,1,15,,44127,2,,,1,55,,44147,2,,,1,15,,44167,2,,,1,15,,44187,2,,,1,15,,44128,2,,,1,55,,44148,2,,,1
1,'20260904',539,,44247,2,,,1,15,,44188,2,,,1,52,,44208,2,,,1,15,,44228,2,,,1,15,,44248,2,,,1,15,,44189,2,,,1,55,,44209,2,,,1,15,,44229,2,,,1,15,,44249,2,,,1,15,,44190,2,,,1,55,,44210,2,,,1,15,,44230,2,,,1,15,,44250,2,,,1,15,,44191,2,,,1,55,,44211,2,,,1,15,,44231,2,,,1,15,,44251,2,,,1,15,,44192,2,,,1,55,,44212,2,,,1,15,,44232,2,,,1,15,,44252,2,,,1,15,,44193,2,,,1,55,,44213,2,,,1,15,,44233,2,,,1,15,,44253,2,,,1,15,,44194,2,,,1,55,,44214,2,,,1,15,,44234,2,,,1,15,,44254,2,,,1,15,,44195,2,,,1,55,,44215,2,,,1,15,,44235,2,,,1,15,,44255,2,,,1,15,,44196,2,,,1,55,,44216,2,,,1,15,,44236,2,,,1,15,,44256,2,,,1,15,,44197,2,,,1,55,,44217,2,,,1,15,,44237,2,,,1,15,,44257,2,,,1,15,,44198,2,,,1,55,,44218,2,,,1,15,,44238,2,,,1,15,,44258,2,,,1,15,,44199,2,,,1,55,,44219,2,,,1,15,,44239,2,,,1,15,,44259,2,,,1,15,,44200,2,,,1,55,,44220,2,,,1,15,,44240,2,,,1,15,,44260,2,,,1,15,,44201,2,,,1,55,,44221,2,,,1,15,,44241,2,,,1,15,,44261,2,,,1,15,,44202,2,,,1,55,,44222,2,,,1,15,,44242,2,,,1,15,,44262,2,,,1,15,,44203,2,,,1,55,,44223,2,,,1,15,,44243,2,,,1,15,,44263,2,,,1,15,,44204,2,,,1,55,,44224,2,,,1,15,,44244,2,,,1,15,,44264,2,,,1,15,,44205,2,,,1,55,,44225,2,,,1,15,,44245,2,,,1,15,,44265,2,,,1,15,,44206,2,,,1,55,,44226,2,,,1,15,,44246,2,,,1,15,,44266,2,,,1,15,,44207,2,,,1,55,,44227,2,,,1
1,'20260905',636,,44323,2,,,1,15,,44267,2,,,1,55,,44286,2,,,1,15,,44305,2,,,1,15,,44324,2,,,1,15,,44268,2,,,1,55,,44287,2,,,1,15,,44306,2,,,1,15,,44325,2,,,1,15,,44269,2,,,1,55,,44288,2,,,1,15,,44307,2,,,1,15,,44326,2,,,1,15,,44270,2,,,1,55,,44289,2,,,1,15,,44308,2,,,1,15,,44327,2,,,1,15,,44271,2,,,1,55,,44290,2,,,1,15,,44309,2,,,1,15,,44328,2,,,1,15,,44272,2,,,1,55,,44291,2,,,1,15,,44310,2,,,1,15,,44329,2,,,1,15,,44273,2,,,1,55,,44292,2,,,1,15,,44311,2,,,1,15,,44330,2,,,1,15,,44274,2,,,1,55,,44293,2,,,1,15,,44312,2,,,1,15,,44331,2,,,1,15,,44275,2,,,1,55,,44294,2,,,1,15,,44313,2,,,1,15,,44332,2,,,1,15,,44276,2,,,1,55,,44295,2,,,1,15,,44314,2,,,1,15,,44333,2,,,1,15,,44277,2,,,1,55,,44296,2,,,1,15,,44315,2,,,1,15,,44334,2,,,1,15,,44278,2,,,1,55,,44297,2,,,1,15,,44316,2,,,1,15,,44335,2,,,1,15,,44279,2,,,1,55,,44298,2,,,1,15,,44317,2,,,1,15,,44336,2,,,1,15,,44280,2,,,1,55,,44299,2,,,1,15,,44318,2,,,1,15,,44337,2,,,1,15,,44281,2,,,1,55,,44300,2,,,1,15,,44319,2,,,1,15,,44338,2,,,1,15,,44282,2,,,1,55,,44301,2,,,1,15,,44320,2,,,1,15,,44339,2,,,1,15,,44283,2,,,1,55,,44302,2,,,1,15,,44321,2,,,1,15,,44340,2,,,1,15,,44284,2,,,1,55,,44303,2,,,1,15,,44322,2,,,1,15,,44341,2,,,1,15,,44285,2,,,1,55,,44304,2,,,1
1,'20260906',636,,44398,2,,,1,15,,44342,2,,,1,55,,44361,2,,,1,15,,44380,2,,,1,15,,44399,2,,,1,15,,44343,2,,,1,55,,44362,2,,,1,15,,44381,2,,,1,15,,44400,2,,,1,15,,44344,2,,,1,55,,44363,2,,,1,15,,44382,2,,,1,15,,44401,2,,,1,15,,44345,2,,,1,55,,44364,2,,,1,15,,44383,2,,,1,15,,44402,2,,,1,15,,44346,2,,,1,55,,44365,2,,,1,15,,44384,2,,,1,15,,44403,2,,,1,15,,44347,2,,,1,55,,44366,2,,,1,15,,44385,2,,,1,15,,44404,2,,,1,15,,44348,2,,,1,55,,44367,2,,,1,15,,44386,2,,,1,15,,44405,2,,,1,15,,44349,2,,,1,55,,44368,2,,,1,15,,44387,2,,,1,15,,44406,2,,,1,15,,44350,2,,,1,55,,44369,2,,,1,15,,44388,2,,,1,15,,44407,2,,,1,15,,44351,2,,,1,55,,44370,2,,,1,15,,44389,2,,,1,15,,44408,2,,,1,15,,44352,2,,,1,55,,44371,2,,,1,15,,44390,2,,,1,15,,44409,2,,,1,15,,44353,2,,,1,55,,44372,2,,,1,15,,44391,2,,,1,15,,44410,2,,,1,15,,44354,2,,,1,55,,44373,2,,,1,15,,44392,2,,,1,15,,44411,2,,,1,15,,44355,2,,,1,55,,44374,2,,,1,15,,44393,2,,,1,15,,44412,2,,,1,15,,44356,2,,,1,55,,44375,2,,,1,15,,44394,2,,,1,15,,44413,2,,,1,15,,44357,2,,,1,55,,44376,2,,,1,15,,44395,2,,,1,15,,44414,2,,,1,15,,44358,2,,,1,55,,44377,2,,,1,15,,44396,2,,,1,15,,44415,2,,,1,15,,44359,2,,,1,55,,44378,2,,,1,15,,44397,2,,,1,15,,44416,2,,,1,15,,44360,2,,,1,55,,44379,2,,,1
1,'20260907',636,,44473,2,,,1,15,,44417,2,,,1,55,,44436,2,,,1,15,,44455,2,,,1,15,,44474,2,,,1,15,,44418,2,,,1,55,,44437,2,,,1,15,,44456,2,,,1,15,,44475,2,,,1,15,,44419,2,,,1,55,,44438,2,,,1,15,,44457,2,,,1,15,,44476,2,,,1,15,,44420,2,,,1,55,,44439,2,,,1,15,,44458,2,,,1,15,,44477,2,,,1,15,,44421,2,,,1,55,,44440,2,,,1,15,,44459,2,,,1,15,,44478,2,,,1,15,,44422,2,,,1,55,,44441,2,,,1,15,,44460,2,,,1,15,,44479,2,,,1,15,,44423,2,,,1,55,,44442,2,,,1,15,,44461,2,,,1,15,,44480,2,,,1,15,,44424,2,,,1,55,,44443,2,,,1,15,,44462,2,,,1,15,,44481,2,,,1,15,,44425,2,,,1,55,,44444,2,,,1,15,,44463,2,,,1,15,,44482,2,,,1,15,,44426,2,,,1,55,,44445,2,,,1,15,,44464,2,,,1,15,,44483,2,,,1,15,,44427,2,,,1,55,,44446,2,,,1,15,,44465,2,,,1,15,,44484,2,,,1,15,,44428,2,,,1,55,,44447,2,,,1,15,,44466,2,,,1,15,,44485,2,,,1,15,,44429,2,,,1,55,,44448,2,,,1,15,,44467,2,,,1,15,,44486,2,,,1,15,,44430,2,,,1,55,,44449,2,,,1,15,,44468,2,,,1,15,,44487,2,,,1,15,,44431,2,,,1,55,,44450,2,,,1,15,,44469,2,,,1,15,,44488,2,,,1,15,,44432,2,,,1,55,,44451,2,,,1,15,,44470,2,,,1,15,,44489,2,,,1,15,,44433,2,,,1,55,,44452,2,,,1,15,,44471,2,,,1,15,,44490,2,,,1,15,,44434,2,,,1,55,,44453,2,,,1,15,,44472,2,,,1,15,,44491,2,,,1,15,,44435,2,,,1,55,,44454,2,,,1
1,'20260908',539,,44551,2,,,1,15,,44492,2,,,1,52,,44512,2,,,1,15,,44532,2,,,1,15,,44552,2,,,1,15,,44493,2,,,1,55,,44513,2,,,1,15,,44533,2,,,1,15,,44553,2,,,1,15,,44494,2,,,1,55,,44514,2,,,1,15,,44534,2,,,1,15,,44554,2,,,1,15,,44495,2,,,1,55,,44515,2,,,1,15,,44535,2,,,1,15,,44555,2,,,1,15,,44496,2,,,1,55,,44516,2,,,1,15,,44536,2,,,1,15,,44556,2,,,1,15,,44497,2,,,1,55,,44517,2,,,1,15,,44537,2,,,1,15,,44557,2,,,1,15,,44498,2,,,1,55,,44518,2,,,1,15,,44538,2,,,1,15,,44558,2,,,1,15,,44499,2,,,1,55,,44519,2,,,1,15,,44539,2,,,1,15,,44559,2,,,1,15,,44500,2,,,1,55,,44520,2,,,1,15,,44540,2,,,1,15,,44560,2,,,1,15,,44501,2,,,1,55,,44521,2,,,1,15,,44541,2,,,1,15,,44561,2,,,1,15,,44502,2,,,1,55,,44522,2,,,1,15,,44542,2,,,1,15,,44562,2,,,1,15,,44503,2,,,1,55,,44523,2,,,1,15,,44543,2,,,1,15,,44563,2,,,1,15,,44504,2,,,1,55,,44524,2,,,1,15,,44544,2,,,1,15,,44564,2,,,1,15,,44505,2,,,1,55,,44525,2,,,1,15,,44545,2,,,1,15,,44565,2,,,1,15,,44506,2,,,1,55,,44526,2,,,1,15,,44546,2,,,1,15,,44566,2,,,1,15,,44507,2,,,1,55,,44527,2,,,1,15,,44547,2,,,1,15,,44567,2,,,1,15,,44508,2,,,1,55,,44528,2,,,1,15,,44548,2,,,1,15,,44568,2,,,1,15,,44509,2,,,1,55,,44529,2,,,1,15,,44549,2,,,1,15,,44569,2,,,1,15,,44510,2,,,1,55,,44530,2,,,1,15,,44550,2,,,1,15,,44570,2,,,1,15,,44511,2,,,1,55,,44531,2,,,1
1,'20260909',539,,44630,2,,,1,15,,44571,2,,,1,52,,44591,2,,,1,15,,44611,2,,,1,15,,44631,2,,,1,15,,44572,2,,,1,55,,44592,2,,,1,15,,44612,2,,,1,15,,44632,2,,,1,15,,44573,2,,,1,55,,44593,2,,,1,15,,44613,2,,,1,15,,44633,2,,,1,15,,44574,2,,,1,55,,44594,2,,,1,15,,44614,2,,,1,15,,44634,2,,,1,15,,44575,2,,,1,55,,44595,2,,,1,15,,44615,2,,,1,15,,44635,2,,,1,15,,44576,2,,,1,55,,44596,2,,,1,15,,44616,2,,,1,15,,44636,2,,,1,15,,44577,2,,,1,55,,44597,2,,,1,15,,44617,2,,,1,15,,44637,2,,,1,15,,44578,2,,,1,55,,44598,2,,,1,15,,44618,2,,,1,15,,44638,2,,,1,15,,44579,2,,,1,55,,44599,2,,,1,15,,44619,2,,,1,15,,44639,2,,,1,15,,44580,2,,,1,55,,44600,2,,,1,15,,44620,2,,,1,15,,44640,2,,,1,15,,44581,2,,,1,55,,44601,2,,,1,15,,44621,2,,,1,15,,44641,2,,,1,15,,44582,2,,,1,55,,44602,2,,,1,15,,44622,2,,,1,15,,44642,2,,,1,15,,44583,2,,,1,55,,44603,2,,,1,15,,44623,2,,,1,15,,44643,2,,,1,15,,44584,2,,,1,55,,44604,2,,,1,15,,44624,2,,,1,15,,44644,2,,,1,15,,44585,2,,,1,55,,44605,2,,,1,15,,44625,2,,,1,15,,44645,2,,,1,15,,44586,2,,,1,55,,44606,2,,,1,15,,44626,2,,,1,15,,44646,2,,,1,15,,44587,2,,,1,55,,44607,2,,,1,15,,44627,2,,,1,15,,44647,2,,,1,15,,44588,2,,,1,55,,44608,2,,,1,15,,44628,2,,,1,15,,44648,2,,,1,15,,44589,2,,,1,55,,44609,2,,,1,15,,44629,2,,,1,15,,44649,2,,,1,15,,44590,2,,,1,55,,44610,2,,,1
1,'20260910',539,,44709,2,,,1,15,,44650,2,,,1,52,,44670,2,,,1,15,,44690,2,,,1,15,,44710,2,,,1,15,,44651,2,,,1,55,,44671,2,,,1,15,,44691,2,,,1,15,,44711,2,,,1,15,,44652,2,,,1,55,,44672,2,,,1,15,,44692,2,,,1,15,,44712,2,,,1,15,,44653,2,,,1,55,,44673,2,,,1,15,,44693,2,,,1,15,,44713,2,,,1,15,,44654,2,,,1,55,,44674,2,,,1,15,,44694,2,,,1,15,,44714,2,,,1,15,,44655,2,,,1,55,,44675,2,,,1,15,,44695,2,,,1,15,,44715,2,,,1,15,,44656,2,,,1,55,,44676,2,,,1,15,,44696,2,,,1,15,,44716,2,,,1,15,,44657,2,,,1,55,,44677,2,,,1,15,,44697,2,,,1,15,,44717,2,,,1,15,,44658,2,,,1,55,,44678,2,,,1,15,,44698,2,,,1,15,,44718,2,,,1,15,,44659,2,,,1,55,,44679,2,,,1,15,,44699,2,,,1,15,,44719,2,,,1,15,,44660,2,,,1,55,,44680,2,,,1,15,,44700,2,,,1,15,,44720,2,,,1,15,,44661,2,,,1,55,,44681,2,,,1,15,,44701,2,,,1,15,,44721,2,,,1,15,,44662,2,,,1,55,,44682,2,,,1,15,,44702,2,,,1,15,,44722,2,,,1,15,,44663,2,,,1,55,,44683,2,,,1,15,,44703,2,,,1,15,,44723,2,,,1,15,,44664,2,,,1,55,,44684,2,,,1,15,,44704,2,,,1,15,,44724,2,,,1,15,,44665,2,,,1,55,,44685,2,,,1,15,,44705,2,,,1,15,,44725,2,,,1,15,,44666,2,,,1,55,,44686,2,,,1,15,,44706,2,,,1,15,,44726,2,,,1,15,,44667,2,,,1,55,,44687,2,,,1,15,,44707,2,,,1,15,,44727,2,,,1,15,,44668,2,,,1,55,,44688,2,,,1,15,,44708,2,,,1,15,,44728,2,,,1,15,,44669,2,,,1,55,,44689,2,,,1
1,'20260911',539,,44788,2,,,1,15,,44729,2,,,1,52,,44749,2,,,1,15,,44769,2,,,1,15,,44789,2,,,1,15,,44730,2,,,1,55,,44750,2,,,1,15,,44770,2,,,1,15,,44790,2,,,1,15,,44731,2,,,1,55,,44751,2,,,1,15,,44771,2,,,1,15,,44791,2,,,1,15,,44732,2,,,1,55,,44752,2,,,1,15,,44772,2,,,1,15,,44792,2,,,1,15,,44733,2,,,1,55,,44753,2,,,1,15,,44773,2,,,1,15,,44793,2,,,1,15,,44734,2,,,1,55,,44754,2,,,1,15,,44774,2,,,1,15,,44794,2,,,1,15,,44735,2,,,1,55,,44755,2,,,1,15,,44775,2,,,1,15,,44795,2,,,1,15,,44736,2,,,1,55,,44756,2,,,1,15,,44776,2,,,1,15,,44796,2,,,1,15,,44737,2,,,1,55,,44757,2,,,1,15,,44777,2,,,1,15,,44797,2,,,1,15,,44738,2,,,1,55,,44758,2,,,1,15,,44778,2,,,1,15,,44798,2,,,1,15,,44739,2,,,1,55,,44759,2,,,1,15,,44779,2,,,1,15,,44799,2,,,1,15,,44740,2,,,1,55,,44760,2,,,1,15,,44780,2,,,1,15,,44800,2,,,1,15,,44741,2,,,1,55,,44761,2,,,1,15,,44781,2,,,1,15,,44801,2,,,1,15,,44742,2,,,1,55,,44762,2,,,1,15,,44782,2,,,1,15,,44802,2,,,1,15,,44743,2,,,1,55,,44763,2,,,1,15,,44783,2,,,1,15,,44803,2,,,1,15,,44744,2,,,1,55,,44764,2,,,1,15,,44784,2,,,1,15,,44804,2,,,1,15,,44745,2,,,1,55,,44765,2,,,1,15,,44785,2,,,1,15,,44805,2,,,1,15,,44746,2,,,1,55,,44766,2,,,1,15,,44786,2,,,1,15,,44806,2,,,1,15,,44747,2,,,1,55,,44767,2,,,1,15,,44787,2,,,1,15,,44807,2,,,1,15,,44748,2,,,1,55,,44768,2,,,1
1,'20260912',636,,44864,2,,,1,15,,44808,2,,,1,55,,44827,2,,,1,15,,44846,2,,,1,15,,44865,2,,,1,15,,44809,2,,,1,55,,44828,2,,,1,15,,44847,2,,,1,15,,44866,2,,,1,15,,44810,2,,,1,55,,44829,2,,,1,15,,44848,2,,,1,15,,44867,2,,,1,15,,44811,2,,,1,55,,44830,2,,,1,15,,44849,2,,,1,15,,44868,2,,,1,15,,44812,2,,,1,55,,44831,2,,,1,15,,44850,2,,,1,15,,44869,2,,,1,15,,44813,2,,,1,55,,44832,2,,,1,15,,44851,2,,,1,15,,44870,2,,,1,15,,44814,2,,,1,55,,44833,2,,,1,15,,44852,2,,,1,15,,44871,2,,,1,15,,44815,2,,,1,55,,44834,2,,,1,15,,44853,2,,,1,15,,44872,2,,,1,15,,44816,2,,,1,55,,44835,2,,,1,15,,44854,2,,,1,15,,44873,2,,,1,15,,44817,2,,,1,55,,44836,2,,,1,15,,44855,2,,,1,15,,44874,2,,,1,15,,44818,2,,,1,55,,44837,2,,,1,15,,44856,2,,,1,15,,44875,2,,,1,15,,44819,2,,,1,55,,44838,2,,,1,15,,44857,2,,,1,15,,44876,2,,,1,15,,44820,2,,,1,55,,44839,2,,,1,15,,44858,2,,,1,15,,44877,2,,,1,15,,44821,2,,,1,55,,44840,2,,,1,15,,44859,2,,,1,15,,44878,2,,,1,15,,44822,2,,,1,55,,44841,2,,,1,15,,44860,2,,,1,15,,44879,2,,,1,15,,44823,2,,,1,55,,44842,2,,,1,15,,44861,2,,,1,15,,44880,2,,,1,15,,44824,2,,,1,55,,44843,2,,,1,15,,44862,2,,,1,15,,44881,2,,,1,15,,44825,2,,,1,55,,44844,2,,,1,15,,44863,2,,,1,15,,44882,2,,,1,15,,44826,2,,,1,55,,44845,2,,,1
1,'20260913',636,,44939,2,,,1,15,,44883,2,,,1,55,,44902,2,,,1,15,,44921,2,,,1,15,,44940,2,,,1,15,,44884,2,,,1,55,,44903,2,,,1,15,,44922,2,,,1,15,,44941,2,,,1,15,,44885,2,,,1,55,,44904,2,,,1,15,,44923,2,,,1,15,,44942,2,,,1,15,,44886,2,,,1,55,,44905,2,,,1,15,,44924,2,,,1,15,,44943,2,,,1,15,,44887,2,,,1,55,,44906,2,,,1,15,,44925,2,,,1,15,,44944,2,,,1,15,,44888,2,,,1,55,,44907,2,,,1,15,,44926,2,,,1,15,,44945,2,,,1,15,,44889,2,,,1,55,,44908,2,,,1,15,,44927,2,,,1,15,,44946,2,,,1,15,,44890,2,,,1,55,,44909,2,,,1,15,,44928,2,,,1,15,,44947,2,,,1,15,,44891,2,,,1,55,,44910,2,,,1,15,,44929,2,,,1,15,,44948,2,,,1,15,,44892,2,,,1,55,,44911,2,,,1,15,,44930,2,,,1,15,,44949,2,,,1,15,,44893,2,,,1,55,,44912,2,,,1,15,,44931,2,,,1,15,,44950,2,,,1,15,,44894,2,,,1,55,,44913,2,,,1,15,,44932,2,,,1,15,,44951,2,,,1,15,,44895,2,,,1,55,,44914,2,,,1,15,,44933,2,,,1,15,,44952,2,,,1,15,,44896,2,,,1,55,,44915,2,,,1,15,,44934,2,,,1,15,,44953,2,,,1,15,,44897,2,,,1,55,,44916,2,,,1,15,,44935,2,,,1,15,,44954,2,,,1,15,,44898,2,,,1,55,,44917,2,,,1,15,,44936,2,,,1,15,,44955,2,,,1,15,,44899,2,,,1,55,,44918,2,,,1,15,,44937,2,,,1,15,,44956,2,,,1,15,,44900,2,,,1,55,,44919,2,,,1,15,,44938,2,,,1,15,,44957,2,,,1,15,,44901,2,,,1,55,,44920,2,,,1
1,'20260914',636,,45014,2,,,1,15,,44958,2,,,1,55,,44977,2,,,1,15,,44996,2,,,1,15,,45015,2,,,1,15,,44959,2,,,1,55,,44978,2,,,1,15,,44997,2,,,1,15,,45016,2,,,1,15,,44960,2,,,1,55,,44979,2,,,1,15,,44998,2,,,1,15,,45017,2,,,1,15,,44961,2,,,1,55,,44980,2,,,1,15,,44999,2,,,1,15,,45018,2,,,1,15,,44962,2,,,1,55,,44981,2,,,1,15,,45000,2,,,1,15,,45019,2,,,1,15,,44963,2,,,1,55,,44982,2,,,1,15,,45001,2,,,1,15,,45020,2,,,1,15,,44964,2,,,1,55,,44983,2,,,1,15,,45002,2,,,1,15,,45021,2,,,1,15,,44965,2,,,1,55,,44984,2,,,1,15,,45003,2,,,1,15,,45022,2,,,1,15,,44966,2,,,1,55,,44985,2,,,1,15,,45004,2,,,1,15,,45023,2,,,1,15,,44967,2,,,1,55,,44986,2,,,1,15,,45005,2,,,1,15,,45024,2,,,1,15,,44968,2,,,1,55,,44987,2,,,1,15,,45006,2,,,1,15,,45025,2,,,1,15,,44969,2,,,1,55,,44988,2,,,1,15,,45007,2,,,1,15,,45026,2,,,1,15,,44970,2,,,1,55,,44989,2,,,1,15,,45008,2,,,1,15,,45027,2,,,1,15,,44971,2,,,1,55,,44990,2,,,1,15,,45009,2,,,1,15,,45028,2,,,1,15,,44972,2,,,1,55,,44991,2,,,1,15,,45010,2,,,1,15,,45029,2,,,1,15,,44973,2,,,1,55,,44992,2,,,1,15,,45011,2,,,1,15,,45030,2,,,1,15,,44974,2,,,1,55,,44993,2,,,1,15,,45012,2,,,1,15,,45031,2,,,1,15,,44975,2,,,1,55,,44994,2,,,1,15,,45013,2,,,1,15,,45032,2,,,1,15,,44976,2,,,1,55,,44995,2,,,1
1,'20260915',539,,45092,2,,,1,15,,45033,2,,,1,52,,45053,2,,,1,15,,45073,2,,,1,15,,45093,2,,,1,15,,45034,2,,,1,55,,45054,2,,,1,15,,45074,2,,,1,15,,45094,2,,,1,15,,45035,2,,,1,55,,45055,2,,,1,15,,45075,2,,,1,15,,45095,2,,,1,15,,45036,2,,,1,55,,45056,2,,,1,15,,45076,2,,,1,15,,45096,2,,,1,15,,45037,2,,,1,55,,45057,2,,,1,15,,45077,2,,,1,15,,45097,2,,,1,15,,45038,2,,,1,55,,45058,2,,,1,15,,45078,2,,,1,15,,45098,2,,,1,15,,45039,2,,,1,55,,45059,2,,,1,15,,45079,2,,,1,15,,45099,2,,,1,15,,45040,2,,,1,55,,45060,2,,,1,15,,45080,2,,,1,15,,45100,2,,,1,15,,45041,2,,,1,55,,45061,2,,,1,15,,45081,2,,,1,15,,45101,2,,,1,15,,45042,2,,,1,55,,45062,2,,,1,15,,45082,2,,,1,15,,45102,2,,,1,15,,45043,2,,,1,55,,45063,2,,,1,15,,45083,2,,,1,15,,45103,2,,,1,15,,45044,2,,,1,55,,45064,2,,,1,15,,45084,2,,,1,15,,45104,2,,,1,15,,45045,2,,,1,55,,45065,2,,,1,15,,45085,2,,,1,15,,45105,2,,,1,15,,45046,2,,,1,55,,45066,2,,,1,15,,45086,2,,,1,15,,45106,2,,,1,15,,45047,2,,,1,55,,45067,2,,,1,15,,45087,2,,,1,15,,45107,2,,,1,15,,45048,2,,,1,55,,45068,2,,,1,15,,45088,2,,,1,15,,45108,2,,,1,15,,45049,2,,,1,55,,45069,2,,,1,15,,45089,2,,,1,15,,45109,2,,,1,15,,45050,2,,,1,55,,45070,2,,,1,15,,45090,2,,,1,15,,45110,2,,,1,15,,45051,2,,,1,55,,45071,2,,,1,15,,45091,2,,,1,15,,45111,2,,,1,15,,45052,2,,,1,55,,45072,2,,,1
1,'20260916',539,,45171,2,,,1,15,,45112,2,,,1,52,,45132,2,,,1,15,,45152,2,,,1,15,,45172,2,,,1,15,,45113,2,,,1,55,,45133,2,,,1,15,,45153,2,,,1,15,,45173,2,,,1,15,,45114,2,,,1,55,,45134,2,,,1,15,,45154,2,,,1,15,,45174,2,,,1,15,,45115,2,,,1,55,,45135,2,,,1,15,,45155,2,,,1,15,,45175,2,,,1,15,,45116,2,,,1,55,,45136,2,,,1,15,,45156,2,,,1,15,,45176,2,,,1,15,,45117,2,,,1,55,,45137,2,,,1,15,,45157,2,,,1,15,,45177,2,,,1,15,,45118,2,,,1,55,,45138,2,,,1,15,,45158,2,,,1,15,,45178,2,,,1,15,,45119,2,,,1,55,,45139,2,,,1,15,,45159,2,,,1,15,,45179,2,,,1,15,,45120,2,,,1,55,,45140,2,,,1,15,,45160,2,,,1,15,,45180,2,,,1,15,,45121,2,,,1,55,,45141,2,,,1,15,,45161,2,,,1,15,,45181,2,,,1,15,,45122,2,,,1,55,,45142,2,,,1,15,,45162,2,,,1,15,,45182,2,,,1,15,,45123,2,,,1,55,,45143,2,,,1,15,,45163,2,,,1,15,,45183,2,,,1,15,,45124,2,,,1,55,,45144,2,,,1,15,,45164,2,,,1,15,,45184,2,,,1,15,,45125,2,,,1,55,,45145,2,,,1,15,,45165,2,,,1,15,,45185,2,,,1,15,,45126,2,,,1,55,,45146,2,,,1,15,,45166,2,,,1,15,,45186,2,,,1,15,,45127,2,,,1,55,,45147,2,,,1,15,,45167,2,,,1,15,,45187,2,,,1,15,,45128,2,,,1,55,,45148,2,,,1,15,,45168,2,,,1,15,,45188,2,,,1,15,,45129,2,,,1,55,,45149,2,,,1,15,,45169,2,,,1,15,,45189,2,,,1,15,,45130,2,,,1,55,,45150,2,,,1,15,,45170,2,,,1,15,,45190,2,,,1,15,,45131,2,,,1,55,,45151,2,,,1
1,'20260917',539,,45250,2,,,1,15,,45191,2,,,1,52,,45211,2,,,1,15,,45231,2,,,1,15,,45251,2,,,1,15,,45192,2,,,1,55,,45212,2,,,1,15,,45232,2,,,1,15,,45252,2,,,1,15,,45193,2,,,1,55,,45213,2,,,1,15,,45233,2,,,1,15,,45253,2,,,1,15,,45194,2,,,1,55,,45214,2,,,1,15,,45234,2,,,1,15,,45254,2,,,1,15,,45195,2,,,1,55,,45215,2,,,1,15,,45235,2,,,1,15,,45255,2,,,1,15,,45196,2,,,1,55,,45216,2,,,1,15,,45236,2,,,1,15,,45256,2,,,1,15,,45197,2,,,1,55,,45217,2,,,1,15,,45237,2,,,1,15,,45257,2,,,1,15,,45198,2,,,1,55,,45218,2,,,1,15,,45238,2,,,1,15,,45258,2,,,1,15,,45199,2,,,1,55,,45219,2,,,1,15,,45239,2,,,1,15,,45259,2,,,1,15,,45200,2,,,1,55,,45220,2,,,1,15,,45240,2,,,1,15,,45260,2,,,1,15,,45201,2,,,1,55,,45221,2,,,1,15,,45241,2,,,1,15,,45261,2,,,1,15,,45202,2,,,1,55,,45222,2,,,1,15,,45242,2,,,1,15,,45262,2,,,1,15,,45203,2,,,1,55,,45223,2,,,1,15,,45243,2,,,1,15,,45263,2,,,1,15,,45204,2,,,1,55,,45224,2,,,1,15,,45244,2,,,1,15,,45264,2,,,1,15,,45205,2,,,1,55,,45225,2,,,1,15,,45245,2,,,1,15,,45265,2,,,1,15,,45206,2,,,1,55,,45226,2,,,1,15,,45246,2,,,1,15,,45266,2,,,1,15,,45207,2,,,1,55,,45227,2,,,1,15,,45247,2,,,1,15,,45267,2,,,1,15,,45208,2,,,1,55,,45228,2,,,1,15,,45248,2,,,1,15,,45268,2,,,1,15,,45209,2,,,1,55,,45229,2,,,1,15,,45249,2,,,1,15,,45269,2,,,1,15,,45210,2,,,1,55,,45230,2,,,1
1,'20260918',539,,45329,2,,,1,15,,45270,2,,,1,52,,45290,2,,,1,15,,45310,2,,,1,15,,45330,2,,,1,15,,45271,2,,,1,55,,45291,2,,,1,15,,45311,2,,,1,15,,45331,2,,,1,15,,45272,2,,,1,55,,45292,2,,,1,15,,45312,2,,,1,15,,45332,2,,,1,15,,45273,2,,,1,55,,45293,2,,,1,15,,45313,2,,,1,15,,45333,2,,,1,15,,45274,2,,,1,55,,45294,2,,,1,15,,45314,2,,,1,15,,45334,2,,,1,15,,45275,2,,,1,55,,45295,2,,,1,15,,45315,2,,,1,15,,45335,2,,,1,15,,45276,2,,,1,55,,45296,2,,,1,15,,45316,2,,,1,15,,45336,2,,,1,15,,45277,2,,,1,55,,45297,2,,,1,15,,45317,2,,,1,15,,45337,2,,,1,15,,45278,2,,,1,55,,45298,2,,,1,15,,45318,2,,,1,15,,45338,2,,,1,15,,45279,2,,,1,55,,45299,2,,,1,15,,45319,2,,,1,15,,45339,2,,,1,15,,45280,2,,,1,55,,45300,2,,,1,15,,45320,2,,,1,15,,45340,2,,,1,15,,45281,2,,,1,55,,45301,2,,,1,15,,45321,2,,,1,15,,45341,2,,,1,15,,45282,2,,,1,55,,45302,2,,,1,15,,45322,2,,,1,15,,45342,2,,,1,15,,45283,2,,,1,55,,45303,2,,,1,15,,45323,2,,,1,15,,45343,2,,,1,15,,45284,2,,,1,55,,45304,2,,,1,15,,45324,2,,,1,15,,45344,2,,,1,15,,45285,2,,,1,55,,45305,2,,,1,15,,45325,2,,,1,15,,45345,2,,,1,15,,45286,2,,,1,55,,45306,2,,,1,15,,45326,2,,,1,15,,45346,2,,,1,15,,45287,2,,,1,55,,45307,2,,,1,15,,45327,2,,,1,15,,45347,2,,,1,15,,45288,2,,,1,55,,45308,2,,,1,15,,45328,2,,,1,15,,45348,2,,,1,15,,45289,2,,,1,55,,45309,2,,,1
1,'20260919',636,,45405,2,,,1,15,,45349,2,,,1,55,,45368,2,,,1,15,,45387,2,,,1,15,,45406,2,,,1,15,,45350,2,,,1,55,,45369,2,,,1,15,,45388,2,,,1,15,,45407,2,,,1,15,,45351,2,,,1,55,,45370,2,,,1,15,,45389,2,,,1,15,,45408,2,,,1,15,,45352,2,,,1,55,,45371,2,,,1,15,,45390,2,,,1,15,,45409,2,,,1,15,,45353,2,,,1,55,,45372,2,,,1,15,,45391,2,,,1,15,,45410,2,,,1,15,,45354,2,,,1,55,,45373,2,,,1,15,,45392,2,,,1,15,,45411,2,,,1,15,,45355,2,,,1,55,,45374,2,,,1,15,,45393,2,,,1,15,,45412,2,,,1,15,,45356,2,,,1,55,,45375,2,,,1,15,,45394,2,,,1,15,,45413,2,,,1,15,,45357,2,,,1,55,,45376,2,,,1,15,,45395,2,,,1,15,,45414,2,,,1,15,,45358,2,,,1,55,,45377,2,,,1,15,,45396,2,,,1,15,,45415,2,,,1,15,,45359,2,,,1,55,,45378,2,,,1,15,,45397,2,,,1,15,,45416,2,,,1,15,,45360,2,,,1,55,,45379,2,,,1,15,,45398,2,,,1,15,,45417,2,,,1,15,,45361,2,,,1,55,,45380,2,,,1,15,,45399,2,,,1,15,,45418,2,,,1,15,,45362,2,,,1,55,,45381,2,,,1,15,,45400,2,,,1,15,,45419,2,,,1,15,,45363,2,,,1,55,,45382,2,,,1,15,,45401,2,,,1,15,,45420,2,,,1,15,,45364,2,,,1,55,,45383,2,,,1,15,,45402,2,,,1,15,,45421,2,,,1,15,,45365,2,,,1,55,,45384,2,,,1,15,,45403,2,,,1,15,,45422,2,,,1,15,,45366,2,,,1,55,,45385,2,,,1,15,,45404,2,,,1,15,,45423,2,,,1,15,,45367,2,,,1,55,,45386,2,,,1
1,'20260920',636,,45480,2,,,1,15,,45424,2,,,1,55,,45443,2,,,1,15,,45462,2,,,1,15,,45481,2,,,1,15,,45425,2,,,1,55,,45444,2,,,1,15,,45463,2,,,1,15,,45482,2,,,1,15,,45426,2,,,1,55,,45445,2,,,1,15,,45464,2,,,1,15,,45483,2,,,1,15,,45427,2,,,1,55,,45446,2,,,1,15,,45465,2,,,1,15,,45484,2,,,1,15,,45428,2,,,1,55,,45447,2,,,1,15,,45466,2,,,1,15,,45485,2,,,1,15,,45429,2,,,1,55,,45448,2,,,1,15,,45467,2,,,1,15,,45486,2,,,1,15,,45430,2,,,1,55,,45449,2,,,1,15,,45468,2,,,1,15,,45487,2,,,1,15,,45431,2,,,1,55,,45450,2,,,1,15,,45469,2,,,1,15,,45488,2,,,1,15,,45432,2,,,1,55,,45451,2,,,1,15,,45470,2,,,1,15,,45489,2,,,1,15,,45433,2,,,1,55,,45452,2,,,1,15,,45471,2,,,1,15,,45490,2,,,1,15,,45434,2,,,1,55,,45453,2,,,1,15,,45472,2,,,1,15,,45491,2,,,1,15,,45435,2,,,1,55,,45454,2,,,1,15,,45473,2,,,1,15,,45492,2,,,1,15,,45436,2,,,1,55,,45455,2,,,1,15,,45474,2,,,1,15,,45493,2,,,1,15,,45437,2,,,1,55,,45456,2,,,1,15,,45475,2,,,1,15,,45494,2,,,1,15,,45438,2,,,1,55,,45457,2,,,1,15,,45476,2,,,1,15,,45495,2,,,1,15,,45439,2,,,1,55,,45458,2,,,1,15,,45477,2,,,1,15,,45496,2,,,1,15,,45440,2,,,1,55,,45459,2,,,1,15,,45478,2,,,1,15,,45497,2,,,1,15,,45441,2,,,1,55,,45460,2,,,1,15,,45479,2,,,1,15,,45498,2,,,1,15,,45442,2,,,1,55,,45461,2,,,1
1,'20260921',636,,45555,2,,,1,15,,45499,2,,,1,55,,45518,2,,,1,15,,45537,2,,,1,15,,45556,2,,,1,15,,45500,2,,,1,55,,45519,2,,,1,15,,45538,2,,,1,15,,45557,2,,,1,15,,45501,2,,,1,55,,45520,2,,,1,15,,45539,2,,,1,15,,45558,2,,,1,15,,45502,2,,,1,55,,45521,2,,,1,15,,45540,2,,,1,15,,45559,2,,,1,15,,45503,2,,,1,55,,45522,2,,,1,15,,45541,2,,,1,15,,45560,2,,,1,15,,45504,2,,,1,55,,45523,2,,,1,15,,45542,2,,,1,15,,45561,2,,,1,15,,45505,2,,,1,55,,45524,2,,,1,15,,45543,2,,,1,15,,45562,2,,,1,15,,45506,2,,,1,55,,45525,2,,,1,15,,45544,2,,,1,15,,45563,2,,,1,15,,45507,2,,,1,55,,45526,2,,,1,15,,45545,2,,,1,15,,45564,2,,,1,15,,45508,2,,,1,55,,45527,2,,,1,15,,45546,2,,,1,15,,45565,2,,,1,15,,45509,2,,,1,55,,45528,2,,,1,15,,45547,2,,,1,15,,45566,2,,,1,15,,45510,2,,,1,55,,45529,2,,,1,15,,45548,2,,,1,15,,45567,2,,,1,15,,45511,2,,,1,55,,45530,2,,,1,15,,45549,2,,,1,15,,45568,2,,,1,15,,45512,2,,,1,55,,45531,2,,,1,15,,45550,2,,,1,15,,45569,2,,,1,15,,45513,2,,,1,55,,45532,2,,,1,15,,45551,2,,,1,15,,45570,2,,,1,15,,45514,2,,,1,55,,45533,2,,,1,15,,45552,2,,,1,15,,45571,2,,,1,15,,45515,2,,,1,55,,45534,2,,,1,15,,45553,2,,,1,15,,45572,2,,,1,15,,45516,2,,,1,55,,45535,2,,,1,15,,45554,2,,,1,15,,45573,2,,,1,15,,45517,2,,,1,55,,45536,2,,,1
1,'20260922',539,,45633,2,,,1,15,,45574,2,,,1,52,,45594,2,,,1,15,,45614,2,,,1,15,,45634,2,,,1,15,,45575,2,,,1,55,,45595,2,,,1,15,,45615,2,,,1,15,,45635,2,,,1,15,,45576,2,,,1,55,,45596,2,,,1,15,,45616,2,,,1,15,,45636,2,,,1,15,,45577,2,,,1,55,,45597,2,,,1,15,,45617,2,,,1,15,,45637,2,,,1,15,,45578,2,,,1,55,,45598,2,,,1,15,,45618,2,,,1,15,,45638,2,,,1,15,,45579,2,,,1,55,,45599,2,,,1,15,,45619,2,,,1,15,,45639,2,,,1,15,,45580,2,,,1,55,,45600,2,,,1,15,,45620,2,,,1,15,,45640,2,,,1,15,,45581,2,,,1,55,,45601,2,,,1,15,,45621,2,,,1,15,,45641,2,,,1,15,,45582,2,,,1,55,,45602,2,,,1,15,,45622,2,,,1,15,,45642,2,,,1,15,,45583,2,,,1,55,,45603,2,,,1,15,,45623,2,,,1,15,,45643,2,,,1,15,,45584,2,,,1,55,,45604,2,,,1,15,,45624,2,,,1,15,,45644,2,,,1,15,,45585,2,,,1,55,,45605,2,,,1,15,,45625,2,,,1,15,,45645,2,,,1,15,,45586,2,,,1,55,,45606,2,,,1,15,,45626,2,,,1,15,,45646,2,,,1,15,,45587,2,,,1,55,,45607,2,,,1,15,,45627,2,,,1,15,,45647,2,,,1,15,,45588,2,,,1,55,,45608,2,,,1,15,,45628,2,,,1,15,,45648,2,,,1,15,,45589,2,,,1,55,,45609,2,,,1,15,,45629,2,,,1,15,,45649,2,,,1,15,,45590,2,,,1,55,,45610,2,,,1,15,,45630,2,,,1,15,,45650,2,,,1,15,,45591,2,,,1,55,,45611,2,,,1,15,,45631,2,,,1,15,,45651,2,,,1,15,,45592,2,,,1,55,,45612,2,,,1,15,,45632,2,,,1,15,,45652,2,,,1,15,,45593,2,,,1,55,,45613,2,,,1
1,'20260923',539,,45712,2,,,1,15,,45653,2,,,1,52,,45673,2,,,1,15,,45693,2,,,1,15,,45713,2,,,1,15,,45654,2,,,1,55,,45674,2,,,1,15,,45694,2,,,1,15,,45714,2,,,1,15,,45655,2,,,1,55,,45675,2,,,1,15,,45695,2,,,1,15,,45715,2,,,1,15,,45656,2,,,1,55,,45676,2,,,1,15,,45696,2,,,1,15,,45716,2,,,1,15,,45657,2,,,1,55,,45677,2,,,1,15,,45697,2,,,1,15,,45717,2,,,1,15,,45658,2,,,1,55,,45678,2,,,1,15,,45698,2,,,1,15,,45718,2,,,1,15,,45659,2,,,1,55,,45679,2,,,1,15,,45699,2,,,1,15,,45719,2,,,1,15,,45660,2,,,1,55,,45680,2,,,1,15,,45700,2,,,1,15,,45720,2,,,1,15,,45661,2,,,1,55,,45681,2,,,1,15,,45701,2,,,1,15,,45721,2,,,1,15,,45662,2,,,1,55,,45682,2,,,1,15,,45702,2,,,1,15,,45722,2,,,1,15,,45663,2,,,1,55,,45683,2,,,1,15,,45703,2,,,1,15,,45723,2,,,1,15,,45664,2,,,1,55,,45684,2,,,1,15,,45704,2,,,1,15,,45724,2,,,1,15,,45665,2,,,1,55,,45685,2,,,1,15,,45705,2,,,1,15,,45725,2,,,1,15,,45666,2,,,1,55,,45686,2,,,1,15,,45706,2,,,1,15,,45726,2,,,1,15,,45667,2,,,1,55,,45687,2,,,1,15,,45707,2,,,1,15,,45727,2,,,1,15,,45668,2,,,1,55,,45688,2,,,1,15,,45708,2,,,1,15,,45728,2,,,1,15,,45669,2,,,1,55,,45689,2,,,1,15,,45709,2,,,1,15,,45729,2,,,1,15,,45670,2,,,1,55,,45690,2,,,1,15,,45710,2,,,1,15,,45730,2,,,1,15,,45671,2,,,1,55,,45691,2,,,1,15,,45711,2,,,1,15,,45731,2,,,1,15,,45672,2,,,1,55,,45692,2,,,1
1,'20260924',539,,45791,2,,,1,15,,45732,2,,,1,52,,45752,2,,,1,15,,45772,2,,,1,15,,45792,2,,,1,15,,45733,2,,,1,55,,45753,2,,,1,15,,45773,2,,,1,15,,45793,2,,,1,15,,45734,2,,,1,55,,45754,2,,,1,15,,45774,2,,,1,15,,45794,2,,,1,15,,45735,2,,,1,55,,45755,2,,,1,15,,45775,2,,,1,15,,45795,2,,,1,15,,45736,2,,,1,55,,45756,2,,,1,15,,45776,2,,,1,15,,45796,2,,,1,15,,45737,2,,,1,55,,45757,2,,,1,15,,45777,2,,,1,15,,45797,2,,,1,15,,45738,2,,,1,55,,45758,2,,,1,15,,45778,2,,,1,15,,45798,2,,,1,15,,45739,2,,,1,55,,45759,2,,,1,15,,45779,2,,,1,15,,45799,2,,,1,15,,45740,2,,,1,55,,45760,2,,,1,15,,45780,2,,,1,15,,45800,2,,,1,15,,45741,2,,,1,55,,45761,2,,,1,15,,45781,2,,,1,15,,45801,2,,,1,15,,45742,2,,,1,55,,45762,2,,,1,15,,45782,2,,,1,15,,45802,2,,,1,15,,45743,2,,,1,55,,45763,2,,,1,15,,45783,2,,,1,15,,45803,2,,,1,15,,45744,2,,,1,55,,45764,2,,,1,15,,45784,2,,,1,15,,45804,2,,,1,15,,45745,2,,,1,55,,45765,2,,,1,15,,45785,2,,,1,15,,45805,2,,,1,15,,45746,2,,,1,55,,45766,2,,,1,15,,45786,2,,,1,15,,45806,2,,,1,15,,45747,2,,,1,55,,45767,2,,,1,15,,45787,2,,,1,15,,45807,2,,,1,15,,45748,2,,,1,55,,45768,2,,,1,15,,45788,2,,,1,15,,45808,2,,,1,15,,45749,2,,,1,55,,45769,2,,,1,15,,45789,2,,,1,15,,45809,2,,,1,15,,45750,2,,,1,55,,45770,2,,,1,15,,45790,2,,,1,15,,45810,2,,,1,15,,45751,2,,,1,55,,45771,2,,,1
1,'20260925',539,,45870,2,,,1,15,,45811,2,,,1,52,,45831,2,,,1,15,,45851,2,,,1,15,,45871,2,,,1,15,,45812,2,,,1,55,,45832,2,,,1,15,,45852,2,,,1,15,,45872,2,,,1,15,,45813,2,,,1,55,,45833,2,,,1,15,,45853,2,,,1,15,,45873,2,,,1,15,,45814,2,,,1,55,,45834,2,,,1,15,,45854,2,,,1,15,,45874,2,,,1,15,,45815,2,,,1,55,,45835,2,,,1,15,,45855,2,,,1,15,,45875,2,,,1,15,,45816,2,,,1,55,,45836,2,,,1,15,,45856,2,,,1,15,,45876,2,,,1,15,,45817,2,,,1,55,,45837,2,,,1,15,,45857,2,,,1,15,,45877,2,,,1,15,,45818,2,,,1,55,,45838,2,,,1,15,,45858,2,,,1,15,,45878,2,,,1,15,,45819,2,,,1,55,,45839,2,,,1,15,,45859,2,,,1,15,,45879,2,,,1,15,,45820,2,,,1,55,,45840,2,,,1,15,,45860,2,,,1,15,,45880,2,,,1,15,,45821,2,,,1,55,,45841,2,,,1,15,,45861,2,,,1,15,,45881,2,,,1,15,,45822,2,,,1,55,,45842,2,,,1,15,,45862,2,,,1,15,,45882,2,,,1,15,,45823,2,,,1,55,,45843,2,,,1,15,,45863,2,,,1,15,,45883,2,,,1,15,,45824,2,,,1,55,,45844,2,,,1,15,,45864,2,,,1,15,,45884,2,,,1,15,,45825,2,,,1,55,,45845,2,,,1,15,,45865,2,,,1,15,,45885,2,,,1,15,,45826,2,,,1,55,,45846,2,,,1,15,,45866,2,,,1,15,,45886,2,,,1,15,,45827,2,,,1,55,,45847,2,,,1,15,,45867,2,,,1,15,,45887,2,,,1,15,,45828,2,,,1,55,,45848,2,,,1,15,,45868,2,,,1,15,,45888,2,,,1,15,,45829,2,,,1,55,,45849,2,,,1,15,,45869,2,,,1,15,,45889,2,,,1,15,,45830,2,,,1,55,,45850,2,,,1
1,'20260926',636,,45946,2,,,1,15,,45890,2,,,1,55,,45909,2,,,1,15,,45928,2,,,1,15,,45947,2,,,1,15,,45891,2,,,1,55,,45910,2,,,1,15,,45929,2,,,1,15,,45948,2,,,1,15,,45892,2,,,1,55,,45911,2,,,1,15,,45930,2,,,1,15,,45949,2,,,1,15,,45893,2,,,1,55,,45912,2,,,1,15,,45931,2,,,1,15,,45950,2,,,1,15,,45894,2,,,1,55,,45913,2,,,1,15,,45932,2,,,1,15,,45951,2,,,1,15,,45895,2,,,1,55,,45914,2,,,1,15,,45933,2,,,1,15,,45952,2,,,1,15,,45896,2,,,1,55,,45915,2,,,1,15,,45934,2,,,1,15,,45953,2,,,1,15,,45897,2,,,1,55,,45916,2,,,1,15,,45935,2,,,1,15,,45954,2,,,1,15,,45898,2,,,1,55,,45917,2,,,1,15,,45936,2,,,1,15,,45955,2,,,1,15,,45899,2,,,1,55,,45918,2,,,1,15,,45937,2,,,1,15,,45956,2,,,1,15,,45900,2,,,1,55,,45919,2,,,1,15,,45938,2,,,1,15,,45957,2,,,1,15,,45901,2,,,1,55,,45920,2,,,1,15,,45939,2,,,1,15,,45958,2,,,1,15,,45902,2,,,1,55,,45921,2,,,1,15,,45940,2,,,1,15,,45959,2,,,1,15,,45903,2,,,1,55,,45922,2,,,1,15,,45941,2,,,1,15,,45960,2,,,1,15,,45904,2,,,1,55,,45923,2,,,1,15,,45942,2,,,1,15,,45961,2,,,1,15,,45905,2,,,1,55,,45924,2,,,1,15,,45943,2,,,1,15,,45962,2,,,1,15,,45906,2,,,1,55,,45925,2,,,1,15,,45944,2,,,1,15,,45963,2,,,1,15,,45907,2,,,1,55,,45926,2,,,1,15,,45945,2,,,1,15,,45964,2,,,1,15,,45908,2,,,1,55,,45927,2,,,1
1,'20260927',636,,46021,2,,,1,15,,45965,2,,,1,55,,45984,2,,,1,15,,46003,2,,,1,15,,46022,2,,,1,15,,45966,2,,,1,55,,45985,2,,,1,15,,46004,2,,,1,15,,46023,2,,,1,15,,45967,2,,,1,55,,45986,2,,,1,15,,46005,2,,,1,15,,46024,2,,,1,15,,45968,2,,,1,55,,45987,2,,,1,15,,46006,2,,,1,15,,46025,2,,,1,15,,45969,2,,,1,55,,45988,2,,,1,15,,46007,2,,,1,15,,46026,2,,,1,15,,45970,2,,,1,55,,45989,2,,,1,15,,46008,2,,,1,15,,46027,2,,,1,15,,45971,2,,,1,55,,45990,2,,,1,15,,46009,2,,,1,15,,46028,2,,,1,15,,45972,2,,,1,55,,45991,2,,,1,15,,46010,2,,,1,15,,46029,2,,,1,15,,45973,2,,,1,55,,45992,2,,,1,15,,46011,2,,,1,15,,46030,2,,,1,15,,45974,2,,,1,55,,45993,2,,,1,15,,46012,2,,,1,15,,46031,2,,,1,15,,45975,2,,,1,55,,45994,2,,,1,15,,46013,2,,,1,15,,46032,2,,,1,15,,45976,2,,,1,55,,45995,2,,,1,15,,46014,2,,,1,15,,46033,2,,,1,15,,45977,2,,,1,55,,45996,2,,,1,15,,46015,2,,,1,15,,46034,2,,,1,15,,45978,2,,,1,55,,45997,2,,,1,15,,46016,2,,,1,15,,46035,2,,,1,15,,45979,2,,,1,55,,45998,2,,,1,15,,46017,2,,,1,15,,46036,2,,,1,15,,45980,2,,,1,55,,45999,2,,,1,15,,46018,2,,,1,15,,46037,2,,,1,15,,45981,2,,,1,55,,46000,2,,,1,15,,46019,2,,,1,15,,46038,2,,,1,15,,45982,2,,,1,55,,46001,2,,,1,15,,46020,2,,,1,15,,46039,2,,,1,15,,45983,2,,,1,55,,46002,2,,,1
1,'20260928',636,,46096,2,,,1,15,,46040,2,,,1,55,,46059,2,,,1,15,,46078,2,,,1,15,,46097,2,,,1,15,,46041,2,,,1,55,,46060,2,,,1,15,,46079,2,,,1,15,,46098,2,,,1,15,,46042,2,,,1,55,,46061,2,,,1,15,,46080,2,,,1,15,,46099,2,,,1,15,,46043,2,,,1,55,,46062,2,,,1,15,,46081,2,,,1,15,,46100,2,,,1,15,,46044,2,,,1,55,,46063,2,,,1,15,,46082,2,,,1,15,,46101,2,,,1,15,,46045,2,,,1,55,,46064,2,,,1,15,,46083,2,,,1,15,,46102,2,,,1,15,,46046,2,,,1,55,,46065,2,,,1,15,,46084,2,,,1,15,,46103,2,,,1,15,,46047,2,,,1,55,,46066,2,,,1,15,,46085,2,,,1,15,,46104,2,,,1,15,,46048,2,,,1,55,,46067,2,,,1,15,,46086,2,,,1,15,,46105,2,,,1,15,,46049,2,,,1,55,,46068,2,,,1,15,,46087,2,,,1,15,,46106,2,,,1,15,,46050,2,,,1,55,,46069,2,,,1,15,,46088,2,,,1,15,,46107,2,,,1,15,,46051,2,,,1,55,,46070,2,,,1,15,,46089,2,,,1,15,,46108,2,,,1,15,,46052,2,,,1,55,,46071,2,,,1,15,,46090,2,,,1,15,,46109,2,,,1,15,,46053,2,,,1,55,,46072,2,,,1,15,,46091,2,,,1,15,,46110,2,,,1,15,,46054,2,,,1,55,,46073,2,,,1,15,,46092,2,,,1,15,,46111,2,,,1,15,,46055,2,,,1,55,,46074,2,,,1,15,,46093,2,,,1,15,,46112,2,,,1,15,,46056,2,,,1,55,,46075,2,,,1,15,,46094,2,,,1,15,,46113,2,,,1,15,,46057,2,,,1,55,,46076,2,,,1,15,,46095,2,,,1,15,,46114,2,,,1,15,,46058,2,,,1,55,,46077,2,,,1
1,'20260929',539,,46174,2,,,1,15,,46115,2,,,1,52,,46135,2,,,1,15,,46155,2,,,1,15,,46175,2,,,1,15,,46116,2,,,1,55,,46136,2,,,1,15,,46156,2,,,1,15,,46176,2,,,1,15,,46117,2,,,1,55,,46137,2,,,1,15,,46157,2,,,1,15,,46177,2,,,1,15,,46118,2,,,1,55,,46138,2,,,1,15,,46158,2,,,1,15,,46178,2,,,1,15,,46119,2,,,1,55,,46139,2,,,1,15,,46159,2,,,1,15,,46179,2,,,1,15,,46120,2,,,1,55,,46140,2,,,1,15,,46160,2,,,1,15,,46180,2,,,1,15,,46121,2,,,1,55,,46141,2,,,1,15,,46161,2,,,1,15,,46181,2,,,1,15,,46122,2,,,1,55,,46142,2,,,1,15,,46162,2,,,1,15,,46182,2,,,1,15,,46123,2,,,1,55,,46143,2,,,1,15,,46163,2,,,1,15,,46183,2,,,1,15,,46124,2,,,1,55,,46144,2,,,1,15,,46164,2,,,1,15,,46184,2,,,1,15,,46125,2,,,1,55,,46145,2,,,1,15,,46165,2,,,1,15,,46185,2,,,1,15,,46126,2,,,1,55,,46146,2,,,1,15,,46166,2,,,1,15,,46186,2,,,1,15,,46127,2,,,1,55,,46147,2,,,1,15,,46167,2,,,1,15,,46187,2,,,1,15,,46128,2,,,1,55,,46148,2,,,1,15,,46168,2,,,1,15,,46188,2,,,1,15,,46129,2,,,1,55,,46149,2,,,1,15,,46169,2,,,1,15,,46189,2,,,1,15,,46130,2,,,1,55,,46150,2,,,1,15,,46170,2,,,1,15,,46190,2,,,1,15,,46131,2,,,1,55,,46151,2,,,1,15,,46171,2,,,1,15,,46191,2,,,1,15,,46132,2,,,1,55,,46152,2,,,1,15,,46172,2,,,1,15,,46192,2,,,1,15,,46133,2,,,1,55,,46153,2,,,1,15,,46173,2,,,1,15,,46193,2,,,1,15,,46134,2,,,1,55,,46154,2,,,1
1,'20260930',539,,46253,2,,,1,15,,46194,2,,,1,52,,46214,2,,,1,15,,46234,2,,,1,15,,46254,2,,,1,15,,46195,2,,,1,55,,46215,2,,,1,15,,46235,2,,,1,15,,46255,2,,,1,15,,46196,2,,,1,55,,46216,2,,,1,15,,46236,2,,,1,15,,46256,2,,,1,15,,46197,2,,,1,55,,46217,2,,,1,15,,46237,2,,,1,15,,46257,2,,,1,15,,46198,2,,,1,55,,46218,2,,,1,15,,46238,2,,,1,15,,46258,2,,,1,15,,46199,2,,,1,55,,46219,2,,,1,15,,46239,2,,,1,15,,46259,2,,,1,15,,46200,2,,,1,55,,46220,2,,,1,15,,46240,2,,,1,15,,46260,2,,,1,15,,46201,2,,,1,55,,46221,2,,,1,15,,46241,2,,,1,15,,46261,2,,,1,15,,46202,2,,,1,55,,46222,2,,,1,15,,46242,2,,,1,15,,46262,2,,,1,15,,46203,2,,,1,55,,46223,2,,,1,15,,46243,2,,,1,15,,46263,2,,,1,15,,46204,2,,,1,55,,46224,2,,,1,15,,46244,2,,,1,15,,46264,2,,,1,15,,46205,2,,,1,55,,46225,2,,,1,15,,46245,2,,,1,15,,46265,2,,,1,15,,46206,2,,,1,55,,46226,2,,,1,15,,46246,2,,,1,15,,46266,2,,,1,15,,46207,2,,,1,55,,46227,2,,,1,15,,46247,2,,,1,15,,46267,2,,,1,15,,46208,2,,,1,55,,46228,2,,,1,15,,46248,2,,,1,15,,46268,2,,,1,15,,46209,2,,,1,55,,46229,2,,,1,15,,46249,2,,,1,15,,46269,2,,,1,15,,46210,2,,,1,55,,46230,2,,,1,15,,46250,2,,,1,15,,46270,2,,,1,15,,46211,2,,,1,55,,46231,2,,,1,15,,46251,2,,,1,15,,46271,2,,,1,15,,46212,2,,,1,55,,46232,2,,,1,15,,46252,2,,,1,15,,46272,2,,,1,15,,46213,2,,,1,55,,46233,2,,,1
1,'20261001',539,,46332,2,,,1,15,,46273,2,,,1,52,,46293,2,,,1,15,,46313,2,,,1,15,,46333,2,,,1,15,,46274,2,,,1,55,,46294,2,,,1,15,,46314,2,,,1,15,,46334,2,,,1,15,,46275,2,,,1,55,,46295,2,,,1,15,,46315,2,,,1,15,,46335,2,,,1,15,,46276,2,,,1,55,,46296,2,,,1,15,,46316,2,,,1,15,,46336,2,,,1,15,,46277,2,,,1,55,,46297,2,,,1,15,,46317,2,,,1,15,,46337,2,,,1,15,,46278,2,,,1,55,,46298,2,,,1,15,,46318,2,,,1,15,,46338,2,,,1,15,,46279,2,,,1,55,,46299,2,,,1,15,,46319,2,,,1,15,,46339,2,,,1,15,,46280,2,,,1,55,,46300,2,,,1,15,,46320,2,,,1,15,,46340,2,,,1,15,,46281,2,,,1,55,,46301,2,,,1,15,,46321,2,,,1,15,,46341,2,,,1,15,,46282,2,,,1,55,,46302,2,,,1,15,,46322,2,,,1,15,,46342,2,,,1,15,,46283,2,,,1,55,,46303,2,,,1,15,,46323,2,,,1,15,,46343,2,,,1,15,,46284,2,,,1,55,,46304,2,,,1,15,,46324,2,,,1,15,,46344,2,,,1,15,,46285,2,,,1,55,,46305,2,,,1,15,,46325,2,,,1,15,,46345,2,,,1,15,,46286,2,,,1,55,,46306,2,,,1,15,,46326,2,,,1,15,,46346,2,,,1,15,,46287,2,,,1,55,,46307,2,,,1,15,,46327,2,,,1,15,,46347,2,,,1,15,,46288,2,,,1,55,,46308,2,,,1,15,,46328,2,,,1,15,,46348,2,,,1,15,,46289,2,,,1,55,,46309,2,,,1,15,,46329,2,,,1,15,,46349,2,,,1,15,,46290,2,,,1,55,,46310,2,,,1,15,,46330,2,,,1,15,,46350,2,,,1,15,,46291,2,,,1,55,,46311,2,,,1,15,,46331,2,,,1,15,,46351,2,,,1,15,,46292,2,,,1,55,,46312,2,,,1
1,'20261002',539,,46411,2,,,1,15,,46352,2,,,1,52,,46372,2,,,1,15,,46392,2,,,1,15,,46412,2,,,1,15,,46353,2,,,1,55,,46373,2,,,1,15,,46393,2,,,1,15,,46413,2,,,1,15,,46354,2,,,1,55,,46374,2,,,1,15,,46394,2,,,1,15,,46414,2,,,1,15,,46355,2,,,1,55,,46375,2,,,1,15,,46395,2,,,1,15,,46415,2,,,1,15,,46356,2,,,1,55,,46376,2,,,1,15,,46396,2,,,1,15,,46416,2,,,1,15,,46357,2,,,1,55,,46377,2,,,1,15,,46397,2,,,1,15,,46417,2,,,1,15,,46358,2,,,1,55,,46378,2,,,1,15,,46398,2,,,1,15,,46418,2,,,1,15,,46359,2,,,1,55,,46379,2,,,1,15,,46399,2,,,1,15,,46419,2,,,1,15,,46360,2,,,1,55,,46380,2,,,1,15,,46400,2,,,1,15,,46420,2,,,1,15,,46361,2,,,1,55,,46381,2,,,1,15,,46401,2,,,1,15,,46421,2,,,1,15,,46362,2,,,1,55,,46382,2,,,1,15,,46402,2,,,1,15,,46422,2,,,1,15,,46363,2,,,1,55,,46383,2,,,1,15,,46403,2,,,1,15,,46423,2,,,1,15,,46364,2,,,1,55,,46384,2,,,1,15,,46404,2,,,1,15,,46424,2,,,1,15,,46365,2,,,1,55,,46385,2,,,1,15,,46405,2,,,1,15,,46425,2,,,1,15,,46366,2,,,1,55,,46386,2,,,1,15,,46406,2,,,1,15,,46426,2,,,1,15,,46367,2,,,1,55,,46387,2,,,1,15,,46407,2,,,1,15,,46427,2,,,1,15,,46368,2,,,1,55,,46388,2,,,1,15,,46408,2,,,1,15,,46428,2,,,1,15,,46369,2,,,1,55,,46389,2,,,1,15,,46409,2,,,1,15,,46429,2,,,1,15,,46370,2,,,1,55,,46390,2,,,1,15,,46410,2,,,1,15,,46430,2,,,1,15,,46371,2,,,1,55,,46391,2,,,1
1,'20261003',636,,46487,2,,,1,15,,46431,2,,,1,55,,46450,2,,,1,15,,46469,2,,,1,15,,46488,2,,,1,15,,46432,2,,,1,55,,46451,2,,,1,15,,46470,2,,,1,15,,46489,2,,,1,15,,46433,2,,,1,55,,46452,2,,,1,15,,46471,2,,,1,15,,46490,2,,,1,15,,46434,2,,,1,55,,46453,2,,,1,15,,46472,2,,,1,15,,46491,2,,,1,15,,46435,2,,,1,55,,46454,2,,,1,15,,46473,2,,,1,15,,46492,2,,,1,15,,46436,2,,,1,55,,46455,2,,,1,15,,46474,2,,,1,15,,46493,2,,,1,15,,46437,2,,,1,55,,46456,2,,,1,15,,46475,2,,,1,15,,46494,2,,,1,15,,46438,2,,,1,55,,46457,2,,,1,15,,46476,2,,,1,15,,46495,2,,,1,15,,46439,2,,,1,55,,46458,2,,,1,15,,46477,2,,,1,15,,46496,2,,,1,15,,46440,2,,,1,55,,46459,2,,,1,15,,46478,2,,,1,15,,46497,2,,,1,15,,46441,2,,,1,55,,46460,2,,,1,15,,46479,2,,,1,15,,46498,2,,,1,15,,46442,2,,,1,55,,46461,2,,,1,15,,46480,2,,,1,15,,46499,2,,,1,15,,46443,2,,,1,55,,46462,2,,,1,15,,46481,2,,,1,15,,46500,2,,,1,15,,46444,2,,,1,55,,46463,2,,,1,15,,46482,2,,,1,15,,46501,2,,,1,15,,46445,2,,,1,55,,46464,2,,,1,15,,46483,2,,,1,15,,46502,2,,,1,15,,46446,2,,,1,55,,46465,2,,,1,15,,46484,2,,,1,15,,46503,2,,,1,15,,46447,2,,,1,55,,46466,2,,,1,15,,46485,2,,,1,15,,46504,2,,,1,15,,46448,2,,,1,55,,46467,2,,,1,15,,46486,2,,,1,15,,46505,2,,,1,15,,46449,2,,,1,55,,46468,2,,,1
1,'20261004',636,,46562,2,,,1,15,,46506,2,,,1,55,,46525,2,,,1,15,,46544,2,,,1,15,,46563,2,,,1,15,,46507,2,,,1,55,,46526,2,,,1,15,,46545,2,,,1,15,,46564,2,,,1,15,,46508,2,,,1,55,,46527,2,,,1,15,,46546,2,,,1,15,,46565,2,,,1,15,,46509,2,,,1,55,,46528,2,,,1,15,,46547,2,,,1,15,,46566,2,,,1,15,,46510,2,,,1,55,,46529,2,,,1,15,,46548,2,,,1,15,,46567,2,,,1,15,,46511,2,,,1,55,,46530,2,,,1,15,,46549,2,,,1,15,,46568,2,,,1,15,,46512,2,,,1,55,,46531,2,,,1,15,,46550,2,,,1,15,,46569,2,,,1,15,,46513,2,,,1,55,,46532,2,,,1,15,,46551,2,,,1,15,,46570,2,,,1,15,,46514,2,,,1,55,,46533,2,,,1,15,,46552,2,,,1,15,,46571,2,,,1,15,,46515,2,,,1,55,,46534,2,,,1,15,,46553,2,,,1,15,,46572,2,,,1,15,,46516,2,,,1,55,,46535,2,,,1,15,,46554,2,,,1,15,,46573,2,,,1,15,,46517,2,,,1,55,,46536,2,,,1,15,,46555,2,,,1,15,,46574,2,,,1,15,,46518,2,,,1,55,,46537,2,,,1,15,,46556,2,,,1,15,,46575,2,,,1,15,,46519,2,,,1,55,,46538,2,,,1,15,,46557,2,,,1,15,,46576,2,,,1,15,,46520,2,,,1,55,,46539,2,,,1,15,,46558,2,,,1,15,,46577,2,,,1,15,,46521,2,,,1,55,,46540,2,,,1,15,,46559,2,,,1,15,,46578,2,,,1,15,,46522,2,,,1,55,,46541,2,,,1,15,,46560,2,,,1,15,,46579,2,,,1,15,,46523,2,,,1,55,,46542,2,,,1,15,,46561,2,,,1,15,,46580,2,,,1,15,,46524,2,,,1,55,,46543,2,,,1
1,'20261005',636,,46637,2,,,1,15,,46581,2,,,1,55,,46600,2,,,1,15,,46619,2,,,1,15,,46638,2,,,1,15,,46582,2,,,1,55,,46601,2,,,1,15,,46620,2,,,1,15,,46639,2,,,1,15,,46583,2,,,1,55,,46602,2,,,1,15,,46621,2,,,1,15,,46640,2,,,1,15,,46584,2,,,1,55,,46603,2,,,1,15,,46622,2,,,1,15,,46641,2,,,1,15,,46585,2,,,1,55,,46604,2,,,1,15,,46623,2,,,1,15,,46642,2,,,1,15,,46586,2,,,1,55,,46605,2,,,1,15,,46624,2,,,1,15,,46643,2,,,1,15,,46587,2,,,1,55,,46606,2,,,1,15,,46625,2,,,1,15,,46644,2,,,1,15,,46588,2,,,1,55,,46607,2,,,1,15,,46626,2,,,1,15,,46645,2,,,1,15,,46589,2,,,1,55,,46608,2,,,1,15,,46627,2,,,1,15,,46646,2,,,1,15,,46590,2,,,1,55,,46609,2,,,1,15,,46628,2,,,1,15,,46647,2,,,1,15,,46591,2,,,1,55,,46610,2,,,1,15,,46629,2,,,1,15,,46648,2,,,1,15,,46592,2,,,1,55,,46611,2,,,1,15,,46630,2,,,1,15,,46649,2,,,1,15,,46593,2,,,1,55,,46612,2,,,1,15,,46631,2,,,1,15,,46650,2,,,1,15,,46594,2,,,1,55,,46613,2,,,1,15,,46632,2,,,1,15,,46651,2,,,1,15,,46595,2,,,1,55,,46614,2,,,1,15,,46633,2,,,1,15,,46652,2,,,1,15,,46596,2,,,1,55,,46615,2,,,1,15,,46634,2,,,1,15,,46653,2,,,1,15,,46597,2,,,1,55,,46616,2,,,1,15,,46635,2,,,1,15,,46654,2,,,1,15,,46598,2,,,1,55,,46617,2,,,1,15,,46636,2,,,1,15,,46655,2,,,1,15,,46599,2,,,1,55,,46618,2,,,1
1,'20261006',539,,46715,2,,,1,15,,46656,2,,,1,52,,46676,2,,,1,15,,46696,2,,,1,15,,46716,2,,,1,15,,46657,2,,,1,55,,46677,2,,,1,15,,46697,2,,,1,15,,46717,2,,,1,15,,46658,2,,,1,55,,46678,2,,,1,15,,46698,2,,,1,15,,46718,2,,,1,15,,46659,2,,,1,55,,46679,2,,,1,15,,46699,2,,,1,15,,46719,2,,,1,15,,46660,2,,,1,55,,46680,2,,,1,15,,46700,2,,,1,15,,46720,2,,,1,15,,46661,2,,,1,55,,46681,2,,,1,15,,46701,2,,,1,15,,46721,2,,,1,15,,46662,2,,,1,55,,46682,2,,,1,15,,46702,2,,,1,15,,46722,2,,,1,15,,46663,2,,,1,55,,46683,2,,,1,15,,46703,2,,,1,15,,46723,2,,,1,15,,46664,2,,,1,55,,46684,2,,,1,15,,46704,2,,,1,15,,46724,2,,,1,15,,46665,2,,,1,55,,46685,2,,,1,15,,46705,2,,,1,15,,46725,2,,,1,15,,46666,2,,,1,55,,46686,2,,,1,15,,46706,2,,,1,15,,46726,2,,,1,15,,46667,2,,,1,55,,46687,2,,,1,15,,46707,2,,,1,15,,46727,2,,,1,15,,46668,2,,,1,55,,46688,2,,,1,15,,46708,2,,,1,15,,46728,2,,,1,15,,46669,2,,,1,55,,46689,2,,,1,15,,46709,2,,,1,15,,46729,2,,,1,15,,46670,2,,,1,55,,46690,2,,,1,15,,46710,2,,,1,15,,46730,2,,,1,15,,46671,2,,,1,55,,46691,2,,,1,15,,46711,2,,,1,15,,46731,2,,,1,15,,46672,2,,,1,55,,46692,2,,,1,15,,46712,2,,,1,15,,46732,2,,,1,15,,46673,2,,,1,55,,46693,2,,,1,15,,46713,2,,,1,15,,46733,2,,,1,15,,46674,2,,,1,55,,46694,2,,,1,15,,46714,2,,,1,15,,46734,2,,,1,15,,46675,2,,,1,55,,46695,2,,,1
1,'20261007',539,,46794,2,,,1,15,,46735,2,,,1,52,,46755,2,,,1,15,,46775,2,,,1,15,,46795,2,,,1,15,,46736,2,,,1,55,,46756,2,,,1,15,,46776,2,,,1,15,,46796,2,,,1,15,,46737,2,,,1,55,,46757,2,,,1,15,,46777,2,,,1,15,,46797,2,,,1,15,,46738,2,,,1,55,,46758,2,,,1,15,,46778,2,,,1,15,,46798,2,,,1,15,,46739,2,,,1,55,,46759,2,,,1,15,,46779,2,,,1,15,,46799,2,,,1,15,,46740,2,,,1,55,,46760,2,,,1,15,,46780,2,,,1,15,,46800,2,,,1,15,,46741,2,,,1,55,,46761,2,,,1,15,,46781,2,,,1,15,,46801,2,,,1,15,,46742,2,,,1,55,,46762,2,,,1,15,,46782,2,,,1,15,,46802,2,,,1,15,,46743,2,,,1,55,,46763,2,,,1,15,,46783,2,,,1,15,,46803,2,,,1,15,,46744,2,,,1,55,,46764,2,,,1,15,,46784,2,,,1,15,,46804,2,,,1,15,,46745,2,,,1,55,,46765,2,,,1,15,,46785,2,,,1,15,,46805,2,,,1,15,,46746,2,,,1,55,,46766,2,,,1,15,,46786,2,,,1,15,,46806,2,,,1,15,,46747,2,,,1,55,,46767,2,,,1,15,,46787,2,,,1,15,,46807,2,,,1,15,,46748,2,,,1,55,,46768,2,,,1,15,,46788,2,,,1,15,,46808,2,,,1,15,,46749,2,,,1,55,,46769,2,,,1,15,,46789,2,,,1,15,,46809,2,,,1,15,,46750,2,,,1,55,,46770,2,,,1,15,,46790,2,,,1,15,,46810,2,,,1,15,,46751,2,,,1,55,,46771,2,,,1,15,,46791,2,,,1,15,,46811,2,,,1,15,,46752,2,,,1,55,,46772,2,,,1,15,,46792,2,,,1,15,,46812,2,,,1,15,,46753,2,,,1,55,,46773,2,,,1,15,,46793,2,,,1,15,,46813,2,,,1,15,,46754,2,,,1,55,,46774,2,,,1
1,'20261008',539,,46873,2,,,1,15,,46814,2,,,1,52,,46834,2,,,1,15,,46854,2,,,1,15,,46874,2,,,1,15,,46815,2,,,1,55,,46835,2,,,1,15,,46855,2,,,1,15,,46875,2,,,1,15,,46816,2,,,1,55,,46836,2,,,1,15,,46856,2,,,1,15,,46876,2,,,1,15,,46817,2,,,1,55,,46837,2,,,1,15,,46857,2,,,1,15,,46877,2,,,1,15,,46818,2,,,1,55,,46838,2,,,1,15,,46858,2,,,1,15,,46878,2,,,1,15,,46819,2,,,1,55,,46839,2,,,1,15,,46859,2,,,1,15,,46879,2,,,1,15,,46820,2,,,1,55,,46840,2,,,1,15,,46860,2,,,1,15,,46880,2,,,1,15,,46821,2,,,1,55,,46841,2,,,1,15,,46861,2,,,1,15,,46881,2,,,1,15,,46822,2,,,1,55,,46842,2,,,1,15,,46862,2,,,1,15,,46882,2,,,1,15,,46823,2,,,1,55,,46843,2,,,1,15,,46863,2,,,1,15,,46883,2,,,1,15,,46824,2,,,1,55,,46844,2,,,1,15,,46864,2,,,1,15,,46884,2,,,1,15,,46825,2,,,1,55,,46845,2,,,1,15,,46865,2,,,1,15,,46885,2,,,1,15,,46826,2,,,1,55,,46846,2,,,1,15,,46866,2,,,1,15,,46886,2,,,1,15,,46827,2,,,1,55,,46847,2,,,1,15,,46867,2,,,1,15,,46887,2,,,1,15,,46828,2,,,1,55,,46848,2,,,1,15,,46868,2,,,1,15,,46888,2,,,1,15,,46829,2,,,1,55,,46849,2,,,1,15,,46869,2,,,1,15,,46889,2,,,1,15,,46830,2,,,1,55,,46850,2,,,1,15,,46870,2,,,1,15,,46890,2,,,1,15,,46831,2,,,1,55,,46851,2,,,1,15,,46871,2,,,1,15,,46891,2,,,1,15,,46832,2,,,1,55,,46852,2,,,1,15,,46872,2,,,1,15,,46892,2,,,1,15,,46833,2,,,1,55,,46853,2,,,1
1,'20261009',539,,46952,2,,,1,15,,46893,2,,,1,52,,46913,2,,,1,15,,46933,2,,,1,15,,46953,2,,,1,15,,46894,2,,,1,55,,46914,2,,,1,15,,46934,2,,,1,15,,46954,2,,,1,15,,46895,2,,,1,55,,46915,2,,,1,15,,46935,2,,,1,15,,46955,2,,,1,15,,46896,2,,,1,55,,46916,2,,,1,15,,46936,2,,,1,15,,46956,2,,,1,15,,46897,2,,,1,55,,46917,2,,,1,15,,46937,2,,,1,15,,46957,2,,,1,15,,46898,2,,,1,55,,46918,2,,,1,15,,46938,2,,,1,15,,46958,2,,,1,15,,46899,2,,,1,55,,46919,2,,,1,15,,46939,2,,,1,15,,46959,2,,,1,15,,46900,2,,,1,55,,46920,2,,,1,15,,46940,2,,,1,15,,46960,2,,,1,15,,46901,2,,,1,55,,46921,2,,,1,15,,46941,2,,,1,15,,46961,2,,,1,15,,46902,2,,,1,55,,46922,2,,,1,15,,46942,2,,,1,15,,46962,2,,,1,15,,46903,2,,,1,55,,46923,2,,,1,15,,46943,2,,,1,15,,46963,2,,,1,15,,46904,2,,,1,55,,46924,2,,,1,15,,46944,2,,,1,15,,46964,2,,,1,15,,46905,2,,,1,55,,46925,2,,,1,15,,46945,2,,,1,15,,46965,2,,,1,15,,46906,2,,,1,55,,46926,2,,,1,15,,46946,2,,,1,15,,46966,2,,,1,15,,46907,2,,,1,55,,46927,2,,,1,15,,46947,2,,,1,15,,46967,2,,,1,15,,46908,2,,,1,55,,46928,2,,,1,15,,46948,2,,,1,15,,46968,2,,,1,15,,46909,2,,,1,55,,46929,2,,,1,15,,46949,2,,,1,15,,46969,2,,,1,15,,46910,2,,,1,55,,46930,2,,,1,15,,46950,2,,,1,15,,46970,2,,,1,15,,46911,2,,,1,55,,46931,2,,,1,15,,46951,2,,,1,15,,46971,2,,,1,15,,46912,2,,,1,55,,46932,2,,,1
1,'20261010',636,,47028,2,,,1,15,,46972,2,,,1,55,,46991,2,,,1,15,,47010,2,,,1,15,,47029,2,,,1,15,,46973,2,,,1,55,,46992,2,,,1,15,,47011,2,,,1,15,,47030,2,,,1,15,,46974,2,,,1,55,,46993,2,,,1,15,,47012,2,,,1,15,,47031,2,,,1,15,,46975,2,,,1,55,,46994,2,,,1,15,,47013,2,,,1,15,,47032,2,,,1,15,,46976,2,,,1,55,,46995,2,,,1,15,,47014,2,,,1,15,,47033,2,,,1,15,,46977,2,,,1,55,,46996,2,,,1,15,,47015,2,,,1,15,,47034,2,,,1,15,,46978,2,,,1,55,,46997,2,,,1,15,,47016,2,,,1,15,,47035,2,,,1,15,,46979,2,,,1,55,,46998,2,,,1,15,,47017,2,,,1,15,,47036,2,,,1,15,,46980,2,,,1,55,,46999,2,,,1,15,,47018,2,,,1,15,,47037,2,,,1,15,,46981,2,,,1,55,,47000,2,,,1,15,,47019,2,,,1,15,,47038,2,,,1,15,,46982,2,,,1,55,,47001,2,,,1,15,,47020,2,,,1,15,,47039,2,,,1,15,,46983,2,,,1,55,,47002,2,,,1,15,,47021,2,,,1,15,,47040,2,,,1,15,,46984,2,,,1,55,,47003,2,,,1,15,,47022,2,,,1,15,,47041,2,,,1,15,,46985,2,,,1,55,,47004,2,,,1,15,,47023,2,,,1,15,,47042,2,,,1,15,,46986,2,,,1,55,,47005,2,,,1,15,,47024,2,,,1,15,,47043,2,,,1,15,,46987,2,,,1,55,,47006,2,,,1,15,,47025,2,,,1,15,,47044,2,,,1,15,,46988,2,,,1,55,,47007,2,,,1,15,,47026,2,,,1,15,,47045,2,,,1,15,,46989,2,,,1,55,,47008,2,,,1,15,,47027,2,,,1,15,,47046,2,,,1,15,,46990,2,,,1,55,,47009,2,,,1
1,'20261011',636,,47103,2,,,1,15,,47047,2,,,1,55,,47066,2,,,1,15,,47085,2,,,1,15,,47104,2,,,1,15,,47048,2,,,1,55,,47067,2,,,1,15,,47086,2,,,1,15,,47105,2,,,1,15,,47049,2,,,1,55,,47068,2,,,1,15,,47087,2,,,1,15,,47106,2,,,1,15,,47050,2,,,1,55,,47069,2,,,1,15,,47088,2,,,1,15,,47107,2,,,1,15,,47051,2,,,1,55,,47070,2,,,1,15,,47089,2,,,1,15,,47108,2,,,1,15,,47052,2,,,1,55,,47071,2,,,1,15,,47090,2,,,1,15,,47109,2,,,1,15,,47053,2,,,1,55,,47072,2,,,1,15,,47091,2,,,1,15,,47110,2,,,1,15,,47054,2,,,1,55,,47073,2,,,1,15,,47092,2,,,1,15,,47111,2,,,1,15,,47055,2,,,1,55,,47074,2,,,1,15,,47093,2,,,1,15,,47112,2,,,1,15,,47056,2,,,1,55,,47075,2,,,1,15,,47094,2,,,1,15,,47113,2,,,1,15,,47057,2,,,1,55,,47076,2,,,1,15,,47095,2,,,1,15,,47114,2,,,1,15,,47058,2,,,1,55,,47077,2,,,1,15,,47096,2,,,1,15,,47115,2,,,1,15,,47059,2,,,1,55,,47078,2,,,1,15,,47097,2,,,1,15,,47116,2,,,1,15,,47060,2,,,1,55,,47079,2,,,1,15,,47098,2,,,1,15,,47117,2,,,1,15,,47061,2,,,1,55,,47080,2,,,1,15,,47099,2,,,1,15,,47118,2,,,1,15,,47062,2,,,1,55,,47081,2,,,1,15,,47100,2,,,1,15,,47119,2,,,1,15,,47063,2,,,1,55,,47082,2,,,1,15,,47101,2,,,1,15,,47120,2,,,1,15,,47064,2,,,1,55,,47083,2,,,1,15,,47102,2,,,1,15,,47121,2,,,1,15,,47065,2,,,1,55,,47084,2,,,1
1,'20261012',636,,47178,2,,,1,15,,47122,2,,,1,55,,47141,2,,,1,15,,47160,2,,,1,15,,47179,2,,,1,15,,47123,2,,,1,55,,47142,2,,,1,15,,47161,2,,,1,15,,47180,2,,,1,15,,47124,2,,,1,55,,47143,2,,,1,15,,47162,2,,,1,15,,47181,2,,,1,15,,47125,2,,,1,55,,47144,2,,,1,15,,47163,2,,,1,15,,47182,2,,,1,15,,47126,2,,,1,55,,47145,2,,,1,15,,47164,2,,,1,15,,47183,2,,,1,15,,47127,2,,,1,55,,47146,2,,,1,15,,47165,2,,,1,15,,47184,2,,,1,15,,47128,2,,,1,55,,47147,2,,,1,15,,47166,2,,,1,15,,47185,2,,,1,15,,47129,2,,,1,55,,47148,2,,,1,15,,47167,2,,,1,15,,47186,2,,,1,15,,47130,2,,,1,55,,47149,2,,,1,15,,47168,2,,,1,15,,47187,2,,,1,15,,47131,2,,,1,55,,47150,2,,,1,15,,47169,2,,,1,15,,47188,2,,,1,15,,47132,2,,,1,55,,47151,2,,,1,15,,47170,2,,,1,15,,47189,2,,,1,15,,47133,2,,,1,55,,47152,2,,,1,15,,47171,2,,,1,15,,47190,2,,,1,15,,47134,2,,,1,55,,47153,2,,,1,15,,47172,2,,,1,15,,47191,2,,,1,15,,47135,2,,,1,55,,47154,2,,,1,15,,47173,2,,,1,15,,47192,2,,,1,15,,47136,2,,,1,55,,47155,2,,,1,15,,47174,2,,,1,15,,47193,2,,,1,15,,47137,2,,,1,55,,47156,2,,,1,15,,47175,2,,,1,15,,47194,2,,,1,15,,47138,2,,,1,55,,47157,2,,,1,15,,47176,2,,,1,15,,47195,2,,,1,15,,47139,2,,,1,55,,47158,2,,,1,15,,47177,2,,,1,15,,47196,2,,,1,15,,47140,2,,,1,55,,47159,2,,,1
1,'20261013',539,,47256,2,,,1,15,,47197,2,,,1,52,,47217,2,,,1,15,,47237,2,,,1,15,,47257,2,,,1,15,,47198,2,,,1,55,,47218,2,,,1,15,,47238,2,,,1,15,,47258,2,,,1,15,,47199,2,,,1,55,,47219,2,,,1,15,,47239,2,,,1,15,,47259,2,,,1,15,,47200,2,,,1,55,,47220,2,,,1,15,,47240,2,,,1,15,,47260,2,,,1,15,,47201,2,,,1,55,,47221,2,,,1,15,,47241,2,,,1,15,,47261,2,,,1,15,,47202,2,,,1,55,,47222,2,,,1,15,,47242,2,,,1,15,,47262,2,,,1,15,,47203,2,,,1,55,,47223,2,,,1,15,,47243,2,,,1,15,,47263,2,,,1,15,,47204,2,,,1,55,,47224,2,,,1,15,,47244,2,,,1,15,,47264,2,,,1,15,,47205,2,,,1,55,,47225,2,,,1,15,,47245,2,,,1,15,,47265,2,,,1,15,,47206,2,,,1,55,,47226,2,,,1,15,,47246,2,,,1,15,,47266,2,,,1,15,,47207,2,,,1,55,,47227,2,,,1,15,,47247,2,,,1,15,,47267,2,,,1,15,,47208,2,,,1,55,,47228,2,,,1,15,,47248,2,,,1,15,,47268,2,,,1,15,,47209,2,,,1,55,,47229,2,,,1,15,,47249,2,,,1,15,,47269,2,,,1,15,,47210,2,,,1,55,,47230,2,,,1,15,,47250,2,,,1,15,,47270,2,,,1,15,,47211,2,,,1,55,,47231,2,,,1,15,,47251,2,,,1,15,,47271,2,,,1,15,,47212,2,,,1,55,,47232,2,,,1,15,,47252,2,,,1,15,,47272,2,,,1,15,,47213,2,,,1,55,,47233,2,,,1,15,,47253,2,,,1,15,,47273,2,,,1,15,,47214,2,,,1,55,,47234,2,,,1,15,,47254,2,,,1,15,,47274,2,,,1,15,,47215,2,,,1,55,,47235,2,,,1,15,,47255,2,,,1,15,,47275,2,,,1,15,,47216,2,,,1,55,,47236,2,,,1
1,'20261014',539,,47335,2,,,1,15,,47276,2,,,1,52,,47296,2,,,1,15,,47316,2,,,1,15,,47336,2,,,1,15,,47277,2,,,1,55,,47297,2,,,1,15,,47317,2,,,1,15,,47337,2,,,1,15,,47278,2,,,1,55,,47298,2,,,1,15,,47318,2,,,1,15,,47338,2,,,1,15,,47279,2,,,1,55,,47299,2,,,1,15,,47319,2,,,1,15,,47339,2,,,1,15,,47280,2,,,1,55,,47300,2,,,1,15,,47320,2,,,1,15,,47340,2,,,1,15,,47281,2,,,1,55,,47301,2,,,1,15,,47321,2,,,1,15,,47341,2,,,1,15,,47282,2,,,1,55,,47302,2,,,1,15,,47322,2,,,1,15,,47342,2,,,1,15,,47283,2,,,1,55,,47303,2,,,1,15,,47323,2,,,1,15,,47343,2,,,1,15,,47284,2,,,1,55,,47304,2,,,1,15,,47324,2,,,1,15,,47344,2,,,1,15,,47285,2,,,1,55,,47305,2,,,1,15,,47325,2,,,1,15,,47345,2,,,1,15,,47286,2,,,1,55,,47306,2,,,1,15,,47326,2,,,1,15,,47346,2,,,1,15,,47287,2,,,1,55,,47307,2,,,1,15,,47327,2,,,1,15,,47347,2,,,1,15,,47288,2,,,1,55,,47308,2,,,1,15,,47328,2,,,1,15,,47348,2,,,1,15,,47289,2,,,1,55,,47309,2,,,1,15,,47329,2,,,1,15,,47349,2,,,1,15,,47290,2,,,1,55,,47310,2,,,1,15,,47330,2,,,1,15,,47350,2,,,1,15,,47291,2,,,1,55,,47311,2,,,1,15,,47331,2,,,1,15,,47351,2,,,1,15,,47292,2,,,1,55,,47312,2,,,1,15,,47332,2,,,1,15,,47352,2,,,1,15,,47293,2,,,1,55,,47313,2,,,1,15,,47333,2,,,1,15,,47353,2,,,1,15,,47294,2,,,1,55,,47314,2,,,1,15,,47334,2,,,1,15,,47354,2,,,1,15,,47295,2,,,1,55,,47315,2,,,1
1,'20261015',539,,47414,2,,,1,15,,47355,2,,,1,52,,47375,2,,,1,15,,47395,2,,,1,15,,47415,2,,,1,15,,47356,2,,,1,55,,47376,2,,,1,15,,47396,2,,,1,15,,47416,2,,,1,15,,47357,2,,,1,55,,47377,2,,,1,15,,47397,2,,,1,15,,47417,2,,,1,15,,47358,2,,,1,55,,47378,2,,,1,15,,47398,2,,,1,15,,47418,2,,,1,15,,47359,2,,,1,55,,47379,2,,,1,15,,47399,2,,,1,15,,47419,2,,,1,15,,47360,2,,,1,55,,47380,2,,,1,15,,47400,2,,,1,15,,47420,2,,,1,15,,47361,2,,,1,55,,47381,2,,,1,15,,47401,2,,,1,15,,47421,2,,,1,15,,47362,2,,,1,55,,47382,2,,,1,15,,47402,2,,,1,15,,47422,2,,,1,15,,47363,2,,,1,55,,47383,2,,,1,15,,47403,2,,,1,15,,47423,2,,,1,15,,47364,2,,,1,55,,47384,2,,,1,15,,47404,2,,,1,15,,47424,2,,,1,15,,47365,2,,,1,55,,47385,2,,,1,15,,47405,2,,,1,15,,47425,2,,,1,15,,47366,2,,,1,55,,47386,2,,,1,15,,47406,2,,,1,15,,47426,2,,,1,15,,47367,2,,,1,55,,47387,2,,,1,15,,47407,2,,,1,15,,47427,2,,,1,15,,47368,2,,,1,55,,47388,2,,,1,15,,47408,2,,,1,15,,47428,2,,,1,15,,47369,2,,,1,55,,47389,2,,,1,15,,47409,2,,,1,15,,47429,2,,,1,15,,47370,2,,,1,55,,47390,2,,,1,15,,47410,2,,,1,15,,47430,2,,,1,15,,47371,2,,,1,55,,47391,2,,,1,15,,47411,2,,,1,15,,47431,2,,,1,15,,47372,2,,,1,55,,47392,2,,,1,15,,47412,2,,,1,15,,47432,2,,,1,15,,47373,2,,,1,55,,47393,2,,,1,15,,47413,2,,,1,15,,47433,2,,,1,15,,47374,2,,,1,55,,47394,2,,,1
1,'20261016',539,,47493,2,,,1,15,,47434,2,,,1,52,,47454,2,,,1,15,,47474,2,,,1,15,,47494,2,,,1,15,,47435,2,,,1,55,,47455,2,,,1,15,,47475,2,,,1,15,,47495,2,,,1,15,,47436,2,,,1,55,,47456,2,,,1,15,,47476,2,,,1,15,,47496,2,,,1,15,,47437,2,,,1,55,,47457,2,,,1,15,,47477,2,,,1,15,,47497,2,,,1,15,,47438,2,,,1,55,,47458,2,,,1,15,,47478,2,,,1,15,,47498,2,,,1,15,,47439,2,,,1,55,,47459,2,,,1,15,,47479,2,,,1,15,,47499,2,,,1,15,,47440,2,,,1,55,,47460,2,,,1,15,,47480,2,,,1,15,,47500,2,,,1,15,,47441,2,,,1,55,,47461,2,,,1,15,,47481,2,,,1,15,,47501,2,,,1,15,,47442,2,,,1,55,,47462,2,,,1,15,,47482,2,,,1,15,,47502,2,,,1,15,,47443,2,,,1,55,,47463,2,,,1,15,,47483,2,,,1,15,,47503,2,,,1,15,,47444,2,,,1,55,,47464,2,,,1,15,,47484,2,,,1,15,,47504,2,,,1,15,,47445,2,,,1,55,,47465,2,,,1,15,,47485,2,,,1,15,,47505,2,,,1,15,,47446,2,,,1,55,,47466,2,,,1,15,,47486,2,,,1,15,,47506,2,,,1,15,,47447,2,,,1,55,,47467,2,,,1,15,,47487,2,,,1,15,,47507,2,,,1,15,,47448,2,,,1,55,,47468,2,,,1,15,,47488,2,,,1,15,,47508,2,,,1,15,,47449,2,,,1,55,,47469,2,,,1,15,,47489,2,,,1,15,,47509,2,,,1,15,,47450,2,,,1,55,,47470,2,,,1,15,,47490,2,,,1,15,,47510,2,,,1,15,,47451,2,,,1,55,,47471,2,,,1,15,,47491,2,,,1,15,,47511,2,,,1,15,,47452,2,,,1,55,,47472,2,,,1,15,,47492,2,,,1,15,,47512,2,,,1,15,,47453,2,,,1,55,,47473,2,,,1
1,'20261017',636,,47569,2,,,1,15,,47513,2,,,1,55,,47532,2,,,1,15,,47551,2,,,1,15,,47570,2,,,1,15,,47514,2,,,1,55,,47533,2,,,1,15,,47552,2,,,1,15,,47571,2,,,1,15,,47515,2,,,1,55,,47534,2,,,1,15,,47553,2,,,1,15,,47572,2,,,1,15,,47516,2,,,1,55,,47535,2,,,1,15,,47554,2,,,1,15,,47573,2,,,1,15,,47517,2,,,1,55,,47536,2,,,1,15,,47555,2,,,1,15,,47574,2,,,1,15,,47518,2,,,1,55,,47537,2,,,1,15,,47556,2,,,1,15,,47575,2,,,1,15,,47519,2,,,1,55,,47538,2,,,1,15,,47557,2,,,1,15,,47576,2,,,1,15,,47520,2,,,1,55,,47539,2,,,1,15,,47558,2,,,1,15,,47577,2,,,1,15,,47521,2,,,1,55,,47540,2,,,1,15,,47559,2,,,1,15,,47578,2,,,1,15,,47522,2,,,1,55,,47541,2,,,1,15,,47560,2,,,1,15,,47579,2,,,1,15,,47523,2,,,1,55,,47542,2,,,1,15,,47561,2,,,1,15,,47580,2,,,1,15,,47524,2,,,1,55,,47543,2,,,1,15,,47562,2,,,1,15,,47581,2,,,1,15,,47525,2,,,1,55,,47544,2,,,1,15,,47563,2,,,1,15,,47582,2,,,1,15,,47526,2,,,1,55,,47545,2,,,1,15,,47564,2,,,1,15,,47583,2,,,1,15,,47527,2,,,1,55,,47546,2,,,1,15,,47565,2,,,1,15,,47584,2,,,1,15,,47528,2,,,1,55,,47547,2,,,1,15,,47566,2,,,1,15,,47585,2,,,1,15,,47529,2,,,1,55,,47548,2,,,1,15,,47567,2,,,1,15,,47586,2,,,1,15,,47530,2,,,1,55,,47549,2,,,1,15,,47568,2,,,1,15,,47587,2,,,1,15,,47531,2,,,1,55,,47550,2,,,1
1,'20261018',636,,47644,2,,,1,15,,47588,2,,,1,55,,47607,2,,,1,15,,47626,2,,,1,15,,47645,2,,,1,15,,47589,2,,,1,55,,47608,2,,,1,15,,47627,2,,,1,15,,47646,2,,,1,15,,47590,2,,,1,55,,47609,2,,,1,15,,47628,2,,,1,15,,47647,2,,,1,15,,47591,2,,,1,55,,47610,2,,,1,15,,47629,2,,,1,15,,47648,2,,,1,15,,47592,2,,,1,55,,47611,2,,,1,15,,47630,2,,,1,15,,47649,2,,,1,15,,47593,2,,,1,55,,47612,2,,,1,15,,47631,2,,,1,15,,47650,2,,,1,15,,47594,2,,,1,55,,47613,2,,,1,15,,47632,2,,,1,15,,47651,2,,,1,15,,47595,2,,,1,55,,47614,2,,,1,15,,47633,2,,,1,15,,47652,2,,,1,15,,47596,2,,,1,55,,47615,2,,,1,15,,47634,2,,,1,15,,47653,2,,,1,15,,47597,2,,,1,55,,47616,2,,,1,15,,47635,2,,,1,15,,47654,2,,,1,15,,47598,2,,,1,55,,47617,2,,,1,15,,47636,2,,,1,15,,47655,2,,,1,15,,47599,2,,,1,55,,47618,2,,,1,15,,47637,2,,,1,15,,47656,2,,,1,15,,47600,2,,,1,55,,47619,2,,,1,15,,47638,2,,,1,15,,47657,2,,,1,15,,47601,2,,,1,55,,47620,2,,,1,15,,47639,2,,,1,15,,47658,2,,,1,15,,47602,2,,,1,55,,47621,2,,,1,15,,47640,2,,,1,15,,47659,2,,,1,15,,47603,2,,,1,55,,47622,2,,,1,15,,47641,2,,,1,15,,47660,2,,,1,15,,47604,2,,,1,55,,47623,2,,,1,15,,47642,2,,,1,15,,47661,2,,,1,15,,47605,2,,,1,55,,47624,2,,,1,15,,47643,2,,,1,15,,47662,2,,,1,15,,47606,2,,,1,55,,47625,2,,,1
1,'20261019',636,,47719,2,,,1,15,,47663,2,,,1,55,,47682,2,,,1,15,,47701,2,,,1,15,,47720,2,,,1,15,,47664,2,,,1,55,,47683,2,,,1,15,,47702,2,,,1,15,,47721,2,,,1,15,,47665,2,,,1,55,,47684,2,,,1,15,,47703,2,,,1,15,,47722,2,,,1,15,,47666,2,,,1,55,,47685,2,,,1,15,,47704,2,,,1,15,,47723,2,,,1,15,,47667,2,,,1,55,,47686,2,,,1,15,,47705,2,,,1,15,,47724,2,,,1,15,,47668,2,,,1,55,,47687,2,,,1,15,,47706,2,,,1,15,,47725,2,,,1,15,,47669,2,,,1,55,,47688,2,,,1,15,,47707,2,,,1,15,,47726,2,,,1,15,,47670,2,,,1,55,,47689,2,,,1,15,,47708,2,,,1,15,,47727,2,,,1,15,,47671,2,,,1,55,,47690,2,,,1,15,,47709,2,,,1,15,,47728,2,,,1,15,,47672,2,,,1,55,,47691,2,,,1,15,,47710,2,,,1,15,,47729,2,,,1,15,,47673,2,,,1,55,,47692,2,,,1,15,,47711,2,,,1,15,,47730,2,,,1,15,,47674,2,,,1,55,,47693,2,,,1,15,,47712,2,,,1,15,,47731,2,,,1,15,,47675,2,,,1,55,,47694,2,,,1,15,,47713,2,,,1,15,,47732,2,,,1,15,,47676,2,,,1,55,,47695,2,,,1,15,,47714,2,,,1,15,,47733,2,,,1,15,,47677,2,,,1,55,,47696,2,,,1,15,,47715,2,,,1,15,,47734,2,,,1,15,,47678,2,,,1,55,,47697,2,,,1,15,,47716,2,,,1,15,,47735,2,,,1,15,,47679,2,,,1,55,,47698,2,,,1,15,,47717,2,,,1,15,,47736,2,,,1,15,,47680,2,,,1,55,,47699,2,,,1,15,,47718,2,,,1,15,,47737,2,,,1,15,,47681,2,,,1,55,,47700,2,,,1
1,'20261020',539,,47797,2,,,1,15,,47738,2,,,1,52,,47758,2,,,1,15,,47778,2,,,1,15,,47798,2,,,1,15,,47739,2,,,1,55,,47759,2,,,1,15,,47779,2,,,1,15,,47799,2,,,1,15,,47740,2,,,1,55,,47760,2,,,1,15,,47780,2,,,1,15,,47800,2,,,1,15,,47741,2,,,1,55,,47761,2,,,1,15,,47781,2,,,1,15,,47801,2,,,1,15,,47742,2,,,1,55,,47762,2,,,1,15,,47782,2,,,1,15,,47802,2,,,1,15,,47743,2,,,1,55,,47763,2,,,1,15,,47783,2,,,1,15,,47803,2,,,1,15,,47744,2,,,1,55,,47764,2,,,1,15,,47784,2,,,1,15,,47804,2,,,1,15,,47745,2,,,1,55,,47765,2,,,1,15,,47785,2,,,1,15,,47805,2,,,1,15,,47746,2,,,1,55,,47766,2,,,1,15,,47786,2,,,1,15,,47806,2,,,1,15,,47747,2,,,1,55,,47767,2,,,1,15,,47787,2,,,1,15,,47807,2,,,1,15,,47748,2,,,1,55,,47768,2,,,1,15,,47788,2,,,1,15,,47808,2,,,1,15,,47749,2,,,1,55,,47769,2,,,1,15,,47789,2,,,1,15,,47809,2,,,1,15,,47750,2,,,1,55,,47770,2,,,1,15,,47790,2,,,1,15,,47810,2,,,1,15,,47751,2,,,1,55,,47771,2,,,1,15,,47791,2,,,1,15,,47811,2,,,1,15,,47752,2,,,1,55,,47772,2,,,1,15,,47792,2,,,1,15,,47812,2,,,1,15,,47753,2,,,1,55,,47773,2,,,1,15,,47793,2,,,1,15,,47813,2,,,1,15,,47754,2,,,1,55,,47774,2,,,1,15,,47794,2,,,1,15,,47814,2,,,1,15,,47755,2,,,1,55,,47775,2,,,1,15,,47795,2,,,1,15,,47815,2,,,1,15,,47756,2,,,1,55,,47776,2,,,1,15,,47796,2,,,1,15,,47816,2,,,1,15,,47757,2,,,1,55,,47777,2,,,1
1,'20261021',539,,47876,2,,,1,15,,47817,2,,,1,52,,47837,2,,,1,15,,47857,2,,,1,15,,47877,2,,,1,15,,47818,2,,,1,55,,47838,2,,,1,15,,47858,2,,,1,15,,47878,2,,,1,15,,47819,2,,,1,55,,47839,2,,,1,15,,47859,2,,,1,15,,47879,2,,,1,15,,47820,2,,,1,55,,47840,2,,,1,15,,47860,2,,,1,15,,47880,2,,,1,15,,47821,2,,,1,55,,47841,2,,,1,15,,47861,2,,,1,15,,47881,2,,,1,15,,47822,2,,,1,55,,47842,2,,,1,15,,47862,2,,,1,15,,47882,2,,,1,15,,47823,2,,,1,55,,47843,2,,,1,15,,47863,2,,,1,15,,47883,2,,,1,15,,47824,2,,,1,55,,47844,2,,,1,15,,47864,2,,,1,15,,47884,2,,,1,15,,47825,2,,,1,55,,47845,2,,,1,15,,47865,2,,,1,15,,47885,2,,,1,15,,47826,2,,,1,55,,47846,2,,,1,15,,47866,2,,,1,15,,47886,2,,,1,15,,47827,2,,,1,55,,47847,2,,,1,15,,47867,2,,,1,15,,47887,2,,,1,15,,47828,2,,,1,55,,47848,2,,,1,15,,47868,2,,,1,15,,47888,2,,,1,15,,47829,2,,,1,55,,47849,2,,,1,15,,47869,2,,,1,15,,47889,2,,,1,15,,47830,2,,,1,55,,47850,2,,,1,15,,47870,2,,,1,15,,47890,2,,,1,15,,47831,2,,,1,55,,47851,2,,,1,15,,47871,2,,,1,15,,47891,2,,,1,15,,47832,2,,,1,55,,47852,2,,,1,15,,47872,2,,,1,15,,47892,2,,,1,15,,47833,2,,,1,55,,47853,2,,,1,15,,47873,2,,,1,15,,47893,2,,,1,15,,47834,2,,,1,55,,47854,2,,,1,15,,47874,2,,,1,15,,47894,2,,,1,15,,47835,2,,,1,55,,47855,2,,,1,15,,47875,2,,,1,15,,47895,2,,,1,15,,47836,2,,,1,55,,47856,2,,,1
1,'20261022',539,,47955,2,,,1,15,,47896,2,,,1,52,,47916,2,,,1,15,,47936,2,,,1,15,,47956,2,,,1,15,,47897,2,,,1,55,,47917,2,,,1,15,,47937,2,,,1,15,,47957,2,,,1,15,,47898,2,,,1,55,,47918,2,,,1,15,,47938,2,,,1,15,,47958,2,,,1,15,,47899,2,,,1,55,,47919,2,,,1,15,,47939,2,,,1,15,,47959,2,,,1,15,,47900,2,,,1,55,,47920,2,,,1,15,,47940,2,,,1,15,,47960,2,,,1,15,,47901,2,,,1,55,,47921,2,,,1,15,,47941,2,,,1,15,,47961,2,,,1,15,,47902,2,,,1,55,,47922,2,,,1,15,,47942,2,,,1,15,,47962,2,,,1,15,,47903,2,,,1,55,,47923,2,,,1,15,,47943,2,,,1,15,,47963,2,,,1,15,,47904,2,,,1,55,,47924,2,,,1,15,,47944,2,,,1,15,,47964,2,,,1,15,,47905,2,,,1,55,,47925,2,,,1,15,,47945,2,,,1,15,,47965,2,,,1,15,,47906,2,,,1,55,,47926,2,,,1,15,,47946,2,,,1,15,,47966,2,,,1,15,,47907,2,,,1,55,,47927,2,,,1,15,,47947,2,,,1,15,,47967,2,,,1,15,,47908,2,,,1,55,,47928,2,,,1,15,,47948,2,,,1,15,,47968,2,,,1,15,,47909,2,,,1,55,,47929,2,,,1,15,,47949,2,,,1,15,,47969,2,,,1,15,,47910,2,,,1,55,,47930,2,,,1,15,,47950,2,,,1,15,,47970,2,,,1,15,,47911,2,,,1,55,,47931,2,,,1,15,,47951,2,,,1,15,,47971,2,,,1,15,,47912,2,,,1,55,,47932,2,,,1,15,,47952,2,,,1,15,,47972,2,,,1,15,,47913,2,,,1,55,,47933,2,,,1,15,,47953,2,,,1,15,,47973,2,,,1,15,,47914,2,,,1,55,,47934,2,,,1,15,,47954,2,,,1,15,,47974,2,,,1,15,,47915,2,,,1,55,,47935,2,,,1
1,'20261023',539,,48034,2,,,1,15,,47975,2,,,1,52,,47995,2,,,1,15,,48015,2,,,1,15,,48035,2,,,1,15,,47976,2,,,1,55,,47996,2,,,1,15,,48016,2,,,1,15,,48036,2,,,1,15,,47977,2,,,1,55,,47997,2,,,1,15,,48017,2,,,1,15,,48037,2,,,1,15,,47978,2,,,1,55,,47998,2,,,1,15,,48018,2,,,1,15,,48038,2,,,1,15,,47979,2,,,1,55,,47999,2,,,1,15,,48019,2,,,1,15,,48039,2,,,1,15,,47980,2,,,1,55,,48000,2,,,1,15,,48020,2,,,1,15,,48040,2,,,1,15,,47981,2,,,1,55,,48001,2,,,1,15,,48021,2,,,1,15,,48041,2,,,1,15,,47982,2,,,1,55,,48002,2,,,1,15,,48022,2,,,1,15,,48042,2,,,1,15,,47983,2,,,1,55,,48003,2,,,1,15,,48023,2,,,1,15,,48043,2,,,1,15,,47984,2,,,1,55,,48004,2,,,1,15,,48024,2,,,1,15,,48044,2,,,1,15,,47985,2,,,1,55,,48005,2,,,1,15,,48025,2,,,1,15,,48045,2,,,1,15,,47986,2,,,1,55,,48006,2,,,1,15,,48026,2,,,1,15,,48046,2,,,1,15,,47987,2,,,1,55,,48007,2,,,1,15,,48027,2,,,1,15,,48047,2,,,1,15,,47988,2,,,1,55,,48008,2,,,1,15,,48028,2,,,1,15,,48048,2,,,1,15,,47989,2,,,1,55,,48009,2,,,1,15,,48029,2,,,1,15,,48049,2,,,1,15,,47990,2,,,1,55,,48010,2,,,1,15,,48030,2,,,1,15,,48050,2,,,1,15,,47991,2,,,1,55,,48011,2,,,1,15,,48031,2,,,1,15,,48051,2,,,1,15,,47992,2,,,1,55,,48012,2,,,1,15,,48032,2,,,1,15,,48052,2,,,1,15,,47993,2,,,1,55,,48013,2,,,1,15,,48033,2,,,1,15,,48053,2,,,1,15,,47994,2,,,1,55,,48014,2,,,1
1,'20261024',636,,48110,2,,,1,15,,48054,2,,,1,55,,48073,2,,,1,15,,48092,2,,,1,15,,48111,2,,,1,15,,48055,2,,,1,55,,48074,2,,,1,15,,48093,2,,,1,15,,48112,2,,,1,15,,48056,2,,,1,55,,48075,2,,,1,15,,48094,2,,,1,15,,48113,2,,,1,15,,48057,2,,,1,55,,48076,2,,,1,15,,48095,2,,,1,15,,48114,2,,,1,15,,48058,2,,,1,55,,48077,2,,,1,15,,48096,2,,,1,15,,48115,2,,,1,15,,48059,2,,,1,55,,48078,2,,,1,15,,48097,2,,,1,15,,48116,2,,,1,15,,48060,2,,,1,55,,48079,2,,,1,15,,48098,2,,,1,15,,48117,2,,,1,15,,48061,2,,,1,55,,48080,2,,,1,15,,48099,2,,,1,15,,48118,2,,,1,15,,48062,2,,,1,55,,48081,2,,,1,15,,48100,2,,,1,15,,48119,2,,,1,15,,48063,2,,,1,55,,48082,2,,,1,15,,48101,2,,,1,15,,48120,2,,,1,15,,48064,2,,,1,55,,48083,2,,,1,15,,48102,2,,,1,15,,48121,2,,,1,15,,48065,2,,,1,55,,48084,2,,,1,15,,48103,2,,,1,15,,48122,2,,,1,15,,48066,2,,,1,55,,48085,2,,,1,15,,48104,2,,,1,15,,48123,2,,,1,15,,48067,2,,,1,55,,48086,2,,,1,15,,48105,2,,,1,15,,48124,2,,,1,15,,48068,2,,,1,55,,48087,2,,,1,15,,48106,2,,,1,15,,48125,2,,,1,15,,48069,2,,,1,55,,48088,2,,,1,15,,48107,2,,,1,15,,48126,2,,,1,15,,48070,2,,,1,55,,48089,2,,,1,15,,48108,2,,,1,15,,48127,2,,,1,15,,48071,2,,,1,55,,48090,2,,,1,15,,48109,2,,,1,15,,48128,2,,,1,15,,48072,2,,,1,55,,48091,2,,,1
1,'20261025',636,,48185,2,,,1,15,,48129,2,,,1,55,,48148,2,,,1,15,,48167,2,,,1,15,,48186,2,,,1,15,,48130,2,,,1,55,,48149,2,,,1,15,,48168,2,,,1,15,,48187,2,,,1,15,,48131,2,,,1,55,,48150,2,,,1,15,,48169,2,,,1,15,,48188,2,,,1,15,,48132,2,,,1,55,,48151,2,,,1,15,,48170,2,,,1,15,,48189,2,,,1,15,,48133,2,,,1,55,,48152,2,,,1,15,,48171,2,,,1,15,,48190,2,,,1,15,,48134,2,,,1,55,,48153,2,,,1,15,,48172,2,,,1,15,,48191,2,,,1,15,,48135,2,,,1,55,,48154,2,,,1,15,,48173,2,,,1,15,,48192,2,,,1,15,,48136,2,,,1,55,,48155,2,,,1,15,,48174,2,,,1,15,,48193,2,,,1,15,,48137,2,,,1,55,,48156,2,,,1,15,,48175,2,,,1,15,,48194,2,,,1,15,,48138,2,,,1,55,,48157,2,,,1,15,,48176,2,,,1,15,,48195,2,,,1,15,,48139,2,,,1,55,,48158,2,,,1,15,,48177,2,,,1,15,,48196,2,,,1,15,,48140,2,,,1,55,,48159,2,,,1,15,,48178,2,,,1,15,,48197,2,,,1,15,,48141,2,,,1,55,,48160,2,,,1,15,,48179,2,,,1,15,,48198,2,,,1,15,,48142,2,,,1,55,,48161,2,,,1,15,,48180,2,,,1,15,,48199,2,,,1,15,,48143,2,,,1,55,,48162,2,,,1,15,,48181,2,,,1,15,,48200,2,,,1,15,,48144,2,,,1,55,,48163,2,,,1,15,,48182,2,,,1,15,,48201,2,,,1,15,,48145,2,,,1,55,,48164,2,,,1,15,,48183,2,,,1,15,,48202,2,,,1,15,,48146,2,,,1,55,,48165,2,,,1,15,,48184,2,,,1,15,,48203,2,,,1,15,,48147,2,,,1,55,,48166,2,,,1
1,'20261026',636,,48260,2,,,1,15,,48204,2,,,1,55,,48223,2,,,1,15,,48242,2,,,1,15,,48261,2,,,1,15,,48205,2,,,1,55,,48224,2,,,1,15,,48243,2,,,1,15,,48262,2,,,1,15,,48206,2,,,1,55,,48225,2,,,1,15,,48244,2,,,1,15,,48263,2,,,1,15,,48207,2,,,1,55,,48226,2,,,1,15,,48245,2,,,1,15,,48264,2,,,1,15,,48208,2,,,1,55,,48227,2,,,1,15,,48246,2,,,1,15,,48265,2,,,1,15,,48209,2,,,1,55,,48228,2,,,1,15,,48247,2,,,1,15,,48266,2,,,1,15,,48210,2,,,1,55,,48229,2,,,1,15,,48248,2,,,1,15,,48267,2,,,1,15,,48211,2,,,1,55,,48230,2,,,1,15,,48249,2,,,1,15,,48268,2,,,1,15,,48212,2,,,1,55,,48231,2,,,1,15,,48250,2,,,1,15,,48269,2,,,1,15,,48213,2,,,1,55,,48232,2,,,1,15,,48251,2,,,1,15,,48270,2,,,1,15,,48214,2,,,1,55,,48233,2,,,1,15,,48252,2,,,1,15,,48271,2,,,1,15,,48215,2,,,1,55,,48234,2,,,1,15,,48253,2,,,1,15,,48272,2,,,1,15,,48216,2,,,1,55,,48235,2,,,1,15,,48254,2,,,1,15,,48273,2,,,1,15,,48217,2,,,1,55,,48236,2,,,1,15,,48255,2,,,1,15,,48274,2,,,1,15,,48218,2,,,1,55,,48237,2,,,1,15,,48256,2,,,1,15,,48275,2,,,1,15,,48219,2,,,1,55,,48238,2,,,1,15,,48257,2,,,1,15,,48276,2,,,1,15,,48220,2,,,1,55,,48239,2,,,1,15,,48258,2,,,1,15,,48277,2,,,1,15,,48221,2,,,1,55,,48240,2,,,1,15,,48259,2,,,1,15,,48278,2,,,1,15,,48222,2,,,1,55,,48241,2,,,1
1,'20261027',539,,48338,2,,,1,15,,48279,2,,,1,52,,48299,2,,,1,15,,48319,2,,,1,15,,48339,2,,,1,15,,48280,2,,,1,55,,48300,2,,,1,15,,48320,2,,,1,15,,48340,2,,,1,15,,48281,2,,,1,55,,48301,2,,,1,15,,48321,2,,,1,15,,48341,2,,,1,15,,48282,2,,,1,55,,48302,2,,,1,15,,48322,2,,,1,15,,48342,2,,,1,15,,48283,2,,,1,55,,48303,2,,,1,15,,48323,2,,,1,15,,48343,2,,,1,15,,48284,2,,,1,55,,48304,2,,,1,15,,48324,2,,,1,15,,48344,2,,,1,15,,48285,2,,,1,55,,48305,2,,,1,15,,48325,2,,,1,15,,48345,2,,,1,15,,48286,2,,,1,55,,48306,2,,,1,15,,48326,2,,,1,15,,48346,2,,,1,15,,48287,2,,,1,55,,48307,2,,,1,15,,48327,2,,,1,15,,48347,2,,,1,15,,48288,2,,,1,55,,48308,2,,,1,15,,48328,2,,,1,15,,48348,2,,,1,15,,48289,2,,,1,55,,48309,2,,,1,15,,48329,2,,,1,15,,48349,2,,,1,15,,48290,2,,,1,55,,48310,2,,,1,15,,48330,2,,,1,15,,48350,2,,,1,15,,48291,2,,,1,55,,48311,2,,,1,15,,48331,2,,,1,15,,48351,2,,,1,15,,48292,2,,,1,55,,48312,2,,,1,15,,48332,2,,,1,15,,48352,2,,,1,15,,48293,2,,,1,55,,48313,2,,,1,15,,48333,2,,,1,15,,48353,2,,,1,15,,48294,2,,,1,55,,48314,2,,,1,15,,48334,2,,,1,15,,48354,2,,,1,15,,48295,2,,,1,55,,48315,2,,,1,15,,48335,2,,,1,15,,48355,2,,,1,15,,48296,2,,,1,55,,48316,2,,,1,15,,48336,2,,,1,15,,48356,2,,,1,15,,48297,2,,,1,55,,48317,2,,,1,15,,48337,2,,,1,15,,48357,2,,,1,15,,48298,2,,,1,55,,48318,2,,,1
1,'20261028',539,,48417,2,,,1,15,,48358,2,,,1,52,,48378,2,,,1,15,,48398,2,,,1,15,,48418,2,,,1,15,,48359,2,,,1,55,,48379,2,,,1,15,,48399,2,,,1,15,,48419,2,,,1,15,,48360,2,,,1,55,,48380,2,,,1,15,,48400,2,,,1,15,,48420,2,,,1,15,,48361,2,,,1,55,,48381,2,,,1,15,,48401,2,,,1,15,,48421,2,,,1,15,,48362,2,,,1,55,,48382,2,,,1,15,,48402,2,,,1,15,,48422,2,,,1,15,,48363,2,,,1,55,,48383,2,,,1,15,,48403,2,,,1,15,,48423,2,,,1,15,,48364,2,,,1,55,,48384,2,,,1,15,,48404,2,,,1,15,,48424,2,,,1,15,,48365,2,,,1,55,,48385,2,,,1,15,,48405,2,,,1,15,,48425,2,,,1,15,,48366,2,,,1,55,,48386,2,,,1,15,,48406,2,,,1,15,,48426,2,,,1,15,,48367,2,,,1,55,,48387,2,,,1,15,,48407,2,,,1,15,,48427,2,,,1,15,,48368,2,,,1,55,,48388,2,,,1,15,,48408,2,,,1,15,,48428,2,,,1,15,,48369,2,,,1,55,,48389,2,,,1,15,,48409,2,,,1,15,,48429,2,,,1,15,,48370,2,,,1,55,,48390,2,,,1,15,,48410,2,,,1,15,,48430,2,,,1,15,,48371,2,,,1,55,,48391,2,,,1,15,,48411,2,,,1,15,,48431,2,,,1,15,,48372,2,,,1,55,,48392,2,,,1,15,,48412,2,,,1,15,,48432,2,,,1,15,,48373,2,,,1,55,,48393,2,,,1,15,,48413,2,,,1,15,,48433,2,,,1,15,,48374,2,,,1,55,,48394,2,,,1,15,,48414,2,,,1,15,,48434,2,,,1,15,,48375,2,,,1,55,,48395,2,,,1,15,,48415,2,,,1,15,,48435,2,,,1,15,,48376,2,,,1,55,,48396,2,,,1,15,,48416,2,,,1,15,,48436,2,,,1,15,,48377,2,,,1,55,,48397,2,,,1
1,'20261029',539,,48496,2,,,1,15,,48437,2,,,1,52,,48457,2,,,1,15,,48477,2,,,1,15,,48497,2,,,1,15,,48438,2,,,1,55,,48458,2,,,1,15,,48478,2,,,1,15,,48498,2,,,1,15,,48439,2,,,1,55,,48459,2,,,1,15,,48479,2,,,1,15,,48499,2,,,1,15,,48440,2,,,1,55,,48460,2,,,1,15,,48480,2,,,1,15,,48500,2,,,1,15,,48441,2,,,1,55,,48461,2,,,1,15,,48481,2,,,1,15,,48501,2,,,1,15,,48442,2,,,1,55,,48462,2,,,1,15,,48482,2,,,1,15,,48502,2,,,1,15,,48443,2,,,1,55,,48463,2,,,1,15,,48483,2,,,1,15,,48503,2,,,1,15,,48444,2,,,1,55,,48464,2,,,1,15,,48484,2,,,1,15,,48504,2,,,1,15,,48445,2,,,1,55,,48465,2,,,1,15,,48485,2,,,1,15,,48505,2,,,1,15,,48446,2,,,1,55,,48466,2,,,1,15,,48486,2,,,1,15,,48506,2,,,1,15,,48447,2,,,1,55,,48467,2,,,1,15,,48487,2,,,1,15,,48507,2,,,1,15,,48448,2,,,1,55,,48468,2,,,1,15,,48488,2,,,1,15,,48508,2,,,1,15,,48449,2,,,1,55,,48469,2,,,1,15,,48489,2,,,1,15,,48509,2,,,1,15,,48450,2,,,1,55,,48470,2,,,1,15,,48490,2,,,1,15,,48510,2,,,1,15,,48451,2,,,1,55,,48471,2,,,1,15,,48491,2,,,1,15,,48511,2,,,1,15,,48452,2,,,1,55,,48472,2,,,1,15,,48492,2,,,1,15,,48512,2,,,1,15,,48453,2,,,1,55,,48473,2,,,1,15,,48493,2,,,1,15,,48513,2,,,1,15,,48454,2,,,1,55,,48474,2,,,1,15,,48494,2,,,1,15,,48514,2,,,1,15,,48455,2,,,1,55,,48475,2,,,1,15,,48495,2,,,1,15,,48515,2,,,1,15,,48456,2,,,1,55,,48476,2,,,1
1,'20261030',539,,48575,2,,,1,15,,48516,2,,,1,52,,48536,2,,,1,15,,48556,2,,,1,15,,48576,2,,,1,15,,48517,2,,,1,55,,48537,2,,,1,15,,48557,2,,,1,15,,48577,2,,,1,15,,48518,2,,,1,55,,48538,2,,,1,15,,48558,2,,,1,15,,48578,2,,,1,15,,48519,2,,,1,55,,48539,2,,,1,15,,48559,2,,,1,15,,48579,2,,,1,15,,48520,2,,,1,55,,48540,2,,,1,15,,48560,2,,,1,15,,48580,2,,,1,15,,48521,2,,,1,55,,48541,2,,,1,15,,48561,2,,,1,15,,48581,2,,,1,15,,48522,2,,,1,55,,48542,2,,,1,15,,48562,2,,,1,15,,48582,2,,,1,15,,48523,2,,,1,55,,48543,2,,,1,15,,48563,2,,,1,15,,48583,2,,,1,15,,48524,2,,,1,55,,48544,2,,,1,15,,48564,2,,,1,15,,48584,2,,,1,15,,48525,2,,,1,55,,48545,2,,,1,15,,48565,2,,,1,15,,48585,2,,,1,15,,48526,2,,,1,55,,48546,2,,,1,15,,48566,2,,,1,15,,48586,2,,,1,15,,48527,2,,,1,55,,48547,2,,,1,15,,48567,2,,,1,15,,48587,2,,,1,15,,48528,2,,,1,55,,48548,2,,,1,15,,48568,2,,,1,15,,48588,2,,,1,15,,48529,2,,,1,55,,48549,2,,,1,15,,48569,2,,,1,15,,48589,2,,,1,15,,48530,2,,,1,55,,48550,2,,,1,15,,48570,2,,,1,15,,48590,2,,,1,15,,48531,2,,,1,55,,48551,2,,,1,15,,48571,2,,,1,15,,48591,2,,,1,15,,48532,2,,,1,55,,48552,2,,,1,15,,48572,2,,,1,15,,48592,2,,,1,15,,48533,2,,,1,55,,48553,2,,,1,15,,48573,2,,,1,15,,48593,2,,,1,15,,48534,2,,,1,55,,48554,2,,,1,15,,48574,2,,,1,15,,48594,2,,,1,15,,48535,2,,,1,55,,48555,2,,,1
1,'20261031',636,,48651,2,,,1,15,,48595,2,,,1,55,,48614,2,,,1,15,,48633,2,,,1,15,,48652,2,,,1,15,,48596,2,,,1,55,,48615,2,,,1,15,,48634,2,,,1,15,,48653,2,,,1,15,,48597,2,,,1,55,,48616,2,,,1,15,,48635,2,,,1,15,,48654,2,,,1,15,,48598,2,,,1,55,,48617,2,,,1,15,,48636,2,,,1,15,,48655,2,,,1,15,,48599,2,,,1,55,,48618,2,,,1,15,,48637,2,,,1,15,,48656,2,,,1,15,,48600,2,,,1,55,,48619,2,,,1,15,,48638,2,,,1,15,,48657,2,,,1,15,,48601,2,,,1,55,,48620,2,,,1,15,,48639,2,,,1,15,,48658,2,,,1,15,,48602,2,,,1,55,,48621,2,,,1,15,,48640,2,,,1,15,,48659,2,,,1,15,,48603,2,,,1,55,,48622,2,,,1,15,,48641,2,,,1,15,,48660,2,,,1,15,,48604,2,,,1,55,,48623,2,,,1,15,,48642,2,,,1,15,,48661,2,,,1,15,,48605,2,,,1,55,,48624,2,,,1,15,,48643,2,,,1,15,,48662,2,,,1,15,,48606,2,,,1,55,,48625,2,,,1,15,,48644,2,,,1,15,,48663,2,,,1,15,,48607,2,,,1,55,,48626,2,,,1,15,,48645,2,,,1,15,,48664,2,,,1,15,,48608,2,,,1,55,,48627,2,,,1,15,,48646,2,,,1,15,,48665,2,,,1,15,,48609,2,,,1,55,,48628,2,,,1,15,,48647,2,,,1,15,,48666,2,,,1,15,,48610,2,,,1,55,,48629,2,,,1,15,,48648,2,,,1,15,,48667,2,,,1,15,,48611,2,,,1,55,,48630,2,,,1,15,,48649,2,,,1,15,,48668,2,,,1,15,,48612,2,,,1,55,,48631,2,,,1,15,,48650,2,,,1,15,,48669,2,,,1,15,,48613,2,,,1,55,,48632,2,,,1
1,'20261101',636,,48726,2,,,1,15,,48670,2,,,1,55,,48689,2,,,1,15,,48708,2,,,1,15,,48727,2,,,1,15,,48671,2,,,1,55,,48690,2,,,1,15,,48709,2,,,1,15,,48728,2,,,1,15,,48672,2,,,1,55,,48691,2,,,1,15,,48710,2,,,1,15,,48729,2,,,1,15,,48673,2,,,1,55,,48692,2,,,1,15,,48711,2,,,1,15,,48730,2,,,1,15,,48674,2,,,1,55,,48693,2,,,1,15,,48712,2,,,1,15,,48731,2,,,1,15,,48675,2,,,1,55,,48694,2,,,1,15,,48713,2,,,1,15,,48732,2,,,1,15,,48676,2,,,1,55,,48695,2,,,1,15,,48714,2,,,1,15,,48733,2,,,1,15,,48677,2,,,1,55,,48696,2,,,1,15,,48715,2,,,1,15,,48734,2,,,1,15,,48678,2,,,1,55,,48697,2,,,1,15,,48716,2,,,1,15,,48735,2,,,1,15,,48679,2,,,1,55,,48698,2,,,1,15,,48717,2,,,1,15,,48736,2,,,1,15,,48680,2,,,1,55,,48699,2,,,1,15,,48718,2,,,1,15,,48737,2,,,1,15,,48681,2,,,1,55,,48700,2,,,1,15,,48719,2,,,1,15,,48738,2,,,1,15,,48682,2,,,1,55,,48701,2,,,1,15,,48720,2,,,1,15,,48739,2,,,1,15,,48683,2,,,1,55,,48702,2,,,1,15,,48721,2,,,1,15,,48740,2,,,1,15,,48684,2,,,1,55,,48703,2,,,1,15,,48722,2,,,1,15,,48741,2,,,1,15,,48685,2,,,1,55,,48704,2,,,1,15,,48723,2,,,1,15,,48742,2,,,1,15,,48686,2,,,1,55,,48705,2,,,1,15,,48724,2,,,1,15,,48743,2,,,1,15,,48687,2,,,1,55,,48706,2,,,1,15,,48725,2,,,1,15,,48744,2,,,1,15,,48688,2,,,1,55,,48707,2,,,1
1,'20261102',636,,48801,2,,,1,15,,48745,2,,,1,55,,48764,2,,,1,15,,48783,2,,,1,15,,48802,2,,,1,15,,48746,2,,,1,55,,48765,2,,,1,15,,48784,2,,,1,15,,48803,2,,,1,15,,48747,2,,,1,55,,48766,2,,,1,15,,48785,2,,,1,15,,48804,2,,,1,15,,48748,2,,,1,55,,48767,2,,,1,15,,48786,2,,,1,15,,48805,2,,,1,15,,48749,2,,,1,55,,48768,2,,,1,15,,48787,2,,,1,15,,48806,2,,,1,15,,48750,2,,,1,55,,48769,2,,,1,15,,48788,2,,,1,15,,48807,2,,,1,15,,48751,2,,,1,55,,48770,2,,,1,15,,48789,2,,,1,15,,48808,2,,,1,15,,48752,2,,,1,55,,48771,2,,,1,15,,48790,2,,,1,15,,48809,2,,,1,15,,48753,2,,,1,55,,48772,2,,,1,15,,48791,2,,,1,15,,48810,2,,,1,15,,48754,2,,,1,55,,48773,2,,,1,15,,48792,2,,,1,15,,48811,2,,,1,15,,48755,2,,,1,55,,48774,2,,,1,15,,48793,2,,,1,15,,48812,2,,,1,15,,48756,2,,,1,55,,48775,2,,,1,15,,48794,2,,,1,15,,48813,2,,,1,15,,48757,2,,,1,55,,48776,2,,,1,15,,48795,2,,,1,15,,48814,2,,,1,15,,48758,2,,,1,55,,48777,2,,,1,15,,48796,2,,,1,15,,48815,2,,,1,15,,48759,2,,,1,55,,48778,2,,,1,15,,48797,2,,,1,15,,48816,2,,,1,15,,48760,2,,,1,55,,48779,2,,,1,15,,48798,2,,,1,15,,48817,2,,,1,15,,48761,2,,,1,55,,48780,2,,,1,15,,48799,2,,,1,15,,48818,2,,,1,15,,48762,2,,,1,55,,48781,2,,,1,15,,48800,2,,,1,15,,48819,2,,,1,15,,48763,2,,,1,55,,48782,2,,,1
1,'20261103',539,,48879,2,,,1,15,,48820,2,,,1,52,,48840,2,,,1,15,,48860,2,,,1,15,,48880,2,,,1,15,,48821,2,,,1,55,,48841,2,,,1,15,,48861,2,,,1,15,,48881,2,,,1,15,,48822,2,,,1,55,,48842,2,,,1,15,,48862,2,,,1,15,,48882,2,,,1,15,,48823,2,,,1,55,,48843,2,,,1,15,,48863,2,,,1,15,,48883,2,,,1,15,,48824,2,,,1,55,,48844,2,,,1,15,,48864,2,,,1,15,,48884,2,,,1,15,,48825,2,,,1,55,,48845,2,,,1,15,,48865,2,,,1,15,,48885,2,,,1,15,,48826,2,,,1,55,,48846,2,,,1,15,,48866,2,,,1,15,,48886,2,,,1,15,,48827,2,,,1,55,,48847,2,,,1,15,,48867,2,,,1,15,,48887,2,,,1,15,,48828,2,,,1,55,,48848,2,,,1,15,,48868,2,,,1,15,,48888,2,,,1,15,,48829,2,,,1,55,,48849,2,,,1,15,,48869,2,,,1,15,,48889,2,,,1,15,,48830,2,,,1,55,,48850,2,,,1,15,,48870,2,,,1,15,,48890,2,,,1,15,,48831,2,,,1,55,,48851,2,,,1,15,,48871,2,,,1,15,,48891,2,,,1,15,,48832,2,,,1,55,,48852,2,,,1,15,,48872,2,,,1,15,,48892,2,,,1,15,,48833,2,,,1,55,,48853,2,,,1,15,,48873,2,,,1,15,,48893,2,,,1,15,,48834,2,,,1,55,,48854,2,,,1,15,,48874,2,,,1,15,,48894,2,,,1,15,,48835,2,,,1,55,,48855,2,,,1,15,,48875,2,,,1,15,,48895,2,,,1,15,,48836,2,,,1,55,,48856,2,,,1,15,,48876,2,,,1,15,,48896,2,,,1,15,,48837,2,,,1,55,,48857,2,,,1,15,,48877,2,,,1,15,,48897,2,,,1,15,,48838,2,,,1,55,,48858,2,,,1,15,,48878,2,,,1,15,,48898,2,,,1,15,,48839,2,,,1,55,,48859,2,,,1
1,'20261104',539,,48958,2,,,1,15,,48899,2,,,1,52,,48919,2,,,1,15,,48939,2,,,1,15,,48959,2,,,1,15,,48900,2,,,1,55,,48920,2,,,1,15,,48940,2,,,1,15,,48960,2,,,1,15,,48901,2,,,1,55,,48921,2,,,1,15,,48941,2,,,1,15,,48961,2,,,1,15,,48902,2,,,1,55,,48922,2,,,1,15,,48942,2,,,1,15,,48962,2,,,1,15,,48903,2,,,1,55,,48923,2,,,1,15,,48943,2,,,1,15,,48963,2,,,1,15,,48904,2,,,1,55,,48924,2,,,1,15,,48944,2,,,1,15,,48964,2,,,1,15,,48905,2,,,1,55,,48925,2,,,1,15,,48945,2,,,1,15,,48965,2,,,1,15,,48906,2,,,1,55,,48926,2,,,1,15,,48946,2,,,1,15,,48966,2,,,1,15,,48907,2,,,1,55,,48927,2,,,1,15,,48947,2,,,1,15,,48967,2,,,1,15,,48908,2,,,1,55,,48928,2,,,1,15,,48948,2,,,1,15,,48968,2,,,1,15,,48909,2,,,1,55,,48929,2,,,1,15,,48949,2,,,1,15,,48969,2,,,1,15,,48910,2,,,1,55,,48930,2,,,1,15,,48950,2,,,1,15,,48970,2,,,1,15,,48911,2,,,1,55,,48931,2,,,1,15,,48951,2,,,1,15,,48971,2,,,1,15,,48912,2,,,1,55,,48932,2,,,1,15,,48952,2,,,1,15,,48972,2,,,1,15,,48913,2,,,1,55,,48933,2,,,1,15,,48953,2,,,1,15,,48973,2,,,1,15,,48914,2,,,1,55,,48934,2,,,1,15,,48954,2,,,1,15,,48974,2,,,1,15,,48915,2,,,1,55,,48935,2,,,1,15,,48955,2,,,1,15,,48975,2,,,1,15,,48916,2,,,1,55,,48936,2,,,1,15,,48956,2,,,1,15,,48976,2,,,1,15,,48917,2,,,1,55,,48937,2,,,1,15,,48957,2,,,1,15,,48977,2,,,1,15,,48918,2,,,1,55,,48938,2,,,1
1,'20261105',539,,49037,2,,,1,15,,48978,2,,,1,52,,48998,2,,,1,15,,49018,2,,,1,15,,49038,2,,,1,15,,48979,2,,,1,55,,48999,2,,,1,15,,49019,2,,,1,15,,49039,2,,,1,15,,48980,2,,,1,55,,49000,2,,,1,15,,49020,2,,,1,15,,49040,2,,,1,15,,48981,2,,,1,55,,49001,2,,,1,15,,49021,2,,,1,15,,49041,2,,,1,15,,48982,2,,,1,55,,49002,2,,,1,15,,49022,2,,,1,15,,49042,2,,,1,15,,48983,2,,,1,55,,49003,2,,,1,15,,49023,2,,,1,15,,49043,2,,,1,15,,48984,2,,,1,55,,49004,2,,,1,15,,49024,2,,,1,15,,49044,2,,,1,15,,48985,2,,,1,55,,49005,2,,,1,15,,49025,2,,,1,15,,49045,2,,,1,15,,48986,2,,,1,55,,49006,2,,,1,15,,49026,2,,,1,15,,49046,2,,,1,15,,48987,2,,,1,55,,49007,2,,,1,15,,49027,2,,,1,15,,49047,2,,,1,15,,48988,2,,,1,55,,49008,2,,,1,15,,49028,2,,,1,15,,49048,2,,,1,15,,48989,2,,,1,55,,49009,2,,,1,15,,49029,2,,,1,15,,49049,2,,,1,15,,48990,2,,,1,55,,49010,2,,,1,15,,49030,2,,,1,15,,49050,2,,,1,15,,48991,2,,,1,55,,49011,2,,,1,15,,49031,2,,,1,15,,49051,2,,,1,15,,48992,2,,,1,55,,49012,2,,,1,15,,49032,2,,,1,15,,49052,2,,,1,15,,48993,2,,,1,55,,49013,2,,,1,15,,49033,2,,,1,15,,49053,2,,,1,15,,48994,2,,,1,55,,49014,2,,,1,15,,49034,2,,,1,15,,49054,2,,,1,15,,48995,2,,,1,55,,49015,2,,,1,15,,49035,2,,,1,15,,49055,2,,,1,15,,48996,2,,,1,55,,49016,2,,,1,15,,49036,2,,,1,15,,49056,2,,,1,15,,48997,2,,,1,55,,49017,2,,,1
1,'20261106',539,,49116,2,,,1,15,,49057,2,,,1,52,,49077,2,,,1,15,,49097,2,,,1,15,,49117,2,,,1,15,,49058,2,,,1,55,,49078,2,,,1,15,,49098,2,,,1,15,,49118,2,,,1,15,,49059,2,,,1,55,,49079,2,,,1,15,,49099,2,,,1,15,,49119,2,,,1,15,,49060,2,,,1,55,,49080,2,,,1,15,,49100,2,,,1,15,,49120,2,,,1,15,,49061,2,,,1,55,,49081,2,,,1,15,,49101,2,,,1,15,,49121,2,,,1,15,,49062,2,,,1,55,,49082,2,,,1,15,,49102,2,,,1,15,,49122,2,,,1,15,,49063,2,,,1,55,,49083,2,,,1,15,,49103,2,,,1,15,,49123,2,,,1,15,,49064,2,,,1,55,,49084,2,,,1,15,,49104,2,,,1,15,,49124,2,,,1,15,,49065,2,,,1,55,,49085,2,,,1,15,,49105,2,,,1,15,,49125,2,,,1,15,,49066,2,,,1,55,,49086,2,,,1,15,,49106,2,,,1,15,,49126,2,,,1,15,,49067,2,,,1,55,,49087,2,,,1,15,,49107,2,,,1,15,,49127,2,,,1,15,,49068,2,,,1,55,,49088,2,,,1,15,,49108,2,,,1,15,,49128,2,,,1,15,,49069,2,,,1,55,,49089,2,,,1,15,,49109,2,,,1,15,,49129,2,,,1,15,,49070,2,,,1,55,,49090,2,,,1,15,,49110,2,,,1,15,,49130,2,,,1,15,,49071,2,,,1,55,,49091,2,,,1,15,,49111,2,,,1,15,,49131,2,,,1,15,,49072,2,,,1,55,,49092,2,,,1,15,,49112,2,,,1,15,,49132,2,,,1,15,,49073,2,,,1,55,,49093,2,,,1,15,,49113,2,,,1,15,,49133,2,,,1,15,,49074,2,,,1,55,,49094,2,,,1,15,,49114,2,,,1,15,,49134,2,,,1,15,,49075,2,,,1,55,,49095,2,,,1,15,,49115,2,,,1,15,,49135,2,,,1,15,,49076,2,,,1,55,,49096,2,,,1
1,'20261107',636,,49192,2,,,1,15,,49136,2,,,1,55,,49155,2,,,1,15,,49174,2,,,1,15,,49193,2,,,1,15,,49137,2,,,1,55,,49156,2,,,1,15,,49175,2,,,1,15,,49194,2,,,1,15,,49138,2,,,1,55,,49157,2,,,1,15,,49176,2,,,1,15,,49195,2,,,1,15,,49139,2,,,1,55,,49158,2,,,1,15,,49177,2,,,1,15,,49196,2,,,1,15,,49140,2,,,1,55,,49159,2,,,1,15,,49178,2,,,1,15,,49197,2,,,1,15,,49141,2,,,1,55,,49160,2,,,1,15,,49179,2,,,1,15,,49198,2,,,1,15,,49142,2,,,1,55,,49161,2,,,1,15,,49180,2,,,1,15,,49199,2,,,1,15,,49143,2,,,1,55,,49162,2,,,1,15,,49181,2,,,1,15,,49200,2,,,1,15,,49144,2,,,1,55,,49163,2,,,1,15,,49182,2,,,1,15,,49201,2,,,1,15,,49145,2,,,1,55,,49164,2,,,1,15,,49183,2,,,1,15,,49202,2,,,1,15,,49146,2,,,1,55,,49165,2,,,1,15,,49184,2,,,1,15,,49203,2,,,1,15,,49147,2,,,1,55,,49166,2,,,1,15,,49185,2,,,1,15,,49204,2,,,1,15,,49148,2,,,1,55,,49167,2,,,1,15,,49186,2,,,1,15,,49205,2,,,1,15,,49149,2,,,1,55,,49168,2,,,1,15,,49187,2,,,1,15,,49206,2,,,1,15,,49150,2,,,1,55,,49169,2,,,1,15,,49188,2,,,1,15,,49207,2,,,1,15,,49151,2,,,1,55,,49170,2,,,1,15,,49189,2,,,1,15,,49208,2,,,1,15,,49152,2,,,1,55,,49171,2,,,1,15,,49190,2,,,1,15,,49209,2,,,1,15,,49153,2,,,1,55,,49172,2,,,1,15,,49191,2,,,1,15,,49210,2,,,1,15,,49154,2,,,1,55,,49173,2,,,1
1,'20261108',636,,49267,2,,,1,15,,49211,2,,,1,55,,49230,2,,,1,15,,49249,2,,,1,15,,49268,2,,,1,15,,49212,2,,,1,55,,49231,2,,,1,15,,49250,2,,,1,15,,49269,2,,,1,15,,49213,2,,,1,55,,49232,2,,,1,15,,49251,2,,,1,15,,49270,2,,,1,15,,49214,2,,,1,55,,49233,2,,,1,15,,49252,2,,,1,15,,49271,2,,,1,15,,49215,2,,,1,55,,49234,2,,,1,15,,49253,2,,,1,15,,49272,2,,,1,15,,49216,2,,,1,55,,49235,2,,,1,15,,49254,2,,,1,15,,49273,2,,,1,15,,49217,2,,,1,55,,49236,2,,,1,15,,49255,2,,,1,15,,49274,2,,,1,15,,49218,2,,,1,55,,49237,2,,,1,15,,49256,2,,,1,15,,49275,2,,,1,15,,49219,2,,,1,55,,49238,2,,,1,15,,49257,2,,,1,15,,49276,2,,,1,15,,49220,2,,,1,55,,49239,2,,,1,15,,49258,2,,,1,15,,49277,2,,,1,15,,49221,2,,,1,55,,49240,2,,,1,15,,49259,2,,,1,15,,49278,2,,,1,15,,49222,2,,,1,55,,49241,2,,,1,15,,49260,2,,,1,15,,49279,2,,,1,15,,49223,2,,,1,55,,49242,2,,,1,15,,49261,2,,,1,15,,49280,2,,,1,15,,49224,2,,,1,55,,49243,2,,,1,15,,49262,2,,,1,15,,49281,2,,,1,15,,49225,2,,,1,55,,49244,2,,,1,15,,49263,2,,,1,15,,49282,2,,,1,15,,49226,2,,,1,55,,49245,2,,,1,15,,49264,2,,,1,15,,49283,2,,,1,15,,49227,2,,,1,55,,49246,2,,,1,15,,49265,2,,,1,15,,49284,2,,,1,15,,49228,2,,,1,55,,49247,2,,,1,15,,49266,2,,,1,15,,49285,2,,,1,15,,49229,2,,,1,55,,49248,2,,,1
1,'20261109',636,,49342,2,,,1,15,,49286,2,,,1,55,,49305,2,,,1,15,,49324,2,,,1,15,,49343,2,,,1,15,,49287,2,,,1,55,,49306,2,,,1,15,,49325,2,,,1,15,,49344,2,,,1,15,,49288,2,,,1,55,,49307,2,,,1,15,,49326,2,,,1,15,,49345,2,,,1,15,,49289,2,,,1,55,,49308,2,,,1,15,,49327,2,,,1,15,,49346,2,,,1,15,,49290,2,,,1,55,,49309,2,,,1,15,,49328,2,,,1,15,,49347,2,,,1,15,,49291,2,,,1,55,,49310,2,,,1,15,,49329,2,,,1,15,,49348,2,,,1,15,,49292,2,,,1,55,,49311,2,,,1,15,,49330,2,,,1,15,,49349,2,,,1,15,,49293,2,,,1,55,,49312,2,,,1,15,,49331,2,,,1,15,,49350,2,,,1,15,,49294,2,,,1,55,,49313,2,,,1,15,,49332,2,,,1,15,,49351,2,,,1,15,,49295,2,,,1,55,,49314,2,,,1,15,,49333,2,,,1,15,,49352,2,,,1,15,,49296,2,,,1,55,,49315,2,,,1,15,,49334,2,,,1,15,,49353,2,,,1,15,,49297,2,,,1,55,,49316,2,,,1,15,,49335,2,,,1,15,,49354,2,,,1,15,,49298,2,,,1,55,,49317,2,,,1,15,,49336,2,,,1,15,,49355,2,,,1,15,,49299,2,,,1,55,,49318,2,,,1,15,,49337,2,,,1,15,,49356,2,,,1,15,,49300,2,,,1,55,,49319,2,,,1,15,,49338,2,,,1,15,,49357,2,,,1,15,,49301,2,,,1,55,,49320,2,,,1,15,,49339,2,,,1,15,,49358,2,,,1,15,,49302,2,,,1,55,,49321,2,,,1,15,,49340,2,,,1,15,,49359,2,,,1,15,,49303,2,,,1,55,,49322,2,,,1,15,,49341,2,,,1,15,,49360,2,,,1,15,,49304,2,,,1,55,,49323,2,,,1
1,'20261110',539,,49420,2,,,1,15,,49361,2,,,1,52,,49381,2,,,1,15,,49401,2,,,1,15,,49421,2,,,1,15,,49362,2,,,1,55,,49382,2,,,1,15,,49402,2,,,1,15,,49422,2,,,1,15,,49363,2,,,1,55,,49383,2,,,1,15,,49403,2,,,1,15,,49423,2,,,1,15,,49364,2,,,1,55,,49384,2,,,1,15,,49404,2,,,1,15,,49424,2,,,1,15,,49365,2,,,1,55,,49385,2,,,1,15,,49405,2,,,1,15,,49425,2,,,1,15,,49366,2,,,1,55,,49386,2,,,1,15,,49406,2,,,1,15,,49426,2,,,1,15,,49367,2,,,1,55,,49387,2,,,1,15,,49407,2,,,1,15,,49427,2,,,1,15,,49368,2,,,1,55,,49388,2,,,1,15,,49408,2,,,1,15,,49428,2,,,1,15,,49369,2,,,1,55,,49389,2,,,1,15,,49409,2,,,1,15,,49429,2,,,1,15,,49370,2,,,1,55,,49390,2,,,1,15,,49410,2,,,1,15,,49430,2,,,1,15,,49371,2,,,1,55,,49391,2,,,1,15,,49411,2,,,1,15,,49431,2,,,1,15,,49372,2,,,1,55,,49392,2,,,1,15,,49412,2,,,1,15,,49432,2,,,1,15,,49373,2,,,1,55,,49393,2,,,1,15,,49413,2,,,1,15,,49433,2,,,1,15,,49374,2,,,1,55,,49394,2,,,1,15,,49414,2,,,1,15,,49434,2,,,1,15,,49375,2,,,1,55,,49395,2,,,1,15,,49415,2,,,1,15,,49435,2,,,1,15,,49376,2,,,1,55,,49396,2,,,1,15,,49416,2,,,1,15,,49436,2,,,1,15,,49377,2,,,1,55,,49397,2,,,1,15,,49417,2,,,1,15,,49437,2,,,1,15,,49378,2,,,1,55,,49398,2,,,1,15,,49418,2,,,1,15,,49438,2,,,1,15,,49379,2,,,1,55,,49399,2,,,1,15,,49419,2,,,1,15,,49439,2,,,1,15,,49380,2,,,1,55,,49400,2,,,1
1,'20261111',539,,49499,2,,,1,15,,49440,2,,,1,52,,49460,2,,,1,15,,49480,2,,,1,15,,49500,2,,,1,15,,49441,2,,,1,55,,49461,2,,,1,15,,49481,2,,,1,15,,49501,2,,,1,15,,49442,2,,,1,55,,49462,2,,,1,15,,49482,2,,,1,15,,49502,2,,,1,15,,49443,2,,,1,55,,49463,2,,,1,15,,49483,2,,,1,15,,49503,2,,,1,15,,49444,2,,,1,55,,49464,2,,,1,15,,49484,2,,,1,15,,49504,2,,,1,15,,49445,2,,,1,55,,49465,2,,,1,15,,49485,2,,,1,15,,49505,2,,,1,15,,49446,2,,,1,55,,49466,2,,,1,15,,49486,2,,,1,15,,49506,2,,,1,15,,49447,2,,,1,55,,49467,2,,,1,15,,49487,2,,,1,15,,49507,2,,,1,15,,49448,2,,,1,55,,49468,2,,,1,15,,49488,2,,,1,15,,49508,2,,,1,15,,49449,2,,,1,55,,49469,2,,,1,15,,49489,2,,,1,15,,49509,2,,,1,15,,49450,2,,,1,55,,49470,2,,,1,15,,49490,2,,,1,15,,49510,2,,,1,15,,49451,2,,,1,55,,49471,2,,,1,15,,49491,2,,,1,15,,49511,2,,,1,15,,49452,2,,,1,55,,49472,2,,,1,15,,49492,2,,,1,15,,49512,2,,,1,15,,49453,2,,,1,55,,49473,2,,,1,15,,49493,2,,,1,15,,49513,2,,,1,15,,49454,2,,,1,55,,49474,2,,,1,15,,49494,2,,,1,15,,49514,2,,,1,15,,49455,2,,,1,55,,49475,2,,,1,15,,49495,2,,,1,15,,49515,2,,,1,15,,49456,2,,,1,55,,49476,2,,,1,15,,49496,2,,,1,15,,49516,2,,,1,15,,49457,2,,,1,55,,49477,2,,,1,15,,49497,2,,,1,15,,49517,2,,,1,15,,49458,2,,,1,55,,49478,2,,,1,15,,49498,2,,,1,15,,49518,2,,,1,15,,49459,2,,,1,55,,49479,2,,,1
1,'20261112',539,,49578,2,,,1,15,,49519,2,,,1,52,,49539,2,,,1,15,,49559,2,,,1,15,,49579,2,,,1,15,,49520,2,,,1,55,,49540,2,,,1,15,,49560,2,,,1,15,,49580,2,,,1,15,,49521,2,,,1,55,,49541,2,,,1,15,,49561,2,,,1,15,,49581,2,,,1,15,,49522,2,,,1,55,,49542,2,,,1,15,,49562,2,,,1,15,,49582,2,,,1,15,,49523,2,,,1,55,,49543,2,,,1,15,,49563,2,,,1,15,,49583,2,,,1,15,,49524,2,,,1,55,,49544,2,,,1,15,,49564,2,,,1,15,,49584,2,,,1,15,,49525,2,,,1,55,,49545,2,,,1,15,,49565,2,,,1,15,,49585,2,,,1,15,,49526,2,,,1,55,,49546,2,,,1,15,,49566,2,,,1,15,,49586,2,,,1,15,,49527,2,,,1,55,,49547,2,,,1,15,,49567,2,,,1,15,,49587,2,,,1,15,,49528,2,,,1,55,,49548,2,,,1,15,,49568,2,,,1,15,,49588,2,,,1,15,,49529,2,,,1,55,,49549,2,,,1,15,,49569,2,,,1,15,,49589,2,,,1,15,,49530,2,,,1,55,,49550,2,,,1,15,,49570,2,,,1,15,,49590,2,,,1,15,,49531,2,,,1,55,,49551,2,,,1,15,,49571,2,,,1,15,,49591,2,,,1,15,,49532,2,,,1,55,,49552,2,,,1,15,,49572,2,,,1,15,,49592,2,,,1,15,,49533,2,,,1,55,,49553,2,,,1,15,,49573,2,,,1,15,,49593,2,,,1,15,,49534,2,,,1,55,,49554,2,,,1,15,,49574,2,,,1,15,,49594,2,,,1,15,,49535,2,,,1,55,,49555,2,,,1,15,,49575,2,,,1,15,,49595,2,,,1,15,,49536,2,,,1,55,,49556,2,,,1,15,,49576,2,,,1,15,,49596,2,,,1,15,,49537,2,,,1,55,,49557,2,,,1,15,,49577,2,,,1,15,,49597,2,,,1,15,,49538,2,,,1,55,,49558,2,,,1
1,'20261113',539,,49657,2,,,1,15,,49598,2,,,1,52,,49618,2,,,1,15,,49638,2,,,1,15,,49658,2,,,1,15,,49599,2,,,1,55,,49619,2,,,1,15,,49639,2,,,1,15,,49659,2,,,1,15,,49600,2,,,1,55,,49620,2,,,1,15,,49640,2,,,1,15,,49660,2,,,1,15,,49601,2,,,1,55,,49621,2,,,1,15,,49641,2,,,1,15,,49661,2,,,1,15,,49602,2,,,1,55,,49622,2,,,1,15,,49642,2,,,1,15,,49662,2,,,1,15,,49603,2,,,1,55,,49623,2,,,1,15,,49643,2,,,1,15,,49663,2,,,1,15,,49604,2,,,1,55,,49624,2,,,1,15,,49644,2,,,1,15,,49664,2,,,1,15,,49605,2,,,1,55,,49625,2,,,1,15,,49645,2,,,1,15,,49665,2,,,1,15,,49606,2,,,1,55,,49626,2,,,1,15,,49646,2,,,1,15,,49666,2,,,1,15,,49607,2,,,1,55,,49627,2,,,1,15,,49647,2,,,1,15,,49667,2,,,1,15,,49608,2,,,1,55,,49628,2,,,1,15,,49648,2,,,1,15,,49668,2,,,1,15,,49609,2,,,1,55,,49629,2,,,1,15,,49649,2,,,1,15,,49669,2,,,1,15,,49610,2,,,1,55,,49630,2,,,1,15,,49650,2,,,1,15,,49670,2,,,1,15,,49611,2,,,1,55,,49631,2,,,1,15,,49651,2,,,1,15,,49671,2,,,1,15,,49612,2,,,1,55,,49632,2,,,1,15,,49652,2,,,1,15,,49672,2,,,1,15,,49613,2,,,1,55,,49633,2,,,1,15,,49653,2,,,1,15,,49673,2,,,1,15,,49614,2,,,1,55,,49634,2,,,1,15,,49654,2,,,1,15,,49674,2,,,1,15,,49615,2,,,1,55,,49635,2,,,1,15,,49655,2,,,1,15,,49675,2,,,1,15,,49616,2,,,1,55,,49636,2,,,1,15,,49656,2,,,1,15,,49676,2,,,1,15,,49617,2,,,1,55,,49637,2,,,1
1,'20261114',636,,49733,2,,,1,15,,49677,2,,,1,55,,49696,2,,,1,15,,49715,2,,,1,15,,49734,2,,,1,15,,49678,2,,,1,55,,49697,2,,,1,15,,49716,2,,,1,15,,49735,2,,,1,15,,49679,2,,,1,55,,49698,2,,,1,15,,49717,2,,,1,15,,49736,2,,,1,15,,49680,2,,,1,55,,49699,2,,,1,15,,49718,2,,,1,15,,49737,2,,,1,15,,49681,2,,,1,55,,49700,2,,,1,15,,49719,2,,,1,15,,49738,2,,,1,15,,49682,2,,,1,55,,49701,2,,,1,15,,49720,2,,,1,15,,49739,2,,,1,15,,49683,2,,,1,55,,49702,2,,,1,15,,49721,2,,,1,15,,49740,2,,,1,15,,49684,2,,,1,55,,49703,2,,,1,15,,49722,2,,,1,15,,49741,2,,,1,15,,49685,2,,,1,55,,49704,2,,,1,15,,49723,2,,,1,15,,49742,2,,,1,15,,49686,2,,,1,55,,49705,2,,,1,15,,49724,2,,,1,15,,49743,2,,,1,15,,49687,2,,,1,55,,49706,2,,,1,15,,49725,2,,,1,15,,49744,2,,,1,15,,49688,2,,,1,55,,49707,2,,,1,15,,49726,2,,,1,15,,49745,2,,,1,15,,49689,2,,,1,55,,49708,2,,,1,15,,49727,2,,,1,15,,49746,2,,,1,15,,49690,2,,,1,55,,49709,2,,,1,15,,49728,2,,,1,15,,49747,2,,,1,15,,49691,2,,,1,55,,49710,2,,,1,15,,49729,2,,,1,15,,49748,2,,,1,15,,49692,2,,,1,55,,49711,2,,,1,15,,49730,2,,,1,15,,49749,2,,,1,15,,49693,2,,,1,55,,49712,2,,,1,15,,49731,2,,,1,15,,49750,2,,,1,15,,49694,2,,,1,55,,49713,2,,,1,15,,49732,2,,,1,15,,49751,2,,,1,15,,49695,2,,,1,55,,49714,2,,,1
1,'20261115',636,,49808,2,,,1,15,,49752,2,,,1,55,,49771,2,,,1,15,,49790,2,,,1,15,,49809,2,,,1,15,,49753,2,,,1,55,,49772,2,,,1,15,,49791,2,,,1,15,,49810,2,,,1,15,,49754,2,,,1,55,,49773,2,,,1,15,,49792,2,,,1,15,,49811,2,,,1,15,,49755,2,,,1,55,,49774,2,,,1,15,,49793,2,,,1,15,,49812,2,,,1,15,,49756,2,,,1,55,,49775,2,,,1,15,,49794,2,,,1,15,,49813,2,,,1,15,,49757,2,,,1,55,,49776,2,,,1,15,,49795,2,,,1,15,,49814,2,,,1,15,,49758,2,,,1,55,,49777,2,,,1,15,,49796,2,,,1,15,,49815,2,,,1,15,,49759,2,,,1,55,,49778,2,,,1,15,,49797,2,,,1,15,,49816,2,,,1,15,,49760,2,,,1,55,,49779,2,,,1,15,,49798,2,,,1,15,,49817,2,,,1,15,,49761,2,,,1,55,,49780,2,,,1,15,,49799,2,,,1,15,,49818,2,,,1,15,,49762,2,,,1,55,,49781,2,,,1,15,,49800,2,,,1,15,,49819,2,,,1,15,,49763,2,,,1,55,,49782,2,,,1,15,,49801,2,,,1,15,,49820,2,,,1,15,,49764,2,,,1,55,,49783,2,,,1,15,,49802,2,,,1,15,,49821,2,,,1,15,,49765,2,,,1,55,,49784,2,,,1,15,,49803,2,,,1,15,,49822,2,,,1,15,,49766,2,,,1,55,,49785,2,,,1,15,,49804,2,,,1,15,,49823,2,,,1,15,,49767,2,,,1,55,,49786,2,,,1,15,,49805,2,,,1,15,,49824,2,,,1,15,,49768,2,,,1,55,,49787,2,,,1,15,,49806,2,,,1,15,,49825,2,,,1,15,,49769,2,,,1,55,,49788,2,,,1,15,,49807,2,,,1,15,,49826,2,,,1,15,,49770,2,,,1,55,,49789,2,,,1
1,'20261116',636,,49883,2,,,1,15,,49827,2,,,1,55,,49846,2,,,1,15,,49865,2,,,1,15,,49884,2,,,1,15,,49828,2,,,1,55,,49847,2,,,1,15,,49866,2,,,1,15,,49885,2,,,1,15,,49829,2,,,1,55,,49848,2,,,1,15,,49867,2,,,1,15,,49886,2,,,1,15,,49830,2,,,1,55,,49849,2,,,1,15,,49868,2,,,1,15,,49887,2,,,1,15,,49831,2,,,1,55,,49850,2,,,1,15,,49869,2,,,1,15,,49888,2,,,1,15,,49832,2,,,1,55,,49851,2,,,1,15,,49870,2,,,1,15,,49889,2,,,1,15,,49833,2,,,1,55,,49852,2,,,1,15,,49871,2,,,1,15,,49890,2,,,1,15,,49834,2,,,1,55,,49853,2,,,1,15,,49872,2,,,1,15,,49891,2,,,1,15,,49835,2,,,1,55,,49854,2,,,1,15,,49873,2,,,1,15,,49892,2,,,1,15,,49836,2,,,1,55,,49855,2,,,1,15,,49874,2,,,1,15,,49893,2,,,1,15,,49837,2,,,1,55,,49856,2,,,1,15,,49875,2,,,1,15,,49894,2,,,1,15,,49838,2,,,1,55,,49857,2,,,1,15,,49876,2,,,1,15,,49895,2,,,1,15,,49839,2,,,1,55,,49858,2,,,1,15,,49877,2,,,1,15,,49896,2,,,1,15,,49840,2,,,1,55,,49859,2,,,1,15,,49878,2,,,1,15,,49897,2,,,1,15,,49841,2,,,1,55,,49860,2,,,1,15,,49879,2,,,1,15,,49898,2,,,1,15,,49842,2,,,1,55,,49861,2,,,1,15,,49880,2,,,1,15,,49899,2,,,1,15,,49843,2,,,1,55,,49862,2,,,1,15,,49881,2,,,1,15,,49900,2,,,1,15,,49844,2,,,1,55,,49863,2,,,1,15,,49882,2,,,1,15,,49901,2,,,1,15,,49845,2,,,1,55,,49864,2,,,1
1,'20261117',539,,49961,2,,,1,15,,49902,2,,,1,52,,49922,2,,,1,15,,49942,2,,,1,15,,49962,2,,,1,15,,49903,2,,,1,55,,49923,2,,,1,15,,49943,2,,,1,15,,49963,2,,,1,15,,49904,2,,,1,55,,49924,2,,,1,15,,49944,2,,,1,15,,49964,2,,,1,15,,49905,2,,,1,55,,49925,2,,,1,15,,49945,2,,,1,15,,49965,2,,,1,15,,49906,2,,,1,55,,49926,2,,,1,15,,49946,2,,,1,15,,49966,2,,,1,15,,49907,2,,,1,55,,49927,2,,,1,15,,49947,2,,,1,15,,49967,2,,,1,15,,49908,2,,,1,55,,49928,2,,,1,15,,49948,2,,,1,15,,49968,2,,,1,15,,49909,2,,,1,55,,49929,2,,,1,15,,49949,2,,,1,15,,49969,2,,,1,15,,49910,2,,,1,55,,49930,2,,,1,15,,49950,2,,,1,15,,49970,2,,,1,15,,49911,2,,,1,55,,49931,2,,,1,15,,49951,2,,,1,15,,49971,2,,,1,15,,49912,2,,,1,55,,49932,2,,,1,15,,49952,2,,,1,15,,49972,2,,,1,15,,49913,2,,,1,55,,49933,2,,,1,15,,49953,2,,,1,15,,49973,2,,,1,15,,49914,2,,,1,55,,49934,2,,,1,15,,49954,2,,,1,15,,49974,2,,,1,15,,49915,2,,,1,55,,49935,2,,,1,15,,49955,2,,,1,15,,49975,2,,,1,15,,49916,2,,,1,55,,49936,2,,,1,15,,49956,2,,,1,15,,49976,2,,,1,15,,49917,2,,,1,55,,49937,2,,,1,15,,49957,2,,,1,15,,49977,2,,,1,15,,49918,2,,,1,55,,49938,2,,,1,15,,49958,2,,,1,15,,49978,2,,,1,15,,49919,2,,,1,55,,49939,2,,,1,15,,49959,2,,,1,15,,49979,2,,,1,15,,49920,2,,,1,55,,49940,2,,,1,15,,49960,2,,,1,15,,49980,2,,,1,15,,49921,2,,,1,55,,49941,2,,,1
1,'20261118',539,,50040,2,,,1,15,,49981,2,,,1,52,,50001,2,,,1,15,,50021,2,,,1,15,,50041,2,,,1,15,,49982,2,,,1,55,,50002,2,,,1,15,,50022,2,,,1,15,,50042,2,,,1,15,,49983,2,,,1,55,,50003,2,,,1,15,,50023,2,,,1,15,,50043,2,,,1,15,,49984,2,,,1,55,,50004,2,,,1,15,,50024,2,,,1,15,,50044,2,,,1,15,,49985,2,,,1,55,,50005,2,,,1,15,,50025,2,,,1,15,,50045,2,,,1,15,,49986,2,,,1,55,,50006,2,,,1,15,,50026,2,,,1,15,,50046,2,,,1,15,,49987,2,,,1,55,,50007,2,,,1,15,,50027,2,,,1,15,,50047,2,,,1,15,,49988,2,,,1,55,,50008,2,,,1,15,,50028,2,,,1,15,,50048,2,,,1,15,,49989,2,,,1,55,,50009,2,,,1,15,,50029,2,,,1,15,,50049,2,,,1,15,,49990,2,,,1,55,,50010,2,,,1,15,,50030,2,,,1,15,,50050,2,,,1,15,,49991,2,,,1,55,,50011,2,,,1,15,,50031,2,,,1,15,,50051,2,,,1,15,,49992,2,,,1,55,,50012,2,,,1,15,,50032,2,,,1,15,,50052,2,,,1,15,,49993,2,,,1,55,,50013,2,,,1,15,,50033,2,,,1,15,,50053,2,,,1,15,,49994,2,,,1,55,,50014,2,,,1,15,,50034,2,,,1,15,,50054,2,,,1,15,,49995,2,,,1,55,,50015,2,,,1,15,,50035,2,,,1,15,,50055,2,,,1,15,,49996,2,,,1,55,,50016,2,,,1,15,,50036,2,,,1,15,,50056,2,,,1,15,,49997,2,,,1,55,,50017,2,,,1,15,,50037,2,,,1,15,,50057,2,,,1,15,,49998,2,,,1,55,,50018,2,,,1,15,,50038,2,,,1,15,,50058,2,,,1,15,,49999,2,,,1,55,,50019,2,,,1,15,,50039,2,,,1,15,,50059,2,,,1,15,,50000,2,,,1,55,,50020,2,,,1
1,'20261119',539,,50119,2,,,1,15,,50060,2,,,1,52,,50080,2,,,1,15,,50100,2,,,1,15,,50120,2,,,1,15,,50061,2,,,1,55,,50081,2,,,1,15,,50101,2,,,1,15,,50121,2,,,1,15,,50062,2,,,1,55,,50082,2,,,1,15,,50102,2,,,1,15,,50122,2,,,1,15,,50063,2,,,1,55,,50083,2,,,1,15,,50103,2,,,1,15,,50123,2,,,1,15,,50064,2,,,1,55,,50084,2,,,1,15,,50104,2,,,1,15,,50124,2,,,1,15,,50065,2,,,1,55,,50085,2,,,1,15,,50105,2,,,1,15,,50125,2,,,1,15,,50066,2,,,1,55,,50086,2,,,1,15,,50106,2,,,1,15,,50126,2,,,1,15,,50067,2,,,1,55,,50087,2,,,1,15,,50107,2,,,1,15,,50127,2,,,1,15,,50068,2,,,1,55,,50088,2,,,1,15,,50108,2,,,1,15,,50128,2,,,1,15,,50069,2,,,1,55,,50089,2,,,1,15,,50109,2,,,1,15,,50129,2,,,1,15,,50070,2,,,1,55,,50090,2,,,1,15,,50110,2,,,1,15,,50130,2,,,1,15,,50071,2,,,1,55,,50091,2,,,1,15,,50111,2,,,1,15,,50131,2,,,1,15,,50072,2,,,1,55,,50092,2,,,1,15,,50112,2,,,1,15,,50132,2,,,1,15,,50073,2,,,1,55,,50093,2,,,1,15,,50113,2,,,1,15,,50133,2,,,1,15,,50074,2,,,1,55,,50094,2,,,1,15,,50114,2,,,1,15,,50134,2,,,1,15,,50075,2,,,1,55,,50095,2,,,1,15,,50115,2,,,1,15,,50135,2,,,1,15,,50076,2,,,1,55,,50096,2,,,1,15,,50116,2,,,1,15,,50136,2,,,1,15,,50077,2,,,1,55,,50097,2,,,1,15,,50117,2,,,1,15,,50137,2,,,1,15,,50078,2,,,1,55,,50098,2,,,1,15,,50118,2,,,1,15,,50138,2,,,1,15,,50079,2,,,1,55,,50099,2,,,1
1,'20261120',539,,50198,2,,,1,15,,50139,2,,,1,52,,50159,2,,,1,15,,50179,2,,,1,15,,50199,2,,,1,15,,50140,2,,,1,55,,50160,2,,,1,15,,50180,2,,,1,15,,50200,2,,,1,15,,50141,2,,,1,55,,50161,2,,,1,15,,50181,2,,,1,15,,50201,2,,,1,15,,50142,2,,,1,55,,50162,2,,,1,15,,50182,2,,,1,15,,50202,2,,,1,15,,50143,2,,,1,55,,50163,2,,,1,15,,50183,2,,,1,15,,50203,2,,,1,15,,50144,2,,,1,55,,50164,2,,,1,15,,50184,2,,,1,15,,50204,2,,,1,15,,50145,2,,,1,55,,50165,2,,,1,15,,50185,2,,,1,15,,50205,2,,,1,15,,50146,2,,,1,55,,50166,2,,,1,15,,50186,2,,,1,15,,50206,2,,,1,15,,50147,2,,,1,55,,50167,2,,,1,15,,50187,2,,,1,15,,50207,2,,,1,15,,50148,2,,,1,55,,50168,2,,,1,15,,50188,2,,,1,15,,50208,2,,,1,15,,50149,2,,,1,55,,50169,2,,,1,15,,50189,2,,,1,15,,50209,2,,,1,15,,50150,2,,,1,55,,50170,2,,,1,15,,50190,2,,,1,15,,50210,2,,,1,15,,50151,2,,,1,55,,50171,2,,,1,15,,50191,2,,,1,15,,50211,2,,,1,15,,50152,2,,,1,55,,50172,2,,,1,15,,50192,2,,,1,15,,50212,2,,,1,15,,50153,2,,,1,55,,50173,2,,,1,15,,50193,2,,,1,15,,50213,2,,,1,15,,50154,2,,,1,55,,50174,2,,,1,15,,50194,2,,,1,15,,50214,2,,,1,15,,50155,2,,,1,55,,50175,2,,,1,15,,50195,2,,,1,15,,50215,2,,,1,15,,50156,2,,,1,55,,50176,2,,,1,15,,50196,2,,,1,15,,50216,2,,,1,15,,50157,2,,,1,55,,50177,2,,,1,15,,50197,2,,,1,15,,50217,2,,,1,15,,50158,2,,,1,55,,50178,2,,,1
1,'20261121',636,,50274,2,,,1,15,,50218,2,,,1,55,,50237,2,,,1,15,,50256,2,,,1,15,,50275,2,,,1,15,,50219,2,,,1,55,,50238,2,,,1,15,,50257,2,,,1,15,,50276,2,,,1,15,,50220,2,,,1,55,,50239,2,,,1,15,,50258,2,,,1,15,,50277,2,,,1,15,,50221,2,,,1,55,,50240,2,,,1,15,,50259,2,,,1,15,,50278,2,,,1,15,,50222,2,,,1,55,,50241,2,,,1,15,,50260,2,,,1,15,,50279,2,,,1,15,,50223,2,,,1,55,,50242,2,,,1,15,,50261,2,,,1,15,,50280,2,,,1,15,,50224,2,,,1,55,,50243,2,,,1,15,,50262,2,,,1,15,,50281,2,,,1,15,,50225,2,,,1,55,,50244,2,,,1,15,,50263,2,,,1,15,,50282,2,,,1,15,,50226,2,,,1,55,,50245,2,,,1,15,,50264,2,,,1,15,,50283,2,,,1,15,,50227,2,,,1,55,,50246,2,,,1,15,,50265,2,,,1,15,,50284,2,,,1,15,,50228,2,,,1,55,,50247,2,,,1,15,,50266,2,,,1,15,,50285,2,,,1,15,,50229,2,,,1,55,,50248,2,,,1,15,,50267,2,,,1,15,,50286,2,,,1,15,,50230,2,,,1,55,,50249,2,,,1,15,,50268,2,,,1,15,,50287,2,,,1,15,,50231,2,,,1,55,,50250,2,,,1,15,,50269,2,,,1,15,,50288,2,,,1,15,,50232,2,,,1,55,,50251,2,,,1,15,,50270,2,,,1,15,,50289,2,,,1,15,,50233,2,,,1,55,,50252,2,,,1,15,,50271,2,,,1,15,,50290,2,,,1,15,,50234,2,,,1,55,,50253,2,,,1,15,,50272,2,,,1,15,,50291,2,,,1,15,,50235,2,,,1,55,,50254,2,,,1,15,,50273,2,,,1,15,,50292,2,,,1,15,,50236,2,,,1,55,,50255,2,,,1
1,'20261122',636,,50349,2,,,1,15,,50293,2,,,1,55,,50312,2,,,1,15,,50331,2,,,1,15,,50350,2,,,1,15,,50294,2,,,1,55,,50313,2,,,1,15,,50332,2,,,1,15,,50351,2,,,1,15,,50295,2,,,1,55,,50314,2,,,1,15,,50333,2,,,1,15,,50352,2,,,1,15,,50296,2,,,1,55,,50315,2,,,1,15,,50334,2,,,1,15,,50353,2,,,1,15,,50297,2,,,1,55,,50316,2,,,1,15,,50335,2,,,1,15,,50354,2,,,1,15,,50298,2,,,1,55,,50317,2,,,1,15,,50336,2,,,1,15,,50355,2,,,1,15,,50299,2,,,1,55,,50318,2,,,1,15,,50337,2,,,1,15,,50356,2,,,1,15,,50300,2,,,1,55,,50319,2,,,1,15,,50338,2,,,1,15,,50357,2,,,1,15,,50301,2,,,1,55,,50320,2,,,1,15,,50339,2,,,1,15,,50358,2,,,1,15,,50302,2,,,1,55,,50321,2,,,1,15,,50340,2,,,1,15,,50359,2,,,1,15,,50303,2,,,1,55,,50322,2,,,1,15,,50341,2,,,1,15,,50360,2,,,1,15,,50304,2,,,1,55,,50323,2,,,1,15,,50342,2,,,1,15,,50361,2,,,1,15,,50305,2,,,1,55,,50324,2,,,1,15,,50343,2,,,1,15,,50362,2,,,1,15,,50306,2,,,1,55,,50325,2,,,1,15,,50344,2,,,1,15,,50363,2,,,1,15,,50307,2,,,1,55,,50326,2,,,1,15,,50345,2,,,1,15,,50364,2,,,1,15,,50308,2,,,1,55,,50327,2,,,1,15,,50346,2,,,1,15,,50365,2,,,1,15,,50309,2,,,1,55,,50328,2,,,1,15,,50347,2,,,1,15,,50366,2,,,1,15,,50310,2,,,1,55,,50329,2,,,1,15,,50348,2,,,1,15,,50367,2,,,1,15,,50311,2,,,1,55,,50330,2,,,1
1,'20261123',636,,50424,2,,,1,15,,50368,2,,,1,55,,50387,2,,,1,15,,50406,2,,,1,15,,50425,2,,,1,15,,50369,2,,,1,55,,50388,2,,,1,15,,50407,2,,,1,15,,50426,2,,,1,15,,50370,2,,,1,55,,50389,2,,,1,15,,50408,2,,,1,15,,50427,2,,,1,15,,50371,2,,,1,55,,50390,2,,,1,15,,50409,2,,,1,15,,50428,2,,,1,15,,50372,2,,,1,55,,50391,2,,,1,15,,50410,2,,,1,15,,50429,2,,,1,15,,50373,2,,,1,55,,50392,2,,,1,15,,50411,2,,,1,15,,50430,2,,,1,15,,50374,2,,,1,55,,50393,2,,,1,15,,50412,2,,,1,15,,50431,2,,,1,15,,50375,2,,,1,55,,50394,2,,,1,15,,50413,2,,,1,15,,50432,2,,,1,15,,50376,2,,,1,55,,50395,2,,,1,15,,50414,2,,,1,15,,50433,2,,,1,15,,50377,2,,,1,55,,50396,2,,,1,15,,50415,2,,,1,15,,50434,2,,,1,15,,50378,2,,,1,55,,50397,2,,,1,15,,50416,2,,,1,15,,50435,2,,,1,15,,50379,2,,,1,55,,50398,2,,,1,15,,50417,2,,,1,15,,50436,2,,,1,15,,50380,2,,,1,55,,50399,2,,,1,15,,50418,2,,,1,15,,50437,2,,,1,15,,50381,2,,,1,55,,50400,2,,,1,15,,50419,2,,,1,15,,50438,2,,,1,15,,50382,2,,,1,55,,50401,2,,,1,15,,50420,2,,,1,15,,50439,2,,,1,15,,50383,2,,,1,55,,50402,2,,,1,15,,50421,2,,,1,15,,50440,2,,,1,15,,50384,2,,,1,55,,50403,2,,,1,15,,50422,2,,,1,15,,50441,2,,,1,15,,50385,2,,,1,55,,50404,2,,,1,15,,50423,2,,,1,15,,50442,2,,,1,15,,50386,2,,,1,55,,50405,2,,,1
1,'20261124',539,,50502,2,,,1,15,,50443,2,,,1,52,,50463,2,,,1,15,,50483,2,,,1,15,,50503,2,,,1,15,,50444,2,,,1,55,,50464,2,,,1,15,,50484,2,,,1,15,,50504,2,,,1,15,,50445,2,,,1,55,,50465,2,,,1,15,,50485,2,,,1,15,,50505,2,,,1,15,,50446,2,,,1,55,,50466,2,,,1,15,,50486,2,,,1,15,,50506,2,,,1,15,,50447,2,,,1,55,,50467,2,,,1,15,,50487,2,,,1,15,,50507,2,,,1,15,,50448,2,,,1,55,,50468,2,,,1,15,,50488,2,,,1,15,,50508,2,,,1,15,,50449,2,,,1,55,,50469,2,,,1,15,,50489,2,,,1,15,,50509,2,,,1,15,,50450,2,,,1,55,,50470,2,,,1,15,,50490,2,,,1,15,,50510,2,,,1,15,,50451,2,,,1,55,,50471,2,,,1,15,,50491,2,,,1,15,,50511,2,,,1,15,,50452,2,,,1,55,,50472,2,,,1,15,,50492,2,,,1,15,,50512,2,,,1,15,,50453,2,,,1,55,,50473,2,,,1,15,,50493,2,,,1,15,,50513,2,,,1,15,,50454,2,,,1,55,,50474,2,,,1,15,,50494,2,,,1,15,,50514,2,,,1,15,,50455,2,,,1,55,,50475,2,,,1,15,,50495,2,,,1,15,,50515,2,,,1,15,,50456,2,,,1,55,,50476,2,,,1,15,,50496,2,,,1,15,,50516,2,,,1,15,,50457,2,,,1,55,,50477,2,,,1,15,,50497,2,,,1,15,,50517,2,,,1,15,,50458,2,,,1,55,,50478,2,,,1,15,,50498,2,,,1,15,,50518,2,,,1,15,,50459,2,,,1,55,,50479,2,,,1,15,,50499,2,,,1,15,,50519,2,,,1,15,,50460,2,,,1,55,,50480,2,,,1,15,,50500,2,,,1,15,,50520,2,,,1,15,,50461,2,,,1,55,,50481,2,,,1,15,,50501,2,,,1,15,,50521,2,,,1,15,,50462,2,,,1,55,,50482,2,,,1
1,'20261125',539,,50581,2,,,1,15,,50522,2,,,1,52,,50542,2,,,1,15,,50562,2,,,1,15,,50582,2,,,1,15,,50523,2,,,1,55,,50543,2,,,1,15,,50563,2,,,1,15,,50583,2,,,1,15,,50524,2,,,1,55,,50544,2,,,1,15,,50564,2,,,1,15,,50584,2,,,1,15,,50525,2,,,1,55,,50545,2,,,1,15,,50565,2,,,1,15,,50585,2,,,1,15,,50526,2,,,1,55,,50546,2,,,1,15,,50566,2,,,1,15,,50586,2,,,1,15,,50527,2,,,1,55,,50547,2,,,1,15,,50567,2,,,1,15,,50587,2,,,1,15,,50528,2,,,1,55,,50548,2,,,1,15,,50568,2,,,1,15,,50588,2,,,1,15,,50529,2,,,1,55,,50549,2,,,1,15,,50569,2,,,1,15,,50589,2,,,1,15,,50530,2,,,1,55,,50550,2,,,1,15,,50570,2,,,1,15,,50590,2,,,1,15,,50531,2,,,1,55,,50551,2,,,1,15,,50571,2,,,1,15,,50591,2,,,1,15,,50532,2,,,1,55,,50552,2,,,1,15,,50572,2,,,1,15,,50592,2,,,1,15,,50533,2,,,1,55,,50553,2,,,1,15,,50573,2,,,1,15,,50593,2,,,1,15,,50534,2,,,1,55,,50554,2,,,1,15,,50574,2,,,1,15,,50594,2,,,1,15,,50535,2,,,1,55,,50555,2,,,1,15,,50575,2,,,1,15,,50595,2,,,1,15,,50536,2,,,1,55,,50556,2,,,1,15,,50576,2,,,1,15,,50596,2,,,1,15,,50537,2,,,1,55,,50557,2,,,1,15,,50577,2,,,1,15,,50597,2,,,1,15,,50538,2,,,1,55,,50558,2,,,1,15,,50578,2,,,1,15,,50598,2,,,1,15,,50539,2,,,1,55,,50559,2,,,1,15,,50579,2,,,1,15,,50599,2,,,1,15,,50540,2,,,1,55,,50560,2,,,1,15,,50580,2,,,1,15,,50600,2,,,1,15,,50541,2,,,1,55,,50561,2,,,1
1,'20261126',539,,50660,2,,,1,15,,50601,2,,,1,52,,50621,2,,,1,15,,50641,2,,,1,15,,50661,2,,,1,15,,50602,2,,,1,55,,50622,2,,,1,15,,50642,2,,,1,15,,50662,2,,,1,15,,50603,2,,,1,55,,50623,2,,,1,15,,50643,2,,,1,15,,50663,2,,,1,15,,50604,2,,,1,55,,50624,2,,,1,15,,50644,2,,,1,15,,50664,2,,,1,15,,50605,2,,,1,55,,50625,2,,,1,15,,50645,2,,,1,15,,50665,2,,,1,15,,50606,2,,,1,55,,50626,2,,,1,15,,50646,2,,,1,15,,50666,2,,,1,15,,50607,2,,,1,55,,50627,2,,,1,15,,50647,2,,,1,15,,50667,2,,,1,15,,50608,2,,,1,55,,50628,2,,,1,15,,50648,2,,,1,15,,50668,2,,,1,15,,50609,2,,,1,55,,50629,2,,,1,15,,50649,2,,,1,15,,50669,2,,,1,15,,50610,2,,,1,55,,50630,2,,,1,15,,50650,2,,,1,15,,50670,2,,,1,15,,50611,2,,,1,55,,50631,2,,,1,15,,50651,2,,,1,15,,50671,2,,,1,15,,50612,2,,,1,55,,50632,2,,,1,15,,50652,2,,,1,15,,50672,2,,,1,15,,50613,2,,,1,55,,50633,2,,,1,15,,50653,2,,,1,15,,50673,2,,,1,15,,50614,2,,,1,55,,50634,2,,,1,15,,50654,2,,,1,15,,50674,2,,,1,15,,50615,2,,,1,55,,50635,2,,,1,15,,50655,2,,,1,15,,50675,2,,,1,15,,50616,2,,,1,55,,50636,2,,,1,15,,50656,2,,,1,15,,50676,2,,,1,15,,50617,2,,,1,55,,50637,2,,,1,15,,50657,2,,,1,15,,50677,2,,,1,15,,50618,2,,,1,55,,50638,2,,,1,15,,50658,2,,,1,15,,50678,2,,,1,15,,50619,2,,,1,55,,50639,2,,,1,15,,50659,2,,,1,15,,50679,2,,,1,15,,50620,2,,,1,55,,50640,2,,,1
1,'20261127',539,,50739,2,,,1,15,,50680,2,,,1,52,,50700,2,,,1,15,,50720,2,,,1,15,,50740,2,,,1,15,,50681,2,,,1,55,,50701,2,,,1,15,,50721,2,,,1,15,,50741,2,,,1,15,,50682,2,,,1,55,,50702,2,,,1,15,,50722,2,,,1,15,,50742,2,,,1,15,,50683,2,,,1,55,,50703,2,,,1,15,,50723,2,,,1,15,,50743,2,,,1,15,,50684,2,,,1,55,,50704,2,,,1,15,,50724,2,,,1,15,,50744,2,,,1,15,,50685,2,,,1,55,,50705,2,,,1,15,,50725,2,,,1,15,,50745,2,,,1,15,,50686,2,,,1,55,,50706,2,,,1,15,,50726,2,,,1,15,,50746,2,,,1,15,,50687,2,,,1,55,,50707,2,,,1,15,,50727,2,,,1,15,,50747,2,,,1,15,,50688,2,,,1,55,,50708,2,,,1,15,,50728,2,,,1,15,,50748,2,,,1,15,,50689,2,,,1,55,,50709,2,,,1,15,,50729,2,,,1,15,,50749,2,,,1,15,,50690,2,,,1,55,,50710,2,,,1,15,,50730,2,,,1,15,,50750,2,,,1,15,,50691,2,,,1,55,,50711,2,,,1,15,,50731,2,,,1,15,,50751,2,,,1,15,,50692,2,,,1,55,,50712,2,,,1,15,,50732,2,,,1,15,,50752,2,,,1,15,,50693,2,,,1,55,,50713,2,,,1,15,,50733,2,,,1,15,,50753,2,,,1,15,,50694,2,,,1,55,,50714,2,,,1,15,,50734,2,,,1,15,,50754,2,,,1,15,,50695,2,,,1,55,,50715,2,,,1,15,,50735,2,,,1,15,,50755,2,,,1,15,,50696,2,,,1,55,,50716,2,,,1,15,,50736,2,,,1,15,,50756,2,,,1,15,,50697,2,,,1,55,,50717,2,,,1,15,,50737,2,,,1,15,,50757,2,,,1,15,,50698,2,,,1,55,,50718,2,,,1,15,,50738,2,,,1,15,,50758,2,,,1,15,,50699,2,,,1,55,,50719,2,,,1
1,'20261128',636,,50815,2,,,1,15,,50759,2,,,1,55,,50778,2,,,1,15,,50797,2,,,1,15,,50816,2,,,1,15,,50760,2,,,1,55,,50779,2,,,1,15,,50798,2,,,1,15,,50817,2,,,1,15,,50761,2,,,1,55,,50780,2,,,1,15,,50799,2,,,1,15,,50818,2,,,1,15,,50762,2,,,1,55,,50781,2,,,1,15,,50800,2,,,1,15,,50819,2,,,1,15,,50763,2,,,1,55,,50782,2,,,1,15,,50801,2,,,1,15,,50820,2,,,1,15,,50764,2,,,1,55,,50783,2,,,1,15,,50802,2,,,1,15,,50821,2,,,1,15,,50765,2,,,1,55,,50784,2,,,1,15,,50803,2,,,1,15,,50822,2,,,1,15,,50766,2,,,1,55,,50785,2,,,1,15,,50804,2,,,1,15,,50823,2,,,1,15,,50767,2,,,1,55,,50786,2,,,1,15,,50805,2,,,1,15,,50824,2,,,1,15,,50768,2,,,1,55,,50787,2,,,1,15,,50806,2,,,1,15,,50825,2,,,1,15,,50769,2,,,1,55,,50788,2,,,1,15,,50807,2,,,1,15,,50826,2,,,1,15,,50770,2,,,1,55,,50789,2,,,1,15,,50808,2,,,1,15,,50827,2,,,1,15,,50771,2,,,1,55,,50790,2,,,1,15,,50809,2,,,1,15,,50828,2,,,1,15,,50772,2,,,1,55,,50791,2,,,1,15,,50810,2,,,1,15,,50829,2,,,1,15,,50773,2,,,1,55,,50792,2,,,1,15,,50811,2,,,1,15,,50830,2,,,1,15,,50774,2,,,1,55,,50793,2,,,1,15,,50812,2,,,1,15,,50831,2,,,1,15,,50775,2,,,1,55,,50794,2,,,1,15,,50813,2,,,1,15,,50832,2,,,1,15,,50776,2,,,1,55,,50795,2,,,1,15,,50814,2,,,1,15,,50833,2,,,1,15,,50777,2,,,1,55,,50796,2,,,1
1,'20261129',636,,50890,2,,,1,15,,50834,2,,,1,55,,50853,2,,,1,15,,50872,2,,,1,15,,50891,2,,,1,15,,50835,2,,,1,55,,50854,2,,,1,15,,50873,2,,,1,15,,50892,2,,,1,15,,50836,2,,,1,55,,50855,2,,,1,15,,50874,2,,,1,15,,50893,2,,,1,15,,50837,2,,,1,55,,50856,2,,,1,15,,50875,2,,,1,15,,50894,2,,,1,15,,50838,2,,,1,55,,50857,2,,,1,15,,50876,2,,,1,15,,50895,2,,,1,15,,50839,2,,,1,55,,50858,2,,,1,15,,50877,2,,,1,15,,50896,2,,,1,15,,50840,2,,,1,55,,50859,2,,,1,15,,50878,2,,,1,15,,50897,2,,,1,15,,50841,2,,,1,55,,50860,2,,,1,15,,50879,2,,,1,15,,50898,2,,,1,15,,50842,2,,,1,55,,50861,2,,,1,15,,50880,2,,,1,15,,50899,2,,,1,15,,50843,2,,,1,55,,50862,2,,,1,15,,50881,2,,,1,15,,50900,2,,,1,15,,50844,2,,,1,55,,50863,2,,,1,15,,50882,2,,,1,15,,50901,2,,,1,15,,50845,2,,,1,55,,50864,2,,,1,15,,50883,2,,,1,15,,50902,2,,,1,15,,50846,2,,,1,55,,50865,2,,,1,15,,50884,2,,,1,15,,50903,2,,,1,15,,50847,2,,,1,55,,50866,2,,,1,15,,50885,2,,,1,15,,50904,2,,,1,15,,50848,2,,,1,55,,50867,2,,,1,15,,50886,2,,,1,15,,50905,2,,,1,15,,50849,2,,,1,55,,50868,2,,,1,15,,50887,2,,,1,15,,50906,2,,,1,15,,50850,2,,,1,55,,50869,2,,,1,15,,50888,2,,,1,15,,50907,2,,,1,15,,50851,2,,,1,55,,50870,2,,,1,15,,50889,2,,,1,15,,50908,2,,,1,15,,50852,2,,,1,55,,50871,2,,,1
1,'20261130',636,,50965,2,,,1,15,,50909,2,,,1,55,,50928,2,,,1,15,,50947,2,,,1,15,,50966,2,,,1,15,,50910,2,,,1,55,,50929,2,,,1,15,,50948,2,,,1,15,,50967,2,,,1,15,,50911,2,,,1,55,,50930,2,,,1,15,,50949,2,,,1,15,,50968,2,,,1,15,,50912,2,,,1,55,,50931,2,,,1,15,,50950,2,,,1,15,,50969,2,,,1,15,,50913,2,,,1,55,,50932,2,,,1,15,,50951,2,,,1,15,,50970,2,,,1,15,,50914,2,,,1,55,,50933,2,,,1,15,,50952,2,,,1,15,,50971,2,,,1,15,,50915,2,,,1,55,,50934,2,,,1,15,,50953,2,,,1,15,,50972,2,,,1,15,,50916,2,,,1,55,,50935,2,,,1,15,,50954,2,,,1,15,,50973,2,,,1,15,,50917,2,,,1,55,,50936,2,,,1,15,,50955,2,,,1,15,,50974,2,,,1,15,,50918,2,,,1,55,,50937,2,,,1,15,,50956,2,,,1,15,,50975,2,,,1,15,,50919,2,,,1,55,,50938,2,,,1,15,,50957,2,,,1,15,,50976,2,,,1,15,,50920,2,,,1,55,,50939,2,,,1,15,,50958,2,,,1,15,,50977,2,,,1,15,,50921,2,,,1,55,,50940,2,,,1,15,,50959,2,,,1,15,,50978,2,,,1,15,,50922,2,,,1,55,,50941,2,,,1,15,,50960,2,,,1,15,,50979,2,,,1,15,,50923,2,,,1,55,,50942,2,,,1,15,,50961,2,,,1,15,,50980,2,,,1,15,,50924,2,,,1,55,,50943,2,,,1,15,,50962,2,,,1,15,,50981,2,,,1,15,,50925,2,,,1,55,,50944,2,,,1,15,,50963,2,,,1,15,,50982,2,,,1,15,,50926,2,,,1,55,,50945,2,,,1,15,,50964,2,,,1,15,,50983,2,,,1,15,,50927,2,,,1,55,,50946,2,,,1
1,'20261201',539,,51043,2,,,1,15,,50984,2,,,1,52,,51004,2,,,1,15,,51024,2,,,1,15,,51044,2,,,1,15,,50985,2,,,1,55,,51005,2,,,1,15,,51025,2,,,1,15,,51045,2,,,1,15,,50986,2,,,1,55,,51006,2,,,1,15,,51026,2,,,1,15,,51046,2,,,1,15,,50987,2,,,1,55,,51007,2,,,1,15,,51027,2,,,1,15,,51047,2,,,1,15,,50988,2,,,1,55,,51008,2,,,1,15,,51028,2,,,1,15,,51048,2,,,1,15,,50989,2,,,1,55,,51009,2,,,1,15,,51029,2,,,1,15,,51049,2,,,1,15,,50990,2,,,1,55,,51010,2,,,1,15,,51030,2,,,1,15,,51050,2,,,1,15,,50991,2,,,1,55,,51011,2,,,1,15,,51031,2,,,1,15,,51051,2,,,1,15,,50992,2,,,1,55,,51012,2,,,1,15,,51032,2,,,1,15,,51052,2,,,1,15,,50993,2,,,1,55,,51013,2,,,1,15,,51033,2,,,1,15,,51053,2,,,1,15,,50994,2,,,1,55,,51014,2,,,1,15,,51034,2,,,1,15,,51054,2,,,1,15,,50995,2,,,1,55,,51015,2,,,1,15,,51035,2,,,1,15,,51055,2,,,1,15,,50996,2,,,1,55,,51016,2,,,1,15,,51036,2,,,1,15,,51056,2,,,1,15,,50997,2,,,1,55,,51017,2,,,1,15,,51037,2,,,1,15,,51057,2,,,1,15,,50998,2,,,1,55,,51018,2,,,1,15,,51038,2,,,1,15,,51058,2,,,1,15,,50999,2,,,1,55,,51019,2,,,1,15,,51039,2,,,1,15,,51059,2,,,1,15,,51000,2,,,1,55,,51020,2,,,1,15,,51040,2,,,1,15,,51060,2,,,1,15,,51001,2,,,1,55,,51021,2,,,1,15,,51041,2,,,1,15,,51061,2,,,1,15,,51002,2,,,1,55,,51022,2,,,1,15,,51042,2,,,1,15,,51062,2,,,1,15,,51003,2,,,1,55,,51023,2,,,1
1,'20261202',539,,51122,2,,,1,15,,51063,2,,,1,52,,51083,2,,,1,15,,51103,2,,,1,15,,51123,2,,,1,15,,51064,2,,,1,55,,51084,2,,,1,15,,51104,2,,,1,15,,51124,2,,,1,15,,51065,2,,,1,55,,51085,2,,,1,15,,51105,2,,,1,15,,51125,2,,,1,15,,51066,2,,,1,55,,51086,2,,,1,15,,51106,2,,,1,15,,51126,2,,,1,15,,51067,2,,,1,55,,51087,2,,,1,15,,51107,2,,,1,15,,51127,2,,,1,15,,51068,2,,,1,55,,51088,2,,,1,15,,51108,2,,,1,15,,51128,2,,,1,15,,51069,2,,,1,55,,51089,2,,,1,15,,51109,2,,,1,15,,51129,2,,,1,15,,51070,2,,,1,55,,51090,2,,,1,15,,51110,2,,,1,15,,51130,2,,,1,15,,51071,2,,,1,55,,51091,2,,,1,15,,51111,2,,,1,15,,51131,2,,,1,15,,51072,2,,,1,55,,51092,2,,,1,15,,51112,2,,,1,15,,51132,2,,,1,15,,51073,2,,,1,55,,51093,2,,,1,15,,51113,2,,,1,15,,51133,2,,,1,15,,51074,2,,,1,55,,51094,2,,,1,15,,51114,2,,,1,15,,51134,2,,,1,15,,51075,2,,,1,55,,51095,2,,,1,15,,51115,2,,,1,15,,51135,2,,,1,15,,51076,2,,,1,55,,51096,2,,,1,15,,51116,2,,,1,15,,51136,2,,,1,15,,51077,2,,,1,55,,51097,2,,,1,15,,51117,2,,,1,15,,51137,2,,,1,15,,51078,2,,,1,55,,51098,2,,,1,15,,51118,2,,,1,15,,51138,2,,,1,15,,51079,2,,,1,55,,51099,2,,,1,15,,51119,2,,,1,15,,51139,2,,,1,15,,51080,2,,,1,55,,51100,2,,,1,15,,51120,2,,,1,15,,51140,2,,,1,15,,51081,2,,,1,55,,51101,2,,,1,15,,51121,2,,,1,15,,51141,2,,,1,15,,51082,2,,,1,55,,51102,2,,,1
1,'20261203',539,,51201,2,,,1,15,,51142,2,,,1,52,,51162,2,,,1,15,,51182,2,,,1,15,,51202,2,,,1,15,,51143,2,,,1,55,,51163,2,,,1,15,,51183,2,,,1,15,,51203,2,,,1,15,,51144,2,,,1,55,,51164,2,,,1,15,,51184,2,,,1,15,,51204,2,,,1,15,,51145,2,,,1,55,,51165,2,,,1,15,,51185,2,,,1,15,,51205,2,,,1,15,,51146,2,,,1,55,,51166,2,,,1,15,,51186,2,,,1,15,,51206,2,,,1,15,,51147,2,,,1,55,,51167,2,,,1,15,,51187,2,,,1,15,,51207,2,,,1,15,,51148,2,,,1,55,,51168,2,,,1,15,,51188,2,,,1,15,,51208,2,,,1,15,,51149,2,,,1,55,,51169,2,,,1,15,,51189,2,,,1,15,,51209,2,,,1,15,,51150,2,,,1,55,,51170,2,,,1,15,,51190,2,,,1,15,,51210,2,,,1,15,,51151,2,,,1,55,,51171,2,,,1,15,,51191,2,,,1,15,,51211,2,,,1,15,,51152,2,,,1,55,,51172,2,,,1,15,,51192,2,,,1,15,,51212,2,,,1,15,,51153,2,,,1,55,,51173,2,,,1,15,,51193,2,,,1,15,,51213,2,,,1,15,,51154,2,,,1,55,,51174,2,,,1,15,,51194,2,,,1,15,,51214,2,,,1,15,,51155,2,,,1,55,,51175,2,,,1,15,,51195,2,,,1,15,,51215,2,,,1,15,,51156,2,,,1,55,,51176,2,,,1,15,,51196,2,,,1,15,,51216,2,,,1,15,,51157,2,,,1,55,,51177,2,,,1,15,,51197,2,,,1,15,,51217,2,,,1,15,,51158,2,,,1,55,,51178,2,,,1,15,,51198,2,,,1,15,,51218,2,,,1,15,,51159,2,,,1,55,,51179,2,,,1,15,,51199,2,,,1,15,,51219,2,,,1,15,,51160,2,,,1,55,,51180,2,,,1,15,,51200,2,,,1,15,,51220,2,,,1,15,,51161,2,,,1,55,,51181,2,,,1
1,'20261204',539,,51280,2,,,1,15,,51221,2,,,1,52,,51241,2,,,1,15,,51261,2,,,1,15,,51281,2,,,1,15,,51222,2,,,1,55,,51242,2,,,1,15,,51262,2,,,1,15,,51282,2,,,1,15,,51223,2,,,1,55,,51243,2,,,1,15,,51263,2,,,1,15,,51283,2,,,1,15,,51224,2,,,1,55,,51244,2,,,1,15,,51264,2,,,1,15,,51284,2,,,1,15,,51225,2,,,1,55,,51245,2,,,1,15,,51265,2,,,1,15,,51285,2,,,1,15,,51226,2,,,1,55,,51246,2,,,1,15,,51266,2,,,1,15,,51286,2,,,1,15,,51227,2,,,1,55,,51247,2,,,1,15,,51267,2,,,1,15,,51287,2,,,1,15,,51228,2,,,1,55,,51248,2,,,1,15,,51268,2,,,1,15,,51288,2,,,1,15,,51229,2,,,1,55,,51249,2,,,1,15,,51269,2,,,1,15,,51289,2,,,1,15,,51230,2,,,1,55,,51250,2,,,1,15,,51270,2,,,1,15,,51290,2,,,1,15,,51231,2,,,1,55,,51251,2,,,1,15,,51271,2,,,1,15,,51291,2,,,1,15,,51232,2,,,1,55,,51252,2,,,1,15,,51272,2,,,1,15,,51292,2,,,1,15,,51233,2,,,1,55,,51253,2,,,1,15,,51273,2,,,1,15,,51293,2,,,1,15,,51234,2,,,1,55,,51254,2,,,1,15,,51274,2,,,1,15,,51294,2,,,1,15,,51235,2,,,1,55,,51255,2,,,1,15,,51275,2,,,1,15,,51295,2,,,1,15,,51236,2,,,1,55,,51256,2,,,1,15,,51276,2,,,1,15,,51296,2,,,1,15,,51237,2,,,1,55,,51257,2,,,1,15,,51277,2,,,1,15,,51297,2,,,1,15,,51238,2,,,1,55,,51258,2,,,1,15,,51278,2,,,1,15,,51298,2,,,1,15,,51239,2,,,1,55,,51259,2,,,1,15,,51279,2,,,1,15,,51299,2,,,1,15,,51240,2,,,1,55,,51260,2,,,1
1,'20261205',636,,51356,2,,,1,15,,51300,2,,,1,55,,51319,2,,,1,15,,51338,2,,,1,15,,51357,2,,,1,15,,51301,2,,,1,55,,51320,2,,,1,15,,51339,2,,,1,15,,51358,2,,,1,15,,51302,2,,,1,55,,51321,2,,,1,15,,51340,2,,,1,15,,51359,2,,,1,15,,51303,2,,,1,55,,51322,2,,,1,15,,51341,2,,,1,15,,51360,2,,,1,15,,51304,2,,,1,55,,51323,2,,,1,15,,51342,2,,,1,15,,51361,2,,,1,15,,51305,2,,,1,55,,51324,2,,,1,15,,51343,2,,,1,15,,51362,2,,,1,15,,51306,2,,,1,55,,51325,2,,,1,15,,51344,2,,,1,15,,51363,2,,,1,15,,51307,2,,,1,55,,51326,2,,,1,15,,51345,2,,,1,15,,51364,2,,,1,15,,51308,2,,,1,55,,51327,2,,,1,15,,51346,2,,,1,15,,51365,2,,,1,15,,51309,2,,,1,55,,51328,2,,,1,15,,51347,2,,,1,15,,51366,2,,,1,15,,51310,2,,,1,55,,51329,2,,,1,15,,51348,2,,,1,15,,51367,2,,,1,15,,51311,2,,,1,55,,51330,2,,,1,15,,51349,2,,,1,15,,51368,2,,,1,15,,51312,2,,,1,55,,51331,2,,,1,15,,51350,2,,,1,15,,51369,2,,,1,15,,51313,2,,,1,55,,51332,2,,,1,15,,51351,2,,,1,15,,51370,2,,,1,15,,51314,2,,,1,55,,51333,2,,,1,15,,51352,2,,,1,15,,51371,2,,,1,15,,51315,2,,,1,55,,51334,2,,,1,15,,51353,2,,,1,15,,51372,2,,,1,15,,51316,2,,,1,55,,51335,2,,,1,15,,51354,2,,,1,15,,51373,2,,,1,15,,51317,2,,,1,55,,51336,2,,,1,15,,51355,2,,,1,15,,51374,2,,,1,15,,51318,2,,,1,55,,51337,2,,,1
1,'20261206',636,,51431,2,,,1,15,,51375,2,,,1,55,,51394,2,,,1,15,,51413,2,,,1,15,,51432,2,,,1,15,,51376,2,,,1,55,,51395,2,,,1,15,,51414,2,,,1,15,,51433,2,,,1,15,,51377,2,,,1,55,,51396,2,,,1,15,,51415,2,,,1,15,,51434,2,,,1,15,,51378,2,,,1,55,,51397,2,,,1,15,,51416,2,,,1,15,,51435,2,,,1,15,,51379,2,,,1,55,,51398,2,,,1,15,,51417,2,,,1,15,,51436,2,,,1,15,,51380,2,,,1,55,,51399,2,,,1,15,,51418,2,,,1,15,,51437,2,,,1,15,,51381,2,,,1,55,,51400,2,,,1,15,,51419,2,,,1,15,,51438,2,,,1,15,,51382,2,,,1,55,,51401,2,,,1,15,,51420,2,,,1,15,,51439,2,,,1,15,,51383,2,,,1,55,,51402,2,,,1,15,,51421,2,,,1,15,,51440,2,,,1,15,,51384,2,,,1,55,,51403,2,,,1,15,,51422,2,,,1,15,,51441,2,,,1,15,,51385,2,,,1,55,,51404,2,,,1,15,,51423,2,,,1,15,,51442,2,,,1,15,,51386,2,,,1,55,,51405,2,,,1,15,,51424,2,,,1,15,,51443,2,,,1,15,,51387,2,,,1,55,,51406,2,,,1,15,,51425,2,,,1,15,,51444,2,,,1,15,,51388,2,,,1,55,,51407,2,,,1,15,,51426,2,,,1,15,,51445,2,,,1,15,,51389,2,,,1,55,,51408,2,,,1,15,,51427,2,,,1,15,,51446,2,,,1,15,,51390,2,,,1,55,,51409,2,,,1,15,,51428,2,,,1,15,,51447,2,,,1,15,,51391,2,,,1,55,,51410,2,,,1,15,,51429,2,,,1,15,,51448,2,,,1,15,,51392,2,,,1,55,,51411,2,,,1,15,,51430,2,,,1,15,,51449,2,,,1,15,,51393,2,,,1,55,,51412,2,,,1
1,'20261207',636,,51506,2,,,1,15,,51450,2,,,1,55,,51469,2,,,1,15,,51488,2,,,1,15,,51507,2,,,1,15,,51451,2,,,1,55,,51470,2,,,1,15,,51489,2,,,1,15,,51508,2,,,1,15,,51452,2,,,1,55,,51471,2,,,1,15,,51490,2,,,1,15,,51509,2,,,1,15,,51453,2,,,1,55,,51472,2,,,1,15,,51491,2,,,1,15,,51510,2,,,1,15,,51454,2,,,1,55,,51473,2,,,1,15,,51492,2,,,1,15,,51511,2,,,1,15,,51455,2,,,1,55,,51474,2,,,1,15,,51493,2,,,1,15,,51512,2,,,1,15,,51456,2,,,1,55,,51475,2,,,1,15,,51494,2,,,1,15,,51513,2,,,1,15,,51457,2,,,1,55,,51476,2,,,1,15,,51495,2,,,1,15,,51514,2,,,1,15,,51458,2,,,1,55,,51477,2,,,1,15,,51496,2,,,1,15,,51515,2,,,1,15,,51459,2,,,1,55,,51478,2,,,1,15,,51497,2,,,1,15,,51516,2,,,1,15,,51460,2,,,1,55,,51479,2,,,1,15,,51498,2,,,1,15,,51517,2,,,1,15,,51461,2,,,1,55,,51480,2,,,1,15,,51499,2,,,1,15,,51518,2,,,1,15,,51462,2,,,1,55,,51481,2,,,1,15,,51500,2,,,1,15,,51519,2,,,1,15,,51463,2,,,1,55,,51482,2,,,1,15,,51501,2,,,1,15,,51520,2,,,1,15,,51464,2,,,1,55,,51483,2,,,1,15,,51502,2,,,1,15,,51521,2,,,1,15,,51465,2,,,1,55,,51484,2,,,1,15,,51503,2,,,1,15,,51522,2,,,1,15,,51466,2,,,1,55,,51485,2,,,1,15,,51504,2,,,1,15,,51523,2,,,1,15,,51467,2,,,1,55,,51486,2,,,1,15,,51505,2,,,1,15,,51524,2,,,1,15,,51468,2,,,1,55,,51487,2,,,1
1,'20261208',539,,51584,2,,,1,15,,51525,2,,,1,52,,51545,2,,,1,15,,51565,2,,,1,15,,51585,2,,,1,15,,51526,2,,,1,55,,51546,2,,,1,15,,51566,2,,,1,15,,51586,2,,,1,15,,51527,2,,,1,55,,51547,2,,,1,15,,51567,2,,,1,15,,51587,2,,,1,15,,51528,2,,,1,55,,51548,2,,,1,15,,51568,2,,,1,15,,51588,2,,,1,15,,51529,2,,,1,55,,51549,2,,,1,15,,51569,2,,,1,15,,51589,2,,,1,15,,51530,2,,,1,55,,51550,2,,,1,15,,51570,2,,,1,15,,51590,2,,,1,15,,51531,2,,,1,55,,51551,2,,,1,15,,51571,2,,,1,15,,51591,2,,,1,15,,51532,2,,,1,55,,51552,2,,,1,15,,51572,2,,,1,15,,51592,2,,,1,15,,51533,2,,,1,55,,51553,2,,,1,15,,51573,2,,,1,15,,51593,2,,,1,15,,51534,2,,,1,55,,51554,2,,,1,15,,51574,2,,,1,15,,51594,2,,,1,15,,51535,2,,,1,55,,51555,2,,,1,15,,51575,2,,,1,15,,51595,2,,,1,15,,51536,2,,,1,55,,51556,2,,,1,15,,51576,2,,,1,15,,51596,2,,,1,15,,51537,2,,,1,55,,51557,2,,,1,15,,51577,2,,,1,15,,51597,2,,,1,15,,51538,2,,,1,55,,51558,2,,,1,15,,51578,2,,,1,15,,51598,2,,,1,15,,51539,2,,,1,55,,51559,2,,,1,15,,51579,2,,,1,15,,51599,2,,,1,15,,51540,2,,,1,55,,51560,2,,,1,15,,51580,2,,,1,15,,51600,2,,,1,15,,51541,2,,,1,55,,51561,2,,,1,15,,51581,2,,,1,15,,51601,2,,,1,15,,51542,2,,,1,55,,51562,2,,,1,15,,51582,2,,,1,15,,51602,2,,,1,15,,51543,2,,,1,55,,51563,2,,,1,15,,51583,2,,,1,15,,51603,2,,,1,15,,51544,2,,,1,55,,51564,2,,,1
1,'20261209',539,,51663,2,,,1,15,,51604,2,,,1,52,,51624,2,,,1,15,,51644,2,,,1,15,,51664,2,,,1,15,,51605,2,,,1,55,,51625,2,,,1,15,,51645,2,,,1,15,,51665,2,,,1,15,,51606,2,,,1,55,,51626,2,,,1,15,,51646,2,,,1,15,,51666,2,,,1,15,,51607,2,,,1,55,,51627,2,,,1,15,,51647,2,,,1,15,,51667,2,,,1,15,,51608,2,,,1,55,,51628,2,,,1,15,,51648,2,,,1,15,,51668,2,,,1,15,,51609,2,,,1,55,,51629,2,,,1,15,,51649,2,,,1,15,,51669,2,,,1,15,,51610,2,,,1,55,,51630,2,,,1,15,,51650,2,,,1,15,,51670,2,,,1,15,,51611,2,,,1,55,,51631,2,,,1,15,,51651,2,,,1,15,,51671,2,,,1,15,,51612,2,,,1,55,,51632,2,,,1,15,,51652,2,,,1,15,,51672,2,,,1,15,,51613,2,,,1,55,,51633,2,,,1,15,,51653,2,,,1,15,,51673,2,,,1,15,,51614,2,,,1,55,,51634,2,,,1,15,,51654,2,,,1,15,,51674,2,,,1,15,,51615,2,,,1,55,,51635,2,,,1,15,,51655,2,,,1,15,,51675,2,,,1,15,,51616,2,,,1,55,,51636,2,,,1,15,,51656,2,,,1,15,,51676,2,,,1,15,,51617,2,,,1,55,,51637,2,,,1,15,,51657,2,,,1,15,,51677,2,,,1,15,,51618,2,,,1,55,,51638,2,,,1,15,,51658,2,,,1,15,,51678,2,,,1,15,,51619,2,,,1,55,,51639,2,,,1,15,,51659,2,,,1,15,,51679,2,,,1,15,,51620,2,,,1,55,,51640,2,,,1,15,,51660,2,,,1,15,,51680,2,,,1,15,,51621,2,,,1,55,,51641,2,,,1,15,,51661,2,,,1,15,,51681,2,,,1,15,,51622,2,,,1,55,,51642,2,,,1,15,,51662,2,,,1,15,,51682,2,,,1,15,,51623,2,,,1,55,,51643,2,,,1
1,'20261210',539,,51742,2,,,1,15,,51683,2,,,1,52,,51703,2,,,1,15,,51723,2,,,1,15,,51743,2,,,1,15,,51684,2,,,1,55,,51704,2,,,1,15,,51724,2,,,1,15,,51744,2,,,1,15,,51685,2,,,1,55,,51705,2,,,1,15,,51725,2,,,1,15,,51745,2,,,1,15,,51686,2,,,1,55,,51706,2,,,1,15,,51726,2,,,1,15,,51746,2,,,1,15,,51687,2,,,1,55,,51707,2,,,1,15,,51727,2,,,1,15,,51747,2,,,1,15,,51688,2,,,1,55,,51708,2,,,1,15,,51728,2,,,1,15,,51748,2,,,1,15,,51689,2,,,1,55,,51709,2,,,1,15,,51729,2,,,1,15,,51749,2,,,1,15,,51690,2,,,1,55,,51710,2,,,1,15,,51730,2,,,1,15,,51750,2,,,1,15,,51691,2,,,1,55,,51711,2,,,1,15,,51731,2,,,1,15,,51751,2,,,1,15,,51692,2,,,1,55,,51712,2,,,1,15,,51732,2,,,1,15,,51752,2,,,1,15,,51693,2,,,1,55,,51713,2,,,1,15,,51733,2,,,1,15,,51753,2,,,1,15,,51694,2,,,1,55,,51714,2,,,1,15,,51734,2,,,1,15,,51754,2,,,1,15,,51695,2,,,1,55,,51715,2,,,1,15,,51735,2,,,1,15,,51755,2,,,1,15,,51696,2,,,1,55,,51716,2,,,1,15,,51736,2,,,1,15,,51756,2,,,1,15,,51697,2,,,1,55,,51717,2,,,1,15,,51737,2,,,1,15,,51757,2,,,1,15,,51698,2,,,1,55,,51718,2,,,1,15,,51738,2,,,1,15,,51758,2,,,1,15,,51699,2,,,1,55,,51719,2,,,1,15,,51739,2,,,1,15,,51759,2,,,1,15,,51700,2,,,1,55,,51720,2,,,1,15,,51740,2,,,1,15,,51760,2,,,1,15,,51701,2,,,1,55,,51721,2,,,1,15,,51741,2,,,1,15,,51761,2,,,1,15,,51702,2,,,1,55,,51722,2,,,1
1,'20261211',539,,51821,2,,,1,15,,51762,2,,,1,52,,51782,2,,,1,15,,51802,2,,,1,15,,51822,2,,,1,15,,51763,2,,,1,55,,51783,2,,,1,15,,51803,2,,,1,15,,51823,2,,,1,15,,51764,2,,,1,55,,51784,2,,,1,15,,51804,2,,,1,15,,51824,2,,,1,15,,51765,2,,,1,55,,51785,2,,,1,15,,51805,2,,,1,15,,51825,2,,,1,15,,51766,2,,,1,55,,51786,2,,,1,15,,51806,2,,,1,15,,51826,2,,,1,15,,51767,2,,,1,55,,51787,2,,,1,15,,51807,2,,,1,15,,51827,2,,,1,15,,51768,2,,,1,55,,51788,2,,,1,15,,51808,2,,,1,15,,51828,2,,,1,15,,51769,2,,,1,55,,51789,2,,,1,15,,51809,2,,,1,15,,51829,2,,,1,15,,51770,2,,,1,55,,51790,2,,,1,15,,51810,2,,,1,15,,51830,2,,,1,15,,51771,2,,,1,55,,51791,2,,,1,15,,51811,2,,,1,15,,51831,2,,,1,15,,51772,2,,,1,55,,51792,2,,,1,15,,51812,2,,,1,15,,51832,2,,,1,15,,51773,2,,,1,55,,51793,2,,,1,15,,51813,2,,,1,15,,51833,2,,,1,15,,51774,2,,,1,55,,51794,2,,,1,15,,51814,2,,,1,15,,51834,2,,,1,15,,51775,2,,,1,55,,51795,2,,,1,15,,51815,2,,,1,15,,51835,2,,,1,15,,51776,2,,,1,55,,51796,2,,,1,15,,51816,2,,,1,15,,51836,2,,,1,15,,51777,2,,,1,55,,51797,2,,,1,15,,51817,2,,,1,15,,51837,2,,,1,15,,51778,2,,,1,55,,51798,2,,,1,15,,51818,2,,,1,15,,51838,2,,,1,15,,51779,2,,,1,55,,51799,2,,,1,15,,51819,2,,,1,15,,51839,2,,,1,15,,51780,2,,,1,55,,51800,2,,,1,15,,51820,2,,,1,15,,51840,2,,,1,15,,51781,2,,,1,55,,51801,2,,,1
1,'20261212',636,,51897,2,,,1,15,,51841,2,,,1,55,,51860,2,,,1,15,,51879,2,,,1,15,,51898,2,,,1,15,,51842,2,,,1,55,,51861,2,,,1,15,,51880,2,,,1,15,,51899,2,,,1,15,,51843,2,,,1,55,,51862,2,,,1,15,,51881,2,,,1,15,,51900,2,,,1,15,,51844,2,,,1,55,,51863,2,,,1,15,,51882,2,,,1,15,,51901,2,,,1,15,,51845,2,,,1,55,,51864,2,,,1,15,,51883,2,,,1,15,,51902,2,,,1,15,,51846,2,,,1,55,,51865,2,,,1,15,,51884,2,,,1,15,,51903,2,,,1,15,,51847,2,,,1,55,,51866,2,,,1,15,,51885,2,,,1,15,,51904,2,,,1,15,,51848,2,,,1,55,,51867,2,,,1,15,,51886,2,,,1,15,,51905,2,,,1,15,,51849,2,,,1,55,,51868,2,,,1,15,,51887,2,,,1,15,,51906,2,,,1,15,,51850,2,,,1,55,,51869,2,,,1,15,,51888,2,,,1,15,,51907,2,,,1,15,,51851,2,,,1,55,,51870,2,,,1,15,,51889,2,,,1,15,,51908,2,,,1,15,,51852,2,,,1,55,,51871,2,,,1,15,,51890,2,,,1,15,,51909,2,,,1,15,,51853,2,,,1,55,,51872,2,,,1,15,,51891,2,,,1,15,,51910,2,,,1,15,,51854,2,,,1,55,,51873,2,,,1,15,,51892,2,,,1,15,,51911,2,,,1,15,,51855,2,,,1,55,,51874,2,,,1,15,,51893,2,,,1,15,,51912,2,,,1,15,,51856,2,,,1,55,,51875,2,,,1,15,,51894,2,,,1,15,,51913,2,,,1,15,,51857,2,,,1,55,,51876,2,,,1,15,,51895,2,,,1,15,,51914,2,,,1,15,,51858,2,,,1,55,,51877,2,,,1,15,,51896,2,,,1,15,,51915,2,,,1,15,,51859,2,,,1,55,,51878,2,,,1
1,'20261213',636,,51972,2,,,1,15,,51916,2,,,1,55,,51935,2,,,1,15,,51954,2,,,1,15,,51973,2,,,1,15,,51917,2,,,1,55,,51936,2,,,1,15,,51955,2,,,1,15,,51974,2,,,1,15,,51918,2,,,1,55,,51937,2,,,1,15,,51956,2,,,1,15,,51975,2,,,1,15,,51919,2,,,1,55,,51938,2,,,1,15,,51957,2,,,1,15,,51976,2,,,1,15,,51920,2,,,1,55,,51939,2,,,1,15,,51958,2,,,1,15,,51977,2,,,1,15,,51921,2,,,1,55,,51940,2,,,1,15,,51959,2,,,1,15,,51978,2,,,1,15,,51922,2,,,1,55,,51941,2,,,1,15,,51960,2,,,1,15,,51979,2,,,1,15,,51923,2,,,1,55,,51942,2,,,1,15,,51961,2,,,1,15,,51980,2,,,1,15,,51924,2,,,1,55,,51943,2,,,1,15,,51962,2,,,1,15,,51981,2,,,1,15,,51925,2,,,1,55,,51944,2,,,1,15,,51963,2,,,1,15,,51982,2,,,1,15,,51926,2,,,1,55,,51945,2,,,1,15,,51964,2,,,1,15,,51983,2,,,1,15,,51927,2,,,1,55,,51946,2,,,1,15,,51965,2,,,1,15,,51984,2,,,1,15,,51928,2,,,1,55,,51947,2,,,1,15,,51966,2,,,1,15,,51985,2,,,1,15,,51929,2,,,1,55,,51948,2,,,1,15,,51967,2,,,1,15,,51986,2,,,1,15,,51930,2,,,1,55,,51949,2,,,1,15,,51968,2,,,1,15,,51987,2,,,1,15,,51931,2,,,1,55,,51950,2,,,1,15,,51969,2,,,1,15,,51988,2,,,1,15,,51932,2,,,1,55,,51951,2,,,1,15,,51970,2,,,1,15,,51989,2,,,1,15,,51933,2,,,1,55,,51952,2,,,1,15,,51971,2,,,1,15,,51990,2,,,1,15,,51934,2,,,1,55,,51953,2,,,1
1,'20261214',636,,52047,2,,,1,15,,51991,2,,,1,55,,52010,2,,,1,15,,52029,2,,,1,15,,52048,2,,,1,15,,51992,2,,,1,55,,52011,2,,,1,15,,52030,2,,,1,15,,52049,2,,,1,15,,51993,2,,,1,55,,52012,2,,,1,15,,52031,2,,,1,15,,52050,2,,,1,15,,51994,2,,,1,55,,52013,2,,,1,15,,52032,2,,,1,15,,52051,2,,,1,15,,51995,2,,,1,55,,52014,2,,,1,15,,52033,2,,,1,15,,52052,2,,,1,15,,51996,2,,,1,55,,52015,2,,,1,15,,52034,2,,,1,15,,52053,2,,,1,15,,51997,2,,,1,55,,52016,2,,,1,15,,52035,2,,,1,15,,52054,2,,,1,15,,51998,2,,,1,55,,52017,2,,,1,15,,52036,2,,,1,15,,52055,2,,,1,15,,51999,2,,,1,55,,52018,2,,,1,15,,52037,2,,,1,15,,52056,2,,,1,15,,52000,2,,,1,55,,52019,2,,,1,15,,52038,2,,,1,15,,52057,2,,,1,15,,52001,2,,,1,55,,52020,2,,,1,15,,52039,2,,,1,15,,52058,2,,,1,15,,52002,2,,,1,55,,52021,2,,,1,15,,52040,2,,,1,15,,52059,2,,,1,15,,52003,2,,,1,55,,52022,2,,,1,15,,52041,2,,,1,15,,52060,2,,,1,15,,52004,2,,,1,55,,52023,2,,,1,15,,52042,2,,,1,15,,52061,2,,,1,15,,52005,2,,,1,55,,52024,2,,,1,15,,52043,2,,,1,15,,52062,2,,,1,15,,52006,2,,,1,55,,52025,2,,,1,15,,52044,2,,,1,15,,52063,2,,,1,15,,52007,2,,,1,55,,52026,2,,,1,15,,52045,2,,,1,15,,52064,2,,,1,15,,52008,2,,,1,55,,52027,2,,,1,15,,52046,2,,,1,15,,52065,2,,,1,15,,52009,2,,,1,55,,52028,2,,,1
1,'20261215',539,,52125,2,,,1,15,,52066,2,,,1,52,,52086,2,,,1,15,,52106,2,,,1,15,,52126,2,,,1,15,,52067,2,,,1,55,,52087,2,,,1,15,,52107,2,,,1,15,,52127,2,,,1,15,,52068,2,,,1,55,,52088,2,,,1,15,,52108,2,,,1,15,,52128,2,,,1,15,,52069,2,,,1,55,,52089,2,,,1,15,,52109,2,,,1,15,,52129,2,,,1,15,,52070,2,,,1,55,,52090,2,,,1,15,,52110,2,,,1,15,,52130,2,,,1,15,,52071,2,,,1,55,,52091,2,,,1,15,,52111,2,,,1,15,,52131,2,,,1,15,,52072,2,,,1,55,,52092,2,,,1,15,,52112,2,,,1,15,,52132,2,,,1,15,,52073,2,,,1,55,,52093,2,,,1,15,,52113,2,,,1,15,,52133,2,,,1,15,,52074,2,,,1,55,,52094,2,,,1,15,,52114,2,,,1,15,,52134,2,,,1,15,,52075,2,,,1,55,,52095,2,,,1,15,,52115,2,,,1,15,,52135,2,,,1,15,,52076,2,,,1,55,,52096,2,,,1,15,,52116,2,,,1,15,,52136,2,,,1,15,,52077,2,,,1,55,,52097,2,,,1,15,,52117,2,,,1,15,,52137,2,,,1,15,,52078,2,,,1,55,,52098,2,,,1,15,,52118,2,,,1,15,,52138,2,,,1,15,,52079,2,,,1,55,,52099,2,,,1,15,,52119,2,,,1,15,,52139,2,,,1,15,,52080,2,,,1,55,,52100,2,,,1,15,,52120,2,,,1,15,,52140,2,,,1,15,,52081,2,,,1,55,,52101,2,,,1,15,,52121,2,,,1,15,,52141,2,,,1,15,,52082,2,,,1,55,,52102,2,,,1,15,,52122,2,,,1,15,,52142,2,,,1,15,,52083,2,,,1,55,,52103,2,,,1,15,,52123,2,,,1,15,,52143,2,,,1,15,,52084,2,,,1,55,,52104,2,,,1,15,,52124,2,,,1,15,,52144,2,,,1,15,,52085,2,,,1,55,,52105,2,,,1
1,'20261216',539,,52204,2,,,1,15,,52145,2,,,1,52,,52165,2,,,1,15,,52185,2,,,1,15,,52205,2,,,1,15,,52146,2,,,1,55,,52166,2,,,1,15,,52186,2,,,1,15,,52206,2,,,1,15,,52147,2,,,1,55,,52167,2,,,1,15,,52187,2,,,1,15,,52207,2,,,1,15,,52148,2,,,1,55,,52168,2,,,1,15,,52188,2,,,1,15,,52208,2,,,1,15,,52149,2,,,1,55,,52169,2,,,1,15,,52189,2,,,1,15,,52209,2,,,1,15,,52150,2,,,1,55,,52170,2,,,1,15,,52190,2,,,1,15,,52210,2,,,1,15,,52151,2,,,1,55,,52171,2,,,1,15,,52191,2,,,1,15,,52211,2,,,1,15,,52152,2,,,1,55,,52172,2,,,1,15,,52192,2,,,1,15,,52212,2,,,1,15,,52153,2,,,1,55,,52173,2,,,1,15,,52193,2,,,1,15,,52213,2,,,1,15,,52154,2,,,1,55,,52174,2,,,1,15,,52194,2,,,1,15,,52214,2,,,1,15,,52155,2,,,1,55,,52175,2,,,1,15,,52195,2,,,1,15,,52215,2,,,1,15,,52156,2,,,1,55,,52176,2,,,1,15,,52196,2,,,1,15,,52216,2,,,1,15,,52157,2,,,1,55,,52177,2,,,1,15,,52197,2,,,1,15,,52217,2,,,1,15,,52158,2,,,1,55,,52178,2,,,1,15,,52198,2,,,1,15,,52218,2,,,1,15,,52159,2,,,1,55,,52179,2,,,1,15,,52199,2,,,1,15,,52219,2,,,1,15,,52160,2,,,1,55,,52180,2,,,1,15,,52200,2,,,1,15,,52220,2,,,1,15,,52161,2,,,1,55,,52181,2,,,1,15,,52201,2,,,1,15,,52221,2,,,1,15,,52162,2,,,1,55,,52182,2,,,1,15,,52202,2,,,1,15,,52222,2,,,1,15,,52163,2,,,1,55,,52183,2,,,1,15,,52203,2,,,1,15,,52223,2,,,1,15,,52164,2,,,1,55,,52184,2,,,1
1,'20261217',539,,52283,2,,,1,15,,52224,2,,,1,52,,52244,2,,,1,15,,52264,2,,,1,15,,52284,2,,,1,15,,52225,2,,,1,55,,52245,2,,,1,15,,52265,2,,,1,15,,52285,2,,,1,15,,52226,2,,,1,55,,52246,2,,,1,15,,52266,2,,,1,15,,52286,2,,,1,15,,52227,2,,,1,55,,52247,2,,,1,15,,52267,2,,,1,15,,52287,2,,,1,15,,52228,2,,,1,55,,52248,2,,,1,15,,52268,2,,,1,15,,52288,2,,,1,15,,52229,2,,,1,55,,52249,2,,,1,15,,52269,2,,,1,15,,52289,2,,,1,15,,52230,2,,,1,55,,52250,2,,,1,15,,52270,2,,,1,15,,52290,2,,,1,15,,52231,2,,,1,55,,52251,2,,,1,15,,52271,2,,,1,15,,52291,2,,,1,15,,52232,2,,,1,55,,52252,2,,,1,15,,52272,2,,,1,15,,52292,2,,,1,15,,52233,2,,,1,55,,52253,2,,,1,15,,52273,2,,,1,15,,52293,2,,,1,15,,52234,2,,,1,55,,52254,2,,,1,15,,52274,2,,,1,15,,52294,2,,,1,15,,52235,2,,,1,55,,52255,2,,,1,15,,52275,2,,,1,15,,52295,2,,,1,15,,52236,2,,,1,55,,52256,2,,,1,15,,52276,2,,,1,15,,52296,2,,,1,15,,52237,2,,,1,55,,52257,2,,,1,15,,52277,2,,,1,15,,52297,2,,,1,15,,52238,2,,,1,55,,52258,2,,,1,15,,52278,2,,,1,15,,52298,2,,,1,15,,52239,2,,,1,55,,52259,2,,,1,15,,52279,2,,,1,15,,52299,2,,,1,15,,52240,2,,,1,55,,52260,2,,,1,15,,52280,2,,,1,15,,52300,2,,,1,15,,52241,2,,,1,55,,52261,2,,,1,15,,52281,2,,,1,15,,52301,2,,,1,15,,52242,2,,,1,55,,52262,2,,,1,15,,52282,2,,,1,15,,52302,2,,,1,15,,52243,2,,,1,55,,52263,2,,,1
1,'20261218',539,,52362,2,,,1,15,,52303,2,,,1,52,,52323,2,,,1,15,,52343,2,,,1,15,,52363,2,,,1,15,,52304,2,,,1,55,,52324,2,,,1,15,,52344,2,,,1,15,,52364,2,,,1,15,,52305,2,,,1,55,,52325,2,,,1,15,,52345,2,,,1,15,,52365,2,,,1,15,,52306,2,,,1,55,,52326,2,,,1,15,,52346,2,,,1,15,,52366,2,,,1,15,,52307,2,,,1,55,,52327,2,,,1,15,,52347,2,,,1,15,,52367,2,,,1,15,,52308,2,,,1,55,,52328,2,,,1,15,,52348,2,,,1,15,,52368,2,,,1,15,,52309,2,,,1,55,,52329,2,,,1,15,,52349,2,,,1,15,,52369,2,,,1,15,,52310,2,,,1,55,,52330,2,,,1,15,,52350,2,,,1,15,,52370,2,,,1,15,,52311,2,,,1,55,,52331,2,,,1,15,,52351,2,,,1,15,,52371,2,,,1,15,,52312,2,,,1,55,,52332,2,,,1,15,,52352,2,,,1,15,,52372,2,,,1,15,,52313,2,,,1,55,,52333,2,,,1,15,,52353,2,,,1,15,,52373,2,,,1,15,,52314,2,,,1,55,,52334,2,,,1,15,,52354,2,,,1,15,,52374,2,,,1,15,,52315,2,,,1,55,,52335,2,,,1,15,,52355,2,,,1,15,,52375,2,,,1,15,,52316,2,,,1,55,,52336,2,,,1,15,,52356,2,,,1,15,,52376,2,,,1,15,,52317,2,,,1,55,,52337,2,,,1,15,,52357,2,,,1,15,,52377,2,,,1,15,,52318,2,,,1,55,,52338,2,,,1,15,,52358,2,,,1,15,,52378,2,,,1,15,,52319,2,,,1,55,,52339,2,,,1,15,,52359,2,,,1,15,,52379,2,,,1,15,,52320,2,,,1,55,,52340,2,,,1,15,,52360,2,,,1,15,,52380,2,,,1,15,,52321,2,,,1,55,,52341,2,,,1,15,,52361,2,,,1,15,,52381,2,,,1,15,,52322,2,,,1,55,,52342,2,,,1
1,'20261219',636,,52438,2,,,1,15,,52382,2,,,1,55,,52401,2,,,1,15,,52420,2,,,1,15,,52439,2,,,1,15,,52383,2,,,1,55,,52402,2,,,1,15,,52421,2,,,1,15,,52440,2,,,1,15,,52384,2,,,1,55,,52403,2,,,1,15,,52422,2,,,1,15,,52441,2,,,1,15,,52385,2,,,1,55,,52404,2,,,1,15,,52423,2,,,1,15,,52442,2,,,1,15,,52386,2,,,1,55,,52405,2,,,1,15,,52424,2,,,1,15,,52443,2,,,1,15,,52387,2,,,1,55,,52406,2,,,1,15,,52425,2,,,1,15,,52444,2,,,1,15,,52388,2,,,1,55,,52407,2,,,1,15,,52426,2,,,1,15,,52445,2,,,1,15,,52389,2,,,1,55,,52408,2,,,1,15,,52427,2,,,1,15,,52446,2,,,1,15,,52390,2,,,1,55,,52409,2,,,1,15,,52428,2,,,1,15,,52447,2,,,1,15,,52391,2,,,1,55,,52410,2,,,1,15,,52429,2,,,1,15,,52448,2,,,1,15,,52392,2,,,1,55,,52411,2,,,1,15,,52430,2,,,1,15,,52449,2,,,1,15,,52393,2,,,1,55,,52412,2,,,1,15,,52431,2,,,1,15,,52450,2,,,1,15,,52394,2,,,1,55,,52413,2,,,1,15,,52432,2,,,1,15,,52451,2,,,1,15,,52395,2,,,1,55,,52414,2,,,1,15,,52433,2,,,1,15,,52452,2,,,1,15,,52396,2,,,1,55,,52415,2,,,1,15,,52434,2,,,1,15,,52453,2,,,1,15,,52397,2,,,1,55,,52416,2,,,1,15,,52435,2,,,1,15,,52454,2,,,1,15,,52398,2,,,1,55,,52417,2,,,1,15,,52436,2,,,1,15,,52455,2,,,1,15,,52399,2,,,1,55,,52418,2,,,1,15,,52437,2,,,1,15,,52456,2,,,1,15,,52400,2,,,1,55,,52419,2,,,1
1,'20261220',636,,52513,2,,,1,15,,52457,2,,,1,55,,52476,2,,,1,15,,52495,2,,,1,15,,52514,2,,,1,15,,52458,2,,,1,55,,52477,2,,,1,15,,52496,2,,,1,15,,52515,2,,,1,15,,52459,2,,,1,55,,52478,2,,,1,15,,52497,2,,,1,15,,52516,2,,,1,15,,52460,2,,,1,55,,52479,2,,,1,15,,52498,2,,,1,15,,52517,2,,,1,15,,52461,2,,,1,55,,52480,2,,,1,15,,52499,2,,,1,15,,52518,2,,,1,15,,52462,2,,,1,55,,52481,2,,,1,15,,52500,2,,,1,15,,52519,2,,,1,15,,52463,2,,,1,55,,52482,2,,,1,15,,52501,2,,,1,15,,52520,2,,,1,15,,52464,2,,,1,55,,52483,2,,,1,15,,52502,2,,,1,15,,52521,2,,,1,15,,52465,2,,,1,55,,52484,2,,,1,15,,52503,2,,,1,15,,52522,2,,,1,15,,52466,2,,,1,55,,52485,2,,,1,15,,52504,2,,,1,15,,52523,2,,,1,15,,52467,2,,,1,55,,52486,2,,,1,15,,52505,2,,,1,15,,52524,2,,,1,15,,52468,2,,,1,55,,52487,2,,,1,15,,52506,2,,,1,15,,52525,2,,,1,15,,52469,2,,,1,55,,52488,2,,,1,15,,52507,2,,,1,15,,52526,2,,,1,15,,52470,2,,,1,55,,52489,2,,,1,15,,52508,2,,,1,15,,52527,2,,,1,15,,52471,2,,,1,55,,52490,2,,,1,15,,52509,2,,,1,15,,52528,2,,,1,15,,52472,2,,,1,55,,52491,2,,,1,15,,52510,2,,,1,15,,52529,2,,,1,15,,52473,2,,,1,55,,52492,2,,,1,15,,52511,2,,,1,15,,52530,2,,,1,15,,52474,2,,,1,55,,52493,2,,,1,15,,52512,2,,,1,15,,52531,2,,,1,15,,52475,2,,,1,55,,52494,2,,,1
1,'20261221',636,,52588,2,,,1,15,,52532,2,,,1,55,,52551,2,,,1,15,,52570,2,,,1,15,,52589,2,,,1,15,,52533,2,,,1,55,,52552,2,,,1,15,,52571,2,,,1,15,,52590,2,,,1,15,,52534,2,,,1,55,,52553,2,,,1,15,,52572,2,,,1,15,,52591,2,,,1,15,,52535,2,,,1,55,,52554,2,,,1,15,,52573,2,,,1,15,,52592,2,,,1,15,,52536,2,,,1,55,,52555,2,,,1,15,,52574,2,,,1,15,,52593,2,,,1,15,,52537,2,,,1,55,,52556,2,,,1,15,,52575,2,,,1,15,,52594,2,,,1,15,,52538,2,,,1,55,,52557,2,,,1,15,,52576,2,,,1,15,,52595,2,,,1,15,,52539,2,,,1,55,,52558,2,,,1,15,,52577,2,,,1,15,,52596,2,,,1,15,,52540,2,,,1,55,,52559,2,,,1,15,,52578,2,,,1,15,,52597,2,,,1,15,,52541,2,,,1,55,,52560,2,,,1,15,,52579,2,,,1,15,,52598,2,,,1,15,,52542,2,,,1,55,,52561,2,,,1,15,,52580,2,,,1,15,,52599,2,,,1,15,,52543,2,,,1,55,,52562,2,,,1,15,,52581,2,,,1,15,,52600,2,,,1,15,,52544,2,,,1,55,,52563,2,,,1,15,,52582,2,,,1,15,,52601,2,,,1,15,,52545,2,,,1,55,,52564,2,,,1,15,,52583,2,,,1,15,,52602,2,,,1,15,,52546,2,,,1,55,,52565,2,,,1,15,,52584,2,,,1,15,,52603,2,,,1,15,,52547,2,,,1,55,,52566,2,,,1,15,,52585,2,,,1,15,,52604,2,,,1,15,,52548,2,,,1,55,,52567,2,,,1,15,,52586,2,,,1,15,,52605,2,,,1,15,,52549,2,,,1,55,,52568,2,,,1,15,,52587,2,,,1,15,,52606,2,,,1,15,,52550,2,,,1,55,,52569,2,,,1
1,'20261222',539,,52666,2,,,1,15,,52607,2,,,1,52,,52627,2,,,1,15,,52647,2,,,1,15,,52667,2,,,1,15,,52608,2,,,1,55,,52628,2,,,1,15,,52648,2,,,1,15,,52668,2,,,1,15,,52609,2,,,1,55,,52629,2,,,1,15,,52649,2,,,1,15,,52669,2,,,1,15,,52610,2,,,1,55,,52630,2,,,1,15,,52650,2,,,1,15,,52670,2,,,1,15,,52611,2,,,1,55,,52631,2,,,1,15,,52651,2,,,1,15,,52671,2,,,1,15,,52612,2,,,1,55,,52632,2,,,1,15,,52652,2,,,1,15,,52672,2,,,1,15,,52613,2,,,1,55,,52633,2,,,1,15,,52653,2,,,1,15,,52673,2,,,1,15,,52614,2,,,1,55,,52634,2,,,1,15,,52654,2,,,1,15,,52674,2,,,1,15,,52615,2,,,1,55,,52635,2,,,1,15,,52655,2,,,1,15,,52675,2,,,1,15,,52616,2,,,1,55,,52636,2,,,1,15,,52656,2,,,1,15,,52676,2,,,1,15,,52617,2,,,1,55,,52637,2,,,1,15,,52657,2,,,1,15,,52677,2,,,1,15,,52618,2,,,1,55,,52638,2,,,1,15,,52658,2,,,1,15,,52678,2,,,1,15,,52619,2,,,1,55,,52639,2,,,1,15,,52659,2,,,1,15,,52679,2,,,1,15,,52620,2,,,1,55,,52640,2,,,1,15,,52660,2,,,1,15,,52680,2,,,1,15,,52621,2,,,1,55,,52641,2,,,1,15,,52661,2,,,1,15,,52681,2,,,1,15,,52622,2,,,1,55,,52642,2,,,1,15,,52662,2,,,1,15,,52682,2,,,1,15,,52623,2,,,1,55,,52643,2,,,1,15,,52663,2,,,1,15,,52683,2,,,1,15,,52624,2,,,1,55,,52644,2,,,1,15,,52664,2,,,1,15,,52684,2,,,1,15,,52625,2,,,1,55,,52645,2,,,1,15,,52665,2,,,1,15,,52685,2,,,1,15,,52626,2,,,1,55,,52646,2,,,1
1,'20261223',539,,52745,2,,,1,15,,52686,2,,,1,52,,52706,2,,,1,15,,52726,2,,,1,15,,52746,2,,,1,15,,52687,2,,,1,55,,52707,2,,,1,15,,52727,2,,,1,15,,52747,2,,,1,15,,52688,2,,,1,55,,52708,2,,,1,15,,52728,2,,,1,15,,52748,2,,,1,15,,52689,2,,,1,55,,52709,2,,,1,15,,52729,2,,,1,15,,52749,2,,,1,15,,52690,2,,,1,55,,52710,2,,,1,15,,52730,2,,,1,15,,52750,2,,,1,15,,52691,2,,,1,55,,52711,2,,,1,15,,52731,2,,,1,15,,52751,2,,,1,15,,52692,2,,,1,55,,52712,2,,,1,15,,52732,2,,,1,15,,52752,2,,,1,15,,52693,2,,,1,55,,52713,2,,,1,15,,52733,2,,,1,15,,52753,2,,,1,15,,52694,2,,,1,55,,52714,2,,,1,15,,52734,2,,,1,15,,52754,2,,,1,15,,52695,2,,,1,55,,52715,2,,,1,15,,52735,2,,,1,15,,52755,2,,,1,15,,52696,2,,,1,55,,52716,2,,,1,15,,52736,2,,,1,15,,52756,2,,,1,15,,52697,2,,,1,55,,52717,2,,,1,15,,52737,2,,,1,15,,52757,2,,,1,15,,52698,2,,,1,55,,52718,2,,,1,15,,52738,2,,,1,15,,52758,2,,,1,15,,52699,2,,,1,55,,52719,2,,,1,15,,52739,2,,,1,15,,52759,2,,,1,15,,52700,2,,,1,55,,52720,2,,,1,15,,52740,2,,,1,15,,52760,2,,,1,15,,52701,2,,,1,55,,52721,2,,,1,15,,52741,2,,,1,15,,52761,2,,,1,15,,52702,2,,,1,55,,52722,2,,,1,15,,52742,2,,,1,15,,52762,2,,,1,15,,52703,2,,,1,55,,52723,2,,,1,15,,52743,2,,,1,15,,52763,2,,,1,15,,52704,2,,,1,55,,52724,2,,,1,15,,52744,2,,,1,15,,52764,2,,,1,15,,52705,2,,,1,55,,52725,2,,,1
1,'20261224',539,,52824,2,,,1,15,,52765,2,,,1,52,,52785,2,,,1,15,,52805,2,,,1,15,,52825,2,,,1,15,,52766,2,,,1,55,,52786,2,,,1,15,,52806,2,,,1,15,,52826,2,,,1,15,,52767,2,,,1,55,,52787,2,,,1,15,,52807,2,,,1,15,,52827,2,,,1,15,,52768,2,,,1,55,,52788,2,,,1,15,,52808,2,,,1,15,,52828,2,,,1,15,,52769,2,,,1,55,,52789,2,,,1,15,,52809,2,,,1,15,,52829,2,,,1,15,,52770,2,,,1,55,,52790,2,,,1,15,,52810,2,,,1,15,,52830,2,,,1,15,,52771,2,,,1,55,,52791,2,,,1,15,,52811,2,,,1,15,,52831,2,,,1,15,,52772,2,,,1,55,,52792,2,,,1,15,,52812,2,,,1,15,,52832,2,,,1,15,,52773,2,,,1,55,,52793,2,,,1,15,,52813,2,,,1,15,,52833,2,,,1,15,,52774,2,,,1,55,,52794,2,,,1,15,,52814,2,,,1,15,,52834,2,,,1,15,,52775,2,,,1,55,,52795,2,,,1,15,,52815,2,,,1,15,,52835,2,,,1,15,,52776,2,,,1,55,,52796,2,,,1,15,,52816,2,,,1,15,,52836,2,,,1,15,,52777,2,,,1,55,,52797,2,,,1,15,,52817,2,,,1,15,,52837,2,,,1,15,,52778,2,,,1,55,,52798,2,,,1,15,,52818,2,,,1,15,,52838,2,,,1,15,,52779,2,,,1,55,,52799,2,,,1,15,,52819,2,,,1,15,,52839,2,,,1,15,,52780,2,,,1,55,,52800,2,,,1,15,,52820,2,,,1,15,,52840,2,,,1,15,,52781,2,,,1,55,,52801,2,,,1,15,,52821,2,,,1,15,,52841,2,,,1,15,,52782,2,,,1,55,,52802,2,,,1,15,,52822,2,,,1,15,,52842,2,,,1,15,,52783,2,,,1,55,,52803,2,,,1,15,,52823,2,,,1,15,,52843,2,,,1,15,,52784,2,,,1,55,,52804,2,,,1
1,'20261225',539,,52903,2,,,1,15,,52844,2,,,1,52,,52864,2,,,1,15,,52884,2,,,1,15,,52904,2,,,1,15,,52845,2,,,1,55,,52865,2,,,1,15,,52885,2,,,1,15,,52905,2,,,1,15,,52846,2,,,1,55,,52866,2,,,1,15,,52886,2,,,1,15,,52906,2,,,1,15,,52847,2,,,1,55,,52867,2,,,1,15,,52887,2,,,1,15,,52907,2,,,1,15,,52848,2,,,1,55,,52868,2,,,1,15,,52888,2,,,1,15,,52908,2,,,1,15,,52849,2,,,1,55,,52869,2,,,1,15,,52889,2,,,1,15,,52909,2,,,1,15,,52850,2,,,1,55,,52870,2,,,1,15,,52890,2,,,1,15,,52910,2,,,1,15,,52851,2,,,1,55,,52871,2,,,1,15,,52891,2,,,1,15,,52911,2,,,1,15,,52852,2,,,1,55,,52872,2,,,1,15,,52892,2,,,1,15,,52912,2,,,1,15,,52853,2,,,1,55,,52873,2,,,1,15,,52893,2,,,1,15,,52913,2,,,1,15,,52854,2,,,1,55,,52874,2,,,1,15,,52894,2,,,1,15,,52914,2,,,1,15,,52855,2,,,1,55,,52875,2,,,1,15,,52895,2,,,1,15,,52915,2,,,1,15,,52856,2,,,1,55,,52876,2,,,1,15,,52896,2,,,1,15,,52916,2,,,1,15,,52857,2,,,1,55,,52877,2,,,1,15,,52897,2,,,1,15,,52917,2,,,1,15,,52858,2,,,1,55,,52878,2,,,1,15,,52898,2,,,1,15,,52918,2,,,1,15,,52859,2,,,1,55,,52879,2,,,1,15,,52899,2,,,1,15,,52919,2,,,1,15,,52860,2,,,1,55,,52880,2,,,1,15,,52900,2,,,1,15,,52920,2,,,1,15,,52861,2,,,1,55,,52881,2,,,1,15,,52901,2,,,1,15,,52921,2,,,1,15,,52862,2,,,1,55,,52882,2,,,1,15,,52902,2,,,1,15,,52922,2,,,1,15,,52863,2,,,1,55,,52883,2,,,1
1,'20261226',636,,52979,2,,,1,15,,52923,2,,,1,55,,52942,2,,,1,15,,52961,2,,,1,15,,52980,2,,,1,15,,52924,2,,,1,55,,52943,2,,,1,15,,52962,2,,,1,15,,52981,2,,,1,15,,52925,2,,,1,55,,52944,2,,,1,15,,52963,2,,,1,15,,52982,2,,,1,15,,52926,2,,,1,55,,52945,2,,,1,15,,52964,2,,,1,15,,52983,2,,,1,15,,52927,2,,,1,55,,52946,2,,,1,15,,52965,2,,,1,15,,52984,2,,,1,15,,52928,2,,,1,55,,52947,2,,,1,15,,52966,2,,,1,15,,52985,2,,,1,15,,52929,2,,,1,55,,52948,2,,,1,15,,52967,2,,,1,15,,52986,2,,,1,15,,52930,2,,,1,55,,52949,2,,,1,15,,52968,2,,,1,15,,52987,2,,,1,15,,52931,2,,,1,55,,52950,2,,,1,15,,52969,2,,,1,15,,52988,2,,,1,15,,52932,2,,,1,55,,52951,2,,,1,15,,52970,2,,,1,15,,52989,2,,,1,15,,52933,2,,,1,55,,52952,2,,,1,15,,52971,2,,,1,15,,52990,2,,,1,15,,52934,2,,,1,55,,52953,2,,,1,15,,52972,2,,,1,15,,52991,2,,,1,15,,52935,2,,,1,55,,52954,2,,,1,15,,52973,2,,,1,15,,52992,2,,,1,15,,52936,2,,,1,55,,52955,2,,,1,15,,52974,2,,,1,15,,52993,2,,,1,15,,52937,2,,,1,55,,52956,2,,,1,15,,52975,2,,,1,15,,52994,2,,,1,15,,52938,2,,,1,55,,52957,2,,,1,15,,52976,2,,,1,15,,52995,2,,,1,15,,52939,2,,,1,55,,52958,2,,,1,15,,52977,2,,,1,15,,52996,2,,,1,15,,52940,2,,,1,55,,52959,2,,,1,15,,52978,2,,,1,15,,52997,2,,,1,15,,52941,2,,,1,55,,52960,2,,,1
1,'20261227',636,,53054,2,,,1,15,,52998,2,,,1,55,,53017,2,,,1,15,,53036,2,,,1,15,,53055,2,,,1,15,,52999,2,,,1,55,,53018,2,,,1,15,,53037,2,,,1,15,,53056,2,,,1,15,,53000,2,,,1,55,,53019,2,,,1,15,,53038,2,,,1,15,,53057,2,,,1,15,,53001,2,,,1,55,,53020,2,,,1,15,,53039,2,,,1,15,,53058,2,,,1,15,,53002,2,,,1,55,,53021,2,,,1,15,,53040,2,,,1,15,,53059,2,,,1,15,,53003,2,,,1,55,,53022,2,,,1,15,,53041,2,,,1,15,,53060,2,,,1,15,,53004,2,,,1,55,,53023,2,,,1,15,,53042,2,,,1,15,,53061,2,,,1,15,,53005,2,,,1,55,,53024,2,,,1,15,,53043,2,,,1,15,,53062,2,,,1,15,,53006,2,,,1,55,,53025,2,,,1,15,,53044,2,,,1,15,,53063,2,,,1,15,,53007,2,,,1,55,,53026,2,,,1,15,,53045,2,,,1,15,,53064,2,,,1,15,,53008,2,,,1,55,,53027,2,,,1,15,,53046,2,,,1,15,,53065,2,,,1,15,,53009,2,,,1,55,,53028,2,,,1,15,,53047,2,,,1,15,,53066,2,,,1,15,,53010,2,,,1,55,,53029,2,,,1,15,,53048,2,,,1,15,,53067,2,,,1,15,,53011,2,,,1,55,,53030,2,,,1,15,,53049,2,,,1,15,,53068,2,,,1,15,,53012,2,,,1,55,,53031,2,,,1,15,,53050,2,,,1,15,,53069,2,,,1,15,,53013,2,,,1,55,,53032,2,,,1,15,,53051,2,,,1,15,,53070,2,,,1,15,,53014,2,,,1,55,,53033,2,,,1,15,,53052,2,,,1,15,,53071,2,,,1,15,,53015,2,,,1,55,,53034,2,,,1,15,,53053,2,,,1,15,,53072,2,,,1,15,,53016,2,,,1,55,,53035,2,,,1
1,'20261228',636,,53129,2,,,1,15,,53073,2,,,1,55,,53092,2,,,1,15,,53111,2,,,1,15,,53130,2,,,1,15,,53074,2,,,1,55,,53093,2,,,1,15,,53112,2,,,1,15,,53131,2,,,1,15,,53075,2,,,1,55,,53094,2,,,1,15,,53113,2,,,1,15,,53132,2,,,1,15,,53076,2,,,1,55,,53095,2,,,1,15,,53114,2,,,1,15,,53133,2,,,1,15,,53077,2,,,1,55,,53096,2,,,1,15,,53115,2,,,1,15,,53134,2,,,1,15,,53078,2,,,1,55,,53097,2,,,1,15,,53116,2,,,1,15,,53135,2,,,1,15,,53079,2,,,1,55,,53098,2,,,1,15,,53117,2,,,1,15,,53136,2,,,1,15,,53080,2,,,1,55,,53099,2,,,1,15,,53118,2,,,1,15,,53137,2,,,1,15,,53081,2,,,1,55,,53100,2,,,1,15,,53119,2,,,1,15,,53138,2,,,1,15,,53082,2,,,1,55,,53101,2,,,1,15,,53120,2,,,1,15,,53139,2,,,1,15,,53083,2,,,1,55,,53102,2,,,1,15,,53121,2,,,1,15,,53140,2,,,1,15,,53084,2,,,1,55,,53103,2,,,1,15,,53122,2,,,1,15,,53141,2,,,1,15,,53085,2,,,1,55,,53104,2,,,1,15,,53123,2,,,1,15,,53142,2,,,1,15,,53086,2,,,1,55,,53105,2,,,1,15,,53124,2,,,1,15,,53143,2,,,1,15,,53087,2,,,1,55,,53106,2,,,1,15,,53125,2,,,1,15,,53144,2,,,1,15,,53088,2,,,1,55,,53107,2,,,1,15,,53126,2,,,1,15,,53145,2,,,1,15,,53089,2,,,1,55,,53108,2,,,1,15,,53127,2,,,1,15,,53146,2,,,1,15,,53090,2,,,1,55,,53109,2,,,1,15,,53128,2,,,1,15,,53147,2,,,1,15,,53091,2,,,1,55,,53110,2,,,1
1,'20261229',539,,53207,2,,,1,15,,53148,2,,,1,52,,53168,2,,,1,15,,53188,2,,,1,15,,53208,2,,,1,15,,53149,2,,,1,55,,53169,2,,,1,15,,53189,2,,,1,15,,53209,2,,,1,15,,53150,2,,,1,55,,53170,2,,,1,15,,53190,2,,,1,15,,53210,2,,,1,15,,53151,2,,,1,55,,53171,2,,,1,15,,53191,2,,,1,15,,53211,2,,,1,15,,53152,2,,,1,55,,53172,2,,,1,15,,53192,2,,,1,15,,53212,2,,,1,15,,53153,2,,,1,55,,53173,2,,,1,15,,53193,2,,,1,15,,53213,2,,,1,15,,53154,2,,,1,55,,53174,2,,,1,15,,53194,2,,,1,15,,53214,2,,,1,15,,53155,2,,,1,55,,53175,2,,,1,15,,53195,2,,,1,15,,53215,2,,,1,15,,53156,2,,,1,55,,53176,2,,,1,15,,53196,2,,,1,15,,53216,2,,,1,15,,53157,2,,,1,55,,53177,2,,,1,15,,53197,2,,,1,15,,53217,2,,,1,15,,53158,2,,,1,55,,53178,2,,,1,15,,53198,2,,,1,15,,53218,2,,,1,15,,53159,2,,,1,55,,53179,2,,,1,15,,53199,2,,,1,15,,53219,2,,,1,15,,53160,2,,,1,55,,53180,2,,,1,15,,53200,2,,,1,15,,53220,2,,,1,15,,53161,2,,,1,55,,53181,2,,,1,15,,53201,2,,,1,15,,53221,2,,,1,15,,53162,2,,,1,55,,53182,2,,,1,15,,53202,2,,,1,15,,53222,2,,,1,15,,53163,2,,,1,55,,53183,2,,,1,15,,53203,2,,,1,15,,53223,2,,,1,15,,53164,2,,,1,55,,53184,2,,,1,15,,53204,2,,,1,15,,53224,2,,,1,15,,53165,2,,,1,55,,53185,2,,,1,15,,53205,2,,,1,15,,53225,2,,,1,15,,53166,2,,,1,55,,53186,2,,,1,15,,53206,2,,,1,15,,53226,2,,,1,15,,53167,2,,,1,55,,53187,2,,,1
1,'20261230',539,,53286,2,,,1,15,,53227,2,,,1,52,,53247,2,,,1,15,,53267,2,,,1,15,,53287,2,,,1,15,,53228,2,,,1,55,,53248,2,,,1,15,,53268,2,,,1,15,,53288,2,,,1,15,,53229,2,,,1,55,,53249,2,,,1,15,,53269,2,,,1,15,,53289,2,,,1,15,,53230,2,,,1,55,,53250,2,,,1,15,,53270,2,,,1,15,,53290,2,,,1,15,,53231,2,,,1,55,,53251,2,,,1,15,,53271,2,,,1,15,,53291,2,,,1,15,,53232,2,,,1,55,,53252,2,,,1,15,,53272,2,,,1,15,,53292,2,,,1,15,,53233,2,,,1,55,,53253,2,,,1,15,,53273,2,,,1,15,,53293,2,,,1,15,,53234,2,,,1,55,,53254,2,,,1,15,,53274,2,,,1,15,,53294,2,,,1,15,,53235,2,,,1,55,,53255,2,,,1,15,,53275,2,,,1,15,,53295,2,,,1,15,,53236,2,,,1,55,,53256,2,,,1,15,,53276,2,,,1,15,,53296,2,,,1,15,,53237,2,,,1,55,,53257,2,,,1,15,,53277,2,,,1,15,,53297,2,,,1,15,,53238,2,,,1,55,,53258,2,,,1,15,,53278,2,,,1,15,,53298,2,,,1,15,,53239,2,,,1,55,,53259,2,,,1,15,,53279,2,,,1,15,,53299,2,,,1,15,,53240,2,,,1,55,,53260,2,,,1,15,,53280,2,,,1,15,,53300,2,,,1,15,,53241,2,,,1,55,,53261,2,,,1,15,,53281,2,,,1,15,,53301,2,,,1,15,,53242,2,,,1,55,,53262,2,,,1,15,,53282,2,,,1,15,,53302,2,,,1,15,,53243,2,,,1,55,,53263,2,,,1,15,,53283,2,,,1,15,,53303,2,,,1,15,,53244,2,,,1,55,,53264,2,,,1,15,,53284,2,,,1,15,,53304,2,,,1,15,,53245,2,,,1,55,,53265,2,,,1,15,,53285,2,,,1,15,,53305,2,,,1,15,,53246,2,,,1,55,,53266,2,,,1
1,'20261231',539,,53365,2,,,1,15,,53306,2,,,1,52,,53326,2,,,1,15,,53346,2,,,1,15,,53366,2,,,1,15,,53307,2,,,1,55,,53327,2,,,1,15,,53347,2,,,1,15,,53367,2,,,1,15,,53308,2,,,1,55,,53328,2,,,1,15,,53348,2,,,1,15,,53368,2,,,1,15,,53309,2,,,1,55,,53329,2,,,1,15,,53349,2,,,1,15,,53369,2,,,1,15,,53310,2,,,1,55,,53330,2,,,1,15,,53350,2,,,1,15,,53370,2,,,1,15,,53311,2,,,1,55,,53331,2,,,1,15,,53351,2,,,1,15,,53371,2,,,1,15,,53312,2,,,1,55,,53332,2,,,1,15,,53352,2,,,1,15,,53372,2,,,1,15,,53313,2,,,1,55,,53333,2,,,1,15,,53353,2,,,1,15,,53373,2,,,1,15,,53314,2,,,1,55,,53334,2,,,1,15,,53354,2,,,1,15,,53374,2,,,1,15,,53315,2,,,1,55,,53335,2,,,1,15,,53355,2,,,1,15,,53375,2,,,1,15,,53316,2,,,1,55,,53336,2,,,1,15,,53356,2,,,1,15,,53376,2,,,1,15,,53317,2,,,1,55,,53337,2,,,1,15,,53357,2,,,1,15,,53377,2,,,1,15,,53318,2,,,1,55,,53338,2,,,1,15,,53358,2,,,1,15,,53378,2,,,1,15,,53319,2,,,1,55,,53339,2,,,1,15,,53359,2,,,1,15,,53379,2,,,1,15,,53320,2,,,1,55,,53340,2,,,1,15,,53360,2,,,1,15,,53380,2,,,1,15,,53321,2,,,1,55,,53341,2,,,1,15,,53361,2,,,1,15,,53381,2,,,1,15,,53322,2,,,1,55,,53342,2,,,1,15,,53362,2,,,1,15,,53382,2,,,1,15,,53323,2,,,1,55,,53343,2,,,1,15,,53363,2,,,1,15,,53383,2,,,1,15,,53324,2,,,1,55,,53344,2,,,1,15,,53364,2,,,1,15,,53384,2,,,1,15,,53325,2,,,1,55,,53345,2,,,1
1,'20270101',539,,53444,2,,,1,15,,53385,2,,,1,52,,53405,2,,,1,15,,53425,2,,,1,15,,53445,2,,,1,15,,53386,2,,,1,55,,53406,2,,,1,15,,53426,2,,,1,15,,53446,2,,,1,15,,53387,2,,,1,55,,53407,2,,,1,15,,53427,2,,,1,15,,53447,2,,,1,15,,53388,2,,,1,55,,53408,2,,,1,15,,53428,2,,,1,15,,53448,2,,,1,15,,53389,2,,,1,55,,53409,2,,,1,15,,53429,2,,,1,15,,53449,2,,,1,15,,53390,2,,,1,55,,53410,2,,,1,15,,53430,2,,,1,15,,53450,2,,,1,15,,53391,2,,,1,55,,53411,2,,,1,15,,53431,2,,,1,15,,53451,2,,,1,15,,53392,2,,,1,55,,53412,2,,,1,15,,53432,2,,,1,15,,53452,2,,,1,15,,53393,2,,,1,55,,53413,2,,,1,15,,53433,2,,,1,15,,53453,2,,,1,15,,53394,2,,,1,55,,53414,2,,,1,15,,53434,2,,,1,15,,53454,2,,,1,15,,53395,2,,,1,55,,53415,2,,,1,15,,53435,2,,,1,15,,53455,2,,,1,15,,53396,2,,,1,55,,53416,2,,,1,15,,53436,2,,,1,15,,53456,2,,,1,15,,53397,2,,,1,55,,53417,2,,,1,15,,53437,2,,,1,15,,53457,2,,,1,15,,53398,2,,,1,55,,53418,2,,,1,15,,53438,2,,,1,15,,53458,2,,,1,15,,53399,2,,,1,55,,53419,2,,,1,15,,53439,2,,,1,15,,53459,2,,,1,15,,53400,2,,,1,55,,53420,2,,,1,15,,53440,2,,,1,15,,53460,2,,,1,15,,53401,2,,,1,55,,53421,2,,,1,15,,53441,2,,,1,15,,53461,2,,,1,15,,53402,2,,,1,55,,53422,2,,,1,15,,53442,2,,,1,15,,53462,2,,,1,15,,53403,2,,,1,55,,53423,2,,,1,15,,53443,2,,,1,15,,53463,2,,,1,15,,53404,2,,,1,55,,53424,2,,,1
1,'20270102',636,,53520,2,,,1,15,,53464,2,,,1,55,,53483,2,,,1,15,,53502,2,,,1,15,,53521,2,,,1,15,,53465,2,,,1,55,,53484,2,,,1,15,,53503,2,,,1,15,,53522,2,,,1,15,,53466,2,,,1,55,,53485,2,,,1,15,,53504,2,,,1,15,,53523,2,,,1,15,,53467,2,,,1,55,,53486,2,,,1,15,,53505,2,,,1,15,,53524,2,,,1,15,,53468,2,,,1,55,,53487,2,,,1,15,,53506,2,,,1,15,,53525,2,,,1,15,,53469,2,,,1,55,,53488,2,,,1,15,,53507,2,,,1,15,,53526,2,,,1,15,,53470,2,,,1,55,,53489,2,,,1,15,,53508,2,,,1,15,,53527,2,,,1,15,,53471,2,,,1,55,,53490,2,,,1,15,,53509,2,,,1,15,,53528,2,,,1,15,,53472,2,,,1,55,,53491,2,,,1,15,,53510,2,,,1,15,,53529,2,,,1,15,,53473,2,,,1,55,,53492,2,,,1,15,,53511,2,,,1,15,,53530,2,,,1,15,,53474,2,,,1,55,,53493,2,,,1,15,,53512,2,,,1,15,,53531,2,,,1,15,,53475,2,,,1,55,,53494,2,,,1,15,,53513,2,,,1,15,,53532,2,,,1,15,,53476,2,,,1,55,,53495,2,,,1,15,,53514,2,,,1,15,,53533,2,,,1,15,,53477,2,,,1,55,,53496,2,,,1,15,,53515,2,,,1,15,,53534,2,,,1,15,,53478,2,,,1,55,,53497,2,,,1,15,,53516,2,,,1,15,,53535,2,,,1,15,,53479,2,,,1,55,,53498,2,,,1,15,,53517,2,,,1,15,,53536,2,,,1,15,,53480,2,,,1,55,,53499,2,,,1,15,,53518,2,,,1,15,,53537,2,,,1,15,,53481,2,,,1,55,,53500,2,,,1,15,,53519,2,,,1,15,,53538,2,,,1,15,,53482,2,,,1,55,,53501,2,,,1
1,'20270103',636,,53595,2,,,1,15,,53539,2,,,1,55,,53558,2,,,1,15,,53577,2,,,1,15,,53596,2,,,1,15,,53540,2,,,1,55,,53559,2,,,1,15,,53578,2,,,1,15,,53597,2,,,1,15,,53541,2,,,1,55,,53560,2,,,1,15,,53579,2,,,1,15,,53598,2,,,1,15,,53542,2,,,1,55,,53561,2,,,1,15,,53580,2,,,1,15,,53599,2,,,1,15,,53543,2,,,1,55,,53562,2,,,1,15,,53581,2,,,1,15,,53600,2,,,1,15,,53544,2,,,1,55,,53563,2,,,1,15,,53582,2,,,1,15,,53601,2,,,1,15,,53545,2,,,1,55,,53564,2,,,1,15,,53583,2,,,1,15,,53602,2,,,1,15,,53546,2,,,1,55,,53565,2,,,1,15,,53584,2,,,1,15,,53603,2,,,1,15,,53547,2,,,1,55,,53566,2,,,1,15,,53585,2,,,1,15,,53604,2,,,1,15,,53548,2,,,1,55,,53567,2,,,1,15,,53586,2,,,1,15,,53605,2,,,1,15,,53549,2,,,1,55,,53568,2,,,1,15,,53587,2,,,1,15,,53606,2,,,1,15,,53550,2,,,1,55,,53569,2,,,1,15,,53588,2,,,1,15,,53607,2,,,1,15,,53551,2,,,1,55,,53570,2,,,1,15,,53589,2,,,1,15,,53608,2,,,1,15,,53552,2,,,1,55,,53571,2,,,1,15,,53590,2,,,1,15,,53609,2,,,1,15,,53553,2,,,1,55,,53572,2,,,1,15,,53591,2,,,1,15,,53610,2,,,1,15,,53554,2,,,1,55,,53573,2,,,1,15,,53592,2,,,1,15,,53611,2,,,1,15,,53555,2,,,1,55,,53574,2,,,1,15,,53593,2,,,1,15,,53612,2,,,1,15,,53556,2,,,1,55,,53575,2,,,1,15,,53594,2,,,1,15,,53613,2,,,1,15,,53557,2,,,1,55,,53576,2,,,1
