0,'20260914',501,,68248,2,,,1,15,,68188,2,,,1,23,,68228,2,,,1,15,,68249,2,,,1,55,,68189,2,,,1,15,,68209,2,,,1,15,,68229,2,,,1,15,,68250,2,,,1,55,,68190,2,,,1,15,,68210,2,,,1,15,,68230,2,,,1,15,,68251,2,,,1,55,,68191,2,,,1,15,,68211,2,,,1,15,,68231,2,,,1,15,,68252,2,,,1,55,,68192,2,,,1,15,,68212,2,,,1,15,,68232,2,,,1,15,,68253,2,,,1,55,,68193,2,,,1,15,,68213,2,,,1,15,,68233,2,,,1,15,,68254,2,,,1,55,,68194,2,,,1,15,,68214,2,,,1,15,,68234,2,,,1,15,,68255,2,,,1,55,,68195,2,,,1,15,,68215,2,,,1,15,,68235,2,,,1,15,,68256,2,,,1,55,,68196,2,,,1,15,,68216,2,,,1,15,,68236,2,,,1,15,,68257,2,,,1,55,,68197,2,,,1,15,,68217,2,,,1,15,,68237,2,,,1,15,,68258,2,,,1,55,,68198,2,,,1,15,,68218,2,,,1,15,,68238,2,,,1,15,,68259,2,,,1,55,,68199,2,,,1,15,,68219,2,,,1,15,,68239,2,,,1,15,,68260,2,,,1,55,,68200,2,,,1,15,,68220,2,,,1,15,,68240,2,,,1,15,,68261,2,,,1,55,,68201,2,,,1,15,,68221,2,,,1,15,,68241,2,,,1,15,,68262,2,,,1,55,,68202,2,,,1,15,,68222,2,,,1,15,,68242,2,,,1,15,,68263,2,,,1,55,,68203,2,,,1,15,,68223,2,,,1,15,,68243,2,,,1,15,,68264,2,,,1,55,,68204,2,,,1,15,,68224,2,,,1,15,,68244,2,,,1,15,,68265,2,,,1,55,,68205,2,,,1,15,,68225,2,,,1,15,,68245,2,,,1,15,,68266,2,,,1,55,,68206,2,,,1,15,,68226,2,,,1,15,,68246,2,,,1,15,,68267,2,,,1,55,,68207,2,,,1,15,,68227,2,,,1,15,,68247,2,,,1,15,,68268,2,,,1,55,,68208,2,,,1
0,'20260915',501,,68329,2,,,1,15,,68269,2,,,1,23,,68309,2,,,1,15,,68330,2,,,1,55,,68270,2,,,1,15,,68290,2,,,1,15,,68310,2,,,1,15,,68331,2,,,1,55,,68271,2,,,1,15,,68291,2,,,1,15,,68311,2,,,1,15,,68332,2,,,1,55,,68272,2,,,1,15,,68292,2,,,1,15,,68312,2,,,1,15,,68333,2,,,1,55,,68273,2,,,1,15,,68293,2,,,1,15,,68313,2,,,1,15,,68334,2,,,1,55,,68274,2,,,1,15,,68294,2,,,1,15,,68314,2,,,1,15,,68335,2,,,1,55,,68275,2,,,1,15,,68295,2,,,1,15,,68315,2,,,1,15,,68336,2,,,1,55,,68276,2,,,1,15,,68296,2,,,1,15,,68316,2,,,1,15,,68337,2,,,1,55,,68277,2,,,1,15,,68297,2,,,1,15,,68317,2,,,1,15,,68338,2,,,1,55,,68278,2,,,1,15,,68298,2,,,1,15,,68318,2,,,1,15,,68339,2,,,1,55,,68279,2,,,1,15,,68299,2,,,1,15,,68319,2,,,1,15,,68340,2,,,1,55,,68280,2,,,1,15,,68300,2,,,1,15,,68320,2,,,1,15,,68341,2,,,1,55,,68281,2,,,1,15,,68301,2,,,1,15,,68321,2,,,1,15,,68342,2,,,1,55,,68282,2,,,1,15,,68302,2,,,1,15,,68322,2,,,1,15,,68343,2,,,1,55,,68283,2,,,1,15,,68303,2,,,1,15,,68323,2,,,1,15,,68344,2,,,1,55,,68284,2,,,1,15,,68304,2,,,1,15,,68324,2,,,1,15,,68345,2,,,1,55,,68285,2,,,1,15,,68305,2,,,1,15,,68325,2,,,1,15,,68346,2,,,1,55,,68286,2,,,1,15,,68306,2,,,1,15,,68326,2,,,1,15,,68347,2,,,1,55,,68287,2,,,1,15,,68307,2,,,1,15,,68327,2,,,1,15,,68348,2,,,1,55,,68288,2,,,1,15,,68308,2,,,1,15,,68328,2,,,1,15,,68349,2,,,1,55,,68289,2,,,1
0,'20260916',501,,68410,2,,,1,15,,68350,2,,,1,23,,68390,2,,,1,15,,68411,2,,,1,55,,68351,2,,,1,15,,68371,2,,,1,15,,68391,2,,,1,15,,68412,2,,,1,55,,68352,2,,,1,15,,68372,2,,,1,15,,68392,2,,,1,15,,68413,2,,,1,55,,68353,2,,,1,15,,68373,2,,,1,15,,68393,2,,,1,15,,68414,2,,,1,55,,68354,2,,,1,15,,68374,2,,,1,15,,68394,2,,,1,15,,68415,2,,,1,55,,68355,2,,,1,15,,68375,2,,,1,15,,68395,2,,,1,15,,68416,2,,,1,55,,68356,2,,,1,15,,68376,2,,,1,15,,68396,2,,,1,15,,68417,2,,,1,55,,68357,2,,,1,15,,68377,2,,,1,15,,68397,2,,,1,15,,68418,2,,,1,55,,68358,2,,,1,15,,68378,2,,,1,15,,68398,2,,,1,15,,68419,2,,,1,55,,68359,2,,,1,15,,68379,2,,,1,15,,68399,2,,,1,15,,68420,2,,,1,55,,68360,2,,,1,15,,68380,2,,,1,15,,68400,2,,,1,15,,68421,2,,,1,55,,68361,2,,,1,15,,68381,2,,,1,15,,68401,2,,,1,15,,68422,2,,,1,55,,68362,2,,,1,15,,68382,2,,,1,15,,68402,2,,,1,15,,68423,2,,,1,55,,68363,2,,,1,15,,68383,2,,,1,15,,68403,2,,,1,15,,68424,2,,,1,55,,68364,2,,,1,15,,68384,2,,,1,15,,68404,2,,,1,15,,68425,2,,,1,55,,68365,2,,,1,15,,68385,2,,,1,15,,68405,2,,,1,15,,68426,2,,,1,55,,68366,2,,,1,15,,68386,2,,,1,15,,68406,2,,,1,15,,68427,2,,,1,55,,68367,2,,,1,15,,68387,2,,,1,15,,68407,2,,,1,15,,68428,2,,,1,55,,68368,2,,,1,15,,68388,2,,,1,15,,68408,2,,,1,15,,68429,2,,,1,55,,68369,2,,,1,15,,68389,2,,,1,15,,68409,2,,,1,15,,68430,2,,,1,55,,68370,2,,,1
0,'20260917',501,,68491,2,,,1,15,,68431,2,,,1,23,,68471,2,,,1,15,,68492,2,,,1,55,,68432,2,,,1,15,,68452,2,,,1,15,,68472,2,,,1,15,,68493,2,,,1,55,,68433,2,,,1,15,,68453,2,,,1,15,,68473,2,,,1,15,,68494,2,,,1,55,,68434,2,,,1,15,,68454,2,,,1,15,,68474,2,,,1,15,,68495,2,,,1,55,,68435,2,,,1,15,,68455,2,,,1,15,,68475,2,,,1,15,,68496,2,,,1,55,,68436,2,,,1,15,,68456,2,,,1,15,,68476,2,,,1,15,,68497,2,,,1,55,,68437,2,,,1,15,,68457,2,,,1,15,,68477,2,,,1,15,,68498,2,,,1,55,,68438,2,,,1,15,,68458,2,,,1,15,,68478,2,,,1,15,,68499,2,,,1,55,,68439,2,,,1,15,,68459,2,,,1,15,,68479,2,,,1,15,,68500,2,,,1,55,,68440,2,,,1,15,,68460,2,,,1,15,,68480,2,,,1,15,,68501,2,,,1,55,,68441,2,,,1,15,,68461,2,,,1,15,,68481,2,,,1,15,,68502,2,,,1,55,,68442,2,,,1,15,,68462,2,,,1,15,,68482,2,,,1,15,,68503,2,,,1,55,,68443,2,,,1,15,,68463,2,,,1,15,,68483,2,,,1,15,,68504,2,,,1,55,,68444,2,,,1,15,,68464,2,,,1,15,,68484,2,,,1,15,,68505,2,,,1,55,,68445,2,,,1,15,,68465,2,,,1,15,,68485,2,,,1,15,,68506,2,,,1,55,,68446,2,,,1,15,,68466,2,,,1,15,,68486,2,,,1,15,,68507,2,,,1,55,,68447,2,,,1,15,,68467,2,,,1,15,,68487,2,,,1,15,,68508,2,,,1,55,,68448,2,,,1,15,,68468,2,,,1,15,,68488,2,,,1,15,,68509,2,,,1,55,,68449,2,,,1,15,,68469,2,,,1,15,,68489,2,,,1,15,,68510,2,,,1,55,,68450,2,,,1,15,,68470,2,,,1,15,,68490,2,,,1,15,,68511,2,,,1,55,,68451,2,,,1
0,'20260918',503,,68572,2,,,1,15,,68512,2,,,1,20,,68552,2,,,1,15,,68573,2,,,1,55,,68513,2,,,1,15,,68533,2,,,1,15,,68553,2,,,1,15,,68574,2,,,1,55,,68514,2,,,1,15,,68534,2,,,1,15,,68554,2,,,1,15,,68575,2,,,1,55,,68515,2,,,1,15,,68535,2,,,1,15,,68555,2,,,1,15,,68576,2,,,1,55,,68516,2,,,1,15,,68536,2,,,1,15,,68556,2,,,1,15,,68577,2,,,1,55,,68517,2,,,1,15,,68537,2,,,1,15,,68557,2,,,1,15,,68578,2,,,1,55,,68518,2,,,1,15,,68538,2,,,1,15,,68558,2,,,1,15,,68579,2,,,1,55,,68519,2,,,1,15,,68539,2,,,1,15,,68559,2,,,1,15,,68580,2,,,1,55,,68520,2,,,1,15,,68540,2,,,1,15,,68560,2,,,1,15,,68581,2,,,1,55,,68521,2,,,1,15,,68541,2,,,1,15,,68561,2,,,1,15,,68582,2,,,1,55,,68522,2,,,1,15,,68542,2,,,1,15,,68562,2,,,1,15,,68583,2,,,1,55,,68523,2,,,1,15,,68543,2,,,1,15,,68563,2,,,1,15,,68584,2,,,1,55,,68524,2,,,1,15,,68544,2,,,1,15,,68564,2,,,1,15,,68585,2,,,1,55,,68525,2,,,1,15,,68545,2,,,1,15,,68565,2,,,1,15,,68586,2,,,1,55,,68526,2,,,1,15,,68546,2,,,1,15,,68566,2,,,1,15,,68587,2,,,1,55,,68527,2,,,1,15,,68547,2,,,1,15,,68567,2,,,1,15,,68588,2,,,1,55,,68528,2,,,1,15,,68548,2,,,1,15,,68568,2,,,1,15,,68589,2,,,1,55,,68529,2,,,1,15,,68549,2,,,1,15,,68569,2,,,1,15,,68590,2,,,1,55,,68530,2,,,1,15,,68550,2,,,1,15,,68570,2,,,1,15,,68591,2,,,1,55,,68531,2,,,1,15,,68551,2,,,1,15,,68571,2,,,1,15,,68592,2,,,1,55,,68532,2,,,1
0,'20260919',608,,68593,2,,,1,15,,68613,2,,,1,15,,68632,2,,,1,15,,68651,2,,,1,55,,68594,2,,,1,15,,68614,2,,,1,15,,68633,2,,,1,15,,68652,2,,,1,55,,68595,2,,,1,15,,68615,2,,,1,15,,68634,2,,,1,15,,68653,2,,,1,55,,68596,2,,,1,15,,68616,2,,,1,15,,68635,2,,,1,15,,68654,2,,,1,55,,68597,2,,,1,15,,68617,2,,,1,15,,68636,2,,,1,15,,68655,2,,,1,55,,68598,2,,,1,15,,68618,2,,,1,15,,68637,2,,,1,15,,68656,2,,,1,55,,68599,2,,,1,15,,68619,2,,,1,15,,68638,2,,,1,15,,68657,2,,,1,55,,68600,2,,,1,15,,68620,2,,,1,15,,68639,2,,,1,15,,68658,2,,,1,55,,68601,2,,,1,15,,68621,2,,,1,15,,68640,2,,,1,15,,68659,2,,,1,55,,68602,2,,,1,15,,68622,2,,,1,15,,68641,2,,,1,15,,68660,2,,,1,55,,68603,2,,,1,15,,68623,2,,,1,15,,68642,2,,,1,15,,68661,2,,,1,55,,68604,2,,,1,15,,68624,2,,,1,15,,68643,2,,,1,15,,68662,2,,,1,55,,68605,2,,,1,15,,68625,2,,,1,15,,68644,2,,,1,15,,68663,2,,,1,55,,68606,2,,,1,15,,68626,2,,,1,15,,68645,2,,,1,15,,68664,2,,,1,55,,68607,2,,,1,15,,68627,2,,,1,15,,68646,2,,,1,15,,68665,2,,,1,55,,68608,2,,,1,15,,68628,2,,,1,15,,68647,2,,,1,15,,68666,2,,,1,55,,68609,2,,,1,15,,68629,2,,,1,15,,68648,2,,,1,15,,68667,2,,,1,55,,68610,2,,,1,15,,68630,2,,,1,15,,68649,2,,,1,15,,68668,2,,,1,55,,68611,2,,,1,15,,68631,2,,,1,15,,68650,2,,,1,15,,68669,2,,,1,55,,68612,2,,,1
0,'20260920',608,,68670,2,,,1,15,,68690,2,,,1,15,,68709,2,,,1,15,,68728,2,,,1,55,,68671,2,,,1,15,,68691,2,,,1,15,,68710,2,,,1,15,,68729,2,,,1,55,,68672,2,,,1,15,,68692,2,,,1,15,,68711,2,,,1,15,,68730,2,,,1,55,,68673,2,,,1,15,,68693,2,,,1,15,,68712,2,,,1,15,,68731,2,,,1,55,,68674,2,,,1,15,,68694,2,,,1,15,,68713,2,,,1,15,,68732,2,,,1,55,,68675,2,,,1,15,,68695,2,,,1,15,,68714,2,,,1,15,,68733,2,,,1,55,,68676,2,,,1,15,,68696,2,,,1,15,,68715,2,,,1,15,,68734,2,,,1,55,,68677,2,,,1,15,,68697,2,,,1,15,,68716,2,,,1,15,,68735,2,,,1,55,,68678,2,,,1,15,,68698,2,,,1,15,,68717,2,,,1,15,,68736,2,,,1,55,,68679,2,,,1,15,,68699,2,,,1,15,,68718,2,,,1,15,,68737,2,,,1,55,,68680,2,,,1,15,,68700,2,,,1,15,,68719,2,,,1,15,,68738,2,,,1,55,,68681,2,,,1,15,,68701,2,,,1,15,,68720,2,,,1,15,,68739,2,,,1,55,,68682,2,,,1,15,,68702,2,,,1,15,,68721,2,,,1,15,,68740,2,,,1,55,,68683,2,,,1,15,,68703,2,,,1,15,,68722,2,,,1,15,,68741,2,,,1,55,,68684,2,,,1,15,,68704,2,,,1,15,,68723,2,,,1,15,,68742,2,,,1,55,,68685,2,,,1,15,,68705,2,,,1,15,,68724,2,,,1,15,,68743,2,,,1,55,,68686,2,,,1,15,,68706,2,,,1,15,,68725,2,,,1,15,,68744,2,,,1,55,,68687,2,,,1,15,,68707,2,,,1,15,,68726,2,,,1,15,,68745,2,,,1,55,,68688,2,,,1,15,,68708,2,,,1,15,,68727,2,,,1,15,,68746,2,,,1,55,,68689,2,,,1
0,'20260921',503,,68807,2,,,1,15,,68747,2,,,1,20,,68787,2,,,1,15,,68808,2,,,1,55,,68748,2,,,1,15,,68768,2,,,1,15,,68788,2,,,1,15,,68809,2,,,1,55,,68749,2,,,1,15,,68769,2,,,1,15,,68789,2,,,1,15,,68810,2,,,1,55,,68750,2,,,1,15,,68770,2,,,1,15,,68790,2,,,1,15,,68811,2,,,1,55,,68751,2,,,1,15,,68771,2,,,1,15,,68791,2,,,1,15,,68812,2,,,1,55,,68752,2,,,1,15,,68772,2,,,1,15,,68792,2,,,1,15,,68813,2,,,1,55,,68753,2,,,1,15,,68773,2,,,1,15,,68793,2,,,1,15,,68814,2,,,1,55,,68754,2,,,1,15,,68774,2,,,1,15,,68794,2,,,1,15,,68815,2,,,1,55,,68755,2,,,1,15,,68775,2,,,1,15,,68795,2,,,1,15,,68816,2,,,1,55,,68756,2,,,1,15,,68776,2,,,1,15,,68796,2,,,1,15,,68817,2,,,1,55,,68757,2,,,1,15,,68777,2,,,1,15,,68797,2,,,1,15,,68818,2,,,1,55,,68758,2,,,1,15,,68778,2,,,1,15,,68798,2,,,1,15,,68819,2,,,1,55,,68759,2,,,1,15,,68779,2,,,1,15,,68799,2,,,1,15,,68820,2,,,1,55,,68760,2,,,1,15,,68780,2,,,1,15,,68800,2,,,1,15,,68821,2,,,1,55,,68761,2,,,1,15,,68781,2,,,1,15,,68801,2,,,1,15,,68822,2,,,1,55,,68762,2,,,1,15,,68782,2,,,1,15,,68802,2,,,1,15,,68823,2,,,1,55,,68763,2,,,1,15,,68783,2,,,1,15,,68803,2,,,1,15,,68824,2,,,1,55,,68764,2,,,1,15,,68784,2,,,1,15,,68804,2,,,1,15,,68825,2,,,1,55,,68765,2,,,1,15,,68785,2,,,1,15,,68805,2,,,1,15,,68826,2,,,1,55,,68766,2,,,1,15,,68786,2,,,1,15,,68806,2,,,1,15,,68827,2,,,1,55,,68767,2,,,1
0,'20260922',503,,68888,2,,,1,15,,68828,2,,,1,20,,68868,2,,,1,15,,68889,2,,,1,55,,68829,2,,,1,15,,68849,2,,,1,15,,68869,2,,,1,15,,68890,2,,,1,55,,68830,2,,,1,15,,68850,2,,,1,15,,68870,2,,,1,15,,68891,2,,,1,55,,68831,2,,,1,15,,68851,2,,,1,15,,68871,2,,,1,15,,68892,2,,,1,55,,68832,2,,,1,15,,68852,2,,,1,15,,68872,2,,,1,15,,68893,2,,,1,55,,68833,2,,,1,15,,68853,2,,,1,15,,68873,2,,,1,15,,68894,2,,,1,55,,68834,2,,,1,15,,68854,2,,,1,15,,68874,2,,,1,15,,68895,2,,,1,55,,68835,2,,,1,15,,68855,2,,,1,15,,68875,2,,,1,15,,68896,2,,,1,55,,68836,2,,,1,15,,68856,2,,,1,15,,68876,2,,,1,15,,68897,2,,,1,55,,68837,2,,,1,15,,68857,2,,,1,15,,68877,2,,,1,15,,68898,2,,,1,55,,68838,2,,,1,15,,68858,2,,,1,15,,68878,2,,,1,15,,68899,2,,,1,55,,68839,2,,,1,15,,68859,2,,,1,15,,68879,2,,,1,15,,68900,2,,,1,55,,68840,2,,,1,15,,68860,2,,,1,15,,68880,2,,,1,15,,68901,2,,,1,55,,68841,2,,,1,15,,68861,2,,,1,15,,68881,2,,,1,15,,68902,2,,,1,55,,68842,2,,,1,15,,68862,2,,,1,15,,68882,2,,,1,15,,68903,2,,,1,55,,68843,2,,,1,15,,68863,2,,,1,15,,68883,2,,,1,15,,68904,2,,,1,55,,68844,2,,,1,15,,68864,2,,,1,15,,68884,2,,,1,15,,68905,2,,,1,55,,68845,2,,,1,15,,68865,2,,,1,15,,68885,2,,,1,15,,68906,2,,,1,55,,68846,2,,,1,15,,68866,2,,,1,15,,68886,2,,,1,15,,68907,2,,,1,55,,68847,2,,,1,15,,68867,2,,,1,15,,68887,2,,,1,15,,68908,2,,,1,55,,68848,2,,,1
0,'20260923',503,,68969,2,,,1,15,,68909,2,,,1,20,,68949,2,,,1,15,,68970,2,,,1,55,,68910,2,,,1,15,,68930,2,,,1,15,,68950,2,,,1,15,,68971,2,,,1,55,,68911,2,,,1,15,,68931,2,,,1,15,,68951,2,,,1,15,,68972,2,,,1,55,,68912,2,,,1,15,,68932,2,,,1,15,,68952,2,,,1,15,,68973,2,,,1,55,,68913,2,,,1,15,,68933,2,,,1,15,,68953,2,,,1,15,,68974,2,,,1,55,,68914,2,,,1,15,,68934,2,,,1,15,,68954,2,,,1,15,,68975,2,,,1,55,,68915,2,,,1,15,,68935,2,,,1,15,,68955,2,,,1,15,,68976,2,,,1,55,,68916,2,,,1,15,,68936,2,,,1,15,,68956,2,,,1,15,,68977,2,,,1,55,,68917,2,,,1,15,,68937,2,,,1,15,,68957,2,,,1,15,,68978,2,,,1,55,,68918,2,,,1,15,,68938,2,,,1,15,,68958,2,,,1,15,,68979,2,,,1,55,,68919,2,,,1,15,,68939,2,,,1,15,,68959,2,,,1,15,,68980,2,,,1,55,,68920,2,,,1,15,,68940,2,,,1,15,,68960,2,,,1,15,,68981,2,,,1,55,,68921,2,,,1,15,,68941,2,,,1,15,,68961,2,,,1,15,,68982,2,,,1,55,,68922,2,,,1,15,,68942,2,,,1,15,,68962,2,,,1,15,,68983,2,,,1,55,,68923,2,,,1,15,,68943,2,,,1,15,,68963,2,,,1,15,,68984,2,,,1,55,,68924,2,,,1,15,,68944,2,,,1,15,,68964,2,,,1,15,,68985,2,,,1,55,,68925,2,,,1,15,,68945,2,,,1,15,,68965,2,,,1,15,,68986,2,,,1,55,,68926,2,,,1,15,,68946,2,,,1,15,,68966,2,,,1,15,,68987,2,,,1,55,,68927,2,,,1,15,,68947,2,,,1,15,,68967,2,,,1,15,,68988,2,,,1,55,,68928,2,,,1,15,,68948,2,,,1,15,,68968,2,,,1,15,,68989,2,,,1,55,,68929,2,,,1
0,'20260924',503,,69050,2,,,1,15,,68990,2,,,1,20,,69030,2,,,1,15,,69051,2,,,1,55,,68991,2,,,1,15,,69011,2,,,1,15,,69031,2,,,1,15,,69052,2,,,1,55,,68992,2,,,1,15,,69012,2,,,1,15,,69032,2,,,1,15,,69053,2,,,1,55,,68993,2,,,1,15,,69013,2,,,1,15,,69033,2,,,1,15,,69054,2,,,1,55,,68994,2,,,1,15,,69014,2,,,1,15,,69034,2,,,1,15,,69055,2,,,1,55,,68995,2,,,1,15,,69015,2,,,1,15,,69035,2,,,1,15,,69056,2,,,1,55,,68996,2,,,1,15,,69016,2,,,1,15,,69036,2,,,1,15,,69057,2,,,1,55,,68997,2,,,1,15,,69017,2,,,1,15,,69037,2,,,1,15,,69058,2,,,1,55,,68998,2,,,1,15,,69018,2,,,1,15,,69038,2,,,1,15,,69059,2,,,1,55,,68999,2,,,1,15,,69019,2,,,1,15,,69039,2,,,1,15,,69060,2,,,1,55,,69000,2,,,1,15,,69020,2,,,1,15,,69040,2,,,1,15,,69061,2,,,1,55,,69001,2,,,1,15,,69021,2,,,1,15,,69041,2,,,1,15,,69062,2,,,1,55,,69002,2,,,1,15,,69022,2,,,1,15,,69042,2,,,1,15,,69063,2,,,1,55,,69003,2,,,1,15,,69023,2,,,1,15,,69043,2,,,1,15,,69064,2,,,1,55,,69004,2,,,1,15,,69024,2,,,1,15,,69044,2,,,1,15,,69065,2,,,1,55,,69005,2,,,1,15,,69025,2,,,1,15,,69045,2,,,1,15,,69066,2,,,1,55,,69006,2,,,1,15,,69026,2,,,1,15,,69046,2,,,1,15,,69067,2,,,1,55,,69007,2,,,1,15,,69027,2,,,1,15,,69047,2,,,1,15,,69068,2,,,1,55,,69008,2,,,1,15,,69028,2,,,1,15,,69048,2,,,1,15,,69069,2,,,1,55,,69009,2,,,1,15,,69029,2,,,1,15,,69049,2,,,1,15,,69070,2,,,1,55,,69010,2,,,1
0,'20260925',503,,69131,2,,,1,15,,69071,2,,,1,20,,69111,2,,,1,15,,69132,2,,,1,55,,69072,2,,,1,15,,69092,2,,,1,15,,69112,2,,,1,15,,69133,2,,,1,55,,69073,2,,,1,15,,69093,2,,,1,15,,69113,2,,,1,15,,69134,2,,,1,55,,69074,2,,,1,15,,69094,2,,,1,15,,69114,2,,,1,15,,69135,2,,,1,55,,69075,2,,,1,15,,69095,2,,,1,15,,69115,2,,,1,15,,69136,2,,,1,55,,69076,2,,,1,15,,69096,2,,,1,15,,69116,2,,,1,15,,69137,2,,,1,55,,69077,2,,,1,15,,69097,2,,,1,15,,69117,2,,,1,15,,69138,2,,,1,55,,69078,2,,,1,15,,69098,2,,,1,15,,69118,2,,,1,15,,69139,2,,,1,55,,69079,2,,,1,15,,69099,2,,,1,15,,69119,2,,,1,15,,69140,2,,,1,55,,69080,2,,,1,15,,69100,2,,,1,15,,69120,2,,,1,15,,69141,2,,,1,55,,69081,2,,,1,15,,69101,2,,,1,15,,69121,2,,,1,15,,69142,2,,,1,55,,69082,2,,,1,15,,69102,2,,,1,15,,69122,2,,,1,15,,69143,2,,,1,55,,69083,2,,,1,15,,69103,2,,,1,15,,69123,2,,,1,15,,69144,2,,,1,55,,69084,2,,,1,15,,69104,2,,,1,15,,69124,2,,,1,15,,69145,2,,,1,55,,69085,2,,,1,15,,69105,2,,,1,15,,69125,2,,,1,15,,69146,2,,,1,55,,69086,2,,,1,15,,69106,2,,,1,15,,69126,2,,,1,15,,69147,2,,,1,55,,69087,2,,,1,15,,69107,2,,,1,15,,69127,2,,,1,15,,69148,2,,,1,55,,69088,2,,,1,15,,69108,2,,,1,15,,69128,2,,,1,15,,69149,2,,,1,55,,69089,2,,,1,15,,69109,2,,,1,15,,69129,2,,,1,15,,69150,2,,,1,55,,69090,2,,,1,15,,69110,2,,,1,15,,69130,2,,,1,15,,69151,2,,,1,55,,69091,2,,,1
0,'20260926',608,,69152,2,,,1,15,,69172,2,,,1,15,,69191,2,,,1,15,,69210,2,,,1,55,,69153,2,,,1,15,,69173,2,,,1,15,,69192,2,,,1,15,,69211,2,,,1,55,,69154,2,,,1,15,,69174,2,,,1,15,,69193,2,,,1,15,,69212,2,,,1,55,,69155,2,,,1,15,,69175,2,,,1,15,,69194,2,,,1,15,,69213,2,,,1,55,,69156,2,,,1,15,,69176,2,,,1,15,,69195,2,,,1,15,,69214,2,,,1,55,,69157,2,,,1,15,,69177,2,,,1,15,,69196,2,,,1,15,,69215,2,,,1,55,,69158,2,,,1,15,,69178,2,,,1,15,,69197,2,,,1,15,,69216,2,,,1,55,,69159,2,,,1,15,,69179,2,,,1,15,,69198,2,,,1,15,,69217,2,,,1,55,,69160,2,,,1,15,,69180,2,,,1,15,,69199,2,,,1,15,,69218,2,,,1,55,,69161,2,,,1,15,,69181,2,,,1,15,,69200,2,,,1,15,,69219,2,,,1,55,,69162,2,,,1,15,,69182,2,,,1,15,,69201,2,,,1,15,,69220,2,,,1,55,,69163,2,,,1,15,,69183,2,,,1,15,,69202,2,,,1,15,,69221,2,,,1,55,,69164,2,,,1,15,,69184,2,,,1,15,,69203,2,,,1,15,,69222,2,,,1,55,,69165,2,,,1,15,,69185,2,,,1,15,,69204,2,,,1,15,,69223,2,,,1,55,,69166,2,,,1,15,,69186,2,,,1,15,,69205,2,,,1,15,,69224,2,,,1,55,,69167,2,,,1,15,,69187,2,,,1,15,,69206,2,,,1,15,,69225,2,,,1,55,,69168,2,,,1,15,,69188,2,,,1,15,,69207,2,,,1,15,,69226,2,,,1,55,,69169,2,,,1,15,,69189,2,,,1,15,,69208,2,,,1,15,,69227,2,,,1,55,,69170,2,,,1,15,,69190,2,,,1,15,,69209,2,,,1,15,,69228,2,,,1,55,,69171,2,,,1
0,'20260927',608,,69229,2,,,1,15,,69249,2,,,1,15,,69268,2,,,1,15,,69287,2,,,1,55,,69230,2,,,1,15,,69250,2,,,1,15,,69269,2,,,1,15,,69288,2,,,1,55,,69231,2,,,1,15,,69251,2,,,1,15,,69270,2,,,1,15,,69289,2,,,1,55,,69232,2,,,1,15,,69252,2,,,1,15,,69271,2,,,1,15,,69290,2,,,1,55,,69233,2,,,1,15,,69253,2,,,1,15,,69272,2,,,1,15,,69291,2,,,1,55,,69234,2,,,1,15,,69254,2,,,1,15,,69273,2,,,1,15,,69292,2,,,1,55,,69235,2,,,1,15,,69255,2,,,1,15,,69274,2,,,1,15,,69293,2,,,1,55,,69236,2,,,1,15,,69256,2,,,1,15,,69275,2,,,1,15,,69294,2,,,1,55,,69237,2,,,1,15,,69257,2,,,1,15,,69276,2,,,1,15,,69295,2,,,1,55,,69238,2,,,1,15,,69258,2,,,1,15,,69277,2,,,1,15,,69296,2,,,1,55,,69239,2,,,1,15,,69259,2,,,1,15,,69278,2,,,1,15,,69297,2,,,1,55,,69240,2,,,1,15,,69260,2,,,1,15,,69279,2,,,1,15,,69298,2,,,1,55,,69241,2,,,1,15,,69261,2,,,1,15,,69280,2,,,1,15,,69299,2,,,1,55,,69242,2,,,1,15,,69262,2,,,1,15,,69281,2,,,1,15,,69300,2,,,1,55,,69243,2,,,1,15,,69263,2,,,1,15,,69282,2,,,1,15,,69301,2,,,1,55,,69244,2,,,1,15,,69264,2,,,1,15,,69283,2,,,1,15,,69302,2,,,1,55,,69245,2,,,1,15,,69265,2,,,1,15,,69284,2,,,1,15,,69303,2,,,1,55,,69246,2,,,1,15,,69266,2,,,1,15,,69285,2,,,1,15,,69304,2,,,1,55,,69247,2,,,1,15,,69267,2,,,1,15,,69286,2,,,1,15,,69305,2,,,1,55,,69248,2,,,1
0,'20260928',503,,69366,2,,,1,15,,69306,2,,,1,20,,69346,2,,,1,15,,69367,2,,,1,55,,69307,2,,,1,15,,69327,2,,,1,15,,69347,2,,,1,15,,69368,2,,,1,55,,69308,2,,,1,15,,69328,2,,,1,15,,69348,2,,,1,15,,69369,2,,,1,55,,69309,2,,,1,15,,69329,2,,,1,15,,69349,2,,,1,15,,69370,2,,,1,55,,69310,2,,,1,15,,69330,2,,,1,15,,69350,2,,,1,15,,69371,2,,,1,55,,69311,2,,,1,15,,69331,2,,,1,15,,69351,2,,,1,15,,69372,2,,,1,55,,69312,2,,,1,15,,69332,2,,,1,15,,69352,2,,,1,15,,69373,2,,,1,55,,69313,2,,,1,15,,69333,2,,,1,15,,69353,2,,,1,15,,69374,2,,,1,55,,69314,2,,,1,15,,69334,2,,,1,15,,69354,2,,,1,15,,69375,2,,,1,55,,69315,2,,,1,15,,69335,2,,,1,15,,69355,2,,,1,15,,69376,2,,,1,55,,69316,2,,,1,15,,69336,2,,,1,15,,69356,2,,,1,15,,69377,2,,,1,55,,69317,2,,,1,15,,69337,2,,,1,15,,69357,2,,,1,15,,69378,2,,,1,55,,69318,2,,,1,15,,69338,2,,,1,15,,69358,2,,,1,15,,69379,2,,,1,55,,69319,2,,,1,15,,69339,2,,,1,15,,69359,2,,,1,15,,69380,2,,,1,55,,69320,2,,,1,15,,69340,2,,,1,15,,69360,2,,,1,15,,69381,2,,,1,55,,69321,2,,,1,15,,69341,2,,,1,15,,69361,2,,,1,15,,69382,2,,,1,55,,69322,2,,,1,15,,69342,2,,,1,15,,69362,2,,,1,15,,69383,2,,,1,55,,69323,2,,,1,15,,69343,2,,,1,15,,69363,2,,,1,15,,69384,2,,,1,55,,69324,2,,,1,15,,69344,2,,,1,15,,69364,2,,,1,15,,69385,2,,,1,55,,69325,2,,,1,15,,69345,2,,,1,15,,69365,2,,,1,15,,69386,2,,,1,55,,69326,2,,,1
0,'20260929',503,,69447,2,,,1,15,,69387,2,,,1,20,,69427,2,,,1,15,,69448,2,,,1,55,,69388,2,,,1,15,,69408,2,,,1,15,,69428,2,,,1,15,,69449,2,,,1,55,,69389,2,,,1,15,,69409,2,,,1,15,,69429,2,,,1,15,,69450,2,,,1,55,,69390,2,,,1,15,,69410,2,,,1,15,,69430,2,,,1,15,,69451,2,,,1,55,,69391,2,,,1,15,,69411,2,,,1,15,,69431,2,,,1,15,,69452,2,,,1,55,,69392,2,,,1,15,,69412,2,,,1,15,,69432,2,,,1,15,,69453,2,,,1,55,,69393,2,,,1,15,,69413,2,,,1,15,,69433,2,,,1,15,,69454,2,,,1,55,,69394,2,,,1,15,,69414,2,,,1,15,,69434,2,,,1,15,,69455,2,,,1,55,,69395,2,,,1,15,,69415,2,,,1,15,,69435,2,,,1,15,,69456,2,,,1,55,,69396,2,,,1,15,,69416,2,,,1,15,,69436,2,,,1,15,,69457,2,,,1,55,,69397,2,,,1,15,,69417,2,,,1,15,,69437,2,,,1,15,,69458,2,,,1,55,,69398,2,,,1,15,,69418,2,,,1,15,,69438,2,,,1,15,,69459,2,,,1,55,,69399,2,,,1,15,,69419,2,,,1,15,,69439,2,,,1,15,,69460,2,,,1,55,,69400,2,,,1,15,,69420,2,,,1,15,,69440,2,,,1,15,,69461,2,,,1,55,,69401,2,,,1,15,,69421,2,,,1,15,,69441,2,,,1,15,,69462,2,,,1,55,,69402,2,,,1,15,,69422,2,,,1,15,,69442,2,,,1,15,,69463,2,,,1,55,,69403,2,,,1,15,,69423,2,,,1,15,,69443,2,,,1,15,,69464,2,,,1,55,,69404,2,,,1,15,,69424,2,,,1,15,,69444,2,,,1,15,,69465,2,,,1,55,,69405,2,,,1,15,,69425,2,,,1,15,,69445,2,,,1,15,,69466,2,,,1,55,,69406,2,,,1,15,,69426,2,,,1,15,,69446,2,,,1,15,,69467,2,,,1,55,,69407,2,,,1
0,'20260930',503,,69528,2,,,1,15,,69468,2,,,1,20,,69508,2,,,1,15,,69529,2,,,1,55,,69469,2,,,1,15,,69489,2,,,1,15,,69509,2,,,1,15,,69530,2,,,1,55,,69470,2,,,1,15,,69490,2,,,1,15,,69510,2,,,1,15,,69531,2,,,1,55,,69471,2,,,1,15,,69491,2,,,1,15,,69511,2,,,1,15,,69532,2,,,1,55,,69472,2,,,1,15,,69492,2,,,1,15,,69512,2,,,1,15,,69533,2,,,1,55,,69473,2,,,1,15,,69493,2,,,1,15,,69513,2,,,1,15,,69534,2,,,1,55,,69474,2,,,1,15,,69494,2,,,1,15,,69514,2,,,1,15,,69535,2,,,1,55,,69475,2,,,1,15,,69495,2,,,1,15,,69515,2,,,1,15,,69536,2,,,1,55,,69476,2,,,1,15,,69496,2,,,1,15,,69516,2,,,1,15,,69537,2,,,1,55,,69477,2,,,1,15,,69497,2,,,1,15,,69517,2,,,1,15,,69538,2,,,1,55,,69478,2,,,1,15,,69498,2,,,1,15,,69518,2,,,1,15,,69539,2,,,1,55,,69479,2,,,1,15,,69499,2,,,1,15,,69519,2,,,1,15,,69540,2,,,1,55,,69480,2,,,1,15,,69500,2,,,1,15,,69520,2,,,1,15,,69541,2,,,1,55,,69481,2,,,1,15,,69501,2,,,1,15,,69521,2,,,1,15,,69542,2,,,1,55,,69482,2,,,1,15,,69502,2,,,1,15,,69522,2,,,1,15,,69543,2,,,1,55,,69483,2,,,1,15,,69503,2,,,1,15,,69523,2,,,1,15,,69544,2,,,1,55,,69484,2,,,1,15,,69504,2,,,1,15,,69524,2,,,1,15,,69545,2,,,1,55,,69485,2,,,1,15,,69505,2,,,1,15,,69525,2,,,1,15,,69546,2,,,1,55,,69486,2,,,1,15,,69506,2,,,1,15,,69526,2,,,1,15,,69547,2,,,1,55,,69487,2,,,1,15,,69507,2,,,1,15,,69527,2,,,1,15,,69548,2,,,1,55,,69488,2,,,1
0,'20261001',503,,69609,2,,,1,15,,69549,2,,,1,20,,69589,2,,,1,15,,69610,2,,,1,55,,69550,2,,,1,15,,69570,2,,,1,15,,69590,2,,,1,15,,69611,2,,,1,55,,69551,2,,,1,15,,69571,2,,,1,15,,69591,2,,,1,15,,69612,2,,,1,55,,69552,2,,,1,15,,69572,2,,,1,15,,69592,2,,,1,15,,69613,2,,,1,55,,69553,2,,,1,15,,69573,2,,,1,15,,69593,2,,,1,15,,69614,2,,,1,55,,69554,2,,,1,15,,69574,2,,,1,15,,69594,2,,,1,15,,69615,2,,,1,55,,69555,2,,,1,15,,69575,2,,,1,15,,69595,2,,,1,15,,69616,2,,,1,55,,69556,2,,,1,15,,69576,2,,,1,15,,69596,2,,,1,15,,69617,2,,,1,55,,69557,2,,,1,15,,69577,2,,,1,15,,69597,2,,,1,15,,69618,2,,,1,55,,69558,2,,,1,15,,69578,2,,,1,15,,69598,2,,,1,15,,69619,2,,,1,55,,69559,2,,,1,15,,69579,2,,,1,15,,69599,2,,,1,15,,69620,2,,,1,55,,69560,2,,,1,15,,69580,2,,,1,15,,69600,2,,,1,15,,69621,2,,,1,55,,69561,2,,,1,15,,69581,2,,,1,15,,69601,2,,,1,15,,69622,2,,,1,55,,69562,2,,,1,15,,69582,2,,,1,15,,69602,2,,,1,15,,69623,2,,,1,55,,69563,2,,,1,15,,69583,2,,,1,15,,69603,2,,,1,15,,69624,2,,,1,55,,69564,2,,,1,15,,69584,2,,,1,15,,69604,2,,,1,15,,69625,2,,,1,55,,69565,2,,,1,15,,69585,2,,,1,15,,69605,2,,,1,15,,69626,2,,,1,55,,69566,2,,,1,15,,69586,2,,,1,15,,69606,2,,,1,15,,69627,2,,,1,55,,69567,2,,,1,15,,69587,2,,,1,15,,69607,2,,,1,15,,69628,2,,,1,55,,69568,2,,,1,15,,69588,2,,,1,15,,69608,2,,,1,15,,69629,2,,,1,55,,69569,2,,,1
0,'20261002',503,,69690,2,,,1,15,,69630,2,,,1,20,,69670,2,,,1,15,,69691,2,,,1,55,,69631,2,,,1,15,,69651,2,,,1,15,,69671,2,,,1,15,,69692,2,,,1,55,,69632,2,,,1,15,,69652,2,,,1,15,,69672,2,,,1,15,,69693,2,,,1,55,,69633,2,,,1,15,,69653,2,,,1,15,,69673,2,,,1,15,,69694,2,,,1,55,,69634,2,,,1,15,,69654,2,,,1,15,,69674,2,,,1,15,,69695,2,,,1,55,,69635,2,,,1,15,,69655,2,,,1,15,,69675,2,,,1,15,,69696,2,,,1,55,,69636,2,,,1,15,,69656,2,,,1,15,,69676,2,,,1,15,,69697,2,,,1,55,,69637,2,,,1,15,,69657,2,,,1,15,,69677,2,,,1,15,,69698,2,,,1,55,,69638,2,,,1,15,,69658,2,,,1,15,,69678,2,,,1,15,,69699,2,,,1,55,,69639,2,,,1,15,,69659,2,,,1,15,,69679,2,,,1,15,,69700,2,,,1,55,,69640,2,,,1,15,,69660,2,,,1,15,,69680,2,,,1,15,,69701,2,,,1,55,,69641,2,,,1,15,,69661,2,,,1,15,,69681,2,,,1,15,,69702,2,,,1,55,,69642,2,,,1,15,,69662,2,,,1,15,,69682,2,,,1,15,,69703,2,,,1,55,,69643,2,,,1,15,,69663,2,,,1,15,,69683,2,,,1,15,,69704,2,,,1,55,,69644,2,,,1,15,,69664,2,,,1,15,,69684,2,,,1,15,,69705,2,,,1,55,,69645,2,,,1,15,,69665,2,,,1,15,,69685,2,,,1,15,,69706,2,,,1,55,,69646,2,,,1,15,,69666,2,,,1,15,,69686,2,,,1,15,,69707,2,,,1,55,,69647,2,,,1,15,,69667,2,,,1,15,,69687,2,,,1,15,,69708,2,,,1,55,,69648,2,,,1,15,,69668,2,,,1,15,,69688,2,,,1,15,,69709,2,,,1,55,,69649,2,,,1,15,,69669,2,,,1,15,,69689,2,,,1,15,,69710,2,,,1,55,,69650,2,,,1
0,'20261003',608,,69711,2,,,1,15,,69731,2,,,1,15,,69750,2,,,1,15,,69769,2,,,1,55,,69712,2,,,1,15,,69732,2,,,1,15,,69751,2,,,1,15,,69770,2,,,1,55,,69713,2,,,1,15,,69733,2,,,1,15,,69752,2,,,1,15,,69771,2,,,1,55,,69714,2,,,1,15,,69734,2,,,1,15,,69753,2,,,1,15,,69772,2,,,1,55,,69715,2,,,1,15,,69735,2,,,1,15,,69754,2,,,1,15,,69773,2,,,1,55,,69716,2,,,1,15,,69736,2,,,1,15,,69755,2,,,1,15,,69774,2,,,1,55,,69717,2,,,1,15,,69737,2,,,1,15,,69756,2,,,1,15,,69775,2,,,1,55,,69718,2,,,1,15,,69738,2,,,1,15,,69757,2,,,1,15,,69776,2,,,1,55,,69719,2,,,1,15,,69739,2,,,1,15,,69758,2,,,1,15,,69777,2,,,1,55,,69720,2,,,1,15,,69740,2,,,1,15,,69759,2,,,1,15,,69778,2,,,1,55,,69721,2,,,1,15,,69741,2,,,1,15,,69760,2,,,1,15,,69779,2,,,1,55,,69722,2,,,1,15,,69742,2,,,1,15,,69761,2,,,1,15,,69780,2,,,1,55,,69723,2,,,1,15,,69743,2,,,1,15,,69762,2,,,1,15,,69781,2,,,1,55,,69724,2,,,1,15,,69744,2,,,1,15,,69763,2,,,1,15,,69782,2,,,1,55,,69725,2,,,1,15,,69745,2,,,1,15,,69764,2,,,1,15,,69783,2,,,1,55,,69726,2,,,1,15,,69746,2,,,1,15,,69765,2,,,1,15,,69784,2,,,1,55,,69727,2,,,1,15,,69747,2,,,1,15,,69766,2,,,1,15,,69785,2,,,1,55,,69728,2,,,1,15,,69748,2,,,1,15,,69767,2,,,1,15,,69786,2,,,1,55,,69729,2,,,1,15,,69749,2,,,1,15,,69768,2,,,1,15,,69787,2,,,1,55,,69730,2,,,1
0,'20261004',608,,69788,2,,,1,15,,69808,2,,,1,15,,69827,2,,,1,15,,69846,2,,,1,55,,69789,2,,,1,15,,69809,2,,,1,15,,69828,2,,,1,15,,69847,2,,,1,55,,69790,2,,,1,15,,69810,2,,,1,15,,69829,2,,,1,15,,69848,2,,,1,55,,69791,2,,,1,15,,69811,2,,,1,15,,69830,2,,,1,15,,69849,2,,,1,55,,69792,2,,,1,15,,69812,2,,,1,15,,69831,2,,,1,15,,69850,2,,,1,55,,69793,2,,,1,15,,69813,2,,,1,15,,69832,2,,,1,15,,69851,2,,,1,55,,69794,2,,,1,15,,69814,2,,,1,15,,69833,2,,,1,15,,69852,2,,,1,55,,69795,2,,,1,15,,69815,2,,,1,15,,69834,2,,,1,15,,69853,2,,,1,55,,69796,2,,,1,15,,69816,2,,,1,15,,69835,2,,,1,15,,69854,2,,,1,55,,69797,2,,,1,15,,69817,2,,,1,15,,69836,2,,,1,15,,69855,2,,,1,55,,69798,2,,,1,15,,69818,2,,,1,15,,69837,2,,,1,15,,69856,2,,,1,55,,69799,2,,,1,15,,69819,2,,,1,15,,69838,2,,,1,15,,69857,2,,,1,55,,69800,2,,,1,15,,69820,2,,,1,15,,69839,2,,,1,15,,69858,2,,,1,55,,69801,2,,,1,15,,69821,2,,,1,15,,69840,2,,,1,15,,69859,2,,,1,55,,69802,2,,,1,15,,69822,2,,,1,15,,69841,2,,,1,15,,69860,2,,,1,55,,69803,2,,,1,15,,69823,2,,,1,15,,69842,2,,,1,15,,69861,2,,,1,55,,69804,2,,,1,15,,69824,2,,,1,15,,69843,2,,,1,15,,69862,2,,,1,55,,69805,2,,,1,15,,69825,2,,,1,15,,69844,2,,,1,15,,69863,2,,,1,55,,69806,2,,,1,15,,69826,2,,,1,15,,69845,2,,,1,15,,69864,2,,,1,55,,69807,2,,,1
0,'20261005',503,,69925,2,,,1,15,,69865,2,,,1,20,,69905,2,,,1,15,,69926,2,,,1,55,,69866,2,,,1,15,,69886,2,,,1,15,,69906,2,,,1,15,,69927,2,,,1,55,,69867,2,,,1,15,,69887,2,,,1,15,,69907,2,,,1,15,,69928,2,,,1,55,,69868,2,,,1,15,,69888,2,,,1,15,,69908,2,,,1,15,,69929,2,,,1,55,,69869,2,,,1,15,,69889,2,,,1,15,,69909,2,,,1,15,,69930,2,,,1,55,,69870,2,,,1,15,,69890,2,,,1,15,,69910,2,,,1,15,,69931,2,,,1,55,,69871,2,,,1,15,,69891,2,,,1,15,,69911,2,,,1,15,,69932,2,,,1,55,,69872,2,,,1,15,,69892,2,,,1,15,,69912,2,,,1,15,,69933,2,,,1,55,,69873,2,,,1,15,,69893,2,,,1,15,,69913,2,,,1,15,,69934,2,,,1,55,,69874,2,,,1,15,,69894,2,,,1,15,,69914,2,,,1,15,,69935,2,,,1,55,,69875,2,,,1,15,,69895,2,,,1,15,,69915,2,,,1,15,,69936,2,,,1,55,,69876,2,,,1,15,,69896,2,,,1,15,,69916,2,,,1,15,,69937,2,,,1,55,,69877,2,,,1,15,,69897,2,,,1,15,,69917,2,,,1,15,,69938,2,,,1,55,,69878,2,,,1,15,,69898,2,,,1,15,,69918,2,,,1,15,,69939,2,,,1,55,,69879,2,,,1,15,,69899,2,,,1,15,,69919,2,,,1,15,,69940,2,,,1,55,,69880,2,,,1,15,,69900,2,,,1,15,,69920,2,,,1,15,,69941,2,,,1,55,,69881,2,,,1,15,,69901,2,,,1,15,,69921,2,,,1,15,,69942,2,,,1,55,,69882,2,,,1,15,,69902,2,,,1,15,,69922,2,,,1,15,,69943,2,,,1,55,,69883,2,,,1,15,,69903,2,,,1,15,,69923,2,,,1,15,,69944,2,,,1,55,,69884,2,,,1,15,,69904,2,,,1,15,,69924,2,,,1,15,,69945,2,,,1,55,,69885,2,,,1
0,'20261006',503,,70006,2,,,1,15,,69946,2,,,1,20,,69986,2,,,1,15,,70007,2,,,1,55,,69947,2,,,1,15,,69967,2,,,1,15,,69987,2,,,1,15,,70008,2,,,1,55,,69948,2,,,1,15,,69968,2,,,1,15,,69988,2,,,1,15,,70009,2,,,1,55,,69949,2,,,1,15,,69969,2,,,1,15,,69989,2,,,1,15,,70010,2,,,1,55,,69950,2,,,1,15,,69970,2,,,1,15,,69990,2,,,1,15,,70011,2,,,1,55,,69951,2,,,1,15,,69971,2,,,1,15,,69991,2,,,1,15,,70012,2,,,1,55,,69952,2,,,1,15,,69972,2,,,1,15,,69992,2,,,1,15,,70013,2,,,1,55,,69953,2,,,1,15,,69973,2,,,1,15,,69993,2,,,1,15,,70014,2,,,1,55,,69954,2,,,1,15,,69974,2,,,1,15,,69994,2,,,1,15,,70015,2,,,1,55,,69955,2,,,1,15,,69975,2,,,1,15,,69995,2,,,1,15,,70016,2,,,1,55,,69956,2,,,1,15,,69976,2,,,1,15,,69996,2,,,1,15,,70017,2,,,1,55,,69957,2,,,1,15,,69977,2,,,1,15,,69997,2,,,1,15,,70018,2,,,1,55,,69958,2,,,1,15,,69978,2,,,1,15,,69998,2,,,1,15,,70019,2,,,1,55,,69959,2,,,1,15,,69979,2,,,1,15,,69999,2,,,1,15,,70020,2,,,1,55,,69960,2,,,1,15,,69980,2,,,1,15,,70000,2,,,1,15,,70021,2,,,1,55,,69961,2,,,1,15,,69981,2,,,1,15,,70001,2,,,1,15,,70022,2,,,1,55,,69962,2,,,1,15,,69982,2,,,1,15,,70002,2,,,1,15,,70023,2,,,1,55,,69963,2,,,1,15,,69983,2,,,1,15,,70003,2,,,1,15,,70024,2,,,1,55,,69964,2,,,1,15,,69984,2,,,1,15,,70004,2,,,1,15,,70025,2,,,1,55,,69965,2,,,1,15,,69985,2,,,1,15,,70005,2,,,1,15,,70026,2,,,1,55,,69966,2,,,1
0,'20261007',503,,70087,2,,,1,15,,70027,2,,,1,20,,70067,2,,,1,15,,70088,2,,,1,55,,70028,2,,,1,15,,70048,2,,,1,15,,70068,2,,,1,15,,70089,2,,,1,55,,70029,2,,,1,15,,70049,2,,,1,15,,70069,2,,,1,15,,70090,2,,,1,55,,70030,2,,,1,15,,70050,2,,,1,15,,70070,2,,,1,15,,70091,2,,,1,55,,70031,2,,,1,15,,70051,2,,,1,15,,70071,2,,,1,15,,70092,2,,,1,55,,70032,2,,,1,15,,70052,2,,,1,15,,70072,2,,,1,15,,70093,2,,,1,55,,70033,2,,,1,15,,70053,2,,,1,15,,70073,2,,,1,15,,70094,2,,,1,55,,70034,2,,,1,15,,70054,2,,,1,15,,70074,2,,,1,15,,70095,2,,,1,55,,70035,2,,,1,15,,70055,2,,,1,15,,70075,2,,,1,15,,70096,2,,,1,55,,70036,2,,,1,15,,70056,2,,,1,15,,70076,2,,,1,15,,70097,2,,,1,55,,70037,2,,,1,15,,70057,2,,,1,15,,70077,2,,,1,15,,70098,2,,,1,55,,70038,2,,,1,15,,70058,2,,,1,15,,70078,2,,,1,15,,70099,2,,,1,55,,70039,2,,,1,15,,70059,2,,,1,15,,70079,2,,,1,15,,70100,2,,,1,55,,70040,2,,,1,15,,70060,2,,,1,15,,70080,2,,,1,15,,70101,2,,,1,55,,70041,2,,,1,15,,70061,2,,,1,15,,70081,2,,,1,15,,70102,2,,,1,55,,70042,2,,,1,15,,70062,2,,,1,15,,70082,2,,,1,15,,70103,2,,,1,55,,70043,2,,,1,15,,70063,2,,,1,15,,70083,2,,,1,15,,70104,2,,,1,55,,70044,2,,,1,15,,70064,2,,,1,15,,70084,2,,,1,15,,70105,2,,,1,55,,70045,2,,,1,15,,70065,2,,,1,15,,70085,2,,,1,15,,70106,2,,,1,55,,70046,2,,,1,15,,70066,2,,,1,15,,70086,2,,,1,15,,70107,2,,,1,55,,70047,2,,,1
0,'20261008',503,,70168,2,,,1,15,,70108,2,,,1,20,,70148,2,,,1,15,,70169,2,,,1,55,,70109,2,,,1,15,,70129,2,,,1,15,,70149,2,,,1,15,,70170,2,,,1,55,,70110,2,,,1,15,,70130,2,,,1,15,,70150,2,,,1,15,,70171,2,,,1,55,,70111,2,,,1,15,,70131,2,,,1,15,,70151,2,,,1,15,,70172,2,,,1,55,,70112,2,,,1,15,,70132,2,,,1,15,,70152,2,,,1,15,,70173,2,,,1,55,,70113,2,,,1,15,,70133,2,,,1,15,,70153,2,,,1,15,,70174,2,,,1,55,,70114,2,,,1,15,,70134,2,,,1,15,,70154,2,,,1,15,,70175,2,,,1,55,,70115,2,,,1,15,,70135,2,,,1,15,,70155,2,,,1,15,,70176,2,,,1,55,,70116,2,,,1,15,,70136,2,,,1,15,,70156,2,,,1,15,,70177,2,,,1,55,,70117,2,,,1,15,,70137,2,,,1,15,,70157,2,,,1,15,,70178,2,,,1,55,,70118,2,,,1,15,,70138,2,,,1,15,,70158,2,,,1,15,,70179,2,,,1,55,,70119,2,,,1,15,,70139,2,,,1,15,,70159,2,,,1,15,,70180,2,,,1,55,,70120,2,,,1,15,,70140,2,,,1,15,,70160,2,,,1,15,,70181,2,,,1,55,,70121,2,,,1,15,,70141,2,,,1,15,,70161,2,,,1,15,,70182,2,,,1,55,,70122,2,,,1,15,,70142,2,,,1,15,,70162,2,,,1,15,,70183,2,,,1,55,,70123,2,,,1,15,,70143,2,,,1,15,,70163,2,,,1,15,,70184,2,,,1,55,,70124,2,,,1,15,,70144,2,,,1,15,,70164,2,,,1,15,,70185,2,,,1,55,,70125,2,,,1,15,,70145,2,,,1,15,,70165,2,,,1,15,,70186,2,,,1,55,,70126,2,,,1,15,,70146,2,,,1,15,,70166,2,,,1,15,,70187,2,,,1,55,,70127,2,,,1,15,,70147,2,,,1,15,,70167,2,,,1,15,,70188,2,,,1,55,,70128,2,,,1
0,'20261009',503,,70249,2,,,1,15,,70189,2,,,1,20,,70229,2,,,1,15,,70250,2,,,1,55,,70190,2,,,1,15,,70210,2,,,1,15,,70230,2,,,1,15,,70251,2,,,1,55,,70191,2,,,1,15,,70211,2,,,1,15,,70231,2,,,1,15,,70252,2,,,1,55,,70192,2,,,1,15,,70212,2,,,1,15,,70232,2,,,1,15,,70253,2,,,1,55,,70193,2,,,1,15,,70213,2,,,1,15,,70233,2,,,1,15,,70254,2,,,1,55,,70194,2,,,1,15,,70214,2,,,1,15,,70234,2,,,1,15,,70255,2,,,1,55,,70195,2,,,1,15,,70215,2,,,1,15,,70235,2,,,1,15,,70256,2,,,1,55,,70196,2,,,1,15,,70216,2,,,1,15,,70236,2,,,1,15,,70257,2,,,1,55,,70197,2,,,1,15,,70217,2,,,1,15,,70237,2,,,1,15,,70258,2,,,1,55,,70198,2,,,1,15,,70218,2,,,1,15,,70238,2,,,1,15,,70259,2,,,1,55,,70199,2,,,1,15,,70219,2,,,1,15,,70239,2,,,1,15,,70260,2,,,1,55,,70200,2,,,1,15,,70220,2,,,1,15,,70240,2,,,1,15,,70261,2,,,1,55,,70201,2,,,1,15,,70221,2,,,1,15,,70241,2,,,1,15,,70262,2,,,1,55,,70202,2,,,1,15,,70222,2,,,1,15,,70242,2,,,1,15,,70263,2,,,1,55,,70203,2,,,1,15,,70223,2,,,1,15,,70243,2,,,1,15,,70264,2,,,1,55,,70204,2,,,1,15,,70224,2,,,1,15,,70244,2,,,1,15,,70265,2,,,1,55,,70205,2,,,1,15,,70225,2,,,1,15,,70245,2,,,1,15,,70266,2,,,1,55,,70206,2,,,1,15,,70226,2,,,1,15,,70246,2,,,1,15,,70267,2,,,1,55,,70207,2,,,1,15,,70227,2,,,1,15,,70247,2,,,1,15,,70268,2,,,1,55,,70208,2,,,1,15,,70228,2,,,1,15,,70248,2,,,1,15,,70269,2,,,1,55,,70209,2,,,1
0,'20261010',608,,70270,2,,,1,15,,70290,2,,,1,15,,70309,2,,,1,15,,70328,2,,,1,55,,70271,2,,,1,15,,70291,2,,,1,15,,70310,2,,,1,15,,70329,2,,,1,55,,70272,2,,,1,15,,70292,2,,,1,15,,70311,2,,,1,15,,70330,2,,,1,55,,70273,2,,,1,15,,70293,2,,,1,15,,70312,2,,,1,15,,70331,2,,,1,55,,70274,2,,,1,15,,70294,2,,,1,15,,70313,2,,,1,15,,70332,2,,,1,55,,70275,2,,,1,15,,70295,2,,,1,15,,70314,2,,,1,15,,70333,2,,,1,55,,70276,2,,,1,15,,70296,2,,,1,15,,70315,2,,,1,15,,70334,2,,,1,55,,70277,2,,,1,15,,70297,2,,,1,15,,70316,2,,,1,15,,70335,2,,,1,55,,70278,2,,,1,15,,70298,2,,,1,15,,70317,2,,,1,15,,70336,2,,,1,55,,70279,2,,,1,15,,70299,2,,,1,15,,70318,2,,,1,15,,70337,2,,,1,55,,70280,2,,,1,15,,70300,2,,,1,15,,70319,2,,,1,15,,70338,2,,,1,55,,70281,2,,,1,15,,70301,2,,,1,15,,70320,2,,,1,15,,70339,2,,,1,55,,70282,2,,,1,15,,70302,2,,,1,15,,70321,2,,,1,15,,70340,2,,,1,55,,70283,2,,,1,15,,70303,2,,,1,15,,70322,2,,,1,15,,70341,2,,,1,55,,70284,2,,,1,15,,70304,2,,,1,15,,70323,2,,,1,15,,70342,2,,,1,55,,70285,2,,,1,15,,70305,2,,,1,15,,70324,2,,,1,15,,70343,2,,,1,55,,70286,2,,,1,15,,70306,2,,,1,15,,70325,2,,,1,15,,70344,2,,,1,55,,70287,2,,,1,15,,70307,2,,,1,15,,70326,2,,,1,15,,70345,2,,,1,55,,70288,2,,,1,15,,70308,2,,,1,15,,70327,2,,,1,15,,70346,2,,,1,55,,70289,2,,,1
0,'20261011',608,,70347,2,,,1,15,,70367,2,,,1,15,,70386,2,,,1,15,,70405,2,,,1,55,,70348,2,,,1,15,,70368,2,,,1,15,,70387,2,,,1,15,,70406,2,,,1,55,,70349,2,,,1,15,,70369,2,,,1,15,,70388,2,,,1,15,,70407,2,,,1,55,,70350,2,,,1,15,,70370,2,,,1,15,,70389,2,,,1,15,,70408,2,,,1,55,,70351,2,,,1,15,,70371,2,,,1,15,,70390,2,,,1,15,,70409,2,,,1,55,,70352,2,,,1,15,,70372,2,,,1,15,,70391,2,,,1,15,,70410,2,,,1,55,,70353,2,,,1,15,,70373,2,,,1,15,,70392,2,,,1,15,,70411,2,,,1,55,,70354,2,,,1,15,,70374,2,,,1,15,,70393,2,,,1,15,,70412,2,,,1,55,,70355,2,,,1,15,,70375,2,,,1,15,,70394,2,,,1,15,,70413,2,,,1,55,,70356,2,,,1,15,,70376,2,,,1,15,,70395,2,,,1,15,,70414,2,,,1,55,,70357,2,,,1,15,,70377,2,,,1,15,,70396,2,,,1,15,,70415,2,,,1,55,,70358,2,,,1,15,,70378,2,,,1,15,,70397,2,,,1,15,,70416,2,,,1,55,,70359,2,,,1,15,,70379,2,,,1,15,,70398,2,,,1,15,,70417,2,,,1,55,,70360,2,,,1,15,,70380,2,,,1,15,,70399,2,,,1,15,,70418,2,,,1,55,,70361,2,,,1,15,,70381,2,,,1,15,,70400,2,,,1,15,,70419,2,,,1,55,,70362,2,,,1,15,,70382,2,,,1,15,,70401,2,,,1,15,,70420,2,,,1,55,,70363,2,,,1,15,,70383,2,,,1,15,,70402,2,,,1,15,,70421,2,,,1,55,,70364,2,,,1,15,,70384,2,,,1,15,,70403,2,,,1,15,,70422,2,,,1,55,,70365,2,,,1,15,,70385,2,,,1,15,,70404,2,,,1,15,,70423,2,,,1,55,,70366,2,,,1
0,'20261012',503,,70484,2,,,1,15,,70424,2,,,1,20,,70464,2,,,1,15,,70485,2,,,1,55,,70425,2,,,1,15,,70445,2,,,1,15,,70465,2,,,1,15,,70486,2,,,1,55,,70426,2,,,1,15,,70446,2,,,1,15,,70466,2,,,1,15,,70487,2,,,1,55,,70427,2,,,1,15,,70447,2,,,1,15,,70467,2,,,1,15,,70488,2,,,1,55,,70428,2,,,1,15,,70448,2,,,1,15,,70468,2,,,1,15,,70489,2,,,1,55,,70429,2,,,1,15,,70449,2,,,1,15,,70469,2,,,1,15,,70490,2,,,1,55,,70430,2,,,1,15,,70450,2,,,1,15,,70470,2,,,1,15,,70491,2,,,1,55,,70431,2,,,1,15,,70451,2,,,1,15,,70471,2,,,1,15,,70492,2,,,1,55,,70432,2,,,1,15,,70452,2,,,1,15,,70472,2,,,1,15,,70493,2,,,1,55,,70433,2,,,1,15,,70453,2,,,1,15,,70473,2,,,1,15,,70494,2,,,1,55,,70434,2,,,1,15,,70454,2,,,1,15,,70474,2,,,1,15,,70495,2,,,1,55,,70435,2,,,1,15,,70455,2,,,1,15,,70475,2,,,1,15,,70496,2,,,1,55,,70436,2,,,1,15,,70456,2,,,1,15,,70476,2,,,1,15,,70497,2,,,1,55,,70437,2,,,1,15,,70457,2,,,1,15,,70477,2,,,1,15,,70498,2,,,1,55,,70438,2,,,1,15,,70458,2,,,1,15,,70478,2,,,1,15,,70499,2,,,1,55,,70439,2,,,1,15,,70459,2,,,1,15,,70479,2,,,1,15,,70500,2,,,1,55,,70440,2,,,1,15,,70460,2,,,1,15,,70480,2,,,1,15,,70501,2,,,1,55,,70441,2,,,1,15,,70461,2,,,1,15,,70481,2,,,1,15,,70502,2,,,1,55,,70442,2,,,1,15,,70462,2,,,1,15,,70482,2,,,1,15,,70503,2,,,1,55,,70443,2,,,1,15,,70463,2,,,1,15,,70483,2,,,1,15,,70504,2,,,1,55,,70444,2,,,1
0,'20261013',503,,70565,2,,,1,15,,70505,2,,,1,20,,70545,2,,,1,15,,70566,2,,,1,55,,70506,2,,,1,15,,70526,2,,,1,15,,70546,2,,,1,15,,70567,2,,,1,55,,70507,2,,,1,15,,70527,2,,,1,15,,70547,2,,,1,15,,70568,2,,,1,55,,70508,2,,,1,15,,70528,2,,,1,15,,70548,2,,,1,15,,70569,2,,,1,55,,70509,2,,,1,15,,70529,2,,,1,15,,70549,2,,,1,15,,70570,2,,,1,55,,70510,2,,,1,15,,70530,2,,,1,15,,70550,2,,,1,15,,70571,2,,,1,55,,70511,2,,,1,15,,70531,2,,,1,15,,70551,2,,,1,15,,70572,2,,,1,55,,70512,2,,,1,15,,70532,2,,,1,15,,70552,2,,,1,15,,70573,2,,,1,55,,70513,2,,,1,15,,70533,2,,,1,15,,70553,2,,,1,15,,70574,2,,,1,55,,70514,2,,,1,15,,70534,2,,,1,15,,70554,2,,,1,15,,70575,2,,,1,55,,70515,2,,,1,15,,70535,2,,,1,15,,70555,2,,,1,15,,70576,2,,,1,55,,70516,2,,,1,15,,70536,2,,,1,15,,70556,2,,,1,15,,70577,2,,,1,55,,70517,2,,,1,15,,70537,2,,,1,15,,70557,2,,,1,15,,70578,2,,,1,55,,70518,2,,,1,15,,70538,2,,,1,15,,70558,2,,,1,15,,70579,2,,,1,55,,70519,2,,,1,15,,70539,2,,,1,15,,70559,2,,,1,15,,70580,2,,,1,55,,70520,2,,,1,15,,70540,2,,,1,15,,70560,2,,,1,15,,70581,2,,,1,55,,70521,2,,,1,15,,70541,2,,,1,15,,70561,2,,,1,15,,70582,2,,,1,55,,70522,2,,,1,15,,70542,2,,,1,15,,70562,2,,,1,15,,70583,2,,,1,55,,70523,2,,,1,15,,70543,2,,,1,15,,70563,2,,,1,15,,70584,2,,,1,55,,70524,2,,,1,15,,70544,2,,,1,15,,70564,2,,,1,15,,70585,2,,,1,55,,70525,2,,,1
0,'20261014',503,,70646,2,,,1,15,,70586,2,,,1,20,,70626,2,,,1,15,,70647,2,,,1,55,,70587,2,,,1,15,,70607,2,,,1,15,,70627,2,,,1,15,,70648,2,,,1,55,,70588,2,,,1,15,,70608,2,,,1,15,,70628,2,,,1,15,,70649,2,,,1,55,,70589,2,,,1,15,,70609,2,,,1,15,,70629,2,,,1,15,,70650,2,,,1,55,,70590,2,,,1,15,,70610,2,,,1,15,,70630,2,,,1,15,,70651,2,,,1,55,,70591,2,,,1,15,,70611,2,,,1,15,,70631,2,,,1,15,,70652,2,,,1,55,,70592,2,,,1,15,,70612,2,,,1,15,,70632,2,,,1,15,,70653,2,,,1,55,,70593,2,,,1,15,,70613,2,,,1,15,,70633,2,,,1,15,,70654,2,,,1,55,,70594,2,,,1,15,,70614,2,,,1,15,,70634,2,,,1,15,,70655,2,,,1,55,,70595,2,,,1,15,,70615,2,,,1,15,,70635,2,,,1,15,,70656,2,,,1,55,,70596,2,,,1,15,,70616,2,,,1,15,,70636,2,,,1,15,,70657,2,,,1,55,,70597,2,,,1,15,,70617,2,,,1,15,,70637,2,,,1,15,,70658,2,,,1,55,,70598,2,,,1,15,,70618,2,,,1,15,,70638,2,,,1,15,,70659,2,,,1,55,,70599,2,,,1,15,,70619,2,,,1,15,,70639,2,,,1,15,,70660,2,,,1,55,,70600,2,,,1,15,,70620,2,,,1,15,,70640,2,,,1,15,,70661,2,,,1,55,,70601,2,,,1,15,,70621,2,,,1,15,,70641,2,,,1,15,,70662,2,,,1,55,,70602,2,,,1,15,,70622,2,,,1,15,,70642,2,,,1,15,,70663,2,,,1,55,,70603,2,,,1,15,,70623,2,,,1,15,,70643,2,,,1,15,,70664,2,,,1,55,,70604,2,,,1,15,,70624,2,,,1,15,,70644,2,,,1,15,,70665,2,,,1,55,,70605,2,,,1,15,,70625,2,,,1,15,,70645,2,,,1,15,,70666,2,,,1,55,,70606,2,,,1
0,'20261015',503,,70727,2,,,1,15,,70667,2,,,1,20,,70707,2,,,1,15,,70728,2,,,1,55,,70668,2,,,1,15,,70688,2,,,1,15,,70708,2,,,1,15,,70729,2,,,1,55,,70669,2,,,1,15,,70689,2,,,1,15,,70709,2,,,1,15,,70730,2,,,1,55,,70670,2,,,1,15,,70690,2,,,1,15,,70710,2,,,1,15,,70731,2,,,1,55,,70671,2,,,1,15,,70691,2,,,1,15,,70711,2,,,1,15,,70732,2,,,1,55,,70672,2,,,1,15,,70692,2,,,1,15,,70712,2,,,1,15,,70733,2,,,1,55,,70673,2,,,1,15,,70693,2,,,1,15,,70713,2,,,1,15,,70734,2,,,1,55,,70674,2,,,1,15,,70694,2,,,1,15,,70714,2,,,1,15,,70735,2,,,1,55,,70675,2,,,1,15,,70695,2,,,1,15,,70715,2,,,1,15,,70736,2,,,1,55,,70676,2,,,1,15,,70696,2,,,1,15,,70716,2,,,1,15,,70737,2,,,1,55,,70677,2,,,1,15,,70697,2,,,1,15,,70717,2,,,1,15,,70738,2,,,1,55,,70678,2,,,1,15,,70698,2,,,1,15,,70718,2,,,1,15,,70739,2,,,1,55,,70679,2,,,1,15,,70699,2,,,1,15,,70719,2,,,1,15,,70740,2,,,1,55,,70680,2,,,1,15,,70700,2,,,1,15,,70720,2,,,1,15,,70741,2,,,1,55,,70681,2,,,1,15,,70701,2,,,1,15,,70721,2,,,1,15,,70742,2,,,1,55,,70682,2,,,1,15,,70702,2,,,1,15,,70722,2,,,1,15,,70743,2,,,1,55,,70683,2,,,1,15,,70703,2,,,1,15,,70723,2,,,1,15,,70744,2,,,1,55,,70684,2,,,1,15,,70704,2,,,1,15,,70724,2,,,1,15,,70745,2,,,1,55,,70685,2,,,1,15,,70705,2,,,1,15,,70725,2,,,1,15,,70746,2,,,1,55,,70686,2,,,1,15,,70706,2,,,1,15,,70726,2,,,1,15,,70747,2,,,1,55,,70687,2,,,1
0,'20261016',503,,70808,2,,,1,15,,70748,2,,,1,20,,70788,2,,,1,15,,70809,2,,,1,55,,70749,2,,,1,15,,70769,2,,,1,15,,70789,2,,,1,15,,70810,2,,,1,55,,70750,2,,,1,15,,70770,2,,,1,15,,70790,2,,,1,15,,70811,2,,,1,55,,70751,2,,,1,15,,70771,2,,,1,15,,70791,2,,,1,15,,70812,2,,,1,55,,70752,2,,,1,15,,70772,2,,,1,15,,70792,2,,,1,15,,70813,2,,,1,55,,70753,2,,,1,15,,70773,2,,,1,15,,70793,2,,,1,15,,70814,2,,,1,55,,70754,2,,,1,15,,70774,2,,,1,15,,70794,2,,,1,15,,70815,2,,,1,55,,70755,2,,,1,15,,70775,2,,,1,15,,70795,2,,,1,15,,70816,2,,,1,55,,70756,2,,,1,15,,70776,2,,,1,15,,70796,2,,,1,15,,70817,2,,,1,55,,70757,2,,,1,15,,70777,2,,,1,15,,70797,2,,,1,15,,70818,2,,,1,55,,70758,2,,,1,15,,70778,2,,,1,15,,70798,2,,,1,15,,70819,2,,,1,55,,70759,2,,,1,15,,70779,2,,,1,15,,70799,2,,,1,15,,70820,2,,,1,55,,70760,2,,,1,15,,70780,2,,,1,15,,70800,2,,,1,15,,70821,2,,,1,55,,70761,2,,,1,15,,70781,2,,,1,15,,70801,2,,,1,15,,70822,2,,,1,55,,70762,2,,,1,15,,70782,2,,,1,15,,70802,2,,,1,15,,70823,2,,,1,55,,70763,2,,,1,15,,70783,2,,,1,15,,70803,2,,,1,15,,70824,2,,,1,55,,70764,2,,,1,15,,70784,2,,,1,15,,70804,2,,,1,15,,70825,2,,,1,55,,70765,2,,,1,15,,70785,2,,,1,15,,70805,2,,,1,15,,70826,2,,,1,55,,70766,2,,,1,15,,70786,2,,,1,15,,70806,2,,,1,15,,70827,2,,,1,55,,70767,2,,,1,15,,70787,2,,,1,15,,70807,2,,,1,15,,70828,2,,,1,55,,70768,2,,,1
0,'20261017',608,,70829,2,,,1,15,,70849,2,,,1,15,,70868,2,,,1,15,,70887,2,,,1,55,,70830,2,,,1,15,,70850,2,,,1,15,,70869,2,,,1,15,,70888,2,,,1,55,,70831,2,,,1,15,,70851,2,,,1,15,,70870,2,,,1,15,,70889,2,,,1,55,,70832,2,,,1,15,,70852,2,,,1,15,,70871,2,,,1,15,,70890,2,,,1,55,,70833,2,,,1,15,,70853,2,,,1,15,,70872,2,,,1,15,,70891,2,,,1,55,,70834,2,,,1,15,,70854,2,,,1,15,,70873,2,,,1,15,,70892,2,,,1,55,,70835,2,,,1,15,,70855,2,,,1,15,,70874,2,,,1,15,,70893,2,,,1,55,,70836,2,,,1,15,,70856,2,,,1,15,,70875,2,,,1,15,,70894,2,,,1,55,,70837,2,,,1,15,,70857,2,,,1,15,,70876,2,,,1,15,,70895,2,,,1,55,,70838,2,,,1,15,,70858,2,,,1,15,,70877,2,,,1,15,,70896,2,,,1,55,,70839,2,,,1,15,,70859,2,,,1,15,,70878,2,,,1,15,,70897,2,,,1,55,,70840,2,,,1,15,,70860,2,,,1,15,,70879,2,,,1,15,,70898,2,,,1,55,,70841,2,,,1,15,,70861,2,,,1,15,,70880,2,,,1,15,,70899,2,,,1,55,,70842,2,,,1,15,,70862,2,,,1,15,,70881,2,,,1,15,,70900,2,,,1,55,,70843,2,,,1,15,,70863,2,,,1,15,,70882,2,,,1,15,,70901,2,,,1,55,,70844,2,,,1,15,,70864,2,,,1,15,,70883,2,,,1,15,,70902,2,,,1,55,,70845,2,,,1,15,,70865,2,,,1,15,,70884,2,,,1,15,,70903,2,,,1,55,,70846,2,,,1,15,,70866,2,,,1,15,,70885,2,,,1,15,,70904,2,,,1,55,,70847,2,,,1,15,,70867,2,,,1,15,,70886,2,,,1,15,,70905,2,,,1,55,,70848,2,,,1
0,'20261018',608,,70906,2,,,1,15,,70926,2,,,1,15,,70945,2,,,1,15,,70964,2,,,1,55,,70907,2,,,1,15,,70927,2,,,1,15,,70946,2,,,1,15,,70965,2,,,1,55,,70908,2,,,1,15,,70928,2,,,1,15,,70947,2,,,1,15,,70966,2,,,1,55,,70909,2,,,1,15,,70929,2,,,1,15,,70948,2,,,1,15,,70967,2,,,1,55,,70910,2,,,1,15,,70930,2,,,1,15,,70949,2,,,1,15,,70968,2,,,1,55,,70911,2,,,1,15,,70931,2,,,1,15,,70950,2,,,1,15,,70969,2,,,1,55,,70912,2,,,1,15,,70932,2,,,1,15,,70951,2,,,1,15,,70970,2,,,1,55,,70913,2,,,1,15,,70933,2,,,1,15,,70952,2,,,1,15,,70971,2,,,1,55,,70914,2,,,1,15,,70934,2,,,1,15,,70953,2,,,1,15,,70972,2,,,1,55,,70915,2,,,1,15,,70935,2,,,1,15,,70954,2,,,1,15,,70973,2,,,1,55,,70916,2,,,1,15,,70936,2,,,1,15,,70955,2,,,1,15,,70974,2,,,1,55,,70917,2,,,1,15,,70937,2,,,1,15,,70956,2,,,1,15,,70975,2,,,1,55,,70918,2,,,1,15,,70938,2,,,1,15,,70957,2,,,1,15,,70976,2,,,1,55,,70919,2,,,1,15,,70939,2,,,1,15,,70958,2,,,1,15,,70977,2,,,1,55,,70920,2,,,1,15,,70940,2,,,1,15,,70959,2,,,1,15,,70978,2,,,1,55,,70921,2,,,1,15,,70941,2,,,1,15,,70960,2,,,1,15,,70979,2,,,1,55,,70922,2,,,1,15,,70942,2,,,1,15,,70961,2,,,1,15,,70980,2,,,1,55,,70923,2,,,1,15,,70943,2,,,1,15,,70962,2,,,1,15,,70981,2,,,1,55,,70924,2,,,1,15,,70944,2,,,1,15,,70963,2,,,1,15,,70982,2,,,1,55,,70925,2,,,1
0,'20261019',503,,71043,2,,,1,15,,70983,2,,,1,20,,71023,2,,,1,15,,71044,2,,,1,55,,70984,2,,,1,15,,71004,2,,,1,15,,71024,2,,,1,15,,71045,2,,,1,55,,70985,2,,,1,15,,71005,2,,,1,15,,71025,2,,,1,15,,71046,2,,,1,55,,70986,2,,,1,15,,71006,2,,,1,15,,71026,2,,,1,15,,71047,2,,,1,55,,70987,2,,,1,15,,71007,2,,,1,15,,71027,2,,,1,15,,71048,2,,,1,55,,70988,2,,,1,15,,71008,2,,,1,15,,71028,2,,,1,15,,71049,2,,,1,55,,70989,2,,,1,15,,71009,2,,,1,15,,71029,2,,,1,15,,71050,2,,,1,55,,70990,2,,,1,15,,71010,2,,,1,15,,71030,2,,,1,15,,71051,2,,,1,55,,70991,2,,,1,15,,71011,2,,,1,15,,71031,2,,,1,15,,71052,2,,,1,55,,70992,2,,,1,15,,71012,2,,,1,15,,71032,2,,,1,15,,71053,2,,,1,55,,70993,2,,,1,15,,71013,2,,,1,15,,71033,2,,,1,15,,71054,2,,,1,55,,70994,2,,,1,15,,71014,2,,,1,15,,71034,2,,,1,15,,71055,2,,,1,55,,70995,2,,,1,15,,71015,2,,,1,15,,71035,2,,,1,15,,71056,2,,,1,55,,70996,2,,,1,15,,71016,2,,,1,15,,71036,2,,,1,15,,71057,2,,,1,55,,70997,2,,,1,15,,71017,2,,,1,15,,71037,2,,,1,15,,71058,2,,,1,55,,70998,2,,,1,15,,71018,2,,,1,15,,71038,2,,,1,15,,71059,2,,,1,55,,70999,2,,,1,15,,71019,2,,,1,15,,71039,2,,,1,15,,71060,2,,,1,55,,71000,2,,,1,15,,71020,2,,,1,15,,71040,2,,,1,15,,71061,2,,,1,55,,71001,2,,,1,15,,71021,2,,,1,15,,71041,2,,,1,15,,71062,2,,,1,55,,71002,2,,,1,15,,71022,2,,,1,15,,71042,2,,,1,15,,71063,2,,,1,55,,71003,2,,,1
0,'20261020',503,,71124,2,,,1,15,,71064,2,,,1,20,,71104,2,,,1,15,,71125,2,,,1,55,,71065,2,,,1,15,,71085,2,,,1,15,,71105,2,,,1,15,,71126,2,,,1,55,,71066,2,,,1,15,,71086,2,,,1,15,,71106,2,,,1,15,,71127,2,,,1,55,,71067,2,,,1,15,,71087,2,,,1,15,,71107,2,,,1,15,,71128,2,,,1,55,,71068,2,,,1,15,,71088,2,,,1,15,,71108,2,,,1,15,,71129,2,,,1,55,,71069,2,,,1,15,,71089,2,,,1,15,,71109,2,,,1,15,,71130,2,,,1,55,,71070,2,,,1,15,,71090,2,,,1,15,,71110,2,,,1,15,,71131,2,,,1,55,,71071,2,,,1,15,,71091,2,,,1,15,,71111,2,,,1,15,,71132,2,,,1,55,,71072,2,,,1,15,,71092,2,,,1,15,,71112,2,,,1,15,,71133,2,,,1,55,,71073,2,,,1,15,,71093,2,,,1,15,,71113,2,,,1,15,,71134,2,,,1,55,,71074,2,,,1,15,,71094,2,,,1,15,,71114,2,,,1,15,,71135,2,,,1,55,,71075,2,,,1,15,,71095,2,,,1,15,,71115,2,,,1,15,,71136,2,,,1,55,,71076,2,,,1,15,,71096,2,,,1,15,,71116,2,,,1,15,,71137,2,,,1,55,,71077,2,,,1,15,,71097,2,,,1,15,,71117,2,,,1,15,,71138,2,,,1,55,,71078,2,,,1,15,,71098,2,,,1,15,,71118,2,,,1,15,,71139,2,,,1,55,,71079,2,,,1,15,,71099,2,,,1,15,,71119,2,,,1,15,,71140,2,,,1,55,,71080,2,,,1,15,,71100,2,,,1,15,,71120,2,,,1,15,,71141,2,,,1,55,,71081,2,,,1,15,,71101,2,,,1,15,,71121,2,,,1,15,,71142,2,,,1,55,,71082,2,,,1,15,,71102,2,,,1,15,,71122,2,,,1,15,,71143,2,,,1,55,,71083,2,,,1,15,,71103,2,,,1,15,,71123,2,,,1,15,,71144,2,,,1,55,,71084,2,,,1
0,'20261021',503,,71205,2,,,1,15,,71145,2,,,1,20,,71185,2,,,1,15,,71206,2,,,1,55,,71146,2,,,1,15,,71166,2,,,1,15,,71186,2,,,1,15,,71207,2,,,1,55,,71147,2,,,1,15,,71167,2,,,1,15,,71187,2,,,1,15,,71208,2,,,1,55,,71148,2,,,1,15,,71168,2,,,1,15,,71188,2,,,1,15,,71209,2,,,1,55,,71149,2,,,1,15,,71169,2,,,1,15,,71189,2,,,1,15,,71210,2,,,1,55,,71150,2,,,1,15,,71170,2,,,1,15,,71190,2,,,1,15,,71211,2,,,1,55,,71151,2,,,1,15,,71171,2,,,1,15,,71191,2,,,1,15,,71212,2,,,1,55,,71152,2,,,1,15,,71172,2,,,1,15,,71192,2,,,1,15,,71213,2,,,1,55,,71153,2,,,1,15,,71173,2,,,1,15,,71193,2,,,1,15,,71214,2,,,1,55,,71154,2,,,1,15,,71174,2,,,1,15,,71194,2,,,1,15,,71215,2,,,1,55,,71155,2,,,1,15,,71175,2,,,1,15,,71195,2,,,1,15,,71216,2,,,1,55,,71156,2,,,1,15,,71176,2,,,1,15,,71196,2,,,1,15,,71217,2,,,1,55,,71157,2,,,1,15,,71177,2,,,1,15,,71197,2,,,1,15,,71218,2,,,1,55,,71158,2,,,1,15,,71178,2,,,1,15,,71198,2,,,1,15,,71219,2,,,1,55,,71159,2,,,1,15,,71179,2,,,1,15,,71199,2,,,1,15,,71220,2,,,1,55,,71160,2,,,1,15,,71180,2,,,1,15,,71200,2,,,1,15,,71221,2,,,1,55,,71161,2,,,1,15,,71181,2,,,1,15,,71201,2,,,1,15,,71222,2,,,1,55,,71162,2,,,1,15,,71182,2,,,1,15,,71202,2,,,1,15,,71223,2,,,1,55,,71163,2,,,1,15,,71183,2,,,1,15,,71203,2,,,1,15,,71224,2,,,1,55,,71164,2,,,1,15,,71184,2,,,1,15,,71204,2,,,1,15,,71225,2,,,1,55,,71165,2,,,1
0,'20261022',503,,71286,2,,,1,15,,71226,2,,,1,20,,71266,2,,,1,15,,71287,2,,,1,55,,71227,2,,,1,15,,71247,2,,,1,15,,71267,2,,,1,15,,71288,2,,,1,55,,71228,2,,,1,15,,71248,2,,,1,15,,71268,2,,,1,15,,71289,2,,,1,55,,71229,2,,,1,15,,71249,2,,,1,15,,71269,2,,,1,15,,71290,2,,,1,55,,71230,2,,,1,15,,71250,2,,,1,15,,71270,2,,,1,15,,71291,2,,,1,55,,71231,2,,,1,15,,71251,2,,,1,15,,71271,2,,,1,15,,71292,2,,,1,55,,71232,2,,,1,15,,71252,2,,,1,15,,71272,2,,,1,15,,71293,2,,,1,55,,71233,2,,,1,15,,71253,2,,,1,15,,71273,2,,,1,15,,71294,2,,,1,55,,71234,2,,,1,15,,71254,2,,,1,15,,71274,2,,,1,15,,71295,2,,,1,55,,71235,2,,,1,15,,71255,2,,,1,15,,71275,2,,,1,15,,71296,2,,,1,55,,71236,2,,,1,15,,71256,2,,,1,15,,71276,2,,,1,15,,71297,2,,,1,55,,71237,2,,,1,15,,71257,2,,,1,15,,71277,2,,,1,15,,71298,2,,,1,55,,71238,2,,,1,15,,71258,2,,,1,15,,71278,2,,,1,15,,71299,2,,,1,55,,71239,2,,,1,15,,71259,2,,,1,15,,71279,2,,,1,15,,71300,2,,,1,55,,71240,2,,,1,15,,71260,2,,,1,15,,71280,2,,,1,15,,71301,2,,,1,55,,71241,2,,,1,15,,71261,2,,,1,15,,71281,2,,,1,15,,71302,2,,,1,55,,71242,2,,,1,15,,71262,2,,,1,15,,71282,2,,,1,15,,71303,2,,,1,55,,71243,2,,,1,15,,71263,2,,,1,15,,71283,2,,,1,15,,71304,2,,,1,55,,71244,2,,,1,15,,71264,2,,,1,15,,71284,2,,,1,15,,71305,2,,,1,55,,71245,2,,,1,15,,71265,2,,,1,15,,71285,2,,,1,15,,71306,2,,,1,55,,71246,2,,,1
0,'20261023',503,,71367,2,,,1,15,,71307,2,,,1,20,,71347,2,,,1,15,,71368,2,,,1,55,,71308,2,,,1,15,,71328,2,,,1,15,,71348,2,,,1,15,,71369,2,,,1,55,,71309,2,,,1,15,,71329,2,,,1,15,,71349,2,,,1,15,,71370,2,,,1,55,,71310,2,,,1,15,,71330,2,,,1,15,,71350,2,,,1,15,,71371,2,,,1,55,,71311,2,,,1,15,,71331,2,,,1,15,,71351,2,,,1,15,,71372,2,,,1,55,,71312,2,,,1,15,,71332,2,,,1,15,,71352,2,,,1,15,,71373,2,,,1,55,,71313,2,,,1,15,,71333,2,,,1,15,,71353,2,,,1,15,,71374,2,,,1,55,,71314,2,,,1,15,,71334,2,,,1,15,,71354,2,,,1,15,,71375,2,,,1,55,,71315,2,,,1,15,,71335,2,,,1,15,,71355,2,,,1,15,,71376,2,,,1,55,,71316,2,,,1,15,,71336,2,,,1,15,,71356,2,,,1,15,,71377,2,,,1,55,,71317,2,,,1,15,,71337,2,,,1,15,,71357,2,,,1,15,,71378,2,,,1,55,,71318,2,,,1,15,,71338,2,,,1,15,,71358,2,,,1,15,,71379,2,,,1,55,,71319,2,,,1,15,,71339,2,,,1,15,,71359,2,,,1,15,,71380,2,,,1,55,,71320,2,,,1,15,,71340,2,,,1,15,,71360,2,,,1,15,,71381,2,,,1,55,,71321,2,,,1,15,,71341,2,,,1,15,,71361,2,,,1,15,,71382,2,,,1,55,,71322,2,,,1,15,,71342,2,,,1,15,,71362,2,,,1,15,,71383,2,,,1,55,,71323,2,,,1,15,,71343,2,,,1,15,,71363,2,,,1,15,,71384,2,,,1,55,,71324,2,,,1,15,,71344,2,,,1,15,,71364,2,,,1,15,,71385,2,,,1,55,,71325,2,,,1,15,,71345,2,,,1,15,,71365,2,,,1,15,,71386,2,,,1,55,,71326,2,,,1,15,,71346,2,,,1,15,,71366,2,,,1,15,,71387,2,,,1,55,,71327,2,,,1
0,'20261024',608,,71388,2,,,1,15,,71408,2,,,1,15,,71427,2,,,1,15,,71446,2,,,1,55,,71389,2,,,1,15,,71409,2,,,1,15,,71428,2,,,1,15,,71447,2,,,1,55,,71390,2,,,1,15,,71410,2,,,1,15,,71429,2,,,1,15,,71448,2,,,1,55,,71391,2,,,1,15,,71411,2,,,1,15,,71430,2,,,1,15,,71449,2,,,1,55,,71392,2,,,1,15,,71412,2,,,1,15,,71431,2,,,1,15,,71450,2,,,1,55,,71393,2,,,1,15,,71413,2,,,1,15,,71432,2,,,1,15,,71451,2,,,1,55,,71394,2,,,1,15,,71414,2,,,1,15,,71433,2,,,1,15,,71452,2,,,1,55,,71395,2,,,1,15,,71415,2,,,1,15,,71434,2,,,1,15,,71453,2,,,1,55,,71396,2,,,1,15,,71416,2,,,1,15,,71435,2,,,1,15,,71454,2,,,1,55,,71397,2,,,1,15,,71417,2,,,1,15,,71436,2,,,1,15,,71455,2,,,1,55,,71398,2,,,1,15,,71418,2,,,1,15,,71437,2,,,1,15,,71456,2,,,1,55,,71399,2,,,1,15,,71419,2,,,1,15,,71438,2,,,1,15,,71457,2,,,1,55,,71400,2,,,1,15,,71420,2,,,1,15,,71439,2,,,1,15,,71458,2,,,1,55,,71401,2,,,1,15,,71421,2,,,1,15,,71440,2,,,1,15,,71459,2,,,1,55,,71402,2,,,1,15,,71422,2,,,1,15,,71441,2,,,1,15,,71460,2,,,1,55,,71403,2,,,1,15,,71423,2,,,1,15,,71442,2,,,1,15,,71461,2,,,1,55,,71404,2,,,1,15,,71424,2,,,1,15,,71443,2,,,1,15,,71462,2,,,1,55,,71405,2,,,1,15,,71425,2,,,1,15,,71444,2,,,1,15,,71463,2,,,1,55,,71406,2,,,1,15,,71426,2,,,1,15,,71445,2,,,1,15,,71464,2,,,1,55,,71407,2,,,1
0,'20261025',608,,71465,2,,,1,15,,71485,2,,,1,15,,71504,2,,,1,15,,71523,2,,,1,55,,71466,2,,,1,15,,71486,2,,,1,15,,71505,2,,,1,15,,71524,2,,,1,55,,71467,2,,,1,15,,71487,2,,,1,15,,71506,2,,,1,15,,71525,2,,,1,55,,71468,2,,,1,15,,71488,2,,,1,15,,71507,2,,,1,15,,71526,2,,,1,55,,71469,2,,,1,15,,71489,2,,,1,15,,71508,2,,,1,15,,71527,2,,,1,55,,71470,2,,,1,15,,71490,2,,,1,15,,71509,2,,,1,15,,71528,2,,,1,55,,71471,2,,,1,15,,71491,2,,,1,15,,71510,2,,,1,15,,71529,2,,,1,55,,71472,2,,,1,15,,71492,2,,,1,15,,71511,2,,,1,15,,71530,2,,,1,55,,71473,2,,,1,15,,71493,2,,,1,15,,71512,2,,,1,15,,71531,2,,,1,55,,71474,2,,,1,15,,71494,2,,,1,15,,71513,2,,,1,15,,71532,2,,,1,55,,71475,2,,,1,15,,71495,2,,,1,15,,71514,2,,,1,15,,71533,2,,,1,55,,71476,2,,,1,15,,71496,2,,,1,15,,71515,2,,,1,15,,71534,2,,,1,55,,71477,2,,,1,15,,71497,2,,,1,15,,71516,2,,,1,15,,71535,2,,,1,55,,71478,2,,,1,15,,71498,2,,,1,15,,71517,2,,,1,15,,71536,2,,,1,55,,71479,2,,,1,15,,71499,2,,,1,15,,71518,2,,,1,15,,71537,2,,,1,55,,71480,2,,,1,15,,71500,2,,,1,15,,71519,2,,,1,15,,71538,2,,,1,55,,71481,2,,,1,15,,71501,2,,,1,15,,71520,2,,,1,15,,71539,2,,,1,55,,71482,2,,,1,15,,71502,2,,,1,15,,71521,2,,,1,15,,71540,2,,,1,55,,71483,2,,,1,15,,71503,2,,,1,15,,71522,2,,,1,15,,71541,2,,,1,55,,71484,2,,,1
0,'20261026',503,,71602,2,,,1,15,,71542,2,,,1,20,,71582,2,,,1,15,,71603,2,,,1,55,,71543,2,,,1,15,,71563,2,,,1,15,,71583,2,,,1,15,,71604,2,,,1,55,,71544,2,,,1,15,,71564,2,,,1,15,,71584,2,,,1,15,,71605,2,,,1,55,,71545,2,,,1,15,,71565,2,,,1,15,,71585,2,,,1,15,,71606,2,,,1,55,,71546,2,,,1,15,,71566,2,,,1,15,,71586,2,,,1,15,,71607,2,,,1,55,,71547,2,,,1,15,,71567,2,,,1,15,,71587,2,,,1,15,,71608,2,,,1,55,,71548,2,,,1,15,,71568,2,,,1,15,,71588,2,,,1,15,,71609,2,,,1,55,,71549,2,,,1,15,,71569,2,,,1,15,,71589,2,,,1,15,,71610,2,,,1,55,,71550,2,,,1,15,,71570,2,,,1,15,,71590,2,,,1,15,,71611,2,,,1,55,,71551,2,,,1,15,,71571,2,,,1,15,,71591,2,,,1,15,,71612,2,,,1,55,,71552,2,,,1,15,,71572,2,,,1,15,,71592,2,,,1,15,,71613,2,,,1,55,,71553,2,,,1,15,,71573,2,,,1,15,,71593,2,,,1,15,,71614,2,,,1,55,,71554,2,,,1,15,,71574,2,,,1,15,,71594,2,,,1,15,,71615,2,,,1,55,,71555,2,,,1,15,,71575,2,,,1,15,,71595,2,,,1,15,,71616,2,,,1,55,,71556,2,,,1,15,,71576,2,,,1,15,,71596,2,,,1,15,,71617,2,,,1,55,,71557,2,,,1,15,,71577,2,,,1,15,,71597,2,,,1,15,,71618,2,,,1,55,,71558,2,,,1,15,,71578,2,,,1,15,,71598,2,,,1,15,,71619,2,,,1,55,,71559,2,,,1,15,,71579,2,,,1,15,,71599,2,,,1,15,,71620,2,,,1,55,,71560,2,,,1,15,,71580,2,,,1,15,,71600,2,,,1,15,,71621,2,,,1,55,,71561,2,,,1,15,,71581,2,,,1,15,,71601,2,,,1,15,,71622,2,,,1,55,,71562,2,,,1
0,'20261027',503,,71683,2,,,1,15,,71623,2,,,1,20,,71663,2,,,1,15,,71684,2,,,1,55,,71624,2,,,1,15,,71644,2,,,1,15,,71664,2,,,1,15,,71685,2,,,1,55,,71625,2,,,1,15,,71645,2,,,1,15,,71665,2,,,1,15,,71686,2,,,1,55,,71626,2,,,1,15,,71646,2,,,1,15,,71666,2,,,1,15,,71687,2,,,1,55,,71627,2,,,1,15,,71647,2,,,1,15,,71667,2,,,1,15,,71688,2,,,1,55,,71628,2,,,1,15,,71648,2,,,1,15,,71668,2,,,1,15,,71689,2,,,1,55,,71629,2,,,1,15,,71649,2,,,1,15,,71669,2,,,1,15,,71690,2,,,1,55,,71630,2,,,1,15,,71650,2,,,1,15,,71670,2,,,1,15,,71691,2,,,1,55,,71631,2,,,1,15,,71651,2,,,1,15,,71671,2,,,1,15,,71692,2,,,1,55,,71632,2,,,1,15,,71652,2,,,1,15,,71672,2,,,1,15,,71693,2,,,1,55,,71633,2,,,1,15,,71653,2,,,1,15,,71673,2,,,1,15,,71694,2,,,1,55,,71634,2,,,1,15,,71654,2,,,1,15,,71674,2,,,1,15,,71695,2,,,1,55,,71635,2,,,1,15,,71655,2,,,1,15,,71675,2,,,1,15,,71696,2,,,1,55,,71636,2,,,1,15,,71656,2,,,1,15,,71676,2,,,1,15,,71697,2,,,1,55,,71637,2,,,1,15,,71657,2,,,1,15,,71677,2,,,1,15,,71698,2,,,1,55,,71638,2,,,1,15,,71658,2,,,1,15,,71678,2,,,1,15,,71699,2,,,1,55,,71639,2,,,1,15,,71659,2,,,1,15,,71679,2,,,1,15,,71700,2,,,1,55,,71640,2,,,1,15,,71660,2,,,1,15,,71680,2,,,1,15,,71701,2,,,1,55,,71641,2,,,1,15,,71661,2,,,1,15,,71681,2,,,1,15,,71702,2,,,1,55,,71642,2,,,1,15,,71662,2,,,1,15,,71682,2,,,1,15,,71703,2,,,1,55,,71643,2,,,1
0,'20261028',503,,71764,2,,,1,15,,71704,2,,,1,20,,71744,2,,,1,15,,71765,2,,,1,55,,71705,2,,,1,15,,71725,2,,,1,15,,71745,2,,,1,15,,71766,2,,,1,55,,71706,2,,,1,15,,71726,2,,,1,15,,71746,2,,,1,15,,71767,2,,,1,55,,71707,2,,,1,15,,71727,2,,,1,15,,71747,2,,,1,15,,71768,2,,,1,55,,71708,2,,,1,15,,71728,2,,,1,15,,71748,2,,,1,15,,71769,2,,,1,55,,71709,2,,,1,15,,71729,2,,,1,15,,71749,2,,,1,15,,71770,2,,,1,55,,71710,2,,,1,15,,71730,2,,,1,15,,71750,2,,,1,15,,71771,2,,,1,55,,71711,2,,,1,15,,71731,2,,,1,15,,71751,2,,,1,15,,71772,2,,,1,55,,71712,2,,,1,15,,71732,2,,,1,15,,71752,2,,,1,15,,71773,2,,,1,55,,71713,2,,,1,15,,71733,2,,,1,15,,71753,2,,,1,15,,71774,2,,,1,55,,71714,2,,,1,15,,71734,2,,,1,15,,71754,2,,,1,15,,71775,2,,,1,55,,71715,2,,,1,15,,71735,2,,,1,15,,71755,2,,,1,15,,71776,2,,,1,55,,71716,2,,,1,15,,71736,2,,,1,15,,71756,2,,,1,15,,71777,2,,,1,55,,71717,2,,,1,15,,71737,2,,,1,15,,71757,2,,,1,15,,71778,2,,,1,55,,71718,2,,,1,15,,71738,2,,,1,15,,71758,2,,,1,15,,71779,2,,,1,55,,71719,2,,,1,15,,71739,2,,,1,15,,71759,2,,,1,15,,71780,2,,,1,55,,71720,2,,,1,15,,71740,2,,,1,15,,71760,2,,,1,15,,71781,2,,,1,55,,71721,2,,,1,15,,71741,2,,,1,15,,71761,2,,,1,15,,71782,2,,,1,55,,71722,2,,,1,15,,71742,2,,,1,15,,71762,2,,,1,15,,71783,2,,,1,55,,71723,2,,,1,15,,71743,2,,,1,15,,71763,2,,,1,15,,71784,2,,,1,55,,71724,2,,,1
0,'20261029',503,,71845,2,,,1,15,,71785,2,,,1,20,,71825,2,,,1,15,,71846,2,,,1,55,,71786,2,,,1,15,,71806,2,,,1,15,,71826,2,,,1,15,,71847,2,,,1,55,,71787,2,,,1,15,,71807,2,,,1,15,,71827,2,,,1,15,,71848,2,,,1,55,,71788,2,,,1,15,,71808,2,,,1,15,,71828,2,,,1,15,,71849,2,,,1,55,,71789,2,,,1,15,,71809,2,,,1,15,,71829,2,,,1,15,,71850,2,,,1,55,,71790,2,,,1,15,,71810,2,,,1,15,,71830,2,,,1,15,,71851,2,,,1,55,,71791,2,,,1,15,,71811,2,,,1,15,,71831,2,,,1,15,,71852,2,,,1,55,,71792,2,,,1,15,,71812,2,,,1,15,,71832,2,,,1,15,,71853,2,,,1,55,,71793,2,,,1,15,,71813,2,,,1,15,,71833,2,,,1,15,,71854,2,,,1,55,,71794,2,,,1,15,,71814,2,,,1,15,,71834,2,,,1,15,,71855,2,,,1,55,,71795,2,,,1,15,,71815,2,,,1,15,,71835,2,,,1,15,,71856,2,,,1,55,,71796,2,,,1,15,,71816,2,,,1,15,,71836,2,,,1,15,,71857,2,,,1,55,,71797,2,,,1,15,,71817,2,,,1,15,,71837,2,,,1,15,,71858,2,,,1,55,,71798,2,,,1,15,,71818,2,,,1,15,,71838,2,,,1,15,,71859,2,,,1,55,,71799,2,,,1,15,,71819,2,,,1,15,,71839,2,,,1,15,,71860,2,,,1,55,,71800,2,,,1,15,,71820,2,,,1,15,,71840,2,,,1,15,,71861,2,,,1,55,,71801,2,,,1,15,,71821,2,,,1,15,,71841,2,,,1,15,,71862,2,,,1,55,,71802,2,,,1,15,,71822,2,,,1,15,,71842,2,,,1,15,,71863,2,,,1,55,,71803,2,,,1,15,,71823,2,,,1,15,,71843,2,,,1,15,,71864,2,,,1,55,,71804,2,,,1,15,,71824,2,,,1,15,,71844,2,,,1,15,,71865,2,,,1,55,,71805,2,,,1
0,'20261030',503,,71926,2,,,1,15,,71866,2,,,1,20,,71906,2,,,1,15,,71927,2,,,1,55,,71867,2,,,1,15,,71887,2,,,1,15,,71907,2,,,1,15,,71928,2,,,1,55,,71868,2,,,1,15,,71888,2,,,1,15,,71908,2,,,1,15,,71929,2,,,1,55,,71869,2,,,1,15,,71889,2,,,1,15,,71909,2,,,1,15,,71930,2,,,1,55,,71870,2,,,1,15,,71890,2,,,1,15,,71910,2,,,1,15,,71931,2,,,1,55,,71871,2,,,1,15,,71891,2,,,1,15,,71911,2,,,1,15,,71932,2,,,1,55,,71872,2,,,1,15,,71892,2,,,1,15,,71912,2,,,1,15,,71933,2,,,1,55,,71873,2,,,1,15,,71893,2,,,1,15,,71913,2,,,1,15,,71934,2,,,1,55,,71874,2,,,1,15,,71894,2,,,1,15,,71914,2,,,1,15,,71935,2,,,1,55,,71875,2,,,1,15,,71895,2,,,1,15,,71915,2,,,1,15,,71936,2,,,1,55,,71876,2,,,1,15,,71896,2,,,1,15,,71916,2,,,1,15,,71937,2,,,1,55,,71877,2,,,1,15,,71897,2,,,1,15,,71917,2,,,1,15,,71938,2,,,1,55,,71878,2,,,1,15,,71898,2,,,1,15,,71918,2,,,1,15,,71939,2,,,1,55,,71879,2,,,1,15,,71899,2,,,1,15,,71919,2,,,1,15,,71940,2,,,1,55,,71880,2,,,1,15,,71900,2,,,1,15,,71920,2,,,1,15,,71941,2,,,1,55,,71881,2,,,1,15,,71901,2,,,1,15,,71921,2,,,1,15,,71942,2,,,1,55,,71882,2,,,1,15,,71902,2,,,1,15,,71922,2,,,1,15,,71943,2,,,1,55,,71883,2,,,1,15,,71903,2,,,1,15,,71923,2,,,1,15,,71944,2,,,1,55,,71884,2,,,1,15,,71904,2,,,1,15,,71924,2,,,1,15,,71945,2,,,1,55,,71885,2,,,1,15,,71905,2,,,1,15,,71925,2,,,1,15,,71946,2,,,1,55,,71886,2,,,1
0,'20261031',608,,71947,2,,,1,15,,71967,2,,,1,15,,71986,2,,,1,15,,72005,2,,,1,55,,71948,2,,,1,15,,71968,2,,,1,15,,71987,2,,,1,15,,72006,2,,,1,55,,71949,2,,,1,15,,71969,2,,,1,15,,71988,2,,,1,15,,72007,2,,,1,55,,71950,2,,,1,15,,71970,2,,,1,15,,71989,2,,,1,15,,72008,2,,,1,55,,71951,2,,,1,15,,71971,2,,,1,15,,71990,2,,,1,15,,72009,2,,,1,55,,71952,2,,,1,15,,71972,2,,,1,15,,71991,2,,,1,15,,72010,2,,,1,55,,71953,2,,,1,15,,71973,2,,,1,15,,71992,2,,,1,15,,72011,2,,,1,55,,71954,2,,,1,15,,71974,2,,,1,15,,71993,2,,,1,15,,72012,2,,,1,55,,71955,2,,,1,15,,71975,2,,,1,15,,71994,2,,,1,15,,72013,2,,,1,55,,71956,2,,,1,15,,71976,2,,,1,15,,71995,2,,,1,15,,72014,2,,,1,55,,71957,2,,,1,15,,71977,2,,,1,15,,71996,2,,,1,15,,72015,2,,,1,55,,71958,2,,,1,15,,71978,2,,,1,15,,71997,2,,,1,15,,72016,2,,,1,55,,71959,2,,,1,15,,71979,2,,,1,15,,71998,2,,,1,15,,72017,2,,,1,55,,71960,2,,,1,15,,71980,2,,,1,15,,71999,2,,,1,15,,72018,2,,,1,55,,71961,2,,,1,15,,71981,2,,,1,15,,72000,2,,,1,15,,72019,2,,,1,55,,71962,2,,,1,15,,71982,2,,,1,15,,72001,2,,,1,15,,72020,2,,,1,55,,71963,2,,,1,15,,71983,2,,,1,15,,72002,2,,,1,15,,72021,2,,,1,55,,71964,2,,,1,15,,71984,2,,,1,15,,72003,2,,,1,15,,72022,2,,,1,55,,71965,2,,,1,15,,71985,2,,,1,15,,72004,2,,,1,15,,72023,2,,,1,55,,71966,2,,,1
0,'20261101',608,,72024,2,,,1,15,,72044,2,,,1,15,,72063,2,,,1,15,,72082,2,,,1,55,,72025,2,,,1,15,,72045,2,,,1,15,,72064,2,,,1,15,,72083,2,,,1,55,,72026,2,,,1,15,,72046,2,,,1,15,,72065,2,,,1,15,,72084,2,,,1,55,,72027,2,,,1,15,,72047,2,,,1,15,,72066,2,,,1,15,,72085,2,,,1,55,,72028,2,,,1,15,,72048,2,,,1,15,,72067,2,,,1,15,,72086,2,,,1,55,,72029,2,,,1,15,,72049,2,,,1,15,,72068,2,,,1,15,,72087,2,,,1,55,,72030,2,,,1,15,,72050,2,,,1,15,,72069,2,,,1,15,,72088,2,,,1,55,,72031,2,,,1,15,,72051,2,,,1,15,,72070,2,,,1,15,,72089,2,,,1,55,,72032,2,,,1,15,,72052,2,,,1,15,,72071,2,,,1,15,,72090,2,,,1,55,,72033,2,,,1,15,,72053,2,,,1,15,,72072,2,,,1,15,,72091,2,,,1,55,,72034,2,,,1,15,,72054,2,,,1,15,,72073,2,,,1,15,,72092,2,,,1,55,,72035,2,,,1,15,,72055,2,,,1,15,,72074,2,,,1,15,,72093,2,,,1,55,,72036,2,,,1,15,,72056,2,,,1,15,,72075,2,,,1,15,,72094,2,,,1,55,,72037,2,,,1,15,,72057,2,,,1,15,,72076,2,,,1,15,,72095,2,,,1,55,,72038,2,,,1,15,,72058,2,,,1,15,,72077,2,,,1,15,,72096,2,,,1,55,,72039,2,,,1,15,,72059,2,,,1,15,,72078,2,,,1,15,,72097,2,,,1,55,,72040,2,,,1,15,,72060,2,,,1,15,,72079,2,,,1,15,,72098,2,,,1,55,,72041,2,,,1,15,,72061,2,,,1,15,,72080,2,,,1,15,,72099,2,,,1,55,,72042,2,,,1,15,,72062,2,,,1,15,,72081,2,,,1,15,,72100,2,,,1,55,,72043,2,,,1
0,'20261102',503,,72161,2,,,1,15,,72101,2,,,1,20,,72141,2,,,1,15,,72162,2,,,1,55,,72102,2,,,1,15,,72122,2,,,1,15,,72142,2,,,1,15,,72163,2,,,1,55,,72103,2,,,1,15,,72123,2,,,1,15,,72143,2,,,1,15,,72164,2,,,1,55,,72104,2,,,1,15,,72124,2,,,1,15,,72144,2,,,1,15,,72165,2,,,1,55,,72105,2,,,1,15,,72125,2,,,1,15,,72145,2,,,1,15,,72166,2,,,1,55,,72106,2,,,1,15,,72126,2,,,1,15,,72146,2,,,1,15,,72167,2,,,1,55,,72107,2,,,1,15,,72127,2,,,1,15,,72147,2,,,1,15,,72168,2,,,1,55,,72108,2,,,1,15,,72128,2,,,1,15,,72148,2,,,1,15,,72169,2,,,1,55,,72109,2,,,1,15,,72129,2,,,1,15,,72149,2,,,1,15,,72170,2,,,1,55,,72110,2,,,1,15,,72130,2,,,1,15,,72150,2,,,1,15,,72171,2,,,1,55,,72111,2,,,1,15,,72131,2,,,1,15,,72151,2,,,1,15,,72172,2,,,1,55,,72112,2,,,1,15,,72132,2,,,1,15,,72152,2,,,1,15,,72173,2,,,1,55,,72113,2,,,1,15,,72133,2,,,1,15,,72153,2,,,1,15,,72174,2,,,1,55,,72114,2,,,1,15,,72134,2,,,1,15,,72154,2,,,1,15,,72175,2,,,1,55,,72115,2,,,1,15,,72135,2,,,1,15,,72155,2,,,1,15,,72176,2,,,1,55,,72116,2,,,1,15,,72136,2,,,1,15,,72156,2,,,1,15,,72177,2,,,1,55,,72117,2,,,1,15,,72137,2,,,1,15,,72157,2,,,1,15,,72178,2,,,1,55,,72118,2,,,1,15,,72138,2,,,1,15,,72158,2,,,1,15,,72179,2,,,1,55,,72119,2,,,1,15,,72139,2,,,1,15,,72159,2,,,1,15,,72180,2,,,1,55,,72120,2,,,1,15,,72140,2,,,1,15,,72160,2,,,1,15,,72181,2,,,1,55,,72121,2,,,1
0,'20261103',503,,72242,2,,,1,15,,72182,2,,,1,20,,72222,2,,,1,15,,72243,2,,,1,55,,72183,2,,,1,15,,72203,2,,,1,15,,72223,2,,,1,15,,72244,2,,,1,55,,72184,2,,,1,15,,72204,2,,,1,15,,72224,2,,,1,15,,72245,2,,,1,55,,72185,2,,,1,15,,72205,2,,,1,15,,72225,2,,,1,15,,72246,2,,,1,55,,72186,2,,,1,15,,72206,2,,,1,15,,72226,2,,,1,15,,72247,2,,,1,55,,72187,2,,,1,15,,72207,2,,,1,15,,72227,2,,,1,15,,72248,2,,,1,55,,72188,2,,,1,15,,72208,2,,,1,15,,72228,2,,,1,15,,72249,2,,,1,55,,72189,2,,,1,15,,72209,2,,,1,15,,72229,2,,,1,15,,72250,2,,,1,55,,72190,2,,,1,15,,72210,2,,,1,15,,72230,2,,,1,15,,72251,2,,,1,55,,72191,2,,,1,15,,72211,2,,,1,15,,72231,2,,,1,15,,72252,2,,,1,55,,72192,2,,,1,15,,72212,2,,,1,15,,72232,2,,,1,15,,72253,2,,,1,55,,72193,2,,,1,15,,72213,2,,,1,15,,72233,2,,,1,15,,72254,2,,,1,55,,72194,2,,,1,15,,72214,2,,,1,15,,72234,2,,,1,15,,72255,2,,,1,55,,72195,2,,,1,15,,72215,2,,,1,15,,72235,2,,,1,15,,72256,2,,,1,55,,72196,2,,,1,15,,72216,2,,,1,15,,72236,2,,,1,15,,72257,2,,,1,55,,72197,2,,,1,15,,72217,2,,,1,15,,72237,2,,,1,15,,72258,2,,,1,55,,72198,2,,,1,15,,72218,2,,,1,15,,72238,2,,,1,15,,72259,2,,,1,55,,72199,2,,,1,15,,72219,2,,,1,15,,72239,2,,,1,15,,72260,2,,,1,55,,72200,2,,,1,15,,72220,2,,,1,15,,72240,2,,,1,15,,72261,2,,,1,55,,72201,2,,,1,15,,72221,2,,,1,15,,72241,2,,,1,15,,72262,2,,,1,55,,72202,2,,,1
0,'20261104',503,,72323,2,,,1,15,,72263,2,,,1,20,,72303,2,,,1,15,,72324,2,,,1,55,,72264,2,,,1,15,,72284,2,,,1,15,,72304,2,,,1,15,,72325,2,,,1,55,,72265,2,,,1,15,,72285,2,,,1,15,,72305,2,,,1,15,,72326,2,,,1,55,,72266,2,,,1,15,,72286,2,,,1,15,,72306,2,,,1,15,,72327,2,,,1,55,,72267,2,,,1,15,,72287,2,,,1,15,,72307,2,,,1,15,,72328,2,,,1,55,,72268,2,,,1,15,,72288,2,,,1,15,,72308,2,,,1,15,,72329,2,,,1,55,,72269,2,,,1,15,,72289,2,,,1,15,,72309,2,,,1,15,,72330,2,,,1,55,,72270,2,,,1,15,,72290,2,,,1,15,,72310,2,,,1,15,,72331,2,,,1,55,,72271,2,,,1,15,,72291,2,,,1,15,,72311,2,,,1,15,,72332,2,,,1,55,,72272,2,,,1,15,,72292,2,,,1,15,,72312,2,,,1,15,,72333,2,,,1,55,,72273,2,,,1,15,,72293,2,,,1,15,,72313,2,,,1,15,,72334,2,,,1,55,,72274,2,,,1,15,,72294,2,,,1,15,,72314,2,,,1,15,,72335,2,,,1,55,,72275,2,,,1,15,,72295,2,,,1,15,,72315,2,,,1,15,,72336,2,,,1,55,,72276,2,,,1,15,,72296,2,,,1,15,,72316,2,,,1,15,,72337,2,,,1,55,,72277,2,,,1,15,,72297,2,,,1,15,,72317,2,,,1,15,,72338,2,,,1,55,,72278,2,,,1,15,,72298,2,,,1,15,,72318,2,,,1,15,,72339,2,,,1,55,,72279,2,,,1,15,,72299,2,,,1,15,,72319,2,,,1,15,,72340,2,,,1,55,,72280,2,,,1,15,,72300,2,,,1,15,,72320,2,,,1,15,,72341,2,,,1,55,,72281,2,,,1,15,,72301,2,,,1,15,,72321,2,,,1,15,,72342,2,,,1,55,,72282,2,,,1,15,,72302,2,,,1,15,,72322,2,,,1,15,,72343,2,,,1,55,,72283,2,,,1
0,'20261105',503,,72404,2,,,1,15,,72344,2,,,1,20,,72384,2,,,1,15,,72405,2,,,1,55,,72345,2,,,1,15,,72365,2,,,1,15,,72385,2,,,1,15,,72406,2,,,1,55,,72346,2,,,1,15,,72366,2,,,1,15,,72386,2,,,1,15,,72407,2,,,1,55,,72347,2,,,1,15,,72367,2,,,1,15,,72387,2,,,1,15,,72408,2,,,1,55,,72348,2,,,1,15,,72368,2,,,1,15,,72388,2,,,1,15,,72409,2,,,1,55,,72349,2,,,1,15,,72369,2,,,1,15,,72389,2,,,1,15,,72410,2,,,1,55,,72350,2,,,1,15,,72370,2,,,1,15,,72390,2,,,1,15,,72411,2,,,1,55,,72351,2,,,1,15,,72371,2,,,1,15,,72391,2,,,1,15,,72412,2,,,1,55,,72352,2,,,1,15,,72372,2,,,1,15,,72392,2,,,1,15,,72413,2,,,1,55,,72353,2,,,1,15,,72373,2,,,1,15,,72393,2,,,1,15,,72414,2,,,1,55,,72354,2,,,1,15,,72374,2,,,1,15,,72394,2,,,1,15,,72415,2,,,1,55,,72355,2,,,1,15,,72375,2,,,1,15,,72395,2,,,1,15,,72416,2,,,1,55,,72356,2,,,1,15,,72376,2,,,1,15,,72396,2,,,1,15,,72417,2,,,1,55,,72357,2,,,1,15,,72377,2,,,1,15,,72397,2,,,1,15,,72418,2,,,1,55,,72358,2,,,1,15,,72378,2,,,1,15,,72398,2,,,1,15,,72419,2,,,1,55,,72359,2,,,1,15,,72379,2,,,1,15,,72399,2,,,1,15,,72420,2,,,1,55,,72360,2,,,1,15,,72380,2,,,1,15,,72400,2,,,1,15,,72421,2,,,1,55,,72361,2,,,1,15,,72381,2,,,1,15,,72401,2,,,1,15,,72422,2,,,1,55,,72362,2,,,1,15,,72382,2,,,1,15,,72402,2,,,1,15,,72423,2,,,1,55,,72363,2,,,1,15,,72383,2,,,1,15,,72403,2,,,1,15,,72424,2,,,1,55,,72364,2,,,1
0,'20261106',503,,72485,2,,,1,15,,72425,2,,,1,20,,72465,2,,,1,15,,72486,2,,,1,55,,72426,2,,,1,15,,72446,2,,,1,15,,72466,2,,,1,15,,72487,2,,,1,55,,72427,2,,,1,15,,72447,2,,,1,15,,72467,2,,,1,15,,72488,2,,,1,55,,72428,2,,,1,15,,72448,2,,,1,15,,72468,2,,,1,15,,72489,2,,,1,55,,72429,2,,,1,15,,72449,2,,,1,15,,72469,2,,,1,15,,72490,2,,,1,55,,72430,2,,,1,15,,72450,2,,,1,15,,72470,2,,,1,15,,72491,2,,,1,55,,72431,2,,,1,15,,72451,2,,,1,15,,72471,2,,,1,15,,72492,2,,,1,55,,72432,2,,,1,15,,72452,2,,,1,15,,72472,2,,,1,15,,72493,2,,,1,55,,72433,2,,,1,15,,72453,2,,,1,15,,72473,2,,,1,15,,72494,2,,,1,55,,72434,2,,,1,15,,72454,2,,,1,15,,72474,2,,,1,15,,72495,2,,,1,55,,72435,2,,,1,15,,72455,2,,,1,15,,72475,2,,,1,15,,72496,2,,,1,55,,72436,2,,,1,15,,72456,2,,,1,15,,72476,2,,,1,15,,72497,2,,,1,55,,72437,2,,,1,15,,72457,2,,,1,15,,72477,2,,,1,15,,72498,2,,,1,55,,72438,2,,,1,15,,72458,2,,,1,15,,72478,2,,,1,15,,72499,2,,,1,55,,72439,2,,,1,15,,72459,2,,,1,15,,72479,2,,,1,15,,72500,2,,,1,55,,72440,2,,,1,15,,72460,2,,,1,15,,72480,2,,,1,15,,72501,2,,,1,55,,72441,2,,,1,15,,72461,2,,,1,15,,72481,2,,,1,15,,72502,2,,,1,55,,72442,2,,,1,15,,72462,2,,,1,15,,72482,2,,,1,15,,72503,2,,,1,55,,72443,2,,,1,15,,72463,2,,,1,15,,72483,2,,,1,15,,72504,2,,,1,55,,72444,2,,,1,15,,72464,2,,,1,15,,72484,2,,,1,15,,72505,2,,,1,55,,72445,2,,,1
0,'20261107',608,,72506,2,,,1,15,,72526,2,,,1,15,,72545,2,,,1,15,,72564,2,,,1,55,,72507,2,,,1,15,,72527,2,,,1,15,,72546,2,,,1,15,,72565,2,,,1,55,,72508,2,,,1,15,,72528,2,,,1,15,,72547,2,,,1,15,,72566,2,,,1,55,,72509,2,,,1,15,,72529,2,,,1,15,,72548,2,,,1,15,,72567,2,,,1,55,,72510,2,,,1,15,,72530,2,,,1,15,,72549,2,,,1,15,,72568,2,,,1,55,,72511,2,,,1,15,,72531,2,,,1,15,,72550,2,,,1,15,,72569,2,,,1,55,,72512,2,,,1,15,,72532,2,,,1,15,,72551,2,,,1,15,,72570,2,,,1,55,,72513,2,,,1,15,,72533,2,,,1,15,,72552,2,,,1,15,,72571,2,,,1,55,,72514,2,,,1,15,,72534,2,,,1,15,,72553,2,,,1,15,,72572,2,,,1,55,,72515,2,,,1,15,,72535,2,,,1,15,,72554,2,,,1,15,,72573,2,,,1,55,,72516,2,,,1,15,,72536,2,,,1,15,,72555,2,,,1,15,,72574,2,,,1,55,,72517,2,,,1,15,,72537,2,,,1,15,,72556,2,,,1,15,,72575,2,,,1,55,,72518,2,,,1,15,,72538,2,,,1,15,,72557,2,,,1,15,,72576,2,,,1,55,,72519,2,,,1,15,,72539,2,,,1,15,,72558,2,,,1,15,,72577,2,,,1,55,,72520,2,,,1,15,,72540,2,,,1,15,,72559,2,,,1,15,,72578,2,,,1,55,,72521,2,,,1,15,,72541,2,,,1,15,,72560,2,,,1,15,,72579,2,,,1,55,,72522,2,,,1,15,,72542,2,,,1,15,,72561,2,,,1,15,,72580,2,,,1,55,,72523,2,,,1,15,,72543,2,,,1,15,,72562,2,,,1,15,,72581,2,,,1,55,,72524,2,,,1,15,,72544,2,,,1,15,,72563,2,,,1,15,,72582,2,,,1,55,,72525,2,,,1
0,'20261108',608,,72583,2,,,1,15,,72603,2,,,1,15,,72622,2,,,1,15,,72641,2,,,1,55,,72584,2,,,1,15,,72604,2,,,1,15,,72623,2,,,1,15,,72642,2,,,1,55,,72585,2,,,1,15,,72605,2,,,1,15,,72624,2,,,1,15,,72643,2,,,1,55,,72586,2,,,1,15,,72606,2,,,1,15,,72625,2,,,1,15,,72644,2,,,1,55,,72587,2,,,1,15,,72607,2,,,1,15,,72626,2,,,1,15,,72645,2,,,1,55,,72588,2,,,1,15,,72608,2,,,1,15,,72627,2,,,1,15,,72646,2,,,1,55,,72589,2,,,1,15,,72609,2,,,1,15,,72628,2,,,1,15,,72647,2,,,1,55,,72590,2,,,1,15,,72610,2,,,1,15,,72629,2,,,1,15,,72648,2,,,1,55,,72591,2,,,1,15,,72611,2,,,1,15,,72630,2,,,1,15,,72649,2,,,1,55,,72592,2,,,1,15,,72612,2,,,1,15,,72631,2,,,1,15,,72650,2,,,1,55,,72593,2,,,1,15,,72613,2,,,1,15,,72632,2,,,1,15,,72651,2,,,1,55,,72594,2,,,1,15,,72614,2,,,1,15,,72633,2,,,1,15,,72652,2,,,1,55,,72595,2,,,1,15,,72615,2,,,1,15,,72634,2,,,1,15,,72653,2,,,1,55,,72596,2,,,1,15,,72616,2,,,1,15,,72635,2,,,1,15,,72654,2,,,1,55,,72597,2,,,1,15,,72617,2,,,1,15,,72636,2,,,1,15,,72655,2,,,1,55,,72598,2,,,1,15,,72618,2,,,1,15,,72637,2,,,1,15,,72656,2,,,1,55,,72599,2,,,1,15,,72619,2,,,1,15,,72638,2,,,1,15,,72657,2,,,1,55,,72600,2,,,1,15,,72620,2,,,1,15,,72639,2,,,1,15,,72658,2,,,1,55,,72601,2,,,1,15,,72621,2,,,1,15,,72640,2,,,1,15,,72659,2,,,1,55,,72602,2,,,1
0,'20261109',503,,72720,2,,,1,15,,72660,2,,,1,20,,72700,2,,,1,15,,72721,2,,,1,55,,72661,2,,,1,15,,72681,2,,,1,15,,72701,2,,,1,15,,72722,2,,,1,55,,72662,2,,,1,15,,72682,2,,,1,15,,72702,2,,,1,15,,72723,2,,,1,55,,72663,2,,,1,15,,72683,2,,,1,15,,72703,2,,,1,15,,72724,2,,,1,55,,72664,2,,,1,15,,72684,2,,,1,15,,72704,2,,,1,15,,72725,2,,,1,55,,72665,2,,,1,15,,72685,2,,,1,15,,72705,2,,,1,15,,72726,2,,,1,55,,72666,2,,,1,15,,72686,2,,,1,15,,72706,2,,,1,15,,72727,2,,,1,55,,72667,2,,,1,15,,72687,2,,,1,15,,72707,2,,,1,15,,72728,2,,,1,55,,72668,2,,,1,15,,72688,2,,,1,15,,72708,2,,,1,15,,72729,2,,,1,55,,72669,2,,,1,15,,72689,2,,,1,15,,72709,2,,,1,15,,72730,2,,,1,55,,72670,2,,,1,15,,72690,2,,,1,15,,72710,2,,,1,15,,72731,2,,,1,55,,72671,2,,,1,15,,72691,2,,,1,15,,72711,2,,,1,15,,72732,2,,,1,55,,72672,2,,,1,15,,72692,2,,,1,15,,72712,2,,,1,15,,72733,2,,,1,55,,72673,2,,,1,15,,72693,2,,,1,15,,72713,2,,,1,15,,72734,2,,,1,55,,72674,2,,,1,15,,72694,2,,,1,15,,72714,2,,,1,15,,72735,2,,,1,55,,72675,2,,,1,15,,72695,2,,,1,15,,72715,2,,,1,15,,72736,2,,,1,55,,72676,2,,,1,15,,72696,2,,,1,15,,72716,2,,,1,15,,72737,2,,,1,55,,72677,2,,,1,15,,72697,2,,,1,15,,72717,2,,,1,15,,72738,2,,,1,55,,72678,2,,,1,15,,72698,2,,,1,15,,72718,2,,,1,15,,72739,2,,,1,55,,72679,2,,,1,15,,72699,2,,,1,15,,72719,2,,,1,15,,72740,2,,,1,55,,72680,2,,,1
0,'20261110',503,,72801,2,,,1,15,,72741,2,,,1,20,,72781,2,,,1,15,,72802,2,,,1,55,,72742,2,,,1,15,,72762,2,,,1,15,,72782,2,,,1,15,,72803,2,,,1,55,,72743,2,,,1,15,,72763,2,,,1,15,,72783,2,,,1,15,,72804,2,,,1,55,,72744,2,,,1,15,,72764,2,,,1,15,,72784,2,,,1,15,,72805,2,,,1,55,,72745,2,,,1,15,,72765,2,,,1,15,,72785,2,,,1,15,,72806,2,,,1,55,,72746,2,,,1,15,,72766,2,,,1,15,,72786,2,,,1,15,,72807,2,,,1,55,,72747,2,,,1,15,,72767,2,,,1,15,,72787,2,,,1,15,,72808,2,,,1,55,,72748,2,,,1,15,,72768,2,,,1,15,,72788,2,,,1,15,,72809,2,,,1,55,,72749,2,,,1,15,,72769,2,,,1,15,,72789,2,,,1,15,,72810,2,,,1,55,,72750,2,,,1,15,,72770,2,,,1,15,,72790,2,,,1,15,,72811,2,,,1,55,,72751,2,,,1,15,,72771,2,,,1,15,,72791,2,,,1,15,,72812,2,,,1,55,,72752,2,,,1,15,,72772,2,,,1,15,,72792,2,,,1,15,,72813,2,,,1,55,,72753,2,,,1,15,,72773,2,,,1,15,,72793,2,,,1,15,,72814,2,,,1,55,,72754,2,,,1,15,,72774,2,,,1,15,,72794,2,,,1,15,,72815,2,,,1,55,,72755,2,,,1,15,,72775,2,,,1,15,,72795,2,,,1,15,,72816,2,,,1,55,,72756,2,,,1,15,,72776,2,,,1,15,,72796,2,,,1,15,,72817,2,,,1,55,,72757,2,,,1,15,,72777,2,,,1,15,,72797,2,,,1,15,,72818,2,,,1,55,,72758,2,,,1,15,,72778,2,,,1,15,,72798,2,,,1,15,,72819,2,,,1,55,,72759,2,,,1,15,,72779,2,,,1,15,,72799,2,,,1,15,,72820,2,,,1,55,,72760,2,,,1,15,,72780,2,,,1,15,,72800,2,,,1,15,,72821,2,,,1,55,,72761,2,,,1
0,'20261111',503,,72882,2,,,1,15,,72822,2,,,1,20,,72862,2,,,1,15,,72883,2,,,1,55,,72823,2,,,1,15,,72843,2,,,1,15,,72863,2,,,1,15,,72884,2,,,1,55,,72824,2,,,1,15,,72844,2,,,1,15,,72864,2,,,1,15,,72885,2,,,1,55,,72825,2,,,1,15,,72845,2,,,1,15,,72865,2,,,1,15,,72886,2,,,1,55,,72826,2,,,1,15,,72846,2,,,1,15,,72866,2,,,1,15,,72887,2,,,1,55,,72827,2,,,1,15,,72847,2,,,1,15,,72867,2,,,1,15,,72888,2,,,1,55,,72828,2,,,1,15,,72848,2,,,1,15,,72868,2,,,1,15,,72889,2,,,1,55,,72829,2,,,1,15,,72849,2,,,1,15,,72869,2,,,1,15,,72890,2,,,1,55,,72830,2,,,1,15,,72850,2,,,1,15,,72870,2,,,1,15,,72891,2,,,1,55,,72831,2,,,1,15,,72851,2,,,1,15,,72871,2,,,1,15,,72892,2,,,1,55,,72832,2,,,1,15,,72852,2,,,1,15,,72872,2,,,1,15,,72893,2,,,1,55,,72833,2,,,1,15,,72853,2,,,1,15,,72873,2,,,1,15,,72894,2,,,1,55,,72834,2,,,1,15,,72854,2,,,1,15,,72874,2,,,1,15,,72895,2,,,1,55,,72835,2,,,1,15,,72855,2,,,1,15,,72875,2,,,1,15,,72896,2,,,1,55,,72836,2,,,1,15,,72856,2,,,1,15,,72876,2,,,1,15,,72897,2,,,1,55,,72837,2,,,1,15,,72857,2,,,1,15,,72877,2,,,1,15,,72898,2,,,1,55,,72838,2,,,1,15,,72858,2,,,1,15,,72878,2,,,1,15,,72899,2,,,1,55,,72839,2,,,1,15,,72859,2,,,1,15,,72879,2,,,1,15,,72900,2,,,1,55,,72840,2,,,1,15,,72860,2,,,1,15,,72880,2,,,1,15,,72901,2,,,1,55,,72841,2,,,1,15,,72861,2,,,1,15,,72881,2,,,1,15,,72902,2,,,1,55,,72842,2,,,1
0,'20261112',503,,72963,2,,,1,15,,72903,2,,,1,20,,72943,2,,,1,15,,72964,2,,,1,55,,72904,2,,,1,15,,72924,2,,,1,15,,72944,2,,,1,15,,72965,2,,,1,55,,72905,2,,,1,15,,72925,2,,,1,15,,72945,2,,,1,15,,72966,2,,,1,55,,72906,2,,,1,15,,72926,2,,,1,15,,72946,2,,,1,15,,72967,2,,,1,55,,72907,2,,,1,15,,72927,2,,,1,15,,72947,2,,,1,15,,72968,2,,,1,55,,72908,2,,,1,15,,72928,2,,,1,15,,72948,2,,,1,15,,72969,2,,,1,55,,72909,2,,,1,15,,72929,2,,,1,15,,72949,2,,,1,15,,72970,2,,,1,55,,72910,2,,,1,15,,72930,2,,,1,15,,72950,2,,,1,15,,72971,2,,,1,55,,72911,2,,,1,15,,72931,2,,,1,15,,72951,2,,,1,15,,72972,2,,,1,55,,72912,2,,,1,15,,72932,2,,,1,15,,72952,2,,,1,15,,72973,2,,,1,55,,72913,2,,,1,15,,72933,2,,,1,15,,72953,2,,,1,15,,72974,2,,,1,55,,72914,2,,,1,15,,72934,2,,,1,15,,72954,2,,,1,15,,72975,2,,,1,55,,72915,2,,,1,15,,72935,2,,,1,15,,72955,2,,,1,15,,72976,2,,,1,55,,72916,2,,,1,15,,72936,2,,,1,15,,72956,2,,,1,15,,72977,2,,,1,55,,72917,2,,,1,15,,72937,2,,,1,15,,72957,2,,,1,15,,72978,2,,,1,55,,72918,2,,,1,15,,72938,2,,,1,15,,72958,2,,,1,15,,72979,2,,,1,55,,72919,2,,,1,15,,72939,2,,,1,15,,72959,2,,,1,15,,72980,2,,,1,55,,72920,2,,,1,15,,72940,2,,,1,15,,72960,2,,,1,15,,72981,2,,,1,55,,72921,2,,,1,15,,72941,2,,,1,15,,72961,2,,,1,15,,72982,2,,,1,55,,72922,2,,,1,15,,72942,2,,,1,15,,72962,2,,,1,15,,72983,2,,,1,55,,72923,2,,,1
0,'20261113',503,,73044,2,,,1,15,,72984,2,,,1,20,,73024,2,,,1,15,,73045,2,,,1,55,,72985,2,,,1,15,,73005,2,,,1,15,,73025,2,,,1,15,,73046,2,,,1,55,,72986,2,,,1,15,,73006,2,,,1,15,,73026,2,,,1,15,,73047,2,,,1,55,,72987,2,,,1,15,,73007,2,,,1,15,,73027,2,,,1,15,,73048,2,,,1,55,,72988,2,,,1,15,,73008,2,,,1,15,,73028,2,,,1,15,,73049,2,,,1,55,,72989,2,,,1,15,,73009,2,,,1,15,,73029,2,,,1,15,,73050,2,,,1,55,,72990,2,,,1,15,,73010,2,,,1,15,,73030,2,,,1,15,,73051,2,,,1,55,,72991,2,,,1,15,,73011,2,,,1,15,,73031,2,,,1,15,,73052,2,,,1,55,,72992,2,,,1,15,,73012,2,,,1,15,,73032,2,,,1,15,,73053,2,,,1,55,,72993,2,,,1,15,,73013,2,,,1,15,,73033,2,,,1,15,,73054,2,,,1,55,,72994,2,,,1,15,,73014,2,,,1,15,,73034,2,,,1,15,,73055,2,,,1,55,,72995,2,,,1,15,,73015,2,,,1,15,,73035,2,,,1,15,,73056,2,,,1,55,,72996,2,,,1,15,,73016,2,,,1,15,,73036,2,,,1,15,,73057,2,,,1,55,,72997,2,,,1,15,,73017,2,,,1,15,,73037,2,,,1,15,,73058,2,,,1,55,,72998,2,,,1,15,,73018,2,,,1,15,,73038,2,,,1,15,,73059,2,,,1,55,,72999,2,,,1,15,,73019,2,,,1,15,,73039,2,,,1,15,,73060,2,,,1,55,,73000,2,,,1,15,,73020,2,,,1,15,,73040,2,,,1,15,,73061,2,,,1,55,,73001,2,,,1,15,,73021,2,,,1,15,,73041,2,,,1,15,,73062,2,,,1,55,,73002,2,,,1,15,,73022,2,,,1,15,,73042,2,,,1,15,,73063,2,,,1,55,,73003,2,,,1,15,,73023,2,,,1,15,,73043,2,,,1,15,,73064,2,,,1,55,,73004,2,,,1
0,'20261114',608,,73065,2,,,1,15,,73085,2,,,1,15,,73104,2,,,1,15,,73123,2,,,1,55,,73066,2,,,1,15,,73086,2,,,1,15,,73105,2,,,1,15,,73124,2,,,1,55,,73067,2,,,1,15,,73087,2,,,1,15,,73106,2,,,1,15,,73125,2,,,1,55,,73068,2,,,1,15,,73088,2,,,1,15,,73107,2,,,1,15,,73126,2,,,1,55,,73069,2,,,1,15,,73089,2,,,1,15,,73108,2,,,1,15,,73127,2,,,1,55,,73070,2,,,1,15,,73090,2,,,1,15,,73109,2,,,1,15,,73128,2,,,1,55,,73071,2,,,1,15,,73091,2,,,1,15,,73110,2,,,1,15,,73129,2,,,1,55,,73072,2,,,1,15,,73092,2,,,1,15,,73111,2,,,1,15,,73130,2,,,1,55,,73073,2,,,1,15,,73093,2,,,1,15,,73112,2,,,1,15,,73131,2,,,1,55,,73074,2,,,1,15,,73094,2,,,1,15,,73113,2,,,1,15,,73132,2,,,1,55,,73075,2,,,1,15,,73095,2,,,1,15,,73114,2,,,1,15,,73133,2,,,1,55,,73076,2,,,1,15,,73096,2,,,1,15,,73115,2,,,1,15,,73134,2,,,1,55,,73077,2,,,1,15,,73097,2,,,1,15,,73116,2,,,1,15,,73135,2,,,1,55,,73078,2,,,1,15,,73098,2,,,1,15,,73117,2,,,1,15,,73136,2,,,1,55,,73079,2,,,1,15,,73099,2,,,1,15,,73118,2,,,1,15,,73137,2,,,1,55,,73080,2,,,1,15,,73100,2,,,1,15,,73119,2,,,1,15,,73138,2,,,1,55,,73081,2,,,1,15,,73101,2,,,1,15,,73120,2,,,1,15,,73139,2,,,1,55,,73082,2,,,1,15,,73102,2,,,1,15,,73121,2,,,1,15,,73140,2,,,1,55,,73083,2,,,1,15,,73103,2,,,1,15,,73122,2,,,1,15,,73141,2,,,1,55,,73084,2,,,1
0,'20261115',608,,73142,2,,,1,15,,73162,2,,,1,15,,73181,2,,,1,15,,73200,2,,,1,55,,73143,2,,,1,15,,73163,2,,,1,15,,73182,2,,,1,15,,73201,2,,,1,55,,73144,2,,,1,15,,73164,2,,,1,15,,73183,2,,,1,15,,73202,2,,,1,55,,73145,2,,,1,15,,73165,2,,,1,15,,73184,2,,,1,15,,73203,2,,,1,55,,73146,2,,,1,15,,73166,2,,,1,15,,73185,2,,,1,15,,73204,2,,,1,55,,73147,2,,,1,15,,73167,2,,,1,15,,73186,2,,,1,15,,73205,2,,,1,55,,73148,2,,,1,15,,73168,2,,,1,15,,73187,2,,,1,15,,73206,2,,,1,55,,73149,2,,,1,15,,73169,2,,,1,15,,73188,2,,,1,15,,73207,2,,,1,55,,73150,2,,,1,15,,73170,2,,,1,15,,73189,2,,,1,15,,73208,2,,,1,55,,73151,2,,,1,15,,73171,2,,,1,15,,73190,2,,,1,15,,73209,2,,,1,55,,73152,2,,,1,15,,73172,2,,,1,15,,73191,2,,,1,15,,73210,2,,,1,55,,73153,2,,,1,15,,73173,2,,,1,15,,73192,2,,,1,15,,73211,2,,,1,55,,73154,2,,,1,15,,73174,2,,,1,15,,73193,2,,,1,15,,73212,2,,,1,55,,73155,2,,,1,15,,73175,2,,,1,15,,73194,2,,,1,15,,73213,2,,,1,55,,73156,2,,,1,15,,73176,2,,,1,15,,73195,2,,,1,15,,73214,2,,,1,55,,73157,2,,,1,15,,73177,2,,,1,15,,73196,2,,,1,15,,73215,2,,,1,55,,73158,2,,,1,15,,73178,2,,,1,15,,73197,2,,,1,15,,73216,2,,,1,55,,73159,2,,,1,15,,73179,2,,,1,15,,73198,2,,,1,15,,73217,2,,,1,55,,73160,2,,,1,15,,73180,2,,,1,15,,73199,2,,,1,15,,73218,2,,,1,55,,73161,2,,,1
0,'20261116',503,,73279,2,,,1,15,,73219,2,,,1,20,,73259,2,,,1,15,,73280,2,,,1,55,,73220,2,,,1,15,,73240,2,,,1,15,,73260,2,,,1,15,,73281,2,,,1,55,,73221,2,,,1,15,,73241,2,,,1,15,,73261,2,,,1,15,,73282,2,,,1,55,,73222,2,,,1,15,,73242,2,,,1,15,,73262,2,,,1,15,,73283,2,,,1,55,,73223,2,,,1,15,,73243,2,,,1,15,,73263,2,,,1,15,,73284,2,,,1,55,,73224,2,,,1,15,,73244,2,,,1,15,,73264,2,,,1,15,,73285,2,,,1,55,,73225,2,,,1,15,,73245,2,,,1,15,,73265,2,,,1,15,,73286,2,,,1,55,,73226,2,,,1,15,,73246,2,,,1,15,,73266,2,,,1,15,,73287,2,,,1,55,,73227,2,,,1,15,,73247,2,,,1,15,,73267,2,,,1,15,,73288,2,,,1,55,,73228,2,,,1,15,,73248,2,,,1,15,,73268,2,,,1,15,,73289,2,,,1,55,,73229,2,,,1,15,,73249,2,,,1,15,,73269,2,,,1,15,,73290,2,,,1,55,,73230,2,,,1,15,,73250,2,,,1,15,,73270,2,,,1,15,,73291,2,,,1,55,,73231,2,,,1,15,,73251,2,,,1,15,,73271,2,,,1,15,,73292,2,,,1,55,,73232,2,,,1,15,,73252,2,,,1,15,,73272,2,,,1,15,,73293,2,,,1,55,,73233,2,,,1,15,,73253,2,,,1,15,,73273,2,,,1,15,,73294,2,,,1,55,,73234,2,,,1,15,,73254,2,,,1,15,,73274,2,,,1,15,,73295,2,,,1,55,,73235,2,,,1,15,,73255,2,,,1,15,,73275,2,,,1,15,,73296,2,,,1,55,,73236,2,,,1,15,,73256,2,,,1,15,,73276,2,,,1,15,,73297,2,,,1,55,,73237,2,,,1,15,,73257,2,,,1,15,,73277,2,,,1,15,,73298,2,,,1,55,,73238,2,,,1,15,,73258,2,,,1,15,,73278,2,,,1,15,,73299,2,,,1,55,,73239,2,,,1
0,'20261117',503,,73360,2,,,1,15,,73300,2,,,1,20,,73340,2,,,1,15,,73361,2,,,1,55,,73301,2,,,1,15,,73321,2,,,1,15,,73341,2,,,1,15,,73362,2,,,1,55,,73302,2,,,1,15,,73322,2,,,1,15,,73342,2,,,1,15,,73363,2,,,1,55,,73303,2,,,1,15,,73323,2,,,1,15,,73343,2,,,1,15,,73364,2,,,1,55,,73304,2,,,1,15,,73324,2,,,1,15,,73344,2,,,1,15,,73365,2,,,1,55,,73305,2,,,1,15,,73325,2,,,1,15,,73345,2,,,1,15,,73366,2,,,1,55,,73306,2,,,1,15,,73326,2,,,1,15,,73346,2,,,1,15,,73367,2,,,1,55,,73307,2,,,1,15,,73327,2,,,1,15,,73347,2,,,1,15,,73368,2,,,1,55,,73308,2,,,1,15,,73328,2,,,1,15,,73348,2,,,1,15,,73369,2,,,1,55,,73309,2,,,1,15,,73329,2,,,1,15,,73349,2,,,1,15,,73370,2,,,1,55,,73310,2,,,1,15,,73330,2,,,1,15,,73350,2,,,1,15,,73371,2,,,1,55,,73311,2,,,1,15,,73331,2,,,1,15,,73351,2,,,1,15,,73372,2,,,1,55,,73312,2,,,1,15,,73332,2,,,1,15,,73352,2,,,1,15,,73373,2,,,1,55,,73313,2,,,1,15,,73333,2,,,1,15,,73353,2,,,1,15,,73374,2,,,1,55,,73314,2,,,1,15,,73334,2,,,1,15,,73354,2,,,1,15,,73375,2,,,1,55,,73315,2,,,1,15,,73335,2,,,1,15,,73355,2,,,1,15,,73376,2,,,1,55,,73316,2,,,1,15,,73336,2,,,1,15,,73356,2,,,1,15,,73377,2,,,1,55,,73317,2,,,1,15,,73337,2,,,1,15,,73357,2,,,1,15,,73378,2,,,1,55,,73318,2,,,1,15,,73338,2,,,1,15,,73358,2,,,1,15,,73379,2,,,1,55,,73319,2,,,1,15,,73339,2,,,1,15,,73359,2,,,1,15,,73380,2,,,1,55,,73320,2,,,1
0,'20261118',503,,73441,2,,,1,15,,73381,2,,,1,20,,73421,2,,,1,15,,73442,2,,,1,55,,73382,2,,,1,15,,73402,2,,,1,15,,73422,2,,,1,15,,73443,2,,,1,55,,73383,2,,,1,15,,73403,2,,,1,15,,73423,2,,,1,15,,73444,2,,,1,55,,73384,2,,,1,15,,73404,2,,,1,15,,73424,2,,,1,15,,73445,2,,,1,55,,73385,2,,,1,15,,73405,2,,,1,15,,73425,2,,,1,15,,73446,2,,,1,55,,73386,2,,,1,15,,73406,2,,,1,15,,73426,2,,,1,15,,73447,2,,,1,55,,73387,2,,,1,15,,73407,2,,,1,15,,73427,2,,,1,15,,73448,2,,,1,55,,73388,2,,,1,15,,73408,2,,,1,15,,73428,2,,,1,15,,73449,2,,,1,55,,73389,2,,,1,15,,73409,2,,,1,15,,73429,2,,,1,15,,73450,2,,,1,55,,73390,2,,,1,15,,73410,2,,,1,15,,73430,2,,,1,15,,73451,2,,,1,55,,73391,2,,,1,15,,73411,2,,,1,15,,73431,2,,,1,15,,73452,2,,,1,55,,73392,2,,,1,15,,73412,2,,,1,15,,73432,2,,,1,15,,73453,2,,,1,55,,73393,2,,,1,15,,73413,2,,,1,15,,73433,2,,,1,15,,73454,2,,,1,55,,73394,2,,,1,15,,73414,2,,,1,15,,73434,2,,,1,15,,73455,2,,,1,55,,73395,2,,,1,15,,73415,2,,,1,15,,73435,2,,,1,15,,73456,2,,,1,55,,73396,2,,,1,15,,73416,2,,,1,15,,73436,2,,,1,15,,73457,2,,,1,55,,73397,2,,,1,15,,73417,2,,,1,15,,73437,2,,,1,15,,73458,2,,,1,55,,73398,2,,,1,15,,73418,2,,,1,15,,73438,2,,,1,15,,73459,2,,,1,55,,73399,2,,,1,15,,73419,2,,,1,15,,73439,2,,,1,15,,73460,2,,,1,55,,73400,2,,,1,15,,73420,2,,,1,15,,73440,2,,,1,15,,73461,2,,,1,55,,73401,2,,,1
0,'20261119',503,,73522,2,,,1,15,,73462,2,,,1,20,,73502,2,,,1,15,,73523,2,,,1,55,,73463,2,,,1,15,,73483,2,,,1,15,,73503,2,,,1,15,,73524,2,,,1,55,,73464,2,,,1,15,,73484,2,,,1,15,,73504,2,,,1,15,,73525,2,,,1,55,,73465,2,,,1,15,,73485,2,,,1,15,,73505,2,,,1,15,,73526,2,,,1,55,,73466,2,,,1,15,,73486,2,,,1,15,,73506,2,,,1,15,,73527,2,,,1,55,,73467,2,,,1,15,,73487,2,,,1,15,,73507,2,,,1,15,,73528,2,,,1,55,,73468,2,,,1,15,,73488,2,,,1,15,,73508,2,,,1,15,,73529,2,,,1,55,,73469,2,,,1,15,,73489,2,,,1,15,,73509,2,,,1,15,,73530,2,,,1,55,,73470,2,,,1,15,,73490,2,,,1,15,,73510,2,,,1,15,,73531,2,,,1,55,,73471,2,,,1,15,,73491,2,,,1,15,,73511,2,,,1,15,,73532,2,,,1,55,,73472,2,,,1,15,,73492,2,,,1,15,,73512,2,,,1,15,,73533,2,,,1,55,,73473,2,,,1,15,,73493,2,,,1,15,,73513,2,,,1,15,,73534,2,,,1,55,,73474,2,,,1,15,,73494,2,,,1,15,,73514,2,,,1,15,,73535,2,,,1,55,,73475,2,,,1,15,,73495,2,,,1,15,,73515,2,,,1,15,,73536,2,,,1,55,,73476,2,,,1,15,,73496,2,,,1,15,,73516,2,,,1,15,,73537,2,,,1,55,,73477,2,,,1,15,,73497,2,,,1,15,,73517,2,,,1,15,,73538,2,,,1,55,,73478,2,,,1,15,,73498,2,,,1,15,,73518,2,,,1,15,,73539,2,,,1,55,,73479,2,,,1,15,,73499,2,,,1,15,,73519,2,,,1,15,,73540,2,,,1,55,,73480,2,,,1,15,,73500,2,,,1,15,,73520,2,,,1,15,,73541,2,,,1,55,,73481,2,,,1,15,,73501,2,,,1,15,,73521,2,,,1,15,,73542,2,,,1,55,,73482,2,,,1
0,'20261120',503,,73603,2,,,1,15,,73543,2,,,1,20,,73583,2,,,1,15,,73604,2,,,1,55,,73544,2,,,1,15,,73564,2,,,1,15,,73584,2,,,1,15,,73605,2,,,1,55,,73545,2,,,1,15,,73565,2,,,1,15,,73585,2,,,1,15,,73606,2,,,1,55,,73546,2,,,1,15,,73566,2,,,1,15,,73586,2,,,1,15,,73607,2,,,1,55,,73547,2,,,1,15,,73567,2,,,1,15,,73587,2,,,1,15,,73608,2,,,1,55,,73548,2,,,1,15,,73568,2,,,1,15,,73588,2,,,1,15,,73609,2,,,1,55,,73549,2,,,1,15,,73569,2,,,1,15,,73589,2,,,1,15,,73610,2,,,1,55,,73550,2,,,1,15,,73570,2,,,1,15,,73590,2,,,1,15,,73611,2,,,1,55,,73551,2,,,1,15,,73571,2,,,1,15,,73591,2,,,1,15,,73612,2,,,1,55,,73552,2,,,1,15,,73572,2,,,1,15,,73592,2,,,1,15,,73613,2,,,1,55,,73553,2,,,1,15,,73573,2,,,1,15,,73593,2,,,1,15,,73614,2,,,1,55,,73554,2,,,1,15,,73574,2,,,1,15,,73594,2,,,1,15,,73615,2,,,1,55,,73555,2,,,1,15,,73575,2,,,1,15,,73595,2,,,1,15,,73616,2,,,1,55,,73556,2,,,1,15,,73576,2,,,1,15,,73596,2,,,1,15,,73617,2,,,1,55,,73557,2,,,1,15,,73577,2,,,1,15,,73597,2,,,1,15,,73618,2,,,1,55,,73558,2,,,1,15,,73578,2,,,1,15,,73598,2,,,1,15,,73619,2,,,1,55,,73559,2,,,1,15,,73579,2,,,1,15,,73599,2,,,1,15,,73620,2,,,1,55,,73560,2,,,1,15,,73580,2,,,1,15,,73600,2,,,1,15,,73621,2,,,1,55,,73561,2,,,1,15,,73581,2,,,1,15,,73601,2,,,1,15,,73622,2,,,1,55,,73562,2,,,1,15,,73582,2,,,1,15,,73602,2,,,1,15,,73623,2,,,1,55,,73563,2,,,1
0,'20261121',608,,73624,2,,,1,15,,73644,2,,,1,15,,73663,2,,,1,15,,73682,2,,,1,55,,73625,2,,,1,15,,73645,2,,,1,15,,73664,2,,,1,15,,73683,2,,,1,55,,73626,2,,,1,15,,73646,2,,,1,15,,73665,2,,,1,15,,73684,2,,,1,55,,73627,2,,,1,15,,73647,2,,,1,15,,73666,2,,,1,15,,73685,2,,,1,55,,73628,2,,,1,15,,73648,2,,,1,15,,73667,2,,,1,15,,73686,2,,,1,55,,73629,2,,,1,15,,73649,2,,,1,15,,73668,2,,,1,15,,73687,2,,,1,55,,73630,2,,,1,15,,73650,2,,,1,15,,73669,2,,,1,15,,73688,2,,,1,55,,73631,2,,,1,15,,73651,2,,,1,15,,73670,2,,,1,15,,73689,2,,,1,55,,73632,2,,,1,15,,73652,2,,,1,15,,73671,2,,,1,15,,73690,2,,,1,55,,73633,2,,,1,15,,73653,2,,,1,15,,73672,2,,,1,15,,73691,2,,,1,55,,73634,2,,,1,15,,73654,2,,,1,15,,73673,2,,,1,15,,73692,2,,,1,55,,73635,2,,,1,15,,73655,2,,,1,15,,73674,2,,,1,15,,73693,2,,,1,55,,73636,2,,,1,15,,73656,2,,,1,15,,73675,2,,,1,15,,73694,2,,,1,55,,73637,2,,,1,15,,73657,2,,,1,15,,73676,2,,,1,15,,73695,2,,,1,55,,73638,2,,,1,15,,73658,2,,,1,15,,73677,2,,,1,15,,73696,2,,,1,55,,73639,2,,,1,15,,73659,2,,,1,15,,73678,2,,,1,15,,73697,2,,,1,55,,73640,2,,,1,15,,73660,2,,,1,15,,73679,2,,,1,15,,73698,2,,,1,55,,73641,2,,,1,15,,73661,2,,,1,15,,73680,2,,,1,15,,73699,2,,,1,55,,73642,2,,,1,15,,73662,2,,,1,15,,73681,2,,,1,15,,73700,2,,,1,55,,73643,2,,,1
0,'20261122',608,,73701,2,,,1,15,,73721,2,,,1,15,,73740,2,,,1,15,,73759,2,,,1,55,,73702,2,,,1,15,,73722,2,,,1,15,,73741,2,,,1,15,,73760,2,,,1,55,,73703,2,,,1,15,,73723,2,,,1,15,,73742,2,,,1,15,,73761,2,,,1,55,,73704,2,,,1,15,,73724,2,,,1,15,,73743,2,,,1,15,,73762,2,,,1,55,,73705,2,,,1,15,,73725,2,,,1,15,,73744,2,,,1,15,,73763,2,,,1,55,,73706,2,,,1,15,,73726,2,,,1,15,,73745,2,,,1,15,,73764,2,,,1,55,,73707,2,,,1,15,,73727,2,,,1,15,,73746,2,,,1,15,,73765,2,,,1,55,,73708,2,,,1,15,,73728,2,,,1,15,,73747,2,,,1,15,,73766,2,,,1,55,,73709,2,,,1,15,,73729,2,,,1,15,,73748,2,,,1,15,,73767,2,,,1,55,,73710,2,,,1,15,,73730,2,,,1,15,,73749,2,,,1,15,,73768,2,,,1,55,,73711,2,,,1,15,,73731,2,,,1,15,,73750,2,,,1,15,,73769,2,,,1,55,,73712,2,,,1,15,,73732,2,,,1,15,,73751,2,,,1,15,,73770,2,,,1,55,,73713,2,,,1,15,,73733,2,,,1,15,,73752,2,,,1,15,,73771,2,,,1,55,,73714,2,,,1,15,,73734,2,,,1,15,,73753,2,,,1,15,,73772,2,,,1,55,,73715,2,,,1,15,,73735,2,,,1,15,,73754,2,,,1,15,,73773,2,,,1,55,,73716,2,,,1,15,,73736,2,,,1,15,,73755,2,,,1,15,,73774,2,,,1,55,,73717,2,,,1,15,,73737,2,,,1,15,,73756,2,,,1,15,,73775,2,,,1,55,,73718,2,,,1,15,,73738,2,,,1,15,,73757,2,,,1,15,,73776,2,,,1,55,,73719,2,,,1,15,,73739,2,,,1,15,,73758,2,,,1,15,,73777,2,,,1,55,,73720,2,,,1
0,'20261123',503,,73838,2,,,1,15,,73778,2,,,1,20,,73818,2,,,1,15,,73839,2,,,1,55,,73779,2,,,1,15,,73799,2,,,1,15,,73819,2,,,1,15,,73840,2,,,1,55,,73780,2,,,1,15,,73800,2,,,1,15,,73820,2,,,1,15,,73841,2,,,1,55,,73781,2,,,1,15,,73801,2,,,1,15,,73821,2,,,1,15,,73842,2,,,1,55,,73782,2,,,1,15,,73802,2,,,1,15,,73822,2,,,1,15,,73843,2,,,1,55,,73783,2,,,1,15,,73803,2,,,1,15,,73823,2,,,1,15,,73844,2,,,1,55,,73784,2,,,1,15,,73804,2,,,1,15,,73824,2,,,1,15,,73845,2,,,1,55,,73785,2,,,1,15,,73805,2,,,1,15,,73825,2,,,1,15,,73846,2,,,1,55,,73786,2,,,1,15,,73806,2,,,1,15,,73826,2,,,1,15,,73847,2,,,1,55,,73787,2,,,1,15,,73807,2,,,1,15,,73827,2,,,1,15,,73848,2,,,1,55,,73788,2,,,1,15,,73808,2,,,1,15,,73828,2,,,1,15,,73849,2,,,1,55,,73789,2,,,1,15,,73809,2,,,1,15,,73829,2,,,1,15,,73850,2,,,1,55,,73790,2,,,1,15,,73810,2,,,1,15,,73830,2,,,1,15,,73851,2,,,1,55,,73791,2,,,1,15,,73811,2,,,1,15,,73831,2,,,1,15,,73852,2,,,1,55,,73792,2,,,1,15,,73812,2,,,1,15,,73832,2,,,1,15,,73853,2,,,1,55,,73793,2,,,1,15,,73813,2,,,1,15,,73833,2,,,1,15,,73854,2,,,1,55,,73794,2,,,1,15,,73814,2,,,1,15,,73834,2,,,1,15,,73855,2,,,1,55,,73795,2,,,1,15,,73815,2,,,1,15,,73835,2,,,1,15,,73856,2,,,1,55,,73796,2,,,1,15,,73816,2,,,1,15,,73836,2,,,1,15,,73857,2,,,1,55,,73797,2,,,1,15,,73817,2,,,1,15,,73837,2,,,1,15,,73858,2,,,1,55,,73798,2,,,1
0,'20261124',503,,73919,2,,,1,15,,73859,2,,,1,20,,73899,2,,,1,15,,73920,2,,,1,55,,73860,2,,,1,15,,73880,2,,,1,15,,73900,2,,,1,15,,73921,2,,,1,55,,73861,2,,,1,15,,73881,2,,,1,15,,73901,2,,,1,15,,73922,2,,,1,55,,73862,2,,,1,15,,73882,2,,,1,15,,73902,2,,,1,15,,73923,2,,,1,55,,73863,2,,,1,15,,73883,2,,,1,15,,73903,2,,,1,15,,73924,2,,,1,55,,73864,2,,,1,15,,73884,2,,,1,15,,73904,2,,,1,15,,73925,2,,,1,55,,73865,2,,,1,15,,73885,2,,,1,15,,73905,2,,,1,15,,73926,2,,,1,55,,73866,2,,,1,15,,73886,2,,,1,15,,73906,2,,,1,15,,73927,2,,,1,55,,73867,2,,,1,15,,73887,2,,,1,15,,73907,2,,,1,15,,73928,2,,,1,55,,73868,2,,,1,15,,73888,2,,,1,15,,73908,2,,,1,15,,73929,2,,,1,55,,73869,2,,,1,15,,73889,2,,,1,15,,73909,2,,,1,15,,73930,2,,,1,55,,73870,2,,,1,15,,73890,2,,,1,15,,73910,2,,,1,15,,73931,2,,,1,55,,73871,2,,,1,15,,73891,2,,,1,15,,73911,2,,,1,15,,73932,2,,,1,55,,73872,2,,,1,15,,73892,2,,,1,15,,73912,2,,,1,15,,73933,2,,,1,55,,73873,2,,,1,15,,73893,2,,,1,15,,73913,2,,,1,15,,73934,2,,,1,55,,73874,2,,,1,15,,73894,2,,,1,15,,73914,2,,,1,15,,73935,2,,,1,55,,73875,2,,,1,15,,73895,2,,,1,15,,73915,2,,,1,15,,73936,2,,,1,55,,73876,2,,,1,15,,73896,2,,,1,15,,73916,2,,,1,15,,73937,2,,,1,55,,73877,2,,,1,15,,73897,2,,,1,15,,73917,2,,,1,15,,73938,2,,,1,55,,73878,2,,,1,15,,73898,2,,,1,15,,73918,2,,,1,15,,73939,2,,,1,55,,73879,2,,,1
0,'20261125',503,,74000,2,,,1,15,,73940,2,,,1,20,,73980,2,,,1,15,,74001,2,,,1,55,,73941,2,,,1,15,,73961,2,,,1,15,,73981,2,,,1,15,,74002,2,,,1,55,,73942,2,,,1,15,,73962,2,,,1,15,,73982,2,,,1,15,,74003,2,,,1,55,,73943,2,,,1,15,,73963,2,,,1,15,,73983,2,,,1,15,,74004,2,,,1,55,,73944,2,,,1,15,,73964,2,,,1,15,,73984,2,,,1,15,,74005,2,,,1,55,,73945,2,,,1,15,,73965,2,,,1,15,,73985,2,,,1,15,,74006,2,,,1,55,,73946,2,,,1,15,,73966,2,,,1,15,,73986,2,,,1,15,,74007,2,,,1,55,,73947,2,,,1,15,,73967,2,,,1,15,,73987,2,,,1,15,,74008,2,,,1,55,,73948,2,,,1,15,,73968,2,,,1,15,,73988,2,,,1,15,,74009,2,,,1,55,,73949,2,,,1,15,,73969,2,,,1,15,,73989,2,,,1,15,,74010,2,,,1,55,,73950,2,,,1,15,,73970,2,,,1,15,,73990,2,,,1,15,,74011,2,,,1,55,,73951,2,,,1,15,,73971,2,,,1,15,,73991,2,,,1,15,,74012,2,,,1,55,,73952,2,,,1,15,,73972,2,,,1,15,,73992,2,,,1,15,,74013,2,,,1,55,,73953,2,,,1,15,,73973,2,,,1,15,,73993,2,,,1,15,,74014,2,,,1,55,,73954,2,,,1,15,,73974,2,,,1,15,,73994,2,,,1,15,,74015,2,,,1,55,,73955,2,,,1,15,,73975,2,,,1,15,,73995,2,,,1,15,,74016,2,,,1,55,,73956,2,,,1,15,,73976,2,,,1,15,,73996,2,,,1,15,,74017,2,,,1,55,,73957,2,,,1,15,,73977,2,,,1,15,,73997,2,,,1,15,,74018,2,,,1,55,,73958,2,,,1,15,,73978,2,,,1,15,,73998,2,,,1,15,,74019,2,,,1,55,,73959,2,,,1,15,,73979,2,,,1,15,,73999,2,,,1,15,,74020,2,,,1,55,,73960,2,,,1
0,'20261126',503,,74081,2,,,1,15,,74021,2,,,1,20,,74061,2,,,1,15,,74082,2,,,1,55,,74022,2,,,1,15,,74042,2,,,1,15,,74062,2,,,1,15,,74083,2,,,1,55,,74023,2,,,1,15,,74043,2,,,1,15,,74063,2,,,1,15,,74084,2,,,1,55,,74024,2,,,1,15,,74044,2,,,1,15,,74064,2,,,1,15,,74085,2,,,1,55,,74025,2,,,1,15,,74045,2,,,1,15,,74065,2,,,1,15,,74086,2,,,1,55,,74026,2,,,1,15,,74046,2,,,1,15,,74066,2,,,1,15,,74087,2,,,1,55,,74027,2,,,1,15,,74047,2,,,1,15,,74067,2,,,1,15,,74088,2,,,1,55,,74028,2,,,1,15,,74048,2,,,1,15,,74068,2,,,1,15,,74089,2,,,1,55,,74029,2,,,1,15,,74049,2,,,1,15,,74069,2,,,1,15,,74090,2,,,1,55,,74030,2,,,1,15,,74050,2,,,1,15,,74070,2,,,1,15,,74091,2,,,1,55,,74031,2,,,1,15,,74051,2,,,1,15,,74071,2,,,1,15,,74092,2,,,1,55,,74032,2,,,1,15,,74052,2,,,1,15,,74072,2,,,1,15,,74093,2,,,1,55,,74033,2,,,1,15,,74053,2,,,1,15,,74073,2,,,1,15,,74094,2,,,1,55,,74034,2,,,1,15,,74054,2,,,1,15,,74074,2,,,1,15,,74095,2,,,1,55,,74035,2,,,1,15,,74055,2,,,1,15,,74075,2,,,1,15,,74096,2,,,1,55,,74036,2,,,1,15,,74056,2,,,1,15,,74076,2,,,1,15,,74097,2,,,1,55,,74037,2,,,1,15,,74057,2,,,1,15,,74077,2,,,1,15,,74098,2,,,1,55,,74038,2,,,1,15,,74058,2,,,1,15,,74078,2,,,1,15,,74099,2,,,1,55,,74039,2,,,1,15,,74059,2,,,1,15,,74079,2,,,1,15,,74100,2,,,1,55,,74040,2,,,1,15,,74060,2,,,1,15,,74080,2,,,1,15,,74101,2,,,1,55,,74041,2,,,1
0,'20261127',503,,74162,2,,,1,15,,74102,2,,,1,20,,74142,2,,,1,15,,74163,2,,,1,55,,74103,2,,,1,15,,74123,2,,,1,15,,74143,2,,,1,15,,74164,2,,,1,55,,74104,2,,,1,15,,74124,2,,,1,15,,74144,2,,,1,15,,74165,2,,,1,55,,74105,2,,,1,15,,74125,2,,,1,15,,74145,2,,,1,15,,74166,2,,,1,55,,74106,2,,,1,15,,74126,2,,,1,15,,74146,2,,,1,15,,74167,2,,,1,55,,74107,2,,,1,15,,74127,2,,,1,15,,74147,2,,,1,15,,74168,2,,,1,55,,74108,2,,,1,15,,74128,2,,,1,15,,74148,2,,,1,15,,74169,2,,,1,55,,74109,2,,,1,15,,74129,2,,,1,15,,74149,2,,,1,15,,74170,2,,,1,55,,74110,2,,,1,15,,74130,2,,,1,15,,74150,2,,,1,15,,74171,2,,,1,55,,74111,2,,,1,15,,74131,2,,,1,15,,74151,2,,,1,15,,74172,2,,,1,55,,74112,2,,,1,15,,74132,2,,,1,15,,74152,2,,,1,15,,74173,2,,,1,55,,74113,2,,,1,15,,74133,2,,,1,15,,74153,2,,,1,15,,74174,2,,,1,55,,74114,2,,,1,15,,74134,2,,,1,15,,74154,2,,,1,15,,74175,2,,,1,55,,74115,2,,,1,15,,74135,2,,,1,15,,74155,2,,,1,15,,74176,2,,,1,55,,74116,2,,,1,15,,74136,2,,,1,15,,74156,2,,,1,15,,74177,2,,,1,55,,74117,2,,,1,15,,74137,2,,,1,15,,74157,2,,,1,15,,74178,2,,,1,55,,74118,2,,,1,15,,74138,2,,,1,15,,74158,2,,,1,15,,74179,2,,,1,55,,74119,2,,,1,15,,74139,2,,,1,15,,74159,2,,,1,15,,74180,2,,,1,55,,74120,2,,,1,15,,74140,2,,,1,15,,74160,2,,,1,15,,74181,2,,,1,55,,74121,2,,,1,15,,74141,2,,,1,15,,74161,2,,,1,15,,74182,2,,,1,55,,74122,2,,,1
0,'20261128',608,,74183,2,,,1,15,,74203,2,,,1,15,,74222,2,,,1,15,,74241,2,,,1,55,,74184,2,,,1,15,,74204,2,,,1,15,,74223,2,,,1,15,,74242,2,,,1,55,,74185,2,,,1,15,,74205,2,,,1,15,,74224,2,,,1,15,,74243,2,,,1,55,,74186,2,,,1,15,,74206,2,,,1,15,,74225,2,,,1,15,,74244,2,,,1,55,,74187,2,,,1,15,,74207,2,,,1,15,,74226,2,,,1,15,,74245,2,,,1,55,,74188,2,,,1,15,,74208,2,,,1,15,,74227,2,,,1,15,,74246,2,,,1,55,,74189,2,,,1,15,,74209,2,,,1,15,,74228,2,,,1,15,,74247,2,,,1,55,,74190,2,,,1,15,,74210,2,,,1,15,,74229,2,,,1,15,,74248,2,,,1,55,,74191,2,,,1,15,,74211,2,,,1,15,,74230,2,,,1,15,,74249,2,,,1,55,,74192,2,,,1,15,,74212,2,,,1,15,,74231,2,,,1,15,,74250,2,,,1,55,,74193,2,,,1,15,,74213,2,,,1,15,,74232,2,,,1,15,,74251,2,,,1,55,,74194,2,,,1,15,,74214,2,,,1,15,,74233,2,,,1,15,,74252,2,,,1,55,,74195,2,,,1,15,,74215,2,,,1,15,,74234,2,,,1,15,,74253,2,,,1,55,,74196,2,,,1,15,,74216,2,,,1,15,,74235,2,,,1,15,,74254,2,,,1,55,,74197,2,,,1,15,,74217,2,,,1,15,,74236,2,,,1,15,,74255,2,,,1,55,,74198,2,,,1,15,,74218,2,,,1,15,,74237,2,,,1,15,,74256,2,,,1,55,,74199,2,,,1,15,,74219,2,,,1,15,,74238,2,,,1,15,,74257,2,,,1,55,,74200,2,,,1,15,,74220,2,,,1,15,,74239,2,,,1,15,,74258,2,,,1,55,,74201,2,,,1,15,,74221,2,,,1,15,,74240,2,,,1,15,,74259,2,,,1,55,,74202,2,,,1
0,'20261129',608,,74260,2,,,1,15,,74280,2,,,1,15,,74299,2,,,1,15,,74318,2,,,1,55,,74261,2,,,1,15,,74281,2,,,1,15,,74300,2,,,1,15,,74319,2,,,1,55,,74262,2,,,1,15,,74282,2,,,1,15,,74301,2,,,1,15,,74320,2,,,1,55,,74263,2,,,1,15,,74283,2,,,1,15,,74302,2,,,1,15,,74321,2,,,1,55,,74264,2,,,1,15,,74284,2,,,1,15,,74303,2,,,1,15,,74322,2,,,1,55,,74265,2,,,1,15,,74285,2,,,1,15,,74304,2,,,1,15,,74323,2,,,1,55,,74266,2,,,1,15,,74286,2,,,1,15,,74305,2,,,1,15,,74324,2,,,1,55,,74267,2,,,1,15,,74287,2,,,1,15,,74306,2,,,1,15,,74325,2,,,1,55,,74268,2,,,1,15,,74288,2,,,1,15,,74307,2,,,1,15,,74326,2,,,1,55,,74269,2,,,1,15,,74289,2,,,1,15,,74308,2,,,1,15,,74327,2,,,1,55,,74270,2,,,1,15,,74290,2,,,1,15,,74309,2,,,1,15,,74328,2,,,1,55,,74271,2,,,1,15,,74291,2,,,1,15,,74310,2,,,1,15,,74329,2,,,1,55,,74272,2,,,1,15,,74292,2,,,1,15,,74311,2,,,1,15,,74330,2,,,1,55,,74273,2,,,1,15,,74293,2,,,1,15,,74312,2,,,1,15,,74331,2,,,1,55,,74274,2,,,1,15,,74294,2,,,1,15,,74313,2,,,1,15,,74332,2,,,1,55,,74275,2,,,1,15,,74295,2,,,1,15,,74314,2,,,1,15,,74333,2,,,1,55,,74276,2,,,1,15,,74296,2,,,1,15,,74315,2,,,1,15,,74334,2,,,1,55,,74277,2,,,1,15,,74297,2,,,1,15,,74316,2,,,1,15,,74335,2,,,1,55,,74278,2,,,1,15,,74298,2,,,1,15,,74317,2,,,1,15,,74336,2,,,1,55,,74279,2,,,1
0,'20261130',503,,74397,2,,,1,15,,74337,2,,,1,20,,74377,2,,,1,15,,74398,2,,,1,55,,74338,2,,,1,15,,74358,2,,,1,15,,74378,2,,,1,15,,74399,2,,,1,55,,74339,2,,,1,15,,74359,2,,,1,15,,74379,2,,,1,15,,74400,2,,,1,55,,74340,2,,,1,15,,74360,2,,,1,15,,74380,2,,,1,15,,74401,2,,,1,55,,74341,2,,,1,15,,74361,2,,,1,15,,74381,2,,,1,15,,74402,2,,,1,55,,74342,2,,,1,15,,74362,2,,,1,15,,74382,2,,,1,15,,74403,2,,,1,55,,74343,2,,,1,15,,74363,2,,,1,15,,74383,2,,,1,15,,74404,2,,,1,55,,74344,2,,,1,15,,74364,2,,,1,15,,74384,2,,,1,15,,74405,2,,,1,55,,74345,2,,,1,15,,74365,2,,,1,15,,74385,2,,,1,15,,74406,2,,,1,55,,74346,2,,,1,15,,74366,2,,,1,15,,74386,2,,,1,15,,74407,2,,,1,55,,74347,2,,,1,15,,74367,2,,,1,15,,74387,2,,,1,15,,74408,2,,,1,55,,74348,2,,,1,15,,74368,2,,,1,15,,74388,2,,,1,15,,74409,2,,,1,55,,74349,2,,,1,15,,74369,2,,,1,15,,74389,2,,,1,15,,74410,2,,,1,55,,74350,2,,,1,15,,74370,2,,,1,15,,74390,2,,,1,15,,74411,2,,,1,55,,74351,2,,,1,15,,74371,2,,,1,15,,74391,2,,,1,15,,74412,2,,,1,55,,74352,2,,,1,15,,74372,2,,,1,15,,74392,2,,,1,15,,74413,2,,,1,55,,74353,2,,,1,15,,74373,2,,,1,15,,74393,2,,,1,15,,74414,2,,,1,55,,74354,2,,,1,15,,74374,2,,,1,15,,74394,2,,,1,15,,74415,2,,,1,55,,74355,2,,,1,15,,74375,2,,,1,15,,74395,2,,,1,15,,74416,2,,,1,55,,74356,2,,,1,15,,74376,2,,,1,15,,74396,2,,,1,15,,74417,2,,,1,55,,74357,2,,,1
0,'20261201',503,,74478,2,,,1,15,,74418,2,,,1,20,,74458,2,,,1,15,,74479,2,,,1,55,,74419,2,,,1,15,,74439,2,,,1,15,,74459,2,,,1,15,,74480,2,,,1,55,,74420,2,,,1,15,,74440,2,,,1,15,,74460,2,,,1,15,,74481,2,,,1,55,,74421,2,,,1,15,,74441,2,,,1,15,,74461,2,,,1,15,,74482,2,,,1,55,,74422,2,,,1,15,,74442,2,,,1,15,,74462,2,,,1,15,,74483,2,,,1,55,,74423,2,,,1,15,,74443,2,,,1,15,,74463,2,,,1,15,,74484,2,,,1,55,,74424,2,,,1,15,,74444,2,,,1,15,,74464,2,,,1,15,,74485,2,,,1,55,,74425,2,,,1,15,,74445,2,,,1,15,,74465,2,,,1,15,,74486,2,,,1,55,,74426,2,,,1,15,,74446,2,,,1,15,,74466,2,,,1,15,,74487,2,,,1,55,,74427,2,,,1,15,,74447,2,,,1,15,,74467,2,,,1,15,,74488,2,,,1,55,,74428,2,,,1,15,,74448,2,,,1,15,,74468,2,,,1,15,,74489,2,,,1,55,,74429,2,,,1,15,,74449,2,,,1,15,,74469,2,,,1,15,,74490,2,,,1,55,,74430,2,,,1,15,,74450,2,,,1,15,,74470,2,,,1,15,,74491,2,,,1,55,,74431,2,,,1,15,,74451,2,,,1,15,,74471,2,,,1,15,,74492,2,,,1,55,,74432,2,,,1,15,,74452,2,,,1,15,,74472,2,,,1,15,,74493,2,,,1,55,,74433,2,,,1,15,,74453,2,,,1,15,,74473,2,,,1,15,,74494,2,,,1,55,,74434,2,,,1,15,,74454,2,,,1,15,,74474,2,,,1,15,,74495,2,,,1,55,,74435,2,,,1,15,,74455,2,,,1,15,,74475,2,,,1,15,,74496,2,,,1,55,,74436,2,,,1,15,,74456,2,,,1,15,,74476,2,,,1,15,,74497,2,,,1,55,,74437,2,,,1,15,,74457,2,,,1,15,,74477,2,,,1,15,,74498,2,,,1,55,,74438,2,,,1
0,'20261202',503,,74559,2,,,1,15,,74499,2,,,1,20,,74539,2,,,1,15,,74560,2,,,1,55,,74500,2,,,1,15,,74520,2,,,1,15,,74540,2,,,1,15,,74561,2,,,1,55,,74501,2,,,1,15,,74521,2,,,1,15,,74541,2,,,1,15,,74562,2,,,1,55,,74502,2,,,1,15,,74522,2,,,1,15,,74542,2,,,1,15,,74563,2,,,1,55,,74503,2,,,1,15,,74523,2,,,1,15,,74543,2,,,1,15,,74564,2,,,1,55,,74504,2,,,1,15,,74524,2,,,1,15,,74544,2,,,1,15,,74565,2,,,1,55,,74505,2,,,1,15,,74525,2,,,1,15,,74545,2,,,1,15,,74566,2,,,1,55,,74506,2,,,1,15,,74526,2,,,1,15,,74546,2,,,1,15,,74567,2,,,1,55,,74507,2,,,1,15,,74527,2,,,1,15,,74547,2,,,1,15,,74568,2,,,1,55,,74508,2,,,1,15,,74528,2,,,1,15,,74548,2,,,1,15,,74569,2,,,1,55,,74509,2,,,1,15,,74529,2,,,1,15,,74549,2,,,1,15,,74570,2,,,1,55,,74510,2,,,1,15,,74530,2,,,1,15,,74550,2,,,1,15,,74571,2,,,1,55,,74511,2,,,1,15,,74531,2,,,1,15,,74551,2,,,1,15,,74572,2,,,1,55,,74512,2,,,1,15,,74532,2,,,1,15,,74552,2,,,1,15,,74573,2,,,1,55,,74513,2,,,1,15,,74533,2,,,1,15,,74553,2,,,1,15,,74574,2,,,1,55,,74514,2,,,1,15,,74534,2,,,1,15,,74554,2,,,1,15,,74575,2,,,1,55,,74515,2,,,1,15,,74535,2,,,1,15,,74555,2,,,1,15,,74576,2,,,1,55,,74516,2,,,1,15,,74536,2,,,1,15,,74556,2,,,1,15,,74577,2,,,1,55,,74517,2,,,1,15,,74537,2,,,1,15,,74557,2,,,1,15,,74578,2,,,1,55,,74518,2,,,1,15,,74538,2,,,1,15,,74558,2,,,1,15,,74579,2,,,1,55,,74519,2,,,1
0,'20261203',503,,74640,2,,,1,15,,74580,2,,,1,20,,74620,2,,,1,15,,74641,2,,,1,55,,74581,2,,,1,15,,74601,2,,,1,15,,74621,2,,,1,15,,74642,2,,,1,55,,74582,2,,,1,15,,74602,2,,,1,15,,74622,2,,,1,15,,74643,2,,,1,55,,74583,2,,,1,15,,74603,2,,,1,15,,74623,2,,,1,15,,74644,2,,,1,55,,74584,2,,,1,15,,74604,2,,,1,15,,74624,2,,,1,15,,74645,2,,,1,55,,74585,2,,,1,15,,74605,2,,,1,15,,74625,2,,,1,15,,74646,2,,,1,55,,74586,2,,,1,15,,74606,2,,,1,15,,74626,2,,,1,15,,74647,2,,,1,55,,74587,2,,,1,15,,74607,2,,,1,15,,74627,2,,,1,15,,74648,2,,,1,55,,74588,2,,,1,15,,74608,2,,,1,15,,74628,2,,,1,15,,74649,2,,,1,55,,74589,2,,,1,15,,74609,2,,,1,15,,74629,2,,,1,15,,74650,2,,,1,55,,74590,2,,,1,15,,74610,2,,,1,15,,74630,2,,,1,15,,74651,2,,,1,55,,74591,2,,,1,15,,74611,2,,,1,15,,74631,2,,,1,15,,74652,2,,,1,55,,74592,2,,,1,15,,74612,2,,,1,15,,74632,2,,,1,15,,74653,2,,,1,55,,74593,2,,,1,15,,74613,2,,,1,15,,74633,2,,,1,15,,74654,2,,,1,55,,74594,2,,,1,15,,74614,2,,,1,15,,74634,2,,,1,15,,74655,2,,,1,55,,74595,2,,,1,15,,74615,2,,,1,15,,74635,2,,,1,15,,74656,2,,,1,55,,74596,2,,,1,15,,74616,2,,,1,15,,74636,2,,,1,15,,74657,2,,,1,55,,74597,2,,,1,15,,74617,2,,,1,15,,74637,2,,,1,15,,74658,2,,,1,55,,74598,2,,,1,15,,74618,2,,,1,15,,74638,2,,,1,15,,74659,2,,,1,55,,74599,2,,,1,15,,74619,2,,,1,15,,74639,2,,,1,15,,74660,2,,,1,55,,74600,2,,,1
0,'20261204',503,,74721,2,,,1,15,,74661,2,,,1,20,,74701,2,,,1,15,,74722,2,,,1,55,,74662,2,,,1,15,,74682,2,,,1,15,,74702,2,,,1,15,,74723,2,,,1,55,,74663,2,,,1,15,,74683,2,,,1,15,,74703,2,,,1,15,,74724,2,,,1,55,,74664,2,,,1,15,,74684,2,,,1,15,,74704,2,,,1,15,,74725,2,,,1,55,,74665,2,,,1,15,,74685,2,,,1,15,,74705,2,,,1,15,,74726,2,,,1,55,,74666,2,,,1,15,,74686,2,,,1,15,,74706,2,,,1,15,,74727,2,,,1,55,,74667,2,,,1,15,,74687,2,,,1,15,,74707,2,,,1,15,,74728,2,,,1,55,,74668,2,,,1,15,,74688,2,,,1,15,,74708,2,,,1,15,,74729,2,,,1,55,,74669,2,,,1,15,,74689,2,,,1,15,,74709,2,,,1,15,,74730,2,,,1,55,,74670,2,,,1,15,,74690,2,,,1,15,,74710,2,,,1,15,,74731,2,,,1,55,,74671,2,,,1,15,,74691,2,,,1,15,,74711,2,,,1,15,,74732,2,,,1,55,,74672,2,,,1,15,,74692,2,,,1,15,,74712,2,,,1,15,,74733,2,,,1,55,,74673,2,,,1,15,,74693,2,,,1,15,,74713,2,,,1,15,,74734,2,,,1,55,,74674,2,,,1,15,,74694,2,,,1,15,,74714,2,,,1,15,,74735,2,,,1,55,,74675,2,,,1,15,,74695,2,,,1,15,,74715,2,,,1,15,,74736,2,,,1,55,,74676,2,,,1,15,,74696,2,,,1,15,,74716,2,,,1,15,,74737,2,,,1,55,,74677,2,,,1,15,,74697,2,,,1,15,,74717,2,,,1,15,,74738,2,,,1,55,,74678,2,,,1,15,,74698,2,,,1,15,,74718,2,,,1,15,,74739,2,,,1,55,,74679,2,,,1,15,,74699,2,,,1,15,,74719,2,,,1,15,,74740,2,,,1,55,,74680,2,,,1,15,,74700,2,,,1,15,,74720,2,,,1,15,,74741,2,,,1,55,,74681,2,,,1
0,'20261205',608,,74742,2,,,1,15,,74762,2,,,1,15,,74781,2,,,1,15,,74800,2,,,1,55,,74743,2,,,1,15,,74763,2,,,1,15,,74782,2,,,1,15,,74801,2,,,1,55,,74744,2,,,1,15,,74764,2,,,1,15,,74783,2,,,1,15,,74802,2,,,1,55,,74745,2,,,1,15,,74765,2,,,1,15,,74784,2,,,1,15,,74803,2,,,1,55,,74746,2,,,1,15,,74766,2,,,1,15,,74785,2,,,1,15,,74804,2,,,1,55,,74747,2,,,1,15,,74767,2,,,1,15,,74786,2,,,1,15,,74805,2,,,1,55,,74748,2,,,1,15,,74768,2,,,1,15,,74787,2,,,1,15,,74806,2,,,1,55,,74749,2,,,1,15,,74769,2,,,1,15,,74788,2,,,1,15,,74807,2,,,1,55,,74750,2,,,1,15,,74770,2,,,1,15,,74789,2,,,1,15,,74808,2,,,1,55,,74751,2,,,1,15,,74771,2,,,1,15,,74790,2,,,1,15,,74809,2,,,1,55,,74752,2,,,1,15,,74772,2,,,1,15,,74791,2,,,1,15,,74810,2,,,1,55,,74753,2,,,1,15,,74773,2,,,1,15,,74792,2,,,1,15,,74811,2,,,1,55,,74754,2,,,1,15,,74774,2,,,1,15,,74793,2,,,1,15,,74812,2,,,1,55,,74755,2,,,1,15,,74775,2,,,1,15,,74794,2,,,1,15,,74813,2,,,1,55,,74756,2,,,1,15,,74776,2,,,1,15,,74795,2,,,1,15,,74814,2,,,1,55,,74757,2,,,1,15,,74777,2,,,1,15,,74796,2,,,1,15,,74815,2,,,1,55,,74758,2,,,1,15,,74778,2,,,1,15,,74797,2,,,1,15,,74816,2,,,1,55,,74759,2,,,1,15,,74779,2,,,1,15,,74798,2,,,1,15,,74817,2,,,1,55,,74760,2,,,1,15,,74780,2,,,1,15,,74799,2,,,1,15,,74818,2,,,1,55,,74761,2,,,1
0,'20261206',608,,74819,2,,,1,15,,74839,2,,,1,15,,74858,2,,,1,15,,74877,2,,,1,55,,74820,2,,,1,15,,74840,2,,,1,15,,74859,2,,,1,15,,74878,2,,,1,55,,74821,2,,,1,15,,74841,2,,,1,15,,74860,2,,,1,15,,74879,2,,,1,55,,74822,2,,,1,15,,74842,2,,,1,15,,74861,2,,,1,15,,74880,2,,,1,55,,74823,2,,,1,15,,74843,2,,,1,15,,74862,2,,,1,15,,74881,2,,,1,55,,74824,2,,,1,15,,74844,2,,,1,15,,74863,2,,,1,15,,74882,2,,,1,55,,74825,2,,,1,15,,74845,2,,,1,15,,74864,2,,,1,15,,74883,2,,,1,55,,74826,2,,,1,15,,74846,2,,,1,15,,74865,2,,,1,15,,74884,2,,,1,55,,74827,2,,,1,15,,74847,2,,,1,15,,74866,2,,,1,15,,74885,2,,,1,55,,74828,2,,,1,15,,74848,2,,,1,15,,74867,2,,,1,15,,74886,2,,,1,55,,74829,2,,,1,15,,74849,2,,,1,15,,74868,2,,,1,15,,74887,2,,,1,55,,74830,2,,,1,15,,74850,2,,,1,15,,74869,2,,,1,15,,74888,2,,,1,55,,74831,2,,,1,15,,74851,2,,,1,15,,74870,2,,,1,15,,74889,2,,,1,55,,74832,2,,,1,15,,74852,2,,,1,15,,74871,2,,,1,15,,74890,2,,,1,55,,74833,2,,,1,15,,74853,2,,,1,15,,74872,2,,,1,15,,74891,2,,,1,55,,74834,2,,,1,15,,74854,2,,,1,15,,74873,2,,,1,15,,74892,2,,,1,55,,74835,2,,,1,15,,74855,2,,,1,15,,74874,2,,,1,15,,74893,2,,,1,55,,74836,2,,,1,15,,74856,2,,,1,15,,74875,2,,,1,15,,74894,2,,,1,55,,74837,2,,,1,15,,74857,2,,,1,15,,74876,2,,,1,15,,74895,2,,,1,55,,74838,2,,,1
0,'20261207',503,,74956,2,,,1,15,,74896,2,,,1,20,,74936,2,,,1,15,,74957,2,,,1,55,,74897,2,,,1,15,,74917,2,,,1,15,,74937,2,,,1,15,,74958,2,,,1,55,,74898,2,,,1,15,,74918,2,,,1,15,,74938,2,,,1,15,,74959,2,,,1,55,,74899,2,,,1,15,,74919,2,,,1,15,,74939,2,,,1,15,,74960,2,,,1,55,,74900,2,,,1,15,,74920,2,,,1,15,,74940,2,,,1,15,,74961,2,,,1,55,,74901,2,,,1,15,,74921,2,,,1,15,,74941,2,,,1,15,,74962,2,,,1,55,,74902,2,,,1,15,,74922,2,,,1,15,,74942,2,,,1,15,,74963,2,,,1,55,,74903,2,,,1,15,,74923,2,,,1,15,,74943,2,,,1,15,,74964,2,,,1,55,,74904,2,,,1,15,,74924,2,,,1,15,,74944,2,,,1,15,,74965,2,,,1,55,,74905,2,,,1,15,,74925,2,,,1,15,,74945,2,,,1,15,,74966,2,,,1,55,,74906,2,,,1,15,,74926,2,,,1,15,,74946,2,,,1,15,,74967,2,,,1,55,,74907,2,,,1,15,,74927,2,,,1,15,,74947,2,,,1,15,,74968,2,,,1,55,,74908,2,,,1,15,,74928,2,,,1,15,,74948,2,,,1,15,,74969,2,,,1,55,,74909,2,,,1,15,,74929,2,,,1,15,,74949,2,,,1,15,,74970,2,,,1,55,,74910,2,,,1,15,,74930,2,,,1,15,,74950,2,,,1,15,,74971,2,,,1,55,,74911,2,,,1,15,,74931,2,,,1,15,,74951,2,,,1,15,,74972,2,,,1,55,,74912,2,,,1,15,,74932,2,,,1,15,,74952,2,,,1,15,,74973,2,,,1,55,,74913,2,,,1,15,,74933,2,,,1,15,,74953,2,,,1,15,,74974,2,,,1,55,,74914,2,,,1,15,,74934,2,,,1,15,,74954,2,,,1,15,,74975,2,,,1,55,,74915,2,,,1,15,,74935,2,,,1,15,,74955,2,,,1,15,,74976,2,,,1,55,,74916,2,,,1
0,'20261208',503,,75037,2,,,1,15,,74977,2,,,1,20,,75017,2,,,1,15,,75038,2,,,1,55,,74978,2,,,1,15,,74998,2,,,1,15,,75018,2,,,1,15,,75039,2,,,1,55,,74979,2,,,1,15,,74999,2,,,1,15,,75019,2,,,1,15,,75040,2,,,1,55,,74980,2,,,1,15,,75000,2,,,1,15,,75020,2,,,1,15,,75041,2,,,1,55,,74981,2,,,1,15,,75001,2,,,1,15,,75021,2,,,1,15,,75042,2,,,1,55,,74982,2,,,1,15,,75002,2,,,1,15,,75022,2,,,1,15,,75043,2,,,1,55,,74983,2,,,1,15,,75003,2,,,1,15,,75023,2,,,1,15,,75044,2,,,1,55,,74984,2,,,1,15,,75004,2,,,1,15,,75024,2,,,1,15,,75045,2,,,1,55,,74985,2,,,1,15,,75005,2,,,1,15,,75025,2,,,1,15,,75046,2,,,1,55,,74986,2,,,1,15,,75006,2,,,1,15,,75026,2,,,1,15,,75047,2,,,1,55,,74987,2,,,1,15,,75007,2,,,1,15,,75027,2,,,1,15,,75048,2,,,1,55,,74988,2,,,1,15,,75008,2,,,1,15,,75028,2,,,1,15,,75049,2,,,1,55,,74989,2,,,1,15,,75009,2,,,1,15,,75029,2,,,1,15,,75050,2,,,1,55,,74990,2,,,1,15,,75010,2,,,1,15,,75030,2,,,1,15,,75051,2,,,1,55,,74991,2,,,1,15,,75011,2,,,1,15,,75031,2,,,1,15,,75052,2,,,1,55,,74992,2,,,1,15,,75012,2,,,1,15,,75032,2,,,1,15,,75053,2,,,1,55,,74993,2,,,1,15,,75013,2,,,1,15,,75033,2,,,1,15,,75054,2,,,1,55,,74994,2,,,1,15,,75014,2,,,1,15,,75034,2,,,1,15,,75055,2,,,1,55,,74995,2,,,1,15,,75015,2,,,1,15,,75035,2,,,1,15,,75056,2,,,1,55,,74996,2,,,1,15,,75016,2,,,1,15,,75036,2,,,1,15,,75057,2,,,1,55,,74997,2,,,1
0,'20261209',503,,75118,2,,,1,15,,75058,2,,,1,20,,75098,2,,,1,15,,75119,2,,,1,55,,75059,2,,,1,15,,75079,2,,,1,15,,75099,2,,,1,15,,75120,2,,,1,55,,75060,2,,,1,15,,75080,2,,,1,15,,75100,2,,,1,15,,75121,2,,,1,55,,75061,2,,,1,15,,75081,2,,,1,15,,75101,2,,,1,15,,75122,2,,,1,55,,75062,2,,,1,15,,75082,2,,,1,15,,75102,2,,,1,15,,75123,2,,,1,55,,75063,2,,,1,15,,75083,2,,,1,15,,75103,2,,,1,15,,75124,2,,,1,55,,75064,2,,,1,15,,75084,2,,,1,15,,75104,2,,,1,15,,75125,2,,,1,55,,75065,2,,,1,15,,75085,2,,,1,15,,75105,2,,,1,15,,75126,2,,,1,55,,75066,2,,,1,15,,75086,2,,,1,15,,75106,2,,,1,15,,75127,2,,,1,55,,75067,2,,,1,15,,75087,2,,,1,15,,75107,2,,,1,15,,75128,2,,,1,55,,75068,2,,,1,15,,75088,2,,,1,15,,75108,2,,,1,15,,75129,2,,,1,55,,75069,2,,,1,15,,75089,2,,,1,15,,75109,2,,,1,15,,75130,2,,,1,55,,75070,2,,,1,15,,75090,2,,,1,15,,75110,2,,,1,15,,75131,2,,,1,55,,75071,2,,,1,15,,75091,2,,,1,15,,75111,2,,,1,15,,75132,2,,,1,55,,75072,2,,,1,15,,75092,2,,,1,15,,75112,2,,,1,15,,75133,2,,,1,55,,75073,2,,,1,15,,75093,2,,,1,15,,75113,2,,,1,15,,75134,2,,,1,55,,75074,2,,,1,15,,75094,2,,,1,15,,75114,2,,,1,15,,75135,2,,,1,55,,75075,2,,,1,15,,75095,2,,,1,15,,75115,2,,,1,15,,75136,2,,,1,55,,75076,2,,,1,15,,75096,2,,,1,15,,75116,2,,,1,15,,75137,2,,,1,55,,75077,2,,,1,15,,75097,2,,,1,15,,75117,2,,,1,15,,75138,2,,,1,55,,75078,2,,,1
0,'20261210',503,,75199,2,,,1,15,,75139,2,,,1,20,,75179,2,,,1,15,,75200,2,,,1,55,,75140,2,,,1,15,,75160,2,,,1,15,,75180,2,,,1,15,,75201,2,,,1,55,,75141,2,,,1,15,,75161,2,,,1,15,,75181,2,,,1,15,,75202,2,,,1,55,,75142,2,,,1,15,,75162,2,,,1,15,,75182,2,,,1,15,,75203,2,,,1,55,,75143,2,,,1,15,,75163,2,,,1,15,,75183,2,,,1,15,,75204,2,,,1,55,,75144,2,,,1,15,,75164,2,,,1,15,,75184,2,,,1,15,,75205,2,,,1,55,,75145,2,,,1,15,,75165,2,,,1,15,,75185,2,,,1,15,,75206,2,,,1,55,,75146,2,,,1,15,,75166,2,,,1,15,,75186,2,,,1,15,,75207,2,,,1,55,,75147,2,,,1,15,,75167,2,,,1,15,,75187,2,,,1,15,,75208,2,,,1,55,,75148,2,,,1,15,,75168,2,,,1,15,,75188,2,,,1,15,,75209,2,,,1,55,,75149,2,,,1,15,,75169,2,,,1,15,,75189,2,,,1,15,,75210,2,,,1,55,,75150,2,,,1,15,,75170,2,,,1,15,,75190,2,,,1,15,,75211,2,,,1,55,,75151,2,,,1,15,,75171,2,,,1,15,,75191,2,,,1,15,,75212,2,,,1,55,,75152,2,,,1,15,,75172,2,,,1,15,,75192,2,,,1,15,,75213,2,,,1,55,,75153,2,,,1,15,,75173,2,,,1,15,,75193,2,,,1,15,,75214,2,,,1,55,,75154,2,,,1,15,,75174,2,,,1,15,,75194,2,,,1,15,,75215,2,,,1,55,,75155,2,,,1,15,,75175,2,,,1,15,,75195,2,,,1,15,,75216,2,,,1,55,,75156,2,,,1,15,,75176,2,,,1,15,,75196,2,,,1,15,,75217,2,,,1,55,,75157,2,,,1,15,,75177,2,,,1,15,,75197,2,,,1,15,,75218,2,,,1,55,,75158,2,,,1,15,,75178,2,,,1,15,,75198,2,,,1,15,,75219,2,,,1,55,,75159,2,,,1
0,'20261211',503,,75280,2,,,1,15,,75220,2,,,1,20,,75260,2,,,1,15,,75281,2,,,1,55,,75221,2,,,1,15,,75241,2,,,1,15,,75261,2,,,1,15,,75282,2,,,1,55,,75222,2,,,1,15,,75242,2,,,1,15,,75262,2,,,1,15,,75283,2,,,1,55,,75223,2,,,1,15,,75243,2,,,1,15,,75263,2,,,1,15,,75284,2,,,1,55,,75224,2,,,1,15,,75244,2,,,1,15,,75264,2,,,1,15,,75285,2,,,1,55,,75225,2,,,1,15,,75245,2,,,1,15,,75265,2,,,1,15,,75286,2,,,1,55,,75226,2,,,1,15,,75246,2,,,1,15,,75266,2,,,1,15,,75287,2,,,1,55,,75227,2,,,1,15,,75247,2,,,1,15,,75267,2,,,1,15,,75288,2,,,1,55,,75228,2,,,1,15,,75248,2,,,1,15,,75268,2,,,1,15,,75289,2,,,1,55,,75229,2,,,1,15,,75249,2,,,1,15,,75269,2,,,1,15,,75290,2,,,1,55,,75230,2,,,1,15,,75250,2,,,1,15,,75270,2,,,1,15,,75291,2,,,1,55,,75231,2,,,1,15,,75251,2,,,1,15,,75271,2,,,1,15,,75292,2,,,1,55,,75232,2,,,1,15,,75252,2,,,1,15,,75272,2,,,1,15,,75293,2,,,1,55,,75233,2,,,1,15,,75253,2,,,1,15,,75273,2,,,1,15,,75294,2,,,1,55,,75234,2,,,1,15,,75254,2,,,1,15,,75274,2,,,1,15,,75295,2,,,1,55,,75235,2,,,1,15,,75255,2,,,1,15,,75275,2,,,1,15,,75296,2,,,1,55,,75236,2,,,1,15,,75256,2,,,1,15,,75276,2,,,1,15,,75297,2,,,1,55,,75237,2,,,1,15,,75257,2,,,1,15,,75277,2,,,1,15,,75298,2,,,1,55,,75238,2,,,1,15,,75258,2,,,1,15,,75278,2,,,1,15,,75299,2,,,1,55,,75239,2,,,1,15,,75259,2,,,1,15,,75279,2,,,1,15,,75300,2,,,1,55,,75240,2,,,1
0,'20261212',608,,75301,2,,,1,15,,75321,2,,,1,15,,75340,2,,,1,15,,75359,2,,,1,55,,75302,2,,,1,15,,75322,2,,,1,15,,75341,2,,,1,15,,75360,2,,,1,55,,75303,2,,,1,15,,75323,2,,,1,15,,75342,2,,,1,15,,75361,2,,,1,55,,75304,2,,,1,15,,75324,2,,,1,15,,75343,2,,,1,15,,75362,2,,,1,55,,75305,2,,,1,15,,75325,2,,,1,15,,75344,2,,,1,15,,75363,2,,,1,55,,75306,2,,,1,15,,75326,2,,,1,15,,75345,2,,,1,15,,75364,2,,,1,55,,75307,2,,,1,15,,75327,2,,,1,15,,75346,2,,,1,15,,75365,2,,,1,55,,75308,2,,,1,15,,75328,2,,,1,15,,75347,2,,,1,15,,75366,2,,,1,55,,75309,2,,,1,15,,75329,2,,,1,15,,75348,2,,,1,15,,75367,2,,,1,55,,75310,2,,,1,15,,75330,2,,,1,15,,75349,2,,,1,15,,75368,2,,,1,55,,75311,2,,,1,15,,75331,2,,,1,15,,75350,2,,,1,15,,75369,2,,,1,55,,75312,2,,,1,15,,75332,2,,,1,15,,75351,2,,,1,15,,75370,2,,,1,55,,75313,2,,,1,15,,75333,2,,,1,15,,75352,2,,,1,15,,75371,2,,,1,55,,75314,2,,,1,15,,75334,2,,,1,15,,75353,2,,,1,15,,75372,2,,,1,55,,75315,2,,,1,15,,75335,2,,,1,15,,75354,2,,,1,15,,75373,2,,,1,55,,75316,2,,,1,15,,75336,2,,,1,15,,75355,2,,,1,15,,75374,2,,,1,55,,75317,2,,,1,15,,75337,2,,,1,15,,75356,2,,,1,15,,75375,2,,,1,55,,75318,2,,,1,15,,75338,2,,,1,15,,75357,2,,,1,15,,75376,2,,,1,55,,75319,2,,,1,15,,75339,2,,,1,15,,75358,2,,,1,15,,75377,2,,,1,55,,75320,2,,,1
0,'20261213',608,,75378,2,,,1,15,,75398,2,,,1,15,,75417,2,,,1,15,,75436,2,,,1,55,,75379,2,,,1,15,,75399,2,,,1,15,,75418,2,,,1,15,,75437,2,,,1,55,,75380,2,,,1,15,,75400,2,,,1,15,,75419,2,,,1,15,,75438,2,,,1,55,,75381,2,,,1,15,,75401,2,,,1,15,,75420,2,,,1,15,,75439,2,,,1,55,,75382,2,,,1,15,,75402,2,,,1,15,,75421,2,,,1,15,,75440,2,,,1,55,,75383,2,,,1,15,,75403,2,,,1,15,,75422,2,,,1,15,,75441,2,,,1,55,,75384,2,,,1,15,,75404,2,,,1,15,,75423,2,,,1,15,,75442,2,,,1,55,,75385,2,,,1,15,,75405,2,,,1,15,,75424,2,,,1,15,,75443,2,,,1,55,,75386,2,,,1,15,,75406,2,,,1,15,,75425,2,,,1,15,,75444,2,,,1,55,,75387,2,,,1,15,,75407,2,,,1,15,,75426,2,,,1,15,,75445,2,,,1,55,,75388,2,,,1,15,,75408,2,,,1,15,,75427,2,,,1,15,,75446,2,,,1,55,,75389,2,,,1,15,,75409,2,,,1,15,,75428,2,,,1,15,,75447,2,,,1,55,,75390,2,,,1,15,,75410,2,,,1,15,,75429,2,,,1,15,,75448,2,,,1,55,,75391,2,,,1,15,,75411,2,,,1,15,,75430,2,,,1,15,,75449,2,,,1,55,,75392,2,,,1,15,,75412,2,,,1,15,,75431,2,,,1,15,,75450,2,,,1,55,,75393,2,,,1,15,,75413,2,,,1,15,,75432,2,,,1,15,,75451,2,,,1,55,,75394,2,,,1,15,,75414,2,,,1,15,,75433,2,,,1,15,,75452,2,,,1,55,,75395,2,,,1,15,,75415,2,,,1,15,,75434,2,,,1,15,,75453,2,,,1,55,,75396,2,,,1,15,,75416,2,,,1,15,,75435,2,,,1,15,,75454,2,,,1,55,,75397,2,,,1
0,'20261214',503,,75515,2,,,1,15,,75455,2,,,1,20,,75495,2,,,1,15,,75516,2,,,1,55,,75456,2,,,1,15,,75476,2,,,1,15,,75496,2,,,1,15,,75517,2,,,1,55,,75457,2,,,1,15,,75477,2,,,1,15,,75497,2,,,1,15,,75518,2,,,1,55,,75458,2,,,1,15,,75478,2,,,1,15,,75498,2,,,1,15,,75519,2,,,1,55,,75459,2,,,1,15,,75479,2,,,1,15,,75499,2,,,1,15,,75520,2,,,1,55,,75460,2,,,1,15,,75480,2,,,1,15,,75500,2,,,1,15,,75521,2,,,1,55,,75461,2,,,1,15,,75481,2,,,1,15,,75501,2,,,1,15,,75522,2,,,1,55,,75462,2,,,1,15,,75482,2,,,1,15,,75502,2,,,1,15,,75523,2,,,1,55,,75463,2,,,1,15,,75483,2,,,1,15,,75503,2,,,1,15,,75524,2,,,1,55,,75464,2,,,1,15,,75484,2,,,1,15,,75504,2,,,1,15,,75525,2,,,1,55,,75465,2,,,1,15,,75485,2,,,1,15,,75505,2,,,1,15,,75526,2,,,1,55,,75466,2,,,1,15,,75486,2,,,1,15,,75506,2,,,1,15,,75527,2,,,1,55,,75467,2,,,1,15,,75487,2,,,1,15,,75507,2,,,1,15,,75528,2,,,1,55,,75468,2,,,1,15,,75488,2,,,1,15,,75508,2,,,1,15,,75529,2,,,1,55,,75469,2,,,1,15,,75489,2,,,1,15,,75509,2,,,1,15,,75530,2,,,1,55,,75470,2,,,1,15,,75490,2,,,1,15,,75510,2,,,1,15,,75531,2,,,1,55,,75471,2,,,1,15,,75491,2,,,1,15,,75511,2,,,1,15,,75532,2,,,1,55,,75472,2,,,1,15,,75492,2,,,1,15,,75512,2,,,1,15,,75533,2,,,1,55,,75473,2,,,1,15,,75493,2,,,1,15,,75513,2,,,1,15,,75534,2,,,1,55,,75474,2,,,1,15,,75494,2,,,1,15,,75514,2,,,1,15,,75535,2,,,1,55,,75475,2,,,1
0,'20261215',503,,75596,2,,,1,15,,75536,2,,,1,20,,75576,2,,,1,15,,75597,2,,,1,55,,75537,2,,,1,15,,75557,2,,,1,15,,75577,2,,,1,15,,75598,2,,,1,55,,75538,2,,,1,15,,75558,2,,,1,15,,75578,2,,,1,15,,75599,2,,,1,55,,75539,2,,,1,15,,75559,2,,,1,15,,75579,2,,,1,15,,75600,2,,,1,55,,75540,2,,,1,15,,75560,2,,,1,15,,75580,2,,,1,15,,75601,2,,,1,55,,75541,2,,,1,15,,75561,2,,,1,15,,75581,2,,,1,15,,75602,2,,,1,55,,75542,2,,,1,15,,75562,2,,,1,15,,75582,2,,,1,15,,75603,2,,,1,55,,75543,2,,,1,15,,75563,2,,,1,15,,75583,2,,,1,15,,75604,2,,,1,55,,75544,2,,,1,15,,75564,2,,,1,15,,75584,2,,,1,15,,75605,2,,,1,55,,75545,2,,,1,15,,75565,2,,,1,15,,75585,2,,,1,15,,75606,2,,,1,55,,75546,2,,,1,15,,75566,2,,,1,15,,75586,2,,,1,15,,75607,2,,,1,55,,75547,2,,,1,15,,75567,2,,,1,15,,75587,2,,,1,15,,75608,2,,,1,55,,75548,2,,,1,15,,75568,2,,,1,15,,75588,2,,,1,15,,75609,2,,,1,55,,75549,2,,,1,15,,75569,2,,,1,15,,75589,2,,,1,15,,75610,2,,,1,55,,75550,2,,,1,15,,75570,2,,,1,15,,75590,2,,,1,15,,75611,2,,,1,55,,75551,2,,,1,15,,75571,2,,,1,15,,75591,2,,,1,15,,75612,2,,,1,55,,75552,2,,,1,15,,75572,2,,,1,15,,75592,2,,,1,15,,75613,2,,,1,55,,75553,2,,,1,15,,75573,2,,,1,15,,75593,2,,,1,15,,75614,2,,,1,55,,75554,2,,,1,15,,75574,2,,,1,15,,75594,2,,,1,15,,75615,2,,,1,55,,75555,2,,,1,15,,75575,2,,,1,15,,75595,2,,,1,15,,75616,2,,,1,55,,75556,2,,,1
0,'20261216',503,,75677,2,,,1,15,,75617,2,,,1,20,,75657,2,,,1,15,,75678,2,,,1,55,,75618,2,,,1,15,,75638,2,,,1,15,,75658,2,,,1,15,,75679,2,,,1,55,,75619,2,,,1,15,,75639,2,,,1,15,,75659,2,,,1,15,,75680,2,,,1,55,,75620,2,,,1,15,,75640,2,,,1,15,,75660,2,,,1,15,,75681,2,,,1,55,,75621,2,,,1,15,,75641,2,,,1,15,,75661,2,,,1,15,,75682,2,,,1,55,,75622,2,,,1,15,,75642,2,,,1,15,,75662,2,,,1,15,,75683,2,,,1,55,,75623,2,,,1,15,,75643,2,,,1,15,,75663,2,,,1,15,,75684,2,,,1,55,,75624,2,,,1,15,,75644,2,,,1,15,,75664,2,,,1,15,,75685,2,,,1,55,,75625,2,,,1,15,,75645,2,,,1,15,,75665,2,,,1,15,,75686,2,,,1,55,,75626,2,,,1,15,,75646,2,,,1,15,,75666,2,,,1,15,,75687,2,,,1,55,,75627,2,,,1,15,,75647,2,,,1,15,,75667,2,,,1,15,,75688,2,,,1,55,,75628,2,,,1,15,,75648,2,,,1,15,,75668,2,,,1,15,,75689,2,,,1,55,,75629,2,,,1,15,,75649,2,,,1,15,,75669,2,,,1,15,,75690,2,,,1,55,,75630,2,,,1,15,,75650,2,,,1,15,,75670,2,,,1,15,,75691,2,,,1,55,,75631,2,,,1,15,,75651,2,,,1,15,,75671,2,,,1,15,,75692,2,,,1,55,,75632,2,,,1,15,,75652,2,,,1,15,,75672,2,,,1,15,,75693,2,,,1,55,,75633,2,,,1,15,,75653,2,,,1,15,,75673,2,,,1,15,,75694,2,,,1,55,,75634,2,,,1,15,,75654,2,,,1,15,,75674,2,,,1,15,,75695,2,,,1,55,,75635,2,,,1,15,,75655,2,,,1,15,,75675,2,,,1,15,,75696,2,,,1,55,,75636,2,,,1,15,,75656,2,,,1,15,,75676,2,,,1,15,,75697,2,,,1,55,,75637,2,,,1
0,'20261217',503,,75758,2,,,1,15,,75698,2,,,1,20,,75738,2,,,1,15,,75759,2,,,1,55,,75699,2,,,1,15,,75719,2,,,1,15,,75739,2,,,1,15,,75760,2,,,1,55,,75700,2,,,1,15,,75720,2,,,1,15,,75740,2,,,1,15,,75761,2,,,1,55,,75701,2,,,1,15,,75721,2,,,1,15,,75741,2,,,1,15,,75762,2,,,1,55,,75702,2,,,1,15,,75722,2,,,1,15,,75742,2,,,1,15,,75763,2,,,1,55,,75703,2,,,1,15,,75723,2,,,1,15,,75743,2,,,1,15,,75764,2,,,1,55,,75704,2,,,1,15,,75724,2,,,1,15,,75744,2,,,1,15,,75765,2,,,1,55,,75705,2,,,1,15,,75725,2,,,1,15,,75745,2,,,1,15,,75766,2,,,1,55,,75706,2,,,1,15,,75726,2,,,1,15,,75746,2,,,1,15,,75767,2,,,1,55,,75707,2,,,1,15,,75727,2,,,1,15,,75747,2,,,1,15,,75768,2,,,1,55,,75708,2,,,1,15,,75728,2,,,1,15,,75748,2,,,1,15,,75769,2,,,1,55,,75709,2,,,1,15,,75729,2,,,1,15,,75749,2,,,1,15,,75770,2,,,1,55,,75710,2,,,1,15,,75730,2,,,1,15,,75750,2,,,1,15,,75771,2,,,1,55,,75711,2,,,1,15,,75731,2,,,1,15,,75751,2,,,1,15,,75772,2,,,1,55,,75712,2,,,1,15,,75732,2,,,1,15,,75752,2,,,1,15,,75773,2,,,1,55,,75713,2,,,1,15,,75733,2,,,1,15,,75753,2,,,1,15,,75774,2,,,1,55,,75714,2,,,1,15,,75734,2,,,1,15,,75754,2,,,1,15,,75775,2,,,1,55,,75715,2,,,1,15,,75735,2,,,1,15,,75755,2,,,1,15,,75776,2,,,1,55,,75716,2,,,1,15,,75736,2,,,1,15,,75756,2,,,1,15,,75777,2,,,1,55,,75717,2,,,1,15,,75737,2,,,1,15,,75757,2,,,1,15,,75778,2,,,1,55,,75718,2,,,1
0,'20261218',503,,75839,2,,,1,15,,75779,2,,,1,20,,75819,2,,,1,15,,75840,2,,,1,55,,75780,2,,,1,15,,75800,2,,,1,15,,75820,2,,,1,15,,75841,2,,,1,55,,75781,2,,,1,15,,75801,2,,,1,15,,75821,2,,,1,15,,75842,2,,,1,55,,75782,2,,,1,15,,75802,2,,,1,15,,75822,2,,,1,15,,75843,2,,,1,55,,75783,2,,,1,15,,75803,2,,,1,15,,75823,2,,,1,15,,75844,2,,,1,55,,75784,2,,,1,15,,75804,2,,,1,15,,75824,2,,,1,15,,75845,2,,,1,55,,75785,2,,,1,15,,75805,2,,,1,15,,75825,2,,,1,15,,75846,2,,,1,55,,75786,2,,,1,15,,75806,2,,,1,15,,75826,2,,,1,15,,75847,2,,,1,55,,75787,2,,,1,15,,75807,2,,,1,15,,75827,2,,,1,15,,75848,2,,,1,55,,75788,2,,,1,15,,75808,2,,,1,15,,75828,2,,,1,15,,75849,2,,,1,55,,75789,2,,,1,15,,75809,2,,,1,15,,75829,2,,,1,15,,75850,2,,,1,55,,75790,2,,,1,15,,75810,2,,,1,15,,75830,2,,,1,15,,75851,2,,,1,55,,75791,2,,,1,15,,75811,2,,,1,15,,75831,2,,,1,15,,75852,2,,,1,55,,75792,2,,,1,15,,75812,2,,,1,15,,75832,2,,,1,15,,75853,2,,,1,55,,75793,2,,,1,15,,75813,2,,,1,15,,75833,2,,,1,15,,75854,2,,,1,55,,75794,2,,,1,15,,75814,2,,,1,15,,75834,2,,,1,15,,75855,2,,,1,55,,75795,2,,,1,15,,75815,2,,,1,15,,75835,2,,,1,15,,75856,2,,,1,55,,75796,2,,,1,15,,75816,2,,,1,15,,75836,2,,,1,15,,75857,2,,,1,55,,75797,2,,,1,15,,75817,2,,,1,15,,75837,2,,,1,15,,75858,2,,,1,55,,75798,2,,,1,15,,75818,2,,,1,15,,75838,2,,,1,15,,75859,2,,,1,55,,75799,2,,,1
0,'20261219',608,,75860,2,,,1,15,,75880,2,,,1,15,,75899,2,,,1,15,,75918,2,,,1,55,,75861,2,,,1,15,,75881,2,,,1,15,,75900,2,,,1,15,,75919,2,,,1,55,,75862,2,,,1,15,,75882,2,,,1,15,,75901,2,,,1,15,,75920,2,,,1,55,,75863,2,,,1,15,,75883,2,,,1,15,,75902,2,,,1,15,,75921,2,,,1,55,,75864,2,,,1,15,,75884,2,,,1,15,,75903,2,,,1,15,,75922,2,,,1,55,,75865,2,,,1,15,,75885,2,,,1,15,,75904,2,,,1,15,,75923,2,,,1,55,,75866,2,,,1,15,,75886,2,,,1,15,,75905,2,,,1,15,,75924,2,,,1,55,,75867,2,,,1,15,,75887,2,,,1,15,,75906,2,,,1,15,,75925,2,,,1,55,,75868,2,,,1,15,,75888,2,,,1,15,,75907,2,,,1,15,,75926,2,,,1,55,,75869,2,,,1,15,,75889,2,,,1,15,,75908,2,,,1,15,,75927,2,,,1,55,,75870,2,,,1,15,,75890,2,,,1,15,,75909,2,,,1,15,,75928,2,,,1,55,,75871,2,,,1,15,,75891,2,,,1,15,,75910,2,,,1,15,,75929,2,,,1,55,,75872,2,,,1,15,,75892,2,,,1,15,,75911,2,,,1,15,,75930,2,,,1,55,,75873,2,,,1,15,,75893,2,,,1,15,,75912,2,,,1,15,,75931,2,,,1,55,,75874,2,,,1,15,,75894,2,,,1,15,,75913,2,,,1,15,,75932,2,,,1,55,,75875,2,,,1,15,,75895,2,,,1,15,,75914,2,,,1,15,,75933,2,,,1,55,,75876,2,,,1,15,,75896,2,,,1,15,,75915,2,,,1,15,,75934,2,,,1,55,,75877,2,,,1,15,,75897,2,,,1,15,,75916,2,,,1,15,,75935,2,,,1,55,,75878,2,,,1,15,,75898,2,,,1,15,,75917,2,,,1,15,,75936,2,,,1,55,,75879,2,,,1
0,'20261220',608,,75937,2,,,1,15,,75957,2,,,1,15,,75976,2,,,1,15,,75995,2,,,1,55,,75938,2,,,1,15,,75958,2,,,1,15,,75977,2,,,1,15,,75996,2,,,1,55,,75939,2,,,1,15,,75959,2,,,1,15,,75978,2,,,1,15,,75997,2,,,1,55,,75940,2,,,1,15,,75960,2,,,1,15,,75979,2,,,1,15,,75998,2,,,1,55,,75941,2,,,1,15,,75961,2,,,1,15,,75980,2,,,1,15,,75999,2,,,1,55,,75942,2,,,1,15,,75962,2,,,1,15,,75981,2,,,1,15,,76000,2,,,1,55,,75943,2,,,1,15,,75963,2,,,1,15,,75982,2,,,1,15,,76001,2,,,1,55,,75944,2,,,1,15,,75964,2,,,1,15,,75983,2,,,1,15,,76002,2,,,1,55,,75945,2,,,1,15,,75965,2,,,1,15,,75984,2,,,1,15,,76003,2,,,1,55,,75946,2,,,1,15,,75966,2,,,1,15,,75985,2,,,1,15,,76004,2,,,1,55,,75947,2,,,1,15,,75967,2,,,1,15,,75986,2,,,1,15,,76005,2,,,1,55,,75948,2,,,1,15,,75968,2,,,1,15,,75987,2,,,1,15,,76006,2,,,1,55,,75949,2,,,1,15,,75969,2,,,1,15,,75988,2,,,1,15,,76007,2,,,1,55,,75950,2,,,1,15,,75970,2,,,1,15,,75989,2,,,1,15,,76008,2,,,1,55,,75951,2,,,1,15,,75971,2,,,1,15,,75990,2,,,1,15,,76009,2,,,1,55,,75952,2,,,1,15,,75972,2,,,1,15,,75991,2,,,1,15,,76010,2,,,1,55,,75953,2,,,1,15,,75973,2,,,1,15,,75992,2,,,1,15,,76011,2,,,1,55,,75954,2,,,1,15,,75974,2,,,1,15,,75993,2,,,1,15,,76012,2,,,1,55,,75955,2,,,1,15,,75975,2,,,1,15,,75994,2,,,1,15,,76013,2,,,1,55,,75956,2,,,1
0,'20261221',503,,76074,2,,,1,15,,76014,2,,,1,20,,76054,2,,,1,15,,76075,2,,,1,55,,76015,2,,,1,15,,76035,2,,,1,15,,76055,2,,,1,15,,76076,2,,,1,55,,76016,2,,,1,15,,76036,2,,,1,15,,76056,2,,,1,15,,76077,2,,,1,55,,76017,2,,,1,15,,76037,2,,,1,15,,76057,2,,,1,15,,76078,2,,,1,55,,76018,2,,,1,15,,76038,2,,,1,15,,76058,2,,,1,15,,76079,2,,,1,55,,76019,2,,,1,15,,76039,2,,,1,15,,76059,2,,,1,15,,76080,2,,,1,55,,76020,2,,,1,15,,76040,2,,,1,15,,76060,2,,,1,15,,76081,2,,,1,55,,76021,2,,,1,15,,76041,2,,,1,15,,76061,2,,,1,15,,76082,2,,,1,55,,76022,2,,,1,15,,76042,2,,,1,15,,76062,2,,,1,15,,76083,2,,,1,55,,76023,2,,,1,15,,76043,2,,,1,15,,76063,2,,,1,15,,76084,2,,,1,55,,76024,2,,,1,15,,76044,2,,,1,15,,76064,2,,,1,15,,76085,2,,,1,55,,76025,2,,,1,15,,76045,2,,,1,15,,76065,2,,,1,15,,76086,2,,,1,55,,76026,2,,,1,15,,76046,2,,,1,15,,76066,2,,,1,15,,76087,2,,,1,55,,76027,2,,,1,15,,76047,2,,,1,15,,76067,2,,,1,15,,76088,2,,,1,55,,76028,2,,,1,15,,76048,2,,,1,15,,76068,2,,,1,15,,76089,2,,,1,55,,76029,2,,,1,15,,76049,2,,,1,15,,76069,2,,,1,15,,76090,2,,,1,55,,76030,2,,,1,15,,76050,2,,,1,15,,76070,2,,,1,15,,76091,2,,,1,55,,76031,2,,,1,15,,76051,2,,,1,15,,76071,2,,,1,15,,76092,2,,,1,55,,76032,2,,,1,15,,76052,2,,,1,15,,76072,2,,,1,15,,76093,2,,,1,55,,76033,2,,,1,15,,76053,2,,,1,15,,76073,2,,,1,15,,76094,2,,,1,55,,76034,2,,,1
0,'20261222',503,,76155,2,,,1,15,,76095,2,,,1,20,,76135,2,,,1,15,,76156,2,,,1,55,,76096,2,,,1,15,,76116,2,,,1,15,,76136,2,,,1,15,,76157,2,,,1,55,,76097,2,,,1,15,,76117,2,,,1,15,,76137,2,,,1,15,,76158,2,,,1,55,,76098,2,,,1,15,,76118,2,,,1,15,,76138,2,,,1,15,,76159,2,,,1,55,,76099,2,,,1,15,,76119,2,,,1,15,,76139,2,,,1,15,,76160,2,,,1,55,,76100,2,,,1,15,,76120,2,,,1,15,,76140,2,,,1,15,,76161,2,,,1,55,,76101,2,,,1,15,,76121,2,,,1,15,,76141,2,,,1,15,,76162,2,,,1,55,,76102,2,,,1,15,,76122,2,,,1,15,,76142,2,,,1,15,,76163,2,,,1,55,,76103,2,,,1,15,,76123,2,,,1,15,,76143,2,,,1,15,,76164,2,,,1,55,,76104,2,,,1,15,,76124,2,,,1,15,,76144,2,,,1,15,,76165,2,,,1,55,,76105,2,,,1,15,,76125,2,,,1,15,,76145,2,,,1,15,,76166,2,,,1,55,,76106,2,,,1,15,,76126,2,,,1,15,,76146,2,,,1,15,,76167,2,,,1,55,,76107,2,,,1,15,,76127,2,,,1,15,,76147,2,,,1,15,,76168,2,,,1,55,,76108,2,,,1,15,,76128,2,,,1,15,,76148,2,,,1,15,,76169,2,,,1,55,,76109,2,,,1,15,,76129,2,,,1,15,,76149,2,,,1,15,,76170,2,,,1,55,,76110,2,,,1,15,,76130,2,,,1,15,,76150,2,,,1,15,,76171,2,,,1,55,,76111,2,,,1,15,,76131,2,,,1,15,,76151,2,,,1,15,,76172,2,,,1,55,,76112,2,,,1,15,,76132,2,,,1,15,,76152,2,,,1,15,,76173,2,,,1,55,,76113,2,,,1,15,,76133,2,,,1,15,,76153,2,,,1,15,,76174,2,,,1,55,,76114,2,,,1,15,,76134,2,,,1,15,,76154,2,,,1,15,,76175,2,,,1,55,,76115,2,,,1
0,'20261223',503,,76236,2,,,1,15,,76176,2,,,1,20,,76216,2,,,1,15,,76237,2,,,1,55,,76177,2,,,1,15,,76197,2,,,1,15,,76217,2,,,1,15,,76238,2,,,1,55,,76178,2,,,1,15,,76198,2,,,1,15,,76218,2,,,1,15,,76239,2,,,1,55,,76179,2,,,1,15,,76199,2,,,1,15,,76219,2,,,1,15,,76240,2,,,1,55,,76180,2,,,1,15,,76200,2,,,1,15,,76220,2,,,1,15,,76241,2,,,1,55,,76181,2,,,1,15,,76201,2,,,1,15,,76221,2,,,1,15,,76242,2,,,1,55,,76182,2,,,1,15,,76202,2,,,1,15,,76222,2,,,1,15,,76243,2,,,1,55,,76183,2,,,1,15,,76203,2,,,1,15,,76223,2,,,1,15,,76244,2,,,1,55,,76184,2,,,1,15,,76204,2,,,1,15,,76224,2,,,1,15,,76245,2,,,1,55,,76185,2,,,1,15,,76205,2,,,1,15,,76225,2,,,1,15,,76246,2,,,1,55,,76186,2,,,1,15,,76206,2,,,1,15,,76226,2,,,1,15,,76247,2,,,1,55,,76187,2,,,1,15,,76207,2,,,1,15,,76227,2,,,1,15,,76248,2,,,1,55,,76188,2,,,1,15,,76208,2,,,1,15,,76228,2,,,1,15,,76249,2,,,1,55,,76189,2,,,1,15,,76209,2,,,1,15,,76229,2,,,1,15,,76250,2,,,1,55,,76190,2,,,1,15,,76210,2,,,1,15,,76230,2,,,1,15,,76251,2,,,1,55,,76191,2,,,1,15,,76211,2,,,1,15,,76231,2,,,1,15,,76252,2,,,1,55,,76192,2,,,1,15,,76212,2,,,1,15,,76232,2,,,1,15,,76253,2,,,1,55,,76193,2,,,1,15,,76213,2,,,1,15,,76233,2,,,1,15,,76254,2,,,1,55,,76194,2,,,1,15,,76214,2,,,1,15,,76234,2,,,1,15,,76255,2,,,1,55,,76195,2,,,1,15,,76215,2,,,1,15,,76235,2,,,1,15,,76256,2,,,1,55,,76196,2,,,1
0,'20261224',503,,76317,2,,,1,15,,76257,2,,,1,20,,76297,2,,,1,15,,76318,2,,,1,55,,76258,2,,,1,15,,76278,2,,,1,15,,76298,2,,,1,15,,76319,2,,,1,55,,76259,2,,,1,15,,76279,2,,,1,15,,76299,2,,,1,15,,76320,2,,,1,55,,76260,2,,,1,15,,76280,2,,,1,15,,76300,2,,,1,15,,76321,2,,,1,55,,76261,2,,,1,15,,76281,2,,,1,15,,76301,2,,,1,15,,76322,2,,,1,55,,76262,2,,,1,15,,76282,2,,,1,15,,76302,2,,,1,15,,76323,2,,,1,55,,76263,2,,,1,15,,76283,2,,,1,15,,76303,2,,,1,15,,76324,2,,,1,55,,76264,2,,,1,15,,76284,2,,,1,15,,76304,2,,,1,15,,76325,2,,,1,55,,76265,2,,,1,15,,76285,2,,,1,15,,76305,2,,,1,15,,76326,2,,,1,55,,76266,2,,,1,15,,76286,2,,,1,15,,76306,2,,,1,15,,76327,2,,,1,55,,76267,2,,,1,15,,76287,2,,,1,15,,76307,2,,,1,15,,76328,2,,,1,55,,76268,2,,,1,15,,76288,2,,,1,15,,76308,2,,,1,15,,76329,2,,,1,55,,76269,2,,,1,15,,76289,2,,,1,15,,76309,2,,,1,15,,76330,2,,,1,55,,76270,2,,,1,15,,76290,2,,,1,15,,76310,2,,,1,15,,76331,2,,,1,55,,76271,2,,,1,15,,76291,2,,,1,15,,76311,2,,,1,15,,76332,2,,,1,55,,76272,2,,,1,15,,76292,2,,,1,15,,76312,2,,,1,15,,76333,2,,,1,55,,76273,2,,,1,15,,76293,2,,,1,15,,76313,2,,,1,15,,76334,2,,,1,55,,76274,2,,,1,15,,76294,2,,,1,15,,76314,2,,,1,15,,76335,2,,,1,55,,76275,2,,,1,15,,76295,2,,,1,15,,76315,2,,,1,15,,76336,2,,,1,55,,76276,2,,,1,15,,76296,2,,,1,15,,76316,2,,,1,15,,76337,2,,,1,55,,76277,2,,,1
0,'20261225',503,,76398,2,,,1,15,,76338,2,,,1,20,,76378,2,,,1,15,,76399,2,,,1,55,,76339,2,,,1,15,,76359,2,,,1,15,,76379,2,,,1,15,,76400,2,,,1,55,,76340,2,,,1,15,,76360,2,,,1,15,,76380,2,,,1,15,,76401,2,,,1,55,,76341,2,,,1,15,,76361,2,,,1,15,,76381,2,,,1,15,,76402,2,,,1,55,,76342,2,,,1,15,,76362,2,,,1,15,,76382,2,,,1,15,,76403,2,,,1,55,,76343,2,,,1,15,,76363,2,,,1,15,,76383,2,,,1,15,,76404,2,,,1,55,,76344,2,,,1,15,,76364,2,,,1,15,,76384,2,,,1,15,,76405,2,,,1,55,,76345,2,,,1,15,,76365,2,,,1,15,,76385,2,,,1,15,,76406,2,,,1,55,,76346,2,,,1,15,,76366,2,,,1,15,,76386,2,,,1,15,,76407,2,,,1,55,,76347,2,,,1,15,,76367,2,,,1,15,,76387,2,,,1,15,,76408,2,,,1,55,,76348,2,,,1,15,,76368,2,,,1,15,,76388,2,,,1,15,,76409,2,,,1,55,,76349,2,,,1,15,,76369,2,,,1,15,,76389,2,,,1,15,,76410,2,,,1,55,,76350,2,,,1,15,,76370,2,,,1,15,,76390,2,,,1,15,,76411,2,,,1,55,,76351,2,,,1,15,,76371,2,,,1,15,,76391,2,,,1,15,,76412,2,,,1,55,,76352,2,,,1,15,,76372,2,,,1,15,,76392,2,,,1,15,,76413,2,,,1,55,,76353,2,,,1,15,,76373,2,,,1,15,,76393,2,,,1,15,,76414,2,,,1,55,,76354,2,,,1,15,,76374,2,,,1,15,,76394,2,,,1,15,,76415,2,,,1,55,,76355,2,,,1,15,,76375,2,,,1,15,,76395,2,,,1,15,,76416,2,,,1,55,,76356,2,,,1,15,,76376,2,,,1,15,,76396,2,,,1,15,,76417,2,,,1,55,,76357,2,,,1,15,,76377,2,,,1,15,,76397,2,,,1,15,,76418,2,,,1,55,,76358,2,,,1
0,'20261226',608,,76419,2,,,1,15,,76439,2,,,1,15,,76458,2,,,1,15,,76477,2,,,1,55,,76420,2,,,1,15,,76440,2,,,1,15,,76459,2,,,1,15,,76478,2,,,1,55,,76421,2,,,1,15,,76441,2,,,1,15,,76460,2,,,1,15,,76479,2,,,1,55,,76422,2,,,1,15,,76442,2,,,1,15,,76461,2,,,1,15,,76480,2,,,1,55,,76423,2,,,1,15,,76443,2,,,1,15,,76462,2,,,1,15,,76481,2,,,1,55,,76424,2,,,1,15,,76444,2,,,1,15,,76463,2,,,1,15,,76482,2,,,1,55,,76425,2,,,1,15,,76445,2,,,1,15,,76464,2,,,1,15,,76483,2,,,1,55,,76426,2,,,1,15,,76446,2,,,1,15,,76465,2,,,1,15,,76484,2,,,1,55,,76427,2,,,1,15,,76447,2,,,1,15,,76466,2,,,1,15,,76485,2,,,1,55,,76428,2,,,1,15,,76448,2,,,1,15,,76467,2,,,1,15,,76486,2,,,1,55,,76429,2,,,1,15,,76449,2,,,1,15,,76468,2,,,1,15,,76487,2,,,1,55,,76430,2,,,1,15,,76450,2,,,1,15,,76469,2,,,1,15,,76488,2,,,1,55,,76431,2,,,1,15,,76451,2,,,1,15,,76470,2,,,1,15,,76489,2,,,1,55,,76432,2,,,1,15,,76452,2,,,1,15,,76471,2,,,1,15,,76490,2,,,1,55,,76433,2,,,1,15,,76453,2,,,1,15,,76472,2,,,1,15,,76491,2,,,1,55,,76434,2,,,1,15,,76454,2,,,1,15,,76473,2,,,1,15,,76492,2,,,1,55,,76435,2,,,1,15,,76455,2,,,1,15,,76474,2,,,1,15,,76493,2,,,1,55,,76436,2,,,1,15,,76456,2,,,1,15,,76475,2,,,1,15,,76494,2,,,1,55,,76437,2,,,1,15,,76457,2,,,1,15,,76476,2,,,1,15,,76495,2,,,1,55,,76438,2,,,1
0,'20261227',608,,76496,2,,,1,15,,76516,2,,,1,15,,76535,2,,,1,15,,76554,2,,,1,55,,76497,2,,,1,15,,76517,2,,,1,15,,76536,2,,,1,15,,76555,2,,,1,55,,76498,2,,,1,15,,76518,2,,,1,15,,76537,2,,,1,15,,76556,2,,,1,55,,76499,2,,,1,15,,76519,2,,,1,15,,76538,2,,,1,15,,76557,2,,,1,55,,76500,2,,,1,15,,76520,2,,,1,15,,76539,2,,,1,15,,76558,2,,,1,55,,76501,2,,,1,15,,76521,2,,,1,15,,76540,2,,,1,15,,76559,2,,,1,55,,76502,2,,,1,15,,76522,2,,,1,15,,76541,2,,,1,15,,76560,2,,,1,55,,76503,2,,,1,15,,76523,2,,,1,15,,76542,2,,,1,15,,76561,2,,,1,55,,76504,2,,,1,15,,76524,2,,,1,15,,76543,2,,,1,15,,76562,2,,,1,55,,76505,2,,,1,15,,76525,2,,,1,15,,76544,2,,,1,15,,76563,2,,,1,55,,76506,2,,,1,15,,76526,2,,,1,15,,76545,2,,,1,15,,76564,2,,,1,55,,76507,2,,,1,15,,76527,2,,,1,15,,76546,2,,,1,15,,76565,2,,,1,55,,76508,2,,,1,15,,76528,2,,,1,15,,76547,2,,,1,15,,76566,2,,,1,55,,76509,2,,,1,15,,76529,2,,,1,15,,76548,2,,,1,15,,76567,2,,,1,55,,76510,2,,,1,15,,76530,2,,,1,15,,76549,2,,,1,15,,76568,2,,,1,55,,76511,2,,,1,15,,76531,2,,,1,15,,76550,2,,,1,15,,76569,2,,,1,55,,76512,2,,,1,15,,76532,2,,,1,15,,76551,2,,,1,15,,76570,2,,,1,55,,76513,2,,,1,15,,76533,2,,,1,15,,76552,2,,,1,15,,76571,2,,,1,55,,76514,2,,,1,15,,76534,2,,,1,15,,76553,2,,,1,15,,76572,2,,,1,55,,76515,2,,,1
0,'20261228',503,,76633,2,,,1,15,,76573,2,,,1,20,,76613,2,,,1,15,,76634,2,,,1,55,,76574,2,,,1,15,,76594,2,,,1,15,,76614,2,,,1,15,,76635,2,,,1,55,,76575,2,,,1,15,,76595,2,,,1,15,,76615,2,,,1,15,,76636,2,,,1,55,,76576,2,,,1,15,,76596,2,,,1,15,,76616,2,,,1,15,,76637,2,,,1,55,,76577,2,,,1,15,,76597,2,,,1,15,,76617,2,,,1,15,,76638,2,,,1,55,,76578,2,,,1,15,,76598,2,,,1,15,,76618,2,,,1,15,,76639,2,,,1,55,,76579,2,,,1,15,,76599,2,,,1,15,,76619,2,,,1,15,,76640,2,,,1,55,,76580,2,,,1,15,,76600,2,,,1,15,,76620,2,,,1,15,,76641,2,,,1,55,,76581,2,,,1,15,,76601,2,,,1,15,,76621,2,,,1,15,,76642,2,,,1,55,,76582,2,,,1,15,,76602,2,,,1,15,,76622,2,,,1,15,,76643,2,,,1,55,,76583,2,,,1,15,,76603,2,,,1,15,,76623,2,,,1,15,,76644,2,,,1,55,,76584,2,,,1,15,,76604,2,,,1,15,,76624,2,,,1,15,,76645,2,,,1,55,,76585,2,,,1,15,,76605,2,,,1,15,,76625,2,,,1,15,,76646,2,,,1,55,,76586,2,,,1,15,,76606,2,,,1,15,,76626,2,,,1,15,,76647,2,,,1,55,,76587,2,,,1,15,,76607,2,,,1,15,,76627,2,,,1,15,,76648,2,,,1,55,,76588,2,,,1,15,,76608,2,,,1,15,,76628,2,,,1,15,,76649,2,,,1,55,,76589,2,,,1,15,,76609,2,,,1,15,,76629,2,,,1,15,,76650,2,,,1,55,,76590,2,,,1,15,,76610,2,,,1,15,,76630,2,,,1,15,,76651,2,,,1,55,,76591,2,,,1,15,,76611,2,,,1,15,,76631,2,,,1,15,,76652,2,,,1,55,,76592,2,,,1,15,,76612,2,,,1,15,,76632,2,,,1,15,,76653,2,,,1,55,,76593,2,,,1
0,'20261229',503,,76714,2,,,1,15,,76654,2,,,1,20,,76694,2,,,1,15,,76715,2,,,1,55,,76655,2,,,1,15,,76675,2,,,1,15,,76695,2,,,1,15,,76716,2,,,1,55,,76656,2,,,1,15,,76676,2,,,1,15,,76696,2,,,1,15,,76717,2,,,1,55,,76657,2,,,1,15,,76677,2,,,1,15,,76697,2,,,1,15,,76718,2,,,1,55,,76658,2,,,1,15,,76678,2,,,1,15,,76698,2,,,1,15,,76719,2,,,1,55,,76659,2,,,1,15,,76679,2,,,1,15,,76699,2,,,1,15,,76720,2,,,1,55,,76660,2,,,1,15,,76680,2,,,1,15,,76700,2,,,1,15,,76721,2,,,1,55,,76661,2,,,1,15,,76681,2,,,1,15,,76701,2,,,1,15,,76722,2,,,1,55,,76662,2,,,1,15,,76682,2,,,1,15,,76702,2,,,1,15,,76723,2,,,1,55,,76663,2,,,1,15,,76683,2,,,1,15,,76703,2,,,1,15,,76724,2,,,1,55,,76664,2,,,1,15,,76684,2,,,1,15,,76704,2,,,1,15,,76725,2,,,1,55,,76665,2,,,1,15,,76685,2,,,1,15,,76705,2,,,1,15,,76726,2,,,1,55,,76666,2,,,1,15,,76686,2,,,1,15,,76706,2,,,1,15,,76727,2,,,1,55,,76667,2,,,1,15,,76687,2,,,1,15,,76707,2,,,1,15,,76728,2,,,1,55,,76668,2,,,1,15,,76688,2,,,1,15,,76708,2,,,1,15,,76729,2,,,1,55,,76669,2,,,1,15,,76689,2,,,1,15,,76709,2,,,1,15,,76730,2,,,1,55,,76670,2,,,1,15,,76690,2,,,1,15,,76710,2,,,1,15,,76731,2,,,1,55,,76671,2,,,1,15,,76691,2,,,1,15,,76711,2,,,1,15,,76732,2,,,1,55,,76672,2,,,1,15,,76692,2,,,1,15,,76712,2,,,1,15,,76733,2,,,1,55,,76673,2,,,1,15,,76693,2,,,1,15,,76713,2,,,1,15,,76734,2,,,1,55,,76674,2,,,1
0,'20261230',503,,76795,2,,,1,15,,76735,2,,,1,20,,76775,2,,,1,15,,76796,2,,,1,55,,76736,2,,,1,15,,76756,2,,,1,15,,76776,2,,,1,15,,76797,2,,,1,55,,76737,2,,,1,15,,76757,2,,,1,15,,76777,2,,,1,15,,76798,2,,,1,55,,76738,2,,,1,15,,76758,2,,,1,15,,76778,2,,,1,15,,76799,2,,,1,55,,76739,2,,,1,15,,76759,2,,,1,15,,76779,2,,,1,15,,76800,2,,,1,55,,76740,2,,,1,15,,76760,2,,,1,15,,76780,2,,,1,15,,76801,2,,,1,55,,76741,2,,,1,15,,76761,2,,,1,15,,76781,2,,,1,15,,76802,2,,,1,55,,76742,2,,,1,15,,76762,2,,,1,15,,76782,2,,,1,15,,76803,2,,,1,55,,76743,2,,,1,15,,76763,2,,,1,15,,76783,2,,,1,15,,76804,2,,,1,55,,76744,2,,,1,15,,76764,2,,,1,15,,76784,2,,,1,15,,76805,2,,,1,55,,76745,2,,,1,15,,76765,2,,,1,15,,76785,2,,,1,15,,76806,2,,,1,55,,76746,2,,,1,15,,76766,2,,,1,15,,76786,2,,,1,15,,76807,2,,,1,55,,76747,2,,,1,15,,76767,2,,,1,15,,76787,2,,,1,15,,76808,2,,,1,55,,76748,2,,,1,15,,76768,2,,,1,15,,76788,2,,,1,15,,76809,2,,,1,55,,76749,2,,,1,15,,76769,2,,,1,15,,76789,2,,,1,15,,76810,2,,,1,55,,76750,2,,,1,15,,76770,2,,,1,15,,76790,2,,,1,15,,76811,2,,,1,55,,76751,2,,,1,15,,76771,2,,,1,15,,76791,2,,,1,15,,76812,2,,,1,55,,76752,2,,,1,15,,76772,2,,,1,15,,76792,2,,,1,15,,76813,2,,,1,55,,76753,2,,,1,15,,76773,2,,,1,15,,76793,2,,,1,15,,76814,2,,,1,55,,76754,2,,,1,15,,76774,2,,,1,15,,76794,2,,,1,15,,76815,2,,,1,55,,76755,2,,,1
0,'20261231',503,,76876,2,,,1,15,,76816,2,,,1,20,,76856,2,,,1,15,,76877,2,,,1,55,,76817,2,,,1,15,,76837,2,,,1,15,,76857,2,,,1,15,,76878,2,,,1,55,,76818,2,,,1,15,,76838,2,,,1,15,,76858,2,,,1,15,,76879,2,,,1,55,,76819,2,,,1,15,,76839,2,,,1,15,,76859,2,,,1,15,,76880,2,,,1,55,,76820,2,,,1,15,,76840,2,,,1,15,,76860,2,,,1,15,,76881,2,,,1,55,,76821,2,,,1,15,,76841,2,,,1,15,,76861,2,,,1,15,,76882,2,,,1,55,,76822,2,,,1,15,,76842,2,,,1,15,,76862,2,,,1,15,,76883,2,,,1,55,,76823,2,,,1,15,,76843,2,,,1,15,,76863,2,,,1,15,,76884,2,,,1,55,,76824,2,,,1,15,,76844,2,,,1,15,,76864,2,,,1,15,,76885,2,,,1,55,,76825,2,,,1,15,,76845,2,,,1,15,,76865,2,,,1,15,,76886,2,,,1,55,,76826,2,,,1,15,,76846,2,,,1,15,,76866,2,,,1,15,,76887,2,,,1,55,,76827,2,,,1,15,,76847,2,,,1,15,,76867,2,,,1,15,,76888,2,,,1,55,,76828,2,,,1,15,,76848,2,,,1,15,,76868,2,,,1,15,,76889,2,,,1,55,,76829,2,,,1,15,,76849,2,,,1,15,,76869,2,,,1,15,,76890,2,,,1,55,,76830,2,,,1,15,,76850,2,,,1,15,,76870,2,,,1,15,,76891,2,,,1,55,,76831,2,,,1,15,,76851,2,,,1,15,,76871,2,,,1,15,,76892,2,,,1,55,,76832,2,,,1,15,,76852,2,,,1,15,,76872,2,,,1,15,,76893,2,,,1,55,,76833,2,,,1,15,,76853,2,,,1,15,,76873,2,,,1,15,,76894,2,,,1,55,,76834,2,,,1,15,,76854,2,,,1,15,,76874,2,,,1,15,,76895,2,,,1,55,,76835,2,,,1,15,,76855,2,,,1,15,,76875,2,,,1,15,,76896,2,,,1,55,,76836,2,,,1
0,'20270101',503,,76957,2,,,1,15,,76897,2,,,1,20,,76937,2,,,1,15,,76958,2,,,1,55,,76898,2,,,1,15,,76918,2,,,1,15,,76938,2,,,1,15,,76959,2,,,1,55,,76899,2,,,1,15,,76919,2,,,1,15,,76939,2,,,1,15,,76960,2,,,1,55,,76900,2,,,1,15,,76920,2,,,1,15,,76940,2,,,1,15,,76961,2,,,1,55,,76901,2,,,1,15,,76921,2,,,1,15,,76941,2,,,1,15,,76962,2,,,1,55,,76902,2,,,1,15,,76922,2,,,1,15,,76942,2,,,1,15,,76963,2,,,1,55,,76903,2,,,1,15,,76923,2,,,1,15,,76943,2,,,1,15,,76964,2,,,1,55,,76904,2,,,1,15,,76924,2,,,1,15,,76944,2,,,1,15,,76965,2,,,1,55,,76905,2,,,1,15,,76925,2,,,1,15,,76945,2,,,1,15,,76966,2,,,1,55,,76906,2,,,1,15,,76926,2,,,1,15,,76946,2,,,1,15,,76967,2,,,1,55,,76907,2,,,1,15,,76927,2,,,1,15,,76947,2,,,1,15,,76968,2,,,1,55,,76908,2,,,1,15,,76928,2,,,1,15,,76948,2,,,1,15,,76969,2,,,1,55,,76909,2,,,1,15,,76929,2,,,1,15,,76949,2,,,1,15,,76970,2,,,1,55,,76910,2,,,1,15,,76930,2,,,1,15,,76950,2,,,1,15,,76971,2,,,1,55,,76911,2,,,1,15,,76931,2,,,1,15,,76951,2,,,1,15,,76972,2,,,1,55,,76912,2,,,1,15,,76932,2,,,1,15,,76952,2,,,1,15,,76973,2,,,1,55,,76913,2,,,1,15,,76933,2,,,1,15,,76953,2,,,1,15,,76974,2,,,1,55,,76914,2,,,1,15,,76934,2,,,1,15,,76954,2,,,1,15,,76975,2,,,1,55,,76915,2,,,1,15,,76935,2,,,1,15,,76955,2,,,1,15,,76976,2,,,1,55,,76916,2,,,1,15,,76936,2,,,1,15,,76956,2,,,1,15,,76977,2,,,1,55,,76917,2,,,1
0,'20270102',608,,76978,2,,,1,15,,76998,2,,,1,15,,77017,2,,,1,15,,77036,2,,,1,55,,76979,2,,,1,15,,76999,2,,,1,15,,77018,2,,,1,15,,77037,2,,,1,55,,76980,2,,,1,15,,77000,2,,,1,15,,77019,2,,,1,15,,77038,2,,,1,55,,76981,2,,,1,15,,77001,2,,,1,15,,77020,2,,,1,15,,77039,2,,,1,55,,76982,2,,,1,15,,77002,2,,,1,15,,77021,2,,,1,15,,77040,2,,,1,55,,76983,2,,,1,15,,77003,2,,,1,15,,77022,2,,,1,15,,77041,2,,,1,55,,76984,2,,,1,15,,77004,2,,,1,15,,77023,2,,,1,15,,77042,2,,,1,55,,76985,2,,,1,15,,77005,2,,,1,15,,77024,2,,,1,15,,77043,2,,,1,55,,76986,2,,,1,15,,77006,2,,,1,15,,77025,2,,,1,15,,77044,2,,,1,55,,76987,2,,,1,15,,77007,2,,,1,15,,77026,2,,,1,15,,77045,2,,,1,55,,76988,2,,,1,15,,77008,2,,,1,15,,77027,2,,,1,15,,77046,2,,,1,55,,76989,2,,,1,15,,77009,2,,,1,15,,77028,2,,,1,15,,77047,2,,,1,55,,76990,2,,,1,15,,77010,2,,,1,15,,77029,2,,,1,15,,77048,2,,,1,55,,76991,2,,,1,15,,77011,2,,,1,15,,77030,2,,,1,15,,77049,2,,,1,55,,76992,2,,,1,15,,77012,2,,,1,15,,77031,2,,,1,15,,77050,2,,,1,55,,76993,2,,,1,15,,77013,2,,,1,15,,77032,2,,,1,15,,77051,2,,,1,55,,76994,2,,,1,15,,77014,2,,,1,15,,77033,2,,,1,15,,77052,2,,,1,55,,76995,2,,,1,15,,77015,2,,,1,15,,77034,2,,,1,15,,77053,2,,,1,55,,76996,2,,,1,15,,77016,2,,,1,15,,77035,2,,,1,15,,77054,2,,,1,55,,76997,2,,,1
0,'20270103',608,,77055,2,,,1,15,,77075,2,,,1,15,,77094,2,,,1,15,,77113,2,,,1,55,,77056,2,,,1,15,,77076,2,,,1,15,,77095,2,,,1,15,,77114,2,,,1,55,,77057,2,,,1,15,,77077,2,,,1,15,,77096,2,,,1,15,,77115,2,,,1,55,,77058,2,,,1,15,,77078,2,,,1,15,,77097,2,,,1,15,,77116,2,,,1,55,,77059,2,,,1,15,,77079,2,,,1,15,,77098,2,,,1,15,,77117,2,,,1,55,,77060,2,,,1,15,,77080,2,,,1,15,,77099,2,,,1,15,,77118,2,,,1,55,,77061,2,,,1,15,,77081,2,,,1,15,,77100,2,,,1,15,,77119,2,,,1,55,,77062,2,,,1,15,,77082,2,,,1,15,,77101,2,,,1,15,,77120,2,,,1,55,,77063,2,,,1,15,,77083,2,,,1,15,,77102,2,,,1,15,,77121,2,,,1,55,,77064,2,,,1,15,,77084,2,,,1,15,,77103,2,,,1,15,,77122,2,,,1,55,,77065,2,,,1,15,,77085,2,,,1,15,,77104,2,,,1,15,,77123,2,,,1,55,,77066,2,,,1,15,,77086,2,,,1,15,,77105,2,,,1,15,,77124,2,,,1,55,,77067,2,,,1,15,,77087,2,,,1,15,,77106,2,,,1,15,,77125,2,,,1,55,,77068,2,,,1,15,,77088,2,,,1,15,,77107,2,,,1,15,,77126,2,,,1,55,,77069,2,,,1,15,,77089,2,,,1,15,,77108,2,,,1,15,,77127,2,,,1,55,,77070,2,,,1,15,,77090,2,,,1,15,,77109,2,,,1,15,,77128,2,,,1,55,,77071,2,,,1,15,,77091,2,,,1,15,,77110,2,,,1,15,,77129,2,,,1,55,,77072,2,,,1,15,,77092,2,,,1,15,,77111,2,,,1,15,,77130,2,,,1,55,,77073,2,,,1,15,,77093,2,,,1,15,,77112,2,,,1,15,,77131,2,,,1,55,,77074,2,,,1
0,'20270104',503,,77192,2,,,1,15,,77132,2,,,1,20,,77172,2,,,1,15,,77193,2,,,1,55,,77133,2,,,1,15,,77153,2,,,1,15,,77173,2,,,1,15,,77194,2,,,1,55,,77134,2,,,1,15,,77154,2,,,1,15,,77174,2,,,1,15,,77195,2,,,1,55,,77135,2,,,1,15,,77155,2,,,1,15,,77175,2,,,1,15,,77196,2,,,1,55,,77136,2,,,1,15,,77156,2,,,1,15,,77176,2,,,1,15,,77197,2,,,1,55,,77137,2,,,1,15,,77157,2,,,1,15,,77177,2,,,1,15,,77198,2,,,1,55,,77138,2,,,1,15,,77158,2,,,1,15,,77178,2,,,1,15,,77199,2,,,1,55,,77139,2,,,1,15,,77159,2,,,1,15,,77179,2,,,1,15,,77200,2,,,1,55,,77140,2,,,1,15,,77160,2,,,1,15,,77180,2,,,1,15,,77201,2,,,1,55,,77141,2,,,1,15,,77161,2,,,1,15,,77181,2,,,1,15,,77202,2,,,1,55,,77142,2,,,1,15,,77162,2,,,1,15,,77182,2,,,1,15,,77203,2,,,1,55,,77143,2,,,1,15,,77163,2,,,1,15,,77183,2,,,1,15,,77204,2,,,1,55,,77144,2,,,1,15,,77164,2,,,1,15,,77184,2,,,1,15,,77205,2,,,1,55,,77145,2,,,1,15,,77165,2,,,1,15,,77185,2,,,1,15,,77206,2,,,1,55,,77146,2,,,1,15,,77166,2,,,1,15,,77186,2,,,1,15,,77207,2,,,1,55,,77147,2,,,1,15,,77167,2,,,1,15,,77187,2,,,1,15,,77208,2,,,1,55,,77148,2,,,1,15,,77168,2,,,1,15,,77188,2,,,1,15,,77209,2,,,1,55,,77149,2,,,1,15,,77169,2,,,1,15,,77189,2,,,1,15,,77210,2,,,1,55,,77150,2,,,1,15,,77170,2,,,1,15,,77190,2,,,1,15,,77211,2,,,1,55,,77151,2,,,1,15,,77171,2,,,1,15,,77191,2,,,1,15,,77212,2,,,1,55,,77152,2,,,1
0,'20270105',503,,77273,2,,,1,15,,77213,2,,,1,20,,77253,2,,,1,15,,77274,2,,,1,55,,77214,2,,,1,15,,77234,2,,,1,15,,77254,2,,,1,15,,77275,2,,,1,55,,77215,2,,,1,15,,77235,2,,,1,15,,77255,2,,,1,15,,77276,2,,,1,55,,77216,2,,,1,15,,77236,2,,,1,15,,77256,2,,,1,15,,77277,2,,,1,55,,77217,2,,,1,15,,77237,2,,,1,15,,77257,2,,,1,15,,77278,2,,,1,55,,77218,2,,,1,15,,77238,2,,,1,15,,77258,2,,,1,15,,77279,2,,,1,55,,77219,2,,,1,15,,77239,2,,,1,15,,77259,2,,,1,15,,77280,2,,,1,55,,77220,2,,,1,15,,77240,2,,,1,15,,77260,2,,,1,15,,77281,2,,,1,55,,77221,2,,,1,15,,77241,2,,,1,15,,77261,2,,,1,15,,77282,2,,,1,55,,77222,2,,,1,15,,77242,2,,,1,15,,77262,2,,,1,15,,77283,2,,,1,55,,77223,2,,,1,15,,77243,2,,,1,15,,77263,2,,,1,15,,77284,2,,,1,55,,77224,2,,,1,15,,77244,2,,,1,15,,77264,2,,,1,15,,77285,2,,,1,55,,77225,2,,,1,15,,77245,2,,,1,15,,77265,2,,,1,15,,77286,2,,,1,55,,77226,2,,,1,15,,77246,2,,,1,15,,77266,2,,,1,15,,77287,2,,,1,55,,77227,2,,,1,15,,77247,2,,,1,15,,77267,2,,,1,15,,77288,2,,,1,55,,77228,2,,,1,15,,77248,2,,,1,15,,77268,2,,,1,15,,77289,2,,,1,55,,77229,2,,,1,15,,77249,2,,,1,15,,77269,2,,,1,15,,77290,2,,,1,55,,77230,2,,,1,15,,77250,2,,,1,15,,77270,2,,,1,15,,77291,2,,,1,55,,77231,2,,,1,15,,77251,2,,,1,15,,77271,2,,,1,15,,77292,2,,,1,55,,77232,2,,,1,15,,77252,2,,,1,15,,77272,2,,,1,15,,77293,2,,,1,55,,77233,2,,,1
0,'20270106',503,,77354,2,,,1,15,,77294,2,,,1,20,,77334,2,,,1,15,,77355,2,,,1,55,,77295,2,,,1,15,,77315,2,,,1,15,,77335,2,,,1,15,,77356,2,,,1,55,,77296,2,,,1,15,,77316,2,,,1,15,,77336,2,,,1,15,,77357,2,,,1,55,,77297,2,,,1,15,,77317,2,,,1,15,,77337,2,,,1,15,,77358,2,,,1,55,,77298,2,,,1,15,,77318,2,,,1,15,,77338,2,,,1,15,,77359,2,,,1,55,,77299,2,,,1,15,,77319,2,,,1,15,,77339,2,,,1,15,,77360,2,,,1,55,,77300,2,,,1,15,,77320,2,,,1,15,,77340,2,,,1,15,,77361,2,,,1,55,,77301,2,,,1,15,,77321,2,,,1,15,,77341,2,,,1,15,,77362,2,,,1,55,,77302,2,,,1,15,,77322,2,,,1,15,,77342,2,,,1,15,,77363,2,,,1,55,,77303,2,,,1,15,,77323,2,,,1,15,,77343,2,,,1,15,,77364,2,,,1,55,,77304,2,,,1,15,,77324,2,,,1,15,,77344,2,,,1,15,,77365,2,,,1,55,,77305,2,,,1,15,,77325,2,,,1,15,,77345,2,,,1,15,,77366,2,,,1,55,,77306,2,,,1,15,,77326,2,,,1,15,,77346,2,,,1,15,,77367,2,,,1,55,,77307,2,,,1,15,,77327,2,,,1,15,,77347,2,,,1,15,,77368,2,,,1,55,,77308,2,,,1,15,,77328,2,,,1,15,,77348,2,,,1,15,,77369,2,,,1,55,,77309,2,,,1,15,,77329,2,,,1,15,,77349,2,,,1,15,,77370,2,,,1,55,,77310,2,,,1,15,,77330,2,,,1,15,,77350,2,,,1,15,,77371,2,,,1,55,,77311,2,,,1,15,,77331,2,,,1,15,,77351,2,,,1,15,,77372,2,,,1,55,,77312,2,,,1,15,,77332,2,,,1,15,,77352,2,,,1,15,,77373,2,,,1,55,,77313,2,,,1,15,,77333,2,,,1,15,,77353,2,,,1,15,,77374,2,,,1,55,,77314,2,,,1
0,'20270107',503,,77435,2,,,1,15,,77375,2,,,1,20,,77415,2,,,1,15,,77436,2,,,1,55,,77376,2,,,1,15,,77396,2,,,1,15,,77416,2,,,1,15,,77437,2,,,1,55,,77377,2,,,1,15,,77397,2,,,1,15,,77417,2,,,1,15,,77438,2,,,1,55,,77378,2,,,1,15,,77398,2,,,1,15,,77418,2,,,1,15,,77439,2,,,1,55,,77379,2,,,1,15,,77399,2,,,1,15,,77419,2,,,1,15,,77440,2,,,1,55,,77380,2,,,1,15,,77400,2,,,1,15,,77420,2,,,1,15,,77441,2,,,1,55,,77381,2,,,1,15,,77401,2,,,1,15,,77421,2,,,1,15,,77442,2,,,1,55,,77382,2,,,1,15,,77402,2,,,1,15,,77422,2,,,1,15,,77443,2,,,1,55,,77383,2,,,1,15,,77403,2,,,1,15,,77423,2,,,1,15,,77444,2,,,1,55,,77384,2,,,1,15,,77404,2,,,1,15,,77424,2,,,1,15,,77445,2,,,1,55,,77385,2,,,1,15,,77405,2,,,1,15,,77425,2,,,1,15,,77446,2,,,1,55,,77386,2,,,1,15,,77406,2,,,1,15,,77426,2,,,1,15,,77447,2,,,1,55,,77387,2,,,1,15,,77407,2,,,1,15,,77427,2,,,1,15,,77448,2,,,1,55,,77388,2,,,1,15,,77408,2,,,1,15,,77428,2,,,1,15,,77449,2,,,1,55,,77389,2,,,1,15,,77409,2,,,1,15,,77429,2,,,1,15,,77450,2,,,1,55,,77390,2,,,1,15,,77410,2,,,1,15,,77430,2,,,1,15,,77451,2,,,1,55,,77391,2,,,1,15,,77411,2,,,1,15,,77431,2,,,1,15,,77452,2,,,1,55,,77392,2,,,1,15,,77412,2,,,1,15,,77432,2,,,1,15,,77453,2,,,1,55,,77393,2,,,1,15,,77413,2,,,1,15,,77433,2,,,1,15,,77454,2,,,1,55,,77394,2,,,1,15,,77414,2,,,1,15,,77434,2,,,1,15,,77455,2,,,1,55,,77395,2,,,1
0,'20270108',503,,77516,2,,,1,15,,77456,2,,,1,20,,77496,2,,,1,15,,77517,2,,,1,55,,77457,2,,,1,15,,77477,2,,,1,15,,77497,2,,,1,15,,77518,2,,,1,55,,77458,2,,,1,15,,77478,2,,,1,15,,77498,2,,,1,15,,77519,2,,,1,55,,77459,2,,,1,15,,77479,2,,,1,15,,77499,2,,,1,15,,77520,2,,,1,55,,77460,2,,,1,15,,77480,2,,,1,15,,77500,2,,,1,15,,77521,2,,,1,55,,77461,2,,,1,15,,77481,2,,,1,15,,77501,2,,,1,15,,77522,2,,,1,55,,77462,2,,,1,15,,77482,2,,,1,15,,77502,2,,,1,15,,77523,2,,,1,55,,77463,2,,,1,15,,77483,2,,,1,15,,77503,2,,,1,15,,77524,2,,,1,55,,77464,2,,,1,15,,77484,2,,,1,15,,77504,2,,,1,15,,77525,2,,,1,55,,77465,2,,,1,15,,77485,2,,,1,15,,77505,2,,,1,15,,77526,2,,,1,55,,77466,2,,,1,15,,77486,2,,,1,15,,77506,2,,,1,15,,77527,2,,,1,55,,77467,2,,,1,15,,77487,2,,,1,15,,77507,2,,,1,15,,77528,2,,,1,55,,77468,2,,,1,15,,77488,2,,,1,15,,77508,2,,,1,15,,77529,2,,,1,55,,77469,2,,,1,15,,77489,2,,,1,15,,77509,2,,,1,15,,77530,2,,,1,55,,77470,2,,,1,15,,77490,2,,,1,15,,77510,2,,,1,15,,77531,2,,,1,55,,77471,2,,,1,15,,77491,2,,,1,15,,77511,2,,,1,15,,77532,2,,,1,55,,77472,2,,,1,15,,77492,2,,,1,15,,77512,2,,,1,15,,77533,2,,,1,55,,77473,2,,,1,15,,77493,2,,,1,15,,77513,2,,,1,15,,77534,2,,,1,55,,77474,2,,,1,15,,77494,2,,,1,15,,77514,2,,,1,15,,77535,2,,,1,55,,77475,2,,,1,15,,77495,2,,,1,15,,77515,2,,,1,15,,77536,2,,,1,55,,77476,2,,,1
0,'20270109',608,,77537,2,,,1,15,,77557,2,,,1,15,,77576,2,,,1,15,,77595,2,,,1,55,,77538,2,,,1,15,,77558,2,,,1,15,,77577,2,,,1,15,,77596,2,,,1,55,,77539,2,,,1,15,,77559,2,,,1,15,,77578,2,,,1,15,,77597,2,,,1,55,,77540,2,,,1,15,,77560,2,,,1,15,,77579,2,,,1,15,,77598,2,,,1,55,,77541,2,,,1,15,,77561,2,,,1,15,,77580,2,,,1,15,,77599,2,,,1,55,,77542,2,,,1,15,,77562,2,,,1,15,,77581,2,,,1,15,,77600,2,,,1,55,,77543,2,,,1,15,,77563,2,,,1,15,,77582,2,,,1,15,,77601,2,,,1,55,,77544,2,,,1,15,,77564,2,,,1,15,,77583,2,,,1,15,,77602,2,,,1,55,,77545,2,,,1,15,,77565,2,,,1,15,,77584,2,,,1,15,,77603,2,,,1,55,,77546,2,,,1,15,,77566,2,,,1,15,,77585,2,,,1,15,,77604,2,,,1,55,,77547,2,,,1,15,,77567,2,,,1,15,,77586,2,,,1,15,,77605,2,,,1,55,,77548,2,,,1,15,,77568,2,,,1,15,,77587,2,,,1,15,,77606,2,,,1,55,,77549,2,,,1,15,,77569,2,,,1,15,,77588,2,,,1,15,,77607,2,,,1,55,,77550,2,,,1,15,,77570,2,,,1,15,,77589,2,,,1,15,,77608,2,,,1,55,,77551,2,,,1,15,,77571,2,,,1,15,,77590,2,,,1,15,,77609,2,,,1,55,,77552,2,,,1,15,,77572,2,,,1,15,,77591,2,,,1,15,,77610,2,,,1,55,,77553,2,,,1,15,,77573,2,,,1,15,,77592,2,,,1,15,,77611,2,,,1,55,,77554,2,,,1,15,,77574,2,,,1,15,,77593,2,,,1,15,,77612,2,,,1,55,,77555,2,,,1,15,,77575,2,,,1,15,,77594,2,,,1,15,,77613,2,,,1,55,,77556,2,,,1
0,'20270110',608,,77614,2,,,1,15,,77634,2,,,1,15,,77653,2,,,1,15,,77672,2,,,1,55,,77615,2,,,1,15,,77635,2,,,1,15,,77654,2,,,1,15,,77673,2,,,1,55,,77616,2,,,1,15,,77636,2,,,1,15,,77655,2,,,1,15,,77674,2,,,1,55,,77617,2,,,1,15,,77637,2,,,1,15,,77656,2,,,1,15,,77675,2,,,1,55,,77618,2,,,1,15,,77638,2,,,1,15,,77657,2,,,1,15,,77676,2,,,1,55,,77619,2,,,1,15,,77639,2,,,1,15,,77658,2,,,1,15,,77677,2,,,1,55,,77620,2,,,1,15,,77640,2,,,1,15,,77659,2,,,1,15,,77678,2,,,1,55,,77621,2,,,1,15,,77641,2,,,1,15,,77660,2,,,1,15,,77679,2,,,1,55,,77622,2,,,1,15,,77642,2,,,1,15,,77661,2,,,1,15,,77680,2,,,1,55,,77623,2,,,1,15,,77643,2,,,1,15,,77662,2,,,1,15,,77681,2,,,1,55,,77624,2,,,1,15,,77644,2,,,1,15,,77663,2,,,1,15,,77682,2,,,1,55,,77625,2,,,1,15,,77645,2,,,1,15,,77664,2,,,1,15,,77683,2,,,1,55,,77626,2,,,1,15,,77646,2,,,1,15,,77665,2,,,1,15,,77684,2,,,1,55,,77627,2,,,1,15,,77647,2,,,1,15,,77666,2,,,1,15,,77685,2,,,1,55,,77628,2,,,1,15,,77648,2,,,1,15,,77667,2,,,1,15,,77686,2,,,1,55,,77629,2,,,1,15,,77649,2,,,1,15,,77668,2,,,1,15,,77687,2,,,1,55,,77630,2,,,1,15,,77650,2,,,1,15,,77669,2,,,1,15,,77688,2,,,1,55,,77631,2,,,1,15,,77651,2,,,1,15,,77670,2,,,1,15,,77689,2,,,1,55,,77632,2,,,1,15,,77652,2,,,1,15,,77671,2,,,1,15,,77690,2,,,1,55,,77633,2,,,1
0,'20270111',503,,77751,2,,,1,15,,77691,2,,,1,20,,77731,2,,,1,15,,77752,2,,,1,55,,77692,2,,,1,15,,77712,2,,,1,15,,77732,2,,,1,15,,77753,2,,,1,55,,77693,2,,,1,15,,77713,2,,,1,15,,77733,2,,,1,15,,77754,2,,,1,55,,77694,2,,,1,15,,77714,2,,,1,15,,77734,2,,,1,15,,77755,2,,,1,55,,77695,2,,,1,15,,77715,2,,,1,15,,77735,2,,,1,15,,77756,2,,,1,55,,77696,2,,,1,15,,77716,2,,,1,15,,77736,2,,,1,15,,77757,2,,,1,55,,77697,2,,,1,15,,77717,2,,,1,15,,77737,2,,,1,15,,77758,2,,,1,55,,77698,2,,,1,15,,77718,2,,,1,15,,77738,2,,,1,15,,77759,2,,,1,55,,77699,2,,,1,15,,77719,2,,,1,15,,77739,2,,,1,15,,77760,2,,,1,55,,77700,2,,,1,15,,77720,2,,,1,15,,77740,2,,,1,15,,77761,2,,,1,55,,77701,2,,,1,15,,77721,2,,,1,15,,77741,2,,,1,15,,77762,2,,,1,55,,77702,2,,,1,15,,77722,2,,,1,15,,77742,2,,,1,15,,77763,2,,,1,55,,77703,2,,,1,15,,77723,2,,,1,15,,77743,2,,,1,15,,77764,2,,,1,55,,77704,2,,,1,15,,77724,2,,,1,15,,77744,2,,,1,15,,77765,2,,,1,55,,77705,2,,,1,15,,77725,2,,,1,15,,77745,2,,,1,15,,77766,2,,,1,55,,77706,2,,,1,15,,77726,2,,,1,15,,77746,2,,,1,15,,77767,2,,,1,55,,77707,2,,,1,15,,77727,2,,,1,15,,77747,2,,,1,15,,77768,2,,,1,55,,77708,2,,,1,15,,77728,2,,,1,15,,77748,2,,,1,15,,77769,2,,,1,55,,77709,2,,,1,15,,77729,2,,,1,15,,77749,2,,,1,15,,77770,2,,,1,55,,77710,2,,,1,15,,77730,2,,,1,15,,77750,2,,,1,15,,77771,2,,,1,55,,77711,2,,,1
0,'20270112',503,,77832,2,,,1,15,,77772,2,,,1,20,,77812,2,,,1,15,,77833,2,,,1,55,,77773,2,,,1,15,,77793,2,,,1,15,,77813,2,,,1,15,,77834,2,,,1,55,,77774,2,,,1,15,,77794,2,,,1,15,,77814,2,,,1,15,,77835,2,,,1,55,,77775,2,,,1,15,,77795,2,,,1,15,,77815,2,,,1,15,,77836,2,,,1,55,,77776,2,,,1,15,,77796,2,,,1,15,,77816,2,,,1,15,,77837,2,,,1,55,,77777,2,,,1,15,,77797,2,,,1,15,,77817,2,,,1,15,,77838,2,,,1,55,,77778,2,,,1,15,,77798,2,,,1,15,,77818,2,,,1,15,,77839,2,,,1,55,,77779,2,,,1,15,,77799,2,,,1,15,,77819,2,,,1,15,,77840,2,,,1,55,,77780,2,,,1,15,,77800,2,,,1,15,,77820,2,,,1,15,,77841,2,,,1,55,,77781,2,,,1,15,,77801,2,,,1,15,,77821,2,,,1,15,,77842,2,,,1,55,,77782,2,,,1,15,,77802,2,,,1,15,,77822,2,,,1,15,,77843,2,,,1,55,,77783,2,,,1,15,,77803,2,,,1,15,,77823,2,,,1,15,,77844,2,,,1,55,,77784,2,,,1,15,,77804,2,,,1,15,,77824,2,,,1,15,,77845,2,,,1,55,,77785,2,,,1,15,,77805,2,,,1,15,,77825,2,,,1,15,,77846,2,,,1,55,,77786,2,,,1,15,,77806,2,,,1,15,,77826,2,,,1,15,,77847,2,,,1,55,,77787,2,,,1,15,,77807,2,,,1,15,,77827,2,,,1,15,,77848,2,,,1,55,,77788,2,,,1,15,,77808,2,,,1,15,,77828,2,,,1,15,,77849,2,,,1,55,,77789,2,,,1,15,,77809,2,,,1,15,,77829,2,,,1,15,,77850,2,,,1,55,,77790,2,,,1,15,,77810,2,,,1,15,,77830,2,,,1,15,,77851,2,,,1,55,,77791,2,,,1,15,,77811,2,,,1,15,,77831,2,,,1,15,,77852,2,,,1,55,,77792,2,,,1
0,'20270113',503,,77913,2,,,1,15,,77853,2,,,1,20,,77893,2,,,1,15,,77914,2,,,1,55,,77854,2,,,1,15,,77874,2,,,1,15,,77894,2,,,1,15,,77915,2,,,1,55,,77855,2,,,1,15,,77875,2,,,1,15,,77895,2,,,1,15,,77916,2,,,1,55,,77856,2,,,1,15,,77876,2,,,1,15,,77896,2,,,1,15,,77917,2,,,1,55,,77857,2,,,1,15,,77877,2,,,1,15,,77897,2,,,1,15,,77918,2,,,1,55,,77858,2,,,1,15,,77878,2,,,1,15,,77898,2,,,1,15,,77919,2,,,1,55,,77859,2,,,1,15,,77879,2,,,1,15,,77899,2,,,1,15,,77920,2,,,1,55,,77860,2,,,1,15,,77880,2,,,1,15,,77900,2,,,1,15,,77921,2,,,1,55,,77861,2,,,1,15,,77881,2,,,1,15,,77901,2,,,1,15,,77922,2,,,1,55,,77862,2,,,1,15,,77882,2,,,1,15,,77902,2,,,1,15,,77923,2,,,1,55,,77863,2,,,1,15,,77883,2,,,1,15,,77903,2,,,1,15,,77924,2,,,1,55,,77864,2,,,1,15,,77884,2,,,1,15,,77904,2,,,1,15,,77925,2,,,1,55,,77865,2,,,1,15,,77885,2,,,1,15,,77905,2,,,1,15,,77926,2,,,1,55,,77866,2,,,1,15,,77886,2,,,1,15,,77906,2,,,1,15,,77927,2,,,1,55,,77867,2,,,1,15,,77887,2,,,1,15,,77907,2,,,1,15,,77928,2,,,1,55,,77868,2,,,1,15,,77888,2,,,1,15,,77908,2,,,1,15,,77929,2,,,1,55,,77869,2,,,1,15,,77889,2,,,1,15,,77909,2,,,1,15,,77930,2,,,1,55,,77870,2,,,1,15,,77890,2,,,1,15,,77910,2,,,1,15,,77931,2,,,1,55,,77871,2,,,1,15,,77891,2,,,1,15,,77911,2,,,1,15,,77932,2,,,1,55,,77872,2,,,1,15,,77892,2,,,1,15,,77912,2,,,1,15,,77933,2,,,1,55,,77873,2,,,1
0,'20270114',503,,77994,2,,,1,15,,77934,2,,,1,20,,77974,2,,,1,15,,77995,2,,,1,55,,77935,2,,,1,15,,77955,2,,,1,15,,77975,2,,,1,15,,77996,2,,,1,55,,77936,2,,,1,15,,77956,2,,,1,15,,77976,2,,,1,15,,77997,2,,,1,55,,77937,2,,,1,15,,77957,2,,,1,15,,77977,2,,,1,15,,77998,2,,,1,55,,77938,2,,,1,15,,77958,2,,,1,15,,77978,2,,,1,15,,77999,2,,,1,55,,77939,2,,,1,15,,77959,2,,,1,15,,77979,2,,,1,15,,78000,2,,,1,55,,77940,2,,,1,15,,77960,2,,,1,15,,77980,2,,,1,15,,78001,2,,,1,55,,77941,2,,,1,15,,77961,2,,,1,15,,77981,2,,,1,15,,78002,2,,,1,55,,77942,2,,,1,15,,77962,2,,,1,15,,77982,2,,,1,15,,78003,2,,,1,55,,77943,2,,,1,15,,77963,2,,,1,15,,77983,2,,,1,15,,78004,2,,,1,55,,77944,2,,,1,15,,77964,2,,,1,15,,77984,2,,,1,15,,78005,2,,,1,55,,77945,2,,,1,15,,77965,2,,,1,15,,77985,2,,,1,15,,78006,2,,,1,55,,77946,2,,,1,15,,77966,2,,,1,15,,77986,2,,,1,15,,78007,2,,,1,55,,77947,2,,,1,15,,77967,2,,,1,15,,77987,2,,,1,15,,78008,2,,,1,55,,77948,2,,,1,15,,77968,2,,,1,15,,77988,2,,,1,15,,78009,2,,,1,55,,77949,2,,,1,15,,77969,2,,,1,15,,77989,2,,,1,15,,78010,2,,,1,55,,77950,2,,,1,15,,77970,2,,,1,15,,77990,2,,,1,15,,78011,2,,,1,55,,77951,2,,,1,15,,77971,2,,,1,15,,77991,2,,,1,15,,78012,2,,,1,55,,77952,2,,,1,15,,77972,2,,,1,15,,77992,2,,,1,15,,78013,2,,,1,55,,77953,2,,,1,15,,77973,2,,,1,15,,77993,2,,,1,15,,78014,2,,,1,55,,77954,2,,,1
0,'20270115',503,,78075,2,,,1,15,,78015,2,,,1,20,,78055,2,,,1,15,,78076,2,,,1,55,,78016,2,,,1,15,,78036,2,,,1,15,,78056,2,,,1,15,,78077,2,,,1,55,,78017,2,,,1,15,,78037,2,,,1,15,,78057,2,,,1,15,,78078,2,,,1,55,,78018,2,,,1,15,,78038,2,,,1,15,,78058,2,,,1,15,,78079,2,,,1,55,,78019,2,,,1,15,,78039,2,,,1,15,,78059,2,,,1,15,,78080,2,,,1,55,,78020,2,,,1,15,,78040,2,,,1,15,,78060,2,,,1,15,,78081,2,,,1,55,,78021,2,,,1,15,,78041,2,,,1,15,,78061,2,,,1,15,,78082,2,,,1,55,,78022,2,,,1,15,,78042,2,,,1,15,,78062,2,,,1,15,,78083,2,,,1,55,,78023,2,,,1,15,,78043,2,,,1,15,,78063,2,,,1,15,,78084,2,,,1,55,,78024,2,,,1,15,,78044,2,,,1,15,,78064,2,,,1,15,,78085,2,,,1,55,,78025,2,,,1,15,,78045,2,,,1,15,,78065,2,,,1,15,,78086,2,,,1,55,,78026,2,,,1,15,,78046,2,,,1,15,,78066,2,,,1,15,,78087,2,,,1,55,,78027,2,,,1,15,,78047,2,,,1,15,,78067,2,,,1,15,,78088,2,,,1,55,,78028,2,,,1,15,,78048,2,,,1,15,,78068,2,,,1,15,,78089,2,,,1,55,,78029,2,,,1,15,,78049,2,,,1,15,,78069,2,,,1,15,,78090,2,,,1,55,,78030,2,,,1,15,,78050,2,,,1,15,,78070,2,,,1,15,,78091,2,,,1,55,,78031,2,,,1,15,,78051,2,,,1,15,,78071,2,,,1,15,,78092,2,,,1,55,,78032,2,,,1,15,,78052,2,,,1,15,,78072,2,,,1,15,,78093,2,,,1,55,,78033,2,,,1,15,,78053,2,,,1,15,,78073,2,,,1,15,,78094,2,,,1,55,,78034,2,,,1,15,,78054,2,,,1,15,,78074,2,,,1,15,,78095,2,,,1,55,,78035,2,,,1
0,'20270116',608,,78096,2,,,1,15,,78116,2,,,1,15,,78135,2,,,1,15,,78154,2,,,1,55,,78097,2,,,1,15,,78117,2,,,1,15,,78136,2,,,1,15,,78155,2,,,1,55,,78098,2,,,1,15,,78118,2,,,1,15,,78137,2,,,1,15,,78156,2,,,1,55,,78099,2,,,1,15,,78119,2,,,1,15,,78138,2,,,1,15,,78157,2,,,1,55,,78100,2,,,1,15,,78120,2,,,1,15,,78139,2,,,1,15,,78158,2,,,1,55,,78101,2,,,1,15,,78121,2,,,1,15,,78140,2,,,1,15,,78159,2,,,1,55,,78102,2,,,1,15,,78122,2,,,1,15,,78141,2,,,1,15,,78160,2,,,1,55,,78103,2,,,1,15,,78123,2,,,1,15,,78142,2,,,1,15,,78161,2,,,1,55,,78104,2,,,1,15,,78124,2,,,1,15,,78143,2,,,1,15,,78162,2,,,1,55,,78105,2,,,1,15,,78125,2,,,1,15,,78144,2,,,1,15,,78163,2,,,1,55,,78106,2,,,1,15,,78126,2,,,1,15,,78145,2,,,1,15,,78164,2,,,1,55,,78107,2,,,1,15,,78127,2,,,1,15,,78146,2,,,1,15,,78165,2,,,1,55,,78108,2,,,1,15,,78128,2,,,1,15,,78147,2,,,1,15,,78166,2,,,1,55,,78109,2,,,1,15,,78129,2,,,1,15,,78148,2,,,1,15,,78167,2,,,1,55,,78110,2,,,1,15,,78130,2,,,1,15,,78149,2,,,1,15,,78168,2,,,1,55,,78111,2,,,1,15,,78131,2,,,1,15,,78150,2,,,1,15,,78169,2,,,1,55,,78112,2,,,1,15,,78132,2,,,1,15,,78151,2,,,1,15,,78170,2,,,1,55,,78113,2,,,1,15,,78133,2,,,1,15,,78152,2,,,1,15,,78171,2,,,1,55,,78114,2,,,1,15,,78134,2,,,1,15,,78153,2,,,1,15,,78172,2,,,1,55,,78115,2,,,1
0,'20270117',608,,78173,2,,,1,15,,78193,2,,,1,15,,78212,2,,,1,15,,78231,2,,,1,55,,78174,2,,,1,15,,78194,2,,,1,15,,78213,2,,,1,15,,78232,2,,,1,55,,78175,2,,,1,15,,78195,2,,,1,15,,78214,2,,,1,15,,78233,2,,,1,55,,78176,2,,,1,15,,78196,2,,,1,15,,78215,2,,,1,15,,78234,2,,,1,55,,78177,2,,,1,15,,78197,2,,,1,15,,78216,2,,,1,15,,78235,2,,,1,55,,78178,2,,,1,15,,78198,2,,,1,15,,78217,2,,,1,15,,78236,2,,,1,55,,78179,2,,,1,15,,78199,2,,,1,15,,78218,2,,,1,15,,78237,2,,,1,55,,78180,2,,,1,15,,78200,2,,,1,15,,78219,2,,,1,15,,78238,2,,,1,55,,78181,2,,,1,15,,78201,2,,,1,15,,78220,2,,,1,15,,78239,2,,,1,55,,78182,2,,,1,15,,78202,2,,,1,15,,78221,2,,,1,15,,78240,2,,,1,55,,78183,2,,,1,15,,78203,2,,,1,15,,78222,2,,,1,15,,78241,2,,,1,55,,78184,2,,,1,15,,78204,2,,,1,15,,78223,2,,,1,15,,78242,2,,,1,55,,78185,2,,,1,15,,78205,2,,,1,15,,78224,2,,,1,15,,78243,2,,,1,55,,78186,2,,,1,15,,78206,2,,,1,15,,78225,2,,,1,15,,78244,2,,,1,55,,78187,2,,,1,15,,78207,2,,,1,15,,78226,2,,,1,15,,78245,2,,,1,55,,78188,2,,,1,15,,78208,2,,,1,15,,78227,2,,,1,15,,78246,2,,,1,55,,78189,2,,,1,15,,78209,2,,,1,15,,78228,2,,,1,15,,78247,2,,,1,55,,78190,2,,,1,15,,78210,2,,,1,15,,78229,2,,,1,15,,78248,2,,,1,55,,78191,2,,,1,15,,78211,2,,,1,15,,78230,2,,,1,15,,78249,2,,,1,55,,78192,2,,,1
0,'20270118',503,,78310,2,,,1,15,,78250,2,,,1,20,,78290,2,,,1,15,,78311,2,,,1,55,,78251,2,,,1,15,,78271,2,,,1,15,,78291,2,,,1,15,,78312,2,,,1,55,,78252,2,,,1,15,,78272,2,,,1,15,,78292,2,,,1,15,,78313,2,,,1,55,,78253,2,,,1,15,,78273,2,,,1,15,,78293,2,,,1,15,,78314,2,,,1,55,,78254,2,,,1,15,,78274,2,,,1,15,,78294,2,,,1,15,,78315,2,,,1,55,,78255,2,,,1,15,,78275,2,,,1,15,,78295,2,,,1,15,,78316,2,,,1,55,,78256,2,,,1,15,,78276,2,,,1,15,,78296,2,,,1,15,,78317,2,,,1,55,,78257,2,,,1,15,,78277,2,,,1,15,,78297,2,,,1,15,,78318,2,,,1,55,,78258,2,,,1,15,,78278,2,,,1,15,,78298,2,,,1,15,,78319,2,,,1,55,,78259,2,,,1,15,,78279,2,,,1,15,,78299,2,,,1,15,,78320,2,,,1,55,,78260,2,,,1,15,,78280,2,,,1,15,,78300,2,,,1,15,,78321,2,,,1,55,,78261,2,,,1,15,,78281,2,,,1,15,,78301,2,,,1,15,,78322,2,,,1,55,,78262,2,,,1,15,,78282,2,,,1,15,,78302,2,,,1,15,,78323,2,,,1,55,,78263,2,,,1,15,,78283,2,,,1,15,,78303,2,,,1,15,,78324,2,,,1,55,,78264,2,,,1,15,,78284,2,,,1,15,,78304,2,,,1,15,,78325,2,,,1,55,,78265,2,,,1,15,,78285,2,,,1,15,,78305,2,,,1,15,,78326,2,,,1,55,,78266,2,,,1,15,,78286,2,,,1,15,,78306,2,,,1,15,,78327,2,,,1,55,,78267,2,,,1,15,,78287,2,,,1,15,,78307,2,,,1,15,,78328,2,,,1,55,,78268,2,,,1,15,,78288,2,,,1,15,,78308,2,,,1,15,,78329,2,,,1,55,,78269,2,,,1,15,,78289,2,,,1,15,,78309,2,,,1,15,,78330,2,,,1,55,,78270,2,,,1
0,'20270119',503,,78391,2,,,1,15,,78331,2,,,1,20,,78371,2,,,1,15,,78392,2,,,1,55,,78332,2,,,1,15,,78352,2,,,1,15,,78372,2,,,1,15,,78393,2,,,1,55,,78333,2,,,1,15,,78353,2,,,1,15,,78373,2,,,1,15,,78394,2,,,1,55,,78334,2,,,1,15,,78354,2,,,1,15,,78374,2,,,1,15,,78395,2,,,1,55,,78335,2,,,1,15,,78355,2,,,1,15,,78375,2,,,1,15,,78396,2,,,1,55,,78336,2,,,1,15,,78356,2,,,1,15,,78376,2,,,1,15,,78397,2,,,1,55,,78337,2,,,1,15,,78357,2,,,1,15,,78377,2,,,1,15,,78398,2,,,1,55,,78338,2,,,1,15,,78358,2,,,1,15,,78378,2,,,1,15,,78399,2,,,1,55,,78339,2,,,1,15,,78359,2,,,1,15,,78379,2,,,1,15,,78400,2,,,1,55,,78340,2,,,1,15,,78360,2,,,1,15,,78380,2,,,1,15,,78401,2,,,1,55,,78341,2,,,1,15,,78361,2,,,1,15,,78381,2,,,1,15,,78402,2,,,1,55,,78342,2,,,1,15,,78362,2,,,1,15,,78382,2,,,1,15,,78403,2,,,1,55,,78343,2,,,1,15,,78363,2,,,1,15,,78383,2,,,1,15,,78404,2,,,1,55,,78344,2,,,1,15,,78364,2,,,1,15,,78384,2,,,1,15,,78405,2,,,1,55,,78345,2,,,1,15,,78365,2,,,1,15,,78385,2,,,1,15,,78406,2,,,1,55,,78346,2,,,1,15,,78366,2,,,1,15,,78386,2,,,1,15,,78407,2,,,1,55,,78347,2,,,1,15,,78367,2,,,1,15,,78387,2,,,1,15,,78408,2,,,1,55,,78348,2,,,1,15,,78368,2,,,1,15,,78388,2,,,1,15,,78409,2,,,1,55,,78349,2,,,1,15,,78369,2,,,1,15,,78389,2,,,1,15,,78410,2,,,1,55,,78350,2,,,1,15,,78370,2,,,1,15,,78390,2,,,1,15,,78411,2,,,1,55,,78351,2,,,1
0,'20270120',503,,78472,2,,,1,15,,78412,2,,,1,20,,78452,2,,,1,15,,78473,2,,,1,55,,78413,2,,,1,15,,78433,2,,,1,15,,78453,2,,,1,15,,78474,2,,,1,55,,78414,2,,,1,15,,78434,2,,,1,15,,78454,2,,,1,15,,78475,2,,,1,55,,78415,2,,,1,15,,78435,2,,,1,15,,78455,2,,,1,15,,78476,2,,,1,55,,78416,2,,,1,15,,78436,2,,,1,15,,78456,2,,,1,15,,78477,2,,,1,55,,78417,2,,,1,15,,78437,2,,,1,15,,78457,2,,,1,15,,78478,2,,,1,55,,78418,2,,,1,15,,78438,2,,,1,15,,78458,2,,,1,15,,78479,2,,,1,55,,78419,2,,,1,15,,78439,2,,,1,15,,78459,2,,,1,15,,78480,2,,,1,55,,78420,2,,,1,15,,78440,2,,,1,15,,78460,2,,,1,15,,78481,2,,,1,55,,78421,2,,,1,15,,78441,2,,,1,15,,78461,2,,,1,15,,78482,2,,,1,55,,78422,2,,,1,15,,78442,2,,,1,15,,78462,2,,,1,15,,78483,2,,,1,55,,78423,2,,,1,15,,78443,2,,,1,15,,78463,2,,,1,15,,78484,2,,,1,55,,78424,2,,,1,15,,78444,2,,,1,15,,78464,2,,,1,15,,78485,2,,,1,55,,78425,2,,,1,15,,78445,2,,,1,15,,78465,2,,,1,15,,78486,2,,,1,55,,78426,2,,,1,15,,78446,2,,,1,15,,78466,2,,,1,15,,78487,2,,,1,55,,78427,2,,,1,15,,78447,2,,,1,15,,78467,2,,,1,15,,78488,2,,,1,55,,78428,2,,,1,15,,78448,2,,,1,15,,78468,2,,,1,15,,78489,2,,,1,55,,78429,2,,,1,15,,78449,2,,,1,15,,78469,2,,,1,15,,78490,2,,,1,55,,78430,2,,,1,15,,78450,2,,,1,15,,78470,2,,,1,15,,78491,2,,,1,55,,78431,2,,,1,15,,78451,2,,,1,15,,78471,2,,,1,15,,78492,2,,,1,55,,78432,2,,,1
0,'20270121',503,,78553,2,,,1,15,,78493,2,,,1,20,,78533,2,,,1,15,,78554,2,,,1,55,,78494,2,,,1,15,,78514,2,,,1,15,,78534,2,,,1,15,,78555,2,,,1,55,,78495,2,,,1,15,,78515,2,,,1,15,,78535,2,,,1,15,,78556,2,,,1,55,,78496,2,,,1,15,,78516,2,,,1,15,,78536,2,,,1,15,,78557,2,,,1,55,,78497,2,,,1,15,,78517,2,,,1,15,,78537,2,,,1,15,,78558,2,,,1,55,,78498,2,,,1,15,,78518,2,,,1,15,,78538,2,,,1,15,,78559,2,,,1,55,,78499,2,,,1,15,,78519,2,,,1,15,,78539,2,,,1,15,,78560,2,,,1,55,,78500,2,,,1,15,,78520,2,,,1,15,,78540,2,,,1,15,,78561,2,,,1,55,,78501,2,,,1,15,,78521,2,,,1,15,,78541,2,,,1,15,,78562,2,,,1,55,,78502,2,,,1,15,,78522,2,,,1,15,,78542,2,,,1,15,,78563,2,,,1,55,,78503,2,,,1,15,,78523,2,,,1,15,,78543,2,,,1,15,,78564,2,,,1,55,,78504,2,,,1,15,,78524,2,,,1,15,,78544,2,,,1,15,,78565,2,,,1,55,,78505,2,,,1,15,,78525,2,,,1,15,,78545,2,,,1,15,,78566,2,,,1,55,,78506,2,,,1,15,,78526,2,,,1,15,,78546,2,,,1,15,,78567,2,,,1,55,,78507,2,,,1,15,,78527,2,,,1,15,,78547,2,,,1,15,,78568,2,,,1,55,,78508,2,,,1,15,,78528,2,,,1,15,,78548,2,,,1,15,,78569,2,,,1,55,,78509,2,,,1,15,,78529,2,,,1,15,,78549,2,,,1,15,,78570,2,,,1,55,,78510,2,,,1,15,,78530,2,,,1,15,,78550,2,,,1,15,,78571,2,,,1,55,,78511,2,,,1,15,,78531,2,,,1,15,,78551,2,,,1,15,,78572,2,,,1,55,,78512,2,,,1,15,,78532,2,,,1,15,,78552,2,,,1,15,,78573,2,,,1,55,,78513,2,,,1
0,'20270122',503,,78634,2,,,1,15,,78574,2,,,1,20,,78614,2,,,1,15,,78635,2,,,1,55,,78575,2,,,1,15,,78595,2,,,1,15,,78615,2,,,1,15,,78636,2,,,1,55,,78576,2,,,1,15,,78596,2,,,1,15,,78616,2,,,1,15,,78637,2,,,1,55,,78577,2,,,1,15,,78597,2,,,1,15,,78617,2,,,1,15,,78638,2,,,1,55,,78578,2,,,1,15,,78598,2,,,1,15,,78618,2,,,1,15,,78639,2,,,1,55,,78579,2,,,1,15,,78599,2,,,1,15,,78619,2,,,1,15,,78640,2,,,1,55,,78580,2,,,1,15,,78600,2,,,1,15,,78620,2,,,1,15,,78641,2,,,1,55,,78581,2,,,1,15,,78601,2,,,1,15,,78621,2,,,1,15,,78642,2,,,1,55,,78582,2,,,1,15,,78602,2,,,1,15,,78622,2,,,1,15,,78643,2,,,1,55,,78583,2,,,1,15,,78603,2,,,1,15,,78623,2,,,1,15,,78644,2,,,1,55,,78584,2,,,1,15,,78604,2,,,1,15,,78624,2,,,1,15,,78645,2,,,1,55,,78585,2,,,1,15,,78605,2,,,1,15,,78625,2,,,1,15,,78646,2,,,1,55,,78586,2,,,1,15,,78606,2,,,1,15,,78626,2,,,1,15,,78647,2,,,1,55,,78587,2,,,1,15,,78607,2,,,1,15,,78627,2,,,1,15,,78648,2,,,1,55,,78588,2,,,1,15,,78608,2,,,1,15,,78628,2,,,1,15,,78649,2,,,1,55,,78589,2,,,1,15,,78609,2,,,1,15,,78629,2,,,1,15,,78650,2,,,1,55,,78590,2,,,1,15,,78610,2,,,1,15,,78630,2,,,1,15,,78651,2,,,1,55,,78591,2,,,1,15,,78611,2,,,1,15,,78631,2,,,1,15,,78652,2,,,1,55,,78592,2,,,1,15,,78612,2,,,1,15,,78632,2,,,1,15,,78653,2,,,1,55,,78593,2,,,1,15,,78613,2,,,1,15,,78633,2,,,1,15,,78654,2,,,1,55,,78594,2,,,1
0,'20270123',608,,78655,2,,,1,15,,78675,2,,,1,15,,78694,2,,,1,15,,78713,2,,,1,55,,78656,2,,,1,15,,78676,2,,,1,15,,78695,2,,,1,15,,78714,2,,,1,55,,78657,2,,,1,15,,78677,2,,,1,15,,78696,2,,,1,15,,78715,2,,,1,55,,78658,2,,,1,15,,78678,2,,,1,15,,78697,2,,,1,15,,78716,2,,,1,55,,78659,2,,,1,15,,78679,2,,,1,15,,78698,2,,,1,15,,78717,2,,,1,55,,78660,2,,,1,15,,78680,2,,,1,15,,78699,2,,,1,15,,78718,2,,,1,55,,78661,2,,,1,15,,78681,2,,,1,15,,78700,2,,,1,15,,78719,2,,,1,55,,78662,2,,,1,15,,78682,2,,,1,15,,78701,2,,,1,15,,78720,2,,,1,55,,78663,2,,,1,15,,78683,2,,,1,15,,78702,2,,,1,15,,78721,2,,,1,55,,78664,2,,,1,15,,78684,2,,,1,15,,78703,2,,,1,15,,78722,2,,,1,55,,78665,2,,,1,15,,78685,2,,,1,15,,78704,2,,,1,15,,78723,2,,,1,55,,78666,2,,,1,15,,78686,2,,,1,15,,78705,2,,,1,15,,78724,2,,,1,55,,78667,2,,,1,15,,78687,2,,,1,15,,78706,2,,,1,15,,78725,2,,,1,55,,78668,2,,,1,15,,78688,2,,,1,15,,78707,2,,,1,15,,78726,2,,,1,55,,78669,2,,,1,15,,78689,2,,,1,15,,78708,2,,,1,15,,78727,2,,,1,55,,78670,2,,,1,15,,78690,2,,,1,15,,78709,2,,,1,15,,78728,2,,,1,55,,78671,2,,,1,15,,78691,2,,,1,15,,78710,2,,,1,15,,78729,2,,,1,55,,78672,2,,,1,15,,78692,2,,,1,15,,78711,2,,,1,15,,78730,2,,,1,55,,78673,2,,,1,15,,78693,2,,,1,15,,78712,2,,,1,15,,78731,2,,,1,55,,78674,2,,,1
0,'20270124',608,,78732,2,,,1,15,,78752,2,,,1,15,,78771,2,,,1,15,,78790,2,,,1,55,,78733,2,,,1,15,,78753,2,,,1,15,,78772,2,,,1,15,,78791,2,,,1,55,,78734,2,,,1,15,,78754,2,,,1,15,,78773,2,,,1,15,,78792,2,,,1,55,,78735,2,,,1,15,,78755,2,,,1,15,,78774,2,,,1,15,,78793,2,,,1,55,,78736,2,,,1,15,,78756,2,,,1,15,,78775,2,,,1,15,,78794,2,,,1,55,,78737,2,,,1,15,,78757,2,,,1,15,,78776,2,,,1,15,,78795,2,,,1,55,,78738,2,,,1,15,,78758,2,,,1,15,,78777,2,,,1,15,,78796,2,,,1,55,,78739,2,,,1,15,,78759,2,,,1,15,,78778,2,,,1,15,,78797,2,,,1,55,,78740,2,,,1,15,,78760,2,,,1,15,,78779,2,,,1,15,,78798,2,,,1,55,,78741,2,,,1,15,,78761,2,,,1,15,,78780,2,,,1,15,,78799,2,,,1,55,,78742,2,,,1,15,,78762,2,,,1,15,,78781,2,,,1,15,,78800,2,,,1,55,,78743,2,,,1,15,,78763,2,,,1,15,,78782,2,,,1,15,,78801,2,,,1,55,,78744,2,,,1,15,,78764,2,,,1,15,,78783,2,,,1,15,,78802,2,,,1,55,,78745,2,,,1,15,,78765,2,,,1,15,,78784,2,,,1,15,,78803,2,,,1,55,,78746,2,,,1,15,,78766,2,,,1,15,,78785,2,,,1,15,,78804,2,,,1,55,,78747,2,,,1,15,,78767,2,,,1,15,,78786,2,,,1,15,,78805,2,,,1,55,,78748,2,,,1,15,,78768,2,,,1,15,,78787,2,,,1,15,,78806,2,,,1,55,,78749,2,,,1,15,,78769,2,,,1,15,,78788,2,,,1,15,,78807,2,,,1,55,,78750,2,,,1,15,,78770,2,,,1,15,,78789,2,,,1,15,,78808,2,,,1,55,,78751,2,,,1
0,'20270125',503,,78869,2,,,1,15,,78809,2,,,1,20,,78849,2,,,1,15,,78870,2,,,1,55,,78810,2,,,1,15,,78830,2,,,1,15,,78850,2,,,1,15,,78871,2,,,1,55,,78811,2,,,1,15,,78831,2,,,1,15,,78851,2,,,1,15,,78872,2,,,1,55,,78812,2,,,1,15,,78832,2,,,1,15,,78852,2,,,1,15,,78873,2,,,1,55,,78813,2,,,1,15,,78833,2,,,1,15,,78853,2,,,1,15,,78874,2,,,1,55,,78814,2,,,1,15,,78834,2,,,1,15,,78854,2,,,1,15,,78875,2,,,1,55,,78815,2,,,1,15,,78835,2,,,1,15,,78855,2,,,1,15,,78876,2,,,1,55,,78816,2,,,1,15,,78836,2,,,1,15,,78856,2,,,1,15,,78877,2,,,1,55,,78817,2,,,1,15,,78837,2,,,1,15,,78857,2,,,1,15,,78878,2,,,1,55,,78818,2,,,1,15,,78838,2,,,1,15,,78858,2,,,1,15,,78879,2,,,1,55,,78819,2,,,1,15,,78839,2,,,1,15,,78859,2,,,1,15,,78880,2,,,1,55,,78820,2,,,1,15,,78840,2,,,1,15,,78860,2,,,1,15,,78881,2,,,1,55,,78821,2,,,1,15,,78841,2,,,1,15,,78861,2,,,1,15,,78882,2,,,1,55,,78822,2,,,1,15,,78842,2,,,1,15,,78862,2,,,1,15,,78883,2,,,1,55,,78823,2,,,1,15,,78843,2,,,1,15,,78863,2,,,1,15,,78884,2,,,1,55,,78824,2,,,1,15,,78844,2,,,1,15,,78864,2,,,1,15,,78885,2,,,1,55,,78825,2,,,1,15,,78845,2,,,1,15,,78865,2,,,1,15,,78886,2,,,1,55,,78826,2,,,1,15,,78846,2,,,1,15,,78866,2,,,1,15,,78887,2,,,1,55,,78827,2,,,1,15,,78847,2,,,1,15,,78867,2,,,1,15,,78888,2,,,1,55,,78828,2,,,1,15,,78848,2,,,1,15,,78868,2,,,1,15,,78889,2,,,1,55,,78829,2,,,1
0,'20270126',503,,78950,2,,,1,15,,78890,2,,,1,20,,78930,2,,,1,15,,78951,2,,,1,55,,78891,2,,,1,15,,78911,2,,,1,15,,78931,2,,,1,15,,78952,2,,,1,55,,78892,2,,,1,15,,78912,2,,,1,15,,78932,2,,,1,15,,78953,2,,,1,55,,78893,2,,,1,15,,78913,2,,,1,15,,78933,2,,,1,15,,78954,2,,,1,55,,78894,2,,,1,15,,78914,2,,,1,15,,78934,2,,,1,15,,78955,2,,,1,55,,78895,2,,,1,15,,78915,2,,,1,15,,78935,2,,,1,15,,78956,2,,,1,55,,78896,2,,,1,15,,78916,2,,,1,15,,78936,2,,,1,15,,78957,2,,,1,55,,78897,2,,,1,15,,78917,2,,,1,15,,78937,2,,,1,15,,78958,2,,,1,55,,78898,2,,,1,15,,78918,2,,,1,15,,78938,2,,,1,15,,78959,2,,,1,55,,78899,2,,,1,15,,78919,2,,,1,15,,78939,2,,,1,15,,78960,2,,,1,55,,78900,2,,,1,15,,78920,2,,,1,15,,78940,2,,,1,15,,78961,2,,,1,55,,78901,2,,,1,15,,78921,2,,,1,15,,78941,2,,,1,15,,78962,2,,,1,55,,78902,2,,,1,15,,78922,2,,,1,15,,78942,2,,,1,15,,78963,2,,,1,55,,78903,2,,,1,15,,78923,2,,,1,15,,78943,2,,,1,15,,78964,2,,,1,55,,78904,2,,,1,15,,78924,2,,,1,15,,78944,2,,,1,15,,78965,2,,,1,55,,78905,2,,,1,15,,78925,2,,,1,15,,78945,2,,,1,15,,78966,2,,,1,55,,78906,2,,,1,15,,78926,2,,,1,15,,78946,2,,,1,15,,78967,2,,,1,55,,78907,2,,,1,15,,78927,2,,,1,15,,78947,2,,,1,15,,78968,2,,,1,55,,78908,2,,,1,15,,78928,2,,,1,15,,78948,2,,,1,15,,78969,2,,,1,55,,78909,2,,,1,15,,78929,2,,,1,15,,78949,2,,,1,15,,78970,2,,,1,55,,78910,2,,,1
0,'20270127',503,,79031,2,,,1,15,,78971,2,,,1,20,,79011,2,,,1,15,,79032,2,,,1,55,,78972,2,,,1,15,,78992,2,,,1,15,,79012,2,,,1,15,,79033,2,,,1,55,,78973,2,,,1,15,,78993,2,,,1,15,,79013,2,,,1,15,,79034,2,,,1,55,,78974,2,,,1,15,,78994,2,,,1,15,,79014,2,,,1,15,,79035,2,,,1,55,,78975,2,,,1,15,,78995,2,,,1,15,,79015,2,,,1,15,,79036,2,,,1,55,,78976,2,,,1,15,,78996,2,,,1,15,,79016,2,,,1,15,,79037,2,,,1,55,,78977,2,,,1,15,,78997,2,,,1,15,,79017,2,,,1,15,,79038,2,,,1,55,,78978,2,,,1,15,,78998,2,,,1,15,,79018,2,,,1,15,,79039,2,,,1,55,,78979,2,,,1,15,,78999,2,,,1,15,,79019,2,,,1,15,,79040,2,,,1,55,,78980,2,,,1,15,,79000,2,,,1,15,,79020,2,,,1,15,,79041,2,,,1,55,,78981,2,,,1,15,,79001,2,,,1,15,,79021,2,,,1,15,,79042,2,,,1,55,,78982,2,,,1,15,,79002,2,,,1,15,,79022,2,,,1,15,,79043,2,,,1,55,,78983,2,,,1,15,,79003,2,,,1,15,,79023,2,,,1,15,,79044,2,,,1,55,,78984,2,,,1,15,,79004,2,,,1,15,,79024,2,,,1,15,,79045,2,,,1,55,,78985,2,,,1,15,,79005,2,,,1,15,,79025,2,,,1,15,,79046,2,,,1,55,,78986,2,,,1,15,,79006,2,,,1,15,,79026,2,,,1,15,,79047,2,,,1,55,,78987,2,,,1,15,,79007,2,,,1,15,,79027,2,,,1,15,,79048,2,,,1,55,,78988,2,,,1,15,,79008,2,,,1,15,,79028,2,,,1,15,,79049,2,,,1,55,,78989,2,,,1,15,,79009,2,,,1,15,,79029,2,,,1,15,,79050,2,,,1,55,,78990,2,,,1,15,,79010,2,,,1,15,,79030,2,,,1,15,,79051,2,,,1,55,,78991,2,,,1
0,'20270128',503,,79112,2,,,1,15,,79052,2,,,1,20,,79092,2,,,1,15,,79113,2,,,1,55,,79053,2,,,1,15,,79073,2,,,1,15,,79093,2,,,1,15,,79114,2,,,1,55,,79054,2,,,1,15,,79074,2,,,1,15,,79094,2,,,1,15,,79115,2,,,1,55,,79055,2,,,1,15,,79075,2,,,1,15,,79095,2,,,1,15,,79116,2,,,1,55,,79056,2,,,1,15,,79076,2,,,1,15,,79096,2,,,1,15,,79117,2,,,1,55,,79057,2,,,1,15,,79077,2,,,1,15,,79097,2,,,1,15,,79118,2,,,1,55,,79058,2,,,1,15,,79078,2,,,1,15,,79098,2,,,1,15,,79119,2,,,1,55,,79059,2,,,1,15,,79079,2,,,1,15,,79099,2,,,1,15,,79120,2,,,1,55,,79060,2,,,1,15,,79080,2,,,1,15,,79100,2,,,1,15,,79121,2,,,1,55,,79061,2,,,1,15,,79081,2,,,1,15,,79101,2,,,1,15,,79122,2,,,1,55,,79062,2,,,1,15,,79082,2,,,1,15,,79102,2,,,1,15,,79123,2,,,1,55,,79063,2,,,1,15,,79083,2,,,1,15,,79103,2,,,1,15,,79124,2,,,1,55,,79064,2,,,1,15,,79084,2,,,1,15,,79104,2,,,1,15,,79125,2,,,1,55,,79065,2,,,1,15,,79085,2,,,1,15,,79105,2,,,1,15,,79126,2,,,1,55,,79066,2,,,1,15,,79086,2,,,1,15,,79106,2,,,1,15,,79127,2,,,1,55,,79067,2,,,1,15,,79087,2,,,1,15,,79107,2,,,1,15,,79128,2,,,1,55,,79068,2,,,1,15,,79088,2,,,1,15,,79108,2,,,1,15,,79129,2,,,1,55,,79069,2,,,1,15,,79089,2,,,1,15,,79109,2,,,1,15,,79130,2,,,1,55,,79070,2,,,1,15,,79090,2,,,1,15,,79110,2,,,1,15,,79131,2,,,1,55,,79071,2,,,1,15,,79091,2,,,1,15,,79111,2,,,1,15,,79132,2,,,1,55,,79072,2,,,1
0,'20270129',503,,79193,2,,,1,15,,79133,2,,,1,20,,79173,2,,,1,15,,79194,2,,,1,55,,79134,2,,,1,15,,79154,2,,,1,15,,79174,2,,,1,15,,79195,2,,,1,55,,79135,2,,,1,15,,79155,2,,,1,15,,79175,2,,,1,15,,79196,2,,,1,55,,79136,2,,,1,15,,79156,2,,,1,15,,79176,2,,,1,15,,79197,2,,,1,55,,79137,2,,,1,15,,79157,2,,,1,15,,79177,2,,,1,15,,79198,2,,,1,55,,79138,2,,,1,15,,79158,2,,,1,15,,79178,2,,,1,15,,79199,2,,,1,55,,79139,2,,,1,15,,79159,2,,,1,15,,79179,2,,,1,15,,79200,2,,,1,55,,79140,2,,,1,15,,79160,2,,,1,15,,79180,2,,,1,15,,79201,2,,,1,55,,79141,2,,,1,15,,79161,2,,,1,15,,79181,2,,,1,15,,79202,2,,,1,55,,79142,2,,,1,15,,79162,2,,,1,15,,79182,2,,,1,15,,79203,2,,,1,55,,79143,2,,,1,15,,79163,2,,,1,15,,79183,2,,,1,15,,79204,2,,,1,55,,79144,2,,,1,15,,79164,2,,,1,15,,79184,2,,,1,15,,79205,2,,,1,55,,79145,2,,,1,15,,79165,2,,,1,15,,79185,2,,,1,15,,79206,2,,,1,55,,79146,2,,,1,15,,79166,2,,,1,15,,79186,2,,,1,15,,79207,2,,,1,55,,79147,2,,,1,15,,79167,2,,,1,15,,79187,2,,,1,15,,79208,2,,,1,55,,79148,2,,,1,15,,79168,2,,,1,15,,79188,2,,,1,15,,79209,2,,,1,55,,79149,2,,,1,15,,79169,2,,,1,15,,79189,2,,,1,15,,79210,2,,,1,55,,79150,2,,,1,15,,79170,2,,,1,15,,79190,2,,,1,15,,79211,2,,,1,55,,79151,2,,,1,15,,79171,2,,,1,15,,79191,2,,,1,15,,79212,2,,,1,55,,79152,2,,,1,15,,79172,2,,,1,15,,79192,2,,,1,15,,79213,2,,,1,55,,79153,2,,,1
0,'20270130',608,,79214,2,,,1,15,,79234,2,,,1,15,,79253,2,,,1,15,,79272,2,,,1,55,,79215,2,,,1,15,,79235,2,,,1,15,,79254,2,,,1,15,,79273,2,,,1,55,,79216,2,,,1,15,,79236,2,,,1,15,,79255,2,,,1,15,,79274,2,,,1,55,,79217,2,,,1,15,,79237,2,,,1,15,,79256,2,,,1,15,,79275,2,,,1,55,,79218,2,,,1,15,,79238,2,,,1,15,,79257,2,,,1,15,,79276,2,,,1,55,,79219,2,,,1,15,,79239,2,,,1,15,,79258,2,,,1,15,,79277,2,,,1,55,,79220,2,,,1,15,,79240,2,,,1,15,,79259,2,,,1,15,,79278,2,,,1,55,,79221,2,,,1,15,,79241,2,,,1,15,,79260,2,,,1,15,,79279,2,,,1,55,,79222,2,,,1,15,,79242,2,,,1,15,,79261,2,,,1,15,,79280,2,,,1,55,,79223,2,,,1,15,,79243,2,,,1,15,,79262,2,,,1,15,,79281,2,,,1,55,,79224,2,,,1,15,,79244,2,,,1,15,,79263,2,,,1,15,,79282,2,,,1,55,,79225,2,,,1,15,,79245,2,,,1,15,,79264,2,,,1,15,,79283,2,,,1,55,,79226,2,,,1,15,,79246,2,,,1,15,,79265,2,,,1,15,,79284,2,,,1,55,,79227,2,,,1,15,,79247,2,,,1,15,,79266,2,,,1,15,,79285,2,,,1,55,,79228,2,,,1,15,,79248,2,,,1,15,,79267,2,,,1,15,,79286,2,,,1,55,,79229,2,,,1,15,,79249,2,,,1,15,,79268,2,,,1,15,,79287,2,,,1,55,,79230,2,,,1,15,,79250,2,,,1,15,,79269,2,,,1,15,,79288,2,,,1,55,,79231,2,,,1,15,,79251,2,,,1,15,,79270,2,,,1,15,,79289,2,,,1,55,,79232,2,,,1,15,,79252,2,,,1,15,,79271,2,,,1,15,,79290,2,,,1,55,,79233,2,,,1
0,'20270131',608,,79291,2,,,1,15,,79311,2,,,1,15,,79330,2,,,1,15,,79349,2,,,1,55,,79292,2,,,1,15,,79312,2,,,1,15,,79331,2,,,1,15,,79350,2,,,1,55,,79293,2,,,1,15,,79313,2,,,1,15,,79332,2,,,1,15,,79351,2,,,1,55,,79294,2,,,1,15,,79314,2,,,1,15,,79333,2,,,1,15,,79352,2,,,1,55,,79295,2,,,1,15,,79315,2,,,1,15,,79334,2,,,1,15,,79353,2,,,1,55,,79296,2,,,1,15,,79316,2,,,1,15,,79335,2,,,1,15,,79354,2,,,1,55,,79297,2,,,1,15,,79317,2,,,1,15,,79336,2,,,1,15,,79355,2,,,1,55,,79298,2,,,1,15,,79318,2,,,1,15,,79337,2,,,1,15,,79356,2,,,1,55,,79299,2,,,1,15,,79319,2,,,1,15,,79338,2,,,1,15,,79357,2,,,1,55,,79300,2,,,1,15,,79320,2,,,1,15,,79339,2,,,1,15,,79358,2,,,1,55,,79301,2,,,1,15,,79321,2,,,1,15,,79340,2,,,1,15,,79359,2,,,1,55,,79302,2,,,1,15,,79322,2,,,1,15,,79341,2,,,1,15,,79360,2,,,1,55,,79303,2,,,1,15,,79323,2,,,1,15,,79342,2,,,1,15,,79361,2,,,1,55,,79304,2,,,1,15,,79324,2,,,1,15,,79343,2,,,1,15,,79362,2,,,1,55,,79305,2,,,1,15,,79325,2,,,1,15,,79344,2,,,1,15,,79363,2,,,1,55,,79306,2,,,1,15,,79326,2,,,1,15,,79345,2,,,1,15,,79364,2,,,1,55,,79307,2,,,1,15,,79327,2,,,1,15,,79346,2,,,1,15,,79365,2,,,1,55,,79308,2,,,1,15,,79328,2,,,1,15,,79347,2,,,1,15,,79366,2,,,1,55,,79309,2,,,1,15,,79329,2,,,1,15,,79348,2,,,1,15,,79367,2,,,1,55,,79310,2,,,1
0,'20270201',503,,79428,2,,,1,15,,79368,2,,,1,20,,79408,2,,,1,15,,79429,2,,,1,55,,79369,2,,,1,15,,79389,2,,,1,15,,79409,2,,,1,15,,79430,2,,,1,55,,79370,2,,,1,15,,79390,2,,,1,15,,79410,2,,,1,15,,79431,2,,,1,55,,79371,2,,,1,15,,79391,2,,,1,15,,79411,2,,,1,15,,79432,2,,,1,55,,79372,2,,,1,15,,79392,2,,,1,15,,79412,2,,,1,15,,79433,2,,,1,55,,79373,2,,,1,15,,79393,2,,,1,15,,79413,2,,,1,15,,79434,2,,,1,55,,79374,2,,,1,15,,79394,2,,,1,15,,79414,2,,,1,15,,79435,2,,,1,55,,79375,2,,,1,15,,79395,2,,,1,15,,79415,2,,,1,15,,79436,2,,,1,55,,79376,2,,,1,15,,79396,2,,,1,15,,79416,2,,,1,15,,79437,2,,,1,55,,79377,2,,,1,15,,79397,2,,,1,15,,79417,2,,,1,15,,79438,2,,,1,55,,79378,2,,,1,15,,79398,2,,,1,15,,79418,2,,,1,15,,79439,2,,,1,55,,79379,2,,,1,15,,79399,2,,,1,15,,79419,2,,,1,15,,79440,2,,,1,55,,79380,2,,,1,15,,79400,2,,,1,15,,79420,2,,,1,15,,79441,2,,,1,55,,79381,2,,,1,15,,79401,2,,,1,15,,79421,2,,,1,15,,79442,2,,,1,55,,79382,2,,,1,15,,79402,2,,,1,15,,79422,2,,,1,15,,79443,2,,,1,55,,79383,2,,,1,15,,79403,2,,,1,15,,79423,2,,,1,15,,79444,2,,,1,55,,79384,2,,,1,15,,79404,2,,,1,15,,79424,2,,,1,15,,79445,2,,,1,55,,79385,2,,,1,15,,79405,2,,,1,15,,79425,2,,,1,15,,79446,2,,,1,55,,79386,2,,,1,15,,79406,2,,,1,15,,79426,2,,,1,15,,79447,2,,,1,55,,79387,2,,,1,15,,79407,2,,,1,15,,79427,2,,,1,15,,79448,2,,,1,55,,79388,2,,,1
0,'20270202',503,,79509,2,,,1,15,,79449,2,,,1,20,,79489,2,,,1,15,,79510,2,,,1,55,,79450,2,,,1,15,,79470,2,,,1,15,,79490,2,,,1,15,,79511,2,,,1,55,,79451,2,,,1,15,,79471,2,,,1,15,,79491,2,,,1,15,,79512,2,,,1,55,,79452,2,,,1,15,,79472,2,,,1,15,,79492,2,,,1,15,,79513,2,,,1,55,,79453,2,,,1,15,,79473,2,,,1,15,,79493,2,,,1,15,,79514,2,,,1,55,,79454,2,,,1,15,,79474,2,,,1,15,,79494,2,,,1,15,,79515,2,,,1,55,,79455,2,,,1,15,,79475,2,,,1,15,,79495,2,,,1,15,,79516,2,,,1,55,,79456,2,,,1,15,,79476,2,,,1,15,,79496,2,,,1,15,,79517,2,,,1,55,,79457,2,,,1,15,,79477,2,,,1,15,,79497,2,,,1,15,,79518,2,,,1,55,,79458,2,,,1,15,,79478,2,,,1,15,,79498,2,,,1,15,,79519,2,,,1,55,,79459,2,,,1,15,,79479,2,,,1,15,,79499,2,,,1,15,,79520,2,,,1,55,,79460,2,,,1,15,,79480,2,,,1,15,,79500,2,,,1,15,,79521,2,,,1,55,,79461,2,,,1,15,,79481,2,,,1,15,,79501,2,,,1,15,,79522,2,,,1,55,,79462,2,,,1,15,,79482,2,,,1,15,,79502,2,,,1,15,,79523,2,,,1,55,,79463,2,,,1,15,,79483,2,,,1,15,,79503,2,,,1,15,,79524,2,,,1,55,,79464,2,,,1,15,,79484,2,,,1,15,,79504,2,,,1,15,,79525,2,,,1,55,,79465,2,,,1,15,,79485,2,,,1,15,,79505,2,,,1,15,,79526,2,,,1,55,,79466,2,,,1,15,,79486,2,,,1,15,,79506,2,,,1,15,,79527,2,,,1,55,,79467,2,,,1,15,,79487,2,,,1,15,,79507,2,,,1,15,,79528,2,,,1,55,,79468,2,,,1,15,,79488,2,,,1,15,,79508,2,,,1,15,,79529,2,,,1,55,,79469,2,,,1
0,'20270203',503,,79590,2,,,1,15,,79530,2,,,1,20,,79570,2,,,1,15,,79591,2,,,1,55,,79531,2,,,1,15,,79551,2,,,1,15,,79571,2,,,1,15,,79592,2,,,1,55,,79532,2,,,1,15,,79552,2,,,1,15,,79572,2,,,1,15,,79593,2,,,1,55,,79533,2,,,1,15,,79553,2,,,1,15,,79573,2,,,1,15,,79594,2,,,1,55,,79534,2,,,1,15,,79554,2,,,1,15,,79574,2,,,1,15,,79595,2,,,1,55,,79535,2,,,1,15,,79555,2,,,1,15,,79575,2,,,1,15,,79596,2,,,1,55,,79536,2,,,1,15,,79556,2,,,1,15,,79576,2,,,1,15,,79597,2,,,1,55,,79537,2,,,1,15,,79557,2,,,1,15,,79577,2,,,1,15,,79598,2,,,1,55,,79538,2,,,1,15,,79558,2,,,1,15,,79578,2,,,1,15,,79599,2,,,1,55,,79539,2,,,1,15,,79559,2,,,1,15,,79579,2,,,1,15,,79600,2,,,1,55,,79540,2,,,1,15,,79560,2,,,1,15,,79580,2,,,1,15,,79601,2,,,1,55,,79541,2,,,1,15,,79561,2,,,1,15,,79581,2,,,1,15,,79602,2,,,1,55,,79542,2,,,1,15,,79562,2,,,1,15,,79582,2,,,1,15,,79603,2,,,1,55,,79543,2,,,1,15,,79563,2,,,1,15,,79583,2,,,1,15,,79604,2,,,1,55,,79544,2,,,1,15,,79564,2,,,1,15,,79584,2,,,1,15,,79605,2,,,1,55,,79545,2,,,1,15,,79565,2,,,1,15,,79585,2,,,1,15,,79606,2,,,1,55,,79546,2,,,1,15,,79566,2,,,1,15,,79586,2,,,1,15,,79607,2,,,1,55,,79547,2,,,1,15,,79567,2,,,1,15,,79587,2,,,1,15,,79608,2,,,1,55,,79548,2,,,1,15,,79568,2,,,1,15,,79588,2,,,1,15,,79609,2,,,1,55,,79549,2,,,1,15,,79569,2,,,1,15,,79589,2,,,1,15,,79610,2,,,1,55,,79550,2,,,1
0,'20270204',503,,79671,2,,,1,15,,79611,2,,,1,20,,79651,2,,,1,15,,79672,2,,,1,55,,79612,2,,,1,15,,79632,2,,,1,15,,79652,2,,,1,15,,79673,2,,,1,55,,79613,2,,,1,15,,79633,2,,,1,15,,79653,2,,,1,15,,79674,2,,,1,55,,79614,2,,,1,15,,79634,2,,,1,15,,79654,2,,,1,15,,79675,2,,,1,55,,79615,2,,,1,15,,79635,2,,,1,15,,79655,2,,,1,15,,79676,2,,,1,55,,79616,2,,,1,15,,79636,2,,,1,15,,79656,2,,,1,15,,79677,2,,,1,55,,79617,2,,,1,15,,79637,2,,,1,15,,79657,2,,,1,15,,79678,2,,,1,55,,79618,2,,,1,15,,79638,2,,,1,15,,79658,2,,,1,15,,79679,2,,,1,55,,79619,2,,,1,15,,79639,2,,,1,15,,79659,2,,,1,15,,79680,2,,,1,55,,79620,2,,,1,15,,79640,2,,,1,15,,79660,2,,,1,15,,79681,2,,,1,55,,79621,2,,,1,15,,79641,2,,,1,15,,79661,2,,,1,15,,79682,2,,,1,55,,79622,2,,,1,15,,79642,2,,,1,15,,79662,2,,,1,15,,79683,2,,,1,55,,79623,2,,,1,15,,79643,2,,,1,15,,79663,2,,,1,15,,79684,2,,,1,55,,79624,2,,,1,15,,79644,2,,,1,15,,79664,2,,,1,15,,79685,2,,,1,55,,79625,2,,,1,15,,79645,2,,,1,15,,79665,2,,,1,15,,79686,2,,,1,55,,79626,2,,,1,15,,79646,2,,,1,15,,79666,2,,,1,15,,79687,2,,,1,55,,79627,2,,,1,15,,79647,2,,,1,15,,79667,2,,,1,15,,79688,2,,,1,55,,79628,2,,,1,15,,79648,2,,,1,15,,79668,2,,,1,15,,79689,2,,,1,55,,79629,2,,,1,15,,79649,2,,,1,15,,79669,2,,,1,15,,79690,2,,,1,55,,79630,2,,,1,15,,79650,2,,,1,15,,79670,2,,,1,15,,79691,2,,,1,55,,79631,2,,,1
0,'20270205',503,,79752,2,,,1,15,,79692,2,,,1,20,,79732,2,,,1,15,,79753,2,,,1,55,,79693,2,,,1,15,,79713,2,,,1,15,,79733,2,,,1,15,,79754,2,,,1,55,,79694,2,,,1,15,,79714,2,,,1,15,,79734,2,,,1,15,,79755,2,,,1,55,,79695,2,,,1,15,,79715,2,,,1,15,,79735,2,,,1,15,,79756,2,,,1,55,,79696,2,,,1,15,,79716,2,,,1,15,,79736,2,,,1,15,,79757,2,,,1,55,,79697,2,,,1,15,,79717,2,,,1,15,,79737,2,,,1,15,,79758,2,,,1,55,,79698,2,,,1,15,,79718,2,,,1,15,,79738,2,,,1,15,,79759,2,,,1,55,,79699,2,,,1,15,,79719,2,,,1,15,,79739,2,,,1,15,,79760,2,,,1,55,,79700,2,,,1,15,,79720,2,,,1,15,,79740,2,,,1,15,,79761,2,,,1,55,,79701,2,,,1,15,,79721,2,,,1,15,,79741,2,,,1,15,,79762,2,,,1,55,,79702,2,,,1,15,,79722,2,,,1,15,,79742,2,,,1,15,,79763,2,,,1,55,,79703,2,,,1,15,,79723,2,,,1,15,,79743,2,,,1,15,,79764,2,,,1,55,,79704,2,,,1,15,,79724,2,,,1,15,,79744,2,,,1,15,,79765,2,,,1,55,,79705,2,,,1,15,,79725,2,,,1,15,,79745,2,,,1,15,,79766,2,,,1,55,,79706,2,,,1,15,,79726,2,,,1,15,,79746,2,,,1,15,,79767,2,,,1,55,,79707,2,,,1,15,,79727,2,,,1,15,,79747,2,,,1,15,,79768,2,,,1,55,,79708,2,,,1,15,,79728,2,,,1,15,,79748,2,,,1,15,,79769,2,,,1,55,,79709,2,,,1,15,,79729,2,,,1,15,,79749,2,,,1,15,,79770,2,,,1,55,,79710,2,,,1,15,,79730,2,,,1,15,,79750,2,,,1,15,,79771,2,,,1,55,,79711,2,,,1,15,,79731,2,,,1,15,,79751,2,,,1,15,,79772,2,,,1,55,,79712,2,,,1
0,'20270206',608,,79773,2,,,1,15,,79793,2,,,1,15,,79812,2,,,1,15,,79831,2,,,1,55,,79774,2,,,1,15,,79794,2,,,1,15,,79813,2,,,1,15,,79832,2,,,1,55,,79775,2,,,1,15,,79795,2,,,1,15,,79814,2,,,1,15,,79833,2,,,1,55,,79776,2,,,1,15,,79796,2,,,1,15,,79815,2,,,1,15,,79834,2,,,1,55,,79777,2,,,1,15,,79797,2,,,1,15,,79816,2,,,1,15,,79835,2,,,1,55,,79778,2,,,1,15,,79798,2,,,1,15,,79817,2,,,1,15,,79836,2,,,1,55,,79779,2,,,1,15,,79799,2,,,1,15,,79818,2,,,1,15,,79837,2,,,1,55,,79780,2,,,1,15,,79800,2,,,1,15,,79819,2,,,1,15,,79838,2,,,1,55,,79781,2,,,1,15,,79801,2,,,1,15,,79820,2,,,1,15,,79839,2,,,1,55,,79782,2,,,1,15,,79802,2,,,1,15,,79821,2,,,1,15,,79840,2,,,1,55,,79783,2,,,1,15,,79803,2,,,1,15,,79822,2,,,1,15,,79841,2,,,1,55,,79784,2,,,1,15,,79804,2,,,1,15,,79823,2,,,1,15,,79842,2,,,1,55,,79785,2,,,1,15,,79805,2,,,1,15,,79824,2,,,1,15,,79843,2,,,1,55,,79786,2,,,1,15,,79806,2,,,1,15,,79825,2,,,1,15,,79844,2,,,1,55,,79787,2,,,1,15,,79807,2,,,1,15,,79826,2,,,1,15,,79845,2,,,1,55,,79788,2,,,1,15,,79808,2,,,1,15,,79827,2,,,1,15,,79846,2,,,1,55,,79789,2,,,1,15,,79809,2,,,1,15,,79828,2,,,1,15,,79847,2,,,1,55,,79790,2,,,1,15,,79810,2,,,1,15,,79829,2,,,1,15,,79848,2,,,1,55,,79791,2,,,1,15,,79811,2,,,1,15,,79830,2,,,1,15,,79849,2,,,1,55,,79792,2,,,1
0,'20270207',608,,79850,2,,,1,15,,79870,2,,,1,15,,79889,2,,,1,15,,79908,2,,,1,55,,79851,2,,,1,15,,79871,2,,,1,15,,79890,2,,,1,15,,79909,2,,,1,55,,79852,2,,,1,15,,79872,2,,,1,15,,79891,2,,,1,15,,79910,2,,,1,55,,79853,2,,,1,15,,79873,2,,,1,15,,79892,2,,,1,15,,79911,2,,,1,55,,79854,2,,,1,15,,79874,2,,,1,15,,79893,2,,,1,15,,79912,2,,,1,55,,79855,2,,,1,15,,79875,2,,,1,15,,79894,2,,,1,15,,79913,2,,,1,55,,79856,2,,,1,15,,79876,2,,,1,15,,79895,2,,,1,15,,79914,2,,,1,55,,79857,2,,,1,15,,79877,2,,,1,15,,79896,2,,,1,15,,79915,2,,,1,55,,79858,2,,,1,15,,79878,2,,,1,15,,79897,2,,,1,15,,79916,2,,,1,55,,79859,2,,,1,15,,79879,2,,,1,15,,79898,2,,,1,15,,79917,2,,,1,55,,79860,2,,,1,15,,79880,2,,,1,15,,79899,2,,,1,15,,79918,2,,,1,55,,79861,2,,,1,15,,79881,2,,,1,15,,79900,2,,,1,15,,79919,2,,,1,55,,79862,2,,,1,15,,79882,2,,,1,15,,79901,2,,,1,15,,79920,2,,,1,55,,79863,2,,,1,15,,79883,2,,,1,15,,79902,2,,,1,15,,79921,2,,,1,55,,79864,2,,,1,15,,79884,2,,,1,15,,79903,2,,,1,15,,79922,2,,,1,55,,79865,2,,,1,15,,79885,2,,,1,15,,79904,2,,,1,15,,79923,2,,,1,55,,79866,2,,,1,15,,79886,2,,,1,15,,79905,2,,,1,15,,79924,2,,,1,55,,79867,2,,,1,15,,79887,2,,,1,15,,79906,2,,,1,15,,79925,2,,,1,55,,79868,2,,,1,15,,79888,2,,,1,15,,79907,2,,,1,15,,79926,2,,,1,55,,79869,2,,,1
0,'20270208',503,,79987,2,,,1,15,,79927,2,,,1,20,,79967,2,,,1,15,,79988,2,,,1,55,,79928,2,,,1,15,,79948,2,,,1,15,,79968,2,,,1,15,,79989,2,,,1,55,,79929,2,,,1,15,,79949,2,,,1,15,,79969,2,,,1,15,,79990,2,,,1,55,,79930,2,,,1,15,,79950,2,,,1,15,,79970,2,,,1,15,,79991,2,,,1,55,,79931,2,,,1,15,,79951,2,,,1,15,,79971,2,,,1,15,,79992,2,,,1,55,,79932,2,,,1,15,,79952,2,,,1,15,,79972,2,,,1,15,,79993,2,,,1,55,,79933,2,,,1,15,,79953,2,,,1,15,,79973,2,,,1,15,,79994,2,,,1,55,,79934,2,,,1,15,,79954,2,,,1,15,,79974,2,,,1,15,,79995,2,,,1,55,,79935,2,,,1,15,,79955,2,,,1,15,,79975,2,,,1,15,,79996,2,,,1,55,,79936,2,,,1,15,,79956,2,,,1,15,,79976,2,,,1,15,,79997,2,,,1,55,,79937,2,,,1,15,,79957,2,,,1,15,,79977,2,,,1,15,,79998,2,,,1,55,,79938,2,,,1,15,,79958,2,,,1,15,,79978,2,,,1,15,,79999,2,,,1,55,,79939,2,,,1,15,,79959,2,,,1,15,,79979,2,,,1,15,,80000,2,,,1,55,,79940,2,,,1,15,,79960,2,,,1,15,,79980,2,,,1,15,,80001,2,,,1,55,,79941,2,,,1,15,,79961,2,,,1,15,,79981,2,,,1,15,,80002,2,,,1,55,,79942,2,,,1,15,,79962,2,,,1,15,,79982,2,,,1,15,,80003,2,,,1,55,,79943,2,,,1,15,,79963,2,,,1,15,,79983,2,,,1,15,,80004,2,,,1,55,,79944,2,,,1,15,,79964,2,,,1,15,,79984,2,,,1,15,,80005,2,,,1,55,,79945,2,,,1,15,,79965,2,,,1,15,,79985,2,,,1,15,,80006,2,,,1,55,,79946,2,,,1,15,,79966,2,,,1,15,,79986,2,,,1,15,,80007,2,,,1,55,,79947,2,,,1
0,'20270209',503,,80068,2,,,1,15,,80008,2,,,1,20,,80048,2,,,1,15,,80069,2,,,1,55,,80009,2,,,1,15,,80029,2,,,1,15,,80049,2,,,1,15,,80070,2,,,1,55,,80010,2,,,1,15,,80030,2,,,1,15,,80050,2,,,1,15,,80071,2,,,1,55,,80011,2,,,1,15,,80031,2,,,1,15,,80051,2,,,1,15,,80072,2,,,1,55,,80012,2,,,1,15,,80032,2,,,1,15,,80052,2,,,1,15,,80073,2,,,1,55,,80013,2,,,1,15,,80033,2,,,1,15,,80053,2,,,1,15,,80074,2,,,1,55,,80014,2,,,1,15,,80034,2,,,1,15,,80054,2,,,1,15,,80075,2,,,1,55,,80015,2,,,1,15,,80035,2,,,1,15,,80055,2,,,1,15,,80076,2,,,1,55,,80016,2,,,1,15,,80036,2,,,1,15,,80056,2,,,1,15,,80077,2,,,1,55,,80017,2,,,1,15,,80037,2,,,1,15,,80057,2,,,1,15,,80078,2,,,1,55,,80018,2,,,1,15,,80038,2,,,1,15,,80058,2,,,1,15,,80079,2,,,1,55,,80019,2,,,1,15,,80039,2,,,1,15,,80059,2,,,1,15,,80080,2,,,1,55,,80020,2,,,1,15,,80040,2,,,1,15,,80060,2,,,1,15,,80081,2,,,1,55,,80021,2,,,1,15,,80041,2,,,1,15,,80061,2,,,1,15,,80082,2,,,1,55,,80022,2,,,1,15,,80042,2,,,1,15,,80062,2,,,1,15,,80083,2,,,1,55,,80023,2,,,1,15,,80043,2,,,1,15,,80063,2,,,1,15,,80084,2,,,1,55,,80024,2,,,1,15,,80044,2,,,1,15,,80064,2,,,1,15,,80085,2,,,1,55,,80025,2,,,1,15,,80045,2,,,1,15,,80065,2,,,1,15,,80086,2,,,1,55,,80026,2,,,1,15,,80046,2,,,1,15,,80066,2,,,1,15,,80087,2,,,1,55,,80027,2,,,1,15,,80047,2,,,1,15,,80067,2,,,1,15,,80088,2,,,1,55,,80028,2,,,1
0,'20270210',503,,80149,2,,,1,15,,80089,2,,,1,20,,80129,2,,,1,15,,80150,2,,,1,55,,80090,2,,,1,15,,80110,2,,,1,15,,80130,2,,,1,15,,80151,2,,,1,55,,80091,2,,,1,15,,80111,2,,,1,15,,80131,2,,,1,15,,80152,2,,,1,55,,80092,2,,,1,15,,80112,2,,,1,15,,80132,2,,,1,15,,80153,2,,,1,55,,80093,2,,,1,15,,80113,2,,,1,15,,80133,2,,,1,15,,80154,2,,,1,55,,80094,2,,,1,15,,80114,2,,,1,15,,80134,2,,,1,15,,80155,2,,,1,55,,80095,2,,,1,15,,80115,2,,,1,15,,80135,2,,,1,15,,80156,2,,,1,55,,80096,2,,,1,15,,80116,2,,,1,15,,80136,2,,,1,15,,80157,2,,,1,55,,80097,2,,,1,15,,80117,2,,,1,15,,80137,2,,,1,15,,80158,2,,,1,55,,80098,2,,,1,15,,80118,2,,,1,15,,80138,2,,,1,15,,80159,2,,,1,55,,80099,2,,,1,15,,80119,2,,,1,15,,80139,2,,,1,15,,80160,2,,,1,55,,80100,2,,,1,15,,80120,2,,,1,15,,80140,2,,,1,15,,80161,2,,,1,55,,80101,2,,,1,15,,80121,2,,,1,15,,80141,2,,,1,15,,80162,2,,,1,55,,80102,2,,,1,15,,80122,2,,,1,15,,80142,2,,,1,15,,80163,2,,,1,55,,80103,2,,,1,15,,80123,2,,,1,15,,80143,2,,,1,15,,80164,2,,,1,55,,80104,2,,,1,15,,80124,2,,,1,15,,80144,2,,,1,15,,80165,2,,,1,55,,80105,2,,,1,15,,80125,2,,,1,15,,80145,2,,,1,15,,80166,2,,,1,55,,80106,2,,,1,15,,80126,2,,,1,15,,80146,2,,,1,15,,80167,2,,,1,55,,80107,2,,,1,15,,80127,2,,,1,15,,80147,2,,,1,15,,80168,2,,,1,55,,80108,2,,,1,15,,80128,2,,,1,15,,80148,2,,,1,15,,80169,2,,,1,55,,80109,2,,,1
0,'20270211',503,,80230,2,,,1,15,,80170,2,,,1,20,,80210,2,,,1,15,,80231,2,,,1,55,,80171,2,,,1,15,,80191,2,,,1,15,,80211,2,,,1,15,,80232,2,,,1,55,,80172,2,,,1,15,,80192,2,,,1,15,,80212,2,,,1,15,,80233,2,,,1,55,,80173,2,,,1,15,,80193,2,,,1,15,,80213,2,,,1,15,,80234,2,,,1,55,,80174,2,,,1,15,,80194,2,,,1,15,,80214,2,,,1,15,,80235,2,,,1,55,,80175,2,,,1,15,,80195,2,,,1,15,,80215,2,,,1,15,,80236,2,,,1,55,,80176,2,,,1,15,,80196,2,,,1,15,,80216,2,,,1,15,,80237,2,,,1,55,,80177,2,,,1,15,,80197,2,,,1,15,,80217,2,,,1,15,,80238,2,,,1,55,,80178,2,,,1,15,,80198,2,,,1,15,,80218,2,,,1,15,,80239,2,,,1,55,,80179,2,,,1,15,,80199,2,,,1,15,,80219,2,,,1,15,,80240,2,,,1,55,,80180,2,,,1,15,,80200,2,,,1,15,,80220,2,,,1,15,,80241,2,,,1,55,,80181,2,,,1,15,,80201,2,,,1,15,,80221,2,,,1,15,,80242,2,,,1,55,,80182,2,,,1,15,,80202,2,,,1,15,,80222,2,,,1,15,,80243,2,,,1,55,,80183,2,,,1,15,,80203,2,,,1,15,,80223,2,,,1,15,,80244,2,,,1,55,,80184,2,,,1,15,,80204,2,,,1,15,,80224,2,,,1,15,,80245,2,,,1,55,,80185,2,,,1,15,,80205,2,,,1,15,,80225,2,,,1,15,,80246,2,,,1,55,,80186,2,,,1,15,,80206,2,,,1,15,,80226,2,,,1,15,,80247,2,,,1,55,,80187,2,,,1,15,,80207,2,,,1,15,,80227,2,,,1,15,,80248,2,,,1,55,,80188,2,,,1,15,,80208,2,,,1,15,,80228,2,,,1,15,,80249,2,,,1,55,,80189,2,,,1,15,,80209,2,,,1,15,,80229,2,,,1,15,,80250,2,,,1,55,,80190,2,,,1
0,'20270212',503,,80311,2,,,1,15,,80251,2,,,1,20,,80291,2,,,1,15,,80312,2,,,1,55,,80252,2,,,1,15,,80272,2,,,1,15,,80292,2,,,1,15,,80313,2,,,1,55,,80253,2,,,1,15,,80273,2,,,1,15,,80293,2,,,1,15,,80314,2,,,1,55,,80254,2,,,1,15,,80274,2,,,1,15,,80294,2,,,1,15,,80315,2,,,1,55,,80255,2,,,1,15,,80275,2,,,1,15,,80295,2,,,1,15,,80316,2,,,1,55,,80256,2,,,1,15,,80276,2,,,1,15,,80296,2,,,1,15,,80317,2,,,1,55,,80257,2,,,1,15,,80277,2,,,1,15,,80297,2,,,1,15,,80318,2,,,1,55,,80258,2,,,1,15,,80278,2,,,1,15,,80298,2,,,1,15,,80319,2,,,1,55,,80259,2,,,1,15,,80279,2,,,1,15,,80299,2,,,1,15,,80320,2,,,1,55,,80260,2,,,1,15,,80280,2,,,1,15,,80300,2,,,1,15,,80321,2,,,1,55,,80261,2,,,1,15,,80281,2,,,1,15,,80301,2,,,1,15,,80322,2,,,1,55,,80262,2,,,1,15,,80282,2,,,1,15,,80302,2,,,1,15,,80323,2,,,1,55,,80263,2,,,1,15,,80283,2,,,1,15,,80303,2,,,1,15,,80324,2,,,1,55,,80264,2,,,1,15,,80284,2,,,1,15,,80304,2,,,1,15,,80325,2,,,1,55,,80265,2,,,1,15,,80285,2,,,1,15,,80305,2,,,1,15,,80326,2,,,1,55,,80266,2,,,1,15,,80286,2,,,1,15,,80306,2,,,1,15,,80327,2,,,1,55,,80267,2,,,1,15,,80287,2,,,1,15,,80307,2,,,1,15,,80328,2,,,1,55,,80268,2,,,1,15,,80288,2,,,1,15,,80308,2,,,1,15,,80329,2,,,1,55,,80269,2,,,1,15,,80289,2,,,1,15,,80309,2,,,1,15,,80330,2,,,1,55,,80270,2,,,1,15,,80290,2,,,1,15,,80310,2,,,1,15,,80331,2,,,1,55,,80271,2,,,1
0,'20270213',608,,80332,2,,,1,15,,80352,2,,,1,15,,80371,2,,,1,15,,80390,2,,,1,55,,80333,2,,,1,15,,80353,2,,,1,15,,80372,2,,,1,15,,80391,2,,,1,55,,80334,2,,,1,15,,80354,2,,,1,15,,80373,2,,,1,15,,80392,2,,,1,55,,80335,2,,,1,15,,80355,2,,,1,15,,80374,2,,,1,15,,80393,2,,,1,55,,80336,2,,,1,15,,80356,2,,,1,15,,80375,2,,,1,15,,80394,2,,,1,55,,80337,2,,,1,15,,80357,2,,,1,15,,80376,2,,,1,15,,80395,2,,,1,55,,80338,2,,,1,15,,80358,2,,,1,15,,80377,2,,,1,15,,80396,2,,,1,55,,80339,2,,,1,15,,80359,2,,,1,15,,80378,2,,,1,15,,80397,2,,,1,55,,80340,2,,,1,15,,80360,2,,,1,15,,80379,2,,,1,15,,80398,2,,,1,55,,80341,2,,,1,15,,80361,2,,,1,15,,80380,2,,,1,15,,80399,2,,,1,55,,80342,2,,,1,15,,80362,2,,,1,15,,80381,2,,,1,15,,80400,2,,,1,55,,80343,2,,,1,15,,80363,2,,,1,15,,80382,2,,,1,15,,80401,2,,,1,55,,80344,2,,,1,15,,80364,2,,,1,15,,80383,2,,,1,15,,80402,2,,,1,55,,80345,2,,,1,15,,80365,2,,,1,15,,80384,2,,,1,15,,80403,2,,,1,55,,80346,2,,,1,15,,80366,2,,,1,15,,80385,2,,,1,15,,80404,2,,,1,55,,80347,2,,,1,15,,80367,2,,,1,15,,80386,2,,,1,15,,80405,2,,,1,55,,80348,2,,,1,15,,80368,2,,,1,15,,80387,2,,,1,15,,80406,2,,,1,55,,80349,2,,,1,15,,80369,2,,,1,15,,80388,2,,,1,15,,80407,2,,,1,55,,80350,2,,,1,15,,80370,2,,,1,15,,80389,2,,,1,15,,80408,2,,,1,55,,80351,2,,,1
0,'20270214',608,,80409,2,,,1,15,,80429,2,,,1,15,,80448,2,,,1,15,,80467,2,,,1,55,,80410,2,,,1,15,,80430,2,,,1,15,,80449,2,,,1,15,,80468,2,,,1,55,,80411,2,,,1,15,,80431,2,,,1,15,,80450,2,,,1,15,,80469,2,,,1,55,,80412,2,,,1,15,,80432,2,,,1,15,,80451,2,,,1,15,,80470,2,,,1,55,,80413,2,,,1,15,,80433,2,,,1,15,,80452,2,,,1,15,,80471,2,,,1,55,,80414,2,,,1,15,,80434,2,,,1,15,,80453,2,,,1,15,,80472,2,,,1,55,,80415,2,,,1,15,,80435,2,,,1,15,,80454,2,,,1,15,,80473,2,,,1,55,,80416,2,,,1,15,,80436,2,,,1,15,,80455,2,,,1,15,,80474,2,,,1,55,,80417,2,,,1,15,,80437,2,,,1,15,,80456,2,,,1,15,,80475,2,,,1,55,,80418,2,,,1,15,,80438,2,,,1,15,,80457,2,,,1,15,,80476,2,,,1,55,,80419,2,,,1,15,,80439,2,,,1,15,,80458,2,,,1,15,,80477,2,,,1,55,,80420,2,,,1,15,,80440,2,,,1,15,,80459,2,,,1,15,,80478,2,,,1,55,,80421,2,,,1,15,,80441,2,,,1,15,,80460,2,,,1,15,,80479,2,,,1,55,,80422,2,,,1,15,,80442,2,,,1,15,,80461,2,,,1,15,,80480,2,,,1,55,,80423,2,,,1,15,,80443,2,,,1,15,,80462,2,,,1,15,,80481,2,,,1,55,,80424,2,,,1,15,,80444,2,,,1,15,,80463,2,,,1,15,,80482,2,,,1,55,,80425,2,,,1,15,,80445,2,,,1,15,,80464,2,,,1,15,,80483,2,,,1,55,,80426,2,,,1,15,,80446,2,,,1,15,,80465,2,,,1,15,,80484,2,,,1,55,,80427,2,,,1,15,,80447,2,,,1,15,,80466,2,,,1,15,,80485,2,,,1,55,,80428,2,,,1
0,'20270215',503,,80546,2,,,1,15,,80486,2,,,1,20,,80526,2,,,1,15,,80547,2,,,1,55,,80487,2,,,1,15,,80507,2,,,1,15,,80527,2,,,1,15,,80548,2,,,1,55,,80488,2,,,1,15,,80508,2,,,1,15,,80528,2,,,1,15,,80549,2,,,1,55,,80489,2,,,1,15,,80509,2,,,1,15,,80529,2,,,1,15,,80550,2,,,1,55,,80490,2,,,1,15,,80510,2,,,1,15,,80530,2,,,1,15,,80551,2,,,1,55,,80491,2,,,1,15,,80511,2,,,1,15,,80531,2,,,1,15,,80552,2,,,1,55,,80492,2,,,1,15,,80512,2,,,1,15,,80532,2,,,1,15,,80553,2,,,1,55,,80493,2,,,1,15,,80513,2,,,1,15,,80533,2,,,1,15,,80554,2,,,1,55,,80494,2,,,1,15,,80514,2,,,1,15,,80534,2,,,1,15,,80555,2,,,1,55,,80495,2,,,1,15,,80515,2,,,1,15,,80535,2,,,1,15,,80556,2,,,1,55,,80496,2,,,1,15,,80516,2,,,1,15,,80536,2,,,1,15,,80557,2,,,1,55,,80497,2,,,1,15,,80517,2,,,1,15,,80537,2,,,1,15,,80558,2,,,1,55,,80498,2,,,1,15,,80518,2,,,1,15,,80538,2,,,1,15,,80559,2,,,1,55,,80499,2,,,1,15,,80519,2,,,1,15,,80539,2,,,1,15,,80560,2,,,1,55,,80500,2,,,1,15,,80520,2,,,1,15,,80540,2,,,1,15,,80561,2,,,1,55,,80501,2,,,1,15,,80521,2,,,1,15,,80541,2,,,1,15,,80562,2,,,1,55,,80502,2,,,1,15,,80522,2,,,1,15,,80542,2,,,1,15,,80563,2,,,1,55,,80503,2,,,1,15,,80523,2,,,1,15,,80543,2,,,1,15,,80564,2,,,1,55,,80504,2,,,1,15,,80524,2,,,1,15,,80544,2,,,1,15,,80565,2,,,1,55,,80505,2,,,1,15,,80525,2,,,1,15,,80545,2,,,1,15,,80566,2,,,1,55,,80506,2,,,1
0,'20270216',503,,80627,2,,,1,15,,80567,2,,,1,20,,80607,2,,,1,15,,80628,2,,,1,55,,80568,2,,,1,15,,80588,2,,,1,15,,80608,2,,,1,15,,80629,2,,,1,55,,80569,2,,,1,15,,80589,2,,,1,15,,80609,2,,,1,15,,80630,2,,,1,55,,80570,2,,,1,15,,80590,2,,,1,15,,80610,2,,,1,15,,80631,2,,,1,55,,80571,2,,,1,15,,80591,2,,,1,15,,80611,2,,,1,15,,80632,2,,,1,55,,80572,2,,,1,15,,80592,2,,,1,15,,80612,2,,,1,15,,80633,2,,,1,55,,80573,2,,,1,15,,80593,2,,,1,15,,80613,2,,,1,15,,80634,2,,,1,55,,80574,2,,,1,15,,80594,2,,,1,15,,80614,2,,,1,15,,80635,2,,,1,55,,80575,2,,,1,15,,80595,2,,,1,15,,80615,2,,,1,15,,80636,2,,,1,55,,80576,2,,,1,15,,80596,2,,,1,15,,80616,2,,,1,15,,80637,2,,,1,55,,80577,2,,,1,15,,80597,2,,,1,15,,80617,2,,,1,15,,80638,2,,,1,55,,80578,2,,,1,15,,80598,2,,,1,15,,80618,2,,,1,15,,80639,2,,,1,55,,80579,2,,,1,15,,80599,2,,,1,15,,80619,2,,,1,15,,80640,2,,,1,55,,80580,2,,,1,15,,80600,2,,,1,15,,80620,2,,,1,15,,80641,2,,,1,55,,80581,2,,,1,15,,80601,2,,,1,15,,80621,2,,,1,15,,80642,2,,,1,55,,80582,2,,,1,15,,80602,2,,,1,15,,80622,2,,,1,15,,80643,2,,,1,55,,80583,2,,,1,15,,80603,2,,,1,15,,80623,2,,,1,15,,80644,2,,,1,55,,80584,2,,,1,15,,80604,2,,,1,15,,80624,2,,,1,15,,80645,2,,,1,55,,80585,2,,,1,15,,80605,2,,,1,15,,80625,2,,,1,15,,80646,2,,,1,55,,80586,2,,,1,15,,80606,2,,,1,15,,80626,2,,,1,15,,80647,2,,,1,55,,80587,2,,,1
0,'20270217',503,,80708,2,,,1,15,,80648,2,,,1,20,,80688,2,,,1,15,,80709,2,,,1,55,,80649,2,,,1,15,,80669,2,,,1,15,,80689,2,,,1,15,,80710,2,,,1,55,,80650,2,,,1,15,,80670,2,,,1,15,,80690,2,,,1,15,,80711,2,,,1,55,,80651,2,,,1,15,,80671,2,,,1,15,,80691,2,,,1,15,,80712,2,,,1,55,,80652,2,,,1,15,,80672,2,,,1,15,,80692,2,,,1,15,,80713,2,,,1,55,,80653,2,,,1,15,,80673,2,,,1,15,,80693,2,,,1,15,,80714,2,,,1,55,,80654,2,,,1,15,,80674,2,,,1,15,,80694,2,,,1,15,,80715,2,,,1,55,,80655,2,,,1,15,,80675,2,,,1,15,,80695,2,,,1,15,,80716,2,,,1,55,,80656,2,,,1,15,,80676,2,,,1,15,,80696,2,,,1,15,,80717,2,,,1,55,,80657,2,,,1,15,,80677,2,,,1,15,,80697,2,,,1,15,,80718,2,,,1,55,,80658,2,,,1,15,,80678,2,,,1,15,,80698,2,,,1,15,,80719,2,,,1,55,,80659,2,,,1,15,,80679,2,,,1,15,,80699,2,,,1,15,,80720,2,,,1,55,,80660,2,,,1,15,,80680,2,,,1,15,,80700,2,,,1,15,,80721,2,,,1,55,,80661,2,,,1,15,,80681,2,,,1,15,,80701,2,,,1,15,,80722,2,,,1,55,,80662,2,,,1,15,,80682,2,,,1,15,,80702,2,,,1,15,,80723,2,,,1,55,,80663,2,,,1,15,,80683,2,,,1,15,,80703,2,,,1,15,,80724,2,,,1,55,,80664,2,,,1,15,,80684,2,,,1,15,,80704,2,,,1,15,,80725,2,,,1,55,,80665,2,,,1,15,,80685,2,,,1,15,,80705,2,,,1,15,,80726,2,,,1,55,,80666,2,,,1,15,,80686,2,,,1,15,,80706,2,,,1,15,,80727,2,,,1,55,,80667,2,,,1,15,,80687,2,,,1,15,,80707,2,,,1,15,,80728,2,,,1,55,,80668,2,,,1
0,'20270218',503,,80789,2,,,1,15,,80729,2,,,1,20,,80769,2,,,1,15,,80790,2,,,1,55,,80730,2,,,1,15,,80750,2,,,1,15,,80770,2,,,1,15,,80791,2,,,1,55,,80731,2,,,1,15,,80751,2,,,1,15,,80771,2,,,1,15,,80792,2,,,1,55,,80732,2,,,1,15,,80752,2,,,1,15,,80772,2,,,1,15,,80793,2,,,1,55,,80733,2,,,1,15,,80753,2,,,1,15,,80773,2,,,1,15,,80794,2,,,1,55,,80734,2,,,1,15,,80754,2,,,1,15,,80774,2,,,1,15,,80795,2,,,1,55,,80735,2,,,1,15,,80755,2,,,1,15,,80775,2,,,1,15,,80796,2,,,1,55,,80736,2,,,1,15,,80756,2,,,1,15,,80776,2,,,1,15,,80797,2,,,1,55,,80737,2,,,1,15,,80757,2,,,1,15,,80777,2,,,1,15,,80798,2,,,1,55,,80738,2,,,1,15,,80758,2,,,1,15,,80778,2,,,1,15,,80799,2,,,1,55,,80739,2,,,1,15,,80759,2,,,1,15,,80779,2,,,1,15,,80800,2,,,1,55,,80740,2,,,1,15,,80760,2,,,1,15,,80780,2,,,1,15,,80801,2,,,1,55,,80741,2,,,1,15,,80761,2,,,1,15,,80781,2,,,1,15,,80802,2,,,1,55,,80742,2,,,1,15,,80762,2,,,1,15,,80782,2,,,1,15,,80803,2,,,1,55,,80743,2,,,1,15,,80763,2,,,1,15,,80783,2,,,1,15,,80804,2,,,1,55,,80744,2,,,1,15,,80764,2,,,1,15,,80784,2,,,1,15,,80805,2,,,1,55,,80745,2,,,1,15,,80765,2,,,1,15,,80785,2,,,1,15,,80806,2,,,1,55,,80746,2,,,1,15,,80766,2,,,1,15,,80786,2,,,1,15,,80807,2,,,1,55,,80747,2,,,1,15,,80767,2,,,1,15,,80787,2,,,1,15,,80808,2,,,1,55,,80748,2,,,1,15,,80768,2,,,1,15,,80788,2,,,1,15,,80809,2,,,1,55,,80749,2,,,1
0,'20270219',503,,80870,2,,,1,15,,80810,2,,,1,20,,80850,2,,,1,15,,80871,2,,,1,55,,80811,2,,,1,15,,80831,2,,,1,15,,80851,2,,,1,15,,80872,2,,,1,55,,80812,2,,,1,15,,80832,2,,,1,15,,80852,2,,,1,15,,80873,2,,,1,55,,80813,2,,,1,15,,80833,2,,,1,15,,80853,2,,,1,15,,80874,2,,,1,55,,80814,2,,,1,15,,80834,2,,,1,15,,80854,2,,,1,15,,80875,2,,,1,55,,80815,2,,,1,15,,80835,2,,,1,15,,80855,2,,,1,15,,80876,2,,,1,55,,80816,2,,,1,15,,80836,2,,,1,15,,80856,2,,,1,15,,80877,2,,,1,55,,80817,2,,,1,15,,80837,2,,,1,15,,80857,2,,,1,15,,80878,2,,,1,55,,80818,2,,,1,15,,80838,2,,,1,15,,80858,2,,,1,15,,80879,2,,,1,55,,80819,2,,,1,15,,80839,2,,,1,15,,80859,2,,,1,15,,80880,2,,,1,55,,80820,2,,,1,15,,80840,2,,,1,15,,80860,2,,,1,15,,80881,2,,,1,55,,80821,2,,,1,15,,80841,2,,,1,15,,80861,2,,,1,15,,80882,2,,,1,55,,80822,2,,,1,15,,80842,2,,,1,15,,80862,2,,,1,15,,80883,2,,,1,55,,80823,2,,,1,15,,80843,2,,,1,15,,80863,2,,,1,15,,80884,2,,,1,55,,80824,2,,,1,15,,80844,2,,,1,15,,80864,2,,,1,15,,80885,2,,,1,55,,80825,2,,,1,15,,80845,2,,,1,15,,80865,2,,,1,15,,80886,2,,,1,55,,80826,2,,,1,15,,80846,2,,,1,15,,80866,2,,,1,15,,80887,2,,,1,55,,80827,2,,,1,15,,80847,2,,,1,15,,80867,2,,,1,15,,80888,2,,,1,55,,80828,2,,,1,15,,80848,2,,,1,15,,80868,2,,,1,15,,80889,2,,,1,55,,80829,2,,,1,15,,80849,2,,,1,15,,80869,2,,,1,15,,80890,2,,,1,55,,80830,2,,,1
0,'20270220',608,,80891,2,,,1,15,,80911,2,,,1,15,,80930,2,,,1,15,,80949,2,,,1,55,,80892,2,,,1,15,,80912,2,,,1,15,,80931,2,,,1,15,,80950,2,,,1,55,,80893,2,,,1,15,,80913,2,,,1,15,,80932,2,,,1,15,,80951,2,,,1,55,,80894,2,,,1,15,,80914,2,,,1,15,,80933,2,,,1,15,,80952,2,,,1,55,,80895,2,,,1,15,,80915,2,,,1,15,,80934,2,,,1,15,,80953,2,,,1,55,,80896,2,,,1,15,,80916,2,,,1,15,,80935,2,,,1,15,,80954,2,,,1,55,,80897,2,,,1,15,,80917,2,,,1,15,,80936,2,,,1,15,,80955,2,,,1,55,,80898,2,,,1,15,,80918,2,,,1,15,,80937,2,,,1,15,,80956,2,,,1,55,,80899,2,,,1,15,,80919,2,,,1,15,,80938,2,,,1,15,,80957,2,,,1,55,,80900,2,,,1,15,,80920,2,,,1,15,,80939,2,,,1,15,,80958,2,,,1,55,,80901,2,,,1,15,,80921,2,,,1,15,,80940,2,,,1,15,,80959,2,,,1,55,,80902,2,,,1,15,,80922,2,,,1,15,,80941,2,,,1,15,,80960,2,,,1,55,,80903,2,,,1,15,,80923,2,,,1,15,,80942,2,,,1,15,,80961,2,,,1,55,,80904,2,,,1,15,,80924,2,,,1,15,,80943,2,,,1,15,,80962,2,,,1,55,,80905,2,,,1,15,,80925,2,,,1,15,,80944,2,,,1,15,,80963,2,,,1,55,,80906,2,,,1,15,,80926,2,,,1,15,,80945,2,,,1,15,,80964,2,,,1,55,,80907,2,,,1,15,,80927,2,,,1,15,,80946,2,,,1,15,,80965,2,,,1,55,,80908,2,,,1,15,,80928,2,,,1,15,,80947,2,,,1,15,,80966,2,,,1,55,,80909,2,,,1,15,,80929,2,,,1,15,,80948,2,,,1,15,,80967,2,,,1,55,,80910,2,,,1
0,'20270221',608,,80968,2,,,1,15,,80988,2,,,1,15,,81007,2,,,1,15,,81026,2,,,1,55,,80969,2,,,1,15,,80989,2,,,1,15,,81008,2,,,1,15,,81027,2,,,1,55,,80970,2,,,1,15,,80990,2,,,1,15,,81009,2,,,1,15,,81028,2,,,1,55,,80971,2,,,1,15,,80991,2,,,1,15,,81010,2,,,1,15,,81029,2,,,1,55,,80972,2,,,1,15,,80992,2,,,1,15,,81011,2,,,1,15,,81030,2,,,1,55,,80973,2,,,1,15,,80993,2,,,1,15,,81012,2,,,1,15,,81031,2,,,1,55,,80974,2,,,1,15,,80994,2,,,1,15,,81013,2,,,1,15,,81032,2,,,1,55,,80975,2,,,1,15,,80995,2,,,1,15,,81014,2,,,1,15,,81033,2,,,1,55,,80976,2,,,1,15,,80996,2,,,1,15,,81015,2,,,1,15,,81034,2,,,1,55,,80977,2,,,1,15,,80997,2,,,1,15,,81016,2,,,1,15,,81035,2,,,1,55,,80978,2,,,1,15,,80998,2,,,1,15,,81017,2,,,1,15,,81036,2,,,1,55,,80979,2,,,1,15,,80999,2,,,1,15,,81018,2,,,1,15,,81037,2,,,1,55,,80980,2,,,1,15,,81000,2,,,1,15,,81019,2,,,1,15,,81038,2,,,1,55,,80981,2,,,1,15,,81001,2,,,1,15,,81020,2,,,1,15,,81039,2,,,1,55,,80982,2,,,1,15,,81002,2,,,1,15,,81021,2,,,1,15,,81040,2,,,1,55,,80983,2,,,1,15,,81003,2,,,1,15,,81022,2,,,1,15,,81041,2,,,1,55,,80984,2,,,1,15,,81004,2,,,1,15,,81023,2,,,1,15,,81042,2,,,1,55,,80985,2,,,1,15,,81005,2,,,1,15,,81024,2,,,1,15,,81043,2,,,1,55,,80986,2,,,1,15,,81006,2,,,1,15,,81025,2,,,1,15,,81044,2,,,1,55,,80987,2,,,1
0,'20270222',503,,81105,2,,,1,15,,81045,2,,,1,20,,81085,2,,,1,15,,81106,2,,,1,55,,81046,2,,,1,15,,81066,2,,,1,15,,81086,2,,,1,15,,81107,2,,,1,55,,81047,2,,,1,15,,81067,2,,,1,15,,81087,2,,,1,15,,81108,2,,,1,55,,81048,2,,,1,15,,81068,2,,,1,15,,81088,2,,,1,15,,81109,2,,,1,55,,81049,2,,,1,15,,81069,2,,,1,15,,81089,2,,,1,15,,81110,2,,,1,55,,81050,2,,,1,15,,81070,2,,,1,15,,81090,2,,,1,15,,81111,2,,,1,55,,81051,2,,,1,15,,81071,2,,,1,15,,81091,2,,,1,15,,81112,2,,,1,55,,81052,2,,,1,15,,81072,2,,,1,15,,81092,2,,,1,15,,81113,2,,,1,55,,81053,2,,,1,15,,81073,2,,,1,15,,81093,2,,,1,15,,81114,2,,,1,55,,81054,2,,,1,15,,81074,2,,,1,15,,81094,2,,,1,15,,81115,2,,,1,55,,81055,2,,,1,15,,81075,2,,,1,15,,81095,2,,,1,15,,81116,2,,,1,55,,81056,2,,,1,15,,81076,2,,,1,15,,81096,2,,,1,15,,81117,2,,,1,55,,81057,2,,,1,15,,81077,2,,,1,15,,81097,2,,,1,15,,81118,2,,,1,55,,81058,2,,,1,15,,81078,2,,,1,15,,81098,2,,,1,15,,81119,2,,,1,55,,81059,2,,,1,15,,81079,2,,,1,15,,81099,2,,,1,15,,81120,2,,,1,55,,81060,2,,,1,15,,81080,2,,,1,15,,81100,2,,,1,15,,81121,2,,,1,55,,81061,2,,,1,15,,81081,2,,,1,15,,81101,2,,,1,15,,81122,2,,,1,55,,81062,2,,,1,15,,81082,2,,,1,15,,81102,2,,,1,15,,81123,2,,,1,55,,81063,2,,,1,15,,81083,2,,,1,15,,81103,2,,,1,15,,81124,2,,,1,55,,81064,2,,,1,15,,81084,2,,,1,15,,81104,2,,,1,15,,81125,2,,,1,55,,81065,2,,,1
0,'20270223',503,,81186,2,,,1,15,,81126,2,,,1,20,,81166,2,,,1,15,,81187,2,,,1,55,,81127,2,,,1,15,,81147,2,,,1,15,,81167,2,,,1,15,,81188,2,,,1,55,,81128,2,,,1,15,,81148,2,,,1,15,,81168,2,,,1,15,,81189,2,,,1,55,,81129,2,,,1,15,,81149,2,,,1,15,,81169,2,,,1,15,,81190,2,,,1,55,,81130,2,,,1,15,,81150,2,,,1,15,,81170,2,,,1,15,,81191,2,,,1,55,,81131,2,,,1,15,,81151,2,,,1,15,,81171,2,,,1,15,,81192,2,,,1,55,,81132,2,,,1,15,,81152,2,,,1,15,,81172,2,,,1,15,,81193,2,,,1,55,,81133,2,,,1,15,,81153,2,,,1,15,,81173,2,,,1,15,,81194,2,,,1,55,,81134,2,,,1,15,,81154,2,,,1,15,,81174,2,,,1,15,,81195,2,,,1,55,,81135,2,,,1,15,,81155,2,,,1,15,,81175,2,,,1,15,,81196,2,,,1,55,,81136,2,,,1,15,,81156,2,,,1,15,,81176,2,,,1,15,,81197,2,,,1,55,,81137,2,,,1,15,,81157,2,,,1,15,,81177,2,,,1,15,,81198,2,,,1,55,,81138,2,,,1,15,,81158,2,,,1,15,,81178,2,,,1,15,,81199,2,,,1,55,,81139,2,,,1,15,,81159,2,,,1,15,,81179,2,,,1,15,,81200,2,,,1,55,,81140,2,,,1,15,,81160,2,,,1,15,,81180,2,,,1,15,,81201,2,,,1,55,,81141,2,,,1,15,,81161,2,,,1,15,,81181,2,,,1,15,,81202,2,,,1,55,,81142,2,,,1,15,,81162,2,,,1,15,,81182,2,,,1,15,,81203,2,,,1,55,,81143,2,,,1,15,,81163,2,,,1,15,,81183,2,,,1,15,,81204,2,,,1,55,,81144,2,,,1,15,,81164,2,,,1,15,,81184,2,,,1,15,,81205,2,,,1,55,,81145,2,,,1,15,,81165,2,,,1,15,,81185,2,,,1,15,,81206,2,,,1,55,,81146,2,,,1
0,'20270224',503,,81267,2,,,1,15,,81207,2,,,1,20,,81247,2,,,1,15,,81268,2,,,1,55,,81208,2,,,1,15,,81228,2,,,1,15,,81248,2,,,1,15,,81269,2,,,1,55,,81209,2,,,1,15,,81229,2,,,1,15,,81249,2,,,1,15,,81270,2,,,1,55,,81210,2,,,1,15,,81230,2,,,1,15,,81250,2,,,1,15,,81271,2,,,1,55,,81211,2,,,1,15,,81231,2,,,1,15,,81251,2,,,1,15,,81272,2,,,1,55,,81212,2,,,1,15,,81232,2,,,1,15,,81252,2,,,1,15,,81273,2,,,1,55,,81213,2,,,1,15,,81233,2,,,1,15,,81253,2,,,1,15,,81274,2,,,1,55,,81214,2,,,1,15,,81234,2,,,1,15,,81254,2,,,1,15,,81275,2,,,1,55,,81215,2,,,1,15,,81235,2,,,1,15,,81255,2,,,1,15,,81276,2,,,1,55,,81216,2,,,1,15,,81236,2,,,1,15,,81256,2,,,1,15,,81277,2,,,1,55,,81217,2,,,1,15,,81237,2,,,1,15,,81257,2,,,1,15,,81278,2,,,1,55,,81218,2,,,1,15,,81238,2,,,1,15,,81258,2,,,1,15,,81279,2,,,1,55,,81219,2,,,1,15,,81239,2,,,1,15,,81259,2,,,1,15,,81280,2,,,1,55,,81220,2,,,1,15,,81240,2,,,1,15,,81260,2,,,1,15,,81281,2,,,1,55,,81221,2,,,1,15,,81241,2,,,1,15,,81261,2,,,1,15,,81282,2,,,1,55,,81222,2,,,1,15,,81242,2,,,1,15,,81262,2,,,1,15,,81283,2,,,1,55,,81223,2,,,1,15,,81243,2,,,1,15,,81263,2,,,1,15,,81284,2,,,1,55,,81224,2,,,1,15,,81244,2,,,1,15,,81264,2,,,1,15,,81285,2,,,1,55,,81225,2,,,1,15,,81245,2,,,1,15,,81265,2,,,1,15,,81286,2,,,1,55,,81226,2,,,1,15,,81246,2,,,1,15,,81266,2,,,1,15,,81287,2,,,1,55,,81227,2,,,1
0,'20270225',503,,81348,2,,,1,15,,81288,2,,,1,20,,81328,2,,,1,15,,81349,2,,,1,55,,81289,2,,,1,15,,81309,2,,,1,15,,81329,2,,,1,15,,81350,2,,,1,55,,81290,2,,,1,15,,81310,2,,,1,15,,81330,2,,,1,15,,81351,2,,,1,55,,81291,2,,,1,15,,81311,2,,,1,15,,81331,2,,,1,15,,81352,2,,,1,55,,81292,2,,,1,15,,81312,2,,,1,15,,81332,2,,,1,15,,81353,2,,,1,55,,81293,2,,,1,15,,81313,2,,,1,15,,81333,2,,,1,15,,81354,2,,,1,55,,81294,2,,,1,15,,81314,2,,,1,15,,81334,2,,,1,15,,81355,2,,,1,55,,81295,2,,,1,15,,81315,2,,,1,15,,81335,2,,,1,15,,81356,2,,,1,55,,81296,2,,,1,15,,81316,2,,,1,15,,81336,2,,,1,15,,81357,2,,,1,55,,81297,2,,,1,15,,81317,2,,,1,15,,81337,2,,,1,15,,81358,2,,,1,55,,81298,2,,,1,15,,81318,2,,,1,15,,81338,2,,,1,15,,81359,2,,,1,55,,81299,2,,,1,15,,81319,2,,,1,15,,81339,2,,,1,15,,81360,2,,,1,55,,81300,2,,,1,15,,81320,2,,,1,15,,81340,2,,,1,15,,81361,2,,,1,55,,81301,2,,,1,15,,81321,2,,,1,15,,81341,2,,,1,15,,81362,2,,,1,55,,81302,2,,,1,15,,81322,2,,,1,15,,81342,2,,,1,15,,81363,2,,,1,55,,81303,2,,,1,15,,81323,2,,,1,15,,81343,2,,,1,15,,81364,2,,,1,55,,81304,2,,,1,15,,81324,2,,,1,15,,81344,2,,,1,15,,81365,2,,,1,55,,81305,2,,,1,15,,81325,2,,,1,15,,81345,2,,,1,15,,81366,2,,,1,55,,81306,2,,,1,15,,81326,2,,,1,15,,81346,2,,,1,15,,81367,2,,,1,55,,81307,2,,,1,15,,81327,2,,,1,15,,81347,2,,,1,15,,81368,2,,,1,55,,81308,2,,,1
0,'20270226',503,,81429,2,,,1,15,,81369,2,,,1,20,,81409,2,,,1,15,,81430,2,,,1,55,,81370,2,,,1,15,,81390,2,,,1,15,,81410,2,,,1,15,,81431,2,,,1,55,,81371,2,,,1,15,,81391,2,,,1,15,,81411,2,,,1,15,,81432,2,,,1,55,,81372,2,,,1,15,,81392,2,,,1,15,,81412,2,,,1,15,,81433,2,,,1,55,,81373,2,,,1,15,,81393,2,,,1,15,,81413,2,,,1,15,,81434,2,,,1,55,,81374,2,,,1,15,,81394,2,,,1,15,,81414,2,,,1,15,,81435,2,,,1,55,,81375,2,,,1,15,,81395,2,,,1,15,,81415,2,,,1,15,,81436,2,,,1,55,,81376,2,,,1,15,,81396,2,,,1,15,,81416,2,,,1,15,,81437,2,,,1,55,,81377,2,,,1,15,,81397,2,,,1,15,,81417,2,,,1,15,,81438,2,,,1,55,,81378,2,,,1,15,,81398,2,,,1,15,,81418,2,,,1,15,,81439,2,,,1,55,,81379,2,,,1,15,,81399,2,,,1,15,,81419,2,,,1,15,,81440,2,,,1,55,,81380,2,,,1,15,,81400,2,,,1,15,,81420,2,,,1,15,,81441,2,,,1,55,,81381,2,,,1,15,,81401,2,,,1,15,,81421,2,,,1,15,,81442,2,,,1,55,,81382,2,,,1,15,,81402,2,,,1,15,,81422,2,,,1,15,,81443,2,,,1,55,,81383,2,,,1,15,,81403,2,,,1,15,,81423,2,,,1,15,,81444,2,,,1,55,,81384,2,,,1,15,,81404,2,,,1,15,,81424,2,,,1,15,,81445,2,,,1,55,,81385,2,,,1,15,,81405,2,,,1,15,,81425,2,,,1,15,,81446,2,,,1,55,,81386,2,,,1,15,,81406,2,,,1,15,,81426,2,,,1,15,,81447,2,,,1,55,,81387,2,,,1,15,,81407,2,,,1,15,,81427,2,,,1,15,,81448,2,,,1,55,,81388,2,,,1,15,,81408,2,,,1,15,,81428,2,,,1,15,,81449,2,,,1,55,,81389,2,,,1
0,'20270227',608,,81450,2,,,1,15,,81470,2,,,1,15,,81489,2,,,1,15,,81508,2,,,1,55,,81451,2,,,1,15,,81471,2,,,1,15,,81490,2,,,1,15,,81509,2,,,1,55,,81452,2,,,1,15,,81472,2,,,1,15,,81491,2,,,1,15,,81510,2,,,1,55,,81453,2,,,1,15,,81473,2,,,1,15,,81492,2,,,1,15,,81511,2,,,1,55,,81454,2,,,1,15,,81474,2,,,1,15,,81493,2,,,1,15,,81512,2,,,1,55,,81455,2,,,1,15,,81475,2,,,1,15,,81494,2,,,1,15,,81513,2,,,1,55,,81456,2,,,1,15,,81476,2,,,1,15,,81495,2,,,1,15,,81514,2,,,1,55,,81457,2,,,1,15,,81477,2,,,1,15,,81496,2,,,1,15,,81515,2,,,1,55,,81458,2,,,1,15,,81478,2,,,1,15,,81497,2,,,1,15,,81516,2,,,1,55,,81459,2,,,1,15,,81479,2,,,1,15,,81498,2,,,1,15,,81517,2,,,1,55,,81460,2,,,1,15,,81480,2,,,1,15,,81499,2,,,1,15,,81518,2,,,1,55,,81461,2,,,1,15,,81481,2,,,1,15,,81500,2,,,1,15,,81519,2,,,1,55,,81462,2,,,1,15,,81482,2,,,1,15,,81501,2,,,1,15,,81520,2,,,1,55,,81463,2,,,1,15,,81483,2,,,1,15,,81502,2,,,1,15,,81521,2,,,1,55,,81464,2,,,1,15,,81484,2,,,1,15,,81503,2,,,1,15,,81522,2,,,1,55,,81465,2,,,1,15,,81485,2,,,1,15,,81504,2,,,1,15,,81523,2,,,1,55,,81466,2,,,1,15,,81486,2,,,1,15,,81505,2,,,1,15,,81524,2,,,1,55,,81467,2,,,1,15,,81487,2,,,1,15,,81506,2,,,1,15,,81525,2,,,1,55,,81468,2,,,1,15,,81488,2,,,1,15,,81507,2,,,1,15,,81526,2,,,1,55,,81469,2,,,1
1,'20260914',544,,81586,4,,,1,15,,81527,4,,,1,52,,81547,4,,,1,15,,81567,4,,,1,15,,81587,4,,,1,15,,81528,4,,,1,55,,81548,4,,,1,15,,81568,4,,,1,15,,81588,4,,,1,15,,81529,4,,,1,55,,81549,4,,,1,15,,81569,4,,,1,15,,81589,4,,,1,15,,81530,4,,,1,55,,81550,4,,,1,15,,81570,4,,,1,15,,81590,4,,,1,15,,81531,4,,,1,55,,81551,4,,,1,15,,81571,4,,,1,15,,81591,4,,,1,15,,81532,4,,,1,55,,81552,4,,,1,15,,81572,4,,,1,15,,81592,4,,,1,15,,81533,4,,,1,55,,81553,4,,,1,15,,81573,4,,,1,15,,81593,4,,,1,15,,81534,4,,,1,55,,81554,4,,,1,15,,81574,4,,,1,15,,81594,4,,,1,15,,81535,4,,,1,55,,81555,4,,,1,15,,81575,4,,,1,15,,81595,4,,,1,15,,81536,4,,,1,55,,81556,4,,,1,15,,81576,4,,,1,15,,81596,4,,,1,15,,81537,4,,,1,55,,81557,4,,,1,15,,81577,4,,,1,15,,81597,4,,,1,15,,81538,4,,,1,55,,81558,4,,,1,15,,81578,4,,,1,15,,81598,4,,,1,15,,81539,4,,,1,55,,81559,4,,,1,15,,81579,4,,,1,15,,81599,4,,,1,15,,81540,4,,,1,55,,81560,4,,,1,15,,81580,4,,,1,15,,81600,4,,,1,15,,81541,4,,,1,55,,81561,4,,,1,15,,81581,4,,,1,15,,81601,4,,,1,15,,81542,4,,,1,55,,81562,4,,,1,15,,81582,4,,,1,15,,81602,4,,,1,15,,81543,4,,,1,55,,81563,4,,,1,15,,81583,4,,,1,15,,81603,4,,,1,15,,81544,4,,,1,55,,81564,4,,,1,15,,81584,4,,,1,15,,81604,4,,,1,15,,81545,4,,,1,55,,81565,4,,,1,15,,81585,4,,,1,15,,81605,4,,,1,15,,81546,4,,,1,55,,81566,4,,,1
1,'20260915',544,,81665,4,,,1,15,,81606,4,,,1,52,,81626,4,,,1,15,,81646,4,,,1,15,,81666,4,,,1,15,,81607,4,,,1,55,,81627,4,,,1,15,,81647,4,,,1,15,,81667,4,,,1,15,,81608,4,,,1,55,,81628,4,,,1,15,,81648,4,,,1,15,,81668,4,,,1,15,,81609,4,,,1,55,,81629,4,,,1,15,,81649,4,,,1,15,,81669,4,,,1,15,,81610,4,,,1,55,,81630,4,,,1,15,,81650,4,,,1,15,,81670,4,,,1,15,,81611,4,,,1,55,,81631,4,,,1,15,,81651,4,,,1,15,,81671,4,,,1,15,,81612,4,,,1,55,,81632,4,,,1,15,,81652,4,,,1,15,,81672,4,,,1,15,,81613,4,,,1,55,,81633,4,,,1,15,,81653,4,,,1,15,,81673,4,,,1,15,,81614,4,,,1,55,,81634,4,,,1,15,,81654,4,,,1,15,,81674,4,,,1,15,,81615,4,,,1,55,,81635,4,,,1,15,,81655,4,,,1,15,,81675,4,,,1,15,,81616,4,,,1,55,,81636,4,,,1,15,,81656,4,,,1,15,,81676,4,,,1,15,,81617,4,,,1,55,,81637,4,,,1,15,,81657,4,,,1,15,,81677,4,,,1,15,,81618,4,,,1,55,,81638,4,,,1,15,,81658,4,,,1,15,,81678,4,,,1,15,,81619,4,,,1,55,,81639,4,,,1,15,,81659,4,,,1,15,,81679,4,,,1,15,,81620,4,,,1,55,,81640,4,,,1,15,,81660,4,,,1,15,,81680,4,,,1,15,,81621,4,,,1,55,,81641,4,,,1,15,,81661,4,,,1,15,,81681,4,,,1,15,,81622,4,,,1,55,,81642,4,,,1,15,,81662,4,,,1,15,,81682,4,,,1,15,,81623,4,,,1,55,,81643,4,,,1,15,,81663,4,,,1,15,,81683,4,,,1,15,,81624,4,,,1,55,,81644,4,,,1,15,,81664,4,,,1,15,,81684,4,,,1,15,,81625,4,,,1,55,,81645,4,,,1
1,'20260916',544,,81744,4,,,1,15,,81685,4,,,1,52,,81705,4,,,1,15,,81725,4,,,1,15,,81745,4,,,1,15,,81686,4,,,1,55,,81706,4,,,1,15,,81726,4,,,1,15,,81746,4,,,1,15,,81687,4,,,1,55,,81707,4,,,1,15,,81727,4,,,1,15,,81747,4,,,1,15,,81688,4,,,1,55,,81708,4,,,1,15,,81728,4,,,1,15,,81748,4,,,1,15,,81689,4,,,1,55,,81709,4,,,1,15,,81729,4,,,1,15,,81749,4,,,1,15,,81690,4,,,1,55,,81710,4,,,1,15,,81730,4,,,1,15,,81750,4,,,1,15,,81691,4,,,1,55,,81711,4,,,1,15,,81731,4,,,1,15,,81751,4,,,1,15,,81692,4,,,1,55,,81712,4,,,1,15,,81732,4,,,1,15,,81752,4,,,1,15,,81693,4,,,1,55,,81713,4,,,1,15,,81733,4,,,1,15,,81753,4,,,1,15,,81694,4,,,1,55,,81714,4,,,1,15,,81734,4,,,1,15,,81754,4,,,1,15,,81695,4,,,1,55,,81715,4,,,1,15,,81735,4,,,1,15,,81755,4,,,1,15,,81696,4,,,1,55,,81716,4,,,1,15,,81736,4,,,1,15,,81756,4,,,1,15,,81697,4,,,1,55,,81717,4,,,1,15,,81737,4,,,1,15,,81757,4,,,1,15,,81698,4,,,1,55,,81718,4,,,1,15,,81738,4,,,1,15,,81758,4,,,1,15,,81699,4,,,1,55,,81719,4,,,1,15,,81739,4,,,1,15,,81759,4,,,1,15,,81700,4,,,1,55,,81720,4,,,1,15,,81740,4,,,1,15,,81760,4,,,1,15,,81701,4,,,1,55,,81721,4,,,1,15,,81741,4,,,1,15,,81761,4,,,1,15,,81702,4,,,1,55,,81722,4,,,1,15,,81742,4,,,1,15,,81762,4,,,1,15,,81703,4,,,1,55,,81723,4,,,1,15,,81743,4,,,1,15,,81763,4,,,1,15,,81704,4,,,1,55,,81724,4,,,1
1,'20260917',544,,81823,4,,,1,15,,81764,4,,,1,52,,81784,4,,,1,15,,81804,4,,,1,15,,81824,4,,,1,15,,81765,4,,,1,55,,81785,4,,,1,15,,81805,4,,,1,15,,81825,4,,,1,15,,81766,4,,,1,55,,81786,4,,,1,15,,81806,4,,,1,15,,81826,4,,,1,15,,81767,4,,,1,55,,81787,4,,,1,15,,81807,4,,,1,15,,81827,4,,,1,15,,81768,4,,,1,55,,81788,4,,,1,15,,81808,4,,,1,15,,81828,4,,,1,15,,81769,4,,,1,55,,81789,4,,,1,15,,81809,4,,,1,15,,81829,4,,,1,15,,81770,4,,,1,55,,81790,4,,,1,15,,81810,4,,,1,15,,81830,4,,,1,15,,81771,4,,,1,55,,81791,4,,,1,15,,81811,4,,,1,15,,81831,4,,,1,15,,81772,4,,,1,55,,81792,4,,,1,15,,81812,4,,,1,15,,81832,4,,,1,15,,81773,4,,,1,55,,81793,4,,,1,15,,81813,4,,,1,15,,81833,4,,,1,15,,81774,4,,,1,55,,81794,4,,,1,15,,81814,4,,,1,15,,81834,4,,,1,15,,81775,4,,,1,55,,81795,4,,,1,15,,81815,4,,,1,15,,81835,4,,,1,15,,81776,4,,,1,55,,81796,4,,,1,15,,81816,4,,,1,15,,81836,4,,,1,15,,81777,4,,,1,55,,81797,4,,,1,15,,81817,4,,,1,15,,81837,4,,,1,15,,81778,4,,,1,55,,81798,4,,,1,15,,81818,4,,,1,15,,81838,4,,,1,15,,81779,4,,,1,55,,81799,4,,,1,15,,81819,4,,,1,15,,81839,4,,,1,15,,81780,4,,,1,55,,81800,4,,,1,15,,81820,4,,,1,15,,81840,4,,,1,15,,81781,4,,,1,55,,81801,4,,,1,15,,81821,4,,,1,15,,81841,4,,,1,15,,81782,4,,,1,55,,81802,4,,,1,15,,81822,4,,,1,15,,81842,4,,,1,15,,81783,4,,,1,55,,81803,4,,,1
1,'20260918',546,,81902,4,,,1,55,,81843,4,,,1,12,,81863,4,,,1,15,,81883,4,,,1,15,,81903,4,,,1,15,,81844,4,,,1,55,,81864,4,,,1,15,,81884,4,,,1,15,,81904,4,,,1,15,,81845,4,,,1,55,,81865,4,,,1,15,,81885,4,,,1,15,,81905,4,,,1,15,,81846,4,,,1,55,,81866,4,,,1,15,,81886,4,,,1,15,,81906,4,,,1,15,,81847,4,,,1,55,,81867,4,,,1,15,,81887,4,,,1,15,,81907,4,,,1,15,,81848,4,,,1,55,,81868,4,,,1,15,,81888,4,,,1,15,,81908,4,,,1,15,,81849,4,,,1,55,,81869,4,,,1,15,,81889,4,,,1,15,,81909,4,,,1,15,,81850,4,,,1,55,,81870,4,,,1,15,,81890,4,,,1,15,,81910,4,,,1,15,,81851,4,,,1,55,,81871,4,,,1,15,,81891,4,,,1,15,,81911,4,,,1,15,,81852,4,,,1,55,,81872,4,,,1,15,,81892,4,,,1,15,,81912,4,,,1,15,,81853,4,,,1,55,,81873,4,,,1,15,,81893,4,,,1,15,,81913,4,,,1,15,,81854,4,,,1,55,,81874,4,,,1,15,,81894,4,,,1,15,,81914,4,,,1,15,,81855,4,,,1,55,,81875,4,,,1,15,,81895,4,,,1,15,,81915,4,,,1,15,,81856,4,,,1,55,,81876,4,,,1,15,,81896,4,,,1,15,,81916,4,,,1,15,,81857,4,,,1,55,,81877,4,,,1,15,,81897,4,,,1,15,,81917,4,,,1,15,,81858,4,,,1,55,,81878,4,,,1,15,,81898,4,,,1,15,,81918,4,,,1,15,,81859,4,,,1,55,,81879,4,,,1,15,,81899,4,,,1,15,,81919,4,,,1,15,,81860,4,,,1,55,,81880,4,,,1,15,,81900,4,,,1,15,,81920,4,,,1,15,,81861,4,,,1,55,,81881,4,,,1,15,,81901,4,,,1,15,,81921,4,,,1,15,,81862,4,,,1,55,,81882,4,,,1
1,'20260919',643,,81978,4,,,1,15,,81922,4,,,1,55,,81941,4,,,1,15,,81960,4,,,1,15,,81979,4,,,1,15,,81923,4,,,1,55,,81942,4,,,1,15,,81961,4,,,1,15,,81980,4,,,1,15,,81924,4,,,1,55,,81943,4,,,1,15,,81962,4,,,1,15,,81981,4,,,1,15,,81925,4,,,1,55,,81944,4,,,1,15,,81963,4,,,1,15,,81982,4,,,1,15,,81926,4,,,1,55,,81945,4,,,1,15,,81964,4,,,1,15,,81983,4,,,1,15,,81927,4,,,1,55,,81946,4,,,1,15,,81965,4,,,1,15,,81984,4,,,1,15,,81928,4,,,1,55,,81947,4,,,1,15,,81966,4,,,1,15,,81985,4,,,1,15,,81929,4,,,1,55,,81948,4,,,1,15,,81967,4,,,1,15,,81986,4,,,1,15,,81930,4,,,1,55,,81949,4,,,1,15,,81968,4,,,1,15,,81987,4,,,1,15,,81931,4,,,1,55,,81950,4,,,1,15,,81969,4,,,1,15,,81988,4,,,1,15,,81932,4,,,1,55,,81951,4,,,1,15,,81970,4,,,1,15,,81989,4,,,1,15,,81933,4,,,1,55,,81952,4,,,1,15,,81971,4,,,1,15,,81990,4,,,1,15,,81934,4,,,1,55,,81953,4,,,1,15,,81972,4,,,1,15,,81991,4,,,1,15,,81935,4,,,1,55,,81954,4,,,1,15,,81973,4,,,1,15,,81992,4,,,1,15,,81936,4,,,1,55,,81955,4,,,1,15,,81974,4,,,1,15,,81993,4,,,1,15,,81937,4,,,1,55,,81956,4,,,1,15,,81975,4,,,1,15,,81994,4,,,1,15,,81938,4,,,1,55,,81957,4,,,1,15,,81976,4,,,1,15,,81995,4,,,1,15,,81939,4,,,1,55,,81958,4,,,1,15,,81977,4,,,1,15,,81996,4,,,1,15,,81940,4,,,1,55,,81959,4,,,1
1,'20260920',643,,82053,4,,,1,15,,81997,4,,,1,55,,82016,4,,,1,15,,82035,4,,,1,15,,82054,4,,,1,15,,81998,4,,,1,55,,82017,4,,,1,15,,82036,4,,,1,15,,82055,4,,,1,15,,81999,4,,,1,55,,82018,4,,,1,15,,82037,4,,,1,15,,82056,4,,,1,15,,82000,4,,,1,55,,82019,4,,,1,15,,82038,4,,,1,15,,82057,4,,,1,15,,82001,4,,,1,55,,82020,4,,,1,15,,82039,4,,,1,15,,82058,4,,,1,15,,82002,4,,,1,55,,82021,4,,,1,15,,82040,4,,,1,15,,82059,4,,,1,15,,82003,4,,,1,55,,82022,4,,,1,15,,82041,4,,,1,15,,82060,4,,,1,15,,82004,4,,,1,55,,82023,4,,,1,15,,82042,4,,,1,15,,82061,4,,,1,15,,82005,4,,,1,55,,82024,4,,,1,15,,82043,4,,,1,15,,82062,4,,,1,15,,82006,4,,,1,55,,82025,4,,,1,15,,82044,4,,,1,15,,82063,4,,,1,15,,82007,4,,,1,55,,82026,4,,,1,15,,82045,4,,,1,15,,82064,4,,,1,15,,82008,4,,,1,55,,82027,4,,,1,15,,82046,4,,,1,15,,82065,4,,,1,15,,82009,4,,,1,55,,82028,4,,,1,15,,82047,4,,,1,15,,82066,4,,,1,15,,82010,4,,,1,55,,82029,4,,,1,15,,82048,4,,,1,15,,82067,4,,,1,15,,82011,4,,,1,55,,82030,4,,,1,15,,82049,4,,,1,15,,82068,4,,,1,15,,82012,4,,,1,55,,82031,4,,,1,15,,82050,4,,,1,15,,82069,4,,,1,15,,82013,4,,,1,55,,82032,4,,,1,15,,82051,4,,,1,15,,82070,4,,,1,15,,82014,4,,,1,55,,82033,4,,,1,15,,82052,4,,,1,15,,82071,4,,,1,15,,82015,4,,,1,55,,82034,4,,,1
1,'20260921',546,,82131,4,,,1,55,,82072,4,,,1,12,,82092,4,,,1,15,,82112,4,,,1,15,,82132,4,,,1,15,,82073,4,,,1,55,,82093,4,,,1,15,,82113,4,,,1,15,,82133,4,,,1,15,,82074,4,,,1,55,,82094,4,,,1,15,,82114,4,,,1,15,,82134,4,,,1,15,,82075,4,,,1,55,,82095,4,,,1,15,,82115,4,,,1,15,,82135,4,,,1,15,,82076,4,,,1,55,,82096,4,,,1,15,,82116,4,,,1,15,,82136,4,,,1,15,,82077,4,,,1,55,,82097,4,,,1,15,,82117,4,,,1,15,,82137,4,,,1,15,,82078,4,,,1,55,,82098,4,,,1,15,,82118,4,,,1,15,,82138,4,,,1,15,,82079,4,,,1,55,,82099,4,,,1,15,,82119,4,,,1,15,,82139,4,,,1,15,,82080,4,,,1,55,,82100,4,,,1,15,,82120,4,,,1,15,,82140,4,,,1,15,,82081,4,,,1,55,,82101,4,,,1,15,,82121,4,,,1,15,,82141,4,,,1,15,,82082,4,,,1,55,,82102,4,,,1,15,,82122,4,,,1,15,,82142,4,,,1,15,,82083,4,,,1,55,,82103,4,,,1,15,,82123,4,,,1,15,,82143,4,,,1,15,,82084,4,,,1,55,,82104,4,,,1,15,,82124,4,,,1,15,,82144,4,,,1,15,,82085,4,,,1,55,,82105,4,,,1,15,,82125,4,,,1,15,,82145,4,,,1,15,,82086,4,,,1,55,,82106,4,,,1,15,,82126,4,,,1,15,,82146,4,,,1,15,,82087,4,,,1,55,,82107,4,,,1,15,,82127,4,,,1,15,,82147,4,,,1,15,,82088,4,,,1,55,,82108,4,,,1,15,,82128,4,,,1,15,,82148,4,,,1,15,,82089,4,,,1,55,,82109,4,,,1,15,,82129,4,,,1,15,,82149,4,,,1,15,,82090,4,,,1,55,,82110,4,,,1,15,,82130,4,,,1,15,,82150,4,,,1,15,,82091,4,,,1,55,,82111,4,,,1
1,'20260922',546,,82210,4,,,1,55,,82151,4,,,1,12,,82171,4,,,1,15,,82191,4,,,1,15,,82211,4,,,1,15,,82152,4,,,1,55,,82172,4,,,1,15,,82192,4,,,1,15,,82212,4,,,1,15,,82153,4,,,1,55,,82173,4,,,1,15,,82193,4,,,1,15,,82213,4,,,1,15,,82154,4,,,1,55,,82174,4,,,1,15,,82194,4,,,1,15,,82214,4,,,1,15,,82155,4,,,1,55,,82175,4,,,1,15,,82195,4,,,1,15,,82215,4,,,1,15,,82156,4,,,1,55,,82176,4,,,1,15,,82196,4,,,1,15,,82216,4,,,1,15,,82157,4,,,1,55,,82177,4,,,1,15,,82197,4,,,1,15,,82217,4,,,1,15,,82158,4,,,1,55,,82178,4,,,1,15,,82198,4,,,1,15,,82218,4,,,1,15,,82159,4,,,1,55,,82179,4,,,1,15,,82199,4,,,1,15,,82219,4,,,1,15,,82160,4,,,1,55,,82180,4,,,1,15,,82200,4,,,1,15,,82220,4,,,1,15,,82161,4,,,1,55,,82181,4,,,1,15,,82201,4,,,1,15,,82221,4,,,1,15,,82162,4,,,1,55,,82182,4,,,1,15,,82202,4,,,1,15,,82222,4,,,1,15,,82163,4,,,1,55,,82183,4,,,1,15,,82203,4,,,1,15,,82223,4,,,1,15,,82164,4,,,1,55,,82184,4,,,1,15,,82204,4,,,1,15,,82224,4,,,1,15,,82165,4,,,1,55,,82185,4,,,1,15,,82205,4,,,1,15,,82225,4,,,1,15,,82166,4,,,1,55,,82186,4,,,1,15,,82206,4,,,1,15,,82226,4,,,1,15,,82167,4,,,1,55,,82187,4,,,1,15,,82207,4,,,1,15,,82227,4,,,1,15,,82168,4,,,1,55,,82188,4,,,1,15,,82208,4,,,1,15,,82228,4,,,1,15,,82169,4,,,1,55,,82189,4,,,1,15,,82209,4,,,1,15,,82229,4,,,1,15,,82170,4,,,1,55,,82190,4,,,1
1,'20260923',546,,82289,4,,,1,55,,82230,4,,,1,12,,82250,4,,,1,15,,82270,4,,,1,15,,82290,4,,,1,15,,82231,4,,,1,55,,82251,4,,,1,15,,82271,4,,,1,15,,82291,4,,,1,15,,82232,4,,,1,55,,82252,4,,,1,15,,82272,4,,,1,15,,82292,4,,,1,15,,82233,4,,,1,55,,82253,4,,,1,15,,82273,4,,,1,15,,82293,4,,,1,15,,82234,4,,,1,55,,82254,4,,,1,15,,82274,4,,,1,15,,82294,4,,,1,15,,82235,4,,,1,55,,82255,4,,,1,15,,82275,4,,,1,15,,82295,4,,,1,15,,82236,4,,,1,55,,82256,4,,,1,15,,82276,4,,,1,15,,82296,4,,,1,15,,82237,4,,,1,55,,82257,4,,,1,15,,82277,4,,,1,15,,82297,4,,,1,15,,82238,4,,,1,55,,82258,4,,,1,15,,82278,4,,,1,15,,82298,4,,,1,15,,82239,4,,,1,55,,82259,4,,,1,15,,82279,4,,,1,15,,82299,4,,,1,15,,82240,4,,,1,55,,82260,4,,,1,15,,82280,4,,,1,15,,82300,4,,,1,15,,82241,4,,,1,55,,82261,4,,,1,15,,82281,4,,,1,15,,82301,4,,,1,15,,82242,4,,,1,55,,82262,4,,,1,15,,82282,4,,,1,15,,82302,4,,,1,15,,82243,4,,,1,55,,82263,4,,,1,15,,82283,4,,,1,15,,82303,4,,,1,15,,82244,4,,,1,55,,82264,4,,,1,15,,82284,4,,,1,15,,82304,4,,,1,15,,82245,4,,,1,55,,82265,4,,,1,15,,82285,4,,,1,15,,82305,4,,,1,15,,82246,4,,,1,55,,82266,4,,,1,15,,82286,4,,,1,15,,82306,4,,,1,15,,82247,4,,,1,55,,82267,4,,,1,15,,82287,4,,,1,15,,82307,4,,,1,15,,82248,4,,,1,55,,82268,4,,,1,15,,82288,4,,,1,15,,82308,4,,,1,15,,82249,4,,,1,55,,82269,4,,,1
1,'20260924',546,,82368,4,,,1,55,,82309,4,,,1,12,,82329,4,,,1,15,,82349,4,,,1,15,,82369,4,,,1,15,,82310,4,,,1,55,,82330,4,,,1,15,,82350,4,,,1,15,,82370,4,,,1,15,,82311,4,,,1,55,,82331,4,,,1,15,,82351,4,,,1,15,,82371,4,,,1,15,,82312,4,,,1,55,,82332,4,,,1,15,,82352,4,,,1,15,,82372,4,,,1,15,,82313,4,,,1,55,,82333,4,,,1,15,,82353,4,,,1,15,,82373,4,,,1,15,,82314,4,,,1,55,,82334,4,,,1,15,,82354,4,,,1,15,,82374,4,,,1,15,,82315,4,,,1,55,,82335,4,,,1,15,,82355,4,,,1,15,,82375,4,,,1,15,,82316,4,,,1,55,,82336,4,,,1,15,,82356,4,,,1,15,,82376,4,,,1,15,,82317,4,,,1,55,,82337,4,,,1,15,,82357,4,,,1,15,,82377,4,,,1,15,,82318,4,,,1,55,,82338,4,,,1,15,,82358,4,,,1,15,,82378,4,,,1,15,,82319,4,,,1,55,,82339,4,,,1,15,,82359,4,,,1,15,,82379,4,,,1,15,,82320,4,,,1,55,,82340,4,,,1,15,,82360,4,,,1,15,,82380,4,,,1,15,,82321,4,,,1,55,,82341,4,,,1,15,,82361,4,,,1,15,,82381,4,,,1,15,,82322,4,,,1,55,,82342,4,,,1,15,,82362,4,,,1,15,,82382,4,,,1,15,,82323,4,,,1,55,,82343,4,,,1,15,,82363,4,,,1,15,,82383,4,,,1,15,,82324,4,,,1,55,,82344,4,,,1,15,,82364,4,,,1,15,,82384,4,,,1,15,,82325,4,,,1,55,,82345,4,,,1,15,,82365,4,,,1,15,,82385,4,,,1,15,,82326,4,,,1,55,,82346,4,,,1,15,,82366,4,,,1,15,,82386,4,,,1,15,,82327,4,,,1,55,,82347,4,,,1,15,,82367,4,,,1,15,,82387,4,,,1,15,,82328,4,,,1,55,,82348,4,,,1
1,'20260925',546,,82447,4,,,1,55,,82388,4,,,1,12,,82408,4,,,1,15,,82428,4,,,1,15,,82448,4,,,1,15,,82389,4,,,1,55,,82409,4,,,1,15,,82429,4,,,1,15,,82449,4,,,1,15,,82390,4,,,1,55,,82410,4,,,1,15,,82430,4,,,1,15,,82450,4,,,1,15,,82391,4,,,1,55,,82411,4,,,1,15,,82431,4,,,1,15,,82451,4,,,1,15,,82392,4,,,1,55,,82412,4,,,1,15,,82432,4,,,1,15,,82452,4,,,1,15,,82393,4,,,1,55,,82413,4,,,1,15,,82433,4,,,1,15,,82453,4,,,1,15,,82394,4,,,1,55,,82414,4,,,1,15,,82434,4,,,1,15,,82454,4,,,1,15,,82395,4,,,1,55,,82415,4,,,1,15,,82435,4,,,1,15,,82455,4,,,1,15,,82396,4,,,1,55,,82416,4,,,1,15,,82436,4,,,1,15,,82456,4,,,1,15,,82397,4,,,1,55,,82417,4,,,1,15,,82437,4,,,1,15,,82457,4,,,1,15,,82398,4,,,1,55,,82418,4,,,1,15,,82438,4,,,1,15,,82458,4,,,1,15,,82399,4,,,1,55,,82419,4,,,1,15,,82439,4,,,1,15,,82459,4,,,1,15,,82400,4,,,1,55,,82420,4,,,1,15,,82440,4,,,1,15,,82460,4,,,1,15,,82401,4,,,1,55,,82421,4,,,1,15,,82441,4,,,1,15,,82461,4,,,1,15,,82402,4,,,1,55,,82422,4,,,1,15,,82442,4,,,1,15,,82462,4,,,1,15,,82403,4,,,1,55,,82423,4,,,1,15,,82443,4,,,1,15,,82463,4,,,1,15,,82404,4,,,1,55,,82424,4,,,1,15,,82444,4,,,1,15,,82464,4,,,1,15,,82405,4,,,1,55,,82425,4,,,1,15,,82445,4,,,1,15,,82465,4,,,1,15,,82406,4,,,1,55,,82426,4,,,1,15,,82446,4,,,1,15,,82466,4,,,1,15,,82407,4,,,1,55,,82427,4,,,1
1,'20260926',643,,82523,4,,,1,15,,82467,4,,,1,55,,82486,4,,,1,15,,82505,4,,,1,15,,82524,4,,,1,15,,82468,4,,,1,55,,82487,4,,,1,15,,82506,4,,,1,15,,82525,4,,,1,15,,82469,4,,,1,55,,82488,4,,,1,15,,82507,4,,,1,15,,82526,4,,,1,15,,82470,4,,,1,55,,82489,4,,,1,15,,82508,4,,,1,15,,82527,4,,,1,15,,82471,4,,,1,55,,82490,4,,,1,15,,82509,4,,,1,15,,82528,4,,,1,15,,82472,4,,,1,55,,82491,4,,,1,15,,82510,4,,,1,15,,82529,4,,,1,15,,82473,4,,,1,55,,82492,4,,,1,15,,82511,4,,,1,15,,82530,4,,,1,15,,82474,4,,,1,55,,82493,4,,,1,15,,82512,4,,,1,15,,82531,4,,,1,15,,82475,4,,,1,55,,82494,4,,,1,15,,82513,4,,,1,15,,82532,4,,,1,15,,82476,4,,,1,55,,82495,4,,,1,15,,82514,4,,,1,15,,82533,4,,,1,15,,82477,4,,,1,55,,82496,4,,,1,15,,82515,4,,,1,15,,82534,4,,,1,15,,82478,4,,,1,55,,82497,4,,,1,15,,82516,4,,,1,15,,82535,4,,,1,15,,82479,4,,,1,55,,82498,4,,,1,15,,82517,4,,,1,15,,82536,4,,,1,15,,82480,4,,,1,55,,82499,4,,,1,15,,82518,4,,,1,15,,82537,4,,,1,15,,82481,4,,,1,55,,82500,4,,,1,15,,82519,4,,,1,15,,82538,4,,,1,15,,82482,4,,,1,55,,82501,4,,,1,15,,82520,4,,,1,15,,82539,4,,,1,15,,82483,4,,,1,55,,82502,4,,,1,15,,82521,4,,,1,15,,82540,4,,,1,15,,82484,4,,,1,55,,82503,4,,,1,15,,82522,4,,,1,15,,82541,4,,,1,15,,82485,4,,,1,55,,82504,4,,,1
1,'20260927',643,,82598,4,,,1,15,,82542,4,,,1,55,,82561,4,,,1,15,,82580,4,,,1,15,,82599,4,,,1,15,,82543,4,,,1,55,,82562,4,,,1,15,,82581,4,,,1,15,,82600,4,,,1,15,,82544,4,,,1,55,,82563,4,,,1,15,,82582,4,,,1,15,,82601,4,,,1,15,,82545,4,,,1,55,,82564,4,,,1,15,,82583,4,,,1,15,,82602,4,,,1,15,,82546,4,,,1,55,,82565,4,,,1,15,,82584,4,,,1,15,,82603,4,,,1,15,,82547,4,,,1,55,,82566,4,,,1,15,,82585,4,,,1,15,,82604,4,,,1,15,,82548,4,,,1,55,,82567,4,,,1,15,,82586,4,,,1,15,,82605,4,,,1,15,,82549,4,,,1,55,,82568,4,,,1,15,,82587,4,,,1,15,,82606,4,,,1,15,,82550,4,,,1,55,,82569,4,,,1,15,,82588,4,,,1,15,,82607,4,,,1,15,,82551,4,,,1,55,,82570,4,,,1,15,,82589,4,,,1,15,,82608,4,,,1,15,,82552,4,,,1,55,,82571,4,,,1,15,,82590,4,,,1,15,,82609,4,,,1,15,,82553,4,,,1,55,,82572,4,,,1,15,,82591,4,,,1,15,,82610,4,,,1,15,,82554,4,,,1,55,,82573,4,,,1,15,,82592,4,,,1,15,,82611,4,,,1,15,,82555,4,,,1,55,,82574,4,,,1,15,,82593,4,,,1,15,,82612,4,,,1,15,,82556,4,,,1,55,,82575,4,,,1,15,,82594,4,,,1,15,,82613,4,,,1,15,,82557,4,,,1,55,,82576,4,,,1,15,,82595,4,,,1,15,,82614,4,,,1,15,,82558,4,,,1,55,,82577,4,,,1,15,,82596,4,,,1,15,,82615,4,,,1,15,,82559,4,,,1,55,,82578,4,,,1,15,,82597,4,,,1,15,,82616,4,,,1,15,,82560,4,,,1,55,,82579,4,,,1
1,'20260928',546,,82676,4,,,1,55,,82617,4,,,1,12,,82637,4,,,1,15,,82657,4,,,1,15,,82677,4,,,1,15,,82618,4,,,1,55,,82638,4,,,1,15,,82658,4,,,1,15,,82678,4,,,1,15,,82619,4,,,1,55,,82639,4,,,1,15,,82659,4,,,1,15,,82679,4,,,1,15,,82620,4,,,1,55,,82640,4,,,1,15,,82660,4,,,1,15,,82680,4,,,1,15,,82621,4,,,1,55,,82641,4,,,1,15,,82661,4,,,1,15,,82681,4,,,1,15,,82622,4,,,1,55,,82642,4,,,1,15,,82662,4,,,1,15,,82682,4,,,1,15,,82623,4,,,1,55,,82643,4,,,1,15,,82663,4,,,1,15,,82683,4,,,1,15,,82624,4,,,1,55,,82644,4,,,1,15,,82664,4,,,1,15,,82684,4,,,1,15,,82625,4,,,1,55,,82645,4,,,1,15,,82665,4,,,1,15,,82685,4,,,1,15,,82626,4,,,1,55,,82646,4,,,1,15,,82666,4,,,1,15,,82686,4,,,1,15,,82627,4,,,1,55,,82647,4,,,1,15,,82667,4,,,1,15,,82687,4,,,1,15,,82628,4,,,1,55,,82648,4,,,1,15,,82668,4,,,1,15,,82688,4,,,1,15,,82629,4,,,1,55,,82649,4,,,1,15,,82669,4,,,1,15,,82689,4,,,1,15,,82630,4,,,1,55,,82650,4,,,1,15,,82670,4,,,1,15,,82690,4,,,1,15,,82631,4,,,1,55,,82651,4,,,1,15,,82671,4,,,1,15,,82691,4,,,1,15,,82632,4,,,1,55,,82652,4,,,1,15,,82672,4,,,1,15,,82692,4,,,1,15,,82633,4,,,1,55,,82653,4,,,1,15,,82673,4,,,1,15,,82693,4,,,1,15,,82634,4,,,1,55,,82654,4,,,1,15,,82674,4,,,1,15,,82694,4,,,1,15,,82635,4,,,1,55,,82655,4,,,1,15,,82675,4,,,1,15,,82695,4,,,1,15,,82636,4,,,1,55,,82656,4,,,1
1,'20260929',546,,82755,4,,,1,55,,82696,4,,,1,12,,82716,4,,,1,15,,82736,4,,,1,15,,82756,4,,,1,15,,82697,4,,,1,55,,82717,4,,,1,15,,82737,4,,,1,15,,82757,4,,,1,15,,82698,4,,,1,55,,82718,4,,,1,15,,82738,4,,,1,15,,82758,4,,,1,15,,82699,4,,,1,55,,82719,4,,,1,15,,82739,4,,,1,15,,82759,4,,,1,15,,82700,4,,,1,55,,82720,4,,,1,15,,82740,4,,,1,15,,82760,4,,,1,15,,82701,4,,,1,55,,82721,4,,,1,15,,82741,4,,,1,15,,82761,4,,,1,15,,82702,4,,,1,55,,82722,4,,,1,15,,82742,4,,,1,15,,82762,4,,,1,15,,82703,4,,,1,55,,82723,4,,,1,15,,82743,4,,,1,15,,82763,4,,,1,15,,82704,4,,,1,55,,82724,4,,,1,15,,82744,4,,,1,15,,82764,4,,,1,15,,82705,4,,,1,55,,82725,4,,,1,15,,82745,4,,,1,15,,82765,4,,,1,15,,82706,4,,,1,55,,82726,4,,,1,15,,82746,4,,,1,15,,82766,4,,,1,15,,82707,4,,,1,55,,82727,4,,,1,15,,82747,4,,,1,15,,82767,4,,,1,15,,82708,4,,,1,55,,82728,4,,,1,15,,82748,4,,,1,15,,82768,4,,,1,15,,82709,4,,,1,55,,82729,4,,,1,15,,82749,4,,,1,15,,82769,4,,,1,15,,82710,4,,,1,55,,82730,4,,,1,15,,82750,4,,,1,15,,82770,4,,,1,15,,82711,4,,,1,55,,82731,4,,,1,15,,82751,4,,,1,15,,82771,4,,,1,15,,82712,4,,,1,55,,82732,4,,,1,15,,82752,4,,,1,15,,82772,4,,,1,15,,82713,4,,,1,55,,82733,4,,,1,15,,82753,4,,,1,15,,82773,4,,,1,15,,82714,4,,,1,55,,82734,4,,,1,15,,82754,4,,,1,15,,82774,4,,,1,15,,82715,4,,,1,55,,82735,4,,,1
1,'20260930',546,,82834,4,,,1,55,,82775,4,,,1,12,,82795,4,,,1,15,,82815,4,,,1,15,,82835,4,,,1,15,,82776,4,,,1,55,,82796,4,,,1,15,,82816,4,,,1,15,,82836,4,,,1,15,,82777,4,,,1,55,,82797,4,,,1,15,,82817,4,,,1,15,,82837,4,,,1,15,,82778,4,,,1,55,,82798,4,,,1,15,,82818,4,,,1,15,,82838,4,,,1,15,,82779,4,,,1,55,,82799,4,,,1,15,,82819,4,,,1,15,,82839,4,,,1,15,,82780,4,,,1,55,,82800,4,,,1,15,,82820,4,,,1,15,,82840,4,,,1,15,,82781,4,,,1,55,,82801,4,,,1,15,,82821,4,,,1,15,,82841,4,,,1,15,,82782,4,,,1,55,,82802,4,,,1,15,,82822,4,,,1,15,,82842,4,,,1,15,,82783,4,,,1,55,,82803,4,,,1,15,,82823,4,,,1,15,,82843,4,,,1,15,,82784,4,,,1,55,,82804,4,,,1,15,,82824,4,,,1,15,,82844,4,,,1,15,,82785,4,,,1,55,,82805,4,,,1,15,,82825,4,,,1,15,,82845,4,,,1,15,,82786,4,,,1,55,,82806,4,,,1,15,,82826,4,,,1,15,,82846,4,,,1,15,,82787,4,,,1,55,,82807,4,,,1,15,,82827,4,,,1,15,,82847,4,,,1,15,,82788,4,,,1,55,,82808,4,,,1,15,,82828,4,,,1,15,,82848,4,,,1,15,,82789,4,,,1,55,,82809,4,,,1,15,,82829,4,,,1,15,,82849,4,,,1,15,,82790,4,,,1,55,,82810,4,,,1,15,,82830,4,,,1,15,,82850,4,,,1,15,,82791,4,,,1,55,,82811,4,,,1,15,,82831,4,,,1,15,,82851,4,,,1,15,,82792,4,,,1,55,,82812,4,,,1,15,,82832,4,,,1,15,,82852,4,,,1,15,,82793,4,,,1,55,,82813,4,,,1,15,,82833,4,,,1,15,,82853,4,,,1,15,,82794,4,,,1,55,,82814,4,,,1
1,'20261001',546,,82913,4,,,1,55,,82854,4,,,1,12,,82874,4,,,1,15,,82894,4,,,1,15,,82914,4,,,1,15,,82855,4,,,1,55,,82875,4,,,1,15,,82895,4,,,1,15,,82915,4,,,1,15,,82856,4,,,1,55,,82876,4,,,1,15,,82896,4,,,1,15,,82916,4,,,1,15,,82857,4,,,1,55,,82877,4,,,1,15,,82897,4,,,1,15,,82917,4,,,1,15,,82858,4,,,1,55,,82878,4,,,1,15,,82898,4,,,1,15,,82918,4,,,1,15,,82859,4,,,1,55,,82879,4,,,1,15,,82899,4,,,1,15,,82919,4,,,1,15,,82860,4,,,1,55,,82880,4,,,1,15,,82900,4,,,1,15,,82920,4,,,1,15,,82861,4,,,1,55,,82881,4,,,1,15,,82901,4,,,1,15,,82921,4,,,1,15,,82862,4,,,1,55,,82882,4,,,1,15,,82902,4,,,1,15,,82922,4,,,1,15,,82863,4,,,1,55,,82883,4,,,1,15,,82903,4,,,1,15,,82923,4,,,1,15,,82864,4,,,1,55,,82884,4,,,1,15,,82904,4,,,1,15,,82924,4,,,1,15,,82865,4,,,1,55,,82885,4,,,1,15,,82905,4,,,1,15,,82925,4,,,1,15,,82866,4,,,1,55,,82886,4,,,1,15,,82906,4,,,1,15,,82926,4,,,1,15,,82867,4,,,1,55,,82887,4,,,1,15,,82907,4,,,1,15,,82927,4,,,1,15,,82868,4,,,1,55,,82888,4,,,1,15,,82908,4,,,1,15,,82928,4,,,1,15,,82869,4,,,1,55,,82889,4,,,1,15,,82909,4,,,1,15,,82929,4,,,1,15,,82870,4,,,1,55,,82890,4,,,1,15,,82910,4,,,1,15,,82930,4,,,1,15,,82871,4,,,1,55,,82891,4,,,1,15,,82911,4,,,1,15,,82931,4,,,1,15,,82872,4,,,1,55,,82892,4,,,1,15,,82912,4,,,1,15,,82932,4,,,1,15,,82873,4,,,1,55,,82893,4,,,1
1,'20261002',546,,82992,4,,,1,55,,82933,4,,,1,12,,82953,4,,,1,15,,82973,4,,,1,15,,82993,4,,,1,15,,82934,4,,,1,55,,82954,4,,,1,15,,82974,4,,,1,15,,82994,4,,,1,15,,82935,4,,,1,55,,82955,4,,,1,15,,82975,4,,,1,15,,82995,4,,,1,15,,82936,4,,,1,55,,82956,4,,,1,15,,82976,4,,,1,15,,82996,4,,,1,15,,82937,4,,,1,55,,82957,4,,,1,15,,82977,4,,,1,15,,82997,4,,,1,15,,82938,4,,,1,55,,82958,4,,,1,15,,82978,4,,,1,15,,82998,4,,,1,15,,82939,4,,,1,55,,82959,4,,,1,15,,82979,4,,,1,15,,82999,4,,,1,15,,82940,4,,,1,55,,82960,4,,,1,15,,82980,4,,,1,15,,83000,4,,,1,15,,82941,4,,,1,55,,82961,4,,,1,15,,82981,4,,,1,15,,83001,4,,,1,15,,82942,4,,,1,55,,82962,4,,,1,15,,82982,4,,,1,15,,83002,4,,,1,15,,82943,4,,,1,55,,82963,4,,,1,15,,82983,4,,,1,15,,83003,4,,,1,15,,82944,4,,,1,55,,82964,4,,,1,15,,82984,4,,,1,15,,83004,4,,,1,15,,82945,4,,,1,55,,82965,4,,,1,15,,82985,4,,,1,15,,83005,4,,,1,15,,82946,4,,,1,55,,82966,4,,,1,15,,82986,4,,,1,15,,83006,4,,,1,15,,82947,4,,,1,55,,82967,4,,,1,15,,82987,4,,,1,15,,83007,4,,,1,15,,82948,4,,,1,55,,82968,4,,,1,15,,82988,4,,,1,15,,83008,4,,,1,15,,82949,4,,,1,55,,82969,4,,,1,15,,82989,4,,,1,15,,83009,4,,,1,15,,82950,4,,,1,55,,82970,4,,,1,15,,82990,4,,,1,15,,83010,4,,,1,15,,82951,4,,,1,55,,82971,4,,,1,15,,82991,4,,,1,15,,83011,4,,,1,15,,82952,4,,,1,55,,82972,4,,,1
1,'20261003',643,,83068,4,,,1,15,,83012,4,,,1,55,,83031,4,,,1,15,,83050,4,,,1,15,,83069,4,,,1,15,,83013,4,,,1,55,,83032,4,,,1,15,,83051,4,,,1,15,,83070,4,,,1,15,,83014,4,,,1,55,,83033,4,,,1,15,,83052,4,,,1,15,,83071,4,,,1,15,,83015,4,,,1,55,,83034,4,,,1,15,,83053,4,,,1,15,,83072,4,,,1,15,,83016,4,,,1,55,,83035,4,,,1,15,,83054,4,,,1,15,,83073,4,,,1,15,,83017,4,,,1,55,,83036,4,,,1,15,,83055,4,,,1,15,,83074,4,,,1,15,,83018,4,,,1,55,,83037,4,,,1,15,,83056,4,,,1,15,,83075,4,,,1,15,,83019,4,,,1,55,,83038,4,,,1,15,,83057,4,,,1,15,,83076,4,,,1,15,,83020,4,,,1,55,,83039,4,,,1,15,,83058,4,,,1,15,,83077,4,,,1,15,,83021,4,,,1,55,,83040,4,,,1,15,,83059,4,,,1,15,,83078,4,,,1,15,,83022,4,,,1,55,,83041,4,,,1,15,,83060,4,,,1,15,,83079,4,,,1,15,,83023,4,,,1,55,,83042,4,,,1,15,,83061,4,,,1,15,,83080,4,,,1,15,,83024,4,,,1,55,,83043,4,,,1,15,,83062,4,,,1,15,,83081,4,,,1,15,,83025,4,,,1,55,,83044,4,,,1,15,,83063,4,,,1,15,,83082,4,,,1,15,,83026,4,,,1,55,,83045,4,,,1,15,,83064,4,,,1,15,,83083,4,,,1,15,,83027,4,,,1,55,,83046,4,,,1,15,,83065,4,,,1,15,,83084,4,,,1,15,,83028,4,,,1,55,,83047,4,,,1,15,,83066,4,,,1,15,,83085,4,,,1,15,,83029,4,,,1,55,,83048,4,,,1,15,,83067,4,,,1,15,,83086,4,,,1,15,,83030,4,,,1,55,,83049,4,,,1
1,'20261004',643,,83143,4,,,1,15,,83087,4,,,1,55,,83106,4,,,1,15,,83125,4,,,1,15,,83144,4,,,1,15,,83088,4,,,1,55,,83107,4,,,1,15,,83126,4,,,1,15,,83145,4,,,1,15,,83089,4,,,1,55,,83108,4,,,1,15,,83127,4,,,1,15,,83146,4,,,1,15,,83090,4,,,1,55,,83109,4,,,1,15,,83128,4,,,1,15,,83147,4,,,1,15,,83091,4,,,1,55,,83110,4,,,1,15,,83129,4,,,1,15,,83148,4,,,1,15,,83092,4,,,1,55,,83111,4,,,1,15,,83130,4,,,1,15,,83149,4,,,1,15,,83093,4,,,1,55,,83112,4,,,1,15,,83131,4,,,1,15,,83150,4,,,1,15,,83094,4,,,1,55,,83113,4,,,1,15,,83132,4,,,1,15,,83151,4,,,1,15,,83095,4,,,1,55,,83114,4,,,1,15,,83133,4,,,1,15,,83152,4,,,1,15,,83096,4,,,1,55,,83115,4,,,1,15,,83134,4,,,1,15,,83153,4,,,1,15,,83097,4,,,1,55,,83116,4,,,1,15,,83135,4,,,1,15,,83154,4,,,1,15,,83098,4,,,1,55,,83117,4,,,1,15,,83136,4,,,1,15,,83155,4,,,1,15,,83099,4,,,1,55,,83118,4,,,1,15,,83137,4,,,1,15,,83156,4,,,1,15,,83100,4,,,1,55,,83119,4,,,1,15,,83138,4,,,1,15,,83157,4,,,1,15,,83101,4,,,1,55,,83120,4,,,1,15,,83139,4,,,1,15,,83158,4,,,1,15,,83102,4,,,1,55,,83121,4,,,1,15,,83140,4,,,1,15,,83159,4,,,1,15,,83103,4,,,1,55,,83122,4,,,1,15,,83141,4,,,1,15,,83160,4,,,1,15,,83104,4,,,1,55,,83123,4,,,1,15,,83142,4,,,1,15,,83161,4,,,1,15,,83105,4,,,1,55,,83124,4,,,1
1,'20261005',546,,83221,4,,,1,55,,83162,4,,,1,12,,83182,4,,,1,15,,83202,4,,,1,15,,83222,4,,,1,15,,83163,4,,,1,55,,83183,4,,,1,15,,83203,4,,,1,15,,83223,4,,,1,15,,83164,4,,,1,55,,83184,4,,,1,15,,83204,4,,,1,15,,83224,4,,,1,15,,83165,4,,,1,55,,83185,4,,,1,15,,83205,4,,,1,15,,83225,4,,,1,15,,83166,4,,,1,55,,83186,4,,,1,15,,83206,4,,,1,15,,83226,4,,,1,15,,83167,4,,,1,55,,83187,4,,,1,15,,83207,4,,,1,15,,83227,4,,,1,15,,83168,4,,,1,55,,83188,4,,,1,15,,83208,4,,,1,15,,83228,4,,,1,15,,83169,4,,,1,55,,83189,4,,,1,15,,83209,4,,,1,15,,83229,4,,,1,15,,83170,4,,,1,55,,83190,4,,,1,15,,83210,4,,,1,15,,83230,4,,,1,15,,83171,4,,,1,55,,83191,4,,,1,15,,83211,4,,,1,15,,83231,4,,,1,15,,83172,4,,,1,55,,83192,4,,,1,15,,83212,4,,,1,15,,83232,4,,,1,15,,83173,4,,,1,55,,83193,4,,,1,15,,83213,4,,,1,15,,83233,4,,,1,15,,83174,4,,,1,55,,83194,4,,,1,15,,83214,4,,,1,15,,83234,4,,,1,15,,83175,4,,,1,55,,83195,4,,,1,15,,83215,4,,,1,15,,83235,4,,,1,15,,83176,4,,,1,55,,83196,4,,,1,15,,83216,4,,,1,15,,83236,4,,,1,15,,83177,4,,,1,55,,83197,4,,,1,15,,83217,4,,,1,15,,83237,4,,,1,15,,83178,4,,,1,55,,83198,4,,,1,15,,83218,4,,,1,15,,83238,4,,,1,15,,83179,4,,,1,55,,83199,4,,,1,15,,83219,4,,,1,15,,83239,4,,,1,15,,83180,4,,,1,55,,83200,4,,,1,15,,83220,4,,,1,15,,83240,4,,,1,15,,83181,4,,,1,55,,83201,4,,,1
1,'20261006',546,,83300,4,,,1,55,,83241,4,,,1,12,,83261,4,,,1,15,,83281,4,,,1,15,,83301,4,,,1,15,,83242,4,,,1,55,,83262,4,,,1,15,,83282,4,,,1,15,,83302,4,,,1,15,,83243,4,,,1,55,,83263,4,,,1,15,,83283,4,,,1,15,,83303,4,,,1,15,,83244,4,,,1,55,,83264,4,,,1,15,,83284,4,,,1,15,,83304,4,,,1,15,,83245,4,,,1,55,,83265,4,,,1,15,,83285,4,,,1,15,,83305,4,,,1,15,,83246,4,,,1,55,,83266,4,,,1,15,,83286,4,,,1,15,,83306,4,,,1,15,,83247,4,,,1,55,,83267,4,,,1,15,,83287,4,,,1,15,,83307,4,,,1,15,,83248,4,,,1,55,,83268,4,,,1,15,,83288,4,,,1,15,,83308,4,,,1,15,,83249,4,,,1,55,,83269,4,,,1,15,,83289,4,,,1,15,,83309,4,,,1,15,,83250,4,,,1,55,,83270,4,,,1,15,,83290,4,,,1,15,,83310,4,,,1,15,,83251,4,,,1,55,,83271,4,,,1,15,,83291,4,,,1,15,,83311,4,,,1,15,,83252,4,,,1,55,,83272,4,,,1,15,,83292,4,,,1,15,,83312,4,,,1,15,,83253,4,,,1,55,,83273,4,,,1,15,,83293,4,,,1,15,,83313,4,,,1,15,,83254,4,,,1,55,,83274,4,,,1,15,,83294,4,,,1,15,,83314,4,,,1,15,,83255,4,,,1,55,,83275,4,,,1,15,,83295,4,,,1,15,,83315,4,,,1,15,,83256,4,,,1,55,,83276,4,,,1,15,,83296,4,,,1,15,,83316,4,,,1,15,,83257,4,,,1,55,,83277,4,,,1,15,,83297,4,,,1,15,,83317,4,,,1,15,,83258,4,,,1,55,,83278,4,,,1,15,,83298,4,,,1,15,,83318,4,,,1,15,,83259,4,,,1,55,,83279,4,,,1,15,,83299,4,,,1,15,,83319,4,,,1,15,,83260,4,,,1,55,,83280,4,,,1
1,'20261007',546,,83379,4,,,1,55,,83320,4,,,1,12,,83340,4,,,1,15,,83360,4,,,1,15,,83380,4,,,1,15,,83321,4,,,1,55,,83341,4,,,1,15,,83361,4,,,1,15,,83381,4,,,1,15,,83322,4,,,1,55,,83342,4,,,1,15,,83362,4,,,1,15,,83382,4,,,1,15,,83323,4,,,1,55,,83343,4,,,1,15,,83363,4,,,1,15,,83383,4,,,1,15,,83324,4,,,1,55,,83344,4,,,1,15,,83364,4,,,1,15,,83384,4,,,1,15,,83325,4,,,1,55,,83345,4,,,1,15,,83365,4,,,1,15,,83385,4,,,1,15,,83326,4,,,1,55,,83346,4,,,1,15,,83366,4,,,1,15,,83386,4,,,1,15,,83327,4,,,1,55,,83347,4,,,1,15,,83367,4,,,1,15,,83387,4,,,1,15,,83328,4,,,1,55,,83348,4,,,1,15,,83368,4,,,1,15,,83388,4,,,1,15,,83329,4,,,1,55,,83349,4,,,1,15,,83369,4,,,1,15,,83389,4,,,1,15,,83330,4,,,1,55,,83350,4,,,1,15,,83370,4,,,1,15,,83390,4,,,1,15,,83331,4,,,1,55,,83351,4,,,1,15,,83371,4,,,1,15,,83391,4,,,1,15,,83332,4,,,1,55,,83352,4,,,1,15,,83372,4,,,1,15,,83392,4,,,1,15,,83333,4,,,1,55,,83353,4,,,1,15,,83373,4,,,1,15,,83393,4,,,1,15,,83334,4,,,1,55,,83354,4,,,1,15,,83374,4,,,1,15,,83394,4,,,1,15,,83335,4,,,1,55,,83355,4,,,1,15,,83375,4,,,1,15,,83395,4,,,1,15,,83336,4,,,1,55,,83356,4,,,1,15,,83376,4,,,1,15,,83396,4,,,1,15,,83337,4,,,1,55,,83357,4,,,1,15,,83377,4,,,1,15,,83397,4,,,1,15,,83338,4,,,1,55,,83358,4,,,1,15,,83378,4,,,1,15,,83398,4,,,1,15,,83339,4,,,1,55,,83359,4,,,1
1,'20261008',546,,83458,4,,,1,55,,83399,4,,,1,12,,83419,4,,,1,15,,83439,4,,,1,15,,83459,4,,,1,15,,83400,4,,,1,55,,83420,4,,,1,15,,83440,4,,,1,15,,83460,4,,,1,15,,83401,4,,,1,55,,83421,4,,,1,15,,83441,4,,,1,15,,83461,4,,,1,15,,83402,4,,,1,55,,83422,4,,,1,15,,83442,4,,,1,15,,83462,4,,,1,15,,83403,4,,,1,55,,83423,4,,,1,15,,83443,4,,,1,15,,83463,4,,,1,15,,83404,4,,,1,55,,83424,4,,,1,15,,83444,4,,,1,15,,83464,4,,,1,15,,83405,4,,,1,55,,83425,4,,,1,15,,83445,4,,,1,15,,83465,4,,,1,15,,83406,4,,,1,55,,83426,4,,,1,15,,83446,4,,,1,15,,83466,4,,,1,15,,83407,4,,,1,55,,83427,4,,,1,15,,83447,4,,,1,15,,83467,4,,,1,15,,83408,4,,,1,55,,83428,4,,,1,15,,83448,4,,,1,15,,83468,4,,,1,15,,83409,4,,,1,55,,83429,4,,,1,15,,83449,4,,,1,15,,83469,4,,,1,15,,83410,4,,,1,55,,83430,4,,,1,15,,83450,4,,,1,15,,83470,4,,,1,15,,83411,4,,,1,55,,83431,4,,,1,15,,83451,4,,,1,15,,83471,4,,,1,15,,83412,4,,,1,55,,83432,4,,,1,15,,83452,4,,,1,15,,83472,4,,,1,15,,83413,4,,,1,55,,83433,4,,,1,15,,83453,4,,,1,15,,83473,4,,,1,15,,83414,4,,,1,55,,83434,4,,,1,15,,83454,4,,,1,15,,83474,4,,,1,15,,83415,4,,,1,55,,83435,4,,,1,15,,83455,4,,,1,15,,83475,4,,,1,15,,83416,4,,,1,55,,83436,4,,,1,15,,83456,4,,,1,15,,83476,4,,,1,15,,83417,4,,,1,55,,83437,4,,,1,15,,83457,4,,,1,15,,83477,4,,,1,15,,83418,4,,,1,55,,83438,4,,,1
1,'20261009',546,,83537,4,,,1,55,,83478,4,,,1,12,,83498,4,,,1,15,,83518,4,,,1,15,,83538,4,,,1,15,,83479,4,,,1,55,,83499,4,,,1,15,,83519,4,,,1,15,,83539,4,,,1,15,,83480,4,,,1,55,,83500,4,,,1,15,,83520,4,,,1,15,,83540,4,,,1,15,,83481,4,,,1,55,,83501,4,,,1,15,,83521,4,,,1,15,,83541,4,,,1,15,,83482,4,,,1,55,,83502,4,,,1,15,,83522,4,,,1,15,,83542,4,,,1,15,,83483,4,,,1,55,,83503,4,,,1,15,,83523,4,,,1,15,,83543,4,,,1,15,,83484,4,,,1,55,,83504,4,,,1,15,,83524,4,,,1,15,,83544,4,,,1,15,,83485,4,,,1,55,,83505,4,,,1,15,,83525,4,,,1,15,,83545,4,,,1,15,,83486,4,,,1,55,,83506,4,,,1,15,,83526,4,,,1,15,,83546,4,,,1,15,,83487,4,,,1,55,,83507,4,,,1,15,,83527,4,,,1,15,,83547,4,,,1,15,,83488,4,,,1,55,,83508,4,,,1,15,,83528,4,,,1,15,,83548,4,,,1,15,,83489,4,,,1,55,,83509,4,,,1,15,,83529,4,,,1,15,,83549,4,,,1,15,,83490,4,,,1,55,,83510,4,,,1,15,,83530,4,,,1,15,,83550,4,,,1,15,,83491,4,,,1,55,,83511,4,,,1,15,,83531,4,,,1,15,,83551,4,,,1,15,,83492,4,,,1,55,,83512,4,,,1,15,,83532,4,,,1,15,,83552,4,,,1,15,,83493,4,,,1,55,,83513,4,,,1,15,,83533,4,,,1,15,,83553,4,,,1,15,,83494,4,,,1,55,,83514,4,,,1,15,,83534,4,,,1,15,,83554,4,,,1,15,,83495,4,,,1,55,,83515,4,,,1,15,,83535,4,,,1,15,,83555,4,,,1,15,,83496,4,,,1,55,,83516,4,,,1,15,,83536,4,,,1,15,,83556,4,,,1,15,,83497,4,,,1,55,,83517,4,,,1
1,'20261010',643,,83613,4,,,1,15,,83557,4,,,1,55,,83576,4,,,1,15,,83595,4,,,1,15,,83614,4,,,1,15,,83558,4,,,1,55,,83577,4,,,1,15,,83596,4,,,1,15,,83615,4,,,1,15,,83559,4,,,1,55,,83578,4,,,1,15,,83597,4,,,1,15,,83616,4,,,1,15,,83560,4,,,1,55,,83579,4,,,1,15,,83598,4,,,1,15,,83617,4,,,1,15,,83561,4,,,1,55,,83580,4,,,1,15,,83599,4,,,1,15,,83618,4,,,1,15,,83562,4,,,1,55,,83581,4,,,1,15,,83600,4,,,1,15,,83619,4,,,1,15,,83563,4,,,1,55,,83582,4,,,1,15,,83601,4,,,1,15,,83620,4,,,1,15,,83564,4,,,1,55,,83583,4,,,1,15,,83602,4,,,1,15,,83621,4,,,1,15,,83565,4,,,1,55,,83584,4,,,1,15,,83603,4,,,1,15,,83622,4,,,1,15,,83566,4,,,1,55,,83585,4,,,1,15,,83604,4,,,1,15,,83623,4,,,1,15,,83567,4,,,1,55,,83586,4,,,1,15,,83605,4,,,1,15,,83624,4,,,1,15,,83568,4,,,1,55,,83587,4,,,1,15,,83606,4,,,1,15,,83625,4,,,1,15,,83569,4,,,1,55,,83588,4,,,1,15,,83607,4,,,1,15,,83626,4,,,1,15,,83570,4,,,1,55,,83589,4,,,1,15,,83608,4,,,1,15,,83627,4,,,1,15,,83571,4,,,1,55,,83590,4,,,1,15,,83609,4,,,1,15,,83628,4,,,1,15,,83572,4,,,1,55,,83591,4,,,1,15,,83610,4,,,1,15,,83629,4,,,1,15,,83573,4,,,1,55,,83592,4,,,1,15,,83611,4,,,1,15,,83630,4,,,1,15,,83574,4,,,1,55,,83593,4,,,1,15,,83612,4,,,1,15,,83631,4,,,1,15,,83575,4,,,1,55,,83594,4,,,1
1,'20261011',643,,83688,4,,,1,15,,83632,4,,,1,55,,83651,4,,,1,15,,83670,4,,,1,15,,83689,4,,,1,15,,83633,4,,,1,55,,83652,4,,,1,15,,83671,4,,,1,15,,83690,4,,,1,15,,83634,4,,,1,55,,83653,4,,,1,15,,83672,4,,,1,15,,83691,4,,,1,15,,83635,4,,,1,55,,83654,4,,,1,15,,83673,4,,,1,15,,83692,4,,,1,15,,83636,4,,,1,55,,83655,4,,,1,15,,83674,4,,,1,15,,83693,4,,,1,15,,83637,4,,,1,55,,83656,4,,,1,15,,83675,4,,,1,15,,83694,4,,,1,15,,83638,4,,,1,55,,83657,4,,,1,15,,83676,4,,,1,15,,83695,4,,,1,15,,83639,4,,,1,55,,83658,4,,,1,15,,83677,4,,,1,15,,83696,4,,,1,15,,83640,4,,,1,55,,83659,4,,,1,15,,83678,4,,,1,15,,83697,4,,,1,15,,83641,4,,,1,55,,83660,4,,,1,15,,83679,4,,,1,15,,83698,4,,,1,15,,83642,4,,,1,55,,83661,4,,,1,15,,83680,4,,,1,15,,83699,4,,,1,15,,83643,4,,,1,55,,83662,4,,,1,15,,83681,4,,,1,15,,83700,4,,,1,15,,83644,4,,,1,55,,83663,4,,,1,15,,83682,4,,,1,15,,83701,4,,,1,15,,83645,4,,,1,55,,83664,4,,,1,15,,83683,4,,,1,15,,83702,4,,,1,15,,83646,4,,,1,55,,83665,4,,,1,15,,83684,4,,,1,15,,83703,4,,,1,15,,83647,4,,,1,55,,83666,4,,,1,15,,83685,4,,,1,15,,83704,4,,,1,15,,83648,4,,,1,55,,83667,4,,,1,15,,83686,4,,,1,15,,83705,4,,,1,15,,83649,4,,,1,55,,83668,4,,,1,15,,83687,4,,,1,15,,83706,4,,,1,15,,83650,4,,,1,55,,83669,4,,,1
1,'20261012',546,,83766,4,,,1,55,,83707,4,,,1,12,,83727,4,,,1,15,,83747,4,,,1,15,,83767,4,,,1,15,,83708,4,,,1,55,,83728,4,,,1,15,,83748,4,,,1,15,,83768,4,,,1,15,,83709,4,,,1,55,,83729,4,,,1,15,,83749,4,,,1,15,,83769,4,,,1,15,,83710,4,,,1,55,,83730,4,,,1,15,,83750,4,,,1,15,,83770,4,,,1,15,,83711,4,,,1,55,,83731,4,,,1,15,,83751,4,,,1,15,,83771,4,,,1,15,,83712,4,,,1,55,,83732,4,,,1,15,,83752,4,,,1,15,,83772,4,,,1,15,,83713,4,,,1,55,,83733,4,,,1,15,,83753,4,,,1,15,,83773,4,,,1,15,,83714,4,,,1,55,,83734,4,,,1,15,,83754,4,,,1,15,,83774,4,,,1,15,,83715,4,,,1,55,,83735,4,,,1,15,,83755,4,,,1,15,,83775,4,,,1,15,,83716,4,,,1,55,,83736,4,,,1,15,,83756,4,,,1,15,,83776,4,,,1,15,,83717,4,,,1,55,,83737,4,,,1,15,,83757,4,,,1,15,,83777,4,,,1,15,,83718,4,,,1,55,,83738,4,,,1,15,,83758,4,,,1,15,,83778,4,,,1,15,,83719,4,,,1,55,,83739,4,,,1,15,,83759,4,,,1,15,,83779,4,,,1,15,,83720,4,,,1,55,,83740,4,,,1,15,,83760,4,,,1,15,,83780,4,,,1,15,,83721,4,,,1,55,,83741,4,,,1,15,,83761,4,,,1,15,,83781,4,,,1,15,,83722,4,,,1,55,,83742,4,,,1,15,,83762,4,,,1,15,,83782,4,,,1,15,,83723,4,,,1,55,,83743,4,,,1,15,,83763,4,,,1,15,,83783,4,,,1,15,,83724,4,,,1,55,,83744,4,,,1,15,,83764,4,,,1,15,,83784,4,,,1,15,,83725,4,,,1,55,,83745,4,,,1,15,,83765,4,,,1,15,,83785,4,,,1,15,,83726,4,,,1,55,,83746,4,,,1
1,'20261013',546,,83845,4,,,1,55,,83786,4,,,1,12,,83806,4,,,1,15,,83826,4,,,1,15,,83846,4,,,1,15,,83787,4,,,1,55,,83807,4,,,1,15,,83827,4,,,1,15,,83847,4,,,1,15,,83788,4,,,1,55,,83808,4,,,1,15,,83828,4,,,1,15,,83848,4,,,1,15,,83789,4,,,1,55,,83809,4,,,1,15,,83829,4,,,1,15,,83849,4,,,1,15,,83790,4,,,1,55,,83810,4,,,1,15,,83830,4,,,1,15,,83850,4,,,1,15,,83791,4,,,1,55,,83811,4,,,1,15,,83831,4,,,1,15,,83851,4,,,1,15,,83792,4,,,1,55,,83812,4,,,1,15,,83832,4,,,1,15,,83852,4,,,1,15,,83793,4,,,1,55,,83813,4,,,1,15,,83833,4,,,1,15,,83853,4,,,1,15,,83794,4,,,1,55,,83814,4,,,1,15,,83834,4,,,1,15,,83854,4,,,1,15,,83795,4,,,1,55,,83815,4,,,1,15,,83835,4,,,1,15,,83855,4,,,1,15,,83796,4,,,1,55,,83816,4,,,1,15,,83836,4,,,1,15,,83856,4,,,1,15,,83797,4,,,1,55,,83817,4,,,1,15,,83837,4,,,1,15,,83857,4,,,1,15,,83798,4,,,1,55,,83818,4,,,1,15,,83838,4,,,1,15,,83858,4,,,1,15,,83799,4,,,1,55,,83819,4,,,1,15,,83839,4,,,1,15,,83859,4,,,1,15,,83800,4,,,1,55,,83820,4,,,1,15,,83840,4,,,1,15,,83860,4,,,1,15,,83801,4,,,1,55,,83821,4,,,1,15,,83841,4,,,1,15,,83861,4,,,1,15,,83802,4,,,1,55,,83822,4,,,1,15,,83842,4,,,1,15,,83862,4,,,1,15,,83803,4,,,1,55,,83823,4,,,1,15,,83843,4,,,1,15,,83863,4,,,1,15,,83804,4,,,1,55,,83824,4,,,1,15,,83844,4,,,1,15,,83864,4,,,1,15,,83805,4,,,1,55,,83825,4,,,1
1,'20261014',546,,83924,4,,,1,55,,83865,4,,,1,12,,83885,4,,,1,15,,83905,4,,,1,15,,83925,4,,,1,15,,83866,4,,,1,55,,83886,4,,,1,15,,83906,4,,,1,15,,83926,4,,,1,15,,83867,4,,,1,55,,83887,4,,,1,15,,83907,4,,,1,15,,83927,4,,,1,15,,83868,4,,,1,55,,83888,4,,,1,15,,83908,4,,,1,15,,83928,4,,,1,15,,83869,4,,,1,55,,83889,4,,,1,15,,83909,4,,,1,15,,83929,4,,,1,15,,83870,4,,,1,55,,83890,4,,,1,15,,83910,4,,,1,15,,83930,4,,,1,15,,83871,4,,,1,55,,83891,4,,,1,15,,83911,4,,,1,15,,83931,4,,,1,15,,83872,4,,,1,55,,83892,4,,,1,15,,83912,4,,,1,15,,83932,4,,,1,15,,83873,4,,,1,55,,83893,4,,,1,15,,83913,4,,,1,15,,83933,4,,,1,15,,83874,4,,,1,55,,83894,4,,,1,15,,83914,4,,,1,15,,83934,4,,,1,15,,83875,4,,,1,55,,83895,4,,,1,15,,83915,4,,,1,15,,83935,4,,,1,15,,83876,4,,,1,55,,83896,4,,,1,15,,83916,4,,,1,15,,83936,4,,,1,15,,83877,4,,,1,55,,83897,4,,,1,15,,83917,4,,,1,15,,83937,4,,,1,15,,83878,4,,,1,55,,83898,4,,,1,15,,83918,4,,,1,15,,83938,4,,,1,15,,83879,4,,,1,55,,83899,4,,,1,15,,83919,4,,,1,15,,83939,4,,,1,15,,83880,4,,,1,55,,83900,4,,,1,15,,83920,4,,,1,15,,83940,4,,,1,15,,83881,4,,,1,55,,83901,4,,,1,15,,83921,4,,,1,15,,83941,4,,,1,15,,83882,4,,,1,55,,83902,4,,,1,15,,83922,4,,,1,15,,83942,4,,,1,15,,83883,4,,,1,55,,83903,4,,,1,15,,83923,4,,,1,15,,83943,4,,,1,15,,83884,4,,,1,55,,83904,4,,,1
1,'20261015',546,,84003,4,,,1,55,,83944,4,,,1,12,,83964,4,,,1,15,,83984,4,,,1,15,,84004,4,,,1,15,,83945,4,,,1,55,,83965,4,,,1,15,,83985,4,,,1,15,,84005,4,,,1,15,,83946,4,,,1,55,,83966,4,,,1,15,,83986,4,,,1,15,,84006,4,,,1,15,,83947,4,,,1,55,,83967,4,,,1,15,,83987,4,,,1,15,,84007,4,,,1,15,,83948,4,,,1,55,,83968,4,,,1,15,,83988,4,,,1,15,,84008,4,,,1,15,,83949,4,,,1,55,,83969,4,,,1,15,,83989,4,,,1,15,,84009,4,,,1,15,,83950,4,,,1,55,,83970,4,,,1,15,,83990,4,,,1,15,,84010,4,,,1,15,,83951,4,,,1,55,,83971,4,,,1,15,,83991,4,,,1,15,,84011,4,,,1,15,,83952,4,,,1,55,,83972,4,,,1,15,,83992,4,,,1,15,,84012,4,,,1,15,,83953,4,,,1,55,,83973,4,,,1,15,,83993,4,,,1,15,,84013,4,,,1,15,,83954,4,,,1,55,,83974,4,,,1,15,,83994,4,,,1,15,,84014,4,,,1,15,,83955,4,,,1,55,,83975,4,,,1,15,,83995,4,,,1,15,,84015,4,,,1,15,,83956,4,,,1,55,,83976,4,,,1,15,,83996,4,,,1,15,,84016,4,,,1,15,,83957,4,,,1,55,,83977,4,,,1,15,,83997,4,,,1,15,,84017,4,,,1,15,,83958,4,,,1,55,,83978,4,,,1,15,,83998,4,,,1,15,,84018,4,,,1,15,,83959,4,,,1,55,,83979,4,,,1,15,,83999,4,,,1,15,,84019,4,,,1,15,,83960,4,,,1,55,,83980,4,,,1,15,,84000,4,,,1,15,,84020,4,,,1,15,,83961,4,,,1,55,,83981,4,,,1,15,,84001,4,,,1,15,,84021,4,,,1,15,,83962,4,,,1,55,,83982,4,,,1,15,,84002,4,,,1,15,,84022,4,,,1,15,,83963,4,,,1,55,,83983,4,,,1
1,'20261016',546,,84082,4,,,1,55,,84023,4,,,1,12,,84043,4,,,1,15,,84063,4,,,1,15,,84083,4,,,1,15,,84024,4,,,1,55,,84044,4,,,1,15,,84064,4,,,1,15,,84084,4,,,1,15,,84025,4,,,1,55,,84045,4,,,1,15,,84065,4,,,1,15,,84085,4,,,1,15,,84026,4,,,1,55,,84046,4,,,1,15,,84066,4,,,1,15,,84086,4,,,1,15,,84027,4,,,1,55,,84047,4,,,1,15,,84067,4,,,1,15,,84087,4,,,1,15,,84028,4,,,1,55,,84048,4,,,1,15,,84068,4,,,1,15,,84088,4,,,1,15,,84029,4,,,1,55,,84049,4,,,1,15,,84069,4,,,1,15,,84089,4,,,1,15,,84030,4,,,1,55,,84050,4,,,1,15,,84070,4,,,1,15,,84090,4,,,1,15,,84031,4,,,1,55,,84051,4,,,1,15,,84071,4,,,1,15,,84091,4,,,1,15,,84032,4,,,1,55,,84052,4,,,1,15,,84072,4,,,1,15,,84092,4,,,1,15,,84033,4,,,1,55,,84053,4,,,1,15,,84073,4,,,1,15,,84093,4,,,1,15,,84034,4,,,1,55,,84054,4,,,1,15,,84074,4,,,1,15,,84094,4,,,1,15,,84035,4,,,1,55,,84055,4,,,1,15,,84075,4,,,1,15,,84095,4,,,1,15,,84036,4,,,1,55,,84056,4,,,1,15,,84076,4,,,1,15,,84096,4,,,1,15,,84037,4,,,1,55,,84057,4,,,1,15,,84077,4,,,1,15,,84097,4,,,1,15,,84038,4,,,1,55,,84058,4,,,1,15,,84078,4,,,1,15,,84098,4,,,1,15,,84039,4,,,1,55,,84059,4,,,1,15,,84079,4,,,1,15,,84099,4,,,1,15,,84040,4,,,1,55,,84060,4,,,1,15,,84080,4,,,1,15,,84100,4,,,1,15,,84041,4,,,1,55,,84061,4,,,1,15,,84081,4,,,1,15,,84101,4,,,1,15,,84042,4,,,1,55,,84062,4,,,1
1,'20261017',643,,84158,4,,,1,15,,84102,4,,,1,55,,84121,4,,,1,15,,84140,4,,,1,15,,84159,4,,,1,15,,84103,4,,,1,55,,84122,4,,,1,15,,84141,4,,,1,15,,84160,4,,,1,15,,84104,4,,,1,55,,84123,4,,,1,15,,84142,4,,,1,15,,84161,4,,,1,15,,84105,4,,,1,55,,84124,4,,,1,15,,84143,4,,,1,15,,84162,4,,,1,15,,84106,4,,,1,55,,84125,4,,,1,15,,84144,4,,,1,15,,84163,4,,,1,15,,84107,4,,,1,55,,84126,4,,,1,15,,84145,4,,,1,15,,84164,4,,,1,15,,84108,4,,,1,55,,84127,4,,,1,15,,84146,4,,,1,15,,84165,4,,,1,15,,84109,4,,,1,55,,84128,4,,,1,15,,84147,4,,,1,15,,84166,4,,,1,15,,84110,4,,,1,55,,84129,4,,,1,15,,84148,4,,,1,15,,84167,4,,,1,15,,84111,4,,,1,55,,84130,4,,,1,15,,84149,4,,,1,15,,84168,4,,,1,15,,84112,4,,,1,55,,84131,4,,,1,15,,84150,4,,,1,15,,84169,4,,,1,15,,84113,4,,,1,55,,84132,4,,,1,15,,84151,4,,,1,15,,84170,4,,,1,15,,84114,4,,,1,55,,84133,4,,,1,15,,84152,4,,,1,15,,84171,4,,,1,15,,84115,4,,,1,55,,84134,4,,,1,15,,84153,4,,,1,15,,84172,4,,,1,15,,84116,4,,,1,55,,84135,4,,,1,15,,84154,4,,,1,15,,84173,4,,,1,15,,84117,4,,,1,55,,84136,4,,,1,15,,84155,4,,,1,15,,84174,4,,,1,15,,84118,4,,,1,55,,84137,4,,,1,15,,84156,4,,,1,15,,84175,4,,,1,15,,84119,4,,,1,55,,84138,4,,,1,15,,84157,4,,,1,15,,84176,4,,,1,15,,84120,4,,,1,55,,84139,4,,,1
1,'20261018',643,,84233,4,,,1,15,,84177,4,,,1,55,,84196,4,,,1,15,,84215,4,,,1,15,,84234,4,,,1,15,,84178,4,,,1,55,,84197,4,,,1,15,,84216,4,,,1,15,,84235,4,,,1,15,,84179,4,,,1,55,,84198,4,,,1,15,,84217,4,,,1,15,,84236,4,,,1,15,,84180,4,,,1,55,,84199,4,,,1,15,,84218,4,,,1,15,,84237,4,,,1,15,,84181,4,,,1,55,,84200,4,,,1,15,,84219,4,,,1,15,,84238,4,,,1,15,,84182,4,,,1,55,,84201,4,,,1,15,,84220,4,,,1,15,,84239,4,,,1,15,,84183,4,,,1,55,,84202,4,,,1,15,,84221,4,,,1,15,,84240,4,,,1,15,,84184,4,,,1,55,,84203,4,,,1,15,,84222,4,,,1,15,,84241,4,,,1,15,,84185,4,,,1,55,,84204,4,,,1,15,,84223,4,,,1,15,,84242,4,,,1,15,,84186,4,,,1,55,,84205,4,,,1,15,,84224,4,,,1,15,,84243,4,,,1,15,,84187,4,,,1,55,,84206,4,,,1,15,,84225,4,,,1,15,,84244,4,,,1,15,,84188,4,,,1,55,,84207,4,,,1,15,,84226,4,,,1,15,,84245,4,,,1,15,,84189,4,,,1,55,,84208,4,,,1,15,,84227,4,,,1,15,,84246,4,,,1,15,,84190,4,,,1,55,,84209,4,,,1,15,,84228,4,,,1,15,,84247,4,,,1,15,,84191,4,,,1,55,,84210,4,,,1,15,,84229,4,,,1,15,,84248,4,,,1,15,,84192,4,,,1,55,,84211,4,,,1,15,,84230,4,,,1,15,,84249,4,,,1,15,,84193,4,,,1,55,,84212,4,,,1,15,,84231,4,,,1,15,,84250,4,,,1,15,,84194,4,,,1,55,,84213,4,,,1,15,,84232,4,,,1,15,,84251,4,,,1,15,,84195,4,,,1,55,,84214,4,,,1
1,'20261019',546,,84311,4,,,1,55,,84252,4,,,1,12,,84272,4,,,1,15,,84292,4,,,1,15,,84312,4,,,1,15,,84253,4,,,1,55,,84273,4,,,1,15,,84293,4,,,1,15,,84313,4,,,1,15,,84254,4,,,1,55,,84274,4,,,1,15,,84294,4,,,1,15,,84314,4,,,1,15,,84255,4,,,1,55,,84275,4,,,1,15,,84295,4,,,1,15,,84315,4,,,1,15,,84256,4,,,1,55,,84276,4,,,1,15,,84296,4,,,1,15,,84316,4,,,1,15,,84257,4,,,1,55,,84277,4,,,1,15,,84297,4,,,1,15,,84317,4,,,1,15,,84258,4,,,1,55,,84278,4,,,1,15,,84298,4,,,1,15,,84318,4,,,1,15,,84259,4,,,1,55,,84279,4,,,1,15,,84299,4,,,1,15,,84319,4,,,1,15,,84260,4,,,1,55,,84280,4,,,1,15,,84300,4,,,1,15,,84320,4,,,1,15,,84261,4,,,1,55,,84281,4,,,1,15,,84301,4,,,1,15,,84321,4,,,1,15,,84262,4,,,1,55,,84282,4,,,1,15,,84302,4,,,1,15,,84322,4,,,1,15,,84263,4,,,1,55,,84283,4,,,1,15,,84303,4,,,1,15,,84323,4,,,1,15,,84264,4,,,1,55,,84284,4,,,1,15,,84304,4,,,1,15,,84324,4,,,1,15,,84265,4,,,1,55,,84285,4,,,1,15,,84305,4,,,1,15,,84325,4,,,1,15,,84266,4,,,1,55,,84286,4,,,1,15,,84306,4,,,1,15,,84326,4,,,1,15,,84267,4,,,1,55,,84287,4,,,1,15,,84307,4,,,1,15,,84327,4,,,1,15,,84268,4,,,1,55,,84288,4,,,1,15,,84308,4,,,1,15,,84328,4,,,1,15,,84269,4,,,1,55,,84289,4,,,1,15,,84309,4,,,1,15,,84329,4,,,1,15,,84270,4,,,1,55,,84290,4,,,1,15,,84310,4,,,1,15,,84330,4,,,1,15,,84271,4,,,1,55,,84291,4,,,1
1,'20261020',546,,84390,4,,,1,55,,84331,4,,,1,12,,84351,4,,,1,15,,84371,4,,,1,15,,84391,4,,,1,15,,84332,4,,,1,55,,84352,4,,,1,15,,84372,4,,,1,15,,84392,4,,,1,15,,84333,4,,,1,55,,84353,4,,,1,15,,84373,4,,,1,15,,84393,4,,,1,15,,84334,4,,,1,55,,84354,4,,,1,15,,84374,4,,,1,15,,84394,4,,,1,15,,84335,4,,,1,55,,84355,4,,,1,15,,84375,4,,,1,15,,84395,4,,,1,15,,84336,4,,,1,55,,84356,4,,,1,15,,84376,4,,,1,15,,84396,4,,,1,15,,84337,4,,,1,55,,84357,4,,,1,15,,84377,4,,,1,15,,84397,4,,,1,15,,84338,4,,,1,55,,84358,4,,,1,15,,84378,4,,,1,15,,84398,4,,,1,15,,84339,4,,,1,55,,84359,4,,,1,15,,84379,4,,,1,15,,84399,4,,,1,15,,84340,4,,,1,55,,84360,4,,,1,15,,84380,4,,,1,15,,84400,4,,,1,15,,84341,4,,,1,55,,84361,4,,,1,15,,84381,4,,,1,15,,84401,4,,,1,15,,84342,4,,,1,55,,84362,4,,,1,15,,84382,4,,,1,15,,84402,4,,,1,15,,84343,4,,,1,55,,84363,4,,,1,15,,84383,4,,,1,15,,84403,4,,,1,15,,84344,4,,,1,55,,84364,4,,,1,15,,84384,4,,,1,15,,84404,4,,,1,15,,84345,4,,,1,55,,84365,4,,,1,15,,84385,4,,,1,15,,84405,4,,,1,15,,84346,4,,,1,55,,84366,4,,,1,15,,84386,4,,,1,15,,84406,4,,,1,15,,84347,4,,,1,55,,84367,4,,,1,15,,84387,4,,,1,15,,84407,4,,,1,15,,84348,4,,,1,55,,84368,4,,,1,15,,84388,4,,,1,15,,84408,4,,,1,15,,84349,4,,,1,55,,84369,4,,,1,15,,84389,4,,,1,15,,84409,4,,,1,15,,84350,4,,,1,55,,84370,4,,,1
1,'20261021',546,,84469,4,,,1,55,,84410,4,,,1,12,,84430,4,,,1,15,,84450,4,,,1,15,,84470,4,,,1,15,,84411,4,,,1,55,,84431,4,,,1,15,,84451,4,,,1,15,,84471,4,,,1,15,,84412,4,,,1,55,,84432,4,,,1,15,,84452,4,,,1,15,,84472,4,,,1,15,,84413,4,,,1,55,,84433,4,,,1,15,,84453,4,,,1,15,,84473,4,,,1,15,,84414,4,,,1,55,,84434,4,,,1,15,,84454,4,,,1,15,,84474,4,,,1,15,,84415,4,,,1,55,,84435,4,,,1,15,,84455,4,,,1,15,,84475,4,,,1,15,,84416,4,,,1,55,,84436,4,,,1,15,,84456,4,,,1,15,,84476,4,,,1,15,,84417,4,,,1,55,,84437,4,,,1,15,,84457,4,,,1,15,,84477,4,,,1,15,,84418,4,,,1,55,,84438,4,,,1,15,,84458,4,,,1,15,,84478,4,,,1,15,,84419,4,,,1,55,,84439,4,,,1,15,,84459,4,,,1,15,,84479,4,,,1,15,,84420,4,,,1,55,,84440,4,,,1,15,,84460,4,,,1,15,,84480,4,,,1,15,,84421,4,,,1,55,,84441,4,,,1,15,,84461,4,,,1,15,,84481,4,,,1,15,,84422,4,,,1,55,,84442,4,,,1,15,,84462,4,,,1,15,,84482,4,,,1,15,,84423,4,,,1,55,,84443,4,,,1,15,,84463,4,,,1,15,,84483,4,,,1,15,,84424,4,,,1,55,,84444,4,,,1,15,,84464,4,,,1,15,,84484,4,,,1,15,,84425,4,,,1,55,,84445,4,,,1,15,,84465,4,,,1,15,,84485,4,,,1,15,,84426,4,,,1,55,,84446,4,,,1,15,,84466,4,,,1,15,,84486,4,,,1,15,,84427,4,,,1,55,,84447,4,,,1,15,,84467,4,,,1,15,,84487,4,,,1,15,,84428,4,,,1,55,,84448,4,,,1,15,,84468,4,,,1,15,,84488,4,,,1,15,,84429,4,,,1,55,,84449,4,,,1
1,'20261022',546,,84548,4,,,1,55,,84489,4,,,1,12,,84509,4,,,1,15,,84529,4,,,1,15,,84549,4,,,1,15,,84490,4,,,1,55,,84510,4,,,1,15,,84530,4,,,1,15,,84550,4,,,1,15,,84491,4,,,1,55,,84511,4,,,1,15,,84531,4,,,1,15,,84551,4,,,1,15,,84492,4,,,1,55,,84512,4,,,1,15,,84532,4,,,1,15,,84552,4,,,1,15,,84493,4,,,1,55,,84513,4,,,1,15,,84533,4,,,1,15,,84553,4,,,1,15,,84494,4,,,1,55,,84514,4,,,1,15,,84534,4,,,1,15,,84554,4,,,1,15,,84495,4,,,1,55,,84515,4,,,1,15,,84535,4,,,1,15,,84555,4,,,1,15,,84496,4,,,1,55,,84516,4,,,1,15,,84536,4,,,1,15,,84556,4,,,1,15,,84497,4,,,1,55,,84517,4,,,1,15,,84537,4,,,1,15,,84557,4,,,1,15,,84498,4,,,1,55,,84518,4,,,1,15,,84538,4,,,1,15,,84558,4,,,1,15,,84499,4,,,1,55,,84519,4,,,1,15,,84539,4,,,1,15,,84559,4,,,1,15,,84500,4,,,1,55,,84520,4,,,1,15,,84540,4,,,1,15,,84560,4,,,1,15,,84501,4,,,1,55,,84521,4,,,1,15,,84541,4,,,1,15,,84561,4,,,1,15,,84502,4,,,1,55,,84522,4,,,1,15,,84542,4,,,1,15,,84562,4,,,1,15,,84503,4,,,1,55,,84523,4,,,1,15,,84543,4,,,1,15,,84563,4,,,1,15,,84504,4,,,1,55,,84524,4,,,1,15,,84544,4,,,1,15,,84564,4,,,1,15,,84505,4,,,1,55,,84525,4,,,1,15,,84545,4,,,1,15,,84565,4,,,1,15,,84506,4,,,1,55,,84526,4,,,1,15,,84546,4,,,1,15,,84566,4,,,1,15,,84507,4,,,1,55,,84527,4,,,1,15,,84547,4,,,1,15,,84567,4,,,1,15,,84508,4,,,1,55,,84528,4,,,1
1,'20261023',546,,84627,4,,,1,55,,84568,4,,,1,12,,84588,4,,,1,15,,84608,4,,,1,15,,84628,4,,,1,15,,84569,4,,,1,55,,84589,4,,,1,15,,84609,4,,,1,15,,84629,4,,,1,15,,84570,4,,,1,55,,84590,4,,,1,15,,84610,4,,,1,15,,84630,4,,,1,15,,84571,4,,,1,55,,84591,4,,,1,15,,84611,4,,,1,15,,84631,4,,,1,15,,84572,4,,,1,55,,84592,4,,,1,15,,84612,4,,,1,15,,84632,4,,,1,15,,84573,4,,,1,55,,84593,4,,,1,15,,84613,4,,,1,15,,84633,4,,,1,15,,84574,4,,,1,55,,84594,4,,,1,15,,84614,4,,,1,15,,84634,4,,,1,15,,84575,4,,,1,55,,84595,4,,,1,15,,84615,4,,,1,15,,84635,4,,,1,15,,84576,4,,,1,55,,84596,4,,,1,15,,84616,4,,,1,15,,84636,4,,,1,15,,84577,4,,,1,55,,84597,4,,,1,15,,84617,4,,,1,15,,84637,4,,,1,15,,84578,4,,,1,55,,84598,4,,,1,15,,84618,4,,,1,15,,84638,4,,,1,15,,84579,4,,,1,55,,84599,4,,,1,15,,84619,4,,,1,15,,84639,4,,,1,15,,84580,4,,,1,55,,84600,4,,,1,15,,84620,4,,,1,15,,84640,4,,,1,15,,84581,4,,,1,55,,84601,4,,,1,15,,84621,4,,,1,15,,84641,4,,,1,15,,84582,4,,,1,55,,84602,4,,,1,15,,84622,4,,,1,15,,84642,4,,,1,15,,84583,4,,,1,55,,84603,4,,,1,15,,84623,4,,,1,15,,84643,4,,,1,15,,84584,4,,,1,55,,84604,4,,,1,15,,84624,4,,,1,15,,84644,4,,,1,15,,84585,4,,,1,55,,84605,4,,,1,15,,84625,4,,,1,15,,84645,4,,,1,15,,84586,4,,,1,55,,84606,4,,,1,15,,84626,4,,,1,15,,84646,4,,,1,15,,84587,4,,,1,55,,84607,4,,,1
1,'20261024',643,,84703,4,,,1,15,,84647,4,,,1,55,,84666,4,,,1,15,,84685,4,,,1,15,,84704,4,,,1,15,,84648,4,,,1,55,,84667,4,,,1,15,,84686,4,,,1,15,,84705,4,,,1,15,,84649,4,,,1,55,,84668,4,,,1,15,,84687,4,,,1,15,,84706,4,,,1,15,,84650,4,,,1,55,,84669,4,,,1,15,,84688,4,,,1,15,,84707,4,,,1,15,,84651,4,,,1,55,,84670,4,,,1,15,,84689,4,,,1,15,,84708,4,,,1,15,,84652,4,,,1,55,,84671,4,,,1,15,,84690,4,,,1,15,,84709,4,,,1,15,,84653,4,,,1,55,,84672,4,,,1,15,,84691,4,,,1,15,,84710,4,,,1,15,,84654,4,,,1,55,,84673,4,,,1,15,,84692,4,,,1,15,,84711,4,,,1,15,,84655,4,,,1,55,,84674,4,,,1,15,,84693,4,,,1,15,,84712,4,,,1,15,,84656,4,,,1,55,,84675,4,,,1,15,,84694,4,,,1,15,,84713,4,,,1,15,,84657,4,,,1,55,,84676,4,,,1,15,,84695,4,,,1,15,,84714,4,,,1,15,,84658,4,,,1,55,,84677,4,,,1,15,,84696,4,,,1,15,,84715,4,,,1,15,,84659,4,,,1,55,,84678,4,,,1,15,,84697,4,,,1,15,,84716,4,,,1,15,,84660,4,,,1,55,,84679,4,,,1,15,,84698,4,,,1,15,,84717,4,,,1,15,,84661,4,,,1,55,,84680,4,,,1,15,,84699,4,,,1,15,,84718,4,,,1,15,,84662,4,,,1,55,,84681,4,,,1,15,,84700,4,,,1,15,,84719,4,,,1,15,,84663,4,,,1,55,,84682,4,,,1,15,,84701,4,,,1,15,,84720,4,,,1,15,,84664,4,,,1,55,,84683,4,,,1,15,,84702,4,,,1,15,,84721,4,,,1,15,,84665,4,,,1,55,,84684,4,,,1
1,'20261025',643,,84778,4,,,1,15,,84722,4,,,1,55,,84741,4,,,1,15,,84760,4,,,1,15,,84779,4,,,1,15,,84723,4,,,1,55,,84742,4,,,1,15,,84761,4,,,1,15,,84780,4,,,1,15,,84724,4,,,1,55,,84743,4,,,1,15,,84762,4,,,1,15,,84781,4,,,1,15,,84725,4,,,1,55,,84744,4,,,1,15,,84763,4,,,1,15,,84782,4,,,1,15,,84726,4,,,1,55,,84745,4,,,1,15,,84764,4,,,1,15,,84783,4,,,1,15,,84727,4,,,1,55,,84746,4,,,1,15,,84765,4,,,1,15,,84784,4,,,1,15,,84728,4,,,1,55,,84747,4,,,1,15,,84766,4,,,1,15,,84785,4,,,1,15,,84729,4,,,1,55,,84748,4,,,1,15,,84767,4,,,1,15,,84786,4,,,1,15,,84730,4,,,1,55,,84749,4,,,1,15,,84768,4,,,1,15,,84787,4,,,1,15,,84731,4,,,1,55,,84750,4,,,1,15,,84769,4,,,1,15,,84788,4,,,1,15,,84732,4,,,1,55,,84751,4,,,1,15,,84770,4,,,1,15,,84789,4,,,1,15,,84733,4,,,1,55,,84752,4,,,1,15,,84771,4,,,1,15,,84790,4,,,1,15,,84734,4,,,1,55,,84753,4,,,1,15,,84772,4,,,1,15,,84791,4,,,1,15,,84735,4,,,1,55,,84754,4,,,1,15,,84773,4,,,1,15,,84792,4,,,1,15,,84736,4,,,1,55,,84755,4,,,1,15,,84774,4,,,1,15,,84793,4,,,1,15,,84737,4,,,1,55,,84756,4,,,1,15,,84775,4,,,1,15,,84794,4,,,1,15,,84738,4,,,1,55,,84757,4,,,1,15,,84776,4,,,1,15,,84795,4,,,1,15,,84739,4,,,1,55,,84758,4,,,1,15,,84777,4,,,1,15,,84796,4,,,1,15,,84740,4,,,1,55,,84759,4,,,1
1,'20261026',546,,84856,4,,,1,55,,84797,4,,,1,12,,84817,4,,,1,15,,84837,4,,,1,15,,84857,4,,,1,15,,84798,4,,,1,55,,84818,4,,,1,15,,84838,4,,,1,15,,84858,4,,,1,15,,84799,4,,,1,55,,84819,4,,,1,15,,84839,4,,,1,15,,84859,4,,,1,15,,84800,4,,,1,55,,84820,4,,,1,15,,84840,4,,,1,15,,84860,4,,,1,15,,84801,4,,,1,55,,84821,4,,,1,15,,84841,4,,,1,15,,84861,4,,,1,15,,84802,4,,,1,55,,84822,4,,,1,15,,84842,4,,,1,15,,84862,4,,,1,15,,84803,4,,,1,55,,84823,4,,,1,15,,84843,4,,,1,15,,84863,4,,,1,15,,84804,4,,,1,55,,84824,4,,,1,15,,84844,4,,,1,15,,84864,4,,,1,15,,84805,4,,,1,55,,84825,4,,,1,15,,84845,4,,,1,15,,84865,4,,,1,15,,84806,4,,,1,55,,84826,4,,,1,15,,84846,4,,,1,15,,84866,4,,,1,15,,84807,4,,,1,55,,84827,4,,,1,15,,84847,4,,,1,15,,84867,4,,,1,15,,84808,4,,,1,55,,84828,4,,,1,15,,84848,4,,,1,15,,84868,4,,,1,15,,84809,4,,,1,55,,84829,4,,,1,15,,84849,4,,,1,15,,84869,4,,,1,15,,84810,4,,,1,55,,84830,4,,,1,15,,84850,4,,,1,15,,84870,4,,,1,15,,84811,4,,,1,55,,84831,4,,,1,15,,84851,4,,,1,15,,84871,4,,,1,15,,84812,4,,,1,55,,84832,4,,,1,15,,84852,4,,,1,15,,84872,4,,,1,15,,84813,4,,,1,55,,84833,4,,,1,15,,84853,4,,,1,15,,84873,4,,,1,15,,84814,4,,,1,55,,84834,4,,,1,15,,84854,4,,,1,15,,84874,4,,,1,15,,84815,4,,,1,55,,84835,4,,,1,15,,84855,4,,,1,15,,84875,4,,,1,15,,84816,4,,,1,55,,84836,4,,,1
1,'20261027',546,,84935,4,,,1,55,,84876,4,,,1,12,,84896,4,,,1,15,,84916,4,,,1,15,,84936,4,,,1,15,,84877,4,,,1,55,,84897,4,,,1,15,,84917,4,,,1,15,,84937,4,,,1,15,,84878,4,,,1,55,,84898,4,,,1,15,,84918,4,,,1,15,,84938,4,,,1,15,,84879,4,,,1,55,,84899,4,,,1,15,,84919,4,,,1,15,,84939,4,,,1,15,,84880,4,,,1,55,,84900,4,,,1,15,,84920,4,,,1,15,,84940,4,,,1,15,,84881,4,,,1,55,,84901,4,,,1,15,,84921,4,,,1,15,,84941,4,,,1,15,,84882,4,,,1,55,,84902,4,,,1,15,,84922,4,,,1,15,,84942,4,,,1,15,,84883,4,,,1,55,,84903,4,,,1,15,,84923,4,,,1,15,,84943,4,,,1,15,,84884,4,,,1,55,,84904,4,,,1,15,,84924,4,,,1,15,,84944,4,,,1,15,,84885,4,,,1,55,,84905,4,,,1,15,,84925,4,,,1,15,,84945,4,,,1,15,,84886,4,,,1,55,,84906,4,,,1,15,,84926,4,,,1,15,,84946,4,,,1,15,,84887,4,,,1,55,,84907,4,,,1,15,,84927,4,,,1,15,,84947,4,,,1,15,,84888,4,,,1,55,,84908,4,,,1,15,,84928,4,,,1,15,,84948,4,,,1,15,,84889,4,,,1,55,,84909,4,,,1,15,,84929,4,,,1,15,,84949,4,,,1,15,,84890,4,,,1,55,,84910,4,,,1,15,,84930,4,,,1,15,,84950,4,,,1,15,,84891,4,,,1,55,,84911,4,,,1,15,,84931,4,,,1,15,,84951,4,,,1,15,,84892,4,,,1,55,,84912,4,,,1,15,,84932,4,,,1,15,,84952,4,,,1,15,,84893,4,,,1,55,,84913,4,,,1,15,,84933,4,,,1,15,,84953,4,,,1,15,,84894,4,,,1,55,,84914,4,,,1,15,,84934,4,,,1,15,,84954,4,,,1,15,,84895,4,,,1,55,,84915,4,,,1
1,'20261028',546,,85014,4,,,1,55,,84955,4,,,1,12,,84975,4,,,1,15,,84995,4,,,1,15,,85015,4,,,1,15,,84956,4,,,1,55,,84976,4,,,1,15,,84996,4,,,1,15,,85016,4,,,1,15,,84957,4,,,1,55,,84977,4,,,1,15,,84997,4,,,1,15,,85017,4,,,1,15,,84958,4,,,1,55,,84978,4,,,1,15,,84998,4,,,1,15,,85018,4,,,1,15,,84959,4,,,1,55,,84979,4,,,1,15,,84999,4,,,1,15,,85019,4,,,1,15,,84960,4,,,1,55,,84980,4,,,1,15,,85000,4,,,1,15,,85020,4,,,1,15,,84961,4,,,1,55,,84981,4,,,1,15,,85001,4,,,1,15,,85021,4,,,1,15,,84962,4,,,1,55,,84982,4,,,1,15,,85002,4,,,1,15,,85022,4,,,1,15,,84963,4,,,1,55,,84983,4,,,1,15,,85003,4,,,1,15,,85023,4,,,1,15,,84964,4,,,1,55,,84984,4,,,1,15,,85004,4,,,1,15,,85024,4,,,1,15,,84965,4,,,1,55,,84985,4,,,1,15,,85005,4,,,1,15,,85025,4,,,1,15,,84966,4,,,1,55,,84986,4,,,1,15,,85006,4,,,1,15,,85026,4,,,1,15,,84967,4,,,1,55,,84987,4,,,1,15,,85007,4,,,1,15,,85027,4,,,1,15,,84968,4,,,1,55,,84988,4,,,1,15,,85008,4,,,1,15,,85028,4,,,1,15,,84969,4,,,1,55,,84989,4,,,1,15,,85009,4,,,1,15,,85029,4,,,1,15,,84970,4,,,1,55,,84990,4,,,1,15,,85010,4,,,1,15,,85030,4,,,1,15,,84971,4,,,1,55,,84991,4,,,1,15,,85011,4,,,1,15,,85031,4,,,1,15,,84972,4,,,1,55,,84992,4,,,1,15,,85012,4,,,1,15,,85032,4,,,1,15,,84973,4,,,1,55,,84993,4,,,1,15,,85013,4,,,1,15,,85033,4,,,1,15,,84974,4,,,1,55,,84994,4,,,1
1,'20261029',546,,85093,4,,,1,55,,85034,4,,,1,12,,85054,4,,,1,15,,85074,4,,,1,15,,85094,4,,,1,15,,85035,4,,,1,55,,85055,4,,,1,15,,85075,4,,,1,15,,85095,4,,,1,15,,85036,4,,,1,55,,85056,4,,,1,15,,85076,4,,,1,15,,85096,4,,,1,15,,85037,4,,,1,55,,85057,4,,,1,15,,85077,4,,,1,15,,85097,4,,,1,15,,85038,4,,,1,55,,85058,4,,,1,15,,85078,4,,,1,15,,85098,4,,,1,15,,85039,4,,,1,55,,85059,4,,,1,15,,85079,4,,,1,15,,85099,4,,,1,15,,85040,4,,,1,55,,85060,4,,,1,15,,85080,4,,,1,15,,85100,4,,,1,15,,85041,4,,,1,55,,85061,4,,,1,15,,85081,4,,,1,15,,85101,4,,,1,15,,85042,4,,,1,55,,85062,4,,,1,15,,85082,4,,,1,15,,85102,4,,,1,15,,85043,4,,,1,55,,85063,4,,,1,15,,85083,4,,,1,15,,85103,4,,,1,15,,85044,4,,,1,55,,85064,4,,,1,15,,85084,4,,,1,15,,85104,4,,,1,15,,85045,4,,,1,55,,85065,4,,,1,15,,85085,4,,,1,15,,85105,4,,,1,15,,85046,4,,,1,55,,85066,4,,,1,15,,85086,4,,,1,15,,85106,4,,,1,15,,85047,4,,,1,55,,85067,4,,,1,15,,85087,4,,,1,15,,85107,4,,,1,15,,85048,4,,,1,55,,85068,4,,,1,15,,85088,4,,,1,15,,85108,4,,,1,15,,85049,4,,,1,55,,85069,4,,,1,15,,85089,4,,,1,15,,85109,4,,,1,15,,85050,4,,,1,55,,85070,4,,,1,15,,85090,4,,,1,15,,85110,4,,,1,15,,85051,4,,,1,55,,85071,4,,,1,15,,85091,4,,,1,15,,85111,4,,,1,15,,85052,4,,,1,55,,85072,4,,,1,15,,85092,4,,,1,15,,85112,4,,,1,15,,85053,4,,,1,55,,85073,4,,,1
1,'20261030',546,,85172,4,,,1,55,,85113,4,,,1,12,,85133,4,,,1,15,,85153,4,,,1,15,,85173,4,,,1,15,,85114,4,,,1,55,,85134,4,,,1,15,,85154,4,,,1,15,,85174,4,,,1,15,,85115,4,,,1,55,,85135,4,,,1,15,,85155,4,,,1,15,,85175,4,,,1,15,,85116,4,,,1,55,,85136,4,,,1,15,,85156,4,,,1,15,,85176,4,,,1,15,,85117,4,,,1,55,,85137,4,,,1,15,,85157,4,,,1,15,,85177,4,,,1,15,,85118,4,,,1,55,,85138,4,,,1,15,,85158,4,,,1,15,,85178,4,,,1,15,,85119,4,,,1,55,,85139,4,,,1,15,,85159,4,,,1,15,,85179,4,,,1,15,,85120,4,,,1,55,,85140,4,,,1,15,,85160,4,,,1,15,,85180,4,,,1,15,,85121,4,,,1,55,,85141,4,,,1,15,,85161,4,,,1,15,,85181,4,,,1,15,,85122,4,,,1,55,,85142,4,,,1,15,,85162,4,,,1,15,,85182,4,,,1,15,,85123,4,,,1,55,,85143,4,,,1,15,,85163,4,,,1,15,,85183,4,,,1,15,,85124,4,,,1,55,,85144,4,,,1,15,,85164,4,,,1,15,,85184,4,,,1,15,,85125,4,,,1,55,,85145,4,,,1,15,,85165,4,,,1,15,,85185,4,,,1,15,,85126,4,,,1,55,,85146,4,,,1,15,,85166,4,,,1,15,,85186,4,,,1,15,,85127,4,,,1,55,,85147,4,,,1,15,,85167,4,,,1,15,,85187,4,,,1,15,,85128,4,,,1,55,,85148,4,,,1,15,,85168,4,,,1,15,,85188,4,,,1,15,,85129,4,,,1,55,,85149,4,,,1,15,,85169,4,,,1,15,,85189,4,,,1,15,,85130,4,,,1,55,,85150,4,,,1,15,,85170,4,,,1,15,,85190,4,,,1,15,,85131,4,,,1,55,,85151,4,,,1,15,,85171,4,,,1,15,,85191,4,,,1,15,,85132,4,,,1,55,,85152,4,,,1
1,'20261031',643,,85248,4,,,1,15,,85192,4,,,1,55,,85211,4,,,1,15,,85230,4,,,1,15,,85249,4,,,1,15,,85193,4,,,1,55,,85212,4,,,1,15,,85231,4,,,1,15,,85250,4,,,1,15,,85194,4,,,1,55,,85213,4,,,1,15,,85232,4,,,1,15,,85251,4,,,1,15,,85195,4,,,1,55,,85214,4,,,1,15,,85233,4,,,1,15,,85252,4,,,1,15,,85196,4,,,1,55,,85215,4,,,1,15,,85234,4,,,1,15,,85253,4,,,1,15,,85197,4,,,1,55,,85216,4,,,1,15,,85235,4,,,1,15,,85254,4,,,1,15,,85198,4,,,1,55,,85217,4,,,1,15,,85236,4,,,1,15,,85255,4,,,1,15,,85199,4,,,1,55,,85218,4,,,1,15,,85237,4,,,1,15,,85256,4,,,1,15,,85200,4,,,1,55,,85219,4,,,1,15,,85238,4,,,1,15,,85257,4,,,1,15,,85201,4,,,1,55,,85220,4,,,1,15,,85239,4,,,1,15,,85258,4,,,1,15,,85202,4,,,1,55,,85221,4,,,1,15,,85240,4,,,1,15,,85259,4,,,1,15,,85203,4,,,1,55,,85222,4,,,1,15,,85241,4,,,1,15,,85260,4,,,1,15,,85204,4,,,1,55,,85223,4,,,1,15,,85242,4,,,1,15,,85261,4,,,1,15,,85205,4,,,1,55,,85224,4,,,1,15,,85243,4,,,1,15,,85262,4,,,1,15,,85206,4,,,1,55,,85225,4,,,1,15,,85244,4,,,1,15,,85263,4,,,1,15,,85207,4,,,1,55,,85226,4,,,1,15,,85245,4,,,1,15,,85264,4,,,1,15,,85208,4,,,1,55,,85227,4,,,1,15,,85246,4,,,1,15,,85265,4,,,1,15,,85209,4,,,1,55,,85228,4,,,1,15,,85247,4,,,1,15,,85266,4,,,1,15,,85210,4,,,1,55,,85229,4,,,1
1,'20261101',643,,85323,4,,,1,15,,85267,4,,,1,55,,85286,4,,,1,15,,85305,4,,,1,15,,85324,4,,,1,15,,85268,4,,,1,55,,85287,4,,,1,15,,85306,4,,,1,15,,85325,4,,,1,15,,85269,4,,,1,55,,85288,4,,,1,15,,85307,4,,,1,15,,85326,4,,,1,15,,85270,4,,,1,55,,85289,4,,,1,15,,85308,4,,,1,15,,85327,4,,,1,15,,85271,4,,,1,55,,85290,4,,,1,15,,85309,4,,,1,15,,85328,4,,,1,15,,85272,4,,,1,55,,85291,4,,,1,15,,85310,4,,,1,15,,85329,4,,,1,15,,85273,4,,,1,55,,85292,4,,,1,15,,85311,4,,,1,15,,85330,4,,,1,15,,85274,4,,,1,55,,85293,4,,,1,15,,85312,4,,,1,15,,85331,4,,,1,15,,85275,4,,,1,55,,85294,4,,,1,15,,85313,4,,,1,15,,85332,4,,,1,15,,85276,4,,,1,55,,85295,4,,,1,15,,85314,4,,,1,15,,85333,4,,,1,15,,85277,4,,,1,55,,85296,4,,,1,15,,85315,4,,,1,15,,85334,4,,,1,15,,85278,4,,,1,55,,85297,4,,,1,15,,85316,4,,,1,15,,85335,4,,,1,15,,85279,4,,,1,55,,85298,4,,,1,15,,85317,4,,,1,15,,85336,4,,,1,15,,85280,4,,,1,55,,85299,4,,,1,15,,85318,4,,,1,15,,85337,4,,,1,15,,85281,4,,,1,55,,85300,4,,,1,15,,85319,4,,,1,15,,85338,4,,,1,15,,85282,4,,,1,55,,85301,4,,,1,15,,85320,4,,,1,15,,85339,4,,,1,15,,85283,4,,,1,55,,85302,4,,,1,15,,85321,4,,,1,15,,85340,4,,,1,15,,85284,4,,,1,55,,85303,4,,,1,15,,85322,4,,,1,15,,85341,4,,,1,15,,85285,4,,,1,55,,85304,4,,,1
1,'20261102',546,,85401,4,,,1,55,,85342,4,,,1,12,,85362,4,,,1,15,,85382,4,,,1,15,,85402,4,,,1,15,,85343,4,,,1,55,,85363,4,,,1,15,,85383,4,,,1,15,,85403,4,,,1,15,,85344,4,,,1,55,,85364,4,,,1,15,,85384,4,,,1,15,,85404,4,,,1,15,,85345,4,,,1,55,,85365,4,,,1,15,,85385,4,,,1,15,,85405,4,,,1,15,,85346,4,,,1,55,,85366,4,,,1,15,,85386,4,,,1,15,,85406,4,,,1,15,,85347,4,,,1,55,,85367,4,,,1,15,,85387,4,,,1,15,,85407,4,,,1,15,,85348,4,,,1,55,,85368,4,,,1,15,,85388,4,,,1,15,,85408,4,,,1,15,,85349,4,,,1,55,,85369,4,,,1,15,,85389,4,,,1,15,,85409,4,,,1,15,,85350,4,,,1,55,,85370,4,,,1,15,,85390,4,,,1,15,,85410,4,,,1,15,,85351,4,,,1,55,,85371,4,,,1,15,,85391,4,,,1,15,,85411,4,,,1,15,,85352,4,,,1,55,,85372,4,,,1,15,,85392,4,,,1,15,,85412,4,,,1,15,,85353,4,,,1,55,,85373,4,,,1,15,,85393,4,,,1,15,,85413,4,,,1,15,,85354,4,,,1,55,,85374,4,,,1,15,,85394,4,,,1,15,,85414,4,,,1,15,,85355,4,,,1,55,,85375,4,,,1,15,,85395,4,,,1,15,,85415,4,,,1,15,,85356,4,,,1,55,,85376,4,,,1,15,,85396,4,,,1,15,,85416,4,,,1,15,,85357,4,,,1,55,,85377,4,,,1,15,,85397,4,,,1,15,,85417,4,,,1,15,,85358,4,,,1,55,,85378,4,,,1,15,,85398,4,,,1,15,,85418,4,,,1,15,,85359,4,,,1,55,,85379,4,,,1,15,,85399,4,,,1,15,,85419,4,,,1,15,,85360,4,,,1,55,,85380,4,,,1,15,,85400,4,,,1,15,,85420,4,,,1,15,,85361,4,,,1,55,,85381,4,,,1
1,'20261103',546,,85480,4,,,1,55,,85421,4,,,1,12,,85441,4,,,1,15,,85461,4,,,1,15,,85481,4,,,1,15,,85422,4,,,1,55,,85442,4,,,1,15,,85462,4,,,1,15,,85482,4,,,1,15,,85423,4,,,1,55,,85443,4,,,1,15,,85463,4,,,1,15,,85483,4,,,1,15,,85424,4,,,1,55,,85444,4,,,1,15,,85464,4,,,1,15,,85484,4,,,1,15,,85425,4,,,1,55,,85445,4,,,1,15,,85465,4,,,1,15,,85485,4,,,1,15,,85426,4,,,1,55,,85446,4,,,1,15,,85466,4,,,1,15,,85486,4,,,1,15,,85427,4,,,1,55,,85447,4,,,1,15,,85467,4,,,1,15,,85487,4,,,1,15,,85428,4,,,1,55,,85448,4,,,1,15,,85468,4,,,1,15,,85488,4,,,1,15,,85429,4,,,1,55,,85449,4,,,1,15,,85469,4,,,1,15,,85489,4,,,1,15,,85430,4,,,1,55,,85450,4,,,1,15,,85470,4,,,1,15,,85490,4,,,1,15,,85431,4,,,1,55,,85451,4,,,1,15,,85471,4,,,1,15,,85491,4,,,1,15,,85432,4,,,1,55,,85452,4,,,1,15,,85472,4,,,1,15,,85492,4,,,1,15,,85433,4,,,1,55,,85453,4,,,1,15,,85473,4,,,1,15,,85493,4,,,1,15,,85434,4,,,1,55,,85454,4,,,1,15,,85474,4,,,1,15,,85494,4,,,1,15,,85435,4,,,1,55,,85455,4,,,1,15,,85475,4,,,1,15,,85495,4,,,1,15,,85436,4,,,1,55,,85456,4,,,1,15,,85476,4,,,1,15,,85496,4,,,1,15,,85437,4,,,1,55,,85457,4,,,1,15,,85477,4,,,1,15,,85497,4,,,1,15,,85438,4,,,1,55,,85458,4,,,1,15,,85478,4,,,1,15,,85498,4,,,1,15,,85439,4,,,1,55,,85459,4,,,1,15,,85479,4,,,1,15,,85499,4,,,1,15,,85440,4,,,1,55,,85460,4,,,1
1,'20261104',546,,85559,4,,,1,55,,85500,4,,,1,12,,85520,4,,,1,15,,85540,4,,,1,15,,85560,4,,,1,15,,85501,4,,,1,55,,85521,4,,,1,15,,85541,4,,,1,15,,85561,4,,,1,15,,85502,4,,,1,55,,85522,4,,,1,15,,85542,4,,,1,15,,85562,4,,,1,15,,85503,4,,,1,55,,85523,4,,,1,15,,85543,4,,,1,15,,85563,4,,,1,15,,85504,4,,,1,55,,85524,4,,,1,15,,85544,4,,,1,15,,85564,4,,,1,15,,85505,4,,,1,55,,85525,4,,,1,15,,85545,4,,,1,15,,85565,4,,,1,15,,85506,4,,,1,55,,85526,4,,,1,15,,85546,4,,,1,15,,85566,4,,,1,15,,85507,4,,,1,55,,85527,4,,,1,15,,85547,4,,,1,15,,85567,4,,,1,15,,85508,4,,,1,55,,85528,4,,,1,15,,85548,4,,,1,15,,85568,4,,,1,15,,85509,4,,,1,55,,85529,4,,,1,15,,85549,4,,,1,15,,85569,4,,,1,15,,85510,4,,,1,55,,85530,4,,,1,15,,85550,4,,,1,15,,85570,4,,,1,15,,85511,4,,,1,55,,85531,4,,,1,15,,85551,4,,,1,15,,85571,4,,,1,15,,85512,4,,,1,55,,85532,4,,,1,15,,85552,4,,,1,15,,85572,4,,,1,15,,85513,4,,,1,55,,85533,4,,,1,15,,85553,4,,,1,15,,85573,4,,,1,15,,85514,4,,,1,55,,85534,4,,,1,15,,85554,4,,,1,15,,85574,4,,,1,15,,85515,4,,,1,55,,85535,4,,,1,15,,85555,4,,,1,15,,85575,4,,,1,15,,85516,4,,,1,55,,85536,4,,,1,15,,85556,4,,,1,15,,85576,4,,,1,15,,85517,4,,,1,55,,85537,4,,,1,15,,85557,4,,,1,15,,85577,4,,,1,15,,85518,4,,,1,55,,85538,4,,,1,15,,85558,4,,,1,15,,85578,4,,,1,15,,85519,4,,,1,55,,85539,4,,,1
1,'20261105',546,,85638,4,,,1,55,,85579,4,,,1,12,,85599,4,,,1,15,,85619,4,,,1,15,,85639,4,,,1,15,,85580,4,,,1,55,,85600,4,,,1,15,,85620,4,,,1,15,,85640,4,,,1,15,,85581,4,,,1,55,,85601,4,,,1,15,,85621,4,,,1,15,,85641,4,,,1,15,,85582,4,,,1,55,,85602,4,,,1,15,,85622,4,,,1,15,,85642,4,,,1,15,,85583,4,,,1,55,,85603,4,,,1,15,,85623,4,,,1,15,,85643,4,,,1,15,,85584,4,,,1,55,,85604,4,,,1,15,,85624,4,,,1,15,,85644,4,,,1,15,,85585,4,,,1,55,,85605,4,,,1,15,,85625,4,,,1,15,,85645,4,,,1,15,,85586,4,,,1,55,,85606,4,,,1,15,,85626,4,,,1,15,,85646,4,,,1,15,,85587,4,,,1,55,,85607,4,,,1,15,,85627,4,,,1,15,,85647,4,,,1,15,,85588,4,,,1,55,,85608,4,,,1,15,,85628,4,,,1,15,,85648,4,,,1,15,,85589,4,,,1,55,,85609,4,,,1,15,,85629,4,,,1,15,,85649,4,,,1,15,,85590,4,,,1,55,,85610,4,,,1,15,,85630,4,,,1,15,,85650,4,,,1,15,,85591,4,,,1,55,,85611,4,,,1,15,,85631,4,,,1,15,,85651,4,,,1,15,,85592,4,,,1,55,,85612,4,,,1,15,,85632,4,,,1,15,,85652,4,,,1,15,,85593,4,,,1,55,,85613,4,,,1,15,,85633,4,,,1,15,,85653,4,,,1,15,,85594,4,,,1,55,,85614,4,,,1,15,,85634,4,,,1,15,,85654,4,,,1,15,,85595,4,,,1,55,,85615,4,,,1,15,,85635,4,,,1,15,,85655,4,,,1,15,,85596,4,,,1,55,,85616,4,,,1,15,,85636,4,,,1,15,,85656,4,,,1,15,,85597,4,,,1,55,,85617,4,,,1,15,,85637,4,,,1,15,,85657,4,,,1,15,,85598,4,,,1,55,,85618,4,,,1
1,'20261106',546,,85717,4,,,1,55,,85658,4,,,1,12,,85678,4,,,1,15,,85698,4,,,1,15,,85718,4,,,1,15,,85659,4,,,1,55,,85679,4,,,1,15,,85699,4,,,1,15,,85719,4,,,1,15,,85660,4,,,1,55,,85680,4,,,1,15,,85700,4,,,1,15,,85720,4,,,1,15,,85661,4,,,1,55,,85681,4,,,1,15,,85701,4,,,1,15,,85721,4,,,1,15,,85662,4,,,1,55,,85682,4,,,1,15,,85702,4,,,1,15,,85722,4,,,1,15,,85663,4,,,1,55,,85683,4,,,1,15,,85703,4,,,1,15,,85723,4,,,1,15,,85664,4,,,1,55,,85684,4,,,1,15,,85704,4,,,1,15,,85724,4,,,1,15,,85665,4,,,1,55,,85685,4,,,1,15,,85705,4,,,1,15,,85725,4,,,1,15,,85666,4,,,1,55,,85686,4,,,1,15,,85706,4,,,1,15,,85726,4,,,1,15,,85667,4,,,1,55,,85687,4,,,1,15,,85707,4,,,1,15,,85727,4,,,1,15,,85668,4,,,1,55,,85688,4,,,1,15,,85708,4,,,1,15,,85728,4,,,1,15,,85669,4,,,1,55,,85689,4,,,1,15,,85709,4,,,1,15,,85729,4,,,1,15,,85670,4,,,1,55,,85690,4,,,1,15,,85710,4,,,1,15,,85730,4,,,1,15,,85671,4,,,1,55,,85691,4,,,1,15,,85711,4,,,1,15,,85731,4,,,1,15,,85672,4,,,1,55,,85692,4,,,1,15,,85712,4,,,1,15,,85732,4,,,1,15,,85673,4,,,1,55,,85693,4,,,1,15,,85713,4,,,1,15,,85733,4,,,1,15,,85674,4,,,1,55,,85694,4,,,1,15,,85714,4,,,1,15,,85734,4,,,1,15,,85675,4,,,1,55,,85695,4,,,1,15,,85715,4,,,1,15,,85735,4,,,1,15,,85676,4,,,1,55,,85696,4,,,1,15,,85716,4,,,1,15,,85736,4,,,1,15,,85677,4,,,1,55,,85697,4,,,1
1,'20261107',643,,85793,4,,,1,15,,85737,4,,,1,55,,85756,4,,,1,15,,85775,4,,,1,15,,85794,4,,,1,15,,85738,4,,,1,55,,85757,4,,,1,15,,85776,4,,,1,15,,85795,4,,,1,15,,85739,4,,,1,55,,85758,4,,,1,15,,85777,4,,,1,15,,85796,4,,,1,15,,85740,4,,,1,55,,85759,4,,,1,15,,85778,4,,,1,15,,85797,4,,,1,15,,85741,4,,,1,55,,85760,4,,,1,15,,85779,4,,,1,15,,85798,4,,,1,15,,85742,4,,,1,55,,85761,4,,,1,15,,85780,4,,,1,15,,85799,4,,,1,15,,85743,4,,,1,55,,85762,4,,,1,15,,85781,4,,,1,15,,85800,4,,,1,15,,85744,4,,,1,55,,85763,4,,,1,15,,85782,4,,,1,15,,85801,4,,,1,15,,85745,4,,,1,55,,85764,4,,,1,15,,85783,4,,,1,15,,85802,4,,,1,15,,85746,4,,,1,55,,85765,4,,,1,15,,85784,4,,,1,15,,85803,4,,,1,15,,85747,4,,,1,55,,85766,4,,,1,15,,85785,4,,,1,15,,85804,4,,,1,15,,85748,4,,,1,55,,85767,4,,,1,15,,85786,4,,,1,15,,85805,4,,,1,15,,85749,4,,,1,55,,85768,4,,,1,15,,85787,4,,,1,15,,85806,4,,,1,15,,85750,4,,,1,55,,85769,4,,,1,15,,85788,4,,,1,15,,85807,4,,,1,15,,85751,4,,,1,55,,85770,4,,,1,15,,85789,4,,,1,15,,85808,4,,,1,15,,85752,4,,,1,55,,85771,4,,,1,15,,85790,4,,,1,15,,85809,4,,,1,15,,85753,4,,,1,55,,85772,4,,,1,15,,85791,4,,,1,15,,85810,4,,,1,15,,85754,4,,,1,55,,85773,4,,,1,15,,85792,4,,,1,15,,85811,4,,,1,15,,85755,4,,,1,55,,85774,4,,,1
1,'20261108',643,,85868,4,,,1,15,,85812,4,,,1,55,,85831,4,,,1,15,,85850,4,,,1,15,,85869,4,,,1,15,,85813,4,,,1,55,,85832,4,,,1,15,,85851,4,,,1,15,,85870,4,,,1,15,,85814,4,,,1,55,,85833,4,,,1,15,,85852,4,,,1,15,,85871,4,,,1,15,,85815,4,,,1,55,,85834,4,,,1,15,,85853,4,,,1,15,,85872,4,,,1,15,,85816,4,,,1,55,,85835,4,,,1,15,,85854,4,,,1,15,,85873,4,,,1,15,,85817,4,,,1,55,,85836,4,,,1,15,,85855,4,,,1,15,,85874,4,,,1,15,,85818,4,,,1,55,,85837,4,,,1,15,,85856,4,,,1,15,,85875,4,,,1,15,,85819,4,,,1,55,,85838,4,,,1,15,,85857,4,,,1,15,,85876,4,,,1,15,,85820,4,,,1,55,,85839,4,,,1,15,,85858,4,,,1,15,,85877,4,,,1,15,,85821,4,,,1,55,,85840,4,,,1,15,,85859,4,,,1,15,,85878,4,,,1,15,,85822,4,,,1,55,,85841,4,,,1,15,,85860,4,,,1,15,,85879,4,,,1,15,,85823,4,,,1,55,,85842,4,,,1,15,,85861,4,,,1,15,,85880,4,,,1,15,,85824,4,,,1,55,,85843,4,,,1,15,,85862,4,,,1,15,,85881,4,,,1,15,,85825,4,,,1,55,,85844,4,,,1,15,,85863,4,,,1,15,,85882,4,,,1,15,,85826,4,,,1,55,,85845,4,,,1,15,,85864,4,,,1,15,,85883,4,,,1,15,,85827,4,,,1,55,,85846,4,,,1,15,,85865,4,,,1,15,,85884,4,,,1,15,,85828,4,,,1,55,,85847,4,,,1,15,,85866,4,,,1,15,,85885,4,,,1,15,,85829,4,,,1,55,,85848,4,,,1,15,,85867,4,,,1,15,,85886,4,,,1,15,,85830,4,,,1,55,,85849,4,,,1
1,'20261109',546,,85946,4,,,1,55,,85887,4,,,1,12,,85907,4,,,1,15,,85927,4,,,1,15,,85947,4,,,1,15,,85888,4,,,1,55,,85908,4,,,1,15,,85928,4,,,1,15,,85948,4,,,1,15,,85889,4,,,1,55,,85909,4,,,1,15,,85929,4,,,1,15,,85949,4,,,1,15,,85890,4,,,1,55,,85910,4,,,1,15,,85930,4,,,1,15,,85950,4,,,1,15,,85891,4,,,1,55,,85911,4,,,1,15,,85931,4,,,1,15,,85951,4,,,1,15,,85892,4,,,1,55,,85912,4,,,1,15,,85932,4,,,1,15,,85952,4,,,1,15,,85893,4,,,1,55,,85913,4,,,1,15,,85933,4,,,1,15,,85953,4,,,1,15,,85894,4,,,1,55,,85914,4,,,1,15,,85934,4,,,1,15,,85954,4,,,1,15,,85895,4,,,1,55,,85915,4,,,1,15,,85935,4,,,1,15,,85955,4,,,1,15,,85896,4,,,1,55,,85916,4,,,1,15,,85936,4,,,1,15,,85956,4,,,1,15,,85897,4,,,1,55,,85917,4,,,1,15,,85937,4,,,1,15,,85957,4,,,1,15,,85898,4,,,1,55,,85918,4,,,1,15,,85938,4,,,1,15,,85958,4,,,1,15,,85899,4,,,1,55,,85919,4,,,1,15,,85939,4,,,1,15,,85959,4,,,1,15,,85900,4,,,1,55,,85920,4,,,1,15,,85940,4,,,1,15,,85960,4,,,1,15,,85901,4,,,1,55,,85921,4,,,1,15,,85941,4,,,1,15,,85961,4,,,1,15,,85902,4,,,1,55,,85922,4,,,1,15,,85942,4,,,1,15,,85962,4,,,1,15,,85903,4,,,1,55,,85923,4,,,1,15,,85943,4,,,1,15,,85963,4,,,1,15,,85904,4,,,1,55,,85924,4,,,1,15,,85944,4,,,1,15,,85964,4,,,1,15,,85905,4,,,1,55,,85925,4,,,1,15,,85945,4,,,1,15,,85965,4,,,1,15,,85906,4,,,1,55,,85926,4,,,1
1,'20261110',546,,86025,4,,,1,55,,85966,4,,,1,12,,85986,4,,,1,15,,86006,4,,,1,15,,86026,4,,,1,15,,85967,4,,,1,55,,85987,4,,,1,15,,86007,4,,,1,15,,86027,4,,,1,15,,85968,4,,,1,55,,85988,4,,,1,15,,86008,4,,,1,15,,86028,4,,,1,15,,85969,4,,,1,55,,85989,4,,,1,15,,86009,4,,,1,15,,86029,4,,,1,15,,85970,4,,,1,55,,85990,4,,,1,15,,86010,4,,,1,15,,86030,4,,,1,15,,85971,4,,,1,55,,85991,4,,,1,15,,86011,4,,,1,15,,86031,4,,,1,15,,85972,4,,,1,55,,85992,4,,,1,15,,86012,4,,,1,15,,86032,4,,,1,15,,85973,4,,,1,55,,85993,4,,,1,15,,86013,4,,,1,15,,86033,4,,,1,15,,85974,4,,,1,55,,85994,4,,,1,15,,86014,4,,,1,15,,86034,4,,,1,15,,85975,4,,,1,55,,85995,4,,,1,15,,86015,4,,,1,15,,86035,4,,,1,15,,85976,4,,,1,55,,85996,4,,,1,15,,86016,4,,,1,15,,86036,4,,,1,15,,85977,4,,,1,55,,85997,4,,,1,15,,86017,4,,,1,15,,86037,4,,,1,15,,85978,4,,,1,55,,85998,4,,,1,15,,86018,4,,,1,15,,86038,4,,,1,15,,85979,4,,,1,55,,85999,4,,,1,15,,86019,4,,,1,15,,86039,4,,,1,15,,85980,4,,,1,55,,86000,4,,,1,15,,86020,4,,,1,15,,86040,4,,,1,15,,85981,4,,,1,55,,86001,4,,,1,15,,86021,4,,,1,15,,86041,4,,,1,15,,85982,4,,,1,55,,86002,4,,,1,15,,86022,4,,,1,15,,86042,4,,,1,15,,85983,4,,,1,55,,86003,4,,,1,15,,86023,4,,,1,15,,86043,4,,,1,15,,85984,4,,,1,55,,86004,4,,,1,15,,86024,4,,,1,15,,86044,4,,,1,15,,85985,4,,,1,55,,86005,4,,,1
1,'20261111',546,,86104,4,,,1,55,,86045,4,,,1,12,,86065,4,,,1,15,,86085,4,,,1,15,,86105,4,,,1,15,,86046,4,,,1,55,,86066,4,,,1,15,,86086,4,,,1,15,,86106,4,,,1,15,,86047,4,,,1,55,,86067,4,,,1,15,,86087,4,,,1,15,,86107,4,,,1,15,,86048,4,,,1,55,,86068,4,,,1,15,,86088,4,,,1,15,,86108,4,,,1,15,,86049,4,,,1,55,,86069,4,,,1,15,,86089,4,,,1,15,,86109,4,,,1,15,,86050,4,,,1,55,,86070,4,,,1,15,,86090,4,,,1,15,,86110,4,,,1,15,,86051,4,,,1,55,,86071,4,,,1,15,,86091,4,,,1,15,,86111,4,,,1,15,,86052,4,,,1,55,,86072,4,,,1,15,,86092,4,,,1,15,,86112,4,,,1,15,,86053,4,,,1,55,,86073,4,,,1,15,,86093,4,,,1,15,,86113,4,,,1,15,,86054,4,,,1,55,,86074,4,,,1,15,,86094,4,,,1,15,,86114,4,,,1,15,,86055,4,,,1,55,,86075,4,,,1,15,,86095,4,,,1,15,,86115,4,,,1,15,,86056,4,,,1,55,,86076,4,,,1,15,,86096,4,,,1,15,,86116,4,,,1,15,,86057,4,,,1,55,,86077,4,,,1,15,,86097,4,,,1,15,,86117,4,,,1,15,,86058,4,,,1,55,,86078,4,,,1,15,,86098,4,,,1,15,,86118,4,,,1,15,,86059,4,,,1,55,,86079,4,,,1,15,,86099,4,,,1,15,,86119,4,,,1,15,,86060,4,,,1,55,,86080,4,,,1,15,,86100,4,,,1,15,,86120,4,,,1,15,,86061,4,,,1,55,,86081,4,,,1,15,,86101,4,,,1,15,,86121,4,,,1,15,,86062,4,,,1,55,,86082,4,,,1,15,,86102,4,,,1,15,,86122,4,,,1,15,,86063,4,,,1,55,,86083,4,,,1,15,,86103,4,,,1,15,,86123,4,,,1,15,,86064,4,,,1,55,,86084,4,,,1
1,'20261112',546,,86183,4,,,1,55,,86124,4,,,1,12,,86144,4,,,1,15,,86164,4,,,1,15,,86184,4,,,1,15,,86125,4,,,1,55,,86145,4,,,1,15,,86165,4,,,1,15,,86185,4,,,1,15,,86126,4,,,1,55,,86146,4,,,1,15,,86166,4,,,1,15,,86186,4,,,1,15,,86127,4,,,1,55,,86147,4,,,1,15,,86167,4,,,1,15,,86187,4,,,1,15,,86128,4,,,1,55,,86148,4,,,1,15,,86168,4,,,1,15,,86188,4,,,1,15,,86129,4,,,1,55,,86149,4,,,1,15,,86169,4,,,1,15,,86189,4,,,1,15,,86130,4,,,1,55,,86150,4,,,1,15,,86170,4,,,1,15,,86190,4,,,1,15,,86131,4,,,1,55,,86151,4,,,1,15,,86171,4,,,1,15,,86191,4,,,1,15,,86132,4,,,1,55,,86152,4,,,1,15,,86172,4,,,1,15,,86192,4,,,1,15,,86133,4,,,1,55,,86153,4,,,1,15,,86173,4,,,1,15,,86193,4,,,1,15,,86134,4,,,1,55,,86154,4,,,1,15,,86174,4,,,1,15,,86194,4,,,1,15,,86135,4,,,1,55,,86155,4,,,1,15,,86175,4,,,1,15,,86195,4,,,1,15,,86136,4,,,1,55,,86156,4,,,1,15,,86176,4,,,1,15,,86196,4,,,1,15,,86137,4,,,1,55,,86157,4,,,1,15,,86177,4,,,1,15,,86197,4,,,1,15,,86138,4,,,1,55,,86158,4,,,1,15,,86178,4,,,1,15,,86198,4,,,1,15,,86139,4,,,1,55,,86159,4,,,1,15,,86179,4,,,1,15,,86199,4,,,1,15,,86140,4,,,1,55,,86160,4,,,1,15,,86180,4,,,1,15,,86200,4,,,1,15,,86141,4,,,1,55,,86161,4,,,1,15,,86181,4,,,1,15,,86201,4,,,1,15,,86142,4,,,1,55,,86162,4,,,1,15,,86182,4,,,1,15,,86202,4,,,1,15,,86143,4,,,1,55,,86163,4,,,1
1,'20261113',546,,86262,4,,,1,55,,86203,4,,,1,12,,86223,4,,,1,15,,86243,4,,,1,15,,86263,4,,,1,15,,86204,4,,,1,55,,86224,4,,,1,15,,86244,4,,,1,15,,86264,4,,,1,15,,86205,4,,,1,55,,86225,4,,,1,15,,86245,4,,,1,15,,86265,4,,,1,15,,86206,4,,,1,55,,86226,4,,,1,15,,86246,4,,,1,15,,86266,4,,,1,15,,86207,4,,,1,55,,86227,4,,,1,15,,86247,4,,,1,15,,86267,4,,,1,15,,86208,4,,,1,55,,86228,4,,,1,15,,86248,4,,,1,15,,86268,4,,,1,15,,86209,4,,,1,55,,86229,4,,,1,15,,86249,4,,,1,15,,86269,4,,,1,15,,86210,4,,,1,55,,86230,4,,,1,15,,86250,4,,,1,15,,86270,4,,,1,15,,86211,4,,,1,55,,86231,4,,,1,15,,86251,4,,,1,15,,86271,4,,,1,15,,86212,4,,,1,55,,86232,4,,,1,15,,86252,4,,,1,15,,86272,4,,,1,15,,86213,4,,,1,55,,86233,4,,,1,15,,86253,4,,,1,15,,86273,4,,,1,15,,86214,4,,,1,55,,86234,4,,,1,15,,86254,4,,,1,15,,86274,4,,,1,15,,86215,4,,,1,55,,86235,4,,,1,15,,86255,4,,,1,15,,86275,4,,,1,15,,86216,4,,,1,55,,86236,4,,,1,15,,86256,4,,,1,15,,86276,4,,,1,15,,86217,4,,,1,55,,86237,4,,,1,15,,86257,4,,,1,15,,86277,4,,,1,15,,86218,4,,,1,55,,86238,4,,,1,15,,86258,4,,,1,15,,86278,4,,,1,15,,86219,4,,,1,55,,86239,4,,,1,15,,86259,4,,,1,15,,86279,4,,,1,15,,86220,4,,,1,55,,86240,4,,,1,15,,86260,4,,,1,15,,86280,4,,,1,15,,86221,4,,,1,55,,86241,4,,,1,15,,86261,4,,,1,15,,86281,4,,,1,15,,86222,4,,,1,55,,86242,4,,,1
1,'20261114',643,,86338,4,,,1,15,,86282,4,,,1,55,,86301,4,,,1,15,,86320,4,,,1,15,,86339,4,,,1,15,,86283,4,,,1,55,,86302,4,,,1,15,,86321,4,,,1,15,,86340,4,,,1,15,,86284,4,,,1,55,,86303,4,,,1,15,,86322,4,,,1,15,,86341,4,,,1,15,,86285,4,,,1,55,,86304,4,,,1,15,,86323,4,,,1,15,,86342,4,,,1,15,,86286,4,,,1,55,,86305,4,,,1,15,,86324,4,,,1,15,,86343,4,,,1,15,,86287,4,,,1,55,,86306,4,,,1,15,,86325,4,,,1,15,,86344,4,,,1,15,,86288,4,,,1,55,,86307,4,,,1,15,,86326,4,,,1,15,,86345,4,,,1,15,,86289,4,,,1,55,,86308,4,,,1,15,,86327,4,,,1,15,,86346,4,,,1,15,,86290,4,,,1,55,,86309,4,,,1,15,,86328,4,,,1,15,,86347,4,,,1,15,,86291,4,,,1,55,,86310,4,,,1,15,,86329,4,,,1,15,,86348,4,,,1,15,,86292,4,,,1,55,,86311,4,,,1,15,,86330,4,,,1,15,,86349,4,,,1,15,,86293,4,,,1,55,,86312,4,,,1,15,,86331,4,,,1,15,,86350,4,,,1,15,,86294,4,,,1,55,,86313,4,,,1,15,,86332,4,,,1,15,,86351,4,,,1,15,,86295,4,,,1,55,,86314,4,,,1,15,,86333,4,,,1,15,,86352,4,,,1,15,,86296,4,,,1,55,,86315,4,,,1,15,,86334,4,,,1,15,,86353,4,,,1,15,,86297,4,,,1,55,,86316,4,,,1,15,,86335,4,,,1,15,,86354,4,,,1,15,,86298,4,,,1,55,,86317,4,,,1,15,,86336,4,,,1,15,,86355,4,,,1,15,,86299,4,,,1,55,,86318,4,,,1,15,,86337,4,,,1,15,,86356,4,,,1,15,,86300,4,,,1,55,,86319,4,,,1
1,'20261115',643,,86413,4,,,1,15,,86357,4,,,1,55,,86376,4,,,1,15,,86395,4,,,1,15,,86414,4,,,1,15,,86358,4,,,1,55,,86377,4,,,1,15,,86396,4,,,1,15,,86415,4,,,1,15,,86359,4,,,1,55,,86378,4,,,1,15,,86397,4,,,1,15,,86416,4,,,1,15,,86360,4,,,1,55,,86379,4,,,1,15,,86398,4,,,1,15,,86417,4,,,1,15,,86361,4,,,1,55,,86380,4,,,1,15,,86399,4,,,1,15,,86418,4,,,1,15,,86362,4,,,1,55,,86381,4,,,1,15,,86400,4,,,1,15,,86419,4,,,1,15,,86363,4,,,1,55,,86382,4,,,1,15,,86401,4,,,1,15,,86420,4,,,1,15,,86364,4,,,1,55,,86383,4,,,1,15,,86402,4,,,1,15,,86421,4,,,1,15,,86365,4,,,1,55,,86384,4,,,1,15,,86403,4,,,1,15,,86422,4,,,1,15,,86366,4,,,1,55,,86385,4,,,1,15,,86404,4,,,1,15,,86423,4,,,1,15,,86367,4,,,1,55,,86386,4,,,1,15,,86405,4,,,1,15,,86424,4,,,1,15,,86368,4,,,1,55,,86387,4,,,1,15,,86406,4,,,1,15,,86425,4,,,1,15,,86369,4,,,1,55,,86388,4,,,1,15,,86407,4,,,1,15,,86426,4,,,1,15,,86370,4,,,1,55,,86389,4,,,1,15,,86408,4,,,1,15,,86427,4,,,1,15,,86371,4,,,1,55,,86390,4,,,1,15,,86409,4,,,1,15,,86428,4,,,1,15,,86372,4,,,1,55,,86391,4,,,1,15,,86410,4,,,1,15,,86429,4,,,1,15,,86373,4,,,1,55,,86392,4,,,1,15,,86411,4,,,1,15,,86430,4,,,1,15,,86374,4,,,1,55,,86393,4,,,1,15,,86412,4,,,1,15,,86431,4,,,1,15,,86375,4,,,1,55,,86394,4,,,1
1,'20261116',546,,86491,4,,,1,55,,86432,4,,,1,12,,86452,4,,,1,15,,86472,4,,,1,15,,86492,4,,,1,15,,86433,4,,,1,55,,86453,4,,,1,15,,86473,4,,,1,15,,86493,4,,,1,15,,86434,4,,,1,55,,86454,4,,,1,15,,86474,4,,,1,15,,86494,4,,,1,15,,86435,4,,,1,55,,86455,4,,,1,15,,86475,4,,,1,15,,86495,4,,,1,15,,86436,4,,,1,55,,86456,4,,,1,15,,86476,4,,,1,15,,86496,4,,,1,15,,86437,4,,,1,55,,86457,4,,,1,15,,86477,4,,,1,15,,86497,4,,,1,15,,86438,4,,,1,55,,86458,4,,,1,15,,86478,4,,,1,15,,86498,4,,,1,15,,86439,4,,,1,55,,86459,4,,,1,15,,86479,4,,,1,15,,86499,4,,,1,15,,86440,4,,,1,55,,86460,4,,,1,15,,86480,4,,,1,15,,86500,4,,,1,15,,86441,4,,,1,55,,86461,4,,,1,15,,86481,4,,,1,15,,86501,4,,,1,15,,86442,4,,,1,55,,86462,4,,,1,15,,86482,4,,,1,15,,86502,4,,,1,15,,86443,4,,,1,55,,86463,4,,,1,15,,86483,4,,,1,15,,86503,4,,,1,15,,86444,4,,,1,55,,86464,4,,,1,15,,86484,4,,,1,15,,86504,4,,,1,15,,86445,4,,,1,55,,86465,4,,,1,15,,86485,4,,,1,15,,86505,4,,,1,15,,86446,4,,,1,55,,86466,4,,,1,15,,86486,4,,,1,15,,86506,4,,,1,15,,86447,4,,,1,55,,86467,4,,,1,15,,86487,4,,,1,15,,86507,4,,,1,15,,86448,4,,,1,55,,86468,4,,,1,15,,86488,4,,,1,15,,86508,4,,,1,15,,86449,4,,,1,55,,86469,4,,,1,15,,86489,4,,,1,15,,86509,4,,,1,15,,86450,4,,,1,55,,86470,4,,,1,15,,86490,4,,,1,15,,86510,4,,,1,15,,86451,4,,,1,55,,86471,4,,,1
1,'20261117',546,,86570,4,,,1,55,,86511,4,,,1,12,,86531,4,,,1,15,,86551,4,,,1,15,,86571,4,,,1,15,,86512,4,,,1,55,,86532,4,,,1,15,,86552,4,,,1,15,,86572,4,,,1,15,,86513,4,,,1,55,,86533,4,,,1,15,,86553,4,,,1,15,,86573,4,,,1,15,,86514,4,,,1,55,,86534,4,,,1,15,,86554,4,,,1,15,,86574,4,,,1,15,,86515,4,,,1,55,,86535,4,,,1,15,,86555,4,,,1,15,,86575,4,,,1,15,,86516,4,,,1,55,,86536,4,,,1,15,,86556,4,,,1,15,,86576,4,,,1,15,,86517,4,,,1,55,,86537,4,,,1,15,,86557,4,,,1,15,,86577,4,,,1,15,,86518,4,,,1,55,,86538,4,,,1,15,,86558,4,,,1,15,,86578,4,,,1,15,,86519,4,,,1,55,,86539,4,,,1,15,,86559,4,,,1,15,,86579,4,,,1,15,,86520,4,,,1,55,,86540,4,,,1,15,,86560,4,,,1,15,,86580,4,,,1,15,,86521,4,,,1,55,,86541,4,,,1,15,,86561,4,,,1,15,,86581,4,,,1,15,,86522,4,,,1,55,,86542,4,,,1,15,,86562,4,,,1,15,,86582,4,,,1,15,,86523,4,,,1,55,,86543,4,,,1,15,,86563,4,,,1,15,,86583,4,,,1,15,,86524,4,,,1,55,,86544,4,,,1,15,,86564,4,,,1,15,,86584,4,,,1,15,,86525,4,,,1,55,,86545,4,,,1,15,,86565,4,,,1,15,,86585,4,,,1,15,,86526,4,,,1,55,,86546,4,,,1,15,,86566,4,,,1,15,,86586,4,,,1,15,,86527,4,,,1,55,,86547,4,,,1,15,,86567,4,,,1,15,,86587,4,,,1,15,,86528,4,,,1,55,,86548,4,,,1,15,,86568,4,,,1,15,,86588,4,,,1,15,,86529,4,,,1,55,,86549,4,,,1,15,,86569,4,,,1,15,,86589,4,,,1,15,,86530,4,,,1,55,,86550,4,,,1
1,'20261118',546,,86649,4,,,1,55,,86590,4,,,1,12,,86610,4,,,1,15,,86630,4,,,1,15,,86650,4,,,1,15,,86591,4,,,1,55,,86611,4,,,1,15,,86631,4,,,1,15,,86651,4,,,1,15,,86592,4,,,1,55,,86612,4,,,1,15,,86632,4,,,1,15,,86652,4,,,1,15,,86593,4,,,1,55,,86613,4,,,1,15,,86633,4,,,1,15,,86653,4,,,1,15,,86594,4,,,1,55,,86614,4,,,1,15,,86634,4,,,1,15,,86654,4,,,1,15,,86595,4,,,1,55,,86615,4,,,1,15,,86635,4,,,1,15,,86655,4,,,1,15,,86596,4,,,1,55,,86616,4,,,1,15,,86636,4,,,1,15,,86656,4,,,1,15,,86597,4,,,1,55,,86617,4,,,1,15,,86637,4,,,1,15,,86657,4,,,1,15,,86598,4,,,1,55,,86618,4,,,1,15,,86638,4,,,1,15,,86658,4,,,1,15,,86599,4,,,1,55,,86619,4,,,1,15,,86639,4,,,1,15,,86659,4,,,1,15,,86600,4,,,1,55,,86620,4,,,1,15,,86640,4,,,1,15,,86660,4,,,1,15,,86601,4,,,1,55,,86621,4,,,1,15,,86641,4,,,1,15,,86661,4,,,1,15,,86602,4,,,1,55,,86622,4,,,1,15,,86642,4,,,1,15,,86662,4,,,1,15,,86603,4,,,1,55,,86623,4,,,1,15,,86643,4,,,1,15,,86663,4,,,1,15,,86604,4,,,1,55,,86624,4,,,1,15,,86644,4,,,1,15,,86664,4,,,1,15,,86605,4,,,1,55,,86625,4,,,1,15,,86645,4,,,1,15,,86665,4,,,1,15,,86606,4,,,1,55,,86626,4,,,1,15,,86646,4,,,1,15,,86666,4,,,1,15,,86607,4,,,1,55,,86627,4,,,1,15,,86647,4,,,1,15,,86667,4,,,1,15,,86608,4,,,1,55,,86628,4,,,1,15,,86648,4,,,1,15,,86668,4,,,1,15,,86609,4,,,1,55,,86629,4,,,1
1,'20261119',546,,86728,4,,,1,55,,86669,4,,,1,12,,86689,4,,,1,15,,86709,4,,,1,15,,86729,4,,,1,15,,86670,4,,,1,55,,86690,4,,,1,15,,86710,4,,,1,15,,86730,4,,,1,15,,86671,4,,,1,55,,86691,4,,,1,15,,86711,4,,,1,15,,86731,4,,,1,15,,86672,4,,,1,55,,86692,4,,,1,15,,86712,4,,,1,15,,86732,4,,,1,15,,86673,4,,,1,55,,86693,4,,,1,15,,86713,4,,,1,15,,86733,4,,,1,15,,86674,4,,,1,55,,86694,4,,,1,15,,86714,4,,,1,15,,86734,4,,,1,15,,86675,4,,,1,55,,86695,4,,,1,15,,86715,4,,,1,15,,86735,4,,,1,15,,86676,4,,,1,55,,86696,4,,,1,15,,86716,4,,,1,15,,86736,4,,,1,15,,86677,4,,,1,55,,86697,4,,,1,15,,86717,4,,,1,15,,86737,4,,,1,15,,86678,4,,,1,55,,86698,4,,,1,15,,86718,4,,,1,15,,86738,4,,,1,15,,86679,4,,,1,55,,86699,4,,,1,15,,86719,4,,,1,15,,86739,4,,,1,15,,86680,4,,,1,55,,86700,4,,,1,15,,86720,4,,,1,15,,86740,4,,,1,15,,86681,4,,,1,55,,86701,4,,,1,15,,86721,4,,,1,15,,86741,4,,,1,15,,86682,4,,,1,55,,86702,4,,,1,15,,86722,4,,,1,15,,86742,4,,,1,15,,86683,4,,,1,55,,86703,4,,,1,15,,86723,4,,,1,15,,86743,4,,,1,15,,86684,4,,,1,55,,86704,4,,,1,15,,86724,4,,,1,15,,86744,4,,,1,15,,86685,4,,,1,55,,86705,4,,,1,15,,86725,4,,,1,15,,86745,4,,,1,15,,86686,4,,,1,55,,86706,4,,,1,15,,86726,4,,,1,15,,86746,4,,,1,15,,86687,4,,,1,55,,86707,4,,,1,15,,86727,4,,,1,15,,86747,4,,,1,15,,86688,4,,,1,55,,86708,4,,,1
1,'20261120',546,,86807,4,,,1,55,,86748,4,,,1,12,,86768,4,,,1,15,,86788,4,,,1,15,,86808,4,,,1,15,,86749,4,,,1,55,,86769,4,,,1,15,,86789,4,,,1,15,,86809,4,,,1,15,,86750,4,,,1,55,,86770,4,,,1,15,,86790,4,,,1,15,,86810,4,,,1,15,,86751,4,,,1,55,,86771,4,,,1,15,,86791,4,,,1,15,,86811,4,,,1,15,,86752,4,,,1,55,,86772,4,,,1,15,,86792,4,,,1,15,,86812,4,,,1,15,,86753,4,,,1,55,,86773,4,,,1,15,,86793,4,,,1,15,,86813,4,,,1,15,,86754,4,,,1,55,,86774,4,,,1,15,,86794,4,,,1,15,,86814,4,,,1,15,,86755,4,,,1,55,,86775,4,,,1,15,,86795,4,,,1,15,,86815,4,,,1,15,,86756,4,,,1,55,,86776,4,,,1,15,,86796,4,,,1,15,,86816,4,,,1,15,,86757,4,,,1,55,,86777,4,,,1,15,,86797,4,,,1,15,,86817,4,,,1,15,,86758,4,,,1,55,,86778,4,,,1,15,,86798,4,,,1,15,,86818,4,,,1,15,,86759,4,,,1,55,,86779,4,,,1,15,,86799,4,,,1,15,,86819,4,,,1,15,,86760,4,,,1,55,,86780,4,,,1,15,,86800,4,,,1,15,,86820,4,,,1,15,,86761,4,,,1,55,,86781,4,,,1,15,,86801,4,,,1,15,,86821,4,,,1,15,,86762,4,,,1,55,,86782,4,,,1,15,,86802,4,,,1,15,,86822,4,,,1,15,,86763,4,,,1,55,,86783,4,,,1,15,,86803,4,,,1,15,,86823,4,,,1,15,,86764,4,,,1,55,,86784,4,,,1,15,,86804,4,,,1,15,,86824,4,,,1,15,,86765,4,,,1,55,,86785,4,,,1,15,,86805,4,,,1,15,,86825,4,,,1,15,,86766,4,,,1,55,,86786,4,,,1,15,,86806,4,,,1,15,,86826,4,,,1,15,,86767,4,,,1,55,,86787,4,,,1
1,'20261121',643,,86883,4,,,1,15,,86827,4,,,1,55,,86846,4,,,1,15,,86865,4,,,1,15,,86884,4,,,1,15,,86828,4,,,1,55,,86847,4,,,1,15,,86866,4,,,1,15,,86885,4,,,1,15,,86829,4,,,1,55,,86848,4,,,1,15,,86867,4,,,1,15,,86886,4,,,1,15,,86830,4,,,1,55,,86849,4,,,1,15,,86868,4,,,1,15,,86887,4,,,1,15,,86831,4,,,1,55,,86850,4,,,1,15,,86869,4,,,1,15,,86888,4,,,1,15,,86832,4,,,1,55,,86851,4,,,1,15,,86870,4,,,1,15,,86889,4,,,1,15,,86833,4,,,1,55,,86852,4,,,1,15,,86871,4,,,1,15,,86890,4,,,1,15,,86834,4,,,1,55,,86853,4,,,1,15,,86872,4,,,1,15,,86891,4,,,1,15,,86835,4,,,1,55,,86854,4,,,1,15,,86873,4,,,1,15,,86892,4,,,1,15,,86836,4,,,1,55,,86855,4,,,1,15,,86874,4,,,1,15,,86893,4,,,1,15,,86837,4,,,1,55,,86856,4,,,1,15,,86875,4,,,1,15,,86894,4,,,1,15,,86838,4,,,1,55,,86857,4,,,1,15,,86876,4,,,1,15,,86895,4,,,1,15,,86839,4,,,1,55,,86858,4,,,1,15,,86877,4,,,1,15,,86896,4,,,1,15,,86840,4,,,1,55,,86859,4,,,1,15,,86878,4,,,1,15,,86897,4,,,1,15,,86841,4,,,1,55,,86860,4,,,1,15,,86879,4,,,1,15,,86898,4,,,1,15,,86842,4,,,1,55,,86861,4,,,1,15,,86880,4,,,1,15,,86899,4,,,1,15,,86843,4,,,1,55,,86862,4,,,1,15,,86881,4,,,1,15,,86900,4,,,1,15,,86844,4,,,1,55,,86863,4,,,1,15,,86882,4,,,1,15,,86901,4,,,1,15,,86845,4,,,1,55,,86864,4,,,1
1,'20261122',643,,86958,4,,,1,15,,86902,4,,,1,55,,86921,4,,,1,15,,86940,4,,,1,15,,86959,4,,,1,15,,86903,4,,,1,55,,86922,4,,,1,15,,86941,4,,,1,15,,86960,4,,,1,15,,86904,4,,,1,55,,86923,4,,,1,15,,86942,4,,,1,15,,86961,4,,,1,15,,86905,4,,,1,55,,86924,4,,,1,15,,86943,4,,,1,15,,86962,4,,,1,15,,86906,4,,,1,55,,86925,4,,,1,15,,86944,4,,,1,15,,86963,4,,,1,15,,86907,4,,,1,55,,86926,4,,,1,15,,86945,4,,,1,15,,86964,4,,,1,15,,86908,4,,,1,55,,86927,4,,,1,15,,86946,4,,,1,15,,86965,4,,,1,15,,86909,4,,,1,55,,86928,4,,,1,15,,86947,4,,,1,15,,86966,4,,,1,15,,86910,4,,,1,55,,86929,4,,,1,15,,86948,4,,,1,15,,86967,4,,,1,15,,86911,4,,,1,55,,86930,4,,,1,15,,86949,4,,,1,15,,86968,4,,,1,15,,86912,4,,,1,55,,86931,4,,,1,15,,86950,4,,,1,15,,86969,4,,,1,15,,86913,4,,,1,55,,86932,4,,,1,15,,86951,4,,,1,15,,86970,4,,,1,15,,86914,4,,,1,55,,86933,4,,,1,15,,86952,4,,,1,15,,86971,4,,,1,15,,86915,4,,,1,55,,86934,4,,,1,15,,86953,4,,,1,15,,86972,4,,,1,15,,86916,4,,,1,55,,86935,4,,,1,15,,86954,4,,,1,15,,86973,4,,,1,15,,86917,4,,,1,55,,86936,4,,,1,15,,86955,4,,,1,15,,86974,4,,,1,15,,86918,4,,,1,55,,86937,4,,,1,15,,86956,4,,,1,15,,86975,4,,,1,15,,86919,4,,,1,55,,86938,4,,,1,15,,86957,4,,,1,15,,86976,4,,,1,15,,86920,4,,,1,55,,86939,4,,,1
1,'20261123',546,,87036,4,,,1,55,,86977,4,,,1,12,,86997,4,,,1,15,,87017,4,,,1,15,,87037,4,,,1,15,,86978,4,,,1,55,,86998,4,,,1,15,,87018,4,,,1,15,,87038,4,,,1,15,,86979,4,,,1,55,,86999,4,,,1,15,,87019,4,,,1,15,,87039,4,,,1,15,,86980,4,,,1,55,,87000,4,,,1,15,,87020,4,,,1,15,,87040,4,,,1,15,,86981,4,,,1,55,,87001,4,,,1,15,,87021,4,,,1,15,,87041,4,,,1,15,,86982,4,,,1,55,,87002,4,,,1,15,,87022,4,,,1,15,,87042,4,,,1,15,,86983,4,,,1,55,,87003,4,,,1,15,,87023,4,,,1,15,,87043,4,,,1,15,,86984,4,,,1,55,,87004,4,,,1,15,,87024,4,,,1,15,,87044,4,,,1,15,,86985,4,,,1,55,,87005,4,,,1,15,,87025,4,,,1,15,,87045,4,,,1,15,,86986,4,,,1,55,,87006,4,,,1,15,,87026,4,,,1,15,,87046,4,,,1,15,,86987,4,,,1,55,,87007,4,,,1,15,,87027,4,,,1,15,,87047,4,,,1,15,,86988,4,,,1,55,,87008,4,,,1,15,,87028,4,,,1,15,,87048,4,,,1,15,,86989,4,,,1,55,,87009,4,,,1,15,,87029,4,,,1,15,,87049,4,,,1,15,,86990,4,,,1,55,,87010,4,,,1,15,,87030,4,,,1,15,,87050,4,,,1,15,,86991,4,,,1,55,,87011,4,,,1,15,,87031,4,,,1,15,,87051,4,,,1,15,,86992,4,,,1,55,,87012,4,,,1,15,,87032,4,,,1,15,,87052,4,,,1,15,,86993,4,,,1,55,,87013,4,,,1,15,,87033,4,,,1,15,,87053,4,,,1,15,,86994,4,,,1,55,,87014,4,,,1,15,,87034,4,,,1,15,,87054,4,,,1,15,,86995,4,,,1,55,,87015,4,,,1,15,,87035,4,,,1,15,,87055,4,,,1,15,,86996,4,,,1,55,,87016,4,,,1
1,'20261124',546,,87115,4,,,1,55,,87056,4,,,1,12,,87076,4,,,1,15,,87096,4,,,1,15,,87116,4,,,1,15,,87057,4,,,1,55,,87077,4,,,1,15,,87097,4,,,1,15,,87117,4,,,1,15,,87058,4,,,1,55,,87078,4,,,1,15,,87098,4,,,1,15,,87118,4,,,1,15,,87059,4,,,1,55,,87079,4,,,1,15,,87099,4,,,1,15,,87119,4,,,1,15,,87060,4,,,1,55,,87080,4,,,1,15,,87100,4,,,1,15,,87120,4,,,1,15,,87061,4,,,1,55,,87081,4,,,1,15,,87101,4,,,1,15,,87121,4,,,1,15,,87062,4,,,1,55,,87082,4,,,1,15,,87102,4,,,1,15,,87122,4,,,1,15,,87063,4,,,1,55,,87083,4,,,1,15,,87103,4,,,1,15,,87123,4,,,1,15,,87064,4,,,1,55,,87084,4,,,1,15,,87104,4,,,1,15,,87124,4,,,1,15,,87065,4,,,1,55,,87085,4,,,1,15,,87105,4,,,1,15,,87125,4,,,1,15,,87066,4,,,1,55,,87086,4,,,1,15,,87106,4,,,1,15,,87126,4,,,1,15,,87067,4,,,1,55,,87087,4,,,1,15,,87107,4,,,1,15,,87127,4,,,1,15,,87068,4,,,1,55,,87088,4,,,1,15,,87108,4,,,1,15,,87128,4,,,1,15,,87069,4,,,1,55,,87089,4,,,1,15,,87109,4,,,1,15,,87129,4,,,1,15,,87070,4,,,1,55,,87090,4,,,1,15,,87110,4,,,1,15,,87130,4,,,1,15,,87071,4,,,1,55,,87091,4,,,1,15,,87111,4,,,1,15,,87131,4,,,1,15,,87072,4,,,1,55,,87092,4,,,1,15,,87112,4,,,1,15,,87132,4,,,1,15,,87073,4,,,1,55,,87093,4,,,1,15,,87113,4,,,1,15,,87133,4,,,1,15,,87074,4,,,1,55,,87094,4,,,1,15,,87114,4,,,1,15,,87134,4,,,1,15,,87075,4,,,1,55,,87095,4,,,1
1,'20261125',546,,87194,4,,,1,55,,87135,4,,,1,12,,87155,4,,,1,15,,87175,4,,,1,15,,87195,4,,,1,15,,87136,4,,,1,55,,87156,4,,,1,15,,87176,4,,,1,15,,87196,4,,,1,15,,87137,4,,,1,55,,87157,4,,,1,15,,87177,4,,,1,15,,87197,4,,,1,15,,87138,4,,,1,55,,87158,4,,,1,15,,87178,4,,,1,15,,87198,4,,,1,15,,87139,4,,,1,55,,87159,4,,,1,15,,87179,4,,,1,15,,87199,4,,,1,15,,87140,4,,,1,55,,87160,4,,,1,15,,87180,4,,,1,15,,87200,4,,,1,15,,87141,4,,,1,55,,87161,4,,,1,15,,87181,4,,,1,15,,87201,4,,,1,15,,87142,4,,,1,55,,87162,4,,,1,15,,87182,4,,,1,15,,87202,4,,,1,15,,87143,4,,,1,55,,87163,4,,,1,15,,87183,4,,,1,15,,87203,4,,,1,15,,87144,4,,,1,55,,87164,4,,,1,15,,87184,4,,,1,15,,87204,4,,,1,15,,87145,4,,,1,55,,87165,4,,,1,15,,87185,4,,,1,15,,87205,4,,,1,15,,87146,4,,,1,55,,87166,4,,,1,15,,87186,4,,,1,15,,87206,4,,,1,15,,87147,4,,,1,55,,87167,4,,,1,15,,87187,4,,,1,15,,87207,4,,,1,15,,87148,4,,,1,55,,87168,4,,,1,15,,87188,4,,,1,15,,87208,4,,,1,15,,87149,4,,,1,55,,87169,4,,,1,15,,87189,4,,,1,15,,87209,4,,,1,15,,87150,4,,,1,55,,87170,4,,,1,15,,87190,4,,,1,15,,87210,4,,,1,15,,87151,4,,,1,55,,87171,4,,,1,15,,87191,4,,,1,15,,87211,4,,,1,15,,87152,4,,,1,55,,87172,4,,,1,15,,87192,4,,,1,15,,87212,4,,,1,15,,87153,4,,,1,55,,87173,4,,,1,15,,87193,4,,,1,15,,87213,4,,,1,15,,87154,4,,,1,55,,87174,4,,,1
1,'20261126',546,,87273,4,,,1,55,,87214,4,,,1,12,,87234,4,,,1,15,,87254,4,,,1,15,,87274,4,,,1,15,,87215,4,,,1,55,,87235,4,,,1,15,,87255,4,,,1,15,,87275,4,,,1,15,,87216,4,,,1,55,,87236,4,,,1,15,,87256,4,,,1,15,,87276,4,,,1,15,,87217,4,,,1,55,,87237,4,,,1,15,,87257,4,,,1,15,,87277,4,,,1,15,,87218,4,,,1,55,,87238,4,,,1,15,,87258,4,,,1,15,,87278,4,,,1,15,,87219,4,,,1,55,,87239,4,,,1,15,,87259,4,,,1,15,,87279,4,,,1,15,,87220,4,,,1,55,,87240,4,,,1,15,,87260,4,,,1,15,,87280,4,,,1,15,,87221,4,,,1,55,,87241,4,,,1,15,,87261,4,,,1,15,,87281,4,,,1,15,,87222,4,,,1,55,,87242,4,,,1,15,,87262,4,,,1,15,,87282,4,,,1,15,,87223,4,,,1,55,,87243,4,,,1,15,,87263,4,,,1,15,,87283,4,,,1,15,,87224,4,,,1,55,,87244,4,,,1,15,,87264,4,,,1,15,,87284,4,,,1,15,,87225,4,,,1,55,,87245,4,,,1,15,,87265,4,,,1,15,,87285,4,,,1,15,,87226,4,,,1,55,,87246,4,,,1,15,,87266,4,,,1,15,,87286,4,,,1,15,,87227,4,,,1,55,,87247,4,,,1,15,,87267,4,,,1,15,,87287,4,,,1,15,,87228,4,,,1,55,,87248,4,,,1,15,,87268,4,,,1,15,,87288,4,,,1,15,,87229,4,,,1,55,,87249,4,,,1,15,,87269,4,,,1,15,,87289,4,,,1,15,,87230,4,,,1,55,,87250,4,,,1,15,,87270,4,,,1,15,,87290,4,,,1,15,,87231,4,,,1,55,,87251,4,,,1,15,,87271,4,,,1,15,,87291,4,,,1,15,,87232,4,,,1,55,,87252,4,,,1,15,,87272,4,,,1,15,,87292,4,,,1,15,,87233,4,,,1,55,,87253,4,,,1
1,'20261127',546,,87352,4,,,1,55,,87293,4,,,1,12,,87313,4,,,1,15,,87333,4,,,1,15,,87353,4,,,1,15,,87294,4,,,1,55,,87314,4,,,1,15,,87334,4,,,1,15,,87354,4,,,1,15,,87295,4,,,1,55,,87315,4,,,1,15,,87335,4,,,1,15,,87355,4,,,1,15,,87296,4,,,1,55,,87316,4,,,1,15,,87336,4,,,1,15,,87356,4,,,1,15,,87297,4,,,1,55,,87317,4,,,1,15,,87337,4,,,1,15,,87357,4,,,1,15,,87298,4,,,1,55,,87318,4,,,1,15,,87338,4,,,1,15,,87358,4,,,1,15,,87299,4,,,1,55,,87319,4,,,1,15,,87339,4,,,1,15,,87359,4,,,1,15,,87300,4,,,1,55,,87320,4,,,1,15,,87340,4,,,1,15,,87360,4,,,1,15,,87301,4,,,1,55,,87321,4,,,1,15,,87341,4,,,1,15,,87361,4,,,1,15,,87302,4,,,1,55,,87322,4,,,1,15,,87342,4,,,1,15,,87362,4,,,1,15,,87303,4,,,1,55,,87323,4,,,1,15,,87343,4,,,1,15,,87363,4,,,1,15,,87304,4,,,1,55,,87324,4,,,1,15,,87344,4,,,1,15,,87364,4,,,1,15,,87305,4,,,1,55,,87325,4,,,1,15,,87345,4,,,1,15,,87365,4,,,1,15,,87306,4,,,1,55,,87326,4,,,1,15,,87346,4,,,1,15,,87366,4,,,1,15,,87307,4,,,1,55,,87327,4,,,1,15,,87347,4,,,1,15,,87367,4,,,1,15,,87308,4,,,1,55,,87328,4,,,1,15,,87348,4,,,1,15,,87368,4,,,1,15,,87309,4,,,1,55,,87329,4,,,1,15,,87349,4,,,1,15,,87369,4,,,1,15,,87310,4,,,1,55,,87330,4,,,1,15,,87350,4,,,1,15,,87370,4,,,1,15,,87311,4,,,1,55,,87331,4,,,1,15,,87351,4,,,1,15,,87371,4,,,1,15,,87312,4,,,1,55,,87332,4,,,1
1,'20261128',643,,87428,4,,,1,15,,87372,4,,,1,55,,87391,4,,,1,15,,87410,4,,,1,15,,87429,4,,,1,15,,87373,4,,,1,55,,87392,4,,,1,15,,87411,4,,,1,15,,87430,4,,,1,15,,87374,4,,,1,55,,87393,4,,,1,15,,87412,4,,,1,15,,87431,4,,,1,15,,87375,4,,,1,55,,87394,4,,,1,15,,87413,4,,,1,15,,87432,4,,,1,15,,87376,4,,,1,55,,87395,4,,,1,15,,87414,4,,,1,15,,87433,4,,,1,15,,87377,4,,,1,55,,87396,4,,,1,15,,87415,4,,,1,15,,87434,4,,,1,15,,87378,4,,,1,55,,87397,4,,,1,15,,87416,4,,,1,15,,87435,4,,,1,15,,87379,4,,,1,55,,87398,4,,,1,15,,87417,4,,,1,15,,87436,4,,,1,15,,87380,4,,,1,55,,87399,4,,,1,15,,87418,4,,,1,15,,87437,4,,,1,15,,87381,4,,,1,55,,87400,4,,,1,15,,87419,4,,,1,15,,87438,4,,,1,15,,87382,4,,,1,55,,87401,4,,,1,15,,87420,4,,,1,15,,87439,4,,,1,15,,87383,4,,,1,55,,87402,4,,,1,15,,87421,4,,,1,15,,87440,4,,,1,15,,87384,4,,,1,55,,87403,4,,,1,15,,87422,4,,,1,15,,87441,4,,,1,15,,87385,4,,,1,55,,87404,4,,,1,15,,87423,4,,,1,15,,87442,4,,,1,15,,87386,4,,,1,55,,87405,4,,,1,15,,87424,4,,,1,15,,87443,4,,,1,15,,87387,4,,,1,55,,87406,4,,,1,15,,87425,4,,,1,15,,87444,4,,,1,15,,87388,4,,,1,55,,87407,4,,,1,15,,87426,4,,,1,15,,87445,4,,,1,15,,87389,4,,,1,55,,87408,4,,,1,15,,87427,4,,,1,15,,87446,4,,,1,15,,87390,4,,,1,55,,87409,4,,,1
1,'20261129',643,,87503,4,,,1,15,,87447,4,,,1,55,,87466,4,,,1,15,,87485,4,,,1,15,,87504,4,,,1,15,,87448,4,,,1,55,,87467,4,,,1,15,,87486,4,,,1,15,,87505,4,,,1,15,,87449,4,,,1,55,,87468,4,,,1,15,,87487,4,,,1,15,,87506,4,,,1,15,,87450,4,,,1,55,,87469,4,,,1,15,,87488,4,,,1,15,,87507,4,,,1,15,,87451,4,,,1,55,,87470,4,,,1,15,,87489,4,,,1,15,,87508,4,,,1,15,,87452,4,,,1,55,,87471,4,,,1,15,,87490,4,,,1,15,,87509,4,,,1,15,,87453,4,,,1,55,,87472,4,,,1,15,,87491,4,,,1,15,,87510,4,,,1,15,,87454,4,,,1,55,,87473,4,,,1,15,,87492,4,,,1,15,,87511,4,,,1,15,,87455,4,,,1,55,,87474,4,,,1,15,,87493,4,,,1,15,,87512,4,,,1,15,,87456,4,,,1,55,,87475,4,,,1,15,,87494,4,,,1,15,,87513,4,,,1,15,,87457,4,,,1,55,,87476,4,,,1,15,,87495,4,,,1,15,,87514,4,,,1,15,,87458,4,,,1,55,,87477,4,,,1,15,,87496,4,,,1,15,,87515,4,,,1,15,,87459,4,,,1,55,,87478,4,,,1,15,,87497,4,,,1,15,,87516,4,,,1,15,,87460,4,,,1,55,,87479,4,,,1,15,,87498,4,,,1,15,,87517,4,,,1,15,,87461,4,,,1,55,,87480,4,,,1,15,,87499,4,,,1,15,,87518,4,,,1,15,,87462,4,,,1,55,,87481,4,,,1,15,,87500,4,,,1,15,,87519,4,,,1,15,,87463,4,,,1,55,,87482,4,,,1,15,,87501,4,,,1,15,,87520,4,,,1,15,,87464,4,,,1,55,,87483,4,,,1,15,,87502,4,,,1,15,,87521,4,,,1,15,,87465,4,,,1,55,,87484,4,,,1
1,'20261130',546,,87581,4,,,1,55,,87522,4,,,1,12,,87542,4,,,1,15,,87562,4,,,1,15,,87582,4,,,1,15,,87523,4,,,1,55,,87543,4,,,1,15,,87563,4,,,1,15,,87583,4,,,1,15,,87524,4,,,1,55,,87544,4,,,1,15,,87564,4,,,1,15,,87584,4,,,1,15,,87525,4,,,1,55,,87545,4,,,1,15,,87565,4,,,1,15,,87585,4,,,1,15,,87526,4,,,1,55,,87546,4,,,1,15,,87566,4,,,1,15,,87586,4,,,1,15,,87527,4,,,1,55,,87547,4,,,1,15,,87567,4,,,1,15,,87587,4,,,1,15,,87528,4,,,1,55,,87548,4,,,1,15,,87568,4,,,1,15,,87588,4,,,1,15,,87529,4,,,1,55,,87549,4,,,1,15,,87569,4,,,1,15,,87589,4,,,1,15,,87530,4,,,1,55,,87550,4,,,1,15,,87570,4,,,1,15,,87590,4,,,1,15,,87531,4,,,1,55,,87551,4,,,1,15,,87571,4,,,1,15,,87591,4,,,1,15,,87532,4,,,1,55,,87552,4,,,1,15,,87572,4,,,1,15,,87592,4,,,1,15,,87533,4,,,1,55,,87553,4,,,1,15,,87573,4,,,1,15,,87593,4,,,1,15,,87534,4,,,1,55,,87554,4,,,1,15,,87574,4,,,1,15,,87594,4,,,1,15,,87535,4,,,1,55,,87555,4,,,1,15,,87575,4,,,1,15,,87595,4,,,1,15,,87536,4,,,1,55,,87556,4,,,1,15,,87576,4,,,1,15,,87596,4,,,1,15,,87537,4,,,1,55,,87557,4,,,1,15,,87577,4,,,1,15,,87597,4,,,1,15,,87538,4,,,1,55,,87558,4,,,1,15,,87578,4,,,1,15,,87598,4,,,1,15,,87539,4,,,1,55,,87559,4,,,1,15,,87579,4,,,1,15,,87599,4,,,1,15,,87540,4,,,1,55,,87560,4,,,1,15,,87580,4,,,1,15,,87600,4,,,1,15,,87541,4,,,1,55,,87561,4,,,1
1,'20261201',546,,87660,4,,,1,55,,87601,4,,,1,12,,87621,4,,,1,15,,87641,4,,,1,15,,87661,4,,,1,15,,87602,4,,,1,55,,87622,4,,,1,15,,87642,4,,,1,15,,87662,4,,,1,15,,87603,4,,,1,55,,87623,4,,,1,15,,87643,4,,,1,15,,87663,4,,,1,15,,87604,4,,,1,55,,87624,4,,,1,15,,87644,4,,,1,15,,87664,4,,,1,15,,87605,4,,,1,55,,87625,4,,,1,15,,87645,4,,,1,15,,87665,4,,,1,15,,87606,4,,,1,55,,87626,4,,,1,15,,87646,4,,,1,15,,87666,4,,,1,15,,87607,4,,,1,55,,87627,4,,,1,15,,87647,4,,,1,15,,87667,4,,,1,15,,87608,4,,,1,55,,87628,4,,,1,15,,87648,4,,,1,15,,87668,4,,,1,15,,87609,4,,,1,55,,87629,4,,,1,15,,87649,4,,,1,15,,87669,4,,,1,15,,87610,4,,,1,55,,87630,4,,,1,15,,87650,4,,,1,15,,87670,4,,,1,15,,87611,4,,,1,55,,87631,4,,,1,15,,87651,4,,,1,15,,87671,4,,,1,15,,87612,4,,,1,55,,87632,4,,,1,15,,87652,4,,,1,15,,87672,4,,,1,15,,87613,4,,,1,55,,87633,4,,,1,15,,87653,4,,,1,15,,87673,4,,,1,15,,87614,4,,,1,55,,87634,4,,,1,15,,87654,4,,,1,15,,87674,4,,,1,15,,87615,4,,,1,55,,87635,4,,,1,15,,87655,4,,,1,15,,87675,4,,,1,15,,87616,4,,,1,55,,87636,4,,,1,15,,87656,4,,,1,15,,87676,4,,,1,15,,87617,4,,,1,55,,87637,4,,,1,15,,87657,4,,,1,15,,87677,4,,,1,15,,87618,4,,,1,55,,87638,4,,,1,15,,87658,4,,,1,15,,87678,4,,,1,15,,87619,4,,,1,55,,87639,4,,,1,15,,87659,4,,,1,15,,87679,4,,,1,15,,87620,4,,,1,55,,87640,4,,,1
1,'20261202',546,,87739,4,,,1,55,,87680,4,,,1,12,,87700,4,,,1,15,,87720,4,,,1,15,,87740,4,,,1,15,,87681,4,,,1,55,,87701,4,,,1,15,,87721,4,,,1,15,,87741,4,,,1,15,,87682,4,,,1,55,,87702,4,,,1,15,,87722,4,,,1,15,,87742,4,,,1,15,,87683,4,,,1,55,,87703,4,,,1,15,,87723,4,,,1,15,,87743,4,,,1,15,,87684,4,,,1,55,,87704,4,,,1,15,,87724,4,,,1,15,,87744,4,,,1,15,,87685,4,,,1,55,,87705,4,,,1,15,,87725,4,,,1,15,,87745,4,,,1,15,,87686,4,,,1,55,,87706,4,,,1,15,,87726,4,,,1,15,,87746,4,,,1,15,,87687,4,,,1,55,,87707,4,,,1,15,,87727,4,,,1,15,,87747,4,,,1,15,,87688,4,,,1,55,,87708,4,,,1,15,,87728,4,,,1,15,,87748,4,,,1,15,,87689,4,,,1,55,,87709,4,,,1,15,,87729,4,,,1,15,,87749,4,,,1,15,,87690,4,,,1,55,,87710,4,,,1,15,,87730,4,,,1,15,,87750,4,,,1,15,,87691,4,,,1,55,,87711,4,,,1,15,,87731,4,,,1,15,,87751,4,,,1,15,,87692,4,,,1,55,,87712,4,,,1,15,,87732,4,,,1,15,,87752,4,,,1,15,,87693,4,,,1,55,,87713,4,,,1,15,,87733,4,,,1,15,,87753,4,,,1,15,,87694,4,,,1,55,,87714,4,,,1,15,,87734,4,,,1,15,,87754,4,,,1,15,,87695,4,,,1,55,,87715,4,,,1,15,,87735,4,,,1,15,,87755,4,,,1,15,,87696,4,,,1,55,,87716,4,,,1,15,,87736,4,,,1,15,,87756,4,,,1,15,,87697,4,,,1,55,,87717,4,,,1,15,,87737,4,,,1,15,,87757,4,,,1,15,,87698,4,,,1,55,,87718,4,,,1,15,,87738,4,,,1,15,,87758,4,,,1,15,,87699,4,,,1,55,,87719,4,,,1
1,'20261203',546,,87818,4,,,1,55,,87759,4,,,1,12,,87779,4,,,1,15,,87799,4,,,1,15,,87819,4,,,1,15,,87760,4,,,1,55,,87780,4,,,1,15,,87800,4,,,1,15,,87820,4,,,1,15,,87761,4,,,1,55,,87781,4,,,1,15,,87801,4,,,1,15,,87821,4,,,1,15,,87762,4,,,1,55,,87782,4,,,1,15,,87802,4,,,1,15,,87822,4,,,1,15,,87763,4,,,1,55,,87783,4,,,1,15,,87803,4,,,1,15,,87823,4,,,1,15,,87764,4,,,1,55,,87784,4,,,1,15,,87804,4,,,1,15,,87824,4,,,1,15,,87765,4,,,1,55,,87785,4,,,1,15,,87805,4,,,1,15,,87825,4,,,1,15,,87766,4,,,1,55,,87786,4,,,1,15,,87806,4,,,1,15,,87826,4,,,1,15,,87767,4,,,1,55,,87787,4,,,1,15,,87807,4,,,1,15,,87827,4,,,1,15,,87768,4,,,1,55,,87788,4,,,1,15,,87808,4,,,1,15,,87828,4,,,1,15,,87769,4,,,1,55,,87789,4,,,1,15,,87809,4,,,1,15,,87829,4,,,1,15,,87770,4,,,1,55,,87790,4,,,1,15,,87810,4,,,1,15,,87830,4,,,1,15,,87771,4,,,1,55,,87791,4,,,1,15,,87811,4,,,1,15,,87831,4,,,1,15,,87772,4,,,1,55,,87792,4,,,1,15,,87812,4,,,1,15,,87832,4,,,1,15,,87773,4,,,1,55,,87793,4,,,1,15,,87813,4,,,1,15,,87833,4,,,1,15,,87774,4,,,1,55,,87794,4,,,1,15,,87814,4,,,1,15,,87834,4,,,1,15,,87775,4,,,1,55,,87795,4,,,1,15,,87815,4,,,1,15,,87835,4,,,1,15,,87776,4,,,1,55,,87796,4,,,1,15,,87816,4,,,1,15,,87836,4,,,1,15,,87777,4,,,1,55,,87797,4,,,1,15,,87817,4,,,1,15,,87837,4,,,1,15,,87778,4,,,1,55,,87798,4,,,1
1,'20261204',546,,87897,4,,,1,55,,87838,4,,,1,12,,87858,4,,,1,15,,87878,4,,,1,15,,87898,4,,,1,15,,87839,4,,,1,55,,87859,4,,,1,15,,87879,4,,,1,15,,87899,4,,,1,15,,87840,4,,,1,55,,87860,4,,,1,15,,87880,4,,,1,15,,87900,4,,,1,15,,87841,4,,,1,55,,87861,4,,,1,15,,87881,4,,,1,15,,87901,4,,,1,15,,87842,4,,,1,55,,87862,4,,,1,15,,87882,4,,,1,15,,87902,4,,,1,15,,87843,4,,,1,55,,87863,4,,,1,15,,87883,4,,,1,15,,87903,4,,,1,15,,87844,4,,,1,55,,87864,4,,,1,15,,87884,4,,,1,15,,87904,4,,,1,15,,87845,4,,,1,55,,87865,4,,,1,15,,87885,4,,,1,15,,87905,4,,,1,15,,87846,4,,,1,55,,87866,4,,,1,15,,87886,4,,,1,15,,87906,4,,,1,15,,87847,4,,,1,55,,87867,4,,,1,15,,87887,4,,,1,15,,87907,4,,,1,15,,87848,4,,,1,55,,87868,4,,,1,15,,87888,4,,,1,15,,87908,4,,,1,15,,87849,4,,,1,55,,87869,4,,,1,15,,87889,4,,,1,15,,87909,4,,,1,15,,87850,4,,,1,55,,87870,4,,,1,15,,87890,4,,,1,15,,87910,4,,,1,15,,87851,4,,,1,55,,87871,4,,,1,15,,87891,4,,,1,15,,87911,4,,,1,15,,87852,4,,,1,55,,87872,4,,,1,15,,87892,4,,,1,15,,87912,4,,,1,15,,87853,4,,,1,55,,87873,4,,,1,15,,87893,4,,,1,15,,87913,4,,,1,15,,87854,4,,,1,55,,87874,4,,,1,15,,87894,4,,,1,15,,87914,4,,,1,15,,87855,4,,,1,55,,87875,4,,,1,15,,87895,4,,,1,15,,87915,4,,,1,15,,87856,4,,,1,55,,87876,4,,,1,15,,87896,4,,,1,15,,87916,4,,,1,15,,87857,4,,,1,55,,87877,4,,,1
1,'20261205',643,,87973,4,,,1,15,,87917,4,,,1,55,,87936,4,,,1,15,,87955,4,,,1,15,,87974,4,,,1,15,,87918,4,,,1,55,,87937,4,,,1,15,,87956,4,,,1,15,,87975,4,,,1,15,,87919,4,,,1,55,,87938,4,,,1,15,,87957,4,,,1,15,,87976,4,,,1,15,,87920,4,,,1,55,,87939,4,,,1,15,,87958,4,,,1,15,,87977,4,,,1,15,,87921,4,,,1,55,,87940,4,,,1,15,,87959,4,,,1,15,,87978,4,,,1,15,,87922,4,,,1,55,,87941,4,,,1,15,,87960,4,,,1,15,,87979,4,,,1,15,,87923,4,,,1,55,,87942,4,,,1,15,,87961,4,,,1,15,,87980,4,,,1,15,,87924,4,,,1,55,,87943,4,,,1,15,,87962,4,,,1,15,,87981,4,,,1,15,,87925,4,,,1,55,,87944,4,,,1,15,,87963,4,,,1,15,,87982,4,,,1,15,,87926,4,,,1,55,,87945,4,,,1,15,,87964,4,,,1,15,,87983,4,,,1,15,,87927,4,,,1,55,,87946,4,,,1,15,,87965,4,,,1,15,,87984,4,,,1,15,,87928,4,,,1,55,,87947,4,,,1,15,,87966,4,,,1,15,,87985,4,,,1,15,,87929,4,,,1,55,,87948,4,,,1,15,,87967,4,,,1,15,,87986,4,,,1,15,,87930,4,,,1,55,,87949,4,,,1,15,,87968,4,,,1,15,,87987,4,,,1,15,,87931,4,,,1,55,,87950,4,,,1,15,,87969,4,,,1,15,,87988,4,,,1,15,,87932,4,,,1,55,,87951,4,,,1,15,,87970,4,,,1,15,,87989,4,,,1,15,,87933,4,,,1,55,,87952,4,,,1,15,,87971,4,,,1,15,,87990,4,,,1,15,,87934,4,,,1,55,,87953,4,,,1,15,,87972,4,,,1,15,,87991,4,,,1,15,,87935,4,,,1,55,,87954,4,,,1
1,'20261206',643,,88048,4,,,1,15,,87992,4,,,1,55,,88011,4,,,1,15,,88030,4,,,1,15,,88049,4,,,1,15,,87993,4,,,1,55,,88012,4,,,1,15,,88031,4,,,1,15,,88050,4,,,1,15,,87994,4,,,1,55,,88013,4,,,1,15,,88032,4,,,1,15,,88051,4,,,1,15,,87995,4,,,1,55,,88014,4,,,1,15,,88033,4,,,1,15,,88052,4,,,1,15,,87996,4,,,1,55,,88015,4,,,1,15,,88034,4,,,1,15,,88053,4,,,1,15,,87997,4,,,1,55,,88016,4,,,1,15,,88035,4,,,1,15,,88054,4,,,1,15,,87998,4,,,1,55,,88017,4,,,1,15,,88036,4,,,1,15,,88055,4,,,1,15,,87999,4,,,1,55,,88018,4,,,1,15,,88037,4,,,1,15,,88056,4,,,1,15,,88000,4,,,1,55,,88019,4,,,1,15,,88038,4,,,1,15,,88057,4,,,1,15,,88001,4,,,1,55,,88020,4,,,1,15,,88039,4,,,1,15,,88058,4,,,1,15,,88002,4,,,1,55,,88021,4,,,1,15,,88040,4,,,1,15,,88059,4,,,1,15,,88003,4,,,1,55,,88022,4,,,1,15,,88041,4,,,1,15,,88060,4,,,1,15,,88004,4,,,1,55,,88023,4,,,1,15,,88042,4,,,1,15,,88061,4,,,1,15,,88005,4,,,1,55,,88024,4,,,1,15,,88043,4,,,1,15,,88062,4,,,1,15,,88006,4,,,1,55,,88025,4,,,1,15,,88044,4,,,1,15,,88063,4,,,1,15,,88007,4,,,1,55,,88026,4,,,1,15,,88045,4,,,1,15,,88064,4,,,1,15,,88008,4,,,1,55,,88027,4,,,1,15,,88046,4,,,1,15,,88065,4,,,1,15,,88009,4,,,1,55,,88028,4,,,1,15,,88047,4,,,1,15,,88066,4,,,1,15,,88010,4,,,1,55,,88029,4,,,1
1,'20261207',546,,88126,4,,,1,55,,88067,4,,,1,12,,88087,4,,,1,15,,88107,4,,,1,15,,88127,4,,,1,15,,88068,4,,,1,55,,88088,4,,,1,15,,88108,4,,,1,15,,88128,4,,,1,15,,88069,4,,,1,55,,88089,4,,,1,15,,88109,4,,,1,15,,88129,4,,,1,15,,88070,4,,,1,55,,88090,4,,,1,15,,88110,4,,,1,15,,88130,4,,,1,15,,88071,4,,,1,55,,88091,4,,,1,15,,88111,4,,,1,15,,88131,4,,,1,15,,88072,4,,,1,55,,88092,4,,,1,15,,88112,4,,,1,15,,88132,4,,,1,15,,88073,4,,,1,55,,88093,4,,,1,15,,88113,4,,,1,15,,88133,4,,,1,15,,88074,4,,,1,55,,88094,4,,,1,15,,88114,4,,,1,15,,88134,4,,,1,15,,88075,4,,,1,55,,88095,4,,,1,15,,88115,4,,,1,15,,88135,4,,,1,15,,88076,4,,,1,55,,88096,4,,,1,15,,88116,4,,,1,15,,88136,4,,,1,15,,88077,4,,,1,55,,88097,4,,,1,15,,88117,4,,,1,15,,88137,4,,,1,15,,88078,4,,,1,55,,88098,4,,,1,15,,88118,4,,,1,15,,88138,4,,,1,15,,88079,4,,,1,55,,88099,4,,,1,15,,88119,4,,,1,15,,88139,4,,,1,15,,88080,4,,,1,55,,88100,4,,,1,15,,88120,4,,,1,15,,88140,4,,,1,15,,88081,4,,,1,55,,88101,4,,,1,15,,88121,4,,,1,15,,88141,4,,,1,15,,88082,4,,,1,55,,88102,4,,,1,15,,88122,4,,,1,15,,88142,4,,,1,15,,88083,4,,,1,55,,88103,4,,,1,15,,88123,4,,,1,15,,88143,4,,,1,15,,88084,4,,,1,55,,88104,4,,,1,15,,88124,4,,,1,15,,88144,4,,,1,15,,88085,4,,,1,55,,88105,4,,,1,15,,88125,4,,,1,15,,88145,4,,,1,15,,88086,4,,,1,55,,88106,4,,,1
1,'20261208',546,,88205,4,,,1,55,,88146,4,,,1,12,,88166,4,,,1,15,,88186,4,,,1,15,,88206,4,,,1,15,,88147,4,,,1,55,,88167,4,,,1,15,,88187,4,,,1,15,,88207,4,,,1,15,,88148,4,,,1,55,,88168,4,,,1,15,,88188,4,,,1,15,,88208,4,,,1,15,,88149,4,,,1,55,,88169,4,,,1,15,,88189,4,,,1,15,,88209,4,,,1,15,,88150,4,,,1,55,,88170,4,,,1,15,,88190,4,,,1,15,,88210,4,,,1,15,,88151,4,,,1,55,,88171,4,,,1,15,,88191,4,,,1,15,,88211,4,,,1,15,,88152,4,,,1,55,,88172,4,,,1,15,,88192,4,,,1,15,,88212,4,,,1,15,,88153,4,,,1,55,,88173,4,,,1,15,,88193,4,,,1,15,,88213,4,,,1,15,,88154,4,,,1,55,,88174,4,,,1,15,,88194,4,,,1,15,,88214,4,,,1,15,,88155,4,,,1,55,,88175,4,,,1,15,,88195,4,,,1,15,,88215,4,,,1,15,,88156,4,,,1,55,,88176,4,,,1,15,,88196,4,,,1,15,,88216,4,,,1,15,,88157,4,,,1,55,,88177,4,,,1,15,,88197,4,,,1,15,,88217,4,,,1,15,,88158,4,,,1,55,,88178,4,,,1,15,,88198,4,,,1,15,,88218,4,,,1,15,,88159,4,,,1,55,,88179,4,,,1,15,,88199,4,,,1,15,,88219,4,,,1,15,,88160,4,,,1,55,,88180,4,,,1,15,,88200,4,,,1,15,,88220,4,,,1,15,,88161,4,,,1,55,,88181,4,,,1,15,,88201,4,,,1,15,,88221,4,,,1,15,,88162,4,,,1,55,,88182,4,,,1,15,,88202,4,,,1,15,,88222,4,,,1,15,,88163,4,,,1,55,,88183,4,,,1,15,,88203,4,,,1,15,,88223,4,,,1,15,,88164,4,,,1,55,,88184,4,,,1,15,,88204,4,,,1,15,,88224,4,,,1,15,,88165,4,,,1,55,,88185,4,,,1
1,'20261209',546,,88284,4,,,1,55,,88225,4,,,1,12,,88245,4,,,1,15,,88265,4,,,1,15,,88285,4,,,1,15,,88226,4,,,1,55,,88246,4,,,1,15,,88266,4,,,1,15,,88286,4,,,1,15,,88227,4,,,1,55,,88247,4,,,1,15,,88267,4,,,1,15,,88287,4,,,1,15,,88228,4,,,1,55,,88248,4,,,1,15,,88268,4,,,1,15,,88288,4,,,1,15,,88229,4,,,1,55,,88249,4,,,1,15,,88269,4,,,1,15,,88289,4,,,1,15,,88230,4,,,1,55,,88250,4,,,1,15,,88270,4,,,1,15,,88290,4,,,1,15,,88231,4,,,1,55,,88251,4,,,1,15,,88271,4,,,1,15,,88291,4,,,1,15,,88232,4,,,1,55,,88252,4,,,1,15,,88272,4,,,1,15,,88292,4,,,1,15,,88233,4,,,1,55,,88253,4,,,1,15,,88273,4,,,1,15,,88293,4,,,1,15,,88234,4,,,1,55,,88254,4,,,1,15,,88274,4,,,1,15,,88294,4,,,1,15,,88235,4,,,1,55,,88255,4,,,1,15,,88275,4,,,1,15,,88295,4,,,1,15,,88236,4,,,1,55,,88256,4,,,1,15,,88276,4,,,1,15,,88296,4,,,1,15,,88237,4,,,1,55,,88257,4,,,1,15,,88277,4,,,1,15,,88297,4,,,1,15,,88238,4,,,1,55,,88258,4,,,1,15,,88278,4,,,1,15,,88298,4,,,1,15,,88239,4,,,1,55,,88259,4,,,1,15,,88279,4,,,1,15,,88299,4,,,1,15,,88240,4,,,1,55,,88260,4,,,1,15,,88280,4,,,1,15,,88300,4,,,1,15,,88241,4,,,1,55,,88261,4,,,1,15,,88281,4,,,1,15,,88301,4,,,1,15,,88242,4,,,1,55,,88262,4,,,1,15,,88282,4,,,1,15,,88302,4,,,1,15,,88243,4,,,1,55,,88263,4,,,1,15,,88283,4,,,1,15,,88303,4,,,1,15,,88244,4,,,1,55,,88264,4,,,1
1,'20261210',546,,88363,4,,,1,55,,88304,4,,,1,12,,88324,4,,,1,15,,88344,4,,,1,15,,88364,4,,,1,15,,88305,4,,,1,55,,88325,4,,,1,15,,88345,4,,,1,15,,88365,4,,,1,15,,88306,4,,,1,55,,88326,4,,,1,15,,88346,4,,,1,15,,88366,4,,,1,15,,88307,4,,,1,55,,88327,4,,,1,15,,88347,4,,,1,15,,88367,4,,,1,15,,88308,4,,,1,55,,88328,4,,,1,15,,88348,4,,,1,15,,88368,4,,,1,15,,88309,4,,,1,55,,88329,4,,,1,15,,88349,4,,,1,15,,88369,4,,,1,15,,88310,4,,,1,55,,88330,4,,,1,15,,88350,4,,,1,15,,88370,4,,,1,15,,88311,4,,,1,55,,88331,4,,,1,15,,88351,4,,,1,15,,88371,4,,,1,15,,88312,4,,,1,55,,88332,4,,,1,15,,88352,4,,,1,15,,88372,4,,,1,15,,88313,4,,,1,55,,88333,4,,,1,15,,88353,4,,,1,15,,88373,4,,,1,15,,88314,4,,,1,55,,88334,4,,,1,15,,88354,4,,,1,15,,88374,4,,,1,15,,88315,4,,,1,55,,88335,4,,,1,15,,88355,4,,,1,15,,88375,4,,,1,15,,88316,4,,,1,55,,88336,4,,,1,15,,88356,4,,,1,15,,88376,4,,,1,15,,88317,4,,,1,55,,88337,4,,,1,15,,88357,4,,,1,15,,88377,4,,,1,15,,88318,4,,,1,55,,88338,4,,,1,15,,88358,4,,,1,15,,88378,4,,,1,15,,88319,4,,,1,55,,88339,4,,,1,15,,88359,4,,,1,15,,88379,4,,,1,15,,88320,4,,,1,55,,88340,4,,,1,15,,88360,4,,,1,15,,88380,4,,,1,15,,88321,4,,,1,55,,88341,4,,,1,15,,88361,4,,,1,15,,88381,4,,,1,15,,88322,4,,,1,55,,88342,4,,,1,15,,88362,4,,,1,15,,88382,4,,,1,15,,88323,4,,,1,55,,88343,4,,,1
1,'20261211',546,,88442,4,,,1,55,,88383,4,,,1,12,,88403,4,,,1,15,,88423,4,,,1,15,,88443,4,,,1,15,,88384,4,,,1,55,,88404,4,,,1,15,,88424,4,,,1,15,,88444,4,,,1,15,,88385,4,,,1,55,,88405,4,,,1,15,,88425,4,,,1,15,,88445,4,,,1,15,,88386,4,,,1,55,,88406,4,,,1,15,,88426,4,,,1,15,,88446,4,,,1,15,,88387,4,,,1,55,,88407,4,,,1,15,,88427,4,,,1,15,,88447,4,,,1,15,,88388,4,,,1,55,,88408,4,,,1,15,,88428,4,,,1,15,,88448,4,,,1,15,,88389,4,,,1,55,,88409,4,,,1,15,,88429,4,,,1,15,,88449,4,,,1,15,,88390,4,,,1,55,,88410,4,,,1,15,,88430,4,,,1,15,,88450,4,,,1,15,,88391,4,,,1,55,,88411,4,,,1,15,,88431,4,,,1,15,,88451,4,,,1,15,,88392,4,,,1,55,,88412,4,,,1,15,,88432,4,,,1,15,,88452,4,,,1,15,,88393,4,,,1,55,,88413,4,,,1,15,,88433,4,,,1,15,,88453,4,,,1,15,,88394,4,,,1,55,,88414,4,,,1,15,,88434,4,,,1,15,,88454,4,,,1,15,,88395,4,,,1,55,,88415,4,,,1,15,,88435,4,,,1,15,,88455,4,,,1,15,,88396,4,,,1,55,,88416,4,,,1,15,,88436,4,,,1,15,,88456,4,,,1,15,,88397,4,,,1,55,,88417,4,,,1,15,,88437,4,,,1,15,,88457,4,,,1,15,,88398,4,,,1,55,,88418,4,,,1,15,,88438,4,,,1,15,,88458,4,,,1,15,,88399,4,,,1,55,,88419,4,,,1,15,,88439,4,,,1,15,,88459,4,,,1,15,,88400,4,,,1,55,,88420,4,,,1,15,,88440,4,,,1,15,,88460,4,,,1,15,,88401,4,,,1,55,,88421,4,,,1,15,,88441,4,,,1,15,,88461,4,,,1,15,,88402,4,,,1,55,,88422,4,,,1
1,'20261212',643,,88518,4,,,1,15,,88462,4,,,1,55,,88481,4,,,1,15,,88500,4,,,1,15,,88519,4,,,1,15,,88463,4,,,1,55,,88482,4,,,1,15,,88501,4,,,1,15,,88520,4,,,1,15,,88464,4,,,1,55,,88483,4,,,1,15,,88502,4,,,1,15,,88521,4,,,1,15,,88465,4,,,1,55,,88484,4,,,1,15,,88503,4,,,1,15,,88522,4,,,1,15,,88466,4,,,1,55,,88485,4,,,1,15,,88504,4,,,1,15,,88523,4,,,1,15,,88467,4,,,1,55,,88486,4,,,1,15,,88505,4,,,1,15,,88524,4,,,1,15,,88468,4,,,1,55,,88487,4,,,1,15,,88506,4,,,1,15,,88525,4,,,1,15,,88469,4,,,1,55,,88488,4,,,1,15,,88507,4,,,1,15,,88526,4,,,1,15,,88470,4,,,1,55,,88489,4,,,1,15,,88508,4,,,1,15,,88527,4,,,1,15,,88471,4,,,1,55,,88490,4,,,1,15,,88509,4,,,1,15,,88528,4,,,1,15,,88472,4,,,1,55,,88491,4,,,1,15,,88510,4,,,1,15,,88529,4,,,1,15,,88473,4,,,1,55,,88492,4,,,1,15,,88511,4,,,1,15,,88530,4,,,1,15,,88474,4,,,1,55,,88493,4,,,1,15,,88512,4,,,1,15,,88531,4,,,1,15,,88475,4,,,1,55,,88494,4,,,1,15,,88513,4,,,1,15,,88532,4,,,1,15,,88476,4,,,1,55,,88495,4,,,1,15,,88514,4,,,1,15,,88533,4,,,1,15,,88477,4,,,1,55,,88496,4,,,1,15,,88515,4,,,1,15,,88534,4,,,1,15,,88478,4,,,1,55,,88497,4,,,1,15,,88516,4,,,1,15,,88535,4,,,1,15,,88479,4,,,1,55,,88498,4,,,1,15,,88517,4,,,1,15,,88536,4,,,1,15,,88480,4,,,1,55,,88499,4,,,1
1,'20261213',643,,88593,4,,,1,15,,88537,4,,,1,55,,88556,4,,,1,15,,88575,4,,,1,15,,88594,4,,,1,15,,88538,4,,,1,55,,88557,4,,,1,15,,88576,4,,,1,15,,88595,4,,,1,15,,88539,4,,,1,55,,88558,4,,,1,15,,88577,4,,,1,15,,88596,4,,,1,15,,88540,4,,,1,55,,88559,4,,,1,15,,88578,4,,,1,15,,88597,4,,,1,15,,88541,4,,,1,55,,88560,4,,,1,15,,88579,4,,,1,15,,88598,4,,,1,15,,88542,4,,,1,55,,88561,4,,,1,15,,88580,4,,,1,15,,88599,4,,,1,15,,88543,4,,,1,55,,88562,4,,,1,15,,88581,4,,,1,15,,88600,4,,,1,15,,88544,4,,,1,55,,88563,4,,,1,15,,88582,4,,,1,15,,88601,4,,,1,15,,88545,4,,,1,55,,88564,4,,,1,15,,88583,4,,,1,15,,88602,4,,,1,15,,88546,4,,,1,55,,88565,4,,,1,15,,88584,4,,,1,15,,88603,4,,,1,15,,88547,4,,,1,55,,88566,4,,,1,15,,88585,4,,,1,15,,88604,4,,,1,15,,88548,4,,,1,55,,88567,4,,,1,15,,88586,4,,,1,15,,88605,4,,,1,15,,88549,4,,,1,55,,88568,4,,,1,15,,88587,4,,,1,15,,88606,4,,,1,15,,88550,4,,,1,55,,88569,4,,,1,15,,88588,4,,,1,15,,88607,4,,,1,15,,88551,4,,,1,55,,88570,4,,,1,15,,88589,4,,,1,15,,88608,4,,,1,15,,88552,4,,,1,55,,88571,4,,,1,15,,88590,4,,,1,15,,88609,4,,,1,15,,88553,4,,,1,55,,88572,4,,,1,15,,88591,4,,,1,15,,88610,4,,,1,15,,88554,4,,,1,55,,88573,4,,,1,15,,88592,4,,,1,15,,88611,4,,,1,15,,88555,4,,,1,55,,88574,4,,,1
1,'20261214',546,,88671,4,,,1,55,,88612,4,,,1,12,,88632,4,,,1,15,,88652,4,,,1,15,,88672,4,,,1,15,,88613,4,,,1,55,,88633,4,,,1,15,,88653,4,,,1,15,,88673,4,,,1,15,,88614,4,,,1,55,,88634,4,,,1,15,,88654,4,,,1,15,,88674,4,,,1,15,,88615,4,,,1,55,,88635,4,,,1,15,,88655,4,,,1,15,,88675,4,,,1,15,,88616,4,,,1,55,,88636,4,,,1,15,,88656,4,,,1,15,,88676,4,,,1,15,,88617,4,,,1,55,,88637,4,,,1,15,,88657,4,,,1,15,,88677,4,,,1,15,,88618,4,,,1,55,,88638,4,,,1,15,,88658,4,,,1,15,,88678,4,,,1,15,,88619,4,,,1,55,,88639,4,,,1,15,,88659,4,,,1,15,,88679,4,,,1,15,,88620,4,,,1,55,,88640,4,,,1,15,,88660,4,,,1,15,,88680,4,,,1,15,,88621,4,,,1,55,,88641,4,,,1,15,,88661,4,,,1,15,,88681,4,,,1,15,,88622,4,,,1,55,,88642,4,,,1,15,,88662,4,,,1,15,,88682,4,,,1,15,,88623,4,,,1,55,,88643,4,,,1,15,,88663,4,,,1,15,,88683,4,,,1,15,,88624,4,,,1,55,,88644,4,,,1,15,,88664,4,,,1,15,,88684,4,,,1,15,,88625,4,,,1,55,,88645,4,,,1,15,,88665,4,,,1,15,,88685,4,,,1,15,,88626,4,,,1,55,,88646,4,,,1,15,,88666,4,,,1,15,,88686,4,,,1,15,,88627,4,,,1,55,,88647,4,,,1,15,,88667,4,,,1,15,,88687,4,,,1,15,,88628,4,,,1,55,,88648,4,,,1,15,,88668,4,,,1,15,,88688,4,,,1,15,,88629,4,,,1,55,,88649,4,,,1,15,,88669,4,,,1,15,,88689,4,,,1,15,,88630,4,,,1,55,,88650,4,,,1,15,,88670,4,,,1,15,,88690,4,,,1,15,,88631,4,,,1,55,,88651,4,,,1
1,'20261215',546,,88750,4,,,1,55,,88691,4,,,1,12,,88711,4,,,1,15,,88731,4,,,1,15,,88751,4,,,1,15,,88692,4,,,1,55,,88712,4,,,1,15,,88732,4,,,1,15,,88752,4,,,1,15,,88693,4,,,1,55,,88713,4,,,1,15,,88733,4,,,1,15,,88753,4,,,1,15,,88694,4,,,1,55,,88714,4,,,1,15,,88734,4,,,1,15,,88754,4,,,1,15,,88695,4,,,1,55,,88715,4,,,1,15,,88735,4,,,1,15,,88755,4,,,1,15,,88696,4,,,1,55,,88716,4,,,1,15,,88736,4,,,1,15,,88756,4,,,1,15,,88697,4,,,1,55,,88717,4,,,1,15,,88737,4,,,1,15,,88757,4,,,1,15,,88698,4,,,1,55,,88718,4,,,1,15,,88738,4,,,1,15,,88758,4,,,1,15,,88699,4,,,1,55,,88719,4,,,1,15,,88739,4,,,1,15,,88759,4,,,1,15,,88700,4,,,1,55,,88720,4,,,1,15,,88740,4,,,1,15,,88760,4,,,1,15,,88701,4,,,1,55,,88721,4,,,1,15,,88741,4,,,1,15,,88761,4,,,1,15,,88702,4,,,1,55,,88722,4,,,1,15,,88742,4,,,1,15,,88762,4,,,1,15,,88703,4,,,1,55,,88723,4,,,1,15,,88743,4,,,1,15,,88763,4,,,1,15,,88704,4,,,1,55,,88724,4,,,1,15,,88744,4,,,1,15,,88764,4,,,1,15,,88705,4,,,1,55,,88725,4,,,1,15,,88745,4,,,1,15,,88765,4,,,1,15,,88706,4,,,1,55,,88726,4,,,1,15,,88746,4,,,1,15,,88766,4,,,1,15,,88707,4,,,1,55,,88727,4,,,1,15,,88747,4,,,1,15,,88767,4,,,1,15,,88708,4,,,1,55,,88728,4,,,1,15,,88748,4,,,1,15,,88768,4,,,1,15,,88709,4,,,1,55,,88729,4,,,1,15,,88749,4,,,1,15,,88769,4,,,1,15,,88710,4,,,1,55,,88730,4,,,1
1,'20261216',546,,88829,4,,,1,55,,88770,4,,,1,12,,88790,4,,,1,15,,88810,4,,,1,15,,88830,4,,,1,15,,88771,4,,,1,55,,88791,4,,,1,15,,88811,4,,,1,15,,88831,4,,,1,15,,88772,4,,,1,55,,88792,4,,,1,15,,88812,4,,,1,15,,88832,4,,,1,15,,88773,4,,,1,55,,88793,4,,,1,15,,88813,4,,,1,15,,88833,4,,,1,15,,88774,4,,,1,55,,88794,4,,,1,15,,88814,4,,,1,15,,88834,4,,,1,15,,88775,4,,,1,55,,88795,4,,,1,15,,88815,4,,,1,15,,88835,4,,,1,15,,88776,4,,,1,55,,88796,4,,,1,15,,88816,4,,,1,15,,88836,4,,,1,15,,88777,4,,,1,55,,88797,4,,,1,15,,88817,4,,,1,15,,88837,4,,,1,15,,88778,4,,,1,55,,88798,4,,,1,15,,88818,4,,,1,15,,88838,4,,,1,15,,88779,4,,,1,55,,88799,4,,,1,15,,88819,4,,,1,15,,88839,4,,,1,15,,88780,4,,,1,55,,88800,4,,,1,15,,88820,4,,,1,15,,88840,4,,,1,15,,88781,4,,,1,55,,88801,4,,,1,15,,88821,4,,,1,15,,88841,4,,,1,15,,88782,4,,,1,55,,88802,4,,,1,15,,88822,4,,,1,15,,88842,4,,,1,15,,88783,4,,,1,55,,88803,4,,,1,15,,88823,4,,,1,15,,88843,4,,,1,15,,88784,4,,,1,55,,88804,4,,,1,15,,88824,4,,,1,15,,88844,4,,,1,15,,88785,4,,,1,55,,88805,4,,,1,15,,88825,4,,,1,15,,88845,4,,,1,15,,88786,4,,,1,55,,88806,4,,,1,15,,88826,4,,,1,15,,88846,4,,,1,15,,88787,4,,,1,55,,88807,4,,,1,15,,88827,4,,,1,15,,88847,4,,,1,15,,88788,4,,,1,55,,88808,4,,,1,15,,88828,4,,,1,15,,88848,4,,,1,15,,88789,4,,,1,55,,88809,4,,,1
1,'20261217',546,,88908,4,,,1,55,,88849,4,,,1,12,,88869,4,,,1,15,,88889,4,,,1,15,,88909,4,,,1,15,,88850,4,,,1,55,,88870,4,,,1,15,,88890,4,,,1,15,,88910,4,,,1,15,,88851,4,,,1,55,,88871,4,,,1,15,,88891,4,,,1,15,,88911,4,,,1,15,,88852,4,,,1,55,,88872,4,,,1,15,,88892,4,,,1,15,,88912,4,,,1,15,,88853,4,,,1,55,,88873,4,,,1,15,,88893,4,,,1,15,,88913,4,,,1,15,,88854,4,,,1,55,,88874,4,,,1,15,,88894,4,,,1,15,,88914,4,,,1,15,,88855,4,,,1,55,,88875,4,,,1,15,,88895,4,,,1,15,,88915,4,,,1,15,,88856,4,,,1,55,,88876,4,,,1,15,,88896,4,,,1,15,,88916,4,,,1,15,,88857,4,,,1,55,,88877,4,,,1,15,,88897,4,,,1,15,,88917,4,,,1,15,,88858,4,,,1,55,,88878,4,,,1,15,,88898,4,,,1,15,,88918,4,,,1,15,,88859,4,,,1,55,,88879,4,,,1,15,,88899,4,,,1,15,,88919,4,,,1,15,,88860,4,,,1,55,,88880,4,,,1,15,,88900,4,,,1,15,,88920,4,,,1,15,,88861,4,,,1,55,,88881,4,,,1,15,,88901,4,,,1,15,,88921,4,,,1,15,,88862,4,,,1,55,,88882,4,,,1,15,,88902,4,,,1,15,,88922,4,,,1,15,,88863,4,,,1,55,,88883,4,,,1,15,,88903,4,,,1,15,,88923,4,,,1,15,,88864,4,,,1,55,,88884,4,,,1,15,,88904,4,,,1,15,,88924,4,,,1,15,,88865,4,,,1,55,,88885,4,,,1,15,,88905,4,,,1,15,,88925,4,,,1,15,,88866,4,,,1,55,,88886,4,,,1,15,,88906,4,,,1,15,,88926,4,,,1,15,,88867,4,,,1,55,,88887,4,,,1,15,,88907,4,,,1,15,,88927,4,,,1,15,,88868,4,,,1,55,,88888,4,,,1
1,'20261218',546,,88987,4,,,1,55,,88928,4,,,1,12,,88948,4,,,1,15,,88968,4,,,1,15,,88988,4,,,1,15,,88929,4,,,1,55,,88949,4,,,1,15,,88969,4,,,1,15,,88989,4,,,1,15,,88930,4,,,1,55,,88950,4,,,1,15,,88970,4,,,1,15,,88990,4,,,1,15,,88931,4,,,1,55,,88951,4,,,1,15,,88971,4,,,1,15,,88991,4,,,1,15,,88932,4,,,1,55,,88952,4,,,1,15,,88972,4,,,1,15,,88992,4,,,1,15,,88933,4,,,1,55,,88953,4,,,1,15,,88973,4,,,1,15,,88993,4,,,1,15,,88934,4,,,1,55,,88954,4,,,1,15,,88974,4,,,1,15,,88994,4,,,1,15,,88935,4,,,1,55,,88955,4,,,1,15,,88975,4,,,1,15,,88995,4,,,1,15,,88936,4,,,1,55,,88956,4,,,1,15,,88976,4,,,1,15,,88996,4,,,1,15,,88937,4,,,1,55,,88957,4,,,1,15,,88977,4,,,1,15,,88997,4,,,1,15,,88938,4,,,1,55,,88958,4,,,1,15,,88978,4,,,1,15,,88998,4,,,1,15,,88939,4,,,1,55,,88959,4,,,1,15,,88979,4,,,1,15,,88999,4,,,1,15,,88940,4,,,1,55,,88960,4,,,1,15,,88980,4,,,1,15,,89000,4,,,1,15,,88941,4,,,1,55,,88961,4,,,1,15,,88981,4,,,1,15,,89001,4,,,1,15,,88942,4,,,1,55,,88962,4,,,1,15,,88982,4,,,1,15,,89002,4,,,1,15,,88943,4,,,1,55,,88963,4,,,1,15,,88983,4,,,1,15,,89003,4,,,1,15,,88944,4,,,1,55,,88964,4,,,1,15,,88984,4,,,1,15,,89004,4,,,1,15,,88945,4,,,1,55,,88965,4,,,1,15,,88985,4,,,1,15,,89005,4,,,1,15,,88946,4,,,1,55,,88966,4,,,1,15,,88986,4,,,1,15,,89006,4,,,1,15,,88947,4,,,1,55,,88967,4,,,1
1,'20261219',643,,89063,4,,,1,15,,89007,4,,,1,55,,89026,4,,,1,15,,89045,4,,,1,15,,89064,4,,,1,15,,89008,4,,,1,55,,89027,4,,,1,15,,89046,4,,,1,15,,89065,4,,,1,15,,89009,4,,,1,55,,89028,4,,,1,15,,89047,4,,,1,15,,89066,4,,,1,15,,89010,4,,,1,55,,89029,4,,,1,15,,89048,4,,,1,15,,89067,4,,,1,15,,89011,4,,,1,55,,89030,4,,,1,15,,89049,4,,,1,15,,89068,4,,,1,15,,89012,4,,,1,55,,89031,4,,,1,15,,89050,4,,,1,15,,89069,4,,,1,15,,89013,4,,,1,55,,89032,4,,,1,15,,89051,4,,,1,15,,89070,4,,,1,15,,89014,4,,,1,55,,89033,4,,,1,15,,89052,4,,,1,15,,89071,4,,,1,15,,89015,4,,,1,55,,89034,4,,,1,15,,89053,4,,,1,15,,89072,4,,,1,15,,89016,4,,,1,55,,89035,4,,,1,15,,89054,4,,,1,15,,89073,4,,,1,15,,89017,4,,,1,55,,89036,4,,,1,15,,89055,4,,,1,15,,89074,4,,,1,15,,89018,4,,,1,55,,89037,4,,,1,15,,89056,4,,,1,15,,89075,4,,,1,15,,89019,4,,,1,55,,89038,4,,,1,15,,89057,4,,,1,15,,89076,4,,,1,15,,89020,4,,,1,55,,89039,4,,,1,15,,89058,4,,,1,15,,89077,4,,,1,15,,89021,4,,,1,55,,89040,4,,,1,15,,89059,4,,,1,15,,89078,4,,,1,15,,89022,4,,,1,55,,89041,4,,,1,15,,89060,4,,,1,15,,89079,4,,,1,15,,89023,4,,,1,55,,89042,4,,,1,15,,89061,4,,,1,15,,89080,4,,,1,15,,89024,4,,,1,55,,89043,4,,,1,15,,89062,4,,,1,15,,89081,4,,,1,15,,89025,4,,,1,55,,89044,4,,,1
1,'20261220',643,,89138,4,,,1,15,,89082,4,,,1,55,,89101,4,,,1,15,,89120,4,,,1,15,,89139,4,,,1,15,,89083,4,,,1,55,,89102,4,,,1,15,,89121,4,,,1,15,,89140,4,,,1,15,,89084,4,,,1,55,,89103,4,,,1,15,,89122,4,,,1,15,,89141,4,,,1,15,,89085,4,,,1,55,,89104,4,,,1,15,,89123,4,,,1,15,,89142,4,,,1,15,,89086,4,,,1,55,,89105,4,,,1,15,,89124,4,,,1,15,,89143,4,,,1,15,,89087,4,,,1,55,,89106,4,,,1,15,,89125,4,,,1,15,,89144,4,,,1,15,,89088,4,,,1,55,,89107,4,,,1,15,,89126,4,,,1,15,,89145,4,,,1,15,,89089,4,,,1,55,,89108,4,,,1,15,,89127,4,,,1,15,,89146,4,,,1,15,,89090,4,,,1,55,,89109,4,,,1,15,,89128,4,,,1,15,,89147,4,,,1,15,,89091,4,,,1,55,,89110,4,,,1,15,,89129,4,,,1,15,,89148,4,,,1,15,,89092,4,,,1,55,,89111,4,,,1,15,,89130,4,,,1,15,,89149,4,,,1,15,,89093,4,,,1,55,,89112,4,,,1,15,,89131,4,,,1,15,,89150,4,,,1,15,,89094,4,,,1,55,,89113,4,,,1,15,,89132,4,,,1,15,,89151,4,,,1,15,,89095,4,,,1,55,,89114,4,,,1,15,,89133,4,,,1,15,,89152,4,,,1,15,,89096,4,,,1,55,,89115,4,,,1,15,,89134,4,,,1,15,,89153,4,,,1,15,,89097,4,,,1,55,,89116,4,,,1,15,,89135,4,,,1,15,,89154,4,,,1,15,,89098,4,,,1,55,,89117,4,,,1,15,,89136,4,,,1,15,,89155,4,,,1,15,,89099,4,,,1,55,,89118,4,,,1,15,,89137,4,,,1,15,,89156,4,,,1,15,,89100,4,,,1,55,,89119,4,,,1
1,'20261221',546,,89216,4,,,1,55,,89157,4,,,1,12,,89177,4,,,1,15,,89197,4,,,1,15,,89217,4,,,1,15,,89158,4,,,1,55,,89178,4,,,1,15,,89198,4,,,1,15,,89218,4,,,1,15,,89159,4,,,1,55,,89179,4,,,1,15,,89199,4,,,1,15,,89219,4,,,1,15,,89160,4,,,1,55,,89180,4,,,1,15,,89200,4,,,1,15,,89220,4,,,1,15,,89161,4,,,1,55,,89181,4,,,1,15,,89201,4,,,1,15,,89221,4,,,1,15,,89162,4,,,1,55,,89182,4,,,1,15,,89202,4,,,1,15,,89222,4,,,1,15,,89163,4,,,1,55,,89183,4,,,1,15,,89203,4,,,1,15,,89223,4,,,1,15,,89164,4,,,1,55,,89184,4,,,1,15,,89204,4,,,1,15,,89224,4,,,1,15,,89165,4,,,1,55,,89185,4,,,1,15,,89205,4,,,1,15,,89225,4,,,1,15,,89166,4,,,1,55,,89186,4,,,1,15,,89206,4,,,1,15,,89226,4,,,1,15,,89167,4,,,1,55,,89187,4,,,1,15,,89207,4,,,1,15,,89227,4,,,1,15,,89168,4,,,1,55,,89188,4,,,1,15,,89208,4,,,1,15,,89228,4,,,1,15,,89169,4,,,1,55,,89189,4,,,1,15,,89209,4,,,1,15,,89229,4,,,1,15,,89170,4,,,1,55,,89190,4,,,1,15,,89210,4,,,1,15,,89230,4,,,1,15,,89171,4,,,1,55,,89191,4,,,1,15,,89211,4,,,1,15,,89231,4,,,1,15,,89172,4,,,1,55,,89192,4,,,1,15,,89212,4,,,1,15,,89232,4,,,1,15,,89173,4,,,1,55,,89193,4,,,1,15,,89213,4,,,1,15,,89233,4,,,1,15,,89174,4,,,1,55,,89194,4,,,1,15,,89214,4,,,1,15,,89234,4,,,1,15,,89175,4,,,1,55,,89195,4,,,1,15,,89215,4,,,1,15,,89235,4,,,1,15,,89176,4,,,1,55,,89196,4,,,1
1,'20261222',546,,89295,4,,,1,55,,89236,4,,,1,12,,89256,4,,,1,15,,89276,4,,,1,15,,89296,4,,,1,15,,89237,4,,,1,55,,89257,4,,,1,15,,89277,4,,,1,15,,89297,4,,,1,15,,89238,4,,,1,55,,89258,4,,,1,15,,89278,4,,,1,15,,89298,4,,,1,15,,89239,4,,,1,55,,89259,4,,,1,15,,89279,4,,,1,15,,89299,4,,,1,15,,89240,4,,,1,55,,89260,4,,,1,15,,89280,4,,,1,15,,89300,4,,,1,15,,89241,4,,,1,55,,89261,4,,,1,15,,89281,4,,,1,15,,89301,4,,,1,15,,89242,4,,,1,55,,89262,4,,,1,15,,89282,4,,,1,15,,89302,4,,,1,15,,89243,4,,,1,55,,89263,4,,,1,15,,89283,4,,,1,15,,89303,4,,,1,15,,89244,4,,,1,55,,89264,4,,,1,15,,89284,4,,,1,15,,89304,4,,,1,15,,89245,4,,,1,55,,89265,4,,,1,15,,89285,4,,,1,15,,89305,4,,,1,15,,89246,4,,,1,55,,89266,4,,,1,15,,89286,4,,,1,15,,89306,4,,,1,15,,89247,4,,,1,55,,89267,4,,,1,15,,89287,4,,,1,15,,89307,4,,,1,15,,89248,4,,,1,55,,89268,4,,,1,15,,89288,4,,,1,15,,89308,4,,,1,15,,89249,4,,,1,55,,89269,4,,,1,15,,89289,4,,,1,15,,89309,4,,,1,15,,89250,4,,,1,55,,89270,4,,,1,15,,89290,4,,,1,15,,89310,4,,,1,15,,89251,4,,,1,55,,89271,4,,,1,15,,89291,4,,,1,15,,89311,4,,,1,15,,89252,4,,,1,55,,89272,4,,,1,15,,89292,4,,,1,15,,89312,4,,,1,15,,89253,4,,,1,55,,89273,4,,,1,15,,89293,4,,,1,15,,89313,4,,,1,15,,89254,4,,,1,55,,89274,4,,,1,15,,89294,4,,,1,15,,89314,4,,,1,15,,89255,4,,,1,55,,89275,4,,,1
1,'20261223',546,,89374,4,,,1,55,,89315,4,,,1,12,,89335,4,,,1,15,,89355,4,,,1,15,,89375,4,,,1,15,,89316,4,,,1,55,,89336,4,,,1,15,,89356,4,,,1,15,,89376,4,,,1,15,,89317,4,,,1,55,,89337,4,,,1,15,,89357,4,,,1,15,,89377,4,,,1,15,,89318,4,,,1,55,,89338,4,,,1,15,,89358,4,,,1,15,,89378,4,,,1,15,,89319,4,,,1,55,,89339,4,,,1,15,,89359,4,,,1,15,,89379,4,,,1,15,,89320,4,,,1,55,,89340,4,,,1,15,,89360,4,,,1,15,,89380,4,,,1,15,,89321,4,,,1,55,,89341,4,,,1,15,,89361,4,,,1,15,,89381,4,,,1,15,,89322,4,,,1,55,,89342,4,,,1,15,,89362,4,,,1,15,,89382,4,,,1,15,,89323,4,,,1,55,,89343,4,,,1,15,,89363,4,,,1,15,,89383,4,,,1,15,,89324,4,,,1,55,,89344,4,,,1,15,,89364,4,,,1,15,,89384,4,,,1,15,,89325,4,,,1,55,,89345,4,,,1,15,,89365,4,,,1,15,,89385,4,,,1,15,,89326,4,,,1,55,,89346,4,,,1,15,,89366,4,,,1,15,,89386,4,,,1,15,,89327,4,,,1,55,,89347,4,,,1,15,,89367,4,,,1,15,,89387,4,,,1,15,,89328,4,,,1,55,,89348,4,,,1,15,,89368,4,,,1,15,,89388,4,,,1,15,,89329,4,,,1,55,,89349,4,,,1,15,,89369,4,,,1,15,,89389,4,,,1,15,,89330,4,,,1,55,,89350,4,,,1,15,,89370,4,,,1,15,,89390,4,,,1,15,,89331,4,,,1,55,,89351,4,,,1,15,,89371,4,,,1,15,,89391,4,,,1,15,,89332,4,,,1,55,,89352,4,,,1,15,,89372,4,,,1,15,,89392,4,,,1,15,,89333,4,,,1,55,,89353,4,,,1,15,,89373,4,,,1,15,,89393,4,,,1,15,,89334,4,,,1,55,,89354,4,,,1
1,'20261224',546,,89453,4,,,1,55,,89394,4,,,1,12,,89414,4,,,1,15,,89434,4,,,1,15,,89454,4,,,1,15,,89395,4,,,1,55,,89415,4,,,1,15,,89435,4,,,1,15,,89455,4,,,1,15,,89396,4,,,1,55,,89416,4,,,1,15,,89436,4,,,1,15,,89456,4,,,1,15,,89397,4,,,1,55,,89417,4,,,1,15,,89437,4,,,1,15,,89457,4,,,1,15,,89398,4,,,1,55,,89418,4,,,1,15,,89438,4,,,1,15,,89458,4,,,1,15,,89399,4,,,1,55,,89419,4,,,1,15,,89439,4,,,1,15,,89459,4,,,1,15,,89400,4,,,1,55,,89420,4,,,1,15,,89440,4,,,1,15,,89460,4,,,1,15,,89401,4,,,1,55,,89421,4,,,1,15,,89441,4,,,1,15,,89461,4,,,1,15,,89402,4,,,1,55,,89422,4,,,1,15,,89442,4,,,1,15,,89462,4,,,1,15,,89403,4,,,1,55,,89423,4,,,1,15,,89443,4,,,1,15,,89463,4,,,1,15,,89404,4,,,1,55,,89424,4,,,1,15,,89444,4,,,1,15,,89464,4,,,1,15,,89405,4,,,1,55,,89425,4,,,1,15,,89445,4,,,1,15,,89465,4,,,1,15,,89406,4,,,1,55,,89426,4,,,1,15,,89446,4,,,1,15,,89466,4,,,1,15,,89407,4,,,1,55,,89427,4,,,1,15,,89447,4,,,1,15,,89467,4,,,1,15,,89408,4,,,1,55,,89428,4,,,1,15,,89448,4,,,1,15,,89468,4,,,1,15,,89409,4,,,1,55,,89429,4,,,1,15,,89449,4,,,1,15,,89469,4,,,1,15,,89410,4,,,1,55,,89430,4,,,1,15,,89450,4,,,1,15,,89470,4,,,1,15,,89411,4,,,1,55,,89431,4,,,1,15,,89451,4,,,1,15,,89471,4,,,1,15,,89412,4,,,1,55,,89432,4,,,1,15,,89452,4,,,1,15,,89472,4,,,1,15,,89413,4,,,1,55,,89433,4,,,1
1,'20261225',546,,89532,4,,,1,55,,89473,4,,,1,12,,89493,4,,,1,15,,89513,4,,,1,15,,89533,4,,,1,15,,89474,4,,,1,55,,89494,4,,,1,15,,89514,4,,,1,15,,89534,4,,,1,15,,89475,4,,,1,55,,89495,4,,,1,15,,89515,4,,,1,15,,89535,4,,,1,15,,89476,4,,,1,55,,89496,4,,,1,15,,89516,4,,,1,15,,89536,4,,,1,15,,89477,4,,,1,55,,89497,4,,,1,15,,89517,4,,,1,15,,89537,4,,,1,15,,89478,4,,,1,55,,89498,4,,,1,15,,89518,4,,,1,15,,89538,4,,,1,15,,89479,4,,,1,55,,89499,4,,,1,15,,89519,4,,,1,15,,89539,4,,,1,15,,89480,4,,,1,55,,89500,4,,,1,15,,89520,4,,,1,15,,89540,4,,,1,15,,89481,4,,,1,55,,89501,4,,,1,15,,89521,4,,,1,15,,89541,4,,,1,15,,89482,4,,,1,55,,89502,4,,,1,15,,89522,4,,,1,15,,89542,4,,,1,15,,89483,4,,,1,55,,89503,4,,,1,15,,89523,4,,,1,15,,89543,4,,,1,15,,89484,4,,,1,55,,89504,4,,,1,15,,89524,4,,,1,15,,89544,4,,,1,15,,89485,4,,,1,55,,89505,4,,,1,15,,89525,4,,,1,15,,89545,4,,,1,15,,89486,4,,,1,55,,89506,4,,,1,15,,89526,4,,,1,15,,89546,4,,,1,15,,89487,4,,,1,55,,89507,4,,,1,15,,89527,4,,,1,15,,89547,4,,,1,15,,89488,4,,,1,55,,89508,4,,,1,15,,89528,4,,,1,15,,89548,4,,,1,15,,89489,4,,,1,55,,89509,4,,,1,15,,89529,4,,,1,15,,89549,4,,,1,15,,89490,4,,,1,55,,89510,4,,,1,15,,89530,4,,,1,15,,89550,4,,,1,15,,89491,4,,,1,55,,89511,4,,,1,15,,89531,4,,,1,15,,89551,4,,,1,15,,89492,4,,,1,55,,89512,4,,,1
1,'20261226',643,,89608,4,,,1,15,,89552,4,,,1,55,,89571,4,,,1,15,,89590,4,,,1,15,,89609,4,,,1,15,,89553,4,,,1,55,,89572,4,,,1,15,,89591,4,,,1,15,,89610,4,,,1,15,,89554,4,,,1,55,,89573,4,,,1,15,,89592,4,,,1,15,,89611,4,,,1,15,,89555,4,,,1,55,,89574,4,,,1,15,,89593,4,,,1,15,,89612,4,,,1,15,,89556,4,,,1,55,,89575,4,,,1,15,,89594,4,,,1,15,,89613,4,,,1,15,,89557,4,,,1,55,,89576,4,,,1,15,,89595,4,,,1,15,,89614,4,,,1,15,,89558,4,,,1,55,,89577,4,,,1,15,,89596,4,,,1,15,,89615,4,,,1,15,,89559,4,,,1,55,,89578,4,,,1,15,,89597,4,,,1,15,,89616,4,,,1,15,,89560,4,,,1,55,,89579,4,,,1,15,,89598,4,,,1,15,,89617,4,,,1,15,,89561,4,,,1,55,,89580,4,,,1,15,,89599,4,,,1,15,,89618,4,,,1,15,,89562,4,,,1,55,,89581,4,,,1,15,,89600,4,,,1,15,,89619,4,,,1,15,,89563,4,,,1,55,,89582,4,,,1,15,,89601,4,,,1,15,,89620,4,,,1,15,,89564,4,,,1,55,,89583,4,,,1,15,,89602,4,,,1,15,,89621,4,,,1,15,,89565,4,,,1,55,,89584,4,,,1,15,,89603,4,,,1,15,,89622,4,,,1,15,,89566,4,,,1,55,,89585,4,,,1,15,,89604,4,,,1,15,,89623,4,,,1,15,,89567,4,,,1,55,,89586,4,,,1,15,,89605,4,,,1,15,,89624,4,,,1,15,,89568,4,,,1,55,,89587,4,,,1,15,,89606,4,,,1,15,,89625,4,,,1,15,,89569,4,,,1,55,,89588,4,,,1,15,,89607,4,,,1,15,,89626,4,,,1,15,,89570,4,,,1,55,,89589,4,,,1
1,'20261227',643,,89683,4,,,1,15,,89627,4,,,1,55,,89646,4,,,1,15,,89665,4,,,1,15,,89684,4,,,1,15,,89628,4,,,1,55,,89647,4,,,1,15,,89666,4,,,1,15,,89685,4,,,1,15,,89629,4,,,1,55,,89648,4,,,1,15,,89667,4,,,1,15,,89686,4,,,1,15,,89630,4,,,1,55,,89649,4,,,1,15,,89668,4,,,1,15,,89687,4,,,1,15,,89631,4,,,1,55,,89650,4,,,1,15,,89669,4,,,1,15,,89688,4,,,1,15,,89632,4,,,1,55,,89651,4,,,1,15,,89670,4,,,1,15,,89689,4,,,1,15,,89633,4,,,1,55,,89652,4,,,1,15,,89671,4,,,1,15,,89690,4,,,1,15,,89634,4,,,1,55,,89653,4,,,1,15,,89672,4,,,1,15,,89691,4,,,1,15,,89635,4,,,1,55,,89654,4,,,1,15,,89673,4,,,1,15,,89692,4,,,1,15,,89636,4,,,1,55,,89655,4,,,1,15,,89674,4,,,1,15,,89693,4,,,1,15,,89637,4,,,1,55,,89656,4,,,1,15,,89675,4,,,1,15,,89694,4,,,1,15,,89638,4,,,1,55,,89657,4,,,1,15,,89676,4,,,1,15,,89695,4,,,1,15,,89639,4,,,1,55,,89658,4,,,1,15,,89677,4,,,1,15,,89696,4,,,1,15,,89640,4,,,1,55,,89659,4,,,1,15,,89678,4,,,1,15,,89697,4,,,1,15,,89641,4,,,1,55,,89660,4,,,1,15,,89679,4,,,1,15,,89698,4,,,1,15,,89642,4,,,1,55,,89661,4,,,1,15,,89680,4,,,1,15,,89699,4,,,1,15,,89643,4,,,1,55,,89662,4,,,1,15,,89681,4,,,1,15,,89700,4,,,1,15,,89644,4,,,1,55,,89663,4,,,1,15,,89682,4,,,1,15,,89701,4,,,1,15,,89645,4,,,1,55,,89664,4,,,1
1,'20261228',546,,89761,4,,,1,55,,89702,4,,,1,12,,89722,4,,,1,15,,89742,4,,,1,15,,89762,4,,,1,15,,89703,4,,,1,55,,89723,4,,,1,15,,89743,4,,,1,15,,89763,4,,,1,15,,89704,4,,,1,55,,89724,4,,,1,15,,89744,4,,,1,15,,89764,4,,,1,15,,89705,4,,,1,55,,89725,4,,,1,15,,89745,4,,,1,15,,89765,4,,,1,15,,89706,4,,,1,55,,89726,4,,,1,15,,89746,4,,,1,15,,89766,4,,,1,15,,89707,4,,,1,55,,89727,4,,,1,15,,89747,4,,,1,15,,89767,4,,,1,15,,89708,4,,,1,55,,89728,4,,,1,15,,89748,4,,,1,15,,89768,4,,,1,15,,89709,4,,,1,55,,89729,4,,,1,15,,89749,4,,,1,15,,89769,4,,,1,15,,89710,4,,,1,55,,89730,4,,,1,15,,89750,4,,,1,15,,89770,4,,,1,15,,89711,4,,,1,55,,89731,4,,,1,15,,89751,4,,,1,15,,89771,4,,,1,15,,89712,4,,,1,55,,89732,4,,,1,15,,89752,4,,,1,15,,89772,4,,,1,15,,89713,4,,,1,55,,89733,4,,,1,15,,89753,4,,,1,15,,89773,4,,,1,15,,89714,4,,,1,55,,89734,4,,,1,15,,89754,4,,,1,15,,89774,4,,,1,15,,89715,4,,,1,55,,89735,4,,,1,15,,89755,4,,,1,15,,89775,4,,,1,15,,89716,4,,,1,55,,89736,4,,,1,15,,89756,4,,,1,15,,89776,4,,,1,15,,89717,4,,,1,55,,89737,4,,,1,15,,89757,4,,,1,15,,89777,4,,,1,15,,89718,4,,,1,55,,89738,4,,,1,15,,89758,4,,,1,15,,89778,4,,,1,15,,89719,4,,,1,55,,89739,4,,,1,15,,89759,4,,,1,15,,89779,4,,,1,15,,89720,4,,,1,55,,89740,4,,,1,15,,89760,4,,,1,15,,89780,4,,,1,15,,89721,4,,,1,55,,89741,4,,,1
1,'20261229',546,,89840,4,,,1,55,,89781,4,,,1,12,,89801,4,,,1,15,,89821,4,,,1,15,,89841,4,,,1,15,,89782,4,,,1,55,,89802,4,,,1,15,,89822,4,,,1,15,,89842,4,,,1,15,,89783,4,,,1,55,,89803,4,,,1,15,,89823,4,,,1,15,,89843,4,,,1,15,,89784,4,,,1,55,,89804,4,,,1,15,,89824,4,,,1,15,,89844,4,,,1,15,,89785,4,,,1,55,,89805,4,,,1,15,,89825,4,,,1,15,,89845,4,,,1,15,,89786,4,,,1,55,,89806,4,,,1,15,,89826,4,,,1,15,,89846,4,,,1,15,,89787,4,,,1,55,,89807,4,,,1,15,,89827,4,,,1,15,,89847,4,,,1,15,,89788,4,,,1,55,,89808,4,,,1,15,,89828,4,,,1,15,,89848,4,,,1,15,,89789,4,,,1,55,,89809,4,,,1,15,,89829,4,,,1,15,,89849,4,,,1,15,,89790,4,,,1,55,,89810,4,,,1,15,,89830,4,,,1,15,,89850,4,,,1,15,,89791,4,,,1,55,,89811,4,,,1,15,,89831,4,,,1,15,,89851,4,,,1,15,,89792,4,,,1,55,,89812,4,,,1,15,,89832,4,,,1,15,,89852,4,,,1,15,,89793,4,,,1,55,,89813,4,,,1,15,,89833,4,,,1,15,,89853,4,,,1,15,,89794,4,,,1,55,,89814,4,,,1,15,,89834,4,,,1,15,,89854,4,,,1,15,,89795,4,,,1,55,,89815,4,,,1,15,,89835,4,,,1,15,,89855,4,,,1,15,,89796,4,,,1,55,,89816,4,,,1,15,,89836,4,,,1,15,,89856,4,,,1,15,,89797,4,,,1,55,,89817,4,,,1,15,,89837,4,,,1,15,,89857,4,,,1,15,,89798,4,,,1,55,,89818,4,,,1,15,,89838,4,,,1,15,,89858,4,,,1,15,,89799,4,,,1,55,,89819,4,,,1,15,,89839,4,,,1,15,,89859,4,,,1,15,,89800,4,,,1,55,,89820,4,,,1
1,'20261230',546,,89919,4,,,1,55,,89860,4,,,1,12,,89880,4,,,1,15,,89900,4,,,1,15,,89920,4,,,1,15,,89861,4,,,1,55,,89881,4,,,1,15,,89901,4,,,1,15,,89921,4,,,1,15,,89862,4,,,1,55,,89882,4,,,1,15,,89902,4,,,1,15,,89922,4,,,1,15,,89863,4,,,1,55,,89883,4,,,1,15,,89903,4,,,1,15,,89923,4,,,1,15,,89864,4,,,1,55,,89884,4,,,1,15,,89904,4,,,1,15,,89924,4,,,1,15,,89865,4,,,1,55,,89885,4,,,1,15,,89905,4,,,1,15,,89925,4,,,1,15,,89866,4,,,1,55,,89886,4,,,1,15,,89906,4,,,1,15,,89926,4,,,1,15,,89867,4,,,1,55,,89887,4,,,1,15,,89907,4,,,1,15,,89927,4,,,1,15,,89868,4,,,1,55,,89888,4,,,1,15,,89908,4,,,1,15,,89928,4,,,1,15,,89869,4,,,1,55,,89889,4,,,1,15,,89909,4,,,1,15,,89929,4,,,1,15,,89870,4,,,1,55,,89890,4,,,1,15,,89910,4,,,1,15,,89930,4,,,1,15,,89871,4,,,1,55,,89891,4,,,1,15,,89911,4,,,1,15,,89931,4,,,1,15,,89872,4,,,1,55,,89892,4,,,1,15,,89912,4,,,1,15,,89932,4,,,1,15,,89873,4,,,1,55,,89893,4,,,1,15,,89913,4,,,1,15,,89933,4,,,1,15,,89874,4,,,1,55,,89894,4,,,1,15,,89914,4,,,1,15,,89934,4,,,1,15,,89875,4,,,1,55,,89895,4,,,1,15,,89915,4,,,1,15,,89935,4,,,1,15,,89876,4,,,1,55,,89896,4,,,1,15,,89916,4,,,1,15,,89936,4,,,1,15,,89877,4,,,1,55,,89897,4,,,1,15,,89917,4,,,1,15,,89937,4,,,1,15,,89878,4,,,1,55,,89898,4,,,1,15,,89918,4,,,1,15,,89938,4,,,1,15,,89879,4,,,1,55,,89899,4,,,1
1,'20261231',546,,89998,4,,,1,55,,89939,4,,,1,12,,89959,4,,,1,15,,89979,4,,,1,15,,89999,4,,,1,15,,89940,4,,,1,55,,89960,4,,,1,15,,89980,4,,,1,15,,90000,4,,,1,15,,89941,4,,,1,55,,89961,4,,,1,15,,89981,4,,,1,15,,90001,4,,,1,15,,89942,4,,,1,55,,89962,4,,,1,15,,89982,4,,,1,15,,90002,4,,,1,15,,89943,4,,,1,55,,89963,4,,,1,15,,89983,4,,,1,15,,90003,4,,,1,15,,89944,4,,,1,55,,89964,4,,,1,15,,89984,4,,,1,15,,90004,4,,,1,15,,89945,4,,,1,55,,89965,4,,,1,15,,89985,4,,,1,15,,90005,4,,,1,15,,89946,4,,,1,55,,89966,4,,,1,15,,89986,4,,,1,15,,90006,4,,,1,15,,89947,4,,,1,55,,89967,4,,,1,15,,89987,4,,,1,15,,90007,4,,,1,15,,89948,4,,,1,55,,89968,4,,,1,15,,89988,4,,,1,15,,90008,4,,,1,15,,89949,4,,,1,55,,89969,4,,,1,15,,89989,4,,,1,15,,90009,4,,,1,15,,89950,4,,,1,55,,89970,4,,,1,15,,89990,4,,,1,15,,90010,4,,,1,15,,89951,4,,,1,55,,89971,4,,,1,15,,89991,4,,,1,15,,90011,4,,,1,15,,89952,4,,,1,55,,89972,4,,,1,15,,89992,4,,,1,15,,90012,4,,,1,15,,89953,4,,,1,55,,89973,4,,,1,15,,89993,4,,,1,15,,90013,4,,,1,15,,89954,4,,,1,55,,89974,4,,,1,15,,89994,4,,,1,15,,90014,4,,,1,15,,89955,4,,,1,55,,89975,4,,,1,15,,89995,4,,,1,15,,90015,4,,,1,15,,89956,4,,,1,55,,89976,4,,,1,15,,89996,4,,,1,15,,90016,4,,,1,15,,89957,4,,,1,55,,89977,4,,,1,15,,89997,4,,,1,15,,90017,4,,,1,15,,89958,4,,,1,55,,89978,4,,,1
1,'20270101',546,,90077,4,,,1,55,,90018,4,,,1,12,,90038,4,,,1,15,,90058,4,,,1,15,,90078,4,,,1,15,,90019,4,,,1,55,,90039,4,,,1,15,,90059,4,,,1,15,,90079,4,,,1,15,,90020,4,,,1,55,,90040,4,,,1,15,,90060,4,,,1,15,,90080,4,,,1,15,,90021,4,,,1,55,,90041,4,,,1,15,,90061,4,,,1,15,,90081,4,,,1,15,,90022,4,,,1,55,,90042,4,,,1,15,,90062,4,,,1,15,,90082,4,,,1,15,,90023,4,,,1,55,,90043,4,,,1,15,,90063,4,,,1,15,,90083,4,,,1,15,,90024,4,,,1,55,,90044,4,,,1,15,,90064,4,,,1,15,,90084,4,,,1,15,,90025,4,,,1,55,,90045,4,,,1,15,,90065,4,,,1,15,,90085,4,,,1,15,,90026,4,,,1,55,,90046,4,,,1,15,,90066,4,,,1,15,,90086,4,,,1,15,,90027,4,,,1,55,,90047,4,,,1,15,,90067,4,,,1,15,,90087,4,,,1,15,,90028,4,,,1,55,,90048,4,,,1,15,,90068,4,,,1,15,,90088,4,,,1,15,,90029,4,,,1,55,,90049,4,,,1,15,,90069,4,,,1,15,,90089,4,,,1,15,,90030,4,,,1,55,,90050,4,,,1,15,,90070,4,,,1,15,,90090,4,,,1,15,,90031,4,,,1,55,,90051,4,,,1,15,,90071,4,,,1,15,,90091,4,,,1,15,,90032,4,,,1,55,,90052,4,,,1,15,,90072,4,,,1,15,,90092,4,,,1,15,,90033,4,,,1,55,,90053,4,,,1,15,,90073,4,,,1,15,,90093,4,,,1,15,,90034,4,,,1,55,,90054,4,,,1,15,,90074,4,,,1,15,,90094,4,,,1,15,,90035,4,,,1,55,,90055,4,,,1,15,,90075,4,,,1,15,,90095,4,,,1,15,,90036,4,,,1,55,,90056,4,,,1,15,,90076,4,,,1,15,,90096,4,,,1,15,,90037,4,,,1,55,,90057,4,,,1
1,'20270102',643,,90153,4,,,1,15,,90097,4,,,1,55,,90116,4,,,1,15,,90135,4,,,1,15,,90154,4,,,1,15,,90098,4,,,1,55,,90117,4,,,1,15,,90136,4,,,1,15,,90155,4,,,1,15,,90099,4,,,1,55,,90118,4,,,1,15,,90137,4,,,1,15,,90156,4,,,1,15,,90100,4,,,1,55,,90119,4,,,1,15,,90138,4,,,1,15,,90157,4,,,1,15,,90101,4,,,1,55,,90120,4,,,1,15,,90139,4,,,1,15,,90158,4,,,1,15,,90102,4,,,1,55,,90121,4,,,1,15,,90140,4,,,1,15,,90159,4,,,1,15,,90103,4,,,1,55,,90122,4,,,1,15,,90141,4,,,1,15,,90160,4,,,1,15,,90104,4,,,1,55,,90123,4,,,1,15,,90142,4,,,1,15,,90161,4,,,1,15,,90105,4,,,1,55,,90124,4,,,1,15,,90143,4,,,1,15,,90162,4,,,1,15,,90106,4,,,1,55,,90125,4,,,1,15,,90144,4,,,1,15,,90163,4,,,1,15,,90107,4,,,1,55,,90126,4,,,1,15,,90145,4,,,1,15,,90164,4,,,1,15,,90108,4,,,1,55,,90127,4,,,1,15,,90146,4,,,1,15,,90165,4,,,1,15,,90109,4,,,1,55,,90128,4,,,1,15,,90147,4,,,1,15,,90166,4,,,1,15,,90110,4,,,1,55,,90129,4,,,1,15,,90148,4,,,1,15,,90167,4,,,1,15,,90111,4,,,1,55,,90130,4,,,1,15,,90149,4,,,1,15,,90168,4,,,1,15,,90112,4,,,1,55,,90131,4,,,1,15,,90150,4,,,1,15,,90169,4,,,1,15,,90113,4,,,1,55,,90132,4,,,1,15,,90151,4,,,1,15,,90170,4,,,1,15,,90114,4,,,1,55,,90133,4,,,1,15,,90152,4,,,1,15,,90171,4,,,1,15,,90115,4,,,1,55,,90134,4,,,1
1,'20270103',643,,90228,4,,,1,15,,90172,4,,,1,55,,90191,4,,,1,15,,90210,4,,,1,15,,90229,4,,,1,15,,90173,4,,,1,55,,90192,4,,,1,15,,90211,4,,,1,15,,90230,4,,,1,15,,90174,4,,,1,55,,90193,4,,,1,15,,90212,4,,,1,15,,90231,4,,,1,15,,90175,4,,,1,55,,90194,4,,,1,15,,90213,4,,,1,15,,90232,4,,,1,15,,90176,4,,,1,55,,90195,4,,,1,15,,90214,4,,,1,15,,90233,4,,,1,15,,90177,4,,,1,55,,90196,4,,,1,15,,90215,4,,,1,15,,90234,4,,,1,15,,90178,4,,,1,55,,90197,4,,,1,15,,90216,4,,,1,15,,90235,4,,,1,15,,90179,4,,,1,55,,90198,4,,,1,15,,90217,4,,,1,15,,90236,4,,,1,15,,90180,4,,,1,55,,90199,4,,,1,15,,90218,4,,,1,15,,90237,4,,,1,15,,90181,4,,,1,55,,90200,4,,,1,15,,90219,4,,,1,15,,90238,4,,,1,15,,90182,4,,,1,55,,90201,4,,,1,15,,90220,4,,,1,15,,90239,4,,,1,15,,90183,4,,,1,55,,90202,4,,,1,15,,90221,4,,,1,15,,90240,4,,,1,15,,90184,4,,,1,55,,90203,4,,,1,15,,90222,4,,,1,15,,90241,4,,,1,15,,90185,4,,,1,55,,90204,4,,,1,15,,90223,4,,,1,15,,90242,4,,,1,15,,90186,4,,,1,55,,90205,4,,,1,15,,90224,4,,,1,15,,90243,4,,,1,15,,90187,4,,,1,55,,90206,4,,,1,15,,90225,4,,,1,15,,90244,4,,,1,15,,90188,4,,,1,55,,90207,4,,,1,15,,90226,4,,,1,15,,90245,4,,,1,15,,90189,4,,,1,55,,90208,4,,,1,15,,90227,4,,,1,15,,90246,4,,,1,15,,90190,4,,,1,55,,90209,4,,,1
1,'20270104',546,,90306,4,,,1,55,,90247,4,,,1,12,,90267,4,,,1,15,,90287,4,,,1,15,,90307,4,,,1,15,,90248,4,,,1,55,,90268,4,,,1,15,,90288,4,,,1,15,,90308,4,,,1,15,,90249,4,,,1,55,,90269,4,,,1,15,,90289,4,,,1,15,,90309,4,,,1,15,,90250,4,,,1,55,,90270,4,,,1,15,,90290,4,,,1,15,,90310,4,,,1,15,,90251,4,,,1,55,,90271,4,,,1,15,,90291,4,,,1,15,,90311,4,,,1,15,,90252,4,,,1,55,,90272,4,,,1,15,,90292,4,,,1,15,,90312,4,,,1,15,,90253,4,,,1,55,,90273,4,,,1,15,,90293,4,,,1,15,,90313,4,,,1,15,,90254,4,,,1,55,,90274,4,,,1,15,,90294,4,,,1,15,,90314,4,,,1,15,,90255,4,,,1,55,,90275,4,,,1,15,,90295,4,,,1,15,,90315,4,,,1,15,,90256,4,,,1,55,,90276,4,,,1,15,,90296,4,,,1,15,,90316,4,,,1,15,,90257,4,,,1,55,,90277,4,,,1,15,,90297,4,,,1,15,,90317,4,,,1,15,,90258,4,,,1,55,,90278,4,,,1,15,,90298,4,,,1,15,,90318,4,,,1,15,,90259,4,,,1,55,,90279,4,,,1,15,,90299,4,,,1,15,,90319,4,,,1,15,,90260,4,,,1,55,,90280,4,,,1,15,,90300,4,,,1,15,,90320,4,,,1,15,,90261,4,,,1,55,,90281,4,,,1,15,,90301,4,,,1,15,,90321,4,,,1,15,,90262,4,,,1,55,,90282,4,,,1,15,,90302,4,,,1,15,,90322,4,,,1,15,,90263,4,,,1,55,,90283,4,,,1,15,,90303,4,,,1,15,,90323,4,,,1,15,,90264,4,,,1,55,,90284,4,,,1,15,,90304,4,,,1,15,,90324,4,,,1,15,,90265,4,,,1,55,,90285,4,,,1,15,,90305,4,,,1,15,,90325,4,,,1,15,,90266,4,,,1,55,,90286,4,,,1
1,'20270105',546,,90385,4,,,1,55,,90326,4,,,1,12,,90346,4,,,1,15,,90366,4,,,1,15,,90386,4,,,1,15,,90327,4,,,1,55,,90347,4,,,1,15,,90367,4,,,1,15,,90387,4,,,1,15,,90328,4,,,1,55,,90348,4,,,1,15,,90368,4,,,1,15,,90388,4,,,1,15,,90329,4,,,1,55,,90349,4,,,1,15,,90369,4,,,1,15,,90389,4,,,1,15,,90330,4,,,1,55,,90350,4,,,1,15,,90370,4,,,1,15,,90390,4,,,1,15,,90331,4,,,1,55,,90351,4,,,1,15,,90371,4,,,1,15,,90391,4,,,1,15,,90332,4,,,1,55,,90352,4,,,1,15,,90372,4,,,1,15,,90392,4,,,1,15,,90333,4,,,1,55,,90353,4,,,1,15,,90373,4,,,1,15,,90393,4,,,1,15,,90334,4,,,1,55,,90354,4,,,1,15,,90374,4,,,1,15,,90394,4,,,1,15,,90335,4,,,1,55,,90355,4,,,1,15,,90375,4,,,1,15,,90395,4,,,1,15,,90336,4,,,1,55,,90356,4,,,1,15,,90376,4,,,1,15,,90396,4,,,1,15,,90337,4,,,1,55,,90357,4,,,1,15,,90377,4,,,1,15,,90397,4,,,1,15,,90338,4,,,1,55,,90358,4,,,1,15,,90378,4,,,1,15,,90398,4,,,1,15,,90339,4,,,1,55,,90359,4,,,1,15,,90379,4,,,1,15,,90399,4,,,1,15,,90340,4,,,1,55,,90360,4,,,1,15,,90380,4,,,1,15,,90400,4,,,1,15,,90341,4,,,1,55,,90361,4,,,1,15,,90381,4,,,1,15,,90401,4,,,1,15,,90342,4,,,1,55,,90362,4,,,1,15,,90382,4,,,1,15,,90402,4,,,1,15,,90343,4,,,1,55,,90363,4,,,1,15,,90383,4,,,1,15,,90403,4,,,1,15,,90344,4,,,1,55,,90364,4,,,1,15,,90384,4,,,1,15,,90404,4,,,1,15,,90345,4,,,1,55,,90365,4,,,1
1,'20270106',546,,90464,4,,,1,55,,90405,4,,,1,12,,90425,4,,,1,15,,90445,4,,,1,15,,90465,4,,,1,15,,90406,4,,,1,55,,90426,4,,,1,15,,90446,4,,,1,15,,90466,4,,,1,15,,90407,4,,,1,55,,90427,4,,,1,15,,90447,4,,,1,15,,90467,4,,,1,15,,90408,4,,,1,55,,90428,4,,,1,15,,90448,4,,,1,15,,90468,4,,,1,15,,90409,4,,,1,55,,90429,4,,,1,15,,90449,4,,,1,15,,90469,4,,,1,15,,90410,4,,,1,55,,90430,4,,,1,15,,90450,4,,,1,15,,90470,4,,,1,15,,90411,4,,,1,55,,90431,4,,,1,15,,90451,4,,,1,15,,90471,4,,,1,15,,90412,4,,,1,55,,90432,4,,,1,15,,90452,4,,,1,15,,90472,4,,,1,15,,90413,4,,,1,55,,90433,4,,,1,15,,90453,4,,,1,15,,90473,4,,,1,15,,90414,4,,,1,55,,90434,4,,,1,15,,90454,4,,,1,15,,90474,4,,,1,15,,90415,4,,,1,55,,90435,4,,,1,15,,90455,4,,,1,15,,90475,4,,,1,15,,90416,4,,,1,55,,90436,4,,,1,15,,90456,4,,,1,15,,90476,4,,,1,15,,90417,4,,,1,55,,90437,4,,,1,15,,90457,4,,,1,15,,90477,4,,,1,15,,90418,4,,,1,55,,90438,4,,,1,15,,90458,4,,,1,15,,90478,4,,,1,15,,90419,4,,,1,55,,90439,4,,,1,15,,90459,4,,,1,15,,90479,4,,,1,15,,90420,4,,,1,55,,90440,4,,,1,15,,90460,4,,,1,15,,90480,4,,,1,15,,90421,4,,,1,55,,90441,4,,,1,15,,90461,4,,,1,15,,90481,4,,,1,15,,90422,4,,,1,55,,90442,4,,,1,15,,90462,4,,,1,15,,90482,4,,,1,15,,90423,4,,,1,55,,90443,4,,,1,15,,90463,4,,,1,15,,90483,4,,,1,15,,90424,4,,,1,55,,90444,4,,,1
1,'20270107',546,,90543,4,,,1,55,,90484,4,,,1,12,,90504,4,,,1,15,,90524,4,,,1,15,,90544,4,,,1,15,,90485,4,,,1,55,,90505,4,,,1,15,,90525,4,,,1,15,,90545,4,,,1,15,,90486,4,,,1,55,,90506,4,,,1,15,,90526,4,,,1,15,,90546,4,,,1,15,,90487,4,,,1,55,,90507,4,,,1,15,,90527,4,,,1,15,,90547,4,,,1,15,,90488,4,,,1,55,,90508,4,,,1,15,,90528,4,,,1,15,,90548,4,,,1,15,,90489,4,,,1,55,,90509,4,,,1,15,,90529,4,,,1,15,,90549,4,,,1,15,,90490,4,,,1,55,,90510,4,,,1,15,,90530,4,,,1,15,,90550,4,,,1,15,,90491,4,,,1,55,,90511,4,,,1,15,,90531,4,,,1,15,,90551,4,,,1,15,,90492,4,,,1,55,,90512,4,,,1,15,,90532,4,,,1,15,,90552,4,,,1,15,,90493,4,,,1,55,,90513,4,,,1,15,,90533,4,,,1,15,,90553,4,,,1,15,,90494,4,,,1,55,,90514,4,,,1,15,,90534,4,,,1,15,,90554,4,,,1,15,,90495,4,,,1,55,,90515,4,,,1,15,,90535,4,,,1,15,,90555,4,,,1,15,,90496,4,,,1,55,,90516,4,,,1,15,,90536,4,,,1,15,,90556,4,,,1,15,,90497,4,,,1,55,,90517,4,,,1,15,,90537,4,,,1,15,,90557,4,,,1,15,,90498,4,,,1,55,,90518,4,,,1,15,,90538,4,,,1,15,,90558,4,,,1,15,,90499,4,,,1,55,,90519,4,,,1,15,,90539,4,,,1,15,,90559,4,,,1,15,,90500,4,,,1,55,,90520,4,,,1,15,,90540,4,,,1,15,,90560,4,,,1,15,,90501,4,,,1,55,,90521,4,,,1,15,,90541,4,,,1,15,,90561,4,,,1,15,,90502,4,,,1,55,,90522,4,,,1,15,,90542,4,,,1,15,,90562,4,,,1,15,,90503,4,,,1,55,,90523,4,,,1
1,'20270108',546,,90622,4,,,1,55,,90563,4,,,1,12,,90583,4,,,1,15,,90603,4,,,1,15,,90623,4,,,1,15,,90564,4,,,1,55,,90584,4,,,1,15,,90604,4,,,1,15,,90624,4,,,1,15,,90565,4,,,1,55,,90585,4,,,1,15,,90605,4,,,1,15,,90625,4,,,1,15,,90566,4,,,1,55,,90586,4,,,1,15,,90606,4,,,1,15,,90626,4,,,1,15,,90567,4,,,1,55,,90587,4,,,1,15,,90607,4,,,1,15,,90627,4,,,1,15,,90568,4,,,1,55,,90588,4,,,1,15,,90608,4,,,1,15,,90628,4,,,1,15,,90569,4,,,1,55,,90589,4,,,1,15,,90609,4,,,1,15,,90629,4,,,1,15,,90570,4,,,1,55,,90590,4,,,1,15,,90610,4,,,1,15,,90630,4,,,1,15,,90571,4,,,1,55,,90591,4,,,1,15,,90611,4,,,1,15,,90631,4,,,1,15,,90572,4,,,1,55,,90592,4,,,1,15,,90612,4,,,1,15,,90632,4,,,1,15,,90573,4,,,1,55,,90593,4,,,1,15,,90613,4,,,1,15,,90633,4,,,1,15,,90574,4,,,1,55,,90594,4,,,1,15,,90614,4,,,1,15,,90634,4,,,1,15,,90575,4,,,1,55,,90595,4,,,1,15,,90615,4,,,1,15,,90635,4,,,1,15,,90576,4,,,1,55,,90596,4,,,1,15,,90616,4,,,1,15,,90636,4,,,1,15,,90577,4,,,1,55,,90597,4,,,1,15,,90617,4,,,1,15,,90637,4,,,1,15,,90578,4,,,1,55,,90598,4,,,1,15,,90618,4,,,1,15,,90638,4,,,1,15,,90579,4,,,1,55,,90599,4,,,1,15,,90619,4,,,1,15,,90639,4,,,1,15,,90580,4,,,1,55,,90600,4,,,1,15,,90620,4,,,1,15,,90640,4,,,1,15,,90581,4,,,1,55,,90601,4,,,1,15,,90621,4,,,1,15,,90641,4,,,1,15,,90582,4,,,1,55,,90602,4,,,1
1,'20270109',643,,90698,4,,,1,15,,90642,4,,,1,55,,90661,4,,,1,15,,90680,4,,,1,15,,90699,4,,,1,15,,90643,4,,,1,55,,90662,4,,,1,15,,90681,4,,,1,15,,90700,4,,,1,15,,90644,4,,,1,55,,90663,4,,,1,15,,90682,4,,,1,15,,90701,4,,,1,15,,90645,4,,,1,55,,90664,4,,,1,15,,90683,4,,,1,15,,90702,4,,,1,15,,90646,4,,,1,55,,90665,4,,,1,15,,90684,4,,,1,15,,90703,4,,,1,15,,90647,4,,,1,55,,90666,4,,,1,15,,90685,4,,,1,15,,90704,4,,,1,15,,90648,4,,,1,55,,90667,4,,,1,15,,90686,4,,,1,15,,90705,4,,,1,15,,90649,4,,,1,55,,90668,4,,,1,15,,90687,4,,,1,15,,90706,4,,,1,15,,90650,4,,,1,55,,90669,4,,,1,15,,90688,4,,,1,15,,90707,4,,,1,15,,90651,4,,,1,55,,90670,4,,,1,15,,90689,4,,,1,15,,90708,4,,,1,15,,90652,4,,,1,55,,90671,4,,,1,15,,90690,4,,,1,15,,90709,4,,,1,15,,90653,4,,,1,55,,90672,4,,,1,15,,90691,4,,,1,15,,90710,4,,,1,15,,90654,4,,,1,55,,90673,4,,,1,15,,90692,4,,,1,15,,90711,4,,,1,15,,90655,4,,,1,55,,90674,4,,,1,15,,90693,4,,,1,15,,90712,4,,,1,15,,90656,4,,,1,55,,90675,4,,,1,15,,90694,4,,,1,15,,90713,4,,,1,15,,90657,4,,,1,55,,90676,4,,,1,15,,90695,4,,,1,15,,90714,4,,,1,15,,90658,4,,,1,55,,90677,4,,,1,15,,90696,4,,,1,15,,90715,4,,,1,15,,90659,4,,,1,55,,90678,4,,,1,15,,90697,4,,,1,15,,90716,4,,,1,15,,90660,4,,,1,55,,90679,4,,,1
1,'20270110',643,,90773,4,,,1,15,,90717,4,,,1,55,,90736,4,,,1,15,,90755,4,,,1,15,,90774,4,,,1,15,,90718,4,,,1,55,,90737,4,,,1,15,,90756,4,,,1,15,,90775,4,,,1,15,,90719,4,,,1,55,,90738,4,,,1,15,,90757,4,,,1,15,,90776,4,,,1,15,,90720,4,,,1,55,,90739,4,,,1,15,,90758,4,,,1,15,,90777,4,,,1,15,,90721,4,,,1,55,,90740,4,,,1,15,,90759,4,,,1,15,,90778,4,,,1,15,,90722,4,,,1,55,,90741,4,,,1,15,,90760,4,,,1,15,,90779,4,,,1,15,,90723,4,,,1,55,,90742,4,,,1,15,,90761,4,,,1,15,,90780,4,,,1,15,,90724,4,,,1,55,,90743,4,,,1,15,,90762,4,,,1,15,,90781,4,,,1,15,,90725,4,,,1,55,,90744,4,,,1,15,,90763,4,,,1,15,,90782,4,,,1,15,,90726,4,,,1,55,,90745,4,,,1,15,,90764,4,,,1,15,,90783,4,,,1,15,,90727,4,,,1,55,,90746,4,,,1,15,,90765,4,,,1,15,,90784,4,,,1,15,,90728,4,,,1,55,,90747,4,,,1,15,,90766,4,,,1,15,,90785,4,,,1,15,,90729,4,,,1,55,,90748,4,,,1,15,,90767,4,,,1,15,,90786,4,,,1,15,,90730,4,,,1,55,,90749,4,,,1,15,,90768,4,,,1,15,,90787,4,,,1,15,,90731,4,,,1,55,,90750,4,,,1,15,,90769,4,,,1,15,,90788,4,,,1,15,,90732,4,,,1,55,,90751,4,,,1,15,,90770,4,,,1,15,,90789,4,,,1,15,,90733,4,,,1,55,,90752,4,,,1,15,,90771,4,,,1,15,,90790,4,,,1,15,,90734,4,,,1,55,,90753,4,,,1,15,,90772,4,,,1,15,,90791,4,,,1,15,,90735,4,,,1,55,,90754,4,,,1
1,'20270111',546,,90851,4,,,1,55,,90792,4,,,1,12,,90812,4,,,1,15,,90832,4,,,1,15,,90852,4,,,1,15,,90793,4,,,1,55,,90813,4,,,1,15,,90833,4,,,1,15,,90853,4,,,1,15,,90794,4,,,1,55,,90814,4,,,1,15,,90834,4,,,1,15,,90854,4,,,1,15,,90795,4,,,1,55,,90815,4,,,1,15,,90835,4,,,1,15,,90855,4,,,1,15,,90796,4,,,1,55,,90816,4,,,1,15,,90836,4,,,1,15,,90856,4,,,1,15,,90797,4,,,1,55,,90817,4,,,1,15,,90837,4,,,1,15,,90857,4,,,1,15,,90798,4,,,1,55,,90818,4,,,1,15,,90838,4,,,1,15,,90858,4,,,1,15,,90799,4,,,1,55,,90819,4,,,1,15,,90839,4,,,1,15,,90859,4,,,1,15,,90800,4,,,1,55,,90820,4,,,1,15,,90840,4,,,1,15,,90860,4,,,1,15,,90801,4,,,1,55,,90821,4,,,1,15,,90841,4,,,1,15,,90861,4,,,1,15,,90802,4,,,1,55,,90822,4,,,1,15,,90842,4,,,1,15,,90862,4,,,1,15,,90803,4,,,1,55,,90823,4,,,1,15,,90843,4,,,1,15,,90863,4,,,1,15,,90804,4,,,1,55,,90824,4,,,1,15,,90844,4,,,1,15,,90864,4,,,1,15,,90805,4,,,1,55,,90825,4,,,1,15,,90845,4,,,1,15,,90865,4,,,1,15,,90806,4,,,1,55,,90826,4,,,1,15,,90846,4,,,1,15,,90866,4,,,1,15,,90807,4,,,1,55,,90827,4,,,1,15,,90847,4,,,1,15,,90867,4,,,1,15,,90808,4,,,1,55,,90828,4,,,1,15,,90848,4,,,1,15,,90868,4,,,1,15,,90809,4,,,1,55,,90829,4,,,1,15,,90849,4,,,1,15,,90869,4,,,1,15,,90810,4,,,1,55,,90830,4,,,1,15,,90850,4,,,1,15,,90870,4,,,1,15,,90811,4,,,1,55,,90831,4,,,1
1,'20270112',546,,90930,4,,,1,55,,90871,4,,,1,12,,90891,4,,,1,15,,90911,4,,,1,15,,90931,4,,,1,15,,90872,4,,,1,55,,90892,4,,,1,15,,90912,4,,,1,15,,90932,4,,,1,15,,90873,4,,,1,55,,90893,4,,,1,15,,90913,4,,,1,15,,90933,4,,,1,15,,90874,4,,,1,55,,90894,4,,,1,15,,90914,4,,,1,15,,90934,4,,,1,15,,90875,4,,,1,55,,90895,4,,,1,15,,90915,4,,,1,15,,90935,4,,,1,15,,90876,4,,,1,55,,90896,4,,,1,15,,90916,4,,,1,15,,90936,4,,,1,15,,90877,4,,,1,55,,90897,4,,,1,15,,90917,4,,,1,15,,90937,4,,,1,15,,90878,4,,,1,55,,90898,4,,,1,15,,90918,4,,,1,15,,90938,4,,,1,15,,90879,4,,,1,55,,90899,4,,,1,15,,90919,4,,,1,15,,90939,4,,,1,15,,90880,4,,,1,55,,90900,4,,,1,15,,90920,4,,,1,15,,90940,4,,,1,15,,90881,4,,,1,55,,90901,4,,,1,15,,90921,4,,,1,15,,90941,4,,,1,15,,90882,4,,,1,55,,90902,4,,,1,15,,90922,4,,,1,15,,90942,4,,,1,15,,90883,4,,,1,55,,90903,4,,,1,15,,90923,4,,,1,15,,90943,4,,,1,15,,90884,4,,,1,55,,90904,4,,,1,15,,90924,4,,,1,15,,90944,4,,,1,15,,90885,4,,,1,55,,90905,4,,,1,15,,90925,4,,,1,15,,90945,4,,,1,15,,90886,4,,,1,55,,90906,4,,,1,15,,90926,4,,,1,15,,90946,4,,,1,15,,90887,4,,,1,55,,90907,4,,,1,15,,90927,4,,,1,15,,90947,4,,,1,15,,90888,4,,,1,55,,90908,4,,,1,15,,90928,4,,,1,15,,90948,4,,,1,15,,90889,4,,,1,55,,90909,4,,,1,15,,90929,4,,,1,15,,90949,4,,,1,15,,90890,4,,,1,55,,90910,4,,,1
1,'20270113',546,,91009,4,,,1,55,,90950,4,,,1,12,,90970,4,,,1,15,,90990,4,,,1,15,,91010,4,,,1,15,,90951,4,,,1,55,,90971,4,,,1,15,,90991,4,,,1,15,,91011,4,,,1,15,,90952,4,,,1,55,,90972,4,,,1,15,,90992,4,,,1,15,,91012,4,,,1,15,,90953,4,,,1,55,,90973,4,,,1,15,,90993,4,,,1,15,,91013,4,,,1,15,,90954,4,,,1,55,,90974,4,,,1,15,,90994,4,,,1,15,,91014,4,,,1,15,,90955,4,,,1,55,,90975,4,,,1,15,,90995,4,,,1,15,,91015,4,,,1,15,,90956,4,,,1,55,,90976,4,,,1,15,,90996,4,,,1,15,,91016,4,,,1,15,,90957,4,,,1,55,,90977,4,,,1,15,,90997,4,,,1,15,,91017,4,,,1,15,,90958,4,,,1,55,,90978,4,,,1,15,,90998,4,,,1,15,,91018,4,,,1,15,,90959,4,,,1,55,,90979,4,,,1,15,,90999,4,,,1,15,,91019,4,,,1,15,,90960,4,,,1,55,,90980,4,,,1,15,,91000,4,,,1,15,,91020,4,,,1,15,,90961,4,,,1,55,,90981,4,,,1,15,,91001,4,,,1,15,,91021,4,,,1,15,,90962,4,,,1,55,,90982,4,,,1,15,,91002,4,,,1,15,,91022,4,,,1,15,,90963,4,,,1,55,,90983,4,,,1,15,,91003,4,,,1,15,,91023,4,,,1,15,,90964,4,,,1,55,,90984,4,,,1,15,,91004,4,,,1,15,,91024,4,,,1,15,,90965,4,,,1,55,,90985,4,,,1,15,,91005,4,,,1,15,,91025,4,,,1,15,,90966,4,,,1,55,,90986,4,,,1,15,,91006,4,,,1,15,,91026,4,,,1,15,,90967,4,,,1,55,,90987,4,,,1,15,,91007,4,,,1,15,,91027,4,,,1,15,,90968,4,,,1,55,,90988,4,,,1,15,,91008,4,,,1,15,,91028,4,,,1,15,,90969,4,,,1,55,,90989,4,,,1
1,'20270114',546,,91088,4,,,1,55,,91029,4,,,1,12,,91049,4,,,1,15,,91069,4,,,1,15,,91089,4,,,1,15,,91030,4,,,1,55,,91050,4,,,1,15,,91070,4,,,1,15,,91090,4,,,1,15,,91031,4,,,1,55,,91051,4,,,1,15,,91071,4,,,1,15,,91091,4,,,1,15,,91032,4,,,1,55,,91052,4,,,1,15,,91072,4,,,1,15,,91092,4,,,1,15,,91033,4,,,1,55,,91053,4,,,1,15,,91073,4,,,1,15,,91093,4,,,1,15,,91034,4,,,1,55,,91054,4,,,1,15,,91074,4,,,1,15,,91094,4,,,1,15,,91035,4,,,1,55,,91055,4,,,1,15,,91075,4,,,1,15,,91095,4,,,1,15,,91036,4,,,1,55,,91056,4,,,1,15,,91076,4,,,1,15,,91096,4,,,1,15,,91037,4,,,1,55,,91057,4,,,1,15,,91077,4,,,1,15,,91097,4,,,1,15,,91038,4,,,1,55,,91058,4,,,1,15,,91078,4,,,1,15,,91098,4,,,1,15,,91039,4,,,1,55,,91059,4,,,1,15,,91079,4,,,1,15,,91099,4,,,1,15,,91040,4,,,1,55,,91060,4,,,1,15,,91080,4,,,1,15,,91100,4,,,1,15,,91041,4,,,1,55,,91061,4,,,1,15,,91081,4,,,1,15,,91101,4,,,1,15,,91042,4,,,1,55,,91062,4,,,1,15,,91082,4,,,1,15,,91102,4,,,1,15,,91043,4,,,1,55,,91063,4,,,1,15,,91083,4,,,1,15,,91103,4,,,1,15,,91044,4,,,1,55,,91064,4,,,1,15,,91084,4,,,1,15,,91104,4,,,1,15,,91045,4,,,1,55,,91065,4,,,1,15,,91085,4,,,1,15,,91105,4,,,1,15,,91046,4,,,1,55,,91066,4,,,1,15,,91086,4,,,1,15,,91106,4,,,1,15,,91047,4,,,1,55,,91067,4,,,1,15,,91087,4,,,1,15,,91107,4,,,1,15,,91048,4,,,1,55,,91068,4,,,1
1,'20270115',546,,91167,4,,,1,55,,91108,4,,,1,12,,91128,4,,,1,15,,91148,4,,,1,15,,91168,4,,,1,15,,91109,4,,,1,55,,91129,4,,,1,15,,91149,4,,,1,15,,91169,4,,,1,15,,91110,4,,,1,55,,91130,4,,,1,15,,91150,4,,,1,15,,91170,4,,,1,15,,91111,4,,,1,55,,91131,4,,,1,15,,91151,4,,,1,15,,91171,4,,,1,15,,91112,4,,,1,55,,91132,4,,,1,15,,91152,4,,,1,15,,91172,4,,,1,15,,91113,4,,,1,55,,91133,4,,,1,15,,91153,4,,,1,15,,91173,4,,,1,15,,91114,4,,,1,55,,91134,4,,,1,15,,91154,4,,,1,15,,91174,4,,,1,15,,91115,4,,,1,55,,91135,4,,,1,15,,91155,4,,,1,15,,91175,4,,,1,15,,91116,4,,,1,55,,91136,4,,,1,15,,91156,4,,,1,15,,91176,4,,,1,15,,91117,4,,,1,55,,91137,4,,,1,15,,91157,4,,,1,15,,91177,4,,,1,15,,91118,4,,,1,55,,91138,4,,,1,15,,91158,4,,,1,15,,91178,4,,,1,15,,91119,4,,,1,55,,91139,4,,,1,15,,91159,4,,,1,15,,91179,4,,,1,15,,91120,4,,,1,55,,91140,4,,,1,15,,91160,4,,,1,15,,91180,4,,,1,15,,91121,4,,,1,55,,91141,4,,,1,15,,91161,4,,,1,15,,91181,4,,,1,15,,91122,4,,,1,55,,91142,4,,,1,15,,91162,4,,,1,15,,91182,4,,,1,15,,91123,4,,,1,55,,91143,4,,,1,15,,91163,4,,,1,15,,91183,4,,,1,15,,91124,4,,,1,55,,91144,4,,,1,15,,91164,4,,,1,15,,91184,4,,,1,15,,91125,4,,,1,55,,91145,4,,,1,15,,91165,4,,,1,15,,91185,4,,,1,15,,91126,4,,,1,55,,91146,4,,,1,15,,91166,4,,,1,15,,91186,4,,,1,15,,91127,4,,,1,55,,91147,4,,,1
1,'20270116',643,,91243,4,,,1,15,,91187,4,,,1,55,,91206,4,,,1,15,,91225,4,,,1,15,,91244,4,,,1,15,,91188,4,,,1,55,,91207,4,,,1,15,,91226,4,,,1,15,,91245,4,,,1,15,,91189,4,,,1,55,,91208,4,,,1,15,,91227,4,,,1,15,,91246,4,,,1,15,,91190,4,,,1,55,,91209,4,,,1,15,,91228,4,,,1,15,,91247,4,,,1,15,,91191,4,,,1,55,,91210,4,,,1,15,,91229,4,,,1,15,,91248,4,,,1,15,,91192,4,,,1,55,,91211,4,,,1,15,,91230,4,,,1,15,,91249,4,,,1,15,,91193,4,,,1,55,,91212,4,,,1,15,,91231,4,,,1,15,,91250,4,,,1,15,,91194,4,,,1,55,,91213,4,,,1,15,,91232,4,,,1,15,,91251,4,,,1,15,,91195,4,,,1,55,,91214,4,,,1,15,,91233,4,,,1,15,,91252,4,,,1,15,,91196,4,,,1,55,,91215,4,,,1,15,,91234,4,,,1,15,,91253,4,,,1,15,,91197,4,,,1,55,,91216,4,,,1,15,,91235,4,,,1,15,,91254,4,,,1,15,,91198,4,,,1,55,,91217,4,,,1,15,,91236,4,,,1,15,,91255,4,,,1,15,,91199,4,,,1,55,,91218,4,,,1,15,,91237,4,,,1,15,,91256,4,,,1,15,,91200,4,,,1,55,,91219,4,,,1,15,,91238,4,,,1,15,,91257,4,,,1,15,,91201,4,,,1,55,,91220,4,,,1,15,,91239,4,,,1,15,,91258,4,,,1,15,,91202,4,,,1,55,,91221,4,,,1,15,,91240,4,,,1,15,,91259,4,,,1,15,,91203,4,,,1,55,,91222,4,,,1,15,,91241,4,,,1,15,,91260,4,,,1,15,,91204,4,,,1,55,,91223,4,,,1,15,,91242,4,,,1,15,,91261,4,,,1,15,,91205,4,,,1,55,,91224,4,,,1
1,'20270117',643,,91318,4,,,1,15,,91262,4,,,1,55,,91281,4,,,1,15,,91300,4,,,1,15,,91319,4,,,1,15,,91263,4,,,1,55,,91282,4,,,1,15,,91301,4,,,1,15,,91320,4,,,1,15,,91264,4,,,1,55,,91283,4,,,1,15,,91302,4,,,1,15,,91321,4,,,1,15,,91265,4,,,1,55,,91284,4,,,1,15,,91303,4,,,1,15,,91322,4,,,1,15,,91266,4,,,1,55,,91285,4,,,1,15,,91304,4,,,1,15,,91323,4,,,1,15,,91267,4,,,1,55,,91286,4,,,1,15,,91305,4,,,1,15,,91324,4,,,1,15,,91268,4,,,1,55,,91287,4,,,1,15,,91306,4,,,1,15,,91325,4,,,1,15,,91269,4,,,1,55,,91288,4,,,1,15,,91307,4,,,1,15,,91326,4,,,1,15,,91270,4,,,1,55,,91289,4,,,1,15,,91308,4,,,1,15,,91327,4,,,1,15,,91271,4,,,1,55,,91290,4,,,1,15,,91309,4,,,1,15,,91328,4,,,1,15,,91272,4,,,1,55,,91291,4,,,1,15,,91310,4,,,1,15,,91329,4,,,1,15,,91273,4,,,1,55,,91292,4,,,1,15,,91311,4,,,1,15,,91330,4,,,1,15,,91274,4,,,1,55,,91293,4,,,1,15,,91312,4,,,1,15,,91331,4,,,1,15,,91275,4,,,1,55,,91294,4,,,1,15,,91313,4,,,1,15,,91332,4,,,1,15,,91276,4,,,1,55,,91295,4,,,1,15,,91314,4,,,1,15,,91333,4,,,1,15,,91277,4,,,1,55,,91296,4,,,1,15,,91315,4,,,1,15,,91334,4,,,1,15,,91278,4,,,1,55,,91297,4,,,1,15,,91316,4,,,1,15,,91335,4,,,1,15,,91279,4,,,1,55,,91298,4,,,1,15,,91317,4,,,1,15,,91336,4,,,1,15,,91280,4,,,1,55,,91299,4,,,1
1,'20270118',546,,91396,4,,,1,55,,91337,4,,,1,12,,91357,4,,,1,15,,91377,4,,,1,15,,91397,4,,,1,15,,91338,4,,,1,55,,91358,4,,,1,15,,91378,4,,,1,15,,91398,4,,,1,15,,91339,4,,,1,55,,91359,4,,,1,15,,91379,4,,,1,15,,91399,4,,,1,15,,91340,4,,,1,55,,91360,4,,,1,15,,91380,4,,,1,15,,91400,4,,,1,15,,91341,4,,,1,55,,91361,4,,,1,15,,91381,4,,,1,15,,91401,4,,,1,15,,91342,4,,,1,55,,91362,4,,,1,15,,91382,4,,,1,15,,91402,4,,,1,15,,91343,4,,,1,55,,91363,4,,,1,15,,91383,4,,,1,15,,91403,4,,,1,15,,91344,4,,,1,55,,91364,4,,,1,15,,91384,4,,,1,15,,91404,4,,,1,15,,91345,4,,,1,55,,91365,4,,,1,15,,91385,4,,,1,15,,91405,4,,,1,15,,91346,4,,,1,55,,91366,4,,,1,15,,91386,4,,,1,15,,91406,4,,,1,15,,91347,4,,,1,55,,91367,4,,,1,15,,91387,4,,,1,15,,91407,4,,,1,15,,91348,4,,,1,55,,91368,4,,,1,15,,91388,4,,,1,15,,91408,4,,,1,15,,91349,4,,,1,55,,91369,4,,,1,15,,91389,4,,,1,15,,91409,4,,,1,15,,91350,4,,,1,55,,91370,4,,,1,15,,91390,4,,,1,15,,91410,4,,,1,15,,91351,4,,,1,55,,91371,4,,,1,15,,91391,4,,,1,15,,91411,4,,,1,15,,91352,4,,,1,55,,91372,4,,,1,15,,91392,4,,,1,15,,91412,4,,,1,15,,91353,4,,,1,55,,91373,4,,,1,15,,91393,4,,,1,15,,91413,4,,,1,15,,91354,4,,,1,55,,91374,4,,,1,15,,91394,4,,,1,15,,91414,4,,,1,15,,91355,4,,,1,55,,91375,4,,,1,15,,91395,4,,,1,15,,91415,4,,,1,15,,91356,4,,,1,55,,91376,4,,,1
1,'20270119',546,,91475,4,,,1,55,,91416,4,,,1,12,,91436,4,,,1,15,,91456,4,,,1,15,,91476,4,,,1,15,,91417,4,,,1,55,,91437,4,,,1,15,,91457,4,,,1,15,,91477,4,,,1,15,,91418,4,,,1,55,,91438,4,,,1,15,,91458,4,,,1,15,,91478,4,,,1,15,,91419,4,,,1,55,,91439,4,,,1,15,,91459,4,,,1,15,,91479,4,,,1,15,,91420,4,,,1,55,,91440,4,,,1,15,,91460,4,,,1,15,,91480,4,,,1,15,,91421,4,,,1,55,,91441,4,,,1,15,,91461,4,,,1,15,,91481,4,,,1,15,,91422,4,,,1,55,,91442,4,,,1,15,,91462,4,,,1,15,,91482,4,,,1,15,,91423,4,,,1,55,,91443,4,,,1,15,,91463,4,,,1,15,,91483,4,,,1,15,,91424,4,,,1,55,,91444,4,,,1,15,,91464,4,,,1,15,,91484,4,,,1,15,,91425,4,,,1,55,,91445,4,,,1,15,,91465,4,,,1,15,,91485,4,,,1,15,,91426,4,,,1,55,,91446,4,,,1,15,,91466,4,,,1,15,,91486,4,,,1,15,,91427,4,,,1,55,,91447,4,,,1,15,,91467,4,,,1,15,,91487,4,,,1,15,,91428,4,,,1,55,,91448,4,,,1,15,,91468,4,,,1,15,,91488,4,,,1,15,,91429,4,,,1,55,,91449,4,,,1,15,,91469,4,,,1,15,,91489,4,,,1,15,,91430,4,,,1,55,,91450,4,,,1,15,,91470,4,,,1,15,,91490,4,,,1,15,,91431,4,,,1,55,,91451,4,,,1,15,,91471,4,,,1,15,,91491,4,,,1,15,,91432,4,,,1,55,,91452,4,,,1,15,,91472,4,,,1,15,,91492,4,,,1,15,,91433,4,,,1,55,,91453,4,,,1,15,,91473,4,,,1,15,,91493,4,,,1,15,,91434,4,,,1,55,,91454,4,,,1,15,,91474,4,,,1,15,,91494,4,,,1,15,,91435,4,,,1,55,,91455,4,,,1
1,'20270120',546,,91554,4,,,1,55,,91495,4,,,1,12,,91515,4,,,1,15,,91535,4,,,1,15,,91555,4,,,1,15,,91496,4,,,1,55,,91516,4,,,1,15,,91536,4,,,1,15,,91556,4,,,1,15,,91497,4,,,1,55,,91517,4,,,1,15,,91537,4,,,1,15,,91557,4,,,1,15,,91498,4,,,1,55,,91518,4,,,1,15,,91538,4,,,1,15,,91558,4,,,1,15,,91499,4,,,1,55,,91519,4,,,1,15,,91539,4,,,1,15,,91559,4,,,1,15,,91500,4,,,1,55,,91520,4,,,1,15,,91540,4,,,1,15,,91560,4,,,1,15,,91501,4,,,1,55,,91521,4,,,1,15,,91541,4,,,1,15,,91561,4,,,1,15,,91502,4,,,1,55,,91522,4,,,1,15,,91542,4,,,1,15,,91562,4,,,1,15,,91503,4,,,1,55,,91523,4,,,1,15,,91543,4,,,1,15,,91563,4,,,1,15,,91504,4,,,1,55,,91524,4,,,1,15,,91544,4,,,1,15,,91564,4,,,1,15,,91505,4,,,1,55,,91525,4,,,1,15,,91545,4,,,1,15,,91565,4,,,1,15,,91506,4,,,1,55,,91526,4,,,1,15,,91546,4,,,1,15,,91566,4,,,1,15,,91507,4,,,1,55,,91527,4,,,1,15,,91547,4,,,1,15,,91567,4,,,1,15,,91508,4,,,1,55,,91528,4,,,1,15,,91548,4,,,1,15,,91568,4,,,1,15,,91509,4,,,1,55,,91529,4,,,1,15,,91549,4,,,1,15,,91569,4,,,1,15,,91510,4,,,1,55,,91530,4,,,1,15,,91550,4,,,1,15,,91570,4,,,1,15,,91511,4,,,1,55,,91531,4,,,1,15,,91551,4,,,1,15,,91571,4,,,1,15,,91512,4,,,1,55,,91532,4,,,1,15,,91552,4,,,1,15,,91572,4,,,1,15,,91513,4,,,1,55,,91533,4,,,1,15,,91553,4,,,1,15,,91573,4,,,1,15,,91514,4,,,1,55,,91534,4,,,1
1,'20270121',546,,91633,4,,,1,55,,91574,4,,,1,12,,91594,4,,,1,15,,91614,4,,,1,15,,91634,4,,,1,15,,91575,4,,,1,55,,91595,4,,,1,15,,91615,4,,,1,15,,91635,4,,,1,15,,91576,4,,,1,55,,91596,4,,,1,15,,91616,4,,,1,15,,91636,4,,,1,15,,91577,4,,,1,55,,91597,4,,,1,15,,91617,4,,,1,15,,91637,4,,,1,15,,91578,4,,,1,55,,91598,4,,,1,15,,91618,4,,,1,15,,91638,4,,,1,15,,91579,4,,,1,55,,91599,4,,,1,15,,91619,4,,,1,15,,91639,4,,,1,15,,91580,4,,,1,55,,91600,4,,,1,15,,91620,4,,,1,15,,91640,4,,,1,15,,91581,4,,,1,55,,91601,4,,,1,15,,91621,4,,,1,15,,91641,4,,,1,15,,91582,4,,,1,55,,91602,4,,,1,15,,91622,4,,,1,15,,91642,4,,,1,15,,91583,4,,,1,55,,91603,4,,,1,15,,91623,4,,,1,15,,91643,4,,,1,15,,91584,4,,,1,55,,91604,4,,,1,15,,91624,4,,,1,15,,91644,4,,,1,15,,91585,4,,,1,55,,91605,4,,,1,15,,91625,4,,,1,15,,91645,4,,,1,15,,91586,4,,,1,55,,91606,4,,,1,15,,91626,4,,,1,15,,91646,4,,,1,15,,91587,4,,,1,55,,91607,4,,,1,15,,91627,4,,,1,15,,91647,4,,,1,15,,91588,4,,,1,55,,91608,4,,,1,15,,91628,4,,,1,15,,91648,4,,,1,15,,91589,4,,,1,55,,91609,4,,,1,15,,91629,4,,,1,15,,91649,4,,,1,15,,91590,4,,,1,55,,91610,4,,,1,15,,91630,4,,,1,15,,91650,4,,,1,15,,91591,4,,,1,55,,91611,4,,,1,15,,91631,4,,,1,15,,91651,4,,,1,15,,91592,4,,,1,55,,91612,4,,,1,15,,91632,4,,,1,15,,91652,4,,,1,15,,91593,4,,,1,55,,91613,4,,,1
1,'20270122',546,,91712,4,,,1,55,,91653,4,,,1,12,,91673,4,,,1,15,,91693,4,,,1,15,,91713,4,,,1,15,,91654,4,,,1,55,,91674,4,,,1,15,,91694,4,,,1,15,,91714,4,,,1,15,,91655,4,,,1,55,,91675,4,,,1,15,,91695,4,,,1,15,,91715,4,,,1,15,,91656,4,,,1,55,,91676,4,,,1,15,,91696,4,,,1,15,,91716,4,,,1,15,,91657,4,,,1,55,,91677,4,,,1,15,,91697,4,,,1,15,,91717,4,,,1,15,,91658,4,,,1,55,,91678,4,,,1,15,,91698,4,,,1,15,,91718,4,,,1,15,,91659,4,,,1,55,,91679,4,,,1,15,,91699,4,,,1,15,,91719,4,,,1,15,,91660,4,,,1,55,,91680,4,,,1,15,,91700,4,,,1,15,,91720,4,,,1,15,,91661,4,,,1,55,,91681,4,,,1,15,,91701,4,,,1,15,,91721,4,,,1,15,,91662,4,,,1,55,,91682,4,,,1,15,,91702,4,,,1,15,,91722,4,,,1,15,,91663,4,,,1,55,,91683,4,,,1,15,,91703,4,,,1,15,,91723,4,,,1,15,,91664,4,,,1,55,,91684,4,,,1,15,,91704,4,,,1,15,,91724,4,,,1,15,,91665,4,,,1,55,,91685,4,,,1,15,,91705,4,,,1,15,,91725,4,,,1,15,,91666,4,,,1,55,,91686,4,,,1,15,,91706,4,,,1,15,,91726,4,,,1,15,,91667,4,,,1,55,,91687,4,,,1,15,,91707,4,,,1,15,,91727,4,,,1,15,,91668,4,,,1,55,,91688,4,,,1,15,,91708,4,,,1,15,,91728,4,,,1,15,,91669,4,,,1,55,,91689,4,,,1,15,,91709,4,,,1,15,,91729,4,,,1,15,,91670,4,,,1,55,,91690,4,,,1,15,,91710,4,,,1,15,,91730,4,,,1,15,,91671,4,,,1,55,,91691,4,,,1,15,,91711,4,,,1,15,,91731,4,,,1,15,,91672,4,,,1,55,,91692,4,,,1
1,'20270123',643,,91788,4,,,1,15,,91732,4,,,1,55,,91751,4,,,1,15,,91770,4,,,1,15,,91789,4,,,1,15,,91733,4,,,1,55,,91752,4,,,1,15,,91771,4,,,1,15,,91790,4,,,1,15,,91734,4,,,1,55,,91753,4,,,1,15,,91772,4,,,1,15,,91791,4,,,1,15,,91735,4,,,1,55,,91754,4,,,1,15,,91773,4,,,1,15,,91792,4,,,1,15,,91736,4,,,1,55,,91755,4,,,1,15,,91774,4,,,1,15,,91793,4,,,1,15,,91737,4,,,1,55,,91756,4,,,1,15,,91775,4,,,1,15,,91794,4,,,1,15,,91738,4,,,1,55,,91757,4,,,1,15,,91776,4,,,1,15,,91795,4,,,1,15,,91739,4,,,1,55,,91758,4,,,1,15,,91777,4,,,1,15,,91796,4,,,1,15,,91740,4,,,1,55,,91759,4,,,1,15,,91778,4,,,1,15,,91797,4,,,1,15,,91741,4,,,1,55,,91760,4,,,1,15,,91779,4,,,1,15,,91798,4,,,1,15,,91742,4,,,1,55,,91761,4,,,1,15,,91780,4,,,1,15,,91799,4,,,1,15,,91743,4,,,1,55,,91762,4,,,1,15,,91781,4,,,1,15,,91800,4,,,1,15,,91744,4,,,1,55,,91763,4,,,1,15,,91782,4,,,1,15,,91801,4,,,1,15,,91745,4,,,1,55,,91764,4,,,1,15,,91783,4,,,1,15,,91802,4,,,1,15,,91746,4,,,1,55,,91765,4,,,1,15,,91784,4,,,1,15,,91803,4,,,1,15,,91747,4,,,1,55,,91766,4,,,1,15,,91785,4,,,1,15,,91804,4,,,1,15,,91748,4,,,1,55,,91767,4,,,1,15,,91786,4,,,1,15,,91805,4,,,1,15,,91749,4,,,1,55,,91768,4,,,1,15,,91787,4,,,1,15,,91806,4,,,1,15,,91750,4,,,1,55,,91769,4,,,1
1,'20270124',643,,91863,4,,,1,15,,91807,4,,,1,55,,91826,4,,,1,15,,91845,4,,,1,15,,91864,4,,,1,15,,91808,4,,,1,55,,91827,4,,,1,15,,91846,4,,,1,15,,91865,4,,,1,15,,91809,4,,,1,55,,91828,4,,,1,15,,91847,4,,,1,15,,91866,4,,,1,15,,91810,4,,,1,55,,91829,4,,,1,15,,91848,4,,,1,15,,91867,4,,,1,15,,91811,4,,,1,55,,91830,4,,,1,15,,91849,4,,,1,15,,91868,4,,,1,15,,91812,4,,,1,55,,91831,4,,,1,15,,91850,4,,,1,15,,91869,4,,,1,15,,91813,4,,,1,55,,91832,4,,,1,15,,91851,4,,,1,15,,91870,4,,,1,15,,91814,4,,,1,55,,91833,4,,,1,15,,91852,4,,,1,15,,91871,4,,,1,15,,91815,4,,,1,55,,91834,4,,,1,15,,91853,4,,,1,15,,91872,4,,,1,15,,91816,4,,,1,55,,91835,4,,,1,15,,91854,4,,,1,15,,91873,4,,,1,15,,91817,4,,,1,55,,91836,4,,,1,15,,91855,4,,,1,15,,91874,4,,,1,15,,91818,4,,,1,55,,91837,4,,,1,15,,91856,4,,,1,15,,91875,4,,,1,15,,91819,4,,,1,55,,91838,4,,,1,15,,91857,4,,,1,15,,91876,4,,,1,15,,91820,4,,,1,55,,91839,4,,,1,15,,91858,4,,,1,15,,91877,4,,,1,15,,91821,4,,,1,55,,91840,4,,,1,15,,91859,4,,,1,15,,91878,4,,,1,15,,91822,4,,,1,55,,91841,4,,,1,15,,91860,4,,,1,15,,91879,4,,,1,15,,91823,4,,,1,55,,91842,4,,,1,15,,91861,4,,,1,15,,91880,4,,,1,15,,91824,4,,,1,55,,91843,4,,,1,15,,91862,4,,,1,15,,91881,4,,,1,15,,91825,4,,,1,55,,91844,4,,,1
1,'20270125',546,,91941,4,,,1,55,,91882,4,,,1,12,,91902,4,,,1,15,,91922,4,,,1,15,,91942,4,,,1,15,,91883,4,,,1,55,,91903,4,,,1,15,,91923,4,,,1,15,,91943,4,,,1,15,,91884,4,,,1,55,,91904,4,,,1,15,,91924,4,,,1,15,,91944,4,,,1,15,,91885,4,,,1,55,,91905,4,,,1,15,,91925,4,,,1,15,,91945,4,,,1,15,,91886,4,,,1,55,,91906,4,,,1,15,,91926,4,,,1,15,,91946,4,,,1,15,,91887,4,,,1,55,,91907,4,,,1,15,,91927,4,,,1,15,,91947,4,,,1,15,,91888,4,,,1,55,,91908,4,,,1,15,,91928,4,,,1,15,,91948,4,,,1,15,,91889,4,,,1,55,,91909,4,,,1,15,,91929,4,,,1,15,,91949,4,,,1,15,,91890,4,,,1,55,,91910,4,,,1,15,,91930,4,,,1,15,,91950,4,,,1,15,,91891,4,,,1,55,,91911,4,,,1,15,,91931,4,,,1,15,,91951,4,,,1,15,,91892,4,,,1,55,,91912,4,,,1,15,,91932,4,,,1,15,,91952,4,,,1,15,,91893,4,,,1,55,,91913,4,,,1,15,,91933,4,,,1,15,,91953,4,,,1,15,,91894,4,,,1,55,,91914,4,,,1,15,,91934,4,,,1,15,,91954,4,,,1,15,,91895,4,,,1,55,,91915,4,,,1,15,,91935,4,,,1,15,,91955,4,,,1,15,,91896,4,,,1,55,,91916,4,,,1,15,,91936,4,,,1,15,,91956,4,,,1,15,,91897,4,,,1,55,,91917,4,,,1,15,,91937,4,,,1,15,,91957,4,,,1,15,,91898,4,,,1,55,,91918,4,,,1,15,,91938,4,,,1,15,,91958,4,,,1,15,,91899,4,,,1,55,,91919,4,,,1,15,,91939,4,,,1,15,,91959,4,,,1,15,,91900,4,,,1,55,,91920,4,,,1,15,,91940,4,,,1,15,,91960,4,,,1,15,,91901,4,,,1,55,,91921,4,,,1
1,'20270126',546,,92020,4,,,1,55,,91961,4,,,1,12,,91981,4,,,1,15,,92001,4,,,1,15,,92021,4,,,1,15,,91962,4,,,1,55,,91982,4,,,1,15,,92002,4,,,1,15,,92022,4,,,1,15,,91963,4,,,1,55,,91983,4,,,1,15,,92003,4,,,1,15,,92023,4,,,1,15,,91964,4,,,1,55,,91984,4,,,1,15,,92004,4,,,1,15,,92024,4,,,1,15,,91965,4,,,1,55,,91985,4,,,1,15,,92005,4,,,1,15,,92025,4,,,1,15,,91966,4,,,1,55,,91986,4,,,1,15,,92006,4,,,1,15,,92026,4,,,1,15,,91967,4,,,1,55,,91987,4,,,1,15,,92007,4,,,1,15,,92027,4,,,1,15,,91968,4,,,1,55,,91988,4,,,1,15,,92008,4,,,1,15,,92028,4,,,1,15,,91969,4,,,1,55,,91989,4,,,1,15,,92009,4,,,1,15,,92029,4,,,1,15,,91970,4,,,1,55,,91990,4,,,1,15,,92010,4,,,1,15,,92030,4,,,1,15,,91971,4,,,1,55,,91991,4,,,1,15,,92011,4,,,1,15,,92031,4,,,1,15,,91972,4,,,1,55,,91992,4,,,1,15,,92012,4,,,1,15,,92032,4,,,1,15,,91973,4,,,1,55,,91993,4,,,1,15,,92013,4,,,1,15,,92033,4,,,1,15,,91974,4,,,1,55,,91994,4,,,1,15,,92014,4,,,1,15,,92034,4,,,1,15,,91975,4,,,1,55,,91995,4,,,1,15,,92015,4,,,1,15,,92035,4,,,1,15,,91976,4,,,1,55,,91996,4,,,1,15,,92016,4,,,1,15,,92036,4,,,1,15,,91977,4,,,1,55,,91997,4,,,1,15,,92017,4,,,1,15,,92037,4,,,1,15,,91978,4,,,1,55,,91998,4,,,1,15,,92018,4,,,1,15,,92038,4,,,1,15,,91979,4,,,1,55,,91999,4,,,1,15,,92019,4,,,1,15,,92039,4,,,1,15,,91980,4,,,1,55,,92000,4,,,1
1,'20270127',546,,92099,4,,,1,55,,92040,4,,,1,12,,92060,4,,,1,15,,92080,4,,,1,15,,92100,4,,,1,15,,92041,4,,,1,55,,92061,4,,,1,15,,92081,4,,,1,15,,92101,4,,,1,15,,92042,4,,,1,55,,92062,4,,,1,15,,92082,4,,,1,15,,92102,4,,,1,15,,92043,4,,,1,55,,92063,4,,,1,15,,92083,4,,,1,15,,92103,4,,,1,15,,92044,4,,,1,55,,92064,4,,,1,15,,92084,4,,,1,15,,92104,4,,,1,15,,92045,4,,,1,55,,92065,4,,,1,15,,92085,4,,,1,15,,92105,4,,,1,15,,92046,4,,,1,55,,92066,4,,,1,15,,92086,4,,,1,15,,92106,4,,,1,15,,92047,4,,,1,55,,92067,4,,,1,15,,92087,4,,,1,15,,92107,4,,,1,15,,92048,4,,,1,55,,92068,4,,,1,15,,92088,4,,,1,15,,92108,4,,,1,15,,92049,4,,,1,55,,92069,4,,,1,15,,92089,4,,,1,15,,92109,4,,,1,15,,92050,4,,,1,55,,92070,4,,,1,15,,92090,4,,,1,15,,92110,4,,,1,15,,92051,4,,,1,55,,92071,4,,,1,15,,92091,4,,,1,15,,92111,4,,,1,15,,92052,4,,,1,55,,92072,4,,,1,15,,92092,4,,,1,15,,92112,4,,,1,15,,92053,4,,,1,55,,92073,4,,,1,15,,92093,4,,,1,15,,92113,4,,,1,15,,92054,4,,,1,55,,92074,4,,,1,15,,92094,4,,,1,15,,92114,4,,,1,15,,92055,4,,,1,55,,92075,4,,,1,15,,92095,4,,,1,15,,92115,4,,,1,15,,92056,4,,,1,55,,92076,4,,,1,15,,92096,4,,,1,15,,92116,4,,,1,15,,92057,4,,,1,55,,92077,4,,,1,15,,92097,4,,,1,15,,92117,4,,,1,15,,92058,4,,,1,55,,92078,4,,,1,15,,92098,4,,,1,15,,92118,4,,,1,15,,92059,4,,,1,55,,92079,4,,,1
1,'20270128',546,,92178,4,,,1,55,,92119,4,,,1,12,,92139,4,,,1,15,,92159,4,,,1,15,,92179,4,,,1,15,,92120,4,,,1,55,,92140,4,,,1,15,,92160,4,,,1,15,,92180,4,,,1,15,,92121,4,,,1,55,,92141,4,,,1,15,,92161,4,,,1,15,,92181,4,,,1,15,,92122,4,,,1,55,,92142,4,,,1,15,,92162,4,,,1,15,,92182,4,,,1,15,,92123,4,,,1,55,,92143,4,,,1,15,,92163,4,,,1,15,,92183,4,,,1,15,,92124,4,,,1,55,,92144,4,,,1,15,,92164,4,,,1,15,,92184,4,,,1,15,,92125,4,,,1,55,,92145,4,,,1,15,,92165,4,,,1,15,,92185,4,,,1,15,,92126,4,,,1,55,,92146,4,,,1,15,,92166,4,,,1,15,,92186,4,,,1,15,,92127,4,,,1,55,,92147,4,,,1,15,,92167,4,,,1,15,,92187,4,,,1,15,,92128,4,,,1,55,,92148,4,,,1,15,,92168,4,,,1,15,,92188,4,,,1,15,,92129,4,,,1,55,,92149,4,,,1,15,,92169,4,,,1,15,,92189,4,,,1,15,,92130,4,,,1,55,,92150,4,,,1,15,,92170,4,,,1,15,,92190,4,,,1,15,,92131,4,,,1,55,,92151,4,,,1,15,,92171,4,,,1,15,,92191,4,,,1,15,,92132,4,,,1,55,,92152,4,,,1,15,,92172,4,,,1,15,,92192,4,,,1,15,,92133,4,,,1,55,,92153,4,,,1,15,,92173,4,,,1,15,,92193,4,,,1,15,,92134,4,,,1,55,,92154,4,,,1,15,,92174,4,,,1,15,,92194,4,,,1,15,,92135,4,,,1,55,,92155,4,,,1,15,,92175,4,,,1,15,,92195,4,,,1,15,,92136,4,,,1,55,,92156,4,,,1,15,,92176,4,,,1,15,,92196,4,,,1,15,,92137,4,,,1,55,,92157,4,,,1,15,,92177,4,,,1,15,,92197,4,,,1,15,,92138,4,,,1,55,,92158,4,,,1
1,'20270129',546,,92257,4,,,1,55,,92198,4,,,1,12,,92218,4,,,1,15,,92238,4,,,1,15,,92258,4,,,1,15,,92199,4,,,1,55,,92219,4,,,1,15,,92239,4,,,1,15,,92259,4,,,1,15,,92200,4,,,1,55,,92220,4,,,1,15,,92240,4,,,1,15,,92260,4,,,1,15,,92201,4,,,1,55,,92221,4,,,1,15,,92241,4,,,1,15,,92261,4,,,1,15,,92202,4,,,1,55,,92222,4,,,1,15,,92242,4,,,1,15,,92262,4,,,1,15,,92203,4,,,1,55,,92223,4,,,1,15,,92243,4,,,1,15,,92263,4,,,1,15,,92204,4,,,1,55,,92224,4,,,1,15,,92244,4,,,1,15,,92264,4,,,1,15,,92205,4,,,1,55,,92225,4,,,1,15,,92245,4,,,1,15,,92265,4,,,1,15,,92206,4,,,1,55,,92226,4,,,1,15,,92246,4,,,1,15,,92266,4,,,1,15,,92207,4,,,1,55,,92227,4,,,1,15,,92247,4,,,1,15,,92267,4,,,1,15,,92208,4,,,1,55,,92228,4,,,1,15,,92248,4,,,1,15,,92268,4,,,1,15,,92209,4,,,1,55,,92229,4,,,1,15,,92249,4,,,1,15,,92269,4,,,1,15,,92210,4,,,1,55,,92230,4,,,1,15,,92250,4,,,1,15,,92270,4,,,1,15,,92211,4,,,1,55,,92231,4,,,1,15,,92251,4,,,1,15,,92271,4,,,1,15,,92212,4,,,1,55,,92232,4,,,1,15,,92252,4,,,1,15,,92272,4,,,1,15,,92213,4,,,1,55,,92233,4,,,1,15,,92253,4,,,1,15,,92273,4,,,1,15,,92214,4,,,1,55,,92234,4,,,1,15,,92254,4,,,1,15,,92274,4,,,1,15,,92215,4,,,1,55,,92235,4,,,1,15,,92255,4,,,1,15,,92275,4,,,1,15,,92216,4,,,1,55,,92236,4,,,1,15,,92256,4,,,1,15,,92276,4,,,1,15,,92217,4,,,1,55,,92237,4,,,1
1,'20270130',643,,92333,4,,,1,15,,92277,4,,,1,55,,92296,4,,,1,15,,92315,4,,,1,15,,92334,4,,,1,15,,92278,4,,,1,55,,92297,4,,,1,15,,92316,4,,,1,15,,92335,4,,,1,15,,92279,4,,,1,55,,92298,4,,,1,15,,92317,4,,,1,15,,92336,4,,,1,15,,92280,4,,,1,55,,92299,4,,,1,15,,92318,4,,,1,15,,92337,4,,,1,15,,92281,4,,,1,55,,92300,4,,,1,15,,92319,4,,,1,15,,92338,4,,,1,15,,92282,4,,,1,55,,92301,4,,,1,15,,92320,4,,,1,15,,92339,4,,,1,15,,92283,4,,,1,55,,92302,4,,,1,15,,92321,4,,,1,15,,92340,4,,,1,15,,92284,4,,,1,55,,92303,4,,,1,15,,92322,4,,,1,15,,92341,4,,,1,15,,92285,4,,,1,55,,92304,4,,,1,15,,92323,4,,,1,15,,92342,4,,,1,15,,92286,4,,,1,55,,92305,4,,,1,15,,92324,4,,,1,15,,92343,4,,,1,15,,92287,4,,,1,55,,92306,4,,,1,15,,92325,4,,,1,15,,92344,4,,,1,15,,92288,4,,,1,55,,92307,4,,,1,15,,92326,4,,,1,15,,92345,4,,,1,15,,92289,4,,,1,55,,92308,4,,,1,15,,92327,4,,,1,15,,92346,4,,,1,15,,92290,4,,,1,55,,92309,4,,,1,15,,92328,4,,,1,15,,92347,4,,,1,15,,92291,4,,,1,55,,92310,4,,,1,15,,92329,4,,,1,15,,92348,4,,,1,15,,92292,4,,,1,55,,92311,4,,,1,15,,92330,4,,,1,15,,92349,4,,,1,15,,92293,4,,,1,55,,92312,4,,,1,15,,92331,4,,,1,15,,92350,4,,,1,15,,92294,4,,,1,55,,92313,4,,,1,15,,92332,4,,,1,15,,92351,4,,,1,15,,92295,4,,,1,55,,92314,4,,,1
1,'20270131',643,,92408,4,,,1,15,,92352,4,,,1,55,,92371,4,,,1,15,,92390,4,,,1,15,,92409,4,,,1,15,,92353,4,,,1,55,,92372,4,,,1,15,,92391,4,,,1,15,,92410,4,,,1,15,,92354,4,,,1,55,,92373,4,,,1,15,,92392,4,,,1,15,,92411,4,,,1,15,,92355,4,,,1,55,,92374,4,,,1,15,,92393,4,,,1,15,,92412,4,,,1,15,,92356,4,,,1,55,,92375,4,,,1,15,,92394,4,,,1,15,,92413,4,,,1,15,,92357,4,,,1,55,,92376,4,,,1,15,,92395,4,,,1,15,,92414,4,,,1,15,,92358,4,,,1,55,,92377,4,,,1,15,,92396,4,,,1,15,,92415,4,,,1,15,,92359,4,,,1,55,,92378,4,,,1,15,,92397,4,,,1,15,,92416,4,,,1,15,,92360,4,,,1,55,,92379,4,,,1,15,,92398,4,,,1,15,,92417,4,,,1,15,,92361,4,,,1,55,,92380,4,,,1,15,,92399,4,,,1,15,,92418,4,,,1,15,,92362,4,,,1,55,,92381,4,,,1,15,,92400,4,,,1,15,,92419,4,,,1,15,,92363,4,,,1,55,,92382,4,,,1,15,,92401,4,,,1,15,,92420,4,,,1,15,,92364,4,,,1,55,,92383,4,,,1,15,,92402,4,,,1,15,,92421,4,,,1,15,,92365,4,,,1,55,,92384,4,,,1,15,,92403,4,,,1,15,,92422,4,,,1,15,,92366,4,,,1,55,,92385,4,,,1,15,,92404,4,,,1,15,,92423,4,,,1,15,,92367,4,,,1,55,,92386,4,,,1,15,,92405,4,,,1,15,,92424,4,,,1,15,,92368,4,,,1,55,,92387,4,,,1,15,,92406,4,,,1,15,,92425,4,,,1,15,,92369,4,,,1,55,,92388,4,,,1,15,,92407,4,,,1,15,,92426,4,,,1,15,,92370,4,,,1,55,,92389,4,,,1
1,'20270201',546,,92486,4,,,1,55,,92427,4,,,1,12,,92447,4,,,1,15,,92467,4,,,1,15,,92487,4,,,1,15,,92428,4,,,1,55,,92448,4,,,1,15,,92468,4,,,1,15,,92488,4,,,1,15,,92429,4,,,1,55,,92449,4,,,1,15,,92469,4,,,1,15,,92489,4,,,1,15,,92430,4,,,1,55,,92450,4,,,1,15,,92470,4,,,1,15,,92490,4,,,1,15,,92431,4,,,1,55,,92451,4,,,1,15,,92471,4,,,1,15,,92491,4,,,1,15,,92432,4,,,1,55,,92452,4,,,1,15,,92472,4,,,1,15,,92492,4,,,1,15,,92433,4,,,1,55,,92453,4,,,1,15,,92473,4,,,1,15,,92493,4,,,1,15,,92434,4,,,1,55,,92454,4,,,1,15,,92474,4,,,1,15,,92494,4,,,1,15,,92435,4,,,1,55,,92455,4,,,1,15,,92475,4,,,1,15,,92495,4,,,1,15,,92436,4,,,1,55,,92456,4,,,1,15,,92476,4,,,1,15,,92496,4,,,1,15,,92437,4,,,1,55,,92457,4,,,1,15,,92477,4,,,1,15,,92497,4,,,1,15,,92438,4,,,1,55,,92458,4,,,1,15,,92478,4,,,1,15,,92498,4,,,1,15,,92439,4,,,1,55,,92459,4,,,1,15,,92479,4,,,1,15,,92499,4,,,1,15,,92440,4,,,1,55,,92460,4,,,1,15,,92480,4,,,1,15,,92500,4,,,1,15,,92441,4,,,1,55,,92461,4,,,1,15,,92481,4,,,1,15,,92501,4,,,1,15,,92442,4,,,1,55,,92462,4,,,1,15,,92482,4,,,1,15,,92502,4,,,1,15,,92443,4,,,1,55,,92463,4,,,1,15,,92483,4,,,1,15,,92503,4,,,1,15,,92444,4,,,1,55,,92464,4,,,1,15,,92484,4,,,1,15,,92504,4,,,1,15,,92445,4,,,1,55,,92465,4,,,1,15,,92485,4,,,1,15,,92505,4,,,1,15,,92446,4,,,1,55,,92466,4,,,1
1,'20270202',546,,92565,4,,,1,55,,92506,4,,,1,12,,92526,4,,,1,15,,92546,4,,,1,15,,92566,4,,,1,15,,92507,4,,,1,55,,92527,4,,,1,15,,92547,4,,,1,15,,92567,4,,,1,15,,92508,4,,,1,55,,92528,4,,,1,15,,92548,4,,,1,15,,92568,4,,,1,15,,92509,4,,,1,55,,92529,4,,,1,15,,92549,4,,,1,15,,92569,4,,,1,15,,92510,4,,,1,55,,92530,4,,,1,15,,92550,4,,,1,15,,92570,4,,,1,15,,92511,4,,,1,55,,92531,4,,,1,15,,92551,4,,,1,15,,92571,4,,,1,15,,92512,4,,,1,55,,92532,4,,,1,15,,92552,4,,,1,15,,92572,4,,,1,15,,92513,4,,,1,55,,92533,4,,,1,15,,92553,4,,,1,15,,92573,4,,,1,15,,92514,4,,,1,55,,92534,4,,,1,15,,92554,4,,,1,15,,92574,4,,,1,15,,92515,4,,,1,55,,92535,4,,,1,15,,92555,4,,,1,15,,92575,4,,,1,15,,92516,4,,,1,55,,92536,4,,,1,15,,92556,4,,,1,15,,92576,4,,,1,15,,92517,4,,,1,55,,92537,4,,,1,15,,92557,4,,,1,15,,92577,4,,,1,15,,92518,4,,,1,55,,92538,4,,,1,15,,92558,4,,,1,15,,92578,4,,,1,15,,92519,4,,,1,55,,92539,4,,,1,15,,92559,4,,,1,15,,92579,4,,,1,15,,92520,4,,,1,55,,92540,4,,,1,15,,92560,4,,,1,15,,92580,4,,,1,15,,92521,4,,,1,55,,92541,4,,,1,15,,92561,4,,,1,15,,92581,4,,,1,15,,92522,4,,,1,55,,92542,4,,,1,15,,92562,4,,,1,15,,92582,4,,,1,15,,92523,4,,,1,55,,92543,4,,,1,15,,92563,4,,,1,15,,92583,4,,,1,15,,92524,4,,,1,55,,92544,4,,,1,15,,92564,4,,,1,15,,92584,4,,,1,15,,92525,4,,,1,55,,92545,4,,,1
1,'20270203',546,,92644,4,,,1,55,,92585,4,,,1,12,,92605,4,,,1,15,,92625,4,,,1,15,,92645,4,,,1,15,,92586,4,,,1,55,,92606,4,,,1,15,,92626,4,,,1,15,,92646,4,,,1,15,,92587,4,,,1,55,,92607,4,,,1,15,,92627,4,,,1,15,,92647,4,,,1,15,,92588,4,,,1,55,,92608,4,,,1,15,,92628,4,,,1,15,,92648,4,,,1,15,,92589,4,,,1,55,,92609,4,,,1,15,,92629,4,,,1,15,,92649,4,,,1,15,,92590,4,,,1,55,,92610,4,,,1,15,,92630,4,,,1,15,,92650,4,,,1,15,,92591,4,,,1,55,,92611,4,,,1,15,,92631,4,,,1,15,,92651,4,,,1,15,,92592,4,,,1,55,,92612,4,,,1,15,,92632,4,,,1,15,,92652,4,,,1,15,,92593,4,,,1,55,,92613,4,,,1,15,,92633,4,,,1,15,,92653,4,,,1,15,,92594,4,,,1,55,,92614,4,,,1,15,,92634,4,,,1,15,,92654,4,,,1,15,,92595,4,,,1,55,,92615,4,,,1,15,,92635,4,,,1,15,,92655,4,,,1,15,,92596,4,,,1,55,,92616,4,,,1,15,,92636,4,,,1,15,,92656,4,,,1,15,,92597,4,,,1,55,,92617,4,,,1,15,,92637,4,,,1,15,,92657,4,,,1,15,,92598,4,,,1,55,,92618,4,,,1,15,,92638,4,,,1,15,,92658,4,,,1,15,,92599,4,,,1,55,,92619,4,,,1,15,,92639,4,,,1,15,,92659,4,,,1,15,,92600,4,,,1,55,,92620,4,,,1,15,,92640,4,,,1,15,,92660,4,,,1,15,,92601,4,,,1,55,,92621,4,,,1,15,,92641,4,,,1,15,,92661,4,,,1,15,,92602,4,,,1,55,,92622,4,,,1,15,,92642,4,,,1,15,,92662,4,,,1,15,,92603,4,,,1,55,,92623,4,,,1,15,,92643,4,,,1,15,,92663,4,,,1,15,,92604,4,,,1,55,,92624,4,,,1
1,'20270204',546,,92723,4,,,1,55,,92664,4,,,1,12,,92684,4,,,1,15,,92704,4,,,1,15,,92724,4,,,1,15,,92665,4,,,1,55,,92685,4,,,1,15,,92705,4,,,1,15,,92725,4,,,1,15,,92666,4,,,1,55,,92686,4,,,1,15,,92706,4,,,1,15,,92726,4,,,1,15,,92667,4,,,1,55,,92687,4,,,1,15,,92707,4,,,1,15,,92727,4,,,1,15,,92668,4,,,1,55,,92688,4,,,1,15,,92708,4,,,1,15,,92728,4,,,1,15,,92669,4,,,1,55,,92689,4,,,1,15,,92709,4,,,1,15,,92729,4,,,1,15,,92670,4,,,1,55,,92690,4,,,1,15,,92710,4,,,1,15,,92730,4,,,1,15,,92671,4,,,1,55,,92691,4,,,1,15,,92711,4,,,1,15,,92731,4,,,1,15,,92672,4,,,1,55,,92692,4,,,1,15,,92712,4,,,1,15,,92732,4,,,1,15,,92673,4,,,1,55,,92693,4,,,1,15,,92713,4,,,1,15,,92733,4,,,1,15,,92674,4,,,1,55,,92694,4,,,1,15,,92714,4,,,1,15,,92734,4,,,1,15,,92675,4,,,1,55,,92695,4,,,1,15,,92715,4,,,1,15,,92735,4,,,1,15,,92676,4,,,1,55,,92696,4,,,1,15,,92716,4,,,1,15,,92736,4,,,1,15,,92677,4,,,1,55,,92697,4,,,1,15,,92717,4,,,1,15,,92737,4,,,1,15,,92678,4,,,1,55,,92698,4,,,1,15,,92718,4,,,1,15,,92738,4,,,1,15,,92679,4,,,1,55,,92699,4,,,1,15,,92719,4,,,1,15,,92739,4,,,1,15,,92680,4,,,1,55,,92700,4,,,1,15,,92720,4,,,1,15,,92740,4,,,1,15,,92681,4,,,1,55,,92701,4,,,1,15,,92721,4,,,1,15,,92741,4,,,1,15,,92682,4,,,1,55,,92702,4,,,1,15,,92722,4,,,1,15,,92742,4,,,1,15,,92683,4,,,1,55,,92703,4,,,1
1,'20270205',546,,92802,4,,,1,55,,92743,4,,,1,12,,92763,4,,,1,15,,92783,4,,,1,15,,92803,4,,,1,15,,92744,4,,,1,55,,92764,4,,,1,15,,92784,4,,,1,15,,92804,4,,,1,15,,92745,4,,,1,55,,92765,4,,,1,15,,92785,4,,,1,15,,92805,4,,,1,15,,92746,4,,,1,55,,92766,4,,,1,15,,92786,4,,,1,15,,92806,4,,,1,15,,92747,4,,,1,55,,92767,4,,,1,15,,92787,4,,,1,15,,92807,4,,,1,15,,92748,4,,,1,55,,92768,4,,,1,15,,92788,4,,,1,15,,92808,4,,,1,15,,92749,4,,,1,55,,92769,4,,,1,15,,92789,4,,,1,15,,92809,4,,,1,15,,92750,4,,,1,55,,92770,4,,,1,15,,92790,4,,,1,15,,92810,4,,,1,15,,92751,4,,,1,55,,92771,4,,,1,15,,92791,4,,,1,15,,92811,4,,,1,15,,92752,4,,,1,55,,92772,4,,,1,15,,92792,4,,,1,15,,92812,4,,,1,15,,92753,4,,,1,55,,92773,4,,,1,15,,92793,4,,,1,15,,92813,4,,,1,15,,92754,4,,,1,55,,92774,4,,,1,15,,92794,4,,,1,15,,92814,4,,,1,15,,92755,4,,,1,55,,92775,4,,,1,15,,92795,4,,,1,15,,92815,4,,,1,15,,92756,4,,,1,55,,92776,4,,,1,15,,92796,4,,,1,15,,92816,4,,,1,15,,92757,4,,,1,55,,92777,4,,,1,15,,92797,4,,,1,15,,92817,4,,,1,15,,92758,4,,,1,55,,92778,4,,,1,15,,92798,4,,,1,15,,92818,4,,,1,15,,92759,4,,,1,55,,92779,4,,,1,15,,92799,4,,,1,15,,92819,4,,,1,15,,92760,4,,,1,55,,92780,4,,,1,15,,92800,4,,,1,15,,92820,4,,,1,15,,92761,4,,,1,55,,92781,4,,,1,15,,92801,4,,,1,15,,92821,4,,,1,15,,92762,4,,,1,55,,92782,4,,,1
1,'20270206',643,,92878,4,,,1,15,,92822,4,,,1,55,,92841,4,,,1,15,,92860,4,,,1,15,,92879,4,,,1,15,,92823,4,,,1,55,,92842,4,,,1,15,,92861,4,,,1,15,,92880,4,,,1,15,,92824,4,,,1,55,,92843,4,,,1,15,,92862,4,,,1,15,,92881,4,,,1,15,,92825,4,,,1,55,,92844,4,,,1,15,,92863,4,,,1,15,,92882,4,,,1,15,,92826,4,,,1,55,,92845,4,,,1,15,,92864,4,,,1,15,,92883,4,,,1,15,,92827,4,,,1,55,,92846,4,,,1,15,,92865,4,,,1,15,,92884,4,,,1,15,,92828,4,,,1,55,,92847,4,,,1,15,,92866,4,,,1,15,,92885,4,,,1,15,,92829,4,,,1,55,,92848,4,,,1,15,,92867,4,,,1,15,,92886,4,,,1,15,,92830,4,,,1,55,,92849,4,,,1,15,,92868,4,,,1,15,,92887,4,,,1,15,,92831,4,,,1,55,,92850,4,,,1,15,,92869,4,,,1,15,,92888,4,,,1,15,,92832,4,,,1,55,,92851,4,,,1,15,,92870,4,,,1,15,,92889,4,,,1,15,,92833,4,,,1,55,,92852,4,,,1,15,,92871,4,,,1,15,,92890,4,,,1,15,,92834,4,,,1,55,,92853,4,,,1,15,,92872,4,,,1,15,,92891,4,,,1,15,,92835,4,,,1,55,,92854,4,,,1,15,,92873,4,,,1,15,,92892,4,,,1,15,,92836,4,,,1,55,,92855,4,,,1,15,,92874,4,,,1,15,,92893,4,,,1,15,,92837,4,,,1,55,,92856,4,,,1,15,,92875,4,,,1,15,,92894,4,,,1,15,,92838,4,,,1,55,,92857,4,,,1,15,,92876,4,,,1,15,,92895,4,,,1,15,,92839,4,,,1,55,,92858,4,,,1,15,,92877,4,,,1,15,,92896,4,,,1,15,,92840,4,,,1,55,,92859,4,,,1
1,'20270207',643,,92953,4,,,1,15,,92897,4,,,1,55,,92916,4,,,1,15,,92935,4,,,1,15,,92954,4,,,1,15,,92898,4,,,1,55,,92917,4,,,1,15,,92936,4,,,1,15,,92955,4,,,1,15,,92899,4,,,1,55,,92918,4,,,1,15,,92937,4,,,1,15,,92956,4,,,1,15,,92900,4,,,1,55,,92919,4,,,1,15,,92938,4,,,1,15,,92957,4,,,1,15,,92901,4,,,1,55,,92920,4,,,1,15,,92939,4,,,1,15,,92958,4,,,1,15,,92902,4,,,1,55,,92921,4,,,1,15,,92940,4,,,1,15,,92959,4,,,1,15,,92903,4,,,1,55,,92922,4,,,1,15,,92941,4,,,1,15,,92960,4,,,1,15,,92904,4,,,1,55,,92923,4,,,1,15,,92942,4,,,1,15,,92961,4,,,1,15,,92905,4,,,1,55,,92924,4,,,1,15,,92943,4,,,1,15,,92962,4,,,1,15,,92906,4,,,1,55,,92925,4,,,1,15,,92944,4,,,1,15,,92963,4,,,1,15,,92907,4,,,1,55,,92926,4,,,1,15,,92945,4,,,1,15,,92964,4,,,1,15,,92908,4,,,1,55,,92927,4,,,1,15,,92946,4,,,1,15,,92965,4,,,1,15,,92909,4,,,1,55,,92928,4,,,1,15,,92947,4,,,1,15,,92966,4,,,1,15,,92910,4,,,1,55,,92929,4,,,1,15,,92948,4,,,1,15,,92967,4,,,1,15,,92911,4,,,1,55,,92930,4,,,1,15,,92949,4,,,1,15,,92968,4,,,1,15,,92912,4,,,1,55,,92931,4,,,1,15,,92950,4,,,1,15,,92969,4,,,1,15,,92913,4,,,1,55,,92932,4,,,1,15,,92951,4,,,1,15,,92970,4,,,1,15,,92914,4,,,1,55,,92933,4,,,1,15,,92952,4,,,1,15,,92971,4,,,1,15,,92915,4,,,1,55,,92934,4,,,1
1,'20270208',546,,93031,4,,,1,55,,92972,4,,,1,12,,92992,4,,,1,15,,93012,4,,,1,15,,93032,4,,,1,15,,92973,4,,,1,55,,92993,4,,,1,15,,93013,4,,,1,15,,93033,4,,,1,15,,92974,4,,,1,55,,92994,4,,,1,15,,93014,4,,,1,15,,93034,4,,,1,15,,92975,4,,,1,55,,92995,4,,,1,15,,93015,4,,,1,15,,93035,4,,,1,15,,92976,4,,,1,55,,92996,4,,,1,15,,93016,4,,,1,15,,93036,4,,,1,15,,92977,4,,,1,55,,92997,4,,,1,15,,93017,4,,,1,15,,93037,4,,,1,15,,92978,4,,,1,55,,92998,4,,,1,15,,93018,4,,,1,15,,93038,4,,,1,15,,92979,4,,,1,55,,92999,4,,,1,15,,93019,4,,,1,15,,93039,4,,,1,15,,92980,4,,,1,55,,93000,4,,,1,15,,93020,4,,,1,15,,93040,4,,,1,15,,92981,4,,,1,55,,93001,4,,,1,15,,93021,4,,,1,15,,93041,4,,,1,15,,92982,4,,,1,55,,93002,4,,,1,15,,93022,4,,,1,15,,93042,4,,,1,15,,92983,4,,,1,55,,93003,4,,,1,15,,93023,4,,,1,15,,93043,4,,,1,15,,92984,4,,,1,55,,93004,4,,,1,15,,93024,4,,,1,15,,93044,4,,,1,15,,92985,4,,,1,55,,93005,4,,,1,15,,93025,4,,,1,15,,93045,4,,,1,15,,92986,4,,,1,55,,93006,4,,,1,15,,93026,4,,,1,15,,93046,4,,,1,15,,92987,4,,,1,55,,93007,4,,,1,15,,93027,4,,,1,15,,93047,4,,,1,15,,92988,4,,,1,55,,93008,4,,,1,15,,93028,4,,,1,15,,93048,4,,,1,15,,92989,4,,,1,55,,93009,4,,,1,15,,93029,4,,,1,15,,93049,4,,,1,15,,92990,4,,,1,55,,93010,4,,,1,15,,93030,4,,,1,15,,93050,4,,,1,15,,92991,4,,,1,55,,93011,4,,,1
1,'20270209',546,,93110,4,,,1,55,,93051,4,,,1,12,,93071,4,,,1,15,,93091,4,,,1,15,,93111,4,,,1,15,,93052,4,,,1,55,,93072,4,,,1,15,,93092,4,,,1,15,,93112,4,,,1,15,,93053,4,,,1,55,,93073,4,,,1,15,,93093,4,,,1,15,,93113,4,,,1,15,,93054,4,,,1,55,,93074,4,,,1,15,,93094,4,,,1,15,,93114,4,,,1,15,,93055,4,,,1,55,,93075,4,,,1,15,,93095,4,,,1,15,,93115,4,,,1,15,,93056,4,,,1,55,,93076,4,,,1,15,,93096,4,,,1,15,,93116,4,,,1,15,,93057,4,,,1,55,,93077,4,,,1,15,,93097,4,,,1,15,,93117,4,,,1,15,,93058,4,,,1,55,,93078,4,,,1,15,,93098,4,,,1,15,,93118,4,,,1,15,,93059,4,,,1,55,,93079,4,,,1,15,,93099,4,,,1,15,,93119,4,,,1,15,,93060,4,,,1,55,,93080,4,,,1,15,,93100,4,,,1,15,,93120,4,,,1,15,,93061,4,,,1,55,,93081,4,,,1,15,,93101,4,,,1,15,,93121,4,,,1,15,,93062,4,,,1,55,,93082,4,,,1,15,,93102,4,,,1,15,,93122,4,,,1,15,,93063,4,,,1,55,,93083,4,,,1,15,,93103,4,,,1,15,,93123,4,,,1,15,,93064,4,,,1,55,,93084,4,,,1,15,,93104,4,,,1,15,,93124,4,,,1,15,,93065,4,,,1,55,,93085,4,,,1,15,,93105,4,,,1,15,,93125,4,,,1,15,,93066,4,,,1,55,,93086,4,,,1,15,,93106,4,,,1,15,,93126,4,,,1,15,,93067,4,,,1,55,,93087,4,,,1,15,,93107,4,,,1,15,,93127,4,,,1,15,,93068,4,,,1,55,,93088,4,,,1,15,,93108,4,,,1,15,,93128,4,,,1,15,,93069,4,,,1,55,,93089,4,,,1,15,,93109,4,,,1,15,,93129,4,,,1,15,,93070,4,,,1,55,,93090,4,,,1
1,'20270210',546,,93189,4,,,1,55,,93130,4,,,1,12,,93150,4,,,1,15,,93170,4,,,1,15,,93190,4,,,1,15,,93131,4,,,1,55,,93151,4,,,1,15,,93171,4,,,1,15,,93191,4,,,1,15,,93132,4,,,1,55,,93152,4,,,1,15,,93172,4,,,1,15,,93192,4,,,1,15,,93133,4,,,1,55,,93153,4,,,1,15,,93173,4,,,1,15,,93193,4,,,1,15,,93134,4,,,1,55,,93154,4,,,1,15,,93174,4,,,1,15,,93194,4,,,1,15,,93135,4,,,1,55,,93155,4,,,1,15,,93175,4,,,1,15,,93195,4,,,1,15,,93136,4,,,1,55,,93156,4,,,1,15,,93176,4,,,1,15,,93196,4,,,1,15,,93137,4,,,1,55,,93157,4,,,1,15,,93177,4,,,1,15,,93197,4,,,1,15,,93138,4,,,1,55,,93158,4,,,1,15,,93178,4,,,1,15,,93198,4,,,1,15,,93139,4,,,1,55,,93159,4,,,1,15,,93179,4,,,1,15,,93199,4,,,1,15,,93140,4,,,1,55,,93160,4,,,1,15,,93180,4,,,1,15,,93200,4,,,1,15,,93141,4,,,1,55,,93161,4,,,1,15,,93181,4,,,1,15,,93201,4,,,1,15,,93142,4,,,1,55,,93162,4,,,1,15,,93182,4,,,1,15,,93202,4,,,1,15,,93143,4,,,1,55,,93163,4,,,1,15,,93183,4,,,1,15,,93203,4,,,1,15,,93144,4,,,1,55,,93164,4,,,1,15,,93184,4,,,1,15,,93204,4,,,1,15,,93145,4,,,1,55,,93165,4,,,1,15,,93185,4,,,1,15,,93205,4,,,1,15,,93146,4,,,1,55,,93166,4,,,1,15,,93186,4,,,1,15,,93206,4,,,1,15,,93147,4,,,1,55,,93167,4,,,1,15,,93187,4,,,1,15,,93207,4,,,1,15,,93148,4,,,1,55,,93168,4,,,1,15,,93188,4,,,1,15,,93208,4,,,1,15,,93149,4,,,1,55,,93169,4,,,1
1,'20270211',546,,93268,4,,,1,55,,93209,4,,,1,12,,93229,4,,,1,15,,93249,4,,,1,15,,93269,4,,,1,15,,93210,4,,,1,55,,93230,4,,,1,15,,93250,4,,,1,15,,93270,4,,,1,15,,93211,4,,,1,55,,93231,4,,,1,15,,93251,4,,,1,15,,93271,4,,,1,15,,93212,4,,,1,55,,93232,4,,,1,15,,93252,4,,,1,15,,93272,4,,,1,15,,93213,4,,,1,55,,93233,4,,,1,15,,93253,4,,,1,15,,93273,4,,,1,15,,93214,4,,,1,55,,93234,4,,,1,15,,93254,4,,,1,15,,93274,4,,,1,15,,93215,4,,,1,55,,93235,4,,,1,15,,93255,4,,,1,15,,93275,4,,,1,15,,93216,4,,,1,55,,93236,4,,,1,15,,93256,4,,,1,15,,93276,4,,,1,15,,93217,4,,,1,55,,93237,4,,,1,15,,93257,4,,,1,15,,93277,4,,,1,15,,93218,4,,,1,55,,93238,4,,,1,15,,93258,4,,,1,15,,93278,4,,,1,15,,93219,4,,,1,55,,93239,4,,,1,15,,93259,4,,,1,15,,93279,4,,,1,15,,93220,4,,,1,55,,93240,4,,,1,15,,93260,4,,,1,15,,93280,4,,,1,15,,93221,4,,,1,55,,93241,4,,,1,15,,93261,4,,,1,15,,93281,4,,,1,15,,93222,4,,,1,55,,93242,4,,,1,15,,93262,4,,,1,15,,93282,4,,,1,15,,93223,4,,,1,55,,93243,4,,,1,15,,93263,4,,,1,15,,93283,4,,,1,15,,93224,4,,,1,55,,93244,4,,,1,15,,93264,4,,,1,15,,93284,4,,,1,15,,93225,4,,,1,55,,93245,4,,,1,15,,93265,4,,,1,15,,93285,4,,,1,15,,93226,4,,,1,55,,93246,4,,,1,15,,93266,4,,,1,15,,93286,4,,,1,15,,93227,4,,,1,55,,93247,4,,,1,15,,93267,4,,,1,15,,93287,4,,,1,15,,93228,4,,,1,55,,93248,4,,,1
1,'20270212',546,,93347,4,,,1,55,,93288,4,,,1,12,,93308,4,,,1,15,,93328,4,,,1,15,,93348,4,,,1,15,,93289,4,,,1,55,,93309,4,,,1,15,,93329,4,,,1,15,,93349,4,,,1,15,,93290,4,,,1,55,,93310,4,,,1,15,,93330,4,,,1,15,,93350,4,,,1,15,,93291,4,,,1,55,,93311,4,,,1,15,,93331,4,,,1,15,,93351,4,,,1,15,,93292,4,,,1,55,,93312,4,,,1,15,,93332,4,,,1,15,,93352,4,,,1,15,,93293,4,,,1,55,,93313,4,,,1,15,,93333,4,,,1,15,,93353,4,,,1,15,,93294,4,,,1,55,,93314,4,,,1,15,,93334,4,,,1,15,,93354,4,,,1,15,,93295,4,,,1,55,,93315,4,,,1,15,,93335,4,,,1,15,,93355,4,,,1,15,,93296,4,,,1,55,,93316,4,,,1,15,,93336,4,,,1,15,,93356,4,,,1,15,,93297,4,,,1,55,,93317,4,,,1,15,,93337,4,,,1,15,,93357,4,,,1,15,,93298,4,,,1,55,,93318,4,,,1,15,,93338,4,,,1,15,,93358,4,,,1,15,,93299,4,,,1,55,,93319,4,,,1,15,,93339,4,,,1,15,,93359,4,,,1,15,,93300,4,,,1,55,,93320,4,,,1,15,,93340,4,,,1,15,,93360,4,,,1,15,,93301,4,,,1,55,,93321,4,,,1,15,,93341,4,,,1,15,,93361,4,,,1,15,,93302,4,,,1,55,,93322,4,,,1,15,,93342,4,,,1,15,,93362,4,,,1,15,,93303,4,,,1,55,,93323,4,,,1,15,,93343,4,,,1,15,,93363,4,,,1,15,,93304,4,,,1,55,,93324,4,,,1,15,,93344,4,,,1,15,,93364,4,,,1,15,,93305,4,,,1,55,,93325,4,,,1,15,,93345,4,,,1,15,,93365,4,,,1,15,,93306,4,,,1,55,,93326,4,,,1,15,,93346,4,,,1,15,,93366,4,,,1,15,,93307,4,,,1,55,,93327,4,,,1
1,'20270213',643,,93423,4,,,1,15,,93367,4,,,1,55,,93386,4,,,1,15,,93405,4,,,1,15,,93424,4,,,1,15,,93368,4,,,1,55,,93387,4,,,1,15,,93406,4,,,1,15,,93425,4,,,1,15,,93369,4,,,1,55,,93388,4,,,1,15,,93407,4,,,1,15,,93426,4,,,1,15,,93370,4,,,1,55,,93389,4,,,1,15,,93408,4,,,1,15,,93427,4,,,1,15,,93371,4,,,1,55,,93390,4,,,1,15,,93409,4,,,1,15,,93428,4,,,1,15,,93372,4,,,1,55,,93391,4,,,1,15,,93410,4,,,1,15,,93429,4,,,1,15,,93373,4,,,1,55,,93392,4,,,1,15,,93411,4,,,1,15,,93430,4,,,1,15,,93374,4,,,1,55,,93393,4,,,1,15,,93412,4,,,1,15,,93431,4,,,1,15,,93375,4,,,1,55,,93394,4,,,1,15,,93413,4,,,1,15,,93432,4,,,1,15,,93376,4,,,1,55,,93395,4,,,1,15,,93414,4,,,1,15,,93433,4,,,1,15,,93377,4,,,1,55,,93396,4,,,1,15,,93415,4,,,1,15,,93434,4,,,1,15,,93378,4,,,1,55,,93397,4,,,1,15,,93416,4,,,1,15,,93435,4,,,1,15,,93379,4,,,1,55,,93398,4,,,1,15,,93417,4,,,1,15,,93436,4,,,1,15,,93380,4,,,1,55,,93399,4,,,1,15,,93418,4,,,1,15,,93437,4,,,1,15,,93381,4,,,1,55,,93400,4,,,1,15,,93419,4,,,1,15,,93438,4,,,1,15,,93382,4,,,1,55,,93401,4,,,1,15,,93420,4,,,1,15,,93439,4,,,1,15,,93383,4,,,1,55,,93402,4,,,1,15,,93421,4,,,1,15,,93440,4,,,1,15,,93384,4,,,1,55,,93403,4,,,1,15,,93422,4,,,1,15,,93441,4,,,1,15,,93385,4,,,1,55,,93404,4,,,1
1,'20270214',643,,93498,4,,,1,15,,93442,4,,,1,55,,93461,4,,,1,15,,93480,4,,,1,15,,93499,4,,,1,15,,93443,4,,,1,55,,93462,4,,,1,15,,93481,4,,,1,15,,93500,4,,,1,15,,93444,4,,,1,55,,93463,4,,,1,15,,93482,4,,,1,15,,93501,4,,,1,15,,93445,4,,,1,55,,93464,4,,,1,15,,93483,4,,,1,15,,93502,4,,,1,15,,93446,4,,,1,55,,93465,4,,,1,15,,93484,4,,,1,15,,93503,4,,,1,15,,93447,4,,,1,55,,93466,4,,,1,15,,93485,4,,,1,15,,93504,4,,,1,15,,93448,4,,,1,55,,93467,4,,,1,15,,93486,4,,,1,15,,93505,4,,,1,15,,93449,4,,,1,55,,93468,4,,,1,15,,93487,4,,,1,15,,93506,4,,,1,15,,93450,4,,,1,55,,93469,4,,,1,15,,93488,4,,,1,15,,93507,4,,,1,15,,93451,4,,,1,55,,93470,4,,,1,15,,93489,4,,,1,15,,93508,4,,,1,15,,93452,4,,,1,55,,93471,4,,,1,15,,93490,4,,,1,15,,93509,4,,,1,15,,93453,4,,,1,55,,93472,4,,,1,15,,93491,4,,,1,15,,93510,4,,,1,15,,93454,4,,,1,55,,93473,4,,,1,15,,93492,4,,,1,15,,93511,4,,,1,15,,93455,4,,,1,55,,93474,4,,,1,15,,93493,4,,,1,15,,93512,4,,,1,15,,93456,4,,,1,55,,93475,4,,,1,15,,93494,4,,,1,15,,93513,4,,,1,15,,93457,4,,,1,55,,93476,4,,,1,15,,93495,4,,,1,15,,93514,4,,,1,15,,93458,4,,,1,55,,93477,4,,,1,15,,93496,4,,,1,15,,93515,4,,,1,15,,93459,4,,,1,55,,93478,4,,,1,15,,93497,4,,,1,15,,93516,4,,,1,15,,93460,4,,,1,55,,93479,4,,,1
1,'20270215',546,,93576,4,,,1,55,,93517,4,,,1,12,,93537,4,,,1,15,,93557,4,,,1,15,,93577,4,,,1,15,,93518,4,,,1,55,,93538,4,,,1,15,,93558,4,,,1,15,,93578,4,,,1,15,,93519,4,,,1,55,,93539,4,,,1,15,,93559,4,,,1,15,,93579,4,,,1,15,,93520,4,,,1,55,,93540,4,,,1,15,,93560,4,,,1,15,,93580,4,,,1,15,,93521,4,,,1,55,,93541,4,,,1,15,,93561,4,,,1,15,,93581,4,,,1,15,,93522,4,,,1,55,,93542,4,,,1,15,,93562,4,,,1,15,,93582,4,,,1,15,,93523,4,,,1,55,,93543,4,,,1,15,,93563,4,,,1,15,,93583,4,,,1,15,,93524,4,,,1,55,,93544,4,,,1,15,,93564,4,,,1,15,,93584,4,,,1,15,,93525,4,,,1,55,,93545,4,,,1,15,,93565,4,,,1,15,,93585,4,,,1,15,,93526,4,,,1,55,,93546,4,,,1,15,,93566,4,,,1,15,,93586,4,,,1,15,,93527,4,,,1,55,,93547,4,,,1,15,,93567,4,,,1,15,,93587,4,,,1,15,,93528,4,,,1,55,,93548,4,,,1,15,,93568,4,,,1,15,,93588,4,,,1,15,,93529,4,,,1,55,,93549,4,,,1,15,,93569,4,,,1,15,,93589,4,,,1,15,,93530,4,,,1,55,,93550,4,,,1,15,,93570,4,,,1,15,,93590,4,,,1,15,,93531,4,,,1,55,,93551,4,,,1,15,,93571,4,,,1,15,,93591,4,,,1,15,,93532,4,,,1,55,,93552,4,,,1,15,,93572,4,,,1,15,,93592,4,,,1,15,,93533,4,,,1,55,,93553,4,,,1,15,,93573,4,,,1,15,,93593,4,,,1,15,,93534,4,,,1,55,,93554,4,,,1,15,,93574,4,,,1,15,,93594,4,,,1,15,,93535,4,,,1,55,,93555,4,,,1,15,,93575,4,,,1,15,,93595,4,,,1,15,,93536,4,,,1,55,,93556,4,,,1
1,'20270216',546,,93655,4,,,1,55,,93596,4,,,1,12,,93616,4,,,1,15,,93636,4,,,1,15,,93656,4,,,1,15,,93597,4,,,1,55,,93617,4,,,1,15,,93637,4,,,1,15,,93657,4,,,1,15,,93598,4,,,1,55,,93618,4,,,1,15,,93638,4,,,1,15,,93658,4,,,1,15,,93599,4,,,1,55,,93619,4,,,1,15,,93639,4,,,1,15,,93659,4,,,1,15,,93600,4,,,1,55,,93620,4,,,1,15,,93640,4,,,1,15,,93660,4,,,1,15,,93601,4,,,1,55,,93621,4,,,1,15,,93641,4,,,1,15,,93661,4,,,1,15,,93602,4,,,1,55,,93622,4,,,1,15,,93642,4,,,1,15,,93662,4,,,1,15,,93603,4,,,1,55,,93623,4,,,1,15,,93643,4,,,1,15,,93663,4,,,1,15,,93604,4,,,1,55,,93624,4,,,1,15,,93644,4,,,1,15,,93664,4,,,1,15,,93605,4,,,1,55,,93625,4,,,1,15,,93645,4,,,1,15,,93665,4,,,1,15,,93606,4,,,1,55,,93626,4,,,1,15,,93646,4,,,1,15,,93666,4,,,1,15,,93607,4,,,1,55,,93627,4,,,1,15,,93647,4,,,1,15,,93667,4,,,1,15,,93608,4,,,1,55,,93628,4,,,1,15,,93648,4,,,1,15,,93668,4,,,1,15,,93609,4,,,1,55,,93629,4,,,1,15,,93649,4,,,1,15,,93669,4,,,1,15,,93610,4,,,1,55,,93630,4,,,1,15,,93650,4,,,1,15,,93670,4,,,1,15,,93611,4,,,1,55,,93631,4,,,1,15,,93651,4,,,1,15,,93671,4,,,1,15,,93612,4,,,1,55,,93632,4,,,1,15,,93652,4,,,1,15,,93672,4,,,1,15,,93613,4,,,1,55,,93633,4,,,1,15,,93653,4,,,1,15,,93673,4,,,1,15,,93614,4,,,1,55,,93634,4,,,1,15,,93654,4,,,1,15,,93674,4,,,1,15,,93615,4,,,1,55,,93635,4,,,1
1,'20270217',546,,93734,4,,,1,55,,93675,4,,,1,12,,93695,4,,,1,15,,93715,4,,,1,15,,93735,4,,,1,15,,93676,4,,,1,55,,93696,4,,,1,15,,93716,4,,,1,15,,93736,4,,,1,15,,93677,4,,,1,55,,93697,4,,,1,15,,93717,4,,,1,15,,93737,4,,,1,15,,93678,4,,,1,55,,93698,4,,,1,15,,93718,4,,,1,15,,93738,4,,,1,15,,93679,4,,,1,55,,93699,4,,,1,15,,93719,4,,,1,15,,93739,4,,,1,15,,93680,4,,,1,55,,93700,4,,,1,15,,93720,4,,,1,15,,93740,4,,,1,15,,93681,4,,,1,55,,93701,4,,,1,15,,93721,4,,,1,15,,93741,4,,,1,15,,93682,4,,,1,55,,93702,4,,,1,15,,93722,4,,,1,15,,93742,4,,,1,15,,93683,4,,,1,55,,93703,4,,,1,15,,93723,4,,,1,15,,93743,4,,,1,15,,93684,4,,,1,55,,93704,4,,,1,15,,93724,4,,,1,15,,93744,4,,,1,15,,93685,4,,,1,55,,93705,4,,,1,15,,93725,4,,,1,15,,93745,4,,,1,15,,93686,4,,,1,55,,93706,4,,,1,15,,93726,4,,,1,15,,93746,4,,,1,15,,93687,4,,,1,55,,93707,4,,,1,15,,93727,4,,,1,15,,93747,4,,,1,15,,93688,4,,,1,55,,93708,4,,,1,15,,93728,4,,,1,15,,93748,4,,,1,15,,93689,4,,,1,55,,93709,4,,,1,15,,93729,4,,,1,15,,93749,4,,,1,15,,93690,4,,,1,55,,93710,4,,,1,15,,93730,4,,,1,15,,93750,4,,,1,15,,93691,4,,,1,55,,93711,4,,,1,15,,93731,4,,,1,15,,93751,4,,,1,15,,93692,4,,,1,55,,93712,4,,,1,15,,93732,4,,,1,15,,93752,4,,,1,15,,93693,4,,,1,55,,93713,4,,,1,15,,93733,4,,,1,15,,93753,4,,,1,15,,93694,4,,,1,55,,93714,4,,,1
1,'20270218',546,,93813,4,,,1,55,,93754,4,,,1,12,,93774,4,,,1,15,,93794,4,,,1,15,,93814,4,,,1,15,,93755,4,,,1,55,,93775,4,,,1,15,,93795,4,,,1,15,,93815,4,,,1,15,,93756,4,,,1,55,,93776,4,,,1,15,,93796,4,,,1,15,,93816,4,,,1,15,,93757,4,,,1,55,,93777,4,,,1,15,,93797,4,,,1,15,,93817,4,,,1,15,,93758,4,,,1,55,,93778,4,,,1,15,,93798,4,,,1,15,,93818,4,,,1,15,,93759,4,,,1,55,,93779,4,,,1,15,,93799,4,,,1,15,,93819,4,,,1,15,,93760,4,,,1,55,,93780,4,,,1,15,,93800,4,,,1,15,,93820,4,,,1,15,,93761,4,,,1,55,,93781,4,,,1,15,,93801,4,,,1,15,,93821,4,,,1,15,,93762,4,,,1,55,,93782,4,,,1,15,,93802,4,,,1,15,,93822,4,,,1,15,,93763,4,,,1,55,,93783,4,,,1,15,,93803,4,,,1,15,,93823,4,,,1,15,,93764,4,,,1,55,,93784,4,,,1,15,,93804,4,,,1,15,,93824,4,,,1,15,,93765,4,,,1,55,,93785,4,,,1,15,,93805,4,,,1,15,,93825,4,,,1,15,,93766,4,,,1,55,,93786,4,,,1,15,,93806,4,,,1,15,,93826,4,,,1,15,,93767,4,,,1,55,,93787,4,,,1,15,,93807,4,,,1,15,,93827,4,,,1,15,,93768,4,,,1,55,,93788,4,,,1,15,,93808,4,,,1,15,,93828,4,,,1,15,,93769,4,,,1,55,,93789,4,,,1,15,,93809,4,,,1,15,,93829,4,,,1,15,,93770,4,,,1,55,,93790,4,,,1,15,,93810,4,,,1,15,,93830,4,,,1,15,,93771,4,,,1,55,,93791,4,,,1,15,,93811,4,,,1,15,,93831,4,,,1,15,,93772,4,,,1,55,,93792,4,,,1,15,,93812,4,,,1,15,,93832,4,,,1,15,,93773,4,,,1,55,,93793,4,,,1
1,'20270219',546,,93892,4,,,1,55,,93833,4,,,1,12,,93853,4,,,1,15,,93873,4,,,1,15,,93893,4,,,1,15,,93834,4,,,1,55,,93854,4,,,1,15,,93874,4,,,1,15,,93894,4,,,1,15,,93835,4,,,1,55,,93855,4,,,1,15,,93875,4,,,1,15,,93895,4,,,1,15,,93836,4,,,1,55,,93856,4,,,1,15,,93876,4,,,1,15,,93896,4,,,1,15,,93837,4,,,1,55,,93857,4,,,1,15,,93877,4,,,1,15,,93897,4,,,1,15,,93838,4,,,1,55,,93858,4,,,1,15,,93878,4,,,1,15,,93898,4,,,1,15,,93839,4,,,1,55,,93859,4,,,1,15,,93879,4,,,1,15,,93899,4,,,1,15,,93840,4,,,1,55,,93860,4,,,1,15,,93880,4,,,1,15,,93900,4,,,1,15,,93841,4,,,1,55,,93861,4,,,1,15,,93881,4,,,1,15,,93901,4,,,1,15,,93842,4,,,1,55,,93862,4,,,1,15,,93882,4,,,1,15,,93902,4,,,1,15,,93843,4,,,1,55,,93863,4,,,1,15,,93883,4,,,1,15,,93903,4,,,1,15,,93844,4,,,1,55,,93864,4,,,1,15,,93884,4,,,1,15,,93904,4,,,1,15,,93845,4,,,1,55,,93865,4,,,1,15,,93885,4,,,1,15,,93905,4,,,1,15,,93846,4,,,1,55,,93866,4,,,1,15,,93886,4,,,1,15,,93906,4,,,1,15,,93847,4,,,1,55,,93867,4,,,1,15,,93887,4,,,1,15,,93907,4,,,1,15,,93848,4,,,1,55,,93868,4,,,1,15,,93888,4,,,1,15,,93908,4,,,1,15,,93849,4,,,1,55,,93869,4,,,1,15,,93889,4,,,1,15,,93909,4,,,1,15,,93850,4,,,1,55,,93870,4,,,1,15,,93890,4,,,1,15,,93910,4,,,1,15,,93851,4,,,1,55,,93871,4,,,1,15,,93891,4,,,1,15,,93911,4,,,1,15,,93852,4,,,1,55,,93872,4,,,1
1,'20270220',643,,93968,4,,,1,15,,93912,4,,,1,55,,93931,4,,,1,15,,93950,4,,,1,15,,93969,4,,,1,15,,93913,4,,,1,55,,93932,4,,,1,15,,93951,4,,,1,15,,93970,4,,,1,15,,93914,4,,,1,55,,93933,4,,,1,15,,93952,4,,,1,15,,93971,4,,,1,15,,93915,4,,,1,55,,93934,4,,,1,15,,93953,4,,,1,15,,93972,4,,,1,15,,93916,4,,,1,55,,93935,4,,,1,15,,93954,4,,,1,15,,93973,4,,,1,15,,93917,4,,,1,55,,93936,4,,,1,15,,93955,4,,,1,15,,93974,4,,,1,15,,93918,4,,,1,55,,93937,4,,,1,15,,93956,4,,,1,15,,93975,4,,,1,15,,93919,4,,,1,55,,93938,4,,,1,15,,93957,4,,,1,15,,93976,4,,,1,15,,93920,4,,,1,55,,93939,4,,,1,15,,93958,4,,,1,15,,93977,4,,,1,15,,93921,4,,,1,55,,93940,4,,,1,15,,93959,4,,,1,15,,93978,4,,,1,15,,93922,4,,,1,55,,93941,4,,,1,15,,93960,4,,,1,15,,93979,4,,,1,15,,93923,4,,,1,55,,93942,4,,,1,15,,93961,4,,,1,15,,93980,4,,,1,15,,93924,4,,,1,55,,93943,4,,,1,15,,93962,4,,,1,15,,93981,4,,,1,15,,93925,4,,,1,55,,93944,4,,,1,15,,93963,4,,,1,15,,93982,4,,,1,15,,93926,4,,,1,55,,93945,4,,,1,15,,93964,4,,,1,15,,93983,4,,,1,15,,93927,4,,,1,55,,93946,4,,,1,15,,93965,4,,,1,15,,93984,4,,,1,15,,93928,4,,,1,55,,93947,4,,,1,15,,93966,4,,,1,15,,93985,4,,,1,15,,93929,4,,,1,55,,93948,4,,,1,15,,93967,4,,,1,15,,93986,4,,,1,15,,93930,4,,,1,55,,93949,4,,,1
1,'20270221',643,,94043,4,,,1,15,,93987,4,,,1,55,,94006,4,,,1,15,,94025,4,,,1,15,,94044,4,,,1,15,,93988,4,,,1,55,,94007,4,,,1,15,,94026,4,,,1,15,,94045,4,,,1,15,,93989,4,,,1,55,,94008,4,,,1,15,,94027,4,,,1,15,,94046,4,,,1,15,,93990,4,,,1,55,,94009,4,,,1,15,,94028,4,,,1,15,,94047,4,,,1,15,,93991,4,,,1,55,,94010,4,,,1,15,,94029,4,,,1,15,,94048,4,,,1,15,,93992,4,,,1,55,,94011,4,,,1,15,,94030,4,,,1,15,,94049,4,,,1,15,,93993,4,,,1,55,,94012,4,,,1,15,,94031,4,,,1,15,,94050,4,,,1,15,,93994,4,,,1,55,,94013,4,,,1,15,,94032,4,,,1,15,,94051,4,,,1,15,,93995,4,,,1,55,,94014,4,,,1,15,,94033,4,,,1,15,,94052,4,,,1,15,,93996,4,,,1,55,,94015,4,,,1,15,,94034,4,,,1,15,,94053,4,,,1,15,,93997,4,,,1,55,,94016,4,,,1,15,,94035,4,,,1,15,,94054,4,,,1,15,,93998,4,,,1,55,,94017,4,,,1,15,,94036,4,,,1,15,,94055,4,,,1,15,,93999,4,,,1,55,,94018,4,,,1,15,,94037,4,,,1,15,,94056,4,,,1,15,,94000,4,,,1,55,,94019,4,,,1,15,,94038,4,,,1,15,,94057,4,,,1,15,,94001,4,,,1,55,,94020,4,,,1,15,,94039,4,,,1,15,,94058,4,,,1,15,,94002,4,,,1,55,,94021,4,,,1,15,,94040,4,,,1,15,,94059,4,,,1,15,,94003,4,,,1,55,,94022,4,,,1,15,,94041,4,,,1,15,,94060,4,,,1,15,,94004,4,,,1,55,,94023,4,,,1,15,,94042,4,,,1,15,,94061,4,,,1,15,,94005,4,,,1,55,,94024,4,,,1
1,'20270222',546,,94121,4,,,1,55,,94062,4,,,1,12,,94082,4,,,1,15,,94102,4,,,1,15,,94122,4,,,1,15,,94063,4,,,1,55,,94083,4,,,1,15,,94103,4,,,1,15,,94123,4,,,1,15,,94064,4,,,1,55,,94084,4,,,1,15,,94104,4,,,1,15,,94124,4,,,1,15,,94065,4,,,1,55,,94085,4,,,1,15,,94105,4,,,1,15,,94125,4,,,1,15,,94066,4,,,1,55,,94086,4,,,1,15,,94106,4,,,1,15,,94126,4,,,1,15,,94067,4,,,1,55,,94087,4,,,1,15,,94107,4,,,1,15,,94127,4,,,1,15,,94068,4,,,1,55,,94088,4,,,1,15,,94108,4,,,1,15,,94128,4,,,1,15,,94069,4,,,1,55,,94089,4,,,1,15,,94109,4,,,1,15,,94129,4,,,1,15,,94070,4,,,1,55,,94090,4,,,1,15,,94110,4,,,1,15,,94130,4,,,1,15,,94071,4,,,1,55,,94091,4,,,1,15,,94111,4,,,1,15,,94131,4,,,1,15,,94072,4,,,1,55,,94092,4,,,1,15,,94112,4,,,1,15,,94132,4,,,1,15,,94073,4,,,1,55,,94093,4,,,1,15,,94113,4,,,1,15,,94133,4,,,1,15,,94074,4,,,1,55,,94094,4,,,1,15,,94114,4,,,1,15,,94134,4,,,1,15,,94075,4,,,1,55,,94095,4,,,1,15,,94115,4,,,1,15,,94135,4,,,1,15,,94076,4,,,1,55,,94096,4,,,1,15,,94116,4,,,1,15,,94136,4,,,1,15,,94077,4,,,1,55,,94097,4,,,1,15,,94117,4,,,1,15,,94137,4,,,1,15,,94078,4,,,1,55,,94098,4,,,1,15,,94118,4,,,1,15,,94138,4,,,1,15,,94079,4,,,1,55,,94099,4,,,1,15,,94119,4,,,1,15,,94139,4,,,1,15,,94080,4,,,1,55,,94100,4,,,1,15,,94120,4,,,1,15,,94140,4,,,1,15,,94081,4,,,1,55,,94101,4,,,1
1,'20270223',546,,94200,4,,,1,55,,94141,4,,,1,12,,94161,4,,,1,15,,94181,4,,,1,15,,94201,4,,,1,15,,94142,4,,,1,55,,94162,4,,,1,15,,94182,4,,,1,15,,94202,4,,,1,15,,94143,4,,,1,55,,94163,4,,,1,15,,94183,4,,,1,15,,94203,4,,,1,15,,94144,4,,,1,55,,94164,4,,,1,15,,94184,4,,,1,15,,94204,4,,,1,15,,94145,4,,,1,55,,94165,4,,,1,15,,94185,4,,,1,15,,94205,4,,,1,15,,94146,4,,,1,55,,94166,4,,,1,15,,94186,4,,,1,15,,94206,4,,,1,15,,94147,4,,,1,55,,94167,4,,,1,15,,94187,4,,,1,15,,94207,4,,,1,15,,94148,4,,,1,55,,94168,4,,,1,15,,94188,4,,,1,15,,94208,4,,,1,15,,94149,4,,,1,55,,94169,4,,,1,15,,94189,4,,,1,15,,94209,4,,,1,15,,94150,4,,,1,55,,94170,4,,,1,15,,94190,4,,,1,15,,94210,4,,,1,15,,94151,4,,,1,55,,94171,4,,,1,15,,94191,4,,,1,15,,94211,4,,,1,15,,94152,4,,,1,55,,94172,4,,,1,15,,94192,4,,,1,15,,94212,4,,,1,15,,94153,4,,,1,55,,94173,4,,,1,15,,94193,4,,,1,15,,94213,4,,,1,15,,94154,4,,,1,55,,94174,4,,,1,15,,94194,4,,,1,15,,94214,4,,,1,15,,94155,4,,,1,55,,94175,4,,,1,15,,94195,4,,,1,15,,94215,4,,,1,15,,94156,4,,,1,55,,94176,4,,,1,15,,94196,4,,,1,15,,94216,4,,,1,15,,94157,4,,,1,55,,94177,4,,,1,15,,94197,4,,,1,15,,94217,4,,,1,15,,94158,4,,,1,55,,94178,4,,,1,15,,94198,4,,,1,15,,94218,4,,,1,15,,94159,4,,,1,55,,94179,4,,,1,15,,94199,4,,,1,15,,94219,4,,,1,15,,94160,4,,,1,55,,94180,4,,,1
1,'20270224',546,,94279,4,,,1,55,,94220,4,,,1,12,,94240,4,,,1,15,,94260,4,,,1,15,,94280,4,,,1,15,,94221,4,,,1,55,,94241,4,,,1,15,,94261,4,,,1,15,,94281,4,,,1,15,,94222,4,,,1,55,,94242,4,,,1,15,,94262,4,,,1,15,,94282,4,,,1,15,,94223,4,,,1,55,,94243,4,,,1,15,,94263,4,,,1,15,,94283,4,,,1,15,,94224,4,,,1,55,,94244,4,,,1,15,,94264,4,,,1,15,,94284,4,,,1,15,,94225,4,,,1,55,,94245,4,,,1,15,,94265,4,,,1,15,,94285,4,,,1,15,,94226,4,,,1,55,,94246,4,,,1,15,,94266,4,,,1,15,,94286,4,,,1,15,,94227,4,,,1,55,,94247,4,,,1,15,,94267,4,,,1,15,,94287,4,,,1,15,,94228,4,,,1,55,,94248,4,,,1,15,,94268,4,,,1,15,,94288,4,,,1,15,,94229,4,,,1,55,,94249,4,,,1,15,,94269,4,,,1,15,,94289,4,,,1,15,,94230,4,,,1,55,,94250,4,,,1,15,,94270,4,,,1,15,,94290,4,,,1,15,,94231,4,,,1,55,,94251,4,,,1,15,,94271,4,,,1,15,,94291,4,,,1,15,,94232,4,,,1,55,,94252,4,,,1,15,,94272,4,,,1,15,,94292,4,,,1,15,,94233,4,,,1,55,,94253,4,,,1,15,,94273,4,,,1,15,,94293,4,,,1,15,,94234,4,,,1,55,,94254,4,,,1,15,,94274,4,,,1,15,,94294,4,,,1,15,,94235,4,,,1,55,,94255,4,,,1,15,,94275,4,,,1,15,,94295,4,,,1,15,,94236,4,,,1,55,,94256,4,,,1,15,,94276,4,,,1,15,,94296,4,,,1,15,,94237,4,,,1,55,,94257,4,,,1,15,,94277,4,,,1,15,,94297,4,,,1,15,,94238,4,,,1,55,,94258,4,,,1,15,,94278,4,,,1,15,,94298,4,,,1,15,,94239,4,,,1,55,,94259,4,,,1
1,'20270225',546,,94358,4,,,1,55,,94299,4,,,1,12,,94319,4,,,1,15,,94339,4,,,1,15,,94359,4,,,1,15,,94300,4,,,1,55,,94320,4,,,1,15,,94340,4,,,1,15,,94360,4,,,1,15,,94301,4,,,1,55,,94321,4,,,1,15,,94341,4,,,1,15,,94361,4,,,1,15,,94302,4,,,1,55,,94322,4,,,1,15,,94342,4,,,1,15,,94362,4,,,1,15,,94303,4,,,1,55,,94323,4,,,1,15,,94343,4,,,1,15,,94363,4,,,1,15,,94304,4,,,1,55,,94324,4,,,1,15,,94344,4,,,1,15,,94364,4,,,1,15,,94305,4,,,1,55,,94325,4,,,1,15,,94345,4,,,1,15,,94365,4,,,1,15,,94306,4,,,1,55,,94326,4,,,1,15,,94346,4,,,1,15,,94366,4,,,1,15,,94307,4,,,1,55,,94327,4,,,1,15,,94347,4,,,1,15,,94367,4,,,1,15,,94308,4,,,1,55,,94328,4,,,1,15,,94348,4,,,1,15,,94368,4,,,1,15,,94309,4,,,1,55,,94329,4,,,1,15,,94349,4,,,1,15,,94369,4,,,1,15,,94310,4,,,1,55,,94330,4,,,1,15,,94350,4,,,1,15,,94370,4,,,1,15,,94311,4,,,1,55,,94331,4,,,1,15,,94351,4,,,1,15,,94371,4,,,1,15,,94312,4,,,1,55,,94332,4,,,1,15,,94352,4,,,1,15,,94372,4,,,1,15,,94313,4,,,1,55,,94333,4,,,1,15,,94353,4,,,1,15,,94373,4,,,1,15,,94314,4,,,1,55,,94334,4,,,1,15,,94354,4,,,1,15,,94374,4,,,1,15,,94315,4,,,1,55,,94335,4,,,1,15,,94355,4,,,1,15,,94375,4,,,1,15,,94316,4,,,1,55,,94336,4,,,1,15,,94356,4,,,1,15,,94376,4,,,1,15,,94317,4,,,1,55,,94337,4,,,1,15,,94357,4,,,1,15,,94377,4,,,1,15,,94318,4,,,1,55,,94338,4,,,1
1,'20270226',546,,94437,4,,,1,55,,94378,4,,,1,12,,94398,4,,,1,15,,94418,4,,,1,15,,94438,4,,,1,15,,94379,4,,,1,55,,94399,4,,,1,15,,94419,4,,,1,15,,94439,4,,,1,15,,94380,4,,,1,55,,94400,4,,,1,15,,94420,4,,,1,15,,94440,4,,,1,15,,94381,4,,,1,55,,94401,4,,,1,15,,94421,4,,,1,15,,94441,4,,,1,15,,94382,4,,,1,55,,94402,4,,,1,15,,94422,4,,,1,15,,94442,4,,,1,15,,94383,4,,,1,55,,94403,4,,,1,15,,94423,4,,,1,15,,94443,4,,,1,15,,94384,4,,,1,55,,94404,4,,,1,15,,94424,4,,,1,15,,94444,4,,,1,15,,94385,4,,,1,55,,94405,4,,,1,15,,94425,4,,,1,15,,94445,4,,,1,15,,94386,4,,,1,55,,94406,4,,,1,15,,94426,4,,,1,15,,94446,4,,,1,15,,94387,4,,,1,55,,94407,4,,,1,15,,94427,4,,,1,15,,94447,4,,,1,15,,94388,4,,,1,55,,94408,4,,,1,15,,94428,4,,,1,15,,94448,4,,,1,15,,94389,4,,,1,55,,94409,4,,,1,15,,94429,4,,,1,15,,94449,4,,,1,15,,94390,4,,,1,55,,94410,4,,,1,15,,94430,4,,,1,15,,94450,4,,,1,15,,94391,4,,,1,55,,94411,4,,,1,15,,94431,4,,,1,15,,94451,4,,,1,15,,94392,4,,,1,55,,94412,4,,,1,15,,94432,4,,,1,15,,94452,4,,,1,15,,94393,4,,,1,55,,94413,4,,,1,15,,94433,4,,,1,15,,94453,4,,,1,15,,94394,4,,,1,55,,94414,4,,,1,15,,94434,4,,,1,15,,94454,4,,,1,15,,94395,4,,,1,55,,94415,4,,,1,15,,94435,4,,,1,15,,94455,4,,,1,15,,94396,4,,,1,55,,94416,4,,,1,15,,94436,4,,,1,15,,94456,4,,,1,15,,94397,4,,,1,55,,94417,4,,,1
1,'20270227',643,,94513,4,,,1,15,,94457,4,,,1,55,,94476,4,,,1,15,,94495,4,,,1,15,,94514,4,,,1,15,,94458,4,,,1,55,,94477,4,,,1,15,,94496,4,,,1,15,,94515,4,,,1,15,,94459,4,,,1,55,,94478,4,,,1,15,,94497,4,,,1,15,,94516,4,,,1,15,,94460,4,,,1,55,,94479,4,,,1,15,,94498,4,,,1,15,,94517,4,,,1,15,,94461,4,,,1,55,,94480,4,,,1,15,,94499,4,,,1,15,,94518,4,,,1,15,,94462,4,,,1,55,,94481,4,,,1,15,,94500,4,,,1,15,,94519,4,,,1,15,,94463,4,,,1,55,,94482,4,,,1,15,,94501,4,,,1,15,,94520,4,,,1,15,,94464,4,,,1,55,,94483,4,,,1,15,,94502,4,,,1,15,,94521,4,,,1,15,,94465,4,,,1,55,,94484,4,,,1,15,,94503,4,,,1,15,,94522,4,,,1,15,,94466,4,,,1,55,,94485,4,,,1,15,,94504,4,,,1,15,,94523,4,,,1,15,,94467,4,,,1,55,,94486,4,,,1,15,,94505,4,,,1,15,,94524,4,,,1,15,,94468,4,,,1,55,,94487,4,,,1,15,,94506,4,,,1,15,,94525,4,,,1,15,,94469,4,,,1,55,,94488,4,,,1,15,,94507,4,,,1,15,,94526,4,,,1,15,,94470,4,,,1,55,,94489,4,,,1,15,,94508,4,,,1,15,,94527,4,,,1,15,,94471,4,,,1,55,,94490,4,,,1,15,,94509,4,,,1,15,,94528,4,,,1,15,,94472,4,,,1,55,,94491,4,,,1,15,,94510,4,,,1,15,,94529,4,,,1,15,,94473,4,,,1,55,,94492,4,,,1,15,,94511,4,,,1,15,,94530,4,,,1,15,,94474,4,,,1,55,,94493,4,,,1,15,,94512,4,,,1,15,,94531,4,,,1,15,,94475,4,,,1,55,,94494,4,,,1
