0,'20260914',509,,68248,4,,,1,15,,68188,4,,,1,23,,68228,4,,,1,55,,68249,4,,,1,15,,68189,4,,,1,15,,68209,4,,,1,15,,68229,4,,,1,55,,68250,4,,,1,15,,68190,4,,,1,15,,68210,4,,,1,15,,68230,4,,,1,55,,68251,4,,,1,15,,68191,4,,,1,15,,68211,4,,,1,15,,68231,4,,,1,55,,68252,4,,,1,15,,68192,4,,,1,15,,68212,4,,,1,15,,68232,4,,,1,55,,68253,4,,,1,15,,68193,4,,,1,15,,68213,4,,,1,15,,68233,4,,,1,55,,68254,4,,,1,15,,68194,4,,,1,15,,68214,4,,,1,15,,68234,4,,,1,55,,68255,4,,,1,15,,68195,4,,,1,15,,68215,4,,,1,15,,68235,4,,,1,55,,68256,4,,,1,15,,68196,4,,,1,15,,68216,4,,,1,15,,68236,4,,,1,55,,68257,4,,,1,15,,68197,4,,,1,15,,68217,4,,,1,15,,68237,4,,,1,55,,68258,4,,,1,15,,68198,4,,,1,15,,68218,4,,,1,15,,68238,4,,,1,55,,68259,4,,,1,15,,68199,4,,,1,15,,68219,4,,,1,15,,68239,4,,,1,55,,68260,4,,,1,15,,68200,4,,,1,15,,68220,4,,,1,15,,68240,4,,,1,55,,68261,4,,,1,15,,68201,4,,,1,15,,68221,4,,,1,15,,68241,4,,,1,55,,68262,4,,,1,15,,68202,4,,,1,15,,68222,4,,,1,15,,68242,4,,,1,55,,68263,4,,,1,15,,68203,4,,,1,15,,68223,4,,,1,15,,68243,4,,,1,55,,68264,4,,,1,15,,68204,4,,,1,15,,68224,4,,,1,15,,68244,4,,,1,55,,68265,4,,,1,15,,68205,4,,,1,15,,68225,4,,,1,15,,68245,4,,,1,55,,68266,4,,,1,15,,68206,4,,,1,15,,68226,4,,,1,15,,68246,4,,,1,55,,68267,4,,,1,15,,68207,4,,,1,15,,68227,4,,,1,15,,68247,4,,,1,55,,68268,4,,,1,15,,68208,4,,,1
0,'20260915',509,,68329,4,,,1,15,,68269,4,,,1,23,,68309,4,,,1,55,,68330,4,,,1,15,,68270,4,,,1,15,,68290,4,,,1,15,,68310,4,,,1,55,,68331,4,,,1,15,,68271,4,,,1,15,,68291,4,,,1,15,,68311,4,,,1,55,,68332,4,,,1,15,,68272,4,,,1,15,,68292,4,,,1,15,,68312,4,,,1,55,,68333,4,,,1,15,,68273,4,,,1,15,,68293,4,,,1,15,,68313,4,,,1,55,,68334,4,,,1,15,,68274,4,,,1,15,,68294,4,,,1,15,,68314,4,,,1,55,,68335,4,,,1,15,,68275,4,,,1,15,,68295,4,,,1,15,,68315,4,,,1,55,,68336,4,,,1,15,,68276,4,,,1,15,,68296,4,,,1,15,,68316,4,,,1,55,,68337,4,,,1,15,,68277,4,,,1,15,,68297,4,,,1,15,,68317,4,,,1,55,,68338,4,,,1,15,,68278,4,,,1,15,,68298,4,,,1,15,,68318,4,,,1,55,,68339,4,,,1,15,,68279,4,,,1,15,,68299,4,,,1,15,,68319,4,,,1,55,,68340,4,,,1,15,,68280,4,,,1,15,,68300,4,,,1,15,,68320,4,,,1,55,,68341,4,,,1,15,,68281,4,,,1,15,,68301,4,,,1,15,,68321,4,,,1,55,,68342,4,,,1,15,,68282,4,,,1,15,,68302,4,,,1,15,,68322,4,,,1,55,,68343,4,,,1,15,,68283,4,,,1,15,,68303,4,,,1,15,,68323,4,,,1,55,,68344,4,,,1,15,,68284,4,,,1,15,,68304,4,,,1,15,,68324,4,,,1,55,,68345,4,,,1,15,,68285,4,,,1,15,,68305,4,,,1,15,,68325,4,,,1,55,,68346,4,,,1,15,,68286,4,,,1,15,,68306,4,,,1,15,,68326,4,,,1,55,,68347,4,,,1,15,,68287,4,,,1,15,,68307,4,,,1,15,,68327,4,,,1,55,,68348,4,,,1,15,,68288,4,,,1,15,,68308,4,,,1,15,,68328,4,,,1,55,,68349,4,,,1,15,,68289,4,,,1
0,'20260916',509,,68410,4,,,1,15,,68350,4,,,1,23,,68390,4,,,1,55,,68411,4,,,1,15,,68351,4,,,1,15,,68371,4,,,1,15,,68391,4,,,1,55,,68412,4,,,1,15,,68352,4,,,1,15,,68372,4,,,1,15,,68392,4,,,1,55,,68413,4,,,1,15,,68353,4,,,1,15,,68373,4,,,1,15,,68393,4,,,1,55,,68414,4,,,1,15,,68354,4,,,1,15,,68374,4,,,1,15,,68394,4,,,1,55,,68415,4,,,1,15,,68355,4,,,1,15,,68375,4,,,1,15,,68395,4,,,1,55,,68416,4,,,1,15,,68356,4,,,1,15,,68376,4,,,1,15,,68396,4,,,1,55,,68417,4,,,1,15,,68357,4,,,1,15,,68377,4,,,1,15,,68397,4,,,1,55,,68418,4,,,1,15,,68358,4,,,1,15,,68378,4,,,1,15,,68398,4,,,1,55,,68419,4,,,1,15,,68359,4,,,1,15,,68379,4,,,1,15,,68399,4,,,1,55,,68420,4,,,1,15,,68360,4,,,1,15,,68380,4,,,1,15,,68400,4,,,1,55,,68421,4,,,1,15,,68361,4,,,1,15,,68381,4,,,1,15,,68401,4,,,1,55,,68422,4,,,1,15,,68362,4,,,1,15,,68382,4,,,1,15,,68402,4,,,1,55,,68423,4,,,1,15,,68363,4,,,1,15,,68383,4,,,1,15,,68403,4,,,1,55,,68424,4,,,1,15,,68364,4,,,1,15,,68384,4,,,1,15,,68404,4,,,1,55,,68425,4,,,1,15,,68365,4,,,1,15,,68385,4,,,1,15,,68405,4,,,1,55,,68426,4,,,1,15,,68366,4,,,1,15,,68386,4,,,1,15,,68406,4,,,1,55,,68427,4,,,1,15,,68367,4,,,1,15,,68387,4,,,1,15,,68407,4,,,1,55,,68428,4,,,1,15,,68368,4,,,1,15,,68388,4,,,1,15,,68408,4,,,1,55,,68429,4,,,1,15,,68369,4,,,1,15,,68389,4,,,1,15,,68409,4,,,1,55,,68430,4,,,1,15,,68370,4,,,1
0,'20260917',509,,68491,4,,,1,15,,68431,4,,,1,23,,68471,4,,,1,55,,68492,4,,,1,15,,68432,4,,,1,15,,68452,4,,,1,15,,68472,4,,,1,55,,68493,4,,,1,15,,68433,4,,,1,15,,68453,4,,,1,15,,68473,4,,,1,55,,68494,4,,,1,15,,68434,4,,,1,15,,68454,4,,,1,15,,68474,4,,,1,55,,68495,4,,,1,15,,68435,4,,,1,15,,68455,4,,,1,15,,68475,4,,,1,55,,68496,4,,,1,15,,68436,4,,,1,15,,68456,4,,,1,15,,68476,4,,,1,55,,68497,4,,,1,15,,68437,4,,,1,15,,68457,4,,,1,15,,68477,4,,,1,55,,68498,4,,,1,15,,68438,4,,,1,15,,68458,4,,,1,15,,68478,4,,,1,55,,68499,4,,,1,15,,68439,4,,,1,15,,68459,4,,,1,15,,68479,4,,,1,55,,68500,4,,,1,15,,68440,4,,,1,15,,68460,4,,,1,15,,68480,4,,,1,55,,68501,4,,,1,15,,68441,4,,,1,15,,68461,4,,,1,15,,68481,4,,,1,55,,68502,4,,,1,15,,68442,4,,,1,15,,68462,4,,,1,15,,68482,4,,,1,55,,68503,4,,,1,15,,68443,4,,,1,15,,68463,4,,,1,15,,68483,4,,,1,55,,68504,4,,,1,15,,68444,4,,,1,15,,68464,4,,,1,15,,68484,4,,,1,55,,68505,4,,,1,15,,68445,4,,,1,15,,68465,4,,,1,15,,68485,4,,,1,55,,68506,4,,,1,15,,68446,4,,,1,15,,68466,4,,,1,15,,68486,4,,,1,55,,68507,4,,,1,15,,68447,4,,,1,15,,68467,4,,,1,15,,68487,4,,,1,55,,68508,4,,,1,15,,68448,4,,,1,15,,68468,4,,,1,15,,68488,4,,,1,55,,68509,4,,,1,15,,68449,4,,,1,15,,68469,4,,,1,15,,68489,4,,,1,55,,68510,4,,,1,15,,68450,4,,,1,15,,68470,4,,,1,15,,68490,4,,,1,55,,68511,4,,,1,15,,68451,4,,,1
0,'20260918',509,,68566,4,,,1,15,,68512,4,,,1,23,,68548,4,,,1,55,,68567,4,,,1,15,,68513,4,,,1,15,,68531,4,,,1,15,,68549,4,,,1,55,,68568,4,,,1,15,,68514,4,,,1,15,,68532,4,,,1,15,,68550,4,,,1,55,,68569,4,,,1,15,,68515,4,,,1,15,,68533,4,,,1,15,,68551,4,,,1,55,,68570,4,,,1,15,,68516,4,,,1,15,,68534,4,,,1,15,,68552,4,,,1,55,,68571,4,,,1,15,,68517,4,,,1,15,,68535,4,,,1,15,,68553,4,,,1,55,,68572,4,,,1,15,,68518,4,,,1,15,,68536,4,,,1,15,,68554,4,,,1,55,,68573,4,,,1,15,,68519,4,,,1,15,,68537,4,,,1,15,,68555,4,,,1,55,,68574,4,,,1,15,,68520,4,,,1,15,,68538,4,,,1,15,,68556,4,,,1,55,,68575,4,,,1,15,,68521,4,,,1,15,,68539,4,,,1,15,,68557,4,,,1,55,,68576,4,,,1,15,,68522,4,,,1,15,,68540,4,,,1,15,,68558,4,,,1,55,,68577,4,,,1,15,,68523,4,,,1,15,,68541,4,,,1,15,,68559,4,,,1,55,,68578,4,,,1,15,,68524,4,,,1,15,,68542,4,,,1,15,,68560,4,,,1,55,,68579,4,,,1,15,,68525,4,,,1,15,,68543,4,,,1,15,,68561,4,,,1,55,,68580,4,,,1,15,,68526,4,,,1,15,,68544,4,,,1,15,,68562,4,,,1,55,,68581,4,,,1,15,,68527,4,,,1,15,,68545,4,,,1,15,,68563,4,,,1,55,,68582,4,,,1,15,,68528,4,,,1,15,,68546,4,,,1,15,,68564,4,,,1,55,,68583,4,,,1,15,,68529,4,,,1,15,,68547,4,,,1,15,,68565,4,,,1,55,,68584,4,,,1,15,,68530,4,,,1
0,'20260921',511,,69035,4,,,1,15,,68975,4,,,1,20,,69015,4,,,1,55,,69036,4,,,1,15,,68976,4,,,1,15,,68996,4,,,1,15,,69016,4,,,1,55,,69037,4,,,1,15,,68977,4,,,1,15,,68997,4,,,1,15,,69017,4,,,1,55,,69038,4,,,1,15,,68978,4,,,1,15,,68998,4,,,1,15,,69018,4,,,1,55,,69039,4,,,1,15,,68979,4,,,1,15,,68999,4,,,1,15,,69019,4,,,1,55,,69040,4,,,1,15,,68980,4,,,1,15,,69000,4,,,1,15,,69020,4,,,1,55,,69041,4,,,1,15,,68981,4,,,1,15,,69001,4,,,1,15,,69021,4,,,1,55,,69042,4,,,1,15,,68982,4,,,1,15,,69002,4,,,1,15,,69022,4,,,1,55,,69043,4,,,1,15,,68983,4,,,1,15,,69003,4,,,1,15,,69023,4,,,1,55,,69044,4,,,1,15,,68984,4,,,1,15,,69004,4,,,1,15,,69024,4,,,1,55,,69045,4,,,1,15,,68985,4,,,1,15,,69005,4,,,1,15,,69025,4,,,1,55,,69046,4,,,1,15,,68986,4,,,1,15,,69006,4,,,1,15,,69026,4,,,1,55,,69047,4,,,1,15,,68987,4,,,1,15,,69007,4,,,1,15,,69027,4,,,1,55,,69048,4,,,1,15,,68988,4,,,1,15,,69008,4,,,1,15,,69028,4,,,1,55,,69049,4,,,1,15,,68989,4,,,1,15,,69009,4,,,1,15,,69029,4,,,1,55,,69050,4,,,1,15,,68990,4,,,1,15,,69010,4,,,1,15,,69030,4,,,1,55,,69051,4,,,1,15,,68991,4,,,1,15,,69011,4,,,1,15,,69031,4,,,1,55,,69052,4,,,1,15,,68992,4,,,1,15,,69012,4,,,1,15,,69032,4,,,1,55,,69053,4,,,1,15,,68993,4,,,1,15,,69013,4,,,1,15,,69033,4,,,1,55,,69054,4,,,1,15,,68994,4,,,1,15,,69014,4,,,1,15,,69034,4,,,1,55,,69055,4,,,1,15,,68995,4,,,1
0,'20260922',511,,69116,4,,,1,15,,69056,4,,,1,20,,69096,4,,,1,55,,69117,4,,,1,15,,69057,4,,,1,15,,69077,4,,,1,15,,69097,4,,,1,55,,69118,4,,,1,15,,69058,4,,,1,15,,69078,4,,,1,15,,69098,4,,,1,55,,69119,4,,,1,15,,69059,4,,,1,15,,69079,4,,,1,15,,69099,4,,,1,55,,69120,4,,,1,15,,69060,4,,,1,15,,69080,4,,,1,15,,69100,4,,,1,55,,69121,4,,,1,15,,69061,4,,,1,15,,69081,4,,,1,15,,69101,4,,,1,55,,69122,4,,,1,15,,69062,4,,,1,15,,69082,4,,,1,15,,69102,4,,,1,55,,69123,4,,,1,15,,69063,4,,,1,15,,69083,4,,,1,15,,69103,4,,,1,55,,69124,4,,,1,15,,69064,4,,,1,15,,69084,4,,,1,15,,69104,4,,,1,55,,69125,4,,,1,15,,69065,4,,,1,15,,69085,4,,,1,15,,69105,4,,,1,55,,69126,4,,,1,15,,69066,4,,,1,15,,69086,4,,,1,15,,69106,4,,,1,55,,69127,4,,,1,15,,69067,4,,,1,15,,69087,4,,,1,15,,69107,4,,,1,55,,69128,4,,,1,15,,69068,4,,,1,15,,69088,4,,,1,15,,69108,4,,,1,55,,69129,4,,,1,15,,69069,4,,,1,15,,69089,4,,,1,15,,69109,4,,,1,55,,69130,4,,,1,15,,69070,4,,,1,15,,69090,4,,,1,15,,69110,4,,,1,55,,69131,4,,,1,15,,69071,4,,,1,15,,69091,4,,,1,15,,69111,4,,,1,55,,69132,4,,,1,15,,69072,4,,,1,15,,69092,4,,,1,15,,69112,4,,,1,55,,69133,4,,,1,15,,69073,4,,,1,15,,69093,4,,,1,15,,69113,4,,,1,55,,69134,4,,,1,15,,69074,4,,,1,15,,69094,4,,,1,15,,69114,4,,,1,55,,69135,4,,,1,15,,69075,4,,,1,15,,69095,4,,,1,15,,69115,4,,,1,55,,69136,4,,,1,15,,69076,4,,,1
0,'20260923',511,,69197,4,,,1,15,,69137,4,,,1,20,,69177,4,,,1,55,,69198,4,,,1,15,,69138,4,,,1,15,,69158,4,,,1,15,,69178,4,,,1,55,,69199,4,,,1,15,,69139,4,,,1,15,,69159,4,,,1,15,,69179,4,,,1,55,,69200,4,,,1,15,,69140,4,,,1,15,,69160,4,,,1,15,,69180,4,,,1,55,,69201,4,,,1,15,,69141,4,,,1,15,,69161,4,,,1,15,,69181,4,,,1,55,,69202,4,,,1,15,,69142,4,,,1,15,,69162,4,,,1,15,,69182,4,,,1,55,,69203,4,,,1,15,,69143,4,,,1,15,,69163,4,,,1,15,,69183,4,,,1,55,,69204,4,,,1,15,,69144,4,,,1,15,,69164,4,,,1,15,,69184,4,,,1,55,,69205,4,,,1,15,,69145,4,,,1,15,,69165,4,,,1,15,,69185,4,,,1,55,,69206,4,,,1,15,,69146,4,,,1,15,,69166,4,,,1,15,,69186,4,,,1,55,,69207,4,,,1,15,,69147,4,,,1,15,,69167,4,,,1,15,,69187,4,,,1,55,,69208,4,,,1,15,,69148,4,,,1,15,,69168,4,,,1,15,,69188,4,,,1,55,,69209,4,,,1,15,,69149,4,,,1,15,,69169,4,,,1,15,,69189,4,,,1,55,,69210,4,,,1,15,,69150,4,,,1,15,,69170,4,,,1,15,,69190,4,,,1,55,,69211,4,,,1,15,,69151,4,,,1,15,,69171,4,,,1,15,,69191,4,,,1,55,,69212,4,,,1,15,,69152,4,,,1,15,,69172,4,,,1,15,,69192,4,,,1,55,,69213,4,,,1,15,,69153,4,,,1,15,,69173,4,,,1,15,,69193,4,,,1,55,,69214,4,,,1,15,,69154,4,,,1,15,,69174,4,,,1,15,,69194,4,,,1,55,,69215,4,,,1,15,,69155,4,,,1,15,,69175,4,,,1,15,,69195,4,,,1,55,,69216,4,,,1,15,,69156,4,,,1,15,,69176,4,,,1,15,,69196,4,,,1,55,,69217,4,,,1,15,,69157,4,,,1
0,'20260924',511,,69278,4,,,1,15,,69218,4,,,1,20,,69258,4,,,1,55,,69279,4,,,1,15,,69219,4,,,1,15,,69239,4,,,1,15,,69259,4,,,1,55,,69280,4,,,1,15,,69220,4,,,1,15,,69240,4,,,1,15,,69260,4,,,1,55,,69281,4,,,1,15,,69221,4,,,1,15,,69241,4,,,1,15,,69261,4,,,1,55,,69282,4,,,1,15,,69222,4,,,1,15,,69242,4,,,1,15,,69262,4,,,1,55,,69283,4,,,1,15,,69223,4,,,1,15,,69243,4,,,1,15,,69263,4,,,1,55,,69284,4,,,1,15,,69224,4,,,1,15,,69244,4,,,1,15,,69264,4,,,1,55,,69285,4,,,1,15,,69225,4,,,1,15,,69245,4,,,1,15,,69265,4,,,1,55,,69286,4,,,1,15,,69226,4,,,1,15,,69246,4,,,1,15,,69266,4,,,1,55,,69287,4,,,1,15,,69227,4,,,1,15,,69247,4,,,1,15,,69267,4,,,1,55,,69288,4,,,1,15,,69228,4,,,1,15,,69248,4,,,1,15,,69268,4,,,1,55,,69289,4,,,1,15,,69229,4,,,1,15,,69249,4,,,1,15,,69269,4,,,1,55,,69290,4,,,1,15,,69230,4,,,1,15,,69250,4,,,1,15,,69270,4,,,1,55,,69291,4,,,1,15,,69231,4,,,1,15,,69251,4,,,1,15,,69271,4,,,1,55,,69292,4,,,1,15,,69232,4,,,1,15,,69252,4,,,1,15,,69272,4,,,1,55,,69293,4,,,1,15,,69233,4,,,1,15,,69253,4,,,1,15,,69273,4,,,1,55,,69294,4,,,1,15,,69234,4,,,1,15,,69254,4,,,1,15,,69274,4,,,1,55,,69295,4,,,1,15,,69235,4,,,1,15,,69255,4,,,1,15,,69275,4,,,1,55,,69296,4,,,1,15,,69236,4,,,1,15,,69256,4,,,1,15,,69276,4,,,1,55,,69297,4,,,1,15,,69237,4,,,1,15,,69257,4,,,1,15,,69277,4,,,1,55,,69298,4,,,1,15,,69238,4,,,1
0,'20260925',511,,69359,4,,,1,15,,69299,4,,,1,20,,69339,4,,,1,55,,69360,4,,,1,15,,69300,4,,,1,15,,69320,4,,,1,15,,69340,4,,,1,55,,69361,4,,,1,15,,69301,4,,,1,15,,69321,4,,,1,15,,69341,4,,,1,55,,69362,4,,,1,15,,69302,4,,,1,15,,69322,4,,,1,15,,69342,4,,,1,55,,69363,4,,,1,15,,69303,4,,,1,15,,69323,4,,,1,15,,69343,4,,,1,55,,69364,4,,,1,15,,69304,4,,,1,15,,69324,4,,,1,15,,69344,4,,,1,55,,69365,4,,,1,15,,69305,4,,,1,15,,69325,4,,,1,15,,69345,4,,,1,55,,69366,4,,,1,15,,69306,4,,,1,15,,69326,4,,,1,15,,69346,4,,,1,55,,69367,4,,,1,15,,69307,4,,,1,15,,69327,4,,,1,15,,69347,4,,,1,55,,69368,4,,,1,15,,69308,4,,,1,15,,69328,4,,,1,15,,69348,4,,,1,55,,69369,4,,,1,15,,69309,4,,,1,15,,69329,4,,,1,15,,69349,4,,,1,55,,69370,4,,,1,15,,69310,4,,,1,15,,69330,4,,,1,15,,69350,4,,,1,55,,69371,4,,,1,15,,69311,4,,,1,15,,69331,4,,,1,15,,69351,4,,,1,55,,69372,4,,,1,15,,69312,4,,,1,15,,69332,4,,,1,15,,69352,4,,,1,55,,69373,4,,,1,15,,69313,4,,,1,15,,69333,4,,,1,15,,69353,4,,,1,55,,69374,4,,,1,15,,69314,4,,,1,15,,69334,4,,,1,15,,69354,4,,,1,55,,69375,4,,,1,15,,69315,4,,,1,15,,69335,4,,,1,15,,69355,4,,,1,55,,69376,4,,,1,15,,69316,4,,,1,15,,69336,4,,,1,15,,69356,4,,,1,55,,69377,4,,,1,15,,69317,4,,,1,15,,69337,4,,,1,15,,69357,4,,,1,55,,69378,4,,,1,15,,69318,4,,,1,15,,69338,4,,,1,15,,69358,4,,,1,55,,69379,4,,,1,15,,69319,4,,,1
0,'20260926',616,,69380,4,,,1,15,,69400,4,,,1,15,,69419,4,,,1,55,,69438,4,,,1,15,,69381,4,,,1,15,,69401,4,,,1,15,,69420,4,,,1,55,,69439,4,,,1,15,,69382,4,,,1,15,,69402,4,,,1,15,,69421,4,,,1,55,,69440,4,,,1,15,,69383,4,,,1,15,,69403,4,,,1,15,,69422,4,,,1,55,,69441,4,,,1,15,,69384,4,,,1,15,,69404,4,,,1,15,,69423,4,,,1,55,,69442,4,,,1,15,,69385,4,,,1,15,,69405,4,,,1,15,,69424,4,,,1,55,,69443,4,,,1,15,,69386,4,,,1,15,,69406,4,,,1,15,,69425,4,,,1,55,,69444,4,,,1,15,,69387,4,,,1,15,,69407,4,,,1,15,,69426,4,,,1,55,,69445,4,,,1,15,,69388,4,,,1,15,,69408,4,,,1,15,,69427,4,,,1,55,,69446,4,,,1,15,,69389,4,,,1,15,,69409,4,,,1,15,,69428,4,,,1,55,,69447,4,,,1,15,,69390,4,,,1,15,,69410,4,,,1,15,,69429,4,,,1,55,,69448,4,,,1,15,,69391,4,,,1,15,,69411,4,,,1,15,,69430,4,,,1,55,,69449,4,,,1,15,,69392,4,,,1,15,,69412,4,,,1,15,,69431,4,,,1,55,,69450,4,,,1,15,,69393,4,,,1,15,,69413,4,,,1,15,,69432,4,,,1,55,,69451,4,,,1,15,,69394,4,,,1,15,,69414,4,,,1,15,,69433,4,,,1,55,,69452,4,,,1,15,,69395,4,,,1,15,,69415,4,,,1,15,,69434,4,,,1,55,,69453,4,,,1,15,,69396,4,,,1,15,,69416,4,,,1,15,,69435,4,,,1,55,,69454,4,,,1,15,,69397,4,,,1,15,,69417,4,,,1,15,,69436,4,,,1,55,,69455,4,,,1,15,,69398,4,,,1,15,,69418,4,,,1,15,,69437,4,,,1,55,,69456,4,,,1,15,,69399,4,,,1
0,'20260927',616,,69457,4,,,1,15,,69477,4,,,1,15,,69496,4,,,1,55,,69515,4,,,1,15,,69458,4,,,1,15,,69478,4,,,1,15,,69497,4,,,1,55,,69516,4,,,1,15,,69459,4,,,1,15,,69479,4,,,1,15,,69498,4,,,1,55,,69517,4,,,1,15,,69460,4,,,1,15,,69480,4,,,1,15,,69499,4,,,1,55,,69518,4,,,1,15,,69461,4,,,1,15,,69481,4,,,1,15,,69500,4,,,1,55,,69519,4,,,1,15,,69462,4,,,1,15,,69482,4,,,1,15,,69501,4,,,1,55,,69520,4,,,1,15,,69463,4,,,1,15,,69483,4,,,1,15,,69502,4,,,1,55,,69521,4,,,1,15,,69464,4,,,1,15,,69484,4,,,1,15,,69503,4,,,1,55,,69522,4,,,1,15,,69465,4,,,1,15,,69485,4,,,1,15,,69504,4,,,1,55,,69523,4,,,1,15,,69466,4,,,1,15,,69486,4,,,1,15,,69505,4,,,1,55,,69524,4,,,1,15,,69467,4,,,1,15,,69487,4,,,1,15,,69506,4,,,1,55,,69525,4,,,1,15,,69468,4,,,1,15,,69488,4,,,1,15,,69507,4,,,1,55,,69526,4,,,1,15,,69469,4,,,1,15,,69489,4,,,1,15,,69508,4,,,1,55,,69527,4,,,1,15,,69470,4,,,1,15,,69490,4,,,1,15,,69509,4,,,1,55,,69528,4,,,1,15,,69471,4,,,1,15,,69491,4,,,1,15,,69510,4,,,1,55,,69529,4,,,1,15,,69472,4,,,1,15,,69492,4,,,1,15,,69511,4,,,1,55,,69530,4,,,1,15,,69473,4,,,1,15,,69493,4,,,1,15,,69512,4,,,1,55,,69531,4,,,1,15,,69474,4,,,1,15,,69494,4,,,1,15,,69513,4,,,1,55,,69532,4,,,1,15,,69475,4,,,1,15,,69495,4,,,1,15,,69514,4,,,1,55,,69533,4,,,1,15,,69476,4,,,1
0,'20260928',511,,69594,4,,,1,15,,69534,4,,,1,20,,69574,4,,,1,55,,69595,4,,,1,15,,69535,4,,,1,15,,69555,4,,,1,15,,69575,4,,,1,55,,69596,4,,,1,15,,69536,4,,,1,15,,69556,4,,,1,15,,69576,4,,,1,55,,69597,4,,,1,15,,69537,4,,,1,15,,69557,4,,,1,15,,69577,4,,,1,55,,69598,4,,,1,15,,69538,4,,,1,15,,69558,4,,,1,15,,69578,4,,,1,55,,69599,4,,,1,15,,69539,4,,,1,15,,69559,4,,,1,15,,69579,4,,,1,55,,69600,4,,,1,15,,69540,4,,,1,15,,69560,4,,,1,15,,69580,4,,,1,55,,69601,4,,,1,15,,69541,4,,,1,15,,69561,4,,,1,15,,69581,4,,,1,55,,69602,4,,,1,15,,69542,4,,,1,15,,69562,4,,,1,15,,69582,4,,,1,55,,69603,4,,,1,15,,69543,4,,,1,15,,69563,4,,,1,15,,69583,4,,,1,55,,69604,4,,,1,15,,69544,4,,,1,15,,69564,4,,,1,15,,69584,4,,,1,55,,69605,4,,,1,15,,69545,4,,,1,15,,69565,4,,,1,15,,69585,4,,,1,55,,69606,4,,,1,15,,69546,4,,,1,15,,69566,4,,,1,15,,69586,4,,,1,55,,69607,4,,,1,15,,69547,4,,,1,15,,69567,4,,,1,15,,69587,4,,,1,55,,69608,4,,,1,15,,69548,4,,,1,15,,69568,4,,,1,15,,69588,4,,,1,55,,69609,4,,,1,15,,69549,4,,,1,15,,69569,4,,,1,15,,69589,4,,,1,55,,69610,4,,,1,15,,69550,4,,,1,15,,69570,4,,,1,15,,69590,4,,,1,55,,69611,4,,,1,15,,69551,4,,,1,15,,69571,4,,,1,15,,69591,4,,,1,55,,69612,4,,,1,15,,69552,4,,,1,15,,69572,4,,,1,15,,69592,4,,,1,55,,69613,4,,,1,15,,69553,4,,,1,15,,69573,4,,,1,15,,69593,4,,,1,55,,69614,4,,,1,15,,69554,4,,,1
0,'20260929',511,,69675,4,,,1,15,,69615,4,,,1,20,,69655,4,,,1,55,,69676,4,,,1,15,,69616,4,,,1,15,,69636,4,,,1,15,,69656,4,,,1,55,,69677,4,,,1,15,,69617,4,,,1,15,,69637,4,,,1,15,,69657,4,,,1,55,,69678,4,,,1,15,,69618,4,,,1,15,,69638,4,,,1,15,,69658,4,,,1,55,,69679,4,,,1,15,,69619,4,,,1,15,,69639,4,,,1,15,,69659,4,,,1,55,,69680,4,,,1,15,,69620,4,,,1,15,,69640,4,,,1,15,,69660,4,,,1,55,,69681,4,,,1,15,,69621,4,,,1,15,,69641,4,,,1,15,,69661,4,,,1,55,,69682,4,,,1,15,,69622,4,,,1,15,,69642,4,,,1,15,,69662,4,,,1,55,,69683,4,,,1,15,,69623,4,,,1,15,,69643,4,,,1,15,,69663,4,,,1,55,,69684,4,,,1,15,,69624,4,,,1,15,,69644,4,,,1,15,,69664,4,,,1,55,,69685,4,,,1,15,,69625,4,,,1,15,,69645,4,,,1,15,,69665,4,,,1,55,,69686,4,,,1,15,,69626,4,,,1,15,,69646,4,,,1,15,,69666,4,,,1,55,,69687,4,,,1,15,,69627,4,,,1,15,,69647,4,,,1,15,,69667,4,,,1,55,,69688,4,,,1,15,,69628,4,,,1,15,,69648,4,,,1,15,,69668,4,,,1,55,,69689,4,,,1,15,,69629,4,,,1,15,,69649,4,,,1,15,,69669,4,,,1,55,,69690,4,,,1,15,,69630,4,,,1,15,,69650,4,,,1,15,,69670,4,,,1,55,,69691,4,,,1,15,,69631,4,,,1,15,,69651,4,,,1,15,,69671,4,,,1,55,,69692,4,,,1,15,,69632,4,,,1,15,,69652,4,,,1,15,,69672,4,,,1,55,,69693,4,,,1,15,,69633,4,,,1,15,,69653,4,,,1,15,,69673,4,,,1,55,,69694,4,,,1,15,,69634,4,,,1,15,,69654,4,,,1,15,,69674,4,,,1,55,,69695,4,,,1,15,,69635,4,,,1
0,'20260930',511,,69756,4,,,1,15,,69696,4,,,1,20,,69736,4,,,1,55,,69757,4,,,1,15,,69697,4,,,1,15,,69717,4,,,1,15,,69737,4,,,1,55,,69758,4,,,1,15,,69698,4,,,1,15,,69718,4,,,1,15,,69738,4,,,1,55,,69759,4,,,1,15,,69699,4,,,1,15,,69719,4,,,1,15,,69739,4,,,1,55,,69760,4,,,1,15,,69700,4,,,1,15,,69720,4,,,1,15,,69740,4,,,1,55,,69761,4,,,1,15,,69701,4,,,1,15,,69721,4,,,1,15,,69741,4,,,1,55,,69762,4,,,1,15,,69702,4,,,1,15,,69722,4,,,1,15,,69742,4,,,1,55,,69763,4,,,1,15,,69703,4,,,1,15,,69723,4,,,1,15,,69743,4,,,1,55,,69764,4,,,1,15,,69704,4,,,1,15,,69724,4,,,1,15,,69744,4,,,1,55,,69765,4,,,1,15,,69705,4,,,1,15,,69725,4,,,1,15,,69745,4,,,1,55,,69766,4,,,1,15,,69706,4,,,1,15,,69726,4,,,1,15,,69746,4,,,1,55,,69767,4,,,1,15,,69707,4,,,1,15,,69727,4,,,1,15,,69747,4,,,1,55,,69768,4,,,1,15,,69708,4,,,1,15,,69728,4,,,1,15,,69748,4,,,1,55,,69769,4,,,1,15,,69709,4,,,1,15,,69729,4,,,1,15,,69749,4,,,1,55,,69770,4,,,1,15,,69710,4,,,1,15,,69730,4,,,1,15,,69750,4,,,1,55,,69771,4,,,1,15,,69711,4,,,1,15,,69731,4,,,1,15,,69751,4,,,1,55,,69772,4,,,1,15,,69712,4,,,1,15,,69732,4,,,1,15,,69752,4,,,1,55,,69773,4,,,1,15,,69713,4,,,1,15,,69733,4,,,1,15,,69753,4,,,1,55,,69774,4,,,1,15,,69714,4,,,1,15,,69734,4,,,1,15,,69754,4,,,1,55,,69775,4,,,1,15,,69715,4,,,1,15,,69735,4,,,1,15,,69755,4,,,1,55,,69776,4,,,1,15,,69716,4,,,1
0,'20261001',511,,69837,4,,,1,15,,69777,4,,,1,20,,69817,4,,,1,55,,69838,4,,,1,15,,69778,4,,,1,15,,69798,4,,,1,15,,69818,4,,,1,55,,69839,4,,,1,15,,69779,4,,,1,15,,69799,4,,,1,15,,69819,4,,,1,55,,69840,4,,,1,15,,69780,4,,,1,15,,69800,4,,,1,15,,69820,4,,,1,55,,69841,4,,,1,15,,69781,4,,,1,15,,69801,4,,,1,15,,69821,4,,,1,55,,69842,4,,,1,15,,69782,4,,,1,15,,69802,4,,,1,15,,69822,4,,,1,55,,69843,4,,,1,15,,69783,4,,,1,15,,69803,4,,,1,15,,69823,4,,,1,55,,69844,4,,,1,15,,69784,4,,,1,15,,69804,4,,,1,15,,69824,4,,,1,55,,69845,4,,,1,15,,69785,4,,,1,15,,69805,4,,,1,15,,69825,4,,,1,55,,69846,4,,,1,15,,69786,4,,,1,15,,69806,4,,,1,15,,69826,4,,,1,55,,69847,4,,,1,15,,69787,4,,,1,15,,69807,4,,,1,15,,69827,4,,,1,55,,69848,4,,,1,15,,69788,4,,,1,15,,69808,4,,,1,15,,69828,4,,,1,55,,69849,4,,,1,15,,69789,4,,,1,15,,69809,4,,,1,15,,69829,4,,,1,55,,69850,4,,,1,15,,69790,4,,,1,15,,69810,4,,,1,15,,69830,4,,,1,55,,69851,4,,,1,15,,69791,4,,,1,15,,69811,4,,,1,15,,69831,4,,,1,55,,69852,4,,,1,15,,69792,4,,,1,15,,69812,4,,,1,15,,69832,4,,,1,55,,69853,4,,,1,15,,69793,4,,,1,15,,69813,4,,,1,15,,69833,4,,,1,55,,69854,4,,,1,15,,69794,4,,,1,15,,69814,4,,,1,15,,69834,4,,,1,55,,69855,4,,,1,15,,69795,4,,,1,15,,69815,4,,,1,15,,69835,4,,,1,55,,69856,4,,,1,15,,69796,4,,,1,15,,69816,4,,,1,15,,69836,4,,,1,55,,69857,4,,,1,15,,69797,4,,,1
0,'20261002',511,,69918,4,,,1,15,,69858,4,,,1,20,,69898,4,,,1,55,,69919,4,,,1,15,,69859,4,,,1,15,,69879,4,,,1,15,,69899,4,,,1,55,,69920,4,,,1,15,,69860,4,,,1,15,,69880,4,,,1,15,,69900,4,,,1,55,,69921,4,,,1,15,,69861,4,,,1,15,,69881,4,,,1,15,,69901,4,,,1,55,,69922,4,,,1,15,,69862,4,,,1,15,,69882,4,,,1,15,,69902,4,,,1,55,,69923,4,,,1,15,,69863,4,,,1,15,,69883,4,,,1,15,,69903,4,,,1,55,,69924,4,,,1,15,,69864,4,,,1,15,,69884,4,,,1,15,,69904,4,,,1,55,,69925,4,,,1,15,,69865,4,,,1,15,,69885,4,,,1,15,,69905,4,,,1,55,,69926,4,,,1,15,,69866,4,,,1,15,,69886,4,,,1,15,,69906,4,,,1,55,,69927,4,,,1,15,,69867,4,,,1,15,,69887,4,,,1,15,,69907,4,,,1,55,,69928,4,,,1,15,,69868,4,,,1,15,,69888,4,,,1,15,,69908,4,,,1,55,,69929,4,,,1,15,,69869,4,,,1,15,,69889,4,,,1,15,,69909,4,,,1,55,,69930,4,,,1,15,,69870,4,,,1,15,,69890,4,,,1,15,,69910,4,,,1,55,,69931,4,,,1,15,,69871,4,,,1,15,,69891,4,,,1,15,,69911,4,,,1,55,,69932,4,,,1,15,,69872,4,,,1,15,,69892,4,,,1,15,,69912,4,,,1,55,,69933,4,,,1,15,,69873,4,,,1,15,,69893,4,,,1,15,,69913,4,,,1,55,,69934,4,,,1,15,,69874,4,,,1,15,,69894,4,,,1,15,,69914,4,,,1,55,,69935,4,,,1,15,,69875,4,,,1,15,,69895,4,,,1,15,,69915,4,,,1,55,,69936,4,,,1,15,,69876,4,,,1,15,,69896,4,,,1,15,,69916,4,,,1,55,,69937,4,,,1,15,,69877,4,,,1,15,,69897,4,,,1,15,,69917,4,,,1,55,,69938,4,,,1,15,,69878,4,,,1
0,'20261003',616,,69939,4,,,1,15,,69959,4,,,1,15,,69978,4,,,1,55,,69997,4,,,1,15,,69940,4,,,1,15,,69960,4,,,1,15,,69979,4,,,1,55,,69998,4,,,1,15,,69941,4,,,1,15,,69961,4,,,1,15,,69980,4,,,1,55,,69999,4,,,1,15,,69942,4,,,1,15,,69962,4,,,1,15,,69981,4,,,1,55,,70000,4,,,1,15,,69943,4,,,1,15,,69963,4,,,1,15,,69982,4,,,1,55,,70001,4,,,1,15,,69944,4,,,1,15,,69964,4,,,1,15,,69983,4,,,1,55,,70002,4,,,1,15,,69945,4,,,1,15,,69965,4,,,1,15,,69984,4,,,1,55,,70003,4,,,1,15,,69946,4,,,1,15,,69966,4,,,1,15,,69985,4,,,1,55,,70004,4,,,1,15,,69947,4,,,1,15,,69967,4,,,1,15,,69986,4,,,1,55,,70005,4,,,1,15,,69948,4,,,1,15,,69968,4,,,1,15,,69987,4,,,1,55,,70006,4,,,1,15,,69949,4,,,1,15,,69969,4,,,1,15,,69988,4,,,1,55,,70007,4,,,1,15,,69950,4,,,1,15,,69970,4,,,1,15,,69989,4,,,1,55,,70008,4,,,1,15,,69951,4,,,1,15,,69971,4,,,1,15,,69990,4,,,1,55,,70009,4,,,1,15,,69952,4,,,1,15,,69972,4,,,1,15,,69991,4,,,1,55,,70010,4,,,1,15,,69953,4,,,1,15,,69973,4,,,1,15,,69992,4,,,1,55,,70011,4,,,1,15,,69954,4,,,1,15,,69974,4,,,1,15,,69993,4,,,1,55,,70012,4,,,1,15,,69955,4,,,1,15,,69975,4,,,1,15,,69994,4,,,1,55,,70013,4,,,1,15,,69956,4,,,1,15,,69976,4,,,1,15,,69995,4,,,1,55,,70014,4,,,1,15,,69957,4,,,1,15,,69977,4,,,1,15,,69996,4,,,1,55,,70015,4,,,1,15,,69958,4,,,1
0,'20261004',616,,70016,4,,,1,15,,70036,4,,,1,15,,70055,4,,,1,55,,70074,4,,,1,15,,70017,4,,,1,15,,70037,4,,,1,15,,70056,4,,,1,55,,70075,4,,,1,15,,70018,4,,,1,15,,70038,4,,,1,15,,70057,4,,,1,55,,70076,4,,,1,15,,70019,4,,,1,15,,70039,4,,,1,15,,70058,4,,,1,55,,70077,4,,,1,15,,70020,4,,,1,15,,70040,4,,,1,15,,70059,4,,,1,55,,70078,4,,,1,15,,70021,4,,,1,15,,70041,4,,,1,15,,70060,4,,,1,55,,70079,4,,,1,15,,70022,4,,,1,15,,70042,4,,,1,15,,70061,4,,,1,55,,70080,4,,,1,15,,70023,4,,,1,15,,70043,4,,,1,15,,70062,4,,,1,55,,70081,4,,,1,15,,70024,4,,,1,15,,70044,4,,,1,15,,70063,4,,,1,55,,70082,4,,,1,15,,70025,4,,,1,15,,70045,4,,,1,15,,70064,4,,,1,55,,70083,4,,,1,15,,70026,4,,,1,15,,70046,4,,,1,15,,70065,4,,,1,55,,70084,4,,,1,15,,70027,4,,,1,15,,70047,4,,,1,15,,70066,4,,,1,55,,70085,4,,,1,15,,70028,4,,,1,15,,70048,4,,,1,15,,70067,4,,,1,55,,70086,4,,,1,15,,70029,4,,,1,15,,70049,4,,,1,15,,70068,4,,,1,55,,70087,4,,,1,15,,70030,4,,,1,15,,70050,4,,,1,15,,70069,4,,,1,55,,70088,4,,,1,15,,70031,4,,,1,15,,70051,4,,,1,15,,70070,4,,,1,55,,70089,4,,,1,15,,70032,4,,,1,15,,70052,4,,,1,15,,70071,4,,,1,55,,70090,4,,,1,15,,70033,4,,,1,15,,70053,4,,,1,15,,70072,4,,,1,55,,70091,4,,,1,15,,70034,4,,,1,15,,70054,4,,,1,15,,70073,4,,,1,55,,70092,4,,,1,15,,70035,4,,,1
0,'20261005',511,,70153,4,,,1,15,,70093,4,,,1,20,,70133,4,,,1,55,,70154,4,,,1,15,,70094,4,,,1,15,,70114,4,,,1,15,,70134,4,,,1,55,,70155,4,,,1,15,,70095,4,,,1,15,,70115,4,,,1,15,,70135,4,,,1,55,,70156,4,,,1,15,,70096,4,,,1,15,,70116,4,,,1,15,,70136,4,,,1,55,,70157,4,,,1,15,,70097,4,,,1,15,,70117,4,,,1,15,,70137,4,,,1,55,,70158,4,,,1,15,,70098,4,,,1,15,,70118,4,,,1,15,,70138,4,,,1,55,,70159,4,,,1,15,,70099,4,,,1,15,,70119,4,,,1,15,,70139,4,,,1,55,,70160,4,,,1,15,,70100,4,,,1,15,,70120,4,,,1,15,,70140,4,,,1,55,,70161,4,,,1,15,,70101,4,,,1,15,,70121,4,,,1,15,,70141,4,,,1,55,,70162,4,,,1,15,,70102,4,,,1,15,,70122,4,,,1,15,,70142,4,,,1,55,,70163,4,,,1,15,,70103,4,,,1,15,,70123,4,,,1,15,,70143,4,,,1,55,,70164,4,,,1,15,,70104,4,,,1,15,,70124,4,,,1,15,,70144,4,,,1,55,,70165,4,,,1,15,,70105,4,,,1,15,,70125,4,,,1,15,,70145,4,,,1,55,,70166,4,,,1,15,,70106,4,,,1,15,,70126,4,,,1,15,,70146,4,,,1,55,,70167,4,,,1,15,,70107,4,,,1,15,,70127,4,,,1,15,,70147,4,,,1,55,,70168,4,,,1,15,,70108,4,,,1,15,,70128,4,,,1,15,,70148,4,,,1,55,,70169,4,,,1,15,,70109,4,,,1,15,,70129,4,,,1,15,,70149,4,,,1,55,,70170,4,,,1,15,,70110,4,,,1,15,,70130,4,,,1,15,,70150,4,,,1,55,,70171,4,,,1,15,,70111,4,,,1,15,,70131,4,,,1,15,,70151,4,,,1,55,,70172,4,,,1,15,,70112,4,,,1,15,,70132,4,,,1,15,,70152,4,,,1,55,,70173,4,,,1,15,,70113,4,,,1
0,'20261006',511,,70234,4,,,1,15,,70174,4,,,1,20,,70214,4,,,1,55,,70235,4,,,1,15,,70175,4,,,1,15,,70195,4,,,1,15,,70215,4,,,1,55,,70236,4,,,1,15,,70176,4,,,1,15,,70196,4,,,1,15,,70216,4,,,1,55,,70237,4,,,1,15,,70177,4,,,1,15,,70197,4,,,1,15,,70217,4,,,1,55,,70238,4,,,1,15,,70178,4,,,1,15,,70198,4,,,1,15,,70218,4,,,1,55,,70239,4,,,1,15,,70179,4,,,1,15,,70199,4,,,1,15,,70219,4,,,1,55,,70240,4,,,1,15,,70180,4,,,1,15,,70200,4,,,1,15,,70220,4,,,1,55,,70241,4,,,1,15,,70181,4,,,1,15,,70201,4,,,1,15,,70221,4,,,1,55,,70242,4,,,1,15,,70182,4,,,1,15,,70202,4,,,1,15,,70222,4,,,1,55,,70243,4,,,1,15,,70183,4,,,1,15,,70203,4,,,1,15,,70223,4,,,1,55,,70244,4,,,1,15,,70184,4,,,1,15,,70204,4,,,1,15,,70224,4,,,1,55,,70245,4,,,1,15,,70185,4,,,1,15,,70205,4,,,1,15,,70225,4,,,1,55,,70246,4,,,1,15,,70186,4,,,1,15,,70206,4,,,1,15,,70226,4,,,1,55,,70247,4,,,1,15,,70187,4,,,1,15,,70207,4,,,1,15,,70227,4,,,1,55,,70248,4,,,1,15,,70188,4,,,1,15,,70208,4,,,1,15,,70228,4,,,1,55,,70249,4,,,1,15,,70189,4,,,1,15,,70209,4,,,1,15,,70229,4,,,1,55,,70250,4,,,1,15,,70190,4,,,1,15,,70210,4,,,1,15,,70230,4,,,1,55,,70251,4,,,1,15,,70191,4,,,1,15,,70211,4,,,1,15,,70231,4,,,1,55,,70252,4,,,1,15,,70192,4,,,1,15,,70212,4,,,1,15,,70232,4,,,1,55,,70253,4,,,1,15,,70193,4,,,1,15,,70213,4,,,1,15,,70233,4,,,1,55,,70254,4,,,1,15,,70194,4,,,1
0,'20261007',511,,70315,4,,,1,15,,70255,4,,,1,20,,70295,4,,,1,55,,70316,4,,,1,15,,70256,4,,,1,15,,70276,4,,,1,15,,70296,4,,,1,55,,70317,4,,,1,15,,70257,4,,,1,15,,70277,4,,,1,15,,70297,4,,,1,55,,70318,4,,,1,15,,70258,4,,,1,15,,70278,4,,,1,15,,70298,4,,,1,55,,70319,4,,,1,15,,70259,4,,,1,15,,70279,4,,,1,15,,70299,4,,,1,55,,70320,4,,,1,15,,70260,4,,,1,15,,70280,4,,,1,15,,70300,4,,,1,55,,70321,4,,,1,15,,70261,4,,,1,15,,70281,4,,,1,15,,70301,4,,,1,55,,70322,4,,,1,15,,70262,4,,,1,15,,70282,4,,,1,15,,70302,4,,,1,55,,70323,4,,,1,15,,70263,4,,,1,15,,70283,4,,,1,15,,70303,4,,,1,55,,70324,4,,,1,15,,70264,4,,,1,15,,70284,4,,,1,15,,70304,4,,,1,55,,70325,4,,,1,15,,70265,4,,,1,15,,70285,4,,,1,15,,70305,4,,,1,55,,70326,4,,,1,15,,70266,4,,,1,15,,70286,4,,,1,15,,70306,4,,,1,55,,70327,4,,,1,15,,70267,4,,,1,15,,70287,4,,,1,15,,70307,4,,,1,55,,70328,4,,,1,15,,70268,4,,,1,15,,70288,4,,,1,15,,70308,4,,,1,55,,70329,4,,,1,15,,70269,4,,,1,15,,70289,4,,,1,15,,70309,4,,,1,55,,70330,4,,,1,15,,70270,4,,,1,15,,70290,4,,,1,15,,70310,4,,,1,55,,70331,4,,,1,15,,70271,4,,,1,15,,70291,4,,,1,15,,70311,4,,,1,55,,70332,4,,,1,15,,70272,4,,,1,15,,70292,4,,,1,15,,70312,4,,,1,55,,70333,4,,,1,15,,70273,4,,,1,15,,70293,4,,,1,15,,70313,4,,,1,55,,70334,4,,,1,15,,70274,4,,,1,15,,70294,4,,,1,15,,70314,4,,,1,55,,70335,4,,,1,15,,70275,4,,,1
0,'20261008',511,,70396,4,,,1,15,,70336,4,,,1,20,,70376,4,,,1,55,,70397,4,,,1,15,,70337,4,,,1,15,,70357,4,,,1,15,,70377,4,,,1,55,,70398,4,,,1,15,,70338,4,,,1,15,,70358,4,,,1,15,,70378,4,,,1,55,,70399,4,,,1,15,,70339,4,,,1,15,,70359,4,,,1,15,,70379,4,,,1,55,,70400,4,,,1,15,,70340,4,,,1,15,,70360,4,,,1,15,,70380,4,,,1,55,,70401,4,,,1,15,,70341,4,,,1,15,,70361,4,,,1,15,,70381,4,,,1,55,,70402,4,,,1,15,,70342,4,,,1,15,,70362,4,,,1,15,,70382,4,,,1,55,,70403,4,,,1,15,,70343,4,,,1,15,,70363,4,,,1,15,,70383,4,,,1,55,,70404,4,,,1,15,,70344,4,,,1,15,,70364,4,,,1,15,,70384,4,,,1,55,,70405,4,,,1,15,,70345,4,,,1,15,,70365,4,,,1,15,,70385,4,,,1,55,,70406,4,,,1,15,,70346,4,,,1,15,,70366,4,,,1,15,,70386,4,,,1,55,,70407,4,,,1,15,,70347,4,,,1,15,,70367,4,,,1,15,,70387,4,,,1,55,,70408,4,,,1,15,,70348,4,,,1,15,,70368,4,,,1,15,,70388,4,,,1,55,,70409,4,,,1,15,,70349,4,,,1,15,,70369,4,,,1,15,,70389,4,,,1,55,,70410,4,,,1,15,,70350,4,,,1,15,,70370,4,,,1,15,,70390,4,,,1,55,,70411,4,,,1,15,,70351,4,,,1,15,,70371,4,,,1,15,,70391,4,,,1,55,,70412,4,,,1,15,,70352,4,,,1,15,,70372,4,,,1,15,,70392,4,,,1,55,,70413,4,,,1,15,,70353,4,,,1,15,,70373,4,,,1,15,,70393,4,,,1,55,,70414,4,,,1,15,,70354,4,,,1,15,,70374,4,,,1,15,,70394,4,,,1,55,,70415,4,,,1,15,,70355,4,,,1,15,,70375,4,,,1,15,,70395,4,,,1,55,,70416,4,,,1,15,,70356,4,,,1
0,'20261009',511,,70477,4,,,1,15,,70417,4,,,1,20,,70457,4,,,1,55,,70478,4,,,1,15,,70418,4,,,1,15,,70438,4,,,1,15,,70458,4,,,1,55,,70479,4,,,1,15,,70419,4,,,1,15,,70439,4,,,1,15,,70459,4,,,1,55,,70480,4,,,1,15,,70420,4,,,1,15,,70440,4,,,1,15,,70460,4,,,1,55,,70481,4,,,1,15,,70421,4,,,1,15,,70441,4,,,1,15,,70461,4,,,1,55,,70482,4,,,1,15,,70422,4,,,1,15,,70442,4,,,1,15,,70462,4,,,1,55,,70483,4,,,1,15,,70423,4,,,1,15,,70443,4,,,1,15,,70463,4,,,1,55,,70484,4,,,1,15,,70424,4,,,1,15,,70444,4,,,1,15,,70464,4,,,1,55,,70485,4,,,1,15,,70425,4,,,1,15,,70445,4,,,1,15,,70465,4,,,1,55,,70486,4,,,1,15,,70426,4,,,1,15,,70446,4,,,1,15,,70466,4,,,1,55,,70487,4,,,1,15,,70427,4,,,1,15,,70447,4,,,1,15,,70467,4,,,1,55,,70488,4,,,1,15,,70428,4,,,1,15,,70448,4,,,1,15,,70468,4,,,1,55,,70489,4,,,1,15,,70429,4,,,1,15,,70449,4,,,1,15,,70469,4,,,1,55,,70490,4,,,1,15,,70430,4,,,1,15,,70450,4,,,1,15,,70470,4,,,1,55,,70491,4,,,1,15,,70431,4,,,1,15,,70451,4,,,1,15,,70471,4,,,1,55,,70492,4,,,1,15,,70432,4,,,1,15,,70452,4,,,1,15,,70472,4,,,1,55,,70493,4,,,1,15,,70433,4,,,1,15,,70453,4,,,1,15,,70473,4,,,1,55,,70494,4,,,1,15,,70434,4,,,1,15,,70454,4,,,1,15,,70474,4,,,1,55,,70495,4,,,1,15,,70435,4,,,1,15,,70455,4,,,1,15,,70475,4,,,1,55,,70496,4,,,1,15,,70436,4,,,1,15,,70456,4,,,1,15,,70476,4,,,1,55,,70497,4,,,1,15,,70437,4,,,1
0,'20261010',616,,70498,4,,,1,15,,70518,4,,,1,15,,70537,4,,,1,55,,70556,4,,,1,15,,70499,4,,,1,15,,70519,4,,,1,15,,70538,4,,,1,55,,70557,4,,,1,15,,70500,4,,,1,15,,70520,4,,,1,15,,70539,4,,,1,55,,70558,4,,,1,15,,70501,4,,,1,15,,70521,4,,,1,15,,70540,4,,,1,55,,70559,4,,,1,15,,70502,4,,,1,15,,70522,4,,,1,15,,70541,4,,,1,55,,70560,4,,,1,15,,70503,4,,,1,15,,70523,4,,,1,15,,70542,4,,,1,55,,70561,4,,,1,15,,70504,4,,,1,15,,70524,4,,,1,15,,70543,4,,,1,55,,70562,4,,,1,15,,70505,4,,,1,15,,70525,4,,,1,15,,70544,4,,,1,55,,70563,4,,,1,15,,70506,4,,,1,15,,70526,4,,,1,15,,70545,4,,,1,55,,70564,4,,,1,15,,70507,4,,,1,15,,70527,4,,,1,15,,70546,4,,,1,55,,70565,4,,,1,15,,70508,4,,,1,15,,70528,4,,,1,15,,70547,4,,,1,55,,70566,4,,,1,15,,70509,4,,,1,15,,70529,4,,,1,15,,70548,4,,,1,55,,70567,4,,,1,15,,70510,4,,,1,15,,70530,4,,,1,15,,70549,4,,,1,55,,70568,4,,,1,15,,70511,4,,,1,15,,70531,4,,,1,15,,70550,4,,,1,55,,70569,4,,,1,15,,70512,4,,,1,15,,70532,4,,,1,15,,70551,4,,,1,55,,70570,4,,,1,15,,70513,4,,,1,15,,70533,4,,,1,15,,70552,4,,,1,55,,70571,4,,,1,15,,70514,4,,,1,15,,70534,4,,,1,15,,70553,4,,,1,55,,70572,4,,,1,15,,70515,4,,,1,15,,70535,4,,,1,15,,70554,4,,,1,55,,70573,4,,,1,15,,70516,4,,,1,15,,70536,4,,,1,15,,70555,4,,,1,55,,70574,4,,,1,15,,70517,4,,,1
0,'20261011',616,,70575,4,,,1,15,,70595,4,,,1,15,,70614,4,,,1,55,,70633,4,,,1,15,,70576,4,,,1,15,,70596,4,,,1,15,,70615,4,,,1,55,,70634,4,,,1,15,,70577,4,,,1,15,,70597,4,,,1,15,,70616,4,,,1,55,,70635,4,,,1,15,,70578,4,,,1,15,,70598,4,,,1,15,,70617,4,,,1,55,,70636,4,,,1,15,,70579,4,,,1,15,,70599,4,,,1,15,,70618,4,,,1,55,,70637,4,,,1,15,,70580,4,,,1,15,,70600,4,,,1,15,,70619,4,,,1,55,,70638,4,,,1,15,,70581,4,,,1,15,,70601,4,,,1,15,,70620,4,,,1,55,,70639,4,,,1,15,,70582,4,,,1,15,,70602,4,,,1,15,,70621,4,,,1,55,,70640,4,,,1,15,,70583,4,,,1,15,,70603,4,,,1,15,,70622,4,,,1,55,,70641,4,,,1,15,,70584,4,,,1,15,,70604,4,,,1,15,,70623,4,,,1,55,,70642,4,,,1,15,,70585,4,,,1,15,,70605,4,,,1,15,,70624,4,,,1,55,,70643,4,,,1,15,,70586,4,,,1,15,,70606,4,,,1,15,,70625,4,,,1,55,,70644,4,,,1,15,,70587,4,,,1,15,,70607,4,,,1,15,,70626,4,,,1,55,,70645,4,,,1,15,,70588,4,,,1,15,,70608,4,,,1,15,,70627,4,,,1,55,,70646,4,,,1,15,,70589,4,,,1,15,,70609,4,,,1,15,,70628,4,,,1,55,,70647,4,,,1,15,,70590,4,,,1,15,,70610,4,,,1,15,,70629,4,,,1,55,,70648,4,,,1,15,,70591,4,,,1,15,,70611,4,,,1,15,,70630,4,,,1,55,,70649,4,,,1,15,,70592,4,,,1,15,,70612,4,,,1,15,,70631,4,,,1,55,,70650,4,,,1,15,,70593,4,,,1,15,,70613,4,,,1,15,,70632,4,,,1,55,,70651,4,,,1,15,,70594,4,,,1
0,'20261012',511,,70712,4,,,1,15,,70652,4,,,1,20,,70692,4,,,1,55,,70713,4,,,1,15,,70653,4,,,1,15,,70673,4,,,1,15,,70693,4,,,1,55,,70714,4,,,1,15,,70654,4,,,1,15,,70674,4,,,1,15,,70694,4,,,1,55,,70715,4,,,1,15,,70655,4,,,1,15,,70675,4,,,1,15,,70695,4,,,1,55,,70716,4,,,1,15,,70656,4,,,1,15,,70676,4,,,1,15,,70696,4,,,1,55,,70717,4,,,1,15,,70657,4,,,1,15,,70677,4,,,1,15,,70697,4,,,1,55,,70718,4,,,1,15,,70658,4,,,1,15,,70678,4,,,1,15,,70698,4,,,1,55,,70719,4,,,1,15,,70659,4,,,1,15,,70679,4,,,1,15,,70699,4,,,1,55,,70720,4,,,1,15,,70660,4,,,1,15,,70680,4,,,1,15,,70700,4,,,1,55,,70721,4,,,1,15,,70661,4,,,1,15,,70681,4,,,1,15,,70701,4,,,1,55,,70722,4,,,1,15,,70662,4,,,1,15,,70682,4,,,1,15,,70702,4,,,1,55,,70723,4,,,1,15,,70663,4,,,1,15,,70683,4,,,1,15,,70703,4,,,1,55,,70724,4,,,1,15,,70664,4,,,1,15,,70684,4,,,1,15,,70704,4,,,1,55,,70725,4,,,1,15,,70665,4,,,1,15,,70685,4,,,1,15,,70705,4,,,1,55,,70726,4,,,1,15,,70666,4,,,1,15,,70686,4,,,1,15,,70706,4,,,1,55,,70727,4,,,1,15,,70667,4,,,1,15,,70687,4,,,1,15,,70707,4,,,1,55,,70728,4,,,1,15,,70668,4,,,1,15,,70688,4,,,1,15,,70708,4,,,1,55,,70729,4,,,1,15,,70669,4,,,1,15,,70689,4,,,1,15,,70709,4,,,1,55,,70730,4,,,1,15,,70670,4,,,1,15,,70690,4,,,1,15,,70710,4,,,1,55,,70731,4,,,1,15,,70671,4,,,1,15,,70691,4,,,1,15,,70711,4,,,1,55,,70732,4,,,1,15,,70672,4,,,1
0,'20261013',511,,70793,4,,,1,15,,70733,4,,,1,20,,70773,4,,,1,55,,70794,4,,,1,15,,70734,4,,,1,15,,70754,4,,,1,15,,70774,4,,,1,55,,70795,4,,,1,15,,70735,4,,,1,15,,70755,4,,,1,15,,70775,4,,,1,55,,70796,4,,,1,15,,70736,4,,,1,15,,70756,4,,,1,15,,70776,4,,,1,55,,70797,4,,,1,15,,70737,4,,,1,15,,70757,4,,,1,15,,70777,4,,,1,55,,70798,4,,,1,15,,70738,4,,,1,15,,70758,4,,,1,15,,70778,4,,,1,55,,70799,4,,,1,15,,70739,4,,,1,15,,70759,4,,,1,15,,70779,4,,,1,55,,70800,4,,,1,15,,70740,4,,,1,15,,70760,4,,,1,15,,70780,4,,,1,55,,70801,4,,,1,15,,70741,4,,,1,15,,70761,4,,,1,15,,70781,4,,,1,55,,70802,4,,,1,15,,70742,4,,,1,15,,70762,4,,,1,15,,70782,4,,,1,55,,70803,4,,,1,15,,70743,4,,,1,15,,70763,4,,,1,15,,70783,4,,,1,55,,70804,4,,,1,15,,70744,4,,,1,15,,70764,4,,,1,15,,70784,4,,,1,55,,70805,4,,,1,15,,70745,4,,,1,15,,70765,4,,,1,15,,70785,4,,,1,55,,70806,4,,,1,15,,70746,4,,,1,15,,70766,4,,,1,15,,70786,4,,,1,55,,70807,4,,,1,15,,70747,4,,,1,15,,70767,4,,,1,15,,70787,4,,,1,55,,70808,4,,,1,15,,70748,4,,,1,15,,70768,4,,,1,15,,70788,4,,,1,55,,70809,4,,,1,15,,70749,4,,,1,15,,70769,4,,,1,15,,70789,4,,,1,55,,70810,4,,,1,15,,70750,4,,,1,15,,70770,4,,,1,15,,70790,4,,,1,55,,70811,4,,,1,15,,70751,4,,,1,15,,70771,4,,,1,15,,70791,4,,,1,55,,70812,4,,,1,15,,70752,4,,,1,15,,70772,4,,,1,15,,70792,4,,,1,55,,70813,4,,,1,15,,70753,4,,,1
0,'20261014',511,,70874,4,,,1,15,,70814,4,,,1,20,,70854,4,,,1,55,,70875,4,,,1,15,,70815,4,,,1,15,,70835,4,,,1,15,,70855,4,,,1,55,,70876,4,,,1,15,,70816,4,,,1,15,,70836,4,,,1,15,,70856,4,,,1,55,,70877,4,,,1,15,,70817,4,,,1,15,,70837,4,,,1,15,,70857,4,,,1,55,,70878,4,,,1,15,,70818,4,,,1,15,,70838,4,,,1,15,,70858,4,,,1,55,,70879,4,,,1,15,,70819,4,,,1,15,,70839,4,,,1,15,,70859,4,,,1,55,,70880,4,,,1,15,,70820,4,,,1,15,,70840,4,,,1,15,,70860,4,,,1,55,,70881,4,,,1,15,,70821,4,,,1,15,,70841,4,,,1,15,,70861,4,,,1,55,,70882,4,,,1,15,,70822,4,,,1,15,,70842,4,,,1,15,,70862,4,,,1,55,,70883,4,,,1,15,,70823,4,,,1,15,,70843,4,,,1,15,,70863,4,,,1,55,,70884,4,,,1,15,,70824,4,,,1,15,,70844,4,,,1,15,,70864,4,,,1,55,,70885,4,,,1,15,,70825,4,,,1,15,,70845,4,,,1,15,,70865,4,,,1,55,,70886,4,,,1,15,,70826,4,,,1,15,,70846,4,,,1,15,,70866,4,,,1,55,,70887,4,,,1,15,,70827,4,,,1,15,,70847,4,,,1,15,,70867,4,,,1,55,,70888,4,,,1,15,,70828,4,,,1,15,,70848,4,,,1,15,,70868,4,,,1,55,,70889,4,,,1,15,,70829,4,,,1,15,,70849,4,,,1,15,,70869,4,,,1,55,,70890,4,,,1,15,,70830,4,,,1,15,,70850,4,,,1,15,,70870,4,,,1,55,,70891,4,,,1,15,,70831,4,,,1,15,,70851,4,,,1,15,,70871,4,,,1,55,,70892,4,,,1,15,,70832,4,,,1,15,,70852,4,,,1,15,,70872,4,,,1,55,,70893,4,,,1,15,,70833,4,,,1,15,,70853,4,,,1,15,,70873,4,,,1,55,,70894,4,,,1,15,,70834,4,,,1
0,'20261015',511,,70955,4,,,1,15,,70895,4,,,1,20,,70935,4,,,1,55,,70956,4,,,1,15,,70896,4,,,1,15,,70916,4,,,1,15,,70936,4,,,1,55,,70957,4,,,1,15,,70897,4,,,1,15,,70917,4,,,1,15,,70937,4,,,1,55,,70958,4,,,1,15,,70898,4,,,1,15,,70918,4,,,1,15,,70938,4,,,1,55,,70959,4,,,1,15,,70899,4,,,1,15,,70919,4,,,1,15,,70939,4,,,1,55,,70960,4,,,1,15,,70900,4,,,1,15,,70920,4,,,1,15,,70940,4,,,1,55,,70961,4,,,1,15,,70901,4,,,1,15,,70921,4,,,1,15,,70941,4,,,1,55,,70962,4,,,1,15,,70902,4,,,1,15,,70922,4,,,1,15,,70942,4,,,1,55,,70963,4,,,1,15,,70903,4,,,1,15,,70923,4,,,1,15,,70943,4,,,1,55,,70964,4,,,1,15,,70904,4,,,1,15,,70924,4,,,1,15,,70944,4,,,1,55,,70965,4,,,1,15,,70905,4,,,1,15,,70925,4,,,1,15,,70945,4,,,1,55,,70966,4,,,1,15,,70906,4,,,1,15,,70926,4,,,1,15,,70946,4,,,1,55,,70967,4,,,1,15,,70907,4,,,1,15,,70927,4,,,1,15,,70947,4,,,1,55,,70968,4,,,1,15,,70908,4,,,1,15,,70928,4,,,1,15,,70948,4,,,1,55,,70969,4,,,1,15,,70909,4,,,1,15,,70929,4,,,1,15,,70949,4,,,1,55,,70970,4,,,1,15,,70910,4,,,1,15,,70930,4,,,1,15,,70950,4,,,1,55,,70971,4,,,1,15,,70911,4,,,1,15,,70931,4,,,1,15,,70951,4,,,1,55,,70972,4,,,1,15,,70912,4,,,1,15,,70932,4,,,1,15,,70952,4,,,1,55,,70973,4,,,1,15,,70913,4,,,1,15,,70933,4,,,1,15,,70953,4,,,1,55,,70974,4,,,1,15,,70914,4,,,1,15,,70934,4,,,1,15,,70954,4,,,1,55,,70975,4,,,1,15,,70915,4,,,1
0,'20261016',511,,71036,4,,,1,15,,70976,4,,,1,20,,71016,4,,,1,55,,71037,4,,,1,15,,70977,4,,,1,15,,70997,4,,,1,15,,71017,4,,,1,55,,71038,4,,,1,15,,70978,4,,,1,15,,70998,4,,,1,15,,71018,4,,,1,55,,71039,4,,,1,15,,70979,4,,,1,15,,70999,4,,,1,15,,71019,4,,,1,55,,71040,4,,,1,15,,70980,4,,,1,15,,71000,4,,,1,15,,71020,4,,,1,55,,71041,4,,,1,15,,70981,4,,,1,15,,71001,4,,,1,15,,71021,4,,,1,55,,71042,4,,,1,15,,70982,4,,,1,15,,71002,4,,,1,15,,71022,4,,,1,55,,71043,4,,,1,15,,70983,4,,,1,15,,71003,4,,,1,15,,71023,4,,,1,55,,71044,4,,,1,15,,70984,4,,,1,15,,71004,4,,,1,15,,71024,4,,,1,55,,71045,4,,,1,15,,70985,4,,,1,15,,71005,4,,,1,15,,71025,4,,,1,55,,71046,4,,,1,15,,70986,4,,,1,15,,71006,4,,,1,15,,71026,4,,,1,55,,71047,4,,,1,15,,70987,4,,,1,15,,71007,4,,,1,15,,71027,4,,,1,55,,71048,4,,,1,15,,70988,4,,,1,15,,71008,4,,,1,15,,71028,4,,,1,55,,71049,4,,,1,15,,70989,4,,,1,15,,71009,4,,,1,15,,71029,4,,,1,55,,71050,4,,,1,15,,70990,4,,,1,15,,71010,4,,,1,15,,71030,4,,,1,55,,71051,4,,,1,15,,70991,4,,,1,15,,71011,4,,,1,15,,71031,4,,,1,55,,71052,4,,,1,15,,70992,4,,,1,15,,71012,4,,,1,15,,71032,4,,,1,55,,71053,4,,,1,15,,70993,4,,,1,15,,71013,4,,,1,15,,71033,4,,,1,55,,71054,4,,,1,15,,70994,4,,,1,15,,71014,4,,,1,15,,71034,4,,,1,55,,71055,4,,,1,15,,70995,4,,,1,15,,71015,4,,,1,15,,71035,4,,,1,55,,71056,4,,,1,15,,70996,4,,,1
0,'20261017',616,,71057,4,,,1,15,,71077,4,,,1,15,,71096,4,,,1,55,,71115,4,,,1,15,,71058,4,,,1,15,,71078,4,,,1,15,,71097,4,,,1,55,,71116,4,,,1,15,,71059,4,,,1,15,,71079,4,,,1,15,,71098,4,,,1,55,,71117,4,,,1,15,,71060,4,,,1,15,,71080,4,,,1,15,,71099,4,,,1,55,,71118,4,,,1,15,,71061,4,,,1,15,,71081,4,,,1,15,,71100,4,,,1,55,,71119,4,,,1,15,,71062,4,,,1,15,,71082,4,,,1,15,,71101,4,,,1,55,,71120,4,,,1,15,,71063,4,,,1,15,,71083,4,,,1,15,,71102,4,,,1,55,,71121,4,,,1,15,,71064,4,,,1,15,,71084,4,,,1,15,,71103,4,,,1,55,,71122,4,,,1,15,,71065,4,,,1,15,,71085,4,,,1,15,,71104,4,,,1,55,,71123,4,,,1,15,,71066,4,,,1,15,,71086,4,,,1,15,,71105,4,,,1,55,,71124,4,,,1,15,,71067,4,,,1,15,,71087,4,,,1,15,,71106,4,,,1,55,,71125,4,,,1,15,,71068,4,,,1,15,,71088,4,,,1,15,,71107,4,,,1,55,,71126,4,,,1,15,,71069,4,,,1,15,,71089,4,,,1,15,,71108,4,,,1,55,,71127,4,,,1,15,,71070,4,,,1,15,,71090,4,,,1,15,,71109,4,,,1,55,,71128,4,,,1,15,,71071,4,,,1,15,,71091,4,,,1,15,,71110,4,,,1,55,,71129,4,,,1,15,,71072,4,,,1,15,,71092,4,,,1,15,,71111,4,,,1,55,,71130,4,,,1,15,,71073,4,,,1,15,,71093,4,,,1,15,,71112,4,,,1,55,,71131,4,,,1,15,,71074,4,,,1,15,,71094,4,,,1,15,,71113,4,,,1,55,,71132,4,,,1,15,,71075,4,,,1,15,,71095,4,,,1,15,,71114,4,,,1,55,,71133,4,,,1,15,,71076,4,,,1
0,'20261018',616,,71134,4,,,1,15,,71154,4,,,1,15,,71173,4,,,1,55,,71192,4,,,1,15,,71135,4,,,1,15,,71155,4,,,1,15,,71174,4,,,1,55,,71193,4,,,1,15,,71136,4,,,1,15,,71156,4,,,1,15,,71175,4,,,1,55,,71194,4,,,1,15,,71137,4,,,1,15,,71157,4,,,1,15,,71176,4,,,1,55,,71195,4,,,1,15,,71138,4,,,1,15,,71158,4,,,1,15,,71177,4,,,1,55,,71196,4,,,1,15,,71139,4,,,1,15,,71159,4,,,1,15,,71178,4,,,1,55,,71197,4,,,1,15,,71140,4,,,1,15,,71160,4,,,1,15,,71179,4,,,1,55,,71198,4,,,1,15,,71141,4,,,1,15,,71161,4,,,1,15,,71180,4,,,1,55,,71199,4,,,1,15,,71142,4,,,1,15,,71162,4,,,1,15,,71181,4,,,1,55,,71200,4,,,1,15,,71143,4,,,1,15,,71163,4,,,1,15,,71182,4,,,1,55,,71201,4,,,1,15,,71144,4,,,1,15,,71164,4,,,1,15,,71183,4,,,1,55,,71202,4,,,1,15,,71145,4,,,1,15,,71165,4,,,1,15,,71184,4,,,1,55,,71203,4,,,1,15,,71146,4,,,1,15,,71166,4,,,1,15,,71185,4,,,1,55,,71204,4,,,1,15,,71147,4,,,1,15,,71167,4,,,1,15,,71186,4,,,1,55,,71205,4,,,1,15,,71148,4,,,1,15,,71168,4,,,1,15,,71187,4,,,1,55,,71206,4,,,1,15,,71149,4,,,1,15,,71169,4,,,1,15,,71188,4,,,1,55,,71207,4,,,1,15,,71150,4,,,1,15,,71170,4,,,1,15,,71189,4,,,1,55,,71208,4,,,1,15,,71151,4,,,1,15,,71171,4,,,1,15,,71190,4,,,1,55,,71209,4,,,1,15,,71152,4,,,1,15,,71172,4,,,1,15,,71191,4,,,1,55,,71210,4,,,1,15,,71153,4,,,1
0,'20261019',511,,71271,4,,,1,15,,71211,4,,,1,20,,71251,4,,,1,55,,71272,4,,,1,15,,71212,4,,,1,15,,71232,4,,,1,15,,71252,4,,,1,55,,71273,4,,,1,15,,71213,4,,,1,15,,71233,4,,,1,15,,71253,4,,,1,55,,71274,4,,,1,15,,71214,4,,,1,15,,71234,4,,,1,15,,71254,4,,,1,55,,71275,4,,,1,15,,71215,4,,,1,15,,71235,4,,,1,15,,71255,4,,,1,55,,71276,4,,,1,15,,71216,4,,,1,15,,71236,4,,,1,15,,71256,4,,,1,55,,71277,4,,,1,15,,71217,4,,,1,15,,71237,4,,,1,15,,71257,4,,,1,55,,71278,4,,,1,15,,71218,4,,,1,15,,71238,4,,,1,15,,71258,4,,,1,55,,71279,4,,,1,15,,71219,4,,,1,15,,71239,4,,,1,15,,71259,4,,,1,55,,71280,4,,,1,15,,71220,4,,,1,15,,71240,4,,,1,15,,71260,4,,,1,55,,71281,4,,,1,15,,71221,4,,,1,15,,71241,4,,,1,15,,71261,4,,,1,55,,71282,4,,,1,15,,71222,4,,,1,15,,71242,4,,,1,15,,71262,4,,,1,55,,71283,4,,,1,15,,71223,4,,,1,15,,71243,4,,,1,15,,71263,4,,,1,55,,71284,4,,,1,15,,71224,4,,,1,15,,71244,4,,,1,15,,71264,4,,,1,55,,71285,4,,,1,15,,71225,4,,,1,15,,71245,4,,,1,15,,71265,4,,,1,55,,71286,4,,,1,15,,71226,4,,,1,15,,71246,4,,,1,15,,71266,4,,,1,55,,71287,4,,,1,15,,71227,4,,,1,15,,71247,4,,,1,15,,71267,4,,,1,55,,71288,4,,,1,15,,71228,4,,,1,15,,71248,4,,,1,15,,71268,4,,,1,55,,71289,4,,,1,15,,71229,4,,,1,15,,71249,4,,,1,15,,71269,4,,,1,55,,71290,4,,,1,15,,71230,4,,,1,15,,71250,4,,,1,15,,71270,4,,,1,55,,71291,4,,,1,15,,71231,4,,,1
0,'20261020',511,,71352,4,,,1,15,,71292,4,,,1,20,,71332,4,,,1,55,,71353,4,,,1,15,,71293,4,,,1,15,,71313,4,,,1,15,,71333,4,,,1,55,,71354,4,,,1,15,,71294,4,,,1,15,,71314,4,,,1,15,,71334,4,,,1,55,,71355,4,,,1,15,,71295,4,,,1,15,,71315,4,,,1,15,,71335,4,,,1,55,,71356,4,,,1,15,,71296,4,,,1,15,,71316,4,,,1,15,,71336,4,,,1,55,,71357,4,,,1,15,,71297,4,,,1,15,,71317,4,,,1,15,,71337,4,,,1,55,,71358,4,,,1,15,,71298,4,,,1,15,,71318,4,,,1,15,,71338,4,,,1,55,,71359,4,,,1,15,,71299,4,,,1,15,,71319,4,,,1,15,,71339,4,,,1,55,,71360,4,,,1,15,,71300,4,,,1,15,,71320,4,,,1,15,,71340,4,,,1,55,,71361,4,,,1,15,,71301,4,,,1,15,,71321,4,,,1,15,,71341,4,,,1,55,,71362,4,,,1,15,,71302,4,,,1,15,,71322,4,,,1,15,,71342,4,,,1,55,,71363,4,,,1,15,,71303,4,,,1,15,,71323,4,,,1,15,,71343,4,,,1,55,,71364,4,,,1,15,,71304,4,,,1,15,,71324,4,,,1,15,,71344,4,,,1,55,,71365,4,,,1,15,,71305,4,,,1,15,,71325,4,,,1,15,,71345,4,,,1,55,,71366,4,,,1,15,,71306,4,,,1,15,,71326,4,,,1,15,,71346,4,,,1,55,,71367,4,,,1,15,,71307,4,,,1,15,,71327,4,,,1,15,,71347,4,,,1,55,,71368,4,,,1,15,,71308,4,,,1,15,,71328,4,,,1,15,,71348,4,,,1,55,,71369,4,,,1,15,,71309,4,,,1,15,,71329,4,,,1,15,,71349,4,,,1,55,,71370,4,,,1,15,,71310,4,,,1,15,,71330,4,,,1,15,,71350,4,,,1,55,,71371,4,,,1,15,,71311,4,,,1,15,,71331,4,,,1,15,,71351,4,,,1,55,,71372,4,,,1,15,,71312,4,,,1
0,'20261021',511,,71433,4,,,1,15,,71373,4,,,1,20,,71413,4,,,1,55,,71434,4,,,1,15,,71374,4,,,1,15,,71394,4,,,1,15,,71414,4,,,1,55,,71435,4,,,1,15,,71375,4,,,1,15,,71395,4,,,1,15,,71415,4,,,1,55,,71436,4,,,1,15,,71376,4,,,1,15,,71396,4,,,1,15,,71416,4,,,1,55,,71437,4,,,1,15,,71377,4,,,1,15,,71397,4,,,1,15,,71417,4,,,1,55,,71438,4,,,1,15,,71378,4,,,1,15,,71398,4,,,1,15,,71418,4,,,1,55,,71439,4,,,1,15,,71379,4,,,1,15,,71399,4,,,1,15,,71419,4,,,1,55,,71440,4,,,1,15,,71380,4,,,1,15,,71400,4,,,1,15,,71420,4,,,1,55,,71441,4,,,1,15,,71381,4,,,1,15,,71401,4,,,1,15,,71421,4,,,1,55,,71442,4,,,1,15,,71382,4,,,1,15,,71402,4,,,1,15,,71422,4,,,1,55,,71443,4,,,1,15,,71383,4,,,1,15,,71403,4,,,1,15,,71423,4,,,1,55,,71444,4,,,1,15,,71384,4,,,1,15,,71404,4,,,1,15,,71424,4,,,1,55,,71445,4,,,1,15,,71385,4,,,1,15,,71405,4,,,1,15,,71425,4,,,1,55,,71446,4,,,1,15,,71386,4,,,1,15,,71406,4,,,1,15,,71426,4,,,1,55,,71447,4,,,1,15,,71387,4,,,1,15,,71407,4,,,1,15,,71427,4,,,1,55,,71448,4,,,1,15,,71388,4,,,1,15,,71408,4,,,1,15,,71428,4,,,1,55,,71449,4,,,1,15,,71389,4,,,1,15,,71409,4,,,1,15,,71429,4,,,1,55,,71450,4,,,1,15,,71390,4,,,1,15,,71410,4,,,1,15,,71430,4,,,1,55,,71451,4,,,1,15,,71391,4,,,1,15,,71411,4,,,1,15,,71431,4,,,1,55,,71452,4,,,1,15,,71392,4,,,1,15,,71412,4,,,1,15,,71432,4,,,1,55,,71453,4,,,1,15,,71393,4,,,1
0,'20261022',511,,71514,4,,,1,15,,71454,4,,,1,20,,71494,4,,,1,55,,71515,4,,,1,15,,71455,4,,,1,15,,71475,4,,,1,15,,71495,4,,,1,55,,71516,4,,,1,15,,71456,4,,,1,15,,71476,4,,,1,15,,71496,4,,,1,55,,71517,4,,,1,15,,71457,4,,,1,15,,71477,4,,,1,15,,71497,4,,,1,55,,71518,4,,,1,15,,71458,4,,,1,15,,71478,4,,,1,15,,71498,4,,,1,55,,71519,4,,,1,15,,71459,4,,,1,15,,71479,4,,,1,15,,71499,4,,,1,55,,71520,4,,,1,15,,71460,4,,,1,15,,71480,4,,,1,15,,71500,4,,,1,55,,71521,4,,,1,15,,71461,4,,,1,15,,71481,4,,,1,15,,71501,4,,,1,55,,71522,4,,,1,15,,71462,4,,,1,15,,71482,4,,,1,15,,71502,4,,,1,55,,71523,4,,,1,15,,71463,4,,,1,15,,71483,4,,,1,15,,71503,4,,,1,55,,71524,4,,,1,15,,71464,4,,,1,15,,71484,4,,,1,15,,71504,4,,,1,55,,71525,4,,,1,15,,71465,4,,,1,15,,71485,4,,,1,15,,71505,4,,,1,55,,71526,4,,,1,15,,71466,4,,,1,15,,71486,4,,,1,15,,71506,4,,,1,55,,71527,4,,,1,15,,71467,4,,,1,15,,71487,4,,,1,15,,71507,4,,,1,55,,71528,4,,,1,15,,71468,4,,,1,15,,71488,4,,,1,15,,71508,4,,,1,55,,71529,4,,,1,15,,71469,4,,,1,15,,71489,4,,,1,15,,71509,4,,,1,55,,71530,4,,,1,15,,71470,4,,,1,15,,71490,4,,,1,15,,71510,4,,,1,55,,71531,4,,,1,15,,71471,4,,,1,15,,71491,4,,,1,15,,71511,4,,,1,55,,71532,4,,,1,15,,71472,4,,,1,15,,71492,4,,,1,15,,71512,4,,,1,55,,71533,4,,,1,15,,71473,4,,,1,15,,71493,4,,,1,15,,71513,4,,,1,55,,71534,4,,,1,15,,71474,4,,,1
0,'20261023',511,,71595,4,,,1,15,,71535,4,,,1,20,,71575,4,,,1,55,,71596,4,,,1,15,,71536,4,,,1,15,,71556,4,,,1,15,,71576,4,,,1,55,,71597,4,,,1,15,,71537,4,,,1,15,,71557,4,,,1,15,,71577,4,,,1,55,,71598,4,,,1,15,,71538,4,,,1,15,,71558,4,,,1,15,,71578,4,,,1,55,,71599,4,,,1,15,,71539,4,,,1,15,,71559,4,,,1,15,,71579,4,,,1,55,,71600,4,,,1,15,,71540,4,,,1,15,,71560,4,,,1,15,,71580,4,,,1,55,,71601,4,,,1,15,,71541,4,,,1,15,,71561,4,,,1,15,,71581,4,,,1,55,,71602,4,,,1,15,,71542,4,,,1,15,,71562,4,,,1,15,,71582,4,,,1,55,,71603,4,,,1,15,,71543,4,,,1,15,,71563,4,,,1,15,,71583,4,,,1,55,,71604,4,,,1,15,,71544,4,,,1,15,,71564,4,,,1,15,,71584,4,,,1,55,,71605,4,,,1,15,,71545,4,,,1,15,,71565,4,,,1,15,,71585,4,,,1,55,,71606,4,,,1,15,,71546,4,,,1,15,,71566,4,,,1,15,,71586,4,,,1,55,,71607,4,,,1,15,,71547,4,,,1,15,,71567,4,,,1,15,,71587,4,,,1,55,,71608,4,,,1,15,,71548,4,,,1,15,,71568,4,,,1,15,,71588,4,,,1,55,,71609,4,,,1,15,,71549,4,,,1,15,,71569,4,,,1,15,,71589,4,,,1,55,,71610,4,,,1,15,,71550,4,,,1,15,,71570,4,,,1,15,,71590,4,,,1,55,,71611,4,,,1,15,,71551,4,,,1,15,,71571,4,,,1,15,,71591,4,,,1,55,,71612,4,,,1,15,,71552,4,,,1,15,,71572,4,,,1,15,,71592,4,,,1,55,,71613,4,,,1,15,,71553,4,,,1,15,,71573,4,,,1,15,,71593,4,,,1,55,,71614,4,,,1,15,,71554,4,,,1,15,,71574,4,,,1,15,,71594,4,,,1,55,,71615,4,,,1,15,,71555,4,,,1
0,'20261024',616,,71616,4,,,1,15,,71636,4,,,1,15,,71655,4,,,1,55,,71674,4,,,1,15,,71617,4,,,1,15,,71637,4,,,1,15,,71656,4,,,1,55,,71675,4,,,1,15,,71618,4,,,1,15,,71638,4,,,1,15,,71657,4,,,1,55,,71676,4,,,1,15,,71619,4,,,1,15,,71639,4,,,1,15,,71658,4,,,1,55,,71677,4,,,1,15,,71620,4,,,1,15,,71640,4,,,1,15,,71659,4,,,1,55,,71678,4,,,1,15,,71621,4,,,1,15,,71641,4,,,1,15,,71660,4,,,1,55,,71679,4,,,1,15,,71622,4,,,1,15,,71642,4,,,1,15,,71661,4,,,1,55,,71680,4,,,1,15,,71623,4,,,1,15,,71643,4,,,1,15,,71662,4,,,1,55,,71681,4,,,1,15,,71624,4,,,1,15,,71644,4,,,1,15,,71663,4,,,1,55,,71682,4,,,1,15,,71625,4,,,1,15,,71645,4,,,1,15,,71664,4,,,1,55,,71683,4,,,1,15,,71626,4,,,1,15,,71646,4,,,1,15,,71665,4,,,1,55,,71684,4,,,1,15,,71627,4,,,1,15,,71647,4,,,1,15,,71666,4,,,1,55,,71685,4,,,1,15,,71628,4,,,1,15,,71648,4,,,1,15,,71667,4,,,1,55,,71686,4,,,1,15,,71629,4,,,1,15,,71649,4,,,1,15,,71668,4,,,1,55,,71687,4,,,1,15,,71630,4,,,1,15,,71650,4,,,1,15,,71669,4,,,1,55,,71688,4,,,1,15,,71631,4,,,1,15,,71651,4,,,1,15,,71670,4,,,1,55,,71689,4,,,1,15,,71632,4,,,1,15,,71652,4,,,1,15,,71671,4,,,1,55,,71690,4,,,1,15,,71633,4,,,1,15,,71653,4,,,1,15,,71672,4,,,1,55,,71691,4,,,1,15,,71634,4,,,1,15,,71654,4,,,1,15,,71673,4,,,1,55,,71692,4,,,1,15,,71635,4,,,1
0,'20261025',616,,71693,4,,,1,15,,71713,4,,,1,15,,71732,4,,,1,55,,71751,4,,,1,15,,71694,4,,,1,15,,71714,4,,,1,15,,71733,4,,,1,55,,71752,4,,,1,15,,71695,4,,,1,15,,71715,4,,,1,15,,71734,4,,,1,55,,71753,4,,,1,15,,71696,4,,,1,15,,71716,4,,,1,15,,71735,4,,,1,55,,71754,4,,,1,15,,71697,4,,,1,15,,71717,4,,,1,15,,71736,4,,,1,55,,71755,4,,,1,15,,71698,4,,,1,15,,71718,4,,,1,15,,71737,4,,,1,55,,71756,4,,,1,15,,71699,4,,,1,15,,71719,4,,,1,15,,71738,4,,,1,55,,71757,4,,,1,15,,71700,4,,,1,15,,71720,4,,,1,15,,71739,4,,,1,55,,71758,4,,,1,15,,71701,4,,,1,15,,71721,4,,,1,15,,71740,4,,,1,55,,71759,4,,,1,15,,71702,4,,,1,15,,71722,4,,,1,15,,71741,4,,,1,55,,71760,4,,,1,15,,71703,4,,,1,15,,71723,4,,,1,15,,71742,4,,,1,55,,71761,4,,,1,15,,71704,4,,,1,15,,71724,4,,,1,15,,71743,4,,,1,55,,71762,4,,,1,15,,71705,4,,,1,15,,71725,4,,,1,15,,71744,4,,,1,55,,71763,4,,,1,15,,71706,4,,,1,15,,71726,4,,,1,15,,71745,4,,,1,55,,71764,4,,,1,15,,71707,4,,,1,15,,71727,4,,,1,15,,71746,4,,,1,55,,71765,4,,,1,15,,71708,4,,,1,15,,71728,4,,,1,15,,71747,4,,,1,55,,71766,4,,,1,15,,71709,4,,,1,15,,71729,4,,,1,15,,71748,4,,,1,55,,71767,4,,,1,15,,71710,4,,,1,15,,71730,4,,,1,15,,71749,4,,,1,55,,71768,4,,,1,15,,71711,4,,,1,15,,71731,4,,,1,15,,71750,4,,,1,55,,71769,4,,,1,15,,71712,4,,,1
0,'20261026',511,,71830,4,,,1,15,,71770,4,,,1,20,,71810,4,,,1,55,,71831,4,,,1,15,,71771,4,,,1,15,,71791,4,,,1,15,,71811,4,,,1,55,,71832,4,,,1,15,,71772,4,,,1,15,,71792,4,,,1,15,,71812,4,,,1,55,,71833,4,,,1,15,,71773,4,,,1,15,,71793,4,,,1,15,,71813,4,,,1,55,,71834,4,,,1,15,,71774,4,,,1,15,,71794,4,,,1,15,,71814,4,,,1,55,,71835,4,,,1,15,,71775,4,,,1,15,,71795,4,,,1,15,,71815,4,,,1,55,,71836,4,,,1,15,,71776,4,,,1,15,,71796,4,,,1,15,,71816,4,,,1,55,,71837,4,,,1,15,,71777,4,,,1,15,,71797,4,,,1,15,,71817,4,,,1,55,,71838,4,,,1,15,,71778,4,,,1,15,,71798,4,,,1,15,,71818,4,,,1,55,,71839,4,,,1,15,,71779,4,,,1,15,,71799,4,,,1,15,,71819,4,,,1,55,,71840,4,,,1,15,,71780,4,,,1,15,,71800,4,,,1,15,,71820,4,,,1,55,,71841,4,,,1,15,,71781,4,,,1,15,,71801,4,,,1,15,,71821,4,,,1,55,,71842,4,,,1,15,,71782,4,,,1,15,,71802,4,,,1,15,,71822,4,,,1,55,,71843,4,,,1,15,,71783,4,,,1,15,,71803,4,,,1,15,,71823,4,,,1,55,,71844,4,,,1,15,,71784,4,,,1,15,,71804,4,,,1,15,,71824,4,,,1,55,,71845,4,,,1,15,,71785,4,,,1,15,,71805,4,,,1,15,,71825,4,,,1,55,,71846,4,,,1,15,,71786,4,,,1,15,,71806,4,,,1,15,,71826,4,,,1,55,,71847,4,,,1,15,,71787,4,,,1,15,,71807,4,,,1,15,,71827,4,,,1,55,,71848,4,,,1,15,,71788,4,,,1,15,,71808,4,,,1,15,,71828,4,,,1,55,,71849,4,,,1,15,,71789,4,,,1,15,,71809,4,,,1,15,,71829,4,,,1,55,,71850,4,,,1,15,,71790,4,,,1
0,'20261027',511,,71911,4,,,1,15,,71851,4,,,1,20,,71891,4,,,1,55,,71912,4,,,1,15,,71852,4,,,1,15,,71872,4,,,1,15,,71892,4,,,1,55,,71913,4,,,1,15,,71853,4,,,1,15,,71873,4,,,1,15,,71893,4,,,1,55,,71914,4,,,1,15,,71854,4,,,1,15,,71874,4,,,1,15,,71894,4,,,1,55,,71915,4,,,1,15,,71855,4,,,1,15,,71875,4,,,1,15,,71895,4,,,1,55,,71916,4,,,1,15,,71856,4,,,1,15,,71876,4,,,1,15,,71896,4,,,1,55,,71917,4,,,1,15,,71857,4,,,1,15,,71877,4,,,1,15,,71897,4,,,1,55,,71918,4,,,1,15,,71858,4,,,1,15,,71878,4,,,1,15,,71898,4,,,1,55,,71919,4,,,1,15,,71859,4,,,1,15,,71879,4,,,1,15,,71899,4,,,1,55,,71920,4,,,1,15,,71860,4,,,1,15,,71880,4,,,1,15,,71900,4,,,1,55,,71921,4,,,1,15,,71861,4,,,1,15,,71881,4,,,1,15,,71901,4,,,1,55,,71922,4,,,1,15,,71862,4,,,1,15,,71882,4,,,1,15,,71902,4,,,1,55,,71923,4,,,1,15,,71863,4,,,1,15,,71883,4,,,1,15,,71903,4,,,1,55,,71924,4,,,1,15,,71864,4,,,1,15,,71884,4,,,1,15,,71904,4,,,1,55,,71925,4,,,1,15,,71865,4,,,1,15,,71885,4,,,1,15,,71905,4,,,1,55,,71926,4,,,1,15,,71866,4,,,1,15,,71886,4,,,1,15,,71906,4,,,1,55,,71927,4,,,1,15,,71867,4,,,1,15,,71887,4,,,1,15,,71907,4,,,1,55,,71928,4,,,1,15,,71868,4,,,1,15,,71888,4,,,1,15,,71908,4,,,1,55,,71929,4,,,1,15,,71869,4,,,1,15,,71889,4,,,1,15,,71909,4,,,1,55,,71930,4,,,1,15,,71870,4,,,1,15,,71890,4,,,1,15,,71910,4,,,1,55,,71931,4,,,1,15,,71871,4,,,1
0,'20261028',511,,71992,4,,,1,15,,71932,4,,,1,20,,71972,4,,,1,55,,71993,4,,,1,15,,71933,4,,,1,15,,71953,4,,,1,15,,71973,4,,,1,55,,71994,4,,,1,15,,71934,4,,,1,15,,71954,4,,,1,15,,71974,4,,,1,55,,71995,4,,,1,15,,71935,4,,,1,15,,71955,4,,,1,15,,71975,4,,,1,55,,71996,4,,,1,15,,71936,4,,,1,15,,71956,4,,,1,15,,71976,4,,,1,55,,71997,4,,,1,15,,71937,4,,,1,15,,71957,4,,,1,15,,71977,4,,,1,55,,71998,4,,,1,15,,71938,4,,,1,15,,71958,4,,,1,15,,71978,4,,,1,55,,71999,4,,,1,15,,71939,4,,,1,15,,71959,4,,,1,15,,71979,4,,,1,55,,72000,4,,,1,15,,71940,4,,,1,15,,71960,4,,,1,15,,71980,4,,,1,55,,72001,4,,,1,15,,71941,4,,,1,15,,71961,4,,,1,15,,71981,4,,,1,55,,72002,4,,,1,15,,71942,4,,,1,15,,71962,4,,,1,15,,71982,4,,,1,55,,72003,4,,,1,15,,71943,4,,,1,15,,71963,4,,,1,15,,71983,4,,,1,55,,72004,4,,,1,15,,71944,4,,,1,15,,71964,4,,,1,15,,71984,4,,,1,55,,72005,4,,,1,15,,71945,4,,,1,15,,71965,4,,,1,15,,71985,4,,,1,55,,72006,4,,,1,15,,71946,4,,,1,15,,71966,4,,,1,15,,71986,4,,,1,55,,72007,4,,,1,15,,71947,4,,,1,15,,71967,4,,,1,15,,71987,4,,,1,55,,72008,4,,,1,15,,71948,4,,,1,15,,71968,4,,,1,15,,71988,4,,,1,55,,72009,4,,,1,15,,71949,4,,,1,15,,71969,4,,,1,15,,71989,4,,,1,55,,72010,4,,,1,15,,71950,4,,,1,15,,71970,4,,,1,15,,71990,4,,,1,55,,72011,4,,,1,15,,71951,4,,,1,15,,71971,4,,,1,15,,71991,4,,,1,55,,72012,4,,,1,15,,71952,4,,,1
0,'20261029',511,,72073,4,,,1,15,,72013,4,,,1,20,,72053,4,,,1,55,,72074,4,,,1,15,,72014,4,,,1,15,,72034,4,,,1,15,,72054,4,,,1,55,,72075,4,,,1,15,,72015,4,,,1,15,,72035,4,,,1,15,,72055,4,,,1,55,,72076,4,,,1,15,,72016,4,,,1,15,,72036,4,,,1,15,,72056,4,,,1,55,,72077,4,,,1,15,,72017,4,,,1,15,,72037,4,,,1,15,,72057,4,,,1,55,,72078,4,,,1,15,,72018,4,,,1,15,,72038,4,,,1,15,,72058,4,,,1,55,,72079,4,,,1,15,,72019,4,,,1,15,,72039,4,,,1,15,,72059,4,,,1,55,,72080,4,,,1,15,,72020,4,,,1,15,,72040,4,,,1,15,,72060,4,,,1,55,,72081,4,,,1,15,,72021,4,,,1,15,,72041,4,,,1,15,,72061,4,,,1,55,,72082,4,,,1,15,,72022,4,,,1,15,,72042,4,,,1,15,,72062,4,,,1,55,,72083,4,,,1,15,,72023,4,,,1,15,,72043,4,,,1,15,,72063,4,,,1,55,,72084,4,,,1,15,,72024,4,,,1,15,,72044,4,,,1,15,,72064,4,,,1,55,,72085,4,,,1,15,,72025,4,,,1,15,,72045,4,,,1,15,,72065,4,,,1,55,,72086,4,,,1,15,,72026,4,,,1,15,,72046,4,,,1,15,,72066,4,,,1,55,,72087,4,,,1,15,,72027,4,,,1,15,,72047,4,,,1,15,,72067,4,,,1,55,,72088,4,,,1,15,,72028,4,,,1,15,,72048,4,,,1,15,,72068,4,,,1,55,,72089,4,,,1,15,,72029,4,,,1,15,,72049,4,,,1,15,,72069,4,,,1,55,,72090,4,,,1,15,,72030,4,,,1,15,,72050,4,,,1,15,,72070,4,,,1,55,,72091,4,,,1,15,,72031,4,,,1,15,,72051,4,,,1,15,,72071,4,,,1,55,,72092,4,,,1,15,,72032,4,,,1,15,,72052,4,,,1,15,,72072,4,,,1,55,,72093,4,,,1,15,,72033,4,,,1
0,'20261030',511,,72154,4,,,1,15,,72094,4,,,1,20,,72134,4,,,1,55,,72155,4,,,1,15,,72095,4,,,1,15,,72115,4,,,1,15,,72135,4,,,1,55,,72156,4,,,1,15,,72096,4,,,1,15,,72116,4,,,1,15,,72136,4,,,1,55,,72157,4,,,1,15,,72097,4,,,1,15,,72117,4,,,1,15,,72137,4,,,1,55,,72158,4,,,1,15,,72098,4,,,1,15,,72118,4,,,1,15,,72138,4,,,1,55,,72159,4,,,1,15,,72099,4,,,1,15,,72119,4,,,1,15,,72139,4,,,1,55,,72160,4,,,1,15,,72100,4,,,1,15,,72120,4,,,1,15,,72140,4,,,1,55,,72161,4,,,1,15,,72101,4,,,1,15,,72121,4,,,1,15,,72141,4,,,1,55,,72162,4,,,1,15,,72102,4,,,1,15,,72122,4,,,1,15,,72142,4,,,1,55,,72163,4,,,1,15,,72103,4,,,1,15,,72123,4,,,1,15,,72143,4,,,1,55,,72164,4,,,1,15,,72104,4,,,1,15,,72124,4,,,1,15,,72144,4,,,1,55,,72165,4,,,1,15,,72105,4,,,1,15,,72125,4,,,1,15,,72145,4,,,1,55,,72166,4,,,1,15,,72106,4,,,1,15,,72126,4,,,1,15,,72146,4,,,1,55,,72167,4,,,1,15,,72107,4,,,1,15,,72127,4,,,1,15,,72147,4,,,1,55,,72168,4,,,1,15,,72108,4,,,1,15,,72128,4,,,1,15,,72148,4,,,1,55,,72169,4,,,1,15,,72109,4,,,1,15,,72129,4,,,1,15,,72149,4,,,1,55,,72170,4,,,1,15,,72110,4,,,1,15,,72130,4,,,1,15,,72150,4,,,1,55,,72171,4,,,1,15,,72111,4,,,1,15,,72131,4,,,1,15,,72151,4,,,1,55,,72172,4,,,1,15,,72112,4,,,1,15,,72132,4,,,1,15,,72152,4,,,1,55,,72173,4,,,1,15,,72113,4,,,1,15,,72133,4,,,1,15,,72153,4,,,1,55,,72174,4,,,1,15,,72114,4,,,1
0,'20261031',616,,72175,4,,,1,15,,72195,4,,,1,15,,72214,4,,,1,55,,72233,4,,,1,15,,72176,4,,,1,15,,72196,4,,,1,15,,72215,4,,,1,55,,72234,4,,,1,15,,72177,4,,,1,15,,72197,4,,,1,15,,72216,4,,,1,55,,72235,4,,,1,15,,72178,4,,,1,15,,72198,4,,,1,15,,72217,4,,,1,55,,72236,4,,,1,15,,72179,4,,,1,15,,72199,4,,,1,15,,72218,4,,,1,55,,72237,4,,,1,15,,72180,4,,,1,15,,72200,4,,,1,15,,72219,4,,,1,55,,72238,4,,,1,15,,72181,4,,,1,15,,72201,4,,,1,15,,72220,4,,,1,55,,72239,4,,,1,15,,72182,4,,,1,15,,72202,4,,,1,15,,72221,4,,,1,55,,72240,4,,,1,15,,72183,4,,,1,15,,72203,4,,,1,15,,72222,4,,,1,55,,72241,4,,,1,15,,72184,4,,,1,15,,72204,4,,,1,15,,72223,4,,,1,55,,72242,4,,,1,15,,72185,4,,,1,15,,72205,4,,,1,15,,72224,4,,,1,55,,72243,4,,,1,15,,72186,4,,,1,15,,72206,4,,,1,15,,72225,4,,,1,55,,72244,4,,,1,15,,72187,4,,,1,15,,72207,4,,,1,15,,72226,4,,,1,55,,72245,4,,,1,15,,72188,4,,,1,15,,72208,4,,,1,15,,72227,4,,,1,55,,72246,4,,,1,15,,72189,4,,,1,15,,72209,4,,,1,15,,72228,4,,,1,55,,72247,4,,,1,15,,72190,4,,,1,15,,72210,4,,,1,15,,72229,4,,,1,55,,72248,4,,,1,15,,72191,4,,,1,15,,72211,4,,,1,15,,72230,4,,,1,55,,72249,4,,,1,15,,72192,4,,,1,15,,72212,4,,,1,15,,72231,4,,,1,55,,72250,4,,,1,15,,72193,4,,,1,15,,72213,4,,,1,15,,72232,4,,,1,55,,72251,4,,,1,15,,72194,4,,,1
0,'20261101',616,,72252,4,,,1,15,,72272,4,,,1,15,,72291,4,,,1,55,,72310,4,,,1,15,,72253,4,,,1,15,,72273,4,,,1,15,,72292,4,,,1,55,,72311,4,,,1,15,,72254,4,,,1,15,,72274,4,,,1,15,,72293,4,,,1,55,,72312,4,,,1,15,,72255,4,,,1,15,,72275,4,,,1,15,,72294,4,,,1,55,,72313,4,,,1,15,,72256,4,,,1,15,,72276,4,,,1,15,,72295,4,,,1,55,,72314,4,,,1,15,,72257,4,,,1,15,,72277,4,,,1,15,,72296,4,,,1,55,,72315,4,,,1,15,,72258,4,,,1,15,,72278,4,,,1,15,,72297,4,,,1,55,,72316,4,,,1,15,,72259,4,,,1,15,,72279,4,,,1,15,,72298,4,,,1,55,,72317,4,,,1,15,,72260,4,,,1,15,,72280,4,,,1,15,,72299,4,,,1,55,,72318,4,,,1,15,,72261,4,,,1,15,,72281,4,,,1,15,,72300,4,,,1,55,,72319,4,,,1,15,,72262,4,,,1,15,,72282,4,,,1,15,,72301,4,,,1,55,,72320,4,,,1,15,,72263,4,,,1,15,,72283,4,,,1,15,,72302,4,,,1,55,,72321,4,,,1,15,,72264,4,,,1,15,,72284,4,,,1,15,,72303,4,,,1,55,,72322,4,,,1,15,,72265,4,,,1,15,,72285,4,,,1,15,,72304,4,,,1,55,,72323,4,,,1,15,,72266,4,,,1,15,,72286,4,,,1,15,,72305,4,,,1,55,,72324,4,,,1,15,,72267,4,,,1,15,,72287,4,,,1,15,,72306,4,,,1,55,,72325,4,,,1,15,,72268,4,,,1,15,,72288,4,,,1,15,,72307,4,,,1,55,,72326,4,,,1,15,,72269,4,,,1,15,,72289,4,,,1,15,,72308,4,,,1,55,,72327,4,,,1,15,,72270,4,,,1,15,,72290,4,,,1,15,,72309,4,,,1,55,,72328,4,,,1,15,,72271,4,,,1
0,'20261102',511,,72389,4,,,1,15,,72329,4,,,1,20,,72369,4,,,1,55,,72390,4,,,1,15,,72330,4,,,1,15,,72350,4,,,1,15,,72370,4,,,1,55,,72391,4,,,1,15,,72331,4,,,1,15,,72351,4,,,1,15,,72371,4,,,1,55,,72392,4,,,1,15,,72332,4,,,1,15,,72352,4,,,1,15,,72372,4,,,1,55,,72393,4,,,1,15,,72333,4,,,1,15,,72353,4,,,1,15,,72373,4,,,1,55,,72394,4,,,1,15,,72334,4,,,1,15,,72354,4,,,1,15,,72374,4,,,1,55,,72395,4,,,1,15,,72335,4,,,1,15,,72355,4,,,1,15,,72375,4,,,1,55,,72396,4,,,1,15,,72336,4,,,1,15,,72356,4,,,1,15,,72376,4,,,1,55,,72397,4,,,1,15,,72337,4,,,1,15,,72357,4,,,1,15,,72377,4,,,1,55,,72398,4,,,1,15,,72338,4,,,1,15,,72358,4,,,1,15,,72378,4,,,1,55,,72399,4,,,1,15,,72339,4,,,1,15,,72359,4,,,1,15,,72379,4,,,1,55,,72400,4,,,1,15,,72340,4,,,1,15,,72360,4,,,1,15,,72380,4,,,1,55,,72401,4,,,1,15,,72341,4,,,1,15,,72361,4,,,1,15,,72381,4,,,1,55,,72402,4,,,1,15,,72342,4,,,1,15,,72362,4,,,1,15,,72382,4,,,1,55,,72403,4,,,1,15,,72343,4,,,1,15,,72363,4,,,1,15,,72383,4,,,1,55,,72404,4,,,1,15,,72344,4,,,1,15,,72364,4,,,1,15,,72384,4,,,1,55,,72405,4,,,1,15,,72345,4,,,1,15,,72365,4,,,1,15,,72385,4,,,1,55,,72406,4,,,1,15,,72346,4,,,1,15,,72366,4,,,1,15,,72386,4,,,1,55,,72407,4,,,1,15,,72347,4,,,1,15,,72367,4,,,1,15,,72387,4,,,1,55,,72408,4,,,1,15,,72348,4,,,1,15,,72368,4,,,1,15,,72388,4,,,1,55,,72409,4,,,1,15,,72349,4,,,1
0,'20261103',511,,72470,4,,,1,15,,72410,4,,,1,20,,72450,4,,,1,55,,72471,4,,,1,15,,72411,4,,,1,15,,72431,4,,,1,15,,72451,4,,,1,55,,72472,4,,,1,15,,72412,4,,,1,15,,72432,4,,,1,15,,72452,4,,,1,55,,72473,4,,,1,15,,72413,4,,,1,15,,72433,4,,,1,15,,72453,4,,,1,55,,72474,4,,,1,15,,72414,4,,,1,15,,72434,4,,,1,15,,72454,4,,,1,55,,72475,4,,,1,15,,72415,4,,,1,15,,72435,4,,,1,15,,72455,4,,,1,55,,72476,4,,,1,15,,72416,4,,,1,15,,72436,4,,,1,15,,72456,4,,,1,55,,72477,4,,,1,15,,72417,4,,,1,15,,72437,4,,,1,15,,72457,4,,,1,55,,72478,4,,,1,15,,72418,4,,,1,15,,72438,4,,,1,15,,72458,4,,,1,55,,72479,4,,,1,15,,72419,4,,,1,15,,72439,4,,,1,15,,72459,4,,,1,55,,72480,4,,,1,15,,72420,4,,,1,15,,72440,4,,,1,15,,72460,4,,,1,55,,72481,4,,,1,15,,72421,4,,,1,15,,72441,4,,,1,15,,72461,4,,,1,55,,72482,4,,,1,15,,72422,4,,,1,15,,72442,4,,,1,15,,72462,4,,,1,55,,72483,4,,,1,15,,72423,4,,,1,15,,72443,4,,,1,15,,72463,4,,,1,55,,72484,4,,,1,15,,72424,4,,,1,15,,72444,4,,,1,15,,72464,4,,,1,55,,72485,4,,,1,15,,72425,4,,,1,15,,72445,4,,,1,15,,72465,4,,,1,55,,72486,4,,,1,15,,72426,4,,,1,15,,72446,4,,,1,15,,72466,4,,,1,55,,72487,4,,,1,15,,72427,4,,,1,15,,72447,4,,,1,15,,72467,4,,,1,55,,72488,4,,,1,15,,72428,4,,,1,15,,72448,4,,,1,15,,72468,4,,,1,55,,72489,4,,,1,15,,72429,4,,,1,15,,72449,4,,,1,15,,72469,4,,,1,55,,72490,4,,,1,15,,72430,4,,,1
0,'20261104',511,,72551,4,,,1,15,,72491,4,,,1,20,,72531,4,,,1,55,,72552,4,,,1,15,,72492,4,,,1,15,,72512,4,,,1,15,,72532,4,,,1,55,,72553,4,,,1,15,,72493,4,,,1,15,,72513,4,,,1,15,,72533,4,,,1,55,,72554,4,,,1,15,,72494,4,,,1,15,,72514,4,,,1,15,,72534,4,,,1,55,,72555,4,,,1,15,,72495,4,,,1,15,,72515,4,,,1,15,,72535,4,,,1,55,,72556,4,,,1,15,,72496,4,,,1,15,,72516,4,,,1,15,,72536,4,,,1,55,,72557,4,,,1,15,,72497,4,,,1,15,,72517,4,,,1,15,,72537,4,,,1,55,,72558,4,,,1,15,,72498,4,,,1,15,,72518,4,,,1,15,,72538,4,,,1,55,,72559,4,,,1,15,,72499,4,,,1,15,,72519,4,,,1,15,,72539,4,,,1,55,,72560,4,,,1,15,,72500,4,,,1,15,,72520,4,,,1,15,,72540,4,,,1,55,,72561,4,,,1,15,,72501,4,,,1,15,,72521,4,,,1,15,,72541,4,,,1,55,,72562,4,,,1,15,,72502,4,,,1,15,,72522,4,,,1,15,,72542,4,,,1,55,,72563,4,,,1,15,,72503,4,,,1,15,,72523,4,,,1,15,,72543,4,,,1,55,,72564,4,,,1,15,,72504,4,,,1,15,,72524,4,,,1,15,,72544,4,,,1,55,,72565,4,,,1,15,,72505,4,,,1,15,,72525,4,,,1,15,,72545,4,,,1,55,,72566,4,,,1,15,,72506,4,,,1,15,,72526,4,,,1,15,,72546,4,,,1,55,,72567,4,,,1,15,,72507,4,,,1,15,,72527,4,,,1,15,,72547,4,,,1,55,,72568,4,,,1,15,,72508,4,,,1,15,,72528,4,,,1,15,,72548,4,,,1,55,,72569,4,,,1,15,,72509,4,,,1,15,,72529,4,,,1,15,,72549,4,,,1,55,,72570,4,,,1,15,,72510,4,,,1,15,,72530,4,,,1,15,,72550,4,,,1,55,,72571,4,,,1,15,,72511,4,,,1
0,'20261105',511,,72632,4,,,1,15,,72572,4,,,1,20,,72612,4,,,1,55,,72633,4,,,1,15,,72573,4,,,1,15,,72593,4,,,1,15,,72613,4,,,1,55,,72634,4,,,1,15,,72574,4,,,1,15,,72594,4,,,1,15,,72614,4,,,1,55,,72635,4,,,1,15,,72575,4,,,1,15,,72595,4,,,1,15,,72615,4,,,1,55,,72636,4,,,1,15,,72576,4,,,1,15,,72596,4,,,1,15,,72616,4,,,1,55,,72637,4,,,1,15,,72577,4,,,1,15,,72597,4,,,1,15,,72617,4,,,1,55,,72638,4,,,1,15,,72578,4,,,1,15,,72598,4,,,1,15,,72618,4,,,1,55,,72639,4,,,1,15,,72579,4,,,1,15,,72599,4,,,1,15,,72619,4,,,1,55,,72640,4,,,1,15,,72580,4,,,1,15,,72600,4,,,1,15,,72620,4,,,1,55,,72641,4,,,1,15,,72581,4,,,1,15,,72601,4,,,1,15,,72621,4,,,1,55,,72642,4,,,1,15,,72582,4,,,1,15,,72602,4,,,1,15,,72622,4,,,1,55,,72643,4,,,1,15,,72583,4,,,1,15,,72603,4,,,1,15,,72623,4,,,1,55,,72644,4,,,1,15,,72584,4,,,1,15,,72604,4,,,1,15,,72624,4,,,1,55,,72645,4,,,1,15,,72585,4,,,1,15,,72605,4,,,1,15,,72625,4,,,1,55,,72646,4,,,1,15,,72586,4,,,1,15,,72606,4,,,1,15,,72626,4,,,1,55,,72647,4,,,1,15,,72587,4,,,1,15,,72607,4,,,1,15,,72627,4,,,1,55,,72648,4,,,1,15,,72588,4,,,1,15,,72608,4,,,1,15,,72628,4,,,1,55,,72649,4,,,1,15,,72589,4,,,1,15,,72609,4,,,1,15,,72629,4,,,1,55,,72650,4,,,1,15,,72590,4,,,1,15,,72610,4,,,1,15,,72630,4,,,1,55,,72651,4,,,1,15,,72591,4,,,1,15,,72611,4,,,1,15,,72631,4,,,1,55,,72652,4,,,1,15,,72592,4,,,1
0,'20261106',511,,72713,4,,,1,15,,72653,4,,,1,20,,72693,4,,,1,55,,72714,4,,,1,15,,72654,4,,,1,15,,72674,4,,,1,15,,72694,4,,,1,55,,72715,4,,,1,15,,72655,4,,,1,15,,72675,4,,,1,15,,72695,4,,,1,55,,72716,4,,,1,15,,72656,4,,,1,15,,72676,4,,,1,15,,72696,4,,,1,55,,72717,4,,,1,15,,72657,4,,,1,15,,72677,4,,,1,15,,72697,4,,,1,55,,72718,4,,,1,15,,72658,4,,,1,15,,72678,4,,,1,15,,72698,4,,,1,55,,72719,4,,,1,15,,72659,4,,,1,15,,72679,4,,,1,15,,72699,4,,,1,55,,72720,4,,,1,15,,72660,4,,,1,15,,72680,4,,,1,15,,72700,4,,,1,55,,72721,4,,,1,15,,72661,4,,,1,15,,72681,4,,,1,15,,72701,4,,,1,55,,72722,4,,,1,15,,72662,4,,,1,15,,72682,4,,,1,15,,72702,4,,,1,55,,72723,4,,,1,15,,72663,4,,,1,15,,72683,4,,,1,15,,72703,4,,,1,55,,72724,4,,,1,15,,72664,4,,,1,15,,72684,4,,,1,15,,72704,4,,,1,55,,72725,4,,,1,15,,72665,4,,,1,15,,72685,4,,,1,15,,72705,4,,,1,55,,72726,4,,,1,15,,72666,4,,,1,15,,72686,4,,,1,15,,72706,4,,,1,55,,72727,4,,,1,15,,72667,4,,,1,15,,72687,4,,,1,15,,72707,4,,,1,55,,72728,4,,,1,15,,72668,4,,,1,15,,72688,4,,,1,15,,72708,4,,,1,55,,72729,4,,,1,15,,72669,4,,,1,15,,72689,4,,,1,15,,72709,4,,,1,55,,72730,4,,,1,15,,72670,4,,,1,15,,72690,4,,,1,15,,72710,4,,,1,55,,72731,4,,,1,15,,72671,4,,,1,15,,72691,4,,,1,15,,72711,4,,,1,55,,72732,4,,,1,15,,72672,4,,,1,15,,72692,4,,,1,15,,72712,4,,,1,55,,72733,4,,,1,15,,72673,4,,,1
0,'20261107',616,,72734,4,,,1,15,,72754,4,,,1,15,,72773,4,,,1,55,,72792,4,,,1,15,,72735,4,,,1,15,,72755,4,,,1,15,,72774,4,,,1,55,,72793,4,,,1,15,,72736,4,,,1,15,,72756,4,,,1,15,,72775,4,,,1,55,,72794,4,,,1,15,,72737,4,,,1,15,,72757,4,,,1,15,,72776,4,,,1,55,,72795,4,,,1,15,,72738,4,,,1,15,,72758,4,,,1,15,,72777,4,,,1,55,,72796,4,,,1,15,,72739,4,,,1,15,,72759,4,,,1,15,,72778,4,,,1,55,,72797,4,,,1,15,,72740,4,,,1,15,,72760,4,,,1,15,,72779,4,,,1,55,,72798,4,,,1,15,,72741,4,,,1,15,,72761,4,,,1,15,,72780,4,,,1,55,,72799,4,,,1,15,,72742,4,,,1,15,,72762,4,,,1,15,,72781,4,,,1,55,,72800,4,,,1,15,,72743,4,,,1,15,,72763,4,,,1,15,,72782,4,,,1,55,,72801,4,,,1,15,,72744,4,,,1,15,,72764,4,,,1,15,,72783,4,,,1,55,,72802,4,,,1,15,,72745,4,,,1,15,,72765,4,,,1,15,,72784,4,,,1,55,,72803,4,,,1,15,,72746,4,,,1,15,,72766,4,,,1,15,,72785,4,,,1,55,,72804,4,,,1,15,,72747,4,,,1,15,,72767,4,,,1,15,,72786,4,,,1,55,,72805,4,,,1,15,,72748,4,,,1,15,,72768,4,,,1,15,,72787,4,,,1,55,,72806,4,,,1,15,,72749,4,,,1,15,,72769,4,,,1,15,,72788,4,,,1,55,,72807,4,,,1,15,,72750,4,,,1,15,,72770,4,,,1,15,,72789,4,,,1,55,,72808,4,,,1,15,,72751,4,,,1,15,,72771,4,,,1,15,,72790,4,,,1,55,,72809,4,,,1,15,,72752,4,,,1,15,,72772,4,,,1,15,,72791,4,,,1,55,,72810,4,,,1,15,,72753,4,,,1
0,'20261108',616,,72811,4,,,1,15,,72831,4,,,1,15,,72850,4,,,1,55,,72869,4,,,1,15,,72812,4,,,1,15,,72832,4,,,1,15,,72851,4,,,1,55,,72870,4,,,1,15,,72813,4,,,1,15,,72833,4,,,1,15,,72852,4,,,1,55,,72871,4,,,1,15,,72814,4,,,1,15,,72834,4,,,1,15,,72853,4,,,1,55,,72872,4,,,1,15,,72815,4,,,1,15,,72835,4,,,1,15,,72854,4,,,1,55,,72873,4,,,1,15,,72816,4,,,1,15,,72836,4,,,1,15,,72855,4,,,1,55,,72874,4,,,1,15,,72817,4,,,1,15,,72837,4,,,1,15,,72856,4,,,1,55,,72875,4,,,1,15,,72818,4,,,1,15,,72838,4,,,1,15,,72857,4,,,1,55,,72876,4,,,1,15,,72819,4,,,1,15,,72839,4,,,1,15,,72858,4,,,1,55,,72877,4,,,1,15,,72820,4,,,1,15,,72840,4,,,1,15,,72859,4,,,1,55,,72878,4,,,1,15,,72821,4,,,1,15,,72841,4,,,1,15,,72860,4,,,1,55,,72879,4,,,1,15,,72822,4,,,1,15,,72842,4,,,1,15,,72861,4,,,1,55,,72880,4,,,1,15,,72823,4,,,1,15,,72843,4,,,1,15,,72862,4,,,1,55,,72881,4,,,1,15,,72824,4,,,1,15,,72844,4,,,1,15,,72863,4,,,1,55,,72882,4,,,1,15,,72825,4,,,1,15,,72845,4,,,1,15,,72864,4,,,1,55,,72883,4,,,1,15,,72826,4,,,1,15,,72846,4,,,1,15,,72865,4,,,1,55,,72884,4,,,1,15,,72827,4,,,1,15,,72847,4,,,1,15,,72866,4,,,1,55,,72885,4,,,1,15,,72828,4,,,1,15,,72848,4,,,1,15,,72867,4,,,1,55,,72886,4,,,1,15,,72829,4,,,1,15,,72849,4,,,1,15,,72868,4,,,1,55,,72887,4,,,1,15,,72830,4,,,1
0,'20261109',511,,72948,4,,,1,15,,72888,4,,,1,20,,72928,4,,,1,55,,72949,4,,,1,15,,72889,4,,,1,15,,72909,4,,,1,15,,72929,4,,,1,55,,72950,4,,,1,15,,72890,4,,,1,15,,72910,4,,,1,15,,72930,4,,,1,55,,72951,4,,,1,15,,72891,4,,,1,15,,72911,4,,,1,15,,72931,4,,,1,55,,72952,4,,,1,15,,72892,4,,,1,15,,72912,4,,,1,15,,72932,4,,,1,55,,72953,4,,,1,15,,72893,4,,,1,15,,72913,4,,,1,15,,72933,4,,,1,55,,72954,4,,,1,15,,72894,4,,,1,15,,72914,4,,,1,15,,72934,4,,,1,55,,72955,4,,,1,15,,72895,4,,,1,15,,72915,4,,,1,15,,72935,4,,,1,55,,72956,4,,,1,15,,72896,4,,,1,15,,72916,4,,,1,15,,72936,4,,,1,55,,72957,4,,,1,15,,72897,4,,,1,15,,72917,4,,,1,15,,72937,4,,,1,55,,72958,4,,,1,15,,72898,4,,,1,15,,72918,4,,,1,15,,72938,4,,,1,55,,72959,4,,,1,15,,72899,4,,,1,15,,72919,4,,,1,15,,72939,4,,,1,55,,72960,4,,,1,15,,72900,4,,,1,15,,72920,4,,,1,15,,72940,4,,,1,55,,72961,4,,,1,15,,72901,4,,,1,15,,72921,4,,,1,15,,72941,4,,,1,55,,72962,4,,,1,15,,72902,4,,,1,15,,72922,4,,,1,15,,72942,4,,,1,55,,72963,4,,,1,15,,72903,4,,,1,15,,72923,4,,,1,15,,72943,4,,,1,55,,72964,4,,,1,15,,72904,4,,,1,15,,72924,4,,,1,15,,72944,4,,,1,55,,72965,4,,,1,15,,72905,4,,,1,15,,72925,4,,,1,15,,72945,4,,,1,55,,72966,4,,,1,15,,72906,4,,,1,15,,72926,4,,,1,15,,72946,4,,,1,55,,72967,4,,,1,15,,72907,4,,,1,15,,72927,4,,,1,15,,72947,4,,,1,55,,72968,4,,,1,15,,72908,4,,,1
0,'20261110',511,,73029,4,,,1,15,,72969,4,,,1,20,,73009,4,,,1,55,,73030,4,,,1,15,,72970,4,,,1,15,,72990,4,,,1,15,,73010,4,,,1,55,,73031,4,,,1,15,,72971,4,,,1,15,,72991,4,,,1,15,,73011,4,,,1,55,,73032,4,,,1,15,,72972,4,,,1,15,,72992,4,,,1,15,,73012,4,,,1,55,,73033,4,,,1,15,,72973,4,,,1,15,,72993,4,,,1,15,,73013,4,,,1,55,,73034,4,,,1,15,,72974,4,,,1,15,,72994,4,,,1,15,,73014,4,,,1,55,,73035,4,,,1,15,,72975,4,,,1,15,,72995,4,,,1,15,,73015,4,,,1,55,,73036,4,,,1,15,,72976,4,,,1,15,,72996,4,,,1,15,,73016,4,,,1,55,,73037,4,,,1,15,,72977,4,,,1,15,,72997,4,,,1,15,,73017,4,,,1,55,,73038,4,,,1,15,,72978,4,,,1,15,,72998,4,,,1,15,,73018,4,,,1,55,,73039,4,,,1,15,,72979,4,,,1,15,,72999,4,,,1,15,,73019,4,,,1,55,,73040,4,,,1,15,,72980,4,,,1,15,,73000,4,,,1,15,,73020,4,,,1,55,,73041,4,,,1,15,,72981,4,,,1,15,,73001,4,,,1,15,,73021,4,,,1,55,,73042,4,,,1,15,,72982,4,,,1,15,,73002,4,,,1,15,,73022,4,,,1,55,,73043,4,,,1,15,,72983,4,,,1,15,,73003,4,,,1,15,,73023,4,,,1,55,,73044,4,,,1,15,,72984,4,,,1,15,,73004,4,,,1,15,,73024,4,,,1,55,,73045,4,,,1,15,,72985,4,,,1,15,,73005,4,,,1,15,,73025,4,,,1,55,,73046,4,,,1,15,,72986,4,,,1,15,,73006,4,,,1,15,,73026,4,,,1,55,,73047,4,,,1,15,,72987,4,,,1,15,,73007,4,,,1,15,,73027,4,,,1,55,,73048,4,,,1,15,,72988,4,,,1,15,,73008,4,,,1,15,,73028,4,,,1,55,,73049,4,,,1,15,,72989,4,,,1
0,'20261111',511,,73110,4,,,1,15,,73050,4,,,1,20,,73090,4,,,1,55,,73111,4,,,1,15,,73051,4,,,1,15,,73071,4,,,1,15,,73091,4,,,1,55,,73112,4,,,1,15,,73052,4,,,1,15,,73072,4,,,1,15,,73092,4,,,1,55,,73113,4,,,1,15,,73053,4,,,1,15,,73073,4,,,1,15,,73093,4,,,1,55,,73114,4,,,1,15,,73054,4,,,1,15,,73074,4,,,1,15,,73094,4,,,1,55,,73115,4,,,1,15,,73055,4,,,1,15,,73075,4,,,1,15,,73095,4,,,1,55,,73116,4,,,1,15,,73056,4,,,1,15,,73076,4,,,1,15,,73096,4,,,1,55,,73117,4,,,1,15,,73057,4,,,1,15,,73077,4,,,1,15,,73097,4,,,1,55,,73118,4,,,1,15,,73058,4,,,1,15,,73078,4,,,1,15,,73098,4,,,1,55,,73119,4,,,1,15,,73059,4,,,1,15,,73079,4,,,1,15,,73099,4,,,1,55,,73120,4,,,1,15,,73060,4,,,1,15,,73080,4,,,1,15,,73100,4,,,1,55,,73121,4,,,1,15,,73061,4,,,1,15,,73081,4,,,1,15,,73101,4,,,1,55,,73122,4,,,1,15,,73062,4,,,1,15,,73082,4,,,1,15,,73102,4,,,1,55,,73123,4,,,1,15,,73063,4,,,1,15,,73083,4,,,1,15,,73103,4,,,1,55,,73124,4,,,1,15,,73064,4,,,1,15,,73084,4,,,1,15,,73104,4,,,1,55,,73125,4,,,1,15,,73065,4,,,1,15,,73085,4,,,1,15,,73105,4,,,1,55,,73126,4,,,1,15,,73066,4,,,1,15,,73086,4,,,1,15,,73106,4,,,1,55,,73127,4,,,1,15,,73067,4,,,1,15,,73087,4,,,1,15,,73107,4,,,1,55,,73128,4,,,1,15,,73068,4,,,1,15,,73088,4,,,1,15,,73108,4,,,1,55,,73129,4,,,1,15,,73069,4,,,1,15,,73089,4,,,1,15,,73109,4,,,1,55,,73130,4,,,1,15,,73070,4,,,1
0,'20261112',511,,73191,4,,,1,15,,73131,4,,,1,20,,73171,4,,,1,55,,73192,4,,,1,15,,73132,4,,,1,15,,73152,4,,,1,15,,73172,4,,,1,55,,73193,4,,,1,15,,73133,4,,,1,15,,73153,4,,,1,15,,73173,4,,,1,55,,73194,4,,,1,15,,73134,4,,,1,15,,73154,4,,,1,15,,73174,4,,,1,55,,73195,4,,,1,15,,73135,4,,,1,15,,73155,4,,,1,15,,73175,4,,,1,55,,73196,4,,,1,15,,73136,4,,,1,15,,73156,4,,,1,15,,73176,4,,,1,55,,73197,4,,,1,15,,73137,4,,,1,15,,73157,4,,,1,15,,73177,4,,,1,55,,73198,4,,,1,15,,73138,4,,,1,15,,73158,4,,,1,15,,73178,4,,,1,55,,73199,4,,,1,15,,73139,4,,,1,15,,73159,4,,,1,15,,73179,4,,,1,55,,73200,4,,,1,15,,73140,4,,,1,15,,73160,4,,,1,15,,73180,4,,,1,55,,73201,4,,,1,15,,73141,4,,,1,15,,73161,4,,,1,15,,73181,4,,,1,55,,73202,4,,,1,15,,73142,4,,,1,15,,73162,4,,,1,15,,73182,4,,,1,55,,73203,4,,,1,15,,73143,4,,,1,15,,73163,4,,,1,15,,73183,4,,,1,55,,73204,4,,,1,15,,73144,4,,,1,15,,73164,4,,,1,15,,73184,4,,,1,55,,73205,4,,,1,15,,73145,4,,,1,15,,73165,4,,,1,15,,73185,4,,,1,55,,73206,4,,,1,15,,73146,4,,,1,15,,73166,4,,,1,15,,73186,4,,,1,55,,73207,4,,,1,15,,73147,4,,,1,15,,73167,4,,,1,15,,73187,4,,,1,55,,73208,4,,,1,15,,73148,4,,,1,15,,73168,4,,,1,15,,73188,4,,,1,55,,73209,4,,,1,15,,73149,4,,,1,15,,73169,4,,,1,15,,73189,4,,,1,55,,73210,4,,,1,15,,73150,4,,,1,15,,73170,4,,,1,15,,73190,4,,,1,55,,73211,4,,,1,15,,73151,4,,,1
0,'20261113',511,,73272,4,,,1,15,,73212,4,,,1,20,,73252,4,,,1,55,,73273,4,,,1,15,,73213,4,,,1,15,,73233,4,,,1,15,,73253,4,,,1,55,,73274,4,,,1,15,,73214,4,,,1,15,,73234,4,,,1,15,,73254,4,,,1,55,,73275,4,,,1,15,,73215,4,,,1,15,,73235,4,,,1,15,,73255,4,,,1,55,,73276,4,,,1,15,,73216,4,,,1,15,,73236,4,,,1,15,,73256,4,,,1,55,,73277,4,,,1,15,,73217,4,,,1,15,,73237,4,,,1,15,,73257,4,,,1,55,,73278,4,,,1,15,,73218,4,,,1,15,,73238,4,,,1,15,,73258,4,,,1,55,,73279,4,,,1,15,,73219,4,,,1,15,,73239,4,,,1,15,,73259,4,,,1,55,,73280,4,,,1,15,,73220,4,,,1,15,,73240,4,,,1,15,,73260,4,,,1,55,,73281,4,,,1,15,,73221,4,,,1,15,,73241,4,,,1,15,,73261,4,,,1,55,,73282,4,,,1,15,,73222,4,,,1,15,,73242,4,,,1,15,,73262,4,,,1,55,,73283,4,,,1,15,,73223,4,,,1,15,,73243,4,,,1,15,,73263,4,,,1,55,,73284,4,,,1,15,,73224,4,,,1,15,,73244,4,,,1,15,,73264,4,,,1,55,,73285,4,,,1,15,,73225,4,,,1,15,,73245,4,,,1,15,,73265,4,,,1,55,,73286,4,,,1,15,,73226,4,,,1,15,,73246,4,,,1,15,,73266,4,,,1,55,,73287,4,,,1,15,,73227,4,,,1,15,,73247,4,,,1,15,,73267,4,,,1,55,,73288,4,,,1,15,,73228,4,,,1,15,,73248,4,,,1,15,,73268,4,,,1,55,,73289,4,,,1,15,,73229,4,,,1,15,,73249,4,,,1,15,,73269,4,,,1,55,,73290,4,,,1,15,,73230,4,,,1,15,,73250,4,,,1,15,,73270,4,,,1,55,,73291,4,,,1,15,,73231,4,,,1,15,,73251,4,,,1,15,,73271,4,,,1,55,,73292,4,,,1,15,,73232,4,,,1
0,'20261114',616,,73293,4,,,1,15,,73313,4,,,1,15,,73332,4,,,1,55,,73351,4,,,1,15,,73294,4,,,1,15,,73314,4,,,1,15,,73333,4,,,1,55,,73352,4,,,1,15,,73295,4,,,1,15,,73315,4,,,1,15,,73334,4,,,1,55,,73353,4,,,1,15,,73296,4,,,1,15,,73316,4,,,1,15,,73335,4,,,1,55,,73354,4,,,1,15,,73297,4,,,1,15,,73317,4,,,1,15,,73336,4,,,1,55,,73355,4,,,1,15,,73298,4,,,1,15,,73318,4,,,1,15,,73337,4,,,1,55,,73356,4,,,1,15,,73299,4,,,1,15,,73319,4,,,1,15,,73338,4,,,1,55,,73357,4,,,1,15,,73300,4,,,1,15,,73320,4,,,1,15,,73339,4,,,1,55,,73358,4,,,1,15,,73301,4,,,1,15,,73321,4,,,1,15,,73340,4,,,1,55,,73359,4,,,1,15,,73302,4,,,1,15,,73322,4,,,1,15,,73341,4,,,1,55,,73360,4,,,1,15,,73303,4,,,1,15,,73323,4,,,1,15,,73342,4,,,1,55,,73361,4,,,1,15,,73304,4,,,1,15,,73324,4,,,1,15,,73343,4,,,1,55,,73362,4,,,1,15,,73305,4,,,1,15,,73325,4,,,1,15,,73344,4,,,1,55,,73363,4,,,1,15,,73306,4,,,1,15,,73326,4,,,1,15,,73345,4,,,1,55,,73364,4,,,1,15,,73307,4,,,1,15,,73327,4,,,1,15,,73346,4,,,1,55,,73365,4,,,1,15,,73308,4,,,1,15,,73328,4,,,1,15,,73347,4,,,1,55,,73366,4,,,1,15,,73309,4,,,1,15,,73329,4,,,1,15,,73348,4,,,1,55,,73367,4,,,1,15,,73310,4,,,1,15,,73330,4,,,1,15,,73349,4,,,1,55,,73368,4,,,1,15,,73311,4,,,1,15,,73331,4,,,1,15,,73350,4,,,1,55,,73369,4,,,1,15,,73312,4,,,1
0,'20261115',616,,73370,4,,,1,15,,73390,4,,,1,15,,73409,4,,,1,55,,73428,4,,,1,15,,73371,4,,,1,15,,73391,4,,,1,15,,73410,4,,,1,55,,73429,4,,,1,15,,73372,4,,,1,15,,73392,4,,,1,15,,73411,4,,,1,55,,73430,4,,,1,15,,73373,4,,,1,15,,73393,4,,,1,15,,73412,4,,,1,55,,73431,4,,,1,15,,73374,4,,,1,15,,73394,4,,,1,15,,73413,4,,,1,55,,73432,4,,,1,15,,73375,4,,,1,15,,73395,4,,,1,15,,73414,4,,,1,55,,73433,4,,,1,15,,73376,4,,,1,15,,73396,4,,,1,15,,73415,4,,,1,55,,73434,4,,,1,15,,73377,4,,,1,15,,73397,4,,,1,15,,73416,4,,,1,55,,73435,4,,,1,15,,73378,4,,,1,15,,73398,4,,,1,15,,73417,4,,,1,55,,73436,4,,,1,15,,73379,4,,,1,15,,73399,4,,,1,15,,73418,4,,,1,55,,73437,4,,,1,15,,73380,4,,,1,15,,73400,4,,,1,15,,73419,4,,,1,55,,73438,4,,,1,15,,73381,4,,,1,15,,73401,4,,,1,15,,73420,4,,,1,55,,73439,4,,,1,15,,73382,4,,,1,15,,73402,4,,,1,15,,73421,4,,,1,55,,73440,4,,,1,15,,73383,4,,,1,15,,73403,4,,,1,15,,73422,4,,,1,55,,73441,4,,,1,15,,73384,4,,,1,15,,73404,4,,,1,15,,73423,4,,,1,55,,73442,4,,,1,15,,73385,4,,,1,15,,73405,4,,,1,15,,73424,4,,,1,55,,73443,4,,,1,15,,73386,4,,,1,15,,73406,4,,,1,15,,73425,4,,,1,55,,73444,4,,,1,15,,73387,4,,,1,15,,73407,4,,,1,15,,73426,4,,,1,55,,73445,4,,,1,15,,73388,4,,,1,15,,73408,4,,,1,15,,73427,4,,,1,55,,73446,4,,,1,15,,73389,4,,,1
0,'20261116',511,,73507,4,,,1,15,,73447,4,,,1,20,,73487,4,,,1,55,,73508,4,,,1,15,,73448,4,,,1,15,,73468,4,,,1,15,,73488,4,,,1,55,,73509,4,,,1,15,,73449,4,,,1,15,,73469,4,,,1,15,,73489,4,,,1,55,,73510,4,,,1,15,,73450,4,,,1,15,,73470,4,,,1,15,,73490,4,,,1,55,,73511,4,,,1,15,,73451,4,,,1,15,,73471,4,,,1,15,,73491,4,,,1,55,,73512,4,,,1,15,,73452,4,,,1,15,,73472,4,,,1,15,,73492,4,,,1,55,,73513,4,,,1,15,,73453,4,,,1,15,,73473,4,,,1,15,,73493,4,,,1,55,,73514,4,,,1,15,,73454,4,,,1,15,,73474,4,,,1,15,,73494,4,,,1,55,,73515,4,,,1,15,,73455,4,,,1,15,,73475,4,,,1,15,,73495,4,,,1,55,,73516,4,,,1,15,,73456,4,,,1,15,,73476,4,,,1,15,,73496,4,,,1,55,,73517,4,,,1,15,,73457,4,,,1,15,,73477,4,,,1,15,,73497,4,,,1,55,,73518,4,,,1,15,,73458,4,,,1,15,,73478,4,,,1,15,,73498,4,,,1,55,,73519,4,,,1,15,,73459,4,,,1,15,,73479,4,,,1,15,,73499,4,,,1,55,,73520,4,,,1,15,,73460,4,,,1,15,,73480,4,,,1,15,,73500,4,,,1,55,,73521,4,,,1,15,,73461,4,,,1,15,,73481,4,,,1,15,,73501,4,,,1,55,,73522,4,,,1,15,,73462,4,,,1,15,,73482,4,,,1,15,,73502,4,,,1,55,,73523,4,,,1,15,,73463,4,,,1,15,,73483,4,,,1,15,,73503,4,,,1,55,,73524,4,,,1,15,,73464,4,,,1,15,,73484,4,,,1,15,,73504,4,,,1,55,,73525,4,,,1,15,,73465,4,,,1,15,,73485,4,,,1,15,,73505,4,,,1,55,,73526,4,,,1,15,,73466,4,,,1,15,,73486,4,,,1,15,,73506,4,,,1,55,,73527,4,,,1,15,,73467,4,,,1
0,'20261117',511,,73588,4,,,1,15,,73528,4,,,1,20,,73568,4,,,1,55,,73589,4,,,1,15,,73529,4,,,1,15,,73549,4,,,1,15,,73569,4,,,1,55,,73590,4,,,1,15,,73530,4,,,1,15,,73550,4,,,1,15,,73570,4,,,1,55,,73591,4,,,1,15,,73531,4,,,1,15,,73551,4,,,1,15,,73571,4,,,1,55,,73592,4,,,1,15,,73532,4,,,1,15,,73552,4,,,1,15,,73572,4,,,1,55,,73593,4,,,1,15,,73533,4,,,1,15,,73553,4,,,1,15,,73573,4,,,1,55,,73594,4,,,1,15,,73534,4,,,1,15,,73554,4,,,1,15,,73574,4,,,1,55,,73595,4,,,1,15,,73535,4,,,1,15,,73555,4,,,1,15,,73575,4,,,1,55,,73596,4,,,1,15,,73536,4,,,1,15,,73556,4,,,1,15,,73576,4,,,1,55,,73597,4,,,1,15,,73537,4,,,1,15,,73557,4,,,1,15,,73577,4,,,1,55,,73598,4,,,1,15,,73538,4,,,1,15,,73558,4,,,1,15,,73578,4,,,1,55,,73599,4,,,1,15,,73539,4,,,1,15,,73559,4,,,1,15,,73579,4,,,1,55,,73600,4,,,1,15,,73540,4,,,1,15,,73560,4,,,1,15,,73580,4,,,1,55,,73601,4,,,1,15,,73541,4,,,1,15,,73561,4,,,1,15,,73581,4,,,1,55,,73602,4,,,1,15,,73542,4,,,1,15,,73562,4,,,1,15,,73582,4,,,1,55,,73603,4,,,1,15,,73543,4,,,1,15,,73563,4,,,1,15,,73583,4,,,1,55,,73604,4,,,1,15,,73544,4,,,1,15,,73564,4,,,1,15,,73584,4,,,1,55,,73605,4,,,1,15,,73545,4,,,1,15,,73565,4,,,1,15,,73585,4,,,1,55,,73606,4,,,1,15,,73546,4,,,1,15,,73566,4,,,1,15,,73586,4,,,1,55,,73607,4,,,1,15,,73547,4,,,1,15,,73567,4,,,1,15,,73587,4,,,1,55,,73608,4,,,1,15,,73548,4,,,1
0,'20261118',511,,73669,4,,,1,15,,73609,4,,,1,20,,73649,4,,,1,55,,73670,4,,,1,15,,73610,4,,,1,15,,73630,4,,,1,15,,73650,4,,,1,55,,73671,4,,,1,15,,73611,4,,,1,15,,73631,4,,,1,15,,73651,4,,,1,55,,73672,4,,,1,15,,73612,4,,,1,15,,73632,4,,,1,15,,73652,4,,,1,55,,73673,4,,,1,15,,73613,4,,,1,15,,73633,4,,,1,15,,73653,4,,,1,55,,73674,4,,,1,15,,73614,4,,,1,15,,73634,4,,,1,15,,73654,4,,,1,55,,73675,4,,,1,15,,73615,4,,,1,15,,73635,4,,,1,15,,73655,4,,,1,55,,73676,4,,,1,15,,73616,4,,,1,15,,73636,4,,,1,15,,73656,4,,,1,55,,73677,4,,,1,15,,73617,4,,,1,15,,73637,4,,,1,15,,73657,4,,,1,55,,73678,4,,,1,15,,73618,4,,,1,15,,73638,4,,,1,15,,73658,4,,,1,55,,73679,4,,,1,15,,73619,4,,,1,15,,73639,4,,,1,15,,73659,4,,,1,55,,73680,4,,,1,15,,73620,4,,,1,15,,73640,4,,,1,15,,73660,4,,,1,55,,73681,4,,,1,15,,73621,4,,,1,15,,73641,4,,,1,15,,73661,4,,,1,55,,73682,4,,,1,15,,73622,4,,,1,15,,73642,4,,,1,15,,73662,4,,,1,55,,73683,4,,,1,15,,73623,4,,,1,15,,73643,4,,,1,15,,73663,4,,,1,55,,73684,4,,,1,15,,73624,4,,,1,15,,73644,4,,,1,15,,73664,4,,,1,55,,73685,4,,,1,15,,73625,4,,,1,15,,73645,4,,,1,15,,73665,4,,,1,55,,73686,4,,,1,15,,73626,4,,,1,15,,73646,4,,,1,15,,73666,4,,,1,55,,73687,4,,,1,15,,73627,4,,,1,15,,73647,4,,,1,15,,73667,4,,,1,55,,73688,4,,,1,15,,73628,4,,,1,15,,73648,4,,,1,15,,73668,4,,,1,55,,73689,4,,,1,15,,73629,4,,,1
0,'20261119',511,,73750,4,,,1,15,,73690,4,,,1,20,,73730,4,,,1,55,,73751,4,,,1,15,,73691,4,,,1,15,,73711,4,,,1,15,,73731,4,,,1,55,,73752,4,,,1,15,,73692,4,,,1,15,,73712,4,,,1,15,,73732,4,,,1,55,,73753,4,,,1,15,,73693,4,,,1,15,,73713,4,,,1,15,,73733,4,,,1,55,,73754,4,,,1,15,,73694,4,,,1,15,,73714,4,,,1,15,,73734,4,,,1,55,,73755,4,,,1,15,,73695,4,,,1,15,,73715,4,,,1,15,,73735,4,,,1,55,,73756,4,,,1,15,,73696,4,,,1,15,,73716,4,,,1,15,,73736,4,,,1,55,,73757,4,,,1,15,,73697,4,,,1,15,,73717,4,,,1,15,,73737,4,,,1,55,,73758,4,,,1,15,,73698,4,,,1,15,,73718,4,,,1,15,,73738,4,,,1,55,,73759,4,,,1,15,,73699,4,,,1,15,,73719,4,,,1,15,,73739,4,,,1,55,,73760,4,,,1,15,,73700,4,,,1,15,,73720,4,,,1,15,,73740,4,,,1,55,,73761,4,,,1,15,,73701,4,,,1,15,,73721,4,,,1,15,,73741,4,,,1,55,,73762,4,,,1,15,,73702,4,,,1,15,,73722,4,,,1,15,,73742,4,,,1,55,,73763,4,,,1,15,,73703,4,,,1,15,,73723,4,,,1,15,,73743,4,,,1,55,,73764,4,,,1,15,,73704,4,,,1,15,,73724,4,,,1,15,,73744,4,,,1,55,,73765,4,,,1,15,,73705,4,,,1,15,,73725,4,,,1,15,,73745,4,,,1,55,,73766,4,,,1,15,,73706,4,,,1,15,,73726,4,,,1,15,,73746,4,,,1,55,,73767,4,,,1,15,,73707,4,,,1,15,,73727,4,,,1,15,,73747,4,,,1,55,,73768,4,,,1,15,,73708,4,,,1,15,,73728,4,,,1,15,,73748,4,,,1,55,,73769,4,,,1,15,,73709,4,,,1,15,,73729,4,,,1,15,,73749,4,,,1,55,,73770,4,,,1,15,,73710,4,,,1
0,'20261120',511,,73831,4,,,1,15,,73771,4,,,1,20,,73811,4,,,1,55,,73832,4,,,1,15,,73772,4,,,1,15,,73792,4,,,1,15,,73812,4,,,1,55,,73833,4,,,1,15,,73773,4,,,1,15,,73793,4,,,1,15,,73813,4,,,1,55,,73834,4,,,1,15,,73774,4,,,1,15,,73794,4,,,1,15,,73814,4,,,1,55,,73835,4,,,1,15,,73775,4,,,1,15,,73795,4,,,1,15,,73815,4,,,1,55,,73836,4,,,1,15,,73776,4,,,1,15,,73796,4,,,1,15,,73816,4,,,1,55,,73837,4,,,1,15,,73777,4,,,1,15,,73797,4,,,1,15,,73817,4,,,1,55,,73838,4,,,1,15,,73778,4,,,1,15,,73798,4,,,1,15,,73818,4,,,1,55,,73839,4,,,1,15,,73779,4,,,1,15,,73799,4,,,1,15,,73819,4,,,1,55,,73840,4,,,1,15,,73780,4,,,1,15,,73800,4,,,1,15,,73820,4,,,1,55,,73841,4,,,1,15,,73781,4,,,1,15,,73801,4,,,1,15,,73821,4,,,1,55,,73842,4,,,1,15,,73782,4,,,1,15,,73802,4,,,1,15,,73822,4,,,1,55,,73843,4,,,1,15,,73783,4,,,1,15,,73803,4,,,1,15,,73823,4,,,1,55,,73844,4,,,1,15,,73784,4,,,1,15,,73804,4,,,1,15,,73824,4,,,1,55,,73845,4,,,1,15,,73785,4,,,1,15,,73805,4,,,1,15,,73825,4,,,1,55,,73846,4,,,1,15,,73786,4,,,1,15,,73806,4,,,1,15,,73826,4,,,1,55,,73847,4,,,1,15,,73787,4,,,1,15,,73807,4,,,1,15,,73827,4,,,1,55,,73848,4,,,1,15,,73788,4,,,1,15,,73808,4,,,1,15,,73828,4,,,1,55,,73849,4,,,1,15,,73789,4,,,1,15,,73809,4,,,1,15,,73829,4,,,1,55,,73850,4,,,1,15,,73790,4,,,1,15,,73810,4,,,1,15,,73830,4,,,1,55,,73851,4,,,1,15,,73791,4,,,1
0,'20261121',616,,73852,4,,,1,15,,73872,4,,,1,15,,73891,4,,,1,55,,73910,4,,,1,15,,73853,4,,,1,15,,73873,4,,,1,15,,73892,4,,,1,55,,73911,4,,,1,15,,73854,4,,,1,15,,73874,4,,,1,15,,73893,4,,,1,55,,73912,4,,,1,15,,73855,4,,,1,15,,73875,4,,,1,15,,73894,4,,,1,55,,73913,4,,,1,15,,73856,4,,,1,15,,73876,4,,,1,15,,73895,4,,,1,55,,73914,4,,,1,15,,73857,4,,,1,15,,73877,4,,,1,15,,73896,4,,,1,55,,73915,4,,,1,15,,73858,4,,,1,15,,73878,4,,,1,15,,73897,4,,,1,55,,73916,4,,,1,15,,73859,4,,,1,15,,73879,4,,,1,15,,73898,4,,,1,55,,73917,4,,,1,15,,73860,4,,,1,15,,73880,4,,,1,15,,73899,4,,,1,55,,73918,4,,,1,15,,73861,4,,,1,15,,73881,4,,,1,15,,73900,4,,,1,55,,73919,4,,,1,15,,73862,4,,,1,15,,73882,4,,,1,15,,73901,4,,,1,55,,73920,4,,,1,15,,73863,4,,,1,15,,73883,4,,,1,15,,73902,4,,,1,55,,73921,4,,,1,15,,73864,4,,,1,15,,73884,4,,,1,15,,73903,4,,,1,55,,73922,4,,,1,15,,73865,4,,,1,15,,73885,4,,,1,15,,73904,4,,,1,55,,73923,4,,,1,15,,73866,4,,,1,15,,73886,4,,,1,15,,73905,4,,,1,55,,73924,4,,,1,15,,73867,4,,,1,15,,73887,4,,,1,15,,73906,4,,,1,55,,73925,4,,,1,15,,73868,4,,,1,15,,73888,4,,,1,15,,73907,4,,,1,55,,73926,4,,,1,15,,73869,4,,,1,15,,73889,4,,,1,15,,73908,4,,,1,55,,73927,4,,,1,15,,73870,4,,,1,15,,73890,4,,,1,15,,73909,4,,,1,55,,73928,4,,,1,15,,73871,4,,,1
0,'20261122',616,,73929,4,,,1,15,,73949,4,,,1,15,,73968,4,,,1,55,,73987,4,,,1,15,,73930,4,,,1,15,,73950,4,,,1,15,,73969,4,,,1,55,,73988,4,,,1,15,,73931,4,,,1,15,,73951,4,,,1,15,,73970,4,,,1,55,,73989,4,,,1,15,,73932,4,,,1,15,,73952,4,,,1,15,,73971,4,,,1,55,,73990,4,,,1,15,,73933,4,,,1,15,,73953,4,,,1,15,,73972,4,,,1,55,,73991,4,,,1,15,,73934,4,,,1,15,,73954,4,,,1,15,,73973,4,,,1,55,,73992,4,,,1,15,,73935,4,,,1,15,,73955,4,,,1,15,,73974,4,,,1,55,,73993,4,,,1,15,,73936,4,,,1,15,,73956,4,,,1,15,,73975,4,,,1,55,,73994,4,,,1,15,,73937,4,,,1,15,,73957,4,,,1,15,,73976,4,,,1,55,,73995,4,,,1,15,,73938,4,,,1,15,,73958,4,,,1,15,,73977,4,,,1,55,,73996,4,,,1,15,,73939,4,,,1,15,,73959,4,,,1,15,,73978,4,,,1,55,,73997,4,,,1,15,,73940,4,,,1,15,,73960,4,,,1,15,,73979,4,,,1,55,,73998,4,,,1,15,,73941,4,,,1,15,,73961,4,,,1,15,,73980,4,,,1,55,,73999,4,,,1,15,,73942,4,,,1,15,,73962,4,,,1,15,,73981,4,,,1,55,,74000,4,,,1,15,,73943,4,,,1,15,,73963,4,,,1,15,,73982,4,,,1,55,,74001,4,,,1,15,,73944,4,,,1,15,,73964,4,,,1,15,,73983,4,,,1,55,,74002,4,,,1,15,,73945,4,,,1,15,,73965,4,,,1,15,,73984,4,,,1,55,,74003,4,,,1,15,,73946,4,,,1,15,,73966,4,,,1,15,,73985,4,,,1,55,,74004,4,,,1,15,,73947,4,,,1,15,,73967,4,,,1,15,,73986,4,,,1,55,,74005,4,,,1,15,,73948,4,,,1
0,'20261123',511,,74066,4,,,1,15,,74006,4,,,1,20,,74046,4,,,1,55,,74067,4,,,1,15,,74007,4,,,1,15,,74027,4,,,1,15,,74047,4,,,1,55,,74068,4,,,1,15,,74008,4,,,1,15,,74028,4,,,1,15,,74048,4,,,1,55,,74069,4,,,1,15,,74009,4,,,1,15,,74029,4,,,1,15,,74049,4,,,1,55,,74070,4,,,1,15,,74010,4,,,1,15,,74030,4,,,1,15,,74050,4,,,1,55,,74071,4,,,1,15,,74011,4,,,1,15,,74031,4,,,1,15,,74051,4,,,1,55,,74072,4,,,1,15,,74012,4,,,1,15,,74032,4,,,1,15,,74052,4,,,1,55,,74073,4,,,1,15,,74013,4,,,1,15,,74033,4,,,1,15,,74053,4,,,1,55,,74074,4,,,1,15,,74014,4,,,1,15,,74034,4,,,1,15,,74054,4,,,1,55,,74075,4,,,1,15,,74015,4,,,1,15,,74035,4,,,1,15,,74055,4,,,1,55,,74076,4,,,1,15,,74016,4,,,1,15,,74036,4,,,1,15,,74056,4,,,1,55,,74077,4,,,1,15,,74017,4,,,1,15,,74037,4,,,1,15,,74057,4,,,1,55,,74078,4,,,1,15,,74018,4,,,1,15,,74038,4,,,1,15,,74058,4,,,1,55,,74079,4,,,1,15,,74019,4,,,1,15,,74039,4,,,1,15,,74059,4,,,1,55,,74080,4,,,1,15,,74020,4,,,1,15,,74040,4,,,1,15,,74060,4,,,1,55,,74081,4,,,1,15,,74021,4,,,1,15,,74041,4,,,1,15,,74061,4,,,1,55,,74082,4,,,1,15,,74022,4,,,1,15,,74042,4,,,1,15,,74062,4,,,1,55,,74083,4,,,1,15,,74023,4,,,1,15,,74043,4,,,1,15,,74063,4,,,1,55,,74084,4,,,1,15,,74024,4,,,1,15,,74044,4,,,1,15,,74064,4,,,1,55,,74085,4,,,1,15,,74025,4,,,1,15,,74045,4,,,1,15,,74065,4,,,1,55,,74086,4,,,1,15,,74026,4,,,1
0,'20261124',511,,74147,4,,,1,15,,74087,4,,,1,20,,74127,4,,,1,55,,74148,4,,,1,15,,74088,4,,,1,15,,74108,4,,,1,15,,74128,4,,,1,55,,74149,4,,,1,15,,74089,4,,,1,15,,74109,4,,,1,15,,74129,4,,,1,55,,74150,4,,,1,15,,74090,4,,,1,15,,74110,4,,,1,15,,74130,4,,,1,55,,74151,4,,,1,15,,74091,4,,,1,15,,74111,4,,,1,15,,74131,4,,,1,55,,74152,4,,,1,15,,74092,4,,,1,15,,74112,4,,,1,15,,74132,4,,,1,55,,74153,4,,,1,15,,74093,4,,,1,15,,74113,4,,,1,15,,74133,4,,,1,55,,74154,4,,,1,15,,74094,4,,,1,15,,74114,4,,,1,15,,74134,4,,,1,55,,74155,4,,,1,15,,74095,4,,,1,15,,74115,4,,,1,15,,74135,4,,,1,55,,74156,4,,,1,15,,74096,4,,,1,15,,74116,4,,,1,15,,74136,4,,,1,55,,74157,4,,,1,15,,74097,4,,,1,15,,74117,4,,,1,15,,74137,4,,,1,55,,74158,4,,,1,15,,74098,4,,,1,15,,74118,4,,,1,15,,74138,4,,,1,55,,74159,4,,,1,15,,74099,4,,,1,15,,74119,4,,,1,15,,74139,4,,,1,55,,74160,4,,,1,15,,74100,4,,,1,15,,74120,4,,,1,15,,74140,4,,,1,55,,74161,4,,,1,15,,74101,4,,,1,15,,74121,4,,,1,15,,74141,4,,,1,55,,74162,4,,,1,15,,74102,4,,,1,15,,74122,4,,,1,15,,74142,4,,,1,55,,74163,4,,,1,15,,74103,4,,,1,15,,74123,4,,,1,15,,74143,4,,,1,55,,74164,4,,,1,15,,74104,4,,,1,15,,74124,4,,,1,15,,74144,4,,,1,55,,74165,4,,,1,15,,74105,4,,,1,15,,74125,4,,,1,15,,74145,4,,,1,55,,74166,4,,,1,15,,74106,4,,,1,15,,74126,4,,,1,15,,74146,4,,,1,55,,74167,4,,,1,15,,74107,4,,,1
0,'20261125',511,,74228,4,,,1,15,,74168,4,,,1,20,,74208,4,,,1,55,,74229,4,,,1,15,,74169,4,,,1,15,,74189,4,,,1,15,,74209,4,,,1,55,,74230,4,,,1,15,,74170,4,,,1,15,,74190,4,,,1,15,,74210,4,,,1,55,,74231,4,,,1,15,,74171,4,,,1,15,,74191,4,,,1,15,,74211,4,,,1,55,,74232,4,,,1,15,,74172,4,,,1,15,,74192,4,,,1,15,,74212,4,,,1,55,,74233,4,,,1,15,,74173,4,,,1,15,,74193,4,,,1,15,,74213,4,,,1,55,,74234,4,,,1,15,,74174,4,,,1,15,,74194,4,,,1,15,,74214,4,,,1,55,,74235,4,,,1,15,,74175,4,,,1,15,,74195,4,,,1,15,,74215,4,,,1,55,,74236,4,,,1,15,,74176,4,,,1,15,,74196,4,,,1,15,,74216,4,,,1,55,,74237,4,,,1,15,,74177,4,,,1,15,,74197,4,,,1,15,,74217,4,,,1,55,,74238,4,,,1,15,,74178,4,,,1,15,,74198,4,,,1,15,,74218,4,,,1,55,,74239,4,,,1,15,,74179,4,,,1,15,,74199,4,,,1,15,,74219,4,,,1,55,,74240,4,,,1,15,,74180,4,,,1,15,,74200,4,,,1,15,,74220,4,,,1,55,,74241,4,,,1,15,,74181,4,,,1,15,,74201,4,,,1,15,,74221,4,,,1,55,,74242,4,,,1,15,,74182,4,,,1,15,,74202,4,,,1,15,,74222,4,,,1,55,,74243,4,,,1,15,,74183,4,,,1,15,,74203,4,,,1,15,,74223,4,,,1,55,,74244,4,,,1,15,,74184,4,,,1,15,,74204,4,,,1,15,,74224,4,,,1,55,,74245,4,,,1,15,,74185,4,,,1,15,,74205,4,,,1,15,,74225,4,,,1,55,,74246,4,,,1,15,,74186,4,,,1,15,,74206,4,,,1,15,,74226,4,,,1,55,,74247,4,,,1,15,,74187,4,,,1,15,,74207,4,,,1,15,,74227,4,,,1,55,,74248,4,,,1,15,,74188,4,,,1
0,'20261126',511,,74309,4,,,1,15,,74249,4,,,1,20,,74289,4,,,1,55,,74310,4,,,1,15,,74250,4,,,1,15,,74270,4,,,1,15,,74290,4,,,1,55,,74311,4,,,1,15,,74251,4,,,1,15,,74271,4,,,1,15,,74291,4,,,1,55,,74312,4,,,1,15,,74252,4,,,1,15,,74272,4,,,1,15,,74292,4,,,1,55,,74313,4,,,1,15,,74253,4,,,1,15,,74273,4,,,1,15,,74293,4,,,1,55,,74314,4,,,1,15,,74254,4,,,1,15,,74274,4,,,1,15,,74294,4,,,1,55,,74315,4,,,1,15,,74255,4,,,1,15,,74275,4,,,1,15,,74295,4,,,1,55,,74316,4,,,1,15,,74256,4,,,1,15,,74276,4,,,1,15,,74296,4,,,1,55,,74317,4,,,1,15,,74257,4,,,1,15,,74277,4,,,1,15,,74297,4,,,1,55,,74318,4,,,1,15,,74258,4,,,1,15,,74278,4,,,1,15,,74298,4,,,1,55,,74319,4,,,1,15,,74259,4,,,1,15,,74279,4,,,1,15,,74299,4,,,1,55,,74320,4,,,1,15,,74260,4,,,1,15,,74280,4,,,1,15,,74300,4,,,1,55,,74321,4,,,1,15,,74261,4,,,1,15,,74281,4,,,1,15,,74301,4,,,1,55,,74322,4,,,1,15,,74262,4,,,1,15,,74282,4,,,1,15,,74302,4,,,1,55,,74323,4,,,1,15,,74263,4,,,1,15,,74283,4,,,1,15,,74303,4,,,1,55,,74324,4,,,1,15,,74264,4,,,1,15,,74284,4,,,1,15,,74304,4,,,1,55,,74325,4,,,1,15,,74265,4,,,1,15,,74285,4,,,1,15,,74305,4,,,1,55,,74326,4,,,1,15,,74266,4,,,1,15,,74286,4,,,1,15,,74306,4,,,1,55,,74327,4,,,1,15,,74267,4,,,1,15,,74287,4,,,1,15,,74307,4,,,1,55,,74328,4,,,1,15,,74268,4,,,1,15,,74288,4,,,1,15,,74308,4,,,1,55,,74329,4,,,1,15,,74269,4,,,1
0,'20261127',511,,74390,4,,,1,15,,74330,4,,,1,20,,74370,4,,,1,55,,74391,4,,,1,15,,74331,4,,,1,15,,74351,4,,,1,15,,74371,4,,,1,55,,74392,4,,,1,15,,74332,4,,,1,15,,74352,4,,,1,15,,74372,4,,,1,55,,74393,4,,,1,15,,74333,4,,,1,15,,74353,4,,,1,15,,74373,4,,,1,55,,74394,4,,,1,15,,74334,4,,,1,15,,74354,4,,,1,15,,74374,4,,,1,55,,74395,4,,,1,15,,74335,4,,,1,15,,74355,4,,,1,15,,74375,4,,,1,55,,74396,4,,,1,15,,74336,4,,,1,15,,74356,4,,,1,15,,74376,4,,,1,55,,74397,4,,,1,15,,74337,4,,,1,15,,74357,4,,,1,15,,74377,4,,,1,55,,74398,4,,,1,15,,74338,4,,,1,15,,74358,4,,,1,15,,74378,4,,,1,55,,74399,4,,,1,15,,74339,4,,,1,15,,74359,4,,,1,15,,74379,4,,,1,55,,74400,4,,,1,15,,74340,4,,,1,15,,74360,4,,,1,15,,74380,4,,,1,55,,74401,4,,,1,15,,74341,4,,,1,15,,74361,4,,,1,15,,74381,4,,,1,55,,74402,4,,,1,15,,74342,4,,,1,15,,74362,4,,,1,15,,74382,4,,,1,55,,74403,4,,,1,15,,74343,4,,,1,15,,74363,4,,,1,15,,74383,4,,,1,55,,74404,4,,,1,15,,74344,4,,,1,15,,74364,4,,,1,15,,74384,4,,,1,55,,74405,4,,,1,15,,74345,4,,,1,15,,74365,4,,,1,15,,74385,4,,,1,55,,74406,4,,,1,15,,74346,4,,,1,15,,74366,4,,,1,15,,74386,4,,,1,55,,74407,4,,,1,15,,74347,4,,,1,15,,74367,4,,,1,15,,74387,4,,,1,55,,74408,4,,,1,15,,74348,4,,,1,15,,74368,4,,,1,15,,74388,4,,,1,55,,74409,4,,,1,15,,74349,4,,,1,15,,74369,4,,,1,15,,74389,4,,,1,55,,74410,4,,,1,15,,74350,4,,,1
0,'20261128',616,,74411,4,,,1,15,,74431,4,,,1,15,,74450,4,,,1,55,,74469,4,,,1,15,,74412,4,,,1,15,,74432,4,,,1,15,,74451,4,,,1,55,,74470,4,,,1,15,,74413,4,,,1,15,,74433,4,,,1,15,,74452,4,,,1,55,,74471,4,,,1,15,,74414,4,,,1,15,,74434,4,,,1,15,,74453,4,,,1,55,,74472,4,,,1,15,,74415,4,,,1,15,,74435,4,,,1,15,,74454,4,,,1,55,,74473,4,,,1,15,,74416,4,,,1,15,,74436,4,,,1,15,,74455,4,,,1,55,,74474,4,,,1,15,,74417,4,,,1,15,,74437,4,,,1,15,,74456,4,,,1,55,,74475,4,,,1,15,,74418,4,,,1,15,,74438,4,,,1,15,,74457,4,,,1,55,,74476,4,,,1,15,,74419,4,,,1,15,,74439,4,,,1,15,,74458,4,,,1,55,,74477,4,,,1,15,,74420,4,,,1,15,,74440,4,,,1,15,,74459,4,,,1,55,,74478,4,,,1,15,,74421,4,,,1,15,,74441,4,,,1,15,,74460,4,,,1,55,,74479,4,,,1,15,,74422,4,,,1,15,,74442,4,,,1,15,,74461,4,,,1,55,,74480,4,,,1,15,,74423,4,,,1,15,,74443,4,,,1,15,,74462,4,,,1,55,,74481,4,,,1,15,,74424,4,,,1,15,,74444,4,,,1,15,,74463,4,,,1,55,,74482,4,,,1,15,,74425,4,,,1,15,,74445,4,,,1,15,,74464,4,,,1,55,,74483,4,,,1,15,,74426,4,,,1,15,,74446,4,,,1,15,,74465,4,,,1,55,,74484,4,,,1,15,,74427,4,,,1,15,,74447,4,,,1,15,,74466,4,,,1,55,,74485,4,,,1,15,,74428,4,,,1,15,,74448,4,,,1,15,,74467,4,,,1,55,,74486,4,,,1,15,,74429,4,,,1,15,,74449,4,,,1,15,,74468,4,,,1,55,,74487,4,,,1,15,,74430,4,,,1
0,'20261129',616,,74488,4,,,1,15,,74508,4,,,1,15,,74527,4,,,1,55,,74546,4,,,1,15,,74489,4,,,1,15,,74509,4,,,1,15,,74528,4,,,1,55,,74547,4,,,1,15,,74490,4,,,1,15,,74510,4,,,1,15,,74529,4,,,1,55,,74548,4,,,1,15,,74491,4,,,1,15,,74511,4,,,1,15,,74530,4,,,1,55,,74549,4,,,1,15,,74492,4,,,1,15,,74512,4,,,1,15,,74531,4,,,1,55,,74550,4,,,1,15,,74493,4,,,1,15,,74513,4,,,1,15,,74532,4,,,1,55,,74551,4,,,1,15,,74494,4,,,1,15,,74514,4,,,1,15,,74533,4,,,1,55,,74552,4,,,1,15,,74495,4,,,1,15,,74515,4,,,1,15,,74534,4,,,1,55,,74553,4,,,1,15,,74496,4,,,1,15,,74516,4,,,1,15,,74535,4,,,1,55,,74554,4,,,1,15,,74497,4,,,1,15,,74517,4,,,1,15,,74536,4,,,1,55,,74555,4,,,1,15,,74498,4,,,1,15,,74518,4,,,1,15,,74537,4,,,1,55,,74556,4,,,1,15,,74499,4,,,1,15,,74519,4,,,1,15,,74538,4,,,1,55,,74557,4,,,1,15,,74500,4,,,1,15,,74520,4,,,1,15,,74539,4,,,1,55,,74558,4,,,1,15,,74501,4,,,1,15,,74521,4,,,1,15,,74540,4,,,1,55,,74559,4,,,1,15,,74502,4,,,1,15,,74522,4,,,1,15,,74541,4,,,1,55,,74560,4,,,1,15,,74503,4,,,1,15,,74523,4,,,1,15,,74542,4,,,1,55,,74561,4,,,1,15,,74504,4,,,1,15,,74524,4,,,1,15,,74543,4,,,1,55,,74562,4,,,1,15,,74505,4,,,1,15,,74525,4,,,1,15,,74544,4,,,1,55,,74563,4,,,1,15,,74506,4,,,1,15,,74526,4,,,1,15,,74545,4,,,1,55,,74564,4,,,1,15,,74507,4,,,1
0,'20261130',511,,74625,4,,,1,15,,74565,4,,,1,20,,74605,4,,,1,55,,74626,4,,,1,15,,74566,4,,,1,15,,74586,4,,,1,15,,74606,4,,,1,55,,74627,4,,,1,15,,74567,4,,,1,15,,74587,4,,,1,15,,74607,4,,,1,55,,74628,4,,,1,15,,74568,4,,,1,15,,74588,4,,,1,15,,74608,4,,,1,55,,74629,4,,,1,15,,74569,4,,,1,15,,74589,4,,,1,15,,74609,4,,,1,55,,74630,4,,,1,15,,74570,4,,,1,15,,74590,4,,,1,15,,74610,4,,,1,55,,74631,4,,,1,15,,74571,4,,,1,15,,74591,4,,,1,15,,74611,4,,,1,55,,74632,4,,,1,15,,74572,4,,,1,15,,74592,4,,,1,15,,74612,4,,,1,55,,74633,4,,,1,15,,74573,4,,,1,15,,74593,4,,,1,15,,74613,4,,,1,55,,74634,4,,,1,15,,74574,4,,,1,15,,74594,4,,,1,15,,74614,4,,,1,55,,74635,4,,,1,15,,74575,4,,,1,15,,74595,4,,,1,15,,74615,4,,,1,55,,74636,4,,,1,15,,74576,4,,,1,15,,74596,4,,,1,15,,74616,4,,,1,55,,74637,4,,,1,15,,74577,4,,,1,15,,74597,4,,,1,15,,74617,4,,,1,55,,74638,4,,,1,15,,74578,4,,,1,15,,74598,4,,,1,15,,74618,4,,,1,55,,74639,4,,,1,15,,74579,4,,,1,15,,74599,4,,,1,15,,74619,4,,,1,55,,74640,4,,,1,15,,74580,4,,,1,15,,74600,4,,,1,15,,74620,4,,,1,55,,74641,4,,,1,15,,74581,4,,,1,15,,74601,4,,,1,15,,74621,4,,,1,55,,74642,4,,,1,15,,74582,4,,,1,15,,74602,4,,,1,15,,74622,4,,,1,55,,74643,4,,,1,15,,74583,4,,,1,15,,74603,4,,,1,15,,74623,4,,,1,55,,74644,4,,,1,15,,74584,4,,,1,15,,74604,4,,,1,15,,74624,4,,,1,55,,74645,4,,,1,15,,74585,4,,,1
0,'20261201',511,,74706,4,,,1,15,,74646,4,,,1,20,,74686,4,,,1,55,,74707,4,,,1,15,,74647,4,,,1,15,,74667,4,,,1,15,,74687,4,,,1,55,,74708,4,,,1,15,,74648,4,,,1,15,,74668,4,,,1,15,,74688,4,,,1,55,,74709,4,,,1,15,,74649,4,,,1,15,,74669,4,,,1,15,,74689,4,,,1,55,,74710,4,,,1,15,,74650,4,,,1,15,,74670,4,,,1,15,,74690,4,,,1,55,,74711,4,,,1,15,,74651,4,,,1,15,,74671,4,,,1,15,,74691,4,,,1,55,,74712,4,,,1,15,,74652,4,,,1,15,,74672,4,,,1,15,,74692,4,,,1,55,,74713,4,,,1,15,,74653,4,,,1,15,,74673,4,,,1,15,,74693,4,,,1,55,,74714,4,,,1,15,,74654,4,,,1,15,,74674,4,,,1,15,,74694,4,,,1,55,,74715,4,,,1,15,,74655,4,,,1,15,,74675,4,,,1,15,,74695,4,,,1,55,,74716,4,,,1,15,,74656,4,,,1,15,,74676,4,,,1,15,,74696,4,,,1,55,,74717,4,,,1,15,,74657,4,,,1,15,,74677,4,,,1,15,,74697,4,,,1,55,,74718,4,,,1,15,,74658,4,,,1,15,,74678,4,,,1,15,,74698,4,,,1,55,,74719,4,,,1,15,,74659,4,,,1,15,,74679,4,,,1,15,,74699,4,,,1,55,,74720,4,,,1,15,,74660,4,,,1,15,,74680,4,,,1,15,,74700,4,,,1,55,,74721,4,,,1,15,,74661,4,,,1,15,,74681,4,,,1,15,,74701,4,,,1,55,,74722,4,,,1,15,,74662,4,,,1,15,,74682,4,,,1,15,,74702,4,,,1,55,,74723,4,,,1,15,,74663,4,,,1,15,,74683,4,,,1,15,,74703,4,,,1,55,,74724,4,,,1,15,,74664,4,,,1,15,,74684,4,,,1,15,,74704,4,,,1,55,,74725,4,,,1,15,,74665,4,,,1,15,,74685,4,,,1,15,,74705,4,,,1,55,,74726,4,,,1,15,,74666,4,,,1
0,'20261202',511,,74787,4,,,1,15,,74727,4,,,1,20,,74767,4,,,1,55,,74788,4,,,1,15,,74728,4,,,1,15,,74748,4,,,1,15,,74768,4,,,1,55,,74789,4,,,1,15,,74729,4,,,1,15,,74749,4,,,1,15,,74769,4,,,1,55,,74790,4,,,1,15,,74730,4,,,1,15,,74750,4,,,1,15,,74770,4,,,1,55,,74791,4,,,1,15,,74731,4,,,1,15,,74751,4,,,1,15,,74771,4,,,1,55,,74792,4,,,1,15,,74732,4,,,1,15,,74752,4,,,1,15,,74772,4,,,1,55,,74793,4,,,1,15,,74733,4,,,1,15,,74753,4,,,1,15,,74773,4,,,1,55,,74794,4,,,1,15,,74734,4,,,1,15,,74754,4,,,1,15,,74774,4,,,1,55,,74795,4,,,1,15,,74735,4,,,1,15,,74755,4,,,1,15,,74775,4,,,1,55,,74796,4,,,1,15,,74736,4,,,1,15,,74756,4,,,1,15,,74776,4,,,1,55,,74797,4,,,1,15,,74737,4,,,1,15,,74757,4,,,1,15,,74777,4,,,1,55,,74798,4,,,1,15,,74738,4,,,1,15,,74758,4,,,1,15,,74778,4,,,1,55,,74799,4,,,1,15,,74739,4,,,1,15,,74759,4,,,1,15,,74779,4,,,1,55,,74800,4,,,1,15,,74740,4,,,1,15,,74760,4,,,1,15,,74780,4,,,1,55,,74801,4,,,1,15,,74741,4,,,1,15,,74761,4,,,1,15,,74781,4,,,1,55,,74802,4,,,1,15,,74742,4,,,1,15,,74762,4,,,1,15,,74782,4,,,1,55,,74803,4,,,1,15,,74743,4,,,1,15,,74763,4,,,1,15,,74783,4,,,1,55,,74804,4,,,1,15,,74744,4,,,1,15,,74764,4,,,1,15,,74784,4,,,1,55,,74805,4,,,1,15,,74745,4,,,1,15,,74765,4,,,1,15,,74785,4,,,1,55,,74806,4,,,1,15,,74746,4,,,1,15,,74766,4,,,1,15,,74786,4,,,1,55,,74807,4,,,1,15,,74747,4,,,1
0,'20261203',511,,74868,4,,,1,15,,74808,4,,,1,20,,74848,4,,,1,55,,74869,4,,,1,15,,74809,4,,,1,15,,74829,4,,,1,15,,74849,4,,,1,55,,74870,4,,,1,15,,74810,4,,,1,15,,74830,4,,,1,15,,74850,4,,,1,55,,74871,4,,,1,15,,74811,4,,,1,15,,74831,4,,,1,15,,74851,4,,,1,55,,74872,4,,,1,15,,74812,4,,,1,15,,74832,4,,,1,15,,74852,4,,,1,55,,74873,4,,,1,15,,74813,4,,,1,15,,74833,4,,,1,15,,74853,4,,,1,55,,74874,4,,,1,15,,74814,4,,,1,15,,74834,4,,,1,15,,74854,4,,,1,55,,74875,4,,,1,15,,74815,4,,,1,15,,74835,4,,,1,15,,74855,4,,,1,55,,74876,4,,,1,15,,74816,4,,,1,15,,74836,4,,,1,15,,74856,4,,,1,55,,74877,4,,,1,15,,74817,4,,,1,15,,74837,4,,,1,15,,74857,4,,,1,55,,74878,4,,,1,15,,74818,4,,,1,15,,74838,4,,,1,15,,74858,4,,,1,55,,74879,4,,,1,15,,74819,4,,,1,15,,74839,4,,,1,15,,74859,4,,,1,55,,74880,4,,,1,15,,74820,4,,,1,15,,74840,4,,,1,15,,74860,4,,,1,55,,74881,4,,,1,15,,74821,4,,,1,15,,74841,4,,,1,15,,74861,4,,,1,55,,74882,4,,,1,15,,74822,4,,,1,15,,74842,4,,,1,15,,74862,4,,,1,55,,74883,4,,,1,15,,74823,4,,,1,15,,74843,4,,,1,15,,74863,4,,,1,55,,74884,4,,,1,15,,74824,4,,,1,15,,74844,4,,,1,15,,74864,4,,,1,55,,74885,4,,,1,15,,74825,4,,,1,15,,74845,4,,,1,15,,74865,4,,,1,55,,74886,4,,,1,15,,74826,4,,,1,15,,74846,4,,,1,15,,74866,4,,,1,55,,74887,4,,,1,15,,74827,4,,,1,15,,74847,4,,,1,15,,74867,4,,,1,55,,74888,4,,,1,15,,74828,4,,,1
0,'20261204',511,,74949,4,,,1,15,,74889,4,,,1,20,,74929,4,,,1,55,,74950,4,,,1,15,,74890,4,,,1,15,,74910,4,,,1,15,,74930,4,,,1,55,,74951,4,,,1,15,,74891,4,,,1,15,,74911,4,,,1,15,,74931,4,,,1,55,,74952,4,,,1,15,,74892,4,,,1,15,,74912,4,,,1,15,,74932,4,,,1,55,,74953,4,,,1,15,,74893,4,,,1,15,,74913,4,,,1,15,,74933,4,,,1,55,,74954,4,,,1,15,,74894,4,,,1,15,,74914,4,,,1,15,,74934,4,,,1,55,,74955,4,,,1,15,,74895,4,,,1,15,,74915,4,,,1,15,,74935,4,,,1,55,,74956,4,,,1,15,,74896,4,,,1,15,,74916,4,,,1,15,,74936,4,,,1,55,,74957,4,,,1,15,,74897,4,,,1,15,,74917,4,,,1,15,,74937,4,,,1,55,,74958,4,,,1,15,,74898,4,,,1,15,,74918,4,,,1,15,,74938,4,,,1,55,,74959,4,,,1,15,,74899,4,,,1,15,,74919,4,,,1,15,,74939,4,,,1,55,,74960,4,,,1,15,,74900,4,,,1,15,,74920,4,,,1,15,,74940,4,,,1,55,,74961,4,,,1,15,,74901,4,,,1,15,,74921,4,,,1,15,,74941,4,,,1,55,,74962,4,,,1,15,,74902,4,,,1,15,,74922,4,,,1,15,,74942,4,,,1,55,,74963,4,,,1,15,,74903,4,,,1,15,,74923,4,,,1,15,,74943,4,,,1,55,,74964,4,,,1,15,,74904,4,,,1,15,,74924,4,,,1,15,,74944,4,,,1,55,,74965,4,,,1,15,,74905,4,,,1,15,,74925,4,,,1,15,,74945,4,,,1,55,,74966,4,,,1,15,,74906,4,,,1,15,,74926,4,,,1,15,,74946,4,,,1,55,,74967,4,,,1,15,,74907,4,,,1,15,,74927,4,,,1,15,,74947,4,,,1,55,,74968,4,,,1,15,,74908,4,,,1,15,,74928,4,,,1,15,,74948,4,,,1,55,,74969,4,,,1,15,,74909,4,,,1
0,'20261205',616,,74970,4,,,1,15,,74990,4,,,1,15,,75009,4,,,1,55,,75028,4,,,1,15,,74971,4,,,1,15,,74991,4,,,1,15,,75010,4,,,1,55,,75029,4,,,1,15,,74972,4,,,1,15,,74992,4,,,1,15,,75011,4,,,1,55,,75030,4,,,1,15,,74973,4,,,1,15,,74993,4,,,1,15,,75012,4,,,1,55,,75031,4,,,1,15,,74974,4,,,1,15,,74994,4,,,1,15,,75013,4,,,1,55,,75032,4,,,1,15,,74975,4,,,1,15,,74995,4,,,1,15,,75014,4,,,1,55,,75033,4,,,1,15,,74976,4,,,1,15,,74996,4,,,1,15,,75015,4,,,1,55,,75034,4,,,1,15,,74977,4,,,1,15,,74997,4,,,1,15,,75016,4,,,1,55,,75035,4,,,1,15,,74978,4,,,1,15,,74998,4,,,1,15,,75017,4,,,1,55,,75036,4,,,1,15,,74979,4,,,1,15,,74999,4,,,1,15,,75018,4,,,1,55,,75037,4,,,1,15,,74980,4,,,1,15,,75000,4,,,1,15,,75019,4,,,1,55,,75038,4,,,1,15,,74981,4,,,1,15,,75001,4,,,1,15,,75020,4,,,1,55,,75039,4,,,1,15,,74982,4,,,1,15,,75002,4,,,1,15,,75021,4,,,1,55,,75040,4,,,1,15,,74983,4,,,1,15,,75003,4,,,1,15,,75022,4,,,1,55,,75041,4,,,1,15,,74984,4,,,1,15,,75004,4,,,1,15,,75023,4,,,1,55,,75042,4,,,1,15,,74985,4,,,1,15,,75005,4,,,1,15,,75024,4,,,1,55,,75043,4,,,1,15,,74986,4,,,1,15,,75006,4,,,1,15,,75025,4,,,1,55,,75044,4,,,1,15,,74987,4,,,1,15,,75007,4,,,1,15,,75026,4,,,1,55,,75045,4,,,1,15,,74988,4,,,1,15,,75008,4,,,1,15,,75027,4,,,1,55,,75046,4,,,1,15,,74989,4,,,1
0,'20261206',616,,75047,4,,,1,15,,75067,4,,,1,15,,75086,4,,,1,55,,75105,4,,,1,15,,75048,4,,,1,15,,75068,4,,,1,15,,75087,4,,,1,55,,75106,4,,,1,15,,75049,4,,,1,15,,75069,4,,,1,15,,75088,4,,,1,55,,75107,4,,,1,15,,75050,4,,,1,15,,75070,4,,,1,15,,75089,4,,,1,55,,75108,4,,,1,15,,75051,4,,,1,15,,75071,4,,,1,15,,75090,4,,,1,55,,75109,4,,,1,15,,75052,4,,,1,15,,75072,4,,,1,15,,75091,4,,,1,55,,75110,4,,,1,15,,75053,4,,,1,15,,75073,4,,,1,15,,75092,4,,,1,55,,75111,4,,,1,15,,75054,4,,,1,15,,75074,4,,,1,15,,75093,4,,,1,55,,75112,4,,,1,15,,75055,4,,,1,15,,75075,4,,,1,15,,75094,4,,,1,55,,75113,4,,,1,15,,75056,4,,,1,15,,75076,4,,,1,15,,75095,4,,,1,55,,75114,4,,,1,15,,75057,4,,,1,15,,75077,4,,,1,15,,75096,4,,,1,55,,75115,4,,,1,15,,75058,4,,,1,15,,75078,4,,,1,15,,75097,4,,,1,55,,75116,4,,,1,15,,75059,4,,,1,15,,75079,4,,,1,15,,75098,4,,,1,55,,75117,4,,,1,15,,75060,4,,,1,15,,75080,4,,,1,15,,75099,4,,,1,55,,75118,4,,,1,15,,75061,4,,,1,15,,75081,4,,,1,15,,75100,4,,,1,55,,75119,4,,,1,15,,75062,4,,,1,15,,75082,4,,,1,15,,75101,4,,,1,55,,75120,4,,,1,15,,75063,4,,,1,15,,75083,4,,,1,15,,75102,4,,,1,55,,75121,4,,,1,15,,75064,4,,,1,15,,75084,4,,,1,15,,75103,4,,,1,55,,75122,4,,,1,15,,75065,4,,,1,15,,75085,4,,,1,15,,75104,4,,,1,55,,75123,4,,,1,15,,75066,4,,,1
0,'20261207',511,,75184,4,,,1,15,,75124,4,,,1,20,,75164,4,,,1,55,,75185,4,,,1,15,,75125,4,,,1,15,,75145,4,,,1,15,,75165,4,,,1,55,,75186,4,,,1,15,,75126,4,,,1,15,,75146,4,,,1,15,,75166,4,,,1,55,,75187,4,,,1,15,,75127,4,,,1,15,,75147,4,,,1,15,,75167,4,,,1,55,,75188,4,,,1,15,,75128,4,,,1,15,,75148,4,,,1,15,,75168,4,,,1,55,,75189,4,,,1,15,,75129,4,,,1,15,,75149,4,,,1,15,,75169,4,,,1,55,,75190,4,,,1,15,,75130,4,,,1,15,,75150,4,,,1,15,,75170,4,,,1,55,,75191,4,,,1,15,,75131,4,,,1,15,,75151,4,,,1,15,,75171,4,,,1,55,,75192,4,,,1,15,,75132,4,,,1,15,,75152,4,,,1,15,,75172,4,,,1,55,,75193,4,,,1,15,,75133,4,,,1,15,,75153,4,,,1,15,,75173,4,,,1,55,,75194,4,,,1,15,,75134,4,,,1,15,,75154,4,,,1,15,,75174,4,,,1,55,,75195,4,,,1,15,,75135,4,,,1,15,,75155,4,,,1,15,,75175,4,,,1,55,,75196,4,,,1,15,,75136,4,,,1,15,,75156,4,,,1,15,,75176,4,,,1,55,,75197,4,,,1,15,,75137,4,,,1,15,,75157,4,,,1,15,,75177,4,,,1,55,,75198,4,,,1,15,,75138,4,,,1,15,,75158,4,,,1,15,,75178,4,,,1,55,,75199,4,,,1,15,,75139,4,,,1,15,,75159,4,,,1,15,,75179,4,,,1,55,,75200,4,,,1,15,,75140,4,,,1,15,,75160,4,,,1,15,,75180,4,,,1,55,,75201,4,,,1,15,,75141,4,,,1,15,,75161,4,,,1,15,,75181,4,,,1,55,,75202,4,,,1,15,,75142,4,,,1,15,,75162,4,,,1,15,,75182,4,,,1,55,,75203,4,,,1,15,,75143,4,,,1,15,,75163,4,,,1,15,,75183,4,,,1,55,,75204,4,,,1,15,,75144,4,,,1
0,'20261208',511,,75265,4,,,1,15,,75205,4,,,1,20,,75245,4,,,1,55,,75266,4,,,1,15,,75206,4,,,1,15,,75226,4,,,1,15,,75246,4,,,1,55,,75267,4,,,1,15,,75207,4,,,1,15,,75227,4,,,1,15,,75247,4,,,1,55,,75268,4,,,1,15,,75208,4,,,1,15,,75228,4,,,1,15,,75248,4,,,1,55,,75269,4,,,1,15,,75209,4,,,1,15,,75229,4,,,1,15,,75249,4,,,1,55,,75270,4,,,1,15,,75210,4,,,1,15,,75230,4,,,1,15,,75250,4,,,1,55,,75271,4,,,1,15,,75211,4,,,1,15,,75231,4,,,1,15,,75251,4,,,1,55,,75272,4,,,1,15,,75212,4,,,1,15,,75232,4,,,1,15,,75252,4,,,1,55,,75273,4,,,1,15,,75213,4,,,1,15,,75233,4,,,1,15,,75253,4,,,1,55,,75274,4,,,1,15,,75214,4,,,1,15,,75234,4,,,1,15,,75254,4,,,1,55,,75275,4,,,1,15,,75215,4,,,1,15,,75235,4,,,1,15,,75255,4,,,1,55,,75276,4,,,1,15,,75216,4,,,1,15,,75236,4,,,1,15,,75256,4,,,1,55,,75277,4,,,1,15,,75217,4,,,1,15,,75237,4,,,1,15,,75257,4,,,1,55,,75278,4,,,1,15,,75218,4,,,1,15,,75238,4,,,1,15,,75258,4,,,1,55,,75279,4,,,1,15,,75219,4,,,1,15,,75239,4,,,1,15,,75259,4,,,1,55,,75280,4,,,1,15,,75220,4,,,1,15,,75240,4,,,1,15,,75260,4,,,1,55,,75281,4,,,1,15,,75221,4,,,1,15,,75241,4,,,1,15,,75261,4,,,1,55,,75282,4,,,1,15,,75222,4,,,1,15,,75242,4,,,1,15,,75262,4,,,1,55,,75283,4,,,1,15,,75223,4,,,1,15,,75243,4,,,1,15,,75263,4,,,1,55,,75284,4,,,1,15,,75224,4,,,1,15,,75244,4,,,1,15,,75264,4,,,1,55,,75285,4,,,1,15,,75225,4,,,1
0,'20261209',511,,75346,4,,,1,15,,75286,4,,,1,20,,75326,4,,,1,55,,75347,4,,,1,15,,75287,4,,,1,15,,75307,4,,,1,15,,75327,4,,,1,55,,75348,4,,,1,15,,75288,4,,,1,15,,75308,4,,,1,15,,75328,4,,,1,55,,75349,4,,,1,15,,75289,4,,,1,15,,75309,4,,,1,15,,75329,4,,,1,55,,75350,4,,,1,15,,75290,4,,,1,15,,75310,4,,,1,15,,75330,4,,,1,55,,75351,4,,,1,15,,75291,4,,,1,15,,75311,4,,,1,15,,75331,4,,,1,55,,75352,4,,,1,15,,75292,4,,,1,15,,75312,4,,,1,15,,75332,4,,,1,55,,75353,4,,,1,15,,75293,4,,,1,15,,75313,4,,,1,15,,75333,4,,,1,55,,75354,4,,,1,15,,75294,4,,,1,15,,75314,4,,,1,15,,75334,4,,,1,55,,75355,4,,,1,15,,75295,4,,,1,15,,75315,4,,,1,15,,75335,4,,,1,55,,75356,4,,,1,15,,75296,4,,,1,15,,75316,4,,,1,15,,75336,4,,,1,55,,75357,4,,,1,15,,75297,4,,,1,15,,75317,4,,,1,15,,75337,4,,,1,55,,75358,4,,,1,15,,75298,4,,,1,15,,75318,4,,,1,15,,75338,4,,,1,55,,75359,4,,,1,15,,75299,4,,,1,15,,75319,4,,,1,15,,75339,4,,,1,55,,75360,4,,,1,15,,75300,4,,,1,15,,75320,4,,,1,15,,75340,4,,,1,55,,75361,4,,,1,15,,75301,4,,,1,15,,75321,4,,,1,15,,75341,4,,,1,55,,75362,4,,,1,15,,75302,4,,,1,15,,75322,4,,,1,15,,75342,4,,,1,55,,75363,4,,,1,15,,75303,4,,,1,15,,75323,4,,,1,15,,75343,4,,,1,55,,75364,4,,,1,15,,75304,4,,,1,15,,75324,4,,,1,15,,75344,4,,,1,55,,75365,4,,,1,15,,75305,4,,,1,15,,75325,4,,,1,15,,75345,4,,,1,55,,75366,4,,,1,15,,75306,4,,,1
0,'20261210',511,,75427,4,,,1,15,,75367,4,,,1,20,,75407,4,,,1,55,,75428,4,,,1,15,,75368,4,,,1,15,,75388,4,,,1,15,,75408,4,,,1,55,,75429,4,,,1,15,,75369,4,,,1,15,,75389,4,,,1,15,,75409,4,,,1,55,,75430,4,,,1,15,,75370,4,,,1,15,,75390,4,,,1,15,,75410,4,,,1,55,,75431,4,,,1,15,,75371,4,,,1,15,,75391,4,,,1,15,,75411,4,,,1,55,,75432,4,,,1,15,,75372,4,,,1,15,,75392,4,,,1,15,,75412,4,,,1,55,,75433,4,,,1,15,,75373,4,,,1,15,,75393,4,,,1,15,,75413,4,,,1,55,,75434,4,,,1,15,,75374,4,,,1,15,,75394,4,,,1,15,,75414,4,,,1,55,,75435,4,,,1,15,,75375,4,,,1,15,,75395,4,,,1,15,,75415,4,,,1,55,,75436,4,,,1,15,,75376,4,,,1,15,,75396,4,,,1,15,,75416,4,,,1,55,,75437,4,,,1,15,,75377,4,,,1,15,,75397,4,,,1,15,,75417,4,,,1,55,,75438,4,,,1,15,,75378,4,,,1,15,,75398,4,,,1,15,,75418,4,,,1,55,,75439,4,,,1,15,,75379,4,,,1,15,,75399,4,,,1,15,,75419,4,,,1,55,,75440,4,,,1,15,,75380,4,,,1,15,,75400,4,,,1,15,,75420,4,,,1,55,,75441,4,,,1,15,,75381,4,,,1,15,,75401,4,,,1,15,,75421,4,,,1,55,,75442,4,,,1,15,,75382,4,,,1,15,,75402,4,,,1,15,,75422,4,,,1,55,,75443,4,,,1,15,,75383,4,,,1,15,,75403,4,,,1,15,,75423,4,,,1,55,,75444,4,,,1,15,,75384,4,,,1,15,,75404,4,,,1,15,,75424,4,,,1,55,,75445,4,,,1,15,,75385,4,,,1,15,,75405,4,,,1,15,,75425,4,,,1,55,,75446,4,,,1,15,,75386,4,,,1,15,,75406,4,,,1,15,,75426,4,,,1,55,,75447,4,,,1,15,,75387,4,,,1
0,'20261211',511,,75508,4,,,1,15,,75448,4,,,1,20,,75488,4,,,1,55,,75509,4,,,1,15,,75449,4,,,1,15,,75469,4,,,1,15,,75489,4,,,1,55,,75510,4,,,1,15,,75450,4,,,1,15,,75470,4,,,1,15,,75490,4,,,1,55,,75511,4,,,1,15,,75451,4,,,1,15,,75471,4,,,1,15,,75491,4,,,1,55,,75512,4,,,1,15,,75452,4,,,1,15,,75472,4,,,1,15,,75492,4,,,1,55,,75513,4,,,1,15,,75453,4,,,1,15,,75473,4,,,1,15,,75493,4,,,1,55,,75514,4,,,1,15,,75454,4,,,1,15,,75474,4,,,1,15,,75494,4,,,1,55,,75515,4,,,1,15,,75455,4,,,1,15,,75475,4,,,1,15,,75495,4,,,1,55,,75516,4,,,1,15,,75456,4,,,1,15,,75476,4,,,1,15,,75496,4,,,1,55,,75517,4,,,1,15,,75457,4,,,1,15,,75477,4,,,1,15,,75497,4,,,1,55,,75518,4,,,1,15,,75458,4,,,1,15,,75478,4,,,1,15,,75498,4,,,1,55,,75519,4,,,1,15,,75459,4,,,1,15,,75479,4,,,1,15,,75499,4,,,1,55,,75520,4,,,1,15,,75460,4,,,1,15,,75480,4,,,1,15,,75500,4,,,1,55,,75521,4,,,1,15,,75461,4,,,1,15,,75481,4,,,1,15,,75501,4,,,1,55,,75522,4,,,1,15,,75462,4,,,1,15,,75482,4,,,1,15,,75502,4,,,1,55,,75523,4,,,1,15,,75463,4,,,1,15,,75483,4,,,1,15,,75503,4,,,1,55,,75524,4,,,1,15,,75464,4,,,1,15,,75484,4,,,1,15,,75504,4,,,1,55,,75525,4,,,1,15,,75465,4,,,1,15,,75485,4,,,1,15,,75505,4,,,1,55,,75526,4,,,1,15,,75466,4,,,1,15,,75486,4,,,1,15,,75506,4,,,1,55,,75527,4,,,1,15,,75467,4,,,1,15,,75487,4,,,1,15,,75507,4,,,1,55,,75528,4,,,1,15,,75468,4,,,1
0,'20261212',616,,75529,4,,,1,15,,75549,4,,,1,15,,75568,4,,,1,55,,75587,4,,,1,15,,75530,4,,,1,15,,75550,4,,,1,15,,75569,4,,,1,55,,75588,4,,,1,15,,75531,4,,,1,15,,75551,4,,,1,15,,75570,4,,,1,55,,75589,4,,,1,15,,75532,4,,,1,15,,75552,4,,,1,15,,75571,4,,,1,55,,75590,4,,,1,15,,75533,4,,,1,15,,75553,4,,,1,15,,75572,4,,,1,55,,75591,4,,,1,15,,75534,4,,,1,15,,75554,4,,,1,15,,75573,4,,,1,55,,75592,4,,,1,15,,75535,4,,,1,15,,75555,4,,,1,15,,75574,4,,,1,55,,75593,4,,,1,15,,75536,4,,,1,15,,75556,4,,,1,15,,75575,4,,,1,55,,75594,4,,,1,15,,75537,4,,,1,15,,75557,4,,,1,15,,75576,4,,,1,55,,75595,4,,,1,15,,75538,4,,,1,15,,75558,4,,,1,15,,75577,4,,,1,55,,75596,4,,,1,15,,75539,4,,,1,15,,75559,4,,,1,15,,75578,4,,,1,55,,75597,4,,,1,15,,75540,4,,,1,15,,75560,4,,,1,15,,75579,4,,,1,55,,75598,4,,,1,15,,75541,4,,,1,15,,75561,4,,,1,15,,75580,4,,,1,55,,75599,4,,,1,15,,75542,4,,,1,15,,75562,4,,,1,15,,75581,4,,,1,55,,75600,4,,,1,15,,75543,4,,,1,15,,75563,4,,,1,15,,75582,4,,,1,55,,75601,4,,,1,15,,75544,4,,,1,15,,75564,4,,,1,15,,75583,4,,,1,55,,75602,4,,,1,15,,75545,4,,,1,15,,75565,4,,,1,15,,75584,4,,,1,55,,75603,4,,,1,15,,75546,4,,,1,15,,75566,4,,,1,15,,75585,4,,,1,55,,75604,4,,,1,15,,75547,4,,,1,15,,75567,4,,,1,15,,75586,4,,,1,55,,75605,4,,,1,15,,75548,4,,,1
0,'20261213',616,,75606,4,,,1,15,,75626,4,,,1,15,,75645,4,,,1,55,,75664,4,,,1,15,,75607,4,,,1,15,,75627,4,,,1,15,,75646,4,,,1,55,,75665,4,,,1,15,,75608,4,,,1,15,,75628,4,,,1,15,,75647,4,,,1,55,,75666,4,,,1,15,,75609,4,,,1,15,,75629,4,,,1,15,,75648,4,,,1,55,,75667,4,,,1,15,,75610,4,,,1,15,,75630,4,,,1,15,,75649,4,,,1,55,,75668,4,,,1,15,,75611,4,,,1,15,,75631,4,,,1,15,,75650,4,,,1,55,,75669,4,,,1,15,,75612,4,,,1,15,,75632,4,,,1,15,,75651,4,,,1,55,,75670,4,,,1,15,,75613,4,,,1,15,,75633,4,,,1,15,,75652,4,,,1,55,,75671,4,,,1,15,,75614,4,,,1,15,,75634,4,,,1,15,,75653,4,,,1,55,,75672,4,,,1,15,,75615,4,,,1,15,,75635,4,,,1,15,,75654,4,,,1,55,,75673,4,,,1,15,,75616,4,,,1,15,,75636,4,,,1,15,,75655,4,,,1,55,,75674,4,,,1,15,,75617,4,,,1,15,,75637,4,,,1,15,,75656,4,,,1,55,,75675,4,,,1,15,,75618,4,,,1,15,,75638,4,,,1,15,,75657,4,,,1,55,,75676,4,,,1,15,,75619,4,,,1,15,,75639,4,,,1,15,,75658,4,,,1,55,,75677,4,,,1,15,,75620,4,,,1,15,,75640,4,,,1,15,,75659,4,,,1,55,,75678,4,,,1,15,,75621,4,,,1,15,,75641,4,,,1,15,,75660,4,,,1,55,,75679,4,,,1,15,,75622,4,,,1,15,,75642,4,,,1,15,,75661,4,,,1,55,,75680,4,,,1,15,,75623,4,,,1,15,,75643,4,,,1,15,,75662,4,,,1,55,,75681,4,,,1,15,,75624,4,,,1,15,,75644,4,,,1,15,,75663,4,,,1,55,,75682,4,,,1,15,,75625,4,,,1
0,'20261214',511,,75743,4,,,1,15,,75683,4,,,1,20,,75723,4,,,1,55,,75744,4,,,1,15,,75684,4,,,1,15,,75704,4,,,1,15,,75724,4,,,1,55,,75745,4,,,1,15,,75685,4,,,1,15,,75705,4,,,1,15,,75725,4,,,1,55,,75746,4,,,1,15,,75686,4,,,1,15,,75706,4,,,1,15,,75726,4,,,1,55,,75747,4,,,1,15,,75687,4,,,1,15,,75707,4,,,1,15,,75727,4,,,1,55,,75748,4,,,1,15,,75688,4,,,1,15,,75708,4,,,1,15,,75728,4,,,1,55,,75749,4,,,1,15,,75689,4,,,1,15,,75709,4,,,1,15,,75729,4,,,1,55,,75750,4,,,1,15,,75690,4,,,1,15,,75710,4,,,1,15,,75730,4,,,1,55,,75751,4,,,1,15,,75691,4,,,1,15,,75711,4,,,1,15,,75731,4,,,1,55,,75752,4,,,1,15,,75692,4,,,1,15,,75712,4,,,1,15,,75732,4,,,1,55,,75753,4,,,1,15,,75693,4,,,1,15,,75713,4,,,1,15,,75733,4,,,1,55,,75754,4,,,1,15,,75694,4,,,1,15,,75714,4,,,1,15,,75734,4,,,1,55,,75755,4,,,1,15,,75695,4,,,1,15,,75715,4,,,1,15,,75735,4,,,1,55,,75756,4,,,1,15,,75696,4,,,1,15,,75716,4,,,1,15,,75736,4,,,1,55,,75757,4,,,1,15,,75697,4,,,1,15,,75717,4,,,1,15,,75737,4,,,1,55,,75758,4,,,1,15,,75698,4,,,1,15,,75718,4,,,1,15,,75738,4,,,1,55,,75759,4,,,1,15,,75699,4,,,1,15,,75719,4,,,1,15,,75739,4,,,1,55,,75760,4,,,1,15,,75700,4,,,1,15,,75720,4,,,1,15,,75740,4,,,1,55,,75761,4,,,1,15,,75701,4,,,1,15,,75721,4,,,1,15,,75741,4,,,1,55,,75762,4,,,1,15,,75702,4,,,1,15,,75722,4,,,1,15,,75742,4,,,1,55,,75763,4,,,1,15,,75703,4,,,1
0,'20261215',511,,75824,4,,,1,15,,75764,4,,,1,20,,75804,4,,,1,55,,75825,4,,,1,15,,75765,4,,,1,15,,75785,4,,,1,15,,75805,4,,,1,55,,75826,4,,,1,15,,75766,4,,,1,15,,75786,4,,,1,15,,75806,4,,,1,55,,75827,4,,,1,15,,75767,4,,,1,15,,75787,4,,,1,15,,75807,4,,,1,55,,75828,4,,,1,15,,75768,4,,,1,15,,75788,4,,,1,15,,75808,4,,,1,55,,75829,4,,,1,15,,75769,4,,,1,15,,75789,4,,,1,15,,75809,4,,,1,55,,75830,4,,,1,15,,75770,4,,,1,15,,75790,4,,,1,15,,75810,4,,,1,55,,75831,4,,,1,15,,75771,4,,,1,15,,75791,4,,,1,15,,75811,4,,,1,55,,75832,4,,,1,15,,75772,4,,,1,15,,75792,4,,,1,15,,75812,4,,,1,55,,75833,4,,,1,15,,75773,4,,,1,15,,75793,4,,,1,15,,75813,4,,,1,55,,75834,4,,,1,15,,75774,4,,,1,15,,75794,4,,,1,15,,75814,4,,,1,55,,75835,4,,,1,15,,75775,4,,,1,15,,75795,4,,,1,15,,75815,4,,,1,55,,75836,4,,,1,15,,75776,4,,,1,15,,75796,4,,,1,15,,75816,4,,,1,55,,75837,4,,,1,15,,75777,4,,,1,15,,75797,4,,,1,15,,75817,4,,,1,55,,75838,4,,,1,15,,75778,4,,,1,15,,75798,4,,,1,15,,75818,4,,,1,55,,75839,4,,,1,15,,75779,4,,,1,15,,75799,4,,,1,15,,75819,4,,,1,55,,75840,4,,,1,15,,75780,4,,,1,15,,75800,4,,,1,15,,75820,4,,,1,55,,75841,4,,,1,15,,75781,4,,,1,15,,75801,4,,,1,15,,75821,4,,,1,55,,75842,4,,,1,15,,75782,4,,,1,15,,75802,4,,,1,15,,75822,4,,,1,55,,75843,4,,,1,15,,75783,4,,,1,15,,75803,4,,,1,15,,75823,4,,,1,55,,75844,4,,,1,15,,75784,4,,,1
0,'20261216',511,,75905,4,,,1,15,,75845,4,,,1,20,,75885,4,,,1,55,,75906,4,,,1,15,,75846,4,,,1,15,,75866,4,,,1,15,,75886,4,,,1,55,,75907,4,,,1,15,,75847,4,,,1,15,,75867,4,,,1,15,,75887,4,,,1,55,,75908,4,,,1,15,,75848,4,,,1,15,,75868,4,,,1,15,,75888,4,,,1,55,,75909,4,,,1,15,,75849,4,,,1,15,,75869,4,,,1,15,,75889,4,,,1,55,,75910,4,,,1,15,,75850,4,,,1,15,,75870,4,,,1,15,,75890,4,,,1,55,,75911,4,,,1,15,,75851,4,,,1,15,,75871,4,,,1,15,,75891,4,,,1,55,,75912,4,,,1,15,,75852,4,,,1,15,,75872,4,,,1,15,,75892,4,,,1,55,,75913,4,,,1,15,,75853,4,,,1,15,,75873,4,,,1,15,,75893,4,,,1,55,,75914,4,,,1,15,,75854,4,,,1,15,,75874,4,,,1,15,,75894,4,,,1,55,,75915,4,,,1,15,,75855,4,,,1,15,,75875,4,,,1,15,,75895,4,,,1,55,,75916,4,,,1,15,,75856,4,,,1,15,,75876,4,,,1,15,,75896,4,,,1,55,,75917,4,,,1,15,,75857,4,,,1,15,,75877,4,,,1,15,,75897,4,,,1,55,,75918,4,,,1,15,,75858,4,,,1,15,,75878,4,,,1,15,,75898,4,,,1,55,,75919,4,,,1,15,,75859,4,,,1,15,,75879,4,,,1,15,,75899,4,,,1,55,,75920,4,,,1,15,,75860,4,,,1,15,,75880,4,,,1,15,,75900,4,,,1,55,,75921,4,,,1,15,,75861,4,,,1,15,,75881,4,,,1,15,,75901,4,,,1,55,,75922,4,,,1,15,,75862,4,,,1,15,,75882,4,,,1,15,,75902,4,,,1,55,,75923,4,,,1,15,,75863,4,,,1,15,,75883,4,,,1,15,,75903,4,,,1,55,,75924,4,,,1,15,,75864,4,,,1,15,,75884,4,,,1,15,,75904,4,,,1,55,,75925,4,,,1,15,,75865,4,,,1
0,'20261217',511,,75986,4,,,1,15,,75926,4,,,1,20,,75966,4,,,1,55,,75987,4,,,1,15,,75927,4,,,1,15,,75947,4,,,1,15,,75967,4,,,1,55,,75988,4,,,1,15,,75928,4,,,1,15,,75948,4,,,1,15,,75968,4,,,1,55,,75989,4,,,1,15,,75929,4,,,1,15,,75949,4,,,1,15,,75969,4,,,1,55,,75990,4,,,1,15,,75930,4,,,1,15,,75950,4,,,1,15,,75970,4,,,1,55,,75991,4,,,1,15,,75931,4,,,1,15,,75951,4,,,1,15,,75971,4,,,1,55,,75992,4,,,1,15,,75932,4,,,1,15,,75952,4,,,1,15,,75972,4,,,1,55,,75993,4,,,1,15,,75933,4,,,1,15,,75953,4,,,1,15,,75973,4,,,1,55,,75994,4,,,1,15,,75934,4,,,1,15,,75954,4,,,1,15,,75974,4,,,1,55,,75995,4,,,1,15,,75935,4,,,1,15,,75955,4,,,1,15,,75975,4,,,1,55,,75996,4,,,1,15,,75936,4,,,1,15,,75956,4,,,1,15,,75976,4,,,1,55,,75997,4,,,1,15,,75937,4,,,1,15,,75957,4,,,1,15,,75977,4,,,1,55,,75998,4,,,1,15,,75938,4,,,1,15,,75958,4,,,1,15,,75978,4,,,1,55,,75999,4,,,1,15,,75939,4,,,1,15,,75959,4,,,1,15,,75979,4,,,1,55,,76000,4,,,1,15,,75940,4,,,1,15,,75960,4,,,1,15,,75980,4,,,1,55,,76001,4,,,1,15,,75941,4,,,1,15,,75961,4,,,1,15,,75981,4,,,1,55,,76002,4,,,1,15,,75942,4,,,1,15,,75962,4,,,1,15,,75982,4,,,1,55,,76003,4,,,1,15,,75943,4,,,1,15,,75963,4,,,1,15,,75983,4,,,1,55,,76004,4,,,1,15,,75944,4,,,1,15,,75964,4,,,1,15,,75984,4,,,1,55,,76005,4,,,1,15,,75945,4,,,1,15,,75965,4,,,1,15,,75985,4,,,1,55,,76006,4,,,1,15,,75946,4,,,1
0,'20261218',511,,76067,4,,,1,15,,76007,4,,,1,20,,76047,4,,,1,55,,76068,4,,,1,15,,76008,4,,,1,15,,76028,4,,,1,15,,76048,4,,,1,55,,76069,4,,,1,15,,76009,4,,,1,15,,76029,4,,,1,15,,76049,4,,,1,55,,76070,4,,,1,15,,76010,4,,,1,15,,76030,4,,,1,15,,76050,4,,,1,55,,76071,4,,,1,15,,76011,4,,,1,15,,76031,4,,,1,15,,76051,4,,,1,55,,76072,4,,,1,15,,76012,4,,,1,15,,76032,4,,,1,15,,76052,4,,,1,55,,76073,4,,,1,15,,76013,4,,,1,15,,76033,4,,,1,15,,76053,4,,,1,55,,76074,4,,,1,15,,76014,4,,,1,15,,76034,4,,,1,15,,76054,4,,,1,55,,76075,4,,,1,15,,76015,4,,,1,15,,76035,4,,,1,15,,76055,4,,,1,55,,76076,4,,,1,15,,76016,4,,,1,15,,76036,4,,,1,15,,76056,4,,,1,55,,76077,4,,,1,15,,76017,4,,,1,15,,76037,4,,,1,15,,76057,4,,,1,55,,76078,4,,,1,15,,76018,4,,,1,15,,76038,4,,,1,15,,76058,4,,,1,55,,76079,4,,,1,15,,76019,4,,,1,15,,76039,4,,,1,15,,76059,4,,,1,55,,76080,4,,,1,15,,76020,4,,,1,15,,76040,4,,,1,15,,76060,4,,,1,55,,76081,4,,,1,15,,76021,4,,,1,15,,76041,4,,,1,15,,76061,4,,,1,55,,76082,4,,,1,15,,76022,4,,,1,15,,76042,4,,,1,15,,76062,4,,,1,55,,76083,4,,,1,15,,76023,4,,,1,15,,76043,4,,,1,15,,76063,4,,,1,55,,76084,4,,,1,15,,76024,4,,,1,15,,76044,4,,,1,15,,76064,4,,,1,55,,76085,4,,,1,15,,76025,4,,,1,15,,76045,4,,,1,15,,76065,4,,,1,55,,76086,4,,,1,15,,76026,4,,,1,15,,76046,4,,,1,15,,76066,4,,,1,55,,76087,4,,,1,15,,76027,4,,,1
0,'20261219',616,,76088,4,,,1,15,,76108,4,,,1,15,,76127,4,,,1,55,,76146,4,,,1,15,,76089,4,,,1,15,,76109,4,,,1,15,,76128,4,,,1,55,,76147,4,,,1,15,,76090,4,,,1,15,,76110,4,,,1,15,,76129,4,,,1,55,,76148,4,,,1,15,,76091,4,,,1,15,,76111,4,,,1,15,,76130,4,,,1,55,,76149,4,,,1,15,,76092,4,,,1,15,,76112,4,,,1,15,,76131,4,,,1,55,,76150,4,,,1,15,,76093,4,,,1,15,,76113,4,,,1,15,,76132,4,,,1,55,,76151,4,,,1,15,,76094,4,,,1,15,,76114,4,,,1,15,,76133,4,,,1,55,,76152,4,,,1,15,,76095,4,,,1,15,,76115,4,,,1,15,,76134,4,,,1,55,,76153,4,,,1,15,,76096,4,,,1,15,,76116,4,,,1,15,,76135,4,,,1,55,,76154,4,,,1,15,,76097,4,,,1,15,,76117,4,,,1,15,,76136,4,,,1,55,,76155,4,,,1,15,,76098,4,,,1,15,,76118,4,,,1,15,,76137,4,,,1,55,,76156,4,,,1,15,,76099,4,,,1,15,,76119,4,,,1,15,,76138,4,,,1,55,,76157,4,,,1,15,,76100,4,,,1,15,,76120,4,,,1,15,,76139,4,,,1,55,,76158,4,,,1,15,,76101,4,,,1,15,,76121,4,,,1,15,,76140,4,,,1,55,,76159,4,,,1,15,,76102,4,,,1,15,,76122,4,,,1,15,,76141,4,,,1,55,,76160,4,,,1,15,,76103,4,,,1,15,,76123,4,,,1,15,,76142,4,,,1,55,,76161,4,,,1,15,,76104,4,,,1,15,,76124,4,,,1,15,,76143,4,,,1,55,,76162,4,,,1,15,,76105,4,,,1,15,,76125,4,,,1,15,,76144,4,,,1,55,,76163,4,,,1,15,,76106,4,,,1,15,,76126,4,,,1,15,,76145,4,,,1,55,,76164,4,,,1,15,,76107,4,,,1
0,'20261220',616,,76165,4,,,1,15,,76185,4,,,1,15,,76204,4,,,1,55,,76223,4,,,1,15,,76166,4,,,1,15,,76186,4,,,1,15,,76205,4,,,1,55,,76224,4,,,1,15,,76167,4,,,1,15,,76187,4,,,1,15,,76206,4,,,1,55,,76225,4,,,1,15,,76168,4,,,1,15,,76188,4,,,1,15,,76207,4,,,1,55,,76226,4,,,1,15,,76169,4,,,1,15,,76189,4,,,1,15,,76208,4,,,1,55,,76227,4,,,1,15,,76170,4,,,1,15,,76190,4,,,1,15,,76209,4,,,1,55,,76228,4,,,1,15,,76171,4,,,1,15,,76191,4,,,1,15,,76210,4,,,1,55,,76229,4,,,1,15,,76172,4,,,1,15,,76192,4,,,1,15,,76211,4,,,1,55,,76230,4,,,1,15,,76173,4,,,1,15,,76193,4,,,1,15,,76212,4,,,1,55,,76231,4,,,1,15,,76174,4,,,1,15,,76194,4,,,1,15,,76213,4,,,1,55,,76232,4,,,1,15,,76175,4,,,1,15,,76195,4,,,1,15,,76214,4,,,1,55,,76233,4,,,1,15,,76176,4,,,1,15,,76196,4,,,1,15,,76215,4,,,1,55,,76234,4,,,1,15,,76177,4,,,1,15,,76197,4,,,1,15,,76216,4,,,1,55,,76235,4,,,1,15,,76178,4,,,1,15,,76198,4,,,1,15,,76217,4,,,1,55,,76236,4,,,1,15,,76179,4,,,1,15,,76199,4,,,1,15,,76218,4,,,1,55,,76237,4,,,1,15,,76180,4,,,1,15,,76200,4,,,1,15,,76219,4,,,1,55,,76238,4,,,1,15,,76181,4,,,1,15,,76201,4,,,1,15,,76220,4,,,1,55,,76239,4,,,1,15,,76182,4,,,1,15,,76202,4,,,1,15,,76221,4,,,1,55,,76240,4,,,1,15,,76183,4,,,1,15,,76203,4,,,1,15,,76222,4,,,1,55,,76241,4,,,1,15,,76184,4,,,1
0,'20261221',511,,76302,4,,,1,15,,76242,4,,,1,20,,76282,4,,,1,55,,76303,4,,,1,15,,76243,4,,,1,15,,76263,4,,,1,15,,76283,4,,,1,55,,76304,4,,,1,15,,76244,4,,,1,15,,76264,4,,,1,15,,76284,4,,,1,55,,76305,4,,,1,15,,76245,4,,,1,15,,76265,4,,,1,15,,76285,4,,,1,55,,76306,4,,,1,15,,76246,4,,,1,15,,76266,4,,,1,15,,76286,4,,,1,55,,76307,4,,,1,15,,76247,4,,,1,15,,76267,4,,,1,15,,76287,4,,,1,55,,76308,4,,,1,15,,76248,4,,,1,15,,76268,4,,,1,15,,76288,4,,,1,55,,76309,4,,,1,15,,76249,4,,,1,15,,76269,4,,,1,15,,76289,4,,,1,55,,76310,4,,,1,15,,76250,4,,,1,15,,76270,4,,,1,15,,76290,4,,,1,55,,76311,4,,,1,15,,76251,4,,,1,15,,76271,4,,,1,15,,76291,4,,,1,55,,76312,4,,,1,15,,76252,4,,,1,15,,76272,4,,,1,15,,76292,4,,,1,55,,76313,4,,,1,15,,76253,4,,,1,15,,76273,4,,,1,15,,76293,4,,,1,55,,76314,4,,,1,15,,76254,4,,,1,15,,76274,4,,,1,15,,76294,4,,,1,55,,76315,4,,,1,15,,76255,4,,,1,15,,76275,4,,,1,15,,76295,4,,,1,55,,76316,4,,,1,15,,76256,4,,,1,15,,76276,4,,,1,15,,76296,4,,,1,55,,76317,4,,,1,15,,76257,4,,,1,15,,76277,4,,,1,15,,76297,4,,,1,55,,76318,4,,,1,15,,76258,4,,,1,15,,76278,4,,,1,15,,76298,4,,,1,55,,76319,4,,,1,15,,76259,4,,,1,15,,76279,4,,,1,15,,76299,4,,,1,55,,76320,4,,,1,15,,76260,4,,,1,15,,76280,4,,,1,15,,76300,4,,,1,55,,76321,4,,,1,15,,76261,4,,,1,15,,76281,4,,,1,15,,76301,4,,,1,55,,76322,4,,,1,15,,76262,4,,,1
0,'20261222',511,,76383,4,,,1,15,,76323,4,,,1,20,,76363,4,,,1,55,,76384,4,,,1,15,,76324,4,,,1,15,,76344,4,,,1,15,,76364,4,,,1,55,,76385,4,,,1,15,,76325,4,,,1,15,,76345,4,,,1,15,,76365,4,,,1,55,,76386,4,,,1,15,,76326,4,,,1,15,,76346,4,,,1,15,,76366,4,,,1,55,,76387,4,,,1,15,,76327,4,,,1,15,,76347,4,,,1,15,,76367,4,,,1,55,,76388,4,,,1,15,,76328,4,,,1,15,,76348,4,,,1,15,,76368,4,,,1,55,,76389,4,,,1,15,,76329,4,,,1,15,,76349,4,,,1,15,,76369,4,,,1,55,,76390,4,,,1,15,,76330,4,,,1,15,,76350,4,,,1,15,,76370,4,,,1,55,,76391,4,,,1,15,,76331,4,,,1,15,,76351,4,,,1,15,,76371,4,,,1,55,,76392,4,,,1,15,,76332,4,,,1,15,,76352,4,,,1,15,,76372,4,,,1,55,,76393,4,,,1,15,,76333,4,,,1,15,,76353,4,,,1,15,,76373,4,,,1,55,,76394,4,,,1,15,,76334,4,,,1,15,,76354,4,,,1,15,,76374,4,,,1,55,,76395,4,,,1,15,,76335,4,,,1,15,,76355,4,,,1,15,,76375,4,,,1,55,,76396,4,,,1,15,,76336,4,,,1,15,,76356,4,,,1,15,,76376,4,,,1,55,,76397,4,,,1,15,,76337,4,,,1,15,,76357,4,,,1,15,,76377,4,,,1,55,,76398,4,,,1,15,,76338,4,,,1,15,,76358,4,,,1,15,,76378,4,,,1,55,,76399,4,,,1,15,,76339,4,,,1,15,,76359,4,,,1,15,,76379,4,,,1,55,,76400,4,,,1,15,,76340,4,,,1,15,,76360,4,,,1,15,,76380,4,,,1,55,,76401,4,,,1,15,,76341,4,,,1,15,,76361,4,,,1,15,,76381,4,,,1,55,,76402,4,,,1,15,,76342,4,,,1,15,,76362,4,,,1,15,,76382,4,,,1,55,,76403,4,,,1,15,,76343,4,,,1
0,'20261223',511,,76464,4,,,1,15,,76404,4,,,1,20,,76444,4,,,1,55,,76465,4,,,1,15,,76405,4,,,1,15,,76425,4,,,1,15,,76445,4,,,1,55,,76466,4,,,1,15,,76406,4,,,1,15,,76426,4,,,1,15,,76446,4,,,1,55,,76467,4,,,1,15,,76407,4,,,1,15,,76427,4,,,1,15,,76447,4,,,1,55,,76468,4,,,1,15,,76408,4,,,1,15,,76428,4,,,1,15,,76448,4,,,1,55,,76469,4,,,1,15,,76409,4,,,1,15,,76429,4,,,1,15,,76449,4,,,1,55,,76470,4,,,1,15,,76410,4,,,1,15,,76430,4,,,1,15,,76450,4,,,1,55,,76471,4,,,1,15,,76411,4,,,1,15,,76431,4,,,1,15,,76451,4,,,1,55,,76472,4,,,1,15,,76412,4,,,1,15,,76432,4,,,1,15,,76452,4,,,1,55,,76473,4,,,1,15,,76413,4,,,1,15,,76433,4,,,1,15,,76453,4,,,1,55,,76474,4,,,1,15,,76414,4,,,1,15,,76434,4,,,1,15,,76454,4,,,1,55,,76475,4,,,1,15,,76415,4,,,1,15,,76435,4,,,1,15,,76455,4,,,1,55,,76476,4,,,1,15,,76416,4,,,1,15,,76436,4,,,1,15,,76456,4,,,1,55,,76477,4,,,1,15,,76417,4,,,1,15,,76437,4,,,1,15,,76457,4,,,1,55,,76478,4,,,1,15,,76418,4,,,1,15,,76438,4,,,1,15,,76458,4,,,1,55,,76479,4,,,1,15,,76419,4,,,1,15,,76439,4,,,1,15,,76459,4,,,1,55,,76480,4,,,1,15,,76420,4,,,1,15,,76440,4,,,1,15,,76460,4,,,1,55,,76481,4,,,1,15,,76421,4,,,1,15,,76441,4,,,1,15,,76461,4,,,1,55,,76482,4,,,1,15,,76422,4,,,1,15,,76442,4,,,1,15,,76462,4,,,1,55,,76483,4,,,1,15,,76423,4,,,1,15,,76443,4,,,1,15,,76463,4,,,1,55,,76484,4,,,1,15,,76424,4,,,1
0,'20261224',511,,76545,4,,,1,15,,76485,4,,,1,20,,76525,4,,,1,55,,76546,4,,,1,15,,76486,4,,,1,15,,76506,4,,,1,15,,76526,4,,,1,55,,76547,4,,,1,15,,76487,4,,,1,15,,76507,4,,,1,15,,76527,4,,,1,55,,76548,4,,,1,15,,76488,4,,,1,15,,76508,4,,,1,15,,76528,4,,,1,55,,76549,4,,,1,15,,76489,4,,,1,15,,76509,4,,,1,15,,76529,4,,,1,55,,76550,4,,,1,15,,76490,4,,,1,15,,76510,4,,,1,15,,76530,4,,,1,55,,76551,4,,,1,15,,76491,4,,,1,15,,76511,4,,,1,15,,76531,4,,,1,55,,76552,4,,,1,15,,76492,4,,,1,15,,76512,4,,,1,15,,76532,4,,,1,55,,76553,4,,,1,15,,76493,4,,,1,15,,76513,4,,,1,15,,76533,4,,,1,55,,76554,4,,,1,15,,76494,4,,,1,15,,76514,4,,,1,15,,76534,4,,,1,55,,76555,4,,,1,15,,76495,4,,,1,15,,76515,4,,,1,15,,76535,4,,,1,55,,76556,4,,,1,15,,76496,4,,,1,15,,76516,4,,,1,15,,76536,4,,,1,55,,76557,4,,,1,15,,76497,4,,,1,15,,76517,4,,,1,15,,76537,4,,,1,55,,76558,4,,,1,15,,76498,4,,,1,15,,76518,4,,,1,15,,76538,4,,,1,55,,76559,4,,,1,15,,76499,4,,,1,15,,76519,4,,,1,15,,76539,4,,,1,55,,76560,4,,,1,15,,76500,4,,,1,15,,76520,4,,,1,15,,76540,4,,,1,55,,76561,4,,,1,15,,76501,4,,,1,15,,76521,4,,,1,15,,76541,4,,,1,55,,76562,4,,,1,15,,76502,4,,,1,15,,76522,4,,,1,15,,76542,4,,,1,55,,76563,4,,,1,15,,76503,4,,,1,15,,76523,4,,,1,15,,76543,4,,,1,55,,76564,4,,,1,15,,76504,4,,,1,15,,76524,4,,,1,15,,76544,4,,,1,55,,76565,4,,,1,15,,76505,4,,,1
0,'20261225',511,,76626,4,,,1,15,,76566,4,,,1,20,,76606,4,,,1,55,,76627,4,,,1,15,,76567,4,,,1,15,,76587,4,,,1,15,,76607,4,,,1,55,,76628,4,,,1,15,,76568,4,,,1,15,,76588,4,,,1,15,,76608,4,,,1,55,,76629,4,,,1,15,,76569,4,,,1,15,,76589,4,,,1,15,,76609,4,,,1,55,,76630,4,,,1,15,,76570,4,,,1,15,,76590,4,,,1,15,,76610,4,,,1,55,,76631,4,,,1,15,,76571,4,,,1,15,,76591,4,,,1,15,,76611,4,,,1,55,,76632,4,,,1,15,,76572,4,,,1,15,,76592,4,,,1,15,,76612,4,,,1,55,,76633,4,,,1,15,,76573,4,,,1,15,,76593,4,,,1,15,,76613,4,,,1,55,,76634,4,,,1,15,,76574,4,,,1,15,,76594,4,,,1,15,,76614,4,,,1,55,,76635,4,,,1,15,,76575,4,,,1,15,,76595,4,,,1,15,,76615,4,,,1,55,,76636,4,,,1,15,,76576,4,,,1,15,,76596,4,,,1,15,,76616,4,,,1,55,,76637,4,,,1,15,,76577,4,,,1,15,,76597,4,,,1,15,,76617,4,,,1,55,,76638,4,,,1,15,,76578,4,,,1,15,,76598,4,,,1,15,,76618,4,,,1,55,,76639,4,,,1,15,,76579,4,,,1,15,,76599,4,,,1,15,,76619,4,,,1,55,,76640,4,,,1,15,,76580,4,,,1,15,,76600,4,,,1,15,,76620,4,,,1,55,,76641,4,,,1,15,,76581,4,,,1,15,,76601,4,,,1,15,,76621,4,,,1,55,,76642,4,,,1,15,,76582,4,,,1,15,,76602,4,,,1,15,,76622,4,,,1,55,,76643,4,,,1,15,,76583,4,,,1,15,,76603,4,,,1,15,,76623,4,,,1,55,,76644,4,,,1,15,,76584,4,,,1,15,,76604,4,,,1,15,,76624,4,,,1,55,,76645,4,,,1,15,,76585,4,,,1,15,,76605,4,,,1,15,,76625,4,,,1,55,,76646,4,,,1,15,,76586,4,,,1
0,'20261226',616,,76647,4,,,1,15,,76667,4,,,1,15,,76686,4,,,1,55,,76705,4,,,1,15,,76648,4,,,1,15,,76668,4,,,1,15,,76687,4,,,1,55,,76706,4,,,1,15,,76649,4,,,1,15,,76669,4,,,1,15,,76688,4,,,1,55,,76707,4,,,1,15,,76650,4,,,1,15,,76670,4,,,1,15,,76689,4,,,1,55,,76708,4,,,1,15,,76651,4,,,1,15,,76671,4,,,1,15,,76690,4,,,1,55,,76709,4,,,1,15,,76652,4,,,1,15,,76672,4,,,1,15,,76691,4,,,1,55,,76710,4,,,1,15,,76653,4,,,1,15,,76673,4,,,1,15,,76692,4,,,1,55,,76711,4,,,1,15,,76654,4,,,1,15,,76674,4,,,1,15,,76693,4,,,1,55,,76712,4,,,1,15,,76655,4,,,1,15,,76675,4,,,1,15,,76694,4,,,1,55,,76713,4,,,1,15,,76656,4,,,1,15,,76676,4,,,1,15,,76695,4,,,1,55,,76714,4,,,1,15,,76657,4,,,1,15,,76677,4,,,1,15,,76696,4,,,1,55,,76715,4,,,1,15,,76658,4,,,1,15,,76678,4,,,1,15,,76697,4,,,1,55,,76716,4,,,1,15,,76659,4,,,1,15,,76679,4,,,1,15,,76698,4,,,1,55,,76717,4,,,1,15,,76660,4,,,1,15,,76680,4,,,1,15,,76699,4,,,1,55,,76718,4,,,1,15,,76661,4,,,1,15,,76681,4,,,1,15,,76700,4,,,1,55,,76719,4,,,1,15,,76662,4,,,1,15,,76682,4,,,1,15,,76701,4,,,1,55,,76720,4,,,1,15,,76663,4,,,1,15,,76683,4,,,1,15,,76702,4,,,1,55,,76721,4,,,1,15,,76664,4,,,1,15,,76684,4,,,1,15,,76703,4,,,1,55,,76722,4,,,1,15,,76665,4,,,1,15,,76685,4,,,1,15,,76704,4,,,1,55,,76723,4,,,1,15,,76666,4,,,1
0,'20261227',616,,76724,4,,,1,15,,76744,4,,,1,15,,76763,4,,,1,55,,76782,4,,,1,15,,76725,4,,,1,15,,76745,4,,,1,15,,76764,4,,,1,55,,76783,4,,,1,15,,76726,4,,,1,15,,76746,4,,,1,15,,76765,4,,,1,55,,76784,4,,,1,15,,76727,4,,,1,15,,76747,4,,,1,15,,76766,4,,,1,55,,76785,4,,,1,15,,76728,4,,,1,15,,76748,4,,,1,15,,76767,4,,,1,55,,76786,4,,,1,15,,76729,4,,,1,15,,76749,4,,,1,15,,76768,4,,,1,55,,76787,4,,,1,15,,76730,4,,,1,15,,76750,4,,,1,15,,76769,4,,,1,55,,76788,4,,,1,15,,76731,4,,,1,15,,76751,4,,,1,15,,76770,4,,,1,55,,76789,4,,,1,15,,76732,4,,,1,15,,76752,4,,,1,15,,76771,4,,,1,55,,76790,4,,,1,15,,76733,4,,,1,15,,76753,4,,,1,15,,76772,4,,,1,55,,76791,4,,,1,15,,76734,4,,,1,15,,76754,4,,,1,15,,76773,4,,,1,55,,76792,4,,,1,15,,76735,4,,,1,15,,76755,4,,,1,15,,76774,4,,,1,55,,76793,4,,,1,15,,76736,4,,,1,15,,76756,4,,,1,15,,76775,4,,,1,55,,76794,4,,,1,15,,76737,4,,,1,15,,76757,4,,,1,15,,76776,4,,,1,55,,76795,4,,,1,15,,76738,4,,,1,15,,76758,4,,,1,15,,76777,4,,,1,55,,76796,4,,,1,15,,76739,4,,,1,15,,76759,4,,,1,15,,76778,4,,,1,55,,76797,4,,,1,15,,76740,4,,,1,15,,76760,4,,,1,15,,76779,4,,,1,55,,76798,4,,,1,15,,76741,4,,,1,15,,76761,4,,,1,15,,76780,4,,,1,55,,76799,4,,,1,15,,76742,4,,,1,15,,76762,4,,,1,15,,76781,4,,,1,55,,76800,4,,,1,15,,76743,4,,,1
0,'20261228',511,,76861,4,,,1,15,,76801,4,,,1,20,,76841,4,,,1,55,,76862,4,,,1,15,,76802,4,,,1,15,,76822,4,,,1,15,,76842,4,,,1,55,,76863,4,,,1,15,,76803,4,,,1,15,,76823,4,,,1,15,,76843,4,,,1,55,,76864,4,,,1,15,,76804,4,,,1,15,,76824,4,,,1,15,,76844,4,,,1,55,,76865,4,,,1,15,,76805,4,,,1,15,,76825,4,,,1,15,,76845,4,,,1,55,,76866,4,,,1,15,,76806,4,,,1,15,,76826,4,,,1,15,,76846,4,,,1,55,,76867,4,,,1,15,,76807,4,,,1,15,,76827,4,,,1,15,,76847,4,,,1,55,,76868,4,,,1,15,,76808,4,,,1,15,,76828,4,,,1,15,,76848,4,,,1,55,,76869,4,,,1,15,,76809,4,,,1,15,,76829,4,,,1,15,,76849,4,,,1,55,,76870,4,,,1,15,,76810,4,,,1,15,,76830,4,,,1,15,,76850,4,,,1,55,,76871,4,,,1,15,,76811,4,,,1,15,,76831,4,,,1,15,,76851,4,,,1,55,,76872,4,,,1,15,,76812,4,,,1,15,,76832,4,,,1,15,,76852,4,,,1,55,,76873,4,,,1,15,,76813,4,,,1,15,,76833,4,,,1,15,,76853,4,,,1,55,,76874,4,,,1,15,,76814,4,,,1,15,,76834,4,,,1,15,,76854,4,,,1,55,,76875,4,,,1,15,,76815,4,,,1,15,,76835,4,,,1,15,,76855,4,,,1,55,,76876,4,,,1,15,,76816,4,,,1,15,,76836,4,,,1,15,,76856,4,,,1,55,,76877,4,,,1,15,,76817,4,,,1,15,,76837,4,,,1,15,,76857,4,,,1,55,,76878,4,,,1,15,,76818,4,,,1,15,,76838,4,,,1,15,,76858,4,,,1,55,,76879,4,,,1,15,,76819,4,,,1,15,,76839,4,,,1,15,,76859,4,,,1,55,,76880,4,,,1,15,,76820,4,,,1,15,,76840,4,,,1,15,,76860,4,,,1,55,,76881,4,,,1,15,,76821,4,,,1
0,'20261229',511,,76942,4,,,1,15,,76882,4,,,1,20,,76922,4,,,1,55,,76943,4,,,1,15,,76883,4,,,1,15,,76903,4,,,1,15,,76923,4,,,1,55,,76944,4,,,1,15,,76884,4,,,1,15,,76904,4,,,1,15,,76924,4,,,1,55,,76945,4,,,1,15,,76885,4,,,1,15,,76905,4,,,1,15,,76925,4,,,1,55,,76946,4,,,1,15,,76886,4,,,1,15,,76906,4,,,1,15,,76926,4,,,1,55,,76947,4,,,1,15,,76887,4,,,1,15,,76907,4,,,1,15,,76927,4,,,1,55,,76948,4,,,1,15,,76888,4,,,1,15,,76908,4,,,1,15,,76928,4,,,1,55,,76949,4,,,1,15,,76889,4,,,1,15,,76909,4,,,1,15,,76929,4,,,1,55,,76950,4,,,1,15,,76890,4,,,1,15,,76910,4,,,1,15,,76930,4,,,1,55,,76951,4,,,1,15,,76891,4,,,1,15,,76911,4,,,1,15,,76931,4,,,1,55,,76952,4,,,1,15,,76892,4,,,1,15,,76912,4,,,1,15,,76932,4,,,1,55,,76953,4,,,1,15,,76893,4,,,1,15,,76913,4,,,1,15,,76933,4,,,1,55,,76954,4,,,1,15,,76894,4,,,1,15,,76914,4,,,1,15,,76934,4,,,1,55,,76955,4,,,1,15,,76895,4,,,1,15,,76915,4,,,1,15,,76935,4,,,1,55,,76956,4,,,1,15,,76896,4,,,1,15,,76916,4,,,1,15,,76936,4,,,1,55,,76957,4,,,1,15,,76897,4,,,1,15,,76917,4,,,1,15,,76937,4,,,1,55,,76958,4,,,1,15,,76898,4,,,1,15,,76918,4,,,1,15,,76938,4,,,1,55,,76959,4,,,1,15,,76899,4,,,1,15,,76919,4,,,1,15,,76939,4,,,1,55,,76960,4,,,1,15,,76900,4,,,1,15,,76920,4,,,1,15,,76940,4,,,1,55,,76961,4,,,1,15,,76901,4,,,1,15,,76921,4,,,1,15,,76941,4,,,1,55,,76962,4,,,1,15,,76902,4,,,1
0,'20261230',511,,77023,4,,,1,15,,76963,4,,,1,20,,77003,4,,,1,55,,77024,4,,,1,15,,76964,4,,,1,15,,76984,4,,,1,15,,77004,4,,,1,55,,77025,4,,,1,15,,76965,4,,,1,15,,76985,4,,,1,15,,77005,4,,,1,55,,77026,4,,,1,15,,76966,4,,,1,15,,76986,4,,,1,15,,77006,4,,,1,55,,77027,4,,,1,15,,76967,4,,,1,15,,76987,4,,,1,15,,77007,4,,,1,55,,77028,4,,,1,15,,76968,4,,,1,15,,76988,4,,,1,15,,77008,4,,,1,55,,77029,4,,,1,15,,76969,4,,,1,15,,76989,4,,,1,15,,77009,4,,,1,55,,77030,4,,,1,15,,76970,4,,,1,15,,76990,4,,,1,15,,77010,4,,,1,55,,77031,4,,,1,15,,76971,4,,,1,15,,76991,4,,,1,15,,77011,4,,,1,55,,77032,4,,,1,15,,76972,4,,,1,15,,76992,4,,,1,15,,77012,4,,,1,55,,77033,4,,,1,15,,76973,4,,,1,15,,76993,4,,,1,15,,77013,4,,,1,55,,77034,4,,,1,15,,76974,4,,,1,15,,76994,4,,,1,15,,77014,4,,,1,55,,77035,4,,,1,15,,76975,4,,,1,15,,76995,4,,,1,15,,77015,4,,,1,55,,77036,4,,,1,15,,76976,4,,,1,15,,76996,4,,,1,15,,77016,4,,,1,55,,77037,4,,,1,15,,76977,4,,,1,15,,76997,4,,,1,15,,77017,4,,,1,55,,77038,4,,,1,15,,76978,4,,,1,15,,76998,4,,,1,15,,77018,4,,,1,55,,77039,4,,,1,15,,76979,4,,,1,15,,76999,4,,,1,15,,77019,4,,,1,55,,77040,4,,,1,15,,76980,4,,,1,15,,77000,4,,,1,15,,77020,4,,,1,55,,77041,4,,,1,15,,76981,4,,,1,15,,77001,4,,,1,15,,77021,4,,,1,55,,77042,4,,,1,15,,76982,4,,,1,15,,77002,4,,,1,15,,77022,4,,,1,55,,77043,4,,,1,15,,76983,4,,,1
0,'20261231',511,,77104,4,,,1,15,,77044,4,,,1,20,,77084,4,,,1,55,,77105,4,,,1,15,,77045,4,,,1,15,,77065,4,,,1,15,,77085,4,,,1,55,,77106,4,,,1,15,,77046,4,,,1,15,,77066,4,,,1,15,,77086,4,,,1,55,,77107,4,,,1,15,,77047,4,,,1,15,,77067,4,,,1,15,,77087,4,,,1,55,,77108,4,,,1,15,,77048,4,,,1,15,,77068,4,,,1,15,,77088,4,,,1,55,,77109,4,,,1,15,,77049,4,,,1,15,,77069,4,,,1,15,,77089,4,,,1,55,,77110,4,,,1,15,,77050,4,,,1,15,,77070,4,,,1,15,,77090,4,,,1,55,,77111,4,,,1,15,,77051,4,,,1,15,,77071,4,,,1,15,,77091,4,,,1,55,,77112,4,,,1,15,,77052,4,,,1,15,,77072,4,,,1,15,,77092,4,,,1,55,,77113,4,,,1,15,,77053,4,,,1,15,,77073,4,,,1,15,,77093,4,,,1,55,,77114,4,,,1,15,,77054,4,,,1,15,,77074,4,,,1,15,,77094,4,,,1,55,,77115,4,,,1,15,,77055,4,,,1,15,,77075,4,,,1,15,,77095,4,,,1,55,,77116,4,,,1,15,,77056,4,,,1,15,,77076,4,,,1,15,,77096,4,,,1,55,,77117,4,,,1,15,,77057,4,,,1,15,,77077,4,,,1,15,,77097,4,,,1,55,,77118,4,,,1,15,,77058,4,,,1,15,,77078,4,,,1,15,,77098,4,,,1,55,,77119,4,,,1,15,,77059,4,,,1,15,,77079,4,,,1,15,,77099,4,,,1,55,,77120,4,,,1,15,,77060,4,,,1,15,,77080,4,,,1,15,,77100,4,,,1,55,,77121,4,,,1,15,,77061,4,,,1,15,,77081,4,,,1,15,,77101,4,,,1,55,,77122,4,,,1,15,,77062,4,,,1,15,,77082,4,,,1,15,,77102,4,,,1,55,,77123,4,,,1,15,,77063,4,,,1,15,,77083,4,,,1,15,,77103,4,,,1,55,,77124,4,,,1,15,,77064,4,,,1
0,'20270101',511,,77185,4,,,1,15,,77125,4,,,1,20,,77165,4,,,1,55,,77186,4,,,1,15,,77126,4,,,1,15,,77146,4,,,1,15,,77166,4,,,1,55,,77187,4,,,1,15,,77127,4,,,1,15,,77147,4,,,1,15,,77167,4,,,1,55,,77188,4,,,1,15,,77128,4,,,1,15,,77148,4,,,1,15,,77168,4,,,1,55,,77189,4,,,1,15,,77129,4,,,1,15,,77149,4,,,1,15,,77169,4,,,1,55,,77190,4,,,1,15,,77130,4,,,1,15,,77150,4,,,1,15,,77170,4,,,1,55,,77191,4,,,1,15,,77131,4,,,1,15,,77151,4,,,1,15,,77171,4,,,1,55,,77192,4,,,1,15,,77132,4,,,1,15,,77152,4,,,1,15,,77172,4,,,1,55,,77193,4,,,1,15,,77133,4,,,1,15,,77153,4,,,1,15,,77173,4,,,1,55,,77194,4,,,1,15,,77134,4,,,1,15,,77154,4,,,1,15,,77174,4,,,1,55,,77195,4,,,1,15,,77135,4,,,1,15,,77155,4,,,1,15,,77175,4,,,1,55,,77196,4,,,1,15,,77136,4,,,1,15,,77156,4,,,1,15,,77176,4,,,1,55,,77197,4,,,1,15,,77137,4,,,1,15,,77157,4,,,1,15,,77177,4,,,1,55,,77198,4,,,1,15,,77138,4,,,1,15,,77158,4,,,1,15,,77178,4,,,1,55,,77199,4,,,1,15,,77139,4,,,1,15,,77159,4,,,1,15,,77179,4,,,1,55,,77200,4,,,1,15,,77140,4,,,1,15,,77160,4,,,1,15,,77180,4,,,1,55,,77201,4,,,1,15,,77141,4,,,1,15,,77161,4,,,1,15,,77181,4,,,1,55,,77202,4,,,1,15,,77142,4,,,1,15,,77162,4,,,1,15,,77182,4,,,1,55,,77203,4,,,1,15,,77143,4,,,1,15,,77163,4,,,1,15,,77183,4,,,1,55,,77204,4,,,1,15,,77144,4,,,1,15,,77164,4,,,1,15,,77184,4,,,1,55,,77205,4,,,1,15,,77145,4,,,1
0,'20270102',616,,77206,4,,,1,15,,77226,4,,,1,15,,77245,4,,,1,55,,77264,4,,,1,15,,77207,4,,,1,15,,77227,4,,,1,15,,77246,4,,,1,55,,77265,4,,,1,15,,77208,4,,,1,15,,77228,4,,,1,15,,77247,4,,,1,55,,77266,4,,,1,15,,77209,4,,,1,15,,77229,4,,,1,15,,77248,4,,,1,55,,77267,4,,,1,15,,77210,4,,,1,15,,77230,4,,,1,15,,77249,4,,,1,55,,77268,4,,,1,15,,77211,4,,,1,15,,77231,4,,,1,15,,77250,4,,,1,55,,77269,4,,,1,15,,77212,4,,,1,15,,77232,4,,,1,15,,77251,4,,,1,55,,77270,4,,,1,15,,77213,4,,,1,15,,77233,4,,,1,15,,77252,4,,,1,55,,77271,4,,,1,15,,77214,4,,,1,15,,77234,4,,,1,15,,77253,4,,,1,55,,77272,4,,,1,15,,77215,4,,,1,15,,77235,4,,,1,15,,77254,4,,,1,55,,77273,4,,,1,15,,77216,4,,,1,15,,77236,4,,,1,15,,77255,4,,,1,55,,77274,4,,,1,15,,77217,4,,,1,15,,77237,4,,,1,15,,77256,4,,,1,55,,77275,4,,,1,15,,77218,4,,,1,15,,77238,4,,,1,15,,77257,4,,,1,55,,77276,4,,,1,15,,77219,4,,,1,15,,77239,4,,,1,15,,77258,4,,,1,55,,77277,4,,,1,15,,77220,4,,,1,15,,77240,4,,,1,15,,77259,4,,,1,55,,77278,4,,,1,15,,77221,4,,,1,15,,77241,4,,,1,15,,77260,4,,,1,55,,77279,4,,,1,15,,77222,4,,,1,15,,77242,4,,,1,15,,77261,4,,,1,55,,77280,4,,,1,15,,77223,4,,,1,15,,77243,4,,,1,15,,77262,4,,,1,55,,77281,4,,,1,15,,77224,4,,,1,15,,77244,4,,,1,15,,77263,4,,,1,55,,77282,4,,,1,15,,77225,4,,,1
0,'20270103',616,,77283,4,,,1,15,,77303,4,,,1,15,,77322,4,,,1,55,,77341,4,,,1,15,,77284,4,,,1,15,,77304,4,,,1,15,,77323,4,,,1,55,,77342,4,,,1,15,,77285,4,,,1,15,,77305,4,,,1,15,,77324,4,,,1,55,,77343,4,,,1,15,,77286,4,,,1,15,,77306,4,,,1,15,,77325,4,,,1,55,,77344,4,,,1,15,,77287,4,,,1,15,,77307,4,,,1,15,,77326,4,,,1,55,,77345,4,,,1,15,,77288,4,,,1,15,,77308,4,,,1,15,,77327,4,,,1,55,,77346,4,,,1,15,,77289,4,,,1,15,,77309,4,,,1,15,,77328,4,,,1,55,,77347,4,,,1,15,,77290,4,,,1,15,,77310,4,,,1,15,,77329,4,,,1,55,,77348,4,,,1,15,,77291,4,,,1,15,,77311,4,,,1,15,,77330,4,,,1,55,,77349,4,,,1,15,,77292,4,,,1,15,,77312,4,,,1,15,,77331,4,,,1,55,,77350,4,,,1,15,,77293,4,,,1,15,,77313,4,,,1,15,,77332,4,,,1,55,,77351,4,,,1,15,,77294,4,,,1,15,,77314,4,,,1,15,,77333,4,,,1,55,,77352,4,,,1,15,,77295,4,,,1,15,,77315,4,,,1,15,,77334,4,,,1,55,,77353,4,,,1,15,,77296,4,,,1,15,,77316,4,,,1,15,,77335,4,,,1,55,,77354,4,,,1,15,,77297,4,,,1,15,,77317,4,,,1,15,,77336,4,,,1,55,,77355,4,,,1,15,,77298,4,,,1,15,,77318,4,,,1,15,,77337,4,,,1,55,,77356,4,,,1,15,,77299,4,,,1,15,,77319,4,,,1,15,,77338,4,,,1,55,,77357,4,,,1,15,,77300,4,,,1,15,,77320,4,,,1,15,,77339,4,,,1,55,,77358,4,,,1,15,,77301,4,,,1,15,,77321,4,,,1,15,,77340,4,,,1,55,,77359,4,,,1,15,,77302,4,,,1
0,'20270104',511,,77420,4,,,1,15,,77360,4,,,1,20,,77400,4,,,1,55,,77421,4,,,1,15,,77361,4,,,1,15,,77381,4,,,1,15,,77401,4,,,1,55,,77422,4,,,1,15,,77362,4,,,1,15,,77382,4,,,1,15,,77402,4,,,1,55,,77423,4,,,1,15,,77363,4,,,1,15,,77383,4,,,1,15,,77403,4,,,1,55,,77424,4,,,1,15,,77364,4,,,1,15,,77384,4,,,1,15,,77404,4,,,1,55,,77425,4,,,1,15,,77365,4,,,1,15,,77385,4,,,1,15,,77405,4,,,1,55,,77426,4,,,1,15,,77366,4,,,1,15,,77386,4,,,1,15,,77406,4,,,1,55,,77427,4,,,1,15,,77367,4,,,1,15,,77387,4,,,1,15,,77407,4,,,1,55,,77428,4,,,1,15,,77368,4,,,1,15,,77388,4,,,1,15,,77408,4,,,1,55,,77429,4,,,1,15,,77369,4,,,1,15,,77389,4,,,1,15,,77409,4,,,1,55,,77430,4,,,1,15,,77370,4,,,1,15,,77390,4,,,1,15,,77410,4,,,1,55,,77431,4,,,1,15,,77371,4,,,1,15,,77391,4,,,1,15,,77411,4,,,1,55,,77432,4,,,1,15,,77372,4,,,1,15,,77392,4,,,1,15,,77412,4,,,1,55,,77433,4,,,1,15,,77373,4,,,1,15,,77393,4,,,1,15,,77413,4,,,1,55,,77434,4,,,1,15,,77374,4,,,1,15,,77394,4,,,1,15,,77414,4,,,1,55,,77435,4,,,1,15,,77375,4,,,1,15,,77395,4,,,1,15,,77415,4,,,1,55,,77436,4,,,1,15,,77376,4,,,1,15,,77396,4,,,1,15,,77416,4,,,1,55,,77437,4,,,1,15,,77377,4,,,1,15,,77397,4,,,1,15,,77417,4,,,1,55,,77438,4,,,1,15,,77378,4,,,1,15,,77398,4,,,1,15,,77418,4,,,1,55,,77439,4,,,1,15,,77379,4,,,1,15,,77399,4,,,1,15,,77419,4,,,1,55,,77440,4,,,1,15,,77380,4,,,1
0,'20270105',511,,77501,4,,,1,15,,77441,4,,,1,20,,77481,4,,,1,55,,77502,4,,,1,15,,77442,4,,,1,15,,77462,4,,,1,15,,77482,4,,,1,55,,77503,4,,,1,15,,77443,4,,,1,15,,77463,4,,,1,15,,77483,4,,,1,55,,77504,4,,,1,15,,77444,4,,,1,15,,77464,4,,,1,15,,77484,4,,,1,55,,77505,4,,,1,15,,77445,4,,,1,15,,77465,4,,,1,15,,77485,4,,,1,55,,77506,4,,,1,15,,77446,4,,,1,15,,77466,4,,,1,15,,77486,4,,,1,55,,77507,4,,,1,15,,77447,4,,,1,15,,77467,4,,,1,15,,77487,4,,,1,55,,77508,4,,,1,15,,77448,4,,,1,15,,77468,4,,,1,15,,77488,4,,,1,55,,77509,4,,,1,15,,77449,4,,,1,15,,77469,4,,,1,15,,77489,4,,,1,55,,77510,4,,,1,15,,77450,4,,,1,15,,77470,4,,,1,15,,77490,4,,,1,55,,77511,4,,,1,15,,77451,4,,,1,15,,77471,4,,,1,15,,77491,4,,,1,55,,77512,4,,,1,15,,77452,4,,,1,15,,77472,4,,,1,15,,77492,4,,,1,55,,77513,4,,,1,15,,77453,4,,,1,15,,77473,4,,,1,15,,77493,4,,,1,55,,77514,4,,,1,15,,77454,4,,,1,15,,77474,4,,,1,15,,77494,4,,,1,55,,77515,4,,,1,15,,77455,4,,,1,15,,77475,4,,,1,15,,77495,4,,,1,55,,77516,4,,,1,15,,77456,4,,,1,15,,77476,4,,,1,15,,77496,4,,,1,55,,77517,4,,,1,15,,77457,4,,,1,15,,77477,4,,,1,15,,77497,4,,,1,55,,77518,4,,,1,15,,77458,4,,,1,15,,77478,4,,,1,15,,77498,4,,,1,55,,77519,4,,,1,15,,77459,4,,,1,15,,77479,4,,,1,15,,77499,4,,,1,55,,77520,4,,,1,15,,77460,4,,,1,15,,77480,4,,,1,15,,77500,4,,,1,55,,77521,4,,,1,15,,77461,4,,,1
0,'20270106',511,,77582,4,,,1,15,,77522,4,,,1,20,,77562,4,,,1,55,,77583,4,,,1,15,,77523,4,,,1,15,,77543,4,,,1,15,,77563,4,,,1,55,,77584,4,,,1,15,,77524,4,,,1,15,,77544,4,,,1,15,,77564,4,,,1,55,,77585,4,,,1,15,,77525,4,,,1,15,,77545,4,,,1,15,,77565,4,,,1,55,,77586,4,,,1,15,,77526,4,,,1,15,,77546,4,,,1,15,,77566,4,,,1,55,,77587,4,,,1,15,,77527,4,,,1,15,,77547,4,,,1,15,,77567,4,,,1,55,,77588,4,,,1,15,,77528,4,,,1,15,,77548,4,,,1,15,,77568,4,,,1,55,,77589,4,,,1,15,,77529,4,,,1,15,,77549,4,,,1,15,,77569,4,,,1,55,,77590,4,,,1,15,,77530,4,,,1,15,,77550,4,,,1,15,,77570,4,,,1,55,,77591,4,,,1,15,,77531,4,,,1,15,,77551,4,,,1,15,,77571,4,,,1,55,,77592,4,,,1,15,,77532,4,,,1,15,,77552,4,,,1,15,,77572,4,,,1,55,,77593,4,,,1,15,,77533,4,,,1,15,,77553,4,,,1,15,,77573,4,,,1,55,,77594,4,,,1,15,,77534,4,,,1,15,,77554,4,,,1,15,,77574,4,,,1,55,,77595,4,,,1,15,,77535,4,,,1,15,,77555,4,,,1,15,,77575,4,,,1,55,,77596,4,,,1,15,,77536,4,,,1,15,,77556,4,,,1,15,,77576,4,,,1,55,,77597,4,,,1,15,,77537,4,,,1,15,,77557,4,,,1,15,,77577,4,,,1,55,,77598,4,,,1,15,,77538,4,,,1,15,,77558,4,,,1,15,,77578,4,,,1,55,,77599,4,,,1,15,,77539,4,,,1,15,,77559,4,,,1,15,,77579,4,,,1,55,,77600,4,,,1,15,,77540,4,,,1,15,,77560,4,,,1,15,,77580,4,,,1,55,,77601,4,,,1,15,,77541,4,,,1,15,,77561,4,,,1,15,,77581,4,,,1,55,,77602,4,,,1,15,,77542,4,,,1
0,'20270107',511,,77663,4,,,1,15,,77603,4,,,1,20,,77643,4,,,1,55,,77664,4,,,1,15,,77604,4,,,1,15,,77624,4,,,1,15,,77644,4,,,1,55,,77665,4,,,1,15,,77605,4,,,1,15,,77625,4,,,1,15,,77645,4,,,1,55,,77666,4,,,1,15,,77606,4,,,1,15,,77626,4,,,1,15,,77646,4,,,1,55,,77667,4,,,1,15,,77607,4,,,1,15,,77627,4,,,1,15,,77647,4,,,1,55,,77668,4,,,1,15,,77608,4,,,1,15,,77628,4,,,1,15,,77648,4,,,1,55,,77669,4,,,1,15,,77609,4,,,1,15,,77629,4,,,1,15,,77649,4,,,1,55,,77670,4,,,1,15,,77610,4,,,1,15,,77630,4,,,1,15,,77650,4,,,1,55,,77671,4,,,1,15,,77611,4,,,1,15,,77631,4,,,1,15,,77651,4,,,1,55,,77672,4,,,1,15,,77612,4,,,1,15,,77632,4,,,1,15,,77652,4,,,1,55,,77673,4,,,1,15,,77613,4,,,1,15,,77633,4,,,1,15,,77653,4,,,1,55,,77674,4,,,1,15,,77614,4,,,1,15,,77634,4,,,1,15,,77654,4,,,1,55,,77675,4,,,1,15,,77615,4,,,1,15,,77635,4,,,1,15,,77655,4,,,1,55,,77676,4,,,1,15,,77616,4,,,1,15,,77636,4,,,1,15,,77656,4,,,1,55,,77677,4,,,1,15,,77617,4,,,1,15,,77637,4,,,1,15,,77657,4,,,1,55,,77678,4,,,1,15,,77618,4,,,1,15,,77638,4,,,1,15,,77658,4,,,1,55,,77679,4,,,1,15,,77619,4,,,1,15,,77639,4,,,1,15,,77659,4,,,1,55,,77680,4,,,1,15,,77620,4,,,1,15,,77640,4,,,1,15,,77660,4,,,1,55,,77681,4,,,1,15,,77621,4,,,1,15,,77641,4,,,1,15,,77661,4,,,1,55,,77682,4,,,1,15,,77622,4,,,1,15,,77642,4,,,1,15,,77662,4,,,1,55,,77683,4,,,1,15,,77623,4,,,1
0,'20270108',511,,77744,4,,,1,15,,77684,4,,,1,20,,77724,4,,,1,55,,77745,4,,,1,15,,77685,4,,,1,15,,77705,4,,,1,15,,77725,4,,,1,55,,77746,4,,,1,15,,77686,4,,,1,15,,77706,4,,,1,15,,77726,4,,,1,55,,77747,4,,,1,15,,77687,4,,,1,15,,77707,4,,,1,15,,77727,4,,,1,55,,77748,4,,,1,15,,77688,4,,,1,15,,77708,4,,,1,15,,77728,4,,,1,55,,77749,4,,,1,15,,77689,4,,,1,15,,77709,4,,,1,15,,77729,4,,,1,55,,77750,4,,,1,15,,77690,4,,,1,15,,77710,4,,,1,15,,77730,4,,,1,55,,77751,4,,,1,15,,77691,4,,,1,15,,77711,4,,,1,15,,77731,4,,,1,55,,77752,4,,,1,15,,77692,4,,,1,15,,77712,4,,,1,15,,77732,4,,,1,55,,77753,4,,,1,15,,77693,4,,,1,15,,77713,4,,,1,15,,77733,4,,,1,55,,77754,4,,,1,15,,77694,4,,,1,15,,77714,4,,,1,15,,77734,4,,,1,55,,77755,4,,,1,15,,77695,4,,,1,15,,77715,4,,,1,15,,77735,4,,,1,55,,77756,4,,,1,15,,77696,4,,,1,15,,77716,4,,,1,15,,77736,4,,,1,55,,77757,4,,,1,15,,77697,4,,,1,15,,77717,4,,,1,15,,77737,4,,,1,55,,77758,4,,,1,15,,77698,4,,,1,15,,77718,4,,,1,15,,77738,4,,,1,55,,77759,4,,,1,15,,77699,4,,,1,15,,77719,4,,,1,15,,77739,4,,,1,55,,77760,4,,,1,15,,77700,4,,,1,15,,77720,4,,,1,15,,77740,4,,,1,55,,77761,4,,,1,15,,77701,4,,,1,15,,77721,4,,,1,15,,77741,4,,,1,55,,77762,4,,,1,15,,77702,4,,,1,15,,77722,4,,,1,15,,77742,4,,,1,55,,77763,4,,,1,15,,77703,4,,,1,15,,77723,4,,,1,15,,77743,4,,,1,55,,77764,4,,,1,15,,77704,4,,,1
0,'20270109',616,,77765,4,,,1,15,,77785,4,,,1,15,,77804,4,,,1,55,,77823,4,,,1,15,,77766,4,,,1,15,,77786,4,,,1,15,,77805,4,,,1,55,,77824,4,,,1,15,,77767,4,,,1,15,,77787,4,,,1,15,,77806,4,,,1,55,,77825,4,,,1,15,,77768,4,,,1,15,,77788,4,,,1,15,,77807,4,,,1,55,,77826,4,,,1,15,,77769,4,,,1,15,,77789,4,,,1,15,,77808,4,,,1,55,,77827,4,,,1,15,,77770,4,,,1,15,,77790,4,,,1,15,,77809,4,,,1,55,,77828,4,,,1,15,,77771,4,,,1,15,,77791,4,,,1,15,,77810,4,,,1,55,,77829,4,,,1,15,,77772,4,,,1,15,,77792,4,,,1,15,,77811,4,,,1,55,,77830,4,,,1,15,,77773,4,,,1,15,,77793,4,,,1,15,,77812,4,,,1,55,,77831,4,,,1,15,,77774,4,,,1,15,,77794,4,,,1,15,,77813,4,,,1,55,,77832,4,,,1,15,,77775,4,,,1,15,,77795,4,,,1,15,,77814,4,,,1,55,,77833,4,,,1,15,,77776,4,,,1,15,,77796,4,,,1,15,,77815,4,,,1,55,,77834,4,,,1,15,,77777,4,,,1,15,,77797,4,,,1,15,,77816,4,,,1,55,,77835,4,,,1,15,,77778,4,,,1,15,,77798,4,,,1,15,,77817,4,,,1,55,,77836,4,,,1,15,,77779,4,,,1,15,,77799,4,,,1,15,,77818,4,,,1,55,,77837,4,,,1,15,,77780,4,,,1,15,,77800,4,,,1,15,,77819,4,,,1,55,,77838,4,,,1,15,,77781,4,,,1,15,,77801,4,,,1,15,,77820,4,,,1,55,,77839,4,,,1,15,,77782,4,,,1,15,,77802,4,,,1,15,,77821,4,,,1,55,,77840,4,,,1,15,,77783,4,,,1,15,,77803,4,,,1,15,,77822,4,,,1,55,,77841,4,,,1,15,,77784,4,,,1
0,'20270110',616,,77842,4,,,1,15,,77862,4,,,1,15,,77881,4,,,1,55,,77900,4,,,1,15,,77843,4,,,1,15,,77863,4,,,1,15,,77882,4,,,1,55,,77901,4,,,1,15,,77844,4,,,1,15,,77864,4,,,1,15,,77883,4,,,1,55,,77902,4,,,1,15,,77845,4,,,1,15,,77865,4,,,1,15,,77884,4,,,1,55,,77903,4,,,1,15,,77846,4,,,1,15,,77866,4,,,1,15,,77885,4,,,1,55,,77904,4,,,1,15,,77847,4,,,1,15,,77867,4,,,1,15,,77886,4,,,1,55,,77905,4,,,1,15,,77848,4,,,1,15,,77868,4,,,1,15,,77887,4,,,1,55,,77906,4,,,1,15,,77849,4,,,1,15,,77869,4,,,1,15,,77888,4,,,1,55,,77907,4,,,1,15,,77850,4,,,1,15,,77870,4,,,1,15,,77889,4,,,1,55,,77908,4,,,1,15,,77851,4,,,1,15,,77871,4,,,1,15,,77890,4,,,1,55,,77909,4,,,1,15,,77852,4,,,1,15,,77872,4,,,1,15,,77891,4,,,1,55,,77910,4,,,1,15,,77853,4,,,1,15,,77873,4,,,1,15,,77892,4,,,1,55,,77911,4,,,1,15,,77854,4,,,1,15,,77874,4,,,1,15,,77893,4,,,1,55,,77912,4,,,1,15,,77855,4,,,1,15,,77875,4,,,1,15,,77894,4,,,1,55,,77913,4,,,1,15,,77856,4,,,1,15,,77876,4,,,1,15,,77895,4,,,1,55,,77914,4,,,1,15,,77857,4,,,1,15,,77877,4,,,1,15,,77896,4,,,1,55,,77915,4,,,1,15,,77858,4,,,1,15,,77878,4,,,1,15,,77897,4,,,1,55,,77916,4,,,1,15,,77859,4,,,1,15,,77879,4,,,1,15,,77898,4,,,1,55,,77917,4,,,1,15,,77860,4,,,1,15,,77880,4,,,1,15,,77899,4,,,1,55,,77918,4,,,1,15,,77861,4,,,1
0,'20270111',511,,77979,4,,,1,15,,77919,4,,,1,20,,77959,4,,,1,55,,77980,4,,,1,15,,77920,4,,,1,15,,77940,4,,,1,15,,77960,4,,,1,55,,77981,4,,,1,15,,77921,4,,,1,15,,77941,4,,,1,15,,77961,4,,,1,55,,77982,4,,,1,15,,77922,4,,,1,15,,77942,4,,,1,15,,77962,4,,,1,55,,77983,4,,,1,15,,77923,4,,,1,15,,77943,4,,,1,15,,77963,4,,,1,55,,77984,4,,,1,15,,77924,4,,,1,15,,77944,4,,,1,15,,77964,4,,,1,55,,77985,4,,,1,15,,77925,4,,,1,15,,77945,4,,,1,15,,77965,4,,,1,55,,77986,4,,,1,15,,77926,4,,,1,15,,77946,4,,,1,15,,77966,4,,,1,55,,77987,4,,,1,15,,77927,4,,,1,15,,77947,4,,,1,15,,77967,4,,,1,55,,77988,4,,,1,15,,77928,4,,,1,15,,77948,4,,,1,15,,77968,4,,,1,55,,77989,4,,,1,15,,77929,4,,,1,15,,77949,4,,,1,15,,77969,4,,,1,55,,77990,4,,,1,15,,77930,4,,,1,15,,77950,4,,,1,15,,77970,4,,,1,55,,77991,4,,,1,15,,77931,4,,,1,15,,77951,4,,,1,15,,77971,4,,,1,55,,77992,4,,,1,15,,77932,4,,,1,15,,77952,4,,,1,15,,77972,4,,,1,55,,77993,4,,,1,15,,77933,4,,,1,15,,77953,4,,,1,15,,77973,4,,,1,55,,77994,4,,,1,15,,77934,4,,,1,15,,77954,4,,,1,15,,77974,4,,,1,55,,77995,4,,,1,15,,77935,4,,,1,15,,77955,4,,,1,15,,77975,4,,,1,55,,77996,4,,,1,15,,77936,4,,,1,15,,77956,4,,,1,15,,77976,4,,,1,55,,77997,4,,,1,15,,77937,4,,,1,15,,77957,4,,,1,15,,77977,4,,,1,55,,77998,4,,,1,15,,77938,4,,,1,15,,77958,4,,,1,15,,77978,4,,,1,55,,77999,4,,,1,15,,77939,4,,,1
0,'20270112',511,,78060,4,,,1,15,,78000,4,,,1,20,,78040,4,,,1,55,,78061,4,,,1,15,,78001,4,,,1,15,,78021,4,,,1,15,,78041,4,,,1,55,,78062,4,,,1,15,,78002,4,,,1,15,,78022,4,,,1,15,,78042,4,,,1,55,,78063,4,,,1,15,,78003,4,,,1,15,,78023,4,,,1,15,,78043,4,,,1,55,,78064,4,,,1,15,,78004,4,,,1,15,,78024,4,,,1,15,,78044,4,,,1,55,,78065,4,,,1,15,,78005,4,,,1,15,,78025,4,,,1,15,,78045,4,,,1,55,,78066,4,,,1,15,,78006,4,,,1,15,,78026,4,,,1,15,,78046,4,,,1,55,,78067,4,,,1,15,,78007,4,,,1,15,,78027,4,,,1,15,,78047,4,,,1,55,,78068,4,,,1,15,,78008,4,,,1,15,,78028,4,,,1,15,,78048,4,,,1,55,,78069,4,,,1,15,,78009,4,,,1,15,,78029,4,,,1,15,,78049,4,,,1,55,,78070,4,,,1,15,,78010,4,,,1,15,,78030,4,,,1,15,,78050,4,,,1,55,,78071,4,,,1,15,,78011,4,,,1,15,,78031,4,,,1,15,,78051,4,,,1,55,,78072,4,,,1,15,,78012,4,,,1,15,,78032,4,,,1,15,,78052,4,,,1,55,,78073,4,,,1,15,,78013,4,,,1,15,,78033,4,,,1,15,,78053,4,,,1,55,,78074,4,,,1,15,,78014,4,,,1,15,,78034,4,,,1,15,,78054,4,,,1,55,,78075,4,,,1,15,,78015,4,,,1,15,,78035,4,,,1,15,,78055,4,,,1,55,,78076,4,,,1,15,,78016,4,,,1,15,,78036,4,,,1,15,,78056,4,,,1,55,,78077,4,,,1,15,,78017,4,,,1,15,,78037,4,,,1,15,,78057,4,,,1,55,,78078,4,,,1,15,,78018,4,,,1,15,,78038,4,,,1,15,,78058,4,,,1,55,,78079,4,,,1,15,,78019,4,,,1,15,,78039,4,,,1,15,,78059,4,,,1,55,,78080,4,,,1,15,,78020,4,,,1
0,'20270113',511,,78141,4,,,1,15,,78081,4,,,1,20,,78121,4,,,1,55,,78142,4,,,1,15,,78082,4,,,1,15,,78102,4,,,1,15,,78122,4,,,1,55,,78143,4,,,1,15,,78083,4,,,1,15,,78103,4,,,1,15,,78123,4,,,1,55,,78144,4,,,1,15,,78084,4,,,1,15,,78104,4,,,1,15,,78124,4,,,1,55,,78145,4,,,1,15,,78085,4,,,1,15,,78105,4,,,1,15,,78125,4,,,1,55,,78146,4,,,1,15,,78086,4,,,1,15,,78106,4,,,1,15,,78126,4,,,1,55,,78147,4,,,1,15,,78087,4,,,1,15,,78107,4,,,1,15,,78127,4,,,1,55,,78148,4,,,1,15,,78088,4,,,1,15,,78108,4,,,1,15,,78128,4,,,1,55,,78149,4,,,1,15,,78089,4,,,1,15,,78109,4,,,1,15,,78129,4,,,1,55,,78150,4,,,1,15,,78090,4,,,1,15,,78110,4,,,1,15,,78130,4,,,1,55,,78151,4,,,1,15,,78091,4,,,1,15,,78111,4,,,1,15,,78131,4,,,1,55,,78152,4,,,1,15,,78092,4,,,1,15,,78112,4,,,1,15,,78132,4,,,1,55,,78153,4,,,1,15,,78093,4,,,1,15,,78113,4,,,1,15,,78133,4,,,1,55,,78154,4,,,1,15,,78094,4,,,1,15,,78114,4,,,1,15,,78134,4,,,1,55,,78155,4,,,1,15,,78095,4,,,1,15,,78115,4,,,1,15,,78135,4,,,1,55,,78156,4,,,1,15,,78096,4,,,1,15,,78116,4,,,1,15,,78136,4,,,1,55,,78157,4,,,1,15,,78097,4,,,1,15,,78117,4,,,1,15,,78137,4,,,1,55,,78158,4,,,1,15,,78098,4,,,1,15,,78118,4,,,1,15,,78138,4,,,1,55,,78159,4,,,1,15,,78099,4,,,1,15,,78119,4,,,1,15,,78139,4,,,1,55,,78160,4,,,1,15,,78100,4,,,1,15,,78120,4,,,1,15,,78140,4,,,1,55,,78161,4,,,1,15,,78101,4,,,1
0,'20270114',511,,78222,4,,,1,15,,78162,4,,,1,20,,78202,4,,,1,55,,78223,4,,,1,15,,78163,4,,,1,15,,78183,4,,,1,15,,78203,4,,,1,55,,78224,4,,,1,15,,78164,4,,,1,15,,78184,4,,,1,15,,78204,4,,,1,55,,78225,4,,,1,15,,78165,4,,,1,15,,78185,4,,,1,15,,78205,4,,,1,55,,78226,4,,,1,15,,78166,4,,,1,15,,78186,4,,,1,15,,78206,4,,,1,55,,78227,4,,,1,15,,78167,4,,,1,15,,78187,4,,,1,15,,78207,4,,,1,55,,78228,4,,,1,15,,78168,4,,,1,15,,78188,4,,,1,15,,78208,4,,,1,55,,78229,4,,,1,15,,78169,4,,,1,15,,78189,4,,,1,15,,78209,4,,,1,55,,78230,4,,,1,15,,78170,4,,,1,15,,78190,4,,,1,15,,78210,4,,,1,55,,78231,4,,,1,15,,78171,4,,,1,15,,78191,4,,,1,15,,78211,4,,,1,55,,78232,4,,,1,15,,78172,4,,,1,15,,78192,4,,,1,15,,78212,4,,,1,55,,78233,4,,,1,15,,78173,4,,,1,15,,78193,4,,,1,15,,78213,4,,,1,55,,78234,4,,,1,15,,78174,4,,,1,15,,78194,4,,,1,15,,78214,4,,,1,55,,78235,4,,,1,15,,78175,4,,,1,15,,78195,4,,,1,15,,78215,4,,,1,55,,78236,4,,,1,15,,78176,4,,,1,15,,78196,4,,,1,15,,78216,4,,,1,55,,78237,4,,,1,15,,78177,4,,,1,15,,78197,4,,,1,15,,78217,4,,,1,55,,78238,4,,,1,15,,78178,4,,,1,15,,78198,4,,,1,15,,78218,4,,,1,55,,78239,4,,,1,15,,78179,4,,,1,15,,78199,4,,,1,15,,78219,4,,,1,55,,78240,4,,,1,15,,78180,4,,,1,15,,78200,4,,,1,15,,78220,4,,,1,55,,78241,4,,,1,15,,78181,4,,,1,15,,78201,4,,,1,15,,78221,4,,,1,55,,78242,4,,,1,15,,78182,4,,,1
0,'20270115',511,,78303,4,,,1,15,,78243,4,,,1,20,,78283,4,,,1,55,,78304,4,,,1,15,,78244,4,,,1,15,,78264,4,,,1,15,,78284,4,,,1,55,,78305,4,,,1,15,,78245,4,,,1,15,,78265,4,,,1,15,,78285,4,,,1,55,,78306,4,,,1,15,,78246,4,,,1,15,,78266,4,,,1,15,,78286,4,,,1,55,,78307,4,,,1,15,,78247,4,,,1,15,,78267,4,,,1,15,,78287,4,,,1,55,,78308,4,,,1,15,,78248,4,,,1,15,,78268,4,,,1,15,,78288,4,,,1,55,,78309,4,,,1,15,,78249,4,,,1,15,,78269,4,,,1,15,,78289,4,,,1,55,,78310,4,,,1,15,,78250,4,,,1,15,,78270,4,,,1,15,,78290,4,,,1,55,,78311,4,,,1,15,,78251,4,,,1,15,,78271,4,,,1,15,,78291,4,,,1,55,,78312,4,,,1,15,,78252,4,,,1,15,,78272,4,,,1,15,,78292,4,,,1,55,,78313,4,,,1,15,,78253,4,,,1,15,,78273,4,,,1,15,,78293,4,,,1,55,,78314,4,,,1,15,,78254,4,,,1,15,,78274,4,,,1,15,,78294,4,,,1,55,,78315,4,,,1,15,,78255,4,,,1,15,,78275,4,,,1,15,,78295,4,,,1,55,,78316,4,,,1,15,,78256,4,,,1,15,,78276,4,,,1,15,,78296,4,,,1,55,,78317,4,,,1,15,,78257,4,,,1,15,,78277,4,,,1,15,,78297,4,,,1,55,,78318,4,,,1,15,,78258,4,,,1,15,,78278,4,,,1,15,,78298,4,,,1,55,,78319,4,,,1,15,,78259,4,,,1,15,,78279,4,,,1,15,,78299,4,,,1,55,,78320,4,,,1,15,,78260,4,,,1,15,,78280,4,,,1,15,,78300,4,,,1,55,,78321,4,,,1,15,,78261,4,,,1,15,,78281,4,,,1,15,,78301,4,,,1,55,,78322,4,,,1,15,,78262,4,,,1,15,,78282,4,,,1,15,,78302,4,,,1,55,,78323,4,,,1,15,,78263,4,,,1
0,'20270116',616,,78324,4,,,1,15,,78344,4,,,1,15,,78363,4,,,1,55,,78382,4,,,1,15,,78325,4,,,1,15,,78345,4,,,1,15,,78364,4,,,1,55,,78383,4,,,1,15,,78326,4,,,1,15,,78346,4,,,1,15,,78365,4,,,1,55,,78384,4,,,1,15,,78327,4,,,1,15,,78347,4,,,1,15,,78366,4,,,1,55,,78385,4,,,1,15,,78328,4,,,1,15,,78348,4,,,1,15,,78367,4,,,1,55,,78386,4,,,1,15,,78329,4,,,1,15,,78349,4,,,1,15,,78368,4,,,1,55,,78387,4,,,1,15,,78330,4,,,1,15,,78350,4,,,1,15,,78369,4,,,1,55,,78388,4,,,1,15,,78331,4,,,1,15,,78351,4,,,1,15,,78370,4,,,1,55,,78389,4,,,1,15,,78332,4,,,1,15,,78352,4,,,1,15,,78371,4,,,1,55,,78390,4,,,1,15,,78333,4,,,1,15,,78353,4,,,1,15,,78372,4,,,1,55,,78391,4,,,1,15,,78334,4,,,1,15,,78354,4,,,1,15,,78373,4,,,1,55,,78392,4,,,1,15,,78335,4,,,1,15,,78355,4,,,1,15,,78374,4,,,1,55,,78393,4,,,1,15,,78336,4,,,1,15,,78356,4,,,1,15,,78375,4,,,1,55,,78394,4,,,1,15,,78337,4,,,1,15,,78357,4,,,1,15,,78376,4,,,1,55,,78395,4,,,1,15,,78338,4,,,1,15,,78358,4,,,1,15,,78377,4,,,1,55,,78396,4,,,1,15,,78339,4,,,1,15,,78359,4,,,1,15,,78378,4,,,1,55,,78397,4,,,1,15,,78340,4,,,1,15,,78360,4,,,1,15,,78379,4,,,1,55,,78398,4,,,1,15,,78341,4,,,1,15,,78361,4,,,1,15,,78380,4,,,1,55,,78399,4,,,1,15,,78342,4,,,1,15,,78362,4,,,1,15,,78381,4,,,1,55,,78400,4,,,1,15,,78343,4,,,1
0,'20270117',616,,78401,4,,,1,15,,78421,4,,,1,15,,78440,4,,,1,55,,78459,4,,,1,15,,78402,4,,,1,15,,78422,4,,,1,15,,78441,4,,,1,55,,78460,4,,,1,15,,78403,4,,,1,15,,78423,4,,,1,15,,78442,4,,,1,55,,78461,4,,,1,15,,78404,4,,,1,15,,78424,4,,,1,15,,78443,4,,,1,55,,78462,4,,,1,15,,78405,4,,,1,15,,78425,4,,,1,15,,78444,4,,,1,55,,78463,4,,,1,15,,78406,4,,,1,15,,78426,4,,,1,15,,78445,4,,,1,55,,78464,4,,,1,15,,78407,4,,,1,15,,78427,4,,,1,15,,78446,4,,,1,55,,78465,4,,,1,15,,78408,4,,,1,15,,78428,4,,,1,15,,78447,4,,,1,55,,78466,4,,,1,15,,78409,4,,,1,15,,78429,4,,,1,15,,78448,4,,,1,55,,78467,4,,,1,15,,78410,4,,,1,15,,78430,4,,,1,15,,78449,4,,,1,55,,78468,4,,,1,15,,78411,4,,,1,15,,78431,4,,,1,15,,78450,4,,,1,55,,78469,4,,,1,15,,78412,4,,,1,15,,78432,4,,,1,15,,78451,4,,,1,55,,78470,4,,,1,15,,78413,4,,,1,15,,78433,4,,,1,15,,78452,4,,,1,55,,78471,4,,,1,15,,78414,4,,,1,15,,78434,4,,,1,15,,78453,4,,,1,55,,78472,4,,,1,15,,78415,4,,,1,15,,78435,4,,,1,15,,78454,4,,,1,55,,78473,4,,,1,15,,78416,4,,,1,15,,78436,4,,,1,15,,78455,4,,,1,55,,78474,4,,,1,15,,78417,4,,,1,15,,78437,4,,,1,15,,78456,4,,,1,55,,78475,4,,,1,15,,78418,4,,,1,15,,78438,4,,,1,15,,78457,4,,,1,55,,78476,4,,,1,15,,78419,4,,,1,15,,78439,4,,,1,15,,78458,4,,,1,55,,78477,4,,,1,15,,78420,4,,,1
0,'20270118',511,,78538,4,,,1,15,,78478,4,,,1,20,,78518,4,,,1,55,,78539,4,,,1,15,,78479,4,,,1,15,,78499,4,,,1,15,,78519,4,,,1,55,,78540,4,,,1,15,,78480,4,,,1,15,,78500,4,,,1,15,,78520,4,,,1,55,,78541,4,,,1,15,,78481,4,,,1,15,,78501,4,,,1,15,,78521,4,,,1,55,,78542,4,,,1,15,,78482,4,,,1,15,,78502,4,,,1,15,,78522,4,,,1,55,,78543,4,,,1,15,,78483,4,,,1,15,,78503,4,,,1,15,,78523,4,,,1,55,,78544,4,,,1,15,,78484,4,,,1,15,,78504,4,,,1,15,,78524,4,,,1,55,,78545,4,,,1,15,,78485,4,,,1,15,,78505,4,,,1,15,,78525,4,,,1,55,,78546,4,,,1,15,,78486,4,,,1,15,,78506,4,,,1,15,,78526,4,,,1,55,,78547,4,,,1,15,,78487,4,,,1,15,,78507,4,,,1,15,,78527,4,,,1,55,,78548,4,,,1,15,,78488,4,,,1,15,,78508,4,,,1,15,,78528,4,,,1,55,,78549,4,,,1,15,,78489,4,,,1,15,,78509,4,,,1,15,,78529,4,,,1,55,,78550,4,,,1,15,,78490,4,,,1,15,,78510,4,,,1,15,,78530,4,,,1,55,,78551,4,,,1,15,,78491,4,,,1,15,,78511,4,,,1,15,,78531,4,,,1,55,,78552,4,,,1,15,,78492,4,,,1,15,,78512,4,,,1,15,,78532,4,,,1,55,,78553,4,,,1,15,,78493,4,,,1,15,,78513,4,,,1,15,,78533,4,,,1,55,,78554,4,,,1,15,,78494,4,,,1,15,,78514,4,,,1,15,,78534,4,,,1,55,,78555,4,,,1,15,,78495,4,,,1,15,,78515,4,,,1,15,,78535,4,,,1,55,,78556,4,,,1,15,,78496,4,,,1,15,,78516,4,,,1,15,,78536,4,,,1,55,,78557,4,,,1,15,,78497,4,,,1,15,,78517,4,,,1,15,,78537,4,,,1,55,,78558,4,,,1,15,,78498,4,,,1
0,'20270119',511,,78619,4,,,1,15,,78559,4,,,1,20,,78599,4,,,1,55,,78620,4,,,1,15,,78560,4,,,1,15,,78580,4,,,1,15,,78600,4,,,1,55,,78621,4,,,1,15,,78561,4,,,1,15,,78581,4,,,1,15,,78601,4,,,1,55,,78622,4,,,1,15,,78562,4,,,1,15,,78582,4,,,1,15,,78602,4,,,1,55,,78623,4,,,1,15,,78563,4,,,1,15,,78583,4,,,1,15,,78603,4,,,1,55,,78624,4,,,1,15,,78564,4,,,1,15,,78584,4,,,1,15,,78604,4,,,1,55,,78625,4,,,1,15,,78565,4,,,1,15,,78585,4,,,1,15,,78605,4,,,1,55,,78626,4,,,1,15,,78566,4,,,1,15,,78586,4,,,1,15,,78606,4,,,1,55,,78627,4,,,1,15,,78567,4,,,1,15,,78587,4,,,1,15,,78607,4,,,1,55,,78628,4,,,1,15,,78568,4,,,1,15,,78588,4,,,1,15,,78608,4,,,1,55,,78629,4,,,1,15,,78569,4,,,1,15,,78589,4,,,1,15,,78609,4,,,1,55,,78630,4,,,1,15,,78570,4,,,1,15,,78590,4,,,1,15,,78610,4,,,1,55,,78631,4,,,1,15,,78571,4,,,1,15,,78591,4,,,1,15,,78611,4,,,1,55,,78632,4,,,1,15,,78572,4,,,1,15,,78592,4,,,1,15,,78612,4,,,1,55,,78633,4,,,1,15,,78573,4,,,1,15,,78593,4,,,1,15,,78613,4,,,1,55,,78634,4,,,1,15,,78574,4,,,1,15,,78594,4,,,1,15,,78614,4,,,1,55,,78635,4,,,1,15,,78575,4,,,1,15,,78595,4,,,1,15,,78615,4,,,1,55,,78636,4,,,1,15,,78576,4,,,1,15,,78596,4,,,1,15,,78616,4,,,1,55,,78637,4,,,1,15,,78577,4,,,1,15,,78597,4,,,1,15,,78617,4,,,1,55,,78638,4,,,1,15,,78578,4,,,1,15,,78598,4,,,1,15,,78618,4,,,1,55,,78639,4,,,1,15,,78579,4,,,1
0,'20270120',511,,78700,4,,,1,15,,78640,4,,,1,20,,78680,4,,,1,55,,78701,4,,,1,15,,78641,4,,,1,15,,78661,4,,,1,15,,78681,4,,,1,55,,78702,4,,,1,15,,78642,4,,,1,15,,78662,4,,,1,15,,78682,4,,,1,55,,78703,4,,,1,15,,78643,4,,,1,15,,78663,4,,,1,15,,78683,4,,,1,55,,78704,4,,,1,15,,78644,4,,,1,15,,78664,4,,,1,15,,78684,4,,,1,55,,78705,4,,,1,15,,78645,4,,,1,15,,78665,4,,,1,15,,78685,4,,,1,55,,78706,4,,,1,15,,78646,4,,,1,15,,78666,4,,,1,15,,78686,4,,,1,55,,78707,4,,,1,15,,78647,4,,,1,15,,78667,4,,,1,15,,78687,4,,,1,55,,78708,4,,,1,15,,78648,4,,,1,15,,78668,4,,,1,15,,78688,4,,,1,55,,78709,4,,,1,15,,78649,4,,,1,15,,78669,4,,,1,15,,78689,4,,,1,55,,78710,4,,,1,15,,78650,4,,,1,15,,78670,4,,,1,15,,78690,4,,,1,55,,78711,4,,,1,15,,78651,4,,,1,15,,78671,4,,,1,15,,78691,4,,,1,55,,78712,4,,,1,15,,78652,4,,,1,15,,78672,4,,,1,15,,78692,4,,,1,55,,78713,4,,,1,15,,78653,4,,,1,15,,78673,4,,,1,15,,78693,4,,,1,55,,78714,4,,,1,15,,78654,4,,,1,15,,78674,4,,,1,15,,78694,4,,,1,55,,78715,4,,,1,15,,78655,4,,,1,15,,78675,4,,,1,15,,78695,4,,,1,55,,78716,4,,,1,15,,78656,4,,,1,15,,78676,4,,,1,15,,78696,4,,,1,55,,78717,4,,,1,15,,78657,4,,,1,15,,78677,4,,,1,15,,78697,4,,,1,55,,78718,4,,,1,15,,78658,4,,,1,15,,78678,4,,,1,15,,78698,4,,,1,55,,78719,4,,,1,15,,78659,4,,,1,15,,78679,4,,,1,15,,78699,4,,,1,55,,78720,4,,,1,15,,78660,4,,,1
0,'20270121',511,,78781,4,,,1,15,,78721,4,,,1,20,,78761,4,,,1,55,,78782,4,,,1,15,,78722,4,,,1,15,,78742,4,,,1,15,,78762,4,,,1,55,,78783,4,,,1,15,,78723,4,,,1,15,,78743,4,,,1,15,,78763,4,,,1,55,,78784,4,,,1,15,,78724,4,,,1,15,,78744,4,,,1,15,,78764,4,,,1,55,,78785,4,,,1,15,,78725,4,,,1,15,,78745,4,,,1,15,,78765,4,,,1,55,,78786,4,,,1,15,,78726,4,,,1,15,,78746,4,,,1,15,,78766,4,,,1,55,,78787,4,,,1,15,,78727,4,,,1,15,,78747,4,,,1,15,,78767,4,,,1,55,,78788,4,,,1,15,,78728,4,,,1,15,,78748,4,,,1,15,,78768,4,,,1,55,,78789,4,,,1,15,,78729,4,,,1,15,,78749,4,,,1,15,,78769,4,,,1,55,,78790,4,,,1,15,,78730,4,,,1,15,,78750,4,,,1,15,,78770,4,,,1,55,,78791,4,,,1,15,,78731,4,,,1,15,,78751,4,,,1,15,,78771,4,,,1,55,,78792,4,,,1,15,,78732,4,,,1,15,,78752,4,,,1,15,,78772,4,,,1,55,,78793,4,,,1,15,,78733,4,,,1,15,,78753,4,,,1,15,,78773,4,,,1,55,,78794,4,,,1,15,,78734,4,,,1,15,,78754,4,,,1,15,,78774,4,,,1,55,,78795,4,,,1,15,,78735,4,,,1,15,,78755,4,,,1,15,,78775,4,,,1,55,,78796,4,,,1,15,,78736,4,,,1,15,,78756,4,,,1,15,,78776,4,,,1,55,,78797,4,,,1,15,,78737,4,,,1,15,,78757,4,,,1,15,,78777,4,,,1,55,,78798,4,,,1,15,,78738,4,,,1,15,,78758,4,,,1,15,,78778,4,,,1,55,,78799,4,,,1,15,,78739,4,,,1,15,,78759,4,,,1,15,,78779,4,,,1,55,,78800,4,,,1,15,,78740,4,,,1,15,,78760,4,,,1,15,,78780,4,,,1,55,,78801,4,,,1,15,,78741,4,,,1
0,'20270122',511,,78862,4,,,1,15,,78802,4,,,1,20,,78842,4,,,1,55,,78863,4,,,1,15,,78803,4,,,1,15,,78823,4,,,1,15,,78843,4,,,1,55,,78864,4,,,1,15,,78804,4,,,1,15,,78824,4,,,1,15,,78844,4,,,1,55,,78865,4,,,1,15,,78805,4,,,1,15,,78825,4,,,1,15,,78845,4,,,1,55,,78866,4,,,1,15,,78806,4,,,1,15,,78826,4,,,1,15,,78846,4,,,1,55,,78867,4,,,1,15,,78807,4,,,1,15,,78827,4,,,1,15,,78847,4,,,1,55,,78868,4,,,1,15,,78808,4,,,1,15,,78828,4,,,1,15,,78848,4,,,1,55,,78869,4,,,1,15,,78809,4,,,1,15,,78829,4,,,1,15,,78849,4,,,1,55,,78870,4,,,1,15,,78810,4,,,1,15,,78830,4,,,1,15,,78850,4,,,1,55,,78871,4,,,1,15,,78811,4,,,1,15,,78831,4,,,1,15,,78851,4,,,1,55,,78872,4,,,1,15,,78812,4,,,1,15,,78832,4,,,1,15,,78852,4,,,1,55,,78873,4,,,1,15,,78813,4,,,1,15,,78833,4,,,1,15,,78853,4,,,1,55,,78874,4,,,1,15,,78814,4,,,1,15,,78834,4,,,1,15,,78854,4,,,1,55,,78875,4,,,1,15,,78815,4,,,1,15,,78835,4,,,1,15,,78855,4,,,1,55,,78876,4,,,1,15,,78816,4,,,1,15,,78836,4,,,1,15,,78856,4,,,1,55,,78877,4,,,1,15,,78817,4,,,1,15,,78837,4,,,1,15,,78857,4,,,1,55,,78878,4,,,1,15,,78818,4,,,1,15,,78838,4,,,1,15,,78858,4,,,1,55,,78879,4,,,1,15,,78819,4,,,1,15,,78839,4,,,1,15,,78859,4,,,1,55,,78880,4,,,1,15,,78820,4,,,1,15,,78840,4,,,1,15,,78860,4,,,1,55,,78881,4,,,1,15,,78821,4,,,1,15,,78841,4,,,1,15,,78861,4,,,1,55,,78882,4,,,1,15,,78822,4,,,1
0,'20270123',616,,78883,4,,,1,15,,78903,4,,,1,15,,78922,4,,,1,55,,78941,4,,,1,15,,78884,4,,,1,15,,78904,4,,,1,15,,78923,4,,,1,55,,78942,4,,,1,15,,78885,4,,,1,15,,78905,4,,,1,15,,78924,4,,,1,55,,78943,4,,,1,15,,78886,4,,,1,15,,78906,4,,,1,15,,78925,4,,,1,55,,78944,4,,,1,15,,78887,4,,,1,15,,78907,4,,,1,15,,78926,4,,,1,55,,78945,4,,,1,15,,78888,4,,,1,15,,78908,4,,,1,15,,78927,4,,,1,55,,78946,4,,,1,15,,78889,4,,,1,15,,78909,4,,,1,15,,78928,4,,,1,55,,78947,4,,,1,15,,78890,4,,,1,15,,78910,4,,,1,15,,78929,4,,,1,55,,78948,4,,,1,15,,78891,4,,,1,15,,78911,4,,,1,15,,78930,4,,,1,55,,78949,4,,,1,15,,78892,4,,,1,15,,78912,4,,,1,15,,78931,4,,,1,55,,78950,4,,,1,15,,78893,4,,,1,15,,78913,4,,,1,15,,78932,4,,,1,55,,78951,4,,,1,15,,78894,4,,,1,15,,78914,4,,,1,15,,78933,4,,,1,55,,78952,4,,,1,15,,78895,4,,,1,15,,78915,4,,,1,15,,78934,4,,,1,55,,78953,4,,,1,15,,78896,4,,,1,15,,78916,4,,,1,15,,78935,4,,,1,55,,78954,4,,,1,15,,78897,4,,,1,15,,78917,4,,,1,15,,78936,4,,,1,55,,78955,4,,,1,15,,78898,4,,,1,15,,78918,4,,,1,15,,78937,4,,,1,55,,78956,4,,,1,15,,78899,4,,,1,15,,78919,4,,,1,15,,78938,4,,,1,55,,78957,4,,,1,15,,78900,4,,,1,15,,78920,4,,,1,15,,78939,4,,,1,55,,78958,4,,,1,15,,78901,4,,,1,15,,78921,4,,,1,15,,78940,4,,,1,55,,78959,4,,,1,15,,78902,4,,,1
0,'20270124',616,,78960,4,,,1,15,,78980,4,,,1,15,,78999,4,,,1,55,,79018,4,,,1,15,,78961,4,,,1,15,,78981,4,,,1,15,,79000,4,,,1,55,,79019,4,,,1,15,,78962,4,,,1,15,,78982,4,,,1,15,,79001,4,,,1,55,,79020,4,,,1,15,,78963,4,,,1,15,,78983,4,,,1,15,,79002,4,,,1,55,,79021,4,,,1,15,,78964,4,,,1,15,,78984,4,,,1,15,,79003,4,,,1,55,,79022,4,,,1,15,,78965,4,,,1,15,,78985,4,,,1,15,,79004,4,,,1,55,,79023,4,,,1,15,,78966,4,,,1,15,,78986,4,,,1,15,,79005,4,,,1,55,,79024,4,,,1,15,,78967,4,,,1,15,,78987,4,,,1,15,,79006,4,,,1,55,,79025,4,,,1,15,,78968,4,,,1,15,,78988,4,,,1,15,,79007,4,,,1,55,,79026,4,,,1,15,,78969,4,,,1,15,,78989,4,,,1,15,,79008,4,,,1,55,,79027,4,,,1,15,,78970,4,,,1,15,,78990,4,,,1,15,,79009,4,,,1,55,,79028,4,,,1,15,,78971,4,,,1,15,,78991,4,,,1,15,,79010,4,,,1,55,,79029,4,,,1,15,,78972,4,,,1,15,,78992,4,,,1,15,,79011,4,,,1,55,,79030,4,,,1,15,,78973,4,,,1,15,,78993,4,,,1,15,,79012,4,,,1,55,,79031,4,,,1,15,,78974,4,,,1,15,,78994,4,,,1,15,,79013,4,,,1,55,,79032,4,,,1,15,,78975,4,,,1,15,,78995,4,,,1,15,,79014,4,,,1,55,,79033,4,,,1,15,,78976,4,,,1,15,,78996,4,,,1,15,,79015,4,,,1,55,,79034,4,,,1,15,,78977,4,,,1,15,,78997,4,,,1,15,,79016,4,,,1,55,,79035,4,,,1,15,,78978,4,,,1,15,,78998,4,,,1,15,,79017,4,,,1,55,,79036,4,,,1,15,,78979,4,,,1
0,'20270125',511,,79097,4,,,1,15,,79037,4,,,1,20,,79077,4,,,1,55,,79098,4,,,1,15,,79038,4,,,1,15,,79058,4,,,1,15,,79078,4,,,1,55,,79099,4,,,1,15,,79039,4,,,1,15,,79059,4,,,1,15,,79079,4,,,1,55,,79100,4,,,1,15,,79040,4,,,1,15,,79060,4,,,1,15,,79080,4,,,1,55,,79101,4,,,1,15,,79041,4,,,1,15,,79061,4,,,1,15,,79081,4,,,1,55,,79102,4,,,1,15,,79042,4,,,1,15,,79062,4,,,1,15,,79082,4,,,1,55,,79103,4,,,1,15,,79043,4,,,1,15,,79063,4,,,1,15,,79083,4,,,1,55,,79104,4,,,1,15,,79044,4,,,1,15,,79064,4,,,1,15,,79084,4,,,1,55,,79105,4,,,1,15,,79045,4,,,1,15,,79065,4,,,1,15,,79085,4,,,1,55,,79106,4,,,1,15,,79046,4,,,1,15,,79066,4,,,1,15,,79086,4,,,1,55,,79107,4,,,1,15,,79047,4,,,1,15,,79067,4,,,1,15,,79087,4,,,1,55,,79108,4,,,1,15,,79048,4,,,1,15,,79068,4,,,1,15,,79088,4,,,1,55,,79109,4,,,1,15,,79049,4,,,1,15,,79069,4,,,1,15,,79089,4,,,1,55,,79110,4,,,1,15,,79050,4,,,1,15,,79070,4,,,1,15,,79090,4,,,1,55,,79111,4,,,1,15,,79051,4,,,1,15,,79071,4,,,1,15,,79091,4,,,1,55,,79112,4,,,1,15,,79052,4,,,1,15,,79072,4,,,1,15,,79092,4,,,1,55,,79113,4,,,1,15,,79053,4,,,1,15,,79073,4,,,1,15,,79093,4,,,1,55,,79114,4,,,1,15,,79054,4,,,1,15,,79074,4,,,1,15,,79094,4,,,1,55,,79115,4,,,1,15,,79055,4,,,1,15,,79075,4,,,1,15,,79095,4,,,1,55,,79116,4,,,1,15,,79056,4,,,1,15,,79076,4,,,1,15,,79096,4,,,1,55,,79117,4,,,1,15,,79057,4,,,1
0,'20270126',511,,79178,4,,,1,15,,79118,4,,,1,20,,79158,4,,,1,55,,79179,4,,,1,15,,79119,4,,,1,15,,79139,4,,,1,15,,79159,4,,,1,55,,79180,4,,,1,15,,79120,4,,,1,15,,79140,4,,,1,15,,79160,4,,,1,55,,79181,4,,,1,15,,79121,4,,,1,15,,79141,4,,,1,15,,79161,4,,,1,55,,79182,4,,,1,15,,79122,4,,,1,15,,79142,4,,,1,15,,79162,4,,,1,55,,79183,4,,,1,15,,79123,4,,,1,15,,79143,4,,,1,15,,79163,4,,,1,55,,79184,4,,,1,15,,79124,4,,,1,15,,79144,4,,,1,15,,79164,4,,,1,55,,79185,4,,,1,15,,79125,4,,,1,15,,79145,4,,,1,15,,79165,4,,,1,55,,79186,4,,,1,15,,79126,4,,,1,15,,79146,4,,,1,15,,79166,4,,,1,55,,79187,4,,,1,15,,79127,4,,,1,15,,79147,4,,,1,15,,79167,4,,,1,55,,79188,4,,,1,15,,79128,4,,,1,15,,79148,4,,,1,15,,79168,4,,,1,55,,79189,4,,,1,15,,79129,4,,,1,15,,79149,4,,,1,15,,79169,4,,,1,55,,79190,4,,,1,15,,79130,4,,,1,15,,79150,4,,,1,15,,79170,4,,,1,55,,79191,4,,,1,15,,79131,4,,,1,15,,79151,4,,,1,15,,79171,4,,,1,55,,79192,4,,,1,15,,79132,4,,,1,15,,79152,4,,,1,15,,79172,4,,,1,55,,79193,4,,,1,15,,79133,4,,,1,15,,79153,4,,,1,15,,79173,4,,,1,55,,79194,4,,,1,15,,79134,4,,,1,15,,79154,4,,,1,15,,79174,4,,,1,55,,79195,4,,,1,15,,79135,4,,,1,15,,79155,4,,,1,15,,79175,4,,,1,55,,79196,4,,,1,15,,79136,4,,,1,15,,79156,4,,,1,15,,79176,4,,,1,55,,79197,4,,,1,15,,79137,4,,,1,15,,79157,4,,,1,15,,79177,4,,,1,55,,79198,4,,,1,15,,79138,4,,,1
0,'20270127',511,,79259,4,,,1,15,,79199,4,,,1,20,,79239,4,,,1,55,,79260,4,,,1,15,,79200,4,,,1,15,,79220,4,,,1,15,,79240,4,,,1,55,,79261,4,,,1,15,,79201,4,,,1,15,,79221,4,,,1,15,,79241,4,,,1,55,,79262,4,,,1,15,,79202,4,,,1,15,,79222,4,,,1,15,,79242,4,,,1,55,,79263,4,,,1,15,,79203,4,,,1,15,,79223,4,,,1,15,,79243,4,,,1,55,,79264,4,,,1,15,,79204,4,,,1,15,,79224,4,,,1,15,,79244,4,,,1,55,,79265,4,,,1,15,,79205,4,,,1,15,,79225,4,,,1,15,,79245,4,,,1,55,,79266,4,,,1,15,,79206,4,,,1,15,,79226,4,,,1,15,,79246,4,,,1,55,,79267,4,,,1,15,,79207,4,,,1,15,,79227,4,,,1,15,,79247,4,,,1,55,,79268,4,,,1,15,,79208,4,,,1,15,,79228,4,,,1,15,,79248,4,,,1,55,,79269,4,,,1,15,,79209,4,,,1,15,,79229,4,,,1,15,,79249,4,,,1,55,,79270,4,,,1,15,,79210,4,,,1,15,,79230,4,,,1,15,,79250,4,,,1,55,,79271,4,,,1,15,,79211,4,,,1,15,,79231,4,,,1,15,,79251,4,,,1,55,,79272,4,,,1,15,,79212,4,,,1,15,,79232,4,,,1,15,,79252,4,,,1,55,,79273,4,,,1,15,,79213,4,,,1,15,,79233,4,,,1,15,,79253,4,,,1,55,,79274,4,,,1,15,,79214,4,,,1,15,,79234,4,,,1,15,,79254,4,,,1,55,,79275,4,,,1,15,,79215,4,,,1,15,,79235,4,,,1,15,,79255,4,,,1,55,,79276,4,,,1,15,,79216,4,,,1,15,,79236,4,,,1,15,,79256,4,,,1,55,,79277,4,,,1,15,,79217,4,,,1,15,,79237,4,,,1,15,,79257,4,,,1,55,,79278,4,,,1,15,,79218,4,,,1,15,,79238,4,,,1,15,,79258,4,,,1,55,,79279,4,,,1,15,,79219,4,,,1
0,'20270128',511,,79340,4,,,1,15,,79280,4,,,1,20,,79320,4,,,1,55,,79341,4,,,1,15,,79281,4,,,1,15,,79301,4,,,1,15,,79321,4,,,1,55,,79342,4,,,1,15,,79282,4,,,1,15,,79302,4,,,1,15,,79322,4,,,1,55,,79343,4,,,1,15,,79283,4,,,1,15,,79303,4,,,1,15,,79323,4,,,1,55,,79344,4,,,1,15,,79284,4,,,1,15,,79304,4,,,1,15,,79324,4,,,1,55,,79345,4,,,1,15,,79285,4,,,1,15,,79305,4,,,1,15,,79325,4,,,1,55,,79346,4,,,1,15,,79286,4,,,1,15,,79306,4,,,1,15,,79326,4,,,1,55,,79347,4,,,1,15,,79287,4,,,1,15,,79307,4,,,1,15,,79327,4,,,1,55,,79348,4,,,1,15,,79288,4,,,1,15,,79308,4,,,1,15,,79328,4,,,1,55,,79349,4,,,1,15,,79289,4,,,1,15,,79309,4,,,1,15,,79329,4,,,1,55,,79350,4,,,1,15,,79290,4,,,1,15,,79310,4,,,1,15,,79330,4,,,1,55,,79351,4,,,1,15,,79291,4,,,1,15,,79311,4,,,1,15,,79331,4,,,1,55,,79352,4,,,1,15,,79292,4,,,1,15,,79312,4,,,1,15,,79332,4,,,1,55,,79353,4,,,1,15,,79293,4,,,1,15,,79313,4,,,1,15,,79333,4,,,1,55,,79354,4,,,1,15,,79294,4,,,1,15,,79314,4,,,1,15,,79334,4,,,1,55,,79355,4,,,1,15,,79295,4,,,1,15,,79315,4,,,1,15,,79335,4,,,1,55,,79356,4,,,1,15,,79296,4,,,1,15,,79316,4,,,1,15,,79336,4,,,1,55,,79357,4,,,1,15,,79297,4,,,1,15,,79317,4,,,1,15,,79337,4,,,1,55,,79358,4,,,1,15,,79298,4,,,1,15,,79318,4,,,1,15,,79338,4,,,1,55,,79359,4,,,1,15,,79299,4,,,1,15,,79319,4,,,1,15,,79339,4,,,1,55,,79360,4,,,1,15,,79300,4,,,1
0,'20270129',511,,79421,4,,,1,15,,79361,4,,,1,20,,79401,4,,,1,55,,79422,4,,,1,15,,79362,4,,,1,15,,79382,4,,,1,15,,79402,4,,,1,55,,79423,4,,,1,15,,79363,4,,,1,15,,79383,4,,,1,15,,79403,4,,,1,55,,79424,4,,,1,15,,79364,4,,,1,15,,79384,4,,,1,15,,79404,4,,,1,55,,79425,4,,,1,15,,79365,4,,,1,15,,79385,4,,,1,15,,79405,4,,,1,55,,79426,4,,,1,15,,79366,4,,,1,15,,79386,4,,,1,15,,79406,4,,,1,55,,79427,4,,,1,15,,79367,4,,,1,15,,79387,4,,,1,15,,79407,4,,,1,55,,79428,4,,,1,15,,79368,4,,,1,15,,79388,4,,,1,15,,79408,4,,,1,55,,79429,4,,,1,15,,79369,4,,,1,15,,79389,4,,,1,15,,79409,4,,,1,55,,79430,4,,,1,15,,79370,4,,,1,15,,79390,4,,,1,15,,79410,4,,,1,55,,79431,4,,,1,15,,79371,4,,,1,15,,79391,4,,,1,15,,79411,4,,,1,55,,79432,4,,,1,15,,79372,4,,,1,15,,79392,4,,,1,15,,79412,4,,,1,55,,79433,4,,,1,15,,79373,4,,,1,15,,79393,4,,,1,15,,79413,4,,,1,55,,79434,4,,,1,15,,79374,4,,,1,15,,79394,4,,,1,15,,79414,4,,,1,55,,79435,4,,,1,15,,79375,4,,,1,15,,79395,4,,,1,15,,79415,4,,,1,55,,79436,4,,,1,15,,79376,4,,,1,15,,79396,4,,,1,15,,79416,4,,,1,55,,79437,4,,,1,15,,79377,4,,,1,15,,79397,4,,,1,15,,79417,4,,,1,55,,79438,4,,,1,15,,79378,4,,,1,15,,79398,4,,,1,15,,79418,4,,,1,55,,79439,4,,,1,15,,79379,4,,,1,15,,79399,4,,,1,15,,79419,4,,,1,55,,79440,4,,,1,15,,79380,4,,,1,15,,79400,4,,,1,15,,79420,4,,,1,55,,79441,4,,,1,15,,79381,4,,,1
0,'20270130',616,,79442,4,,,1,15,,79462,4,,,1,15,,79481,4,,,1,55,,79500,4,,,1,15,,79443,4,,,1,15,,79463,4,,,1,15,,79482,4,,,1,55,,79501,4,,,1,15,,79444,4,,,1,15,,79464,4,,,1,15,,79483,4,,,1,55,,79502,4,,,1,15,,79445,4,,,1,15,,79465,4,,,1,15,,79484,4,,,1,55,,79503,4,,,1,15,,79446,4,,,1,15,,79466,4,,,1,15,,79485,4,,,1,55,,79504,4,,,1,15,,79447,4,,,1,15,,79467,4,,,1,15,,79486,4,,,1,55,,79505,4,,,1,15,,79448,4,,,1,15,,79468,4,,,1,15,,79487,4,,,1,55,,79506,4,,,1,15,,79449,4,,,1,15,,79469,4,,,1,15,,79488,4,,,1,55,,79507,4,,,1,15,,79450,4,,,1,15,,79470,4,,,1,15,,79489,4,,,1,55,,79508,4,,,1,15,,79451,4,,,1,15,,79471,4,,,1,15,,79490,4,,,1,55,,79509,4,,,1,15,,79452,4,,,1,15,,79472,4,,,1,15,,79491,4,,,1,55,,79510,4,,,1,15,,79453,4,,,1,15,,79473,4,,,1,15,,79492,4,,,1,55,,79511,4,,,1,15,,79454,4,,,1,15,,79474,4,,,1,15,,79493,4,,,1,55,,79512,4,,,1,15,,79455,4,,,1,15,,79475,4,,,1,15,,79494,4,,,1,55,,79513,4,,,1,15,,79456,4,,,1,15,,79476,4,,,1,15,,79495,4,,,1,55,,79514,4,,,1,15,,79457,4,,,1,15,,79477,4,,,1,15,,79496,4,,,1,55,,79515,4,,,1,15,,79458,4,,,1,15,,79478,4,,,1,15,,79497,4,,,1,55,,79516,4,,,1,15,,79459,4,,,1,15,,79479,4,,,1,15,,79498,4,,,1,55,,79517,4,,,1,15,,79460,4,,,1,15,,79480,4,,,1,15,,79499,4,,,1,55,,79518,4,,,1,15,,79461,4,,,1
0,'20270131',616,,79519,4,,,1,15,,79539,4,,,1,15,,79558,4,,,1,55,,79577,4,,,1,15,,79520,4,,,1,15,,79540,4,,,1,15,,79559,4,,,1,55,,79578,4,,,1,15,,79521,4,,,1,15,,79541,4,,,1,15,,79560,4,,,1,55,,79579,4,,,1,15,,79522,4,,,1,15,,79542,4,,,1,15,,79561,4,,,1,55,,79580,4,,,1,15,,79523,4,,,1,15,,79543,4,,,1,15,,79562,4,,,1,55,,79581,4,,,1,15,,79524,4,,,1,15,,79544,4,,,1,15,,79563,4,,,1,55,,79582,4,,,1,15,,79525,4,,,1,15,,79545,4,,,1,15,,79564,4,,,1,55,,79583,4,,,1,15,,79526,4,,,1,15,,79546,4,,,1,15,,79565,4,,,1,55,,79584,4,,,1,15,,79527,4,,,1,15,,79547,4,,,1,15,,79566,4,,,1,55,,79585,4,,,1,15,,79528,4,,,1,15,,79548,4,,,1,15,,79567,4,,,1,55,,79586,4,,,1,15,,79529,4,,,1,15,,79549,4,,,1,15,,79568,4,,,1,55,,79587,4,,,1,15,,79530,4,,,1,15,,79550,4,,,1,15,,79569,4,,,1,55,,79588,4,,,1,15,,79531,4,,,1,15,,79551,4,,,1,15,,79570,4,,,1,55,,79589,4,,,1,15,,79532,4,,,1,15,,79552,4,,,1,15,,79571,4,,,1,55,,79590,4,,,1,15,,79533,4,,,1,15,,79553,4,,,1,15,,79572,4,,,1,55,,79591,4,,,1,15,,79534,4,,,1,15,,79554,4,,,1,15,,79573,4,,,1,55,,79592,4,,,1,15,,79535,4,,,1,15,,79555,4,,,1,15,,79574,4,,,1,55,,79593,4,,,1,15,,79536,4,,,1,15,,79556,4,,,1,15,,79575,4,,,1,55,,79594,4,,,1,15,,79537,4,,,1,15,,79557,4,,,1,15,,79576,4,,,1,55,,79595,4,,,1,15,,79538,4,,,1
0,'20270201',511,,79656,4,,,1,15,,79596,4,,,1,20,,79636,4,,,1,55,,79657,4,,,1,15,,79597,4,,,1,15,,79617,4,,,1,15,,79637,4,,,1,55,,79658,4,,,1,15,,79598,4,,,1,15,,79618,4,,,1,15,,79638,4,,,1,55,,79659,4,,,1,15,,79599,4,,,1,15,,79619,4,,,1,15,,79639,4,,,1,55,,79660,4,,,1,15,,79600,4,,,1,15,,79620,4,,,1,15,,79640,4,,,1,55,,79661,4,,,1,15,,79601,4,,,1,15,,79621,4,,,1,15,,79641,4,,,1,55,,79662,4,,,1,15,,79602,4,,,1,15,,79622,4,,,1,15,,79642,4,,,1,55,,79663,4,,,1,15,,79603,4,,,1,15,,79623,4,,,1,15,,79643,4,,,1,55,,79664,4,,,1,15,,79604,4,,,1,15,,79624,4,,,1,15,,79644,4,,,1,55,,79665,4,,,1,15,,79605,4,,,1,15,,79625,4,,,1,15,,79645,4,,,1,55,,79666,4,,,1,15,,79606,4,,,1,15,,79626,4,,,1,15,,79646,4,,,1,55,,79667,4,,,1,15,,79607,4,,,1,15,,79627,4,,,1,15,,79647,4,,,1,55,,79668,4,,,1,15,,79608,4,,,1,15,,79628,4,,,1,15,,79648,4,,,1,55,,79669,4,,,1,15,,79609,4,,,1,15,,79629,4,,,1,15,,79649,4,,,1,55,,79670,4,,,1,15,,79610,4,,,1,15,,79630,4,,,1,15,,79650,4,,,1,55,,79671,4,,,1,15,,79611,4,,,1,15,,79631,4,,,1,15,,79651,4,,,1,55,,79672,4,,,1,15,,79612,4,,,1,15,,79632,4,,,1,15,,79652,4,,,1,55,,79673,4,,,1,15,,79613,4,,,1,15,,79633,4,,,1,15,,79653,4,,,1,55,,79674,4,,,1,15,,79614,4,,,1,15,,79634,4,,,1,15,,79654,4,,,1,55,,79675,4,,,1,15,,79615,4,,,1,15,,79635,4,,,1,15,,79655,4,,,1,55,,79676,4,,,1,15,,79616,4,,,1
0,'20270202',511,,79737,4,,,1,15,,79677,4,,,1,20,,79717,4,,,1,55,,79738,4,,,1,15,,79678,4,,,1,15,,79698,4,,,1,15,,79718,4,,,1,55,,79739,4,,,1,15,,79679,4,,,1,15,,79699,4,,,1,15,,79719,4,,,1,55,,79740,4,,,1,15,,79680,4,,,1,15,,79700,4,,,1,15,,79720,4,,,1,55,,79741,4,,,1,15,,79681,4,,,1,15,,79701,4,,,1,15,,79721,4,,,1,55,,79742,4,,,1,15,,79682,4,,,1,15,,79702,4,,,1,15,,79722,4,,,1,55,,79743,4,,,1,15,,79683,4,,,1,15,,79703,4,,,1,15,,79723,4,,,1,55,,79744,4,,,1,15,,79684,4,,,1,15,,79704,4,,,1,15,,79724,4,,,1,55,,79745,4,,,1,15,,79685,4,,,1,15,,79705,4,,,1,15,,79725,4,,,1,55,,79746,4,,,1,15,,79686,4,,,1,15,,79706,4,,,1,15,,79726,4,,,1,55,,79747,4,,,1,15,,79687,4,,,1,15,,79707,4,,,1,15,,79727,4,,,1,55,,79748,4,,,1,15,,79688,4,,,1,15,,79708,4,,,1,15,,79728,4,,,1,55,,79749,4,,,1,15,,79689,4,,,1,15,,79709,4,,,1,15,,79729,4,,,1,55,,79750,4,,,1,15,,79690,4,,,1,15,,79710,4,,,1,15,,79730,4,,,1,55,,79751,4,,,1,15,,79691,4,,,1,15,,79711,4,,,1,15,,79731,4,,,1,55,,79752,4,,,1,15,,79692,4,,,1,15,,79712,4,,,1,15,,79732,4,,,1,55,,79753,4,,,1,15,,79693,4,,,1,15,,79713,4,,,1,15,,79733,4,,,1,55,,79754,4,,,1,15,,79694,4,,,1,15,,79714,4,,,1,15,,79734,4,,,1,55,,79755,4,,,1,15,,79695,4,,,1,15,,79715,4,,,1,15,,79735,4,,,1,55,,79756,4,,,1,15,,79696,4,,,1,15,,79716,4,,,1,15,,79736,4,,,1,55,,79757,4,,,1,15,,79697,4,,,1
0,'20270203',511,,79818,4,,,1,15,,79758,4,,,1,20,,79798,4,,,1,55,,79819,4,,,1,15,,79759,4,,,1,15,,79779,4,,,1,15,,79799,4,,,1,55,,79820,4,,,1,15,,79760,4,,,1,15,,79780,4,,,1,15,,79800,4,,,1,55,,79821,4,,,1,15,,79761,4,,,1,15,,79781,4,,,1,15,,79801,4,,,1,55,,79822,4,,,1,15,,79762,4,,,1,15,,79782,4,,,1,15,,79802,4,,,1,55,,79823,4,,,1,15,,79763,4,,,1,15,,79783,4,,,1,15,,79803,4,,,1,55,,79824,4,,,1,15,,79764,4,,,1,15,,79784,4,,,1,15,,79804,4,,,1,55,,79825,4,,,1,15,,79765,4,,,1,15,,79785,4,,,1,15,,79805,4,,,1,55,,79826,4,,,1,15,,79766,4,,,1,15,,79786,4,,,1,15,,79806,4,,,1,55,,79827,4,,,1,15,,79767,4,,,1,15,,79787,4,,,1,15,,79807,4,,,1,55,,79828,4,,,1,15,,79768,4,,,1,15,,79788,4,,,1,15,,79808,4,,,1,55,,79829,4,,,1,15,,79769,4,,,1,15,,79789,4,,,1,15,,79809,4,,,1,55,,79830,4,,,1,15,,79770,4,,,1,15,,79790,4,,,1,15,,79810,4,,,1,55,,79831,4,,,1,15,,79771,4,,,1,15,,79791,4,,,1,15,,79811,4,,,1,55,,79832,4,,,1,15,,79772,4,,,1,15,,79792,4,,,1,15,,79812,4,,,1,55,,79833,4,,,1,15,,79773,4,,,1,15,,79793,4,,,1,15,,79813,4,,,1,55,,79834,4,,,1,15,,79774,4,,,1,15,,79794,4,,,1,15,,79814,4,,,1,55,,79835,4,,,1,15,,79775,4,,,1,15,,79795,4,,,1,15,,79815,4,,,1,55,,79836,4,,,1,15,,79776,4,,,1,15,,79796,4,,,1,15,,79816,4,,,1,55,,79837,4,,,1,15,,79777,4,,,1,15,,79797,4,,,1,15,,79817,4,,,1,55,,79838,4,,,1,15,,79778,4,,,1
0,'20270204',511,,79899,4,,,1,15,,79839,4,,,1,20,,79879,4,,,1,55,,79900,4,,,1,15,,79840,4,,,1,15,,79860,4,,,1,15,,79880,4,,,1,55,,79901,4,,,1,15,,79841,4,,,1,15,,79861,4,,,1,15,,79881,4,,,1,55,,79902,4,,,1,15,,79842,4,,,1,15,,79862,4,,,1,15,,79882,4,,,1,55,,79903,4,,,1,15,,79843,4,,,1,15,,79863,4,,,1,15,,79883,4,,,1,55,,79904,4,,,1,15,,79844,4,,,1,15,,79864,4,,,1,15,,79884,4,,,1,55,,79905,4,,,1,15,,79845,4,,,1,15,,79865,4,,,1,15,,79885,4,,,1,55,,79906,4,,,1,15,,79846,4,,,1,15,,79866,4,,,1,15,,79886,4,,,1,55,,79907,4,,,1,15,,79847,4,,,1,15,,79867,4,,,1,15,,79887,4,,,1,55,,79908,4,,,1,15,,79848,4,,,1,15,,79868,4,,,1,15,,79888,4,,,1,55,,79909,4,,,1,15,,79849,4,,,1,15,,79869,4,,,1,15,,79889,4,,,1,55,,79910,4,,,1,15,,79850,4,,,1,15,,79870,4,,,1,15,,79890,4,,,1,55,,79911,4,,,1,15,,79851,4,,,1,15,,79871,4,,,1,15,,79891,4,,,1,55,,79912,4,,,1,15,,79852,4,,,1,15,,79872,4,,,1,15,,79892,4,,,1,55,,79913,4,,,1,15,,79853,4,,,1,15,,79873,4,,,1,15,,79893,4,,,1,55,,79914,4,,,1,15,,79854,4,,,1,15,,79874,4,,,1,15,,79894,4,,,1,55,,79915,4,,,1,15,,79855,4,,,1,15,,79875,4,,,1,15,,79895,4,,,1,55,,79916,4,,,1,15,,79856,4,,,1,15,,79876,4,,,1,15,,79896,4,,,1,55,,79917,4,,,1,15,,79857,4,,,1,15,,79877,4,,,1,15,,79897,4,,,1,55,,79918,4,,,1,15,,79858,4,,,1,15,,79878,4,,,1,15,,79898,4,,,1,55,,79919,4,,,1,15,,79859,4,,,1
0,'20270205',511,,79980,4,,,1,15,,79920,4,,,1,20,,79960,4,,,1,55,,79981,4,,,1,15,,79921,4,,,1,15,,79941,4,,,1,15,,79961,4,,,1,55,,79982,4,,,1,15,,79922,4,,,1,15,,79942,4,,,1,15,,79962,4,,,1,55,,79983,4,,,1,15,,79923,4,,,1,15,,79943,4,,,1,15,,79963,4,,,1,55,,79984,4,,,1,15,,79924,4,,,1,15,,79944,4,,,1,15,,79964,4,,,1,55,,79985,4,,,1,15,,79925,4,,,1,15,,79945,4,,,1,15,,79965,4,,,1,55,,79986,4,,,1,15,,79926,4,,,1,15,,79946,4,,,1,15,,79966,4,,,1,55,,79987,4,,,1,15,,79927,4,,,1,15,,79947,4,,,1,15,,79967,4,,,1,55,,79988,4,,,1,15,,79928,4,,,1,15,,79948,4,,,1,15,,79968,4,,,1,55,,79989,4,,,1,15,,79929,4,,,1,15,,79949,4,,,1,15,,79969,4,,,1,55,,79990,4,,,1,15,,79930,4,,,1,15,,79950,4,,,1,15,,79970,4,,,1,55,,79991,4,,,1,15,,79931,4,,,1,15,,79951,4,,,1,15,,79971,4,,,1,55,,79992,4,,,1,15,,79932,4,,,1,15,,79952,4,,,1,15,,79972,4,,,1,55,,79993,4,,,1,15,,79933,4,,,1,15,,79953,4,,,1,15,,79973,4,,,1,55,,79994,4,,,1,15,,79934,4,,,1,15,,79954,4,,,1,15,,79974,4,,,1,55,,79995,4,,,1,15,,79935,4,,,1,15,,79955,4,,,1,15,,79975,4,,,1,55,,79996,4,,,1,15,,79936,4,,,1,15,,79956,4,,,1,15,,79976,4,,,1,55,,79997,4,,,1,15,,79937,4,,,1,15,,79957,4,,,1,15,,79977,4,,,1,55,,79998,4,,,1,15,,79938,4,,,1,15,,79958,4,,,1,15,,79978,4,,,1,55,,79999,4,,,1,15,,79939,4,,,1,15,,79959,4,,,1,15,,79979,4,,,1,55,,80000,4,,,1,15,,79940,4,,,1
0,'20270206',616,,80001,4,,,1,15,,80021,4,,,1,15,,80040,4,,,1,55,,80059,4,,,1,15,,80002,4,,,1,15,,80022,4,,,1,15,,80041,4,,,1,55,,80060,4,,,1,15,,80003,4,,,1,15,,80023,4,,,1,15,,80042,4,,,1,55,,80061,4,,,1,15,,80004,4,,,1,15,,80024,4,,,1,15,,80043,4,,,1,55,,80062,4,,,1,15,,80005,4,,,1,15,,80025,4,,,1,15,,80044,4,,,1,55,,80063,4,,,1,15,,80006,4,,,1,15,,80026,4,,,1,15,,80045,4,,,1,55,,80064,4,,,1,15,,80007,4,,,1,15,,80027,4,,,1,15,,80046,4,,,1,55,,80065,4,,,1,15,,80008,4,,,1,15,,80028,4,,,1,15,,80047,4,,,1,55,,80066,4,,,1,15,,80009,4,,,1,15,,80029,4,,,1,15,,80048,4,,,1,55,,80067,4,,,1,15,,80010,4,,,1,15,,80030,4,,,1,15,,80049,4,,,1,55,,80068,4,,,1,15,,80011,4,,,1,15,,80031,4,,,1,15,,80050,4,,,1,55,,80069,4,,,1,15,,80012,4,,,1,15,,80032,4,,,1,15,,80051,4,,,1,55,,80070,4,,,1,15,,80013,4,,,1,15,,80033,4,,,1,15,,80052,4,,,1,55,,80071,4,,,1,15,,80014,4,,,1,15,,80034,4,,,1,15,,80053,4,,,1,55,,80072,4,,,1,15,,80015,4,,,1,15,,80035,4,,,1,15,,80054,4,,,1,55,,80073,4,,,1,15,,80016,4,,,1,15,,80036,4,,,1,15,,80055,4,,,1,55,,80074,4,,,1,15,,80017,4,,,1,15,,80037,4,,,1,15,,80056,4,,,1,55,,80075,4,,,1,15,,80018,4,,,1,15,,80038,4,,,1,15,,80057,4,,,1,55,,80076,4,,,1,15,,80019,4,,,1,15,,80039,4,,,1,15,,80058,4,,,1,55,,80077,4,,,1,15,,80020,4,,,1
0,'20270207',616,,80078,4,,,1,15,,80098,4,,,1,15,,80117,4,,,1,55,,80136,4,,,1,15,,80079,4,,,1,15,,80099,4,,,1,15,,80118,4,,,1,55,,80137,4,,,1,15,,80080,4,,,1,15,,80100,4,,,1,15,,80119,4,,,1,55,,80138,4,,,1,15,,80081,4,,,1,15,,80101,4,,,1,15,,80120,4,,,1,55,,80139,4,,,1,15,,80082,4,,,1,15,,80102,4,,,1,15,,80121,4,,,1,55,,80140,4,,,1,15,,80083,4,,,1,15,,80103,4,,,1,15,,80122,4,,,1,55,,80141,4,,,1,15,,80084,4,,,1,15,,80104,4,,,1,15,,80123,4,,,1,55,,80142,4,,,1,15,,80085,4,,,1,15,,80105,4,,,1,15,,80124,4,,,1,55,,80143,4,,,1,15,,80086,4,,,1,15,,80106,4,,,1,15,,80125,4,,,1,55,,80144,4,,,1,15,,80087,4,,,1,15,,80107,4,,,1,15,,80126,4,,,1,55,,80145,4,,,1,15,,80088,4,,,1,15,,80108,4,,,1,15,,80127,4,,,1,55,,80146,4,,,1,15,,80089,4,,,1,15,,80109,4,,,1,15,,80128,4,,,1,55,,80147,4,,,1,15,,80090,4,,,1,15,,80110,4,,,1,15,,80129,4,,,1,55,,80148,4,,,1,15,,80091,4,,,1,15,,80111,4,,,1,15,,80130,4,,,1,55,,80149,4,,,1,15,,80092,4,,,1,15,,80112,4,,,1,15,,80131,4,,,1,55,,80150,4,,,1,15,,80093,4,,,1,15,,80113,4,,,1,15,,80132,4,,,1,55,,80151,4,,,1,15,,80094,4,,,1,15,,80114,4,,,1,15,,80133,4,,,1,55,,80152,4,,,1,15,,80095,4,,,1,15,,80115,4,,,1,15,,80134,4,,,1,55,,80153,4,,,1,15,,80096,4,,,1,15,,80116,4,,,1,15,,80135,4,,,1,55,,80154,4,,,1,15,,80097,4,,,1
0,'20270208',511,,80215,4,,,1,15,,80155,4,,,1,20,,80195,4,,,1,55,,80216,4,,,1,15,,80156,4,,,1,15,,80176,4,,,1,15,,80196,4,,,1,55,,80217,4,,,1,15,,80157,4,,,1,15,,80177,4,,,1,15,,80197,4,,,1,55,,80218,4,,,1,15,,80158,4,,,1,15,,80178,4,,,1,15,,80198,4,,,1,55,,80219,4,,,1,15,,80159,4,,,1,15,,80179,4,,,1,15,,80199,4,,,1,55,,80220,4,,,1,15,,80160,4,,,1,15,,80180,4,,,1,15,,80200,4,,,1,55,,80221,4,,,1,15,,80161,4,,,1,15,,80181,4,,,1,15,,80201,4,,,1,55,,80222,4,,,1,15,,80162,4,,,1,15,,80182,4,,,1,15,,80202,4,,,1,55,,80223,4,,,1,15,,80163,4,,,1,15,,80183,4,,,1,15,,80203,4,,,1,55,,80224,4,,,1,15,,80164,4,,,1,15,,80184,4,,,1,15,,80204,4,,,1,55,,80225,4,,,1,15,,80165,4,,,1,15,,80185,4,,,1,15,,80205,4,,,1,55,,80226,4,,,1,15,,80166,4,,,1,15,,80186,4,,,1,15,,80206,4,,,1,55,,80227,4,,,1,15,,80167,4,,,1,15,,80187,4,,,1,15,,80207,4,,,1,55,,80228,4,,,1,15,,80168,4,,,1,15,,80188,4,,,1,15,,80208,4,,,1,55,,80229,4,,,1,15,,80169,4,,,1,15,,80189,4,,,1,15,,80209,4,,,1,55,,80230,4,,,1,15,,80170,4,,,1,15,,80190,4,,,1,15,,80210,4,,,1,55,,80231,4,,,1,15,,80171,4,,,1,15,,80191,4,,,1,15,,80211,4,,,1,55,,80232,4,,,1,15,,80172,4,,,1,15,,80192,4,,,1,15,,80212,4,,,1,55,,80233,4,,,1,15,,80173,4,,,1,15,,80193,4,,,1,15,,80213,4,,,1,55,,80234,4,,,1,15,,80174,4,,,1,15,,80194,4,,,1,15,,80214,4,,,1,55,,80235,4,,,1,15,,80175,4,,,1
0,'20270209',511,,80296,4,,,1,15,,80236,4,,,1,20,,80276,4,,,1,55,,80297,4,,,1,15,,80237,4,,,1,15,,80257,4,,,1,15,,80277,4,,,1,55,,80298,4,,,1,15,,80238,4,,,1,15,,80258,4,,,1,15,,80278,4,,,1,55,,80299,4,,,1,15,,80239,4,,,1,15,,80259,4,,,1,15,,80279,4,,,1,55,,80300,4,,,1,15,,80240,4,,,1,15,,80260,4,,,1,15,,80280,4,,,1,55,,80301,4,,,1,15,,80241,4,,,1,15,,80261,4,,,1,15,,80281,4,,,1,55,,80302,4,,,1,15,,80242,4,,,1,15,,80262,4,,,1,15,,80282,4,,,1,55,,80303,4,,,1,15,,80243,4,,,1,15,,80263,4,,,1,15,,80283,4,,,1,55,,80304,4,,,1,15,,80244,4,,,1,15,,80264,4,,,1,15,,80284,4,,,1,55,,80305,4,,,1,15,,80245,4,,,1,15,,80265,4,,,1,15,,80285,4,,,1,55,,80306,4,,,1,15,,80246,4,,,1,15,,80266,4,,,1,15,,80286,4,,,1,55,,80307,4,,,1,15,,80247,4,,,1,15,,80267,4,,,1,15,,80287,4,,,1,55,,80308,4,,,1,15,,80248,4,,,1,15,,80268,4,,,1,15,,80288,4,,,1,55,,80309,4,,,1,15,,80249,4,,,1,15,,80269,4,,,1,15,,80289,4,,,1,55,,80310,4,,,1,15,,80250,4,,,1,15,,80270,4,,,1,15,,80290,4,,,1,55,,80311,4,,,1,15,,80251,4,,,1,15,,80271,4,,,1,15,,80291,4,,,1,55,,80312,4,,,1,15,,80252,4,,,1,15,,80272,4,,,1,15,,80292,4,,,1,55,,80313,4,,,1,15,,80253,4,,,1,15,,80273,4,,,1,15,,80293,4,,,1,55,,80314,4,,,1,15,,80254,4,,,1,15,,80274,4,,,1,15,,80294,4,,,1,55,,80315,4,,,1,15,,80255,4,,,1,15,,80275,4,,,1,15,,80295,4,,,1,55,,80316,4,,,1,15,,80256,4,,,1
0,'20270210',511,,80377,4,,,1,15,,80317,4,,,1,20,,80357,4,,,1,55,,80378,4,,,1,15,,80318,4,,,1,15,,80338,4,,,1,15,,80358,4,,,1,55,,80379,4,,,1,15,,80319,4,,,1,15,,80339,4,,,1,15,,80359,4,,,1,55,,80380,4,,,1,15,,80320,4,,,1,15,,80340,4,,,1,15,,80360,4,,,1,55,,80381,4,,,1,15,,80321,4,,,1,15,,80341,4,,,1,15,,80361,4,,,1,55,,80382,4,,,1,15,,80322,4,,,1,15,,80342,4,,,1,15,,80362,4,,,1,55,,80383,4,,,1,15,,80323,4,,,1,15,,80343,4,,,1,15,,80363,4,,,1,55,,80384,4,,,1,15,,80324,4,,,1,15,,80344,4,,,1,15,,80364,4,,,1,55,,80385,4,,,1,15,,80325,4,,,1,15,,80345,4,,,1,15,,80365,4,,,1,55,,80386,4,,,1,15,,80326,4,,,1,15,,80346,4,,,1,15,,80366,4,,,1,55,,80387,4,,,1,15,,80327,4,,,1,15,,80347,4,,,1,15,,80367,4,,,1,55,,80388,4,,,1,15,,80328,4,,,1,15,,80348,4,,,1,15,,80368,4,,,1,55,,80389,4,,,1,15,,80329,4,,,1,15,,80349,4,,,1,15,,80369,4,,,1,55,,80390,4,,,1,15,,80330,4,,,1,15,,80350,4,,,1,15,,80370,4,,,1,55,,80391,4,,,1,15,,80331,4,,,1,15,,80351,4,,,1,15,,80371,4,,,1,55,,80392,4,,,1,15,,80332,4,,,1,15,,80352,4,,,1,15,,80372,4,,,1,55,,80393,4,,,1,15,,80333,4,,,1,15,,80353,4,,,1,15,,80373,4,,,1,55,,80394,4,,,1,15,,80334,4,,,1,15,,80354,4,,,1,15,,80374,4,,,1,55,,80395,4,,,1,15,,80335,4,,,1,15,,80355,4,,,1,15,,80375,4,,,1,55,,80396,4,,,1,15,,80336,4,,,1,15,,80356,4,,,1,15,,80376,4,,,1,55,,80397,4,,,1,15,,80337,4,,,1
0,'20270211',511,,80458,4,,,1,15,,80398,4,,,1,20,,80438,4,,,1,55,,80459,4,,,1,15,,80399,4,,,1,15,,80419,4,,,1,15,,80439,4,,,1,55,,80460,4,,,1,15,,80400,4,,,1,15,,80420,4,,,1,15,,80440,4,,,1,55,,80461,4,,,1,15,,80401,4,,,1,15,,80421,4,,,1,15,,80441,4,,,1,55,,80462,4,,,1,15,,80402,4,,,1,15,,80422,4,,,1,15,,80442,4,,,1,55,,80463,4,,,1,15,,80403,4,,,1,15,,80423,4,,,1,15,,80443,4,,,1,55,,80464,4,,,1,15,,80404,4,,,1,15,,80424,4,,,1,15,,80444,4,,,1,55,,80465,4,,,1,15,,80405,4,,,1,15,,80425,4,,,1,15,,80445,4,,,1,55,,80466,4,,,1,15,,80406,4,,,1,15,,80426,4,,,1,15,,80446,4,,,1,55,,80467,4,,,1,15,,80407,4,,,1,15,,80427,4,,,1,15,,80447,4,,,1,55,,80468,4,,,1,15,,80408,4,,,1,15,,80428,4,,,1,15,,80448,4,,,1,55,,80469,4,,,1,15,,80409,4,,,1,15,,80429,4,,,1,15,,80449,4,,,1,55,,80470,4,,,1,15,,80410,4,,,1,15,,80430,4,,,1,15,,80450,4,,,1,55,,80471,4,,,1,15,,80411,4,,,1,15,,80431,4,,,1,15,,80451,4,,,1,55,,80472,4,,,1,15,,80412,4,,,1,15,,80432,4,,,1,15,,80452,4,,,1,55,,80473,4,,,1,15,,80413,4,,,1,15,,80433,4,,,1,15,,80453,4,,,1,55,,80474,4,,,1,15,,80414,4,,,1,15,,80434,4,,,1,15,,80454,4,,,1,55,,80475,4,,,1,15,,80415,4,,,1,15,,80435,4,,,1,15,,80455,4,,,1,55,,80476,4,,,1,15,,80416,4,,,1,15,,80436,4,,,1,15,,80456,4,,,1,55,,80477,4,,,1,15,,80417,4,,,1,15,,80437,4,,,1,15,,80457,4,,,1,55,,80478,4,,,1,15,,80418,4,,,1
0,'20270212',511,,80539,4,,,1,15,,80479,4,,,1,20,,80519,4,,,1,55,,80540,4,,,1,15,,80480,4,,,1,15,,80500,4,,,1,15,,80520,4,,,1,55,,80541,4,,,1,15,,80481,4,,,1,15,,80501,4,,,1,15,,80521,4,,,1,55,,80542,4,,,1,15,,80482,4,,,1,15,,80502,4,,,1,15,,80522,4,,,1,55,,80543,4,,,1,15,,80483,4,,,1,15,,80503,4,,,1,15,,80523,4,,,1,55,,80544,4,,,1,15,,80484,4,,,1,15,,80504,4,,,1,15,,80524,4,,,1,55,,80545,4,,,1,15,,80485,4,,,1,15,,80505,4,,,1,15,,80525,4,,,1,55,,80546,4,,,1,15,,80486,4,,,1,15,,80506,4,,,1,15,,80526,4,,,1,55,,80547,4,,,1,15,,80487,4,,,1,15,,80507,4,,,1,15,,80527,4,,,1,55,,80548,4,,,1,15,,80488,4,,,1,15,,80508,4,,,1,15,,80528,4,,,1,55,,80549,4,,,1,15,,80489,4,,,1,15,,80509,4,,,1,15,,80529,4,,,1,55,,80550,4,,,1,15,,80490,4,,,1,15,,80510,4,,,1,15,,80530,4,,,1,55,,80551,4,,,1,15,,80491,4,,,1,15,,80511,4,,,1,15,,80531,4,,,1,55,,80552,4,,,1,15,,80492,4,,,1,15,,80512,4,,,1,15,,80532,4,,,1,55,,80553,4,,,1,15,,80493,4,,,1,15,,80513,4,,,1,15,,80533,4,,,1,55,,80554,4,,,1,15,,80494,4,,,1,15,,80514,4,,,1,15,,80534,4,,,1,55,,80555,4,,,1,15,,80495,4,,,1,15,,80515,4,,,1,15,,80535,4,,,1,55,,80556,4,,,1,15,,80496,4,,,1,15,,80516,4,,,1,15,,80536,4,,,1,55,,80557,4,,,1,15,,80497,4,,,1,15,,80517,4,,,1,15,,80537,4,,,1,55,,80558,4,,,1,15,,80498,4,,,1,15,,80518,4,,,1,15,,80538,4,,,1,55,,80559,4,,,1,15,,80499,4,,,1
0,'20270213',616,,80560,4,,,1,15,,80580,4,,,1,15,,80599,4,,,1,55,,80618,4,,,1,15,,80561,4,,,1,15,,80581,4,,,1,15,,80600,4,,,1,55,,80619,4,,,1,15,,80562,4,,,1,15,,80582,4,,,1,15,,80601,4,,,1,55,,80620,4,,,1,15,,80563,4,,,1,15,,80583,4,,,1,15,,80602,4,,,1,55,,80621,4,,,1,15,,80564,4,,,1,15,,80584,4,,,1,15,,80603,4,,,1,55,,80622,4,,,1,15,,80565,4,,,1,15,,80585,4,,,1,15,,80604,4,,,1,55,,80623,4,,,1,15,,80566,4,,,1,15,,80586,4,,,1,15,,80605,4,,,1,55,,80624,4,,,1,15,,80567,4,,,1,15,,80587,4,,,1,15,,80606,4,,,1,55,,80625,4,,,1,15,,80568,4,,,1,15,,80588,4,,,1,15,,80607,4,,,1,55,,80626,4,,,1,15,,80569,4,,,1,15,,80589,4,,,1,15,,80608,4,,,1,55,,80627,4,,,1,15,,80570,4,,,1,15,,80590,4,,,1,15,,80609,4,,,1,55,,80628,4,,,1,15,,80571,4,,,1,15,,80591,4,,,1,15,,80610,4,,,1,55,,80629,4,,,1,15,,80572,4,,,1,15,,80592,4,,,1,15,,80611,4,,,1,55,,80630,4,,,1,15,,80573,4,,,1,15,,80593,4,,,1,15,,80612,4,,,1,55,,80631,4,,,1,15,,80574,4,,,1,15,,80594,4,,,1,15,,80613,4,,,1,55,,80632,4,,,1,15,,80575,4,,,1,15,,80595,4,,,1,15,,80614,4,,,1,55,,80633,4,,,1,15,,80576,4,,,1,15,,80596,4,,,1,15,,80615,4,,,1,55,,80634,4,,,1,15,,80577,4,,,1,15,,80597,4,,,1,15,,80616,4,,,1,55,,80635,4,,,1,15,,80578,4,,,1,15,,80598,4,,,1,15,,80617,4,,,1,55,,80636,4,,,1,15,,80579,4,,,1
0,'20270214',616,,80637,4,,,1,15,,80657,4,,,1,15,,80676,4,,,1,55,,80695,4,,,1,15,,80638,4,,,1,15,,80658,4,,,1,15,,80677,4,,,1,55,,80696,4,,,1,15,,80639,4,,,1,15,,80659,4,,,1,15,,80678,4,,,1,55,,80697,4,,,1,15,,80640,4,,,1,15,,80660,4,,,1,15,,80679,4,,,1,55,,80698,4,,,1,15,,80641,4,,,1,15,,80661,4,,,1,15,,80680,4,,,1,55,,80699,4,,,1,15,,80642,4,,,1,15,,80662,4,,,1,15,,80681,4,,,1,55,,80700,4,,,1,15,,80643,4,,,1,15,,80663,4,,,1,15,,80682,4,,,1,55,,80701,4,,,1,15,,80644,4,,,1,15,,80664,4,,,1,15,,80683,4,,,1,55,,80702,4,,,1,15,,80645,4,,,1,15,,80665,4,,,1,15,,80684,4,,,1,55,,80703,4,,,1,15,,80646,4,,,1,15,,80666,4,,,1,15,,80685,4,,,1,55,,80704,4,,,1,15,,80647,4,,,1,15,,80667,4,,,1,15,,80686,4,,,1,55,,80705,4,,,1,15,,80648,4,,,1,15,,80668,4,,,1,15,,80687,4,,,1,55,,80706,4,,,1,15,,80649,4,,,1,15,,80669,4,,,1,15,,80688,4,,,1,55,,80707,4,,,1,15,,80650,4,,,1,15,,80670,4,,,1,15,,80689,4,,,1,55,,80708,4,,,1,15,,80651,4,,,1,15,,80671,4,,,1,15,,80690,4,,,1,55,,80709,4,,,1,15,,80652,4,,,1,15,,80672,4,,,1,15,,80691,4,,,1,55,,80710,4,,,1,15,,80653,4,,,1,15,,80673,4,,,1,15,,80692,4,,,1,55,,80711,4,,,1,15,,80654,4,,,1,15,,80674,4,,,1,15,,80693,4,,,1,55,,80712,4,,,1,15,,80655,4,,,1,15,,80675,4,,,1,15,,80694,4,,,1,55,,80713,4,,,1,15,,80656,4,,,1
0,'20270215',511,,80774,4,,,1,15,,80714,4,,,1,20,,80754,4,,,1,55,,80775,4,,,1,15,,80715,4,,,1,15,,80735,4,,,1,15,,80755,4,,,1,55,,80776,4,,,1,15,,80716,4,,,1,15,,80736,4,,,1,15,,80756,4,,,1,55,,80777,4,,,1,15,,80717,4,,,1,15,,80737,4,,,1,15,,80757,4,,,1,55,,80778,4,,,1,15,,80718,4,,,1,15,,80738,4,,,1,15,,80758,4,,,1,55,,80779,4,,,1,15,,80719,4,,,1,15,,80739,4,,,1,15,,80759,4,,,1,55,,80780,4,,,1,15,,80720,4,,,1,15,,80740,4,,,1,15,,80760,4,,,1,55,,80781,4,,,1,15,,80721,4,,,1,15,,80741,4,,,1,15,,80761,4,,,1,55,,80782,4,,,1,15,,80722,4,,,1,15,,80742,4,,,1,15,,80762,4,,,1,55,,80783,4,,,1,15,,80723,4,,,1,15,,80743,4,,,1,15,,80763,4,,,1,55,,80784,4,,,1,15,,80724,4,,,1,15,,80744,4,,,1,15,,80764,4,,,1,55,,80785,4,,,1,15,,80725,4,,,1,15,,80745,4,,,1,15,,80765,4,,,1,55,,80786,4,,,1,15,,80726,4,,,1,15,,80746,4,,,1,15,,80766,4,,,1,55,,80787,4,,,1,15,,80727,4,,,1,15,,80747,4,,,1,15,,80767,4,,,1,55,,80788,4,,,1,15,,80728,4,,,1,15,,80748,4,,,1,15,,80768,4,,,1,55,,80789,4,,,1,15,,80729,4,,,1,15,,80749,4,,,1,15,,80769,4,,,1,55,,80790,4,,,1,15,,80730,4,,,1,15,,80750,4,,,1,15,,80770,4,,,1,55,,80791,4,,,1,15,,80731,4,,,1,15,,80751,4,,,1,15,,80771,4,,,1,55,,80792,4,,,1,15,,80732,4,,,1,15,,80752,4,,,1,15,,80772,4,,,1,55,,80793,4,,,1,15,,80733,4,,,1,15,,80753,4,,,1,15,,80773,4,,,1,55,,80794,4,,,1,15,,80734,4,,,1
0,'20270216',511,,80855,4,,,1,15,,80795,4,,,1,20,,80835,4,,,1,55,,80856,4,,,1,15,,80796,4,,,1,15,,80816,4,,,1,15,,80836,4,,,1,55,,80857,4,,,1,15,,80797,4,,,1,15,,80817,4,,,1,15,,80837,4,,,1,55,,80858,4,,,1,15,,80798,4,,,1,15,,80818,4,,,1,15,,80838,4,,,1,55,,80859,4,,,1,15,,80799,4,,,1,15,,80819,4,,,1,15,,80839,4,,,1,55,,80860,4,,,1,15,,80800,4,,,1,15,,80820,4,,,1,15,,80840,4,,,1,55,,80861,4,,,1,15,,80801,4,,,1,15,,80821,4,,,1,15,,80841,4,,,1,55,,80862,4,,,1,15,,80802,4,,,1,15,,80822,4,,,1,15,,80842,4,,,1,55,,80863,4,,,1,15,,80803,4,,,1,15,,80823,4,,,1,15,,80843,4,,,1,55,,80864,4,,,1,15,,80804,4,,,1,15,,80824,4,,,1,15,,80844,4,,,1,55,,80865,4,,,1,15,,80805,4,,,1,15,,80825,4,,,1,15,,80845,4,,,1,55,,80866,4,,,1,15,,80806,4,,,1,15,,80826,4,,,1,15,,80846,4,,,1,55,,80867,4,,,1,15,,80807,4,,,1,15,,80827,4,,,1,15,,80847,4,,,1,55,,80868,4,,,1,15,,80808,4,,,1,15,,80828,4,,,1,15,,80848,4,,,1,55,,80869,4,,,1,15,,80809,4,,,1,15,,80829,4,,,1,15,,80849,4,,,1,55,,80870,4,,,1,15,,80810,4,,,1,15,,80830,4,,,1,15,,80850,4,,,1,55,,80871,4,,,1,15,,80811,4,,,1,15,,80831,4,,,1,15,,80851,4,,,1,55,,80872,4,,,1,15,,80812,4,,,1,15,,80832,4,,,1,15,,80852,4,,,1,55,,80873,4,,,1,15,,80813,4,,,1,15,,80833,4,,,1,15,,80853,4,,,1,55,,80874,4,,,1,15,,80814,4,,,1,15,,80834,4,,,1,15,,80854,4,,,1,55,,80875,4,,,1,15,,80815,4,,,1
0,'20270217',511,,80936,4,,,1,15,,80876,4,,,1,20,,80916,4,,,1,55,,80937,4,,,1,15,,80877,4,,,1,15,,80897,4,,,1,15,,80917,4,,,1,55,,80938,4,,,1,15,,80878,4,,,1,15,,80898,4,,,1,15,,80918,4,,,1,55,,80939,4,,,1,15,,80879,4,,,1,15,,80899,4,,,1,15,,80919,4,,,1,55,,80940,4,,,1,15,,80880,4,,,1,15,,80900,4,,,1,15,,80920,4,,,1,55,,80941,4,,,1,15,,80881,4,,,1,15,,80901,4,,,1,15,,80921,4,,,1,55,,80942,4,,,1,15,,80882,4,,,1,15,,80902,4,,,1,15,,80922,4,,,1,55,,80943,4,,,1,15,,80883,4,,,1,15,,80903,4,,,1,15,,80923,4,,,1,55,,80944,4,,,1,15,,80884,4,,,1,15,,80904,4,,,1,15,,80924,4,,,1,55,,80945,4,,,1,15,,80885,4,,,1,15,,80905,4,,,1,15,,80925,4,,,1,55,,80946,4,,,1,15,,80886,4,,,1,15,,80906,4,,,1,15,,80926,4,,,1,55,,80947,4,,,1,15,,80887,4,,,1,15,,80907,4,,,1,15,,80927,4,,,1,55,,80948,4,,,1,15,,80888,4,,,1,15,,80908,4,,,1,15,,80928,4,,,1,55,,80949,4,,,1,15,,80889,4,,,1,15,,80909,4,,,1,15,,80929,4,,,1,55,,80950,4,,,1,15,,80890,4,,,1,15,,80910,4,,,1,15,,80930,4,,,1,55,,80951,4,,,1,15,,80891,4,,,1,15,,80911,4,,,1,15,,80931,4,,,1,55,,80952,4,,,1,15,,80892,4,,,1,15,,80912,4,,,1,15,,80932,4,,,1,55,,80953,4,,,1,15,,80893,4,,,1,15,,80913,4,,,1,15,,80933,4,,,1,55,,80954,4,,,1,15,,80894,4,,,1,15,,80914,4,,,1,15,,80934,4,,,1,55,,80955,4,,,1,15,,80895,4,,,1,15,,80915,4,,,1,15,,80935,4,,,1,55,,80956,4,,,1,15,,80896,4,,,1
0,'20270218',511,,81017,4,,,1,15,,80957,4,,,1,20,,80997,4,,,1,55,,81018,4,,,1,15,,80958,4,,,1,15,,80978,4,,,1,15,,80998,4,,,1,55,,81019,4,,,1,15,,80959,4,,,1,15,,80979,4,,,1,15,,80999,4,,,1,55,,81020,4,,,1,15,,80960,4,,,1,15,,80980,4,,,1,15,,81000,4,,,1,55,,81021,4,,,1,15,,80961,4,,,1,15,,80981,4,,,1,15,,81001,4,,,1,55,,81022,4,,,1,15,,80962,4,,,1,15,,80982,4,,,1,15,,81002,4,,,1,55,,81023,4,,,1,15,,80963,4,,,1,15,,80983,4,,,1,15,,81003,4,,,1,55,,81024,4,,,1,15,,80964,4,,,1,15,,80984,4,,,1,15,,81004,4,,,1,55,,81025,4,,,1,15,,80965,4,,,1,15,,80985,4,,,1,15,,81005,4,,,1,55,,81026,4,,,1,15,,80966,4,,,1,15,,80986,4,,,1,15,,81006,4,,,1,55,,81027,4,,,1,15,,80967,4,,,1,15,,80987,4,,,1,15,,81007,4,,,1,55,,81028,4,,,1,15,,80968,4,,,1,15,,80988,4,,,1,15,,81008,4,,,1,55,,81029,4,,,1,15,,80969,4,,,1,15,,80989,4,,,1,15,,81009,4,,,1,55,,81030,4,,,1,15,,80970,4,,,1,15,,80990,4,,,1,15,,81010,4,,,1,55,,81031,4,,,1,15,,80971,4,,,1,15,,80991,4,,,1,15,,81011,4,,,1,55,,81032,4,,,1,15,,80972,4,,,1,15,,80992,4,,,1,15,,81012,4,,,1,55,,81033,4,,,1,15,,80973,4,,,1,15,,80993,4,,,1,15,,81013,4,,,1,55,,81034,4,,,1,15,,80974,4,,,1,15,,80994,4,,,1,15,,81014,4,,,1,55,,81035,4,,,1,15,,80975,4,,,1,15,,80995,4,,,1,15,,81015,4,,,1,55,,81036,4,,,1,15,,80976,4,,,1,15,,80996,4,,,1,15,,81016,4,,,1,55,,81037,4,,,1,15,,80977,4,,,1
0,'20270219',511,,81098,4,,,1,15,,81038,4,,,1,20,,81078,4,,,1,55,,81099,4,,,1,15,,81039,4,,,1,15,,81059,4,,,1,15,,81079,4,,,1,55,,81100,4,,,1,15,,81040,4,,,1,15,,81060,4,,,1,15,,81080,4,,,1,55,,81101,4,,,1,15,,81041,4,,,1,15,,81061,4,,,1,15,,81081,4,,,1,55,,81102,4,,,1,15,,81042,4,,,1,15,,81062,4,,,1,15,,81082,4,,,1,55,,81103,4,,,1,15,,81043,4,,,1,15,,81063,4,,,1,15,,81083,4,,,1,55,,81104,4,,,1,15,,81044,4,,,1,15,,81064,4,,,1,15,,81084,4,,,1,55,,81105,4,,,1,15,,81045,4,,,1,15,,81065,4,,,1,15,,81085,4,,,1,55,,81106,4,,,1,15,,81046,4,,,1,15,,81066,4,,,1,15,,81086,4,,,1,55,,81107,4,,,1,15,,81047,4,,,1,15,,81067,4,,,1,15,,81087,4,,,1,55,,81108,4,,,1,15,,81048,4,,,1,15,,81068,4,,,1,15,,81088,4,,,1,55,,81109,4,,,1,15,,81049,4,,,1,15,,81069,4,,,1,15,,81089,4,,,1,55,,81110,4,,,1,15,,81050,4,,,1,15,,81070,4,,,1,15,,81090,4,,,1,55,,81111,4,,,1,15,,81051,4,,,1,15,,81071,4,,,1,15,,81091,4,,,1,55,,81112,4,,,1,15,,81052,4,,,1,15,,81072,4,,,1,15,,81092,4,,,1,55,,81113,4,,,1,15,,81053,4,,,1,15,,81073,4,,,1,15,,81093,4,,,1,55,,81114,4,,,1,15,,81054,4,,,1,15,,81074,4,,,1,15,,81094,4,,,1,55,,81115,4,,,1,15,,81055,4,,,1,15,,81075,4,,,1,15,,81095,4,,,1,55,,81116,4,,,1,15,,81056,4,,,1,15,,81076,4,,,1,15,,81096,4,,,1,55,,81117,4,,,1,15,,81057,4,,,1,15,,81077,4,,,1,15,,81097,4,,,1,55,,81118,4,,,1,15,,81058,4,,,1
0,'20270220',616,,81119,4,,,1,15,,81139,4,,,1,15,,81158,4,,,1,55,,81177,4,,,1,15,,81120,4,,,1,15,,81140,4,,,1,15,,81159,4,,,1,55,,81178,4,,,1,15,,81121,4,,,1,15,,81141,4,,,1,15,,81160,4,,,1,55,,81179,4,,,1,15,,81122,4,,,1,15,,81142,4,,,1,15,,81161,4,,,1,55,,81180,4,,,1,15,,81123,4,,,1,15,,81143,4,,,1,15,,81162,4,,,1,55,,81181,4,,,1,15,,81124,4,,,1,15,,81144,4,,,1,15,,81163,4,,,1,55,,81182,4,,,1,15,,81125,4,,,1,15,,81145,4,,,1,15,,81164,4,,,1,55,,81183,4,,,1,15,,81126,4,,,1,15,,81146,4,,,1,15,,81165,4,,,1,55,,81184,4,,,1,15,,81127,4,,,1,15,,81147,4,,,1,15,,81166,4,,,1,55,,81185,4,,,1,15,,81128,4,,,1,15,,81148,4,,,1,15,,81167,4,,,1,55,,81186,4,,,1,15,,81129,4,,,1,15,,81149,4,,,1,15,,81168,4,,,1,55,,81187,4,,,1,15,,81130,4,,,1,15,,81150,4,,,1,15,,81169,4,,,1,55,,81188,4,,,1,15,,81131,4,,,1,15,,81151,4,,,1,15,,81170,4,,,1,55,,81189,4,,,1,15,,81132,4,,,1,15,,81152,4,,,1,15,,81171,4,,,1,55,,81190,4,,,1,15,,81133,4,,,1,15,,81153,4,,,1,15,,81172,4,,,1,55,,81191,4,,,1,15,,81134,4,,,1,15,,81154,4,,,1,15,,81173,4,,,1,55,,81192,4,,,1,15,,81135,4,,,1,15,,81155,4,,,1,15,,81174,4,,,1,55,,81193,4,,,1,15,,81136,4,,,1,15,,81156,4,,,1,15,,81175,4,,,1,55,,81194,4,,,1,15,,81137,4,,,1,15,,81157,4,,,1,15,,81176,4,,,1,55,,81195,4,,,1,15,,81138,4,,,1
0,'20270221',616,,81196,4,,,1,15,,81216,4,,,1,15,,81235,4,,,1,55,,81254,4,,,1,15,,81197,4,,,1,15,,81217,4,,,1,15,,81236,4,,,1,55,,81255,4,,,1,15,,81198,4,,,1,15,,81218,4,,,1,15,,81237,4,,,1,55,,81256,4,,,1,15,,81199,4,,,1,15,,81219,4,,,1,15,,81238,4,,,1,55,,81257,4,,,1,15,,81200,4,,,1,15,,81220,4,,,1,15,,81239,4,,,1,55,,81258,4,,,1,15,,81201,4,,,1,15,,81221,4,,,1,15,,81240,4,,,1,55,,81259,4,,,1,15,,81202,4,,,1,15,,81222,4,,,1,15,,81241,4,,,1,55,,81260,4,,,1,15,,81203,4,,,1,15,,81223,4,,,1,15,,81242,4,,,1,55,,81261,4,,,1,15,,81204,4,,,1,15,,81224,4,,,1,15,,81243,4,,,1,55,,81262,4,,,1,15,,81205,4,,,1,15,,81225,4,,,1,15,,81244,4,,,1,55,,81263,4,,,1,15,,81206,4,,,1,15,,81226,4,,,1,15,,81245,4,,,1,55,,81264,4,,,1,15,,81207,4,,,1,15,,81227,4,,,1,15,,81246,4,,,1,55,,81265,4,,,1,15,,81208,4,,,1,15,,81228,4,,,1,15,,81247,4,,,1,55,,81266,4,,,1,15,,81209,4,,,1,15,,81229,4,,,1,15,,81248,4,,,1,55,,81267,4,,,1,15,,81210,4,,,1,15,,81230,4,,,1,15,,81249,4,,,1,55,,81268,4,,,1,15,,81211,4,,,1,15,,81231,4,,,1,15,,81250,4,,,1,55,,81269,4,,,1,15,,81212,4,,,1,15,,81232,4,,,1,15,,81251,4,,,1,55,,81270,4,,,1,15,,81213,4,,,1,15,,81233,4,,,1,15,,81252,4,,,1,55,,81271,4,,,1,15,,81214,4,,,1,15,,81234,4,,,1,15,,81253,4,,,1,55,,81272,4,,,1,15,,81215,4,,,1
0,'20270222',511,,81333,4,,,1,15,,81273,4,,,1,20,,81313,4,,,1,55,,81334,4,,,1,15,,81274,4,,,1,15,,81294,4,,,1,15,,81314,4,,,1,55,,81335,4,,,1,15,,81275,4,,,1,15,,81295,4,,,1,15,,81315,4,,,1,55,,81336,4,,,1,15,,81276,4,,,1,15,,81296,4,,,1,15,,81316,4,,,1,55,,81337,4,,,1,15,,81277,4,,,1,15,,81297,4,,,1,15,,81317,4,,,1,55,,81338,4,,,1,15,,81278,4,,,1,15,,81298,4,,,1,15,,81318,4,,,1,55,,81339,4,,,1,15,,81279,4,,,1,15,,81299,4,,,1,15,,81319,4,,,1,55,,81340,4,,,1,15,,81280,4,,,1,15,,81300,4,,,1,15,,81320,4,,,1,55,,81341,4,,,1,15,,81281,4,,,1,15,,81301,4,,,1,15,,81321,4,,,1,55,,81342,4,,,1,15,,81282,4,,,1,15,,81302,4,,,1,15,,81322,4,,,1,55,,81343,4,,,1,15,,81283,4,,,1,15,,81303,4,,,1,15,,81323,4,,,1,55,,81344,4,,,1,15,,81284,4,,,1,15,,81304,4,,,1,15,,81324,4,,,1,55,,81345,4,,,1,15,,81285,4,,,1,15,,81305,4,,,1,15,,81325,4,,,1,55,,81346,4,,,1,15,,81286,4,,,1,15,,81306,4,,,1,15,,81326,4,,,1,55,,81347,4,,,1,15,,81287,4,,,1,15,,81307,4,,,1,15,,81327,4,,,1,55,,81348,4,,,1,15,,81288,4,,,1,15,,81308,4,,,1,15,,81328,4,,,1,55,,81349,4,,,1,15,,81289,4,,,1,15,,81309,4,,,1,15,,81329,4,,,1,55,,81350,4,,,1,15,,81290,4,,,1,15,,81310,4,,,1,15,,81330,4,,,1,55,,81351,4,,,1,15,,81291,4,,,1,15,,81311,4,,,1,15,,81331,4,,,1,55,,81352,4,,,1,15,,81292,4,,,1,15,,81312,4,,,1,15,,81332,4,,,1,55,,81353,4,,,1,15,,81293,4,,,1
0,'20270223',511,,81414,4,,,1,15,,81354,4,,,1,20,,81394,4,,,1,55,,81415,4,,,1,15,,81355,4,,,1,15,,81375,4,,,1,15,,81395,4,,,1,55,,81416,4,,,1,15,,81356,4,,,1,15,,81376,4,,,1,15,,81396,4,,,1,55,,81417,4,,,1,15,,81357,4,,,1,15,,81377,4,,,1,15,,81397,4,,,1,55,,81418,4,,,1,15,,81358,4,,,1,15,,81378,4,,,1,15,,81398,4,,,1,55,,81419,4,,,1,15,,81359,4,,,1,15,,81379,4,,,1,15,,81399,4,,,1,55,,81420,4,,,1,15,,81360,4,,,1,15,,81380,4,,,1,15,,81400,4,,,1,55,,81421,4,,,1,15,,81361,4,,,1,15,,81381,4,,,1,15,,81401,4,,,1,55,,81422,4,,,1,15,,81362,4,,,1,15,,81382,4,,,1,15,,81402,4,,,1,55,,81423,4,,,1,15,,81363,4,,,1,15,,81383,4,,,1,15,,81403,4,,,1,55,,81424,4,,,1,15,,81364,4,,,1,15,,81384,4,,,1,15,,81404,4,,,1,55,,81425,4,,,1,15,,81365,4,,,1,15,,81385,4,,,1,15,,81405,4,,,1,55,,81426,4,,,1,15,,81366,4,,,1,15,,81386,4,,,1,15,,81406,4,,,1,55,,81427,4,,,1,15,,81367,4,,,1,15,,81387,4,,,1,15,,81407,4,,,1,55,,81428,4,,,1,15,,81368,4,,,1,15,,81388,4,,,1,15,,81408,4,,,1,55,,81429,4,,,1,15,,81369,4,,,1,15,,81389,4,,,1,15,,81409,4,,,1,55,,81430,4,,,1,15,,81370,4,,,1,15,,81390,4,,,1,15,,81410,4,,,1,55,,81431,4,,,1,15,,81371,4,,,1,15,,81391,4,,,1,15,,81411,4,,,1,55,,81432,4,,,1,15,,81372,4,,,1,15,,81392,4,,,1,15,,81412,4,,,1,55,,81433,4,,,1,15,,81373,4,,,1,15,,81393,4,,,1,15,,81413,4,,,1,55,,81434,4,,,1,15,,81374,4,,,1
0,'20270224',511,,81495,4,,,1,15,,81435,4,,,1,20,,81475,4,,,1,55,,81496,4,,,1,15,,81436,4,,,1,15,,81456,4,,,1,15,,81476,4,,,1,55,,81497,4,,,1,15,,81437,4,,,1,15,,81457,4,,,1,15,,81477,4,,,1,55,,81498,4,,,1,15,,81438,4,,,1,15,,81458,4,,,1,15,,81478,4,,,1,55,,81499,4,,,1,15,,81439,4,,,1,15,,81459,4,,,1,15,,81479,4,,,1,55,,81500,4,,,1,15,,81440,4,,,1,15,,81460,4,,,1,15,,81480,4,,,1,55,,81501,4,,,1,15,,81441,4,,,1,15,,81461,4,,,1,15,,81481,4,,,1,55,,81502,4,,,1,15,,81442,4,,,1,15,,81462,4,,,1,15,,81482,4,,,1,55,,81503,4,,,1,15,,81443,4,,,1,15,,81463,4,,,1,15,,81483,4,,,1,55,,81504,4,,,1,15,,81444,4,,,1,15,,81464,4,,,1,15,,81484,4,,,1,55,,81505,4,,,1,15,,81445,4,,,1,15,,81465,4,,,1,15,,81485,4,,,1,55,,81506,4,,,1,15,,81446,4,,,1,15,,81466,4,,,1,15,,81486,4,,,1,55,,81507,4,,,1,15,,81447,4,,,1,15,,81467,4,,,1,15,,81487,4,,,1,55,,81508,4,,,1,15,,81448,4,,,1,15,,81468,4,,,1,15,,81488,4,,,1,55,,81509,4,,,1,15,,81449,4,,,1,15,,81469,4,,,1,15,,81489,4,,,1,55,,81510,4,,,1,15,,81450,4,,,1,15,,81470,4,,,1,15,,81490,4,,,1,55,,81511,4,,,1,15,,81451,4,,,1,15,,81471,4,,,1,15,,81491,4,,,1,55,,81512,4,,,1,15,,81452,4,,,1,15,,81472,4,,,1,15,,81492,4,,,1,55,,81513,4,,,1,15,,81453,4,,,1,15,,81473,4,,,1,15,,81493,4,,,1,55,,81514,4,,,1,15,,81454,4,,,1,15,,81474,4,,,1,15,,81494,4,,,1,55,,81515,4,,,1,15,,81455,4,,,1
0,'20270225',511,,81576,4,,,1,15,,81516,4,,,1,20,,81556,4,,,1,55,,81577,4,,,1,15,,81517,4,,,1,15,,81537,4,,,1,15,,81557,4,,,1,55,,81578,4,,,1,15,,81518,4,,,1,15,,81538,4,,,1,15,,81558,4,,,1,55,,81579,4,,,1,15,,81519,4,,,1,15,,81539,4,,,1,15,,81559,4,,,1,55,,81580,4,,,1,15,,81520,4,,,1,15,,81540,4,,,1,15,,81560,4,,,1,55,,81581,4,,,1,15,,81521,4,,,1,15,,81541,4,,,1,15,,81561,4,,,1,55,,81582,4,,,1,15,,81522,4,,,1,15,,81542,4,,,1,15,,81562,4,,,1,55,,81583,4,,,1,15,,81523,4,,,1,15,,81543,4,,,1,15,,81563,4,,,1,55,,81584,4,,,1,15,,81524,4,,,1,15,,81544,4,,,1,15,,81564,4,,,1,55,,81585,4,,,1,15,,81525,4,,,1,15,,81545,4,,,1,15,,81565,4,,,1,55,,81586,4,,,1,15,,81526,4,,,1,15,,81546,4,,,1,15,,81566,4,,,1,55,,81587,4,,,1,15,,81527,4,,,1,15,,81547,4,,,1,15,,81567,4,,,1,55,,81588,4,,,1,15,,81528,4,,,1,15,,81548,4,,,1,15,,81568,4,,,1,55,,81589,4,,,1,15,,81529,4,,,1,15,,81549,4,,,1,15,,81569,4,,,1,55,,81590,4,,,1,15,,81530,4,,,1,15,,81550,4,,,1,15,,81570,4,,,1,55,,81591,4,,,1,15,,81531,4,,,1,15,,81551,4,,,1,15,,81571,4,,,1,55,,81592,4,,,1,15,,81532,4,,,1,15,,81552,4,,,1,15,,81572,4,,,1,55,,81593,4,,,1,15,,81533,4,,,1,15,,81553,4,,,1,15,,81573,4,,,1,55,,81594,4,,,1,15,,81534,4,,,1,15,,81554,4,,,1,15,,81574,4,,,1,55,,81595,4,,,1,15,,81535,4,,,1,15,,81555,4,,,1,15,,81575,4,,,1,55,,81596,4,,,1,15,,81536,4,,,1
0,'20270226',511,,81657,4,,,1,15,,81597,4,,,1,20,,81637,4,,,1,55,,81658,4,,,1,15,,81598,4,,,1,15,,81618,4,,,1,15,,81638,4,,,1,55,,81659,4,,,1,15,,81599,4,,,1,15,,81619,4,,,1,15,,81639,4,,,1,55,,81660,4,,,1,15,,81600,4,,,1,15,,81620,4,,,1,15,,81640,4,,,1,55,,81661,4,,,1,15,,81601,4,,,1,15,,81621,4,,,1,15,,81641,4,,,1,55,,81662,4,,,1,15,,81602,4,,,1,15,,81622,4,,,1,15,,81642,4,,,1,55,,81663,4,,,1,15,,81603,4,,,1,15,,81623,4,,,1,15,,81643,4,,,1,55,,81664,4,,,1,15,,81604,4,,,1,15,,81624,4,,,1,15,,81644,4,,,1,55,,81665,4,,,1,15,,81605,4,,,1,15,,81625,4,,,1,15,,81645,4,,,1,55,,81666,4,,,1,15,,81606,4,,,1,15,,81626,4,,,1,15,,81646,4,,,1,55,,81667,4,,,1,15,,81607,4,,,1,15,,81627,4,,,1,15,,81647,4,,,1,55,,81668,4,,,1,15,,81608,4,,,1,15,,81628,4,,,1,15,,81648,4,,,1,55,,81669,4,,,1,15,,81609,4,,,1,15,,81629,4,,,1,15,,81649,4,,,1,55,,81670,4,,,1,15,,81610,4,,,1,15,,81630,4,,,1,15,,81650,4,,,1,55,,81671,4,,,1,15,,81611,4,,,1,15,,81631,4,,,1,15,,81651,4,,,1,55,,81672,4,,,1,15,,81612,4,,,1,15,,81632,4,,,1,15,,81652,4,,,1,55,,81673,4,,,1,15,,81613,4,,,1,15,,81633,4,,,1,15,,81653,4,,,1,55,,81674,4,,,1,15,,81614,4,,,1,15,,81634,4,,,1,15,,81654,4,,,1,55,,81675,4,,,1,15,,81615,4,,,1,15,,81635,4,,,1,15,,81655,4,,,1,55,,81676,4,,,1,15,,81616,4,,,1,15,,81636,4,,,1,15,,81656,4,,,1,55,,81677,4,,,1,15,,81617,4,,,1
0,'20270227',616,,81678,4,,,1,15,,81698,4,,,1,15,,81717,4,,,1,55,,81736,4,,,1,15,,81679,4,,,1,15,,81699,4,,,1,15,,81718,4,,,1,55,,81737,4,,,1,15,,81680,4,,,1,15,,81700,4,,,1,15,,81719,4,,,1,55,,81738,4,,,1,15,,81681,4,,,1,15,,81701,4,,,1,15,,81720,4,,,1,55,,81739,4,,,1,15,,81682,4,,,1,15,,81702,4,,,1,15,,81721,4,,,1,55,,81740,4,,,1,15,,81683,4,,,1,15,,81703,4,,,1,15,,81722,4,,,1,55,,81741,4,,,1,15,,81684,4,,,1,15,,81704,4,,,1,15,,81723,4,,,1,55,,81742,4,,,1,15,,81685,4,,,1,15,,81705,4,,,1,15,,81724,4,,,1,55,,81743,4,,,1,15,,81686,4,,,1,15,,81706,4,,,1,15,,81725,4,,,1,55,,81744,4,,,1,15,,81687,4,,,1,15,,81707,4,,,1,15,,81726,4,,,1,55,,81745,4,,,1,15,,81688,4,,,1,15,,81708,4,,,1,15,,81727,4,,,1,55,,81746,4,,,1,15,,81689,4,,,1,15,,81709,4,,,1,15,,81728,4,,,1,55,,81747,4,,,1,15,,81690,4,,,1,15,,81710,4,,,1,15,,81729,4,,,1,55,,81748,4,,,1,15,,81691,4,,,1,15,,81711,4,,,1,15,,81730,4,,,1,55,,81749,4,,,1,15,,81692,4,,,1,15,,81712,4,,,1,15,,81731,4,,,1,55,,81750,4,,,1,15,,81693,4,,,1,15,,81713,4,,,1,15,,81732,4,,,1,55,,81751,4,,,1,15,,81694,4,,,1,15,,81714,4,,,1,15,,81733,4,,,1,55,,81752,4,,,1,15,,81695,4,,,1,15,,81715,4,,,1,15,,81734,4,,,1,55,,81753,4,,,1,15,,81696,4,,,1,15,,81716,4,,,1,15,,81735,4,,,1,55,,81754,4,,,1,15,,81697,4,,,1
0,'20270228',616,,81755,4,,,1,15,,81775,4,,,1,15,,81794,4,,,1,55,,81813,4,,,1,15,,81756,4,,,1,15,,81776,4,,,1,15,,81795,4,,,1,55,,81814,4,,,1,15,,81757,4,,,1,15,,81777,4,,,1,15,,81796,4,,,1,55,,81815,4,,,1,15,,81758,4,,,1,15,,81778,4,,,1,15,,81797,4,,,1,55,,81816,4,,,1,15,,81759,4,,,1,15,,81779,4,,,1,15,,81798,4,,,1,55,,81817,4,,,1,15,,81760,4,,,1,15,,81780,4,,,1,15,,81799,4,,,1,55,,81818,4,,,1,15,,81761,4,,,1,15,,81781,4,,,1,15,,81800,4,,,1,55,,81819,4,,,1,15,,81762,4,,,1,15,,81782,4,,,1,15,,81801,4,,,1,55,,81820,4,,,1,15,,81763,4,,,1,15,,81783,4,,,1,15,,81802,4,,,1,55,,81821,4,,,1,15,,81764,4,,,1,15,,81784,4,,,1,15,,81803,4,,,1,55,,81822,4,,,1,15,,81765,4,,,1,15,,81785,4,,,1,15,,81804,4,,,1,55,,81823,4,,,1,15,,81766,4,,,1,15,,81786,4,,,1,15,,81805,4,,,1,55,,81824,4,,,1,15,,81767,4,,,1,15,,81787,4,,,1,15,,81806,4,,,1,55,,81825,4,,,1,15,,81768,4,,,1,15,,81788,4,,,1,15,,81807,4,,,1,55,,81826,4,,,1,15,,81769,4,,,1,15,,81789,4,,,1,15,,81808,4,,,1,55,,81827,4,,,1,15,,81770,4,,,1,15,,81790,4,,,1,15,,81809,4,,,1,55,,81828,4,,,1,15,,81771,4,,,1,15,,81791,4,,,1,15,,81810,4,,,1,55,,81829,4,,,1,15,,81772,4,,,1,15,,81792,4,,,1,15,,81811,4,,,1,55,,81830,4,,,1,15,,81773,4,,,1,15,,81793,4,,,1,15,,81812,4,,,1,55,,81831,4,,,1,15,,81774,4,,,1
0,'20270301',511,,81892,4,,,1,15,,81832,4,,,1,20,,81872,4,,,1,55,,81893,4,,,1,15,,81833,4,,,1,15,,81853,4,,,1,15,,81873,4,,,1,55,,81894,4,,,1,15,,81834,4,,,1,15,,81854,4,,,1,15,,81874,4,,,1,55,,81895,4,,,1,15,,81835,4,,,1,15,,81855,4,,,1,15,,81875,4,,,1,55,,81896,4,,,1,15,,81836,4,,,1,15,,81856,4,,,1,15,,81876,4,,,1,55,,81897,4,,,1,15,,81837,4,,,1,15,,81857,4,,,1,15,,81877,4,,,1,55,,81898,4,,,1,15,,81838,4,,,1,15,,81858,4,,,1,15,,81878,4,,,1,55,,81899,4,,,1,15,,81839,4,,,1,15,,81859,4,,,1,15,,81879,4,,,1,55,,81900,4,,,1,15,,81840,4,,,1,15,,81860,4,,,1,15,,81880,4,,,1,55,,81901,4,,,1,15,,81841,4,,,1,15,,81861,4,,,1,15,,81881,4,,,1,55,,81902,4,,,1,15,,81842,4,,,1,15,,81862,4,,,1,15,,81882,4,,,1,55,,81903,4,,,1,15,,81843,4,,,1,15,,81863,4,,,1,15,,81883,4,,,1,55,,81904,4,,,1,15,,81844,4,,,1,15,,81864,4,,,1,15,,81884,4,,,1,55,,81905,4,,,1,15,,81845,4,,,1,15,,81865,4,,,1,15,,81885,4,,,1,55,,81906,4,,,1,15,,81846,4,,,1,15,,81866,4,,,1,15,,81886,4,,,1,55,,81907,4,,,1,15,,81847,4,,,1,15,,81867,4,,,1,15,,81887,4,,,1,55,,81908,4,,,1,15,,81848,4,,,1,15,,81868,4,,,1,15,,81888,4,,,1,55,,81909,4,,,1,15,,81849,4,,,1,15,,81869,4,,,1,15,,81889,4,,,1,55,,81910,4,,,1,15,,81850,4,,,1,15,,81870,4,,,1,15,,81890,4,,,1,55,,81911,4,,,1,15,,81851,4,,,1,15,,81871,4,,,1,15,,81891,4,,,1,55,,81912,4,,,1,15,,81852,4,,,1
0,'20270302',511,,81973,4,,,1,15,,81913,4,,,1,20,,81953,4,,,1,55,,81974,4,,,1,15,,81914,4,,,1,15,,81934,4,,,1,15,,81954,4,,,1,55,,81975,4,,,1,15,,81915,4,,,1,15,,81935,4,,,1,15,,81955,4,,,1,55,,81976,4,,,1,15,,81916,4,,,1,15,,81936,4,,,1,15,,81956,4,,,1,55,,81977,4,,,1,15,,81917,4,,,1,15,,81937,4,,,1,15,,81957,4,,,1,55,,81978,4,,,1,15,,81918,4,,,1,15,,81938,4,,,1,15,,81958,4,,,1,55,,81979,4,,,1,15,,81919,4,,,1,15,,81939,4,,,1,15,,81959,4,,,1,55,,81980,4,,,1,15,,81920,4,,,1,15,,81940,4,,,1,15,,81960,4,,,1,55,,81981,4,,,1,15,,81921,4,,,1,15,,81941,4,,,1,15,,81961,4,,,1,55,,81982,4,,,1,15,,81922,4,,,1,15,,81942,4,,,1,15,,81962,4,,,1,55,,81983,4,,,1,15,,81923,4,,,1,15,,81943,4,,,1,15,,81963,4,,,1,55,,81984,4,,,1,15,,81924,4,,,1,15,,81944,4,,,1,15,,81964,4,,,1,55,,81985,4,,,1,15,,81925,4,,,1,15,,81945,4,,,1,15,,81965,4,,,1,55,,81986,4,,,1,15,,81926,4,,,1,15,,81946,4,,,1,15,,81966,4,,,1,55,,81987,4,,,1,15,,81927,4,,,1,15,,81947,4,,,1,15,,81967,4,,,1,55,,81988,4,,,1,15,,81928,4,,,1,15,,81948,4,,,1,15,,81968,4,,,1,55,,81989,4,,,1,15,,81929,4,,,1,15,,81949,4,,,1,15,,81969,4,,,1,55,,81990,4,,,1,15,,81930,4,,,1,15,,81950,4,,,1,15,,81970,4,,,1,55,,81991,4,,,1,15,,81931,4,,,1,15,,81951,4,,,1,15,,81971,4,,,1,55,,81992,4,,,1,15,,81932,4,,,1,15,,81952,4,,,1,15,,81972,4,,,1,55,,81993,4,,,1,15,,81933,4,,,1
1,'20260914',537,,68644,2,,,1,15,,68585,2,,,1,52,,68605,2,,,1,15,,68625,2,,,1,15,,68645,2,,,1,15,,68586,2,,,1,55,,68606,2,,,1,15,,68626,2,,,1,15,,68646,2,,,1,15,,68587,2,,,1,55,,68607,2,,,1,15,,68627,2,,,1,15,,68647,2,,,1,15,,68588,2,,,1,55,,68608,2,,,1,15,,68628,2,,,1,15,,68648,2,,,1,15,,68589,2,,,1,55,,68609,2,,,1,15,,68629,2,,,1,15,,68649,2,,,1,15,,68590,2,,,1,55,,68610,2,,,1,15,,68630,2,,,1,15,,68650,2,,,1,15,,68591,2,,,1,55,,68611,2,,,1,15,,68631,2,,,1,15,,68651,2,,,1,15,,68592,2,,,1,55,,68612,2,,,1,15,,68632,2,,,1,15,,68652,2,,,1,15,,68593,2,,,1,55,,68613,2,,,1,15,,68633,2,,,1,15,,68653,2,,,1,15,,68594,2,,,1,55,,68614,2,,,1,15,,68634,2,,,1,15,,68654,2,,,1,15,,68595,2,,,1,55,,68615,2,,,1,15,,68635,2,,,1,15,,68655,2,,,1,15,,68596,2,,,1,55,,68616,2,,,1,15,,68636,2,,,1,15,,68656,2,,,1,15,,68597,2,,,1,55,,68617,2,,,1,15,,68637,2,,,1,15,,68657,2,,,1,15,,68598,2,,,1,55,,68618,2,,,1,15,,68638,2,,,1,15,,68658,2,,,1,15,,68599,2,,,1,55,,68619,2,,,1,15,,68639,2,,,1,15,,68659,2,,,1,15,,68600,2,,,1,55,,68620,2,,,1,15,,68640,2,,,1,15,,68660,2,,,1,15,,68601,2,,,1,55,,68621,2,,,1,15,,68641,2,,,1,15,,68661,2,,,1,15,,68602,2,,,1,55,,68622,2,,,1,15,,68642,2,,,1,15,,68662,2,,,1,15,,68603,2,,,1,55,,68623,2,,,1,15,,68643,2,,,1,15,,68663,2,,,1,15,,68604,2,,,1,55,,68624,2,,,1
1,'20260915',537,,68723,2,,,1,15,,68664,2,,,1,52,,68684,2,,,1,15,,68704,2,,,1,15,,68724,2,,,1,15,,68665,2,,,1,55,,68685,2,,,1,15,,68705,2,,,1,15,,68725,2,,,1,15,,68666,2,,,1,55,,68686,2,,,1,15,,68706,2,,,1,15,,68726,2,,,1,15,,68667,2,,,1,55,,68687,2,,,1,15,,68707,2,,,1,15,,68727,2,,,1,15,,68668,2,,,1,55,,68688,2,,,1,15,,68708,2,,,1,15,,68728,2,,,1,15,,68669,2,,,1,55,,68689,2,,,1,15,,68709,2,,,1,15,,68729,2,,,1,15,,68670,2,,,1,55,,68690,2,,,1,15,,68710,2,,,1,15,,68730,2,,,1,15,,68671,2,,,1,55,,68691,2,,,1,15,,68711,2,,,1,15,,68731,2,,,1,15,,68672,2,,,1,55,,68692,2,,,1,15,,68712,2,,,1,15,,68732,2,,,1,15,,68673,2,,,1,55,,68693,2,,,1,15,,68713,2,,,1,15,,68733,2,,,1,15,,68674,2,,,1,55,,68694,2,,,1,15,,68714,2,,,1,15,,68734,2,,,1,15,,68675,2,,,1,55,,68695,2,,,1,15,,68715,2,,,1,15,,68735,2,,,1,15,,68676,2,,,1,55,,68696,2,,,1,15,,68716,2,,,1,15,,68736,2,,,1,15,,68677,2,,,1,55,,68697,2,,,1,15,,68717,2,,,1,15,,68737,2,,,1,15,,68678,2,,,1,55,,68698,2,,,1,15,,68718,2,,,1,15,,68738,2,,,1,15,,68679,2,,,1,55,,68699,2,,,1,15,,68719,2,,,1,15,,68739,2,,,1,15,,68680,2,,,1,55,,68700,2,,,1,15,,68720,2,,,1,15,,68740,2,,,1,15,,68681,2,,,1,55,,68701,2,,,1,15,,68721,2,,,1,15,,68741,2,,,1,15,,68682,2,,,1,55,,68702,2,,,1,15,,68722,2,,,1,15,,68742,2,,,1,15,,68683,2,,,1,55,,68703,2,,,1
1,'20260916',537,,68802,2,,,1,15,,68743,2,,,1,52,,68763,2,,,1,15,,68783,2,,,1,15,,68803,2,,,1,15,,68744,2,,,1,55,,68764,2,,,1,15,,68784,2,,,1,15,,68804,2,,,1,15,,68745,2,,,1,55,,68765,2,,,1,15,,68785,2,,,1,15,,68805,2,,,1,15,,68746,2,,,1,55,,68766,2,,,1,15,,68786,2,,,1,15,,68806,2,,,1,15,,68747,2,,,1,55,,68767,2,,,1,15,,68787,2,,,1,15,,68807,2,,,1,15,,68748,2,,,1,55,,68768,2,,,1,15,,68788,2,,,1,15,,68808,2,,,1,15,,68749,2,,,1,55,,68769,2,,,1,15,,68789,2,,,1,15,,68809,2,,,1,15,,68750,2,,,1,55,,68770,2,,,1,15,,68790,2,,,1,15,,68810,2,,,1,15,,68751,2,,,1,55,,68771,2,,,1,15,,68791,2,,,1,15,,68811,2,,,1,15,,68752,2,,,1,55,,68772,2,,,1,15,,68792,2,,,1,15,,68812,2,,,1,15,,68753,2,,,1,55,,68773,2,,,1,15,,68793,2,,,1,15,,68813,2,,,1,15,,68754,2,,,1,55,,68774,2,,,1,15,,68794,2,,,1,15,,68814,2,,,1,15,,68755,2,,,1,55,,68775,2,,,1,15,,68795,2,,,1,15,,68815,2,,,1,15,,68756,2,,,1,55,,68776,2,,,1,15,,68796,2,,,1,15,,68816,2,,,1,15,,68757,2,,,1,55,,68777,2,,,1,15,,68797,2,,,1,15,,68817,2,,,1,15,,68758,2,,,1,55,,68778,2,,,1,15,,68798,2,,,1,15,,68818,2,,,1,15,,68759,2,,,1,55,,68779,2,,,1,15,,68799,2,,,1,15,,68819,2,,,1,15,,68760,2,,,1,55,,68780,2,,,1,15,,68800,2,,,1,15,,68820,2,,,1,15,,68761,2,,,1,55,,68781,2,,,1,15,,68801,2,,,1,15,,68821,2,,,1,15,,68762,2,,,1,55,,68782,2,,,1
1,'20260917',537,,68881,2,,,1,15,,68822,2,,,1,52,,68842,2,,,1,15,,68862,2,,,1,15,,68882,2,,,1,15,,68823,2,,,1,55,,68843,2,,,1,15,,68863,2,,,1,15,,68883,2,,,1,15,,68824,2,,,1,55,,68844,2,,,1,15,,68864,2,,,1,15,,68884,2,,,1,15,,68825,2,,,1,55,,68845,2,,,1,15,,68865,2,,,1,15,,68885,2,,,1,15,,68826,2,,,1,55,,68846,2,,,1,15,,68866,2,,,1,15,,68886,2,,,1,15,,68827,2,,,1,55,,68847,2,,,1,15,,68867,2,,,1,15,,68887,2,,,1,15,,68828,2,,,1,55,,68848,2,,,1,15,,68868,2,,,1,15,,68888,2,,,1,15,,68829,2,,,1,55,,68849,2,,,1,15,,68869,2,,,1,15,,68889,2,,,1,15,,68830,2,,,1,55,,68850,2,,,1,15,,68870,2,,,1,15,,68890,2,,,1,15,,68831,2,,,1,55,,68851,2,,,1,15,,68871,2,,,1,15,,68891,2,,,1,15,,68832,2,,,1,55,,68852,2,,,1,15,,68872,2,,,1,15,,68892,2,,,1,15,,68833,2,,,1,55,,68853,2,,,1,15,,68873,2,,,1,15,,68893,2,,,1,15,,68834,2,,,1,55,,68854,2,,,1,15,,68874,2,,,1,15,,68894,2,,,1,15,,68835,2,,,1,55,,68855,2,,,1,15,,68875,2,,,1,15,,68895,2,,,1,15,,68836,2,,,1,55,,68856,2,,,1,15,,68876,2,,,1,15,,68896,2,,,1,15,,68837,2,,,1,55,,68857,2,,,1,15,,68877,2,,,1,15,,68897,2,,,1,15,,68838,2,,,1,55,,68858,2,,,1,15,,68878,2,,,1,15,,68898,2,,,1,15,,68839,2,,,1,55,,68859,2,,,1,15,,68879,2,,,1,15,,68899,2,,,1,15,,68840,2,,,1,55,,68860,2,,,1,15,,68880,2,,,1,15,,68900,2,,,1,15,,68841,2,,,1,55,,68861,2,,,1
1,'20260918',537,,68956,2,,,1,15,,68901,2,,,1,52,,68920,2,,,1,15,,68938,2,,,1,15,,68957,2,,,1,15,,68902,2,,,1,55,,68921,2,,,1,15,,68939,2,,,1,15,,68958,2,,,1,15,,68903,2,,,1,55,,68922,2,,,1,15,,68940,2,,,1,15,,68959,2,,,1,15,,68904,2,,,1,55,,68923,2,,,1,15,,68941,2,,,1,15,,68960,2,,,1,15,,68905,2,,,1,55,,68924,2,,,1,15,,68942,2,,,1,15,,68961,2,,,1,15,,68906,2,,,1,55,,68925,2,,,1,15,,68943,2,,,1,15,,68962,2,,,1,15,,68907,2,,,1,55,,68926,2,,,1,15,,68944,2,,,1,15,,68963,2,,,1,15,,68908,2,,,1,55,,68927,2,,,1,15,,68945,2,,,1,15,,68964,2,,,1,15,,68909,2,,,1,55,,68928,2,,,1,15,,68946,2,,,1,15,,68965,2,,,1,15,,68910,2,,,1,55,,68929,2,,,1,15,,68947,2,,,1,15,,68966,2,,,1,15,,68911,2,,,1,55,,68930,2,,,1,15,,68948,2,,,1,15,,68967,2,,,1,15,,68912,2,,,1,55,,68931,2,,,1,15,,68949,2,,,1,15,,68968,2,,,1,15,,68913,2,,,1,55,,68932,2,,,1,15,,68950,2,,,1,15,,68969,2,,,1,15,,68914,2,,,1,55,,68933,2,,,1,15,,68951,2,,,1,15,,68970,2,,,1,15,,68915,2,,,1,55,,68934,2,,,1,15,,68952,2,,,1,15,,68971,2,,,1,15,,68916,2,,,1,55,,68935,2,,,1,15,,68953,2,,,1,15,,68972,2,,,1,15,,68917,2,,,1,55,,68936,2,,,1,15,,68954,2,,,1,15,,68973,2,,,1,15,,68918,2,,,1,55,,68937,2,,,1,15,,68955,2,,,1,15,,68974,2,,,1,15,,68919,2,,,1
1,'20260921',539,,82053,2,,,1,15,,81994,2,,,1,52,,82014,2,,,1,15,,82034,2,,,1,15,,82054,2,,,1,15,,81995,2,,,1,55,,82015,2,,,1,15,,82035,2,,,1,15,,82055,2,,,1,15,,81996,2,,,1,55,,82016,2,,,1,15,,82036,2,,,1,15,,82056,2,,,1,15,,81997,2,,,1,55,,82017,2,,,1,15,,82037,2,,,1,15,,82057,2,,,1,15,,81998,2,,,1,55,,82018,2,,,1,15,,82038,2,,,1,15,,82058,2,,,1,15,,81999,2,,,1,55,,82019,2,,,1,15,,82039,2,,,1,15,,82059,2,,,1,15,,82000,2,,,1,55,,82020,2,,,1,15,,82040,2,,,1,15,,82060,2,,,1,15,,82001,2,,,1,55,,82021,2,,,1,15,,82041,2,,,1,15,,82061,2,,,1,15,,82002,2,,,1,55,,82022,2,,,1,15,,82042,2,,,1,15,,82062,2,,,1,15,,82003,2,,,1,55,,82023,2,,,1,15,,82043,2,,,1,15,,82063,2,,,1,15,,82004,2,,,1,55,,82024,2,,,1,15,,82044,2,,,1,15,,82064,2,,,1,15,,82005,2,,,1,55,,82025,2,,,1,15,,82045,2,,,1,15,,82065,2,,,1,15,,82006,2,,,1,55,,82026,2,,,1,15,,82046,2,,,1,15,,82066,2,,,1,15,,82007,2,,,1,55,,82027,2,,,1,15,,82047,2,,,1,15,,82067,2,,,1,15,,82008,2,,,1,55,,82028,2,,,1,15,,82048,2,,,1,15,,82068,2,,,1,15,,82009,2,,,1,55,,82029,2,,,1,15,,82049,2,,,1,15,,82069,2,,,1,15,,82010,2,,,1,55,,82030,2,,,1,15,,82050,2,,,1,15,,82070,2,,,1,15,,82011,2,,,1,55,,82031,2,,,1,15,,82051,2,,,1,15,,82071,2,,,1,15,,82012,2,,,1,55,,82032,2,,,1,15,,82052,2,,,1,15,,82072,2,,,1,15,,82013,2,,,1,55,,82033,2,,,1
1,'20260922',539,,82132,2,,,1,15,,82073,2,,,1,52,,82093,2,,,1,15,,82113,2,,,1,15,,82133,2,,,1,15,,82074,2,,,1,55,,82094,2,,,1,15,,82114,2,,,1,15,,82134,2,,,1,15,,82075,2,,,1,55,,82095,2,,,1,15,,82115,2,,,1,15,,82135,2,,,1,15,,82076,2,,,1,55,,82096,2,,,1,15,,82116,2,,,1,15,,82136,2,,,1,15,,82077,2,,,1,55,,82097,2,,,1,15,,82117,2,,,1,15,,82137,2,,,1,15,,82078,2,,,1,55,,82098,2,,,1,15,,82118,2,,,1,15,,82138,2,,,1,15,,82079,2,,,1,55,,82099,2,,,1,15,,82119,2,,,1,15,,82139,2,,,1,15,,82080,2,,,1,55,,82100,2,,,1,15,,82120,2,,,1,15,,82140,2,,,1,15,,82081,2,,,1,55,,82101,2,,,1,15,,82121,2,,,1,15,,82141,2,,,1,15,,82082,2,,,1,55,,82102,2,,,1,15,,82122,2,,,1,15,,82142,2,,,1,15,,82083,2,,,1,55,,82103,2,,,1,15,,82123,2,,,1,15,,82143,2,,,1,15,,82084,2,,,1,55,,82104,2,,,1,15,,82124,2,,,1,15,,82144,2,,,1,15,,82085,2,,,1,55,,82105,2,,,1,15,,82125,2,,,1,15,,82145,2,,,1,15,,82086,2,,,1,55,,82106,2,,,1,15,,82126,2,,,1,15,,82146,2,,,1,15,,82087,2,,,1,55,,82107,2,,,1,15,,82127,2,,,1,15,,82147,2,,,1,15,,82088,2,,,1,55,,82108,2,,,1,15,,82128,2,,,1,15,,82148,2,,,1,15,,82089,2,,,1,55,,82109,2,,,1,15,,82129,2,,,1,15,,82149,2,,,1,15,,82090,2,,,1,55,,82110,2,,,1,15,,82130,2,,,1,15,,82150,2,,,1,15,,82091,2,,,1,55,,82111,2,,,1,15,,82131,2,,,1,15,,82151,2,,,1,15,,82092,2,,,1,55,,82112,2,,,1
1,'20260923',539,,82211,2,,,1,15,,82152,2,,,1,52,,82172,2,,,1,15,,82192,2,,,1,15,,82212,2,,,1,15,,82153,2,,,1,55,,82173,2,,,1,15,,82193,2,,,1,15,,82213,2,,,1,15,,82154,2,,,1,55,,82174,2,,,1,15,,82194,2,,,1,15,,82214,2,,,1,15,,82155,2,,,1,55,,82175,2,,,1,15,,82195,2,,,1,15,,82215,2,,,1,15,,82156,2,,,1,55,,82176,2,,,1,15,,82196,2,,,1,15,,82216,2,,,1,15,,82157,2,,,1,55,,82177,2,,,1,15,,82197,2,,,1,15,,82217,2,,,1,15,,82158,2,,,1,55,,82178,2,,,1,15,,82198,2,,,1,15,,82218,2,,,1,15,,82159,2,,,1,55,,82179,2,,,1,15,,82199,2,,,1,15,,82219,2,,,1,15,,82160,2,,,1,55,,82180,2,,,1,15,,82200,2,,,1,15,,82220,2,,,1,15,,82161,2,,,1,55,,82181,2,,,1,15,,82201,2,,,1,15,,82221,2,,,1,15,,82162,2,,,1,55,,82182,2,,,1,15,,82202,2,,,1,15,,82222,2,,,1,15,,82163,2,,,1,55,,82183,2,,,1,15,,82203,2,,,1,15,,82223,2,,,1,15,,82164,2,,,1,55,,82184,2,,,1,15,,82204,2,,,1,15,,82224,2,,,1,15,,82165,2,,,1,55,,82185,2,,,1,15,,82205,2,,,1,15,,82225,2,,,1,15,,82166,2,,,1,55,,82186,2,,,1,15,,82206,2,,,1,15,,82226,2,,,1,15,,82167,2,,,1,55,,82187,2,,,1,15,,82207,2,,,1,15,,82227,2,,,1,15,,82168,2,,,1,55,,82188,2,,,1,15,,82208,2,,,1,15,,82228,2,,,1,15,,82169,2,,,1,55,,82189,2,,,1,15,,82209,2,,,1,15,,82229,2,,,1,15,,82170,2,,,1,55,,82190,2,,,1,15,,82210,2,,,1,15,,82230,2,,,1,15,,82171,2,,,1,55,,82191,2,,,1
1,'20260924',539,,82290,2,,,1,15,,82231,2,,,1,52,,82251,2,,,1,15,,82271,2,,,1,15,,82291,2,,,1,15,,82232,2,,,1,55,,82252,2,,,1,15,,82272,2,,,1,15,,82292,2,,,1,15,,82233,2,,,1,55,,82253,2,,,1,15,,82273,2,,,1,15,,82293,2,,,1,15,,82234,2,,,1,55,,82254,2,,,1,15,,82274,2,,,1,15,,82294,2,,,1,15,,82235,2,,,1,55,,82255,2,,,1,15,,82275,2,,,1,15,,82295,2,,,1,15,,82236,2,,,1,55,,82256,2,,,1,15,,82276,2,,,1,15,,82296,2,,,1,15,,82237,2,,,1,55,,82257,2,,,1,15,,82277,2,,,1,15,,82297,2,,,1,15,,82238,2,,,1,55,,82258,2,,,1,15,,82278,2,,,1,15,,82298,2,,,1,15,,82239,2,,,1,55,,82259,2,,,1,15,,82279,2,,,1,15,,82299,2,,,1,15,,82240,2,,,1,55,,82260,2,,,1,15,,82280,2,,,1,15,,82300,2,,,1,15,,82241,2,,,1,55,,82261,2,,,1,15,,82281,2,,,1,15,,82301,2,,,1,15,,82242,2,,,1,55,,82262,2,,,1,15,,82282,2,,,1,15,,82302,2,,,1,15,,82243,2,,,1,55,,82263,2,,,1,15,,82283,2,,,1,15,,82303,2,,,1,15,,82244,2,,,1,55,,82264,2,,,1,15,,82284,2,,,1,15,,82304,2,,,1,15,,82245,2,,,1,55,,82265,2,,,1,15,,82285,2,,,1,15,,82305,2,,,1,15,,82246,2,,,1,55,,82266,2,,,1,15,,82286,2,,,1,15,,82306,2,,,1,15,,82247,2,,,1,55,,82267,2,,,1,15,,82287,2,,,1,15,,82307,2,,,1,15,,82248,2,,,1,55,,82268,2,,,1,15,,82288,2,,,1,15,,82308,2,,,1,15,,82249,2,,,1,55,,82269,2,,,1,15,,82289,2,,,1,15,,82309,2,,,1,15,,82250,2,,,1,55,,82270,2,,,1
1,'20260925',539,,82369,2,,,1,15,,82310,2,,,1,52,,82330,2,,,1,15,,82350,2,,,1,15,,82370,2,,,1,15,,82311,2,,,1,55,,82331,2,,,1,15,,82351,2,,,1,15,,82371,2,,,1,15,,82312,2,,,1,55,,82332,2,,,1,15,,82352,2,,,1,15,,82372,2,,,1,15,,82313,2,,,1,55,,82333,2,,,1,15,,82353,2,,,1,15,,82373,2,,,1,15,,82314,2,,,1,55,,82334,2,,,1,15,,82354,2,,,1,15,,82374,2,,,1,15,,82315,2,,,1,55,,82335,2,,,1,15,,82355,2,,,1,15,,82375,2,,,1,15,,82316,2,,,1,55,,82336,2,,,1,15,,82356,2,,,1,15,,82376,2,,,1,15,,82317,2,,,1,55,,82337,2,,,1,15,,82357,2,,,1,15,,82377,2,,,1,15,,82318,2,,,1,55,,82338,2,,,1,15,,82358,2,,,1,15,,82378,2,,,1,15,,82319,2,,,1,55,,82339,2,,,1,15,,82359,2,,,1,15,,82379,2,,,1,15,,82320,2,,,1,55,,82340,2,,,1,15,,82360,2,,,1,15,,82380,2,,,1,15,,82321,2,,,1,55,,82341,2,,,1,15,,82361,2,,,1,15,,82381,2,,,1,15,,82322,2,,,1,55,,82342,2,,,1,15,,82362,2,,,1,15,,82382,2,,,1,15,,82323,2,,,1,55,,82343,2,,,1,15,,82363,2,,,1,15,,82383,2,,,1,15,,82324,2,,,1,55,,82344,2,,,1,15,,82364,2,,,1,15,,82384,2,,,1,15,,82325,2,,,1,55,,82345,2,,,1,15,,82365,2,,,1,15,,82385,2,,,1,15,,82326,2,,,1,55,,82346,2,,,1,15,,82366,2,,,1,15,,82386,2,,,1,15,,82327,2,,,1,55,,82347,2,,,1,15,,82367,2,,,1,15,,82387,2,,,1,15,,82328,2,,,1,55,,82348,2,,,1,15,,82368,2,,,1,15,,82388,2,,,1,15,,82329,2,,,1,55,,82349,2,,,1
1,'20260926',636,,82445,2,,,1,15,,82389,2,,,1,55,,82408,2,,,1,15,,82427,2,,,1,15,,82446,2,,,1,15,,82390,2,,,1,55,,82409,2,,,1,15,,82428,2,,,1,15,,82447,2,,,1,15,,82391,2,,,1,55,,82410,2,,,1,15,,82429,2,,,1,15,,82448,2,,,1,15,,82392,2,,,1,55,,82411,2,,,1,15,,82430,2,,,1,15,,82449,2,,,1,15,,82393,2,,,1,55,,82412,2,,,1,15,,82431,2,,,1,15,,82450,2,,,1,15,,82394,2,,,1,55,,82413,2,,,1,15,,82432,2,,,1,15,,82451,2,,,1,15,,82395,2,,,1,55,,82414,2,,,1,15,,82433,2,,,1,15,,82452,2,,,1,15,,82396,2,,,1,55,,82415,2,,,1,15,,82434,2,,,1,15,,82453,2,,,1,15,,82397,2,,,1,55,,82416,2,,,1,15,,82435,2,,,1,15,,82454,2,,,1,15,,82398,2,,,1,55,,82417,2,,,1,15,,82436,2,,,1,15,,82455,2,,,1,15,,82399,2,,,1,55,,82418,2,,,1,15,,82437,2,,,1,15,,82456,2,,,1,15,,82400,2,,,1,55,,82419,2,,,1,15,,82438,2,,,1,15,,82457,2,,,1,15,,82401,2,,,1,55,,82420,2,,,1,15,,82439,2,,,1,15,,82458,2,,,1,15,,82402,2,,,1,55,,82421,2,,,1,15,,82440,2,,,1,15,,82459,2,,,1,15,,82403,2,,,1,55,,82422,2,,,1,15,,82441,2,,,1,15,,82460,2,,,1,15,,82404,2,,,1,55,,82423,2,,,1,15,,82442,2,,,1,15,,82461,2,,,1,15,,82405,2,,,1,55,,82424,2,,,1,15,,82443,2,,,1,15,,82462,2,,,1,15,,82406,2,,,1,55,,82425,2,,,1,15,,82444,2,,,1,15,,82463,2,,,1,15,,82407,2,,,1,55,,82426,2,,,1
1,'20260927',636,,82520,2,,,1,15,,82464,2,,,1,55,,82483,2,,,1,15,,82502,2,,,1,15,,82521,2,,,1,15,,82465,2,,,1,55,,82484,2,,,1,15,,82503,2,,,1,15,,82522,2,,,1,15,,82466,2,,,1,55,,82485,2,,,1,15,,82504,2,,,1,15,,82523,2,,,1,15,,82467,2,,,1,55,,82486,2,,,1,15,,82505,2,,,1,15,,82524,2,,,1,15,,82468,2,,,1,55,,82487,2,,,1,15,,82506,2,,,1,15,,82525,2,,,1,15,,82469,2,,,1,55,,82488,2,,,1,15,,82507,2,,,1,15,,82526,2,,,1,15,,82470,2,,,1,55,,82489,2,,,1,15,,82508,2,,,1,15,,82527,2,,,1,15,,82471,2,,,1,55,,82490,2,,,1,15,,82509,2,,,1,15,,82528,2,,,1,15,,82472,2,,,1,55,,82491,2,,,1,15,,82510,2,,,1,15,,82529,2,,,1,15,,82473,2,,,1,55,,82492,2,,,1,15,,82511,2,,,1,15,,82530,2,,,1,15,,82474,2,,,1,55,,82493,2,,,1,15,,82512,2,,,1,15,,82531,2,,,1,15,,82475,2,,,1,55,,82494,2,,,1,15,,82513,2,,,1,15,,82532,2,,,1,15,,82476,2,,,1,55,,82495,2,,,1,15,,82514,2,,,1,15,,82533,2,,,1,15,,82477,2,,,1,55,,82496,2,,,1,15,,82515,2,,,1,15,,82534,2,,,1,15,,82478,2,,,1,55,,82497,2,,,1,15,,82516,2,,,1,15,,82535,2,,,1,15,,82479,2,,,1,55,,82498,2,,,1,15,,82517,2,,,1,15,,82536,2,,,1,15,,82480,2,,,1,55,,82499,2,,,1,15,,82518,2,,,1,15,,82537,2,,,1,15,,82481,2,,,1,55,,82500,2,,,1,15,,82519,2,,,1,15,,82538,2,,,1,15,,82482,2,,,1,55,,82501,2,,,1
1,'20260928',539,,82598,2,,,1,15,,82539,2,,,1,52,,82559,2,,,1,15,,82579,2,,,1,15,,82599,2,,,1,15,,82540,2,,,1,55,,82560,2,,,1,15,,82580,2,,,1,15,,82600,2,,,1,15,,82541,2,,,1,55,,82561,2,,,1,15,,82581,2,,,1,15,,82601,2,,,1,15,,82542,2,,,1,55,,82562,2,,,1,15,,82582,2,,,1,15,,82602,2,,,1,15,,82543,2,,,1,55,,82563,2,,,1,15,,82583,2,,,1,15,,82603,2,,,1,15,,82544,2,,,1,55,,82564,2,,,1,15,,82584,2,,,1,15,,82604,2,,,1,15,,82545,2,,,1,55,,82565,2,,,1,15,,82585,2,,,1,15,,82605,2,,,1,15,,82546,2,,,1,55,,82566,2,,,1,15,,82586,2,,,1,15,,82606,2,,,1,15,,82547,2,,,1,55,,82567,2,,,1,15,,82587,2,,,1,15,,82607,2,,,1,15,,82548,2,,,1,55,,82568,2,,,1,15,,82588,2,,,1,15,,82608,2,,,1,15,,82549,2,,,1,55,,82569,2,,,1,15,,82589,2,,,1,15,,82609,2,,,1,15,,82550,2,,,1,55,,82570,2,,,1,15,,82590,2,,,1,15,,82610,2,,,1,15,,82551,2,,,1,55,,82571,2,,,1,15,,82591,2,,,1,15,,82611,2,,,1,15,,82552,2,,,1,55,,82572,2,,,1,15,,82592,2,,,1,15,,82612,2,,,1,15,,82553,2,,,1,55,,82573,2,,,1,15,,82593,2,,,1,15,,82613,2,,,1,15,,82554,2,,,1,55,,82574,2,,,1,15,,82594,2,,,1,15,,82614,2,,,1,15,,82555,2,,,1,55,,82575,2,,,1,15,,82595,2,,,1,15,,82615,2,,,1,15,,82556,2,,,1,55,,82576,2,,,1,15,,82596,2,,,1,15,,82616,2,,,1,15,,82557,2,,,1,55,,82577,2,,,1,15,,82597,2,,,1,15,,82617,2,,,1,15,,82558,2,,,1,55,,82578,2,,,1
1,'20260929',539,,82677,2,,,1,15,,82618,2,,,1,52,,82638,2,,,1,15,,82658,2,,,1,15,,82678,2,,,1,15,,82619,2,,,1,55,,82639,2,,,1,15,,82659,2,,,1,15,,82679,2,,,1,15,,82620,2,,,1,55,,82640,2,,,1,15,,82660,2,,,1,15,,82680,2,,,1,15,,82621,2,,,1,55,,82641,2,,,1,15,,82661,2,,,1,15,,82681,2,,,1,15,,82622,2,,,1,55,,82642,2,,,1,15,,82662,2,,,1,15,,82682,2,,,1,15,,82623,2,,,1,55,,82643,2,,,1,15,,82663,2,,,1,15,,82683,2,,,1,15,,82624,2,,,1,55,,82644,2,,,1,15,,82664,2,,,1,15,,82684,2,,,1,15,,82625,2,,,1,55,,82645,2,,,1,15,,82665,2,,,1,15,,82685,2,,,1,15,,82626,2,,,1,55,,82646,2,,,1,15,,82666,2,,,1,15,,82686,2,,,1,15,,82627,2,,,1,55,,82647,2,,,1,15,,82667,2,,,1,15,,82687,2,,,1,15,,82628,2,,,1,55,,82648,2,,,1,15,,82668,2,,,1,15,,82688,2,,,1,15,,82629,2,,,1,55,,82649,2,,,1,15,,82669,2,,,1,15,,82689,2,,,1,15,,82630,2,,,1,55,,82650,2,,,1,15,,82670,2,,,1,15,,82690,2,,,1,15,,82631,2,,,1,55,,82651,2,,,1,15,,82671,2,,,1,15,,82691,2,,,1,15,,82632,2,,,1,55,,82652,2,,,1,15,,82672,2,,,1,15,,82692,2,,,1,15,,82633,2,,,1,55,,82653,2,,,1,15,,82673,2,,,1,15,,82693,2,,,1,15,,82634,2,,,1,55,,82654,2,,,1,15,,82674,2,,,1,15,,82694,2,,,1,15,,82635,2,,,1,55,,82655,2,,,1,15,,82675,2,,,1,15,,82695,2,,,1,15,,82636,2,,,1,55,,82656,2,,,1,15,,82676,2,,,1,15,,82696,2,,,1,15,,82637,2,,,1,55,,82657,2,,,1
1,'20260930',539,,82756,2,,,1,15,,82697,2,,,1,52,,82717,2,,,1,15,,82737,2,,,1,15,,82757,2,,,1,15,,82698,2,,,1,55,,82718,2,,,1,15,,82738,2,,,1,15,,82758,2,,,1,15,,82699,2,,,1,55,,82719,2,,,1,15,,82739,2,,,1,15,,82759,2,,,1,15,,82700,2,,,1,55,,82720,2,,,1,15,,82740,2,,,1,15,,82760,2,,,1,15,,82701,2,,,1,55,,82721,2,,,1,15,,82741,2,,,1,15,,82761,2,,,1,15,,82702,2,,,1,55,,82722,2,,,1,15,,82742,2,,,1,15,,82762,2,,,1,15,,82703,2,,,1,55,,82723,2,,,1,15,,82743,2,,,1,15,,82763,2,,,1,15,,82704,2,,,1,55,,82724,2,,,1,15,,82744,2,,,1,15,,82764,2,,,1,15,,82705,2,,,1,55,,82725,2,,,1,15,,82745,2,,,1,15,,82765,2,,,1,15,,82706,2,,,1,55,,82726,2,,,1,15,,82746,2,,,1,15,,82766,2,,,1,15,,82707,2,,,1,55,,82727,2,,,1,15,,82747,2,,,1,15,,82767,2,,,1,15,,82708,2,,,1,55,,82728,2,,,1,15,,82748,2,,,1,15,,82768,2,,,1,15,,82709,2,,,1,55,,82729,2,,,1,15,,82749,2,,,1,15,,82769,2,,,1,15,,82710,2,,,1,55,,82730,2,,,1,15,,82750,2,,,1,15,,82770,2,,,1,15,,82711,2,,,1,55,,82731,2,,,1,15,,82751,2,,,1,15,,82771,2,,,1,15,,82712,2,,,1,55,,82732,2,,,1,15,,82752,2,,,1,15,,82772,2,,,1,15,,82713,2,,,1,55,,82733,2,,,1,15,,82753,2,,,1,15,,82773,2,,,1,15,,82714,2,,,1,55,,82734,2,,,1,15,,82754,2,,,1,15,,82774,2,,,1,15,,82715,2,,,1,55,,82735,2,,,1,15,,82755,2,,,1,15,,82775,2,,,1,15,,82716,2,,,1,55,,82736,2,,,1
1,'20261001',539,,82835,2,,,1,15,,82776,2,,,1,52,,82796,2,,,1,15,,82816,2,,,1,15,,82836,2,,,1,15,,82777,2,,,1,55,,82797,2,,,1,15,,82817,2,,,1,15,,82837,2,,,1,15,,82778,2,,,1,55,,82798,2,,,1,15,,82818,2,,,1,15,,82838,2,,,1,15,,82779,2,,,1,55,,82799,2,,,1,15,,82819,2,,,1,15,,82839,2,,,1,15,,82780,2,,,1,55,,82800,2,,,1,15,,82820,2,,,1,15,,82840,2,,,1,15,,82781,2,,,1,55,,82801,2,,,1,15,,82821,2,,,1,15,,82841,2,,,1,15,,82782,2,,,1,55,,82802,2,,,1,15,,82822,2,,,1,15,,82842,2,,,1,15,,82783,2,,,1,55,,82803,2,,,1,15,,82823,2,,,1,15,,82843,2,,,1,15,,82784,2,,,1,55,,82804,2,,,1,15,,82824,2,,,1,15,,82844,2,,,1,15,,82785,2,,,1,55,,82805,2,,,1,15,,82825,2,,,1,15,,82845,2,,,1,15,,82786,2,,,1,55,,82806,2,,,1,15,,82826,2,,,1,15,,82846,2,,,1,15,,82787,2,,,1,55,,82807,2,,,1,15,,82827,2,,,1,15,,82847,2,,,1,15,,82788,2,,,1,55,,82808,2,,,1,15,,82828,2,,,1,15,,82848,2,,,1,15,,82789,2,,,1,55,,82809,2,,,1,15,,82829,2,,,1,15,,82849,2,,,1,15,,82790,2,,,1,55,,82810,2,,,1,15,,82830,2,,,1,15,,82850,2,,,1,15,,82791,2,,,1,55,,82811,2,,,1,15,,82831,2,,,1,15,,82851,2,,,1,15,,82792,2,,,1,55,,82812,2,,,1,15,,82832,2,,,1,15,,82852,2,,,1,15,,82793,2,,,1,55,,82813,2,,,1,15,,82833,2,,,1,15,,82853,2,,,1,15,,82794,2,,,1,55,,82814,2,,,1,15,,82834,2,,,1,15,,82854,2,,,1,15,,82795,2,,,1,55,,82815,2,,,1
1,'20261002',539,,82914,2,,,1,15,,82855,2,,,1,52,,82875,2,,,1,15,,82895,2,,,1,15,,82915,2,,,1,15,,82856,2,,,1,55,,82876,2,,,1,15,,82896,2,,,1,15,,82916,2,,,1,15,,82857,2,,,1,55,,82877,2,,,1,15,,82897,2,,,1,15,,82917,2,,,1,15,,82858,2,,,1,55,,82878,2,,,1,15,,82898,2,,,1,15,,82918,2,,,1,15,,82859,2,,,1,55,,82879,2,,,1,15,,82899,2,,,1,15,,82919,2,,,1,15,,82860,2,,,1,55,,82880,2,,,1,15,,82900,2,,,1,15,,82920,2,,,1,15,,82861,2,,,1,55,,82881,2,,,1,15,,82901,2,,,1,15,,82921,2,,,1,15,,82862,2,,,1,55,,82882,2,,,1,15,,82902,2,,,1,15,,82922,2,,,1,15,,82863,2,,,1,55,,82883,2,,,1,15,,82903,2,,,1,15,,82923,2,,,1,15,,82864,2,,,1,55,,82884,2,,,1,15,,82904,2,,,1,15,,82924,2,,,1,15,,82865,2,,,1,55,,82885,2,,,1,15,,82905,2,,,1,15,,82925,2,,,1,15,,82866,2,,,1,55,,82886,2,,,1,15,,82906,2,,,1,15,,82926,2,,,1,15,,82867,2,,,1,55,,82887,2,,,1,15,,82907,2,,,1,15,,82927,2,,,1,15,,82868,2,,,1,55,,82888,2,,,1,15,,82908,2,,,1,15,,82928,2,,,1,15,,82869,2,,,1,55,,82889,2,,,1,15,,82909,2,,,1,15,,82929,2,,,1,15,,82870,2,,,1,55,,82890,2,,,1,15,,82910,2,,,1,15,,82930,2,,,1,15,,82871,2,,,1,55,,82891,2,,,1,15,,82911,2,,,1,15,,82931,2,,,1,15,,82872,2,,,1,55,,82892,2,,,1,15,,82912,2,,,1,15,,82932,2,,,1,15,,82873,2,,,1,55,,82893,2,,,1,15,,82913,2,,,1,15,,82933,2,,,1,15,,82874,2,,,1,55,,82894,2,,,1
1,'20261003',636,,82990,2,,,1,15,,82934,2,,,1,55,,82953,2,,,1,15,,82972,2,,,1,15,,82991,2,,,1,15,,82935,2,,,1,55,,82954,2,,,1,15,,82973,2,,,1,15,,82992,2,,,1,15,,82936,2,,,1,55,,82955,2,,,1,15,,82974,2,,,1,15,,82993,2,,,1,15,,82937,2,,,1,55,,82956,2,,,1,15,,82975,2,,,1,15,,82994,2,,,1,15,,82938,2,,,1,55,,82957,2,,,1,15,,82976,2,,,1,15,,82995,2,,,1,15,,82939,2,,,1,55,,82958,2,,,1,15,,82977,2,,,1,15,,82996,2,,,1,15,,82940,2,,,1,55,,82959,2,,,1,15,,82978,2,,,1,15,,82997,2,,,1,15,,82941,2,,,1,55,,82960,2,,,1,15,,82979,2,,,1,15,,82998,2,,,1,15,,82942,2,,,1,55,,82961,2,,,1,15,,82980,2,,,1,15,,82999,2,,,1,15,,82943,2,,,1,55,,82962,2,,,1,15,,82981,2,,,1,15,,83000,2,,,1,15,,82944,2,,,1,55,,82963,2,,,1,15,,82982,2,,,1,15,,83001,2,,,1,15,,82945,2,,,1,55,,82964,2,,,1,15,,82983,2,,,1,15,,83002,2,,,1,15,,82946,2,,,1,55,,82965,2,,,1,15,,82984,2,,,1,15,,83003,2,,,1,15,,82947,2,,,1,55,,82966,2,,,1,15,,82985,2,,,1,15,,83004,2,,,1,15,,82948,2,,,1,55,,82967,2,,,1,15,,82986,2,,,1,15,,83005,2,,,1,15,,82949,2,,,1,55,,82968,2,,,1,15,,82987,2,,,1,15,,83006,2,,,1,15,,82950,2,,,1,55,,82969,2,,,1,15,,82988,2,,,1,15,,83007,2,,,1,15,,82951,2,,,1,55,,82970,2,,,1,15,,82989,2,,,1,15,,83008,2,,,1,15,,82952,2,,,1,55,,82971,2,,,1
1,'20261004',636,,83065,2,,,1,15,,83009,2,,,1,55,,83028,2,,,1,15,,83047,2,,,1,15,,83066,2,,,1,15,,83010,2,,,1,55,,83029,2,,,1,15,,83048,2,,,1,15,,83067,2,,,1,15,,83011,2,,,1,55,,83030,2,,,1,15,,83049,2,,,1,15,,83068,2,,,1,15,,83012,2,,,1,55,,83031,2,,,1,15,,83050,2,,,1,15,,83069,2,,,1,15,,83013,2,,,1,55,,83032,2,,,1,15,,83051,2,,,1,15,,83070,2,,,1,15,,83014,2,,,1,55,,83033,2,,,1,15,,83052,2,,,1,15,,83071,2,,,1,15,,83015,2,,,1,55,,83034,2,,,1,15,,83053,2,,,1,15,,83072,2,,,1,15,,83016,2,,,1,55,,83035,2,,,1,15,,83054,2,,,1,15,,83073,2,,,1,15,,83017,2,,,1,55,,83036,2,,,1,15,,83055,2,,,1,15,,83074,2,,,1,15,,83018,2,,,1,55,,83037,2,,,1,15,,83056,2,,,1,15,,83075,2,,,1,15,,83019,2,,,1,55,,83038,2,,,1,15,,83057,2,,,1,15,,83076,2,,,1,15,,83020,2,,,1,55,,83039,2,,,1,15,,83058,2,,,1,15,,83077,2,,,1,15,,83021,2,,,1,55,,83040,2,,,1,15,,83059,2,,,1,15,,83078,2,,,1,15,,83022,2,,,1,55,,83041,2,,,1,15,,83060,2,,,1,15,,83079,2,,,1,15,,83023,2,,,1,55,,83042,2,,,1,15,,83061,2,,,1,15,,83080,2,,,1,15,,83024,2,,,1,55,,83043,2,,,1,15,,83062,2,,,1,15,,83081,2,,,1,15,,83025,2,,,1,55,,83044,2,,,1,15,,83063,2,,,1,15,,83082,2,,,1,15,,83026,2,,,1,55,,83045,2,,,1,15,,83064,2,,,1,15,,83083,2,,,1,15,,83027,2,,,1,55,,83046,2,,,1
1,'20261005',539,,83143,2,,,1,15,,83084,2,,,1,52,,83104,2,,,1,15,,83124,2,,,1,15,,83144,2,,,1,15,,83085,2,,,1,55,,83105,2,,,1,15,,83125,2,,,1,15,,83145,2,,,1,15,,83086,2,,,1,55,,83106,2,,,1,15,,83126,2,,,1,15,,83146,2,,,1,15,,83087,2,,,1,55,,83107,2,,,1,15,,83127,2,,,1,15,,83147,2,,,1,15,,83088,2,,,1,55,,83108,2,,,1,15,,83128,2,,,1,15,,83148,2,,,1,15,,83089,2,,,1,55,,83109,2,,,1,15,,83129,2,,,1,15,,83149,2,,,1,15,,83090,2,,,1,55,,83110,2,,,1,15,,83130,2,,,1,15,,83150,2,,,1,15,,83091,2,,,1,55,,83111,2,,,1,15,,83131,2,,,1,15,,83151,2,,,1,15,,83092,2,,,1,55,,83112,2,,,1,15,,83132,2,,,1,15,,83152,2,,,1,15,,83093,2,,,1,55,,83113,2,,,1,15,,83133,2,,,1,15,,83153,2,,,1,15,,83094,2,,,1,55,,83114,2,,,1,15,,83134,2,,,1,15,,83154,2,,,1,15,,83095,2,,,1,55,,83115,2,,,1,15,,83135,2,,,1,15,,83155,2,,,1,15,,83096,2,,,1,55,,83116,2,,,1,15,,83136,2,,,1,15,,83156,2,,,1,15,,83097,2,,,1,55,,83117,2,,,1,15,,83137,2,,,1,15,,83157,2,,,1,15,,83098,2,,,1,55,,83118,2,,,1,15,,83138,2,,,1,15,,83158,2,,,1,15,,83099,2,,,1,55,,83119,2,,,1,15,,83139,2,,,1,15,,83159,2,,,1,15,,83100,2,,,1,55,,83120,2,,,1,15,,83140,2,,,1,15,,83160,2,,,1,15,,83101,2,,,1,55,,83121,2,,,1,15,,83141,2,,,1,15,,83161,2,,,1,15,,83102,2,,,1,55,,83122,2,,,1,15,,83142,2,,,1,15,,83162,2,,,1,15,,83103,2,,,1,55,,83123,2,,,1
1,'20261006',539,,83222,2,,,1,15,,83163,2,,,1,52,,83183,2,,,1,15,,83203,2,,,1,15,,83223,2,,,1,15,,83164,2,,,1,55,,83184,2,,,1,15,,83204,2,,,1,15,,83224,2,,,1,15,,83165,2,,,1,55,,83185,2,,,1,15,,83205,2,,,1,15,,83225,2,,,1,15,,83166,2,,,1,55,,83186,2,,,1,15,,83206,2,,,1,15,,83226,2,,,1,15,,83167,2,,,1,55,,83187,2,,,1,15,,83207,2,,,1,15,,83227,2,,,1,15,,83168,2,,,1,55,,83188,2,,,1,15,,83208,2,,,1,15,,83228,2,,,1,15,,83169,2,,,1,55,,83189,2,,,1,15,,83209,2,,,1,15,,83229,2,,,1,15,,83170,2,,,1,55,,83190,2,,,1,15,,83210,2,,,1,15,,83230,2,,,1,15,,83171,2,,,1,55,,83191,2,,,1,15,,83211,2,,,1,15,,83231,2,,,1,15,,83172,2,,,1,55,,83192,2,,,1,15,,83212,2,,,1,15,,83232,2,,,1,15,,83173,2,,,1,55,,83193,2,,,1,15,,83213,2,,,1,15,,83233,2,,,1,15,,83174,2,,,1,55,,83194,2,,,1,15,,83214,2,,,1,15,,83234,2,,,1,15,,83175,2,,,1,55,,83195,2,,,1,15,,83215,2,,,1,15,,83235,2,,,1,15,,83176,2,,,1,55,,83196,2,,,1,15,,83216,2,,,1,15,,83236,2,,,1,15,,83177,2,,,1,55,,83197,2,,,1,15,,83217,2,,,1,15,,83237,2,,,1,15,,83178,2,,,1,55,,83198,2,,,1,15,,83218,2,,,1,15,,83238,2,,,1,15,,83179,2,,,1,55,,83199,2,,,1,15,,83219,2,,,1,15,,83239,2,,,1,15,,83180,2,,,1,55,,83200,2,,,1,15,,83220,2,,,1,15,,83240,2,,,1,15,,83181,2,,,1,55,,83201,2,,,1,15,,83221,2,,,1,15,,83241,2,,,1,15,,83182,2,,,1,55,,83202,2,,,1
1,'20261007',539,,83301,2,,,1,15,,83242,2,,,1,52,,83262,2,,,1,15,,83282,2,,,1,15,,83302,2,,,1,15,,83243,2,,,1,55,,83263,2,,,1,15,,83283,2,,,1,15,,83303,2,,,1,15,,83244,2,,,1,55,,83264,2,,,1,15,,83284,2,,,1,15,,83304,2,,,1,15,,83245,2,,,1,55,,83265,2,,,1,15,,83285,2,,,1,15,,83305,2,,,1,15,,83246,2,,,1,55,,83266,2,,,1,15,,83286,2,,,1,15,,83306,2,,,1,15,,83247,2,,,1,55,,83267,2,,,1,15,,83287,2,,,1,15,,83307,2,,,1,15,,83248,2,,,1,55,,83268,2,,,1,15,,83288,2,,,1,15,,83308,2,,,1,15,,83249,2,,,1,55,,83269,2,,,1,15,,83289,2,,,1,15,,83309,2,,,1,15,,83250,2,,,1,55,,83270,2,,,1,15,,83290,2,,,1,15,,83310,2,,,1,15,,83251,2,,,1,55,,83271,2,,,1,15,,83291,2,,,1,15,,83311,2,,,1,15,,83252,2,,,1,55,,83272,2,,,1,15,,83292,2,,,1,15,,83312,2,,,1,15,,83253,2,,,1,55,,83273,2,,,1,15,,83293,2,,,1,15,,83313,2,,,1,15,,83254,2,,,1,55,,83274,2,,,1,15,,83294,2,,,1,15,,83314,2,,,1,15,,83255,2,,,1,55,,83275,2,,,1,15,,83295,2,,,1,15,,83315,2,,,1,15,,83256,2,,,1,55,,83276,2,,,1,15,,83296,2,,,1,15,,83316,2,,,1,15,,83257,2,,,1,55,,83277,2,,,1,15,,83297,2,,,1,15,,83317,2,,,1,15,,83258,2,,,1,55,,83278,2,,,1,15,,83298,2,,,1,15,,83318,2,,,1,15,,83259,2,,,1,55,,83279,2,,,1,15,,83299,2,,,1,15,,83319,2,,,1,15,,83260,2,,,1,55,,83280,2,,,1,15,,83300,2,,,1,15,,83320,2,,,1,15,,83261,2,,,1,55,,83281,2,,,1
1,'20261008',539,,83380,2,,,1,15,,83321,2,,,1,52,,83341,2,,,1,15,,83361,2,,,1,15,,83381,2,,,1,15,,83322,2,,,1,55,,83342,2,,,1,15,,83362,2,,,1,15,,83382,2,,,1,15,,83323,2,,,1,55,,83343,2,,,1,15,,83363,2,,,1,15,,83383,2,,,1,15,,83324,2,,,1,55,,83344,2,,,1,15,,83364,2,,,1,15,,83384,2,,,1,15,,83325,2,,,1,55,,83345,2,,,1,15,,83365,2,,,1,15,,83385,2,,,1,15,,83326,2,,,1,55,,83346,2,,,1,15,,83366,2,,,1,15,,83386,2,,,1,15,,83327,2,,,1,55,,83347,2,,,1,15,,83367,2,,,1,15,,83387,2,,,1,15,,83328,2,,,1,55,,83348,2,,,1,15,,83368,2,,,1,15,,83388,2,,,1,15,,83329,2,,,1,55,,83349,2,,,1,15,,83369,2,,,1,15,,83389,2,,,1,15,,83330,2,,,1,55,,83350,2,,,1,15,,83370,2,,,1,15,,83390,2,,,1,15,,83331,2,,,1,55,,83351,2,,,1,15,,83371,2,,,1,15,,83391,2,,,1,15,,83332,2,,,1,55,,83352,2,,,1,15,,83372,2,,,1,15,,83392,2,,,1,15,,83333,2,,,1,55,,83353,2,,,1,15,,83373,2,,,1,15,,83393,2,,,1,15,,83334,2,,,1,55,,83354,2,,,1,15,,83374,2,,,1,15,,83394,2,,,1,15,,83335,2,,,1,55,,83355,2,,,1,15,,83375,2,,,1,15,,83395,2,,,1,15,,83336,2,,,1,55,,83356,2,,,1,15,,83376,2,,,1,15,,83396,2,,,1,15,,83337,2,,,1,55,,83357,2,,,1,15,,83377,2,,,1,15,,83397,2,,,1,15,,83338,2,,,1,55,,83358,2,,,1,15,,83378,2,,,1,15,,83398,2,,,1,15,,83339,2,,,1,55,,83359,2,,,1,15,,83379,2,,,1,15,,83399,2,,,1,15,,83340,2,,,1,55,,83360,2,,,1
1,'20261009',539,,83459,2,,,1,15,,83400,2,,,1,52,,83420,2,,,1,15,,83440,2,,,1,15,,83460,2,,,1,15,,83401,2,,,1,55,,83421,2,,,1,15,,83441,2,,,1,15,,83461,2,,,1,15,,83402,2,,,1,55,,83422,2,,,1,15,,83442,2,,,1,15,,83462,2,,,1,15,,83403,2,,,1,55,,83423,2,,,1,15,,83443,2,,,1,15,,83463,2,,,1,15,,83404,2,,,1,55,,83424,2,,,1,15,,83444,2,,,1,15,,83464,2,,,1,15,,83405,2,,,1,55,,83425,2,,,1,15,,83445,2,,,1,15,,83465,2,,,1,15,,83406,2,,,1,55,,83426,2,,,1,15,,83446,2,,,1,15,,83466,2,,,1,15,,83407,2,,,1,55,,83427,2,,,1,15,,83447,2,,,1,15,,83467,2,,,1,15,,83408,2,,,1,55,,83428,2,,,1,15,,83448,2,,,1,15,,83468,2,,,1,15,,83409,2,,,1,55,,83429,2,,,1,15,,83449,2,,,1,15,,83469,2,,,1,15,,83410,2,,,1,55,,83430,2,,,1,15,,83450,2,,,1,15,,83470,2,,,1,15,,83411,2,,,1,55,,83431,2,,,1,15,,83451,2,,,1,15,,83471,2,,,1,15,,83412,2,,,1,55,,83432,2,,,1,15,,83452,2,,,1,15,,83472,2,,,1,15,,83413,2,,,1,55,,83433,2,,,1,15,,83453,2,,,1,15,,83473,2,,,1,15,,83414,2,,,1,55,,83434,2,,,1,15,,83454,2,,,1,15,,83474,2,,,1,15,,83415,2,,,1,55,,83435,2,,,1,15,,83455,2,,,1,15,,83475,2,,,1,15,,83416,2,,,1,55,,83436,2,,,1,15,,83456,2,,,1,15,,83476,2,,,1,15,,83417,2,,,1,55,,83437,2,,,1,15,,83457,2,,,1,15,,83477,2,,,1,15,,83418,2,,,1,55,,83438,2,,,1,15,,83458,2,,,1,15,,83478,2,,,1,15,,83419,2,,,1,55,,83439,2,,,1
1,'20261010',636,,83535,2,,,1,15,,83479,2,,,1,55,,83498,2,,,1,15,,83517,2,,,1,15,,83536,2,,,1,15,,83480,2,,,1,55,,83499,2,,,1,15,,83518,2,,,1,15,,83537,2,,,1,15,,83481,2,,,1,55,,83500,2,,,1,15,,83519,2,,,1,15,,83538,2,,,1,15,,83482,2,,,1,55,,83501,2,,,1,15,,83520,2,,,1,15,,83539,2,,,1,15,,83483,2,,,1,55,,83502,2,,,1,15,,83521,2,,,1,15,,83540,2,,,1,15,,83484,2,,,1,55,,83503,2,,,1,15,,83522,2,,,1,15,,83541,2,,,1,15,,83485,2,,,1,55,,83504,2,,,1,15,,83523,2,,,1,15,,83542,2,,,1,15,,83486,2,,,1,55,,83505,2,,,1,15,,83524,2,,,1,15,,83543,2,,,1,15,,83487,2,,,1,55,,83506,2,,,1,15,,83525,2,,,1,15,,83544,2,,,1,15,,83488,2,,,1,55,,83507,2,,,1,15,,83526,2,,,1,15,,83545,2,,,1,15,,83489,2,,,1,55,,83508,2,,,1,15,,83527,2,,,1,15,,83546,2,,,1,15,,83490,2,,,1,55,,83509,2,,,1,15,,83528,2,,,1,15,,83547,2,,,1,15,,83491,2,,,1,55,,83510,2,,,1,15,,83529,2,,,1,15,,83548,2,,,1,15,,83492,2,,,1,55,,83511,2,,,1,15,,83530,2,,,1,15,,83549,2,,,1,15,,83493,2,,,1,55,,83512,2,,,1,15,,83531,2,,,1,15,,83550,2,,,1,15,,83494,2,,,1,55,,83513,2,,,1,15,,83532,2,,,1,15,,83551,2,,,1,15,,83495,2,,,1,55,,83514,2,,,1,15,,83533,2,,,1,15,,83552,2,,,1,15,,83496,2,,,1,55,,83515,2,,,1,15,,83534,2,,,1,15,,83553,2,,,1,15,,83497,2,,,1,55,,83516,2,,,1
1,'20261011',636,,83610,2,,,1,15,,83554,2,,,1,55,,83573,2,,,1,15,,83592,2,,,1,15,,83611,2,,,1,15,,83555,2,,,1,55,,83574,2,,,1,15,,83593,2,,,1,15,,83612,2,,,1,15,,83556,2,,,1,55,,83575,2,,,1,15,,83594,2,,,1,15,,83613,2,,,1,15,,83557,2,,,1,55,,83576,2,,,1,15,,83595,2,,,1,15,,83614,2,,,1,15,,83558,2,,,1,55,,83577,2,,,1,15,,83596,2,,,1,15,,83615,2,,,1,15,,83559,2,,,1,55,,83578,2,,,1,15,,83597,2,,,1,15,,83616,2,,,1,15,,83560,2,,,1,55,,83579,2,,,1,15,,83598,2,,,1,15,,83617,2,,,1,15,,83561,2,,,1,55,,83580,2,,,1,15,,83599,2,,,1,15,,83618,2,,,1,15,,83562,2,,,1,55,,83581,2,,,1,15,,83600,2,,,1,15,,83619,2,,,1,15,,83563,2,,,1,55,,83582,2,,,1,15,,83601,2,,,1,15,,83620,2,,,1,15,,83564,2,,,1,55,,83583,2,,,1,15,,83602,2,,,1,15,,83621,2,,,1,15,,83565,2,,,1,55,,83584,2,,,1,15,,83603,2,,,1,15,,83622,2,,,1,15,,83566,2,,,1,55,,83585,2,,,1,15,,83604,2,,,1,15,,83623,2,,,1,15,,83567,2,,,1,55,,83586,2,,,1,15,,83605,2,,,1,15,,83624,2,,,1,15,,83568,2,,,1,55,,83587,2,,,1,15,,83606,2,,,1,15,,83625,2,,,1,15,,83569,2,,,1,55,,83588,2,,,1,15,,83607,2,,,1,15,,83626,2,,,1,15,,83570,2,,,1,55,,83589,2,,,1,15,,83608,2,,,1,15,,83627,2,,,1,15,,83571,2,,,1,55,,83590,2,,,1,15,,83609,2,,,1,15,,83628,2,,,1,15,,83572,2,,,1,55,,83591,2,,,1
1,'20261012',539,,83688,2,,,1,15,,83629,2,,,1,52,,83649,2,,,1,15,,83669,2,,,1,15,,83689,2,,,1,15,,83630,2,,,1,55,,83650,2,,,1,15,,83670,2,,,1,15,,83690,2,,,1,15,,83631,2,,,1,55,,83651,2,,,1,15,,83671,2,,,1,15,,83691,2,,,1,15,,83632,2,,,1,55,,83652,2,,,1,15,,83672,2,,,1,15,,83692,2,,,1,15,,83633,2,,,1,55,,83653,2,,,1,15,,83673,2,,,1,15,,83693,2,,,1,15,,83634,2,,,1,55,,83654,2,,,1,15,,83674,2,,,1,15,,83694,2,,,1,15,,83635,2,,,1,55,,83655,2,,,1,15,,83675,2,,,1,15,,83695,2,,,1,15,,83636,2,,,1,55,,83656,2,,,1,15,,83676,2,,,1,15,,83696,2,,,1,15,,83637,2,,,1,55,,83657,2,,,1,15,,83677,2,,,1,15,,83697,2,,,1,15,,83638,2,,,1,55,,83658,2,,,1,15,,83678,2,,,1,15,,83698,2,,,1,15,,83639,2,,,1,55,,83659,2,,,1,15,,83679,2,,,1,15,,83699,2,,,1,15,,83640,2,,,1,55,,83660,2,,,1,15,,83680,2,,,1,15,,83700,2,,,1,15,,83641,2,,,1,55,,83661,2,,,1,15,,83681,2,,,1,15,,83701,2,,,1,15,,83642,2,,,1,55,,83662,2,,,1,15,,83682,2,,,1,15,,83702,2,,,1,15,,83643,2,,,1,55,,83663,2,,,1,15,,83683,2,,,1,15,,83703,2,,,1,15,,83644,2,,,1,55,,83664,2,,,1,15,,83684,2,,,1,15,,83704,2,,,1,15,,83645,2,,,1,55,,83665,2,,,1,15,,83685,2,,,1,15,,83705,2,,,1,15,,83646,2,,,1,55,,83666,2,,,1,15,,83686,2,,,1,15,,83706,2,,,1,15,,83647,2,,,1,55,,83667,2,,,1,15,,83687,2,,,1,15,,83707,2,,,1,15,,83648,2,,,1,55,,83668,2,,,1
1,'20261013',539,,83767,2,,,1,15,,83708,2,,,1,52,,83728,2,,,1,15,,83748,2,,,1,15,,83768,2,,,1,15,,83709,2,,,1,55,,83729,2,,,1,15,,83749,2,,,1,15,,83769,2,,,1,15,,83710,2,,,1,55,,83730,2,,,1,15,,83750,2,,,1,15,,83770,2,,,1,15,,83711,2,,,1,55,,83731,2,,,1,15,,83751,2,,,1,15,,83771,2,,,1,15,,83712,2,,,1,55,,83732,2,,,1,15,,83752,2,,,1,15,,83772,2,,,1,15,,83713,2,,,1,55,,83733,2,,,1,15,,83753,2,,,1,15,,83773,2,,,1,15,,83714,2,,,1,55,,83734,2,,,1,15,,83754,2,,,1,15,,83774,2,,,1,15,,83715,2,,,1,55,,83735,2,,,1,15,,83755,2,,,1,15,,83775,2,,,1,15,,83716,2,,,1,55,,83736,2,,,1,15,,83756,2,,,1,15,,83776,2,,,1,15,,83717,2,,,1,55,,83737,2,,,1,15,,83757,2,,,1,15,,83777,2,,,1,15,,83718,2,,,1,55,,83738,2,,,1,15,,83758,2,,,1,15,,83778,2,,,1,15,,83719,2,,,1,55,,83739,2,,,1,15,,83759,2,,,1,15,,83779,2,,,1,15,,83720,2,,,1,55,,83740,2,,,1,15,,83760,2,,,1,15,,83780,2,,,1,15,,83721,2,,,1,55,,83741,2,,,1,15,,83761,2,,,1,15,,83781,2,,,1,15,,83722,2,,,1,55,,83742,2,,,1,15,,83762,2,,,1,15,,83782,2,,,1,15,,83723,2,,,1,55,,83743,2,,,1,15,,83763,2,,,1,15,,83783,2,,,1,15,,83724,2,,,1,55,,83744,2,,,1,15,,83764,2,,,1,15,,83784,2,,,1,15,,83725,2,,,1,55,,83745,2,,,1,15,,83765,2,,,1,15,,83785,2,,,1,15,,83726,2,,,1,55,,83746,2,,,1,15,,83766,2,,,1,15,,83786,2,,,1,15,,83727,2,,,1,55,,83747,2,,,1
1,'20261014',539,,83846,2,,,1,15,,83787,2,,,1,52,,83807,2,,,1,15,,83827,2,,,1,15,,83847,2,,,1,15,,83788,2,,,1,55,,83808,2,,,1,15,,83828,2,,,1,15,,83848,2,,,1,15,,83789,2,,,1,55,,83809,2,,,1,15,,83829,2,,,1,15,,83849,2,,,1,15,,83790,2,,,1,55,,83810,2,,,1,15,,83830,2,,,1,15,,83850,2,,,1,15,,83791,2,,,1,55,,83811,2,,,1,15,,83831,2,,,1,15,,83851,2,,,1,15,,83792,2,,,1,55,,83812,2,,,1,15,,83832,2,,,1,15,,83852,2,,,1,15,,83793,2,,,1,55,,83813,2,,,1,15,,83833,2,,,1,15,,83853,2,,,1,15,,83794,2,,,1,55,,83814,2,,,1,15,,83834,2,,,1,15,,83854,2,,,1,15,,83795,2,,,1,55,,83815,2,,,1,15,,83835,2,,,1,15,,83855,2,,,1,15,,83796,2,,,1,55,,83816,2,,,1,15,,83836,2,,,1,15,,83856,2,,,1,15,,83797,2,,,1,55,,83817,2,,,1,15,,83837,2,,,1,15,,83857,2,,,1,15,,83798,2,,,1,55,,83818,2,,,1,15,,83838,2,,,1,15,,83858,2,,,1,15,,83799,2,,,1,55,,83819,2,,,1,15,,83839,2,,,1,15,,83859,2,,,1,15,,83800,2,,,1,55,,83820,2,,,1,15,,83840,2,,,1,15,,83860,2,,,1,15,,83801,2,,,1,55,,83821,2,,,1,15,,83841,2,,,1,15,,83861,2,,,1,15,,83802,2,,,1,55,,83822,2,,,1,15,,83842,2,,,1,15,,83862,2,,,1,15,,83803,2,,,1,55,,83823,2,,,1,15,,83843,2,,,1,15,,83863,2,,,1,15,,83804,2,,,1,55,,83824,2,,,1,15,,83844,2,,,1,15,,83864,2,,,1,15,,83805,2,,,1,55,,83825,2,,,1,15,,83845,2,,,1,15,,83865,2,,,1,15,,83806,2,,,1,55,,83826,2,,,1
1,'20261015',539,,83925,2,,,1,15,,83866,2,,,1,52,,83886,2,,,1,15,,83906,2,,,1,15,,83926,2,,,1,15,,83867,2,,,1,55,,83887,2,,,1,15,,83907,2,,,1,15,,83927,2,,,1,15,,83868,2,,,1,55,,83888,2,,,1,15,,83908,2,,,1,15,,83928,2,,,1,15,,83869,2,,,1,55,,83889,2,,,1,15,,83909,2,,,1,15,,83929,2,,,1,15,,83870,2,,,1,55,,83890,2,,,1,15,,83910,2,,,1,15,,83930,2,,,1,15,,83871,2,,,1,55,,83891,2,,,1,15,,83911,2,,,1,15,,83931,2,,,1,15,,83872,2,,,1,55,,83892,2,,,1,15,,83912,2,,,1,15,,83932,2,,,1,15,,83873,2,,,1,55,,83893,2,,,1,15,,83913,2,,,1,15,,83933,2,,,1,15,,83874,2,,,1,55,,83894,2,,,1,15,,83914,2,,,1,15,,83934,2,,,1,15,,83875,2,,,1,55,,83895,2,,,1,15,,83915,2,,,1,15,,83935,2,,,1,15,,83876,2,,,1,55,,83896,2,,,1,15,,83916,2,,,1,15,,83936,2,,,1,15,,83877,2,,,1,55,,83897,2,,,1,15,,83917,2,,,1,15,,83937,2,,,1,15,,83878,2,,,1,55,,83898,2,,,1,15,,83918,2,,,1,15,,83938,2,,,1,15,,83879,2,,,1,55,,83899,2,,,1,15,,83919,2,,,1,15,,83939,2,,,1,15,,83880,2,,,1,55,,83900,2,,,1,15,,83920,2,,,1,15,,83940,2,,,1,15,,83881,2,,,1,55,,83901,2,,,1,15,,83921,2,,,1,15,,83941,2,,,1,15,,83882,2,,,1,55,,83902,2,,,1,15,,83922,2,,,1,15,,83942,2,,,1,15,,83883,2,,,1,55,,83903,2,,,1,15,,83923,2,,,1,15,,83943,2,,,1,15,,83884,2,,,1,55,,83904,2,,,1,15,,83924,2,,,1,15,,83944,2,,,1,15,,83885,2,,,1,55,,83905,2,,,1
1,'20261016',539,,84004,2,,,1,15,,83945,2,,,1,52,,83965,2,,,1,15,,83985,2,,,1,15,,84005,2,,,1,15,,83946,2,,,1,55,,83966,2,,,1,15,,83986,2,,,1,15,,84006,2,,,1,15,,83947,2,,,1,55,,83967,2,,,1,15,,83987,2,,,1,15,,84007,2,,,1,15,,83948,2,,,1,55,,83968,2,,,1,15,,83988,2,,,1,15,,84008,2,,,1,15,,83949,2,,,1,55,,83969,2,,,1,15,,83989,2,,,1,15,,84009,2,,,1,15,,83950,2,,,1,55,,83970,2,,,1,15,,83990,2,,,1,15,,84010,2,,,1,15,,83951,2,,,1,55,,83971,2,,,1,15,,83991,2,,,1,15,,84011,2,,,1,15,,83952,2,,,1,55,,83972,2,,,1,15,,83992,2,,,1,15,,84012,2,,,1,15,,83953,2,,,1,55,,83973,2,,,1,15,,83993,2,,,1,15,,84013,2,,,1,15,,83954,2,,,1,55,,83974,2,,,1,15,,83994,2,,,1,15,,84014,2,,,1,15,,83955,2,,,1,55,,83975,2,,,1,15,,83995,2,,,1,15,,84015,2,,,1,15,,83956,2,,,1,55,,83976,2,,,1,15,,83996,2,,,1,15,,84016,2,,,1,15,,83957,2,,,1,55,,83977,2,,,1,15,,83997,2,,,1,15,,84017,2,,,1,15,,83958,2,,,1,55,,83978,2,,,1,15,,83998,2,,,1,15,,84018,2,,,1,15,,83959,2,,,1,55,,83979,2,,,1,15,,83999,2,,,1,15,,84019,2,,,1,15,,83960,2,,,1,55,,83980,2,,,1,15,,84000,2,,,1,15,,84020,2,,,1,15,,83961,2,,,1,55,,83981,2,,,1,15,,84001,2,,,1,15,,84021,2,,,1,15,,83962,2,,,1,55,,83982,2,,,1,15,,84002,2,,,1,15,,84022,2,,,1,15,,83963,2,,,1,55,,83983,2,,,1,15,,84003,2,,,1,15,,84023,2,,,1,15,,83964,2,,,1,55,,83984,2,,,1
1,'20261017',636,,84080,2,,,1,15,,84024,2,,,1,55,,84043,2,,,1,15,,84062,2,,,1,15,,84081,2,,,1,15,,84025,2,,,1,55,,84044,2,,,1,15,,84063,2,,,1,15,,84082,2,,,1,15,,84026,2,,,1,55,,84045,2,,,1,15,,84064,2,,,1,15,,84083,2,,,1,15,,84027,2,,,1,55,,84046,2,,,1,15,,84065,2,,,1,15,,84084,2,,,1,15,,84028,2,,,1,55,,84047,2,,,1,15,,84066,2,,,1,15,,84085,2,,,1,15,,84029,2,,,1,55,,84048,2,,,1,15,,84067,2,,,1,15,,84086,2,,,1,15,,84030,2,,,1,55,,84049,2,,,1,15,,84068,2,,,1,15,,84087,2,,,1,15,,84031,2,,,1,55,,84050,2,,,1,15,,84069,2,,,1,15,,84088,2,,,1,15,,84032,2,,,1,55,,84051,2,,,1,15,,84070,2,,,1,15,,84089,2,,,1,15,,84033,2,,,1,55,,84052,2,,,1,15,,84071,2,,,1,15,,84090,2,,,1,15,,84034,2,,,1,55,,84053,2,,,1,15,,84072,2,,,1,15,,84091,2,,,1,15,,84035,2,,,1,55,,84054,2,,,1,15,,84073,2,,,1,15,,84092,2,,,1,15,,84036,2,,,1,55,,84055,2,,,1,15,,84074,2,,,1,15,,84093,2,,,1,15,,84037,2,,,1,55,,84056,2,,,1,15,,84075,2,,,1,15,,84094,2,,,1,15,,84038,2,,,1,55,,84057,2,,,1,15,,84076,2,,,1,15,,84095,2,,,1,15,,84039,2,,,1,55,,84058,2,,,1,15,,84077,2,,,1,15,,84096,2,,,1,15,,84040,2,,,1,55,,84059,2,,,1,15,,84078,2,,,1,15,,84097,2,,,1,15,,84041,2,,,1,55,,84060,2,,,1,15,,84079,2,,,1,15,,84098,2,,,1,15,,84042,2,,,1,55,,84061,2,,,1
1,'20261018',636,,84155,2,,,1,15,,84099,2,,,1,55,,84118,2,,,1,15,,84137,2,,,1,15,,84156,2,,,1,15,,84100,2,,,1,55,,84119,2,,,1,15,,84138,2,,,1,15,,84157,2,,,1,15,,84101,2,,,1,55,,84120,2,,,1,15,,84139,2,,,1,15,,84158,2,,,1,15,,84102,2,,,1,55,,84121,2,,,1,15,,84140,2,,,1,15,,84159,2,,,1,15,,84103,2,,,1,55,,84122,2,,,1,15,,84141,2,,,1,15,,84160,2,,,1,15,,84104,2,,,1,55,,84123,2,,,1,15,,84142,2,,,1,15,,84161,2,,,1,15,,84105,2,,,1,55,,84124,2,,,1,15,,84143,2,,,1,15,,84162,2,,,1,15,,84106,2,,,1,55,,84125,2,,,1,15,,84144,2,,,1,15,,84163,2,,,1,15,,84107,2,,,1,55,,84126,2,,,1,15,,84145,2,,,1,15,,84164,2,,,1,15,,84108,2,,,1,55,,84127,2,,,1,15,,84146,2,,,1,15,,84165,2,,,1,15,,84109,2,,,1,55,,84128,2,,,1,15,,84147,2,,,1,15,,84166,2,,,1,15,,84110,2,,,1,55,,84129,2,,,1,15,,84148,2,,,1,15,,84167,2,,,1,15,,84111,2,,,1,55,,84130,2,,,1,15,,84149,2,,,1,15,,84168,2,,,1,15,,84112,2,,,1,55,,84131,2,,,1,15,,84150,2,,,1,15,,84169,2,,,1,15,,84113,2,,,1,55,,84132,2,,,1,15,,84151,2,,,1,15,,84170,2,,,1,15,,84114,2,,,1,55,,84133,2,,,1,15,,84152,2,,,1,15,,84171,2,,,1,15,,84115,2,,,1,55,,84134,2,,,1,15,,84153,2,,,1,15,,84172,2,,,1,15,,84116,2,,,1,55,,84135,2,,,1,15,,84154,2,,,1,15,,84173,2,,,1,15,,84117,2,,,1,55,,84136,2,,,1
1,'20261019',539,,84233,2,,,1,15,,84174,2,,,1,52,,84194,2,,,1,15,,84214,2,,,1,15,,84234,2,,,1,15,,84175,2,,,1,55,,84195,2,,,1,15,,84215,2,,,1,15,,84235,2,,,1,15,,84176,2,,,1,55,,84196,2,,,1,15,,84216,2,,,1,15,,84236,2,,,1,15,,84177,2,,,1,55,,84197,2,,,1,15,,84217,2,,,1,15,,84237,2,,,1,15,,84178,2,,,1,55,,84198,2,,,1,15,,84218,2,,,1,15,,84238,2,,,1,15,,84179,2,,,1,55,,84199,2,,,1,15,,84219,2,,,1,15,,84239,2,,,1,15,,84180,2,,,1,55,,84200,2,,,1,15,,84220,2,,,1,15,,84240,2,,,1,15,,84181,2,,,1,55,,84201,2,,,1,15,,84221,2,,,1,15,,84241,2,,,1,15,,84182,2,,,1,55,,84202,2,,,1,15,,84222,2,,,1,15,,84242,2,,,1,15,,84183,2,,,1,55,,84203,2,,,1,15,,84223,2,,,1,15,,84243,2,,,1,15,,84184,2,,,1,55,,84204,2,,,1,15,,84224,2,,,1,15,,84244,2,,,1,15,,84185,2,,,1,55,,84205,2,,,1,15,,84225,2,,,1,15,,84245,2,,,1,15,,84186,2,,,1,55,,84206,2,,,1,15,,84226,2,,,1,15,,84246,2,,,1,15,,84187,2,,,1,55,,84207,2,,,1,15,,84227,2,,,1,15,,84247,2,,,1,15,,84188,2,,,1,55,,84208,2,,,1,15,,84228,2,,,1,15,,84248,2,,,1,15,,84189,2,,,1,55,,84209,2,,,1,15,,84229,2,,,1,15,,84249,2,,,1,15,,84190,2,,,1,55,,84210,2,,,1,15,,84230,2,,,1,15,,84250,2,,,1,15,,84191,2,,,1,55,,84211,2,,,1,15,,84231,2,,,1,15,,84251,2,,,1,15,,84192,2,,,1,55,,84212,2,,,1,15,,84232,2,,,1,15,,84252,2,,,1,15,,84193,2,,,1,55,,84213,2,,,1
1,'20261020',539,,84312,2,,,1,15,,84253,2,,,1,52,,84273,2,,,1,15,,84293,2,,,1,15,,84313,2,,,1,15,,84254,2,,,1,55,,84274,2,,,1,15,,84294,2,,,1,15,,84314,2,,,1,15,,84255,2,,,1,55,,84275,2,,,1,15,,84295,2,,,1,15,,84315,2,,,1,15,,84256,2,,,1,55,,84276,2,,,1,15,,84296,2,,,1,15,,84316,2,,,1,15,,84257,2,,,1,55,,84277,2,,,1,15,,84297,2,,,1,15,,84317,2,,,1,15,,84258,2,,,1,55,,84278,2,,,1,15,,84298,2,,,1,15,,84318,2,,,1,15,,84259,2,,,1,55,,84279,2,,,1,15,,84299,2,,,1,15,,84319,2,,,1,15,,84260,2,,,1,55,,84280,2,,,1,15,,84300,2,,,1,15,,84320,2,,,1,15,,84261,2,,,1,55,,84281,2,,,1,15,,84301,2,,,1,15,,84321,2,,,1,15,,84262,2,,,1,55,,84282,2,,,1,15,,84302,2,,,1,15,,84322,2,,,1,15,,84263,2,,,1,55,,84283,2,,,1,15,,84303,2,,,1,15,,84323,2,,,1,15,,84264,2,,,1,55,,84284,2,,,1,15,,84304,2,,,1,15,,84324,2,,,1,15,,84265,2,,,1,55,,84285,2,,,1,15,,84305,2,,,1,15,,84325,2,,,1,15,,84266,2,,,1,55,,84286,2,,,1,15,,84306,2,,,1,15,,84326,2,,,1,15,,84267,2,,,1,55,,84287,2,,,1,15,,84307,2,,,1,15,,84327,2,,,1,15,,84268,2,,,1,55,,84288,2,,,1,15,,84308,2,,,1,15,,84328,2,,,1,15,,84269,2,,,1,55,,84289,2,,,1,15,,84309,2,,,1,15,,84329,2,,,1,15,,84270,2,,,1,55,,84290,2,,,1,15,,84310,2,,,1,15,,84330,2,,,1,15,,84271,2,,,1,55,,84291,2,,,1,15,,84311,2,,,1,15,,84331,2,,,1,15,,84272,2,,,1,55,,84292,2,,,1
1,'20261021',539,,84391,2,,,1,15,,84332,2,,,1,52,,84352,2,,,1,15,,84372,2,,,1,15,,84392,2,,,1,15,,84333,2,,,1,55,,84353,2,,,1,15,,84373,2,,,1,15,,84393,2,,,1,15,,84334,2,,,1,55,,84354,2,,,1,15,,84374,2,,,1,15,,84394,2,,,1,15,,84335,2,,,1,55,,84355,2,,,1,15,,84375,2,,,1,15,,84395,2,,,1,15,,84336,2,,,1,55,,84356,2,,,1,15,,84376,2,,,1,15,,84396,2,,,1,15,,84337,2,,,1,55,,84357,2,,,1,15,,84377,2,,,1,15,,84397,2,,,1,15,,84338,2,,,1,55,,84358,2,,,1,15,,84378,2,,,1,15,,84398,2,,,1,15,,84339,2,,,1,55,,84359,2,,,1,15,,84379,2,,,1,15,,84399,2,,,1,15,,84340,2,,,1,55,,84360,2,,,1,15,,84380,2,,,1,15,,84400,2,,,1,15,,84341,2,,,1,55,,84361,2,,,1,15,,84381,2,,,1,15,,84401,2,,,1,15,,84342,2,,,1,55,,84362,2,,,1,15,,84382,2,,,1,15,,84402,2,,,1,15,,84343,2,,,1,55,,84363,2,,,1,15,,84383,2,,,1,15,,84403,2,,,1,15,,84344,2,,,1,55,,84364,2,,,1,15,,84384,2,,,1,15,,84404,2,,,1,15,,84345,2,,,1,55,,84365,2,,,1,15,,84385,2,,,1,15,,84405,2,,,1,15,,84346,2,,,1,55,,84366,2,,,1,15,,84386,2,,,1,15,,84406,2,,,1,15,,84347,2,,,1,55,,84367,2,,,1,15,,84387,2,,,1,15,,84407,2,,,1,15,,84348,2,,,1,55,,84368,2,,,1,15,,84388,2,,,1,15,,84408,2,,,1,15,,84349,2,,,1,55,,84369,2,,,1,15,,84389,2,,,1,15,,84409,2,,,1,15,,84350,2,,,1,55,,84370,2,,,1,15,,84390,2,,,1,15,,84410,2,,,1,15,,84351,2,,,1,55,,84371,2,,,1
1,'20261022',539,,84470,2,,,1,15,,84411,2,,,1,52,,84431,2,,,1,15,,84451,2,,,1,15,,84471,2,,,1,15,,84412,2,,,1,55,,84432,2,,,1,15,,84452,2,,,1,15,,84472,2,,,1,15,,84413,2,,,1,55,,84433,2,,,1,15,,84453,2,,,1,15,,84473,2,,,1,15,,84414,2,,,1,55,,84434,2,,,1,15,,84454,2,,,1,15,,84474,2,,,1,15,,84415,2,,,1,55,,84435,2,,,1,15,,84455,2,,,1,15,,84475,2,,,1,15,,84416,2,,,1,55,,84436,2,,,1,15,,84456,2,,,1,15,,84476,2,,,1,15,,84417,2,,,1,55,,84437,2,,,1,15,,84457,2,,,1,15,,84477,2,,,1,15,,84418,2,,,1,55,,84438,2,,,1,15,,84458,2,,,1,15,,84478,2,,,1,15,,84419,2,,,1,55,,84439,2,,,1,15,,84459,2,,,1,15,,84479,2,,,1,15,,84420,2,,,1,55,,84440,2,,,1,15,,84460,2,,,1,15,,84480,2,,,1,15,,84421,2,,,1,55,,84441,2,,,1,15,,84461,2,,,1,15,,84481,2,,,1,15,,84422,2,,,1,55,,84442,2,,,1,15,,84462,2,,,1,15,,84482,2,,,1,15,,84423,2,,,1,55,,84443,2,,,1,15,,84463,2,,,1,15,,84483,2,,,1,15,,84424,2,,,1,55,,84444,2,,,1,15,,84464,2,,,1,15,,84484,2,,,1,15,,84425,2,,,1,55,,84445,2,,,1,15,,84465,2,,,1,15,,84485,2,,,1,15,,84426,2,,,1,55,,84446,2,,,1,15,,84466,2,,,1,15,,84486,2,,,1,15,,84427,2,,,1,55,,84447,2,,,1,15,,84467,2,,,1,15,,84487,2,,,1,15,,84428,2,,,1,55,,84448,2,,,1,15,,84468,2,,,1,15,,84488,2,,,1,15,,84429,2,,,1,55,,84449,2,,,1,15,,84469,2,,,1,15,,84489,2,,,1,15,,84430,2,,,1,55,,84450,2,,,1
1,'20261023',539,,84549,2,,,1,15,,84490,2,,,1,52,,84510,2,,,1,15,,84530,2,,,1,15,,84550,2,,,1,15,,84491,2,,,1,55,,84511,2,,,1,15,,84531,2,,,1,15,,84551,2,,,1,15,,84492,2,,,1,55,,84512,2,,,1,15,,84532,2,,,1,15,,84552,2,,,1,15,,84493,2,,,1,55,,84513,2,,,1,15,,84533,2,,,1,15,,84553,2,,,1,15,,84494,2,,,1,55,,84514,2,,,1,15,,84534,2,,,1,15,,84554,2,,,1,15,,84495,2,,,1,55,,84515,2,,,1,15,,84535,2,,,1,15,,84555,2,,,1,15,,84496,2,,,1,55,,84516,2,,,1,15,,84536,2,,,1,15,,84556,2,,,1,15,,84497,2,,,1,55,,84517,2,,,1,15,,84537,2,,,1,15,,84557,2,,,1,15,,84498,2,,,1,55,,84518,2,,,1,15,,84538,2,,,1,15,,84558,2,,,1,15,,84499,2,,,1,55,,84519,2,,,1,15,,84539,2,,,1,15,,84559,2,,,1,15,,84500,2,,,1,55,,84520,2,,,1,15,,84540,2,,,1,15,,84560,2,,,1,15,,84501,2,,,1,55,,84521,2,,,1,15,,84541,2,,,1,15,,84561,2,,,1,15,,84502,2,,,1,55,,84522,2,,,1,15,,84542,2,,,1,15,,84562,2,,,1,15,,84503,2,,,1,55,,84523,2,,,1,15,,84543,2,,,1,15,,84563,2,,,1,15,,84504,2,,,1,55,,84524,2,,,1,15,,84544,2,,,1,15,,84564,2,,,1,15,,84505,2,,,1,55,,84525,2,,,1,15,,84545,2,,,1,15,,84565,2,,,1,15,,84506,2,,,1,55,,84526,2,,,1,15,,84546,2,,,1,15,,84566,2,,,1,15,,84507,2,,,1,55,,84527,2,,,1,15,,84547,2,,,1,15,,84567,2,,,1,15,,84508,2,,,1,55,,84528,2,,,1,15,,84548,2,,,1,15,,84568,2,,,1,15,,84509,2,,,1,55,,84529,2,,,1
1,'20261024',636,,84625,2,,,1,15,,84569,2,,,1,55,,84588,2,,,1,15,,84607,2,,,1,15,,84626,2,,,1,15,,84570,2,,,1,55,,84589,2,,,1,15,,84608,2,,,1,15,,84627,2,,,1,15,,84571,2,,,1,55,,84590,2,,,1,15,,84609,2,,,1,15,,84628,2,,,1,15,,84572,2,,,1,55,,84591,2,,,1,15,,84610,2,,,1,15,,84629,2,,,1,15,,84573,2,,,1,55,,84592,2,,,1,15,,84611,2,,,1,15,,84630,2,,,1,15,,84574,2,,,1,55,,84593,2,,,1,15,,84612,2,,,1,15,,84631,2,,,1,15,,84575,2,,,1,55,,84594,2,,,1,15,,84613,2,,,1,15,,84632,2,,,1,15,,84576,2,,,1,55,,84595,2,,,1,15,,84614,2,,,1,15,,84633,2,,,1,15,,84577,2,,,1,55,,84596,2,,,1,15,,84615,2,,,1,15,,84634,2,,,1,15,,84578,2,,,1,55,,84597,2,,,1,15,,84616,2,,,1,15,,84635,2,,,1,15,,84579,2,,,1,55,,84598,2,,,1,15,,84617,2,,,1,15,,84636,2,,,1,15,,84580,2,,,1,55,,84599,2,,,1,15,,84618,2,,,1,15,,84637,2,,,1,15,,84581,2,,,1,55,,84600,2,,,1,15,,84619,2,,,1,15,,84638,2,,,1,15,,84582,2,,,1,55,,84601,2,,,1,15,,84620,2,,,1,15,,84639,2,,,1,15,,84583,2,,,1,55,,84602,2,,,1,15,,84621,2,,,1,15,,84640,2,,,1,15,,84584,2,,,1,55,,84603,2,,,1,15,,84622,2,,,1,15,,84641,2,,,1,15,,84585,2,,,1,55,,84604,2,,,1,15,,84623,2,,,1,15,,84642,2,,,1,15,,84586,2,,,1,55,,84605,2,,,1,15,,84624,2,,,1,15,,84643,2,,,1,15,,84587,2,,,1,55,,84606,2,,,1
1,'20261025',636,,84700,2,,,1,15,,84644,2,,,1,55,,84663,2,,,1,15,,84682,2,,,1,15,,84701,2,,,1,15,,84645,2,,,1,55,,84664,2,,,1,15,,84683,2,,,1,15,,84702,2,,,1,15,,84646,2,,,1,55,,84665,2,,,1,15,,84684,2,,,1,15,,84703,2,,,1,15,,84647,2,,,1,55,,84666,2,,,1,15,,84685,2,,,1,15,,84704,2,,,1,15,,84648,2,,,1,55,,84667,2,,,1,15,,84686,2,,,1,15,,84705,2,,,1,15,,84649,2,,,1,55,,84668,2,,,1,15,,84687,2,,,1,15,,84706,2,,,1,15,,84650,2,,,1,55,,84669,2,,,1,15,,84688,2,,,1,15,,84707,2,,,1,15,,84651,2,,,1,55,,84670,2,,,1,15,,84689,2,,,1,15,,84708,2,,,1,15,,84652,2,,,1,55,,84671,2,,,1,15,,84690,2,,,1,15,,84709,2,,,1,15,,84653,2,,,1,55,,84672,2,,,1,15,,84691,2,,,1,15,,84710,2,,,1,15,,84654,2,,,1,55,,84673,2,,,1,15,,84692,2,,,1,15,,84711,2,,,1,15,,84655,2,,,1,55,,84674,2,,,1,15,,84693,2,,,1,15,,84712,2,,,1,15,,84656,2,,,1,55,,84675,2,,,1,15,,84694,2,,,1,15,,84713,2,,,1,15,,84657,2,,,1,55,,84676,2,,,1,15,,84695,2,,,1,15,,84714,2,,,1,15,,84658,2,,,1,55,,84677,2,,,1,15,,84696,2,,,1,15,,84715,2,,,1,15,,84659,2,,,1,55,,84678,2,,,1,15,,84697,2,,,1,15,,84716,2,,,1,15,,84660,2,,,1,55,,84679,2,,,1,15,,84698,2,,,1,15,,84717,2,,,1,15,,84661,2,,,1,55,,84680,2,,,1,15,,84699,2,,,1,15,,84718,2,,,1,15,,84662,2,,,1,55,,84681,2,,,1
1,'20261026',539,,84778,2,,,1,15,,84719,2,,,1,52,,84739,2,,,1,15,,84759,2,,,1,15,,84779,2,,,1,15,,84720,2,,,1,55,,84740,2,,,1,15,,84760,2,,,1,15,,84780,2,,,1,15,,84721,2,,,1,55,,84741,2,,,1,15,,84761,2,,,1,15,,84781,2,,,1,15,,84722,2,,,1,55,,84742,2,,,1,15,,84762,2,,,1,15,,84782,2,,,1,15,,84723,2,,,1,55,,84743,2,,,1,15,,84763,2,,,1,15,,84783,2,,,1,15,,84724,2,,,1,55,,84744,2,,,1,15,,84764,2,,,1,15,,84784,2,,,1,15,,84725,2,,,1,55,,84745,2,,,1,15,,84765,2,,,1,15,,84785,2,,,1,15,,84726,2,,,1,55,,84746,2,,,1,15,,84766,2,,,1,15,,84786,2,,,1,15,,84727,2,,,1,55,,84747,2,,,1,15,,84767,2,,,1,15,,84787,2,,,1,15,,84728,2,,,1,55,,84748,2,,,1,15,,84768,2,,,1,15,,84788,2,,,1,15,,84729,2,,,1,55,,84749,2,,,1,15,,84769,2,,,1,15,,84789,2,,,1,15,,84730,2,,,1,55,,84750,2,,,1,15,,84770,2,,,1,15,,84790,2,,,1,15,,84731,2,,,1,55,,84751,2,,,1,15,,84771,2,,,1,15,,84791,2,,,1,15,,84732,2,,,1,55,,84752,2,,,1,15,,84772,2,,,1,15,,84792,2,,,1,15,,84733,2,,,1,55,,84753,2,,,1,15,,84773,2,,,1,15,,84793,2,,,1,15,,84734,2,,,1,55,,84754,2,,,1,15,,84774,2,,,1,15,,84794,2,,,1,15,,84735,2,,,1,55,,84755,2,,,1,15,,84775,2,,,1,15,,84795,2,,,1,15,,84736,2,,,1,55,,84756,2,,,1,15,,84776,2,,,1,15,,84796,2,,,1,15,,84737,2,,,1,55,,84757,2,,,1,15,,84777,2,,,1,15,,84797,2,,,1,15,,84738,2,,,1,55,,84758,2,,,1
1,'20261027',539,,84857,2,,,1,15,,84798,2,,,1,52,,84818,2,,,1,15,,84838,2,,,1,15,,84858,2,,,1,15,,84799,2,,,1,55,,84819,2,,,1,15,,84839,2,,,1,15,,84859,2,,,1,15,,84800,2,,,1,55,,84820,2,,,1,15,,84840,2,,,1,15,,84860,2,,,1,15,,84801,2,,,1,55,,84821,2,,,1,15,,84841,2,,,1,15,,84861,2,,,1,15,,84802,2,,,1,55,,84822,2,,,1,15,,84842,2,,,1,15,,84862,2,,,1,15,,84803,2,,,1,55,,84823,2,,,1,15,,84843,2,,,1,15,,84863,2,,,1,15,,84804,2,,,1,55,,84824,2,,,1,15,,84844,2,,,1,15,,84864,2,,,1,15,,84805,2,,,1,55,,84825,2,,,1,15,,84845,2,,,1,15,,84865,2,,,1,15,,84806,2,,,1,55,,84826,2,,,1,15,,84846,2,,,1,15,,84866,2,,,1,15,,84807,2,,,1,55,,84827,2,,,1,15,,84847,2,,,1,15,,84867,2,,,1,15,,84808,2,,,1,55,,84828,2,,,1,15,,84848,2,,,1,15,,84868,2,,,1,15,,84809,2,,,1,55,,84829,2,,,1,15,,84849,2,,,1,15,,84869,2,,,1,15,,84810,2,,,1,55,,84830,2,,,1,15,,84850,2,,,1,15,,84870,2,,,1,15,,84811,2,,,1,55,,84831,2,,,1,15,,84851,2,,,1,15,,84871,2,,,1,15,,84812,2,,,1,55,,84832,2,,,1,15,,84852,2,,,1,15,,84872,2,,,1,15,,84813,2,,,1,55,,84833,2,,,1,15,,84853,2,,,1,15,,84873,2,,,1,15,,84814,2,,,1,55,,84834,2,,,1,15,,84854,2,,,1,15,,84874,2,,,1,15,,84815,2,,,1,55,,84835,2,,,1,15,,84855,2,,,1,15,,84875,2,,,1,15,,84816,2,,,1,55,,84836,2,,,1,15,,84856,2,,,1,15,,84876,2,,,1,15,,84817,2,,,1,55,,84837,2,,,1
1,'20261028',539,,84936,2,,,1,15,,84877,2,,,1,52,,84897,2,,,1,15,,84917,2,,,1,15,,84937,2,,,1,15,,84878,2,,,1,55,,84898,2,,,1,15,,84918,2,,,1,15,,84938,2,,,1,15,,84879,2,,,1,55,,84899,2,,,1,15,,84919,2,,,1,15,,84939,2,,,1,15,,84880,2,,,1,55,,84900,2,,,1,15,,84920,2,,,1,15,,84940,2,,,1,15,,84881,2,,,1,55,,84901,2,,,1,15,,84921,2,,,1,15,,84941,2,,,1,15,,84882,2,,,1,55,,84902,2,,,1,15,,84922,2,,,1,15,,84942,2,,,1,15,,84883,2,,,1,55,,84903,2,,,1,15,,84923,2,,,1,15,,84943,2,,,1,15,,84884,2,,,1,55,,84904,2,,,1,15,,84924,2,,,1,15,,84944,2,,,1,15,,84885,2,,,1,55,,84905,2,,,1,15,,84925,2,,,1,15,,84945,2,,,1,15,,84886,2,,,1,55,,84906,2,,,1,15,,84926,2,,,1,15,,84946,2,,,1,15,,84887,2,,,1,55,,84907,2,,,1,15,,84927,2,,,1,15,,84947,2,,,1,15,,84888,2,,,1,55,,84908,2,,,1,15,,84928,2,,,1,15,,84948,2,,,1,15,,84889,2,,,1,55,,84909,2,,,1,15,,84929,2,,,1,15,,84949,2,,,1,15,,84890,2,,,1,55,,84910,2,,,1,15,,84930,2,,,1,15,,84950,2,,,1,15,,84891,2,,,1,55,,84911,2,,,1,15,,84931,2,,,1,15,,84951,2,,,1,15,,84892,2,,,1,55,,84912,2,,,1,15,,84932,2,,,1,15,,84952,2,,,1,15,,84893,2,,,1,55,,84913,2,,,1,15,,84933,2,,,1,15,,84953,2,,,1,15,,84894,2,,,1,55,,84914,2,,,1,15,,84934,2,,,1,15,,84954,2,,,1,15,,84895,2,,,1,55,,84915,2,,,1,15,,84935,2,,,1,15,,84955,2,,,1,15,,84896,2,,,1,55,,84916,2,,,1
1,'20261029',539,,85015,2,,,1,15,,84956,2,,,1,52,,84976,2,,,1,15,,84996,2,,,1,15,,85016,2,,,1,15,,84957,2,,,1,55,,84977,2,,,1,15,,84997,2,,,1,15,,85017,2,,,1,15,,84958,2,,,1,55,,84978,2,,,1,15,,84998,2,,,1,15,,85018,2,,,1,15,,84959,2,,,1,55,,84979,2,,,1,15,,84999,2,,,1,15,,85019,2,,,1,15,,84960,2,,,1,55,,84980,2,,,1,15,,85000,2,,,1,15,,85020,2,,,1,15,,84961,2,,,1,55,,84981,2,,,1,15,,85001,2,,,1,15,,85021,2,,,1,15,,84962,2,,,1,55,,84982,2,,,1,15,,85002,2,,,1,15,,85022,2,,,1,15,,84963,2,,,1,55,,84983,2,,,1,15,,85003,2,,,1,15,,85023,2,,,1,15,,84964,2,,,1,55,,84984,2,,,1,15,,85004,2,,,1,15,,85024,2,,,1,15,,84965,2,,,1,55,,84985,2,,,1,15,,85005,2,,,1,15,,85025,2,,,1,15,,84966,2,,,1,55,,84986,2,,,1,15,,85006,2,,,1,15,,85026,2,,,1,15,,84967,2,,,1,55,,84987,2,,,1,15,,85007,2,,,1,15,,85027,2,,,1,15,,84968,2,,,1,55,,84988,2,,,1,15,,85008,2,,,1,15,,85028,2,,,1,15,,84969,2,,,1,55,,84989,2,,,1,15,,85009,2,,,1,15,,85029,2,,,1,15,,84970,2,,,1,55,,84990,2,,,1,15,,85010,2,,,1,15,,85030,2,,,1,15,,84971,2,,,1,55,,84991,2,,,1,15,,85011,2,,,1,15,,85031,2,,,1,15,,84972,2,,,1,55,,84992,2,,,1,15,,85012,2,,,1,15,,85032,2,,,1,15,,84973,2,,,1,55,,84993,2,,,1,15,,85013,2,,,1,15,,85033,2,,,1,15,,84974,2,,,1,55,,84994,2,,,1,15,,85014,2,,,1,15,,85034,2,,,1,15,,84975,2,,,1,55,,84995,2,,,1
1,'20261030',539,,85094,2,,,1,15,,85035,2,,,1,52,,85055,2,,,1,15,,85075,2,,,1,15,,85095,2,,,1,15,,85036,2,,,1,55,,85056,2,,,1,15,,85076,2,,,1,15,,85096,2,,,1,15,,85037,2,,,1,55,,85057,2,,,1,15,,85077,2,,,1,15,,85097,2,,,1,15,,85038,2,,,1,55,,85058,2,,,1,15,,85078,2,,,1,15,,85098,2,,,1,15,,85039,2,,,1,55,,85059,2,,,1,15,,85079,2,,,1,15,,85099,2,,,1,15,,85040,2,,,1,55,,85060,2,,,1,15,,85080,2,,,1,15,,85100,2,,,1,15,,85041,2,,,1,55,,85061,2,,,1,15,,85081,2,,,1,15,,85101,2,,,1,15,,85042,2,,,1,55,,85062,2,,,1,15,,85082,2,,,1,15,,85102,2,,,1,15,,85043,2,,,1,55,,85063,2,,,1,15,,85083,2,,,1,15,,85103,2,,,1,15,,85044,2,,,1,55,,85064,2,,,1,15,,85084,2,,,1,15,,85104,2,,,1,15,,85045,2,,,1,55,,85065,2,,,1,15,,85085,2,,,1,15,,85105,2,,,1,15,,85046,2,,,1,55,,85066,2,,,1,15,,85086,2,,,1,15,,85106,2,,,1,15,,85047,2,,,1,55,,85067,2,,,1,15,,85087,2,,,1,15,,85107,2,,,1,15,,85048,2,,,1,55,,85068,2,,,1,15,,85088,2,,,1,15,,85108,2,,,1,15,,85049,2,,,1,55,,85069,2,,,1,15,,85089,2,,,1,15,,85109,2,,,1,15,,85050,2,,,1,55,,85070,2,,,1,15,,85090,2,,,1,15,,85110,2,,,1,15,,85051,2,,,1,55,,85071,2,,,1,15,,85091,2,,,1,15,,85111,2,,,1,15,,85052,2,,,1,55,,85072,2,,,1,15,,85092,2,,,1,15,,85112,2,,,1,15,,85053,2,,,1,55,,85073,2,,,1,15,,85093,2,,,1,15,,85113,2,,,1,15,,85054,2,,,1,55,,85074,2,,,1
1,'20261031',636,,85170,2,,,1,15,,85114,2,,,1,55,,85133,2,,,1,15,,85152,2,,,1,15,,85171,2,,,1,15,,85115,2,,,1,55,,85134,2,,,1,15,,85153,2,,,1,15,,85172,2,,,1,15,,85116,2,,,1,55,,85135,2,,,1,15,,85154,2,,,1,15,,85173,2,,,1,15,,85117,2,,,1,55,,85136,2,,,1,15,,85155,2,,,1,15,,85174,2,,,1,15,,85118,2,,,1,55,,85137,2,,,1,15,,85156,2,,,1,15,,85175,2,,,1,15,,85119,2,,,1,55,,85138,2,,,1,15,,85157,2,,,1,15,,85176,2,,,1,15,,85120,2,,,1,55,,85139,2,,,1,15,,85158,2,,,1,15,,85177,2,,,1,15,,85121,2,,,1,55,,85140,2,,,1,15,,85159,2,,,1,15,,85178,2,,,1,15,,85122,2,,,1,55,,85141,2,,,1,15,,85160,2,,,1,15,,85179,2,,,1,15,,85123,2,,,1,55,,85142,2,,,1,15,,85161,2,,,1,15,,85180,2,,,1,15,,85124,2,,,1,55,,85143,2,,,1,15,,85162,2,,,1,15,,85181,2,,,1,15,,85125,2,,,1,55,,85144,2,,,1,15,,85163,2,,,1,15,,85182,2,,,1,15,,85126,2,,,1,55,,85145,2,,,1,15,,85164,2,,,1,15,,85183,2,,,1,15,,85127,2,,,1,55,,85146,2,,,1,15,,85165,2,,,1,15,,85184,2,,,1,15,,85128,2,,,1,55,,85147,2,,,1,15,,85166,2,,,1,15,,85185,2,,,1,15,,85129,2,,,1,55,,85148,2,,,1,15,,85167,2,,,1,15,,85186,2,,,1,15,,85130,2,,,1,55,,85149,2,,,1,15,,85168,2,,,1,15,,85187,2,,,1,15,,85131,2,,,1,55,,85150,2,,,1,15,,85169,2,,,1,15,,85188,2,,,1,15,,85132,2,,,1,55,,85151,2,,,1
1,'20261101',636,,85245,2,,,1,15,,85189,2,,,1,55,,85208,2,,,1,15,,85227,2,,,1,15,,85246,2,,,1,15,,85190,2,,,1,55,,85209,2,,,1,15,,85228,2,,,1,15,,85247,2,,,1,15,,85191,2,,,1,55,,85210,2,,,1,15,,85229,2,,,1,15,,85248,2,,,1,15,,85192,2,,,1,55,,85211,2,,,1,15,,85230,2,,,1,15,,85249,2,,,1,15,,85193,2,,,1,55,,85212,2,,,1,15,,85231,2,,,1,15,,85250,2,,,1,15,,85194,2,,,1,55,,85213,2,,,1,15,,85232,2,,,1,15,,85251,2,,,1,15,,85195,2,,,1,55,,85214,2,,,1,15,,85233,2,,,1,15,,85252,2,,,1,15,,85196,2,,,1,55,,85215,2,,,1,15,,85234,2,,,1,15,,85253,2,,,1,15,,85197,2,,,1,55,,85216,2,,,1,15,,85235,2,,,1,15,,85254,2,,,1,15,,85198,2,,,1,55,,85217,2,,,1,15,,85236,2,,,1,15,,85255,2,,,1,15,,85199,2,,,1,55,,85218,2,,,1,15,,85237,2,,,1,15,,85256,2,,,1,15,,85200,2,,,1,55,,85219,2,,,1,15,,85238,2,,,1,15,,85257,2,,,1,15,,85201,2,,,1,55,,85220,2,,,1,15,,85239,2,,,1,15,,85258,2,,,1,15,,85202,2,,,1,55,,85221,2,,,1,15,,85240,2,,,1,15,,85259,2,,,1,15,,85203,2,,,1,55,,85222,2,,,1,15,,85241,2,,,1,15,,85260,2,,,1,15,,85204,2,,,1,55,,85223,2,,,1,15,,85242,2,,,1,15,,85261,2,,,1,15,,85205,2,,,1,55,,85224,2,,,1,15,,85243,2,,,1,15,,85262,2,,,1,15,,85206,2,,,1,55,,85225,2,,,1,15,,85244,2,,,1,15,,85263,2,,,1,15,,85207,2,,,1,55,,85226,2,,,1
1,'20261102',539,,85323,2,,,1,15,,85264,2,,,1,52,,85284,2,,,1,15,,85304,2,,,1,15,,85324,2,,,1,15,,85265,2,,,1,55,,85285,2,,,1,15,,85305,2,,,1,15,,85325,2,,,1,15,,85266,2,,,1,55,,85286,2,,,1,15,,85306,2,,,1,15,,85326,2,,,1,15,,85267,2,,,1,55,,85287,2,,,1,15,,85307,2,,,1,15,,85327,2,,,1,15,,85268,2,,,1,55,,85288,2,,,1,15,,85308,2,,,1,15,,85328,2,,,1,15,,85269,2,,,1,55,,85289,2,,,1,15,,85309,2,,,1,15,,85329,2,,,1,15,,85270,2,,,1,55,,85290,2,,,1,15,,85310,2,,,1,15,,85330,2,,,1,15,,85271,2,,,1,55,,85291,2,,,1,15,,85311,2,,,1,15,,85331,2,,,1,15,,85272,2,,,1,55,,85292,2,,,1,15,,85312,2,,,1,15,,85332,2,,,1,15,,85273,2,,,1,55,,85293,2,,,1,15,,85313,2,,,1,15,,85333,2,,,1,15,,85274,2,,,1,55,,85294,2,,,1,15,,85314,2,,,1,15,,85334,2,,,1,15,,85275,2,,,1,55,,85295,2,,,1,15,,85315,2,,,1,15,,85335,2,,,1,15,,85276,2,,,1,55,,85296,2,,,1,15,,85316,2,,,1,15,,85336,2,,,1,15,,85277,2,,,1,55,,85297,2,,,1,15,,85317,2,,,1,15,,85337,2,,,1,15,,85278,2,,,1,55,,85298,2,,,1,15,,85318,2,,,1,15,,85338,2,,,1,15,,85279,2,,,1,55,,85299,2,,,1,15,,85319,2,,,1,15,,85339,2,,,1,15,,85280,2,,,1,55,,85300,2,,,1,15,,85320,2,,,1,15,,85340,2,,,1,15,,85281,2,,,1,55,,85301,2,,,1,15,,85321,2,,,1,15,,85341,2,,,1,15,,85282,2,,,1,55,,85302,2,,,1,15,,85322,2,,,1,15,,85342,2,,,1,15,,85283,2,,,1,55,,85303,2,,,1
1,'20261103',539,,85402,2,,,1,15,,85343,2,,,1,52,,85363,2,,,1,15,,85383,2,,,1,15,,85403,2,,,1,15,,85344,2,,,1,55,,85364,2,,,1,15,,85384,2,,,1,15,,85404,2,,,1,15,,85345,2,,,1,55,,85365,2,,,1,15,,85385,2,,,1,15,,85405,2,,,1,15,,85346,2,,,1,55,,85366,2,,,1,15,,85386,2,,,1,15,,85406,2,,,1,15,,85347,2,,,1,55,,85367,2,,,1,15,,85387,2,,,1,15,,85407,2,,,1,15,,85348,2,,,1,55,,85368,2,,,1,15,,85388,2,,,1,15,,85408,2,,,1,15,,85349,2,,,1,55,,85369,2,,,1,15,,85389,2,,,1,15,,85409,2,,,1,15,,85350,2,,,1,55,,85370,2,,,1,15,,85390,2,,,1,15,,85410,2,,,1,15,,85351,2,,,1,55,,85371,2,,,1,15,,85391,2,,,1,15,,85411,2,,,1,15,,85352,2,,,1,55,,85372,2,,,1,15,,85392,2,,,1,15,,85412,2,,,1,15,,85353,2,,,1,55,,85373,2,,,1,15,,85393,2,,,1,15,,85413,2,,,1,15,,85354,2,,,1,55,,85374,2,,,1,15,,85394,2,,,1,15,,85414,2,,,1,15,,85355,2,,,1,55,,85375,2,,,1,15,,85395,2,,,1,15,,85415,2,,,1,15,,85356,2,,,1,55,,85376,2,,,1,15,,85396,2,,,1,15,,85416,2,,,1,15,,85357,2,,,1,55,,85377,2,,,1,15,,85397,2,,,1,15,,85417,2,,,1,15,,85358,2,,,1,55,,85378,2,,,1,15,,85398,2,,,1,15,,85418,2,,,1,15,,85359,2,,,1,55,,85379,2,,,1,15,,85399,2,,,1,15,,85419,2,,,1,15,,85360,2,,,1,55,,85380,2,,,1,15,,85400,2,,,1,15,,85420,2,,,1,15,,85361,2,,,1,55,,85381,2,,,1,15,,85401,2,,,1,15,,85421,2,,,1,15,,85362,2,,,1,55,,85382,2,,,1
1,'20261104',539,,85481,2,,,1,15,,85422,2,,,1,52,,85442,2,,,1,15,,85462,2,,,1,15,,85482,2,,,1,15,,85423,2,,,1,55,,85443,2,,,1,15,,85463,2,,,1,15,,85483,2,,,1,15,,85424,2,,,1,55,,85444,2,,,1,15,,85464,2,,,1,15,,85484,2,,,1,15,,85425,2,,,1,55,,85445,2,,,1,15,,85465,2,,,1,15,,85485,2,,,1,15,,85426,2,,,1,55,,85446,2,,,1,15,,85466,2,,,1,15,,85486,2,,,1,15,,85427,2,,,1,55,,85447,2,,,1,15,,85467,2,,,1,15,,85487,2,,,1,15,,85428,2,,,1,55,,85448,2,,,1,15,,85468,2,,,1,15,,85488,2,,,1,15,,85429,2,,,1,55,,85449,2,,,1,15,,85469,2,,,1,15,,85489,2,,,1,15,,85430,2,,,1,55,,85450,2,,,1,15,,85470,2,,,1,15,,85490,2,,,1,15,,85431,2,,,1,55,,85451,2,,,1,15,,85471,2,,,1,15,,85491,2,,,1,15,,85432,2,,,1,55,,85452,2,,,1,15,,85472,2,,,1,15,,85492,2,,,1,15,,85433,2,,,1,55,,85453,2,,,1,15,,85473,2,,,1,15,,85493,2,,,1,15,,85434,2,,,1,55,,85454,2,,,1,15,,85474,2,,,1,15,,85494,2,,,1,15,,85435,2,,,1,55,,85455,2,,,1,15,,85475,2,,,1,15,,85495,2,,,1,15,,85436,2,,,1,55,,85456,2,,,1,15,,85476,2,,,1,15,,85496,2,,,1,15,,85437,2,,,1,55,,85457,2,,,1,15,,85477,2,,,1,15,,85497,2,,,1,15,,85438,2,,,1,55,,85458,2,,,1,15,,85478,2,,,1,15,,85498,2,,,1,15,,85439,2,,,1,55,,85459,2,,,1,15,,85479,2,,,1,15,,85499,2,,,1,15,,85440,2,,,1,55,,85460,2,,,1,15,,85480,2,,,1,15,,85500,2,,,1,15,,85441,2,,,1,55,,85461,2,,,1
1,'20261105',539,,85560,2,,,1,15,,85501,2,,,1,52,,85521,2,,,1,15,,85541,2,,,1,15,,85561,2,,,1,15,,85502,2,,,1,55,,85522,2,,,1,15,,85542,2,,,1,15,,85562,2,,,1,15,,85503,2,,,1,55,,85523,2,,,1,15,,85543,2,,,1,15,,85563,2,,,1,15,,85504,2,,,1,55,,85524,2,,,1,15,,85544,2,,,1,15,,85564,2,,,1,15,,85505,2,,,1,55,,85525,2,,,1,15,,85545,2,,,1,15,,85565,2,,,1,15,,85506,2,,,1,55,,85526,2,,,1,15,,85546,2,,,1,15,,85566,2,,,1,15,,85507,2,,,1,55,,85527,2,,,1,15,,85547,2,,,1,15,,85567,2,,,1,15,,85508,2,,,1,55,,85528,2,,,1,15,,85548,2,,,1,15,,85568,2,,,1,15,,85509,2,,,1,55,,85529,2,,,1,15,,85549,2,,,1,15,,85569,2,,,1,15,,85510,2,,,1,55,,85530,2,,,1,15,,85550,2,,,1,15,,85570,2,,,1,15,,85511,2,,,1,55,,85531,2,,,1,15,,85551,2,,,1,15,,85571,2,,,1,15,,85512,2,,,1,55,,85532,2,,,1,15,,85552,2,,,1,15,,85572,2,,,1,15,,85513,2,,,1,55,,85533,2,,,1,15,,85553,2,,,1,15,,85573,2,,,1,15,,85514,2,,,1,55,,85534,2,,,1,15,,85554,2,,,1,15,,85574,2,,,1,15,,85515,2,,,1,55,,85535,2,,,1,15,,85555,2,,,1,15,,85575,2,,,1,15,,85516,2,,,1,55,,85536,2,,,1,15,,85556,2,,,1,15,,85576,2,,,1,15,,85517,2,,,1,55,,85537,2,,,1,15,,85557,2,,,1,15,,85577,2,,,1,15,,85518,2,,,1,55,,85538,2,,,1,15,,85558,2,,,1,15,,85578,2,,,1,15,,85519,2,,,1,55,,85539,2,,,1,15,,85559,2,,,1,15,,85579,2,,,1,15,,85520,2,,,1,55,,85540,2,,,1
1,'20261106',539,,85639,2,,,1,15,,85580,2,,,1,52,,85600,2,,,1,15,,85620,2,,,1,15,,85640,2,,,1,15,,85581,2,,,1,55,,85601,2,,,1,15,,85621,2,,,1,15,,85641,2,,,1,15,,85582,2,,,1,55,,85602,2,,,1,15,,85622,2,,,1,15,,85642,2,,,1,15,,85583,2,,,1,55,,85603,2,,,1,15,,85623,2,,,1,15,,85643,2,,,1,15,,85584,2,,,1,55,,85604,2,,,1,15,,85624,2,,,1,15,,85644,2,,,1,15,,85585,2,,,1,55,,85605,2,,,1,15,,85625,2,,,1,15,,85645,2,,,1,15,,85586,2,,,1,55,,85606,2,,,1,15,,85626,2,,,1,15,,85646,2,,,1,15,,85587,2,,,1,55,,85607,2,,,1,15,,85627,2,,,1,15,,85647,2,,,1,15,,85588,2,,,1,55,,85608,2,,,1,15,,85628,2,,,1,15,,85648,2,,,1,15,,85589,2,,,1,55,,85609,2,,,1,15,,85629,2,,,1,15,,85649,2,,,1,15,,85590,2,,,1,55,,85610,2,,,1,15,,85630,2,,,1,15,,85650,2,,,1,15,,85591,2,,,1,55,,85611,2,,,1,15,,85631,2,,,1,15,,85651,2,,,1,15,,85592,2,,,1,55,,85612,2,,,1,15,,85632,2,,,1,15,,85652,2,,,1,15,,85593,2,,,1,55,,85613,2,,,1,15,,85633,2,,,1,15,,85653,2,,,1,15,,85594,2,,,1,55,,85614,2,,,1,15,,85634,2,,,1,15,,85654,2,,,1,15,,85595,2,,,1,55,,85615,2,,,1,15,,85635,2,,,1,15,,85655,2,,,1,15,,85596,2,,,1,55,,85616,2,,,1,15,,85636,2,,,1,15,,85656,2,,,1,15,,85597,2,,,1,55,,85617,2,,,1,15,,85637,2,,,1,15,,85657,2,,,1,15,,85598,2,,,1,55,,85618,2,,,1,15,,85638,2,,,1,15,,85658,2,,,1,15,,85599,2,,,1,55,,85619,2,,,1
1,'20261107',636,,85715,2,,,1,15,,85659,2,,,1,55,,85678,2,,,1,15,,85697,2,,,1,15,,85716,2,,,1,15,,85660,2,,,1,55,,85679,2,,,1,15,,85698,2,,,1,15,,85717,2,,,1,15,,85661,2,,,1,55,,85680,2,,,1,15,,85699,2,,,1,15,,85718,2,,,1,15,,85662,2,,,1,55,,85681,2,,,1,15,,85700,2,,,1,15,,85719,2,,,1,15,,85663,2,,,1,55,,85682,2,,,1,15,,85701,2,,,1,15,,85720,2,,,1,15,,85664,2,,,1,55,,85683,2,,,1,15,,85702,2,,,1,15,,85721,2,,,1,15,,85665,2,,,1,55,,85684,2,,,1,15,,85703,2,,,1,15,,85722,2,,,1,15,,85666,2,,,1,55,,85685,2,,,1,15,,85704,2,,,1,15,,85723,2,,,1,15,,85667,2,,,1,55,,85686,2,,,1,15,,85705,2,,,1,15,,85724,2,,,1,15,,85668,2,,,1,55,,85687,2,,,1,15,,85706,2,,,1,15,,85725,2,,,1,15,,85669,2,,,1,55,,85688,2,,,1,15,,85707,2,,,1,15,,85726,2,,,1,15,,85670,2,,,1,55,,85689,2,,,1,15,,85708,2,,,1,15,,85727,2,,,1,15,,85671,2,,,1,55,,85690,2,,,1,15,,85709,2,,,1,15,,85728,2,,,1,15,,85672,2,,,1,55,,85691,2,,,1,15,,85710,2,,,1,15,,85729,2,,,1,15,,85673,2,,,1,55,,85692,2,,,1,15,,85711,2,,,1,15,,85730,2,,,1,15,,85674,2,,,1,55,,85693,2,,,1,15,,85712,2,,,1,15,,85731,2,,,1,15,,85675,2,,,1,55,,85694,2,,,1,15,,85713,2,,,1,15,,85732,2,,,1,15,,85676,2,,,1,55,,85695,2,,,1,15,,85714,2,,,1,15,,85733,2,,,1,15,,85677,2,,,1,55,,85696,2,,,1
1,'20261108',636,,85790,2,,,1,15,,85734,2,,,1,55,,85753,2,,,1,15,,85772,2,,,1,15,,85791,2,,,1,15,,85735,2,,,1,55,,85754,2,,,1,15,,85773,2,,,1,15,,85792,2,,,1,15,,85736,2,,,1,55,,85755,2,,,1,15,,85774,2,,,1,15,,85793,2,,,1,15,,85737,2,,,1,55,,85756,2,,,1,15,,85775,2,,,1,15,,85794,2,,,1,15,,85738,2,,,1,55,,85757,2,,,1,15,,85776,2,,,1,15,,85795,2,,,1,15,,85739,2,,,1,55,,85758,2,,,1,15,,85777,2,,,1,15,,85796,2,,,1,15,,85740,2,,,1,55,,85759,2,,,1,15,,85778,2,,,1,15,,85797,2,,,1,15,,85741,2,,,1,55,,85760,2,,,1,15,,85779,2,,,1,15,,85798,2,,,1,15,,85742,2,,,1,55,,85761,2,,,1,15,,85780,2,,,1,15,,85799,2,,,1,15,,85743,2,,,1,55,,85762,2,,,1,15,,85781,2,,,1,15,,85800,2,,,1,15,,85744,2,,,1,55,,85763,2,,,1,15,,85782,2,,,1,15,,85801,2,,,1,15,,85745,2,,,1,55,,85764,2,,,1,15,,85783,2,,,1,15,,85802,2,,,1,15,,85746,2,,,1,55,,85765,2,,,1,15,,85784,2,,,1,15,,85803,2,,,1,15,,85747,2,,,1,55,,85766,2,,,1,15,,85785,2,,,1,15,,85804,2,,,1,15,,85748,2,,,1,55,,85767,2,,,1,15,,85786,2,,,1,15,,85805,2,,,1,15,,85749,2,,,1,55,,85768,2,,,1,15,,85787,2,,,1,15,,85806,2,,,1,15,,85750,2,,,1,55,,85769,2,,,1,15,,85788,2,,,1,15,,85807,2,,,1,15,,85751,2,,,1,55,,85770,2,,,1,15,,85789,2,,,1,15,,85808,2,,,1,15,,85752,2,,,1,55,,85771,2,,,1
1,'20261109',539,,85868,2,,,1,15,,85809,2,,,1,52,,85829,2,,,1,15,,85849,2,,,1,15,,85869,2,,,1,15,,85810,2,,,1,55,,85830,2,,,1,15,,85850,2,,,1,15,,85870,2,,,1,15,,85811,2,,,1,55,,85831,2,,,1,15,,85851,2,,,1,15,,85871,2,,,1,15,,85812,2,,,1,55,,85832,2,,,1,15,,85852,2,,,1,15,,85872,2,,,1,15,,85813,2,,,1,55,,85833,2,,,1,15,,85853,2,,,1,15,,85873,2,,,1,15,,85814,2,,,1,55,,85834,2,,,1,15,,85854,2,,,1,15,,85874,2,,,1,15,,85815,2,,,1,55,,85835,2,,,1,15,,85855,2,,,1,15,,85875,2,,,1,15,,85816,2,,,1,55,,85836,2,,,1,15,,85856,2,,,1,15,,85876,2,,,1,15,,85817,2,,,1,55,,85837,2,,,1,15,,85857,2,,,1,15,,85877,2,,,1,15,,85818,2,,,1,55,,85838,2,,,1,15,,85858,2,,,1,15,,85878,2,,,1,15,,85819,2,,,1,55,,85839,2,,,1,15,,85859,2,,,1,15,,85879,2,,,1,15,,85820,2,,,1,55,,85840,2,,,1,15,,85860,2,,,1,15,,85880,2,,,1,15,,85821,2,,,1,55,,85841,2,,,1,15,,85861,2,,,1,15,,85881,2,,,1,15,,85822,2,,,1,55,,85842,2,,,1,15,,85862,2,,,1,15,,85882,2,,,1,15,,85823,2,,,1,55,,85843,2,,,1,15,,85863,2,,,1,15,,85883,2,,,1,15,,85824,2,,,1,55,,85844,2,,,1,15,,85864,2,,,1,15,,85884,2,,,1,15,,85825,2,,,1,55,,85845,2,,,1,15,,85865,2,,,1,15,,85885,2,,,1,15,,85826,2,,,1,55,,85846,2,,,1,15,,85866,2,,,1,15,,85886,2,,,1,15,,85827,2,,,1,55,,85847,2,,,1,15,,85867,2,,,1,15,,85887,2,,,1,15,,85828,2,,,1,55,,85848,2,,,1
1,'20261110',539,,85947,2,,,1,15,,85888,2,,,1,52,,85908,2,,,1,15,,85928,2,,,1,15,,85948,2,,,1,15,,85889,2,,,1,55,,85909,2,,,1,15,,85929,2,,,1,15,,85949,2,,,1,15,,85890,2,,,1,55,,85910,2,,,1,15,,85930,2,,,1,15,,85950,2,,,1,15,,85891,2,,,1,55,,85911,2,,,1,15,,85931,2,,,1,15,,85951,2,,,1,15,,85892,2,,,1,55,,85912,2,,,1,15,,85932,2,,,1,15,,85952,2,,,1,15,,85893,2,,,1,55,,85913,2,,,1,15,,85933,2,,,1,15,,85953,2,,,1,15,,85894,2,,,1,55,,85914,2,,,1,15,,85934,2,,,1,15,,85954,2,,,1,15,,85895,2,,,1,55,,85915,2,,,1,15,,85935,2,,,1,15,,85955,2,,,1,15,,85896,2,,,1,55,,85916,2,,,1,15,,85936,2,,,1,15,,85956,2,,,1,15,,85897,2,,,1,55,,85917,2,,,1,15,,85937,2,,,1,15,,85957,2,,,1,15,,85898,2,,,1,55,,85918,2,,,1,15,,85938,2,,,1,15,,85958,2,,,1,15,,85899,2,,,1,55,,85919,2,,,1,15,,85939,2,,,1,15,,85959,2,,,1,15,,85900,2,,,1,55,,85920,2,,,1,15,,85940,2,,,1,15,,85960,2,,,1,15,,85901,2,,,1,55,,85921,2,,,1,15,,85941,2,,,1,15,,85961,2,,,1,15,,85902,2,,,1,55,,85922,2,,,1,15,,85942,2,,,1,15,,85962,2,,,1,15,,85903,2,,,1,55,,85923,2,,,1,15,,85943,2,,,1,15,,85963,2,,,1,15,,85904,2,,,1,55,,85924,2,,,1,15,,85944,2,,,1,15,,85964,2,,,1,15,,85905,2,,,1,55,,85925,2,,,1,15,,85945,2,,,1,15,,85965,2,,,1,15,,85906,2,,,1,55,,85926,2,,,1,15,,85946,2,,,1,15,,85966,2,,,1,15,,85907,2,,,1,55,,85927,2,,,1
1,'20261111',539,,86026,2,,,1,15,,85967,2,,,1,52,,85987,2,,,1,15,,86007,2,,,1,15,,86027,2,,,1,15,,85968,2,,,1,55,,85988,2,,,1,15,,86008,2,,,1,15,,86028,2,,,1,15,,85969,2,,,1,55,,85989,2,,,1,15,,86009,2,,,1,15,,86029,2,,,1,15,,85970,2,,,1,55,,85990,2,,,1,15,,86010,2,,,1,15,,86030,2,,,1,15,,85971,2,,,1,55,,85991,2,,,1,15,,86011,2,,,1,15,,86031,2,,,1,15,,85972,2,,,1,55,,85992,2,,,1,15,,86012,2,,,1,15,,86032,2,,,1,15,,85973,2,,,1,55,,85993,2,,,1,15,,86013,2,,,1,15,,86033,2,,,1,15,,85974,2,,,1,55,,85994,2,,,1,15,,86014,2,,,1,15,,86034,2,,,1,15,,85975,2,,,1,55,,85995,2,,,1,15,,86015,2,,,1,15,,86035,2,,,1,15,,85976,2,,,1,55,,85996,2,,,1,15,,86016,2,,,1,15,,86036,2,,,1,15,,85977,2,,,1,55,,85997,2,,,1,15,,86017,2,,,1,15,,86037,2,,,1,15,,85978,2,,,1,55,,85998,2,,,1,15,,86018,2,,,1,15,,86038,2,,,1,15,,85979,2,,,1,55,,85999,2,,,1,15,,86019,2,,,1,15,,86039,2,,,1,15,,85980,2,,,1,55,,86000,2,,,1,15,,86020,2,,,1,15,,86040,2,,,1,15,,85981,2,,,1,55,,86001,2,,,1,15,,86021,2,,,1,15,,86041,2,,,1,15,,85982,2,,,1,55,,86002,2,,,1,15,,86022,2,,,1,15,,86042,2,,,1,15,,85983,2,,,1,55,,86003,2,,,1,15,,86023,2,,,1,15,,86043,2,,,1,15,,85984,2,,,1,55,,86004,2,,,1,15,,86024,2,,,1,15,,86044,2,,,1,15,,85985,2,,,1,55,,86005,2,,,1,15,,86025,2,,,1,15,,86045,2,,,1,15,,85986,2,,,1,55,,86006,2,,,1
1,'20261112',539,,86105,2,,,1,15,,86046,2,,,1,52,,86066,2,,,1,15,,86086,2,,,1,15,,86106,2,,,1,15,,86047,2,,,1,55,,86067,2,,,1,15,,86087,2,,,1,15,,86107,2,,,1,15,,86048,2,,,1,55,,86068,2,,,1,15,,86088,2,,,1,15,,86108,2,,,1,15,,86049,2,,,1,55,,86069,2,,,1,15,,86089,2,,,1,15,,86109,2,,,1,15,,86050,2,,,1,55,,86070,2,,,1,15,,86090,2,,,1,15,,86110,2,,,1,15,,86051,2,,,1,55,,86071,2,,,1,15,,86091,2,,,1,15,,86111,2,,,1,15,,86052,2,,,1,55,,86072,2,,,1,15,,86092,2,,,1,15,,86112,2,,,1,15,,86053,2,,,1,55,,86073,2,,,1,15,,86093,2,,,1,15,,86113,2,,,1,15,,86054,2,,,1,55,,86074,2,,,1,15,,86094,2,,,1,15,,86114,2,,,1,15,,86055,2,,,1,55,,86075,2,,,1,15,,86095,2,,,1,15,,86115,2,,,1,15,,86056,2,,,1,55,,86076,2,,,1,15,,86096,2,,,1,15,,86116,2,,,1,15,,86057,2,,,1,55,,86077,2,,,1,15,,86097,2,,,1,15,,86117,2,,,1,15,,86058,2,,,1,55,,86078,2,,,1,15,,86098,2,,,1,15,,86118,2,,,1,15,,86059,2,,,1,55,,86079,2,,,1,15,,86099,2,,,1,15,,86119,2,,,1,15,,86060,2,,,1,55,,86080,2,,,1,15,,86100,2,,,1,15,,86120,2,,,1,15,,86061,2,,,1,55,,86081,2,,,1,15,,86101,2,,,1,15,,86121,2,,,1,15,,86062,2,,,1,55,,86082,2,,,1,15,,86102,2,,,1,15,,86122,2,,,1,15,,86063,2,,,1,55,,86083,2,,,1,15,,86103,2,,,1,15,,86123,2,,,1,15,,86064,2,,,1,55,,86084,2,,,1,15,,86104,2,,,1,15,,86124,2,,,1,15,,86065,2,,,1,55,,86085,2,,,1
1,'20261113',539,,86184,2,,,1,15,,86125,2,,,1,52,,86145,2,,,1,15,,86165,2,,,1,15,,86185,2,,,1,15,,86126,2,,,1,55,,86146,2,,,1,15,,86166,2,,,1,15,,86186,2,,,1,15,,86127,2,,,1,55,,86147,2,,,1,15,,86167,2,,,1,15,,86187,2,,,1,15,,86128,2,,,1,55,,86148,2,,,1,15,,86168,2,,,1,15,,86188,2,,,1,15,,86129,2,,,1,55,,86149,2,,,1,15,,86169,2,,,1,15,,86189,2,,,1,15,,86130,2,,,1,55,,86150,2,,,1,15,,86170,2,,,1,15,,86190,2,,,1,15,,86131,2,,,1,55,,86151,2,,,1,15,,86171,2,,,1,15,,86191,2,,,1,15,,86132,2,,,1,55,,86152,2,,,1,15,,86172,2,,,1,15,,86192,2,,,1,15,,86133,2,,,1,55,,86153,2,,,1,15,,86173,2,,,1,15,,86193,2,,,1,15,,86134,2,,,1,55,,86154,2,,,1,15,,86174,2,,,1,15,,86194,2,,,1,15,,86135,2,,,1,55,,86155,2,,,1,15,,86175,2,,,1,15,,86195,2,,,1,15,,86136,2,,,1,55,,86156,2,,,1,15,,86176,2,,,1,15,,86196,2,,,1,15,,86137,2,,,1,55,,86157,2,,,1,15,,86177,2,,,1,15,,86197,2,,,1,15,,86138,2,,,1,55,,86158,2,,,1,15,,86178,2,,,1,15,,86198,2,,,1,15,,86139,2,,,1,55,,86159,2,,,1,15,,86179,2,,,1,15,,86199,2,,,1,15,,86140,2,,,1,55,,86160,2,,,1,15,,86180,2,,,1,15,,86200,2,,,1,15,,86141,2,,,1,55,,86161,2,,,1,15,,86181,2,,,1,15,,86201,2,,,1,15,,86142,2,,,1,55,,86162,2,,,1,15,,86182,2,,,1,15,,86202,2,,,1,15,,86143,2,,,1,55,,86163,2,,,1,15,,86183,2,,,1,15,,86203,2,,,1,15,,86144,2,,,1,55,,86164,2,,,1
1,'20261114',636,,86260,2,,,1,15,,86204,2,,,1,55,,86223,2,,,1,15,,86242,2,,,1,15,,86261,2,,,1,15,,86205,2,,,1,55,,86224,2,,,1,15,,86243,2,,,1,15,,86262,2,,,1,15,,86206,2,,,1,55,,86225,2,,,1,15,,86244,2,,,1,15,,86263,2,,,1,15,,86207,2,,,1,55,,86226,2,,,1,15,,86245,2,,,1,15,,86264,2,,,1,15,,86208,2,,,1,55,,86227,2,,,1,15,,86246,2,,,1,15,,86265,2,,,1,15,,86209,2,,,1,55,,86228,2,,,1,15,,86247,2,,,1,15,,86266,2,,,1,15,,86210,2,,,1,55,,86229,2,,,1,15,,86248,2,,,1,15,,86267,2,,,1,15,,86211,2,,,1,55,,86230,2,,,1,15,,86249,2,,,1,15,,86268,2,,,1,15,,86212,2,,,1,55,,86231,2,,,1,15,,86250,2,,,1,15,,86269,2,,,1,15,,86213,2,,,1,55,,86232,2,,,1,15,,86251,2,,,1,15,,86270,2,,,1,15,,86214,2,,,1,55,,86233,2,,,1,15,,86252,2,,,1,15,,86271,2,,,1,15,,86215,2,,,1,55,,86234,2,,,1,15,,86253,2,,,1,15,,86272,2,,,1,15,,86216,2,,,1,55,,86235,2,,,1,15,,86254,2,,,1,15,,86273,2,,,1,15,,86217,2,,,1,55,,86236,2,,,1,15,,86255,2,,,1,15,,86274,2,,,1,15,,86218,2,,,1,55,,86237,2,,,1,15,,86256,2,,,1,15,,86275,2,,,1,15,,86219,2,,,1,55,,86238,2,,,1,15,,86257,2,,,1,15,,86276,2,,,1,15,,86220,2,,,1,55,,86239,2,,,1,15,,86258,2,,,1,15,,86277,2,,,1,15,,86221,2,,,1,55,,86240,2,,,1,15,,86259,2,,,1,15,,86278,2,,,1,15,,86222,2,,,1,55,,86241,2,,,1
1,'20261115',636,,86335,2,,,1,15,,86279,2,,,1,55,,86298,2,,,1,15,,86317,2,,,1,15,,86336,2,,,1,15,,86280,2,,,1,55,,86299,2,,,1,15,,86318,2,,,1,15,,86337,2,,,1,15,,86281,2,,,1,55,,86300,2,,,1,15,,86319,2,,,1,15,,86338,2,,,1,15,,86282,2,,,1,55,,86301,2,,,1,15,,86320,2,,,1,15,,86339,2,,,1,15,,86283,2,,,1,55,,86302,2,,,1,15,,86321,2,,,1,15,,86340,2,,,1,15,,86284,2,,,1,55,,86303,2,,,1,15,,86322,2,,,1,15,,86341,2,,,1,15,,86285,2,,,1,55,,86304,2,,,1,15,,86323,2,,,1,15,,86342,2,,,1,15,,86286,2,,,1,55,,86305,2,,,1,15,,86324,2,,,1,15,,86343,2,,,1,15,,86287,2,,,1,55,,86306,2,,,1,15,,86325,2,,,1,15,,86344,2,,,1,15,,86288,2,,,1,55,,86307,2,,,1,15,,86326,2,,,1,15,,86345,2,,,1,15,,86289,2,,,1,55,,86308,2,,,1,15,,86327,2,,,1,15,,86346,2,,,1,15,,86290,2,,,1,55,,86309,2,,,1,15,,86328,2,,,1,15,,86347,2,,,1,15,,86291,2,,,1,55,,86310,2,,,1,15,,86329,2,,,1,15,,86348,2,,,1,15,,86292,2,,,1,55,,86311,2,,,1,15,,86330,2,,,1,15,,86349,2,,,1,15,,86293,2,,,1,55,,86312,2,,,1,15,,86331,2,,,1,15,,86350,2,,,1,15,,86294,2,,,1,55,,86313,2,,,1,15,,86332,2,,,1,15,,86351,2,,,1,15,,86295,2,,,1,55,,86314,2,,,1,15,,86333,2,,,1,15,,86352,2,,,1,15,,86296,2,,,1,55,,86315,2,,,1,15,,86334,2,,,1,15,,86353,2,,,1,15,,86297,2,,,1,55,,86316,2,,,1
1,'20261116',539,,86413,2,,,1,15,,86354,2,,,1,52,,86374,2,,,1,15,,86394,2,,,1,15,,86414,2,,,1,15,,86355,2,,,1,55,,86375,2,,,1,15,,86395,2,,,1,15,,86415,2,,,1,15,,86356,2,,,1,55,,86376,2,,,1,15,,86396,2,,,1,15,,86416,2,,,1,15,,86357,2,,,1,55,,86377,2,,,1,15,,86397,2,,,1,15,,86417,2,,,1,15,,86358,2,,,1,55,,86378,2,,,1,15,,86398,2,,,1,15,,86418,2,,,1,15,,86359,2,,,1,55,,86379,2,,,1,15,,86399,2,,,1,15,,86419,2,,,1,15,,86360,2,,,1,55,,86380,2,,,1,15,,86400,2,,,1,15,,86420,2,,,1,15,,86361,2,,,1,55,,86381,2,,,1,15,,86401,2,,,1,15,,86421,2,,,1,15,,86362,2,,,1,55,,86382,2,,,1,15,,86402,2,,,1,15,,86422,2,,,1,15,,86363,2,,,1,55,,86383,2,,,1,15,,86403,2,,,1,15,,86423,2,,,1,15,,86364,2,,,1,55,,86384,2,,,1,15,,86404,2,,,1,15,,86424,2,,,1,15,,86365,2,,,1,55,,86385,2,,,1,15,,86405,2,,,1,15,,86425,2,,,1,15,,86366,2,,,1,55,,86386,2,,,1,15,,86406,2,,,1,15,,86426,2,,,1,15,,86367,2,,,1,55,,86387,2,,,1,15,,86407,2,,,1,15,,86427,2,,,1,15,,86368,2,,,1,55,,86388,2,,,1,15,,86408,2,,,1,15,,86428,2,,,1,15,,86369,2,,,1,55,,86389,2,,,1,15,,86409,2,,,1,15,,86429,2,,,1,15,,86370,2,,,1,55,,86390,2,,,1,15,,86410,2,,,1,15,,86430,2,,,1,15,,86371,2,,,1,55,,86391,2,,,1,15,,86411,2,,,1,15,,86431,2,,,1,15,,86372,2,,,1,55,,86392,2,,,1,15,,86412,2,,,1,15,,86432,2,,,1,15,,86373,2,,,1,55,,86393,2,,,1
1,'20261117',539,,86492,2,,,1,15,,86433,2,,,1,52,,86453,2,,,1,15,,86473,2,,,1,15,,86493,2,,,1,15,,86434,2,,,1,55,,86454,2,,,1,15,,86474,2,,,1,15,,86494,2,,,1,15,,86435,2,,,1,55,,86455,2,,,1,15,,86475,2,,,1,15,,86495,2,,,1,15,,86436,2,,,1,55,,86456,2,,,1,15,,86476,2,,,1,15,,86496,2,,,1,15,,86437,2,,,1,55,,86457,2,,,1,15,,86477,2,,,1,15,,86497,2,,,1,15,,86438,2,,,1,55,,86458,2,,,1,15,,86478,2,,,1,15,,86498,2,,,1,15,,86439,2,,,1,55,,86459,2,,,1,15,,86479,2,,,1,15,,86499,2,,,1,15,,86440,2,,,1,55,,86460,2,,,1,15,,86480,2,,,1,15,,86500,2,,,1,15,,86441,2,,,1,55,,86461,2,,,1,15,,86481,2,,,1,15,,86501,2,,,1,15,,86442,2,,,1,55,,86462,2,,,1,15,,86482,2,,,1,15,,86502,2,,,1,15,,86443,2,,,1,55,,86463,2,,,1,15,,86483,2,,,1,15,,86503,2,,,1,15,,86444,2,,,1,55,,86464,2,,,1,15,,86484,2,,,1,15,,86504,2,,,1,15,,86445,2,,,1,55,,86465,2,,,1,15,,86485,2,,,1,15,,86505,2,,,1,15,,86446,2,,,1,55,,86466,2,,,1,15,,86486,2,,,1,15,,86506,2,,,1,15,,86447,2,,,1,55,,86467,2,,,1,15,,86487,2,,,1,15,,86507,2,,,1,15,,86448,2,,,1,55,,86468,2,,,1,15,,86488,2,,,1,15,,86508,2,,,1,15,,86449,2,,,1,55,,86469,2,,,1,15,,86489,2,,,1,15,,86509,2,,,1,15,,86450,2,,,1,55,,86470,2,,,1,15,,86490,2,,,1,15,,86510,2,,,1,15,,86451,2,,,1,55,,86471,2,,,1,15,,86491,2,,,1,15,,86511,2,,,1,15,,86452,2,,,1,55,,86472,2,,,1
1,'20261118',539,,86571,2,,,1,15,,86512,2,,,1,52,,86532,2,,,1,15,,86552,2,,,1,15,,86572,2,,,1,15,,86513,2,,,1,55,,86533,2,,,1,15,,86553,2,,,1,15,,86573,2,,,1,15,,86514,2,,,1,55,,86534,2,,,1,15,,86554,2,,,1,15,,86574,2,,,1,15,,86515,2,,,1,55,,86535,2,,,1,15,,86555,2,,,1,15,,86575,2,,,1,15,,86516,2,,,1,55,,86536,2,,,1,15,,86556,2,,,1,15,,86576,2,,,1,15,,86517,2,,,1,55,,86537,2,,,1,15,,86557,2,,,1,15,,86577,2,,,1,15,,86518,2,,,1,55,,86538,2,,,1,15,,86558,2,,,1,15,,86578,2,,,1,15,,86519,2,,,1,55,,86539,2,,,1,15,,86559,2,,,1,15,,86579,2,,,1,15,,86520,2,,,1,55,,86540,2,,,1,15,,86560,2,,,1,15,,86580,2,,,1,15,,86521,2,,,1,55,,86541,2,,,1,15,,86561,2,,,1,15,,86581,2,,,1,15,,86522,2,,,1,55,,86542,2,,,1,15,,86562,2,,,1,15,,86582,2,,,1,15,,86523,2,,,1,55,,86543,2,,,1,15,,86563,2,,,1,15,,86583,2,,,1,15,,86524,2,,,1,55,,86544,2,,,1,15,,86564,2,,,1,15,,86584,2,,,1,15,,86525,2,,,1,55,,86545,2,,,1,15,,86565,2,,,1,15,,86585,2,,,1,15,,86526,2,,,1,55,,86546,2,,,1,15,,86566,2,,,1,15,,86586,2,,,1,15,,86527,2,,,1,55,,86547,2,,,1,15,,86567,2,,,1,15,,86587,2,,,1,15,,86528,2,,,1,55,,86548,2,,,1,15,,86568,2,,,1,15,,86588,2,,,1,15,,86529,2,,,1,55,,86549,2,,,1,15,,86569,2,,,1,15,,86589,2,,,1,15,,86530,2,,,1,55,,86550,2,,,1,15,,86570,2,,,1,15,,86590,2,,,1,15,,86531,2,,,1,55,,86551,2,,,1
1,'20261119',539,,86650,2,,,1,15,,86591,2,,,1,52,,86611,2,,,1,15,,86631,2,,,1,15,,86651,2,,,1,15,,86592,2,,,1,55,,86612,2,,,1,15,,86632,2,,,1,15,,86652,2,,,1,15,,86593,2,,,1,55,,86613,2,,,1,15,,86633,2,,,1,15,,86653,2,,,1,15,,86594,2,,,1,55,,86614,2,,,1,15,,86634,2,,,1,15,,86654,2,,,1,15,,86595,2,,,1,55,,86615,2,,,1,15,,86635,2,,,1,15,,86655,2,,,1,15,,86596,2,,,1,55,,86616,2,,,1,15,,86636,2,,,1,15,,86656,2,,,1,15,,86597,2,,,1,55,,86617,2,,,1,15,,86637,2,,,1,15,,86657,2,,,1,15,,86598,2,,,1,55,,86618,2,,,1,15,,86638,2,,,1,15,,86658,2,,,1,15,,86599,2,,,1,55,,86619,2,,,1,15,,86639,2,,,1,15,,86659,2,,,1,15,,86600,2,,,1,55,,86620,2,,,1,15,,86640,2,,,1,15,,86660,2,,,1,15,,86601,2,,,1,55,,86621,2,,,1,15,,86641,2,,,1,15,,86661,2,,,1,15,,86602,2,,,1,55,,86622,2,,,1,15,,86642,2,,,1,15,,86662,2,,,1,15,,86603,2,,,1,55,,86623,2,,,1,15,,86643,2,,,1,15,,86663,2,,,1,15,,86604,2,,,1,55,,86624,2,,,1,15,,86644,2,,,1,15,,86664,2,,,1,15,,86605,2,,,1,55,,86625,2,,,1,15,,86645,2,,,1,15,,86665,2,,,1,15,,86606,2,,,1,55,,86626,2,,,1,15,,86646,2,,,1,15,,86666,2,,,1,15,,86607,2,,,1,55,,86627,2,,,1,15,,86647,2,,,1,15,,86667,2,,,1,15,,86608,2,,,1,55,,86628,2,,,1,15,,86648,2,,,1,15,,86668,2,,,1,15,,86609,2,,,1,55,,86629,2,,,1,15,,86649,2,,,1,15,,86669,2,,,1,15,,86610,2,,,1,55,,86630,2,,,1
1,'20261120',539,,86729,2,,,1,15,,86670,2,,,1,52,,86690,2,,,1,15,,86710,2,,,1,15,,86730,2,,,1,15,,86671,2,,,1,55,,86691,2,,,1,15,,86711,2,,,1,15,,86731,2,,,1,15,,86672,2,,,1,55,,86692,2,,,1,15,,86712,2,,,1,15,,86732,2,,,1,15,,86673,2,,,1,55,,86693,2,,,1,15,,86713,2,,,1,15,,86733,2,,,1,15,,86674,2,,,1,55,,86694,2,,,1,15,,86714,2,,,1,15,,86734,2,,,1,15,,86675,2,,,1,55,,86695,2,,,1,15,,86715,2,,,1,15,,86735,2,,,1,15,,86676,2,,,1,55,,86696,2,,,1,15,,86716,2,,,1,15,,86736,2,,,1,15,,86677,2,,,1,55,,86697,2,,,1,15,,86717,2,,,1,15,,86737,2,,,1,15,,86678,2,,,1,55,,86698,2,,,1,15,,86718,2,,,1,15,,86738,2,,,1,15,,86679,2,,,1,55,,86699,2,,,1,15,,86719,2,,,1,15,,86739,2,,,1,15,,86680,2,,,1,55,,86700,2,,,1,15,,86720,2,,,1,15,,86740,2,,,1,15,,86681,2,,,1,55,,86701,2,,,1,15,,86721,2,,,1,15,,86741,2,,,1,15,,86682,2,,,1,55,,86702,2,,,1,15,,86722,2,,,1,15,,86742,2,,,1,15,,86683,2,,,1,55,,86703,2,,,1,15,,86723,2,,,1,15,,86743,2,,,1,15,,86684,2,,,1,55,,86704,2,,,1,15,,86724,2,,,1,15,,86744,2,,,1,15,,86685,2,,,1,55,,86705,2,,,1,15,,86725,2,,,1,15,,86745,2,,,1,15,,86686,2,,,1,55,,86706,2,,,1,15,,86726,2,,,1,15,,86746,2,,,1,15,,86687,2,,,1,55,,86707,2,,,1,15,,86727,2,,,1,15,,86747,2,,,1,15,,86688,2,,,1,55,,86708,2,,,1,15,,86728,2,,,1,15,,86748,2,,,1,15,,86689,2,,,1,55,,86709,2,,,1
1,'20261121',636,,86805,2,,,1,15,,86749,2,,,1,55,,86768,2,,,1,15,,86787,2,,,1,15,,86806,2,,,1,15,,86750,2,,,1,55,,86769,2,,,1,15,,86788,2,,,1,15,,86807,2,,,1,15,,86751,2,,,1,55,,86770,2,,,1,15,,86789,2,,,1,15,,86808,2,,,1,15,,86752,2,,,1,55,,86771,2,,,1,15,,86790,2,,,1,15,,86809,2,,,1,15,,86753,2,,,1,55,,86772,2,,,1,15,,86791,2,,,1,15,,86810,2,,,1,15,,86754,2,,,1,55,,86773,2,,,1,15,,86792,2,,,1,15,,86811,2,,,1,15,,86755,2,,,1,55,,86774,2,,,1,15,,86793,2,,,1,15,,86812,2,,,1,15,,86756,2,,,1,55,,86775,2,,,1,15,,86794,2,,,1,15,,86813,2,,,1,15,,86757,2,,,1,55,,86776,2,,,1,15,,86795,2,,,1,15,,86814,2,,,1,15,,86758,2,,,1,55,,86777,2,,,1,15,,86796,2,,,1,15,,86815,2,,,1,15,,86759,2,,,1,55,,86778,2,,,1,15,,86797,2,,,1,15,,86816,2,,,1,15,,86760,2,,,1,55,,86779,2,,,1,15,,86798,2,,,1,15,,86817,2,,,1,15,,86761,2,,,1,55,,86780,2,,,1,15,,86799,2,,,1,15,,86818,2,,,1,15,,86762,2,,,1,55,,86781,2,,,1,15,,86800,2,,,1,15,,86819,2,,,1,15,,86763,2,,,1,55,,86782,2,,,1,15,,86801,2,,,1,15,,86820,2,,,1,15,,86764,2,,,1,55,,86783,2,,,1,15,,86802,2,,,1,15,,86821,2,,,1,15,,86765,2,,,1,55,,86784,2,,,1,15,,86803,2,,,1,15,,86822,2,,,1,15,,86766,2,,,1,55,,86785,2,,,1,15,,86804,2,,,1,15,,86823,2,,,1,15,,86767,2,,,1,55,,86786,2,,,1
1,'20261122',636,,86880,2,,,1,15,,86824,2,,,1,55,,86843,2,,,1,15,,86862,2,,,1,15,,86881,2,,,1,15,,86825,2,,,1,55,,86844,2,,,1,15,,86863,2,,,1,15,,86882,2,,,1,15,,86826,2,,,1,55,,86845,2,,,1,15,,86864,2,,,1,15,,86883,2,,,1,15,,86827,2,,,1,55,,86846,2,,,1,15,,86865,2,,,1,15,,86884,2,,,1,15,,86828,2,,,1,55,,86847,2,,,1,15,,86866,2,,,1,15,,86885,2,,,1,15,,86829,2,,,1,55,,86848,2,,,1,15,,86867,2,,,1,15,,86886,2,,,1,15,,86830,2,,,1,55,,86849,2,,,1,15,,86868,2,,,1,15,,86887,2,,,1,15,,86831,2,,,1,55,,86850,2,,,1,15,,86869,2,,,1,15,,86888,2,,,1,15,,86832,2,,,1,55,,86851,2,,,1,15,,86870,2,,,1,15,,86889,2,,,1,15,,86833,2,,,1,55,,86852,2,,,1,15,,86871,2,,,1,15,,86890,2,,,1,15,,86834,2,,,1,55,,86853,2,,,1,15,,86872,2,,,1,15,,86891,2,,,1,15,,86835,2,,,1,55,,86854,2,,,1,15,,86873,2,,,1,15,,86892,2,,,1,15,,86836,2,,,1,55,,86855,2,,,1,15,,86874,2,,,1,15,,86893,2,,,1,15,,86837,2,,,1,55,,86856,2,,,1,15,,86875,2,,,1,15,,86894,2,,,1,15,,86838,2,,,1,55,,86857,2,,,1,15,,86876,2,,,1,15,,86895,2,,,1,15,,86839,2,,,1,55,,86858,2,,,1,15,,86877,2,,,1,15,,86896,2,,,1,15,,86840,2,,,1,55,,86859,2,,,1,15,,86878,2,,,1,15,,86897,2,,,1,15,,86841,2,,,1,55,,86860,2,,,1,15,,86879,2,,,1,15,,86898,2,,,1,15,,86842,2,,,1,55,,86861,2,,,1
1,'20261123',539,,86958,2,,,1,15,,86899,2,,,1,52,,86919,2,,,1,15,,86939,2,,,1,15,,86959,2,,,1,15,,86900,2,,,1,55,,86920,2,,,1,15,,86940,2,,,1,15,,86960,2,,,1,15,,86901,2,,,1,55,,86921,2,,,1,15,,86941,2,,,1,15,,86961,2,,,1,15,,86902,2,,,1,55,,86922,2,,,1,15,,86942,2,,,1,15,,86962,2,,,1,15,,86903,2,,,1,55,,86923,2,,,1,15,,86943,2,,,1,15,,86963,2,,,1,15,,86904,2,,,1,55,,86924,2,,,1,15,,86944,2,,,1,15,,86964,2,,,1,15,,86905,2,,,1,55,,86925,2,,,1,15,,86945,2,,,1,15,,86965,2,,,1,15,,86906,2,,,1,55,,86926,2,,,1,15,,86946,2,,,1,15,,86966,2,,,1,15,,86907,2,,,1,55,,86927,2,,,1,15,,86947,2,,,1,15,,86967,2,,,1,15,,86908,2,,,1,55,,86928,2,,,1,15,,86948,2,,,1,15,,86968,2,,,1,15,,86909,2,,,1,55,,86929,2,,,1,15,,86949,2,,,1,15,,86969,2,,,1,15,,86910,2,,,1,55,,86930,2,,,1,15,,86950,2,,,1,15,,86970,2,,,1,15,,86911,2,,,1,55,,86931,2,,,1,15,,86951,2,,,1,15,,86971,2,,,1,15,,86912,2,,,1,55,,86932,2,,,1,15,,86952,2,,,1,15,,86972,2,,,1,15,,86913,2,,,1,55,,86933,2,,,1,15,,86953,2,,,1,15,,86973,2,,,1,15,,86914,2,,,1,55,,86934,2,,,1,15,,86954,2,,,1,15,,86974,2,,,1,15,,86915,2,,,1,55,,86935,2,,,1,15,,86955,2,,,1,15,,86975,2,,,1,15,,86916,2,,,1,55,,86936,2,,,1,15,,86956,2,,,1,15,,86976,2,,,1,15,,86917,2,,,1,55,,86937,2,,,1,15,,86957,2,,,1,15,,86977,2,,,1,15,,86918,2,,,1,55,,86938,2,,,1
1,'20261124',539,,87037,2,,,1,15,,86978,2,,,1,52,,86998,2,,,1,15,,87018,2,,,1,15,,87038,2,,,1,15,,86979,2,,,1,55,,86999,2,,,1,15,,87019,2,,,1,15,,87039,2,,,1,15,,86980,2,,,1,55,,87000,2,,,1,15,,87020,2,,,1,15,,87040,2,,,1,15,,86981,2,,,1,55,,87001,2,,,1,15,,87021,2,,,1,15,,87041,2,,,1,15,,86982,2,,,1,55,,87002,2,,,1,15,,87022,2,,,1,15,,87042,2,,,1,15,,86983,2,,,1,55,,87003,2,,,1,15,,87023,2,,,1,15,,87043,2,,,1,15,,86984,2,,,1,55,,87004,2,,,1,15,,87024,2,,,1,15,,87044,2,,,1,15,,86985,2,,,1,55,,87005,2,,,1,15,,87025,2,,,1,15,,87045,2,,,1,15,,86986,2,,,1,55,,87006,2,,,1,15,,87026,2,,,1,15,,87046,2,,,1,15,,86987,2,,,1,55,,87007,2,,,1,15,,87027,2,,,1,15,,87047,2,,,1,15,,86988,2,,,1,55,,87008,2,,,1,15,,87028,2,,,1,15,,87048,2,,,1,15,,86989,2,,,1,55,,87009,2,,,1,15,,87029,2,,,1,15,,87049,2,,,1,15,,86990,2,,,1,55,,87010,2,,,1,15,,87030,2,,,1,15,,87050,2,,,1,15,,86991,2,,,1,55,,87011,2,,,1,15,,87031,2,,,1,15,,87051,2,,,1,15,,86992,2,,,1,55,,87012,2,,,1,15,,87032,2,,,1,15,,87052,2,,,1,15,,86993,2,,,1,55,,87013,2,,,1,15,,87033,2,,,1,15,,87053,2,,,1,15,,86994,2,,,1,55,,87014,2,,,1,15,,87034,2,,,1,15,,87054,2,,,1,15,,86995,2,,,1,55,,87015,2,,,1,15,,87035,2,,,1,15,,87055,2,,,1,15,,86996,2,,,1,55,,87016,2,,,1,15,,87036,2,,,1,15,,87056,2,,,1,15,,86997,2,,,1,55,,87017,2,,,1
1,'20261125',539,,87116,2,,,1,15,,87057,2,,,1,52,,87077,2,,,1,15,,87097,2,,,1,15,,87117,2,,,1,15,,87058,2,,,1,55,,87078,2,,,1,15,,87098,2,,,1,15,,87118,2,,,1,15,,87059,2,,,1,55,,87079,2,,,1,15,,87099,2,,,1,15,,87119,2,,,1,15,,87060,2,,,1,55,,87080,2,,,1,15,,87100,2,,,1,15,,87120,2,,,1,15,,87061,2,,,1,55,,87081,2,,,1,15,,87101,2,,,1,15,,87121,2,,,1,15,,87062,2,,,1,55,,87082,2,,,1,15,,87102,2,,,1,15,,87122,2,,,1,15,,87063,2,,,1,55,,87083,2,,,1,15,,87103,2,,,1,15,,87123,2,,,1,15,,87064,2,,,1,55,,87084,2,,,1,15,,87104,2,,,1,15,,87124,2,,,1,15,,87065,2,,,1,55,,87085,2,,,1,15,,87105,2,,,1,15,,87125,2,,,1,15,,87066,2,,,1,55,,87086,2,,,1,15,,87106,2,,,1,15,,87126,2,,,1,15,,87067,2,,,1,55,,87087,2,,,1,15,,87107,2,,,1,15,,87127,2,,,1,15,,87068,2,,,1,55,,87088,2,,,1,15,,87108,2,,,1,15,,87128,2,,,1,15,,87069,2,,,1,55,,87089,2,,,1,15,,87109,2,,,1,15,,87129,2,,,1,15,,87070,2,,,1,55,,87090,2,,,1,15,,87110,2,,,1,15,,87130,2,,,1,15,,87071,2,,,1,55,,87091,2,,,1,15,,87111,2,,,1,15,,87131,2,,,1,15,,87072,2,,,1,55,,87092,2,,,1,15,,87112,2,,,1,15,,87132,2,,,1,15,,87073,2,,,1,55,,87093,2,,,1,15,,87113,2,,,1,15,,87133,2,,,1,15,,87074,2,,,1,55,,87094,2,,,1,15,,87114,2,,,1,15,,87134,2,,,1,15,,87075,2,,,1,55,,87095,2,,,1,15,,87115,2,,,1,15,,87135,2,,,1,15,,87076,2,,,1,55,,87096,2,,,1
1,'20261126',539,,87195,2,,,1,15,,87136,2,,,1,52,,87156,2,,,1,15,,87176,2,,,1,15,,87196,2,,,1,15,,87137,2,,,1,55,,87157,2,,,1,15,,87177,2,,,1,15,,87197,2,,,1,15,,87138,2,,,1,55,,87158,2,,,1,15,,87178,2,,,1,15,,87198,2,,,1,15,,87139,2,,,1,55,,87159,2,,,1,15,,87179,2,,,1,15,,87199,2,,,1,15,,87140,2,,,1,55,,87160,2,,,1,15,,87180,2,,,1,15,,87200,2,,,1,15,,87141,2,,,1,55,,87161,2,,,1,15,,87181,2,,,1,15,,87201,2,,,1,15,,87142,2,,,1,55,,87162,2,,,1,15,,87182,2,,,1,15,,87202,2,,,1,15,,87143,2,,,1,55,,87163,2,,,1,15,,87183,2,,,1,15,,87203,2,,,1,15,,87144,2,,,1,55,,87164,2,,,1,15,,87184,2,,,1,15,,87204,2,,,1,15,,87145,2,,,1,55,,87165,2,,,1,15,,87185,2,,,1,15,,87205,2,,,1,15,,87146,2,,,1,55,,87166,2,,,1,15,,87186,2,,,1,15,,87206,2,,,1,15,,87147,2,,,1,55,,87167,2,,,1,15,,87187,2,,,1,15,,87207,2,,,1,15,,87148,2,,,1,55,,87168,2,,,1,15,,87188,2,,,1,15,,87208,2,,,1,15,,87149,2,,,1,55,,87169,2,,,1,15,,87189,2,,,1,15,,87209,2,,,1,15,,87150,2,,,1,55,,87170,2,,,1,15,,87190,2,,,1,15,,87210,2,,,1,15,,87151,2,,,1,55,,87171,2,,,1,15,,87191,2,,,1,15,,87211,2,,,1,15,,87152,2,,,1,55,,87172,2,,,1,15,,87192,2,,,1,15,,87212,2,,,1,15,,87153,2,,,1,55,,87173,2,,,1,15,,87193,2,,,1,15,,87213,2,,,1,15,,87154,2,,,1,55,,87174,2,,,1,15,,87194,2,,,1,15,,87214,2,,,1,15,,87155,2,,,1,55,,87175,2,,,1
1,'20261127',539,,87274,2,,,1,15,,87215,2,,,1,52,,87235,2,,,1,15,,87255,2,,,1,15,,87275,2,,,1,15,,87216,2,,,1,55,,87236,2,,,1,15,,87256,2,,,1,15,,87276,2,,,1,15,,87217,2,,,1,55,,87237,2,,,1,15,,87257,2,,,1,15,,87277,2,,,1,15,,87218,2,,,1,55,,87238,2,,,1,15,,87258,2,,,1,15,,87278,2,,,1,15,,87219,2,,,1,55,,87239,2,,,1,15,,87259,2,,,1,15,,87279,2,,,1,15,,87220,2,,,1,55,,87240,2,,,1,15,,87260,2,,,1,15,,87280,2,,,1,15,,87221,2,,,1,55,,87241,2,,,1,15,,87261,2,,,1,15,,87281,2,,,1,15,,87222,2,,,1,55,,87242,2,,,1,15,,87262,2,,,1,15,,87282,2,,,1,15,,87223,2,,,1,55,,87243,2,,,1,15,,87263,2,,,1,15,,87283,2,,,1,15,,87224,2,,,1,55,,87244,2,,,1,15,,87264,2,,,1,15,,87284,2,,,1,15,,87225,2,,,1,55,,87245,2,,,1,15,,87265,2,,,1,15,,87285,2,,,1,15,,87226,2,,,1,55,,87246,2,,,1,15,,87266,2,,,1,15,,87286,2,,,1,15,,87227,2,,,1,55,,87247,2,,,1,15,,87267,2,,,1,15,,87287,2,,,1,15,,87228,2,,,1,55,,87248,2,,,1,15,,87268,2,,,1,15,,87288,2,,,1,15,,87229,2,,,1,55,,87249,2,,,1,15,,87269,2,,,1,15,,87289,2,,,1,15,,87230,2,,,1,55,,87250,2,,,1,15,,87270,2,,,1,15,,87290,2,,,1,15,,87231,2,,,1,55,,87251,2,,,1,15,,87271,2,,,1,15,,87291,2,,,1,15,,87232,2,,,1,55,,87252,2,,,1,15,,87272,2,,,1,15,,87292,2,,,1,15,,87233,2,,,1,55,,87253,2,,,1,15,,87273,2,,,1,15,,87293,2,,,1,15,,87234,2,,,1,55,,87254,2,,,1
1,'20261128',636,,87350,2,,,1,15,,87294,2,,,1,55,,87313,2,,,1,15,,87332,2,,,1,15,,87351,2,,,1,15,,87295,2,,,1,55,,87314,2,,,1,15,,87333,2,,,1,15,,87352,2,,,1,15,,87296,2,,,1,55,,87315,2,,,1,15,,87334,2,,,1,15,,87353,2,,,1,15,,87297,2,,,1,55,,87316,2,,,1,15,,87335,2,,,1,15,,87354,2,,,1,15,,87298,2,,,1,55,,87317,2,,,1,15,,87336,2,,,1,15,,87355,2,,,1,15,,87299,2,,,1,55,,87318,2,,,1,15,,87337,2,,,1,15,,87356,2,,,1,15,,87300,2,,,1,55,,87319,2,,,1,15,,87338,2,,,1,15,,87357,2,,,1,15,,87301,2,,,1,55,,87320,2,,,1,15,,87339,2,,,1,15,,87358,2,,,1,15,,87302,2,,,1,55,,87321,2,,,1,15,,87340,2,,,1,15,,87359,2,,,1,15,,87303,2,,,1,55,,87322,2,,,1,15,,87341,2,,,1,15,,87360,2,,,1,15,,87304,2,,,1,55,,87323,2,,,1,15,,87342,2,,,1,15,,87361,2,,,1,15,,87305,2,,,1,55,,87324,2,,,1,15,,87343,2,,,1,15,,87362,2,,,1,15,,87306,2,,,1,55,,87325,2,,,1,15,,87344,2,,,1,15,,87363,2,,,1,15,,87307,2,,,1,55,,87326,2,,,1,15,,87345,2,,,1,15,,87364,2,,,1,15,,87308,2,,,1,55,,87327,2,,,1,15,,87346,2,,,1,15,,87365,2,,,1,15,,87309,2,,,1,55,,87328,2,,,1,15,,87347,2,,,1,15,,87366,2,,,1,15,,87310,2,,,1,55,,87329,2,,,1,15,,87348,2,,,1,15,,87367,2,,,1,15,,87311,2,,,1,55,,87330,2,,,1,15,,87349,2,,,1,15,,87368,2,,,1,15,,87312,2,,,1,55,,87331,2,,,1
1,'20261129',636,,87425,2,,,1,15,,87369,2,,,1,55,,87388,2,,,1,15,,87407,2,,,1,15,,87426,2,,,1,15,,87370,2,,,1,55,,87389,2,,,1,15,,87408,2,,,1,15,,87427,2,,,1,15,,87371,2,,,1,55,,87390,2,,,1,15,,87409,2,,,1,15,,87428,2,,,1,15,,87372,2,,,1,55,,87391,2,,,1,15,,87410,2,,,1,15,,87429,2,,,1,15,,87373,2,,,1,55,,87392,2,,,1,15,,87411,2,,,1,15,,87430,2,,,1,15,,87374,2,,,1,55,,87393,2,,,1,15,,87412,2,,,1,15,,87431,2,,,1,15,,87375,2,,,1,55,,87394,2,,,1,15,,87413,2,,,1,15,,87432,2,,,1,15,,87376,2,,,1,55,,87395,2,,,1,15,,87414,2,,,1,15,,87433,2,,,1,15,,87377,2,,,1,55,,87396,2,,,1,15,,87415,2,,,1,15,,87434,2,,,1,15,,87378,2,,,1,55,,87397,2,,,1,15,,87416,2,,,1,15,,87435,2,,,1,15,,87379,2,,,1,55,,87398,2,,,1,15,,87417,2,,,1,15,,87436,2,,,1,15,,87380,2,,,1,55,,87399,2,,,1,15,,87418,2,,,1,15,,87437,2,,,1,15,,87381,2,,,1,55,,87400,2,,,1,15,,87419,2,,,1,15,,87438,2,,,1,15,,87382,2,,,1,55,,87401,2,,,1,15,,87420,2,,,1,15,,87439,2,,,1,15,,87383,2,,,1,55,,87402,2,,,1,15,,87421,2,,,1,15,,87440,2,,,1,15,,87384,2,,,1,55,,87403,2,,,1,15,,87422,2,,,1,15,,87441,2,,,1,15,,87385,2,,,1,55,,87404,2,,,1,15,,87423,2,,,1,15,,87442,2,,,1,15,,87386,2,,,1,55,,87405,2,,,1,15,,87424,2,,,1,15,,87443,2,,,1,15,,87387,2,,,1,55,,87406,2,,,1
1,'20261130',539,,87503,2,,,1,15,,87444,2,,,1,52,,87464,2,,,1,15,,87484,2,,,1,15,,87504,2,,,1,15,,87445,2,,,1,55,,87465,2,,,1,15,,87485,2,,,1,15,,87505,2,,,1,15,,87446,2,,,1,55,,87466,2,,,1,15,,87486,2,,,1,15,,87506,2,,,1,15,,87447,2,,,1,55,,87467,2,,,1,15,,87487,2,,,1,15,,87507,2,,,1,15,,87448,2,,,1,55,,87468,2,,,1,15,,87488,2,,,1,15,,87508,2,,,1,15,,87449,2,,,1,55,,87469,2,,,1,15,,87489,2,,,1,15,,87509,2,,,1,15,,87450,2,,,1,55,,87470,2,,,1,15,,87490,2,,,1,15,,87510,2,,,1,15,,87451,2,,,1,55,,87471,2,,,1,15,,87491,2,,,1,15,,87511,2,,,1,15,,87452,2,,,1,55,,87472,2,,,1,15,,87492,2,,,1,15,,87512,2,,,1,15,,87453,2,,,1,55,,87473,2,,,1,15,,87493,2,,,1,15,,87513,2,,,1,15,,87454,2,,,1,55,,87474,2,,,1,15,,87494,2,,,1,15,,87514,2,,,1,15,,87455,2,,,1,55,,87475,2,,,1,15,,87495,2,,,1,15,,87515,2,,,1,15,,87456,2,,,1,55,,87476,2,,,1,15,,87496,2,,,1,15,,87516,2,,,1,15,,87457,2,,,1,55,,87477,2,,,1,15,,87497,2,,,1,15,,87517,2,,,1,15,,87458,2,,,1,55,,87478,2,,,1,15,,87498,2,,,1,15,,87518,2,,,1,15,,87459,2,,,1,55,,87479,2,,,1,15,,87499,2,,,1,15,,87519,2,,,1,15,,87460,2,,,1,55,,87480,2,,,1,15,,87500,2,,,1,15,,87520,2,,,1,15,,87461,2,,,1,55,,87481,2,,,1,15,,87501,2,,,1,15,,87521,2,,,1,15,,87462,2,,,1,55,,87482,2,,,1,15,,87502,2,,,1,15,,87522,2,,,1,15,,87463,2,,,1,55,,87483,2,,,1
1,'20261201',539,,87582,2,,,1,15,,87523,2,,,1,52,,87543,2,,,1,15,,87563,2,,,1,15,,87583,2,,,1,15,,87524,2,,,1,55,,87544,2,,,1,15,,87564,2,,,1,15,,87584,2,,,1,15,,87525,2,,,1,55,,87545,2,,,1,15,,87565,2,,,1,15,,87585,2,,,1,15,,87526,2,,,1,55,,87546,2,,,1,15,,87566,2,,,1,15,,87586,2,,,1,15,,87527,2,,,1,55,,87547,2,,,1,15,,87567,2,,,1,15,,87587,2,,,1,15,,87528,2,,,1,55,,87548,2,,,1,15,,87568,2,,,1,15,,87588,2,,,1,15,,87529,2,,,1,55,,87549,2,,,1,15,,87569,2,,,1,15,,87589,2,,,1,15,,87530,2,,,1,55,,87550,2,,,1,15,,87570,2,,,1,15,,87590,2,,,1,15,,87531,2,,,1,55,,87551,2,,,1,15,,87571,2,,,1,15,,87591,2,,,1,15,,87532,2,,,1,55,,87552,2,,,1,15,,87572,2,,,1,15,,87592,2,,,1,15,,87533,2,,,1,55,,87553,2,,,1,15,,87573,2,,,1,15,,87593,2,,,1,15,,87534,2,,,1,55,,87554,2,,,1,15,,87574,2,,,1,15,,87594,2,,,1,15,,87535,2,,,1,55,,87555,2,,,1,15,,87575,2,,,1,15,,87595,2,,,1,15,,87536,2,,,1,55,,87556,2,,,1,15,,87576,2,,,1,15,,87596,2,,,1,15,,87537,2,,,1,55,,87557,2,,,1,15,,87577,2,,,1,15,,87597,2,,,1,15,,87538,2,,,1,55,,87558,2,,,1,15,,87578,2,,,1,15,,87598,2,,,1,15,,87539,2,,,1,55,,87559,2,,,1,15,,87579,2,,,1,15,,87599,2,,,1,15,,87540,2,,,1,55,,87560,2,,,1,15,,87580,2,,,1,15,,87600,2,,,1,15,,87541,2,,,1,55,,87561,2,,,1,15,,87581,2,,,1,15,,87601,2,,,1,15,,87542,2,,,1,55,,87562,2,,,1
1,'20261202',539,,87661,2,,,1,15,,87602,2,,,1,52,,87622,2,,,1,15,,87642,2,,,1,15,,87662,2,,,1,15,,87603,2,,,1,55,,87623,2,,,1,15,,87643,2,,,1,15,,87663,2,,,1,15,,87604,2,,,1,55,,87624,2,,,1,15,,87644,2,,,1,15,,87664,2,,,1,15,,87605,2,,,1,55,,87625,2,,,1,15,,87645,2,,,1,15,,87665,2,,,1,15,,87606,2,,,1,55,,87626,2,,,1,15,,87646,2,,,1,15,,87666,2,,,1,15,,87607,2,,,1,55,,87627,2,,,1,15,,87647,2,,,1,15,,87667,2,,,1,15,,87608,2,,,1,55,,87628,2,,,1,15,,87648,2,,,1,15,,87668,2,,,1,15,,87609,2,,,1,55,,87629,2,,,1,15,,87649,2,,,1,15,,87669,2,,,1,15,,87610,2,,,1,55,,87630,2,,,1,15,,87650,2,,,1,15,,87670,2,,,1,15,,87611,2,,,1,55,,87631,2,,,1,15,,87651,2,,,1,15,,87671,2,,,1,15,,87612,2,,,1,55,,87632,2,,,1,15,,87652,2,,,1,15,,87672,2,,,1,15,,87613,2,,,1,55,,87633,2,,,1,15,,87653,2,,,1,15,,87673,2,,,1,15,,87614,2,,,1,55,,87634,2,,,1,15,,87654,2,,,1,15,,87674,2,,,1,15,,87615,2,,,1,55,,87635,2,,,1,15,,87655,2,,,1,15,,87675,2,,,1,15,,87616,2,,,1,55,,87636,2,,,1,15,,87656,2,,,1,15,,87676,2,,,1,15,,87617,2,,,1,55,,87637,2,,,1,15,,87657,2,,,1,15,,87677,2,,,1,15,,87618,2,,,1,55,,87638,2,,,1,15,,87658,2,,,1,15,,87678,2,,,1,15,,87619,2,,,1,55,,87639,2,,,1,15,,87659,2,,,1,15,,87679,2,,,1,15,,87620,2,,,1,55,,87640,2,,,1,15,,87660,2,,,1,15,,87680,2,,,1,15,,87621,2,,,1,55,,87641,2,,,1
1,'20261203',539,,87740,2,,,1,15,,87681,2,,,1,52,,87701,2,,,1,15,,87721,2,,,1,15,,87741,2,,,1,15,,87682,2,,,1,55,,87702,2,,,1,15,,87722,2,,,1,15,,87742,2,,,1,15,,87683,2,,,1,55,,87703,2,,,1,15,,87723,2,,,1,15,,87743,2,,,1,15,,87684,2,,,1,55,,87704,2,,,1,15,,87724,2,,,1,15,,87744,2,,,1,15,,87685,2,,,1,55,,87705,2,,,1,15,,87725,2,,,1,15,,87745,2,,,1,15,,87686,2,,,1,55,,87706,2,,,1,15,,87726,2,,,1,15,,87746,2,,,1,15,,87687,2,,,1,55,,87707,2,,,1,15,,87727,2,,,1,15,,87747,2,,,1,15,,87688,2,,,1,55,,87708,2,,,1,15,,87728,2,,,1,15,,87748,2,,,1,15,,87689,2,,,1,55,,87709,2,,,1,15,,87729,2,,,1,15,,87749,2,,,1,15,,87690,2,,,1,55,,87710,2,,,1,15,,87730,2,,,1,15,,87750,2,,,1,15,,87691,2,,,1,55,,87711,2,,,1,15,,87731,2,,,1,15,,87751,2,,,1,15,,87692,2,,,1,55,,87712,2,,,1,15,,87732,2,,,1,15,,87752,2,,,1,15,,87693,2,,,1,55,,87713,2,,,1,15,,87733,2,,,1,15,,87753,2,,,1,15,,87694,2,,,1,55,,87714,2,,,1,15,,87734,2,,,1,15,,87754,2,,,1,15,,87695,2,,,1,55,,87715,2,,,1,15,,87735,2,,,1,15,,87755,2,,,1,15,,87696,2,,,1,55,,87716,2,,,1,15,,87736,2,,,1,15,,87756,2,,,1,15,,87697,2,,,1,55,,87717,2,,,1,15,,87737,2,,,1,15,,87757,2,,,1,15,,87698,2,,,1,55,,87718,2,,,1,15,,87738,2,,,1,15,,87758,2,,,1,15,,87699,2,,,1,55,,87719,2,,,1,15,,87739,2,,,1,15,,87759,2,,,1,15,,87700,2,,,1,55,,87720,2,,,1
1,'20261204',539,,87819,2,,,1,15,,87760,2,,,1,52,,87780,2,,,1,15,,87800,2,,,1,15,,87820,2,,,1,15,,87761,2,,,1,55,,87781,2,,,1,15,,87801,2,,,1,15,,87821,2,,,1,15,,87762,2,,,1,55,,87782,2,,,1,15,,87802,2,,,1,15,,87822,2,,,1,15,,87763,2,,,1,55,,87783,2,,,1,15,,87803,2,,,1,15,,87823,2,,,1,15,,87764,2,,,1,55,,87784,2,,,1,15,,87804,2,,,1,15,,87824,2,,,1,15,,87765,2,,,1,55,,87785,2,,,1,15,,87805,2,,,1,15,,87825,2,,,1,15,,87766,2,,,1,55,,87786,2,,,1,15,,87806,2,,,1,15,,87826,2,,,1,15,,87767,2,,,1,55,,87787,2,,,1,15,,87807,2,,,1,15,,87827,2,,,1,15,,87768,2,,,1,55,,87788,2,,,1,15,,87808,2,,,1,15,,87828,2,,,1,15,,87769,2,,,1,55,,87789,2,,,1,15,,87809,2,,,1,15,,87829,2,,,1,15,,87770,2,,,1,55,,87790,2,,,1,15,,87810,2,,,1,15,,87830,2,,,1,15,,87771,2,,,1,55,,87791,2,,,1,15,,87811,2,,,1,15,,87831,2,,,1,15,,87772,2,,,1,55,,87792,2,,,1,15,,87812,2,,,1,15,,87832,2,,,1,15,,87773,2,,,1,55,,87793,2,,,1,15,,87813,2,,,1,15,,87833,2,,,1,15,,87774,2,,,1,55,,87794,2,,,1,15,,87814,2,,,1,15,,87834,2,,,1,15,,87775,2,,,1,55,,87795,2,,,1,15,,87815,2,,,1,15,,87835,2,,,1,15,,87776,2,,,1,55,,87796,2,,,1,15,,87816,2,,,1,15,,87836,2,,,1,15,,87777,2,,,1,55,,87797,2,,,1,15,,87817,2,,,1,15,,87837,2,,,1,15,,87778,2,,,1,55,,87798,2,,,1,15,,87818,2,,,1,15,,87838,2,,,1,15,,87779,2,,,1,55,,87799,2,,,1
1,'20261205',636,,87895,2,,,1,15,,87839,2,,,1,55,,87858,2,,,1,15,,87877,2,,,1,15,,87896,2,,,1,15,,87840,2,,,1,55,,87859,2,,,1,15,,87878,2,,,1,15,,87897,2,,,1,15,,87841,2,,,1,55,,87860,2,,,1,15,,87879,2,,,1,15,,87898,2,,,1,15,,87842,2,,,1,55,,87861,2,,,1,15,,87880,2,,,1,15,,87899,2,,,1,15,,87843,2,,,1,55,,87862,2,,,1,15,,87881,2,,,1,15,,87900,2,,,1,15,,87844,2,,,1,55,,87863,2,,,1,15,,87882,2,,,1,15,,87901,2,,,1,15,,87845,2,,,1,55,,87864,2,,,1,15,,87883,2,,,1,15,,87902,2,,,1,15,,87846,2,,,1,55,,87865,2,,,1,15,,87884,2,,,1,15,,87903,2,,,1,15,,87847,2,,,1,55,,87866,2,,,1,15,,87885,2,,,1,15,,87904,2,,,1,15,,87848,2,,,1,55,,87867,2,,,1,15,,87886,2,,,1,15,,87905,2,,,1,15,,87849,2,,,1,55,,87868,2,,,1,15,,87887,2,,,1,15,,87906,2,,,1,15,,87850,2,,,1,55,,87869,2,,,1,15,,87888,2,,,1,15,,87907,2,,,1,15,,87851,2,,,1,55,,87870,2,,,1,15,,87889,2,,,1,15,,87908,2,,,1,15,,87852,2,,,1,55,,87871,2,,,1,15,,87890,2,,,1,15,,87909,2,,,1,15,,87853,2,,,1,55,,87872,2,,,1,15,,87891,2,,,1,15,,87910,2,,,1,15,,87854,2,,,1,55,,87873,2,,,1,15,,87892,2,,,1,15,,87911,2,,,1,15,,87855,2,,,1,55,,87874,2,,,1,15,,87893,2,,,1,15,,87912,2,,,1,15,,87856,2,,,1,55,,87875,2,,,1,15,,87894,2,,,1,15,,87913,2,,,1,15,,87857,2,,,1,55,,87876,2,,,1
1,'20261206',636,,87970,2,,,1,15,,87914,2,,,1,55,,87933,2,,,1,15,,87952,2,,,1,15,,87971,2,,,1,15,,87915,2,,,1,55,,87934,2,,,1,15,,87953,2,,,1,15,,87972,2,,,1,15,,87916,2,,,1,55,,87935,2,,,1,15,,87954,2,,,1,15,,87973,2,,,1,15,,87917,2,,,1,55,,87936,2,,,1,15,,87955,2,,,1,15,,87974,2,,,1,15,,87918,2,,,1,55,,87937,2,,,1,15,,87956,2,,,1,15,,87975,2,,,1,15,,87919,2,,,1,55,,87938,2,,,1,15,,87957,2,,,1,15,,87976,2,,,1,15,,87920,2,,,1,55,,87939,2,,,1,15,,87958,2,,,1,15,,87977,2,,,1,15,,87921,2,,,1,55,,87940,2,,,1,15,,87959,2,,,1,15,,87978,2,,,1,15,,87922,2,,,1,55,,87941,2,,,1,15,,87960,2,,,1,15,,87979,2,,,1,15,,87923,2,,,1,55,,87942,2,,,1,15,,87961,2,,,1,15,,87980,2,,,1,15,,87924,2,,,1,55,,87943,2,,,1,15,,87962,2,,,1,15,,87981,2,,,1,15,,87925,2,,,1,55,,87944,2,,,1,15,,87963,2,,,1,15,,87982,2,,,1,15,,87926,2,,,1,55,,87945,2,,,1,15,,87964,2,,,1,15,,87983,2,,,1,15,,87927,2,,,1,55,,87946,2,,,1,15,,87965,2,,,1,15,,87984,2,,,1,15,,87928,2,,,1,55,,87947,2,,,1,15,,87966,2,,,1,15,,87985,2,,,1,15,,87929,2,,,1,55,,87948,2,,,1,15,,87967,2,,,1,15,,87986,2,,,1,15,,87930,2,,,1,55,,87949,2,,,1,15,,87968,2,,,1,15,,87987,2,,,1,15,,87931,2,,,1,55,,87950,2,,,1,15,,87969,2,,,1,15,,87988,2,,,1,15,,87932,2,,,1,55,,87951,2,,,1
1,'20261207',539,,88048,2,,,1,15,,87989,2,,,1,52,,88009,2,,,1,15,,88029,2,,,1,15,,88049,2,,,1,15,,87990,2,,,1,55,,88010,2,,,1,15,,88030,2,,,1,15,,88050,2,,,1,15,,87991,2,,,1,55,,88011,2,,,1,15,,88031,2,,,1,15,,88051,2,,,1,15,,87992,2,,,1,55,,88012,2,,,1,15,,88032,2,,,1,15,,88052,2,,,1,15,,87993,2,,,1,55,,88013,2,,,1,15,,88033,2,,,1,15,,88053,2,,,1,15,,87994,2,,,1,55,,88014,2,,,1,15,,88034,2,,,1,15,,88054,2,,,1,15,,87995,2,,,1,55,,88015,2,,,1,15,,88035,2,,,1,15,,88055,2,,,1,15,,87996,2,,,1,55,,88016,2,,,1,15,,88036,2,,,1,15,,88056,2,,,1,15,,87997,2,,,1,55,,88017,2,,,1,15,,88037,2,,,1,15,,88057,2,,,1,15,,87998,2,,,1,55,,88018,2,,,1,15,,88038,2,,,1,15,,88058,2,,,1,15,,87999,2,,,1,55,,88019,2,,,1,15,,88039,2,,,1,15,,88059,2,,,1,15,,88000,2,,,1,55,,88020,2,,,1,15,,88040,2,,,1,15,,88060,2,,,1,15,,88001,2,,,1,55,,88021,2,,,1,15,,88041,2,,,1,15,,88061,2,,,1,15,,88002,2,,,1,55,,88022,2,,,1,15,,88042,2,,,1,15,,88062,2,,,1,15,,88003,2,,,1,55,,88023,2,,,1,15,,88043,2,,,1,15,,88063,2,,,1,15,,88004,2,,,1,55,,88024,2,,,1,15,,88044,2,,,1,15,,88064,2,,,1,15,,88005,2,,,1,55,,88025,2,,,1,15,,88045,2,,,1,15,,88065,2,,,1,15,,88006,2,,,1,55,,88026,2,,,1,15,,88046,2,,,1,15,,88066,2,,,1,15,,88007,2,,,1,55,,88027,2,,,1,15,,88047,2,,,1,15,,88067,2,,,1,15,,88008,2,,,1,55,,88028,2,,,1
1,'20261208',539,,88127,2,,,1,15,,88068,2,,,1,52,,88088,2,,,1,15,,88108,2,,,1,15,,88128,2,,,1,15,,88069,2,,,1,55,,88089,2,,,1,15,,88109,2,,,1,15,,88129,2,,,1,15,,88070,2,,,1,55,,88090,2,,,1,15,,88110,2,,,1,15,,88130,2,,,1,15,,88071,2,,,1,55,,88091,2,,,1,15,,88111,2,,,1,15,,88131,2,,,1,15,,88072,2,,,1,55,,88092,2,,,1,15,,88112,2,,,1,15,,88132,2,,,1,15,,88073,2,,,1,55,,88093,2,,,1,15,,88113,2,,,1,15,,88133,2,,,1,15,,88074,2,,,1,55,,88094,2,,,1,15,,88114,2,,,1,15,,88134,2,,,1,15,,88075,2,,,1,55,,88095,2,,,1,15,,88115,2,,,1,15,,88135,2,,,1,15,,88076,2,,,1,55,,88096,2,,,1,15,,88116,2,,,1,15,,88136,2,,,1,15,,88077,2,,,1,55,,88097,2,,,1,15,,88117,2,,,1,15,,88137,2,,,1,15,,88078,2,,,1,55,,88098,2,,,1,15,,88118,2,,,1,15,,88138,2,,,1,15,,88079,2,,,1,55,,88099,2,,,1,15,,88119,2,,,1,15,,88139,2,,,1,15,,88080,2,,,1,55,,88100,2,,,1,15,,88120,2,,,1,15,,88140,2,,,1,15,,88081,2,,,1,55,,88101,2,,,1,15,,88121,2,,,1,15,,88141,2,,,1,15,,88082,2,,,1,55,,88102,2,,,1,15,,88122,2,,,1,15,,88142,2,,,1,15,,88083,2,,,1,55,,88103,2,,,1,15,,88123,2,,,1,15,,88143,2,,,1,15,,88084,2,,,1,55,,88104,2,,,1,15,,88124,2,,,1,15,,88144,2,,,1,15,,88085,2,,,1,55,,88105,2,,,1,15,,88125,2,,,1,15,,88145,2,,,1,15,,88086,2,,,1,55,,88106,2,,,1,15,,88126,2,,,1,15,,88146,2,,,1,15,,88087,2,,,1,55,,88107,2,,,1
1,'20261209',539,,88206,2,,,1,15,,88147,2,,,1,52,,88167,2,,,1,15,,88187,2,,,1,15,,88207,2,,,1,15,,88148,2,,,1,55,,88168,2,,,1,15,,88188,2,,,1,15,,88208,2,,,1,15,,88149,2,,,1,55,,88169,2,,,1,15,,88189,2,,,1,15,,88209,2,,,1,15,,88150,2,,,1,55,,88170,2,,,1,15,,88190,2,,,1,15,,88210,2,,,1,15,,88151,2,,,1,55,,88171,2,,,1,15,,88191,2,,,1,15,,88211,2,,,1,15,,88152,2,,,1,55,,88172,2,,,1,15,,88192,2,,,1,15,,88212,2,,,1,15,,88153,2,,,1,55,,88173,2,,,1,15,,88193,2,,,1,15,,88213,2,,,1,15,,88154,2,,,1,55,,88174,2,,,1,15,,88194,2,,,1,15,,88214,2,,,1,15,,88155,2,,,1,55,,88175,2,,,1,15,,88195,2,,,1,15,,88215,2,,,1,15,,88156,2,,,1,55,,88176,2,,,1,15,,88196,2,,,1,15,,88216,2,,,1,15,,88157,2,,,1,55,,88177,2,,,1,15,,88197,2,,,1,15,,88217,2,,,1,15,,88158,2,,,1,55,,88178,2,,,1,15,,88198,2,,,1,15,,88218,2,,,1,15,,88159,2,,,1,55,,88179,2,,,1,15,,88199,2,,,1,15,,88219,2,,,1,15,,88160,2,,,1,55,,88180,2,,,1,15,,88200,2,,,1,15,,88220,2,,,1,15,,88161,2,,,1,55,,88181,2,,,1,15,,88201,2,,,1,15,,88221,2,,,1,15,,88162,2,,,1,55,,88182,2,,,1,15,,88202,2,,,1,15,,88222,2,,,1,15,,88163,2,,,1,55,,88183,2,,,1,15,,88203,2,,,1,15,,88223,2,,,1,15,,88164,2,,,1,55,,88184,2,,,1,15,,88204,2,,,1,15,,88224,2,,,1,15,,88165,2,,,1,55,,88185,2,,,1,15,,88205,2,,,1,15,,88225,2,,,1,15,,88166,2,,,1,55,,88186,2,,,1
1,'20261210',539,,88285,2,,,1,15,,88226,2,,,1,52,,88246,2,,,1,15,,88266,2,,,1,15,,88286,2,,,1,15,,88227,2,,,1,55,,88247,2,,,1,15,,88267,2,,,1,15,,88287,2,,,1,15,,88228,2,,,1,55,,88248,2,,,1,15,,88268,2,,,1,15,,88288,2,,,1,15,,88229,2,,,1,55,,88249,2,,,1,15,,88269,2,,,1,15,,88289,2,,,1,15,,88230,2,,,1,55,,88250,2,,,1,15,,88270,2,,,1,15,,88290,2,,,1,15,,88231,2,,,1,55,,88251,2,,,1,15,,88271,2,,,1,15,,88291,2,,,1,15,,88232,2,,,1,55,,88252,2,,,1,15,,88272,2,,,1,15,,88292,2,,,1,15,,88233,2,,,1,55,,88253,2,,,1,15,,88273,2,,,1,15,,88293,2,,,1,15,,88234,2,,,1,55,,88254,2,,,1,15,,88274,2,,,1,15,,88294,2,,,1,15,,88235,2,,,1,55,,88255,2,,,1,15,,88275,2,,,1,15,,88295,2,,,1,15,,88236,2,,,1,55,,88256,2,,,1,15,,88276,2,,,1,15,,88296,2,,,1,15,,88237,2,,,1,55,,88257,2,,,1,15,,88277,2,,,1,15,,88297,2,,,1,15,,88238,2,,,1,55,,88258,2,,,1,15,,88278,2,,,1,15,,88298,2,,,1,15,,88239,2,,,1,55,,88259,2,,,1,15,,88279,2,,,1,15,,88299,2,,,1,15,,88240,2,,,1,55,,88260,2,,,1,15,,88280,2,,,1,15,,88300,2,,,1,15,,88241,2,,,1,55,,88261,2,,,1,15,,88281,2,,,1,15,,88301,2,,,1,15,,88242,2,,,1,55,,88262,2,,,1,15,,88282,2,,,1,15,,88302,2,,,1,15,,88243,2,,,1,55,,88263,2,,,1,15,,88283,2,,,1,15,,88303,2,,,1,15,,88244,2,,,1,55,,88264,2,,,1,15,,88284,2,,,1,15,,88304,2,,,1,15,,88245,2,,,1,55,,88265,2,,,1
1,'20261211',539,,88364,2,,,1,15,,88305,2,,,1,52,,88325,2,,,1,15,,88345,2,,,1,15,,88365,2,,,1,15,,88306,2,,,1,55,,88326,2,,,1,15,,88346,2,,,1,15,,88366,2,,,1,15,,88307,2,,,1,55,,88327,2,,,1,15,,88347,2,,,1,15,,88367,2,,,1,15,,88308,2,,,1,55,,88328,2,,,1,15,,88348,2,,,1,15,,88368,2,,,1,15,,88309,2,,,1,55,,88329,2,,,1,15,,88349,2,,,1,15,,88369,2,,,1,15,,88310,2,,,1,55,,88330,2,,,1,15,,88350,2,,,1,15,,88370,2,,,1,15,,88311,2,,,1,55,,88331,2,,,1,15,,88351,2,,,1,15,,88371,2,,,1,15,,88312,2,,,1,55,,88332,2,,,1,15,,88352,2,,,1,15,,88372,2,,,1,15,,88313,2,,,1,55,,88333,2,,,1,15,,88353,2,,,1,15,,88373,2,,,1,15,,88314,2,,,1,55,,88334,2,,,1,15,,88354,2,,,1,15,,88374,2,,,1,15,,88315,2,,,1,55,,88335,2,,,1,15,,88355,2,,,1,15,,88375,2,,,1,15,,88316,2,,,1,55,,88336,2,,,1,15,,88356,2,,,1,15,,88376,2,,,1,15,,88317,2,,,1,55,,88337,2,,,1,15,,88357,2,,,1,15,,88377,2,,,1,15,,88318,2,,,1,55,,88338,2,,,1,15,,88358,2,,,1,15,,88378,2,,,1,15,,88319,2,,,1,55,,88339,2,,,1,15,,88359,2,,,1,15,,88379,2,,,1,15,,88320,2,,,1,55,,88340,2,,,1,15,,88360,2,,,1,15,,88380,2,,,1,15,,88321,2,,,1,55,,88341,2,,,1,15,,88361,2,,,1,15,,88381,2,,,1,15,,88322,2,,,1,55,,88342,2,,,1,15,,88362,2,,,1,15,,88382,2,,,1,15,,88323,2,,,1,55,,88343,2,,,1,15,,88363,2,,,1,15,,88383,2,,,1,15,,88324,2,,,1,55,,88344,2,,,1
1,'20261212',636,,88440,2,,,1,15,,88384,2,,,1,55,,88403,2,,,1,15,,88422,2,,,1,15,,88441,2,,,1,15,,88385,2,,,1,55,,88404,2,,,1,15,,88423,2,,,1,15,,88442,2,,,1,15,,88386,2,,,1,55,,88405,2,,,1,15,,88424,2,,,1,15,,88443,2,,,1,15,,88387,2,,,1,55,,88406,2,,,1,15,,88425,2,,,1,15,,88444,2,,,1,15,,88388,2,,,1,55,,88407,2,,,1,15,,88426,2,,,1,15,,88445,2,,,1,15,,88389,2,,,1,55,,88408,2,,,1,15,,88427,2,,,1,15,,88446,2,,,1,15,,88390,2,,,1,55,,88409,2,,,1,15,,88428,2,,,1,15,,88447,2,,,1,15,,88391,2,,,1,55,,88410,2,,,1,15,,88429,2,,,1,15,,88448,2,,,1,15,,88392,2,,,1,55,,88411,2,,,1,15,,88430,2,,,1,15,,88449,2,,,1,15,,88393,2,,,1,55,,88412,2,,,1,15,,88431,2,,,1,15,,88450,2,,,1,15,,88394,2,,,1,55,,88413,2,,,1,15,,88432,2,,,1,15,,88451,2,,,1,15,,88395,2,,,1,55,,88414,2,,,1,15,,88433,2,,,1,15,,88452,2,,,1,15,,88396,2,,,1,55,,88415,2,,,1,15,,88434,2,,,1,15,,88453,2,,,1,15,,88397,2,,,1,55,,88416,2,,,1,15,,88435,2,,,1,15,,88454,2,,,1,15,,88398,2,,,1,55,,88417,2,,,1,15,,88436,2,,,1,15,,88455,2,,,1,15,,88399,2,,,1,55,,88418,2,,,1,15,,88437,2,,,1,15,,88456,2,,,1,15,,88400,2,,,1,55,,88419,2,,,1,15,,88438,2,,,1,15,,88457,2,,,1,15,,88401,2,,,1,55,,88420,2,,,1,15,,88439,2,,,1,15,,88458,2,,,1,15,,88402,2,,,1,55,,88421,2,,,1
1,'20261213',636,,88515,2,,,1,15,,88459,2,,,1,55,,88478,2,,,1,15,,88497,2,,,1,15,,88516,2,,,1,15,,88460,2,,,1,55,,88479,2,,,1,15,,88498,2,,,1,15,,88517,2,,,1,15,,88461,2,,,1,55,,88480,2,,,1,15,,88499,2,,,1,15,,88518,2,,,1,15,,88462,2,,,1,55,,88481,2,,,1,15,,88500,2,,,1,15,,88519,2,,,1,15,,88463,2,,,1,55,,88482,2,,,1,15,,88501,2,,,1,15,,88520,2,,,1,15,,88464,2,,,1,55,,88483,2,,,1,15,,88502,2,,,1,15,,88521,2,,,1,15,,88465,2,,,1,55,,88484,2,,,1,15,,88503,2,,,1,15,,88522,2,,,1,15,,88466,2,,,1,55,,88485,2,,,1,15,,88504,2,,,1,15,,88523,2,,,1,15,,88467,2,,,1,55,,88486,2,,,1,15,,88505,2,,,1,15,,88524,2,,,1,15,,88468,2,,,1,55,,88487,2,,,1,15,,88506,2,,,1,15,,88525,2,,,1,15,,88469,2,,,1,55,,88488,2,,,1,15,,88507,2,,,1,15,,88526,2,,,1,15,,88470,2,,,1,55,,88489,2,,,1,15,,88508,2,,,1,15,,88527,2,,,1,15,,88471,2,,,1,55,,88490,2,,,1,15,,88509,2,,,1,15,,88528,2,,,1,15,,88472,2,,,1,55,,88491,2,,,1,15,,88510,2,,,1,15,,88529,2,,,1,15,,88473,2,,,1,55,,88492,2,,,1,15,,88511,2,,,1,15,,88530,2,,,1,15,,88474,2,,,1,55,,88493,2,,,1,15,,88512,2,,,1,15,,88531,2,,,1,15,,88475,2,,,1,55,,88494,2,,,1,15,,88513,2,,,1,15,,88532,2,,,1,15,,88476,2,,,1,55,,88495,2,,,1,15,,88514,2,,,1,15,,88533,2,,,1,15,,88477,2,,,1,55,,88496,2,,,1
1,'20261214',539,,88593,2,,,1,15,,88534,2,,,1,52,,88554,2,,,1,15,,88574,2,,,1,15,,88594,2,,,1,15,,88535,2,,,1,55,,88555,2,,,1,15,,88575,2,,,1,15,,88595,2,,,1,15,,88536,2,,,1,55,,88556,2,,,1,15,,88576,2,,,1,15,,88596,2,,,1,15,,88537,2,,,1,55,,88557,2,,,1,15,,88577,2,,,1,15,,88597,2,,,1,15,,88538,2,,,1,55,,88558,2,,,1,15,,88578,2,,,1,15,,88598,2,,,1,15,,88539,2,,,1,55,,88559,2,,,1,15,,88579,2,,,1,15,,88599,2,,,1,15,,88540,2,,,1,55,,88560,2,,,1,15,,88580,2,,,1,15,,88600,2,,,1,15,,88541,2,,,1,55,,88561,2,,,1,15,,88581,2,,,1,15,,88601,2,,,1,15,,88542,2,,,1,55,,88562,2,,,1,15,,88582,2,,,1,15,,88602,2,,,1,15,,88543,2,,,1,55,,88563,2,,,1,15,,88583,2,,,1,15,,88603,2,,,1,15,,88544,2,,,1,55,,88564,2,,,1,15,,88584,2,,,1,15,,88604,2,,,1,15,,88545,2,,,1,55,,88565,2,,,1,15,,88585,2,,,1,15,,88605,2,,,1,15,,88546,2,,,1,55,,88566,2,,,1,15,,88586,2,,,1,15,,88606,2,,,1,15,,88547,2,,,1,55,,88567,2,,,1,15,,88587,2,,,1,15,,88607,2,,,1,15,,88548,2,,,1,55,,88568,2,,,1,15,,88588,2,,,1,15,,88608,2,,,1,15,,88549,2,,,1,55,,88569,2,,,1,15,,88589,2,,,1,15,,88609,2,,,1,15,,88550,2,,,1,55,,88570,2,,,1,15,,88590,2,,,1,15,,88610,2,,,1,15,,88551,2,,,1,55,,88571,2,,,1,15,,88591,2,,,1,15,,88611,2,,,1,15,,88552,2,,,1,55,,88572,2,,,1,15,,88592,2,,,1,15,,88612,2,,,1,15,,88553,2,,,1,55,,88573,2,,,1
1,'20261215',539,,88672,2,,,1,15,,88613,2,,,1,52,,88633,2,,,1,15,,88653,2,,,1,15,,88673,2,,,1,15,,88614,2,,,1,55,,88634,2,,,1,15,,88654,2,,,1,15,,88674,2,,,1,15,,88615,2,,,1,55,,88635,2,,,1,15,,88655,2,,,1,15,,88675,2,,,1,15,,88616,2,,,1,55,,88636,2,,,1,15,,88656,2,,,1,15,,88676,2,,,1,15,,88617,2,,,1,55,,88637,2,,,1,15,,88657,2,,,1,15,,88677,2,,,1,15,,88618,2,,,1,55,,88638,2,,,1,15,,88658,2,,,1,15,,88678,2,,,1,15,,88619,2,,,1,55,,88639,2,,,1,15,,88659,2,,,1,15,,88679,2,,,1,15,,88620,2,,,1,55,,88640,2,,,1,15,,88660,2,,,1,15,,88680,2,,,1,15,,88621,2,,,1,55,,88641,2,,,1,15,,88661,2,,,1,15,,88681,2,,,1,15,,88622,2,,,1,55,,88642,2,,,1,15,,88662,2,,,1,15,,88682,2,,,1,15,,88623,2,,,1,55,,88643,2,,,1,15,,88663,2,,,1,15,,88683,2,,,1,15,,88624,2,,,1,55,,88644,2,,,1,15,,88664,2,,,1,15,,88684,2,,,1,15,,88625,2,,,1,55,,88645,2,,,1,15,,88665,2,,,1,15,,88685,2,,,1,15,,88626,2,,,1,55,,88646,2,,,1,15,,88666,2,,,1,15,,88686,2,,,1,15,,88627,2,,,1,55,,88647,2,,,1,15,,88667,2,,,1,15,,88687,2,,,1,15,,88628,2,,,1,55,,88648,2,,,1,15,,88668,2,,,1,15,,88688,2,,,1,15,,88629,2,,,1,55,,88649,2,,,1,15,,88669,2,,,1,15,,88689,2,,,1,15,,88630,2,,,1,55,,88650,2,,,1,15,,88670,2,,,1,15,,88690,2,,,1,15,,88631,2,,,1,55,,88651,2,,,1,15,,88671,2,,,1,15,,88691,2,,,1,15,,88632,2,,,1,55,,88652,2,,,1
1,'20261216',539,,88751,2,,,1,15,,88692,2,,,1,52,,88712,2,,,1,15,,88732,2,,,1,15,,88752,2,,,1,15,,88693,2,,,1,55,,88713,2,,,1,15,,88733,2,,,1,15,,88753,2,,,1,15,,88694,2,,,1,55,,88714,2,,,1,15,,88734,2,,,1,15,,88754,2,,,1,15,,88695,2,,,1,55,,88715,2,,,1,15,,88735,2,,,1,15,,88755,2,,,1,15,,88696,2,,,1,55,,88716,2,,,1,15,,88736,2,,,1,15,,88756,2,,,1,15,,88697,2,,,1,55,,88717,2,,,1,15,,88737,2,,,1,15,,88757,2,,,1,15,,88698,2,,,1,55,,88718,2,,,1,15,,88738,2,,,1,15,,88758,2,,,1,15,,88699,2,,,1,55,,88719,2,,,1,15,,88739,2,,,1,15,,88759,2,,,1,15,,88700,2,,,1,55,,88720,2,,,1,15,,88740,2,,,1,15,,88760,2,,,1,15,,88701,2,,,1,55,,88721,2,,,1,15,,88741,2,,,1,15,,88761,2,,,1,15,,88702,2,,,1,55,,88722,2,,,1,15,,88742,2,,,1,15,,88762,2,,,1,15,,88703,2,,,1,55,,88723,2,,,1,15,,88743,2,,,1,15,,88763,2,,,1,15,,88704,2,,,1,55,,88724,2,,,1,15,,88744,2,,,1,15,,88764,2,,,1,15,,88705,2,,,1,55,,88725,2,,,1,15,,88745,2,,,1,15,,88765,2,,,1,15,,88706,2,,,1,55,,88726,2,,,1,15,,88746,2,,,1,15,,88766,2,,,1,15,,88707,2,,,1,55,,88727,2,,,1,15,,88747,2,,,1,15,,88767,2,,,1,15,,88708,2,,,1,55,,88728,2,,,1,15,,88748,2,,,1,15,,88768,2,,,1,15,,88709,2,,,1,55,,88729,2,,,1,15,,88749,2,,,1,15,,88769,2,,,1,15,,88710,2,,,1,55,,88730,2,,,1,15,,88750,2,,,1,15,,88770,2,,,1,15,,88711,2,,,1,55,,88731,2,,,1
1,'20261217',539,,88830,2,,,1,15,,88771,2,,,1,52,,88791,2,,,1,15,,88811,2,,,1,15,,88831,2,,,1,15,,88772,2,,,1,55,,88792,2,,,1,15,,88812,2,,,1,15,,88832,2,,,1,15,,88773,2,,,1,55,,88793,2,,,1,15,,88813,2,,,1,15,,88833,2,,,1,15,,88774,2,,,1,55,,88794,2,,,1,15,,88814,2,,,1,15,,88834,2,,,1,15,,88775,2,,,1,55,,88795,2,,,1,15,,88815,2,,,1,15,,88835,2,,,1,15,,88776,2,,,1,55,,88796,2,,,1,15,,88816,2,,,1,15,,88836,2,,,1,15,,88777,2,,,1,55,,88797,2,,,1,15,,88817,2,,,1,15,,88837,2,,,1,15,,88778,2,,,1,55,,88798,2,,,1,15,,88818,2,,,1,15,,88838,2,,,1,15,,88779,2,,,1,55,,88799,2,,,1,15,,88819,2,,,1,15,,88839,2,,,1,15,,88780,2,,,1,55,,88800,2,,,1,15,,88820,2,,,1,15,,88840,2,,,1,15,,88781,2,,,1,55,,88801,2,,,1,15,,88821,2,,,1,15,,88841,2,,,1,15,,88782,2,,,1,55,,88802,2,,,1,15,,88822,2,,,1,15,,88842,2,,,1,15,,88783,2,,,1,55,,88803,2,,,1,15,,88823,2,,,1,15,,88843,2,,,1,15,,88784,2,,,1,55,,88804,2,,,1,15,,88824,2,,,1,15,,88844,2,,,1,15,,88785,2,,,1,55,,88805,2,,,1,15,,88825,2,,,1,15,,88845,2,,,1,15,,88786,2,,,1,55,,88806,2,,,1,15,,88826,2,,,1,15,,88846,2,,,1,15,,88787,2,,,1,55,,88807,2,,,1,15,,88827,2,,,1,15,,88847,2,,,1,15,,88788,2,,,1,55,,88808,2,,,1,15,,88828,2,,,1,15,,88848,2,,,1,15,,88789,2,,,1,55,,88809,2,,,1,15,,88829,2,,,1,15,,88849,2,,,1,15,,88790,2,,,1,55,,88810,2,,,1
1,'20261218',539,,88909,2,,,1,15,,88850,2,,,1,52,,88870,2,,,1,15,,88890,2,,,1,15,,88910,2,,,1,15,,88851,2,,,1,55,,88871,2,,,1,15,,88891,2,,,1,15,,88911,2,,,1,15,,88852,2,,,1,55,,88872,2,,,1,15,,88892,2,,,1,15,,88912,2,,,1,15,,88853,2,,,1,55,,88873,2,,,1,15,,88893,2,,,1,15,,88913,2,,,1,15,,88854,2,,,1,55,,88874,2,,,1,15,,88894,2,,,1,15,,88914,2,,,1,15,,88855,2,,,1,55,,88875,2,,,1,15,,88895,2,,,1,15,,88915,2,,,1,15,,88856,2,,,1,55,,88876,2,,,1,15,,88896,2,,,1,15,,88916,2,,,1,15,,88857,2,,,1,55,,88877,2,,,1,15,,88897,2,,,1,15,,88917,2,,,1,15,,88858,2,,,1,55,,88878,2,,,1,15,,88898,2,,,1,15,,88918,2,,,1,15,,88859,2,,,1,55,,88879,2,,,1,15,,88899,2,,,1,15,,88919,2,,,1,15,,88860,2,,,1,55,,88880,2,,,1,15,,88900,2,,,1,15,,88920,2,,,1,15,,88861,2,,,1,55,,88881,2,,,1,15,,88901,2,,,1,15,,88921,2,,,1,15,,88862,2,,,1,55,,88882,2,,,1,15,,88902,2,,,1,15,,88922,2,,,1,15,,88863,2,,,1,55,,88883,2,,,1,15,,88903,2,,,1,15,,88923,2,,,1,15,,88864,2,,,1,55,,88884,2,,,1,15,,88904,2,,,1,15,,88924,2,,,1,15,,88865,2,,,1,55,,88885,2,,,1,15,,88905,2,,,1,15,,88925,2,,,1,15,,88866,2,,,1,55,,88886,2,,,1,15,,88906,2,,,1,15,,88926,2,,,1,15,,88867,2,,,1,55,,88887,2,,,1,15,,88907,2,,,1,15,,88927,2,,,1,15,,88868,2,,,1,55,,88888,2,,,1,15,,88908,2,,,1,15,,88928,2,,,1,15,,88869,2,,,1,55,,88889,2,,,1
1,'20261219',636,,88985,2,,,1,15,,88929,2,,,1,55,,88948,2,,,1,15,,88967,2,,,1,15,,88986,2,,,1,15,,88930,2,,,1,55,,88949,2,,,1,15,,88968,2,,,1,15,,88987,2,,,1,15,,88931,2,,,1,55,,88950,2,,,1,15,,88969,2,,,1,15,,88988,2,,,1,15,,88932,2,,,1,55,,88951,2,,,1,15,,88970,2,,,1,15,,88989,2,,,1,15,,88933,2,,,1,55,,88952,2,,,1,15,,88971,2,,,1,15,,88990,2,,,1,15,,88934,2,,,1,55,,88953,2,,,1,15,,88972,2,,,1,15,,88991,2,,,1,15,,88935,2,,,1,55,,88954,2,,,1,15,,88973,2,,,1,15,,88992,2,,,1,15,,88936,2,,,1,55,,88955,2,,,1,15,,88974,2,,,1,15,,88993,2,,,1,15,,88937,2,,,1,55,,88956,2,,,1,15,,88975,2,,,1,15,,88994,2,,,1,15,,88938,2,,,1,55,,88957,2,,,1,15,,88976,2,,,1,15,,88995,2,,,1,15,,88939,2,,,1,55,,88958,2,,,1,15,,88977,2,,,1,15,,88996,2,,,1,15,,88940,2,,,1,55,,88959,2,,,1,15,,88978,2,,,1,15,,88997,2,,,1,15,,88941,2,,,1,55,,88960,2,,,1,15,,88979,2,,,1,15,,88998,2,,,1,15,,88942,2,,,1,55,,88961,2,,,1,15,,88980,2,,,1,15,,88999,2,,,1,15,,88943,2,,,1,55,,88962,2,,,1,15,,88981,2,,,1,15,,89000,2,,,1,15,,88944,2,,,1,55,,88963,2,,,1,15,,88982,2,,,1,15,,89001,2,,,1,15,,88945,2,,,1,55,,88964,2,,,1,15,,88983,2,,,1,15,,89002,2,,,1,15,,88946,2,,,1,55,,88965,2,,,1,15,,88984,2,,,1,15,,89003,2,,,1,15,,88947,2,,,1,55,,88966,2,,,1
1,'20261220',636,,89060,2,,,1,15,,89004,2,,,1,55,,89023,2,,,1,15,,89042,2,,,1,15,,89061,2,,,1,15,,89005,2,,,1,55,,89024,2,,,1,15,,89043,2,,,1,15,,89062,2,,,1,15,,89006,2,,,1,55,,89025,2,,,1,15,,89044,2,,,1,15,,89063,2,,,1,15,,89007,2,,,1,55,,89026,2,,,1,15,,89045,2,,,1,15,,89064,2,,,1,15,,89008,2,,,1,55,,89027,2,,,1,15,,89046,2,,,1,15,,89065,2,,,1,15,,89009,2,,,1,55,,89028,2,,,1,15,,89047,2,,,1,15,,89066,2,,,1,15,,89010,2,,,1,55,,89029,2,,,1,15,,89048,2,,,1,15,,89067,2,,,1,15,,89011,2,,,1,55,,89030,2,,,1,15,,89049,2,,,1,15,,89068,2,,,1,15,,89012,2,,,1,55,,89031,2,,,1,15,,89050,2,,,1,15,,89069,2,,,1,15,,89013,2,,,1,55,,89032,2,,,1,15,,89051,2,,,1,15,,89070,2,,,1,15,,89014,2,,,1,55,,89033,2,,,1,15,,89052,2,,,1,15,,89071,2,,,1,15,,89015,2,,,1,55,,89034,2,,,1,15,,89053,2,,,1,15,,89072,2,,,1,15,,89016,2,,,1,55,,89035,2,,,1,15,,89054,2,,,1,15,,89073,2,,,1,15,,89017,2,,,1,55,,89036,2,,,1,15,,89055,2,,,1,15,,89074,2,,,1,15,,89018,2,,,1,55,,89037,2,,,1,15,,89056,2,,,1,15,,89075,2,,,1,15,,89019,2,,,1,55,,89038,2,,,1,15,,89057,2,,,1,15,,89076,2,,,1,15,,89020,2,,,1,55,,89039,2,,,1,15,,89058,2,,,1,15,,89077,2,,,1,15,,89021,2,,,1,55,,89040,2,,,1,15,,89059,2,,,1,15,,89078,2,,,1,15,,89022,2,,,1,55,,89041,2,,,1
1,'20261221',539,,89138,2,,,1,15,,89079,2,,,1,52,,89099,2,,,1,15,,89119,2,,,1,15,,89139,2,,,1,15,,89080,2,,,1,55,,89100,2,,,1,15,,89120,2,,,1,15,,89140,2,,,1,15,,89081,2,,,1,55,,89101,2,,,1,15,,89121,2,,,1,15,,89141,2,,,1,15,,89082,2,,,1,55,,89102,2,,,1,15,,89122,2,,,1,15,,89142,2,,,1,15,,89083,2,,,1,55,,89103,2,,,1,15,,89123,2,,,1,15,,89143,2,,,1,15,,89084,2,,,1,55,,89104,2,,,1,15,,89124,2,,,1,15,,89144,2,,,1,15,,89085,2,,,1,55,,89105,2,,,1,15,,89125,2,,,1,15,,89145,2,,,1,15,,89086,2,,,1,55,,89106,2,,,1,15,,89126,2,,,1,15,,89146,2,,,1,15,,89087,2,,,1,55,,89107,2,,,1,15,,89127,2,,,1,15,,89147,2,,,1,15,,89088,2,,,1,55,,89108,2,,,1,15,,89128,2,,,1,15,,89148,2,,,1,15,,89089,2,,,1,55,,89109,2,,,1,15,,89129,2,,,1,15,,89149,2,,,1,15,,89090,2,,,1,55,,89110,2,,,1,15,,89130,2,,,1,15,,89150,2,,,1,15,,89091,2,,,1,55,,89111,2,,,1,15,,89131,2,,,1,15,,89151,2,,,1,15,,89092,2,,,1,55,,89112,2,,,1,15,,89132,2,,,1,15,,89152,2,,,1,15,,89093,2,,,1,55,,89113,2,,,1,15,,89133,2,,,1,15,,89153,2,,,1,15,,89094,2,,,1,55,,89114,2,,,1,15,,89134,2,,,1,15,,89154,2,,,1,15,,89095,2,,,1,55,,89115,2,,,1,15,,89135,2,,,1,15,,89155,2,,,1,15,,89096,2,,,1,55,,89116,2,,,1,15,,89136,2,,,1,15,,89156,2,,,1,15,,89097,2,,,1,55,,89117,2,,,1,15,,89137,2,,,1,15,,89157,2,,,1,15,,89098,2,,,1,55,,89118,2,,,1
1,'20261222',539,,89217,2,,,1,15,,89158,2,,,1,52,,89178,2,,,1,15,,89198,2,,,1,15,,89218,2,,,1,15,,89159,2,,,1,55,,89179,2,,,1,15,,89199,2,,,1,15,,89219,2,,,1,15,,89160,2,,,1,55,,89180,2,,,1,15,,89200,2,,,1,15,,89220,2,,,1,15,,89161,2,,,1,55,,89181,2,,,1,15,,89201,2,,,1,15,,89221,2,,,1,15,,89162,2,,,1,55,,89182,2,,,1,15,,89202,2,,,1,15,,89222,2,,,1,15,,89163,2,,,1,55,,89183,2,,,1,15,,89203,2,,,1,15,,89223,2,,,1,15,,89164,2,,,1,55,,89184,2,,,1,15,,89204,2,,,1,15,,89224,2,,,1,15,,89165,2,,,1,55,,89185,2,,,1,15,,89205,2,,,1,15,,89225,2,,,1,15,,89166,2,,,1,55,,89186,2,,,1,15,,89206,2,,,1,15,,89226,2,,,1,15,,89167,2,,,1,55,,89187,2,,,1,15,,89207,2,,,1,15,,89227,2,,,1,15,,89168,2,,,1,55,,89188,2,,,1,15,,89208,2,,,1,15,,89228,2,,,1,15,,89169,2,,,1,55,,89189,2,,,1,15,,89209,2,,,1,15,,89229,2,,,1,15,,89170,2,,,1,55,,89190,2,,,1,15,,89210,2,,,1,15,,89230,2,,,1,15,,89171,2,,,1,55,,89191,2,,,1,15,,89211,2,,,1,15,,89231,2,,,1,15,,89172,2,,,1,55,,89192,2,,,1,15,,89212,2,,,1,15,,89232,2,,,1,15,,89173,2,,,1,55,,89193,2,,,1,15,,89213,2,,,1,15,,89233,2,,,1,15,,89174,2,,,1,55,,89194,2,,,1,15,,89214,2,,,1,15,,89234,2,,,1,15,,89175,2,,,1,55,,89195,2,,,1,15,,89215,2,,,1,15,,89235,2,,,1,15,,89176,2,,,1,55,,89196,2,,,1,15,,89216,2,,,1,15,,89236,2,,,1,15,,89177,2,,,1,55,,89197,2,,,1
1,'20261223',539,,89296,2,,,1,15,,89237,2,,,1,52,,89257,2,,,1,15,,89277,2,,,1,15,,89297,2,,,1,15,,89238,2,,,1,55,,89258,2,,,1,15,,89278,2,,,1,15,,89298,2,,,1,15,,89239,2,,,1,55,,89259,2,,,1,15,,89279,2,,,1,15,,89299,2,,,1,15,,89240,2,,,1,55,,89260,2,,,1,15,,89280,2,,,1,15,,89300,2,,,1,15,,89241,2,,,1,55,,89261,2,,,1,15,,89281,2,,,1,15,,89301,2,,,1,15,,89242,2,,,1,55,,89262,2,,,1,15,,89282,2,,,1,15,,89302,2,,,1,15,,89243,2,,,1,55,,89263,2,,,1,15,,89283,2,,,1,15,,89303,2,,,1,15,,89244,2,,,1,55,,89264,2,,,1,15,,89284,2,,,1,15,,89304,2,,,1,15,,89245,2,,,1,55,,89265,2,,,1,15,,89285,2,,,1,15,,89305,2,,,1,15,,89246,2,,,1,55,,89266,2,,,1,15,,89286,2,,,1,15,,89306,2,,,1,15,,89247,2,,,1,55,,89267,2,,,1,15,,89287,2,,,1,15,,89307,2,,,1,15,,89248,2,,,1,55,,89268,2,,,1,15,,89288,2,,,1,15,,89308,2,,,1,15,,89249,2,,,1,55,,89269,2,,,1,15,,89289,2,,,1,15,,89309,2,,,1,15,,89250,2,,,1,55,,89270,2,,,1,15,,89290,2,,,1,15,,89310,2,,,1,15,,89251,2,,,1,55,,89271,2,,,1,15,,89291,2,,,1,15,,89311,2,,,1,15,,89252,2,,,1,55,,89272,2,,,1,15,,89292,2,,,1,15,,89312,2,,,1,15,,89253,2,,,1,55,,89273,2,,,1,15,,89293,2,,,1,15,,89313,2,,,1,15,,89254,2,,,1,55,,89274,2,,,1,15,,89294,2,,,1,15,,89314,2,,,1,15,,89255,2,,,1,55,,89275,2,,,1,15,,89295,2,,,1,15,,89315,2,,,1,15,,89256,2,,,1,55,,89276,2,,,1
1,'20261224',539,,89375,2,,,1,15,,89316,2,,,1,52,,89336,2,,,1,15,,89356,2,,,1,15,,89376,2,,,1,15,,89317,2,,,1,55,,89337,2,,,1,15,,89357,2,,,1,15,,89377,2,,,1,15,,89318,2,,,1,55,,89338,2,,,1,15,,89358,2,,,1,15,,89378,2,,,1,15,,89319,2,,,1,55,,89339,2,,,1,15,,89359,2,,,1,15,,89379,2,,,1,15,,89320,2,,,1,55,,89340,2,,,1,15,,89360,2,,,1,15,,89380,2,,,1,15,,89321,2,,,1,55,,89341,2,,,1,15,,89361,2,,,1,15,,89381,2,,,1,15,,89322,2,,,1,55,,89342,2,,,1,15,,89362,2,,,1,15,,89382,2,,,1,15,,89323,2,,,1,55,,89343,2,,,1,15,,89363,2,,,1,15,,89383,2,,,1,15,,89324,2,,,1,55,,89344,2,,,1,15,,89364,2,,,1,15,,89384,2,,,1,15,,89325,2,,,1,55,,89345,2,,,1,15,,89365,2,,,1,15,,89385,2,,,1,15,,89326,2,,,1,55,,89346,2,,,1,15,,89366,2,,,1,15,,89386,2,,,1,15,,89327,2,,,1,55,,89347,2,,,1,15,,89367,2,,,1,15,,89387,2,,,1,15,,89328,2,,,1,55,,89348,2,,,1,15,,89368,2,,,1,15,,89388,2,,,1,15,,89329,2,,,1,55,,89349,2,,,1,15,,89369,2,,,1,15,,89389,2,,,1,15,,89330,2,,,1,55,,89350,2,,,1,15,,89370,2,,,1,15,,89390,2,,,1,15,,89331,2,,,1,55,,89351,2,,,1,15,,89371,2,,,1,15,,89391,2,,,1,15,,89332,2,,,1,55,,89352,2,,,1,15,,89372,2,,,1,15,,89392,2,,,1,15,,89333,2,,,1,55,,89353,2,,,1,15,,89373,2,,,1,15,,89393,2,,,1,15,,89334,2,,,1,55,,89354,2,,,1,15,,89374,2,,,1,15,,89394,2,,,1,15,,89335,2,,,1,55,,89355,2,,,1
1,'20261225',539,,89454,2,,,1,15,,89395,2,,,1,52,,89415,2,,,1,15,,89435,2,,,1,15,,89455,2,,,1,15,,89396,2,,,1,55,,89416,2,,,1,15,,89436,2,,,1,15,,89456,2,,,1,15,,89397,2,,,1,55,,89417,2,,,1,15,,89437,2,,,1,15,,89457,2,,,1,15,,89398,2,,,1,55,,89418,2,,,1,15,,89438,2,,,1,15,,89458,2,,,1,15,,89399,2,,,1,55,,89419,2,,,1,15,,89439,2,,,1,15,,89459,2,,,1,15,,89400,2,,,1,55,,89420,2,,,1,15,,89440,2,,,1,15,,89460,2,,,1,15,,89401,2,,,1,55,,89421,2,,,1,15,,89441,2,,,1,15,,89461,2,,,1,15,,89402,2,,,1,55,,89422,2,,,1,15,,89442,2,,,1,15,,89462,2,,,1,15,,89403,2,,,1,55,,89423,2,,,1,15,,89443,2,,,1,15,,89463,2,,,1,15,,89404,2,,,1,55,,89424,2,,,1,15,,89444,2,,,1,15,,89464,2,,,1,15,,89405,2,,,1,55,,89425,2,,,1,15,,89445,2,,,1,15,,89465,2,,,1,15,,89406,2,,,1,55,,89426,2,,,1,15,,89446,2,,,1,15,,89466,2,,,1,15,,89407,2,,,1,55,,89427,2,,,1,15,,89447,2,,,1,15,,89467,2,,,1,15,,89408,2,,,1,55,,89428,2,,,1,15,,89448,2,,,1,15,,89468,2,,,1,15,,89409,2,,,1,55,,89429,2,,,1,15,,89449,2,,,1,15,,89469,2,,,1,15,,89410,2,,,1,55,,89430,2,,,1,15,,89450,2,,,1,15,,89470,2,,,1,15,,89411,2,,,1,55,,89431,2,,,1,15,,89451,2,,,1,15,,89471,2,,,1,15,,89412,2,,,1,55,,89432,2,,,1,15,,89452,2,,,1,15,,89472,2,,,1,15,,89413,2,,,1,55,,89433,2,,,1,15,,89453,2,,,1,15,,89473,2,,,1,15,,89414,2,,,1,55,,89434,2,,,1
1,'20261226',636,,89530,2,,,1,15,,89474,2,,,1,55,,89493,2,,,1,15,,89512,2,,,1,15,,89531,2,,,1,15,,89475,2,,,1,55,,89494,2,,,1,15,,89513,2,,,1,15,,89532,2,,,1,15,,89476,2,,,1,55,,89495,2,,,1,15,,89514,2,,,1,15,,89533,2,,,1,15,,89477,2,,,1,55,,89496,2,,,1,15,,89515,2,,,1,15,,89534,2,,,1,15,,89478,2,,,1,55,,89497,2,,,1,15,,89516,2,,,1,15,,89535,2,,,1,15,,89479,2,,,1,55,,89498,2,,,1,15,,89517,2,,,1,15,,89536,2,,,1,15,,89480,2,,,1,55,,89499,2,,,1,15,,89518,2,,,1,15,,89537,2,,,1,15,,89481,2,,,1,55,,89500,2,,,1,15,,89519,2,,,1,15,,89538,2,,,1,15,,89482,2,,,1,55,,89501,2,,,1,15,,89520,2,,,1,15,,89539,2,,,1,15,,89483,2,,,1,55,,89502,2,,,1,15,,89521,2,,,1,15,,89540,2,,,1,15,,89484,2,,,1,55,,89503,2,,,1,15,,89522,2,,,1,15,,89541,2,,,1,15,,89485,2,,,1,55,,89504,2,,,1,15,,89523,2,,,1,15,,89542,2,,,1,15,,89486,2,,,1,55,,89505,2,,,1,15,,89524,2,,,1,15,,89543,2,,,1,15,,89487,2,,,1,55,,89506,2,,,1,15,,89525,2,,,1,15,,89544,2,,,1,15,,89488,2,,,1,55,,89507,2,,,1,15,,89526,2,,,1,15,,89545,2,,,1,15,,89489,2,,,1,55,,89508,2,,,1,15,,89527,2,,,1,15,,89546,2,,,1,15,,89490,2,,,1,55,,89509,2,,,1,15,,89528,2,,,1,15,,89547,2,,,1,15,,89491,2,,,1,55,,89510,2,,,1,15,,89529,2,,,1,15,,89548,2,,,1,15,,89492,2,,,1,55,,89511,2,,,1
1,'20261227',636,,89605,2,,,1,15,,89549,2,,,1,55,,89568,2,,,1,15,,89587,2,,,1,15,,89606,2,,,1,15,,89550,2,,,1,55,,89569,2,,,1,15,,89588,2,,,1,15,,89607,2,,,1,15,,89551,2,,,1,55,,89570,2,,,1,15,,89589,2,,,1,15,,89608,2,,,1,15,,89552,2,,,1,55,,89571,2,,,1,15,,89590,2,,,1,15,,89609,2,,,1,15,,89553,2,,,1,55,,89572,2,,,1,15,,89591,2,,,1,15,,89610,2,,,1,15,,89554,2,,,1,55,,89573,2,,,1,15,,89592,2,,,1,15,,89611,2,,,1,15,,89555,2,,,1,55,,89574,2,,,1,15,,89593,2,,,1,15,,89612,2,,,1,15,,89556,2,,,1,55,,89575,2,,,1,15,,89594,2,,,1,15,,89613,2,,,1,15,,89557,2,,,1,55,,89576,2,,,1,15,,89595,2,,,1,15,,89614,2,,,1,15,,89558,2,,,1,55,,89577,2,,,1,15,,89596,2,,,1,15,,89615,2,,,1,15,,89559,2,,,1,55,,89578,2,,,1,15,,89597,2,,,1,15,,89616,2,,,1,15,,89560,2,,,1,55,,89579,2,,,1,15,,89598,2,,,1,15,,89617,2,,,1,15,,89561,2,,,1,55,,89580,2,,,1,15,,89599,2,,,1,15,,89618,2,,,1,15,,89562,2,,,1,55,,89581,2,,,1,15,,89600,2,,,1,15,,89619,2,,,1,15,,89563,2,,,1,55,,89582,2,,,1,15,,89601,2,,,1,15,,89620,2,,,1,15,,89564,2,,,1,55,,89583,2,,,1,15,,89602,2,,,1,15,,89621,2,,,1,15,,89565,2,,,1,55,,89584,2,,,1,15,,89603,2,,,1,15,,89622,2,,,1,15,,89566,2,,,1,55,,89585,2,,,1,15,,89604,2,,,1,15,,89623,2,,,1,15,,89567,2,,,1,55,,89586,2,,,1
1,'20261228',539,,89683,2,,,1,15,,89624,2,,,1,52,,89644,2,,,1,15,,89664,2,,,1,15,,89684,2,,,1,15,,89625,2,,,1,55,,89645,2,,,1,15,,89665,2,,,1,15,,89685,2,,,1,15,,89626,2,,,1,55,,89646,2,,,1,15,,89666,2,,,1,15,,89686,2,,,1,15,,89627,2,,,1,55,,89647,2,,,1,15,,89667,2,,,1,15,,89687,2,,,1,15,,89628,2,,,1,55,,89648,2,,,1,15,,89668,2,,,1,15,,89688,2,,,1,15,,89629,2,,,1,55,,89649,2,,,1,15,,89669,2,,,1,15,,89689,2,,,1,15,,89630,2,,,1,55,,89650,2,,,1,15,,89670,2,,,1,15,,89690,2,,,1,15,,89631,2,,,1,55,,89651,2,,,1,15,,89671,2,,,1,15,,89691,2,,,1,15,,89632,2,,,1,55,,89652,2,,,1,15,,89672,2,,,1,15,,89692,2,,,1,15,,89633,2,,,1,55,,89653,2,,,1,15,,89673,2,,,1,15,,89693,2,,,1,15,,89634,2,,,1,55,,89654,2,,,1,15,,89674,2,,,1,15,,89694,2,,,1,15,,89635,2,,,1,55,,89655,2,,,1,15,,89675,2,,,1,15,,89695,2,,,1,15,,89636,2,,,1,55,,89656,2,,,1,15,,89676,2,,,1,15,,89696,2,,,1,15,,89637,2,,,1,55,,89657,2,,,1,15,,89677,2,,,1,15,,89697,2,,,1,15,,89638,2,,,1,55,,89658,2,,,1,15,,89678,2,,,1,15,,89698,2,,,1,15,,89639,2,,,1,55,,89659,2,,,1,15,,89679,2,,,1,15,,89699,2,,,1,15,,89640,2,,,1,55,,89660,2,,,1,15,,89680,2,,,1,15,,89700,2,,,1,15,,89641,2,,,1,55,,89661,2,,,1,15,,89681,2,,,1,15,,89701,2,,,1,15,,89642,2,,,1,55,,89662,2,,,1,15,,89682,2,,,1,15,,89702,2,,,1,15,,89643,2,,,1,55,,89663,2,,,1
1,'20261229',539,,89762,2,,,1,15,,89703,2,,,1,52,,89723,2,,,1,15,,89743,2,,,1,15,,89763,2,,,1,15,,89704,2,,,1,55,,89724,2,,,1,15,,89744,2,,,1,15,,89764,2,,,1,15,,89705,2,,,1,55,,89725,2,,,1,15,,89745,2,,,1,15,,89765,2,,,1,15,,89706,2,,,1,55,,89726,2,,,1,15,,89746,2,,,1,15,,89766,2,,,1,15,,89707,2,,,1,55,,89727,2,,,1,15,,89747,2,,,1,15,,89767,2,,,1,15,,89708,2,,,1,55,,89728,2,,,1,15,,89748,2,,,1,15,,89768,2,,,1,15,,89709,2,,,1,55,,89729,2,,,1,15,,89749,2,,,1,15,,89769,2,,,1,15,,89710,2,,,1,55,,89730,2,,,1,15,,89750,2,,,1,15,,89770,2,,,1,15,,89711,2,,,1,55,,89731,2,,,1,15,,89751,2,,,1,15,,89771,2,,,1,15,,89712,2,,,1,55,,89732,2,,,1,15,,89752,2,,,1,15,,89772,2,,,1,15,,89713,2,,,1,55,,89733,2,,,1,15,,89753,2,,,1,15,,89773,2,,,1,15,,89714,2,,,1,55,,89734,2,,,1,15,,89754,2,,,1,15,,89774,2,,,1,15,,89715,2,,,1,55,,89735,2,,,1,15,,89755,2,,,1,15,,89775,2,,,1,15,,89716,2,,,1,55,,89736,2,,,1,15,,89756,2,,,1,15,,89776,2,,,1,15,,89717,2,,,1,55,,89737,2,,,1,15,,89757,2,,,1,15,,89777,2,,,1,15,,89718,2,,,1,55,,89738,2,,,1,15,,89758,2,,,1,15,,89778,2,,,1,15,,89719,2,,,1,55,,89739,2,,,1,15,,89759,2,,,1,15,,89779,2,,,1,15,,89720,2,,,1,55,,89740,2,,,1,15,,89760,2,,,1,15,,89780,2,,,1,15,,89721,2,,,1,55,,89741,2,,,1,15,,89761,2,,,1,15,,89781,2,,,1,15,,89722,2,,,1,55,,89742,2,,,1
1,'20261230',539,,89841,2,,,1,15,,89782,2,,,1,52,,89802,2,,,1,15,,89822,2,,,1,15,,89842,2,,,1,15,,89783,2,,,1,55,,89803,2,,,1,15,,89823,2,,,1,15,,89843,2,,,1,15,,89784,2,,,1,55,,89804,2,,,1,15,,89824,2,,,1,15,,89844,2,,,1,15,,89785,2,,,1,55,,89805,2,,,1,15,,89825,2,,,1,15,,89845,2,,,1,15,,89786,2,,,1,55,,89806,2,,,1,15,,89826,2,,,1,15,,89846,2,,,1,15,,89787,2,,,1,55,,89807,2,,,1,15,,89827,2,,,1,15,,89847,2,,,1,15,,89788,2,,,1,55,,89808,2,,,1,15,,89828,2,,,1,15,,89848,2,,,1,15,,89789,2,,,1,55,,89809,2,,,1,15,,89829,2,,,1,15,,89849,2,,,1,15,,89790,2,,,1,55,,89810,2,,,1,15,,89830,2,,,1,15,,89850,2,,,1,15,,89791,2,,,1,55,,89811,2,,,1,15,,89831,2,,,1,15,,89851,2,,,1,15,,89792,2,,,1,55,,89812,2,,,1,15,,89832,2,,,1,15,,89852,2,,,1,15,,89793,2,,,1,55,,89813,2,,,1,15,,89833,2,,,1,15,,89853,2,,,1,15,,89794,2,,,1,55,,89814,2,,,1,15,,89834,2,,,1,15,,89854,2,,,1,15,,89795,2,,,1,55,,89815,2,,,1,15,,89835,2,,,1,15,,89855,2,,,1,15,,89796,2,,,1,55,,89816,2,,,1,15,,89836,2,,,1,15,,89856,2,,,1,15,,89797,2,,,1,55,,89817,2,,,1,15,,89837,2,,,1,15,,89857,2,,,1,15,,89798,2,,,1,55,,89818,2,,,1,15,,89838,2,,,1,15,,89858,2,,,1,15,,89799,2,,,1,55,,89819,2,,,1,15,,89839,2,,,1,15,,89859,2,,,1,15,,89800,2,,,1,55,,89820,2,,,1,15,,89840,2,,,1,15,,89860,2,,,1,15,,89801,2,,,1,55,,89821,2,,,1
1,'20261231',539,,89920,2,,,1,15,,89861,2,,,1,52,,89881,2,,,1,15,,89901,2,,,1,15,,89921,2,,,1,15,,89862,2,,,1,55,,89882,2,,,1,15,,89902,2,,,1,15,,89922,2,,,1,15,,89863,2,,,1,55,,89883,2,,,1,15,,89903,2,,,1,15,,89923,2,,,1,15,,89864,2,,,1,55,,89884,2,,,1,15,,89904,2,,,1,15,,89924,2,,,1,15,,89865,2,,,1,55,,89885,2,,,1,15,,89905,2,,,1,15,,89925,2,,,1,15,,89866,2,,,1,55,,89886,2,,,1,15,,89906,2,,,1,15,,89926,2,,,1,15,,89867,2,,,1,55,,89887,2,,,1,15,,89907,2,,,1,15,,89927,2,,,1,15,,89868,2,,,1,55,,89888,2,,,1,15,,89908,2,,,1,15,,89928,2,,,1,15,,89869,2,,,1,55,,89889,2,,,1,15,,89909,2,,,1,15,,89929,2,,,1,15,,89870,2,,,1,55,,89890,2,,,1,15,,89910,2,,,1,15,,89930,2,,,1,15,,89871,2,,,1,55,,89891,2,,,1,15,,89911,2,,,1,15,,89931,2,,,1,15,,89872,2,,,1,55,,89892,2,,,1,15,,89912,2,,,1,15,,89932,2,,,1,15,,89873,2,,,1,55,,89893,2,,,1,15,,89913,2,,,1,15,,89933,2,,,1,15,,89874,2,,,1,55,,89894,2,,,1,15,,89914,2,,,1,15,,89934,2,,,1,15,,89875,2,,,1,55,,89895,2,,,1,15,,89915,2,,,1,15,,89935,2,,,1,15,,89876,2,,,1,55,,89896,2,,,1,15,,89916,2,,,1,15,,89936,2,,,1,15,,89877,2,,,1,55,,89897,2,,,1,15,,89917,2,,,1,15,,89937,2,,,1,15,,89878,2,,,1,55,,89898,2,,,1,15,,89918,2,,,1,15,,89938,2,,,1,15,,89879,2,,,1,55,,89899,2,,,1,15,,89919,2,,,1,15,,89939,2,,,1,15,,89880,2,,,1,55,,89900,2,,,1
1,'20270101',539,,89999,2,,,1,15,,89940,2,,,1,52,,89960,2,,,1,15,,89980,2,,,1,15,,90000,2,,,1,15,,89941,2,,,1,55,,89961,2,,,1,15,,89981,2,,,1,15,,90001,2,,,1,15,,89942,2,,,1,55,,89962,2,,,1,15,,89982,2,,,1,15,,90002,2,,,1,15,,89943,2,,,1,55,,89963,2,,,1,15,,89983,2,,,1,15,,90003,2,,,1,15,,89944,2,,,1,55,,89964,2,,,1,15,,89984,2,,,1,15,,90004,2,,,1,15,,89945,2,,,1,55,,89965,2,,,1,15,,89985,2,,,1,15,,90005,2,,,1,15,,89946,2,,,1,55,,89966,2,,,1,15,,89986,2,,,1,15,,90006,2,,,1,15,,89947,2,,,1,55,,89967,2,,,1,15,,89987,2,,,1,15,,90007,2,,,1,15,,89948,2,,,1,55,,89968,2,,,1,15,,89988,2,,,1,15,,90008,2,,,1,15,,89949,2,,,1,55,,89969,2,,,1,15,,89989,2,,,1,15,,90009,2,,,1,15,,89950,2,,,1,55,,89970,2,,,1,15,,89990,2,,,1,15,,90010,2,,,1,15,,89951,2,,,1,55,,89971,2,,,1,15,,89991,2,,,1,15,,90011,2,,,1,15,,89952,2,,,1,55,,89972,2,,,1,15,,89992,2,,,1,15,,90012,2,,,1,15,,89953,2,,,1,55,,89973,2,,,1,15,,89993,2,,,1,15,,90013,2,,,1,15,,89954,2,,,1,55,,89974,2,,,1,15,,89994,2,,,1,15,,90014,2,,,1,15,,89955,2,,,1,55,,89975,2,,,1,15,,89995,2,,,1,15,,90015,2,,,1,15,,89956,2,,,1,55,,89976,2,,,1,15,,89996,2,,,1,15,,90016,2,,,1,15,,89957,2,,,1,55,,89977,2,,,1,15,,89997,2,,,1,15,,90017,2,,,1,15,,89958,2,,,1,55,,89978,2,,,1,15,,89998,2,,,1,15,,90018,2,,,1,15,,89959,2,,,1,55,,89979,2,,,1
1,'20270102',636,,90075,2,,,1,15,,90019,2,,,1,55,,90038,2,,,1,15,,90057,2,,,1,15,,90076,2,,,1,15,,90020,2,,,1,55,,90039,2,,,1,15,,90058,2,,,1,15,,90077,2,,,1,15,,90021,2,,,1,55,,90040,2,,,1,15,,90059,2,,,1,15,,90078,2,,,1,15,,90022,2,,,1,55,,90041,2,,,1,15,,90060,2,,,1,15,,90079,2,,,1,15,,90023,2,,,1,55,,90042,2,,,1,15,,90061,2,,,1,15,,90080,2,,,1,15,,90024,2,,,1,55,,90043,2,,,1,15,,90062,2,,,1,15,,90081,2,,,1,15,,90025,2,,,1,55,,90044,2,,,1,15,,90063,2,,,1,15,,90082,2,,,1,15,,90026,2,,,1,55,,90045,2,,,1,15,,90064,2,,,1,15,,90083,2,,,1,15,,90027,2,,,1,55,,90046,2,,,1,15,,90065,2,,,1,15,,90084,2,,,1,15,,90028,2,,,1,55,,90047,2,,,1,15,,90066,2,,,1,15,,90085,2,,,1,15,,90029,2,,,1,55,,90048,2,,,1,15,,90067,2,,,1,15,,90086,2,,,1,15,,90030,2,,,1,55,,90049,2,,,1,15,,90068,2,,,1,15,,90087,2,,,1,15,,90031,2,,,1,55,,90050,2,,,1,15,,90069,2,,,1,15,,90088,2,,,1,15,,90032,2,,,1,55,,90051,2,,,1,15,,90070,2,,,1,15,,90089,2,,,1,15,,90033,2,,,1,55,,90052,2,,,1,15,,90071,2,,,1,15,,90090,2,,,1,15,,90034,2,,,1,55,,90053,2,,,1,15,,90072,2,,,1,15,,90091,2,,,1,15,,90035,2,,,1,55,,90054,2,,,1,15,,90073,2,,,1,15,,90092,2,,,1,15,,90036,2,,,1,55,,90055,2,,,1,15,,90074,2,,,1,15,,90093,2,,,1,15,,90037,2,,,1,55,,90056,2,,,1
1,'20270103',636,,90150,2,,,1,15,,90094,2,,,1,55,,90113,2,,,1,15,,90132,2,,,1,15,,90151,2,,,1,15,,90095,2,,,1,55,,90114,2,,,1,15,,90133,2,,,1,15,,90152,2,,,1,15,,90096,2,,,1,55,,90115,2,,,1,15,,90134,2,,,1,15,,90153,2,,,1,15,,90097,2,,,1,55,,90116,2,,,1,15,,90135,2,,,1,15,,90154,2,,,1,15,,90098,2,,,1,55,,90117,2,,,1,15,,90136,2,,,1,15,,90155,2,,,1,15,,90099,2,,,1,55,,90118,2,,,1,15,,90137,2,,,1,15,,90156,2,,,1,15,,90100,2,,,1,55,,90119,2,,,1,15,,90138,2,,,1,15,,90157,2,,,1,15,,90101,2,,,1,55,,90120,2,,,1,15,,90139,2,,,1,15,,90158,2,,,1,15,,90102,2,,,1,55,,90121,2,,,1,15,,90140,2,,,1,15,,90159,2,,,1,15,,90103,2,,,1,55,,90122,2,,,1,15,,90141,2,,,1,15,,90160,2,,,1,15,,90104,2,,,1,55,,90123,2,,,1,15,,90142,2,,,1,15,,90161,2,,,1,15,,90105,2,,,1,55,,90124,2,,,1,15,,90143,2,,,1,15,,90162,2,,,1,15,,90106,2,,,1,55,,90125,2,,,1,15,,90144,2,,,1,15,,90163,2,,,1,15,,90107,2,,,1,55,,90126,2,,,1,15,,90145,2,,,1,15,,90164,2,,,1,15,,90108,2,,,1,55,,90127,2,,,1,15,,90146,2,,,1,15,,90165,2,,,1,15,,90109,2,,,1,55,,90128,2,,,1,15,,90147,2,,,1,15,,90166,2,,,1,15,,90110,2,,,1,55,,90129,2,,,1,15,,90148,2,,,1,15,,90167,2,,,1,15,,90111,2,,,1,55,,90130,2,,,1,15,,90149,2,,,1,15,,90168,2,,,1,15,,90112,2,,,1,55,,90131,2,,,1
1,'20270104',539,,90228,2,,,1,15,,90169,2,,,1,52,,90189,2,,,1,15,,90209,2,,,1,15,,90229,2,,,1,15,,90170,2,,,1,55,,90190,2,,,1,15,,90210,2,,,1,15,,90230,2,,,1,15,,90171,2,,,1,55,,90191,2,,,1,15,,90211,2,,,1,15,,90231,2,,,1,15,,90172,2,,,1,55,,90192,2,,,1,15,,90212,2,,,1,15,,90232,2,,,1,15,,90173,2,,,1,55,,90193,2,,,1,15,,90213,2,,,1,15,,90233,2,,,1,15,,90174,2,,,1,55,,90194,2,,,1,15,,90214,2,,,1,15,,90234,2,,,1,15,,90175,2,,,1,55,,90195,2,,,1,15,,90215,2,,,1,15,,90235,2,,,1,15,,90176,2,,,1,55,,90196,2,,,1,15,,90216,2,,,1,15,,90236,2,,,1,15,,90177,2,,,1,55,,90197,2,,,1,15,,90217,2,,,1,15,,90237,2,,,1,15,,90178,2,,,1,55,,90198,2,,,1,15,,90218,2,,,1,15,,90238,2,,,1,15,,90179,2,,,1,55,,90199,2,,,1,15,,90219,2,,,1,15,,90239,2,,,1,15,,90180,2,,,1,55,,90200,2,,,1,15,,90220,2,,,1,15,,90240,2,,,1,15,,90181,2,,,1,55,,90201,2,,,1,15,,90221,2,,,1,15,,90241,2,,,1,15,,90182,2,,,1,55,,90202,2,,,1,15,,90222,2,,,1,15,,90242,2,,,1,15,,90183,2,,,1,55,,90203,2,,,1,15,,90223,2,,,1,15,,90243,2,,,1,15,,90184,2,,,1,55,,90204,2,,,1,15,,90224,2,,,1,15,,90244,2,,,1,15,,90185,2,,,1,55,,90205,2,,,1,15,,90225,2,,,1,15,,90245,2,,,1,15,,90186,2,,,1,55,,90206,2,,,1,15,,90226,2,,,1,15,,90246,2,,,1,15,,90187,2,,,1,55,,90207,2,,,1,15,,90227,2,,,1,15,,90247,2,,,1,15,,90188,2,,,1,55,,90208,2,,,1
1,'20270105',539,,90307,2,,,1,15,,90248,2,,,1,52,,90268,2,,,1,15,,90288,2,,,1,15,,90308,2,,,1,15,,90249,2,,,1,55,,90269,2,,,1,15,,90289,2,,,1,15,,90309,2,,,1,15,,90250,2,,,1,55,,90270,2,,,1,15,,90290,2,,,1,15,,90310,2,,,1,15,,90251,2,,,1,55,,90271,2,,,1,15,,90291,2,,,1,15,,90311,2,,,1,15,,90252,2,,,1,55,,90272,2,,,1,15,,90292,2,,,1,15,,90312,2,,,1,15,,90253,2,,,1,55,,90273,2,,,1,15,,90293,2,,,1,15,,90313,2,,,1,15,,90254,2,,,1,55,,90274,2,,,1,15,,90294,2,,,1,15,,90314,2,,,1,15,,90255,2,,,1,55,,90275,2,,,1,15,,90295,2,,,1,15,,90315,2,,,1,15,,90256,2,,,1,55,,90276,2,,,1,15,,90296,2,,,1,15,,90316,2,,,1,15,,90257,2,,,1,55,,90277,2,,,1,15,,90297,2,,,1,15,,90317,2,,,1,15,,90258,2,,,1,55,,90278,2,,,1,15,,90298,2,,,1,15,,90318,2,,,1,15,,90259,2,,,1,55,,90279,2,,,1,15,,90299,2,,,1,15,,90319,2,,,1,15,,90260,2,,,1,55,,90280,2,,,1,15,,90300,2,,,1,15,,90320,2,,,1,15,,90261,2,,,1,55,,90281,2,,,1,15,,90301,2,,,1,15,,90321,2,,,1,15,,90262,2,,,1,55,,90282,2,,,1,15,,90302,2,,,1,15,,90322,2,,,1,15,,90263,2,,,1,55,,90283,2,,,1,15,,90303,2,,,1,15,,90323,2,,,1,15,,90264,2,,,1,55,,90284,2,,,1,15,,90304,2,,,1,15,,90324,2,,,1,15,,90265,2,,,1,55,,90285,2,,,1,15,,90305,2,,,1,15,,90325,2,,,1,15,,90266,2,,,1,55,,90286,2,,,1,15,,90306,2,,,1,15,,90326,2,,,1,15,,90267,2,,,1,55,,90287,2,,,1
1,'20270106',539,,90386,2,,,1,15,,90327,2,,,1,52,,90347,2,,,1,15,,90367,2,,,1,15,,90387,2,,,1,15,,90328,2,,,1,55,,90348,2,,,1,15,,90368,2,,,1,15,,90388,2,,,1,15,,90329,2,,,1,55,,90349,2,,,1,15,,90369,2,,,1,15,,90389,2,,,1,15,,90330,2,,,1,55,,90350,2,,,1,15,,90370,2,,,1,15,,90390,2,,,1,15,,90331,2,,,1,55,,90351,2,,,1,15,,90371,2,,,1,15,,90391,2,,,1,15,,90332,2,,,1,55,,90352,2,,,1,15,,90372,2,,,1,15,,90392,2,,,1,15,,90333,2,,,1,55,,90353,2,,,1,15,,90373,2,,,1,15,,90393,2,,,1,15,,90334,2,,,1,55,,90354,2,,,1,15,,90374,2,,,1,15,,90394,2,,,1,15,,90335,2,,,1,55,,90355,2,,,1,15,,90375,2,,,1,15,,90395,2,,,1,15,,90336,2,,,1,55,,90356,2,,,1,15,,90376,2,,,1,15,,90396,2,,,1,15,,90337,2,,,1,55,,90357,2,,,1,15,,90377,2,,,1,15,,90397,2,,,1,15,,90338,2,,,1,55,,90358,2,,,1,15,,90378,2,,,1,15,,90398,2,,,1,15,,90339,2,,,1,55,,90359,2,,,1,15,,90379,2,,,1,15,,90399,2,,,1,15,,90340,2,,,1,55,,90360,2,,,1,15,,90380,2,,,1,15,,90400,2,,,1,15,,90341,2,,,1,55,,90361,2,,,1,15,,90381,2,,,1,15,,90401,2,,,1,15,,90342,2,,,1,55,,90362,2,,,1,15,,90382,2,,,1,15,,90402,2,,,1,15,,90343,2,,,1,55,,90363,2,,,1,15,,90383,2,,,1,15,,90403,2,,,1,15,,90344,2,,,1,55,,90364,2,,,1,15,,90384,2,,,1,15,,90404,2,,,1,15,,90345,2,,,1,55,,90365,2,,,1,15,,90385,2,,,1,15,,90405,2,,,1,15,,90346,2,,,1,55,,90366,2,,,1
1,'20270107',539,,90465,2,,,1,15,,90406,2,,,1,52,,90426,2,,,1,15,,90446,2,,,1,15,,90466,2,,,1,15,,90407,2,,,1,55,,90427,2,,,1,15,,90447,2,,,1,15,,90467,2,,,1,15,,90408,2,,,1,55,,90428,2,,,1,15,,90448,2,,,1,15,,90468,2,,,1,15,,90409,2,,,1,55,,90429,2,,,1,15,,90449,2,,,1,15,,90469,2,,,1,15,,90410,2,,,1,55,,90430,2,,,1,15,,90450,2,,,1,15,,90470,2,,,1,15,,90411,2,,,1,55,,90431,2,,,1,15,,90451,2,,,1,15,,90471,2,,,1,15,,90412,2,,,1,55,,90432,2,,,1,15,,90452,2,,,1,15,,90472,2,,,1,15,,90413,2,,,1,55,,90433,2,,,1,15,,90453,2,,,1,15,,90473,2,,,1,15,,90414,2,,,1,55,,90434,2,,,1,15,,90454,2,,,1,15,,90474,2,,,1,15,,90415,2,,,1,55,,90435,2,,,1,15,,90455,2,,,1,15,,90475,2,,,1,15,,90416,2,,,1,55,,90436,2,,,1,15,,90456,2,,,1,15,,90476,2,,,1,15,,90417,2,,,1,55,,90437,2,,,1,15,,90457,2,,,1,15,,90477,2,,,1,15,,90418,2,,,1,55,,90438,2,,,1,15,,90458,2,,,1,15,,90478,2,,,1,15,,90419,2,,,1,55,,90439,2,,,1,15,,90459,2,,,1,15,,90479,2,,,1,15,,90420,2,,,1,55,,90440,2,,,1,15,,90460,2,,,1,15,,90480,2,,,1,15,,90421,2,,,1,55,,90441,2,,,1,15,,90461,2,,,1,15,,90481,2,,,1,15,,90422,2,,,1,55,,90442,2,,,1,15,,90462,2,,,1,15,,90482,2,,,1,15,,90423,2,,,1,55,,90443,2,,,1,15,,90463,2,,,1,15,,90483,2,,,1,15,,90424,2,,,1,55,,90444,2,,,1,15,,90464,2,,,1,15,,90484,2,,,1,15,,90425,2,,,1,55,,90445,2,,,1
1,'20270108',539,,90544,2,,,1,15,,90485,2,,,1,52,,90505,2,,,1,15,,90525,2,,,1,15,,90545,2,,,1,15,,90486,2,,,1,55,,90506,2,,,1,15,,90526,2,,,1,15,,90546,2,,,1,15,,90487,2,,,1,55,,90507,2,,,1,15,,90527,2,,,1,15,,90547,2,,,1,15,,90488,2,,,1,55,,90508,2,,,1,15,,90528,2,,,1,15,,90548,2,,,1,15,,90489,2,,,1,55,,90509,2,,,1,15,,90529,2,,,1,15,,90549,2,,,1,15,,90490,2,,,1,55,,90510,2,,,1,15,,90530,2,,,1,15,,90550,2,,,1,15,,90491,2,,,1,55,,90511,2,,,1,15,,90531,2,,,1,15,,90551,2,,,1,15,,90492,2,,,1,55,,90512,2,,,1,15,,90532,2,,,1,15,,90552,2,,,1,15,,90493,2,,,1,55,,90513,2,,,1,15,,90533,2,,,1,15,,90553,2,,,1,15,,90494,2,,,1,55,,90514,2,,,1,15,,90534,2,,,1,15,,90554,2,,,1,15,,90495,2,,,1,55,,90515,2,,,1,15,,90535,2,,,1,15,,90555,2,,,1,15,,90496,2,,,1,55,,90516,2,,,1,15,,90536,2,,,1,15,,90556,2,,,1,15,,90497,2,,,1,55,,90517,2,,,1,15,,90537,2,,,1,15,,90557,2,,,1,15,,90498,2,,,1,55,,90518,2,,,1,15,,90538,2,,,1,15,,90558,2,,,1,15,,90499,2,,,1,55,,90519,2,,,1,15,,90539,2,,,1,15,,90559,2,,,1,15,,90500,2,,,1,55,,90520,2,,,1,15,,90540,2,,,1,15,,90560,2,,,1,15,,90501,2,,,1,55,,90521,2,,,1,15,,90541,2,,,1,15,,90561,2,,,1,15,,90502,2,,,1,55,,90522,2,,,1,15,,90542,2,,,1,15,,90562,2,,,1,15,,90503,2,,,1,55,,90523,2,,,1,15,,90543,2,,,1,15,,90563,2,,,1,15,,90504,2,,,1,55,,90524,2,,,1
1,'20270109',636,,90620,2,,,1,15,,90564,2,,,1,55,,90583,2,,,1,15,,90602,2,,,1,15,,90621,2,,,1,15,,90565,2,,,1,55,,90584,2,,,1,15,,90603,2,,,1,15,,90622,2,,,1,15,,90566,2,,,1,55,,90585,2,,,1,15,,90604,2,,,1,15,,90623,2,,,1,15,,90567,2,,,1,55,,90586,2,,,1,15,,90605,2,,,1,15,,90624,2,,,1,15,,90568,2,,,1,55,,90587,2,,,1,15,,90606,2,,,1,15,,90625,2,,,1,15,,90569,2,,,1,55,,90588,2,,,1,15,,90607,2,,,1,15,,90626,2,,,1,15,,90570,2,,,1,55,,90589,2,,,1,15,,90608,2,,,1,15,,90627,2,,,1,15,,90571,2,,,1,55,,90590,2,,,1,15,,90609,2,,,1,15,,90628,2,,,1,15,,90572,2,,,1,55,,90591,2,,,1,15,,90610,2,,,1,15,,90629,2,,,1,15,,90573,2,,,1,55,,90592,2,,,1,15,,90611,2,,,1,15,,90630,2,,,1,15,,90574,2,,,1,55,,90593,2,,,1,15,,90612,2,,,1,15,,90631,2,,,1,15,,90575,2,,,1,55,,90594,2,,,1,15,,90613,2,,,1,15,,90632,2,,,1,15,,90576,2,,,1,55,,90595,2,,,1,15,,90614,2,,,1,15,,90633,2,,,1,15,,90577,2,,,1,55,,90596,2,,,1,15,,90615,2,,,1,15,,90634,2,,,1,15,,90578,2,,,1,55,,90597,2,,,1,15,,90616,2,,,1,15,,90635,2,,,1,15,,90579,2,,,1,55,,90598,2,,,1,15,,90617,2,,,1,15,,90636,2,,,1,15,,90580,2,,,1,55,,90599,2,,,1,15,,90618,2,,,1,15,,90637,2,,,1,15,,90581,2,,,1,55,,90600,2,,,1,15,,90619,2,,,1,15,,90638,2,,,1,15,,90582,2,,,1,55,,90601,2,,,1
1,'20270110',636,,90695,2,,,1,15,,90639,2,,,1,55,,90658,2,,,1,15,,90677,2,,,1,15,,90696,2,,,1,15,,90640,2,,,1,55,,90659,2,,,1,15,,90678,2,,,1,15,,90697,2,,,1,15,,90641,2,,,1,55,,90660,2,,,1,15,,90679,2,,,1,15,,90698,2,,,1,15,,90642,2,,,1,55,,90661,2,,,1,15,,90680,2,,,1,15,,90699,2,,,1,15,,90643,2,,,1,55,,90662,2,,,1,15,,90681,2,,,1,15,,90700,2,,,1,15,,90644,2,,,1,55,,90663,2,,,1,15,,90682,2,,,1,15,,90701,2,,,1,15,,90645,2,,,1,55,,90664,2,,,1,15,,90683,2,,,1,15,,90702,2,,,1,15,,90646,2,,,1,55,,90665,2,,,1,15,,90684,2,,,1,15,,90703,2,,,1,15,,90647,2,,,1,55,,90666,2,,,1,15,,90685,2,,,1,15,,90704,2,,,1,15,,90648,2,,,1,55,,90667,2,,,1,15,,90686,2,,,1,15,,90705,2,,,1,15,,90649,2,,,1,55,,90668,2,,,1,15,,90687,2,,,1,15,,90706,2,,,1,15,,90650,2,,,1,55,,90669,2,,,1,15,,90688,2,,,1,15,,90707,2,,,1,15,,90651,2,,,1,55,,90670,2,,,1,15,,90689,2,,,1,15,,90708,2,,,1,15,,90652,2,,,1,55,,90671,2,,,1,15,,90690,2,,,1,15,,90709,2,,,1,15,,90653,2,,,1,55,,90672,2,,,1,15,,90691,2,,,1,15,,90710,2,,,1,15,,90654,2,,,1,55,,90673,2,,,1,15,,90692,2,,,1,15,,90711,2,,,1,15,,90655,2,,,1,55,,90674,2,,,1,15,,90693,2,,,1,15,,90712,2,,,1,15,,90656,2,,,1,55,,90675,2,,,1,15,,90694,2,,,1,15,,90713,2,,,1,15,,90657,2,,,1,55,,90676,2,,,1
1,'20270111',539,,90773,2,,,1,15,,90714,2,,,1,52,,90734,2,,,1,15,,90754,2,,,1,15,,90774,2,,,1,15,,90715,2,,,1,55,,90735,2,,,1,15,,90755,2,,,1,15,,90775,2,,,1,15,,90716,2,,,1,55,,90736,2,,,1,15,,90756,2,,,1,15,,90776,2,,,1,15,,90717,2,,,1,55,,90737,2,,,1,15,,90757,2,,,1,15,,90777,2,,,1,15,,90718,2,,,1,55,,90738,2,,,1,15,,90758,2,,,1,15,,90778,2,,,1,15,,90719,2,,,1,55,,90739,2,,,1,15,,90759,2,,,1,15,,90779,2,,,1,15,,90720,2,,,1,55,,90740,2,,,1,15,,90760,2,,,1,15,,90780,2,,,1,15,,90721,2,,,1,55,,90741,2,,,1,15,,90761,2,,,1,15,,90781,2,,,1,15,,90722,2,,,1,55,,90742,2,,,1,15,,90762,2,,,1,15,,90782,2,,,1,15,,90723,2,,,1,55,,90743,2,,,1,15,,90763,2,,,1,15,,90783,2,,,1,15,,90724,2,,,1,55,,90744,2,,,1,15,,90764,2,,,1,15,,90784,2,,,1,15,,90725,2,,,1,55,,90745,2,,,1,15,,90765,2,,,1,15,,90785,2,,,1,15,,90726,2,,,1,55,,90746,2,,,1,15,,90766,2,,,1,15,,90786,2,,,1,15,,90727,2,,,1,55,,90747,2,,,1,15,,90767,2,,,1,15,,90787,2,,,1,15,,90728,2,,,1,55,,90748,2,,,1,15,,90768,2,,,1,15,,90788,2,,,1,15,,90729,2,,,1,55,,90749,2,,,1,15,,90769,2,,,1,15,,90789,2,,,1,15,,90730,2,,,1,55,,90750,2,,,1,15,,90770,2,,,1,15,,90790,2,,,1,15,,90731,2,,,1,55,,90751,2,,,1,15,,90771,2,,,1,15,,90791,2,,,1,15,,90732,2,,,1,55,,90752,2,,,1,15,,90772,2,,,1,15,,90792,2,,,1,15,,90733,2,,,1,55,,90753,2,,,1
1,'20270112',539,,90852,2,,,1,15,,90793,2,,,1,52,,90813,2,,,1,15,,90833,2,,,1,15,,90853,2,,,1,15,,90794,2,,,1,55,,90814,2,,,1,15,,90834,2,,,1,15,,90854,2,,,1,15,,90795,2,,,1,55,,90815,2,,,1,15,,90835,2,,,1,15,,90855,2,,,1,15,,90796,2,,,1,55,,90816,2,,,1,15,,90836,2,,,1,15,,90856,2,,,1,15,,90797,2,,,1,55,,90817,2,,,1,15,,90837,2,,,1,15,,90857,2,,,1,15,,90798,2,,,1,55,,90818,2,,,1,15,,90838,2,,,1,15,,90858,2,,,1,15,,90799,2,,,1,55,,90819,2,,,1,15,,90839,2,,,1,15,,90859,2,,,1,15,,90800,2,,,1,55,,90820,2,,,1,15,,90840,2,,,1,15,,90860,2,,,1,15,,90801,2,,,1,55,,90821,2,,,1,15,,90841,2,,,1,15,,90861,2,,,1,15,,90802,2,,,1,55,,90822,2,,,1,15,,90842,2,,,1,15,,90862,2,,,1,15,,90803,2,,,1,55,,90823,2,,,1,15,,90843,2,,,1,15,,90863,2,,,1,15,,90804,2,,,1,55,,90824,2,,,1,15,,90844,2,,,1,15,,90864,2,,,1,15,,90805,2,,,1,55,,90825,2,,,1,15,,90845,2,,,1,15,,90865,2,,,1,15,,90806,2,,,1,55,,90826,2,,,1,15,,90846,2,,,1,15,,90866,2,,,1,15,,90807,2,,,1,55,,90827,2,,,1,15,,90847,2,,,1,15,,90867,2,,,1,15,,90808,2,,,1,55,,90828,2,,,1,15,,90848,2,,,1,15,,90868,2,,,1,15,,90809,2,,,1,55,,90829,2,,,1,15,,90849,2,,,1,15,,90869,2,,,1,15,,90810,2,,,1,55,,90830,2,,,1,15,,90850,2,,,1,15,,90870,2,,,1,15,,90811,2,,,1,55,,90831,2,,,1,15,,90851,2,,,1,15,,90871,2,,,1,15,,90812,2,,,1,55,,90832,2,,,1
1,'20270113',539,,90931,2,,,1,15,,90872,2,,,1,52,,90892,2,,,1,15,,90912,2,,,1,15,,90932,2,,,1,15,,90873,2,,,1,55,,90893,2,,,1,15,,90913,2,,,1,15,,90933,2,,,1,15,,90874,2,,,1,55,,90894,2,,,1,15,,90914,2,,,1,15,,90934,2,,,1,15,,90875,2,,,1,55,,90895,2,,,1,15,,90915,2,,,1,15,,90935,2,,,1,15,,90876,2,,,1,55,,90896,2,,,1,15,,90916,2,,,1,15,,90936,2,,,1,15,,90877,2,,,1,55,,90897,2,,,1,15,,90917,2,,,1,15,,90937,2,,,1,15,,90878,2,,,1,55,,90898,2,,,1,15,,90918,2,,,1,15,,90938,2,,,1,15,,90879,2,,,1,55,,90899,2,,,1,15,,90919,2,,,1,15,,90939,2,,,1,15,,90880,2,,,1,55,,90900,2,,,1,15,,90920,2,,,1,15,,90940,2,,,1,15,,90881,2,,,1,55,,90901,2,,,1,15,,90921,2,,,1,15,,90941,2,,,1,15,,90882,2,,,1,55,,90902,2,,,1,15,,90922,2,,,1,15,,90942,2,,,1,15,,90883,2,,,1,55,,90903,2,,,1,15,,90923,2,,,1,15,,90943,2,,,1,15,,90884,2,,,1,55,,90904,2,,,1,15,,90924,2,,,1,15,,90944,2,,,1,15,,90885,2,,,1,55,,90905,2,,,1,15,,90925,2,,,1,15,,90945,2,,,1,15,,90886,2,,,1,55,,90906,2,,,1,15,,90926,2,,,1,15,,90946,2,,,1,15,,90887,2,,,1,55,,90907,2,,,1,15,,90927,2,,,1,15,,90947,2,,,1,15,,90888,2,,,1,55,,90908,2,,,1,15,,90928,2,,,1,15,,90948,2,,,1,15,,90889,2,,,1,55,,90909,2,,,1,15,,90929,2,,,1,15,,90949,2,,,1,15,,90890,2,,,1,55,,90910,2,,,1,15,,90930,2,,,1,15,,90950,2,,,1,15,,90891,2,,,1,55,,90911,2,,,1
1,'20270114',539,,91010,2,,,1,15,,90951,2,,,1,52,,90971,2,,,1,15,,90991,2,,,1,15,,91011,2,,,1,15,,90952,2,,,1,55,,90972,2,,,1,15,,90992,2,,,1,15,,91012,2,,,1,15,,90953,2,,,1,55,,90973,2,,,1,15,,90993,2,,,1,15,,91013,2,,,1,15,,90954,2,,,1,55,,90974,2,,,1,15,,90994,2,,,1,15,,91014,2,,,1,15,,90955,2,,,1,55,,90975,2,,,1,15,,90995,2,,,1,15,,91015,2,,,1,15,,90956,2,,,1,55,,90976,2,,,1,15,,90996,2,,,1,15,,91016,2,,,1,15,,90957,2,,,1,55,,90977,2,,,1,15,,90997,2,,,1,15,,91017,2,,,1,15,,90958,2,,,1,55,,90978,2,,,1,15,,90998,2,,,1,15,,91018,2,,,1,15,,90959,2,,,1,55,,90979,2,,,1,15,,90999,2,,,1,15,,91019,2,,,1,15,,90960,2,,,1,55,,90980,2,,,1,15,,91000,2,,,1,15,,91020,2,,,1,15,,90961,2,,,1,55,,90981,2,,,1,15,,91001,2,,,1,15,,91021,2,,,1,15,,90962,2,,,1,55,,90982,2,,,1,15,,91002,2,,,1,15,,91022,2,,,1,15,,90963,2,,,1,55,,90983,2,,,1,15,,91003,2,,,1,15,,91023,2,,,1,15,,90964,2,,,1,55,,90984,2,,,1,15,,91004,2,,,1,15,,91024,2,,,1,15,,90965,2,,,1,55,,90985,2,,,1,15,,91005,2,,,1,15,,91025,2,,,1,15,,90966,2,,,1,55,,90986,2,,,1,15,,91006,2,,,1,15,,91026,2,,,1,15,,90967,2,,,1,55,,90987,2,,,1,15,,91007,2,,,1,15,,91027,2,,,1,15,,90968,2,,,1,55,,90988,2,,,1,15,,91008,2,,,1,15,,91028,2,,,1,15,,90969,2,,,1,55,,90989,2,,,1,15,,91009,2,,,1,15,,91029,2,,,1,15,,90970,2,,,1,55,,90990,2,,,1
1,'20270115',539,,91089,2,,,1,15,,91030,2,,,1,52,,91050,2,,,1,15,,91070,2,,,1,15,,91090,2,,,1,15,,91031,2,,,1,55,,91051,2,,,1,15,,91071,2,,,1,15,,91091,2,,,1,15,,91032,2,,,1,55,,91052,2,,,1,15,,91072,2,,,1,15,,91092,2,,,1,15,,91033,2,,,1,55,,91053,2,,,1,15,,91073,2,,,1,15,,91093,2,,,1,15,,91034,2,,,1,55,,91054,2,,,1,15,,91074,2,,,1,15,,91094,2,,,1,15,,91035,2,,,1,55,,91055,2,,,1,15,,91075,2,,,1,15,,91095,2,,,1,15,,91036,2,,,1,55,,91056,2,,,1,15,,91076,2,,,1,15,,91096,2,,,1,15,,91037,2,,,1,55,,91057,2,,,1,15,,91077,2,,,1,15,,91097,2,,,1,15,,91038,2,,,1,55,,91058,2,,,1,15,,91078,2,,,1,15,,91098,2,,,1,15,,91039,2,,,1,55,,91059,2,,,1,15,,91079,2,,,1,15,,91099,2,,,1,15,,91040,2,,,1,55,,91060,2,,,1,15,,91080,2,,,1,15,,91100,2,,,1,15,,91041,2,,,1,55,,91061,2,,,1,15,,91081,2,,,1,15,,91101,2,,,1,15,,91042,2,,,1,55,,91062,2,,,1,15,,91082,2,,,1,15,,91102,2,,,1,15,,91043,2,,,1,55,,91063,2,,,1,15,,91083,2,,,1,15,,91103,2,,,1,15,,91044,2,,,1,55,,91064,2,,,1,15,,91084,2,,,1,15,,91104,2,,,1,15,,91045,2,,,1,55,,91065,2,,,1,15,,91085,2,,,1,15,,91105,2,,,1,15,,91046,2,,,1,55,,91066,2,,,1,15,,91086,2,,,1,15,,91106,2,,,1,15,,91047,2,,,1,55,,91067,2,,,1,15,,91087,2,,,1,15,,91107,2,,,1,15,,91048,2,,,1,55,,91068,2,,,1,15,,91088,2,,,1,15,,91108,2,,,1,15,,91049,2,,,1,55,,91069,2,,,1
1,'20270116',636,,91165,2,,,1,15,,91109,2,,,1,55,,91128,2,,,1,15,,91147,2,,,1,15,,91166,2,,,1,15,,91110,2,,,1,55,,91129,2,,,1,15,,91148,2,,,1,15,,91167,2,,,1,15,,91111,2,,,1,55,,91130,2,,,1,15,,91149,2,,,1,15,,91168,2,,,1,15,,91112,2,,,1,55,,91131,2,,,1,15,,91150,2,,,1,15,,91169,2,,,1,15,,91113,2,,,1,55,,91132,2,,,1,15,,91151,2,,,1,15,,91170,2,,,1,15,,91114,2,,,1,55,,91133,2,,,1,15,,91152,2,,,1,15,,91171,2,,,1,15,,91115,2,,,1,55,,91134,2,,,1,15,,91153,2,,,1,15,,91172,2,,,1,15,,91116,2,,,1,55,,91135,2,,,1,15,,91154,2,,,1,15,,91173,2,,,1,15,,91117,2,,,1,55,,91136,2,,,1,15,,91155,2,,,1,15,,91174,2,,,1,15,,91118,2,,,1,55,,91137,2,,,1,15,,91156,2,,,1,15,,91175,2,,,1,15,,91119,2,,,1,55,,91138,2,,,1,15,,91157,2,,,1,15,,91176,2,,,1,15,,91120,2,,,1,55,,91139,2,,,1,15,,91158,2,,,1,15,,91177,2,,,1,15,,91121,2,,,1,55,,91140,2,,,1,15,,91159,2,,,1,15,,91178,2,,,1,15,,91122,2,,,1,55,,91141,2,,,1,15,,91160,2,,,1,15,,91179,2,,,1,15,,91123,2,,,1,55,,91142,2,,,1,15,,91161,2,,,1,15,,91180,2,,,1,15,,91124,2,,,1,55,,91143,2,,,1,15,,91162,2,,,1,15,,91181,2,,,1,15,,91125,2,,,1,55,,91144,2,,,1,15,,91163,2,,,1,15,,91182,2,,,1,15,,91126,2,,,1,55,,91145,2,,,1,15,,91164,2,,,1,15,,91183,2,,,1,15,,91127,2,,,1,55,,91146,2,,,1
1,'20270117',636,,91240,2,,,1,15,,91184,2,,,1,55,,91203,2,,,1,15,,91222,2,,,1,15,,91241,2,,,1,15,,91185,2,,,1,55,,91204,2,,,1,15,,91223,2,,,1,15,,91242,2,,,1,15,,91186,2,,,1,55,,91205,2,,,1,15,,91224,2,,,1,15,,91243,2,,,1,15,,91187,2,,,1,55,,91206,2,,,1,15,,91225,2,,,1,15,,91244,2,,,1,15,,91188,2,,,1,55,,91207,2,,,1,15,,91226,2,,,1,15,,91245,2,,,1,15,,91189,2,,,1,55,,91208,2,,,1,15,,91227,2,,,1,15,,91246,2,,,1,15,,91190,2,,,1,55,,91209,2,,,1,15,,91228,2,,,1,15,,91247,2,,,1,15,,91191,2,,,1,55,,91210,2,,,1,15,,91229,2,,,1,15,,91248,2,,,1,15,,91192,2,,,1,55,,91211,2,,,1,15,,91230,2,,,1,15,,91249,2,,,1,15,,91193,2,,,1,55,,91212,2,,,1,15,,91231,2,,,1,15,,91250,2,,,1,15,,91194,2,,,1,55,,91213,2,,,1,15,,91232,2,,,1,15,,91251,2,,,1,15,,91195,2,,,1,55,,91214,2,,,1,15,,91233,2,,,1,15,,91252,2,,,1,15,,91196,2,,,1,55,,91215,2,,,1,15,,91234,2,,,1,15,,91253,2,,,1,15,,91197,2,,,1,55,,91216,2,,,1,15,,91235,2,,,1,15,,91254,2,,,1,15,,91198,2,,,1,55,,91217,2,,,1,15,,91236,2,,,1,15,,91255,2,,,1,15,,91199,2,,,1,55,,91218,2,,,1,15,,91237,2,,,1,15,,91256,2,,,1,15,,91200,2,,,1,55,,91219,2,,,1,15,,91238,2,,,1,15,,91257,2,,,1,15,,91201,2,,,1,55,,91220,2,,,1,15,,91239,2,,,1,15,,91258,2,,,1,15,,91202,2,,,1,55,,91221,2,,,1
1,'20270118',539,,91318,2,,,1,15,,91259,2,,,1,52,,91279,2,,,1,15,,91299,2,,,1,15,,91319,2,,,1,15,,91260,2,,,1,55,,91280,2,,,1,15,,91300,2,,,1,15,,91320,2,,,1,15,,91261,2,,,1,55,,91281,2,,,1,15,,91301,2,,,1,15,,91321,2,,,1,15,,91262,2,,,1,55,,91282,2,,,1,15,,91302,2,,,1,15,,91322,2,,,1,15,,91263,2,,,1,55,,91283,2,,,1,15,,91303,2,,,1,15,,91323,2,,,1,15,,91264,2,,,1,55,,91284,2,,,1,15,,91304,2,,,1,15,,91324,2,,,1,15,,91265,2,,,1,55,,91285,2,,,1,15,,91305,2,,,1,15,,91325,2,,,1,15,,91266,2,,,1,55,,91286,2,,,1,15,,91306,2,,,1,15,,91326,2,,,1,15,,91267,2,,,1,55,,91287,2,,,1,15,,91307,2,,,1,15,,91327,2,,,1,15,,91268,2,,,1,55,,91288,2,,,1,15,,91308,2,,,1,15,,91328,2,,,1,15,,91269,2,,,1,55,,91289,2,,,1,15,,91309,2,,,1,15,,91329,2,,,1,15,,91270,2,,,1,55,,91290,2,,,1,15,,91310,2,,,1,15,,91330,2,,,1,15,,91271,2,,,1,55,,91291,2,,,1,15,,91311,2,,,1,15,,91331,2,,,1,15,,91272,2,,,1,55,,91292,2,,,1,15,,91312,2,,,1,15,,91332,2,,,1,15,,91273,2,,,1,55,,91293,2,,,1,15,,91313,2,,,1,15,,91333,2,,,1,15,,91274,2,,,1,55,,91294,2,,,1,15,,91314,2,,,1,15,,91334,2,,,1,15,,91275,2,,,1,55,,91295,2,,,1,15,,91315,2,,,1,15,,91335,2,,,1,15,,91276,2,,,1,55,,91296,2,,,1,15,,91316,2,,,1,15,,91336,2,,,1,15,,91277,2,,,1,55,,91297,2,,,1,15,,91317,2,,,1,15,,91337,2,,,1,15,,91278,2,,,1,55,,91298,2,,,1
1,'20270119',539,,91397,2,,,1,15,,91338,2,,,1,52,,91358,2,,,1,15,,91378,2,,,1,15,,91398,2,,,1,15,,91339,2,,,1,55,,91359,2,,,1,15,,91379,2,,,1,15,,91399,2,,,1,15,,91340,2,,,1,55,,91360,2,,,1,15,,91380,2,,,1,15,,91400,2,,,1,15,,91341,2,,,1,55,,91361,2,,,1,15,,91381,2,,,1,15,,91401,2,,,1,15,,91342,2,,,1,55,,91362,2,,,1,15,,91382,2,,,1,15,,91402,2,,,1,15,,91343,2,,,1,55,,91363,2,,,1,15,,91383,2,,,1,15,,91403,2,,,1,15,,91344,2,,,1,55,,91364,2,,,1,15,,91384,2,,,1,15,,91404,2,,,1,15,,91345,2,,,1,55,,91365,2,,,1,15,,91385,2,,,1,15,,91405,2,,,1,15,,91346,2,,,1,55,,91366,2,,,1,15,,91386,2,,,1,15,,91406,2,,,1,15,,91347,2,,,1,55,,91367,2,,,1,15,,91387,2,,,1,15,,91407,2,,,1,15,,91348,2,,,1,55,,91368,2,,,1,15,,91388,2,,,1,15,,91408,2,,,1,15,,91349,2,,,1,55,,91369,2,,,1,15,,91389,2,,,1,15,,91409,2,,,1,15,,91350,2,,,1,55,,91370,2,,,1,15,,91390,2,,,1,15,,91410,2,,,1,15,,91351,2,,,1,55,,91371,2,,,1,15,,91391,2,,,1,15,,91411,2,,,1,15,,91352,2,,,1,55,,91372,2,,,1,15,,91392,2,,,1,15,,91412,2,,,1,15,,91353,2,,,1,55,,91373,2,,,1,15,,91393,2,,,1,15,,91413,2,,,1,15,,91354,2,,,1,55,,91374,2,,,1,15,,91394,2,,,1,15,,91414,2,,,1,15,,91355,2,,,1,55,,91375,2,,,1,15,,91395,2,,,1,15,,91415,2,,,1,15,,91356,2,,,1,55,,91376,2,,,1,15,,91396,2,,,1,15,,91416,2,,,1,15,,91357,2,,,1,55,,91377,2,,,1
1,'20270120',539,,91476,2,,,1,15,,91417,2,,,1,52,,91437,2,,,1,15,,91457,2,,,1,15,,91477,2,,,1,15,,91418,2,,,1,55,,91438,2,,,1,15,,91458,2,,,1,15,,91478,2,,,1,15,,91419,2,,,1,55,,91439,2,,,1,15,,91459,2,,,1,15,,91479,2,,,1,15,,91420,2,,,1,55,,91440,2,,,1,15,,91460,2,,,1,15,,91480,2,,,1,15,,91421,2,,,1,55,,91441,2,,,1,15,,91461,2,,,1,15,,91481,2,,,1,15,,91422,2,,,1,55,,91442,2,,,1,15,,91462,2,,,1,15,,91482,2,,,1,15,,91423,2,,,1,55,,91443,2,,,1,15,,91463,2,,,1,15,,91483,2,,,1,15,,91424,2,,,1,55,,91444,2,,,1,15,,91464,2,,,1,15,,91484,2,,,1,15,,91425,2,,,1,55,,91445,2,,,1,15,,91465,2,,,1,15,,91485,2,,,1,15,,91426,2,,,1,55,,91446,2,,,1,15,,91466,2,,,1,15,,91486,2,,,1,15,,91427,2,,,1,55,,91447,2,,,1,15,,91467,2,,,1,15,,91487,2,,,1,15,,91428,2,,,1,55,,91448,2,,,1,15,,91468,2,,,1,15,,91488,2,,,1,15,,91429,2,,,1,55,,91449,2,,,1,15,,91469,2,,,1,15,,91489,2,,,1,15,,91430,2,,,1,55,,91450,2,,,1,15,,91470,2,,,1,15,,91490,2,,,1,15,,91431,2,,,1,55,,91451,2,,,1,15,,91471,2,,,1,15,,91491,2,,,1,15,,91432,2,,,1,55,,91452,2,,,1,15,,91472,2,,,1,15,,91492,2,,,1,15,,91433,2,,,1,55,,91453,2,,,1,15,,91473,2,,,1,15,,91493,2,,,1,15,,91434,2,,,1,55,,91454,2,,,1,15,,91474,2,,,1,15,,91494,2,,,1,15,,91435,2,,,1,55,,91455,2,,,1,15,,91475,2,,,1,15,,91495,2,,,1,15,,91436,2,,,1,55,,91456,2,,,1
1,'20270121',539,,91555,2,,,1,15,,91496,2,,,1,52,,91516,2,,,1,15,,91536,2,,,1,15,,91556,2,,,1,15,,91497,2,,,1,55,,91517,2,,,1,15,,91537,2,,,1,15,,91557,2,,,1,15,,91498,2,,,1,55,,91518,2,,,1,15,,91538,2,,,1,15,,91558,2,,,1,15,,91499,2,,,1,55,,91519,2,,,1,15,,91539,2,,,1,15,,91559,2,,,1,15,,91500,2,,,1,55,,91520,2,,,1,15,,91540,2,,,1,15,,91560,2,,,1,15,,91501,2,,,1,55,,91521,2,,,1,15,,91541,2,,,1,15,,91561,2,,,1,15,,91502,2,,,1,55,,91522,2,,,1,15,,91542,2,,,1,15,,91562,2,,,1,15,,91503,2,,,1,55,,91523,2,,,1,15,,91543,2,,,1,15,,91563,2,,,1,15,,91504,2,,,1,55,,91524,2,,,1,15,,91544,2,,,1,15,,91564,2,,,1,15,,91505,2,,,1,55,,91525,2,,,1,15,,91545,2,,,1,15,,91565,2,,,1,15,,91506,2,,,1,55,,91526,2,,,1,15,,91546,2,,,1,15,,91566,2,,,1,15,,91507,2,,,1,55,,91527,2,,,1,15,,91547,2,,,1,15,,91567,2,,,1,15,,91508,2,,,1,55,,91528,2,,,1,15,,91548,2,,,1,15,,91568,2,,,1,15,,91509,2,,,1,55,,91529,2,,,1,15,,91549,2,,,1,15,,91569,2,,,1,15,,91510,2,,,1,55,,91530,2,,,1,15,,91550,2,,,1,15,,91570,2,,,1,15,,91511,2,,,1,55,,91531,2,,,1,15,,91551,2,,,1,15,,91571,2,,,1,15,,91512,2,,,1,55,,91532,2,,,1,15,,91552,2,,,1,15,,91572,2,,,1,15,,91513,2,,,1,55,,91533,2,,,1,15,,91553,2,,,1,15,,91573,2,,,1,15,,91514,2,,,1,55,,91534,2,,,1,15,,91554,2,,,1,15,,91574,2,,,1,15,,91515,2,,,1,55,,91535,2,,,1
1,'20270122',539,,91634,2,,,1,15,,91575,2,,,1,52,,91595,2,,,1,15,,91615,2,,,1,15,,91635,2,,,1,15,,91576,2,,,1,55,,91596,2,,,1,15,,91616,2,,,1,15,,91636,2,,,1,15,,91577,2,,,1,55,,91597,2,,,1,15,,91617,2,,,1,15,,91637,2,,,1,15,,91578,2,,,1,55,,91598,2,,,1,15,,91618,2,,,1,15,,91638,2,,,1,15,,91579,2,,,1,55,,91599,2,,,1,15,,91619,2,,,1,15,,91639,2,,,1,15,,91580,2,,,1,55,,91600,2,,,1,15,,91620,2,,,1,15,,91640,2,,,1,15,,91581,2,,,1,55,,91601,2,,,1,15,,91621,2,,,1,15,,91641,2,,,1,15,,91582,2,,,1,55,,91602,2,,,1,15,,91622,2,,,1,15,,91642,2,,,1,15,,91583,2,,,1,55,,91603,2,,,1,15,,91623,2,,,1,15,,91643,2,,,1,15,,91584,2,,,1,55,,91604,2,,,1,15,,91624,2,,,1,15,,91644,2,,,1,15,,91585,2,,,1,55,,91605,2,,,1,15,,91625,2,,,1,15,,91645,2,,,1,15,,91586,2,,,1,55,,91606,2,,,1,15,,91626,2,,,1,15,,91646,2,,,1,15,,91587,2,,,1,55,,91607,2,,,1,15,,91627,2,,,1,15,,91647,2,,,1,15,,91588,2,,,1,55,,91608,2,,,1,15,,91628,2,,,1,15,,91648,2,,,1,15,,91589,2,,,1,55,,91609,2,,,1,15,,91629,2,,,1,15,,91649,2,,,1,15,,91590,2,,,1,55,,91610,2,,,1,15,,91630,2,,,1,15,,91650,2,,,1,15,,91591,2,,,1,55,,91611,2,,,1,15,,91631,2,,,1,15,,91651,2,,,1,15,,91592,2,,,1,55,,91612,2,,,1,15,,91632,2,,,1,15,,91652,2,,,1,15,,91593,2,,,1,55,,91613,2,,,1,15,,91633,2,,,1,15,,91653,2,,,1,15,,91594,2,,,1,55,,91614,2,,,1
1,'20270123',636,,91710,2,,,1,15,,91654,2,,,1,55,,91673,2,,,1,15,,91692,2,,,1,15,,91711,2,,,1,15,,91655,2,,,1,55,,91674,2,,,1,15,,91693,2,,,1,15,,91712,2,,,1,15,,91656,2,,,1,55,,91675,2,,,1,15,,91694,2,,,1,15,,91713,2,,,1,15,,91657,2,,,1,55,,91676,2,,,1,15,,91695,2,,,1,15,,91714,2,,,1,15,,91658,2,,,1,55,,91677,2,,,1,15,,91696,2,,,1,15,,91715,2,,,1,15,,91659,2,,,1,55,,91678,2,,,1,15,,91697,2,,,1,15,,91716,2,,,1,15,,91660,2,,,1,55,,91679,2,,,1,15,,91698,2,,,1,15,,91717,2,,,1,15,,91661,2,,,1,55,,91680,2,,,1,15,,91699,2,,,1,15,,91718,2,,,1,15,,91662,2,,,1,55,,91681,2,,,1,15,,91700,2,,,1,15,,91719,2,,,1,15,,91663,2,,,1,55,,91682,2,,,1,15,,91701,2,,,1,15,,91720,2,,,1,15,,91664,2,,,1,55,,91683,2,,,1,15,,91702,2,,,1,15,,91721,2,,,1,15,,91665,2,,,1,55,,91684,2,,,1,15,,91703,2,,,1,15,,91722,2,,,1,15,,91666,2,,,1,55,,91685,2,,,1,15,,91704,2,,,1,15,,91723,2,,,1,15,,91667,2,,,1,55,,91686,2,,,1,15,,91705,2,,,1,15,,91724,2,,,1,15,,91668,2,,,1,55,,91687,2,,,1,15,,91706,2,,,1,15,,91725,2,,,1,15,,91669,2,,,1,55,,91688,2,,,1,15,,91707,2,,,1,15,,91726,2,,,1,15,,91670,2,,,1,55,,91689,2,,,1,15,,91708,2,,,1,15,,91727,2,,,1,15,,91671,2,,,1,55,,91690,2,,,1,15,,91709,2,,,1,15,,91728,2,,,1,15,,91672,2,,,1,55,,91691,2,,,1
1,'20270124',636,,91785,2,,,1,15,,91729,2,,,1,55,,91748,2,,,1,15,,91767,2,,,1,15,,91786,2,,,1,15,,91730,2,,,1,55,,91749,2,,,1,15,,91768,2,,,1,15,,91787,2,,,1,15,,91731,2,,,1,55,,91750,2,,,1,15,,91769,2,,,1,15,,91788,2,,,1,15,,91732,2,,,1,55,,91751,2,,,1,15,,91770,2,,,1,15,,91789,2,,,1,15,,91733,2,,,1,55,,91752,2,,,1,15,,91771,2,,,1,15,,91790,2,,,1,15,,91734,2,,,1,55,,91753,2,,,1,15,,91772,2,,,1,15,,91791,2,,,1,15,,91735,2,,,1,55,,91754,2,,,1,15,,91773,2,,,1,15,,91792,2,,,1,15,,91736,2,,,1,55,,91755,2,,,1,15,,91774,2,,,1,15,,91793,2,,,1,15,,91737,2,,,1,55,,91756,2,,,1,15,,91775,2,,,1,15,,91794,2,,,1,15,,91738,2,,,1,55,,91757,2,,,1,15,,91776,2,,,1,15,,91795,2,,,1,15,,91739,2,,,1,55,,91758,2,,,1,15,,91777,2,,,1,15,,91796,2,,,1,15,,91740,2,,,1,55,,91759,2,,,1,15,,91778,2,,,1,15,,91797,2,,,1,15,,91741,2,,,1,55,,91760,2,,,1,15,,91779,2,,,1,15,,91798,2,,,1,15,,91742,2,,,1,55,,91761,2,,,1,15,,91780,2,,,1,15,,91799,2,,,1,15,,91743,2,,,1,55,,91762,2,,,1,15,,91781,2,,,1,15,,91800,2,,,1,15,,91744,2,,,1,55,,91763,2,,,1,15,,91782,2,,,1,15,,91801,2,,,1,15,,91745,2,,,1,55,,91764,2,,,1,15,,91783,2,,,1,15,,91802,2,,,1,15,,91746,2,,,1,55,,91765,2,,,1,15,,91784,2,,,1,15,,91803,2,,,1,15,,91747,2,,,1,55,,91766,2,,,1
1,'20270125',539,,91863,2,,,1,15,,91804,2,,,1,52,,91824,2,,,1,15,,91844,2,,,1,15,,91864,2,,,1,15,,91805,2,,,1,55,,91825,2,,,1,15,,91845,2,,,1,15,,91865,2,,,1,15,,91806,2,,,1,55,,91826,2,,,1,15,,91846,2,,,1,15,,91866,2,,,1,15,,91807,2,,,1,55,,91827,2,,,1,15,,91847,2,,,1,15,,91867,2,,,1,15,,91808,2,,,1,55,,91828,2,,,1,15,,91848,2,,,1,15,,91868,2,,,1,15,,91809,2,,,1,55,,91829,2,,,1,15,,91849,2,,,1,15,,91869,2,,,1,15,,91810,2,,,1,55,,91830,2,,,1,15,,91850,2,,,1,15,,91870,2,,,1,15,,91811,2,,,1,55,,91831,2,,,1,15,,91851,2,,,1,15,,91871,2,,,1,15,,91812,2,,,1,55,,91832,2,,,1,15,,91852,2,,,1,15,,91872,2,,,1,15,,91813,2,,,1,55,,91833,2,,,1,15,,91853,2,,,1,15,,91873,2,,,1,15,,91814,2,,,1,55,,91834,2,,,1,15,,91854,2,,,1,15,,91874,2,,,1,15,,91815,2,,,1,55,,91835,2,,,1,15,,91855,2,,,1,15,,91875,2,,,1,15,,91816,2,,,1,55,,91836,2,,,1,15,,91856,2,,,1,15,,91876,2,,,1,15,,91817,2,,,1,55,,91837,2,,,1,15,,91857,2,,,1,15,,91877,2,,,1,15,,91818,2,,,1,55,,91838,2,,,1,15,,91858,2,,,1,15,,91878,2,,,1,15,,91819,2,,,1,55,,91839,2,,,1,15,,91859,2,,,1,15,,91879,2,,,1,15,,91820,2,,,1,55,,91840,2,,,1,15,,91860,2,,,1,15,,91880,2,,,1,15,,91821,2,,,1,55,,91841,2,,,1,15,,91861,2,,,1,15,,91881,2,,,1,15,,91822,2,,,1,55,,91842,2,,,1,15,,91862,2,,,1,15,,91882,2,,,1,15,,91823,2,,,1,55,,91843,2,,,1
1,'20270126',539,,91942,2,,,1,15,,91883,2,,,1,52,,91903,2,,,1,15,,91923,2,,,1,15,,91943,2,,,1,15,,91884,2,,,1,55,,91904,2,,,1,15,,91924,2,,,1,15,,91944,2,,,1,15,,91885,2,,,1,55,,91905,2,,,1,15,,91925,2,,,1,15,,91945,2,,,1,15,,91886,2,,,1,55,,91906,2,,,1,15,,91926,2,,,1,15,,91946,2,,,1,15,,91887,2,,,1,55,,91907,2,,,1,15,,91927,2,,,1,15,,91947,2,,,1,15,,91888,2,,,1,55,,91908,2,,,1,15,,91928,2,,,1,15,,91948,2,,,1,15,,91889,2,,,1,55,,91909,2,,,1,15,,91929,2,,,1,15,,91949,2,,,1,15,,91890,2,,,1,55,,91910,2,,,1,15,,91930,2,,,1,15,,91950,2,,,1,15,,91891,2,,,1,55,,91911,2,,,1,15,,91931,2,,,1,15,,91951,2,,,1,15,,91892,2,,,1,55,,91912,2,,,1,15,,91932,2,,,1,15,,91952,2,,,1,15,,91893,2,,,1,55,,91913,2,,,1,15,,91933,2,,,1,15,,91953,2,,,1,15,,91894,2,,,1,55,,91914,2,,,1,15,,91934,2,,,1,15,,91954,2,,,1,15,,91895,2,,,1,55,,91915,2,,,1,15,,91935,2,,,1,15,,91955,2,,,1,15,,91896,2,,,1,55,,91916,2,,,1,15,,91936,2,,,1,15,,91956,2,,,1,15,,91897,2,,,1,55,,91917,2,,,1,15,,91937,2,,,1,15,,91957,2,,,1,15,,91898,2,,,1,55,,91918,2,,,1,15,,91938,2,,,1,15,,91958,2,,,1,15,,91899,2,,,1,55,,91919,2,,,1,15,,91939,2,,,1,15,,91959,2,,,1,15,,91900,2,,,1,55,,91920,2,,,1,15,,91940,2,,,1,15,,91960,2,,,1,15,,91901,2,,,1,55,,91921,2,,,1,15,,91941,2,,,1,15,,91961,2,,,1,15,,91902,2,,,1,55,,91922,2,,,1
1,'20270127',539,,92021,2,,,1,15,,91962,2,,,1,52,,91982,2,,,1,15,,92002,2,,,1,15,,92022,2,,,1,15,,91963,2,,,1,55,,91983,2,,,1,15,,92003,2,,,1,15,,92023,2,,,1,15,,91964,2,,,1,55,,91984,2,,,1,15,,92004,2,,,1,15,,92024,2,,,1,15,,91965,2,,,1,55,,91985,2,,,1,15,,92005,2,,,1,15,,92025,2,,,1,15,,91966,2,,,1,55,,91986,2,,,1,15,,92006,2,,,1,15,,92026,2,,,1,15,,91967,2,,,1,55,,91987,2,,,1,15,,92007,2,,,1,15,,92027,2,,,1,15,,91968,2,,,1,55,,91988,2,,,1,15,,92008,2,,,1,15,,92028,2,,,1,15,,91969,2,,,1,55,,91989,2,,,1,15,,92009,2,,,1,15,,92029,2,,,1,15,,91970,2,,,1,55,,91990,2,,,1,15,,92010,2,,,1,15,,92030,2,,,1,15,,91971,2,,,1,55,,91991,2,,,1,15,,92011,2,,,1,15,,92031,2,,,1,15,,91972,2,,,1,55,,91992,2,,,1,15,,92012,2,,,1,15,,92032,2,,,1,15,,91973,2,,,1,55,,91993,2,,,1,15,,92013,2,,,1,15,,92033,2,,,1,15,,91974,2,,,1,55,,91994,2,,,1,15,,92014,2,,,1,15,,92034,2,,,1,15,,91975,2,,,1,55,,91995,2,,,1,15,,92015,2,,,1,15,,92035,2,,,1,15,,91976,2,,,1,55,,91996,2,,,1,15,,92016,2,,,1,15,,92036,2,,,1,15,,91977,2,,,1,55,,91997,2,,,1,15,,92017,2,,,1,15,,92037,2,,,1,15,,91978,2,,,1,55,,91998,2,,,1,15,,92018,2,,,1,15,,92038,2,,,1,15,,91979,2,,,1,55,,91999,2,,,1,15,,92019,2,,,1,15,,92039,2,,,1,15,,91980,2,,,1,55,,92000,2,,,1,15,,92020,2,,,1,15,,92040,2,,,1,15,,91981,2,,,1,55,,92001,2,,,1
1,'20270128',539,,92100,2,,,1,15,,92041,2,,,1,52,,92061,2,,,1,15,,92081,2,,,1,15,,92101,2,,,1,15,,92042,2,,,1,55,,92062,2,,,1,15,,92082,2,,,1,15,,92102,2,,,1,15,,92043,2,,,1,55,,92063,2,,,1,15,,92083,2,,,1,15,,92103,2,,,1,15,,92044,2,,,1,55,,92064,2,,,1,15,,92084,2,,,1,15,,92104,2,,,1,15,,92045,2,,,1,55,,92065,2,,,1,15,,92085,2,,,1,15,,92105,2,,,1,15,,92046,2,,,1,55,,92066,2,,,1,15,,92086,2,,,1,15,,92106,2,,,1,15,,92047,2,,,1,55,,92067,2,,,1,15,,92087,2,,,1,15,,92107,2,,,1,15,,92048,2,,,1,55,,92068,2,,,1,15,,92088,2,,,1,15,,92108,2,,,1,15,,92049,2,,,1,55,,92069,2,,,1,15,,92089,2,,,1,15,,92109,2,,,1,15,,92050,2,,,1,55,,92070,2,,,1,15,,92090,2,,,1,15,,92110,2,,,1,15,,92051,2,,,1,55,,92071,2,,,1,15,,92091,2,,,1,15,,92111,2,,,1,15,,92052,2,,,1,55,,92072,2,,,1,15,,92092,2,,,1,15,,92112,2,,,1,15,,92053,2,,,1,55,,92073,2,,,1,15,,92093,2,,,1,15,,92113,2,,,1,15,,92054,2,,,1,55,,92074,2,,,1,15,,92094,2,,,1,15,,92114,2,,,1,15,,92055,2,,,1,55,,92075,2,,,1,15,,92095,2,,,1,15,,92115,2,,,1,15,,92056,2,,,1,55,,92076,2,,,1,15,,92096,2,,,1,15,,92116,2,,,1,15,,92057,2,,,1,55,,92077,2,,,1,15,,92097,2,,,1,15,,92117,2,,,1,15,,92058,2,,,1,55,,92078,2,,,1,15,,92098,2,,,1,15,,92118,2,,,1,15,,92059,2,,,1,55,,92079,2,,,1,15,,92099,2,,,1,15,,92119,2,,,1,15,,92060,2,,,1,55,,92080,2,,,1
1,'20270129',539,,92179,2,,,1,15,,92120,2,,,1,52,,92140,2,,,1,15,,92160,2,,,1,15,,92180,2,,,1,15,,92121,2,,,1,55,,92141,2,,,1,15,,92161,2,,,1,15,,92181,2,,,1,15,,92122,2,,,1,55,,92142,2,,,1,15,,92162,2,,,1,15,,92182,2,,,1,15,,92123,2,,,1,55,,92143,2,,,1,15,,92163,2,,,1,15,,92183,2,,,1,15,,92124,2,,,1,55,,92144,2,,,1,15,,92164,2,,,1,15,,92184,2,,,1,15,,92125,2,,,1,55,,92145,2,,,1,15,,92165,2,,,1,15,,92185,2,,,1,15,,92126,2,,,1,55,,92146,2,,,1,15,,92166,2,,,1,15,,92186,2,,,1,15,,92127,2,,,1,55,,92147,2,,,1,15,,92167,2,,,1,15,,92187,2,,,1,15,,92128,2,,,1,55,,92148,2,,,1,15,,92168,2,,,1,15,,92188,2,,,1,15,,92129,2,,,1,55,,92149,2,,,1,15,,92169,2,,,1,15,,92189,2,,,1,15,,92130,2,,,1,55,,92150,2,,,1,15,,92170,2,,,1,15,,92190,2,,,1,15,,92131,2,,,1,55,,92151,2,,,1,15,,92171,2,,,1,15,,92191,2,,,1,15,,92132,2,,,1,55,,92152,2,,,1,15,,92172,2,,,1,15,,92192,2,,,1,15,,92133,2,,,1,55,,92153,2,,,1,15,,92173,2,,,1,15,,92193,2,,,1,15,,92134,2,,,1,55,,92154,2,,,1,15,,92174,2,,,1,15,,92194,2,,,1,15,,92135,2,,,1,55,,92155,2,,,1,15,,92175,2,,,1,15,,92195,2,,,1,15,,92136,2,,,1,55,,92156,2,,,1,15,,92176,2,,,1,15,,92196,2,,,1,15,,92137,2,,,1,55,,92157,2,,,1,15,,92177,2,,,1,15,,92197,2,,,1,15,,92138,2,,,1,55,,92158,2,,,1,15,,92178,2,,,1,15,,92198,2,,,1,15,,92139,2,,,1,55,,92159,2,,,1
1,'20270130',636,,92255,2,,,1,15,,92199,2,,,1,55,,92218,2,,,1,15,,92237,2,,,1,15,,92256,2,,,1,15,,92200,2,,,1,55,,92219,2,,,1,15,,92238,2,,,1,15,,92257,2,,,1,15,,92201,2,,,1,55,,92220,2,,,1,15,,92239,2,,,1,15,,92258,2,,,1,15,,92202,2,,,1,55,,92221,2,,,1,15,,92240,2,,,1,15,,92259,2,,,1,15,,92203,2,,,1,55,,92222,2,,,1,15,,92241,2,,,1,15,,92260,2,,,1,15,,92204,2,,,1,55,,92223,2,,,1,15,,92242,2,,,1,15,,92261,2,,,1,15,,92205,2,,,1,55,,92224,2,,,1,15,,92243,2,,,1,15,,92262,2,,,1,15,,92206,2,,,1,55,,92225,2,,,1,15,,92244,2,,,1,15,,92263,2,,,1,15,,92207,2,,,1,55,,92226,2,,,1,15,,92245,2,,,1,15,,92264,2,,,1,15,,92208,2,,,1,55,,92227,2,,,1,15,,92246,2,,,1,15,,92265,2,,,1,15,,92209,2,,,1,55,,92228,2,,,1,15,,92247,2,,,1,15,,92266,2,,,1,15,,92210,2,,,1,55,,92229,2,,,1,15,,92248,2,,,1,15,,92267,2,,,1,15,,92211,2,,,1,55,,92230,2,,,1,15,,92249,2,,,1,15,,92268,2,,,1,15,,92212,2,,,1,55,,92231,2,,,1,15,,92250,2,,,1,15,,92269,2,,,1,15,,92213,2,,,1,55,,92232,2,,,1,15,,92251,2,,,1,15,,92270,2,,,1,15,,92214,2,,,1,55,,92233,2,,,1,15,,92252,2,,,1,15,,92271,2,,,1,15,,92215,2,,,1,55,,92234,2,,,1,15,,92253,2,,,1,15,,92272,2,,,1,15,,92216,2,,,1,55,,92235,2,,,1,15,,92254,2,,,1,15,,92273,2,,,1,15,,92217,2,,,1,55,,92236,2,,,1
1,'20270131',636,,92330,2,,,1,15,,92274,2,,,1,55,,92293,2,,,1,15,,92312,2,,,1,15,,92331,2,,,1,15,,92275,2,,,1,55,,92294,2,,,1,15,,92313,2,,,1,15,,92332,2,,,1,15,,92276,2,,,1,55,,92295,2,,,1,15,,92314,2,,,1,15,,92333,2,,,1,15,,92277,2,,,1,55,,92296,2,,,1,15,,92315,2,,,1,15,,92334,2,,,1,15,,92278,2,,,1,55,,92297,2,,,1,15,,92316,2,,,1,15,,92335,2,,,1,15,,92279,2,,,1,55,,92298,2,,,1,15,,92317,2,,,1,15,,92336,2,,,1,15,,92280,2,,,1,55,,92299,2,,,1,15,,92318,2,,,1,15,,92337,2,,,1,15,,92281,2,,,1,55,,92300,2,,,1,15,,92319,2,,,1,15,,92338,2,,,1,15,,92282,2,,,1,55,,92301,2,,,1,15,,92320,2,,,1,15,,92339,2,,,1,15,,92283,2,,,1,55,,92302,2,,,1,15,,92321,2,,,1,15,,92340,2,,,1,15,,92284,2,,,1,55,,92303,2,,,1,15,,92322,2,,,1,15,,92341,2,,,1,15,,92285,2,,,1,55,,92304,2,,,1,15,,92323,2,,,1,15,,92342,2,,,1,15,,92286,2,,,1,55,,92305,2,,,1,15,,92324,2,,,1,15,,92343,2,,,1,15,,92287,2,,,1,55,,92306,2,,,1,15,,92325,2,,,1,15,,92344,2,,,1,15,,92288,2,,,1,55,,92307,2,,,1,15,,92326,2,,,1,15,,92345,2,,,1,15,,92289,2,,,1,55,,92308,2,,,1,15,,92327,2,,,1,15,,92346,2,,,1,15,,92290,2,,,1,55,,92309,2,,,1,15,,92328,2,,,1,15,,92347,2,,,1,15,,92291,2,,,1,55,,92310,2,,,1,15,,92329,2,,,1,15,,92348,2,,,1,15,,92292,2,,,1,55,,92311,2,,,1
1,'20270201',539,,92408,2,,,1,15,,92349,2,,,1,52,,92369,2,,,1,15,,92389,2,,,1,15,,92409,2,,,1,15,,92350,2,,,1,55,,92370,2,,,1,15,,92390,2,,,1,15,,92410,2,,,1,15,,92351,2,,,1,55,,92371,2,,,1,15,,92391,2,,,1,15,,92411,2,,,1,15,,92352,2,,,1,55,,92372,2,,,1,15,,92392,2,,,1,15,,92412,2,,,1,15,,92353,2,,,1,55,,92373,2,,,1,15,,92393,2,,,1,15,,92413,2,,,1,15,,92354,2,,,1,55,,92374,2,,,1,15,,92394,2,,,1,15,,92414,2,,,1,15,,92355,2,,,1,55,,92375,2,,,1,15,,92395,2,,,1,15,,92415,2,,,1,15,,92356,2,,,1,55,,92376,2,,,1,15,,92396,2,,,1,15,,92416,2,,,1,15,,92357,2,,,1,55,,92377,2,,,1,15,,92397,2,,,1,15,,92417,2,,,1,15,,92358,2,,,1,55,,92378,2,,,1,15,,92398,2,,,1,15,,92418,2,,,1,15,,92359,2,,,1,55,,92379,2,,,1,15,,92399,2,,,1,15,,92419,2,,,1,15,,92360,2,,,1,55,,92380,2,,,1,15,,92400,2,,,1,15,,92420,2,,,1,15,,92361,2,,,1,55,,92381,2,,,1,15,,92401,2,,,1,15,,92421,2,,,1,15,,92362,2,,,1,55,,92382,2,,,1,15,,92402,2,,,1,15,,92422,2,,,1,15,,92363,2,,,1,55,,92383,2,,,1,15,,92403,2,,,1,15,,92423,2,,,1,15,,92364,2,,,1,55,,92384,2,,,1,15,,92404,2,,,1,15,,92424,2,,,1,15,,92365,2,,,1,55,,92385,2,,,1,15,,92405,2,,,1,15,,92425,2,,,1,15,,92366,2,,,1,55,,92386,2,,,1,15,,92406,2,,,1,15,,92426,2,,,1,15,,92367,2,,,1,55,,92387,2,,,1,15,,92407,2,,,1,15,,92427,2,,,1,15,,92368,2,,,1,55,,92388,2,,,1
1,'20270202',539,,92487,2,,,1,15,,92428,2,,,1,52,,92448,2,,,1,15,,92468,2,,,1,15,,92488,2,,,1,15,,92429,2,,,1,55,,92449,2,,,1,15,,92469,2,,,1,15,,92489,2,,,1,15,,92430,2,,,1,55,,92450,2,,,1,15,,92470,2,,,1,15,,92490,2,,,1,15,,92431,2,,,1,55,,92451,2,,,1,15,,92471,2,,,1,15,,92491,2,,,1,15,,92432,2,,,1,55,,92452,2,,,1,15,,92472,2,,,1,15,,92492,2,,,1,15,,92433,2,,,1,55,,92453,2,,,1,15,,92473,2,,,1,15,,92493,2,,,1,15,,92434,2,,,1,55,,92454,2,,,1,15,,92474,2,,,1,15,,92494,2,,,1,15,,92435,2,,,1,55,,92455,2,,,1,15,,92475,2,,,1,15,,92495,2,,,1,15,,92436,2,,,1,55,,92456,2,,,1,15,,92476,2,,,1,15,,92496,2,,,1,15,,92437,2,,,1,55,,92457,2,,,1,15,,92477,2,,,1,15,,92497,2,,,1,15,,92438,2,,,1,55,,92458,2,,,1,15,,92478,2,,,1,15,,92498,2,,,1,15,,92439,2,,,1,55,,92459,2,,,1,15,,92479,2,,,1,15,,92499,2,,,1,15,,92440,2,,,1,55,,92460,2,,,1,15,,92480,2,,,1,15,,92500,2,,,1,15,,92441,2,,,1,55,,92461,2,,,1,15,,92481,2,,,1,15,,92501,2,,,1,15,,92442,2,,,1,55,,92462,2,,,1,15,,92482,2,,,1,15,,92502,2,,,1,15,,92443,2,,,1,55,,92463,2,,,1,15,,92483,2,,,1,15,,92503,2,,,1,15,,92444,2,,,1,55,,92464,2,,,1,15,,92484,2,,,1,15,,92504,2,,,1,15,,92445,2,,,1,55,,92465,2,,,1,15,,92485,2,,,1,15,,92505,2,,,1,15,,92446,2,,,1,55,,92466,2,,,1,15,,92486,2,,,1,15,,92506,2,,,1,15,,92447,2,,,1,55,,92467,2,,,1
1,'20270203',539,,92566,2,,,1,15,,92507,2,,,1,52,,92527,2,,,1,15,,92547,2,,,1,15,,92567,2,,,1,15,,92508,2,,,1,55,,92528,2,,,1,15,,92548,2,,,1,15,,92568,2,,,1,15,,92509,2,,,1,55,,92529,2,,,1,15,,92549,2,,,1,15,,92569,2,,,1,15,,92510,2,,,1,55,,92530,2,,,1,15,,92550,2,,,1,15,,92570,2,,,1,15,,92511,2,,,1,55,,92531,2,,,1,15,,92551,2,,,1,15,,92571,2,,,1,15,,92512,2,,,1,55,,92532,2,,,1,15,,92552,2,,,1,15,,92572,2,,,1,15,,92513,2,,,1,55,,92533,2,,,1,15,,92553,2,,,1,15,,92573,2,,,1,15,,92514,2,,,1,55,,92534,2,,,1,15,,92554,2,,,1,15,,92574,2,,,1,15,,92515,2,,,1,55,,92535,2,,,1,15,,92555,2,,,1,15,,92575,2,,,1,15,,92516,2,,,1,55,,92536,2,,,1,15,,92556,2,,,1,15,,92576,2,,,1,15,,92517,2,,,1,55,,92537,2,,,1,15,,92557,2,,,1,15,,92577,2,,,1,15,,92518,2,,,1,55,,92538,2,,,1,15,,92558,2,,,1,15,,92578,2,,,1,15,,92519,2,,,1,55,,92539,2,,,1,15,,92559,2,,,1,15,,92579,2,,,1,15,,92520,2,,,1,55,,92540,2,,,1,15,,92560,2,,,1,15,,92580,2,,,1,15,,92521,2,,,1,55,,92541,2,,,1,15,,92561,2,,,1,15,,92581,2,,,1,15,,92522,2,,,1,55,,92542,2,,,1,15,,92562,2,,,1,15,,92582,2,,,1,15,,92523,2,,,1,55,,92543,2,,,1,15,,92563,2,,,1,15,,92583,2,,,1,15,,92524,2,,,1,55,,92544,2,,,1,15,,92564,2,,,1,15,,92584,2,,,1,15,,92525,2,,,1,55,,92545,2,,,1,15,,92565,2,,,1,15,,92585,2,,,1,15,,92526,2,,,1,55,,92546,2,,,1
1,'20270204',539,,92645,2,,,1,15,,92586,2,,,1,52,,92606,2,,,1,15,,92626,2,,,1,15,,92646,2,,,1,15,,92587,2,,,1,55,,92607,2,,,1,15,,92627,2,,,1,15,,92647,2,,,1,15,,92588,2,,,1,55,,92608,2,,,1,15,,92628,2,,,1,15,,92648,2,,,1,15,,92589,2,,,1,55,,92609,2,,,1,15,,92629,2,,,1,15,,92649,2,,,1,15,,92590,2,,,1,55,,92610,2,,,1,15,,92630,2,,,1,15,,92650,2,,,1,15,,92591,2,,,1,55,,92611,2,,,1,15,,92631,2,,,1,15,,92651,2,,,1,15,,92592,2,,,1,55,,92612,2,,,1,15,,92632,2,,,1,15,,92652,2,,,1,15,,92593,2,,,1,55,,92613,2,,,1,15,,92633,2,,,1,15,,92653,2,,,1,15,,92594,2,,,1,55,,92614,2,,,1,15,,92634,2,,,1,15,,92654,2,,,1,15,,92595,2,,,1,55,,92615,2,,,1,15,,92635,2,,,1,15,,92655,2,,,1,15,,92596,2,,,1,55,,92616,2,,,1,15,,92636,2,,,1,15,,92656,2,,,1,15,,92597,2,,,1,55,,92617,2,,,1,15,,92637,2,,,1,15,,92657,2,,,1,15,,92598,2,,,1,55,,92618,2,,,1,15,,92638,2,,,1,15,,92658,2,,,1,15,,92599,2,,,1,55,,92619,2,,,1,15,,92639,2,,,1,15,,92659,2,,,1,15,,92600,2,,,1,55,,92620,2,,,1,15,,92640,2,,,1,15,,92660,2,,,1,15,,92601,2,,,1,55,,92621,2,,,1,15,,92641,2,,,1,15,,92661,2,,,1,15,,92602,2,,,1,55,,92622,2,,,1,15,,92642,2,,,1,15,,92662,2,,,1,15,,92603,2,,,1,55,,92623,2,,,1,15,,92643,2,,,1,15,,92663,2,,,1,15,,92604,2,,,1,55,,92624,2,,,1,15,,92644,2,,,1,15,,92664,2,,,1,15,,92605,2,,,1,55,,92625,2,,,1
1,'20270205',539,,92724,2,,,1,15,,92665,2,,,1,52,,92685,2,,,1,15,,92705,2,,,1,15,,92725,2,,,1,15,,92666,2,,,1,55,,92686,2,,,1,15,,92706,2,,,1,15,,92726,2,,,1,15,,92667,2,,,1,55,,92687,2,,,1,15,,92707,2,,,1,15,,92727,2,,,1,15,,92668,2,,,1,55,,92688,2,,,1,15,,92708,2,,,1,15,,92728,2,,,1,15,,92669,2,,,1,55,,92689,2,,,1,15,,92709,2,,,1,15,,92729,2,,,1,15,,92670,2,,,1,55,,92690,2,,,1,15,,92710,2,,,1,15,,92730,2,,,1,15,,92671,2,,,1,55,,92691,2,,,1,15,,92711,2,,,1,15,,92731,2,,,1,15,,92672,2,,,1,55,,92692,2,,,1,15,,92712,2,,,1,15,,92732,2,,,1,15,,92673,2,,,1,55,,92693,2,,,1,15,,92713,2,,,1,15,,92733,2,,,1,15,,92674,2,,,1,55,,92694,2,,,1,15,,92714,2,,,1,15,,92734,2,,,1,15,,92675,2,,,1,55,,92695,2,,,1,15,,92715,2,,,1,15,,92735,2,,,1,15,,92676,2,,,1,55,,92696,2,,,1,15,,92716,2,,,1,15,,92736,2,,,1,15,,92677,2,,,1,55,,92697,2,,,1,15,,92717,2,,,1,15,,92737,2,,,1,15,,92678,2,,,1,55,,92698,2,,,1,15,,92718,2,,,1,15,,92738,2,,,1,15,,92679,2,,,1,55,,92699,2,,,1,15,,92719,2,,,1,15,,92739,2,,,1,15,,92680,2,,,1,55,,92700,2,,,1,15,,92720,2,,,1,15,,92740,2,,,1,15,,92681,2,,,1,55,,92701,2,,,1,15,,92721,2,,,1,15,,92741,2,,,1,15,,92682,2,,,1,55,,92702,2,,,1,15,,92722,2,,,1,15,,92742,2,,,1,15,,92683,2,,,1,55,,92703,2,,,1,15,,92723,2,,,1,15,,92743,2,,,1,15,,92684,2,,,1,55,,92704,2,,,1
1,'20270206',636,,92800,2,,,1,15,,92744,2,,,1,55,,92763,2,,,1,15,,92782,2,,,1,15,,92801,2,,,1,15,,92745,2,,,1,55,,92764,2,,,1,15,,92783,2,,,1,15,,92802,2,,,1,15,,92746,2,,,1,55,,92765,2,,,1,15,,92784,2,,,1,15,,92803,2,,,1,15,,92747,2,,,1,55,,92766,2,,,1,15,,92785,2,,,1,15,,92804,2,,,1,15,,92748,2,,,1,55,,92767,2,,,1,15,,92786,2,,,1,15,,92805,2,,,1,15,,92749,2,,,1,55,,92768,2,,,1,15,,92787,2,,,1,15,,92806,2,,,1,15,,92750,2,,,1,55,,92769,2,,,1,15,,92788,2,,,1,15,,92807,2,,,1,15,,92751,2,,,1,55,,92770,2,,,1,15,,92789,2,,,1,15,,92808,2,,,1,15,,92752,2,,,1,55,,92771,2,,,1,15,,92790,2,,,1,15,,92809,2,,,1,15,,92753,2,,,1,55,,92772,2,,,1,15,,92791,2,,,1,15,,92810,2,,,1,15,,92754,2,,,1,55,,92773,2,,,1,15,,92792,2,,,1,15,,92811,2,,,1,15,,92755,2,,,1,55,,92774,2,,,1,15,,92793,2,,,1,15,,92812,2,,,1,15,,92756,2,,,1,55,,92775,2,,,1,15,,92794,2,,,1,15,,92813,2,,,1,15,,92757,2,,,1,55,,92776,2,,,1,15,,92795,2,,,1,15,,92814,2,,,1,15,,92758,2,,,1,55,,92777,2,,,1,15,,92796,2,,,1,15,,92815,2,,,1,15,,92759,2,,,1,55,,92778,2,,,1,15,,92797,2,,,1,15,,92816,2,,,1,15,,92760,2,,,1,55,,92779,2,,,1,15,,92798,2,,,1,15,,92817,2,,,1,15,,92761,2,,,1,55,,92780,2,,,1,15,,92799,2,,,1,15,,92818,2,,,1,15,,92762,2,,,1,55,,92781,2,,,1
1,'20270207',636,,92875,2,,,1,15,,92819,2,,,1,55,,92838,2,,,1,15,,92857,2,,,1,15,,92876,2,,,1,15,,92820,2,,,1,55,,92839,2,,,1,15,,92858,2,,,1,15,,92877,2,,,1,15,,92821,2,,,1,55,,92840,2,,,1,15,,92859,2,,,1,15,,92878,2,,,1,15,,92822,2,,,1,55,,92841,2,,,1,15,,92860,2,,,1,15,,92879,2,,,1,15,,92823,2,,,1,55,,92842,2,,,1,15,,92861,2,,,1,15,,92880,2,,,1,15,,92824,2,,,1,55,,92843,2,,,1,15,,92862,2,,,1,15,,92881,2,,,1,15,,92825,2,,,1,55,,92844,2,,,1,15,,92863,2,,,1,15,,92882,2,,,1,15,,92826,2,,,1,55,,92845,2,,,1,15,,92864,2,,,1,15,,92883,2,,,1,15,,92827,2,,,1,55,,92846,2,,,1,15,,92865,2,,,1,15,,92884,2,,,1,15,,92828,2,,,1,55,,92847,2,,,1,15,,92866,2,,,1,15,,92885,2,,,1,15,,92829,2,,,1,55,,92848,2,,,1,15,,92867,2,,,1,15,,92886,2,,,1,15,,92830,2,,,1,55,,92849,2,,,1,15,,92868,2,,,1,15,,92887,2,,,1,15,,92831,2,,,1,55,,92850,2,,,1,15,,92869,2,,,1,15,,92888,2,,,1,15,,92832,2,,,1,55,,92851,2,,,1,15,,92870,2,,,1,15,,92889,2,,,1,15,,92833,2,,,1,55,,92852,2,,,1,15,,92871,2,,,1,15,,92890,2,,,1,15,,92834,2,,,1,55,,92853,2,,,1,15,,92872,2,,,1,15,,92891,2,,,1,15,,92835,2,,,1,55,,92854,2,,,1,15,,92873,2,,,1,15,,92892,2,,,1,15,,92836,2,,,1,55,,92855,2,,,1,15,,92874,2,,,1,15,,92893,2,,,1,15,,92837,2,,,1,55,,92856,2,,,1
1,'20270208',539,,92953,2,,,1,15,,92894,2,,,1,52,,92914,2,,,1,15,,92934,2,,,1,15,,92954,2,,,1,15,,92895,2,,,1,55,,92915,2,,,1,15,,92935,2,,,1,15,,92955,2,,,1,15,,92896,2,,,1,55,,92916,2,,,1,15,,92936,2,,,1,15,,92956,2,,,1,15,,92897,2,,,1,55,,92917,2,,,1,15,,92937,2,,,1,15,,92957,2,,,1,15,,92898,2,,,1,55,,92918,2,,,1,15,,92938,2,,,1,15,,92958,2,,,1,15,,92899,2,,,1,55,,92919,2,,,1,15,,92939,2,,,1,15,,92959,2,,,1,15,,92900,2,,,1,55,,92920,2,,,1,15,,92940,2,,,1,15,,92960,2,,,1,15,,92901,2,,,1,55,,92921,2,,,1,15,,92941,2,,,1,15,,92961,2,,,1,15,,92902,2,,,1,55,,92922,2,,,1,15,,92942,2,,,1,15,,92962,2,,,1,15,,92903,2,,,1,55,,92923,2,,,1,15,,92943,2,,,1,15,,92963,2,,,1,15,,92904,2,,,1,55,,92924,2,,,1,15,,92944,2,,,1,15,,92964,2,,,1,15,,92905,2,,,1,55,,92925,2,,,1,15,,92945,2,,,1,15,,92965,2,,,1,15,,92906,2,,,1,55,,92926,2,,,1,15,,92946,2,,,1,15,,92966,2,,,1,15,,92907,2,,,1,55,,92927,2,,,1,15,,92947,2,,,1,15,,92967,2,,,1,15,,92908,2,,,1,55,,92928,2,,,1,15,,92948,2,,,1,15,,92968,2,,,1,15,,92909,2,,,1,55,,92929,2,,,1,15,,92949,2,,,1,15,,92969,2,,,1,15,,92910,2,,,1,55,,92930,2,,,1,15,,92950,2,,,1,15,,92970,2,,,1,15,,92911,2,,,1,55,,92931,2,,,1,15,,92951,2,,,1,15,,92971,2,,,1,15,,92912,2,,,1,55,,92932,2,,,1,15,,92952,2,,,1,15,,92972,2,,,1,15,,92913,2,,,1,55,,92933,2,,,1
1,'20270209',539,,93032,2,,,1,15,,92973,2,,,1,52,,92993,2,,,1,15,,93013,2,,,1,15,,93033,2,,,1,15,,92974,2,,,1,55,,92994,2,,,1,15,,93014,2,,,1,15,,93034,2,,,1,15,,92975,2,,,1,55,,92995,2,,,1,15,,93015,2,,,1,15,,93035,2,,,1,15,,92976,2,,,1,55,,92996,2,,,1,15,,93016,2,,,1,15,,93036,2,,,1,15,,92977,2,,,1,55,,92997,2,,,1,15,,93017,2,,,1,15,,93037,2,,,1,15,,92978,2,,,1,55,,92998,2,,,1,15,,93018,2,,,1,15,,93038,2,,,1,15,,92979,2,,,1,55,,92999,2,,,1,15,,93019,2,,,1,15,,93039,2,,,1,15,,92980,2,,,1,55,,93000,2,,,1,15,,93020,2,,,1,15,,93040,2,,,1,15,,92981,2,,,1,55,,93001,2,,,1,15,,93021,2,,,1,15,,93041,2,,,1,15,,92982,2,,,1,55,,93002,2,,,1,15,,93022,2,,,1,15,,93042,2,,,1,15,,92983,2,,,1,55,,93003,2,,,1,15,,93023,2,,,1,15,,93043,2,,,1,15,,92984,2,,,1,55,,93004,2,,,1,15,,93024,2,,,1,15,,93044,2,,,1,15,,92985,2,,,1,55,,93005,2,,,1,15,,93025,2,,,1,15,,93045,2,,,1,15,,92986,2,,,1,55,,93006,2,,,1,15,,93026,2,,,1,15,,93046,2,,,1,15,,92987,2,,,1,55,,93007,2,,,1,15,,93027,2,,,1,15,,93047,2,,,1,15,,92988,2,,,1,55,,93008,2,,,1,15,,93028,2,,,1,15,,93048,2,,,1,15,,92989,2,,,1,55,,93009,2,,,1,15,,93029,2,,,1,15,,93049,2,,,1,15,,92990,2,,,1,55,,93010,2,,,1,15,,93030,2,,,1,15,,93050,2,,,1,15,,92991,2,,,1,55,,93011,2,,,1,15,,93031,2,,,1,15,,93051,2,,,1,15,,92992,2,,,1,55,,93012,2,,,1
1,'20270210',539,,93111,2,,,1,15,,93052,2,,,1,52,,93072,2,,,1,15,,93092,2,,,1,15,,93112,2,,,1,15,,93053,2,,,1,55,,93073,2,,,1,15,,93093,2,,,1,15,,93113,2,,,1,15,,93054,2,,,1,55,,93074,2,,,1,15,,93094,2,,,1,15,,93114,2,,,1,15,,93055,2,,,1,55,,93075,2,,,1,15,,93095,2,,,1,15,,93115,2,,,1,15,,93056,2,,,1,55,,93076,2,,,1,15,,93096,2,,,1,15,,93116,2,,,1,15,,93057,2,,,1,55,,93077,2,,,1,15,,93097,2,,,1,15,,93117,2,,,1,15,,93058,2,,,1,55,,93078,2,,,1,15,,93098,2,,,1,15,,93118,2,,,1,15,,93059,2,,,1,55,,93079,2,,,1,15,,93099,2,,,1,15,,93119,2,,,1,15,,93060,2,,,1,55,,93080,2,,,1,15,,93100,2,,,1,15,,93120,2,,,1,15,,93061,2,,,1,55,,93081,2,,,1,15,,93101,2,,,1,15,,93121,2,,,1,15,,93062,2,,,1,55,,93082,2,,,1,15,,93102,2,,,1,15,,93122,2,,,1,15,,93063,2,,,1,55,,93083,2,,,1,15,,93103,2,,,1,15,,93123,2,,,1,15,,93064,2,,,1,55,,93084,2,,,1,15,,93104,2,,,1,15,,93124,2,,,1,15,,93065,2,,,1,55,,93085,2,,,1,15,,93105,2,,,1,15,,93125,2,,,1,15,,93066,2,,,1,55,,93086,2,,,1,15,,93106,2,,,1,15,,93126,2,,,1,15,,93067,2,,,1,55,,93087,2,,,1,15,,93107,2,,,1,15,,93127,2,,,1,15,,93068,2,,,1,55,,93088,2,,,1,15,,93108,2,,,1,15,,93128,2,,,1,15,,93069,2,,,1,55,,93089,2,,,1,15,,93109,2,,,1,15,,93129,2,,,1,15,,93070,2,,,1,55,,93090,2,,,1,15,,93110,2,,,1,15,,93130,2,,,1,15,,93071,2,,,1,55,,93091,2,,,1
1,'20270211',539,,93190,2,,,1,15,,93131,2,,,1,52,,93151,2,,,1,15,,93171,2,,,1,15,,93191,2,,,1,15,,93132,2,,,1,55,,93152,2,,,1,15,,93172,2,,,1,15,,93192,2,,,1,15,,93133,2,,,1,55,,93153,2,,,1,15,,93173,2,,,1,15,,93193,2,,,1,15,,93134,2,,,1,55,,93154,2,,,1,15,,93174,2,,,1,15,,93194,2,,,1,15,,93135,2,,,1,55,,93155,2,,,1,15,,93175,2,,,1,15,,93195,2,,,1,15,,93136,2,,,1,55,,93156,2,,,1,15,,93176,2,,,1,15,,93196,2,,,1,15,,93137,2,,,1,55,,93157,2,,,1,15,,93177,2,,,1,15,,93197,2,,,1,15,,93138,2,,,1,55,,93158,2,,,1,15,,93178,2,,,1,15,,93198,2,,,1,15,,93139,2,,,1,55,,93159,2,,,1,15,,93179,2,,,1,15,,93199,2,,,1,15,,93140,2,,,1,55,,93160,2,,,1,15,,93180,2,,,1,15,,93200,2,,,1,15,,93141,2,,,1,55,,93161,2,,,1,15,,93181,2,,,1,15,,93201,2,,,1,15,,93142,2,,,1,55,,93162,2,,,1,15,,93182,2,,,1,15,,93202,2,,,1,15,,93143,2,,,1,55,,93163,2,,,1,15,,93183,2,,,1,15,,93203,2,,,1,15,,93144,2,,,1,55,,93164,2,,,1,15,,93184,2,,,1,15,,93204,2,,,1,15,,93145,2,,,1,55,,93165,2,,,1,15,,93185,2,,,1,15,,93205,2,,,1,15,,93146,2,,,1,55,,93166,2,,,1,15,,93186,2,,,1,15,,93206,2,,,1,15,,93147,2,,,1,55,,93167,2,,,1,15,,93187,2,,,1,15,,93207,2,,,1,15,,93148,2,,,1,55,,93168,2,,,1,15,,93188,2,,,1,15,,93208,2,,,1,15,,93149,2,,,1,55,,93169,2,,,1,15,,93189,2,,,1,15,,93209,2,,,1,15,,93150,2,,,1,55,,93170,2,,,1
1,'20270212',539,,93269,2,,,1,15,,93210,2,,,1,52,,93230,2,,,1,15,,93250,2,,,1,15,,93270,2,,,1,15,,93211,2,,,1,55,,93231,2,,,1,15,,93251,2,,,1,15,,93271,2,,,1,15,,93212,2,,,1,55,,93232,2,,,1,15,,93252,2,,,1,15,,93272,2,,,1,15,,93213,2,,,1,55,,93233,2,,,1,15,,93253,2,,,1,15,,93273,2,,,1,15,,93214,2,,,1,55,,93234,2,,,1,15,,93254,2,,,1,15,,93274,2,,,1,15,,93215,2,,,1,55,,93235,2,,,1,15,,93255,2,,,1,15,,93275,2,,,1,15,,93216,2,,,1,55,,93236,2,,,1,15,,93256,2,,,1,15,,93276,2,,,1,15,,93217,2,,,1,55,,93237,2,,,1,15,,93257,2,,,1,15,,93277,2,,,1,15,,93218,2,,,1,55,,93238,2,,,1,15,,93258,2,,,1,15,,93278,2,,,1,15,,93219,2,,,1,55,,93239,2,,,1,15,,93259,2,,,1,15,,93279,2,,,1,15,,93220,2,,,1,55,,93240,2,,,1,15,,93260,2,,,1,15,,93280,2,,,1,15,,93221,2,,,1,55,,93241,2,,,1,15,,93261,2,,,1,15,,93281,2,,,1,15,,93222,2,,,1,55,,93242,2,,,1,15,,93262,2,,,1,15,,93282,2,,,1,15,,93223,2,,,1,55,,93243,2,,,1,15,,93263,2,,,1,15,,93283,2,,,1,15,,93224,2,,,1,55,,93244,2,,,1,15,,93264,2,,,1,15,,93284,2,,,1,15,,93225,2,,,1,55,,93245,2,,,1,15,,93265,2,,,1,15,,93285,2,,,1,15,,93226,2,,,1,55,,93246,2,,,1,15,,93266,2,,,1,15,,93286,2,,,1,15,,93227,2,,,1,55,,93247,2,,,1,15,,93267,2,,,1,15,,93287,2,,,1,15,,93228,2,,,1,55,,93248,2,,,1,15,,93268,2,,,1,15,,93288,2,,,1,15,,93229,2,,,1,55,,93249,2,,,1
1,'20270213',636,,93345,2,,,1,15,,93289,2,,,1,55,,93308,2,,,1,15,,93327,2,,,1,15,,93346,2,,,1,15,,93290,2,,,1,55,,93309,2,,,1,15,,93328,2,,,1,15,,93347,2,,,1,15,,93291,2,,,1,55,,93310,2,,,1,15,,93329,2,,,1,15,,93348,2,,,1,15,,93292,2,,,1,55,,93311,2,,,1,15,,93330,2,,,1,15,,93349,2,,,1,15,,93293,2,,,1,55,,93312,2,,,1,15,,93331,2,,,1,15,,93350,2,,,1,15,,93294,2,,,1,55,,93313,2,,,1,15,,93332,2,,,1,15,,93351,2,,,1,15,,93295,2,,,1,55,,93314,2,,,1,15,,93333,2,,,1,15,,93352,2,,,1,15,,93296,2,,,1,55,,93315,2,,,1,15,,93334,2,,,1,15,,93353,2,,,1,15,,93297,2,,,1,55,,93316,2,,,1,15,,93335,2,,,1,15,,93354,2,,,1,15,,93298,2,,,1,55,,93317,2,,,1,15,,93336,2,,,1,15,,93355,2,,,1,15,,93299,2,,,1,55,,93318,2,,,1,15,,93337,2,,,1,15,,93356,2,,,1,15,,93300,2,,,1,55,,93319,2,,,1,15,,93338,2,,,1,15,,93357,2,,,1,15,,93301,2,,,1,55,,93320,2,,,1,15,,93339,2,,,1,15,,93358,2,,,1,15,,93302,2,,,1,55,,93321,2,,,1,15,,93340,2,,,1,15,,93359,2,,,1,15,,93303,2,,,1,55,,93322,2,,,1,15,,93341,2,,,1,15,,93360,2,,,1,15,,93304,2,,,1,55,,93323,2,,,1,15,,93342,2,,,1,15,,93361,2,,,1,15,,93305,2,,,1,55,,93324,2,,,1,15,,93343,2,,,1,15,,93362,2,,,1,15,,93306,2,,,1,55,,93325,2,,,1,15,,93344,2,,,1,15,,93363,2,,,1,15,,93307,2,,,1,55,,93326,2,,,1
1,'20270214',636,,93420,2,,,1,15,,93364,2,,,1,55,,93383,2,,,1,15,,93402,2,,,1,15,,93421,2,,,1,15,,93365,2,,,1,55,,93384,2,,,1,15,,93403,2,,,1,15,,93422,2,,,1,15,,93366,2,,,1,55,,93385,2,,,1,15,,93404,2,,,1,15,,93423,2,,,1,15,,93367,2,,,1,55,,93386,2,,,1,15,,93405,2,,,1,15,,93424,2,,,1,15,,93368,2,,,1,55,,93387,2,,,1,15,,93406,2,,,1,15,,93425,2,,,1,15,,93369,2,,,1,55,,93388,2,,,1,15,,93407,2,,,1,15,,93426,2,,,1,15,,93370,2,,,1,55,,93389,2,,,1,15,,93408,2,,,1,15,,93427,2,,,1,15,,93371,2,,,1,55,,93390,2,,,1,15,,93409,2,,,1,15,,93428,2,,,1,15,,93372,2,,,1,55,,93391,2,,,1,15,,93410,2,,,1,15,,93429,2,,,1,15,,93373,2,,,1,55,,93392,2,,,1,15,,93411,2,,,1,15,,93430,2,,,1,15,,93374,2,,,1,55,,93393,2,,,1,15,,93412,2,,,1,15,,93431,2,,,1,15,,93375,2,,,1,55,,93394,2,,,1,15,,93413,2,,,1,15,,93432,2,,,1,15,,93376,2,,,1,55,,93395,2,,,1,15,,93414,2,,,1,15,,93433,2,,,1,15,,93377,2,,,1,55,,93396,2,,,1,15,,93415,2,,,1,15,,93434,2,,,1,15,,93378,2,,,1,55,,93397,2,,,1,15,,93416,2,,,1,15,,93435,2,,,1,15,,93379,2,,,1,55,,93398,2,,,1,15,,93417,2,,,1,15,,93436,2,,,1,15,,93380,2,,,1,55,,93399,2,,,1,15,,93418,2,,,1,15,,93437,2,,,1,15,,93381,2,,,1,55,,93400,2,,,1,15,,93419,2,,,1,15,,93438,2,,,1,15,,93382,2,,,1,55,,93401,2,,,1
1,'20270215',539,,93498,2,,,1,15,,93439,2,,,1,52,,93459,2,,,1,15,,93479,2,,,1,15,,93499,2,,,1,15,,93440,2,,,1,55,,93460,2,,,1,15,,93480,2,,,1,15,,93500,2,,,1,15,,93441,2,,,1,55,,93461,2,,,1,15,,93481,2,,,1,15,,93501,2,,,1,15,,93442,2,,,1,55,,93462,2,,,1,15,,93482,2,,,1,15,,93502,2,,,1,15,,93443,2,,,1,55,,93463,2,,,1,15,,93483,2,,,1,15,,93503,2,,,1,15,,93444,2,,,1,55,,93464,2,,,1,15,,93484,2,,,1,15,,93504,2,,,1,15,,93445,2,,,1,55,,93465,2,,,1,15,,93485,2,,,1,15,,93505,2,,,1,15,,93446,2,,,1,55,,93466,2,,,1,15,,93486,2,,,1,15,,93506,2,,,1,15,,93447,2,,,1,55,,93467,2,,,1,15,,93487,2,,,1,15,,93507,2,,,1,15,,93448,2,,,1,55,,93468,2,,,1,15,,93488,2,,,1,15,,93508,2,,,1,15,,93449,2,,,1,55,,93469,2,,,1,15,,93489,2,,,1,15,,93509,2,,,1,15,,93450,2,,,1,55,,93470,2,,,1,15,,93490,2,,,1,15,,93510,2,,,1,15,,93451,2,,,1,55,,93471,2,,,1,15,,93491,2,,,1,15,,93511,2,,,1,15,,93452,2,,,1,55,,93472,2,,,1,15,,93492,2,,,1,15,,93512,2,,,1,15,,93453,2,,,1,55,,93473,2,,,1,15,,93493,2,,,1,15,,93513,2,,,1,15,,93454,2,,,1,55,,93474,2,,,1,15,,93494,2,,,1,15,,93514,2,,,1,15,,93455,2,,,1,55,,93475,2,,,1,15,,93495,2,,,1,15,,93515,2,,,1,15,,93456,2,,,1,55,,93476,2,,,1,15,,93496,2,,,1,15,,93516,2,,,1,15,,93457,2,,,1,55,,93477,2,,,1,15,,93497,2,,,1,15,,93517,2,,,1,15,,93458,2,,,1,55,,93478,2,,,1
1,'20270216',539,,93577,2,,,1,15,,93518,2,,,1,52,,93538,2,,,1,15,,93558,2,,,1,15,,93578,2,,,1,15,,93519,2,,,1,55,,93539,2,,,1,15,,93559,2,,,1,15,,93579,2,,,1,15,,93520,2,,,1,55,,93540,2,,,1,15,,93560,2,,,1,15,,93580,2,,,1,15,,93521,2,,,1,55,,93541,2,,,1,15,,93561,2,,,1,15,,93581,2,,,1,15,,93522,2,,,1,55,,93542,2,,,1,15,,93562,2,,,1,15,,93582,2,,,1,15,,93523,2,,,1,55,,93543,2,,,1,15,,93563,2,,,1,15,,93583,2,,,1,15,,93524,2,,,1,55,,93544,2,,,1,15,,93564,2,,,1,15,,93584,2,,,1,15,,93525,2,,,1,55,,93545,2,,,1,15,,93565,2,,,1,15,,93585,2,,,1,15,,93526,2,,,1,55,,93546,2,,,1,15,,93566,2,,,1,15,,93586,2,,,1,15,,93527,2,,,1,55,,93547,2,,,1,15,,93567,2,,,1,15,,93587,2,,,1,15,,93528,2,,,1,55,,93548,2,,,1,15,,93568,2,,,1,15,,93588,2,,,1,15,,93529,2,,,1,55,,93549,2,,,1,15,,93569,2,,,1,15,,93589,2,,,1,15,,93530,2,,,1,55,,93550,2,,,1,15,,93570,2,,,1,15,,93590,2,,,1,15,,93531,2,,,1,55,,93551,2,,,1,15,,93571,2,,,1,15,,93591,2,,,1,15,,93532,2,,,1,55,,93552,2,,,1,15,,93572,2,,,1,15,,93592,2,,,1,15,,93533,2,,,1,55,,93553,2,,,1,15,,93573,2,,,1,15,,93593,2,,,1,15,,93534,2,,,1,55,,93554,2,,,1,15,,93574,2,,,1,15,,93594,2,,,1,15,,93535,2,,,1,55,,93555,2,,,1,15,,93575,2,,,1,15,,93595,2,,,1,15,,93536,2,,,1,55,,93556,2,,,1,15,,93576,2,,,1,15,,93596,2,,,1,15,,93537,2,,,1,55,,93557,2,,,1
1,'20270217',539,,93656,2,,,1,15,,93597,2,,,1,52,,93617,2,,,1,15,,93637,2,,,1,15,,93657,2,,,1,15,,93598,2,,,1,55,,93618,2,,,1,15,,93638,2,,,1,15,,93658,2,,,1,15,,93599,2,,,1,55,,93619,2,,,1,15,,93639,2,,,1,15,,93659,2,,,1,15,,93600,2,,,1,55,,93620,2,,,1,15,,93640,2,,,1,15,,93660,2,,,1,15,,93601,2,,,1,55,,93621,2,,,1,15,,93641,2,,,1,15,,93661,2,,,1,15,,93602,2,,,1,55,,93622,2,,,1,15,,93642,2,,,1,15,,93662,2,,,1,15,,93603,2,,,1,55,,93623,2,,,1,15,,93643,2,,,1,15,,93663,2,,,1,15,,93604,2,,,1,55,,93624,2,,,1,15,,93644,2,,,1,15,,93664,2,,,1,15,,93605,2,,,1,55,,93625,2,,,1,15,,93645,2,,,1,15,,93665,2,,,1,15,,93606,2,,,1,55,,93626,2,,,1,15,,93646,2,,,1,15,,93666,2,,,1,15,,93607,2,,,1,55,,93627,2,,,1,15,,93647,2,,,1,15,,93667,2,,,1,15,,93608,2,,,1,55,,93628,2,,,1,15,,93648,2,,,1,15,,93668,2,,,1,15,,93609,2,,,1,55,,93629,2,,,1,15,,93649,2,,,1,15,,93669,2,,,1,15,,93610,2,,,1,55,,93630,2,,,1,15,,93650,2,,,1,15,,93670,2,,,1,15,,93611,2,,,1,55,,93631,2,,,1,15,,93651,2,,,1,15,,93671,2,,,1,15,,93612,2,,,1,55,,93632,2,,,1,15,,93652,2,,,1,15,,93672,2,,,1,15,,93613,2,,,1,55,,93633,2,,,1,15,,93653,2,,,1,15,,93673,2,,,1,15,,93614,2,,,1,55,,93634,2,,,1,15,,93654,2,,,1,15,,93674,2,,,1,15,,93615,2,,,1,55,,93635,2,,,1,15,,93655,2,,,1,15,,93675,2,,,1,15,,93616,2,,,1,55,,93636,2,,,1
1,'20270218',539,,93735,2,,,1,15,,93676,2,,,1,52,,93696,2,,,1,15,,93716,2,,,1,15,,93736,2,,,1,15,,93677,2,,,1,55,,93697,2,,,1,15,,93717,2,,,1,15,,93737,2,,,1,15,,93678,2,,,1,55,,93698,2,,,1,15,,93718,2,,,1,15,,93738,2,,,1,15,,93679,2,,,1,55,,93699,2,,,1,15,,93719,2,,,1,15,,93739,2,,,1,15,,93680,2,,,1,55,,93700,2,,,1,15,,93720,2,,,1,15,,93740,2,,,1,15,,93681,2,,,1,55,,93701,2,,,1,15,,93721,2,,,1,15,,93741,2,,,1,15,,93682,2,,,1,55,,93702,2,,,1,15,,93722,2,,,1,15,,93742,2,,,1,15,,93683,2,,,1,55,,93703,2,,,1,15,,93723,2,,,1,15,,93743,2,,,1,15,,93684,2,,,1,55,,93704,2,,,1,15,,93724,2,,,1,15,,93744,2,,,1,15,,93685,2,,,1,55,,93705,2,,,1,15,,93725,2,,,1,15,,93745,2,,,1,15,,93686,2,,,1,55,,93706,2,,,1,15,,93726,2,,,1,15,,93746,2,,,1,15,,93687,2,,,1,55,,93707,2,,,1,15,,93727,2,,,1,15,,93747,2,,,1,15,,93688,2,,,1,55,,93708,2,,,1,15,,93728,2,,,1,15,,93748,2,,,1,15,,93689,2,,,1,55,,93709,2,,,1,15,,93729,2,,,1,15,,93749,2,,,1,15,,93690,2,,,1,55,,93710,2,,,1,15,,93730,2,,,1,15,,93750,2,,,1,15,,93691,2,,,1,55,,93711,2,,,1,15,,93731,2,,,1,15,,93751,2,,,1,15,,93692,2,,,1,55,,93712,2,,,1,15,,93732,2,,,1,15,,93752,2,,,1,15,,93693,2,,,1,55,,93713,2,,,1,15,,93733,2,,,1,15,,93753,2,,,1,15,,93694,2,,,1,55,,93714,2,,,1,15,,93734,2,,,1,15,,93754,2,,,1,15,,93695,2,,,1,55,,93715,2,,,1
1,'20270219',539,,93814,2,,,1,15,,93755,2,,,1,52,,93775,2,,,1,15,,93795,2,,,1,15,,93815,2,,,1,15,,93756,2,,,1,55,,93776,2,,,1,15,,93796,2,,,1,15,,93816,2,,,1,15,,93757,2,,,1,55,,93777,2,,,1,15,,93797,2,,,1,15,,93817,2,,,1,15,,93758,2,,,1,55,,93778,2,,,1,15,,93798,2,,,1,15,,93818,2,,,1,15,,93759,2,,,1,55,,93779,2,,,1,15,,93799,2,,,1,15,,93819,2,,,1,15,,93760,2,,,1,55,,93780,2,,,1,15,,93800,2,,,1,15,,93820,2,,,1,15,,93761,2,,,1,55,,93781,2,,,1,15,,93801,2,,,1,15,,93821,2,,,1,15,,93762,2,,,1,55,,93782,2,,,1,15,,93802,2,,,1,15,,93822,2,,,1,15,,93763,2,,,1,55,,93783,2,,,1,15,,93803,2,,,1,15,,93823,2,,,1,15,,93764,2,,,1,55,,93784,2,,,1,15,,93804,2,,,1,15,,93824,2,,,1,15,,93765,2,,,1,55,,93785,2,,,1,15,,93805,2,,,1,15,,93825,2,,,1,15,,93766,2,,,1,55,,93786,2,,,1,15,,93806,2,,,1,15,,93826,2,,,1,15,,93767,2,,,1,55,,93787,2,,,1,15,,93807,2,,,1,15,,93827,2,,,1,15,,93768,2,,,1,55,,93788,2,,,1,15,,93808,2,,,1,15,,93828,2,,,1,15,,93769,2,,,1,55,,93789,2,,,1,15,,93809,2,,,1,15,,93829,2,,,1,15,,93770,2,,,1,55,,93790,2,,,1,15,,93810,2,,,1,15,,93830,2,,,1,15,,93771,2,,,1,55,,93791,2,,,1,15,,93811,2,,,1,15,,93831,2,,,1,15,,93772,2,,,1,55,,93792,2,,,1,15,,93812,2,,,1,15,,93832,2,,,1,15,,93773,2,,,1,55,,93793,2,,,1,15,,93813,2,,,1,15,,93833,2,,,1,15,,93774,2,,,1,55,,93794,2,,,1
1,'20270220',636,,93890,2,,,1,15,,93834,2,,,1,55,,93853,2,,,1,15,,93872,2,,,1,15,,93891,2,,,1,15,,93835,2,,,1,55,,93854,2,,,1,15,,93873,2,,,1,15,,93892,2,,,1,15,,93836,2,,,1,55,,93855,2,,,1,15,,93874,2,,,1,15,,93893,2,,,1,15,,93837,2,,,1,55,,93856,2,,,1,15,,93875,2,,,1,15,,93894,2,,,1,15,,93838,2,,,1,55,,93857,2,,,1,15,,93876,2,,,1,15,,93895,2,,,1,15,,93839,2,,,1,55,,93858,2,,,1,15,,93877,2,,,1,15,,93896,2,,,1,15,,93840,2,,,1,55,,93859,2,,,1,15,,93878,2,,,1,15,,93897,2,,,1,15,,93841,2,,,1,55,,93860,2,,,1,15,,93879,2,,,1,15,,93898,2,,,1,15,,93842,2,,,1,55,,93861,2,,,1,15,,93880,2,,,1,15,,93899,2,,,1,15,,93843,2,,,1,55,,93862,2,,,1,15,,93881,2,,,1,15,,93900,2,,,1,15,,93844,2,,,1,55,,93863,2,,,1,15,,93882,2,,,1,15,,93901,2,,,1,15,,93845,2,,,1,55,,93864,2,,,1,15,,93883,2,,,1,15,,93902,2,,,1,15,,93846,2,,,1,55,,93865,2,,,1,15,,93884,2,,,1,15,,93903,2,,,1,15,,93847,2,,,1,55,,93866,2,,,1,15,,93885,2,,,1,15,,93904,2,,,1,15,,93848,2,,,1,55,,93867,2,,,1,15,,93886,2,,,1,15,,93905,2,,,1,15,,93849,2,,,1,55,,93868,2,,,1,15,,93887,2,,,1,15,,93906,2,,,1,15,,93850,2,,,1,55,,93869,2,,,1,15,,93888,2,,,1,15,,93907,2,,,1,15,,93851,2,,,1,55,,93870,2,,,1,15,,93889,2,,,1,15,,93908,2,,,1,15,,93852,2,,,1,55,,93871,2,,,1
1,'20270221',636,,93965,2,,,1,15,,93909,2,,,1,55,,93928,2,,,1,15,,93947,2,,,1,15,,93966,2,,,1,15,,93910,2,,,1,55,,93929,2,,,1,15,,93948,2,,,1,15,,93967,2,,,1,15,,93911,2,,,1,55,,93930,2,,,1,15,,93949,2,,,1,15,,93968,2,,,1,15,,93912,2,,,1,55,,93931,2,,,1,15,,93950,2,,,1,15,,93969,2,,,1,15,,93913,2,,,1,55,,93932,2,,,1,15,,93951,2,,,1,15,,93970,2,,,1,15,,93914,2,,,1,55,,93933,2,,,1,15,,93952,2,,,1,15,,93971,2,,,1,15,,93915,2,,,1,55,,93934,2,,,1,15,,93953,2,,,1,15,,93972,2,,,1,15,,93916,2,,,1,55,,93935,2,,,1,15,,93954,2,,,1,15,,93973,2,,,1,15,,93917,2,,,1,55,,93936,2,,,1,15,,93955,2,,,1,15,,93974,2,,,1,15,,93918,2,,,1,55,,93937,2,,,1,15,,93956,2,,,1,15,,93975,2,,,1,15,,93919,2,,,1,55,,93938,2,,,1,15,,93957,2,,,1,15,,93976,2,,,1,15,,93920,2,,,1,55,,93939,2,,,1,15,,93958,2,,,1,15,,93977,2,,,1,15,,93921,2,,,1,55,,93940,2,,,1,15,,93959,2,,,1,15,,93978,2,,,1,15,,93922,2,,,1,55,,93941,2,,,1,15,,93960,2,,,1,15,,93979,2,,,1,15,,93923,2,,,1,55,,93942,2,,,1,15,,93961,2,,,1,15,,93980,2,,,1,15,,93924,2,,,1,55,,93943,2,,,1,15,,93962,2,,,1,15,,93981,2,,,1,15,,93925,2,,,1,55,,93944,2,,,1,15,,93963,2,,,1,15,,93982,2,,,1,15,,93926,2,,,1,55,,93945,2,,,1,15,,93964,2,,,1,15,,93983,2,,,1,15,,93927,2,,,1,55,,93946,2,,,1
1,'20270222',539,,94043,2,,,1,15,,93984,2,,,1,52,,94004,2,,,1,15,,94024,2,,,1,15,,94044,2,,,1,15,,93985,2,,,1,55,,94005,2,,,1,15,,94025,2,,,1,15,,94045,2,,,1,15,,93986,2,,,1,55,,94006,2,,,1,15,,94026,2,,,1,15,,94046,2,,,1,15,,93987,2,,,1,55,,94007,2,,,1,15,,94027,2,,,1,15,,94047,2,,,1,15,,93988,2,,,1,55,,94008,2,,,1,15,,94028,2,,,1,15,,94048,2,,,1,15,,93989,2,,,1,55,,94009,2,,,1,15,,94029,2,,,1,15,,94049,2,,,1,15,,93990,2,,,1,55,,94010,2,,,1,15,,94030,2,,,1,15,,94050,2,,,1,15,,93991,2,,,1,55,,94011,2,,,1,15,,94031,2,,,1,15,,94051,2,,,1,15,,93992,2,,,1,55,,94012,2,,,1,15,,94032,2,,,1,15,,94052,2,,,1,15,,93993,2,,,1,55,,94013,2,,,1,15,,94033,2,,,1,15,,94053,2,,,1,15,,93994,2,,,1,55,,94014,2,,,1,15,,94034,2,,,1,15,,94054,2,,,1,15,,93995,2,,,1,55,,94015,2,,,1,15,,94035,2,,,1,15,,94055,2,,,1,15,,93996,2,,,1,55,,94016,2,,,1,15,,94036,2,,,1,15,,94056,2,,,1,15,,93997,2,,,1,55,,94017,2,,,1,15,,94037,2,,,1,15,,94057,2,,,1,15,,93998,2,,,1,55,,94018,2,,,1,15,,94038,2,,,1,15,,94058,2,,,1,15,,93999,2,,,1,55,,94019,2,,,1,15,,94039,2,,,1,15,,94059,2,,,1,15,,94000,2,,,1,55,,94020,2,,,1,15,,94040,2,,,1,15,,94060,2,,,1,15,,94001,2,,,1,55,,94021,2,,,1,15,,94041,2,,,1,15,,94061,2,,,1,15,,94002,2,,,1,55,,94022,2,,,1,15,,94042,2,,,1,15,,94062,2,,,1,15,,94003,2,,,1,55,,94023,2,,,1
1,'20270223',539,,94122,2,,,1,15,,94063,2,,,1,52,,94083,2,,,1,15,,94103,2,,,1,15,,94123,2,,,1,15,,94064,2,,,1,55,,94084,2,,,1,15,,94104,2,,,1,15,,94124,2,,,1,15,,94065,2,,,1,55,,94085,2,,,1,15,,94105,2,,,1,15,,94125,2,,,1,15,,94066,2,,,1,55,,94086,2,,,1,15,,94106,2,,,1,15,,94126,2,,,1,15,,94067,2,,,1,55,,94087,2,,,1,15,,94107,2,,,1,15,,94127,2,,,1,15,,94068,2,,,1,55,,94088,2,,,1,15,,94108,2,,,1,15,,94128,2,,,1,15,,94069,2,,,1,55,,94089,2,,,1,15,,94109,2,,,1,15,,94129,2,,,1,15,,94070,2,,,1,55,,94090,2,,,1,15,,94110,2,,,1,15,,94130,2,,,1,15,,94071,2,,,1,55,,94091,2,,,1,15,,94111,2,,,1,15,,94131,2,,,1,15,,94072,2,,,1,55,,94092,2,,,1,15,,94112,2,,,1,15,,94132,2,,,1,15,,94073,2,,,1,55,,94093,2,,,1,15,,94113,2,,,1,15,,94133,2,,,1,15,,94074,2,,,1,55,,94094,2,,,1,15,,94114,2,,,1,15,,94134,2,,,1,15,,94075,2,,,1,55,,94095,2,,,1,15,,94115,2,,,1,15,,94135,2,,,1,15,,94076,2,,,1,55,,94096,2,,,1,15,,94116,2,,,1,15,,94136,2,,,1,15,,94077,2,,,1,55,,94097,2,,,1,15,,94117,2,,,1,15,,94137,2,,,1,15,,94078,2,,,1,55,,94098,2,,,1,15,,94118,2,,,1,15,,94138,2,,,1,15,,94079,2,,,1,55,,94099,2,,,1,15,,94119,2,,,1,15,,94139,2,,,1,15,,94080,2,,,1,55,,94100,2,,,1,15,,94120,2,,,1,15,,94140,2,,,1,15,,94081,2,,,1,55,,94101,2,,,1,15,,94121,2,,,1,15,,94141,2,,,1,15,,94082,2,,,1,55,,94102,2,,,1
1,'20270224',539,,94201,2,,,1,15,,94142,2,,,1,52,,94162,2,,,1,15,,94182,2,,,1,15,,94202,2,,,1,15,,94143,2,,,1,55,,94163,2,,,1,15,,94183,2,,,1,15,,94203,2,,,1,15,,94144,2,,,1,55,,94164,2,,,1,15,,94184,2,,,1,15,,94204,2,,,1,15,,94145,2,,,1,55,,94165,2,,,1,15,,94185,2,,,1,15,,94205,2,,,1,15,,94146,2,,,1,55,,94166,2,,,1,15,,94186,2,,,1,15,,94206,2,,,1,15,,94147,2,,,1,55,,94167,2,,,1,15,,94187,2,,,1,15,,94207,2,,,1,15,,94148,2,,,1,55,,94168,2,,,1,15,,94188,2,,,1,15,,94208,2,,,1,15,,94149,2,,,1,55,,94169,2,,,1,15,,94189,2,,,1,15,,94209,2,,,1,15,,94150,2,,,1,55,,94170,2,,,1,15,,94190,2,,,1,15,,94210,2,,,1,15,,94151,2,,,1,55,,94171,2,,,1,15,,94191,2,,,1,15,,94211,2,,,1,15,,94152,2,,,1,55,,94172,2,,,1,15,,94192,2,,,1,15,,94212,2,,,1,15,,94153,2,,,1,55,,94173,2,,,1,15,,94193,2,,,1,15,,94213,2,,,1,15,,94154,2,,,1,55,,94174,2,,,1,15,,94194,2,,,1,15,,94214,2,,,1,15,,94155,2,,,1,55,,94175,2,,,1,15,,94195,2,,,1,15,,94215,2,,,1,15,,94156,2,,,1,55,,94176,2,,,1,15,,94196,2,,,1,15,,94216,2,,,1,15,,94157,2,,,1,55,,94177,2,,,1,15,,94197,2,,,1,15,,94217,2,,,1,15,,94158,2,,,1,55,,94178,2,,,1,15,,94198,2,,,1,15,,94218,2,,,1,15,,94159,2,,,1,55,,94179,2,,,1,15,,94199,2,,,1,15,,94219,2,,,1,15,,94160,2,,,1,55,,94180,2,,,1,15,,94200,2,,,1,15,,94220,2,,,1,15,,94161,2,,,1,55,,94181,2,,,1
1,'20270225',539,,94280,2,,,1,15,,94221,2,,,1,52,,94241,2,,,1,15,,94261,2,,,1,15,,94281,2,,,1,15,,94222,2,,,1,55,,94242,2,,,1,15,,94262,2,,,1,15,,94282,2,,,1,15,,94223,2,,,1,55,,94243,2,,,1,15,,94263,2,,,1,15,,94283,2,,,1,15,,94224,2,,,1,55,,94244,2,,,1,15,,94264,2,,,1,15,,94284,2,,,1,15,,94225,2,,,1,55,,94245,2,,,1,15,,94265,2,,,1,15,,94285,2,,,1,15,,94226,2,,,1,55,,94246,2,,,1,15,,94266,2,,,1,15,,94286,2,,,1,15,,94227,2,,,1,55,,94247,2,,,1,15,,94267,2,,,1,15,,94287,2,,,1,15,,94228,2,,,1,55,,94248,2,,,1,15,,94268,2,,,1,15,,94288,2,,,1,15,,94229,2,,,1,55,,94249,2,,,1,15,,94269,2,,,1,15,,94289,2,,,1,15,,94230,2,,,1,55,,94250,2,,,1,15,,94270,2,,,1,15,,94290,2,,,1,15,,94231,2,,,1,55,,94251,2,,,1,15,,94271,2,,,1,15,,94291,2,,,1,15,,94232,2,,,1,55,,94252,2,,,1,15,,94272,2,,,1,15,,94292,2,,,1,15,,94233,2,,,1,55,,94253,2,,,1,15,,94273,2,,,1,15,,94293,2,,,1,15,,94234,2,,,1,55,,94254,2,,,1,15,,94274,2,,,1,15,,94294,2,,,1,15,,94235,2,,,1,55,,94255,2,,,1,15,,94275,2,,,1,15,,94295,2,,,1,15,,94236,2,,,1,55,,94256,2,,,1,15,,94276,2,,,1,15,,94296,2,,,1,15,,94237,2,,,1,55,,94257,2,,,1,15,,94277,2,,,1,15,,94297,2,,,1,15,,94238,2,,,1,55,,94258,2,,,1,15,,94278,2,,,1,15,,94298,2,,,1,15,,94239,2,,,1,55,,94259,2,,,1,15,,94279,2,,,1,15,,94299,2,,,1,15,,94240,2,,,1,55,,94260,2,,,1
1,'20270226',539,,94359,2,,,1,15,,94300,2,,,1,52,,94320,2,,,1,15,,94340,2,,,1,15,,94360,2,,,1,15,,94301,2,,,1,55,,94321,2,,,1,15,,94341,2,,,1,15,,94361,2,,,1,15,,94302,2,,,1,55,,94322,2,,,1,15,,94342,2,,,1,15,,94362,2,,,1,15,,94303,2,,,1,55,,94323,2,,,1,15,,94343,2,,,1,15,,94363,2,,,1,15,,94304,2,,,1,55,,94324,2,,,1,15,,94344,2,,,1,15,,94364,2,,,1,15,,94305,2,,,1,55,,94325,2,,,1,15,,94345,2,,,1,15,,94365,2,,,1,15,,94306,2,,,1,55,,94326,2,,,1,15,,94346,2,,,1,15,,94366,2,,,1,15,,94307,2,,,1,55,,94327,2,,,1,15,,94347,2,,,1,15,,94367,2,,,1,15,,94308,2,,,1,55,,94328,2,,,1,15,,94348,2,,,1,15,,94368,2,,,1,15,,94309,2,,,1,55,,94329,2,,,1,15,,94349,2,,,1,15,,94369,2,,,1,15,,94310,2,,,1,55,,94330,2,,,1,15,,94350,2,,,1,15,,94370,2,,,1,15,,94311,2,,,1,55,,94331,2,,,1,15,,94351,2,,,1,15,,94371,2,,,1,15,,94312,2,,,1,55,,94332,2,,,1,15,,94352,2,,,1,15,,94372,2,,,1,15,,94313,2,,,1,55,,94333,2,,,1,15,,94353,2,,,1,15,,94373,2,,,1,15,,94314,2,,,1,55,,94334,2,,,1,15,,94354,2,,,1,15,,94374,2,,,1,15,,94315,2,,,1,55,,94335,2,,,1,15,,94355,2,,,1,15,,94375,2,,,1,15,,94316,2,,,1,55,,94336,2,,,1,15,,94356,2,,,1,15,,94376,2,,,1,15,,94317,2,,,1,55,,94337,2,,,1,15,,94357,2,,,1,15,,94377,2,,,1,15,,94318,2,,,1,55,,94338,2,,,1,15,,94358,2,,,1,15,,94378,2,,,1,15,,94319,2,,,1,55,,94339,2,,,1
1,'20270227',636,,94435,2,,,1,15,,94379,2,,,1,55,,94398,2,,,1,15,,94417,2,,,1,15,,94436,2,,,1,15,,94380,2,,,1,55,,94399,2,,,1,15,,94418,2,,,1,15,,94437,2,,,1,15,,94381,2,,,1,55,,94400,2,,,1,15,,94419,2,,,1,15,,94438,2,,,1,15,,94382,2,,,1,55,,94401,2,,,1,15,,94420,2,,,1,15,,94439,2,,,1,15,,94383,2,,,1,55,,94402,2,,,1,15,,94421,2,,,1,15,,94440,2,,,1,15,,94384,2,,,1,55,,94403,2,,,1,15,,94422,2,,,1,15,,94441,2,,,1,15,,94385,2,,,1,55,,94404,2,,,1,15,,94423,2,,,1,15,,94442,2,,,1,15,,94386,2,,,1,55,,94405,2,,,1,15,,94424,2,,,1,15,,94443,2,,,1,15,,94387,2,,,1,55,,94406,2,,,1,15,,94425,2,,,1,15,,94444,2,,,1,15,,94388,2,,,1,55,,94407,2,,,1,15,,94426,2,,,1,15,,94445,2,,,1,15,,94389,2,,,1,55,,94408,2,,,1,15,,94427,2,,,1,15,,94446,2,,,1,15,,94390,2,,,1,55,,94409,2,,,1,15,,94428,2,,,1,15,,94447,2,,,1,15,,94391,2,,,1,55,,94410,2,,,1,15,,94429,2,,,1,15,,94448,2,,,1,15,,94392,2,,,1,55,,94411,2,,,1,15,,94430,2,,,1,15,,94449,2,,,1,15,,94393,2,,,1,55,,94412,2,,,1,15,,94431,2,,,1,15,,94450,2,,,1,15,,94394,2,,,1,55,,94413,2,,,1,15,,94432,2,,,1,15,,94451,2,,,1,15,,94395,2,,,1,55,,94414,2,,,1,15,,94433,2,,,1,15,,94452,2,,,1,15,,94396,2,,,1,55,,94415,2,,,1,15,,94434,2,,,1,15,,94453,2,,,1,15,,94397,2,,,1,55,,94416,2,,,1
1,'20270228',636,,94510,2,,,1,15,,94454,2,,,1,55,,94473,2,,,1,15,,94492,2,,,1,15,,94511,2,,,1,15,,94455,2,,,1,55,,94474,2,,,1,15,,94493,2,,,1,15,,94512,2,,,1,15,,94456,2,,,1,55,,94475,2,,,1,15,,94494,2,,,1,15,,94513,2,,,1,15,,94457,2,,,1,55,,94476,2,,,1,15,,94495,2,,,1,15,,94514,2,,,1,15,,94458,2,,,1,55,,94477,2,,,1,15,,94496,2,,,1,15,,94515,2,,,1,15,,94459,2,,,1,55,,94478,2,,,1,15,,94497,2,,,1,15,,94516,2,,,1,15,,94460,2,,,1,55,,94479,2,,,1,15,,94498,2,,,1,15,,94517,2,,,1,15,,94461,2,,,1,55,,94480,2,,,1,15,,94499,2,,,1,15,,94518,2,,,1,15,,94462,2,,,1,55,,94481,2,,,1,15,,94500,2,,,1,15,,94519,2,,,1,15,,94463,2,,,1,55,,94482,2,,,1,15,,94501,2,,,1,15,,94520,2,,,1,15,,94464,2,,,1,55,,94483,2,,,1,15,,94502,2,,,1,15,,94521,2,,,1,15,,94465,2,,,1,55,,94484,2,,,1,15,,94503,2,,,1,15,,94522,2,,,1,15,,94466,2,,,1,55,,94485,2,,,1,15,,94504,2,,,1,15,,94523,2,,,1,15,,94467,2,,,1,55,,94486,2,,,1,15,,94505,2,,,1,15,,94524,2,,,1,15,,94468,2,,,1,55,,94487,2,,,1,15,,94506,2,,,1,15,,94525,2,,,1,15,,94469,2,,,1,55,,94488,2,,,1,15,,94507,2,,,1,15,,94526,2,,,1,15,,94470,2,,,1,55,,94489,2,,,1,15,,94508,2,,,1,15,,94527,2,,,1,15,,94471,2,,,1,55,,94490,2,,,1,15,,94509,2,,,1,15,,94528,2,,,1,15,,94472,2,,,1,55,,94491,2,,,1
1,'20270301',539,,94588,2,,,1,15,,94529,2,,,1,52,,94549,2,,,1,15,,94569,2,,,1,15,,94589,2,,,1,15,,94530,2,,,1,55,,94550,2,,,1,15,,94570,2,,,1,15,,94590,2,,,1,15,,94531,2,,,1,55,,94551,2,,,1,15,,94571,2,,,1,15,,94591,2,,,1,15,,94532,2,,,1,55,,94552,2,,,1,15,,94572,2,,,1,15,,94592,2,,,1,15,,94533,2,,,1,55,,94553,2,,,1,15,,94573,2,,,1,15,,94593,2,,,1,15,,94534,2,,,1,55,,94554,2,,,1,15,,94574,2,,,1,15,,94594,2,,,1,15,,94535,2,,,1,55,,94555,2,,,1,15,,94575,2,,,1,15,,94595,2,,,1,15,,94536,2,,,1,55,,94556,2,,,1,15,,94576,2,,,1,15,,94596,2,,,1,15,,94537,2,,,1,55,,94557,2,,,1,15,,94577,2,,,1,15,,94597,2,,,1,15,,94538,2,,,1,55,,94558,2,,,1,15,,94578,2,,,1,15,,94598,2,,,1,15,,94539,2,,,1,55,,94559,2,,,1,15,,94579,2,,,1,15,,94599,2,,,1,15,,94540,2,,,1,55,,94560,2,,,1,15,,94580,2,,,1,15,,94600,2,,,1,15,,94541,2,,,1,55,,94561,2,,,1,15,,94581,2,,,1,15,,94601,2,,,1,15,,94542,2,,,1,55,,94562,2,,,1,15,,94582,2,,,1,15,,94602,2,,,1,15,,94543,2,,,1,55,,94563,2,,,1,15,,94583,2,,,1,15,,94603,2,,,1,15,,94544,2,,,1,55,,94564,2,,,1,15,,94584,2,,,1,15,,94604,2,,,1,15,,94545,2,,,1,55,,94565,2,,,1,15,,94585,2,,,1,15,,94605,2,,,1,15,,94546,2,,,1,55,,94566,2,,,1,15,,94586,2,,,1,15,,94606,2,,,1,15,,94547,2,,,1,55,,94567,2,,,1,15,,94587,2,,,1,15,,94607,2,,,1,15,,94548,2,,,1,55,,94568,2,,,1
1,'20270302',539,,94667,2,,,1,15,,94608,2,,,1,52,,94628,2,,,1,15,,94648,2,,,1,15,,94668,2,,,1,15,,94609,2,,,1,55,,94629,2,,,1,15,,94649,2,,,1,15,,94669,2,,,1,15,,94610,2,,,1,55,,94630,2,,,1,15,,94650,2,,,1,15,,94670,2,,,1,15,,94611,2,,,1,55,,94631,2,,,1,15,,94651,2,,,1,15,,94671,2,,,1,15,,94612,2,,,1,55,,94632,2,,,1,15,,94652,2,,,1,15,,94672,2,,,1,15,,94613,2,,,1,55,,94633,2,,,1,15,,94653,2,,,1,15,,94673,2,,,1,15,,94614,2,,,1,55,,94634,2,,,1,15,,94654,2,,,1,15,,94674,2,,,1,15,,94615,2,,,1,55,,94635,2,,,1,15,,94655,2,,,1,15,,94675,2,,,1,15,,94616,2,,,1,55,,94636,2,,,1,15,,94656,2,,,1,15,,94676,2,,,1,15,,94617,2,,,1,55,,94637,2,,,1,15,,94657,2,,,1,15,,94677,2,,,1,15,,94618,2,,,1,55,,94638,2,,,1,15,,94658,2,,,1,15,,94678,2,,,1,15,,94619,2,,,1,55,,94639,2,,,1,15,,94659,2,,,1,15,,94679,2,,,1,15,,94620,2,,,1,55,,94640,2,,,1,15,,94660,2,,,1,15,,94680,2,,,1,15,,94621,2,,,1,55,,94641,2,,,1,15,,94661,2,,,1,15,,94681,2,,,1,15,,94622,2,,,1,55,,94642,2,,,1,15,,94662,2,,,1,15,,94682,2,,,1,15,,94623,2,,,1,55,,94643,2,,,1,15,,94663,2,,,1,15,,94683,2,,,1,15,,94624,2,,,1,55,,94644,2,,,1,15,,94664,2,,,1,15,,94684,2,,,1,15,,94625,2,,,1,55,,94645,2,,,1,15,,94665,2,,,1,15,,94685,2,,,1,15,,94626,2,,,1,55,,94646,2,,,1,15,,94666,2,,,1,15,,94686,2,,,1,15,,94627,2,,,1,55,,94647,2,,,1
