0,'20261007',455,,70315,1,,,1,55,,70255,1,,,1,20,,70295,1,,,1,15,,70316,1,,,1,55,,70256,1,,,1,15,,70276,1,,,1,15,,70296,1,,,1,15,,70317,1,,,1,55,,70257,1,,,1,15,,70277,1,,,1,15,,70297,1,,,1,15,,70318,1,,,1,55,,70258,1,,,1,15,,70278,1,,,1,15,,70298,1,,,1,15,,70319,1,,,1,55,,70259,1,,,1,15,,70279,1,,,1,15,,70299,1,,,1,15,,70320,1,,,1,55,,70260,1,,,1,15,,70280,1,,,1,15,,70300,1,,,1,15,,70321,1,,,1,55,,70261,1,,,1,15,,70281,1,,,1,15,,70301,1,,,1,15,,70322,1,,,1,55,,70262,1,,,1,15,,70282,1,,,1,15,,70302,1,,,1,15,,70323,1,,,1,55,,70263,1,,,1,15,,70283,1,,,1,15,,70303,1,,,1,15,,70324,1,,,1,55,,70264,1,,,1,15,,70284,1,,,1,15,,70304,1,,,1,15,,70325,1,,,1,55,,70265,1,,,1,15,,70285,1,,,1,15,,70305,1,,,1,15,,70326,1,,,1,55,,70266,1,,,1,15,,70286,1,,,1,15,,70306,1,,,1,15,,70327,1,,,1,55,,70267,1,,,1,15,,70287,1,,,1,15,,70307,1,,,1,15,,70328,1,,,1,55,,70268,1,,,1,15,,70288,1,,,1,15,,70308,1,,,1,15,,70329,1,,,1,55,,70269,1,,,1,15,,70289,1,,,1,15,,70309,1,,,1,15,,70330,1,,,1,55,,70270,1,,,1,15,,70290,1,,,1,15,,70310,1,,,1,15,,70331,1,,,1,55,,70271,1,,,1,15,,70291,1,,,1,15,,70311,1,,,1,15,,70332,1,,,1,55,,70272,1,,,1,15,,70292,1,,,1,15,,70312,1,,,1,15,,70333,1,,,1,55,,70273,1,,,1,15,,70293,1,,,1,15,,70313,1,,,1,15,,70334,1,,,1,14,,70274,1,,,1,56,,70294,1,,,1,15,,70314,1,,,1,15,,70335,1,,,1,55,,70275,1,,,1
0,'20261008',455,,70396,1,,,1,55,,70336,1,,,1,20,,70376,1,,,1,15,,70397,1,,,1,55,,70337,1,,,1,15,,70357,1,,,1,15,,70377,1,,,1,15,,70398,1,,,1,55,,70338,1,,,1,15,,70358,1,,,1,15,,70378,1,,,1,15,,70399,1,,,1,55,,70339,1,,,1,15,,70359,1,,,1,15,,70379,1,,,1,15,,70400,1,,,1,55,,70340,1,,,1,15,,70360,1,,,1,15,,70380,1,,,1,15,,70401,1,,,1,55,,70341,1,,,1,15,,70361,1,,,1,15,,70381,1,,,1,15,,70402,1,,,1,55,,70342,1,,,1,15,,70362,1,,,1,15,,70382,1,,,1,15,,70403,1,,,1,55,,70343,1,,,1,15,,70363,1,,,1,15,,70383,1,,,1,15,,70404,1,,,1,55,,70344,1,,,1,15,,70364,1,,,1,15,,70384,1,,,1,15,,70405,1,,,1,55,,70345,1,,,1,15,,70365,1,,,1,15,,70385,1,,,1,15,,70406,1,,,1,55,,70346,1,,,1,15,,70366,1,,,1,15,,70386,1,,,1,15,,70407,1,,,1,55,,70347,1,,,1,15,,70367,1,,,1,15,,70387,1,,,1,15,,70408,1,,,1,55,,70348,1,,,1,15,,70368,1,,,1,15,,70388,1,,,1,15,,70409,1,,,1,55,,70349,1,,,1,15,,70369,1,,,1,15,,70389,1,,,1,15,,70410,1,,,1,55,,70350,1,,,1,15,,70370,1,,,1,15,,70390,1,,,1,15,,70411,1,,,1,55,,70351,1,,,1,15,,70371,1,,,1,15,,70391,1,,,1,15,,70412,1,,,1,55,,70352,1,,,1,15,,70372,1,,,1,15,,70392,1,,,1,15,,70413,1,,,1,55,,70353,1,,,1,15,,70373,1,,,1,15,,70393,1,,,1,15,,70414,1,,,1,55,,70354,1,,,1,15,,70374,1,,,1,15,,70394,1,,,1,15,,70415,1,,,1,14,,70355,1,,,1,56,,70375,1,,,1,15,,70395,1,,,1,15,,70416,1,,,1,55,,70356,1,,,1
0,'20261009',455,,70477,1,,,1,55,,70417,1,,,1,20,,70457,1,,,1,15,,70478,1,,,1,55,,70418,1,,,1,15,,70438,1,,,1,15,,70458,1,,,1,15,,70479,1,,,1,55,,70419,1,,,1,15,,70439,1,,,1,15,,70459,1,,,1,15,,70480,1,,,1,55,,70420,1,,,1,15,,70440,1,,,1,15,,70460,1,,,1,15,,70481,1,,,1,55,,70421,1,,,1,15,,70441,1,,,1,15,,70461,1,,,1,15,,70482,1,,,1,55,,70422,1,,,1,15,,70442,1,,,1,15,,70462,1,,,1,15,,70483,1,,,1,55,,70423,1,,,1,15,,70443,1,,,1,15,,70463,1,,,1,15,,70484,1,,,1,55,,70424,1,,,1,15,,70444,1,,,1,15,,70464,1,,,1,15,,70485,1,,,1,55,,70425,1,,,1,15,,70445,1,,,1,15,,70465,1,,,1,15,,70486,1,,,1,55,,70426,1,,,1,15,,70446,1,,,1,15,,70466,1,,,1,15,,70487,1,,,1,55,,70427,1,,,1,15,,70447,1,,,1,15,,70467,1,,,1,15,,70488,1,,,1,55,,70428,1,,,1,15,,70448,1,,,1,15,,70468,1,,,1,15,,70489,1,,,1,55,,70429,1,,,1,15,,70449,1,,,1,15,,70469,1,,,1,15,,70490,1,,,1,55,,70430,1,,,1,15,,70450,1,,,1,15,,70470,1,,,1,15,,70491,1,,,1,55,,70431,1,,,1,15,,70451,1,,,1,15,,70471,1,,,1,15,,70492,1,,,1,55,,70432,1,,,1,15,,70452,1,,,1,15,,70472,1,,,1,15,,70493,1,,,1,55,,70433,1,,,1,15,,70453,1,,,1,15,,70473,1,,,1,15,,70494,1,,,1,55,,70434,1,,,1,15,,70454,1,,,1,15,,70474,1,,,1,15,,70495,1,,,1,55,,70435,1,,,1,15,,70455,1,,,1,15,,70475,1,,,1,15,,70496,1,,,1,14,,70436,1,,,1,56,,70456,1,,,1,15,,70476,1,,,1,15,,70497,1,,,1,55,,70437,1,,,1
0,'20261010',600,,70498,1,,,1,15,,70518,1,,,1,15,,70537,1,,,1,15,,70556,1,,,1,55,,70499,1,,,1,15,,70519,1,,,1,15,,70538,1,,,1,15,,70557,1,,,1,55,,70500,1,,,1,15,,70520,1,,,1,15,,70539,1,,,1,15,,70558,1,,,1,55,,70501,1,,,1,15,,70521,1,,,1,15,,70540,1,,,1,15,,70559,1,,,1,55,,70502,1,,,1,15,,70522,1,,,1,15,,70541,1,,,1,15,,70560,1,,,1,55,,70503,1,,,1,15,,70523,1,,,1,15,,70542,1,,,1,15,,70561,1,,,1,55,,70504,1,,,1,15,,70524,1,,,1,15,,70543,1,,,1,15,,70562,1,,,1,55,,70505,1,,,1,15,,70525,1,,,1,15,,70544,1,,,1,15,,70563,1,,,1,55,,70506,1,,,1,15,,70526,1,,,1,15,,70545,1,,,1,15,,70564,1,,,1,55,,70507,1,,,1,15,,70527,1,,,1,15,,70546,1,,,1,15,,70565,1,,,1,55,,70508,1,,,1,15,,70528,1,,,1,15,,70547,1,,,1,15,,70566,1,,,1,55,,70509,1,,,1,15,,70529,1,,,1,15,,70548,1,,,1,15,,70567,1,,,1,55,,70510,1,,,1,15,,70530,1,,,1,15,,70549,1,,,1,15,,70568,1,,,1,55,,70511,1,,,1,15,,70531,1,,,1,15,,70550,1,,,1,15,,70569,1,,,1,55,,70512,1,,,1,15,,70532,1,,,1,15,,70551,1,,,1,15,,70570,1,,,1,55,,70513,1,,,1,15,,70533,1,,,1,15,,70552,1,,,1,15,,70571,1,,,1,55,,70514,1,,,1,15,,70534,1,,,1,15,,70553,1,,,1,15,,70572,1,,,1,55,,70515,1,,,1,15,,70535,1,,,1,15,,70554,1,,,1,15,,70573,1,,,1,14,,70516,1,,,1,56,,70536,1,,,1,15,,70555,1,,,1,15,,70574,1,,,1,55,,70517,1,,,1
0,'20261011',600,,70575,1,,,1,15,,70595,1,,,1,15,,70614,1,,,1,15,,70633,1,,,1,55,,70576,1,,,1,15,,70596,1,,,1,15,,70615,1,,,1,15,,70634,1,,,1,55,,70577,1,,,1,15,,70597,1,,,1,15,,70616,1,,,1,15,,70635,1,,,1,55,,70578,1,,,1,15,,70598,1,,,1,15,,70617,1,,,1,15,,70636,1,,,1,55,,70579,1,,,1,15,,70599,1,,,1,15,,70618,1,,,1,15,,70637,1,,,1,55,,70580,1,,,1,15,,70600,1,,,1,15,,70619,1,,,1,15,,70638,1,,,1,55,,70581,1,,,1,15,,70601,1,,,1,15,,70620,1,,,1,15,,70639,1,,,1,55,,70582,1,,,1,15,,70602,1,,,1,15,,70621,1,,,1,15,,70640,1,,,1,55,,70583,1,,,1,15,,70603,1,,,1,15,,70622,1,,,1,15,,70641,1,,,1,55,,70584,1,,,1,15,,70604,1,,,1,15,,70623,1,,,1,15,,70642,1,,,1,55,,70585,1,,,1,15,,70605,1,,,1,15,,70624,1,,,1,15,,70643,1,,,1,55,,70586,1,,,1,15,,70606,1,,,1,15,,70625,1,,,1,15,,70644,1,,,1,55,,70587,1,,,1,15,,70607,1,,,1,15,,70626,1,,,1,15,,70645,1,,,1,55,,70588,1,,,1,15,,70608,1,,,1,15,,70627,1,,,1,15,,70646,1,,,1,55,,70589,1,,,1,15,,70609,1,,,1,15,,70628,1,,,1,15,,70647,1,,,1,55,,70590,1,,,1,15,,70610,1,,,1,15,,70629,1,,,1,15,,70648,1,,,1,55,,70591,1,,,1,15,,70611,1,,,1,15,,70630,1,,,1,15,,70649,1,,,1,55,,70592,1,,,1,15,,70612,1,,,1,15,,70631,1,,,1,15,,70650,1,,,1,14,,70593,1,,,1,56,,70613,1,,,1,15,,70632,1,,,1,15,,70651,1,,,1,55,,70594,1,,,1
0,'20261012',600,,70653,1,,,1,15,,70673,1,,,1,15,,70693,1,,,1,15,,70714,1,,,1,55,,70654,1,,,1,15,,70674,1,,,1,15,,70694,1,,,1,15,,70715,1,,,1,55,,70655,1,,,1,15,,70675,1,,,1,15,,70695,1,,,1,15,,70716,1,,,1,55,,70656,1,,,1,15,,70676,1,,,1,15,,70696,1,,,1,15,,70717,1,,,1,55,,70657,1,,,1,15,,70677,1,,,1,15,,70697,1,,,1,15,,70718,1,,,1,55,,70658,1,,,1,15,,70678,1,,,1,15,,70698,1,,,1,15,,70719,1,,,1,55,,70659,1,,,1,15,,70679,1,,,1,15,,70699,1,,,1,15,,70720,1,,,1,55,,70660,1,,,1,15,,70680,1,,,1,15,,70700,1,,,1,15,,70721,1,,,1,55,,70661,1,,,1,15,,70681,1,,,1,15,,70701,1,,,1,15,,70722,1,,,1,55,,70662,1,,,1,15,,70682,1,,,1,15,,70702,1,,,1,15,,70723,1,,,1,55,,70663,1,,,1,15,,70683,1,,,1,15,,70703,1,,,1,15,,70724,1,,,1,55,,70664,1,,,1,15,,70684,1,,,1,15,,70704,1,,,1,15,,70725,1,,,1,55,,70665,1,,,1,15,,70685,1,,,1,15,,70705,1,,,1,15,,70726,1,,,1,55,,70666,1,,,1,15,,70686,1,,,1,15,,70706,1,,,1,15,,70727,1,,,1,55,,70667,1,,,1,15,,70687,1,,,1,15,,70707,1,,,1,15,,70728,1,,,1,55,,70668,1,,,1,15,,70688,1,,,1,15,,70708,1,,,1,15,,70729,1,,,1,55,,70669,1,,,1,15,,70689,1,,,1,15,,70709,1,,,1,15,,70730,1,,,1,55,,70670,1,,,1,15,,70690,1,,,1,15,,70710,1,,,1,15,,70731,1,,,1,14,,70671,1,,,1,56,,70691,1,,,1,15,,70711,1,,,1,15,,70732,1,,,1,55,,70672,1,,,1
0,'20261013',455,,70793,1,,,1,55,,70733,1,,,1,20,,70773,1,,,1,15,,70794,1,,,1,55,,70734,1,,,1,15,,70754,1,,,1,15,,70774,1,,,1,15,,70795,1,,,1,55,,70735,1,,,1,15,,70755,1,,,1,15,,70775,1,,,1,15,,70796,1,,,1,55,,70736,1,,,1,15,,70756,1,,,1,15,,70776,1,,,1,15,,70797,1,,,1,55,,70737,1,,,1,15,,70757,1,,,1,15,,70777,1,,,1,15,,70798,1,,,1,55,,70738,1,,,1,15,,70758,1,,,1,15,,70778,1,,,1,15,,70799,1,,,1,55,,70739,1,,,1,15,,70759,1,,,1,15,,70779,1,,,1,15,,70800,1,,,1,55,,70740,1,,,1,15,,70760,1,,,1,15,,70780,1,,,1,15,,70801,1,,,1,55,,70741,1,,,1,15,,70761,1,,,1,15,,70781,1,,,1,15,,70802,1,,,1,55,,70742,1,,,1,15,,70762,1,,,1,15,,70782,1,,,1,15,,70803,1,,,1,55,,70743,1,,,1,15,,70763,1,,,1,15,,70783,1,,,1,15,,70804,1,,,1,55,,70744,1,,,1,15,,70764,1,,,1,15,,70784,1,,,1,15,,70805,1,,,1,55,,70745,1,,,1,15,,70765,1,,,1,15,,70785,1,,,1,15,,70806,1,,,1,55,,70746,1,,,1,15,,70766,1,,,1,15,,70786,1,,,1,15,,70807,1,,,1,55,,70747,1,,,1,15,,70767,1,,,1,15,,70787,1,,,1,15,,70808,1,,,1,55,,70748,1,,,1,15,,70768,1,,,1,15,,70788,1,,,1,15,,70809,1,,,1,55,,70749,1,,,1,15,,70769,1,,,1,15,,70789,1,,,1,15,,70810,1,,,1,55,,70750,1,,,1,15,,70770,1,,,1,15,,70790,1,,,1,15,,70811,1,,,1,55,,70751,1,,,1,15,,70771,1,,,1,15,,70791,1,,,1,15,,70812,1,,,1,14,,70752,1,,,1,56,,70772,1,,,1,15,,70792,1,,,1,15,,70813,1,,,1,55,,70753,1,,,1
0,'20261014',455,,70874,1,,,1,55,,70814,1,,,1,20,,70854,1,,,1,15,,70875,1,,,1,55,,70815,1,,,1,15,,70835,1,,,1,15,,70855,1,,,1,15,,70876,1,,,1,55,,70816,1,,,1,15,,70836,1,,,1,15,,70856,1,,,1,15,,70877,1,,,1,55,,70817,1,,,1,15,,70837,1,,,1,15,,70857,1,,,1,15,,70878,1,,,1,55,,70818,1,,,1,15,,70838,1,,,1,15,,70858,1,,,1,15,,70879,1,,,1,55,,70819,1,,,1,15,,70839,1,,,1,15,,70859,1,,,1,15,,70880,1,,,1,55,,70820,1,,,1,15,,70840,1,,,1,15,,70860,1,,,1,15,,70881,1,,,1,55,,70821,1,,,1,15,,70841,1,,,1,15,,70861,1,,,1,15,,70882,1,,,1,55,,70822,1,,,1,15,,70842,1,,,1,15,,70862,1,,,1,15,,70883,1,,,1,55,,70823,1,,,1,15,,70843,1,,,1,15,,70863,1,,,1,15,,70884,1,,,1,55,,70824,1,,,1,15,,70844,1,,,1,15,,70864,1,,,1,15,,70885,1,,,1,55,,70825,1,,,1,15,,70845,1,,,1,15,,70865,1,,,1,15,,70886,1,,,1,55,,70826,1,,,1,15,,70846,1,,,1,15,,70866,1,,,1,15,,70887,1,,,1,55,,70827,1,,,1,15,,70847,1,,,1,15,,70867,1,,,1,15,,70888,1,,,1,55,,70828,1,,,1,15,,70848,1,,,1,15,,70868,1,,,1,15,,70889,1,,,1,55,,70829,1,,,1,15,,70849,1,,,1,15,,70869,1,,,1,15,,70890,1,,,1,55,,70830,1,,,1,15,,70850,1,,,1,15,,70870,1,,,1,15,,70891,1,,,1,55,,70831,1,,,1,15,,70851,1,,,1,15,,70871,1,,,1,15,,70892,1,,,1,55,,70832,1,,,1,15,,70852,1,,,1,15,,70872,1,,,1,15,,70893,1,,,1,14,,70833,1,,,1,56,,70853,1,,,1,15,,70873,1,,,1,15,,70894,1,,,1,55,,70834,1,,,1
0,'20261015',455,,70955,1,,,1,55,,70895,1,,,1,20,,70935,1,,,1,15,,70956,1,,,1,55,,70896,1,,,1,15,,70916,1,,,1,15,,70936,1,,,1,15,,70957,1,,,1,55,,70897,1,,,1,15,,70917,1,,,1,15,,70937,1,,,1,15,,70958,1,,,1,55,,70898,1,,,1,15,,70918,1,,,1,15,,70938,1,,,1,15,,70959,1,,,1,55,,70899,1,,,1,15,,70919,1,,,1,15,,70939,1,,,1,15,,70960,1,,,1,55,,70900,1,,,1,15,,70920,1,,,1,15,,70940,1,,,1,15,,70961,1,,,1,55,,70901,1,,,1,15,,70921,1,,,1,15,,70941,1,,,1,15,,70962,1,,,1,55,,70902,1,,,1,15,,70922,1,,,1,15,,70942,1,,,1,15,,70963,1,,,1,55,,70903,1,,,1,15,,70923,1,,,1,15,,70943,1,,,1,15,,70964,1,,,1,55,,70904,1,,,1,15,,70924,1,,,1,15,,70944,1,,,1,15,,70965,1,,,1,55,,70905,1,,,1,15,,70925,1,,,1,15,,70945,1,,,1,15,,70966,1,,,1,55,,70906,1,,,1,15,,70926,1,,,1,15,,70946,1,,,1,15,,70967,1,,,1,55,,70907,1,,,1,15,,70927,1,,,1,15,,70947,1,,,1,15,,70968,1,,,1,55,,70908,1,,,1,15,,70928,1,,,1,15,,70948,1,,,1,15,,70969,1,,,1,55,,70909,1,,,1,15,,70929,1,,,1,15,,70949,1,,,1,15,,70970,1,,,1,55,,70910,1,,,1,15,,70930,1,,,1,15,,70950,1,,,1,15,,70971,1,,,1,55,,70911,1,,,1,15,,70931,1,,,1,15,,70951,1,,,1,15,,70972,1,,,1,55,,70912,1,,,1,15,,70932,1,,,1,15,,70952,1,,,1,15,,70973,1,,,1,55,,70913,1,,,1,15,,70933,1,,,1,15,,70953,1,,,1,15,,70974,1,,,1,14,,70914,1,,,1,56,,70934,1,,,1,15,,70954,1,,,1,15,,70975,1,,,1,55,,70915,1,,,1
0,'20261016',455,,71036,1,,,1,55,,70976,1,,,1,20,,71016,1,,,1,15,,71037,1,,,1,55,,70977,1,,,1,15,,70997,1,,,1,15,,71017,1,,,1,15,,71038,1,,,1,55,,70978,1,,,1,15,,70998,1,,,1,15,,71018,1,,,1,15,,71039,1,,,1,55,,70979,1,,,1,15,,70999,1,,,1,15,,71019,1,,,1,15,,71040,1,,,1,55,,70980,1,,,1,15,,71000,1,,,1,15,,71020,1,,,1,15,,71041,1,,,1,55,,70981,1,,,1,15,,71001,1,,,1,15,,71021,1,,,1,15,,71042,1,,,1,55,,70982,1,,,1,15,,71002,1,,,1,15,,71022,1,,,1,15,,71043,1,,,1,55,,70983,1,,,1,15,,71003,1,,,1,15,,71023,1,,,1,15,,71044,1,,,1,55,,70984,1,,,1,15,,71004,1,,,1,15,,71024,1,,,1,15,,71045,1,,,1,55,,70985,1,,,1,15,,71005,1,,,1,15,,71025,1,,,1,15,,71046,1,,,1,55,,70986,1,,,1,15,,71006,1,,,1,15,,71026,1,,,1,15,,71047,1,,,1,55,,70987,1,,,1,15,,71007,1,,,1,15,,71027,1,,,1,15,,71048,1,,,1,55,,70988,1,,,1,15,,71008,1,,,1,15,,71028,1,,,1,15,,71049,1,,,1,55,,70989,1,,,1,15,,71009,1,,,1,15,,71029,1,,,1,15,,71050,1,,,1,55,,70990,1,,,1,15,,71010,1,,,1,15,,71030,1,,,1,15,,71051,1,,,1,55,,70991,1,,,1,15,,71011,1,,,1,15,,71031,1,,,1,15,,71052,1,,,1,55,,70992,1,,,1,15,,71012,1,,,1,15,,71032,1,,,1,15,,71053,1,,,1,55,,70993,1,,,1,15,,71013,1,,,1,15,,71033,1,,,1,15,,71054,1,,,1,55,,70994,1,,,1,15,,71014,1,,,1,15,,71034,1,,,1,15,,71055,1,,,1,14,,70995,1,,,1,56,,71015,1,,,1,15,,71035,1,,,1,15,,71056,1,,,1,55,,70996,1,,,1
0,'20261017',600,,71057,1,,,1,15,,71077,1,,,1,15,,71096,1,,,1,15,,71115,1,,,1,55,,71058,1,,,1,15,,71078,1,,,1,15,,71097,1,,,1,15,,71116,1,,,1,55,,71059,1,,,1,15,,71079,1,,,1,15,,71098,1,,,1,15,,71117,1,,,1,55,,71060,1,,,1,15,,71080,1,,,1,15,,71099,1,,,1,15,,71118,1,,,1,55,,71061,1,,,1,15,,71081,1,,,1,15,,71100,1,,,1,15,,71119,1,,,1,55,,71062,1,,,1,15,,71082,1,,,1,15,,71101,1,,,1,15,,71120,1,,,1,55,,71063,1,,,1,15,,71083,1,,,1,15,,71102,1,,,1,15,,71121,1,,,1,55,,71064,1,,,1,15,,71084,1,,,1,15,,71103,1,,,1,15,,71122,1,,,1,55,,71065,1,,,1,15,,71085,1,,,1,15,,71104,1,,,1,15,,71123,1,,,1,55,,71066,1,,,1,15,,71086,1,,,1,15,,71105,1,,,1,15,,71124,1,,,1,55,,71067,1,,,1,15,,71087,1,,,1,15,,71106,1,,,1,15,,71125,1,,,1,55,,71068,1,,,1,15,,71088,1,,,1,15,,71107,1,,,1,15,,71126,1,,,1,55,,71069,1,,,1,15,,71089,1,,,1,15,,71108,1,,,1,15,,71127,1,,,1,55,,71070,1,,,1,15,,71090,1,,,1,15,,71109,1,,,1,15,,71128,1,,,1,55,,71071,1,,,1,15,,71091,1,,,1,15,,71110,1,,,1,15,,71129,1,,,1,55,,71072,1,,,1,15,,71092,1,,,1,15,,71111,1,,,1,15,,71130,1,,,1,55,,71073,1,,,1,15,,71093,1,,,1,15,,71112,1,,,1,15,,71131,1,,,1,55,,71074,1,,,1,15,,71094,1,,,1,15,,71113,1,,,1,15,,71132,1,,,1,14,,71075,1,,,1,56,,71095,1,,,1,15,,71114,1,,,1,15,,71133,1,,,1,55,,71076,1,,,1
0,'20261018',600,,71134,1,,,1,15,,71154,1,,,1,15,,71173,1,,,1,15,,71192,1,,,1,55,,71135,1,,,1,15,,71155,1,,,1,15,,71174,1,,,1,15,,71193,1,,,1,55,,71136,1,,,1,15,,71156,1,,,1,15,,71175,1,,,1,15,,71194,1,,,1,55,,71137,1,,,1,15,,71157,1,,,1,15,,71176,1,,,1,15,,71195,1,,,1,55,,71138,1,,,1,15,,71158,1,,,1,15,,71177,1,,,1,15,,71196,1,,,1,55,,71139,1,,,1,15,,71159,1,,,1,15,,71178,1,,,1,15,,71197,1,,,1,55,,71140,1,,,1,15,,71160,1,,,1,15,,71179,1,,,1,15,,71198,1,,,1,55,,71141,1,,,1,15,,71161,1,,,1,15,,71180,1,,,1,15,,71199,1,,,1,55,,71142,1,,,1,15,,71162,1,,,1,15,,71181,1,,,1,15,,71200,1,,,1,55,,71143,1,,,1,15,,71163,1,,,1,15,,71182,1,,,1,15,,71201,1,,,1,55,,71144,1,,,1,15,,71164,1,,,1,15,,71183,1,,,1,15,,71202,1,,,1,55,,71145,1,,,1,15,,71165,1,,,1,15,,71184,1,,,1,15,,71203,1,,,1,55,,71146,1,,,1,15,,71166,1,,,1,15,,71185,1,,,1,15,,71204,1,,,1,55,,71147,1,,,1,15,,71167,1,,,1,15,,71186,1,,,1,15,,71205,1,,,1,55,,71148,1,,,1,15,,71168,1,,,1,15,,71187,1,,,1,15,,71206,1,,,1,55,,71149,1,,,1,15,,71169,1,,,1,15,,71188,1,,,1,15,,71207,1,,,1,55,,71150,1,,,1,15,,71170,1,,,1,15,,71189,1,,,1,15,,71208,1,,,1,55,,71151,1,,,1,15,,71171,1,,,1,15,,71190,1,,,1,15,,71209,1,,,1,14,,71152,1,,,1,56,,71172,1,,,1,15,,71191,1,,,1,15,,71210,1,,,1,55,,71153,1,,,1
0,'20261019',455,,71271,1,,,1,55,,71211,1,,,1,20,,71251,1,,,1,15,,71272,1,,,1,55,,71212,1,,,1,15,,71232,1,,,1,15,,71252,1,,,1,15,,71273,1,,,1,55,,71213,1,,,1,15,,71233,1,,,1,15,,71253,1,,,1,15,,71274,1,,,1,55,,71214,1,,,1,15,,71234,1,,,1,15,,71254,1,,,1,15,,71275,1,,,1,55,,71215,1,,,1,15,,71235,1,,,1,15,,71255,1,,,1,15,,71276,1,,,1,55,,71216,1,,,1,15,,71236,1,,,1,15,,71256,1,,,1,15,,71277,1,,,1,55,,71217,1,,,1,15,,71237,1,,,1,15,,71257,1,,,1,15,,71278,1,,,1,55,,71218,1,,,1,15,,71238,1,,,1,15,,71258,1,,,1,15,,71279,1,,,1,55,,71219,1,,,1,15,,71239,1,,,1,15,,71259,1,,,1,15,,71280,1,,,1,55,,71220,1,,,1,15,,71240,1,,,1,15,,71260,1,,,1,15,,71281,1,,,1,55,,71221,1,,,1,15,,71241,1,,,1,15,,71261,1,,,1,15,,71282,1,,,1,55,,71222,1,,,1,15,,71242,1,,,1,15,,71262,1,,,1,15,,71283,1,,,1,55,,71223,1,,,1,15,,71243,1,,,1,15,,71263,1,,,1,15,,71284,1,,,1,55,,71224,1,,,1,15,,71244,1,,,1,15,,71264,1,,,1,15,,71285,1,,,1,55,,71225,1,,,1,15,,71245,1,,,1,15,,71265,1,,,1,15,,71286,1,,,1,55,,71226,1,,,1,15,,71246,1,,,1,15,,71266,1,,,1,15,,71287,1,,,1,55,,71227,1,,,1,15,,71247,1,,,1,15,,71267,1,,,1,15,,71288,1,,,1,55,,71228,1,,,1,15,,71248,1,,,1,15,,71268,1,,,1,15,,71289,1,,,1,55,,71229,1,,,1,15,,71249,1,,,1,15,,71269,1,,,1,15,,71290,1,,,1,14,,71230,1,,,1,56,,71250,1,,,1,15,,71270,1,,,1,15,,71291,1,,,1,55,,71231,1,,,1
0,'20261020',455,,71352,1,,,1,55,,71292,1,,,1,20,,71332,1,,,1,15,,71353,1,,,1,55,,71293,1,,,1,15,,71313,1,,,1,15,,71333,1,,,1,15,,71354,1,,,1,55,,71294,1,,,1,15,,71314,1,,,1,15,,71334,1,,,1,15,,71355,1,,,1,55,,71295,1,,,1,15,,71315,1,,,1,15,,71335,1,,,1,15,,71356,1,,,1,55,,71296,1,,,1,15,,71316,1,,,1,15,,71336,1,,,1,15,,71357,1,,,1,55,,71297,1,,,1,15,,71317,1,,,1,15,,71337,1,,,1,15,,71358,1,,,1,55,,71298,1,,,1,15,,71318,1,,,1,15,,71338,1,,,1,15,,71359,1,,,1,55,,71299,1,,,1,15,,71319,1,,,1,15,,71339,1,,,1,15,,71360,1,,,1,55,,71300,1,,,1,15,,71320,1,,,1,15,,71340,1,,,1,15,,71361,1,,,1,55,,71301,1,,,1,15,,71321,1,,,1,15,,71341,1,,,1,15,,71362,1,,,1,55,,71302,1,,,1,15,,71322,1,,,1,15,,71342,1,,,1,15,,71363,1,,,1,55,,71303,1,,,1,15,,71323,1,,,1,15,,71343,1,,,1,15,,71364,1,,,1,55,,71304,1,,,1,15,,71324,1,,,1,15,,71344,1,,,1,15,,71365,1,,,1,55,,71305,1,,,1,15,,71325,1,,,1,15,,71345,1,,,1,15,,71366,1,,,1,55,,71306,1,,,1,15,,71326,1,,,1,15,,71346,1,,,1,15,,71367,1,,,1,55,,71307,1,,,1,15,,71327,1,,,1,15,,71347,1,,,1,15,,71368,1,,,1,55,,71308,1,,,1,15,,71328,1,,,1,15,,71348,1,,,1,15,,71369,1,,,1,55,,71309,1,,,1,15,,71329,1,,,1,15,,71349,1,,,1,15,,71370,1,,,1,55,,71310,1,,,1,15,,71330,1,,,1,15,,71350,1,,,1,15,,71371,1,,,1,14,,71311,1,,,1,56,,71331,1,,,1,15,,71351,1,,,1,15,,71372,1,,,1,55,,71312,1,,,1
0,'20261021',455,,71433,1,,,1,55,,71373,1,,,1,20,,71413,1,,,1,15,,71434,1,,,1,55,,71374,1,,,1,15,,71394,1,,,1,15,,71414,1,,,1,15,,71435,1,,,1,55,,71375,1,,,1,15,,71395,1,,,1,15,,71415,1,,,1,15,,71436,1,,,1,55,,71376,1,,,1,15,,71396,1,,,1,15,,71416,1,,,1,15,,71437,1,,,1,55,,71377,1,,,1,15,,71397,1,,,1,15,,71417,1,,,1,15,,71438,1,,,1,55,,71378,1,,,1,15,,71398,1,,,1,15,,71418,1,,,1,15,,71439,1,,,1,55,,71379,1,,,1,15,,71399,1,,,1,15,,71419,1,,,1,15,,71440,1,,,1,55,,71380,1,,,1,15,,71400,1,,,1,15,,71420,1,,,1,15,,71441,1,,,1,55,,71381,1,,,1,15,,71401,1,,,1,15,,71421,1,,,1,15,,71442,1,,,1,55,,71382,1,,,1,15,,71402,1,,,1,15,,71422,1,,,1,15,,71443,1,,,1,55,,71383,1,,,1,15,,71403,1,,,1,15,,71423,1,,,1,15,,71444,1,,,1,55,,71384,1,,,1,15,,71404,1,,,1,15,,71424,1,,,1,15,,71445,1,,,1,55,,71385,1,,,1,15,,71405,1,,,1,15,,71425,1,,,1,15,,71446,1,,,1,55,,71386,1,,,1,15,,71406,1,,,1,15,,71426,1,,,1,15,,71447,1,,,1,55,,71387,1,,,1,15,,71407,1,,,1,15,,71427,1,,,1,15,,71448,1,,,1,55,,71388,1,,,1,15,,71408,1,,,1,15,,71428,1,,,1,15,,71449,1,,,1,55,,71389,1,,,1,15,,71409,1,,,1,15,,71429,1,,,1,15,,71450,1,,,1,55,,71390,1,,,1,15,,71410,1,,,1,15,,71430,1,,,1,15,,71451,1,,,1,55,,71391,1,,,1,15,,71411,1,,,1,15,,71431,1,,,1,15,,71452,1,,,1,14,,71392,1,,,1,56,,71412,1,,,1,15,,71432,1,,,1,15,,71453,1,,,1,55,,71393,1,,,1
0,'20261022',455,,71514,1,,,1,55,,71454,1,,,1,20,,71494,1,,,1,15,,71515,1,,,1,55,,71455,1,,,1,15,,71475,1,,,1,15,,71495,1,,,1,15,,71516,1,,,1,55,,71456,1,,,1,15,,71476,1,,,1,15,,71496,1,,,1,15,,71517,1,,,1,55,,71457,1,,,1,15,,71477,1,,,1,15,,71497,1,,,1,15,,71518,1,,,1,55,,71458,1,,,1,15,,71478,1,,,1,15,,71498,1,,,1,15,,71519,1,,,1,55,,71459,1,,,1,15,,71479,1,,,1,15,,71499,1,,,1,15,,71520,1,,,1,55,,71460,1,,,1,15,,71480,1,,,1,15,,71500,1,,,1,15,,71521,1,,,1,55,,71461,1,,,1,15,,71481,1,,,1,15,,71501,1,,,1,15,,71522,1,,,1,55,,71462,1,,,1,15,,71482,1,,,1,15,,71502,1,,,1,15,,71523,1,,,1,55,,71463,1,,,1,15,,71483,1,,,1,15,,71503,1,,,1,15,,71524,1,,,1,55,,71464,1,,,1,15,,71484,1,,,1,15,,71504,1,,,1,15,,71525,1,,,1,55,,71465,1,,,1,15,,71485,1,,,1,15,,71505,1,,,1,15,,71526,1,,,1,55,,71466,1,,,1,15,,71486,1,,,1,15,,71506,1,,,1,15,,71527,1,,,1,55,,71467,1,,,1,15,,71487,1,,,1,15,,71507,1,,,1,15,,71528,1,,,1,55,,71468,1,,,1,15,,71488,1,,,1,15,,71508,1,,,1,15,,71529,1,,,1,55,,71469,1,,,1,15,,71489,1,,,1,15,,71509,1,,,1,15,,71530,1,,,1,55,,71470,1,,,1,15,,71490,1,,,1,15,,71510,1,,,1,15,,71531,1,,,1,55,,71471,1,,,1,15,,71491,1,,,1,15,,71511,1,,,1,15,,71532,1,,,1,55,,71472,1,,,1,15,,71492,1,,,1,15,,71512,1,,,1,15,,71533,1,,,1,14,,71473,1,,,1,56,,71493,1,,,1,15,,71513,1,,,1,15,,71534,1,,,1,55,,71474,1,,,1
0,'20261023',455,,71595,1,,,1,55,,71535,1,,,1,20,,71575,1,,,1,15,,71596,1,,,1,55,,71536,1,,,1,15,,71556,1,,,1,15,,71576,1,,,1,15,,71597,1,,,1,55,,71537,1,,,1,15,,71557,1,,,1,15,,71577,1,,,1,15,,71598,1,,,1,55,,71538,1,,,1,15,,71558,1,,,1,15,,71578,1,,,1,15,,71599,1,,,1,55,,71539,1,,,1,15,,71559,1,,,1,15,,71579,1,,,1,15,,71600,1,,,1,55,,71540,1,,,1,15,,71560,1,,,1,15,,71580,1,,,1,15,,71601,1,,,1,55,,71541,1,,,1,15,,71561,1,,,1,15,,71581,1,,,1,15,,71602,1,,,1,55,,71542,1,,,1,15,,71562,1,,,1,15,,71582,1,,,1,15,,71603,1,,,1,55,,71543,1,,,1,15,,71563,1,,,1,15,,71583,1,,,1,15,,71604,1,,,1,55,,71544,1,,,1,15,,71564,1,,,1,15,,71584,1,,,1,15,,71605,1,,,1,55,,71545,1,,,1,15,,71565,1,,,1,15,,71585,1,,,1,15,,71606,1,,,1,55,,71546,1,,,1,15,,71566,1,,,1,15,,71586,1,,,1,15,,71607,1,,,1,55,,71547,1,,,1,15,,71567,1,,,1,15,,71587,1,,,1,15,,71608,1,,,1,55,,71548,1,,,1,15,,71568,1,,,1,15,,71588,1,,,1,15,,71609,1,,,1,55,,71549,1,,,1,15,,71569,1,,,1,15,,71589,1,,,1,15,,71610,1,,,1,55,,71550,1,,,1,15,,71570,1,,,1,15,,71590,1,,,1,15,,71611,1,,,1,55,,71551,1,,,1,15,,71571,1,,,1,15,,71591,1,,,1,15,,71612,1,,,1,55,,71552,1,,,1,15,,71572,1,,,1,15,,71592,1,,,1,15,,71613,1,,,1,55,,71553,1,,,1,15,,71573,1,,,1,15,,71593,1,,,1,15,,71614,1,,,1,14,,71554,1,,,1,56,,71574,1,,,1,15,,71594,1,,,1,15,,71615,1,,,1,55,,71555,1,,,1
0,'20261024',600,,71616,1,,,1,15,,71636,1,,,1,15,,71655,1,,,1,15,,71674,1,,,1,55,,71617,1,,,1,15,,71637,1,,,1,15,,71656,1,,,1,15,,71675,1,,,1,55,,71618,1,,,1,15,,71638,1,,,1,15,,71657,1,,,1,15,,71676,1,,,1,55,,71619,1,,,1,15,,71639,1,,,1,15,,71658,1,,,1,15,,71677,1,,,1,55,,71620,1,,,1,15,,71640,1,,,1,15,,71659,1,,,1,15,,71678,1,,,1,55,,71621,1,,,1,15,,71641,1,,,1,15,,71660,1,,,1,15,,71679,1,,,1,55,,71622,1,,,1,15,,71642,1,,,1,15,,71661,1,,,1,15,,71680,1,,,1,55,,71623,1,,,1,15,,71643,1,,,1,15,,71662,1,,,1,15,,71681,1,,,1,55,,71624,1,,,1,15,,71644,1,,,1,15,,71663,1,,,1,15,,71682,1,,,1,55,,71625,1,,,1,15,,71645,1,,,1,15,,71664,1,,,1,15,,71683,1,,,1,55,,71626,1,,,1,15,,71646,1,,,1,15,,71665,1,,,1,15,,71684,1,,,1,55,,71627,1,,,1,15,,71647,1,,,1,15,,71666,1,,,1,15,,71685,1,,,1,55,,71628,1,,,1,15,,71648,1,,,1,15,,71667,1,,,1,15,,71686,1,,,1,55,,71629,1,,,1,15,,71649,1,,,1,15,,71668,1,,,1,15,,71687,1,,,1,55,,71630,1,,,1,15,,71650,1,,,1,15,,71669,1,,,1,15,,71688,1,,,1,55,,71631,1,,,1,15,,71651,1,,,1,15,,71670,1,,,1,15,,71689,1,,,1,55,,71632,1,,,1,15,,71652,1,,,1,15,,71671,1,,,1,15,,71690,1,,,1,55,,71633,1,,,1,15,,71653,1,,,1,15,,71672,1,,,1,15,,71691,1,,,1,14,,71634,1,,,1,56,,71654,1,,,1,15,,71673,1,,,1,15,,71692,1,,,1,55,,71635,1,,,1
0,'20261025',600,,71693,1,,,1,15,,71713,1,,,1,15,,71732,1,,,1,15,,71751,1,,,1,55,,71694,1,,,1,15,,71714,1,,,1,15,,71733,1,,,1,15,,71752,1,,,1,55,,71695,1,,,1,15,,71715,1,,,1,15,,71734,1,,,1,15,,71753,1,,,1,55,,71696,1,,,1,15,,71716,1,,,1,15,,71735,1,,,1,15,,71754,1,,,1,55,,71697,1,,,1,15,,71717,1,,,1,15,,71736,1,,,1,15,,71755,1,,,1,55,,71698,1,,,1,15,,71718,1,,,1,15,,71737,1,,,1,15,,71756,1,,,1,55,,71699,1,,,1,15,,71719,1,,,1,15,,71738,1,,,1,15,,71757,1,,,1,55,,71700,1,,,1,15,,71720,1,,,1,15,,71739,1,,,1,15,,71758,1,,,1,55,,71701,1,,,1,15,,71721,1,,,1,15,,71740,1,,,1,15,,71759,1,,,1,55,,71702,1,,,1,15,,71722,1,,,1,15,,71741,1,,,1,15,,71760,1,,,1,55,,71703,1,,,1,15,,71723,1,,,1,15,,71742,1,,,1,15,,71761,1,,,1,55,,71704,1,,,1,15,,71724,1,,,1,15,,71743,1,,,1,15,,71762,1,,,1,55,,71705,1,,,1,15,,71725,1,,,1,15,,71744,1,,,1,15,,71763,1,,,1,55,,71706,1,,,1,15,,71726,1,,,1,15,,71745,1,,,1,15,,71764,1,,,1,55,,71707,1,,,1,15,,71727,1,,,1,15,,71746,1,,,1,15,,71765,1,,,1,55,,71708,1,,,1,15,,71728,1,,,1,15,,71747,1,,,1,15,,71766,1,,,1,55,,71709,1,,,1,15,,71729,1,,,1,15,,71748,1,,,1,15,,71767,1,,,1,55,,71710,1,,,1,15,,71730,1,,,1,15,,71749,1,,,1,15,,71768,1,,,1,14,,71711,1,,,1,56,,71731,1,,,1,15,,71750,1,,,1,15,,71769,1,,,1,55,,71712,1,,,1
0,'20261026',455,,71830,1,,,1,55,,71770,1,,,1,20,,71810,1,,,1,15,,71831,1,,,1,55,,71771,1,,,1,15,,71791,1,,,1,15,,71811,1,,,1,15,,71832,1,,,1,55,,71772,1,,,1,15,,71792,1,,,1,15,,71812,1,,,1,15,,71833,1,,,1,55,,71773,1,,,1,15,,71793,1,,,1,15,,71813,1,,,1,15,,71834,1,,,1,55,,71774,1,,,1,15,,71794,1,,,1,15,,71814,1,,,1,15,,71835,1,,,1,55,,71775,1,,,1,15,,71795,1,,,1,15,,71815,1,,,1,15,,71836,1,,,1,55,,71776,1,,,1,15,,71796,1,,,1,15,,71816,1,,,1,15,,71837,1,,,1,55,,71777,1,,,1,15,,71797,1,,,1,15,,71817,1,,,1,15,,71838,1,,,1,55,,71778,1,,,1,15,,71798,1,,,1,15,,71818,1,,,1,15,,71839,1,,,1,55,,71779,1,,,1,15,,71799,1,,,1,15,,71819,1,,,1,15,,71840,1,,,1,55,,71780,1,,,1,15,,71800,1,,,1,15,,71820,1,,,1,15,,71841,1,,,1,55,,71781,1,,,1,15,,71801,1,,,1,15,,71821,1,,,1,15,,71842,1,,,1,55,,71782,1,,,1,15,,71802,1,,,1,15,,71822,1,,,1,15,,71843,1,,,1,55,,71783,1,,,1,15,,71803,1,,,1,15,,71823,1,,,1,15,,71844,1,,,1,55,,71784,1,,,1,15,,71804,1,,,1,15,,71824,1,,,1,15,,71845,1,,,1,55,,71785,1,,,1,15,,71805,1,,,1,15,,71825,1,,,1,15,,71846,1,,,1,55,,71786,1,,,1,15,,71806,1,,,1,15,,71826,1,,,1,15,,71847,1,,,1,55,,71787,1,,,1,15,,71807,1,,,1,15,,71827,1,,,1,15,,71848,1,,,1,55,,71788,1,,,1,15,,71808,1,,,1,15,,71828,1,,,1,15,,71849,1,,,1,14,,71789,1,,,1,56,,71809,1,,,1,15,,71829,1,,,1,15,,71850,1,,,1,55,,71790,1,,,1
0,'20261027',455,,71911,1,,,1,55,,71851,1,,,1,20,,71891,1,,,1,15,,71912,1,,,1,55,,71852,1,,,1,15,,71872,1,,,1,15,,71892,1,,,1,15,,71913,1,,,1,55,,71853,1,,,1,15,,71873,1,,,1,15,,71893,1,,,1,15,,71914,1,,,1,55,,71854,1,,,1,15,,71874,1,,,1,15,,71894,1,,,1,15,,71915,1,,,1,55,,71855,1,,,1,15,,71875,1,,,1,15,,71895,1,,,1,15,,71916,1,,,1,55,,71856,1,,,1,15,,71876,1,,,1,15,,71896,1,,,1,15,,71917,1,,,1,55,,71857,1,,,1,15,,71877,1,,,1,15,,71897,1,,,1,15,,71918,1,,,1,55,,71858,1,,,1,15,,71878,1,,,1,15,,71898,1,,,1,15,,71919,1,,,1,55,,71859,1,,,1,15,,71879,1,,,1,15,,71899,1,,,1,15,,71920,1,,,1,55,,71860,1,,,1,15,,71880,1,,,1,15,,71900,1,,,1,15,,71921,1,,,1,55,,71861,1,,,1,15,,71881,1,,,1,15,,71901,1,,,1,15,,71922,1,,,1,55,,71862,1,,,1,15,,71882,1,,,1,15,,71902,1,,,1,15,,71923,1,,,1,55,,71863,1,,,1,15,,71883,1,,,1,15,,71903,1,,,1,15,,71924,1,,,1,55,,71864,1,,,1,15,,71884,1,,,1,15,,71904,1,,,1,15,,71925,1,,,1,55,,71865,1,,,1,15,,71885,1,,,1,15,,71905,1,,,1,15,,71926,1,,,1,55,,71866,1,,,1,15,,71886,1,,,1,15,,71906,1,,,1,15,,71927,1,,,1,55,,71867,1,,,1,15,,71887,1,,,1,15,,71907,1,,,1,15,,71928,1,,,1,55,,71868,1,,,1,15,,71888,1,,,1,15,,71908,1,,,1,15,,71929,1,,,1,55,,71869,1,,,1,15,,71889,1,,,1,15,,71909,1,,,1,15,,71930,1,,,1,14,,71870,1,,,1,56,,71890,1,,,1,15,,71910,1,,,1,15,,71931,1,,,1,55,,71871,1,,,1
0,'20261028',455,,71992,1,,,1,55,,71932,1,,,1,20,,71972,1,,,1,15,,71993,1,,,1,55,,71933,1,,,1,15,,71953,1,,,1,15,,71973,1,,,1,15,,71994,1,,,1,55,,71934,1,,,1,15,,71954,1,,,1,15,,71974,1,,,1,15,,71995,1,,,1,55,,71935,1,,,1,15,,71955,1,,,1,15,,71975,1,,,1,15,,71996,1,,,1,55,,71936,1,,,1,15,,71956,1,,,1,15,,71976,1,,,1,15,,71997,1,,,1,55,,71937,1,,,1,15,,71957,1,,,1,15,,71977,1,,,1,15,,71998,1,,,1,55,,71938,1,,,1,15,,71958,1,,,1,15,,71978,1,,,1,15,,71999,1,,,1,55,,71939,1,,,1,15,,71959,1,,,1,15,,71979,1,,,1,15,,72000,1,,,1,55,,71940,1,,,1,15,,71960,1,,,1,15,,71980,1,,,1,15,,72001,1,,,1,55,,71941,1,,,1,15,,71961,1,,,1,15,,71981,1,,,1,15,,72002,1,,,1,55,,71942,1,,,1,15,,71962,1,,,1,15,,71982,1,,,1,15,,72003,1,,,1,55,,71943,1,,,1,15,,71963,1,,,1,15,,71983,1,,,1,15,,72004,1,,,1,55,,71944,1,,,1,15,,71964,1,,,1,15,,71984,1,,,1,15,,72005,1,,,1,55,,71945,1,,,1,15,,71965,1,,,1,15,,71985,1,,,1,15,,72006,1,,,1,55,,71946,1,,,1,15,,71966,1,,,1,15,,71986,1,,,1,15,,72007,1,,,1,55,,71947,1,,,1,15,,71967,1,,,1,15,,71987,1,,,1,15,,72008,1,,,1,55,,71948,1,,,1,15,,71968,1,,,1,15,,71988,1,,,1,15,,72009,1,,,1,55,,71949,1,,,1,15,,71969,1,,,1,15,,71989,1,,,1,15,,72010,1,,,1,55,,71950,1,,,1,15,,71970,1,,,1,15,,71990,1,,,1,15,,72011,1,,,1,14,,71951,1,,,1,56,,71971,1,,,1,15,,71991,1,,,1,15,,72012,1,,,1,55,,71952,1,,,1
0,'20261029',455,,72073,1,,,1,55,,72013,1,,,1,20,,72053,1,,,1,15,,72074,1,,,1,55,,72014,1,,,1,15,,72034,1,,,1,15,,72054,1,,,1,15,,72075,1,,,1,55,,72015,1,,,1,15,,72035,1,,,1,15,,72055,1,,,1,15,,72076,1,,,1,55,,72016,1,,,1,15,,72036,1,,,1,15,,72056,1,,,1,15,,72077,1,,,1,55,,72017,1,,,1,15,,72037,1,,,1,15,,72057,1,,,1,15,,72078,1,,,1,55,,72018,1,,,1,15,,72038,1,,,1,15,,72058,1,,,1,15,,72079,1,,,1,55,,72019,1,,,1,15,,72039,1,,,1,15,,72059,1,,,1,15,,72080,1,,,1,55,,72020,1,,,1,15,,72040,1,,,1,15,,72060,1,,,1,15,,72081,1,,,1,55,,72021,1,,,1,15,,72041,1,,,1,15,,72061,1,,,1,15,,72082,1,,,1,55,,72022,1,,,1,15,,72042,1,,,1,15,,72062,1,,,1,15,,72083,1,,,1,55,,72023,1,,,1,15,,72043,1,,,1,15,,72063,1,,,1,15,,72084,1,,,1,55,,72024,1,,,1,15,,72044,1,,,1,15,,72064,1,,,1,15,,72085,1,,,1,55,,72025,1,,,1,15,,72045,1,,,1,15,,72065,1,,,1,15,,72086,1,,,1,55,,72026,1,,,1,15,,72046,1,,,1,15,,72066,1,,,1,15,,72087,1,,,1,55,,72027,1,,,1,15,,72047,1,,,1,15,,72067,1,,,1,15,,72088,1,,,1,55,,72028,1,,,1,15,,72048,1,,,1,15,,72068,1,,,1,15,,72089,1,,,1,55,,72029,1,,,1,15,,72049,1,,,1,15,,72069,1,,,1,15,,72090,1,,,1,55,,72030,1,,,1,15,,72050,1,,,1,15,,72070,1,,,1,15,,72091,1,,,1,55,,72031,1,,,1,15,,72051,1,,,1,15,,72071,1,,,1,15,,72092,1,,,1,14,,72032,1,,,1,56,,72052,1,,,1,15,,72072,1,,,1,15,,72093,1,,,1,55,,72033,1,,,1
0,'20261030',455,,72154,1,,,1,55,,72094,1,,,1,20,,72134,1,,,1,15,,72155,1,,,1,55,,72095,1,,,1,15,,72115,1,,,1,15,,72135,1,,,1,15,,72156,1,,,1,55,,72096,1,,,1,15,,72116,1,,,1,15,,72136,1,,,1,15,,72157,1,,,1,55,,72097,1,,,1,15,,72117,1,,,1,15,,72137,1,,,1,15,,72158,1,,,1,55,,72098,1,,,1,15,,72118,1,,,1,15,,72138,1,,,1,15,,72159,1,,,1,55,,72099,1,,,1,15,,72119,1,,,1,15,,72139,1,,,1,15,,72160,1,,,1,55,,72100,1,,,1,15,,72120,1,,,1,15,,72140,1,,,1,15,,72161,1,,,1,55,,72101,1,,,1,15,,72121,1,,,1,15,,72141,1,,,1,15,,72162,1,,,1,55,,72102,1,,,1,15,,72122,1,,,1,15,,72142,1,,,1,15,,72163,1,,,1,55,,72103,1,,,1,15,,72123,1,,,1,15,,72143,1,,,1,15,,72164,1,,,1,55,,72104,1,,,1,15,,72124,1,,,1,15,,72144,1,,,1,15,,72165,1,,,1,55,,72105,1,,,1,15,,72125,1,,,1,15,,72145,1,,,1,15,,72166,1,,,1,55,,72106,1,,,1,15,,72126,1,,,1,15,,72146,1,,,1,15,,72167,1,,,1,55,,72107,1,,,1,15,,72127,1,,,1,15,,72147,1,,,1,15,,72168,1,,,1,55,,72108,1,,,1,15,,72128,1,,,1,15,,72148,1,,,1,15,,72169,1,,,1,55,,72109,1,,,1,15,,72129,1,,,1,15,,72149,1,,,1,15,,72170,1,,,1,55,,72110,1,,,1,15,,72130,1,,,1,15,,72150,1,,,1,15,,72171,1,,,1,55,,72111,1,,,1,15,,72131,1,,,1,15,,72151,1,,,1,15,,72172,1,,,1,55,,72112,1,,,1,15,,72132,1,,,1,15,,72152,1,,,1,15,,72173,1,,,1,14,,72113,1,,,1,56,,72133,1,,,1,15,,72153,1,,,1,15,,72174,1,,,1,55,,72114,1,,,1
0,'20261031',600,,72175,1,,,1,15,,72195,1,,,1,15,,72214,1,,,1,15,,72233,1,,,1,55,,72176,1,,,1,15,,72196,1,,,1,15,,72215,1,,,1,15,,72234,1,,,1,55,,72177,1,,,1,15,,72197,1,,,1,15,,72216,1,,,1,15,,72235,1,,,1,55,,72178,1,,,1,15,,72198,1,,,1,15,,72217,1,,,1,15,,72236,1,,,1,55,,72179,1,,,1,15,,72199,1,,,1,15,,72218,1,,,1,15,,72237,1,,,1,55,,72180,1,,,1,15,,72200,1,,,1,15,,72219,1,,,1,15,,72238,1,,,1,55,,72181,1,,,1,15,,72201,1,,,1,15,,72220,1,,,1,15,,72239,1,,,1,55,,72182,1,,,1,15,,72202,1,,,1,15,,72221,1,,,1,15,,72240,1,,,1,55,,72183,1,,,1,15,,72203,1,,,1,15,,72222,1,,,1,15,,72241,1,,,1,55,,72184,1,,,1,15,,72204,1,,,1,15,,72223,1,,,1,15,,72242,1,,,1,55,,72185,1,,,1,15,,72205,1,,,1,15,,72224,1,,,1,15,,72243,1,,,1,55,,72186,1,,,1,15,,72206,1,,,1,15,,72225,1,,,1,15,,72244,1,,,1,55,,72187,1,,,1,15,,72207,1,,,1,15,,72226,1,,,1,15,,72245,1,,,1,55,,72188,1,,,1,15,,72208,1,,,1,15,,72227,1,,,1,15,,72246,1,,,1,55,,72189,1,,,1,15,,72209,1,,,1,15,,72228,1,,,1,15,,72247,1,,,1,55,,72190,1,,,1,15,,72210,1,,,1,15,,72229,1,,,1,15,,72248,1,,,1,55,,72191,1,,,1,15,,72211,1,,,1,15,,72230,1,,,1,15,,72249,1,,,1,55,,72192,1,,,1,15,,72212,1,,,1,15,,72231,1,,,1,15,,72250,1,,,1,14,,72193,1,,,1,56,,72213,1,,,1,15,,72232,1,,,1,15,,72251,1,,,1,55,,72194,1,,,1
0,'20261101',600,,72252,1,,,1,15,,72272,1,,,1,15,,72291,1,,,1,15,,72310,1,,,1,55,,72253,1,,,1,15,,72273,1,,,1,15,,72292,1,,,1,15,,72311,1,,,1,55,,72254,1,,,1,15,,72274,1,,,1,15,,72293,1,,,1,15,,72312,1,,,1,55,,72255,1,,,1,15,,72275,1,,,1,15,,72294,1,,,1,15,,72313,1,,,1,55,,72256,1,,,1,15,,72276,1,,,1,15,,72295,1,,,1,15,,72314,1,,,1,55,,72257,1,,,1,15,,72277,1,,,1,15,,72296,1,,,1,15,,72315,1,,,1,55,,72258,1,,,1,15,,72278,1,,,1,15,,72297,1,,,1,15,,72316,1,,,1,55,,72259,1,,,1,15,,72279,1,,,1,15,,72298,1,,,1,15,,72317,1,,,1,55,,72260,1,,,1,15,,72280,1,,,1,15,,72299,1,,,1,15,,72318,1,,,1,55,,72261,1,,,1,15,,72281,1,,,1,15,,72300,1,,,1,15,,72319,1,,,1,55,,72262,1,,,1,15,,72282,1,,,1,15,,72301,1,,,1,15,,72320,1,,,1,55,,72263,1,,,1,15,,72283,1,,,1,15,,72302,1,,,1,15,,72321,1,,,1,55,,72264,1,,,1,15,,72284,1,,,1,15,,72303,1,,,1,15,,72322,1,,,1,55,,72265,1,,,1,15,,72285,1,,,1,15,,72304,1,,,1,15,,72323,1,,,1,55,,72266,1,,,1,15,,72286,1,,,1,15,,72305,1,,,1,15,,72324,1,,,1,55,,72267,1,,,1,15,,72287,1,,,1,15,,72306,1,,,1,15,,72325,1,,,1,55,,72268,1,,,1,15,,72288,1,,,1,15,,72307,1,,,1,15,,72326,1,,,1,55,,72269,1,,,1,15,,72289,1,,,1,15,,72308,1,,,1,15,,72327,1,,,1,14,,72270,1,,,1,56,,72290,1,,,1,15,,72309,1,,,1,15,,72328,1,,,1,55,,72271,1,,,1
0,'20261102',455,,72389,1,,,1,55,,72329,1,,,1,20,,72369,1,,,1,15,,72390,1,,,1,55,,72330,1,,,1,15,,72350,1,,,1,15,,72370,1,,,1,15,,72391,1,,,1,55,,72331,1,,,1,15,,72351,1,,,1,15,,72371,1,,,1,15,,72392,1,,,1,55,,72332,1,,,1,15,,72352,1,,,1,15,,72372,1,,,1,15,,72393,1,,,1,55,,72333,1,,,1,15,,72353,1,,,1,15,,72373,1,,,1,15,,72394,1,,,1,55,,72334,1,,,1,15,,72354,1,,,1,15,,72374,1,,,1,15,,72395,1,,,1,55,,72335,1,,,1,15,,72355,1,,,1,15,,72375,1,,,1,15,,72396,1,,,1,55,,72336,1,,,1,15,,72356,1,,,1,15,,72376,1,,,1,15,,72397,1,,,1,55,,72337,1,,,1,15,,72357,1,,,1,15,,72377,1,,,1,15,,72398,1,,,1,55,,72338,1,,,1,15,,72358,1,,,1,15,,72378,1,,,1,15,,72399,1,,,1,55,,72339,1,,,1,15,,72359,1,,,1,15,,72379,1,,,1,15,,72400,1,,,1,55,,72340,1,,,1,15,,72360,1,,,1,15,,72380,1,,,1,15,,72401,1,,,1,55,,72341,1,,,1,15,,72361,1,,,1,15,,72381,1,,,1,15,,72402,1,,,1,55,,72342,1,,,1,15,,72362,1,,,1,15,,72382,1,,,1,15,,72403,1,,,1,55,,72343,1,,,1,15,,72363,1,,,1,15,,72383,1,,,1,15,,72404,1,,,1,55,,72344,1,,,1,15,,72364,1,,,1,15,,72384,1,,,1,15,,72405,1,,,1,55,,72345,1,,,1,15,,72365,1,,,1,15,,72385,1,,,1,15,,72406,1,,,1,55,,72346,1,,,1,15,,72366,1,,,1,15,,72386,1,,,1,15,,72407,1,,,1,55,,72347,1,,,1,15,,72367,1,,,1,15,,72387,1,,,1,15,,72408,1,,,1,14,,72348,1,,,1,56,,72368,1,,,1,15,,72388,1,,,1,15,,72409,1,,,1,55,,72349,1,,,1
0,'20261103',455,,72470,1,,,1,55,,72410,1,,,1,20,,72450,1,,,1,15,,72471,1,,,1,55,,72411,1,,,1,15,,72431,1,,,1,15,,72451,1,,,1,15,,72472,1,,,1,55,,72412,1,,,1,15,,72432,1,,,1,15,,72452,1,,,1,15,,72473,1,,,1,55,,72413,1,,,1,15,,72433,1,,,1,15,,72453,1,,,1,15,,72474,1,,,1,55,,72414,1,,,1,15,,72434,1,,,1,15,,72454,1,,,1,15,,72475,1,,,1,55,,72415,1,,,1,15,,72435,1,,,1,15,,72455,1,,,1,15,,72476,1,,,1,55,,72416,1,,,1,15,,72436,1,,,1,15,,72456,1,,,1,15,,72477,1,,,1,55,,72417,1,,,1,15,,72437,1,,,1,15,,72457,1,,,1,15,,72478,1,,,1,55,,72418,1,,,1,15,,72438,1,,,1,15,,72458,1,,,1,15,,72479,1,,,1,55,,72419,1,,,1,15,,72439,1,,,1,15,,72459,1,,,1,15,,72480,1,,,1,55,,72420,1,,,1,15,,72440,1,,,1,15,,72460,1,,,1,15,,72481,1,,,1,55,,72421,1,,,1,15,,72441,1,,,1,15,,72461,1,,,1,15,,72482,1,,,1,55,,72422,1,,,1,15,,72442,1,,,1,15,,72462,1,,,1,15,,72483,1,,,1,55,,72423,1,,,1,15,,72443,1,,,1,15,,72463,1,,,1,15,,72484,1,,,1,55,,72424,1,,,1,15,,72444,1,,,1,15,,72464,1,,,1,15,,72485,1,,,1,55,,72425,1,,,1,15,,72445,1,,,1,15,,72465,1,,,1,15,,72486,1,,,1,55,,72426,1,,,1,15,,72446,1,,,1,15,,72466,1,,,1,15,,72487,1,,,1,55,,72427,1,,,1,15,,72447,1,,,1,15,,72467,1,,,1,15,,72488,1,,,1,55,,72428,1,,,1,15,,72448,1,,,1,15,,72468,1,,,1,15,,72489,1,,,1,14,,72429,1,,,1,56,,72449,1,,,1,15,,72469,1,,,1,15,,72490,1,,,1,55,,72430,1,,,1
0,'20261104',455,,72551,1,,,1,55,,72491,1,,,1,20,,72531,1,,,1,15,,72552,1,,,1,55,,72492,1,,,1,15,,72512,1,,,1,15,,72532,1,,,1,15,,72553,1,,,1,55,,72493,1,,,1,15,,72513,1,,,1,15,,72533,1,,,1,15,,72554,1,,,1,55,,72494,1,,,1,15,,72514,1,,,1,15,,72534,1,,,1,15,,72555,1,,,1,55,,72495,1,,,1,15,,72515,1,,,1,15,,72535,1,,,1,15,,72556,1,,,1,55,,72496,1,,,1,15,,72516,1,,,1,15,,72536,1,,,1,15,,72557,1,,,1,55,,72497,1,,,1,15,,72517,1,,,1,15,,72537,1,,,1,15,,72558,1,,,1,55,,72498,1,,,1,15,,72518,1,,,1,15,,72538,1,,,1,15,,72559,1,,,1,55,,72499,1,,,1,15,,72519,1,,,1,15,,72539,1,,,1,15,,72560,1,,,1,55,,72500,1,,,1,15,,72520,1,,,1,15,,72540,1,,,1,15,,72561,1,,,1,55,,72501,1,,,1,15,,72521,1,,,1,15,,72541,1,,,1,15,,72562,1,,,1,55,,72502,1,,,1,15,,72522,1,,,1,15,,72542,1,,,1,15,,72563,1,,,1,55,,72503,1,,,1,15,,72523,1,,,1,15,,72543,1,,,1,15,,72564,1,,,1,55,,72504,1,,,1,15,,72524,1,,,1,15,,72544,1,,,1,15,,72565,1,,,1,55,,72505,1,,,1,15,,72525,1,,,1,15,,72545,1,,,1,15,,72566,1,,,1,55,,72506,1,,,1,15,,72526,1,,,1,15,,72546,1,,,1,15,,72567,1,,,1,55,,72507,1,,,1,15,,72527,1,,,1,15,,72547,1,,,1,15,,72568,1,,,1,55,,72508,1,,,1,15,,72528,1,,,1,15,,72548,1,,,1,15,,72569,1,,,1,55,,72509,1,,,1,15,,72529,1,,,1,15,,72549,1,,,1,15,,72570,1,,,1,14,,72510,1,,,1,56,,72530,1,,,1,15,,72550,1,,,1,15,,72571,1,,,1,55,,72511,1,,,1
0,'20261105',455,,72632,1,,,1,55,,72572,1,,,1,20,,72612,1,,,1,15,,72633,1,,,1,55,,72573,1,,,1,15,,72593,1,,,1,15,,72613,1,,,1,15,,72634,1,,,1,55,,72574,1,,,1,15,,72594,1,,,1,15,,72614,1,,,1,15,,72635,1,,,1,55,,72575,1,,,1,15,,72595,1,,,1,15,,72615,1,,,1,15,,72636,1,,,1,55,,72576,1,,,1,15,,72596,1,,,1,15,,72616,1,,,1,15,,72637,1,,,1,55,,72577,1,,,1,15,,72597,1,,,1,15,,72617,1,,,1,15,,72638,1,,,1,55,,72578,1,,,1,15,,72598,1,,,1,15,,72618,1,,,1,15,,72639,1,,,1,55,,72579,1,,,1,15,,72599,1,,,1,15,,72619,1,,,1,15,,72640,1,,,1,55,,72580,1,,,1,15,,72600,1,,,1,15,,72620,1,,,1,15,,72641,1,,,1,55,,72581,1,,,1,15,,72601,1,,,1,15,,72621,1,,,1,15,,72642,1,,,1,55,,72582,1,,,1,15,,72602,1,,,1,15,,72622,1,,,1,15,,72643,1,,,1,55,,72583,1,,,1,15,,72603,1,,,1,15,,72623,1,,,1,15,,72644,1,,,1,55,,72584,1,,,1,15,,72604,1,,,1,15,,72624,1,,,1,15,,72645,1,,,1,55,,72585,1,,,1,15,,72605,1,,,1,15,,72625,1,,,1,15,,72646,1,,,1,55,,72586,1,,,1,15,,72606,1,,,1,15,,72626,1,,,1,15,,72647,1,,,1,55,,72587,1,,,1,15,,72607,1,,,1,15,,72627,1,,,1,15,,72648,1,,,1,55,,72588,1,,,1,15,,72608,1,,,1,15,,72628,1,,,1,15,,72649,1,,,1,55,,72589,1,,,1,15,,72609,1,,,1,15,,72629,1,,,1,15,,72650,1,,,1,55,,72590,1,,,1,15,,72610,1,,,1,15,,72630,1,,,1,15,,72651,1,,,1,14,,72591,1,,,1,56,,72611,1,,,1,15,,72631,1,,,1,15,,72652,1,,,1,55,,72592,1,,,1
0,'20261106',455,,72713,1,,,1,55,,72653,1,,,1,20,,72693,1,,,1,15,,72714,1,,,1,55,,72654,1,,,1,15,,72674,1,,,1,15,,72694,1,,,1,15,,72715,1,,,1,55,,72655,1,,,1,15,,72675,1,,,1,15,,72695,1,,,1,15,,72716,1,,,1,55,,72656,1,,,1,15,,72676,1,,,1,15,,72696,1,,,1,15,,72717,1,,,1,55,,72657,1,,,1,15,,72677,1,,,1,15,,72697,1,,,1,15,,72718,1,,,1,55,,72658,1,,,1,15,,72678,1,,,1,15,,72698,1,,,1,15,,72719,1,,,1,55,,72659,1,,,1,15,,72679,1,,,1,15,,72699,1,,,1,15,,72720,1,,,1,55,,72660,1,,,1,15,,72680,1,,,1,15,,72700,1,,,1,15,,72721,1,,,1,55,,72661,1,,,1,15,,72681,1,,,1,15,,72701,1,,,1,15,,72722,1,,,1,55,,72662,1,,,1,15,,72682,1,,,1,15,,72702,1,,,1,15,,72723,1,,,1,55,,72663,1,,,1,15,,72683,1,,,1,15,,72703,1,,,1,15,,72724,1,,,1,55,,72664,1,,,1,15,,72684,1,,,1,15,,72704,1,,,1,15,,72725,1,,,1,55,,72665,1,,,1,15,,72685,1,,,1,15,,72705,1,,,1,15,,72726,1,,,1,55,,72666,1,,,1,15,,72686,1,,,1,15,,72706,1,,,1,15,,72727,1,,,1,55,,72667,1,,,1,15,,72687,1,,,1,15,,72707,1,,,1,15,,72728,1,,,1,55,,72668,1,,,1,15,,72688,1,,,1,15,,72708,1,,,1,15,,72729,1,,,1,55,,72669,1,,,1,15,,72689,1,,,1,15,,72709,1,,,1,15,,72730,1,,,1,55,,72670,1,,,1,15,,72690,1,,,1,15,,72710,1,,,1,15,,72731,1,,,1,55,,72671,1,,,1,15,,72691,1,,,1,15,,72711,1,,,1,15,,72732,1,,,1,14,,72672,1,,,1,56,,72692,1,,,1,15,,72712,1,,,1,15,,72733,1,,,1,55,,72673,1,,,1
0,'20261107',600,,72734,1,,,1,15,,72754,1,,,1,15,,72773,1,,,1,15,,72792,1,,,1,55,,72735,1,,,1,15,,72755,1,,,1,15,,72774,1,,,1,15,,72793,1,,,1,55,,72736,1,,,1,15,,72756,1,,,1,15,,72775,1,,,1,15,,72794,1,,,1,55,,72737,1,,,1,15,,72757,1,,,1,15,,72776,1,,,1,15,,72795,1,,,1,55,,72738,1,,,1,15,,72758,1,,,1,15,,72777,1,,,1,15,,72796,1,,,1,55,,72739,1,,,1,15,,72759,1,,,1,15,,72778,1,,,1,15,,72797,1,,,1,55,,72740,1,,,1,15,,72760,1,,,1,15,,72779,1,,,1,15,,72798,1,,,1,55,,72741,1,,,1,15,,72761,1,,,1,15,,72780,1,,,1,15,,72799,1,,,1,55,,72742,1,,,1,15,,72762,1,,,1,15,,72781,1,,,1,15,,72800,1,,,1,55,,72743,1,,,1,15,,72763,1,,,1,15,,72782,1,,,1,15,,72801,1,,,1,55,,72744,1,,,1,15,,72764,1,,,1,15,,72783,1,,,1,15,,72802,1,,,1,55,,72745,1,,,1,15,,72765,1,,,1,15,,72784,1,,,1,15,,72803,1,,,1,55,,72746,1,,,1,15,,72766,1,,,1,15,,72785,1,,,1,15,,72804,1,,,1,55,,72747,1,,,1,15,,72767,1,,,1,15,,72786,1,,,1,15,,72805,1,,,1,55,,72748,1,,,1,15,,72768,1,,,1,15,,72787,1,,,1,15,,72806,1,,,1,55,,72749,1,,,1,15,,72769,1,,,1,15,,72788,1,,,1,15,,72807,1,,,1,55,,72750,1,,,1,15,,72770,1,,,1,15,,72789,1,,,1,15,,72808,1,,,1,55,,72751,1,,,1,15,,72771,1,,,1,15,,72790,1,,,1,15,,72809,1,,,1,14,,72752,1,,,1,56,,72772,1,,,1,15,,72791,1,,,1,15,,72810,1,,,1,55,,72753,1,,,1
0,'20261108',600,,72811,1,,,1,15,,72831,1,,,1,15,,72850,1,,,1,15,,72869,1,,,1,55,,72812,1,,,1,15,,72832,1,,,1,15,,72851,1,,,1,15,,72870,1,,,1,55,,72813,1,,,1,15,,72833,1,,,1,15,,72852,1,,,1,15,,72871,1,,,1,55,,72814,1,,,1,15,,72834,1,,,1,15,,72853,1,,,1,15,,72872,1,,,1,55,,72815,1,,,1,15,,72835,1,,,1,15,,72854,1,,,1,15,,72873,1,,,1,55,,72816,1,,,1,15,,72836,1,,,1,15,,72855,1,,,1,15,,72874,1,,,1,55,,72817,1,,,1,15,,72837,1,,,1,15,,72856,1,,,1,15,,72875,1,,,1,55,,72818,1,,,1,15,,72838,1,,,1,15,,72857,1,,,1,15,,72876,1,,,1,55,,72819,1,,,1,15,,72839,1,,,1,15,,72858,1,,,1,15,,72877,1,,,1,55,,72820,1,,,1,15,,72840,1,,,1,15,,72859,1,,,1,15,,72878,1,,,1,55,,72821,1,,,1,15,,72841,1,,,1,15,,72860,1,,,1,15,,72879,1,,,1,55,,72822,1,,,1,15,,72842,1,,,1,15,,72861,1,,,1,15,,72880,1,,,1,55,,72823,1,,,1,15,,72843,1,,,1,15,,72862,1,,,1,15,,72881,1,,,1,55,,72824,1,,,1,15,,72844,1,,,1,15,,72863,1,,,1,15,,72882,1,,,1,55,,72825,1,,,1,15,,72845,1,,,1,15,,72864,1,,,1,15,,72883,1,,,1,55,,72826,1,,,1,15,,72846,1,,,1,15,,72865,1,,,1,15,,72884,1,,,1,55,,72827,1,,,1,15,,72847,1,,,1,15,,72866,1,,,1,15,,72885,1,,,1,55,,72828,1,,,1,15,,72848,1,,,1,15,,72867,1,,,1,15,,72886,1,,,1,14,,72829,1,,,1,56,,72849,1,,,1,15,,72868,1,,,1,15,,72887,1,,,1,55,,72830,1,,,1
0,'20261109',455,,72948,1,,,1,55,,72888,1,,,1,20,,72928,1,,,1,15,,72949,1,,,1,55,,72889,1,,,1,15,,72909,1,,,1,15,,72929,1,,,1,15,,72950,1,,,1,55,,72890,1,,,1,15,,72910,1,,,1,15,,72930,1,,,1,15,,72951,1,,,1,55,,72891,1,,,1,15,,72911,1,,,1,15,,72931,1,,,1,15,,72952,1,,,1,55,,72892,1,,,1,15,,72912,1,,,1,15,,72932,1,,,1,15,,72953,1,,,1,55,,72893,1,,,1,15,,72913,1,,,1,15,,72933,1,,,1,15,,72954,1,,,1,55,,72894,1,,,1,15,,72914,1,,,1,15,,72934,1,,,1,15,,72955,1,,,1,55,,72895,1,,,1,15,,72915,1,,,1,15,,72935,1,,,1,15,,72956,1,,,1,55,,72896,1,,,1,15,,72916,1,,,1,15,,72936,1,,,1,15,,72957,1,,,1,55,,72897,1,,,1,15,,72917,1,,,1,15,,72937,1,,,1,15,,72958,1,,,1,55,,72898,1,,,1,15,,72918,1,,,1,15,,72938,1,,,1,15,,72959,1,,,1,55,,72899,1,,,1,15,,72919,1,,,1,15,,72939,1,,,1,15,,72960,1,,,1,55,,72900,1,,,1,15,,72920,1,,,1,15,,72940,1,,,1,15,,72961,1,,,1,55,,72901,1,,,1,15,,72921,1,,,1,15,,72941,1,,,1,15,,72962,1,,,1,55,,72902,1,,,1,15,,72922,1,,,1,15,,72942,1,,,1,15,,72963,1,,,1,55,,72903,1,,,1,15,,72923,1,,,1,15,,72943,1,,,1,15,,72964,1,,,1,55,,72904,1,,,1,15,,72924,1,,,1,15,,72944,1,,,1,15,,72965,1,,,1,55,,72905,1,,,1,15,,72925,1,,,1,15,,72945,1,,,1,15,,72966,1,,,1,55,,72906,1,,,1,15,,72926,1,,,1,15,,72946,1,,,1,15,,72967,1,,,1,14,,72907,1,,,1,56,,72927,1,,,1,15,,72947,1,,,1,15,,72968,1,,,1,55,,72908,1,,,1
0,'20261110',455,,73029,1,,,1,55,,72969,1,,,1,20,,73009,1,,,1,15,,73030,1,,,1,55,,72970,1,,,1,15,,72990,1,,,1,15,,73010,1,,,1,15,,73031,1,,,1,55,,72971,1,,,1,15,,72991,1,,,1,15,,73011,1,,,1,15,,73032,1,,,1,55,,72972,1,,,1,15,,72992,1,,,1,15,,73012,1,,,1,15,,73033,1,,,1,55,,72973,1,,,1,15,,72993,1,,,1,15,,73013,1,,,1,15,,73034,1,,,1,55,,72974,1,,,1,15,,72994,1,,,1,15,,73014,1,,,1,15,,73035,1,,,1,55,,72975,1,,,1,15,,72995,1,,,1,15,,73015,1,,,1,15,,73036,1,,,1,55,,72976,1,,,1,15,,72996,1,,,1,15,,73016,1,,,1,15,,73037,1,,,1,55,,72977,1,,,1,15,,72997,1,,,1,15,,73017,1,,,1,15,,73038,1,,,1,55,,72978,1,,,1,15,,72998,1,,,1,15,,73018,1,,,1,15,,73039,1,,,1,55,,72979,1,,,1,15,,72999,1,,,1,15,,73019,1,,,1,15,,73040,1,,,1,55,,72980,1,,,1,15,,73000,1,,,1,15,,73020,1,,,1,15,,73041,1,,,1,55,,72981,1,,,1,15,,73001,1,,,1,15,,73021,1,,,1,15,,73042,1,,,1,55,,72982,1,,,1,15,,73002,1,,,1,15,,73022,1,,,1,15,,73043,1,,,1,55,,72983,1,,,1,15,,73003,1,,,1,15,,73023,1,,,1,15,,73044,1,,,1,55,,72984,1,,,1,15,,73004,1,,,1,15,,73024,1,,,1,15,,73045,1,,,1,55,,72985,1,,,1,15,,73005,1,,,1,15,,73025,1,,,1,15,,73046,1,,,1,55,,72986,1,,,1,15,,73006,1,,,1,15,,73026,1,,,1,15,,73047,1,,,1,55,,72987,1,,,1,15,,73007,1,,,1,15,,73027,1,,,1,15,,73048,1,,,1,14,,72988,1,,,1,56,,73008,1,,,1,15,,73028,1,,,1,15,,73049,1,,,1,55,,72989,1,,,1
0,'20261111',455,,73110,1,,,1,55,,73050,1,,,1,20,,73090,1,,,1,15,,73111,1,,,1,55,,73051,1,,,1,15,,73071,1,,,1,15,,73091,1,,,1,15,,73112,1,,,1,55,,73052,1,,,1,15,,73072,1,,,1,15,,73092,1,,,1,15,,73113,1,,,1,55,,73053,1,,,1,15,,73073,1,,,1,15,,73093,1,,,1,15,,73114,1,,,1,55,,73054,1,,,1,15,,73074,1,,,1,15,,73094,1,,,1,15,,73115,1,,,1,55,,73055,1,,,1,15,,73075,1,,,1,15,,73095,1,,,1,15,,73116,1,,,1,55,,73056,1,,,1,15,,73076,1,,,1,15,,73096,1,,,1,15,,73117,1,,,1,55,,73057,1,,,1,15,,73077,1,,,1,15,,73097,1,,,1,15,,73118,1,,,1,55,,73058,1,,,1,15,,73078,1,,,1,15,,73098,1,,,1,15,,73119,1,,,1,55,,73059,1,,,1,15,,73079,1,,,1,15,,73099,1,,,1,15,,73120,1,,,1,55,,73060,1,,,1,15,,73080,1,,,1,15,,73100,1,,,1,15,,73121,1,,,1,55,,73061,1,,,1,15,,73081,1,,,1,15,,73101,1,,,1,15,,73122,1,,,1,55,,73062,1,,,1,15,,73082,1,,,1,15,,73102,1,,,1,15,,73123,1,,,1,55,,73063,1,,,1,15,,73083,1,,,1,15,,73103,1,,,1,15,,73124,1,,,1,55,,73064,1,,,1,15,,73084,1,,,1,15,,73104,1,,,1,15,,73125,1,,,1,55,,73065,1,,,1,15,,73085,1,,,1,15,,73105,1,,,1,15,,73126,1,,,1,55,,73066,1,,,1,15,,73086,1,,,1,15,,73106,1,,,1,15,,73127,1,,,1,55,,73067,1,,,1,15,,73087,1,,,1,15,,73107,1,,,1,15,,73128,1,,,1,55,,73068,1,,,1,15,,73088,1,,,1,15,,73108,1,,,1,15,,73129,1,,,1,14,,73069,1,,,1,56,,73089,1,,,1,15,,73109,1,,,1,15,,73130,1,,,1,55,,73070,1,,,1
0,'20261112',455,,73191,1,,,1,55,,73131,1,,,1,20,,73171,1,,,1,15,,73192,1,,,1,55,,73132,1,,,1,15,,73152,1,,,1,15,,73172,1,,,1,15,,73193,1,,,1,55,,73133,1,,,1,15,,73153,1,,,1,15,,73173,1,,,1,15,,73194,1,,,1,55,,73134,1,,,1,15,,73154,1,,,1,15,,73174,1,,,1,15,,73195,1,,,1,55,,73135,1,,,1,15,,73155,1,,,1,15,,73175,1,,,1,15,,73196,1,,,1,55,,73136,1,,,1,15,,73156,1,,,1,15,,73176,1,,,1,15,,73197,1,,,1,55,,73137,1,,,1,15,,73157,1,,,1,15,,73177,1,,,1,15,,73198,1,,,1,55,,73138,1,,,1,15,,73158,1,,,1,15,,73178,1,,,1,15,,73199,1,,,1,55,,73139,1,,,1,15,,73159,1,,,1,15,,73179,1,,,1,15,,73200,1,,,1,55,,73140,1,,,1,15,,73160,1,,,1,15,,73180,1,,,1,15,,73201,1,,,1,55,,73141,1,,,1,15,,73161,1,,,1,15,,73181,1,,,1,15,,73202,1,,,1,55,,73142,1,,,1,15,,73162,1,,,1,15,,73182,1,,,1,15,,73203,1,,,1,55,,73143,1,,,1,15,,73163,1,,,1,15,,73183,1,,,1,15,,73204,1,,,1,55,,73144,1,,,1,15,,73164,1,,,1,15,,73184,1,,,1,15,,73205,1,,,1,55,,73145,1,,,1,15,,73165,1,,,1,15,,73185,1,,,1,15,,73206,1,,,1,55,,73146,1,,,1,15,,73166,1,,,1,15,,73186,1,,,1,15,,73207,1,,,1,55,,73147,1,,,1,15,,73167,1,,,1,15,,73187,1,,,1,15,,73208,1,,,1,55,,73148,1,,,1,15,,73168,1,,,1,15,,73188,1,,,1,15,,73209,1,,,1,55,,73149,1,,,1,15,,73169,1,,,1,15,,73189,1,,,1,15,,73210,1,,,1,14,,73150,1,,,1,56,,73170,1,,,1,15,,73190,1,,,1,15,,73211,1,,,1,55,,73151,1,,,1
0,'20261113',455,,73272,1,,,1,55,,73212,1,,,1,20,,73252,1,,,1,15,,73273,1,,,1,55,,73213,1,,,1,15,,73233,1,,,1,15,,73253,1,,,1,15,,73274,1,,,1,55,,73214,1,,,1,15,,73234,1,,,1,15,,73254,1,,,1,15,,73275,1,,,1,55,,73215,1,,,1,15,,73235,1,,,1,15,,73255,1,,,1,15,,73276,1,,,1,55,,73216,1,,,1,15,,73236,1,,,1,15,,73256,1,,,1,15,,73277,1,,,1,55,,73217,1,,,1,15,,73237,1,,,1,15,,73257,1,,,1,15,,73278,1,,,1,55,,73218,1,,,1,15,,73238,1,,,1,15,,73258,1,,,1,15,,73279,1,,,1,55,,73219,1,,,1,15,,73239,1,,,1,15,,73259,1,,,1,15,,73280,1,,,1,55,,73220,1,,,1,15,,73240,1,,,1,15,,73260,1,,,1,15,,73281,1,,,1,55,,73221,1,,,1,15,,73241,1,,,1,15,,73261,1,,,1,15,,73282,1,,,1,55,,73222,1,,,1,15,,73242,1,,,1,15,,73262,1,,,1,15,,73283,1,,,1,55,,73223,1,,,1,15,,73243,1,,,1,15,,73263,1,,,1,15,,73284,1,,,1,55,,73224,1,,,1,15,,73244,1,,,1,15,,73264,1,,,1,15,,73285,1,,,1,55,,73225,1,,,1,15,,73245,1,,,1,15,,73265,1,,,1,15,,73286,1,,,1,55,,73226,1,,,1,15,,73246,1,,,1,15,,73266,1,,,1,15,,73287,1,,,1,55,,73227,1,,,1,15,,73247,1,,,1,15,,73267,1,,,1,15,,73288,1,,,1,55,,73228,1,,,1,15,,73248,1,,,1,15,,73268,1,,,1,15,,73289,1,,,1,55,,73229,1,,,1,15,,73249,1,,,1,15,,73269,1,,,1,15,,73290,1,,,1,55,,73230,1,,,1,15,,73250,1,,,1,15,,73270,1,,,1,15,,73291,1,,,1,14,,73231,1,,,1,56,,73251,1,,,1,15,,73271,1,,,1,15,,73292,1,,,1,55,,73232,1,,,1
0,'20261114',600,,73293,1,,,1,15,,73313,1,,,1,15,,73332,1,,,1,15,,73351,1,,,1,55,,73294,1,,,1,15,,73314,1,,,1,15,,73333,1,,,1,15,,73352,1,,,1,55,,73295,1,,,1,15,,73315,1,,,1,15,,73334,1,,,1,15,,73353,1,,,1,55,,73296,1,,,1,15,,73316,1,,,1,15,,73335,1,,,1,15,,73354,1,,,1,55,,73297,1,,,1,15,,73317,1,,,1,15,,73336,1,,,1,15,,73355,1,,,1,55,,73298,1,,,1,15,,73318,1,,,1,15,,73337,1,,,1,15,,73356,1,,,1,55,,73299,1,,,1,15,,73319,1,,,1,15,,73338,1,,,1,15,,73357,1,,,1,55,,73300,1,,,1,15,,73320,1,,,1,15,,73339,1,,,1,15,,73358,1,,,1,55,,73301,1,,,1,15,,73321,1,,,1,15,,73340,1,,,1,15,,73359,1,,,1,55,,73302,1,,,1,15,,73322,1,,,1,15,,73341,1,,,1,15,,73360,1,,,1,55,,73303,1,,,1,15,,73323,1,,,1,15,,73342,1,,,1,15,,73361,1,,,1,55,,73304,1,,,1,15,,73324,1,,,1,15,,73343,1,,,1,15,,73362,1,,,1,55,,73305,1,,,1,15,,73325,1,,,1,15,,73344,1,,,1,15,,73363,1,,,1,55,,73306,1,,,1,15,,73326,1,,,1,15,,73345,1,,,1,15,,73364,1,,,1,55,,73307,1,,,1,15,,73327,1,,,1,15,,73346,1,,,1,15,,73365,1,,,1,55,,73308,1,,,1,15,,73328,1,,,1,15,,73347,1,,,1,15,,73366,1,,,1,55,,73309,1,,,1,15,,73329,1,,,1,15,,73348,1,,,1,15,,73367,1,,,1,55,,73310,1,,,1,15,,73330,1,,,1,15,,73349,1,,,1,15,,73368,1,,,1,14,,73311,1,,,1,56,,73331,1,,,1,15,,73350,1,,,1,15,,73369,1,,,1,55,,73312,1,,,1
0,'20261115',600,,73370,1,,,1,15,,73390,1,,,1,15,,73409,1,,,1,15,,73428,1,,,1,55,,73371,1,,,1,15,,73391,1,,,1,15,,73410,1,,,1,15,,73429,1,,,1,55,,73372,1,,,1,15,,73392,1,,,1,15,,73411,1,,,1,15,,73430,1,,,1,55,,73373,1,,,1,15,,73393,1,,,1,15,,73412,1,,,1,15,,73431,1,,,1,55,,73374,1,,,1,15,,73394,1,,,1,15,,73413,1,,,1,15,,73432,1,,,1,55,,73375,1,,,1,15,,73395,1,,,1,15,,73414,1,,,1,15,,73433,1,,,1,55,,73376,1,,,1,15,,73396,1,,,1,15,,73415,1,,,1,15,,73434,1,,,1,55,,73377,1,,,1,15,,73397,1,,,1,15,,73416,1,,,1,15,,73435,1,,,1,55,,73378,1,,,1,15,,73398,1,,,1,15,,73417,1,,,1,15,,73436,1,,,1,55,,73379,1,,,1,15,,73399,1,,,1,15,,73418,1,,,1,15,,73437,1,,,1,55,,73380,1,,,1,15,,73400,1,,,1,15,,73419,1,,,1,15,,73438,1,,,1,55,,73381,1,,,1,15,,73401,1,,,1,15,,73420,1,,,1,15,,73439,1,,,1,55,,73382,1,,,1,15,,73402,1,,,1,15,,73421,1,,,1,15,,73440,1,,,1,55,,73383,1,,,1,15,,73403,1,,,1,15,,73422,1,,,1,15,,73441,1,,,1,55,,73384,1,,,1,15,,73404,1,,,1,15,,73423,1,,,1,15,,73442,1,,,1,55,,73385,1,,,1,15,,73405,1,,,1,15,,73424,1,,,1,15,,73443,1,,,1,55,,73386,1,,,1,15,,73406,1,,,1,15,,73425,1,,,1,15,,73444,1,,,1,55,,73387,1,,,1,15,,73407,1,,,1,15,,73426,1,,,1,15,,73445,1,,,1,14,,73388,1,,,1,56,,73408,1,,,1,15,,73427,1,,,1,15,,73446,1,,,1,55,,73389,1,,,1
0,'20261116',455,,73507,1,,,1,55,,73447,1,,,1,20,,73487,1,,,1,15,,73508,1,,,1,55,,73448,1,,,1,15,,73468,1,,,1,15,,73488,1,,,1,15,,73509,1,,,1,55,,73449,1,,,1,15,,73469,1,,,1,15,,73489,1,,,1,15,,73510,1,,,1,55,,73450,1,,,1,15,,73470,1,,,1,15,,73490,1,,,1,15,,73511,1,,,1,55,,73451,1,,,1,15,,73471,1,,,1,15,,73491,1,,,1,15,,73512,1,,,1,55,,73452,1,,,1,15,,73472,1,,,1,15,,73492,1,,,1,15,,73513,1,,,1,55,,73453,1,,,1,15,,73473,1,,,1,15,,73493,1,,,1,15,,73514,1,,,1,55,,73454,1,,,1,15,,73474,1,,,1,15,,73494,1,,,1,15,,73515,1,,,1,55,,73455,1,,,1,15,,73475,1,,,1,15,,73495,1,,,1,15,,73516,1,,,1,55,,73456,1,,,1,15,,73476,1,,,1,15,,73496,1,,,1,15,,73517,1,,,1,55,,73457,1,,,1,15,,73477,1,,,1,15,,73497,1,,,1,15,,73518,1,,,1,55,,73458,1,,,1,15,,73478,1,,,1,15,,73498,1,,,1,15,,73519,1,,,1,55,,73459,1,,,1,15,,73479,1,,,1,15,,73499,1,,,1,15,,73520,1,,,1,55,,73460,1,,,1,15,,73480,1,,,1,15,,73500,1,,,1,15,,73521,1,,,1,55,,73461,1,,,1,15,,73481,1,,,1,15,,73501,1,,,1,15,,73522,1,,,1,55,,73462,1,,,1,15,,73482,1,,,1,15,,73502,1,,,1,15,,73523,1,,,1,55,,73463,1,,,1,15,,73483,1,,,1,15,,73503,1,,,1,15,,73524,1,,,1,55,,73464,1,,,1,15,,73484,1,,,1,15,,73504,1,,,1,15,,73525,1,,,1,55,,73465,1,,,1,15,,73485,1,,,1,15,,73505,1,,,1,15,,73526,1,,,1,14,,73466,1,,,1,56,,73486,1,,,1,15,,73506,1,,,1,15,,73527,1,,,1,55,,73467,1,,,1
0,'20261117',455,,73588,1,,,1,55,,73528,1,,,1,20,,73568,1,,,1,15,,73589,1,,,1,55,,73529,1,,,1,15,,73549,1,,,1,15,,73569,1,,,1,15,,73590,1,,,1,55,,73530,1,,,1,15,,73550,1,,,1,15,,73570,1,,,1,15,,73591,1,,,1,55,,73531,1,,,1,15,,73551,1,,,1,15,,73571,1,,,1,15,,73592,1,,,1,55,,73532,1,,,1,15,,73552,1,,,1,15,,73572,1,,,1,15,,73593,1,,,1,55,,73533,1,,,1,15,,73553,1,,,1,15,,73573,1,,,1,15,,73594,1,,,1,55,,73534,1,,,1,15,,73554,1,,,1,15,,73574,1,,,1,15,,73595,1,,,1,55,,73535,1,,,1,15,,73555,1,,,1,15,,73575,1,,,1,15,,73596,1,,,1,55,,73536,1,,,1,15,,73556,1,,,1,15,,73576,1,,,1,15,,73597,1,,,1,55,,73537,1,,,1,15,,73557,1,,,1,15,,73577,1,,,1,15,,73598,1,,,1,55,,73538,1,,,1,15,,73558,1,,,1,15,,73578,1,,,1,15,,73599,1,,,1,55,,73539,1,,,1,15,,73559,1,,,1,15,,73579,1,,,1,15,,73600,1,,,1,55,,73540,1,,,1,15,,73560,1,,,1,15,,73580,1,,,1,15,,73601,1,,,1,55,,73541,1,,,1,15,,73561,1,,,1,15,,73581,1,,,1,15,,73602,1,,,1,55,,73542,1,,,1,15,,73562,1,,,1,15,,73582,1,,,1,15,,73603,1,,,1,55,,73543,1,,,1,15,,73563,1,,,1,15,,73583,1,,,1,15,,73604,1,,,1,55,,73544,1,,,1,15,,73564,1,,,1,15,,73584,1,,,1,15,,73605,1,,,1,55,,73545,1,,,1,15,,73565,1,,,1,15,,73585,1,,,1,15,,73606,1,,,1,55,,73546,1,,,1,15,,73566,1,,,1,15,,73586,1,,,1,15,,73607,1,,,1,14,,73547,1,,,1,56,,73567,1,,,1,15,,73587,1,,,1,15,,73608,1,,,1,55,,73548,1,,,1
0,'20261118',455,,73669,1,,,1,55,,73609,1,,,1,20,,73649,1,,,1,15,,73670,1,,,1,55,,73610,1,,,1,15,,73630,1,,,1,15,,73650,1,,,1,15,,73671,1,,,1,55,,73611,1,,,1,15,,73631,1,,,1,15,,73651,1,,,1,15,,73672,1,,,1,55,,73612,1,,,1,15,,73632,1,,,1,15,,73652,1,,,1,15,,73673,1,,,1,55,,73613,1,,,1,15,,73633,1,,,1,15,,73653,1,,,1,15,,73674,1,,,1,55,,73614,1,,,1,15,,73634,1,,,1,15,,73654,1,,,1,15,,73675,1,,,1,55,,73615,1,,,1,15,,73635,1,,,1,15,,73655,1,,,1,15,,73676,1,,,1,55,,73616,1,,,1,15,,73636,1,,,1,15,,73656,1,,,1,15,,73677,1,,,1,55,,73617,1,,,1,15,,73637,1,,,1,15,,73657,1,,,1,15,,73678,1,,,1,55,,73618,1,,,1,15,,73638,1,,,1,15,,73658,1,,,1,15,,73679,1,,,1,55,,73619,1,,,1,15,,73639,1,,,1,15,,73659,1,,,1,15,,73680,1,,,1,55,,73620,1,,,1,15,,73640,1,,,1,15,,73660,1,,,1,15,,73681,1,,,1,55,,73621,1,,,1,15,,73641,1,,,1,15,,73661,1,,,1,15,,73682,1,,,1,55,,73622,1,,,1,15,,73642,1,,,1,15,,73662,1,,,1,15,,73683,1,,,1,55,,73623,1,,,1,15,,73643,1,,,1,15,,73663,1,,,1,15,,73684,1,,,1,55,,73624,1,,,1,15,,73644,1,,,1,15,,73664,1,,,1,15,,73685,1,,,1,55,,73625,1,,,1,15,,73645,1,,,1,15,,73665,1,,,1,15,,73686,1,,,1,55,,73626,1,,,1,15,,73646,1,,,1,15,,73666,1,,,1,15,,73687,1,,,1,55,,73627,1,,,1,15,,73647,1,,,1,15,,73667,1,,,1,15,,73688,1,,,1,14,,73628,1,,,1,56,,73648,1,,,1,15,,73668,1,,,1,15,,73689,1,,,1,55,,73629,1,,,1
0,'20261119',455,,73750,1,,,1,55,,73690,1,,,1,20,,73730,1,,,1,15,,73751,1,,,1,55,,73691,1,,,1,15,,73711,1,,,1,15,,73731,1,,,1,15,,73752,1,,,1,55,,73692,1,,,1,15,,73712,1,,,1,15,,73732,1,,,1,15,,73753,1,,,1,55,,73693,1,,,1,15,,73713,1,,,1,15,,73733,1,,,1,15,,73754,1,,,1,55,,73694,1,,,1,15,,73714,1,,,1,15,,73734,1,,,1,15,,73755,1,,,1,55,,73695,1,,,1,15,,73715,1,,,1,15,,73735,1,,,1,15,,73756,1,,,1,55,,73696,1,,,1,15,,73716,1,,,1,15,,73736,1,,,1,15,,73757,1,,,1,55,,73697,1,,,1,15,,73717,1,,,1,15,,73737,1,,,1,15,,73758,1,,,1,55,,73698,1,,,1,15,,73718,1,,,1,15,,73738,1,,,1,15,,73759,1,,,1,55,,73699,1,,,1,15,,73719,1,,,1,15,,73739,1,,,1,15,,73760,1,,,1,55,,73700,1,,,1,15,,73720,1,,,1,15,,73740,1,,,1,15,,73761,1,,,1,55,,73701,1,,,1,15,,73721,1,,,1,15,,73741,1,,,1,15,,73762,1,,,1,55,,73702,1,,,1,15,,73722,1,,,1,15,,73742,1,,,1,15,,73763,1,,,1,55,,73703,1,,,1,15,,73723,1,,,1,15,,73743,1,,,1,15,,73764,1,,,1,55,,73704,1,,,1,15,,73724,1,,,1,15,,73744,1,,,1,15,,73765,1,,,1,55,,73705,1,,,1,15,,73725,1,,,1,15,,73745,1,,,1,15,,73766,1,,,1,55,,73706,1,,,1,15,,73726,1,,,1,15,,73746,1,,,1,15,,73767,1,,,1,55,,73707,1,,,1,15,,73727,1,,,1,15,,73747,1,,,1,15,,73768,1,,,1,55,,73708,1,,,1,15,,73728,1,,,1,15,,73748,1,,,1,15,,73769,1,,,1,14,,73709,1,,,1,56,,73729,1,,,1,15,,73749,1,,,1,15,,73770,1,,,1,55,,73710,1,,,1
0,'20261120',455,,73831,1,,,1,55,,73771,1,,,1,20,,73811,1,,,1,15,,73832,1,,,1,55,,73772,1,,,1,15,,73792,1,,,1,15,,73812,1,,,1,15,,73833,1,,,1,55,,73773,1,,,1,15,,73793,1,,,1,15,,73813,1,,,1,15,,73834,1,,,1,55,,73774,1,,,1,15,,73794,1,,,1,15,,73814,1,,,1,15,,73835,1,,,1,55,,73775,1,,,1,15,,73795,1,,,1,15,,73815,1,,,1,15,,73836,1,,,1,55,,73776,1,,,1,15,,73796,1,,,1,15,,73816,1,,,1,15,,73837,1,,,1,55,,73777,1,,,1,15,,73797,1,,,1,15,,73817,1,,,1,15,,73838,1,,,1,55,,73778,1,,,1,15,,73798,1,,,1,15,,73818,1,,,1,15,,73839,1,,,1,55,,73779,1,,,1,15,,73799,1,,,1,15,,73819,1,,,1,15,,73840,1,,,1,55,,73780,1,,,1,15,,73800,1,,,1,15,,73820,1,,,1,15,,73841,1,,,1,55,,73781,1,,,1,15,,73801,1,,,1,15,,73821,1,,,1,15,,73842,1,,,1,55,,73782,1,,,1,15,,73802,1,,,1,15,,73822,1,,,1,15,,73843,1,,,1,55,,73783,1,,,1,15,,73803,1,,,1,15,,73823,1,,,1,15,,73844,1,,,1,55,,73784,1,,,1,15,,73804,1,,,1,15,,73824,1,,,1,15,,73845,1,,,1,55,,73785,1,,,1,15,,73805,1,,,1,15,,73825,1,,,1,15,,73846,1,,,1,55,,73786,1,,,1,15,,73806,1,,,1,15,,73826,1,,,1,15,,73847,1,,,1,55,,73787,1,,,1,15,,73807,1,,,1,15,,73827,1,,,1,15,,73848,1,,,1,55,,73788,1,,,1,15,,73808,1,,,1,15,,73828,1,,,1,15,,73849,1,,,1,55,,73789,1,,,1,15,,73809,1,,,1,15,,73829,1,,,1,15,,73850,1,,,1,14,,73790,1,,,1,56,,73810,1,,,1,15,,73830,1,,,1,15,,73851,1,,,1,55,,73791,1,,,1
0,'20261121',600,,73852,1,,,1,15,,73872,1,,,1,15,,73891,1,,,1,15,,73910,1,,,1,55,,73853,1,,,1,15,,73873,1,,,1,15,,73892,1,,,1,15,,73911,1,,,1,55,,73854,1,,,1,15,,73874,1,,,1,15,,73893,1,,,1,15,,73912,1,,,1,55,,73855,1,,,1,15,,73875,1,,,1,15,,73894,1,,,1,15,,73913,1,,,1,55,,73856,1,,,1,15,,73876,1,,,1,15,,73895,1,,,1,15,,73914,1,,,1,55,,73857,1,,,1,15,,73877,1,,,1,15,,73896,1,,,1,15,,73915,1,,,1,55,,73858,1,,,1,15,,73878,1,,,1,15,,73897,1,,,1,15,,73916,1,,,1,55,,73859,1,,,1,15,,73879,1,,,1,15,,73898,1,,,1,15,,73917,1,,,1,55,,73860,1,,,1,15,,73880,1,,,1,15,,73899,1,,,1,15,,73918,1,,,1,55,,73861,1,,,1,15,,73881,1,,,1,15,,73900,1,,,1,15,,73919,1,,,1,55,,73862,1,,,1,15,,73882,1,,,1,15,,73901,1,,,1,15,,73920,1,,,1,55,,73863,1,,,1,15,,73883,1,,,1,15,,73902,1,,,1,15,,73921,1,,,1,55,,73864,1,,,1,15,,73884,1,,,1,15,,73903,1,,,1,15,,73922,1,,,1,55,,73865,1,,,1,15,,73885,1,,,1,15,,73904,1,,,1,15,,73923,1,,,1,55,,73866,1,,,1,15,,73886,1,,,1,15,,73905,1,,,1,15,,73924,1,,,1,55,,73867,1,,,1,15,,73887,1,,,1,15,,73906,1,,,1,15,,73925,1,,,1,55,,73868,1,,,1,15,,73888,1,,,1,15,,73907,1,,,1,15,,73926,1,,,1,55,,73869,1,,,1,15,,73889,1,,,1,15,,73908,1,,,1,15,,73927,1,,,1,14,,73870,1,,,1,56,,73890,1,,,1,15,,73909,1,,,1,15,,73928,1,,,1,55,,73871,1,,,1
0,'20261122',600,,73929,1,,,1,15,,73949,1,,,1,15,,73968,1,,,1,15,,73987,1,,,1,55,,73930,1,,,1,15,,73950,1,,,1,15,,73969,1,,,1,15,,73988,1,,,1,55,,73931,1,,,1,15,,73951,1,,,1,15,,73970,1,,,1,15,,73989,1,,,1,55,,73932,1,,,1,15,,73952,1,,,1,15,,73971,1,,,1,15,,73990,1,,,1,55,,73933,1,,,1,15,,73953,1,,,1,15,,73972,1,,,1,15,,73991,1,,,1,55,,73934,1,,,1,15,,73954,1,,,1,15,,73973,1,,,1,15,,73992,1,,,1,55,,73935,1,,,1,15,,73955,1,,,1,15,,73974,1,,,1,15,,73993,1,,,1,55,,73936,1,,,1,15,,73956,1,,,1,15,,73975,1,,,1,15,,73994,1,,,1,55,,73937,1,,,1,15,,73957,1,,,1,15,,73976,1,,,1,15,,73995,1,,,1,55,,73938,1,,,1,15,,73958,1,,,1,15,,73977,1,,,1,15,,73996,1,,,1,55,,73939,1,,,1,15,,73959,1,,,1,15,,73978,1,,,1,15,,73997,1,,,1,55,,73940,1,,,1,15,,73960,1,,,1,15,,73979,1,,,1,15,,73998,1,,,1,55,,73941,1,,,1,15,,73961,1,,,1,15,,73980,1,,,1,15,,73999,1,,,1,55,,73942,1,,,1,15,,73962,1,,,1,15,,73981,1,,,1,15,,74000,1,,,1,55,,73943,1,,,1,15,,73963,1,,,1,15,,73982,1,,,1,15,,74001,1,,,1,55,,73944,1,,,1,15,,73964,1,,,1,15,,73983,1,,,1,15,,74002,1,,,1,55,,73945,1,,,1,15,,73965,1,,,1,15,,73984,1,,,1,15,,74003,1,,,1,55,,73946,1,,,1,15,,73966,1,,,1,15,,73985,1,,,1,15,,74004,1,,,1,14,,73947,1,,,1,56,,73967,1,,,1,15,,73986,1,,,1,15,,74005,1,,,1,55,,73948,1,,,1
0,'20261123',455,,74066,1,,,1,55,,74006,1,,,1,20,,74046,1,,,1,15,,74067,1,,,1,55,,74007,1,,,1,15,,74027,1,,,1,15,,74047,1,,,1,15,,74068,1,,,1,55,,74008,1,,,1,15,,74028,1,,,1,15,,74048,1,,,1,15,,74069,1,,,1,55,,74009,1,,,1,15,,74029,1,,,1,15,,74049,1,,,1,15,,74070,1,,,1,55,,74010,1,,,1,15,,74030,1,,,1,15,,74050,1,,,1,15,,74071,1,,,1,55,,74011,1,,,1,15,,74031,1,,,1,15,,74051,1,,,1,15,,74072,1,,,1,55,,74012,1,,,1,15,,74032,1,,,1,15,,74052,1,,,1,15,,74073,1,,,1,55,,74013,1,,,1,15,,74033,1,,,1,15,,74053,1,,,1,15,,74074,1,,,1,55,,74014,1,,,1,15,,74034,1,,,1,15,,74054,1,,,1,15,,74075,1,,,1,55,,74015,1,,,1,15,,74035,1,,,1,15,,74055,1,,,1,15,,74076,1,,,1,55,,74016,1,,,1,15,,74036,1,,,1,15,,74056,1,,,1,15,,74077,1,,,1,55,,74017,1,,,1,15,,74037,1,,,1,15,,74057,1,,,1,15,,74078,1,,,1,55,,74018,1,,,1,15,,74038,1,,,1,15,,74058,1,,,1,15,,74079,1,,,1,55,,74019,1,,,1,15,,74039,1,,,1,15,,74059,1,,,1,15,,74080,1,,,1,55,,74020,1,,,1,15,,74040,1,,,1,15,,74060,1,,,1,15,,74081,1,,,1,55,,74021,1,,,1,15,,74041,1,,,1,15,,74061,1,,,1,15,,74082,1,,,1,55,,74022,1,,,1,15,,74042,1,,,1,15,,74062,1,,,1,15,,74083,1,,,1,55,,74023,1,,,1,15,,74043,1,,,1,15,,74063,1,,,1,15,,74084,1,,,1,55,,74024,1,,,1,15,,74044,1,,,1,15,,74064,1,,,1,15,,74085,1,,,1,14,,74025,1,,,1,56,,74045,1,,,1,15,,74065,1,,,1,15,,74086,1,,,1,55,,74026,1,,,1
0,'20261124',455,,74147,1,,,1,55,,74087,1,,,1,20,,74127,1,,,1,15,,74148,1,,,1,55,,74088,1,,,1,15,,74108,1,,,1,15,,74128,1,,,1,15,,74149,1,,,1,55,,74089,1,,,1,15,,74109,1,,,1,15,,74129,1,,,1,15,,74150,1,,,1,55,,74090,1,,,1,15,,74110,1,,,1,15,,74130,1,,,1,15,,74151,1,,,1,55,,74091,1,,,1,15,,74111,1,,,1,15,,74131,1,,,1,15,,74152,1,,,1,55,,74092,1,,,1,15,,74112,1,,,1,15,,74132,1,,,1,15,,74153,1,,,1,55,,74093,1,,,1,15,,74113,1,,,1,15,,74133,1,,,1,15,,74154,1,,,1,55,,74094,1,,,1,15,,74114,1,,,1,15,,74134,1,,,1,15,,74155,1,,,1,55,,74095,1,,,1,15,,74115,1,,,1,15,,74135,1,,,1,15,,74156,1,,,1,55,,74096,1,,,1,15,,74116,1,,,1,15,,74136,1,,,1,15,,74157,1,,,1,55,,74097,1,,,1,15,,74117,1,,,1,15,,74137,1,,,1,15,,74158,1,,,1,55,,74098,1,,,1,15,,74118,1,,,1,15,,74138,1,,,1,15,,74159,1,,,1,55,,74099,1,,,1,15,,74119,1,,,1,15,,74139,1,,,1,15,,74160,1,,,1,55,,74100,1,,,1,15,,74120,1,,,1,15,,74140,1,,,1,15,,74161,1,,,1,55,,74101,1,,,1,15,,74121,1,,,1,15,,74141,1,,,1,15,,74162,1,,,1,55,,74102,1,,,1,15,,74122,1,,,1,15,,74142,1,,,1,15,,74163,1,,,1,55,,74103,1,,,1,15,,74123,1,,,1,15,,74143,1,,,1,15,,74164,1,,,1,55,,74104,1,,,1,15,,74124,1,,,1,15,,74144,1,,,1,15,,74165,1,,,1,55,,74105,1,,,1,15,,74125,1,,,1,15,,74145,1,,,1,15,,74166,1,,,1,14,,74106,1,,,1,56,,74126,1,,,1,15,,74146,1,,,1,15,,74167,1,,,1,55,,74107,1,,,1
0,'20261125',455,,74228,1,,,1,55,,74168,1,,,1,20,,74208,1,,,1,15,,74229,1,,,1,55,,74169,1,,,1,15,,74189,1,,,1,15,,74209,1,,,1,15,,74230,1,,,1,55,,74170,1,,,1,15,,74190,1,,,1,15,,74210,1,,,1,15,,74231,1,,,1,55,,74171,1,,,1,15,,74191,1,,,1,15,,74211,1,,,1,15,,74232,1,,,1,55,,74172,1,,,1,15,,74192,1,,,1,15,,74212,1,,,1,15,,74233,1,,,1,55,,74173,1,,,1,15,,74193,1,,,1,15,,74213,1,,,1,15,,74234,1,,,1,55,,74174,1,,,1,15,,74194,1,,,1,15,,74214,1,,,1,15,,74235,1,,,1,55,,74175,1,,,1,15,,74195,1,,,1,15,,74215,1,,,1,15,,74236,1,,,1,55,,74176,1,,,1,15,,74196,1,,,1,15,,74216,1,,,1,15,,74237,1,,,1,55,,74177,1,,,1,15,,74197,1,,,1,15,,74217,1,,,1,15,,74238,1,,,1,55,,74178,1,,,1,15,,74198,1,,,1,15,,74218,1,,,1,15,,74239,1,,,1,55,,74179,1,,,1,15,,74199,1,,,1,15,,74219,1,,,1,15,,74240,1,,,1,55,,74180,1,,,1,15,,74200,1,,,1,15,,74220,1,,,1,15,,74241,1,,,1,55,,74181,1,,,1,15,,74201,1,,,1,15,,74221,1,,,1,15,,74242,1,,,1,55,,74182,1,,,1,15,,74202,1,,,1,15,,74222,1,,,1,15,,74243,1,,,1,55,,74183,1,,,1,15,,74203,1,,,1,15,,74223,1,,,1,15,,74244,1,,,1,55,,74184,1,,,1,15,,74204,1,,,1,15,,74224,1,,,1,15,,74245,1,,,1,55,,74185,1,,,1,15,,74205,1,,,1,15,,74225,1,,,1,15,,74246,1,,,1,55,,74186,1,,,1,15,,74206,1,,,1,15,,74226,1,,,1,15,,74247,1,,,1,14,,74187,1,,,1,56,,74207,1,,,1,15,,74227,1,,,1,15,,74248,1,,,1,55,,74188,1,,,1
0,'20261126',455,,74309,1,,,1,55,,74249,1,,,1,20,,74289,1,,,1,15,,74310,1,,,1,55,,74250,1,,,1,15,,74270,1,,,1,15,,74290,1,,,1,15,,74311,1,,,1,55,,74251,1,,,1,15,,74271,1,,,1,15,,74291,1,,,1,15,,74312,1,,,1,55,,74252,1,,,1,15,,74272,1,,,1,15,,74292,1,,,1,15,,74313,1,,,1,55,,74253,1,,,1,15,,74273,1,,,1,15,,74293,1,,,1,15,,74314,1,,,1,55,,74254,1,,,1,15,,74274,1,,,1,15,,74294,1,,,1,15,,74315,1,,,1,55,,74255,1,,,1,15,,74275,1,,,1,15,,74295,1,,,1,15,,74316,1,,,1,55,,74256,1,,,1,15,,74276,1,,,1,15,,74296,1,,,1,15,,74317,1,,,1,55,,74257,1,,,1,15,,74277,1,,,1,15,,74297,1,,,1,15,,74318,1,,,1,55,,74258,1,,,1,15,,74278,1,,,1,15,,74298,1,,,1,15,,74319,1,,,1,55,,74259,1,,,1,15,,74279,1,,,1,15,,74299,1,,,1,15,,74320,1,,,1,55,,74260,1,,,1,15,,74280,1,,,1,15,,74300,1,,,1,15,,74321,1,,,1,55,,74261,1,,,1,15,,74281,1,,,1,15,,74301,1,,,1,15,,74322,1,,,1,55,,74262,1,,,1,15,,74282,1,,,1,15,,74302,1,,,1,15,,74323,1,,,1,55,,74263,1,,,1,15,,74283,1,,,1,15,,74303,1,,,1,15,,74324,1,,,1,55,,74264,1,,,1,15,,74284,1,,,1,15,,74304,1,,,1,15,,74325,1,,,1,55,,74265,1,,,1,15,,74285,1,,,1,15,,74305,1,,,1,15,,74326,1,,,1,55,,74266,1,,,1,15,,74286,1,,,1,15,,74306,1,,,1,15,,74327,1,,,1,55,,74267,1,,,1,15,,74287,1,,,1,15,,74307,1,,,1,15,,74328,1,,,1,14,,74268,1,,,1,56,,74288,1,,,1,15,,74308,1,,,1,15,,74329,1,,,1,55,,74269,1,,,1
0,'20261127',455,,74390,1,,,1,55,,74330,1,,,1,20,,74370,1,,,1,15,,74391,1,,,1,55,,74331,1,,,1,15,,74351,1,,,1,15,,74371,1,,,1,15,,74392,1,,,1,55,,74332,1,,,1,15,,74352,1,,,1,15,,74372,1,,,1,15,,74393,1,,,1,55,,74333,1,,,1,15,,74353,1,,,1,15,,74373,1,,,1,15,,74394,1,,,1,55,,74334,1,,,1,15,,74354,1,,,1,15,,74374,1,,,1,15,,74395,1,,,1,55,,74335,1,,,1,15,,74355,1,,,1,15,,74375,1,,,1,15,,74396,1,,,1,55,,74336,1,,,1,15,,74356,1,,,1,15,,74376,1,,,1,15,,74397,1,,,1,55,,74337,1,,,1,15,,74357,1,,,1,15,,74377,1,,,1,15,,74398,1,,,1,55,,74338,1,,,1,15,,74358,1,,,1,15,,74378,1,,,1,15,,74399,1,,,1,55,,74339,1,,,1,15,,74359,1,,,1,15,,74379,1,,,1,15,,74400,1,,,1,55,,74340,1,,,1,15,,74360,1,,,1,15,,74380,1,,,1,15,,74401,1,,,1,55,,74341,1,,,1,15,,74361,1,,,1,15,,74381,1,,,1,15,,74402,1,,,1,55,,74342,1,,,1,15,,74362,1,,,1,15,,74382,1,,,1,15,,74403,1,,,1,55,,74343,1,,,1,15,,74363,1,,,1,15,,74383,1,,,1,15,,74404,1,,,1,55,,74344,1,,,1,15,,74364,1,,,1,15,,74384,1,,,1,15,,74405,1,,,1,55,,74345,1,,,1,15,,74365,1,,,1,15,,74385,1,,,1,15,,74406,1,,,1,55,,74346,1,,,1,15,,74366,1,,,1,15,,74386,1,,,1,15,,74407,1,,,1,55,,74347,1,,,1,15,,74367,1,,,1,15,,74387,1,,,1,15,,74408,1,,,1,55,,74348,1,,,1,15,,74368,1,,,1,15,,74388,1,,,1,15,,74409,1,,,1,14,,74349,1,,,1,56,,74369,1,,,1,15,,74389,1,,,1,15,,74410,1,,,1,55,,74350,1,,,1
0,'20261128',600,,74411,1,,,1,15,,74431,1,,,1,15,,74450,1,,,1,15,,74469,1,,,1,55,,74412,1,,,1,15,,74432,1,,,1,15,,74451,1,,,1,15,,74470,1,,,1,55,,74413,1,,,1,15,,74433,1,,,1,15,,74452,1,,,1,15,,74471,1,,,1,55,,74414,1,,,1,15,,74434,1,,,1,15,,74453,1,,,1,15,,74472,1,,,1,55,,74415,1,,,1,15,,74435,1,,,1,15,,74454,1,,,1,15,,74473,1,,,1,55,,74416,1,,,1,15,,74436,1,,,1,15,,74455,1,,,1,15,,74474,1,,,1,55,,74417,1,,,1,15,,74437,1,,,1,15,,74456,1,,,1,15,,74475,1,,,1,55,,74418,1,,,1,15,,74438,1,,,1,15,,74457,1,,,1,15,,74476,1,,,1,55,,74419,1,,,1,15,,74439,1,,,1,15,,74458,1,,,1,15,,74477,1,,,1,55,,74420,1,,,1,15,,74440,1,,,1,15,,74459,1,,,1,15,,74478,1,,,1,55,,74421,1,,,1,15,,74441,1,,,1,15,,74460,1,,,1,15,,74479,1,,,1,55,,74422,1,,,1,15,,74442,1,,,1,15,,74461,1,,,1,15,,74480,1,,,1,55,,74423,1,,,1,15,,74443,1,,,1,15,,74462,1,,,1,15,,74481,1,,,1,55,,74424,1,,,1,15,,74444,1,,,1,15,,74463,1,,,1,15,,74482,1,,,1,55,,74425,1,,,1,15,,74445,1,,,1,15,,74464,1,,,1,15,,74483,1,,,1,55,,74426,1,,,1,15,,74446,1,,,1,15,,74465,1,,,1,15,,74484,1,,,1,55,,74427,1,,,1,15,,74447,1,,,1,15,,74466,1,,,1,15,,74485,1,,,1,55,,74428,1,,,1,15,,74448,1,,,1,15,,74467,1,,,1,15,,74486,1,,,1,14,,74429,1,,,1,56,,74449,1,,,1,15,,74468,1,,,1,15,,74487,1,,,1,55,,74430,1,,,1
0,'20261129',600,,74488,1,,,1,15,,74508,1,,,1,15,,74527,1,,,1,15,,74546,1,,,1,55,,74489,1,,,1,15,,74509,1,,,1,15,,74528,1,,,1,15,,74547,1,,,1,55,,74490,1,,,1,15,,74510,1,,,1,15,,74529,1,,,1,15,,74548,1,,,1,55,,74491,1,,,1,15,,74511,1,,,1,15,,74530,1,,,1,15,,74549,1,,,1,55,,74492,1,,,1,15,,74512,1,,,1,15,,74531,1,,,1,15,,74550,1,,,1,55,,74493,1,,,1,15,,74513,1,,,1,15,,74532,1,,,1,15,,74551,1,,,1,55,,74494,1,,,1,15,,74514,1,,,1,15,,74533,1,,,1,15,,74552,1,,,1,55,,74495,1,,,1,15,,74515,1,,,1,15,,74534,1,,,1,15,,74553,1,,,1,55,,74496,1,,,1,15,,74516,1,,,1,15,,74535,1,,,1,15,,74554,1,,,1,55,,74497,1,,,1,15,,74517,1,,,1,15,,74536,1,,,1,15,,74555,1,,,1,55,,74498,1,,,1,15,,74518,1,,,1,15,,74537,1,,,1,15,,74556,1,,,1,55,,74499,1,,,1,15,,74519,1,,,1,15,,74538,1,,,1,15,,74557,1,,,1,55,,74500,1,,,1,15,,74520,1,,,1,15,,74539,1,,,1,15,,74558,1,,,1,55,,74501,1,,,1,15,,74521,1,,,1,15,,74540,1,,,1,15,,74559,1,,,1,55,,74502,1,,,1,15,,74522,1,,,1,15,,74541,1,,,1,15,,74560,1,,,1,55,,74503,1,,,1,15,,74523,1,,,1,15,,74542,1,,,1,15,,74561,1,,,1,55,,74504,1,,,1,15,,74524,1,,,1,15,,74543,1,,,1,15,,74562,1,,,1,55,,74505,1,,,1,15,,74525,1,,,1,15,,74544,1,,,1,15,,74563,1,,,1,14,,74506,1,,,1,56,,74526,1,,,1,15,,74545,1,,,1,15,,74564,1,,,1,55,,74507,1,,,1
0,'20261130',455,,74625,1,,,1,55,,74565,1,,,1,20,,74605,1,,,1,15,,74626,1,,,1,55,,74566,1,,,1,15,,74586,1,,,1,15,,74606,1,,,1,15,,74627,1,,,1,55,,74567,1,,,1,15,,74587,1,,,1,15,,74607,1,,,1,15,,74628,1,,,1,55,,74568,1,,,1,15,,74588,1,,,1,15,,74608,1,,,1,15,,74629,1,,,1,55,,74569,1,,,1,15,,74589,1,,,1,15,,74609,1,,,1,15,,74630,1,,,1,55,,74570,1,,,1,15,,74590,1,,,1,15,,74610,1,,,1,15,,74631,1,,,1,55,,74571,1,,,1,15,,74591,1,,,1,15,,74611,1,,,1,15,,74632,1,,,1,55,,74572,1,,,1,15,,74592,1,,,1,15,,74612,1,,,1,15,,74633,1,,,1,55,,74573,1,,,1,15,,74593,1,,,1,15,,74613,1,,,1,15,,74634,1,,,1,55,,74574,1,,,1,15,,74594,1,,,1,15,,74614,1,,,1,15,,74635,1,,,1,55,,74575,1,,,1,15,,74595,1,,,1,15,,74615,1,,,1,15,,74636,1,,,1,55,,74576,1,,,1,15,,74596,1,,,1,15,,74616,1,,,1,15,,74637,1,,,1,55,,74577,1,,,1,15,,74597,1,,,1,15,,74617,1,,,1,15,,74638,1,,,1,55,,74578,1,,,1,15,,74598,1,,,1,15,,74618,1,,,1,15,,74639,1,,,1,55,,74579,1,,,1,15,,74599,1,,,1,15,,74619,1,,,1,15,,74640,1,,,1,55,,74580,1,,,1,15,,74600,1,,,1,15,,74620,1,,,1,15,,74641,1,,,1,55,,74581,1,,,1,15,,74601,1,,,1,15,,74621,1,,,1,15,,74642,1,,,1,55,,74582,1,,,1,15,,74602,1,,,1,15,,74622,1,,,1,15,,74643,1,,,1,55,,74583,1,,,1,15,,74603,1,,,1,15,,74623,1,,,1,15,,74644,1,,,1,14,,74584,1,,,1,56,,74604,1,,,1,15,,74624,1,,,1,15,,74645,1,,,1,55,,74585,1,,,1
0,'20261201',455,,74706,1,,,1,55,,74646,1,,,1,20,,74686,1,,,1,15,,74707,1,,,1,55,,74647,1,,,1,15,,74667,1,,,1,15,,74687,1,,,1,15,,74708,1,,,1,55,,74648,1,,,1,15,,74668,1,,,1,15,,74688,1,,,1,15,,74709,1,,,1,55,,74649,1,,,1,15,,74669,1,,,1,15,,74689,1,,,1,15,,74710,1,,,1,55,,74650,1,,,1,15,,74670,1,,,1,15,,74690,1,,,1,15,,74711,1,,,1,55,,74651,1,,,1,15,,74671,1,,,1,15,,74691,1,,,1,15,,74712,1,,,1,55,,74652,1,,,1,15,,74672,1,,,1,15,,74692,1,,,1,15,,74713,1,,,1,55,,74653,1,,,1,15,,74673,1,,,1,15,,74693,1,,,1,15,,74714,1,,,1,55,,74654,1,,,1,15,,74674,1,,,1,15,,74694,1,,,1,15,,74715,1,,,1,55,,74655,1,,,1,15,,74675,1,,,1,15,,74695,1,,,1,15,,74716,1,,,1,55,,74656,1,,,1,15,,74676,1,,,1,15,,74696,1,,,1,15,,74717,1,,,1,55,,74657,1,,,1,15,,74677,1,,,1,15,,74697,1,,,1,15,,74718,1,,,1,55,,74658,1,,,1,15,,74678,1,,,1,15,,74698,1,,,1,15,,74719,1,,,1,55,,74659,1,,,1,15,,74679,1,,,1,15,,74699,1,,,1,15,,74720,1,,,1,55,,74660,1,,,1,15,,74680,1,,,1,15,,74700,1,,,1,15,,74721,1,,,1,55,,74661,1,,,1,15,,74681,1,,,1,15,,74701,1,,,1,15,,74722,1,,,1,55,,74662,1,,,1,15,,74682,1,,,1,15,,74702,1,,,1,15,,74723,1,,,1,55,,74663,1,,,1,15,,74683,1,,,1,15,,74703,1,,,1,15,,74724,1,,,1,55,,74664,1,,,1,15,,74684,1,,,1,15,,74704,1,,,1,15,,74725,1,,,1,14,,74665,1,,,1,56,,74685,1,,,1,15,,74705,1,,,1,15,,74726,1,,,1,55,,74666,1,,,1
0,'20261202',455,,74787,1,,,1,55,,74727,1,,,1,20,,74767,1,,,1,15,,74788,1,,,1,55,,74728,1,,,1,15,,74748,1,,,1,15,,74768,1,,,1,15,,74789,1,,,1,55,,74729,1,,,1,15,,74749,1,,,1,15,,74769,1,,,1,15,,74790,1,,,1,55,,74730,1,,,1,15,,74750,1,,,1,15,,74770,1,,,1,15,,74791,1,,,1,55,,74731,1,,,1,15,,74751,1,,,1,15,,74771,1,,,1,15,,74792,1,,,1,55,,74732,1,,,1,15,,74752,1,,,1,15,,74772,1,,,1,15,,74793,1,,,1,55,,74733,1,,,1,15,,74753,1,,,1,15,,74773,1,,,1,15,,74794,1,,,1,55,,74734,1,,,1,15,,74754,1,,,1,15,,74774,1,,,1,15,,74795,1,,,1,55,,74735,1,,,1,15,,74755,1,,,1,15,,74775,1,,,1,15,,74796,1,,,1,55,,74736,1,,,1,15,,74756,1,,,1,15,,74776,1,,,1,15,,74797,1,,,1,55,,74737,1,,,1,15,,74757,1,,,1,15,,74777,1,,,1,15,,74798,1,,,1,55,,74738,1,,,1,15,,74758,1,,,1,15,,74778,1,,,1,15,,74799,1,,,1,55,,74739,1,,,1,15,,74759,1,,,1,15,,74779,1,,,1,15,,74800,1,,,1,55,,74740,1,,,1,15,,74760,1,,,1,15,,74780,1,,,1,15,,74801,1,,,1,55,,74741,1,,,1,15,,74761,1,,,1,15,,74781,1,,,1,15,,74802,1,,,1,55,,74742,1,,,1,15,,74762,1,,,1,15,,74782,1,,,1,15,,74803,1,,,1,55,,74743,1,,,1,15,,74763,1,,,1,15,,74783,1,,,1,15,,74804,1,,,1,55,,74744,1,,,1,15,,74764,1,,,1,15,,74784,1,,,1,15,,74805,1,,,1,55,,74745,1,,,1,15,,74765,1,,,1,15,,74785,1,,,1,15,,74806,1,,,1,14,,74746,1,,,1,56,,74766,1,,,1,15,,74786,1,,,1,15,,74807,1,,,1,55,,74747,1,,,1
0,'20261203',455,,74868,1,,,1,55,,74808,1,,,1,20,,74848,1,,,1,15,,74869,1,,,1,55,,74809,1,,,1,15,,74829,1,,,1,15,,74849,1,,,1,15,,74870,1,,,1,55,,74810,1,,,1,15,,74830,1,,,1,15,,74850,1,,,1,15,,74871,1,,,1,55,,74811,1,,,1,15,,74831,1,,,1,15,,74851,1,,,1,15,,74872,1,,,1,55,,74812,1,,,1,15,,74832,1,,,1,15,,74852,1,,,1,15,,74873,1,,,1,55,,74813,1,,,1,15,,74833,1,,,1,15,,74853,1,,,1,15,,74874,1,,,1,55,,74814,1,,,1,15,,74834,1,,,1,15,,74854,1,,,1,15,,74875,1,,,1,55,,74815,1,,,1,15,,74835,1,,,1,15,,74855,1,,,1,15,,74876,1,,,1,55,,74816,1,,,1,15,,74836,1,,,1,15,,74856,1,,,1,15,,74877,1,,,1,55,,74817,1,,,1,15,,74837,1,,,1,15,,74857,1,,,1,15,,74878,1,,,1,55,,74818,1,,,1,15,,74838,1,,,1,15,,74858,1,,,1,15,,74879,1,,,1,55,,74819,1,,,1,15,,74839,1,,,1,15,,74859,1,,,1,15,,74880,1,,,1,55,,74820,1,,,1,15,,74840,1,,,1,15,,74860,1,,,1,15,,74881,1,,,1,55,,74821,1,,,1,15,,74841,1,,,1,15,,74861,1,,,1,15,,74882,1,,,1,55,,74822,1,,,1,15,,74842,1,,,1,15,,74862,1,,,1,15,,74883,1,,,1,55,,74823,1,,,1,15,,74843,1,,,1,15,,74863,1,,,1,15,,74884,1,,,1,55,,74824,1,,,1,15,,74844,1,,,1,15,,74864,1,,,1,15,,74885,1,,,1,55,,74825,1,,,1,15,,74845,1,,,1,15,,74865,1,,,1,15,,74886,1,,,1,55,,74826,1,,,1,15,,74846,1,,,1,15,,74866,1,,,1,15,,74887,1,,,1,14,,74827,1,,,1,56,,74847,1,,,1,15,,74867,1,,,1,15,,74888,1,,,1,55,,74828,1,,,1
0,'20261204',455,,74949,1,,,1,55,,74889,1,,,1,20,,74929,1,,,1,15,,74950,1,,,1,55,,74890,1,,,1,15,,74910,1,,,1,15,,74930,1,,,1,15,,74951,1,,,1,55,,74891,1,,,1,15,,74911,1,,,1,15,,74931,1,,,1,15,,74952,1,,,1,55,,74892,1,,,1,15,,74912,1,,,1,15,,74932,1,,,1,15,,74953,1,,,1,55,,74893,1,,,1,15,,74913,1,,,1,15,,74933,1,,,1,15,,74954,1,,,1,55,,74894,1,,,1,15,,74914,1,,,1,15,,74934,1,,,1,15,,74955,1,,,1,55,,74895,1,,,1,15,,74915,1,,,1,15,,74935,1,,,1,15,,74956,1,,,1,55,,74896,1,,,1,15,,74916,1,,,1,15,,74936,1,,,1,15,,74957,1,,,1,55,,74897,1,,,1,15,,74917,1,,,1,15,,74937,1,,,1,15,,74958,1,,,1,55,,74898,1,,,1,15,,74918,1,,,1,15,,74938,1,,,1,15,,74959,1,,,1,55,,74899,1,,,1,15,,74919,1,,,1,15,,74939,1,,,1,15,,74960,1,,,1,55,,74900,1,,,1,15,,74920,1,,,1,15,,74940,1,,,1,15,,74961,1,,,1,55,,74901,1,,,1,15,,74921,1,,,1,15,,74941,1,,,1,15,,74962,1,,,1,55,,74902,1,,,1,15,,74922,1,,,1,15,,74942,1,,,1,15,,74963,1,,,1,55,,74903,1,,,1,15,,74923,1,,,1,15,,74943,1,,,1,15,,74964,1,,,1,55,,74904,1,,,1,15,,74924,1,,,1,15,,74944,1,,,1,15,,74965,1,,,1,55,,74905,1,,,1,15,,74925,1,,,1,15,,74945,1,,,1,15,,74966,1,,,1,55,,74906,1,,,1,15,,74926,1,,,1,15,,74946,1,,,1,15,,74967,1,,,1,55,,74907,1,,,1,15,,74927,1,,,1,15,,74947,1,,,1,15,,74968,1,,,1,14,,74908,1,,,1,56,,74928,1,,,1,15,,74948,1,,,1,15,,74969,1,,,1,55,,74909,1,,,1
0,'20261205',600,,74970,1,,,1,15,,74990,1,,,1,15,,75009,1,,,1,15,,75028,1,,,1,55,,74971,1,,,1,15,,74991,1,,,1,15,,75010,1,,,1,15,,75029,1,,,1,55,,74972,1,,,1,15,,74992,1,,,1,15,,75011,1,,,1,15,,75030,1,,,1,55,,74973,1,,,1,15,,74993,1,,,1,15,,75012,1,,,1,15,,75031,1,,,1,55,,74974,1,,,1,15,,74994,1,,,1,15,,75013,1,,,1,15,,75032,1,,,1,55,,74975,1,,,1,15,,74995,1,,,1,15,,75014,1,,,1,15,,75033,1,,,1,55,,74976,1,,,1,15,,74996,1,,,1,15,,75015,1,,,1,15,,75034,1,,,1,55,,74977,1,,,1,15,,74997,1,,,1,15,,75016,1,,,1,15,,75035,1,,,1,55,,74978,1,,,1,15,,74998,1,,,1,15,,75017,1,,,1,15,,75036,1,,,1,55,,74979,1,,,1,15,,74999,1,,,1,15,,75018,1,,,1,15,,75037,1,,,1,55,,74980,1,,,1,15,,75000,1,,,1,15,,75019,1,,,1,15,,75038,1,,,1,55,,74981,1,,,1,15,,75001,1,,,1,15,,75020,1,,,1,15,,75039,1,,,1,55,,74982,1,,,1,15,,75002,1,,,1,15,,75021,1,,,1,15,,75040,1,,,1,55,,74983,1,,,1,15,,75003,1,,,1,15,,75022,1,,,1,15,,75041,1,,,1,55,,74984,1,,,1,15,,75004,1,,,1,15,,75023,1,,,1,15,,75042,1,,,1,55,,74985,1,,,1,15,,75005,1,,,1,15,,75024,1,,,1,15,,75043,1,,,1,55,,74986,1,,,1,15,,75006,1,,,1,15,,75025,1,,,1,15,,75044,1,,,1,55,,74987,1,,,1,15,,75007,1,,,1,15,,75026,1,,,1,15,,75045,1,,,1,14,,74988,1,,,1,56,,75008,1,,,1,15,,75027,1,,,1,15,,75046,1,,,1,55,,74989,1,,,1
0,'20261206',600,,75047,1,,,1,15,,75067,1,,,1,15,,75086,1,,,1,15,,75105,1,,,1,55,,75048,1,,,1,15,,75068,1,,,1,15,,75087,1,,,1,15,,75106,1,,,1,55,,75049,1,,,1,15,,75069,1,,,1,15,,75088,1,,,1,15,,75107,1,,,1,55,,75050,1,,,1,15,,75070,1,,,1,15,,75089,1,,,1,15,,75108,1,,,1,55,,75051,1,,,1,15,,75071,1,,,1,15,,75090,1,,,1,15,,75109,1,,,1,55,,75052,1,,,1,15,,75072,1,,,1,15,,75091,1,,,1,15,,75110,1,,,1,55,,75053,1,,,1,15,,75073,1,,,1,15,,75092,1,,,1,15,,75111,1,,,1,55,,75054,1,,,1,15,,75074,1,,,1,15,,75093,1,,,1,15,,75112,1,,,1,55,,75055,1,,,1,15,,75075,1,,,1,15,,75094,1,,,1,15,,75113,1,,,1,55,,75056,1,,,1,15,,75076,1,,,1,15,,75095,1,,,1,15,,75114,1,,,1,55,,75057,1,,,1,15,,75077,1,,,1,15,,75096,1,,,1,15,,75115,1,,,1,55,,75058,1,,,1,15,,75078,1,,,1,15,,75097,1,,,1,15,,75116,1,,,1,55,,75059,1,,,1,15,,75079,1,,,1,15,,75098,1,,,1,15,,75117,1,,,1,55,,75060,1,,,1,15,,75080,1,,,1,15,,75099,1,,,1,15,,75118,1,,,1,55,,75061,1,,,1,15,,75081,1,,,1,15,,75100,1,,,1,15,,75119,1,,,1,55,,75062,1,,,1,15,,75082,1,,,1,15,,75101,1,,,1,15,,75120,1,,,1,55,,75063,1,,,1,15,,75083,1,,,1,15,,75102,1,,,1,15,,75121,1,,,1,55,,75064,1,,,1,15,,75084,1,,,1,15,,75103,1,,,1,15,,75122,1,,,1,14,,75065,1,,,1,56,,75085,1,,,1,15,,75104,1,,,1,15,,75123,1,,,1,55,,75066,1,,,1
0,'20261207',455,,75184,1,,,1,55,,75124,1,,,1,20,,75164,1,,,1,15,,75185,1,,,1,55,,75125,1,,,1,15,,75145,1,,,1,15,,75165,1,,,1,15,,75186,1,,,1,55,,75126,1,,,1,15,,75146,1,,,1,15,,75166,1,,,1,15,,75187,1,,,1,55,,75127,1,,,1,15,,75147,1,,,1,15,,75167,1,,,1,15,,75188,1,,,1,55,,75128,1,,,1,15,,75148,1,,,1,15,,75168,1,,,1,15,,75189,1,,,1,55,,75129,1,,,1,15,,75149,1,,,1,15,,75169,1,,,1,15,,75190,1,,,1,55,,75130,1,,,1,15,,75150,1,,,1,15,,75170,1,,,1,15,,75191,1,,,1,55,,75131,1,,,1,15,,75151,1,,,1,15,,75171,1,,,1,15,,75192,1,,,1,55,,75132,1,,,1,15,,75152,1,,,1,15,,75172,1,,,1,15,,75193,1,,,1,55,,75133,1,,,1,15,,75153,1,,,1,15,,75173,1,,,1,15,,75194,1,,,1,55,,75134,1,,,1,15,,75154,1,,,1,15,,75174,1,,,1,15,,75195,1,,,1,55,,75135,1,,,1,15,,75155,1,,,1,15,,75175,1,,,1,15,,75196,1,,,1,55,,75136,1,,,1,15,,75156,1,,,1,15,,75176,1,,,1,15,,75197,1,,,1,55,,75137,1,,,1,15,,75157,1,,,1,15,,75177,1,,,1,15,,75198,1,,,1,55,,75138,1,,,1,15,,75158,1,,,1,15,,75178,1,,,1,15,,75199,1,,,1,55,,75139,1,,,1,15,,75159,1,,,1,15,,75179,1,,,1,15,,75200,1,,,1,55,,75140,1,,,1,15,,75160,1,,,1,15,,75180,1,,,1,15,,75201,1,,,1,55,,75141,1,,,1,15,,75161,1,,,1,15,,75181,1,,,1,15,,75202,1,,,1,55,,75142,1,,,1,15,,75162,1,,,1,15,,75182,1,,,1,15,,75203,1,,,1,14,,75143,1,,,1,56,,75163,1,,,1,15,,75183,1,,,1,15,,75204,1,,,1,55,,75144,1,,,1
0,'20261208',455,,75265,1,,,1,55,,75205,1,,,1,20,,75245,1,,,1,15,,75266,1,,,1,55,,75206,1,,,1,15,,75226,1,,,1,15,,75246,1,,,1,15,,75267,1,,,1,55,,75207,1,,,1,15,,75227,1,,,1,15,,75247,1,,,1,15,,75268,1,,,1,55,,75208,1,,,1,15,,75228,1,,,1,15,,75248,1,,,1,15,,75269,1,,,1,55,,75209,1,,,1,15,,75229,1,,,1,15,,75249,1,,,1,15,,75270,1,,,1,55,,75210,1,,,1,15,,75230,1,,,1,15,,75250,1,,,1,15,,75271,1,,,1,55,,75211,1,,,1,15,,75231,1,,,1,15,,75251,1,,,1,15,,75272,1,,,1,55,,75212,1,,,1,15,,75232,1,,,1,15,,75252,1,,,1,15,,75273,1,,,1,55,,75213,1,,,1,15,,75233,1,,,1,15,,75253,1,,,1,15,,75274,1,,,1,55,,75214,1,,,1,15,,75234,1,,,1,15,,75254,1,,,1,15,,75275,1,,,1,55,,75215,1,,,1,15,,75235,1,,,1,15,,75255,1,,,1,15,,75276,1,,,1,55,,75216,1,,,1,15,,75236,1,,,1,15,,75256,1,,,1,15,,75277,1,,,1,55,,75217,1,,,1,15,,75237,1,,,1,15,,75257,1,,,1,15,,75278,1,,,1,55,,75218,1,,,1,15,,75238,1,,,1,15,,75258,1,,,1,15,,75279,1,,,1,55,,75219,1,,,1,15,,75239,1,,,1,15,,75259,1,,,1,15,,75280,1,,,1,55,,75220,1,,,1,15,,75240,1,,,1,15,,75260,1,,,1,15,,75281,1,,,1,55,,75221,1,,,1,15,,75241,1,,,1,15,,75261,1,,,1,15,,75282,1,,,1,55,,75222,1,,,1,15,,75242,1,,,1,15,,75262,1,,,1,15,,75283,1,,,1,55,,75223,1,,,1,15,,75243,1,,,1,15,,75263,1,,,1,15,,75284,1,,,1,14,,75224,1,,,1,56,,75244,1,,,1,15,,75264,1,,,1,15,,75285,1,,,1,55,,75225,1,,,1
0,'20261209',455,,75346,1,,,1,55,,75286,1,,,1,20,,75326,1,,,1,15,,75347,1,,,1,55,,75287,1,,,1,15,,75307,1,,,1,15,,75327,1,,,1,15,,75348,1,,,1,55,,75288,1,,,1,15,,75308,1,,,1,15,,75328,1,,,1,15,,75349,1,,,1,55,,75289,1,,,1,15,,75309,1,,,1,15,,75329,1,,,1,15,,75350,1,,,1,55,,75290,1,,,1,15,,75310,1,,,1,15,,75330,1,,,1,15,,75351,1,,,1,55,,75291,1,,,1,15,,75311,1,,,1,15,,75331,1,,,1,15,,75352,1,,,1,55,,75292,1,,,1,15,,75312,1,,,1,15,,75332,1,,,1,15,,75353,1,,,1,55,,75293,1,,,1,15,,75313,1,,,1,15,,75333,1,,,1,15,,75354,1,,,1,55,,75294,1,,,1,15,,75314,1,,,1,15,,75334,1,,,1,15,,75355,1,,,1,55,,75295,1,,,1,15,,75315,1,,,1,15,,75335,1,,,1,15,,75356,1,,,1,55,,75296,1,,,1,15,,75316,1,,,1,15,,75336,1,,,1,15,,75357,1,,,1,55,,75297,1,,,1,15,,75317,1,,,1,15,,75337,1,,,1,15,,75358,1,,,1,55,,75298,1,,,1,15,,75318,1,,,1,15,,75338,1,,,1,15,,75359,1,,,1,55,,75299,1,,,1,15,,75319,1,,,1,15,,75339,1,,,1,15,,75360,1,,,1,55,,75300,1,,,1,15,,75320,1,,,1,15,,75340,1,,,1,15,,75361,1,,,1,55,,75301,1,,,1,15,,75321,1,,,1,15,,75341,1,,,1,15,,75362,1,,,1,55,,75302,1,,,1,15,,75322,1,,,1,15,,75342,1,,,1,15,,75363,1,,,1,55,,75303,1,,,1,15,,75323,1,,,1,15,,75343,1,,,1,15,,75364,1,,,1,55,,75304,1,,,1,15,,75324,1,,,1,15,,75344,1,,,1,15,,75365,1,,,1,14,,75305,1,,,1,56,,75325,1,,,1,15,,75345,1,,,1,15,,75366,1,,,1,55,,75306,1,,,1
0,'20261210',455,,75427,1,,,1,55,,75367,1,,,1,20,,75407,1,,,1,15,,75428,1,,,1,55,,75368,1,,,1,15,,75388,1,,,1,15,,75408,1,,,1,15,,75429,1,,,1,55,,75369,1,,,1,15,,75389,1,,,1,15,,75409,1,,,1,15,,75430,1,,,1,55,,75370,1,,,1,15,,75390,1,,,1,15,,75410,1,,,1,15,,75431,1,,,1,55,,75371,1,,,1,15,,75391,1,,,1,15,,75411,1,,,1,15,,75432,1,,,1,55,,75372,1,,,1,15,,75392,1,,,1,15,,75412,1,,,1,15,,75433,1,,,1,55,,75373,1,,,1,15,,75393,1,,,1,15,,75413,1,,,1,15,,75434,1,,,1,55,,75374,1,,,1,15,,75394,1,,,1,15,,75414,1,,,1,15,,75435,1,,,1,55,,75375,1,,,1,15,,75395,1,,,1,15,,75415,1,,,1,15,,75436,1,,,1,55,,75376,1,,,1,15,,75396,1,,,1,15,,75416,1,,,1,15,,75437,1,,,1,55,,75377,1,,,1,15,,75397,1,,,1,15,,75417,1,,,1,15,,75438,1,,,1,55,,75378,1,,,1,15,,75398,1,,,1,15,,75418,1,,,1,15,,75439,1,,,1,55,,75379,1,,,1,15,,75399,1,,,1,15,,75419,1,,,1,15,,75440,1,,,1,55,,75380,1,,,1,15,,75400,1,,,1,15,,75420,1,,,1,15,,75441,1,,,1,55,,75381,1,,,1,15,,75401,1,,,1,15,,75421,1,,,1,15,,75442,1,,,1,55,,75382,1,,,1,15,,75402,1,,,1,15,,75422,1,,,1,15,,75443,1,,,1,55,,75383,1,,,1,15,,75403,1,,,1,15,,75423,1,,,1,15,,75444,1,,,1,55,,75384,1,,,1,15,,75404,1,,,1,15,,75424,1,,,1,15,,75445,1,,,1,55,,75385,1,,,1,15,,75405,1,,,1,15,,75425,1,,,1,15,,75446,1,,,1,14,,75386,1,,,1,56,,75406,1,,,1,15,,75426,1,,,1,15,,75447,1,,,1,55,,75387,1,,,1
0,'20261211',455,,75508,1,,,1,55,,75448,1,,,1,20,,75488,1,,,1,15,,75509,1,,,1,55,,75449,1,,,1,15,,75469,1,,,1,15,,75489,1,,,1,15,,75510,1,,,1,55,,75450,1,,,1,15,,75470,1,,,1,15,,75490,1,,,1,15,,75511,1,,,1,55,,75451,1,,,1,15,,75471,1,,,1,15,,75491,1,,,1,15,,75512,1,,,1,55,,75452,1,,,1,15,,75472,1,,,1,15,,75492,1,,,1,15,,75513,1,,,1,55,,75453,1,,,1,15,,75473,1,,,1,15,,75493,1,,,1,15,,75514,1,,,1,55,,75454,1,,,1,15,,75474,1,,,1,15,,75494,1,,,1,15,,75515,1,,,1,55,,75455,1,,,1,15,,75475,1,,,1,15,,75495,1,,,1,15,,75516,1,,,1,55,,75456,1,,,1,15,,75476,1,,,1,15,,75496,1,,,1,15,,75517,1,,,1,55,,75457,1,,,1,15,,75477,1,,,1,15,,75497,1,,,1,15,,75518,1,,,1,55,,75458,1,,,1,15,,75478,1,,,1,15,,75498,1,,,1,15,,75519,1,,,1,55,,75459,1,,,1,15,,75479,1,,,1,15,,75499,1,,,1,15,,75520,1,,,1,55,,75460,1,,,1,15,,75480,1,,,1,15,,75500,1,,,1,15,,75521,1,,,1,55,,75461,1,,,1,15,,75481,1,,,1,15,,75501,1,,,1,15,,75522,1,,,1,55,,75462,1,,,1,15,,75482,1,,,1,15,,75502,1,,,1,15,,75523,1,,,1,55,,75463,1,,,1,15,,75483,1,,,1,15,,75503,1,,,1,15,,75524,1,,,1,55,,75464,1,,,1,15,,75484,1,,,1,15,,75504,1,,,1,15,,75525,1,,,1,55,,75465,1,,,1,15,,75485,1,,,1,15,,75505,1,,,1,15,,75526,1,,,1,55,,75466,1,,,1,15,,75486,1,,,1,15,,75506,1,,,1,15,,75527,1,,,1,14,,75467,1,,,1,56,,75487,1,,,1,15,,75507,1,,,1,15,,75528,1,,,1,55,,75468,1,,,1
0,'20261212',600,,75529,1,,,1,15,,75549,1,,,1,15,,75568,1,,,1,15,,75587,1,,,1,55,,75530,1,,,1,15,,75550,1,,,1,15,,75569,1,,,1,15,,75588,1,,,1,55,,75531,1,,,1,15,,75551,1,,,1,15,,75570,1,,,1,15,,75589,1,,,1,55,,75532,1,,,1,15,,75552,1,,,1,15,,75571,1,,,1,15,,75590,1,,,1,55,,75533,1,,,1,15,,75553,1,,,1,15,,75572,1,,,1,15,,75591,1,,,1,55,,75534,1,,,1,15,,75554,1,,,1,15,,75573,1,,,1,15,,75592,1,,,1,55,,75535,1,,,1,15,,75555,1,,,1,15,,75574,1,,,1,15,,75593,1,,,1,55,,75536,1,,,1,15,,75556,1,,,1,15,,75575,1,,,1,15,,75594,1,,,1,55,,75537,1,,,1,15,,75557,1,,,1,15,,75576,1,,,1,15,,75595,1,,,1,55,,75538,1,,,1,15,,75558,1,,,1,15,,75577,1,,,1,15,,75596,1,,,1,55,,75539,1,,,1,15,,75559,1,,,1,15,,75578,1,,,1,15,,75597,1,,,1,55,,75540,1,,,1,15,,75560,1,,,1,15,,75579,1,,,1,15,,75598,1,,,1,55,,75541,1,,,1,15,,75561,1,,,1,15,,75580,1,,,1,15,,75599,1,,,1,55,,75542,1,,,1,15,,75562,1,,,1,15,,75581,1,,,1,15,,75600,1,,,1,55,,75543,1,,,1,15,,75563,1,,,1,15,,75582,1,,,1,15,,75601,1,,,1,55,,75544,1,,,1,15,,75564,1,,,1,15,,75583,1,,,1,15,,75602,1,,,1,55,,75545,1,,,1,15,,75565,1,,,1,15,,75584,1,,,1,15,,75603,1,,,1,55,,75546,1,,,1,15,,75566,1,,,1,15,,75585,1,,,1,15,,75604,1,,,1,14,,75547,1,,,1,56,,75567,1,,,1,15,,75586,1,,,1,15,,75605,1,,,1,55,,75548,1,,,1
0,'20261213',600,,75606,1,,,1,15,,75626,1,,,1,15,,75645,1,,,1,15,,75664,1,,,1,55,,75607,1,,,1,15,,75627,1,,,1,15,,75646,1,,,1,15,,75665,1,,,1,55,,75608,1,,,1,15,,75628,1,,,1,15,,75647,1,,,1,15,,75666,1,,,1,55,,75609,1,,,1,15,,75629,1,,,1,15,,75648,1,,,1,15,,75667,1,,,1,55,,75610,1,,,1,15,,75630,1,,,1,15,,75649,1,,,1,15,,75668,1,,,1,55,,75611,1,,,1,15,,75631,1,,,1,15,,75650,1,,,1,15,,75669,1,,,1,55,,75612,1,,,1,15,,75632,1,,,1,15,,75651,1,,,1,15,,75670,1,,,1,55,,75613,1,,,1,15,,75633,1,,,1,15,,75652,1,,,1,15,,75671,1,,,1,55,,75614,1,,,1,15,,75634,1,,,1,15,,75653,1,,,1,15,,75672,1,,,1,55,,75615,1,,,1,15,,75635,1,,,1,15,,75654,1,,,1,15,,75673,1,,,1,55,,75616,1,,,1,15,,75636,1,,,1,15,,75655,1,,,1,15,,75674,1,,,1,55,,75617,1,,,1,15,,75637,1,,,1,15,,75656,1,,,1,15,,75675,1,,,1,55,,75618,1,,,1,15,,75638,1,,,1,15,,75657,1,,,1,15,,75676,1,,,1,55,,75619,1,,,1,15,,75639,1,,,1,15,,75658,1,,,1,15,,75677,1,,,1,55,,75620,1,,,1,15,,75640,1,,,1,15,,75659,1,,,1,15,,75678,1,,,1,55,,75621,1,,,1,15,,75641,1,,,1,15,,75660,1,,,1,15,,75679,1,,,1,55,,75622,1,,,1,15,,75642,1,,,1,15,,75661,1,,,1,15,,75680,1,,,1,55,,75623,1,,,1,15,,75643,1,,,1,15,,75662,1,,,1,15,,75681,1,,,1,14,,75624,1,,,1,56,,75644,1,,,1,15,,75663,1,,,1,15,,75682,1,,,1,55,,75625,1,,,1
0,'20261214',455,,75743,1,,,1,55,,75683,1,,,1,20,,75723,1,,,1,15,,75744,1,,,1,55,,75684,1,,,1,15,,75704,1,,,1,15,,75724,1,,,1,15,,75745,1,,,1,55,,75685,1,,,1,15,,75705,1,,,1,15,,75725,1,,,1,15,,75746,1,,,1,55,,75686,1,,,1,15,,75706,1,,,1,15,,75726,1,,,1,15,,75747,1,,,1,55,,75687,1,,,1,15,,75707,1,,,1,15,,75727,1,,,1,15,,75748,1,,,1,55,,75688,1,,,1,15,,75708,1,,,1,15,,75728,1,,,1,15,,75749,1,,,1,55,,75689,1,,,1,15,,75709,1,,,1,15,,75729,1,,,1,15,,75750,1,,,1,55,,75690,1,,,1,15,,75710,1,,,1,15,,75730,1,,,1,15,,75751,1,,,1,55,,75691,1,,,1,15,,75711,1,,,1,15,,75731,1,,,1,15,,75752,1,,,1,55,,75692,1,,,1,15,,75712,1,,,1,15,,75732,1,,,1,15,,75753,1,,,1,55,,75693,1,,,1,15,,75713,1,,,1,15,,75733,1,,,1,15,,75754,1,,,1,55,,75694,1,,,1,15,,75714,1,,,1,15,,75734,1,,,1,15,,75755,1,,,1,55,,75695,1,,,1,15,,75715,1,,,1,15,,75735,1,,,1,15,,75756,1,,,1,55,,75696,1,,,1,15,,75716,1,,,1,15,,75736,1,,,1,15,,75757,1,,,1,55,,75697,1,,,1,15,,75717,1,,,1,15,,75737,1,,,1,15,,75758,1,,,1,55,,75698,1,,,1,15,,75718,1,,,1,15,,75738,1,,,1,15,,75759,1,,,1,55,,75699,1,,,1,15,,75719,1,,,1,15,,75739,1,,,1,15,,75760,1,,,1,55,,75700,1,,,1,15,,75720,1,,,1,15,,75740,1,,,1,15,,75761,1,,,1,55,,75701,1,,,1,15,,75721,1,,,1,15,,75741,1,,,1,15,,75762,1,,,1,14,,75702,1,,,1,56,,75722,1,,,1,15,,75742,1,,,1,15,,75763,1,,,1,55,,75703,1,,,1
0,'20261215',455,,75824,1,,,1,55,,75764,1,,,1,20,,75804,1,,,1,15,,75825,1,,,1,55,,75765,1,,,1,15,,75785,1,,,1,15,,75805,1,,,1,15,,75826,1,,,1,55,,75766,1,,,1,15,,75786,1,,,1,15,,75806,1,,,1,15,,75827,1,,,1,55,,75767,1,,,1,15,,75787,1,,,1,15,,75807,1,,,1,15,,75828,1,,,1,55,,75768,1,,,1,15,,75788,1,,,1,15,,75808,1,,,1,15,,75829,1,,,1,55,,75769,1,,,1,15,,75789,1,,,1,15,,75809,1,,,1,15,,75830,1,,,1,55,,75770,1,,,1,15,,75790,1,,,1,15,,75810,1,,,1,15,,75831,1,,,1,55,,75771,1,,,1,15,,75791,1,,,1,15,,75811,1,,,1,15,,75832,1,,,1,55,,75772,1,,,1,15,,75792,1,,,1,15,,75812,1,,,1,15,,75833,1,,,1,55,,75773,1,,,1,15,,75793,1,,,1,15,,75813,1,,,1,15,,75834,1,,,1,55,,75774,1,,,1,15,,75794,1,,,1,15,,75814,1,,,1,15,,75835,1,,,1,55,,75775,1,,,1,15,,75795,1,,,1,15,,75815,1,,,1,15,,75836,1,,,1,55,,75776,1,,,1,15,,75796,1,,,1,15,,75816,1,,,1,15,,75837,1,,,1,55,,75777,1,,,1,15,,75797,1,,,1,15,,75817,1,,,1,15,,75838,1,,,1,55,,75778,1,,,1,15,,75798,1,,,1,15,,75818,1,,,1,15,,75839,1,,,1,55,,75779,1,,,1,15,,75799,1,,,1,15,,75819,1,,,1,15,,75840,1,,,1,55,,75780,1,,,1,15,,75800,1,,,1,15,,75820,1,,,1,15,,75841,1,,,1,55,,75781,1,,,1,15,,75801,1,,,1,15,,75821,1,,,1,15,,75842,1,,,1,55,,75782,1,,,1,15,,75802,1,,,1,15,,75822,1,,,1,15,,75843,1,,,1,14,,75783,1,,,1,56,,75803,1,,,1,15,,75823,1,,,1,15,,75844,1,,,1,55,,75784,1,,,1
0,'20261216',455,,75905,1,,,1,55,,75845,1,,,1,20,,75885,1,,,1,15,,75906,1,,,1,55,,75846,1,,,1,15,,75866,1,,,1,15,,75886,1,,,1,15,,75907,1,,,1,55,,75847,1,,,1,15,,75867,1,,,1,15,,75887,1,,,1,15,,75908,1,,,1,55,,75848,1,,,1,15,,75868,1,,,1,15,,75888,1,,,1,15,,75909,1,,,1,55,,75849,1,,,1,15,,75869,1,,,1,15,,75889,1,,,1,15,,75910,1,,,1,55,,75850,1,,,1,15,,75870,1,,,1,15,,75890,1,,,1,15,,75911,1,,,1,55,,75851,1,,,1,15,,75871,1,,,1,15,,75891,1,,,1,15,,75912,1,,,1,55,,75852,1,,,1,15,,75872,1,,,1,15,,75892,1,,,1,15,,75913,1,,,1,55,,75853,1,,,1,15,,75873,1,,,1,15,,75893,1,,,1,15,,75914,1,,,1,55,,75854,1,,,1,15,,75874,1,,,1,15,,75894,1,,,1,15,,75915,1,,,1,55,,75855,1,,,1,15,,75875,1,,,1,15,,75895,1,,,1,15,,75916,1,,,1,55,,75856,1,,,1,15,,75876,1,,,1,15,,75896,1,,,1,15,,75917,1,,,1,55,,75857,1,,,1,15,,75877,1,,,1,15,,75897,1,,,1,15,,75918,1,,,1,55,,75858,1,,,1,15,,75878,1,,,1,15,,75898,1,,,1,15,,75919,1,,,1,55,,75859,1,,,1,15,,75879,1,,,1,15,,75899,1,,,1,15,,75920,1,,,1,55,,75860,1,,,1,15,,75880,1,,,1,15,,75900,1,,,1,15,,75921,1,,,1,55,,75861,1,,,1,15,,75881,1,,,1,15,,75901,1,,,1,15,,75922,1,,,1,55,,75862,1,,,1,15,,75882,1,,,1,15,,75902,1,,,1,15,,75923,1,,,1,55,,75863,1,,,1,15,,75883,1,,,1,15,,75903,1,,,1,15,,75924,1,,,1,14,,75864,1,,,1,56,,75884,1,,,1,15,,75904,1,,,1,15,,75925,1,,,1,55,,75865,1,,,1
0,'20261217',455,,75986,1,,,1,55,,75926,1,,,1,20,,75966,1,,,1,15,,75987,1,,,1,55,,75927,1,,,1,15,,75947,1,,,1,15,,75967,1,,,1,15,,75988,1,,,1,55,,75928,1,,,1,15,,75948,1,,,1,15,,75968,1,,,1,15,,75989,1,,,1,55,,75929,1,,,1,15,,75949,1,,,1,15,,75969,1,,,1,15,,75990,1,,,1,55,,75930,1,,,1,15,,75950,1,,,1,15,,75970,1,,,1,15,,75991,1,,,1,55,,75931,1,,,1,15,,75951,1,,,1,15,,75971,1,,,1,15,,75992,1,,,1,55,,75932,1,,,1,15,,75952,1,,,1,15,,75972,1,,,1,15,,75993,1,,,1,55,,75933,1,,,1,15,,75953,1,,,1,15,,75973,1,,,1,15,,75994,1,,,1,55,,75934,1,,,1,15,,75954,1,,,1,15,,75974,1,,,1,15,,75995,1,,,1,55,,75935,1,,,1,15,,75955,1,,,1,15,,75975,1,,,1,15,,75996,1,,,1,55,,75936,1,,,1,15,,75956,1,,,1,15,,75976,1,,,1,15,,75997,1,,,1,55,,75937,1,,,1,15,,75957,1,,,1,15,,75977,1,,,1,15,,75998,1,,,1,55,,75938,1,,,1,15,,75958,1,,,1,15,,75978,1,,,1,15,,75999,1,,,1,55,,75939,1,,,1,15,,75959,1,,,1,15,,75979,1,,,1,15,,76000,1,,,1,55,,75940,1,,,1,15,,75960,1,,,1,15,,75980,1,,,1,15,,76001,1,,,1,55,,75941,1,,,1,15,,75961,1,,,1,15,,75981,1,,,1,15,,76002,1,,,1,55,,75942,1,,,1,15,,75962,1,,,1,15,,75982,1,,,1,15,,76003,1,,,1,55,,75943,1,,,1,15,,75963,1,,,1,15,,75983,1,,,1,15,,76004,1,,,1,55,,75944,1,,,1,15,,75964,1,,,1,15,,75984,1,,,1,15,,76005,1,,,1,14,,75945,1,,,1,56,,75965,1,,,1,15,,75985,1,,,1,15,,76006,1,,,1,55,,75946,1,,,1
0,'20261218',455,,76067,1,,,1,55,,76007,1,,,1,20,,76047,1,,,1,15,,76068,1,,,1,55,,76008,1,,,1,15,,76028,1,,,1,15,,76048,1,,,1,15,,76069,1,,,1,55,,76009,1,,,1,15,,76029,1,,,1,15,,76049,1,,,1,15,,76070,1,,,1,55,,76010,1,,,1,15,,76030,1,,,1,15,,76050,1,,,1,15,,76071,1,,,1,55,,76011,1,,,1,15,,76031,1,,,1,15,,76051,1,,,1,15,,76072,1,,,1,55,,76012,1,,,1,15,,76032,1,,,1,15,,76052,1,,,1,15,,76073,1,,,1,55,,76013,1,,,1,15,,76033,1,,,1,15,,76053,1,,,1,15,,76074,1,,,1,55,,76014,1,,,1,15,,76034,1,,,1,15,,76054,1,,,1,15,,76075,1,,,1,55,,76015,1,,,1,15,,76035,1,,,1,15,,76055,1,,,1,15,,76076,1,,,1,55,,76016,1,,,1,15,,76036,1,,,1,15,,76056,1,,,1,15,,76077,1,,,1,55,,76017,1,,,1,15,,76037,1,,,1,15,,76057,1,,,1,15,,76078,1,,,1,55,,76018,1,,,1,15,,76038,1,,,1,15,,76058,1,,,1,15,,76079,1,,,1,55,,76019,1,,,1,15,,76039,1,,,1,15,,76059,1,,,1,15,,76080,1,,,1,55,,76020,1,,,1,15,,76040,1,,,1,15,,76060,1,,,1,15,,76081,1,,,1,55,,76021,1,,,1,15,,76041,1,,,1,15,,76061,1,,,1,15,,76082,1,,,1,55,,76022,1,,,1,15,,76042,1,,,1,15,,76062,1,,,1,15,,76083,1,,,1,55,,76023,1,,,1,15,,76043,1,,,1,15,,76063,1,,,1,15,,76084,1,,,1,55,,76024,1,,,1,15,,76044,1,,,1,15,,76064,1,,,1,15,,76085,1,,,1,55,,76025,1,,,1,15,,76045,1,,,1,15,,76065,1,,,1,15,,76086,1,,,1,14,,76026,1,,,1,56,,76046,1,,,1,15,,76066,1,,,1,15,,76087,1,,,1,55,,76027,1,,,1
0,'20261219',600,,76088,1,,,1,15,,76108,1,,,1,15,,76127,1,,,1,15,,76146,1,,,1,55,,76089,1,,,1,15,,76109,1,,,1,15,,76128,1,,,1,15,,76147,1,,,1,55,,76090,1,,,1,15,,76110,1,,,1,15,,76129,1,,,1,15,,76148,1,,,1,55,,76091,1,,,1,15,,76111,1,,,1,15,,76130,1,,,1,15,,76149,1,,,1,55,,76092,1,,,1,15,,76112,1,,,1,15,,76131,1,,,1,15,,76150,1,,,1,55,,76093,1,,,1,15,,76113,1,,,1,15,,76132,1,,,1,15,,76151,1,,,1,55,,76094,1,,,1,15,,76114,1,,,1,15,,76133,1,,,1,15,,76152,1,,,1,55,,76095,1,,,1,15,,76115,1,,,1,15,,76134,1,,,1,15,,76153,1,,,1,55,,76096,1,,,1,15,,76116,1,,,1,15,,76135,1,,,1,15,,76154,1,,,1,55,,76097,1,,,1,15,,76117,1,,,1,15,,76136,1,,,1,15,,76155,1,,,1,55,,76098,1,,,1,15,,76118,1,,,1,15,,76137,1,,,1,15,,76156,1,,,1,55,,76099,1,,,1,15,,76119,1,,,1,15,,76138,1,,,1,15,,76157,1,,,1,55,,76100,1,,,1,15,,76120,1,,,1,15,,76139,1,,,1,15,,76158,1,,,1,55,,76101,1,,,1,15,,76121,1,,,1,15,,76140,1,,,1,15,,76159,1,,,1,55,,76102,1,,,1,15,,76122,1,,,1,15,,76141,1,,,1,15,,76160,1,,,1,55,,76103,1,,,1,15,,76123,1,,,1,15,,76142,1,,,1,15,,76161,1,,,1,55,,76104,1,,,1,15,,76124,1,,,1,15,,76143,1,,,1,15,,76162,1,,,1,55,,76105,1,,,1,15,,76125,1,,,1,15,,76144,1,,,1,15,,76163,1,,,1,14,,76106,1,,,1,56,,76126,1,,,1,15,,76145,1,,,1,15,,76164,1,,,1,55,,76107,1,,,1
0,'20261220',600,,76165,1,,,1,15,,76185,1,,,1,15,,76204,1,,,1,15,,76223,1,,,1,55,,76166,1,,,1,15,,76186,1,,,1,15,,76205,1,,,1,15,,76224,1,,,1,55,,76167,1,,,1,15,,76187,1,,,1,15,,76206,1,,,1,15,,76225,1,,,1,55,,76168,1,,,1,15,,76188,1,,,1,15,,76207,1,,,1,15,,76226,1,,,1,55,,76169,1,,,1,15,,76189,1,,,1,15,,76208,1,,,1,15,,76227,1,,,1,55,,76170,1,,,1,15,,76190,1,,,1,15,,76209,1,,,1,15,,76228,1,,,1,55,,76171,1,,,1,15,,76191,1,,,1,15,,76210,1,,,1,15,,76229,1,,,1,55,,76172,1,,,1,15,,76192,1,,,1,15,,76211,1,,,1,15,,76230,1,,,1,55,,76173,1,,,1,15,,76193,1,,,1,15,,76212,1,,,1,15,,76231,1,,,1,55,,76174,1,,,1,15,,76194,1,,,1,15,,76213,1,,,1,15,,76232,1,,,1,55,,76175,1,,,1,15,,76195,1,,,1,15,,76214,1,,,1,15,,76233,1,,,1,55,,76176,1,,,1,15,,76196,1,,,1,15,,76215,1,,,1,15,,76234,1,,,1,55,,76177,1,,,1,15,,76197,1,,,1,15,,76216,1,,,1,15,,76235,1,,,1,55,,76178,1,,,1,15,,76198,1,,,1,15,,76217,1,,,1,15,,76236,1,,,1,55,,76179,1,,,1,15,,76199,1,,,1,15,,76218,1,,,1,15,,76237,1,,,1,55,,76180,1,,,1,15,,76200,1,,,1,15,,76219,1,,,1,15,,76238,1,,,1,55,,76181,1,,,1,15,,76201,1,,,1,15,,76220,1,,,1,15,,76239,1,,,1,55,,76182,1,,,1,15,,76202,1,,,1,15,,76221,1,,,1,15,,76240,1,,,1,14,,76183,1,,,1,56,,76203,1,,,1,15,,76222,1,,,1,15,,76241,1,,,1,55,,76184,1,,,1
0,'20261221',455,,76302,1,,,1,55,,76242,1,,,1,20,,76282,1,,,1,15,,76303,1,,,1,55,,76243,1,,,1,15,,76263,1,,,1,15,,76283,1,,,1,15,,76304,1,,,1,55,,76244,1,,,1,15,,76264,1,,,1,15,,76284,1,,,1,15,,76305,1,,,1,55,,76245,1,,,1,15,,76265,1,,,1,15,,76285,1,,,1,15,,76306,1,,,1,55,,76246,1,,,1,15,,76266,1,,,1,15,,76286,1,,,1,15,,76307,1,,,1,55,,76247,1,,,1,15,,76267,1,,,1,15,,76287,1,,,1,15,,76308,1,,,1,55,,76248,1,,,1,15,,76268,1,,,1,15,,76288,1,,,1,15,,76309,1,,,1,55,,76249,1,,,1,15,,76269,1,,,1,15,,76289,1,,,1,15,,76310,1,,,1,55,,76250,1,,,1,15,,76270,1,,,1,15,,76290,1,,,1,15,,76311,1,,,1,55,,76251,1,,,1,15,,76271,1,,,1,15,,76291,1,,,1,15,,76312,1,,,1,55,,76252,1,,,1,15,,76272,1,,,1,15,,76292,1,,,1,15,,76313,1,,,1,55,,76253,1,,,1,15,,76273,1,,,1,15,,76293,1,,,1,15,,76314,1,,,1,55,,76254,1,,,1,15,,76274,1,,,1,15,,76294,1,,,1,15,,76315,1,,,1,55,,76255,1,,,1,15,,76275,1,,,1,15,,76295,1,,,1,15,,76316,1,,,1,55,,76256,1,,,1,15,,76276,1,,,1,15,,76296,1,,,1,15,,76317,1,,,1,55,,76257,1,,,1,15,,76277,1,,,1,15,,76297,1,,,1,15,,76318,1,,,1,55,,76258,1,,,1,15,,76278,1,,,1,15,,76298,1,,,1,15,,76319,1,,,1,55,,76259,1,,,1,15,,76279,1,,,1,15,,76299,1,,,1,15,,76320,1,,,1,55,,76260,1,,,1,15,,76280,1,,,1,15,,76300,1,,,1,15,,76321,1,,,1,14,,76261,1,,,1,56,,76281,1,,,1,15,,76301,1,,,1,15,,76322,1,,,1,55,,76262,1,,,1
0,'20261222',455,,76383,1,,,1,55,,76323,1,,,1,20,,76363,1,,,1,15,,76384,1,,,1,55,,76324,1,,,1,15,,76344,1,,,1,15,,76364,1,,,1,15,,76385,1,,,1,55,,76325,1,,,1,15,,76345,1,,,1,15,,76365,1,,,1,15,,76386,1,,,1,55,,76326,1,,,1,15,,76346,1,,,1,15,,76366,1,,,1,15,,76387,1,,,1,55,,76327,1,,,1,15,,76347,1,,,1,15,,76367,1,,,1,15,,76388,1,,,1,55,,76328,1,,,1,15,,76348,1,,,1,15,,76368,1,,,1,15,,76389,1,,,1,55,,76329,1,,,1,15,,76349,1,,,1,15,,76369,1,,,1,15,,76390,1,,,1,55,,76330,1,,,1,15,,76350,1,,,1,15,,76370,1,,,1,15,,76391,1,,,1,55,,76331,1,,,1,15,,76351,1,,,1,15,,76371,1,,,1,15,,76392,1,,,1,55,,76332,1,,,1,15,,76352,1,,,1,15,,76372,1,,,1,15,,76393,1,,,1,55,,76333,1,,,1,15,,76353,1,,,1,15,,76373,1,,,1,15,,76394,1,,,1,55,,76334,1,,,1,15,,76354,1,,,1,15,,76374,1,,,1,15,,76395,1,,,1,55,,76335,1,,,1,15,,76355,1,,,1,15,,76375,1,,,1,15,,76396,1,,,1,55,,76336,1,,,1,15,,76356,1,,,1,15,,76376,1,,,1,15,,76397,1,,,1,55,,76337,1,,,1,15,,76357,1,,,1,15,,76377,1,,,1,15,,76398,1,,,1,55,,76338,1,,,1,15,,76358,1,,,1,15,,76378,1,,,1,15,,76399,1,,,1,55,,76339,1,,,1,15,,76359,1,,,1,15,,76379,1,,,1,15,,76400,1,,,1,55,,76340,1,,,1,15,,76360,1,,,1,15,,76380,1,,,1,15,,76401,1,,,1,55,,76341,1,,,1,15,,76361,1,,,1,15,,76381,1,,,1,15,,76402,1,,,1,14,,76342,1,,,1,56,,76362,1,,,1,15,,76382,1,,,1,15,,76403,1,,,1,55,,76343,1,,,1
0,'20261223',455,,76464,1,,,1,55,,76404,1,,,1,20,,76444,1,,,1,15,,76465,1,,,1,55,,76405,1,,,1,15,,76425,1,,,1,15,,76445,1,,,1,15,,76466,1,,,1,55,,76406,1,,,1,15,,76426,1,,,1,15,,76446,1,,,1,15,,76467,1,,,1,55,,76407,1,,,1,15,,76427,1,,,1,15,,76447,1,,,1,15,,76468,1,,,1,55,,76408,1,,,1,15,,76428,1,,,1,15,,76448,1,,,1,15,,76469,1,,,1,55,,76409,1,,,1,15,,76429,1,,,1,15,,76449,1,,,1,15,,76470,1,,,1,55,,76410,1,,,1,15,,76430,1,,,1,15,,76450,1,,,1,15,,76471,1,,,1,55,,76411,1,,,1,15,,76431,1,,,1,15,,76451,1,,,1,15,,76472,1,,,1,55,,76412,1,,,1,15,,76432,1,,,1,15,,76452,1,,,1,15,,76473,1,,,1,55,,76413,1,,,1,15,,76433,1,,,1,15,,76453,1,,,1,15,,76474,1,,,1,55,,76414,1,,,1,15,,76434,1,,,1,15,,76454,1,,,1,15,,76475,1,,,1,55,,76415,1,,,1,15,,76435,1,,,1,15,,76455,1,,,1,15,,76476,1,,,1,55,,76416,1,,,1,15,,76436,1,,,1,15,,76456,1,,,1,15,,76477,1,,,1,55,,76417,1,,,1,15,,76437,1,,,1,15,,76457,1,,,1,15,,76478,1,,,1,55,,76418,1,,,1,15,,76438,1,,,1,15,,76458,1,,,1,15,,76479,1,,,1,55,,76419,1,,,1,15,,76439,1,,,1,15,,76459,1,,,1,15,,76480,1,,,1,55,,76420,1,,,1,15,,76440,1,,,1,15,,76460,1,,,1,15,,76481,1,,,1,55,,76421,1,,,1,15,,76441,1,,,1,15,,76461,1,,,1,15,,76482,1,,,1,55,,76422,1,,,1,15,,76442,1,,,1,15,,76462,1,,,1,15,,76483,1,,,1,14,,76423,1,,,1,56,,76443,1,,,1,15,,76463,1,,,1,15,,76484,1,,,1,55,,76424,1,,,1
0,'20261224',455,,76545,1,,,1,55,,76485,1,,,1,20,,76525,1,,,1,15,,76546,1,,,1,55,,76486,1,,,1,15,,76506,1,,,1,15,,76526,1,,,1,15,,76547,1,,,1,55,,76487,1,,,1,15,,76507,1,,,1,15,,76527,1,,,1,15,,76548,1,,,1,55,,76488,1,,,1,15,,76508,1,,,1,15,,76528,1,,,1,15,,76549,1,,,1,55,,76489,1,,,1,15,,76509,1,,,1,15,,76529,1,,,1,15,,76550,1,,,1,55,,76490,1,,,1,15,,76510,1,,,1,15,,76530,1,,,1,15,,76551,1,,,1,55,,76491,1,,,1,15,,76511,1,,,1,15,,76531,1,,,1,15,,76552,1,,,1,55,,76492,1,,,1,15,,76512,1,,,1,15,,76532,1,,,1,15,,76553,1,,,1,55,,76493,1,,,1,15,,76513,1,,,1,15,,76533,1,,,1,15,,76554,1,,,1,55,,76494,1,,,1,15,,76514,1,,,1,15,,76534,1,,,1,15,,76555,1,,,1,55,,76495,1,,,1,15,,76515,1,,,1,15,,76535,1,,,1,15,,76556,1,,,1,55,,76496,1,,,1,15,,76516,1,,,1,15,,76536,1,,,1,15,,76557,1,,,1,55,,76497,1,,,1,15,,76517,1,,,1,15,,76537,1,,,1,15,,76558,1,,,1,55,,76498,1,,,1,15,,76518,1,,,1,15,,76538,1,,,1,15,,76559,1,,,1,55,,76499,1,,,1,15,,76519,1,,,1,15,,76539,1,,,1,15,,76560,1,,,1,55,,76500,1,,,1,15,,76520,1,,,1,15,,76540,1,,,1,15,,76561,1,,,1,55,,76501,1,,,1,15,,76521,1,,,1,15,,76541,1,,,1,15,,76562,1,,,1,55,,76502,1,,,1,15,,76522,1,,,1,15,,76542,1,,,1,15,,76563,1,,,1,55,,76503,1,,,1,15,,76523,1,,,1,15,,76543,1,,,1,15,,76564,1,,,1,14,,76504,1,,,1,56,,76524,1,,,1,15,,76544,1,,,1,15,,76565,1,,,1,55,,76505,1,,,1
0,'20261225',455,,76626,1,,,1,55,,76566,1,,,1,20,,76606,1,,,1,15,,76627,1,,,1,55,,76567,1,,,1,15,,76587,1,,,1,15,,76607,1,,,1,15,,76628,1,,,1,55,,76568,1,,,1,15,,76588,1,,,1,15,,76608,1,,,1,15,,76629,1,,,1,55,,76569,1,,,1,15,,76589,1,,,1,15,,76609,1,,,1,15,,76630,1,,,1,55,,76570,1,,,1,15,,76590,1,,,1,15,,76610,1,,,1,15,,76631,1,,,1,55,,76571,1,,,1,15,,76591,1,,,1,15,,76611,1,,,1,15,,76632,1,,,1,55,,76572,1,,,1,15,,76592,1,,,1,15,,76612,1,,,1,15,,76633,1,,,1,55,,76573,1,,,1,15,,76593,1,,,1,15,,76613,1,,,1,15,,76634,1,,,1,55,,76574,1,,,1,15,,76594,1,,,1,15,,76614,1,,,1,15,,76635,1,,,1,55,,76575,1,,,1,15,,76595,1,,,1,15,,76615,1,,,1,15,,76636,1,,,1,55,,76576,1,,,1,15,,76596,1,,,1,15,,76616,1,,,1,15,,76637,1,,,1,55,,76577,1,,,1,15,,76597,1,,,1,15,,76617,1,,,1,15,,76638,1,,,1,55,,76578,1,,,1,15,,76598,1,,,1,15,,76618,1,,,1,15,,76639,1,,,1,55,,76579,1,,,1,15,,76599,1,,,1,15,,76619,1,,,1,15,,76640,1,,,1,55,,76580,1,,,1,15,,76600,1,,,1,15,,76620,1,,,1,15,,76641,1,,,1,55,,76581,1,,,1,15,,76601,1,,,1,15,,76621,1,,,1,15,,76642,1,,,1,55,,76582,1,,,1,15,,76602,1,,,1,15,,76622,1,,,1,15,,76643,1,,,1,55,,76583,1,,,1,15,,76603,1,,,1,15,,76623,1,,,1,15,,76644,1,,,1,55,,76584,1,,,1,15,,76604,1,,,1,15,,76624,1,,,1,15,,76645,1,,,1,14,,76585,1,,,1,56,,76605,1,,,1,15,,76625,1,,,1,15,,76646,1,,,1,55,,76586,1,,,1
0,'20261226',600,,76647,1,,,1,15,,76667,1,,,1,15,,76686,1,,,1,15,,76705,1,,,1,55,,76648,1,,,1,15,,76668,1,,,1,15,,76687,1,,,1,15,,76706,1,,,1,55,,76649,1,,,1,15,,76669,1,,,1,15,,76688,1,,,1,15,,76707,1,,,1,55,,76650,1,,,1,15,,76670,1,,,1,15,,76689,1,,,1,15,,76708,1,,,1,55,,76651,1,,,1,15,,76671,1,,,1,15,,76690,1,,,1,15,,76709,1,,,1,55,,76652,1,,,1,15,,76672,1,,,1,15,,76691,1,,,1,15,,76710,1,,,1,55,,76653,1,,,1,15,,76673,1,,,1,15,,76692,1,,,1,15,,76711,1,,,1,55,,76654,1,,,1,15,,76674,1,,,1,15,,76693,1,,,1,15,,76712,1,,,1,55,,76655,1,,,1,15,,76675,1,,,1,15,,76694,1,,,1,15,,76713,1,,,1,55,,76656,1,,,1,15,,76676,1,,,1,15,,76695,1,,,1,15,,76714,1,,,1,55,,76657,1,,,1,15,,76677,1,,,1,15,,76696,1,,,1,15,,76715,1,,,1,55,,76658,1,,,1,15,,76678,1,,,1,15,,76697,1,,,1,15,,76716,1,,,1,55,,76659,1,,,1,15,,76679,1,,,1,15,,76698,1,,,1,15,,76717,1,,,1,55,,76660,1,,,1,15,,76680,1,,,1,15,,76699,1,,,1,15,,76718,1,,,1,55,,76661,1,,,1,15,,76681,1,,,1,15,,76700,1,,,1,15,,76719,1,,,1,55,,76662,1,,,1,15,,76682,1,,,1,15,,76701,1,,,1,15,,76720,1,,,1,55,,76663,1,,,1,15,,76683,1,,,1,15,,76702,1,,,1,15,,76721,1,,,1,55,,76664,1,,,1,15,,76684,1,,,1,15,,76703,1,,,1,15,,76722,1,,,1,14,,76665,1,,,1,56,,76685,1,,,1,15,,76704,1,,,1,15,,76723,1,,,1,55,,76666,1,,,1
0,'20261227',600,,76724,1,,,1,15,,76744,1,,,1,15,,76763,1,,,1,15,,76782,1,,,1,55,,76725,1,,,1,15,,76745,1,,,1,15,,76764,1,,,1,15,,76783,1,,,1,55,,76726,1,,,1,15,,76746,1,,,1,15,,76765,1,,,1,15,,76784,1,,,1,55,,76727,1,,,1,15,,76747,1,,,1,15,,76766,1,,,1,15,,76785,1,,,1,55,,76728,1,,,1,15,,76748,1,,,1,15,,76767,1,,,1,15,,76786,1,,,1,55,,76729,1,,,1,15,,76749,1,,,1,15,,76768,1,,,1,15,,76787,1,,,1,55,,76730,1,,,1,15,,76750,1,,,1,15,,76769,1,,,1,15,,76788,1,,,1,55,,76731,1,,,1,15,,76751,1,,,1,15,,76770,1,,,1,15,,76789,1,,,1,55,,76732,1,,,1,15,,76752,1,,,1,15,,76771,1,,,1,15,,76790,1,,,1,55,,76733,1,,,1,15,,76753,1,,,1,15,,76772,1,,,1,15,,76791,1,,,1,55,,76734,1,,,1,15,,76754,1,,,1,15,,76773,1,,,1,15,,76792,1,,,1,55,,76735,1,,,1,15,,76755,1,,,1,15,,76774,1,,,1,15,,76793,1,,,1,55,,76736,1,,,1,15,,76756,1,,,1,15,,76775,1,,,1,15,,76794,1,,,1,55,,76737,1,,,1,15,,76757,1,,,1,15,,76776,1,,,1,15,,76795,1,,,1,55,,76738,1,,,1,15,,76758,1,,,1,15,,76777,1,,,1,15,,76796,1,,,1,55,,76739,1,,,1,15,,76759,1,,,1,15,,76778,1,,,1,15,,76797,1,,,1,55,,76740,1,,,1,15,,76760,1,,,1,15,,76779,1,,,1,15,,76798,1,,,1,55,,76741,1,,,1,15,,76761,1,,,1,15,,76780,1,,,1,15,,76799,1,,,1,14,,76742,1,,,1,56,,76762,1,,,1,15,,76781,1,,,1,15,,76800,1,,,1,55,,76743,1,,,1
0,'20261228',455,,76861,1,,,1,55,,76801,1,,,1,20,,76841,1,,,1,15,,76862,1,,,1,55,,76802,1,,,1,15,,76822,1,,,1,15,,76842,1,,,1,15,,76863,1,,,1,55,,76803,1,,,1,15,,76823,1,,,1,15,,76843,1,,,1,15,,76864,1,,,1,55,,76804,1,,,1,15,,76824,1,,,1,15,,76844,1,,,1,15,,76865,1,,,1,55,,76805,1,,,1,15,,76825,1,,,1,15,,76845,1,,,1,15,,76866,1,,,1,55,,76806,1,,,1,15,,76826,1,,,1,15,,76846,1,,,1,15,,76867,1,,,1,55,,76807,1,,,1,15,,76827,1,,,1,15,,76847,1,,,1,15,,76868,1,,,1,55,,76808,1,,,1,15,,76828,1,,,1,15,,76848,1,,,1,15,,76869,1,,,1,55,,76809,1,,,1,15,,76829,1,,,1,15,,76849,1,,,1,15,,76870,1,,,1,55,,76810,1,,,1,15,,76830,1,,,1,15,,76850,1,,,1,15,,76871,1,,,1,55,,76811,1,,,1,15,,76831,1,,,1,15,,76851,1,,,1,15,,76872,1,,,1,55,,76812,1,,,1,15,,76832,1,,,1,15,,76852,1,,,1,15,,76873,1,,,1,55,,76813,1,,,1,15,,76833,1,,,1,15,,76853,1,,,1,15,,76874,1,,,1,55,,76814,1,,,1,15,,76834,1,,,1,15,,76854,1,,,1,15,,76875,1,,,1,55,,76815,1,,,1,15,,76835,1,,,1,15,,76855,1,,,1,15,,76876,1,,,1,55,,76816,1,,,1,15,,76836,1,,,1,15,,76856,1,,,1,15,,76877,1,,,1,55,,76817,1,,,1,15,,76837,1,,,1,15,,76857,1,,,1,15,,76878,1,,,1,55,,76818,1,,,1,15,,76838,1,,,1,15,,76858,1,,,1,15,,76879,1,,,1,55,,76819,1,,,1,15,,76839,1,,,1,15,,76859,1,,,1,15,,76880,1,,,1,14,,76820,1,,,1,56,,76840,1,,,1,15,,76860,1,,,1,15,,76881,1,,,1,55,,76821,1,,,1
0,'20261229',455,,76942,1,,,1,55,,76882,1,,,1,20,,76922,1,,,1,15,,76943,1,,,1,55,,76883,1,,,1,15,,76903,1,,,1,15,,76923,1,,,1,15,,76944,1,,,1,55,,76884,1,,,1,15,,76904,1,,,1,15,,76924,1,,,1,15,,76945,1,,,1,55,,76885,1,,,1,15,,76905,1,,,1,15,,76925,1,,,1,15,,76946,1,,,1,55,,76886,1,,,1,15,,76906,1,,,1,15,,76926,1,,,1,15,,76947,1,,,1,55,,76887,1,,,1,15,,76907,1,,,1,15,,76927,1,,,1,15,,76948,1,,,1,55,,76888,1,,,1,15,,76908,1,,,1,15,,76928,1,,,1,15,,76949,1,,,1,55,,76889,1,,,1,15,,76909,1,,,1,15,,76929,1,,,1,15,,76950,1,,,1,55,,76890,1,,,1,15,,76910,1,,,1,15,,76930,1,,,1,15,,76951,1,,,1,55,,76891,1,,,1,15,,76911,1,,,1,15,,76931,1,,,1,15,,76952,1,,,1,55,,76892,1,,,1,15,,76912,1,,,1,15,,76932,1,,,1,15,,76953,1,,,1,55,,76893,1,,,1,15,,76913,1,,,1,15,,76933,1,,,1,15,,76954,1,,,1,55,,76894,1,,,1,15,,76914,1,,,1,15,,76934,1,,,1,15,,76955,1,,,1,55,,76895,1,,,1,15,,76915,1,,,1,15,,76935,1,,,1,15,,76956,1,,,1,55,,76896,1,,,1,15,,76916,1,,,1,15,,76936,1,,,1,15,,76957,1,,,1,55,,76897,1,,,1,15,,76917,1,,,1,15,,76937,1,,,1,15,,76958,1,,,1,55,,76898,1,,,1,15,,76918,1,,,1,15,,76938,1,,,1,15,,76959,1,,,1,55,,76899,1,,,1,15,,76919,1,,,1,15,,76939,1,,,1,15,,76960,1,,,1,55,,76900,1,,,1,15,,76920,1,,,1,15,,76940,1,,,1,15,,76961,1,,,1,14,,76901,1,,,1,56,,76921,1,,,1,15,,76941,1,,,1,15,,76962,1,,,1,55,,76902,1,,,1
0,'20261230',455,,77023,1,,,1,55,,76963,1,,,1,20,,77003,1,,,1,15,,77024,1,,,1,55,,76964,1,,,1,15,,76984,1,,,1,15,,77004,1,,,1,15,,77025,1,,,1,55,,76965,1,,,1,15,,76985,1,,,1,15,,77005,1,,,1,15,,77026,1,,,1,55,,76966,1,,,1,15,,76986,1,,,1,15,,77006,1,,,1,15,,77027,1,,,1,55,,76967,1,,,1,15,,76987,1,,,1,15,,77007,1,,,1,15,,77028,1,,,1,55,,76968,1,,,1,15,,76988,1,,,1,15,,77008,1,,,1,15,,77029,1,,,1,55,,76969,1,,,1,15,,76989,1,,,1,15,,77009,1,,,1,15,,77030,1,,,1,55,,76970,1,,,1,15,,76990,1,,,1,15,,77010,1,,,1,15,,77031,1,,,1,55,,76971,1,,,1,15,,76991,1,,,1,15,,77011,1,,,1,15,,77032,1,,,1,55,,76972,1,,,1,15,,76992,1,,,1,15,,77012,1,,,1,15,,77033,1,,,1,55,,76973,1,,,1,15,,76993,1,,,1,15,,77013,1,,,1,15,,77034,1,,,1,55,,76974,1,,,1,15,,76994,1,,,1,15,,77014,1,,,1,15,,77035,1,,,1,55,,76975,1,,,1,15,,76995,1,,,1,15,,77015,1,,,1,15,,77036,1,,,1,55,,76976,1,,,1,15,,76996,1,,,1,15,,77016,1,,,1,15,,77037,1,,,1,55,,76977,1,,,1,15,,76997,1,,,1,15,,77017,1,,,1,15,,77038,1,,,1,55,,76978,1,,,1,15,,76998,1,,,1,15,,77018,1,,,1,15,,77039,1,,,1,55,,76979,1,,,1,15,,76999,1,,,1,15,,77019,1,,,1,15,,77040,1,,,1,55,,76980,1,,,1,15,,77000,1,,,1,15,,77020,1,,,1,15,,77041,1,,,1,55,,76981,1,,,1,15,,77001,1,,,1,15,,77021,1,,,1,15,,77042,1,,,1,14,,76982,1,,,1,56,,77002,1,,,1,15,,77022,1,,,1,15,,77043,1,,,1,55,,76983,1,,,1
0,'20261231',455,,77104,1,,,1,55,,77044,1,,,1,20,,77084,1,,,1,15,,77105,1,,,1,55,,77045,1,,,1,15,,77065,1,,,1,15,,77085,1,,,1,15,,77106,1,,,1,55,,77046,1,,,1,15,,77066,1,,,1,15,,77086,1,,,1,15,,77107,1,,,1,55,,77047,1,,,1,15,,77067,1,,,1,15,,77087,1,,,1,15,,77108,1,,,1,55,,77048,1,,,1,15,,77068,1,,,1,15,,77088,1,,,1,15,,77109,1,,,1,55,,77049,1,,,1,15,,77069,1,,,1,15,,77089,1,,,1,15,,77110,1,,,1,55,,77050,1,,,1,15,,77070,1,,,1,15,,77090,1,,,1,15,,77111,1,,,1,55,,77051,1,,,1,15,,77071,1,,,1,15,,77091,1,,,1,15,,77112,1,,,1,55,,77052,1,,,1,15,,77072,1,,,1,15,,77092,1,,,1,15,,77113,1,,,1,55,,77053,1,,,1,15,,77073,1,,,1,15,,77093,1,,,1,15,,77114,1,,,1,55,,77054,1,,,1,15,,77074,1,,,1,15,,77094,1,,,1,15,,77115,1,,,1,55,,77055,1,,,1,15,,77075,1,,,1,15,,77095,1,,,1,15,,77116,1,,,1,55,,77056,1,,,1,15,,77076,1,,,1,15,,77096,1,,,1,15,,77117,1,,,1,55,,77057,1,,,1,15,,77077,1,,,1,15,,77097,1,,,1,15,,77118,1,,,1,55,,77058,1,,,1,15,,77078,1,,,1,15,,77098,1,,,1,15,,77119,1,,,1,55,,77059,1,,,1,15,,77079,1,,,1,15,,77099,1,,,1,15,,77120,1,,,1,55,,77060,1,,,1,15,,77080,1,,,1,15,,77100,1,,,1,15,,77121,1,,,1,55,,77061,1,,,1,15,,77081,1,,,1,15,,77101,1,,,1,15,,77122,1,,,1,55,,77062,1,,,1,15,,77082,1,,,1,15,,77102,1,,,1,15,,77123,1,,,1,14,,77063,1,,,1,56,,77083,1,,,1,15,,77103,1,,,1,15,,77124,1,,,1,55,,77064,1,,,1
0,'20270101',455,,77185,1,,,1,55,,77125,1,,,1,20,,77165,1,,,1,15,,77186,1,,,1,55,,77126,1,,,1,15,,77146,1,,,1,15,,77166,1,,,1,15,,77187,1,,,1,55,,77127,1,,,1,15,,77147,1,,,1,15,,77167,1,,,1,15,,77188,1,,,1,55,,77128,1,,,1,15,,77148,1,,,1,15,,77168,1,,,1,15,,77189,1,,,1,55,,77129,1,,,1,15,,77149,1,,,1,15,,77169,1,,,1,15,,77190,1,,,1,55,,77130,1,,,1,15,,77150,1,,,1,15,,77170,1,,,1,15,,77191,1,,,1,55,,77131,1,,,1,15,,77151,1,,,1,15,,77171,1,,,1,15,,77192,1,,,1,55,,77132,1,,,1,15,,77152,1,,,1,15,,77172,1,,,1,15,,77193,1,,,1,55,,77133,1,,,1,15,,77153,1,,,1,15,,77173,1,,,1,15,,77194,1,,,1,55,,77134,1,,,1,15,,77154,1,,,1,15,,77174,1,,,1,15,,77195,1,,,1,55,,77135,1,,,1,15,,77155,1,,,1,15,,77175,1,,,1,15,,77196,1,,,1,55,,77136,1,,,1,15,,77156,1,,,1,15,,77176,1,,,1,15,,77197,1,,,1,55,,77137,1,,,1,15,,77157,1,,,1,15,,77177,1,,,1,15,,77198,1,,,1,55,,77138,1,,,1,15,,77158,1,,,1,15,,77178,1,,,1,15,,77199,1,,,1,55,,77139,1,,,1,15,,77159,1,,,1,15,,77179,1,,,1,15,,77200,1,,,1,55,,77140,1,,,1,15,,77160,1,,,1,15,,77180,1,,,1,15,,77201,1,,,1,55,,77141,1,,,1,15,,77161,1,,,1,15,,77181,1,,,1,15,,77202,1,,,1,55,,77142,1,,,1,15,,77162,1,,,1,15,,77182,1,,,1,15,,77203,1,,,1,55,,77143,1,,,1,15,,77163,1,,,1,15,,77183,1,,,1,15,,77204,1,,,1,14,,77144,1,,,1,56,,77164,1,,,1,15,,77184,1,,,1,15,,77205,1,,,1,55,,77145,1,,,1
0,'20270102',600,,77206,1,,,1,15,,77226,1,,,1,15,,77245,1,,,1,15,,77264,1,,,1,55,,77207,1,,,1,15,,77227,1,,,1,15,,77246,1,,,1,15,,77265,1,,,1,55,,77208,1,,,1,15,,77228,1,,,1,15,,77247,1,,,1,15,,77266,1,,,1,55,,77209,1,,,1,15,,77229,1,,,1,15,,77248,1,,,1,15,,77267,1,,,1,55,,77210,1,,,1,15,,77230,1,,,1,15,,77249,1,,,1,15,,77268,1,,,1,55,,77211,1,,,1,15,,77231,1,,,1,15,,77250,1,,,1,15,,77269,1,,,1,55,,77212,1,,,1,15,,77232,1,,,1,15,,77251,1,,,1,15,,77270,1,,,1,55,,77213,1,,,1,15,,77233,1,,,1,15,,77252,1,,,1,15,,77271,1,,,1,55,,77214,1,,,1,15,,77234,1,,,1,15,,77253,1,,,1,15,,77272,1,,,1,55,,77215,1,,,1,15,,77235,1,,,1,15,,77254,1,,,1,15,,77273,1,,,1,55,,77216,1,,,1,15,,77236,1,,,1,15,,77255,1,,,1,15,,77274,1,,,1,55,,77217,1,,,1,15,,77237,1,,,1,15,,77256,1,,,1,15,,77275,1,,,1,55,,77218,1,,,1,15,,77238,1,,,1,15,,77257,1,,,1,15,,77276,1,,,1,55,,77219,1,,,1,15,,77239,1,,,1,15,,77258,1,,,1,15,,77277,1,,,1,55,,77220,1,,,1,15,,77240,1,,,1,15,,77259,1,,,1,15,,77278,1,,,1,55,,77221,1,,,1,15,,77241,1,,,1,15,,77260,1,,,1,15,,77279,1,,,1,55,,77222,1,,,1,15,,77242,1,,,1,15,,77261,1,,,1,15,,77280,1,,,1,55,,77223,1,,,1,15,,77243,1,,,1,15,,77262,1,,,1,15,,77281,1,,,1,14,,77224,1,,,1,56,,77244,1,,,1,15,,77263,1,,,1,15,,77282,1,,,1,55,,77225,1,,,1
0,'20270103',600,,77283,1,,,1,15,,77303,1,,,1,15,,77322,1,,,1,15,,77341,1,,,1,55,,77284,1,,,1,15,,77304,1,,,1,15,,77323,1,,,1,15,,77342,1,,,1,55,,77285,1,,,1,15,,77305,1,,,1,15,,77324,1,,,1,15,,77343,1,,,1,55,,77286,1,,,1,15,,77306,1,,,1,15,,77325,1,,,1,15,,77344,1,,,1,55,,77287,1,,,1,15,,77307,1,,,1,15,,77326,1,,,1,15,,77345,1,,,1,55,,77288,1,,,1,15,,77308,1,,,1,15,,77327,1,,,1,15,,77346,1,,,1,55,,77289,1,,,1,15,,77309,1,,,1,15,,77328,1,,,1,15,,77347,1,,,1,55,,77290,1,,,1,15,,77310,1,,,1,15,,77329,1,,,1,15,,77348,1,,,1,55,,77291,1,,,1,15,,77311,1,,,1,15,,77330,1,,,1,15,,77349,1,,,1,55,,77292,1,,,1,15,,77312,1,,,1,15,,77331,1,,,1,15,,77350,1,,,1,55,,77293,1,,,1,15,,77313,1,,,1,15,,77332,1,,,1,15,,77351,1,,,1,55,,77294,1,,,1,15,,77314,1,,,1,15,,77333,1,,,1,15,,77352,1,,,1,55,,77295,1,,,1,15,,77315,1,,,1,15,,77334,1,,,1,15,,77353,1,,,1,55,,77296,1,,,1,15,,77316,1,,,1,15,,77335,1,,,1,15,,77354,1,,,1,55,,77297,1,,,1,15,,77317,1,,,1,15,,77336,1,,,1,15,,77355,1,,,1,55,,77298,1,,,1,15,,77318,1,,,1,15,,77337,1,,,1,15,,77356,1,,,1,55,,77299,1,,,1,15,,77319,1,,,1,15,,77338,1,,,1,15,,77357,1,,,1,55,,77300,1,,,1,15,,77320,1,,,1,15,,77339,1,,,1,15,,77358,1,,,1,14,,77301,1,,,1,56,,77321,1,,,1,15,,77340,1,,,1,15,,77359,1,,,1,55,,77302,1,,,1
0,'20270104',455,,77420,1,,,1,55,,77360,1,,,1,20,,77400,1,,,1,15,,77421,1,,,1,55,,77361,1,,,1,15,,77381,1,,,1,15,,77401,1,,,1,15,,77422,1,,,1,55,,77362,1,,,1,15,,77382,1,,,1,15,,77402,1,,,1,15,,77423,1,,,1,55,,77363,1,,,1,15,,77383,1,,,1,15,,77403,1,,,1,15,,77424,1,,,1,55,,77364,1,,,1,15,,77384,1,,,1,15,,77404,1,,,1,15,,77425,1,,,1,55,,77365,1,,,1,15,,77385,1,,,1,15,,77405,1,,,1,15,,77426,1,,,1,55,,77366,1,,,1,15,,77386,1,,,1,15,,77406,1,,,1,15,,77427,1,,,1,55,,77367,1,,,1,15,,77387,1,,,1,15,,77407,1,,,1,15,,77428,1,,,1,55,,77368,1,,,1,15,,77388,1,,,1,15,,77408,1,,,1,15,,77429,1,,,1,55,,77369,1,,,1,15,,77389,1,,,1,15,,77409,1,,,1,15,,77430,1,,,1,55,,77370,1,,,1,15,,77390,1,,,1,15,,77410,1,,,1,15,,77431,1,,,1,55,,77371,1,,,1,15,,77391,1,,,1,15,,77411,1,,,1,15,,77432,1,,,1,55,,77372,1,,,1,15,,77392,1,,,1,15,,77412,1,,,1,15,,77433,1,,,1,55,,77373,1,,,1,15,,77393,1,,,1,15,,77413,1,,,1,15,,77434,1,,,1,55,,77374,1,,,1,15,,77394,1,,,1,15,,77414,1,,,1,15,,77435,1,,,1,55,,77375,1,,,1,15,,77395,1,,,1,15,,77415,1,,,1,15,,77436,1,,,1,55,,77376,1,,,1,15,,77396,1,,,1,15,,77416,1,,,1,15,,77437,1,,,1,55,,77377,1,,,1,15,,77397,1,,,1,15,,77417,1,,,1,15,,77438,1,,,1,55,,77378,1,,,1,15,,77398,1,,,1,15,,77418,1,,,1,15,,77439,1,,,1,14,,77379,1,,,1,56,,77399,1,,,1,15,,77419,1,,,1,15,,77440,1,,,1,55,,77380,1,,,1
0,'20270105',455,,77501,1,,,1,55,,77441,1,,,1,20,,77481,1,,,1,15,,77502,1,,,1,55,,77442,1,,,1,15,,77462,1,,,1,15,,77482,1,,,1,15,,77503,1,,,1,55,,77443,1,,,1,15,,77463,1,,,1,15,,77483,1,,,1,15,,77504,1,,,1,55,,77444,1,,,1,15,,77464,1,,,1,15,,77484,1,,,1,15,,77505,1,,,1,55,,77445,1,,,1,15,,77465,1,,,1,15,,77485,1,,,1,15,,77506,1,,,1,55,,77446,1,,,1,15,,77466,1,,,1,15,,77486,1,,,1,15,,77507,1,,,1,55,,77447,1,,,1,15,,77467,1,,,1,15,,77487,1,,,1,15,,77508,1,,,1,55,,77448,1,,,1,15,,77468,1,,,1,15,,77488,1,,,1,15,,77509,1,,,1,55,,77449,1,,,1,15,,77469,1,,,1,15,,77489,1,,,1,15,,77510,1,,,1,55,,77450,1,,,1,15,,77470,1,,,1,15,,77490,1,,,1,15,,77511,1,,,1,55,,77451,1,,,1,15,,77471,1,,,1,15,,77491,1,,,1,15,,77512,1,,,1,55,,77452,1,,,1,15,,77472,1,,,1,15,,77492,1,,,1,15,,77513,1,,,1,55,,77453,1,,,1,15,,77473,1,,,1,15,,77493,1,,,1,15,,77514,1,,,1,55,,77454,1,,,1,15,,77474,1,,,1,15,,77494,1,,,1,15,,77515,1,,,1,55,,77455,1,,,1,15,,77475,1,,,1,15,,77495,1,,,1,15,,77516,1,,,1,55,,77456,1,,,1,15,,77476,1,,,1,15,,77496,1,,,1,15,,77517,1,,,1,55,,77457,1,,,1,15,,77477,1,,,1,15,,77497,1,,,1,15,,77518,1,,,1,55,,77458,1,,,1,15,,77478,1,,,1,15,,77498,1,,,1,15,,77519,1,,,1,55,,77459,1,,,1,15,,77479,1,,,1,15,,77499,1,,,1,15,,77520,1,,,1,14,,77460,1,,,1,56,,77480,1,,,1,15,,77500,1,,,1,15,,77521,1,,,1,55,,77461,1,,,1
0,'20270106',455,,77582,1,,,1,55,,77522,1,,,1,20,,77562,1,,,1,15,,77583,1,,,1,55,,77523,1,,,1,15,,77543,1,,,1,15,,77563,1,,,1,15,,77584,1,,,1,55,,77524,1,,,1,15,,77544,1,,,1,15,,77564,1,,,1,15,,77585,1,,,1,55,,77525,1,,,1,15,,77545,1,,,1,15,,77565,1,,,1,15,,77586,1,,,1,55,,77526,1,,,1,15,,77546,1,,,1,15,,77566,1,,,1,15,,77587,1,,,1,55,,77527,1,,,1,15,,77547,1,,,1,15,,77567,1,,,1,15,,77588,1,,,1,55,,77528,1,,,1,15,,77548,1,,,1,15,,77568,1,,,1,15,,77589,1,,,1,55,,77529,1,,,1,15,,77549,1,,,1,15,,77569,1,,,1,15,,77590,1,,,1,55,,77530,1,,,1,15,,77550,1,,,1,15,,77570,1,,,1,15,,77591,1,,,1,55,,77531,1,,,1,15,,77551,1,,,1,15,,77571,1,,,1,15,,77592,1,,,1,55,,77532,1,,,1,15,,77552,1,,,1,15,,77572,1,,,1,15,,77593,1,,,1,55,,77533,1,,,1,15,,77553,1,,,1,15,,77573,1,,,1,15,,77594,1,,,1,55,,77534,1,,,1,15,,77554,1,,,1,15,,77574,1,,,1,15,,77595,1,,,1,55,,77535,1,,,1,15,,77555,1,,,1,15,,77575,1,,,1,15,,77596,1,,,1,55,,77536,1,,,1,15,,77556,1,,,1,15,,77576,1,,,1,15,,77597,1,,,1,55,,77537,1,,,1,15,,77557,1,,,1,15,,77577,1,,,1,15,,77598,1,,,1,55,,77538,1,,,1,15,,77558,1,,,1,15,,77578,1,,,1,15,,77599,1,,,1,55,,77539,1,,,1,15,,77559,1,,,1,15,,77579,1,,,1,15,,77600,1,,,1,55,,77540,1,,,1,15,,77560,1,,,1,15,,77580,1,,,1,15,,77601,1,,,1,14,,77541,1,,,1,56,,77561,1,,,1,15,,77581,1,,,1,15,,77602,1,,,1,55,,77542,1,,,1
0,'20270107',455,,77663,1,,,1,55,,77603,1,,,1,20,,77643,1,,,1,15,,77664,1,,,1,55,,77604,1,,,1,15,,77624,1,,,1,15,,77644,1,,,1,15,,77665,1,,,1,55,,77605,1,,,1,15,,77625,1,,,1,15,,77645,1,,,1,15,,77666,1,,,1,55,,77606,1,,,1,15,,77626,1,,,1,15,,77646,1,,,1,15,,77667,1,,,1,55,,77607,1,,,1,15,,77627,1,,,1,15,,77647,1,,,1,15,,77668,1,,,1,55,,77608,1,,,1,15,,77628,1,,,1,15,,77648,1,,,1,15,,77669,1,,,1,55,,77609,1,,,1,15,,77629,1,,,1,15,,77649,1,,,1,15,,77670,1,,,1,55,,77610,1,,,1,15,,77630,1,,,1,15,,77650,1,,,1,15,,77671,1,,,1,55,,77611,1,,,1,15,,77631,1,,,1,15,,77651,1,,,1,15,,77672,1,,,1,55,,77612,1,,,1,15,,77632,1,,,1,15,,77652,1,,,1,15,,77673,1,,,1,55,,77613,1,,,1,15,,77633,1,,,1,15,,77653,1,,,1,15,,77674,1,,,1,55,,77614,1,,,1,15,,77634,1,,,1,15,,77654,1,,,1,15,,77675,1,,,1,55,,77615,1,,,1,15,,77635,1,,,1,15,,77655,1,,,1,15,,77676,1,,,1,55,,77616,1,,,1,15,,77636,1,,,1,15,,77656,1,,,1,15,,77677,1,,,1,55,,77617,1,,,1,15,,77637,1,,,1,15,,77657,1,,,1,15,,77678,1,,,1,55,,77618,1,,,1,15,,77638,1,,,1,15,,77658,1,,,1,15,,77679,1,,,1,55,,77619,1,,,1,15,,77639,1,,,1,15,,77659,1,,,1,15,,77680,1,,,1,55,,77620,1,,,1,15,,77640,1,,,1,15,,77660,1,,,1,15,,77681,1,,,1,55,,77621,1,,,1,15,,77641,1,,,1,15,,77661,1,,,1,15,,77682,1,,,1,14,,77622,1,,,1,56,,77642,1,,,1,15,,77662,1,,,1,15,,77683,1,,,1,55,,77623,1,,,1
0,'20270108',455,,77744,1,,,1,55,,77684,1,,,1,20,,77724,1,,,1,15,,77745,1,,,1,55,,77685,1,,,1,15,,77705,1,,,1,15,,77725,1,,,1,15,,77746,1,,,1,55,,77686,1,,,1,15,,77706,1,,,1,15,,77726,1,,,1,15,,77747,1,,,1,55,,77687,1,,,1,15,,77707,1,,,1,15,,77727,1,,,1,15,,77748,1,,,1,55,,77688,1,,,1,15,,77708,1,,,1,15,,77728,1,,,1,15,,77749,1,,,1,55,,77689,1,,,1,15,,77709,1,,,1,15,,77729,1,,,1,15,,77750,1,,,1,55,,77690,1,,,1,15,,77710,1,,,1,15,,77730,1,,,1,15,,77751,1,,,1,55,,77691,1,,,1,15,,77711,1,,,1,15,,77731,1,,,1,15,,77752,1,,,1,55,,77692,1,,,1,15,,77712,1,,,1,15,,77732,1,,,1,15,,77753,1,,,1,55,,77693,1,,,1,15,,77713,1,,,1,15,,77733,1,,,1,15,,77754,1,,,1,55,,77694,1,,,1,15,,77714,1,,,1,15,,77734,1,,,1,15,,77755,1,,,1,55,,77695,1,,,1,15,,77715,1,,,1,15,,77735,1,,,1,15,,77756,1,,,1,55,,77696,1,,,1,15,,77716,1,,,1,15,,77736,1,,,1,15,,77757,1,,,1,55,,77697,1,,,1,15,,77717,1,,,1,15,,77737,1,,,1,15,,77758,1,,,1,55,,77698,1,,,1,15,,77718,1,,,1,15,,77738,1,,,1,15,,77759,1,,,1,55,,77699,1,,,1,15,,77719,1,,,1,15,,77739,1,,,1,15,,77760,1,,,1,55,,77700,1,,,1,15,,77720,1,,,1,15,,77740,1,,,1,15,,77761,1,,,1,55,,77701,1,,,1,15,,77721,1,,,1,15,,77741,1,,,1,15,,77762,1,,,1,55,,77702,1,,,1,15,,77722,1,,,1,15,,77742,1,,,1,15,,77763,1,,,1,14,,77703,1,,,1,56,,77723,1,,,1,15,,77743,1,,,1,15,,77764,1,,,1,55,,77704,1,,,1
0,'20270109',600,,77765,1,,,1,15,,77785,1,,,1,15,,77804,1,,,1,15,,77823,1,,,1,55,,77766,1,,,1,15,,77786,1,,,1,15,,77805,1,,,1,15,,77824,1,,,1,55,,77767,1,,,1,15,,77787,1,,,1,15,,77806,1,,,1,15,,77825,1,,,1,55,,77768,1,,,1,15,,77788,1,,,1,15,,77807,1,,,1,15,,77826,1,,,1,55,,77769,1,,,1,15,,77789,1,,,1,15,,77808,1,,,1,15,,77827,1,,,1,55,,77770,1,,,1,15,,77790,1,,,1,15,,77809,1,,,1,15,,77828,1,,,1,55,,77771,1,,,1,15,,77791,1,,,1,15,,77810,1,,,1,15,,77829,1,,,1,55,,77772,1,,,1,15,,77792,1,,,1,15,,77811,1,,,1,15,,77830,1,,,1,55,,77773,1,,,1,15,,77793,1,,,1,15,,77812,1,,,1,15,,77831,1,,,1,55,,77774,1,,,1,15,,77794,1,,,1,15,,77813,1,,,1,15,,77832,1,,,1,55,,77775,1,,,1,15,,77795,1,,,1,15,,77814,1,,,1,15,,77833,1,,,1,55,,77776,1,,,1,15,,77796,1,,,1,15,,77815,1,,,1,15,,77834,1,,,1,55,,77777,1,,,1,15,,77797,1,,,1,15,,77816,1,,,1,15,,77835,1,,,1,55,,77778,1,,,1,15,,77798,1,,,1,15,,77817,1,,,1,15,,77836,1,,,1,55,,77779,1,,,1,15,,77799,1,,,1,15,,77818,1,,,1,15,,77837,1,,,1,55,,77780,1,,,1,15,,77800,1,,,1,15,,77819,1,,,1,15,,77838,1,,,1,55,,77781,1,,,1,15,,77801,1,,,1,15,,77820,1,,,1,15,,77839,1,,,1,55,,77782,1,,,1,15,,77802,1,,,1,15,,77821,1,,,1,15,,77840,1,,,1,14,,77783,1,,,1,56,,77803,1,,,1,15,,77822,1,,,1,15,,77841,1,,,1,55,,77784,1,,,1
0,'20270110',600,,77842,1,,,1,15,,77862,1,,,1,15,,77881,1,,,1,15,,77900,1,,,1,55,,77843,1,,,1,15,,77863,1,,,1,15,,77882,1,,,1,15,,77901,1,,,1,55,,77844,1,,,1,15,,77864,1,,,1,15,,77883,1,,,1,15,,77902,1,,,1,55,,77845,1,,,1,15,,77865,1,,,1,15,,77884,1,,,1,15,,77903,1,,,1,55,,77846,1,,,1,15,,77866,1,,,1,15,,77885,1,,,1,15,,77904,1,,,1,55,,77847,1,,,1,15,,77867,1,,,1,15,,77886,1,,,1,15,,77905,1,,,1,55,,77848,1,,,1,15,,77868,1,,,1,15,,77887,1,,,1,15,,77906,1,,,1,55,,77849,1,,,1,15,,77869,1,,,1,15,,77888,1,,,1,15,,77907,1,,,1,55,,77850,1,,,1,15,,77870,1,,,1,15,,77889,1,,,1,15,,77908,1,,,1,55,,77851,1,,,1,15,,77871,1,,,1,15,,77890,1,,,1,15,,77909,1,,,1,55,,77852,1,,,1,15,,77872,1,,,1,15,,77891,1,,,1,15,,77910,1,,,1,55,,77853,1,,,1,15,,77873,1,,,1,15,,77892,1,,,1,15,,77911,1,,,1,55,,77854,1,,,1,15,,77874,1,,,1,15,,77893,1,,,1,15,,77912,1,,,1,55,,77855,1,,,1,15,,77875,1,,,1,15,,77894,1,,,1,15,,77913,1,,,1,55,,77856,1,,,1,15,,77876,1,,,1,15,,77895,1,,,1,15,,77914,1,,,1,55,,77857,1,,,1,15,,77877,1,,,1,15,,77896,1,,,1,15,,77915,1,,,1,55,,77858,1,,,1,15,,77878,1,,,1,15,,77897,1,,,1,15,,77916,1,,,1,55,,77859,1,,,1,15,,77879,1,,,1,15,,77898,1,,,1,15,,77917,1,,,1,14,,77860,1,,,1,56,,77880,1,,,1,15,,77899,1,,,1,15,,77918,1,,,1,55,,77861,1,,,1
0,'20270111',455,,77979,1,,,1,55,,77919,1,,,1,20,,77959,1,,,1,15,,77980,1,,,1,55,,77920,1,,,1,15,,77940,1,,,1,15,,77960,1,,,1,15,,77981,1,,,1,55,,77921,1,,,1,15,,77941,1,,,1,15,,77961,1,,,1,15,,77982,1,,,1,55,,77922,1,,,1,15,,77942,1,,,1,15,,77962,1,,,1,15,,77983,1,,,1,55,,77923,1,,,1,15,,77943,1,,,1,15,,77963,1,,,1,15,,77984,1,,,1,55,,77924,1,,,1,15,,77944,1,,,1,15,,77964,1,,,1,15,,77985,1,,,1,55,,77925,1,,,1,15,,77945,1,,,1,15,,77965,1,,,1,15,,77986,1,,,1,55,,77926,1,,,1,15,,77946,1,,,1,15,,77966,1,,,1,15,,77987,1,,,1,55,,77927,1,,,1,15,,77947,1,,,1,15,,77967,1,,,1,15,,77988,1,,,1,55,,77928,1,,,1,15,,77948,1,,,1,15,,77968,1,,,1,15,,77989,1,,,1,55,,77929,1,,,1,15,,77949,1,,,1,15,,77969,1,,,1,15,,77990,1,,,1,55,,77930,1,,,1,15,,77950,1,,,1,15,,77970,1,,,1,15,,77991,1,,,1,55,,77931,1,,,1,15,,77951,1,,,1,15,,77971,1,,,1,15,,77992,1,,,1,55,,77932,1,,,1,15,,77952,1,,,1,15,,77972,1,,,1,15,,77993,1,,,1,55,,77933,1,,,1,15,,77953,1,,,1,15,,77973,1,,,1,15,,77994,1,,,1,55,,77934,1,,,1,15,,77954,1,,,1,15,,77974,1,,,1,15,,77995,1,,,1,55,,77935,1,,,1,15,,77955,1,,,1,15,,77975,1,,,1,15,,77996,1,,,1,55,,77936,1,,,1,15,,77956,1,,,1,15,,77976,1,,,1,15,,77997,1,,,1,55,,77937,1,,,1,15,,77957,1,,,1,15,,77977,1,,,1,15,,77998,1,,,1,14,,77938,1,,,1,56,,77958,1,,,1,15,,77978,1,,,1,15,,77999,1,,,1,55,,77939,1,,,1
0,'20270112',455,,78060,1,,,1,55,,78000,1,,,1,20,,78040,1,,,1,15,,78061,1,,,1,55,,78001,1,,,1,15,,78021,1,,,1,15,,78041,1,,,1,15,,78062,1,,,1,55,,78002,1,,,1,15,,78022,1,,,1,15,,78042,1,,,1,15,,78063,1,,,1,55,,78003,1,,,1,15,,78023,1,,,1,15,,78043,1,,,1,15,,78064,1,,,1,55,,78004,1,,,1,15,,78024,1,,,1,15,,78044,1,,,1,15,,78065,1,,,1,55,,78005,1,,,1,15,,78025,1,,,1,15,,78045,1,,,1,15,,78066,1,,,1,55,,78006,1,,,1,15,,78026,1,,,1,15,,78046,1,,,1,15,,78067,1,,,1,55,,78007,1,,,1,15,,78027,1,,,1,15,,78047,1,,,1,15,,78068,1,,,1,55,,78008,1,,,1,15,,78028,1,,,1,15,,78048,1,,,1,15,,78069,1,,,1,55,,78009,1,,,1,15,,78029,1,,,1,15,,78049,1,,,1,15,,78070,1,,,1,55,,78010,1,,,1,15,,78030,1,,,1,15,,78050,1,,,1,15,,78071,1,,,1,55,,78011,1,,,1,15,,78031,1,,,1,15,,78051,1,,,1,15,,78072,1,,,1,55,,78012,1,,,1,15,,78032,1,,,1,15,,78052,1,,,1,15,,78073,1,,,1,55,,78013,1,,,1,15,,78033,1,,,1,15,,78053,1,,,1,15,,78074,1,,,1,55,,78014,1,,,1,15,,78034,1,,,1,15,,78054,1,,,1,15,,78075,1,,,1,55,,78015,1,,,1,15,,78035,1,,,1,15,,78055,1,,,1,15,,78076,1,,,1,55,,78016,1,,,1,15,,78036,1,,,1,15,,78056,1,,,1,15,,78077,1,,,1,55,,78017,1,,,1,15,,78037,1,,,1,15,,78057,1,,,1,15,,78078,1,,,1,55,,78018,1,,,1,15,,78038,1,,,1,15,,78058,1,,,1,15,,78079,1,,,1,14,,78019,1,,,1,56,,78039,1,,,1,15,,78059,1,,,1,15,,78080,1,,,1,55,,78020,1,,,1
0,'20270113',455,,78141,1,,,1,55,,78081,1,,,1,20,,78121,1,,,1,15,,78142,1,,,1,55,,78082,1,,,1,15,,78102,1,,,1,15,,78122,1,,,1,15,,78143,1,,,1,55,,78083,1,,,1,15,,78103,1,,,1,15,,78123,1,,,1,15,,78144,1,,,1,55,,78084,1,,,1,15,,78104,1,,,1,15,,78124,1,,,1,15,,78145,1,,,1,55,,78085,1,,,1,15,,78105,1,,,1,15,,78125,1,,,1,15,,78146,1,,,1,55,,78086,1,,,1,15,,78106,1,,,1,15,,78126,1,,,1,15,,78147,1,,,1,55,,78087,1,,,1,15,,78107,1,,,1,15,,78127,1,,,1,15,,78148,1,,,1,55,,78088,1,,,1,15,,78108,1,,,1,15,,78128,1,,,1,15,,78149,1,,,1,55,,78089,1,,,1,15,,78109,1,,,1,15,,78129,1,,,1,15,,78150,1,,,1,55,,78090,1,,,1,15,,78110,1,,,1,15,,78130,1,,,1,15,,78151,1,,,1,55,,78091,1,,,1,15,,78111,1,,,1,15,,78131,1,,,1,15,,78152,1,,,1,55,,78092,1,,,1,15,,78112,1,,,1,15,,78132,1,,,1,15,,78153,1,,,1,55,,78093,1,,,1,15,,78113,1,,,1,15,,78133,1,,,1,15,,78154,1,,,1,55,,78094,1,,,1,15,,78114,1,,,1,15,,78134,1,,,1,15,,78155,1,,,1,55,,78095,1,,,1,15,,78115,1,,,1,15,,78135,1,,,1,15,,78156,1,,,1,55,,78096,1,,,1,15,,78116,1,,,1,15,,78136,1,,,1,15,,78157,1,,,1,55,,78097,1,,,1,15,,78117,1,,,1,15,,78137,1,,,1,15,,78158,1,,,1,55,,78098,1,,,1,15,,78118,1,,,1,15,,78138,1,,,1,15,,78159,1,,,1,55,,78099,1,,,1,15,,78119,1,,,1,15,,78139,1,,,1,15,,78160,1,,,1,14,,78100,1,,,1,56,,78120,1,,,1,15,,78140,1,,,1,15,,78161,1,,,1,55,,78101,1,,,1
0,'20270114',455,,78222,1,,,1,55,,78162,1,,,1,20,,78202,1,,,1,15,,78223,1,,,1,55,,78163,1,,,1,15,,78183,1,,,1,15,,78203,1,,,1,15,,78224,1,,,1,55,,78164,1,,,1,15,,78184,1,,,1,15,,78204,1,,,1,15,,78225,1,,,1,55,,78165,1,,,1,15,,78185,1,,,1,15,,78205,1,,,1,15,,78226,1,,,1,55,,78166,1,,,1,15,,78186,1,,,1,15,,78206,1,,,1,15,,78227,1,,,1,55,,78167,1,,,1,15,,78187,1,,,1,15,,78207,1,,,1,15,,78228,1,,,1,55,,78168,1,,,1,15,,78188,1,,,1,15,,78208,1,,,1,15,,78229,1,,,1,55,,78169,1,,,1,15,,78189,1,,,1,15,,78209,1,,,1,15,,78230,1,,,1,55,,78170,1,,,1,15,,78190,1,,,1,15,,78210,1,,,1,15,,78231,1,,,1,55,,78171,1,,,1,15,,78191,1,,,1,15,,78211,1,,,1,15,,78232,1,,,1,55,,78172,1,,,1,15,,78192,1,,,1,15,,78212,1,,,1,15,,78233,1,,,1,55,,78173,1,,,1,15,,78193,1,,,1,15,,78213,1,,,1,15,,78234,1,,,1,55,,78174,1,,,1,15,,78194,1,,,1,15,,78214,1,,,1,15,,78235,1,,,1,55,,78175,1,,,1,15,,78195,1,,,1,15,,78215,1,,,1,15,,78236,1,,,1,55,,78176,1,,,1,15,,78196,1,,,1,15,,78216,1,,,1,15,,78237,1,,,1,55,,78177,1,,,1,15,,78197,1,,,1,15,,78217,1,,,1,15,,78238,1,,,1,55,,78178,1,,,1,15,,78198,1,,,1,15,,78218,1,,,1,15,,78239,1,,,1,55,,78179,1,,,1,15,,78199,1,,,1,15,,78219,1,,,1,15,,78240,1,,,1,55,,78180,1,,,1,15,,78200,1,,,1,15,,78220,1,,,1,15,,78241,1,,,1,14,,78181,1,,,1,56,,78201,1,,,1,15,,78221,1,,,1,15,,78242,1,,,1,55,,78182,1,,,1
0,'20270115',455,,78303,1,,,1,55,,78243,1,,,1,20,,78283,1,,,1,15,,78304,1,,,1,55,,78244,1,,,1,15,,78264,1,,,1,15,,78284,1,,,1,15,,78305,1,,,1,55,,78245,1,,,1,15,,78265,1,,,1,15,,78285,1,,,1,15,,78306,1,,,1,55,,78246,1,,,1,15,,78266,1,,,1,15,,78286,1,,,1,15,,78307,1,,,1,55,,78247,1,,,1,15,,78267,1,,,1,15,,78287,1,,,1,15,,78308,1,,,1,55,,78248,1,,,1,15,,78268,1,,,1,15,,78288,1,,,1,15,,78309,1,,,1,55,,78249,1,,,1,15,,78269,1,,,1,15,,78289,1,,,1,15,,78310,1,,,1,55,,78250,1,,,1,15,,78270,1,,,1,15,,78290,1,,,1,15,,78311,1,,,1,55,,78251,1,,,1,15,,78271,1,,,1,15,,78291,1,,,1,15,,78312,1,,,1,55,,78252,1,,,1,15,,78272,1,,,1,15,,78292,1,,,1,15,,78313,1,,,1,55,,78253,1,,,1,15,,78273,1,,,1,15,,78293,1,,,1,15,,78314,1,,,1,55,,78254,1,,,1,15,,78274,1,,,1,15,,78294,1,,,1,15,,78315,1,,,1,55,,78255,1,,,1,15,,78275,1,,,1,15,,78295,1,,,1,15,,78316,1,,,1,55,,78256,1,,,1,15,,78276,1,,,1,15,,78296,1,,,1,15,,78317,1,,,1,55,,78257,1,,,1,15,,78277,1,,,1,15,,78297,1,,,1,15,,78318,1,,,1,55,,78258,1,,,1,15,,78278,1,,,1,15,,78298,1,,,1,15,,78319,1,,,1,55,,78259,1,,,1,15,,78279,1,,,1,15,,78299,1,,,1,15,,78320,1,,,1,55,,78260,1,,,1,15,,78280,1,,,1,15,,78300,1,,,1,15,,78321,1,,,1,55,,78261,1,,,1,15,,78281,1,,,1,15,,78301,1,,,1,15,,78322,1,,,1,14,,78262,1,,,1,56,,78282,1,,,1,15,,78302,1,,,1,15,,78323,1,,,1,55,,78263,1,,,1
0,'20270116',600,,78324,1,,,1,15,,78344,1,,,1,15,,78363,1,,,1,15,,78382,1,,,1,55,,78325,1,,,1,15,,78345,1,,,1,15,,78364,1,,,1,15,,78383,1,,,1,55,,78326,1,,,1,15,,78346,1,,,1,15,,78365,1,,,1,15,,78384,1,,,1,55,,78327,1,,,1,15,,78347,1,,,1,15,,78366,1,,,1,15,,78385,1,,,1,55,,78328,1,,,1,15,,78348,1,,,1,15,,78367,1,,,1,15,,78386,1,,,1,55,,78329,1,,,1,15,,78349,1,,,1,15,,78368,1,,,1,15,,78387,1,,,1,55,,78330,1,,,1,15,,78350,1,,,1,15,,78369,1,,,1,15,,78388,1,,,1,55,,78331,1,,,1,15,,78351,1,,,1,15,,78370,1,,,1,15,,78389,1,,,1,55,,78332,1,,,1,15,,78352,1,,,1,15,,78371,1,,,1,15,,78390,1,,,1,55,,78333,1,,,1,15,,78353,1,,,1,15,,78372,1,,,1,15,,78391,1,,,1,55,,78334,1,,,1,15,,78354,1,,,1,15,,78373,1,,,1,15,,78392,1,,,1,55,,78335,1,,,1,15,,78355,1,,,1,15,,78374,1,,,1,15,,78393,1,,,1,55,,78336,1,,,1,15,,78356,1,,,1,15,,78375,1,,,1,15,,78394,1,,,1,55,,78337,1,,,1,15,,78357,1,,,1,15,,78376,1,,,1,15,,78395,1,,,1,55,,78338,1,,,1,15,,78358,1,,,1,15,,78377,1,,,1,15,,78396,1,,,1,55,,78339,1,,,1,15,,78359,1,,,1,15,,78378,1,,,1,15,,78397,1,,,1,55,,78340,1,,,1,15,,78360,1,,,1,15,,78379,1,,,1,15,,78398,1,,,1,55,,78341,1,,,1,15,,78361,1,,,1,15,,78380,1,,,1,15,,78399,1,,,1,14,,78342,1,,,1,56,,78362,1,,,1,15,,78381,1,,,1,15,,78400,1,,,1,55,,78343,1,,,1
0,'20270117',600,,78401,1,,,1,15,,78421,1,,,1,15,,78440,1,,,1,15,,78459,1,,,1,55,,78402,1,,,1,15,,78422,1,,,1,15,,78441,1,,,1,15,,78460,1,,,1,55,,78403,1,,,1,15,,78423,1,,,1,15,,78442,1,,,1,15,,78461,1,,,1,55,,78404,1,,,1,15,,78424,1,,,1,15,,78443,1,,,1,15,,78462,1,,,1,55,,78405,1,,,1,15,,78425,1,,,1,15,,78444,1,,,1,15,,78463,1,,,1,55,,78406,1,,,1,15,,78426,1,,,1,15,,78445,1,,,1,15,,78464,1,,,1,55,,78407,1,,,1,15,,78427,1,,,1,15,,78446,1,,,1,15,,78465,1,,,1,55,,78408,1,,,1,15,,78428,1,,,1,15,,78447,1,,,1,15,,78466,1,,,1,55,,78409,1,,,1,15,,78429,1,,,1,15,,78448,1,,,1,15,,78467,1,,,1,55,,78410,1,,,1,15,,78430,1,,,1,15,,78449,1,,,1,15,,78468,1,,,1,55,,78411,1,,,1,15,,78431,1,,,1,15,,78450,1,,,1,15,,78469,1,,,1,55,,78412,1,,,1,15,,78432,1,,,1,15,,78451,1,,,1,15,,78470,1,,,1,55,,78413,1,,,1,15,,78433,1,,,1,15,,78452,1,,,1,15,,78471,1,,,1,55,,78414,1,,,1,15,,78434,1,,,1,15,,78453,1,,,1,15,,78472,1,,,1,55,,78415,1,,,1,15,,78435,1,,,1,15,,78454,1,,,1,15,,78473,1,,,1,55,,78416,1,,,1,15,,78436,1,,,1,15,,78455,1,,,1,15,,78474,1,,,1,55,,78417,1,,,1,15,,78437,1,,,1,15,,78456,1,,,1,15,,78475,1,,,1,55,,78418,1,,,1,15,,78438,1,,,1,15,,78457,1,,,1,15,,78476,1,,,1,14,,78419,1,,,1,56,,78439,1,,,1,15,,78458,1,,,1,15,,78477,1,,,1,55,,78420,1,,,1
0,'20270118',455,,78538,1,,,1,55,,78478,1,,,1,20,,78518,1,,,1,15,,78539,1,,,1,55,,78479,1,,,1,15,,78499,1,,,1,15,,78519,1,,,1,15,,78540,1,,,1,55,,78480,1,,,1,15,,78500,1,,,1,15,,78520,1,,,1,15,,78541,1,,,1,55,,78481,1,,,1,15,,78501,1,,,1,15,,78521,1,,,1,15,,78542,1,,,1,55,,78482,1,,,1,15,,78502,1,,,1,15,,78522,1,,,1,15,,78543,1,,,1,55,,78483,1,,,1,15,,78503,1,,,1,15,,78523,1,,,1,15,,78544,1,,,1,55,,78484,1,,,1,15,,78504,1,,,1,15,,78524,1,,,1,15,,78545,1,,,1,55,,78485,1,,,1,15,,78505,1,,,1,15,,78525,1,,,1,15,,78546,1,,,1,55,,78486,1,,,1,15,,78506,1,,,1,15,,78526,1,,,1,15,,78547,1,,,1,55,,78487,1,,,1,15,,78507,1,,,1,15,,78527,1,,,1,15,,78548,1,,,1,55,,78488,1,,,1,15,,78508,1,,,1,15,,78528,1,,,1,15,,78549,1,,,1,55,,78489,1,,,1,15,,78509,1,,,1,15,,78529,1,,,1,15,,78550,1,,,1,55,,78490,1,,,1,15,,78510,1,,,1,15,,78530,1,,,1,15,,78551,1,,,1,55,,78491,1,,,1,15,,78511,1,,,1,15,,78531,1,,,1,15,,78552,1,,,1,55,,78492,1,,,1,15,,78512,1,,,1,15,,78532,1,,,1,15,,78553,1,,,1,55,,78493,1,,,1,15,,78513,1,,,1,15,,78533,1,,,1,15,,78554,1,,,1,55,,78494,1,,,1,15,,78514,1,,,1,15,,78534,1,,,1,15,,78555,1,,,1,55,,78495,1,,,1,15,,78515,1,,,1,15,,78535,1,,,1,15,,78556,1,,,1,55,,78496,1,,,1,15,,78516,1,,,1,15,,78536,1,,,1,15,,78557,1,,,1,14,,78497,1,,,1,56,,78517,1,,,1,15,,78537,1,,,1,15,,78558,1,,,1,55,,78498,1,,,1
0,'20270119',455,,78619,1,,,1,55,,78559,1,,,1,20,,78599,1,,,1,15,,78620,1,,,1,55,,78560,1,,,1,15,,78580,1,,,1,15,,78600,1,,,1,15,,78621,1,,,1,55,,78561,1,,,1,15,,78581,1,,,1,15,,78601,1,,,1,15,,78622,1,,,1,55,,78562,1,,,1,15,,78582,1,,,1,15,,78602,1,,,1,15,,78623,1,,,1,55,,78563,1,,,1,15,,78583,1,,,1,15,,78603,1,,,1,15,,78624,1,,,1,55,,78564,1,,,1,15,,78584,1,,,1,15,,78604,1,,,1,15,,78625,1,,,1,55,,78565,1,,,1,15,,78585,1,,,1,15,,78605,1,,,1,15,,78626,1,,,1,55,,78566,1,,,1,15,,78586,1,,,1,15,,78606,1,,,1,15,,78627,1,,,1,55,,78567,1,,,1,15,,78587,1,,,1,15,,78607,1,,,1,15,,78628,1,,,1,55,,78568,1,,,1,15,,78588,1,,,1,15,,78608,1,,,1,15,,78629,1,,,1,55,,78569,1,,,1,15,,78589,1,,,1,15,,78609,1,,,1,15,,78630,1,,,1,55,,78570,1,,,1,15,,78590,1,,,1,15,,78610,1,,,1,15,,78631,1,,,1,55,,78571,1,,,1,15,,78591,1,,,1,15,,78611,1,,,1,15,,78632,1,,,1,55,,78572,1,,,1,15,,78592,1,,,1,15,,78612,1,,,1,15,,78633,1,,,1,55,,78573,1,,,1,15,,78593,1,,,1,15,,78613,1,,,1,15,,78634,1,,,1,55,,78574,1,,,1,15,,78594,1,,,1,15,,78614,1,,,1,15,,78635,1,,,1,55,,78575,1,,,1,15,,78595,1,,,1,15,,78615,1,,,1,15,,78636,1,,,1,55,,78576,1,,,1,15,,78596,1,,,1,15,,78616,1,,,1,15,,78637,1,,,1,55,,78577,1,,,1,15,,78597,1,,,1,15,,78617,1,,,1,15,,78638,1,,,1,14,,78578,1,,,1,56,,78598,1,,,1,15,,78618,1,,,1,15,,78639,1,,,1,55,,78579,1,,,1
0,'20270120',455,,78700,1,,,1,55,,78640,1,,,1,20,,78680,1,,,1,15,,78701,1,,,1,55,,78641,1,,,1,15,,78661,1,,,1,15,,78681,1,,,1,15,,78702,1,,,1,55,,78642,1,,,1,15,,78662,1,,,1,15,,78682,1,,,1,15,,78703,1,,,1,55,,78643,1,,,1,15,,78663,1,,,1,15,,78683,1,,,1,15,,78704,1,,,1,55,,78644,1,,,1,15,,78664,1,,,1,15,,78684,1,,,1,15,,78705,1,,,1,55,,78645,1,,,1,15,,78665,1,,,1,15,,78685,1,,,1,15,,78706,1,,,1,55,,78646,1,,,1,15,,78666,1,,,1,15,,78686,1,,,1,15,,78707,1,,,1,55,,78647,1,,,1,15,,78667,1,,,1,15,,78687,1,,,1,15,,78708,1,,,1,55,,78648,1,,,1,15,,78668,1,,,1,15,,78688,1,,,1,15,,78709,1,,,1,55,,78649,1,,,1,15,,78669,1,,,1,15,,78689,1,,,1,15,,78710,1,,,1,55,,78650,1,,,1,15,,78670,1,,,1,15,,78690,1,,,1,15,,78711,1,,,1,55,,78651,1,,,1,15,,78671,1,,,1,15,,78691,1,,,1,15,,78712,1,,,1,55,,78652,1,,,1,15,,78672,1,,,1,15,,78692,1,,,1,15,,78713,1,,,1,55,,78653,1,,,1,15,,78673,1,,,1,15,,78693,1,,,1,15,,78714,1,,,1,55,,78654,1,,,1,15,,78674,1,,,1,15,,78694,1,,,1,15,,78715,1,,,1,55,,78655,1,,,1,15,,78675,1,,,1,15,,78695,1,,,1,15,,78716,1,,,1,55,,78656,1,,,1,15,,78676,1,,,1,15,,78696,1,,,1,15,,78717,1,,,1,55,,78657,1,,,1,15,,78677,1,,,1,15,,78697,1,,,1,15,,78718,1,,,1,55,,78658,1,,,1,15,,78678,1,,,1,15,,78698,1,,,1,15,,78719,1,,,1,14,,78659,1,,,1,56,,78679,1,,,1,15,,78699,1,,,1,15,,78720,1,,,1,55,,78660,1,,,1
0,'20270121',455,,78781,1,,,1,55,,78721,1,,,1,20,,78761,1,,,1,15,,78782,1,,,1,55,,78722,1,,,1,15,,78742,1,,,1,15,,78762,1,,,1,15,,78783,1,,,1,55,,78723,1,,,1,15,,78743,1,,,1,15,,78763,1,,,1,15,,78784,1,,,1,55,,78724,1,,,1,15,,78744,1,,,1,15,,78764,1,,,1,15,,78785,1,,,1,55,,78725,1,,,1,15,,78745,1,,,1,15,,78765,1,,,1,15,,78786,1,,,1,55,,78726,1,,,1,15,,78746,1,,,1,15,,78766,1,,,1,15,,78787,1,,,1,55,,78727,1,,,1,15,,78747,1,,,1,15,,78767,1,,,1,15,,78788,1,,,1,55,,78728,1,,,1,15,,78748,1,,,1,15,,78768,1,,,1,15,,78789,1,,,1,55,,78729,1,,,1,15,,78749,1,,,1,15,,78769,1,,,1,15,,78790,1,,,1,55,,78730,1,,,1,15,,78750,1,,,1,15,,78770,1,,,1,15,,78791,1,,,1,55,,78731,1,,,1,15,,78751,1,,,1,15,,78771,1,,,1,15,,78792,1,,,1,55,,78732,1,,,1,15,,78752,1,,,1,15,,78772,1,,,1,15,,78793,1,,,1,55,,78733,1,,,1,15,,78753,1,,,1,15,,78773,1,,,1,15,,78794,1,,,1,55,,78734,1,,,1,15,,78754,1,,,1,15,,78774,1,,,1,15,,78795,1,,,1,55,,78735,1,,,1,15,,78755,1,,,1,15,,78775,1,,,1,15,,78796,1,,,1,55,,78736,1,,,1,15,,78756,1,,,1,15,,78776,1,,,1,15,,78797,1,,,1,55,,78737,1,,,1,15,,78757,1,,,1,15,,78777,1,,,1,15,,78798,1,,,1,55,,78738,1,,,1,15,,78758,1,,,1,15,,78778,1,,,1,15,,78799,1,,,1,55,,78739,1,,,1,15,,78759,1,,,1,15,,78779,1,,,1,15,,78800,1,,,1,14,,78740,1,,,1,56,,78760,1,,,1,15,,78780,1,,,1,15,,78801,1,,,1,55,,78741,1,,,1
0,'20270122',455,,78862,1,,,1,55,,78802,1,,,1,20,,78842,1,,,1,15,,78863,1,,,1,55,,78803,1,,,1,15,,78823,1,,,1,15,,78843,1,,,1,15,,78864,1,,,1,55,,78804,1,,,1,15,,78824,1,,,1,15,,78844,1,,,1,15,,78865,1,,,1,55,,78805,1,,,1,15,,78825,1,,,1,15,,78845,1,,,1,15,,78866,1,,,1,55,,78806,1,,,1,15,,78826,1,,,1,15,,78846,1,,,1,15,,78867,1,,,1,55,,78807,1,,,1,15,,78827,1,,,1,15,,78847,1,,,1,15,,78868,1,,,1,55,,78808,1,,,1,15,,78828,1,,,1,15,,78848,1,,,1,15,,78869,1,,,1,55,,78809,1,,,1,15,,78829,1,,,1,15,,78849,1,,,1,15,,78870,1,,,1,55,,78810,1,,,1,15,,78830,1,,,1,15,,78850,1,,,1,15,,78871,1,,,1,55,,78811,1,,,1,15,,78831,1,,,1,15,,78851,1,,,1,15,,78872,1,,,1,55,,78812,1,,,1,15,,78832,1,,,1,15,,78852,1,,,1,15,,78873,1,,,1,55,,78813,1,,,1,15,,78833,1,,,1,15,,78853,1,,,1,15,,78874,1,,,1,55,,78814,1,,,1,15,,78834,1,,,1,15,,78854,1,,,1,15,,78875,1,,,1,55,,78815,1,,,1,15,,78835,1,,,1,15,,78855,1,,,1,15,,78876,1,,,1,55,,78816,1,,,1,15,,78836,1,,,1,15,,78856,1,,,1,15,,78877,1,,,1,55,,78817,1,,,1,15,,78837,1,,,1,15,,78857,1,,,1,15,,78878,1,,,1,55,,78818,1,,,1,15,,78838,1,,,1,15,,78858,1,,,1,15,,78879,1,,,1,55,,78819,1,,,1,15,,78839,1,,,1,15,,78859,1,,,1,15,,78880,1,,,1,55,,78820,1,,,1,15,,78840,1,,,1,15,,78860,1,,,1,15,,78881,1,,,1,14,,78821,1,,,1,56,,78841,1,,,1,15,,78861,1,,,1,15,,78882,1,,,1,55,,78822,1,,,1
0,'20270123',600,,78883,1,,,1,15,,78903,1,,,1,15,,78922,1,,,1,15,,78941,1,,,1,55,,78884,1,,,1,15,,78904,1,,,1,15,,78923,1,,,1,15,,78942,1,,,1,55,,78885,1,,,1,15,,78905,1,,,1,15,,78924,1,,,1,15,,78943,1,,,1,55,,78886,1,,,1,15,,78906,1,,,1,15,,78925,1,,,1,15,,78944,1,,,1,55,,78887,1,,,1,15,,78907,1,,,1,15,,78926,1,,,1,15,,78945,1,,,1,55,,78888,1,,,1,15,,78908,1,,,1,15,,78927,1,,,1,15,,78946,1,,,1,55,,78889,1,,,1,15,,78909,1,,,1,15,,78928,1,,,1,15,,78947,1,,,1,55,,78890,1,,,1,15,,78910,1,,,1,15,,78929,1,,,1,15,,78948,1,,,1,55,,78891,1,,,1,15,,78911,1,,,1,15,,78930,1,,,1,15,,78949,1,,,1,55,,78892,1,,,1,15,,78912,1,,,1,15,,78931,1,,,1,15,,78950,1,,,1,55,,78893,1,,,1,15,,78913,1,,,1,15,,78932,1,,,1,15,,78951,1,,,1,55,,78894,1,,,1,15,,78914,1,,,1,15,,78933,1,,,1,15,,78952,1,,,1,55,,78895,1,,,1,15,,78915,1,,,1,15,,78934,1,,,1,15,,78953,1,,,1,55,,78896,1,,,1,15,,78916,1,,,1,15,,78935,1,,,1,15,,78954,1,,,1,55,,78897,1,,,1,15,,78917,1,,,1,15,,78936,1,,,1,15,,78955,1,,,1,55,,78898,1,,,1,15,,78918,1,,,1,15,,78937,1,,,1,15,,78956,1,,,1,55,,78899,1,,,1,15,,78919,1,,,1,15,,78938,1,,,1,15,,78957,1,,,1,55,,78900,1,,,1,15,,78920,1,,,1,15,,78939,1,,,1,15,,78958,1,,,1,14,,78901,1,,,1,56,,78921,1,,,1,15,,78940,1,,,1,15,,78959,1,,,1,55,,78902,1,,,1
0,'20270124',600,,78960,1,,,1,15,,78980,1,,,1,15,,78999,1,,,1,15,,79018,1,,,1,55,,78961,1,,,1,15,,78981,1,,,1,15,,79000,1,,,1,15,,79019,1,,,1,55,,78962,1,,,1,15,,78982,1,,,1,15,,79001,1,,,1,15,,79020,1,,,1,55,,78963,1,,,1,15,,78983,1,,,1,15,,79002,1,,,1,15,,79021,1,,,1,55,,78964,1,,,1,15,,78984,1,,,1,15,,79003,1,,,1,15,,79022,1,,,1,55,,78965,1,,,1,15,,78985,1,,,1,15,,79004,1,,,1,15,,79023,1,,,1,55,,78966,1,,,1,15,,78986,1,,,1,15,,79005,1,,,1,15,,79024,1,,,1,55,,78967,1,,,1,15,,78987,1,,,1,15,,79006,1,,,1,15,,79025,1,,,1,55,,78968,1,,,1,15,,78988,1,,,1,15,,79007,1,,,1,15,,79026,1,,,1,55,,78969,1,,,1,15,,78989,1,,,1,15,,79008,1,,,1,15,,79027,1,,,1,55,,78970,1,,,1,15,,78990,1,,,1,15,,79009,1,,,1,15,,79028,1,,,1,55,,78971,1,,,1,15,,78991,1,,,1,15,,79010,1,,,1,15,,79029,1,,,1,55,,78972,1,,,1,15,,78992,1,,,1,15,,79011,1,,,1,15,,79030,1,,,1,55,,78973,1,,,1,15,,78993,1,,,1,15,,79012,1,,,1,15,,79031,1,,,1,55,,78974,1,,,1,15,,78994,1,,,1,15,,79013,1,,,1,15,,79032,1,,,1,55,,78975,1,,,1,15,,78995,1,,,1,15,,79014,1,,,1,15,,79033,1,,,1,55,,78976,1,,,1,15,,78996,1,,,1,15,,79015,1,,,1,15,,79034,1,,,1,55,,78977,1,,,1,15,,78997,1,,,1,15,,79016,1,,,1,15,,79035,1,,,1,14,,78978,1,,,1,56,,78998,1,,,1,15,,79017,1,,,1,15,,79036,1,,,1,55,,78979,1,,,1
0,'20270125',455,,79097,1,,,1,55,,79037,1,,,1,20,,79077,1,,,1,15,,79098,1,,,1,55,,79038,1,,,1,15,,79058,1,,,1,15,,79078,1,,,1,15,,79099,1,,,1,55,,79039,1,,,1,15,,79059,1,,,1,15,,79079,1,,,1,15,,79100,1,,,1,55,,79040,1,,,1,15,,79060,1,,,1,15,,79080,1,,,1,15,,79101,1,,,1,55,,79041,1,,,1,15,,79061,1,,,1,15,,79081,1,,,1,15,,79102,1,,,1,55,,79042,1,,,1,15,,79062,1,,,1,15,,79082,1,,,1,15,,79103,1,,,1,55,,79043,1,,,1,15,,79063,1,,,1,15,,79083,1,,,1,15,,79104,1,,,1,55,,79044,1,,,1,15,,79064,1,,,1,15,,79084,1,,,1,15,,79105,1,,,1,55,,79045,1,,,1,15,,79065,1,,,1,15,,79085,1,,,1,15,,79106,1,,,1,55,,79046,1,,,1,15,,79066,1,,,1,15,,79086,1,,,1,15,,79107,1,,,1,55,,79047,1,,,1,15,,79067,1,,,1,15,,79087,1,,,1,15,,79108,1,,,1,55,,79048,1,,,1,15,,79068,1,,,1,15,,79088,1,,,1,15,,79109,1,,,1,55,,79049,1,,,1,15,,79069,1,,,1,15,,79089,1,,,1,15,,79110,1,,,1,55,,79050,1,,,1,15,,79070,1,,,1,15,,79090,1,,,1,15,,79111,1,,,1,55,,79051,1,,,1,15,,79071,1,,,1,15,,79091,1,,,1,15,,79112,1,,,1,55,,79052,1,,,1,15,,79072,1,,,1,15,,79092,1,,,1,15,,79113,1,,,1,55,,79053,1,,,1,15,,79073,1,,,1,15,,79093,1,,,1,15,,79114,1,,,1,55,,79054,1,,,1,15,,79074,1,,,1,15,,79094,1,,,1,15,,79115,1,,,1,55,,79055,1,,,1,15,,79075,1,,,1,15,,79095,1,,,1,15,,79116,1,,,1,14,,79056,1,,,1,56,,79076,1,,,1,15,,79096,1,,,1,15,,79117,1,,,1,55,,79057,1,,,1
0,'20270126',455,,79178,1,,,1,55,,79118,1,,,1,20,,79158,1,,,1,15,,79179,1,,,1,55,,79119,1,,,1,15,,79139,1,,,1,15,,79159,1,,,1,15,,79180,1,,,1,55,,79120,1,,,1,15,,79140,1,,,1,15,,79160,1,,,1,15,,79181,1,,,1,55,,79121,1,,,1,15,,79141,1,,,1,15,,79161,1,,,1,15,,79182,1,,,1,55,,79122,1,,,1,15,,79142,1,,,1,15,,79162,1,,,1,15,,79183,1,,,1,55,,79123,1,,,1,15,,79143,1,,,1,15,,79163,1,,,1,15,,79184,1,,,1,55,,79124,1,,,1,15,,79144,1,,,1,15,,79164,1,,,1,15,,79185,1,,,1,55,,79125,1,,,1,15,,79145,1,,,1,15,,79165,1,,,1,15,,79186,1,,,1,55,,79126,1,,,1,15,,79146,1,,,1,15,,79166,1,,,1,15,,79187,1,,,1,55,,79127,1,,,1,15,,79147,1,,,1,15,,79167,1,,,1,15,,79188,1,,,1,55,,79128,1,,,1,15,,79148,1,,,1,15,,79168,1,,,1,15,,79189,1,,,1,55,,79129,1,,,1,15,,79149,1,,,1,15,,79169,1,,,1,15,,79190,1,,,1,55,,79130,1,,,1,15,,79150,1,,,1,15,,79170,1,,,1,15,,79191,1,,,1,55,,79131,1,,,1,15,,79151,1,,,1,15,,79171,1,,,1,15,,79192,1,,,1,55,,79132,1,,,1,15,,79152,1,,,1,15,,79172,1,,,1,15,,79193,1,,,1,55,,79133,1,,,1,15,,79153,1,,,1,15,,79173,1,,,1,15,,79194,1,,,1,55,,79134,1,,,1,15,,79154,1,,,1,15,,79174,1,,,1,15,,79195,1,,,1,55,,79135,1,,,1,15,,79155,1,,,1,15,,79175,1,,,1,15,,79196,1,,,1,55,,79136,1,,,1,15,,79156,1,,,1,15,,79176,1,,,1,15,,79197,1,,,1,14,,79137,1,,,1,56,,79157,1,,,1,15,,79177,1,,,1,15,,79198,1,,,1,55,,79138,1,,,1
0,'20270127',455,,79259,1,,,1,55,,79199,1,,,1,20,,79239,1,,,1,15,,79260,1,,,1,55,,79200,1,,,1,15,,79220,1,,,1,15,,79240,1,,,1,15,,79261,1,,,1,55,,79201,1,,,1,15,,79221,1,,,1,15,,79241,1,,,1,15,,79262,1,,,1,55,,79202,1,,,1,15,,79222,1,,,1,15,,79242,1,,,1,15,,79263,1,,,1,55,,79203,1,,,1,15,,79223,1,,,1,15,,79243,1,,,1,15,,79264,1,,,1,55,,79204,1,,,1,15,,79224,1,,,1,15,,79244,1,,,1,15,,79265,1,,,1,55,,79205,1,,,1,15,,79225,1,,,1,15,,79245,1,,,1,15,,79266,1,,,1,55,,79206,1,,,1,15,,79226,1,,,1,15,,79246,1,,,1,15,,79267,1,,,1,55,,79207,1,,,1,15,,79227,1,,,1,15,,79247,1,,,1,15,,79268,1,,,1,55,,79208,1,,,1,15,,79228,1,,,1,15,,79248,1,,,1,15,,79269,1,,,1,55,,79209,1,,,1,15,,79229,1,,,1,15,,79249,1,,,1,15,,79270,1,,,1,55,,79210,1,,,1,15,,79230,1,,,1,15,,79250,1,,,1,15,,79271,1,,,1,55,,79211,1,,,1,15,,79231,1,,,1,15,,79251,1,,,1,15,,79272,1,,,1,55,,79212,1,,,1,15,,79232,1,,,1,15,,79252,1,,,1,15,,79273,1,,,1,55,,79213,1,,,1,15,,79233,1,,,1,15,,79253,1,,,1,15,,79274,1,,,1,55,,79214,1,,,1,15,,79234,1,,,1,15,,79254,1,,,1,15,,79275,1,,,1,55,,79215,1,,,1,15,,79235,1,,,1,15,,79255,1,,,1,15,,79276,1,,,1,55,,79216,1,,,1,15,,79236,1,,,1,15,,79256,1,,,1,15,,79277,1,,,1,55,,79217,1,,,1,15,,79237,1,,,1,15,,79257,1,,,1,15,,79278,1,,,1,14,,79218,1,,,1,56,,79238,1,,,1,15,,79258,1,,,1,15,,79279,1,,,1,55,,79219,1,,,1
0,'20270128',455,,79340,1,,,1,55,,79280,1,,,1,20,,79320,1,,,1,15,,79341,1,,,1,55,,79281,1,,,1,15,,79301,1,,,1,15,,79321,1,,,1,15,,79342,1,,,1,55,,79282,1,,,1,15,,79302,1,,,1,15,,79322,1,,,1,15,,79343,1,,,1,55,,79283,1,,,1,15,,79303,1,,,1,15,,79323,1,,,1,15,,79344,1,,,1,55,,79284,1,,,1,15,,79304,1,,,1,15,,79324,1,,,1,15,,79345,1,,,1,55,,79285,1,,,1,15,,79305,1,,,1,15,,79325,1,,,1,15,,79346,1,,,1,55,,79286,1,,,1,15,,79306,1,,,1,15,,79326,1,,,1,15,,79347,1,,,1,55,,79287,1,,,1,15,,79307,1,,,1,15,,79327,1,,,1,15,,79348,1,,,1,55,,79288,1,,,1,15,,79308,1,,,1,15,,79328,1,,,1,15,,79349,1,,,1,55,,79289,1,,,1,15,,79309,1,,,1,15,,79329,1,,,1,15,,79350,1,,,1,55,,79290,1,,,1,15,,79310,1,,,1,15,,79330,1,,,1,15,,79351,1,,,1,55,,79291,1,,,1,15,,79311,1,,,1,15,,79331,1,,,1,15,,79352,1,,,1,55,,79292,1,,,1,15,,79312,1,,,1,15,,79332,1,,,1,15,,79353,1,,,1,55,,79293,1,,,1,15,,79313,1,,,1,15,,79333,1,,,1,15,,79354,1,,,1,55,,79294,1,,,1,15,,79314,1,,,1,15,,79334,1,,,1,15,,79355,1,,,1,55,,79295,1,,,1,15,,79315,1,,,1,15,,79335,1,,,1,15,,79356,1,,,1,55,,79296,1,,,1,15,,79316,1,,,1,15,,79336,1,,,1,15,,79357,1,,,1,55,,79297,1,,,1,15,,79317,1,,,1,15,,79337,1,,,1,15,,79358,1,,,1,55,,79298,1,,,1,15,,79318,1,,,1,15,,79338,1,,,1,15,,79359,1,,,1,14,,79299,1,,,1,56,,79319,1,,,1,15,,79339,1,,,1,15,,79360,1,,,1,55,,79300,1,,,1
0,'20270129',455,,79421,1,,,1,55,,79361,1,,,1,20,,79401,1,,,1,15,,79422,1,,,1,55,,79362,1,,,1,15,,79382,1,,,1,15,,79402,1,,,1,15,,79423,1,,,1,55,,79363,1,,,1,15,,79383,1,,,1,15,,79403,1,,,1,15,,79424,1,,,1,55,,79364,1,,,1,15,,79384,1,,,1,15,,79404,1,,,1,15,,79425,1,,,1,55,,79365,1,,,1,15,,79385,1,,,1,15,,79405,1,,,1,15,,79426,1,,,1,55,,79366,1,,,1,15,,79386,1,,,1,15,,79406,1,,,1,15,,79427,1,,,1,55,,79367,1,,,1,15,,79387,1,,,1,15,,79407,1,,,1,15,,79428,1,,,1,55,,79368,1,,,1,15,,79388,1,,,1,15,,79408,1,,,1,15,,79429,1,,,1,55,,79369,1,,,1,15,,79389,1,,,1,15,,79409,1,,,1,15,,79430,1,,,1,55,,79370,1,,,1,15,,79390,1,,,1,15,,79410,1,,,1,15,,79431,1,,,1,55,,79371,1,,,1,15,,79391,1,,,1,15,,79411,1,,,1,15,,79432,1,,,1,55,,79372,1,,,1,15,,79392,1,,,1,15,,79412,1,,,1,15,,79433,1,,,1,55,,79373,1,,,1,15,,79393,1,,,1,15,,79413,1,,,1,15,,79434,1,,,1,55,,79374,1,,,1,15,,79394,1,,,1,15,,79414,1,,,1,15,,79435,1,,,1,55,,79375,1,,,1,15,,79395,1,,,1,15,,79415,1,,,1,15,,79436,1,,,1,55,,79376,1,,,1,15,,79396,1,,,1,15,,79416,1,,,1,15,,79437,1,,,1,55,,79377,1,,,1,15,,79397,1,,,1,15,,79417,1,,,1,15,,79438,1,,,1,55,,79378,1,,,1,15,,79398,1,,,1,15,,79418,1,,,1,15,,79439,1,,,1,55,,79379,1,,,1,15,,79399,1,,,1,15,,79419,1,,,1,15,,79440,1,,,1,14,,79380,1,,,1,56,,79400,1,,,1,15,,79420,1,,,1,15,,79441,1,,,1,55,,79381,1,,,1
0,'20270130',600,,79442,1,,,1,15,,79462,1,,,1,15,,79481,1,,,1,15,,79500,1,,,1,55,,79443,1,,,1,15,,79463,1,,,1,15,,79482,1,,,1,15,,79501,1,,,1,55,,79444,1,,,1,15,,79464,1,,,1,15,,79483,1,,,1,15,,79502,1,,,1,55,,79445,1,,,1,15,,79465,1,,,1,15,,79484,1,,,1,15,,79503,1,,,1,55,,79446,1,,,1,15,,79466,1,,,1,15,,79485,1,,,1,15,,79504,1,,,1,55,,79447,1,,,1,15,,79467,1,,,1,15,,79486,1,,,1,15,,79505,1,,,1,55,,79448,1,,,1,15,,79468,1,,,1,15,,79487,1,,,1,15,,79506,1,,,1,55,,79449,1,,,1,15,,79469,1,,,1,15,,79488,1,,,1,15,,79507,1,,,1,55,,79450,1,,,1,15,,79470,1,,,1,15,,79489,1,,,1,15,,79508,1,,,1,55,,79451,1,,,1,15,,79471,1,,,1,15,,79490,1,,,1,15,,79509,1,,,1,55,,79452,1,,,1,15,,79472,1,,,1,15,,79491,1,,,1,15,,79510,1,,,1,55,,79453,1,,,1,15,,79473,1,,,1,15,,79492,1,,,1,15,,79511,1,,,1,55,,79454,1,,,1,15,,79474,1,,,1,15,,79493,1,,,1,15,,79512,1,,,1,55,,79455,1,,,1,15,,79475,1,,,1,15,,79494,1,,,1,15,,79513,1,,,1,55,,79456,1,,,1,15,,79476,1,,,1,15,,79495,1,,,1,15,,79514,1,,,1,55,,79457,1,,,1,15,,79477,1,,,1,15,,79496,1,,,1,15,,79515,1,,,1,55,,79458,1,,,1,15,,79478,1,,,1,15,,79497,1,,,1,15,,79516,1,,,1,55,,79459,1,,,1,15,,79479,1,,,1,15,,79498,1,,,1,15,,79517,1,,,1,14,,79460,1,,,1,56,,79480,1,,,1,15,,79499,1,,,1,15,,79518,1,,,1,55,,79461,1,,,1
0,'20270131',600,,79519,1,,,1,15,,79539,1,,,1,15,,79558,1,,,1,15,,79577,1,,,1,55,,79520,1,,,1,15,,79540,1,,,1,15,,79559,1,,,1,15,,79578,1,,,1,55,,79521,1,,,1,15,,79541,1,,,1,15,,79560,1,,,1,15,,79579,1,,,1,55,,79522,1,,,1,15,,79542,1,,,1,15,,79561,1,,,1,15,,79580,1,,,1,55,,79523,1,,,1,15,,79543,1,,,1,15,,79562,1,,,1,15,,79581,1,,,1,55,,79524,1,,,1,15,,79544,1,,,1,15,,79563,1,,,1,15,,79582,1,,,1,55,,79525,1,,,1,15,,79545,1,,,1,15,,79564,1,,,1,15,,79583,1,,,1,55,,79526,1,,,1,15,,79546,1,,,1,15,,79565,1,,,1,15,,79584,1,,,1,55,,79527,1,,,1,15,,79547,1,,,1,15,,79566,1,,,1,15,,79585,1,,,1,55,,79528,1,,,1,15,,79548,1,,,1,15,,79567,1,,,1,15,,79586,1,,,1,55,,79529,1,,,1,15,,79549,1,,,1,15,,79568,1,,,1,15,,79587,1,,,1,55,,79530,1,,,1,15,,79550,1,,,1,15,,79569,1,,,1,15,,79588,1,,,1,55,,79531,1,,,1,15,,79551,1,,,1,15,,79570,1,,,1,15,,79589,1,,,1,55,,79532,1,,,1,15,,79552,1,,,1,15,,79571,1,,,1,15,,79590,1,,,1,55,,79533,1,,,1,15,,79553,1,,,1,15,,79572,1,,,1,15,,79591,1,,,1,55,,79534,1,,,1,15,,79554,1,,,1,15,,79573,1,,,1,15,,79592,1,,,1,55,,79535,1,,,1,15,,79555,1,,,1,15,,79574,1,,,1,15,,79593,1,,,1,55,,79536,1,,,1,15,,79556,1,,,1,15,,79575,1,,,1,15,,79594,1,,,1,14,,79537,1,,,1,56,,79557,1,,,1,15,,79576,1,,,1,15,,79595,1,,,1,55,,79538,1,,,1
0,'20270201',455,,79656,1,,,1,55,,79596,1,,,1,20,,79636,1,,,1,15,,79657,1,,,1,55,,79597,1,,,1,15,,79617,1,,,1,15,,79637,1,,,1,15,,79658,1,,,1,55,,79598,1,,,1,15,,79618,1,,,1,15,,79638,1,,,1,15,,79659,1,,,1,55,,79599,1,,,1,15,,79619,1,,,1,15,,79639,1,,,1,15,,79660,1,,,1,55,,79600,1,,,1,15,,79620,1,,,1,15,,79640,1,,,1,15,,79661,1,,,1,55,,79601,1,,,1,15,,79621,1,,,1,15,,79641,1,,,1,15,,79662,1,,,1,55,,79602,1,,,1,15,,79622,1,,,1,15,,79642,1,,,1,15,,79663,1,,,1,55,,79603,1,,,1,15,,79623,1,,,1,15,,79643,1,,,1,15,,79664,1,,,1,55,,79604,1,,,1,15,,79624,1,,,1,15,,79644,1,,,1,15,,79665,1,,,1,55,,79605,1,,,1,15,,79625,1,,,1,15,,79645,1,,,1,15,,79666,1,,,1,55,,79606,1,,,1,15,,79626,1,,,1,15,,79646,1,,,1,15,,79667,1,,,1,55,,79607,1,,,1,15,,79627,1,,,1,15,,79647,1,,,1,15,,79668,1,,,1,55,,79608,1,,,1,15,,79628,1,,,1,15,,79648,1,,,1,15,,79669,1,,,1,55,,79609,1,,,1,15,,79629,1,,,1,15,,79649,1,,,1,15,,79670,1,,,1,55,,79610,1,,,1,15,,79630,1,,,1,15,,79650,1,,,1,15,,79671,1,,,1,55,,79611,1,,,1,15,,79631,1,,,1,15,,79651,1,,,1,15,,79672,1,,,1,55,,79612,1,,,1,15,,79632,1,,,1,15,,79652,1,,,1,15,,79673,1,,,1,55,,79613,1,,,1,15,,79633,1,,,1,15,,79653,1,,,1,15,,79674,1,,,1,55,,79614,1,,,1,15,,79634,1,,,1,15,,79654,1,,,1,15,,79675,1,,,1,14,,79615,1,,,1,56,,79635,1,,,1,15,,79655,1,,,1,15,,79676,1,,,1,55,,79616,1,,,1
0,'20270202',455,,79737,1,,,1,55,,79677,1,,,1,20,,79717,1,,,1,15,,79738,1,,,1,55,,79678,1,,,1,15,,79698,1,,,1,15,,79718,1,,,1,15,,79739,1,,,1,55,,79679,1,,,1,15,,79699,1,,,1,15,,79719,1,,,1,15,,79740,1,,,1,55,,79680,1,,,1,15,,79700,1,,,1,15,,79720,1,,,1,15,,79741,1,,,1,55,,79681,1,,,1,15,,79701,1,,,1,15,,79721,1,,,1,15,,79742,1,,,1,55,,79682,1,,,1,15,,79702,1,,,1,15,,79722,1,,,1,15,,79743,1,,,1,55,,79683,1,,,1,15,,79703,1,,,1,15,,79723,1,,,1,15,,79744,1,,,1,55,,79684,1,,,1,15,,79704,1,,,1,15,,79724,1,,,1,15,,79745,1,,,1,55,,79685,1,,,1,15,,79705,1,,,1,15,,79725,1,,,1,15,,79746,1,,,1,55,,79686,1,,,1,15,,79706,1,,,1,15,,79726,1,,,1,15,,79747,1,,,1,55,,79687,1,,,1,15,,79707,1,,,1,15,,79727,1,,,1,15,,79748,1,,,1,55,,79688,1,,,1,15,,79708,1,,,1,15,,79728,1,,,1,15,,79749,1,,,1,55,,79689,1,,,1,15,,79709,1,,,1,15,,79729,1,,,1,15,,79750,1,,,1,55,,79690,1,,,1,15,,79710,1,,,1,15,,79730,1,,,1,15,,79751,1,,,1,55,,79691,1,,,1,15,,79711,1,,,1,15,,79731,1,,,1,15,,79752,1,,,1,55,,79692,1,,,1,15,,79712,1,,,1,15,,79732,1,,,1,15,,79753,1,,,1,55,,79693,1,,,1,15,,79713,1,,,1,15,,79733,1,,,1,15,,79754,1,,,1,55,,79694,1,,,1,15,,79714,1,,,1,15,,79734,1,,,1,15,,79755,1,,,1,55,,79695,1,,,1,15,,79715,1,,,1,15,,79735,1,,,1,15,,79756,1,,,1,14,,79696,1,,,1,56,,79716,1,,,1,15,,79736,1,,,1,15,,79757,1,,,1,55,,79697,1,,,1
0,'20270203',455,,79818,1,,,1,55,,79758,1,,,1,20,,79798,1,,,1,15,,79819,1,,,1,55,,79759,1,,,1,15,,79779,1,,,1,15,,79799,1,,,1,15,,79820,1,,,1,55,,79760,1,,,1,15,,79780,1,,,1,15,,79800,1,,,1,15,,79821,1,,,1,55,,79761,1,,,1,15,,79781,1,,,1,15,,79801,1,,,1,15,,79822,1,,,1,55,,79762,1,,,1,15,,79782,1,,,1,15,,79802,1,,,1,15,,79823,1,,,1,55,,79763,1,,,1,15,,79783,1,,,1,15,,79803,1,,,1,15,,79824,1,,,1,55,,79764,1,,,1,15,,79784,1,,,1,15,,79804,1,,,1,15,,79825,1,,,1,55,,79765,1,,,1,15,,79785,1,,,1,15,,79805,1,,,1,15,,79826,1,,,1,55,,79766,1,,,1,15,,79786,1,,,1,15,,79806,1,,,1,15,,79827,1,,,1,55,,79767,1,,,1,15,,79787,1,,,1,15,,79807,1,,,1,15,,79828,1,,,1,55,,79768,1,,,1,15,,79788,1,,,1,15,,79808,1,,,1,15,,79829,1,,,1,55,,79769,1,,,1,15,,79789,1,,,1,15,,79809,1,,,1,15,,79830,1,,,1,55,,79770,1,,,1,15,,79790,1,,,1,15,,79810,1,,,1,15,,79831,1,,,1,55,,79771,1,,,1,15,,79791,1,,,1,15,,79811,1,,,1,15,,79832,1,,,1,55,,79772,1,,,1,15,,79792,1,,,1,15,,79812,1,,,1,15,,79833,1,,,1,55,,79773,1,,,1,15,,79793,1,,,1,15,,79813,1,,,1,15,,79834,1,,,1,55,,79774,1,,,1,15,,79794,1,,,1,15,,79814,1,,,1,15,,79835,1,,,1,55,,79775,1,,,1,15,,79795,1,,,1,15,,79815,1,,,1,15,,79836,1,,,1,55,,79776,1,,,1,15,,79796,1,,,1,15,,79816,1,,,1,15,,79837,1,,,1,14,,79777,1,,,1,56,,79797,1,,,1,15,,79817,1,,,1,15,,79838,1,,,1,55,,79778,1,,,1
0,'20270204',455,,79899,1,,,1,55,,79839,1,,,1,20,,79879,1,,,1,15,,79900,1,,,1,55,,79840,1,,,1,15,,79860,1,,,1,15,,79880,1,,,1,15,,79901,1,,,1,55,,79841,1,,,1,15,,79861,1,,,1,15,,79881,1,,,1,15,,79902,1,,,1,55,,79842,1,,,1,15,,79862,1,,,1,15,,79882,1,,,1,15,,79903,1,,,1,55,,79843,1,,,1,15,,79863,1,,,1,15,,79883,1,,,1,15,,79904,1,,,1,55,,79844,1,,,1,15,,79864,1,,,1,15,,79884,1,,,1,15,,79905,1,,,1,55,,79845,1,,,1,15,,79865,1,,,1,15,,79885,1,,,1,15,,79906,1,,,1,55,,79846,1,,,1,15,,79866,1,,,1,15,,79886,1,,,1,15,,79907,1,,,1,55,,79847,1,,,1,15,,79867,1,,,1,15,,79887,1,,,1,15,,79908,1,,,1,55,,79848,1,,,1,15,,79868,1,,,1,15,,79888,1,,,1,15,,79909,1,,,1,55,,79849,1,,,1,15,,79869,1,,,1,15,,79889,1,,,1,15,,79910,1,,,1,55,,79850,1,,,1,15,,79870,1,,,1,15,,79890,1,,,1,15,,79911,1,,,1,55,,79851,1,,,1,15,,79871,1,,,1,15,,79891,1,,,1,15,,79912,1,,,1,55,,79852,1,,,1,15,,79872,1,,,1,15,,79892,1,,,1,15,,79913,1,,,1,55,,79853,1,,,1,15,,79873,1,,,1,15,,79893,1,,,1,15,,79914,1,,,1,55,,79854,1,,,1,15,,79874,1,,,1,15,,79894,1,,,1,15,,79915,1,,,1,55,,79855,1,,,1,15,,79875,1,,,1,15,,79895,1,,,1,15,,79916,1,,,1,55,,79856,1,,,1,15,,79876,1,,,1,15,,79896,1,,,1,15,,79917,1,,,1,55,,79857,1,,,1,15,,79877,1,,,1,15,,79897,1,,,1,15,,79918,1,,,1,14,,79858,1,,,1,56,,79878,1,,,1,15,,79898,1,,,1,15,,79919,1,,,1,55,,79859,1,,,1
0,'20270205',455,,79980,1,,,1,55,,79920,1,,,1,20,,79960,1,,,1,15,,79981,1,,,1,55,,79921,1,,,1,15,,79941,1,,,1,15,,79961,1,,,1,15,,79982,1,,,1,55,,79922,1,,,1,15,,79942,1,,,1,15,,79962,1,,,1,15,,79983,1,,,1,55,,79923,1,,,1,15,,79943,1,,,1,15,,79963,1,,,1,15,,79984,1,,,1,55,,79924,1,,,1,15,,79944,1,,,1,15,,79964,1,,,1,15,,79985,1,,,1,55,,79925,1,,,1,15,,79945,1,,,1,15,,79965,1,,,1,15,,79986,1,,,1,55,,79926,1,,,1,15,,79946,1,,,1,15,,79966,1,,,1,15,,79987,1,,,1,55,,79927,1,,,1,15,,79947,1,,,1,15,,79967,1,,,1,15,,79988,1,,,1,55,,79928,1,,,1,15,,79948,1,,,1,15,,79968,1,,,1,15,,79989,1,,,1,55,,79929,1,,,1,15,,79949,1,,,1,15,,79969,1,,,1,15,,79990,1,,,1,55,,79930,1,,,1,15,,79950,1,,,1,15,,79970,1,,,1,15,,79991,1,,,1,55,,79931,1,,,1,15,,79951,1,,,1,15,,79971,1,,,1,15,,79992,1,,,1,55,,79932,1,,,1,15,,79952,1,,,1,15,,79972,1,,,1,15,,79993,1,,,1,55,,79933,1,,,1,15,,79953,1,,,1,15,,79973,1,,,1,15,,79994,1,,,1,55,,79934,1,,,1,15,,79954,1,,,1,15,,79974,1,,,1,15,,79995,1,,,1,55,,79935,1,,,1,15,,79955,1,,,1,15,,79975,1,,,1,15,,79996,1,,,1,55,,79936,1,,,1,15,,79956,1,,,1,15,,79976,1,,,1,15,,79997,1,,,1,55,,79937,1,,,1,15,,79957,1,,,1,15,,79977,1,,,1,15,,79998,1,,,1,55,,79938,1,,,1,15,,79958,1,,,1,15,,79978,1,,,1,15,,79999,1,,,1,14,,79939,1,,,1,56,,79959,1,,,1,15,,79979,1,,,1,15,,80000,1,,,1,55,,79940,1,,,1
0,'20270206',600,,80001,1,,,1,15,,80021,1,,,1,15,,80040,1,,,1,15,,80059,1,,,1,55,,80002,1,,,1,15,,80022,1,,,1,15,,80041,1,,,1,15,,80060,1,,,1,55,,80003,1,,,1,15,,80023,1,,,1,15,,80042,1,,,1,15,,80061,1,,,1,55,,80004,1,,,1,15,,80024,1,,,1,15,,80043,1,,,1,15,,80062,1,,,1,55,,80005,1,,,1,15,,80025,1,,,1,15,,80044,1,,,1,15,,80063,1,,,1,55,,80006,1,,,1,15,,80026,1,,,1,15,,80045,1,,,1,15,,80064,1,,,1,55,,80007,1,,,1,15,,80027,1,,,1,15,,80046,1,,,1,15,,80065,1,,,1,55,,80008,1,,,1,15,,80028,1,,,1,15,,80047,1,,,1,15,,80066,1,,,1,55,,80009,1,,,1,15,,80029,1,,,1,15,,80048,1,,,1,15,,80067,1,,,1,55,,80010,1,,,1,15,,80030,1,,,1,15,,80049,1,,,1,15,,80068,1,,,1,55,,80011,1,,,1,15,,80031,1,,,1,15,,80050,1,,,1,15,,80069,1,,,1,55,,80012,1,,,1,15,,80032,1,,,1,15,,80051,1,,,1,15,,80070,1,,,1,55,,80013,1,,,1,15,,80033,1,,,1,15,,80052,1,,,1,15,,80071,1,,,1,55,,80014,1,,,1,15,,80034,1,,,1,15,,80053,1,,,1,15,,80072,1,,,1,55,,80015,1,,,1,15,,80035,1,,,1,15,,80054,1,,,1,15,,80073,1,,,1,55,,80016,1,,,1,15,,80036,1,,,1,15,,80055,1,,,1,15,,80074,1,,,1,55,,80017,1,,,1,15,,80037,1,,,1,15,,80056,1,,,1,15,,80075,1,,,1,55,,80018,1,,,1,15,,80038,1,,,1,15,,80057,1,,,1,15,,80076,1,,,1,14,,80019,1,,,1,56,,80039,1,,,1,15,,80058,1,,,1,15,,80077,1,,,1,55,,80020,1,,,1
0,'20270207',600,,80078,1,,,1,15,,80098,1,,,1,15,,80117,1,,,1,15,,80136,1,,,1,55,,80079,1,,,1,15,,80099,1,,,1,15,,80118,1,,,1,15,,80137,1,,,1,55,,80080,1,,,1,15,,80100,1,,,1,15,,80119,1,,,1,15,,80138,1,,,1,55,,80081,1,,,1,15,,80101,1,,,1,15,,80120,1,,,1,15,,80139,1,,,1,55,,80082,1,,,1,15,,80102,1,,,1,15,,80121,1,,,1,15,,80140,1,,,1,55,,80083,1,,,1,15,,80103,1,,,1,15,,80122,1,,,1,15,,80141,1,,,1,55,,80084,1,,,1,15,,80104,1,,,1,15,,80123,1,,,1,15,,80142,1,,,1,55,,80085,1,,,1,15,,80105,1,,,1,15,,80124,1,,,1,15,,80143,1,,,1,55,,80086,1,,,1,15,,80106,1,,,1,15,,80125,1,,,1,15,,80144,1,,,1,55,,80087,1,,,1,15,,80107,1,,,1,15,,80126,1,,,1,15,,80145,1,,,1,55,,80088,1,,,1,15,,80108,1,,,1,15,,80127,1,,,1,15,,80146,1,,,1,55,,80089,1,,,1,15,,80109,1,,,1,15,,80128,1,,,1,15,,80147,1,,,1,55,,80090,1,,,1,15,,80110,1,,,1,15,,80129,1,,,1,15,,80148,1,,,1,55,,80091,1,,,1,15,,80111,1,,,1,15,,80130,1,,,1,15,,80149,1,,,1,55,,80092,1,,,1,15,,80112,1,,,1,15,,80131,1,,,1,15,,80150,1,,,1,55,,80093,1,,,1,15,,80113,1,,,1,15,,80132,1,,,1,15,,80151,1,,,1,55,,80094,1,,,1,15,,80114,1,,,1,15,,80133,1,,,1,15,,80152,1,,,1,55,,80095,1,,,1,15,,80115,1,,,1,15,,80134,1,,,1,15,,80153,1,,,1,14,,80096,1,,,1,56,,80116,1,,,1,15,,80135,1,,,1,15,,80154,1,,,1,55,,80097,1,,,1
0,'20270208',455,,80215,1,,,1,55,,80155,1,,,1,20,,80195,1,,,1,15,,80216,1,,,1,55,,80156,1,,,1,15,,80176,1,,,1,15,,80196,1,,,1,15,,80217,1,,,1,55,,80157,1,,,1,15,,80177,1,,,1,15,,80197,1,,,1,15,,80218,1,,,1,55,,80158,1,,,1,15,,80178,1,,,1,15,,80198,1,,,1,15,,80219,1,,,1,55,,80159,1,,,1,15,,80179,1,,,1,15,,80199,1,,,1,15,,80220,1,,,1,55,,80160,1,,,1,15,,80180,1,,,1,15,,80200,1,,,1,15,,80221,1,,,1,55,,80161,1,,,1,15,,80181,1,,,1,15,,80201,1,,,1,15,,80222,1,,,1,55,,80162,1,,,1,15,,80182,1,,,1,15,,80202,1,,,1,15,,80223,1,,,1,55,,80163,1,,,1,15,,80183,1,,,1,15,,80203,1,,,1,15,,80224,1,,,1,55,,80164,1,,,1,15,,80184,1,,,1,15,,80204,1,,,1,15,,80225,1,,,1,55,,80165,1,,,1,15,,80185,1,,,1,15,,80205,1,,,1,15,,80226,1,,,1,55,,80166,1,,,1,15,,80186,1,,,1,15,,80206,1,,,1,15,,80227,1,,,1,55,,80167,1,,,1,15,,80187,1,,,1,15,,80207,1,,,1,15,,80228,1,,,1,55,,80168,1,,,1,15,,80188,1,,,1,15,,80208,1,,,1,15,,80229,1,,,1,55,,80169,1,,,1,15,,80189,1,,,1,15,,80209,1,,,1,15,,80230,1,,,1,55,,80170,1,,,1,15,,80190,1,,,1,15,,80210,1,,,1,15,,80231,1,,,1,55,,80171,1,,,1,15,,80191,1,,,1,15,,80211,1,,,1,15,,80232,1,,,1,55,,80172,1,,,1,15,,80192,1,,,1,15,,80212,1,,,1,15,,80233,1,,,1,55,,80173,1,,,1,15,,80193,1,,,1,15,,80213,1,,,1,15,,80234,1,,,1,14,,80174,1,,,1,56,,80194,1,,,1,15,,80214,1,,,1,15,,80235,1,,,1,55,,80175,1,,,1
0,'20270209',455,,80296,1,,,1,55,,80236,1,,,1,20,,80276,1,,,1,15,,80297,1,,,1,55,,80237,1,,,1,15,,80257,1,,,1,15,,80277,1,,,1,15,,80298,1,,,1,55,,80238,1,,,1,15,,80258,1,,,1,15,,80278,1,,,1,15,,80299,1,,,1,55,,80239,1,,,1,15,,80259,1,,,1,15,,80279,1,,,1,15,,80300,1,,,1,55,,80240,1,,,1,15,,80260,1,,,1,15,,80280,1,,,1,15,,80301,1,,,1,55,,80241,1,,,1,15,,80261,1,,,1,15,,80281,1,,,1,15,,80302,1,,,1,55,,80242,1,,,1,15,,80262,1,,,1,15,,80282,1,,,1,15,,80303,1,,,1,55,,80243,1,,,1,15,,80263,1,,,1,15,,80283,1,,,1,15,,80304,1,,,1,55,,80244,1,,,1,15,,80264,1,,,1,15,,80284,1,,,1,15,,80305,1,,,1,55,,80245,1,,,1,15,,80265,1,,,1,15,,80285,1,,,1,15,,80306,1,,,1,55,,80246,1,,,1,15,,80266,1,,,1,15,,80286,1,,,1,15,,80307,1,,,1,55,,80247,1,,,1,15,,80267,1,,,1,15,,80287,1,,,1,15,,80308,1,,,1,55,,80248,1,,,1,15,,80268,1,,,1,15,,80288,1,,,1,15,,80309,1,,,1,55,,80249,1,,,1,15,,80269,1,,,1,15,,80289,1,,,1,15,,80310,1,,,1,55,,80250,1,,,1,15,,80270,1,,,1,15,,80290,1,,,1,15,,80311,1,,,1,55,,80251,1,,,1,15,,80271,1,,,1,15,,80291,1,,,1,15,,80312,1,,,1,55,,80252,1,,,1,15,,80272,1,,,1,15,,80292,1,,,1,15,,80313,1,,,1,55,,80253,1,,,1,15,,80273,1,,,1,15,,80293,1,,,1,15,,80314,1,,,1,55,,80254,1,,,1,15,,80274,1,,,1,15,,80294,1,,,1,15,,80315,1,,,1,14,,80255,1,,,1,56,,80275,1,,,1,15,,80295,1,,,1,15,,80316,1,,,1,55,,80256,1,,,1
0,'20270210',455,,80377,1,,,1,55,,80317,1,,,1,20,,80357,1,,,1,15,,80378,1,,,1,55,,80318,1,,,1,15,,80338,1,,,1,15,,80358,1,,,1,15,,80379,1,,,1,55,,80319,1,,,1,15,,80339,1,,,1,15,,80359,1,,,1,15,,80380,1,,,1,55,,80320,1,,,1,15,,80340,1,,,1,15,,80360,1,,,1,15,,80381,1,,,1,55,,80321,1,,,1,15,,80341,1,,,1,15,,80361,1,,,1,15,,80382,1,,,1,55,,80322,1,,,1,15,,80342,1,,,1,15,,80362,1,,,1,15,,80383,1,,,1,55,,80323,1,,,1,15,,80343,1,,,1,15,,80363,1,,,1,15,,80384,1,,,1,55,,80324,1,,,1,15,,80344,1,,,1,15,,80364,1,,,1,15,,80385,1,,,1,55,,80325,1,,,1,15,,80345,1,,,1,15,,80365,1,,,1,15,,80386,1,,,1,55,,80326,1,,,1,15,,80346,1,,,1,15,,80366,1,,,1,15,,80387,1,,,1,55,,80327,1,,,1,15,,80347,1,,,1,15,,80367,1,,,1,15,,80388,1,,,1,55,,80328,1,,,1,15,,80348,1,,,1,15,,80368,1,,,1,15,,80389,1,,,1,55,,80329,1,,,1,15,,80349,1,,,1,15,,80369,1,,,1,15,,80390,1,,,1,55,,80330,1,,,1,15,,80350,1,,,1,15,,80370,1,,,1,15,,80391,1,,,1,55,,80331,1,,,1,15,,80351,1,,,1,15,,80371,1,,,1,15,,80392,1,,,1,55,,80332,1,,,1,15,,80352,1,,,1,15,,80372,1,,,1,15,,80393,1,,,1,55,,80333,1,,,1,15,,80353,1,,,1,15,,80373,1,,,1,15,,80394,1,,,1,55,,80334,1,,,1,15,,80354,1,,,1,15,,80374,1,,,1,15,,80395,1,,,1,55,,80335,1,,,1,15,,80355,1,,,1,15,,80375,1,,,1,15,,80396,1,,,1,14,,80336,1,,,1,56,,80356,1,,,1,15,,80376,1,,,1,15,,80397,1,,,1,55,,80337,1,,,1
0,'20270211',455,,80458,1,,,1,55,,80398,1,,,1,20,,80438,1,,,1,15,,80459,1,,,1,55,,80399,1,,,1,15,,80419,1,,,1,15,,80439,1,,,1,15,,80460,1,,,1,55,,80400,1,,,1,15,,80420,1,,,1,15,,80440,1,,,1,15,,80461,1,,,1,55,,80401,1,,,1,15,,80421,1,,,1,15,,80441,1,,,1,15,,80462,1,,,1,55,,80402,1,,,1,15,,80422,1,,,1,15,,80442,1,,,1,15,,80463,1,,,1,55,,80403,1,,,1,15,,80423,1,,,1,15,,80443,1,,,1,15,,80464,1,,,1,55,,80404,1,,,1,15,,80424,1,,,1,15,,80444,1,,,1,15,,80465,1,,,1,55,,80405,1,,,1,15,,80425,1,,,1,15,,80445,1,,,1,15,,80466,1,,,1,55,,80406,1,,,1,15,,80426,1,,,1,15,,80446,1,,,1,15,,80467,1,,,1,55,,80407,1,,,1,15,,80427,1,,,1,15,,80447,1,,,1,15,,80468,1,,,1,55,,80408,1,,,1,15,,80428,1,,,1,15,,80448,1,,,1,15,,80469,1,,,1,55,,80409,1,,,1,15,,80429,1,,,1,15,,80449,1,,,1,15,,80470,1,,,1,55,,80410,1,,,1,15,,80430,1,,,1,15,,80450,1,,,1,15,,80471,1,,,1,55,,80411,1,,,1,15,,80431,1,,,1,15,,80451,1,,,1,15,,80472,1,,,1,55,,80412,1,,,1,15,,80432,1,,,1,15,,80452,1,,,1,15,,80473,1,,,1,55,,80413,1,,,1,15,,80433,1,,,1,15,,80453,1,,,1,15,,80474,1,,,1,55,,80414,1,,,1,15,,80434,1,,,1,15,,80454,1,,,1,15,,80475,1,,,1,55,,80415,1,,,1,15,,80435,1,,,1,15,,80455,1,,,1,15,,80476,1,,,1,55,,80416,1,,,1,15,,80436,1,,,1,15,,80456,1,,,1,15,,80477,1,,,1,14,,80417,1,,,1,56,,80437,1,,,1,15,,80457,1,,,1,15,,80478,1,,,1,55,,80418,1,,,1
0,'20270212',455,,80539,1,,,1,55,,80479,1,,,1,20,,80519,1,,,1,15,,80540,1,,,1,55,,80480,1,,,1,15,,80500,1,,,1,15,,80520,1,,,1,15,,80541,1,,,1,55,,80481,1,,,1,15,,80501,1,,,1,15,,80521,1,,,1,15,,80542,1,,,1,55,,80482,1,,,1,15,,80502,1,,,1,15,,80522,1,,,1,15,,80543,1,,,1,55,,80483,1,,,1,15,,80503,1,,,1,15,,80523,1,,,1,15,,80544,1,,,1,55,,80484,1,,,1,15,,80504,1,,,1,15,,80524,1,,,1,15,,80545,1,,,1,55,,80485,1,,,1,15,,80505,1,,,1,15,,80525,1,,,1,15,,80546,1,,,1,55,,80486,1,,,1,15,,80506,1,,,1,15,,80526,1,,,1,15,,80547,1,,,1,55,,80487,1,,,1,15,,80507,1,,,1,15,,80527,1,,,1,15,,80548,1,,,1,55,,80488,1,,,1,15,,80508,1,,,1,15,,80528,1,,,1,15,,80549,1,,,1,55,,80489,1,,,1,15,,80509,1,,,1,15,,80529,1,,,1,15,,80550,1,,,1,55,,80490,1,,,1,15,,80510,1,,,1,15,,80530,1,,,1,15,,80551,1,,,1,55,,80491,1,,,1,15,,80511,1,,,1,15,,80531,1,,,1,15,,80552,1,,,1,55,,80492,1,,,1,15,,80512,1,,,1,15,,80532,1,,,1,15,,80553,1,,,1,55,,80493,1,,,1,15,,80513,1,,,1,15,,80533,1,,,1,15,,80554,1,,,1,55,,80494,1,,,1,15,,80514,1,,,1,15,,80534,1,,,1,15,,80555,1,,,1,55,,80495,1,,,1,15,,80515,1,,,1,15,,80535,1,,,1,15,,80556,1,,,1,55,,80496,1,,,1,15,,80516,1,,,1,15,,80536,1,,,1,15,,80557,1,,,1,55,,80497,1,,,1,15,,80517,1,,,1,15,,80537,1,,,1,15,,80558,1,,,1,14,,80498,1,,,1,56,,80518,1,,,1,15,,80538,1,,,1,15,,80559,1,,,1,55,,80499,1,,,1
0,'20270213',600,,80560,1,,,1,15,,80580,1,,,1,15,,80599,1,,,1,15,,80618,1,,,1,55,,80561,1,,,1,15,,80581,1,,,1,15,,80600,1,,,1,15,,80619,1,,,1,55,,80562,1,,,1,15,,80582,1,,,1,15,,80601,1,,,1,15,,80620,1,,,1,55,,80563,1,,,1,15,,80583,1,,,1,15,,80602,1,,,1,15,,80621,1,,,1,55,,80564,1,,,1,15,,80584,1,,,1,15,,80603,1,,,1,15,,80622,1,,,1,55,,80565,1,,,1,15,,80585,1,,,1,15,,80604,1,,,1,15,,80623,1,,,1,55,,80566,1,,,1,15,,80586,1,,,1,15,,80605,1,,,1,15,,80624,1,,,1,55,,80567,1,,,1,15,,80587,1,,,1,15,,80606,1,,,1,15,,80625,1,,,1,55,,80568,1,,,1,15,,80588,1,,,1,15,,80607,1,,,1,15,,80626,1,,,1,55,,80569,1,,,1,15,,80589,1,,,1,15,,80608,1,,,1,15,,80627,1,,,1,55,,80570,1,,,1,15,,80590,1,,,1,15,,80609,1,,,1,15,,80628,1,,,1,55,,80571,1,,,1,15,,80591,1,,,1,15,,80610,1,,,1,15,,80629,1,,,1,55,,80572,1,,,1,15,,80592,1,,,1,15,,80611,1,,,1,15,,80630,1,,,1,55,,80573,1,,,1,15,,80593,1,,,1,15,,80612,1,,,1,15,,80631,1,,,1,55,,80574,1,,,1,15,,80594,1,,,1,15,,80613,1,,,1,15,,80632,1,,,1,55,,80575,1,,,1,15,,80595,1,,,1,15,,80614,1,,,1,15,,80633,1,,,1,55,,80576,1,,,1,15,,80596,1,,,1,15,,80615,1,,,1,15,,80634,1,,,1,55,,80577,1,,,1,15,,80597,1,,,1,15,,80616,1,,,1,15,,80635,1,,,1,14,,80578,1,,,1,56,,80598,1,,,1,15,,80617,1,,,1,15,,80636,1,,,1,55,,80579,1,,,1
0,'20270214',600,,80637,1,,,1,15,,80657,1,,,1,15,,80676,1,,,1,15,,80695,1,,,1,55,,80638,1,,,1,15,,80658,1,,,1,15,,80677,1,,,1,15,,80696,1,,,1,55,,80639,1,,,1,15,,80659,1,,,1,15,,80678,1,,,1,15,,80697,1,,,1,55,,80640,1,,,1,15,,80660,1,,,1,15,,80679,1,,,1,15,,80698,1,,,1,55,,80641,1,,,1,15,,80661,1,,,1,15,,80680,1,,,1,15,,80699,1,,,1,55,,80642,1,,,1,15,,80662,1,,,1,15,,80681,1,,,1,15,,80700,1,,,1,55,,80643,1,,,1,15,,80663,1,,,1,15,,80682,1,,,1,15,,80701,1,,,1,55,,80644,1,,,1,15,,80664,1,,,1,15,,80683,1,,,1,15,,80702,1,,,1,55,,80645,1,,,1,15,,80665,1,,,1,15,,80684,1,,,1,15,,80703,1,,,1,55,,80646,1,,,1,15,,80666,1,,,1,15,,80685,1,,,1,15,,80704,1,,,1,55,,80647,1,,,1,15,,80667,1,,,1,15,,80686,1,,,1,15,,80705,1,,,1,55,,80648,1,,,1,15,,80668,1,,,1,15,,80687,1,,,1,15,,80706,1,,,1,55,,80649,1,,,1,15,,80669,1,,,1,15,,80688,1,,,1,15,,80707,1,,,1,55,,80650,1,,,1,15,,80670,1,,,1,15,,80689,1,,,1,15,,80708,1,,,1,55,,80651,1,,,1,15,,80671,1,,,1,15,,80690,1,,,1,15,,80709,1,,,1,55,,80652,1,,,1,15,,80672,1,,,1,15,,80691,1,,,1,15,,80710,1,,,1,55,,80653,1,,,1,15,,80673,1,,,1,15,,80692,1,,,1,15,,80711,1,,,1,55,,80654,1,,,1,15,,80674,1,,,1,15,,80693,1,,,1,15,,80712,1,,,1,14,,80655,1,,,1,56,,80675,1,,,1,15,,80694,1,,,1,15,,80713,1,,,1,55,,80656,1,,,1
0,'20270215',455,,80774,1,,,1,55,,80714,1,,,1,20,,80754,1,,,1,15,,80775,1,,,1,55,,80715,1,,,1,15,,80735,1,,,1,15,,80755,1,,,1,15,,80776,1,,,1,55,,80716,1,,,1,15,,80736,1,,,1,15,,80756,1,,,1,15,,80777,1,,,1,55,,80717,1,,,1,15,,80737,1,,,1,15,,80757,1,,,1,15,,80778,1,,,1,55,,80718,1,,,1,15,,80738,1,,,1,15,,80758,1,,,1,15,,80779,1,,,1,55,,80719,1,,,1,15,,80739,1,,,1,15,,80759,1,,,1,15,,80780,1,,,1,55,,80720,1,,,1,15,,80740,1,,,1,15,,80760,1,,,1,15,,80781,1,,,1,55,,80721,1,,,1,15,,80741,1,,,1,15,,80761,1,,,1,15,,80782,1,,,1,55,,80722,1,,,1,15,,80742,1,,,1,15,,80762,1,,,1,15,,80783,1,,,1,55,,80723,1,,,1,15,,80743,1,,,1,15,,80763,1,,,1,15,,80784,1,,,1,55,,80724,1,,,1,15,,80744,1,,,1,15,,80764,1,,,1,15,,80785,1,,,1,55,,80725,1,,,1,15,,80745,1,,,1,15,,80765,1,,,1,15,,80786,1,,,1,55,,80726,1,,,1,15,,80746,1,,,1,15,,80766,1,,,1,15,,80787,1,,,1,55,,80727,1,,,1,15,,80747,1,,,1,15,,80767,1,,,1,15,,80788,1,,,1,55,,80728,1,,,1,15,,80748,1,,,1,15,,80768,1,,,1,15,,80789,1,,,1,55,,80729,1,,,1,15,,80749,1,,,1,15,,80769,1,,,1,15,,80790,1,,,1,55,,80730,1,,,1,15,,80750,1,,,1,15,,80770,1,,,1,15,,80791,1,,,1,55,,80731,1,,,1,15,,80751,1,,,1,15,,80771,1,,,1,15,,80792,1,,,1,55,,80732,1,,,1,15,,80752,1,,,1,15,,80772,1,,,1,15,,80793,1,,,1,14,,80733,1,,,1,56,,80753,1,,,1,15,,80773,1,,,1,15,,80794,1,,,1,55,,80734,1,,,1
0,'20270216',455,,80855,1,,,1,55,,80795,1,,,1,20,,80835,1,,,1,15,,80856,1,,,1,55,,80796,1,,,1,15,,80816,1,,,1,15,,80836,1,,,1,15,,80857,1,,,1,55,,80797,1,,,1,15,,80817,1,,,1,15,,80837,1,,,1,15,,80858,1,,,1,55,,80798,1,,,1,15,,80818,1,,,1,15,,80838,1,,,1,15,,80859,1,,,1,55,,80799,1,,,1,15,,80819,1,,,1,15,,80839,1,,,1,15,,80860,1,,,1,55,,80800,1,,,1,15,,80820,1,,,1,15,,80840,1,,,1,15,,80861,1,,,1,55,,80801,1,,,1,15,,80821,1,,,1,15,,80841,1,,,1,15,,80862,1,,,1,55,,80802,1,,,1,15,,80822,1,,,1,15,,80842,1,,,1,15,,80863,1,,,1,55,,80803,1,,,1,15,,80823,1,,,1,15,,80843,1,,,1,15,,80864,1,,,1,55,,80804,1,,,1,15,,80824,1,,,1,15,,80844,1,,,1,15,,80865,1,,,1,55,,80805,1,,,1,15,,80825,1,,,1,15,,80845,1,,,1,15,,80866,1,,,1,55,,80806,1,,,1,15,,80826,1,,,1,15,,80846,1,,,1,15,,80867,1,,,1,55,,80807,1,,,1,15,,80827,1,,,1,15,,80847,1,,,1,15,,80868,1,,,1,55,,80808,1,,,1,15,,80828,1,,,1,15,,80848,1,,,1,15,,80869,1,,,1,55,,80809,1,,,1,15,,80829,1,,,1,15,,80849,1,,,1,15,,80870,1,,,1,55,,80810,1,,,1,15,,80830,1,,,1,15,,80850,1,,,1,15,,80871,1,,,1,55,,80811,1,,,1,15,,80831,1,,,1,15,,80851,1,,,1,15,,80872,1,,,1,55,,80812,1,,,1,15,,80832,1,,,1,15,,80852,1,,,1,15,,80873,1,,,1,55,,80813,1,,,1,15,,80833,1,,,1,15,,80853,1,,,1,15,,80874,1,,,1,14,,80814,1,,,1,56,,80834,1,,,1,15,,80854,1,,,1,15,,80875,1,,,1,55,,80815,1,,,1
0,'20270217',455,,80936,1,,,1,55,,80876,1,,,1,20,,80916,1,,,1,15,,80937,1,,,1,55,,80877,1,,,1,15,,80897,1,,,1,15,,80917,1,,,1,15,,80938,1,,,1,55,,80878,1,,,1,15,,80898,1,,,1,15,,80918,1,,,1,15,,80939,1,,,1,55,,80879,1,,,1,15,,80899,1,,,1,15,,80919,1,,,1,15,,80940,1,,,1,55,,80880,1,,,1,15,,80900,1,,,1,15,,80920,1,,,1,15,,80941,1,,,1,55,,80881,1,,,1,15,,80901,1,,,1,15,,80921,1,,,1,15,,80942,1,,,1,55,,80882,1,,,1,15,,80902,1,,,1,15,,80922,1,,,1,15,,80943,1,,,1,55,,80883,1,,,1,15,,80903,1,,,1,15,,80923,1,,,1,15,,80944,1,,,1,55,,80884,1,,,1,15,,80904,1,,,1,15,,80924,1,,,1,15,,80945,1,,,1,55,,80885,1,,,1,15,,80905,1,,,1,15,,80925,1,,,1,15,,80946,1,,,1,55,,80886,1,,,1,15,,80906,1,,,1,15,,80926,1,,,1,15,,80947,1,,,1,55,,80887,1,,,1,15,,80907,1,,,1,15,,80927,1,,,1,15,,80948,1,,,1,55,,80888,1,,,1,15,,80908,1,,,1,15,,80928,1,,,1,15,,80949,1,,,1,55,,80889,1,,,1,15,,80909,1,,,1,15,,80929,1,,,1,15,,80950,1,,,1,55,,80890,1,,,1,15,,80910,1,,,1,15,,80930,1,,,1,15,,80951,1,,,1,55,,80891,1,,,1,15,,80911,1,,,1,15,,80931,1,,,1,15,,80952,1,,,1,55,,80892,1,,,1,15,,80912,1,,,1,15,,80932,1,,,1,15,,80953,1,,,1,55,,80893,1,,,1,15,,80913,1,,,1,15,,80933,1,,,1,15,,80954,1,,,1,55,,80894,1,,,1,15,,80914,1,,,1,15,,80934,1,,,1,15,,80955,1,,,1,14,,80895,1,,,1,56,,80915,1,,,1,15,,80935,1,,,1,15,,80956,1,,,1,55,,80896,1,,,1
0,'20270218',455,,81017,1,,,1,55,,80957,1,,,1,20,,80997,1,,,1,15,,81018,1,,,1,55,,80958,1,,,1,15,,80978,1,,,1,15,,80998,1,,,1,15,,81019,1,,,1,55,,80959,1,,,1,15,,80979,1,,,1,15,,80999,1,,,1,15,,81020,1,,,1,55,,80960,1,,,1,15,,80980,1,,,1,15,,81000,1,,,1,15,,81021,1,,,1,55,,80961,1,,,1,15,,80981,1,,,1,15,,81001,1,,,1,15,,81022,1,,,1,55,,80962,1,,,1,15,,80982,1,,,1,15,,81002,1,,,1,15,,81023,1,,,1,55,,80963,1,,,1,15,,80983,1,,,1,15,,81003,1,,,1,15,,81024,1,,,1,55,,80964,1,,,1,15,,80984,1,,,1,15,,81004,1,,,1,15,,81025,1,,,1,55,,80965,1,,,1,15,,80985,1,,,1,15,,81005,1,,,1,15,,81026,1,,,1,55,,80966,1,,,1,15,,80986,1,,,1,15,,81006,1,,,1,15,,81027,1,,,1,55,,80967,1,,,1,15,,80987,1,,,1,15,,81007,1,,,1,15,,81028,1,,,1,55,,80968,1,,,1,15,,80988,1,,,1,15,,81008,1,,,1,15,,81029,1,,,1,55,,80969,1,,,1,15,,80989,1,,,1,15,,81009,1,,,1,15,,81030,1,,,1,55,,80970,1,,,1,15,,80990,1,,,1,15,,81010,1,,,1,15,,81031,1,,,1,55,,80971,1,,,1,15,,80991,1,,,1,15,,81011,1,,,1,15,,81032,1,,,1,55,,80972,1,,,1,15,,80992,1,,,1,15,,81012,1,,,1,15,,81033,1,,,1,55,,80973,1,,,1,15,,80993,1,,,1,15,,81013,1,,,1,15,,81034,1,,,1,55,,80974,1,,,1,15,,80994,1,,,1,15,,81014,1,,,1,15,,81035,1,,,1,55,,80975,1,,,1,15,,80995,1,,,1,15,,81015,1,,,1,15,,81036,1,,,1,14,,80976,1,,,1,56,,80996,1,,,1,15,,81016,1,,,1,15,,81037,1,,,1,55,,80977,1,,,1
0,'20270219',455,,81098,1,,,1,55,,81038,1,,,1,20,,81078,1,,,1,15,,81099,1,,,1,55,,81039,1,,,1,15,,81059,1,,,1,15,,81079,1,,,1,15,,81100,1,,,1,55,,81040,1,,,1,15,,81060,1,,,1,15,,81080,1,,,1,15,,81101,1,,,1,55,,81041,1,,,1,15,,81061,1,,,1,15,,81081,1,,,1,15,,81102,1,,,1,55,,81042,1,,,1,15,,81062,1,,,1,15,,81082,1,,,1,15,,81103,1,,,1,55,,81043,1,,,1,15,,81063,1,,,1,15,,81083,1,,,1,15,,81104,1,,,1,55,,81044,1,,,1,15,,81064,1,,,1,15,,81084,1,,,1,15,,81105,1,,,1,55,,81045,1,,,1,15,,81065,1,,,1,15,,81085,1,,,1,15,,81106,1,,,1,55,,81046,1,,,1,15,,81066,1,,,1,15,,81086,1,,,1,15,,81107,1,,,1,55,,81047,1,,,1,15,,81067,1,,,1,15,,81087,1,,,1,15,,81108,1,,,1,55,,81048,1,,,1,15,,81068,1,,,1,15,,81088,1,,,1,15,,81109,1,,,1,55,,81049,1,,,1,15,,81069,1,,,1,15,,81089,1,,,1,15,,81110,1,,,1,55,,81050,1,,,1,15,,81070,1,,,1,15,,81090,1,,,1,15,,81111,1,,,1,55,,81051,1,,,1,15,,81071,1,,,1,15,,81091,1,,,1,15,,81112,1,,,1,55,,81052,1,,,1,15,,81072,1,,,1,15,,81092,1,,,1,15,,81113,1,,,1,55,,81053,1,,,1,15,,81073,1,,,1,15,,81093,1,,,1,15,,81114,1,,,1,55,,81054,1,,,1,15,,81074,1,,,1,15,,81094,1,,,1,15,,81115,1,,,1,55,,81055,1,,,1,15,,81075,1,,,1,15,,81095,1,,,1,15,,81116,1,,,1,55,,81056,1,,,1,15,,81076,1,,,1,15,,81096,1,,,1,15,,81117,1,,,1,14,,81057,1,,,1,56,,81077,1,,,1,15,,81097,1,,,1,15,,81118,1,,,1,55,,81058,1,,,1
0,'20270220',600,,81119,1,,,1,15,,81139,1,,,1,15,,81158,1,,,1,15,,81177,1,,,1,55,,81120,1,,,1,15,,81140,1,,,1,15,,81159,1,,,1,15,,81178,1,,,1,55,,81121,1,,,1,15,,81141,1,,,1,15,,81160,1,,,1,15,,81179,1,,,1,55,,81122,1,,,1,15,,81142,1,,,1,15,,81161,1,,,1,15,,81180,1,,,1,55,,81123,1,,,1,15,,81143,1,,,1,15,,81162,1,,,1,15,,81181,1,,,1,55,,81124,1,,,1,15,,81144,1,,,1,15,,81163,1,,,1,15,,81182,1,,,1,55,,81125,1,,,1,15,,81145,1,,,1,15,,81164,1,,,1,15,,81183,1,,,1,55,,81126,1,,,1,15,,81146,1,,,1,15,,81165,1,,,1,15,,81184,1,,,1,55,,81127,1,,,1,15,,81147,1,,,1,15,,81166,1,,,1,15,,81185,1,,,1,55,,81128,1,,,1,15,,81148,1,,,1,15,,81167,1,,,1,15,,81186,1,,,1,55,,81129,1,,,1,15,,81149,1,,,1,15,,81168,1,,,1,15,,81187,1,,,1,55,,81130,1,,,1,15,,81150,1,,,1,15,,81169,1,,,1,15,,81188,1,,,1,55,,81131,1,,,1,15,,81151,1,,,1,15,,81170,1,,,1,15,,81189,1,,,1,55,,81132,1,,,1,15,,81152,1,,,1,15,,81171,1,,,1,15,,81190,1,,,1,55,,81133,1,,,1,15,,81153,1,,,1,15,,81172,1,,,1,15,,81191,1,,,1,55,,81134,1,,,1,15,,81154,1,,,1,15,,81173,1,,,1,15,,81192,1,,,1,55,,81135,1,,,1,15,,81155,1,,,1,15,,81174,1,,,1,15,,81193,1,,,1,55,,81136,1,,,1,15,,81156,1,,,1,15,,81175,1,,,1,15,,81194,1,,,1,14,,81137,1,,,1,56,,81157,1,,,1,15,,81176,1,,,1,15,,81195,1,,,1,55,,81138,1,,,1
0,'20270221',600,,81196,1,,,1,15,,81216,1,,,1,15,,81235,1,,,1,15,,81254,1,,,1,55,,81197,1,,,1,15,,81217,1,,,1,15,,81236,1,,,1,15,,81255,1,,,1,55,,81198,1,,,1,15,,81218,1,,,1,15,,81237,1,,,1,15,,81256,1,,,1,55,,81199,1,,,1,15,,81219,1,,,1,15,,81238,1,,,1,15,,81257,1,,,1,55,,81200,1,,,1,15,,81220,1,,,1,15,,81239,1,,,1,15,,81258,1,,,1,55,,81201,1,,,1,15,,81221,1,,,1,15,,81240,1,,,1,15,,81259,1,,,1,55,,81202,1,,,1,15,,81222,1,,,1,15,,81241,1,,,1,15,,81260,1,,,1,55,,81203,1,,,1,15,,81223,1,,,1,15,,81242,1,,,1,15,,81261,1,,,1,55,,81204,1,,,1,15,,81224,1,,,1,15,,81243,1,,,1,15,,81262,1,,,1,55,,81205,1,,,1,15,,81225,1,,,1,15,,81244,1,,,1,15,,81263,1,,,1,55,,81206,1,,,1,15,,81226,1,,,1,15,,81245,1,,,1,15,,81264,1,,,1,55,,81207,1,,,1,15,,81227,1,,,1,15,,81246,1,,,1,15,,81265,1,,,1,55,,81208,1,,,1,15,,81228,1,,,1,15,,81247,1,,,1,15,,81266,1,,,1,55,,81209,1,,,1,15,,81229,1,,,1,15,,81248,1,,,1,15,,81267,1,,,1,55,,81210,1,,,1,15,,81230,1,,,1,15,,81249,1,,,1,15,,81268,1,,,1,55,,81211,1,,,1,15,,81231,1,,,1,15,,81250,1,,,1,15,,81269,1,,,1,55,,81212,1,,,1,15,,81232,1,,,1,15,,81251,1,,,1,15,,81270,1,,,1,55,,81213,1,,,1,15,,81233,1,,,1,15,,81252,1,,,1,15,,81271,1,,,1,14,,81214,1,,,1,56,,81234,1,,,1,15,,81253,1,,,1,15,,81272,1,,,1,55,,81215,1,,,1
0,'20270222',455,,81333,1,,,1,55,,81273,1,,,1,20,,81313,1,,,1,15,,81334,1,,,1,55,,81274,1,,,1,15,,81294,1,,,1,15,,81314,1,,,1,15,,81335,1,,,1,55,,81275,1,,,1,15,,81295,1,,,1,15,,81315,1,,,1,15,,81336,1,,,1,55,,81276,1,,,1,15,,81296,1,,,1,15,,81316,1,,,1,15,,81337,1,,,1,55,,81277,1,,,1,15,,81297,1,,,1,15,,81317,1,,,1,15,,81338,1,,,1,55,,81278,1,,,1,15,,81298,1,,,1,15,,81318,1,,,1,15,,81339,1,,,1,55,,81279,1,,,1,15,,81299,1,,,1,15,,81319,1,,,1,15,,81340,1,,,1,55,,81280,1,,,1,15,,81300,1,,,1,15,,81320,1,,,1,15,,81341,1,,,1,55,,81281,1,,,1,15,,81301,1,,,1,15,,81321,1,,,1,15,,81342,1,,,1,55,,81282,1,,,1,15,,81302,1,,,1,15,,81322,1,,,1,15,,81343,1,,,1,55,,81283,1,,,1,15,,81303,1,,,1,15,,81323,1,,,1,15,,81344,1,,,1,55,,81284,1,,,1,15,,81304,1,,,1,15,,81324,1,,,1,15,,81345,1,,,1,55,,81285,1,,,1,15,,81305,1,,,1,15,,81325,1,,,1,15,,81346,1,,,1,55,,81286,1,,,1,15,,81306,1,,,1,15,,81326,1,,,1,15,,81347,1,,,1,55,,81287,1,,,1,15,,81307,1,,,1,15,,81327,1,,,1,15,,81348,1,,,1,55,,81288,1,,,1,15,,81308,1,,,1,15,,81328,1,,,1,15,,81349,1,,,1,55,,81289,1,,,1,15,,81309,1,,,1,15,,81329,1,,,1,15,,81350,1,,,1,55,,81290,1,,,1,15,,81310,1,,,1,15,,81330,1,,,1,15,,81351,1,,,1,55,,81291,1,,,1,15,,81311,1,,,1,15,,81331,1,,,1,15,,81352,1,,,1,14,,81292,1,,,1,56,,81312,1,,,1,15,,81332,1,,,1,15,,81353,1,,,1,55,,81293,1,,,1
0,'20270223',455,,81414,1,,,1,55,,81354,1,,,1,20,,81394,1,,,1,15,,81415,1,,,1,55,,81355,1,,,1,15,,81375,1,,,1,15,,81395,1,,,1,15,,81416,1,,,1,55,,81356,1,,,1,15,,81376,1,,,1,15,,81396,1,,,1,15,,81417,1,,,1,55,,81357,1,,,1,15,,81377,1,,,1,15,,81397,1,,,1,15,,81418,1,,,1,55,,81358,1,,,1,15,,81378,1,,,1,15,,81398,1,,,1,15,,81419,1,,,1,55,,81359,1,,,1,15,,81379,1,,,1,15,,81399,1,,,1,15,,81420,1,,,1,55,,81360,1,,,1,15,,81380,1,,,1,15,,81400,1,,,1,15,,81421,1,,,1,55,,81361,1,,,1,15,,81381,1,,,1,15,,81401,1,,,1,15,,81422,1,,,1,55,,81362,1,,,1,15,,81382,1,,,1,15,,81402,1,,,1,15,,81423,1,,,1,55,,81363,1,,,1,15,,81383,1,,,1,15,,81403,1,,,1,15,,81424,1,,,1,55,,81364,1,,,1,15,,81384,1,,,1,15,,81404,1,,,1,15,,81425,1,,,1,55,,81365,1,,,1,15,,81385,1,,,1,15,,81405,1,,,1,15,,81426,1,,,1,55,,81366,1,,,1,15,,81386,1,,,1,15,,81406,1,,,1,15,,81427,1,,,1,55,,81367,1,,,1,15,,81387,1,,,1,15,,81407,1,,,1,15,,81428,1,,,1,55,,81368,1,,,1,15,,81388,1,,,1,15,,81408,1,,,1,15,,81429,1,,,1,55,,81369,1,,,1,15,,81389,1,,,1,15,,81409,1,,,1,15,,81430,1,,,1,55,,81370,1,,,1,15,,81390,1,,,1,15,,81410,1,,,1,15,,81431,1,,,1,55,,81371,1,,,1,15,,81391,1,,,1,15,,81411,1,,,1,15,,81432,1,,,1,55,,81372,1,,,1,15,,81392,1,,,1,15,,81412,1,,,1,15,,81433,1,,,1,14,,81373,1,,,1,56,,81393,1,,,1,15,,81413,1,,,1,15,,81434,1,,,1,55,,81374,1,,,1
0,'20270224',455,,81495,1,,,1,55,,81435,1,,,1,20,,81475,1,,,1,15,,81496,1,,,1,55,,81436,1,,,1,15,,81456,1,,,1,15,,81476,1,,,1,15,,81497,1,,,1,55,,81437,1,,,1,15,,81457,1,,,1,15,,81477,1,,,1,15,,81498,1,,,1,55,,81438,1,,,1,15,,81458,1,,,1,15,,81478,1,,,1,15,,81499,1,,,1,55,,81439,1,,,1,15,,81459,1,,,1,15,,81479,1,,,1,15,,81500,1,,,1,55,,81440,1,,,1,15,,81460,1,,,1,15,,81480,1,,,1,15,,81501,1,,,1,55,,81441,1,,,1,15,,81461,1,,,1,15,,81481,1,,,1,15,,81502,1,,,1,55,,81442,1,,,1,15,,81462,1,,,1,15,,81482,1,,,1,15,,81503,1,,,1,55,,81443,1,,,1,15,,81463,1,,,1,15,,81483,1,,,1,15,,81504,1,,,1,55,,81444,1,,,1,15,,81464,1,,,1,15,,81484,1,,,1,15,,81505,1,,,1,55,,81445,1,,,1,15,,81465,1,,,1,15,,81485,1,,,1,15,,81506,1,,,1,55,,81446,1,,,1,15,,81466,1,,,1,15,,81486,1,,,1,15,,81507,1,,,1,55,,81447,1,,,1,15,,81467,1,,,1,15,,81487,1,,,1,15,,81508,1,,,1,55,,81448,1,,,1,15,,81468,1,,,1,15,,81488,1,,,1,15,,81509,1,,,1,55,,81449,1,,,1,15,,81469,1,,,1,15,,81489,1,,,1,15,,81510,1,,,1,55,,81450,1,,,1,15,,81470,1,,,1,15,,81490,1,,,1,15,,81511,1,,,1,55,,81451,1,,,1,15,,81471,1,,,1,15,,81491,1,,,1,15,,81512,1,,,1,55,,81452,1,,,1,15,,81472,1,,,1,15,,81492,1,,,1,15,,81513,1,,,1,55,,81453,1,,,1,15,,81473,1,,,1,15,,81493,1,,,1,15,,81514,1,,,1,14,,81454,1,,,1,56,,81474,1,,,1,15,,81494,1,,,1,15,,81515,1,,,1,55,,81455,1,,,1
0,'20270225',455,,81576,1,,,1,55,,81516,1,,,1,20,,81556,1,,,1,15,,81577,1,,,1,55,,81517,1,,,1,15,,81537,1,,,1,15,,81557,1,,,1,15,,81578,1,,,1,55,,81518,1,,,1,15,,81538,1,,,1,15,,81558,1,,,1,15,,81579,1,,,1,55,,81519,1,,,1,15,,81539,1,,,1,15,,81559,1,,,1,15,,81580,1,,,1,55,,81520,1,,,1,15,,81540,1,,,1,15,,81560,1,,,1,15,,81581,1,,,1,55,,81521,1,,,1,15,,81541,1,,,1,15,,81561,1,,,1,15,,81582,1,,,1,55,,81522,1,,,1,15,,81542,1,,,1,15,,81562,1,,,1,15,,81583,1,,,1,55,,81523,1,,,1,15,,81543,1,,,1,15,,81563,1,,,1,15,,81584,1,,,1,55,,81524,1,,,1,15,,81544,1,,,1,15,,81564,1,,,1,15,,81585,1,,,1,55,,81525,1,,,1,15,,81545,1,,,1,15,,81565,1,,,1,15,,81586,1,,,1,55,,81526,1,,,1,15,,81546,1,,,1,15,,81566,1,,,1,15,,81587,1,,,1,55,,81527,1,,,1,15,,81547,1,,,1,15,,81567,1,,,1,15,,81588,1,,,1,55,,81528,1,,,1,15,,81548,1,,,1,15,,81568,1,,,1,15,,81589,1,,,1,55,,81529,1,,,1,15,,81549,1,,,1,15,,81569,1,,,1,15,,81590,1,,,1,55,,81530,1,,,1,15,,81550,1,,,1,15,,81570,1,,,1,15,,81591,1,,,1,55,,81531,1,,,1,15,,81551,1,,,1,15,,81571,1,,,1,15,,81592,1,,,1,55,,81532,1,,,1,15,,81552,1,,,1,15,,81572,1,,,1,15,,81593,1,,,1,55,,81533,1,,,1,15,,81553,1,,,1,15,,81573,1,,,1,15,,81594,1,,,1,55,,81534,1,,,1,15,,81554,1,,,1,15,,81574,1,,,1,15,,81595,1,,,1,14,,81535,1,,,1,56,,81555,1,,,1,15,,81575,1,,,1,15,,81596,1,,,1,55,,81536,1,,,1
0,'20270226',455,,81657,1,,,1,55,,81597,1,,,1,20,,81637,1,,,1,15,,81658,1,,,1,55,,81598,1,,,1,15,,81618,1,,,1,15,,81638,1,,,1,15,,81659,1,,,1,55,,81599,1,,,1,15,,81619,1,,,1,15,,81639,1,,,1,15,,81660,1,,,1,55,,81600,1,,,1,15,,81620,1,,,1,15,,81640,1,,,1,15,,81661,1,,,1,55,,81601,1,,,1,15,,81621,1,,,1,15,,81641,1,,,1,15,,81662,1,,,1,55,,81602,1,,,1,15,,81622,1,,,1,15,,81642,1,,,1,15,,81663,1,,,1,55,,81603,1,,,1,15,,81623,1,,,1,15,,81643,1,,,1,15,,81664,1,,,1,55,,81604,1,,,1,15,,81624,1,,,1,15,,81644,1,,,1,15,,81665,1,,,1,55,,81605,1,,,1,15,,81625,1,,,1,15,,81645,1,,,1,15,,81666,1,,,1,55,,81606,1,,,1,15,,81626,1,,,1,15,,81646,1,,,1,15,,81667,1,,,1,55,,81607,1,,,1,15,,81627,1,,,1,15,,81647,1,,,1,15,,81668,1,,,1,55,,81608,1,,,1,15,,81628,1,,,1,15,,81648,1,,,1,15,,81669,1,,,1,55,,81609,1,,,1,15,,81629,1,,,1,15,,81649,1,,,1,15,,81670,1,,,1,55,,81610,1,,,1,15,,81630,1,,,1,15,,81650,1,,,1,15,,81671,1,,,1,55,,81611,1,,,1,15,,81631,1,,,1,15,,81651,1,,,1,15,,81672,1,,,1,55,,81612,1,,,1,15,,81632,1,,,1,15,,81652,1,,,1,15,,81673,1,,,1,55,,81613,1,,,1,15,,81633,1,,,1,15,,81653,1,,,1,15,,81674,1,,,1,55,,81614,1,,,1,15,,81634,1,,,1,15,,81654,1,,,1,15,,81675,1,,,1,55,,81615,1,,,1,15,,81635,1,,,1,15,,81655,1,,,1,15,,81676,1,,,1,14,,81616,1,,,1,56,,81636,1,,,1,15,,81656,1,,,1,15,,81677,1,,,1,55,,81617,1,,,1
0,'20270227',600,,81678,1,,,1,15,,81698,1,,,1,15,,81717,1,,,1,15,,81736,1,,,1,55,,81679,1,,,1,15,,81699,1,,,1,15,,81718,1,,,1,15,,81737,1,,,1,55,,81680,1,,,1,15,,81700,1,,,1,15,,81719,1,,,1,15,,81738,1,,,1,55,,81681,1,,,1,15,,81701,1,,,1,15,,81720,1,,,1,15,,81739,1,,,1,55,,81682,1,,,1,15,,81702,1,,,1,15,,81721,1,,,1,15,,81740,1,,,1,55,,81683,1,,,1,15,,81703,1,,,1,15,,81722,1,,,1,15,,81741,1,,,1,55,,81684,1,,,1,15,,81704,1,,,1,15,,81723,1,,,1,15,,81742,1,,,1,55,,81685,1,,,1,15,,81705,1,,,1,15,,81724,1,,,1,15,,81743,1,,,1,55,,81686,1,,,1,15,,81706,1,,,1,15,,81725,1,,,1,15,,81744,1,,,1,55,,81687,1,,,1,15,,81707,1,,,1,15,,81726,1,,,1,15,,81745,1,,,1,55,,81688,1,,,1,15,,81708,1,,,1,15,,81727,1,,,1,15,,81746,1,,,1,55,,81689,1,,,1,15,,81709,1,,,1,15,,81728,1,,,1,15,,81747,1,,,1,55,,81690,1,,,1,15,,81710,1,,,1,15,,81729,1,,,1,15,,81748,1,,,1,55,,81691,1,,,1,15,,81711,1,,,1,15,,81730,1,,,1,15,,81749,1,,,1,55,,81692,1,,,1,15,,81712,1,,,1,15,,81731,1,,,1,15,,81750,1,,,1,55,,81693,1,,,1,15,,81713,1,,,1,15,,81732,1,,,1,15,,81751,1,,,1,55,,81694,1,,,1,15,,81714,1,,,1,15,,81733,1,,,1,15,,81752,1,,,1,55,,81695,1,,,1,15,,81715,1,,,1,15,,81734,1,,,1,15,,81753,1,,,1,14,,81696,1,,,1,56,,81716,1,,,1,15,,81735,1,,,1,15,,81754,1,,,1,55,,81697,1,,,1
0,'20270228',600,,81755,1,,,1,15,,81775,1,,,1,15,,81794,1,,,1,15,,81813,1,,,1,55,,81756,1,,,1,15,,81776,1,,,1,15,,81795,1,,,1,15,,81814,1,,,1,55,,81757,1,,,1,15,,81777,1,,,1,15,,81796,1,,,1,15,,81815,1,,,1,55,,81758,1,,,1,15,,81778,1,,,1,15,,81797,1,,,1,15,,81816,1,,,1,55,,81759,1,,,1,15,,81779,1,,,1,15,,81798,1,,,1,15,,81817,1,,,1,55,,81760,1,,,1,15,,81780,1,,,1,15,,81799,1,,,1,15,,81818,1,,,1,55,,81761,1,,,1,15,,81781,1,,,1,15,,81800,1,,,1,15,,81819,1,,,1,55,,81762,1,,,1,15,,81782,1,,,1,15,,81801,1,,,1,15,,81820,1,,,1,55,,81763,1,,,1,15,,81783,1,,,1,15,,81802,1,,,1,15,,81821,1,,,1,55,,81764,1,,,1,15,,81784,1,,,1,15,,81803,1,,,1,15,,81822,1,,,1,55,,81765,1,,,1,15,,81785,1,,,1,15,,81804,1,,,1,15,,81823,1,,,1,55,,81766,1,,,1,15,,81786,1,,,1,15,,81805,1,,,1,15,,81824,1,,,1,55,,81767,1,,,1,15,,81787,1,,,1,15,,81806,1,,,1,15,,81825,1,,,1,55,,81768,1,,,1,15,,81788,1,,,1,15,,81807,1,,,1,15,,81826,1,,,1,55,,81769,1,,,1,15,,81789,1,,,1,15,,81808,1,,,1,15,,81827,1,,,1,55,,81770,1,,,1,15,,81790,1,,,1,15,,81809,1,,,1,15,,81828,1,,,1,55,,81771,1,,,1,15,,81791,1,,,1,15,,81810,1,,,1,15,,81829,1,,,1,55,,81772,1,,,1,15,,81792,1,,,1,15,,81811,1,,,1,15,,81830,1,,,1,14,,81773,1,,,1,56,,81793,1,,,1,15,,81812,1,,,1,15,,81831,1,,,1,55,,81774,1,,,1
0,'20270301',455,,81892,1,,,1,55,,81832,1,,,1,20,,81872,1,,,1,15,,81893,1,,,1,55,,81833,1,,,1,15,,81853,1,,,1,15,,81873,1,,,1,15,,81894,1,,,1,55,,81834,1,,,1,15,,81854,1,,,1,15,,81874,1,,,1,15,,81895,1,,,1,55,,81835,1,,,1,15,,81855,1,,,1,15,,81875,1,,,1,15,,81896,1,,,1,55,,81836,1,,,1,15,,81856,1,,,1,15,,81876,1,,,1,15,,81897,1,,,1,55,,81837,1,,,1,15,,81857,1,,,1,15,,81877,1,,,1,15,,81898,1,,,1,55,,81838,1,,,1,15,,81858,1,,,1,15,,81878,1,,,1,15,,81899,1,,,1,55,,81839,1,,,1,15,,81859,1,,,1,15,,81879,1,,,1,15,,81900,1,,,1,55,,81840,1,,,1,15,,81860,1,,,1,15,,81880,1,,,1,15,,81901,1,,,1,55,,81841,1,,,1,15,,81861,1,,,1,15,,81881,1,,,1,15,,81902,1,,,1,55,,81842,1,,,1,15,,81862,1,,,1,15,,81882,1,,,1,15,,81903,1,,,1,55,,81843,1,,,1,15,,81863,1,,,1,15,,81883,1,,,1,15,,81904,1,,,1,55,,81844,1,,,1,15,,81864,1,,,1,15,,81884,1,,,1,15,,81905,1,,,1,55,,81845,1,,,1,15,,81865,1,,,1,15,,81885,1,,,1,15,,81906,1,,,1,55,,81846,1,,,1,15,,81866,1,,,1,15,,81886,1,,,1,15,,81907,1,,,1,55,,81847,1,,,1,15,,81867,1,,,1,15,,81887,1,,,1,15,,81908,1,,,1,55,,81848,1,,,1,15,,81868,1,,,1,15,,81888,1,,,1,15,,81909,1,,,1,55,,81849,1,,,1,15,,81869,1,,,1,15,,81889,1,,,1,15,,81910,1,,,1,55,,81850,1,,,1,15,,81870,1,,,1,15,,81890,1,,,1,15,,81911,1,,,1,14,,81851,1,,,1,56,,81871,1,,,1,15,,81891,1,,,1,15,,81912,1,,,1,55,,81852,1,,,1
0,'20270302',455,,81973,1,,,1,55,,81913,1,,,1,20,,81953,1,,,1,15,,81974,1,,,1,55,,81914,1,,,1,15,,81934,1,,,1,15,,81954,1,,,1,15,,81975,1,,,1,55,,81915,1,,,1,15,,81935,1,,,1,15,,81955,1,,,1,15,,81976,1,,,1,55,,81916,1,,,1,15,,81936,1,,,1,15,,81956,1,,,1,15,,81977,1,,,1,55,,81917,1,,,1,15,,81937,1,,,1,15,,81957,1,,,1,15,,81978,1,,,1,55,,81918,1,,,1,15,,81938,1,,,1,15,,81958,1,,,1,15,,81979,1,,,1,55,,81919,1,,,1,15,,81939,1,,,1,15,,81959,1,,,1,15,,81980,1,,,1,55,,81920,1,,,1,15,,81940,1,,,1,15,,81960,1,,,1,15,,81981,1,,,1,55,,81921,1,,,1,15,,81941,1,,,1,15,,81961,1,,,1,15,,81982,1,,,1,55,,81922,1,,,1,15,,81942,1,,,1,15,,81962,1,,,1,15,,81983,1,,,1,55,,81923,1,,,1,15,,81943,1,,,1,15,,81963,1,,,1,15,,81984,1,,,1,55,,81924,1,,,1,15,,81944,1,,,1,15,,81964,1,,,1,15,,81985,1,,,1,55,,81925,1,,,1,15,,81945,1,,,1,15,,81965,1,,,1,15,,81986,1,,,1,55,,81926,1,,,1,15,,81946,1,,,1,15,,81966,1,,,1,15,,81987,1,,,1,55,,81927,1,,,1,15,,81947,1,,,1,15,,81967,1,,,1,15,,81988,1,,,1,55,,81928,1,,,1,15,,81948,1,,,1,15,,81968,1,,,1,15,,81989,1,,,1,55,,81929,1,,,1,15,,81949,1,,,1,15,,81969,1,,,1,15,,81990,1,,,1,55,,81930,1,,,1,15,,81950,1,,,1,15,,81970,1,,,1,15,,81991,1,,,1,55,,81931,1,,,1,15,,81951,1,,,1,15,,81971,1,,,1,15,,81992,1,,,1,14,,81932,1,,,1,56,,81952,1,,,1,15,,81972,1,,,1,15,,81993,1,,,1,55,,81933,1,,,1
0,'20270303',455,,94747,1,,,1,55,,94687,1,,,1,20,,94727,1,,,1,15,,94748,1,,,1,55,,94688,1,,,1,15,,94708,1,,,1,15,,94728,1,,,1,15,,94749,1,,,1,55,,94689,1,,,1,15,,94709,1,,,1,15,,94729,1,,,1,15,,94750,1,,,1,55,,94690,1,,,1,15,,94710,1,,,1,15,,94730,1,,,1,15,,94751,1,,,1,55,,94691,1,,,1,15,,94711,1,,,1,15,,94731,1,,,1,15,,94752,1,,,1,55,,94692,1,,,1,15,,94712,1,,,1,15,,94732,1,,,1,15,,94753,1,,,1,55,,94693,1,,,1,15,,94713,1,,,1,15,,94733,1,,,1,15,,94754,1,,,1,55,,94694,1,,,1,15,,94714,1,,,1,15,,94734,1,,,1,15,,94755,1,,,1,55,,94695,1,,,1,15,,94715,1,,,1,15,,94735,1,,,1,15,,94756,1,,,1,55,,94696,1,,,1,15,,94716,1,,,1,15,,94736,1,,,1,15,,94757,1,,,1,55,,94697,1,,,1,15,,94717,1,,,1,15,,94737,1,,,1,15,,94758,1,,,1,55,,94698,1,,,1,15,,94718,1,,,1,15,,94738,1,,,1,15,,94759,1,,,1,55,,94699,1,,,1,15,,94719,1,,,1,15,,94739,1,,,1,15,,94760,1,,,1,55,,94700,1,,,1,15,,94720,1,,,1,15,,94740,1,,,1,15,,94761,1,,,1,55,,94701,1,,,1,15,,94721,1,,,1,15,,94741,1,,,1,15,,94762,1,,,1,55,,94702,1,,,1,15,,94722,1,,,1,15,,94742,1,,,1,15,,94763,1,,,1,55,,94703,1,,,1,15,,94723,1,,,1,15,,94743,1,,,1,15,,94764,1,,,1,55,,94704,1,,,1,15,,94724,1,,,1,15,,94744,1,,,1,15,,94765,1,,,1,55,,94705,1,,,1,15,,94725,1,,,1,15,,94745,1,,,1,15,,94766,1,,,1,14,,94706,1,,,1,56,,94726,1,,,1,15,,94746,1,,,1,15,,94767,1,,,1,55,,94707,1,,,1
0,'20270304',455,,94828,1,,,1,55,,94768,1,,,1,20,,94808,1,,,1,15,,94829,1,,,1,55,,94769,1,,,1,15,,94789,1,,,1,15,,94809,1,,,1,15,,94830,1,,,1,55,,94770,1,,,1,15,,94790,1,,,1,15,,94810,1,,,1,15,,94831,1,,,1,55,,94771,1,,,1,15,,94791,1,,,1,15,,94811,1,,,1,15,,94832,1,,,1,55,,94772,1,,,1,15,,94792,1,,,1,15,,94812,1,,,1,15,,94833,1,,,1,55,,94773,1,,,1,15,,94793,1,,,1,15,,94813,1,,,1,15,,94834,1,,,1,55,,94774,1,,,1,15,,94794,1,,,1,15,,94814,1,,,1,15,,94835,1,,,1,55,,94775,1,,,1,15,,94795,1,,,1,15,,94815,1,,,1,15,,94836,1,,,1,55,,94776,1,,,1,15,,94796,1,,,1,15,,94816,1,,,1,15,,94837,1,,,1,55,,94777,1,,,1,15,,94797,1,,,1,15,,94817,1,,,1,15,,94838,1,,,1,55,,94778,1,,,1,15,,94798,1,,,1,15,,94818,1,,,1,15,,94839,1,,,1,55,,94779,1,,,1,15,,94799,1,,,1,15,,94819,1,,,1,15,,94840,1,,,1,55,,94780,1,,,1,15,,94800,1,,,1,15,,94820,1,,,1,15,,94841,1,,,1,55,,94781,1,,,1,15,,94801,1,,,1,15,,94821,1,,,1,15,,94842,1,,,1,55,,94782,1,,,1,15,,94802,1,,,1,15,,94822,1,,,1,15,,94843,1,,,1,55,,94783,1,,,1,15,,94803,1,,,1,15,,94823,1,,,1,15,,94844,1,,,1,55,,94784,1,,,1,15,,94804,1,,,1,15,,94824,1,,,1,15,,94845,1,,,1,55,,94785,1,,,1,15,,94805,1,,,1,15,,94825,1,,,1,15,,94846,1,,,1,55,,94786,1,,,1,15,,94806,1,,,1,15,,94826,1,,,1,15,,94847,1,,,1,14,,94787,1,,,1,56,,94807,1,,,1,15,,94827,1,,,1,15,,94848,1,,,1,55,,94788,1,,,1
0,'20270305',455,,94909,1,,,1,55,,94849,1,,,1,20,,94889,1,,,1,15,,94910,1,,,1,55,,94850,1,,,1,15,,94870,1,,,1,15,,94890,1,,,1,15,,94911,1,,,1,55,,94851,1,,,1,15,,94871,1,,,1,15,,94891,1,,,1,15,,94912,1,,,1,55,,94852,1,,,1,15,,94872,1,,,1,15,,94892,1,,,1,15,,94913,1,,,1,55,,94853,1,,,1,15,,94873,1,,,1,15,,94893,1,,,1,15,,94914,1,,,1,55,,94854,1,,,1,15,,94874,1,,,1,15,,94894,1,,,1,15,,94915,1,,,1,55,,94855,1,,,1,15,,94875,1,,,1,15,,94895,1,,,1,15,,94916,1,,,1,55,,94856,1,,,1,15,,94876,1,,,1,15,,94896,1,,,1,15,,94917,1,,,1,55,,94857,1,,,1,15,,94877,1,,,1,15,,94897,1,,,1,15,,94918,1,,,1,55,,94858,1,,,1,15,,94878,1,,,1,15,,94898,1,,,1,15,,94919,1,,,1,55,,94859,1,,,1,15,,94879,1,,,1,15,,94899,1,,,1,15,,94920,1,,,1,55,,94860,1,,,1,15,,94880,1,,,1,15,,94900,1,,,1,15,,94921,1,,,1,55,,94861,1,,,1,15,,94881,1,,,1,15,,94901,1,,,1,15,,94922,1,,,1,55,,94862,1,,,1,15,,94882,1,,,1,15,,94902,1,,,1,15,,94923,1,,,1,55,,94863,1,,,1,15,,94883,1,,,1,15,,94903,1,,,1,15,,94924,1,,,1,55,,94864,1,,,1,15,,94884,1,,,1,15,,94904,1,,,1,15,,94925,1,,,1,55,,94865,1,,,1,15,,94885,1,,,1,15,,94905,1,,,1,15,,94926,1,,,1,55,,94866,1,,,1,15,,94886,1,,,1,15,,94906,1,,,1,15,,94927,1,,,1,55,,94867,1,,,1,15,,94887,1,,,1,15,,94907,1,,,1,15,,94928,1,,,1,14,,94868,1,,,1,56,,94888,1,,,1,15,,94908,1,,,1,15,,94929,1,,,1,55,,94869,1,,,1
0,'20270306',600,,94930,1,,,1,15,,94950,1,,,1,15,,94969,1,,,1,15,,94988,1,,,1,55,,94931,1,,,1,15,,94951,1,,,1,15,,94970,1,,,1,15,,94989,1,,,1,55,,94932,1,,,1,15,,94952,1,,,1,15,,94971,1,,,1,15,,94990,1,,,1,55,,94933,1,,,1,15,,94953,1,,,1,15,,94972,1,,,1,15,,94991,1,,,1,55,,94934,1,,,1,15,,94954,1,,,1,15,,94973,1,,,1,15,,94992,1,,,1,55,,94935,1,,,1,15,,94955,1,,,1,15,,94974,1,,,1,15,,94993,1,,,1,55,,94936,1,,,1,15,,94956,1,,,1,15,,94975,1,,,1,15,,94994,1,,,1,55,,94937,1,,,1,15,,94957,1,,,1,15,,94976,1,,,1,15,,94995,1,,,1,55,,94938,1,,,1,15,,94958,1,,,1,15,,94977,1,,,1,15,,94996,1,,,1,55,,94939,1,,,1,15,,94959,1,,,1,15,,94978,1,,,1,15,,94997,1,,,1,55,,94940,1,,,1,15,,94960,1,,,1,15,,94979,1,,,1,15,,94998,1,,,1,55,,94941,1,,,1,15,,94961,1,,,1,15,,94980,1,,,1,15,,94999,1,,,1,55,,94942,1,,,1,15,,94962,1,,,1,15,,94981,1,,,1,15,,95000,1,,,1,55,,94943,1,,,1,15,,94963,1,,,1,15,,94982,1,,,1,15,,95001,1,,,1,55,,94944,1,,,1,15,,94964,1,,,1,15,,94983,1,,,1,15,,95002,1,,,1,55,,94945,1,,,1,15,,94965,1,,,1,15,,94984,1,,,1,15,,95003,1,,,1,55,,94946,1,,,1,15,,94966,1,,,1,15,,94985,1,,,1,15,,95004,1,,,1,55,,94947,1,,,1,15,,94967,1,,,1,15,,94986,1,,,1,15,,95005,1,,,1,14,,94948,1,,,1,56,,94968,1,,,1,15,,94987,1,,,1,15,,95006,1,,,1,55,,94949,1,,,1
0,'20270307',600,,95007,1,,,1,15,,95027,1,,,1,15,,95046,1,,,1,15,,95065,1,,,1,55,,95008,1,,,1,15,,95028,1,,,1,15,,95047,1,,,1,15,,95066,1,,,1,55,,95009,1,,,1,15,,95029,1,,,1,15,,95048,1,,,1,15,,95067,1,,,1,55,,95010,1,,,1,15,,95030,1,,,1,15,,95049,1,,,1,15,,95068,1,,,1,55,,95011,1,,,1,15,,95031,1,,,1,15,,95050,1,,,1,15,,95069,1,,,1,55,,95012,1,,,1,15,,95032,1,,,1,15,,95051,1,,,1,15,,95070,1,,,1,55,,95013,1,,,1,15,,95033,1,,,1,15,,95052,1,,,1,15,,95071,1,,,1,55,,95014,1,,,1,15,,95034,1,,,1,15,,95053,1,,,1,15,,95072,1,,,1,55,,95015,1,,,1,15,,95035,1,,,1,15,,95054,1,,,1,15,,95073,1,,,1,55,,95016,1,,,1,15,,95036,1,,,1,15,,95055,1,,,1,15,,95074,1,,,1,55,,95017,1,,,1,15,,95037,1,,,1,15,,95056,1,,,1,15,,95075,1,,,1,55,,95018,1,,,1,15,,95038,1,,,1,15,,95057,1,,,1,15,,95076,1,,,1,55,,95019,1,,,1,15,,95039,1,,,1,15,,95058,1,,,1,15,,95077,1,,,1,55,,95020,1,,,1,15,,95040,1,,,1,15,,95059,1,,,1,15,,95078,1,,,1,55,,95021,1,,,1,15,,95041,1,,,1,15,,95060,1,,,1,15,,95079,1,,,1,55,,95022,1,,,1,15,,95042,1,,,1,15,,95061,1,,,1,15,,95080,1,,,1,55,,95023,1,,,1,15,,95043,1,,,1,15,,95062,1,,,1,15,,95081,1,,,1,55,,95024,1,,,1,15,,95044,1,,,1,15,,95063,1,,,1,15,,95082,1,,,1,14,,95025,1,,,1,56,,95045,1,,,1,15,,95064,1,,,1,15,,95083,1,,,1,55,,95026,1,,,1
0,'20270308',455,,95144,1,,,1,55,,95084,1,,,1,20,,95124,1,,,1,15,,95145,1,,,1,55,,95085,1,,,1,15,,95105,1,,,1,15,,95125,1,,,1,15,,95146,1,,,1,55,,95086,1,,,1,15,,95106,1,,,1,15,,95126,1,,,1,15,,95147,1,,,1,55,,95087,1,,,1,15,,95107,1,,,1,15,,95127,1,,,1,15,,95148,1,,,1,55,,95088,1,,,1,15,,95108,1,,,1,15,,95128,1,,,1,15,,95149,1,,,1,55,,95089,1,,,1,15,,95109,1,,,1,15,,95129,1,,,1,15,,95150,1,,,1,55,,95090,1,,,1,15,,95110,1,,,1,15,,95130,1,,,1,15,,95151,1,,,1,55,,95091,1,,,1,15,,95111,1,,,1,15,,95131,1,,,1,15,,95152,1,,,1,55,,95092,1,,,1,15,,95112,1,,,1,15,,95132,1,,,1,15,,95153,1,,,1,55,,95093,1,,,1,15,,95113,1,,,1,15,,95133,1,,,1,15,,95154,1,,,1,55,,95094,1,,,1,15,,95114,1,,,1,15,,95134,1,,,1,15,,95155,1,,,1,55,,95095,1,,,1,15,,95115,1,,,1,15,,95135,1,,,1,15,,95156,1,,,1,55,,95096,1,,,1,15,,95116,1,,,1,15,,95136,1,,,1,15,,95157,1,,,1,55,,95097,1,,,1,15,,95117,1,,,1,15,,95137,1,,,1,15,,95158,1,,,1,55,,95098,1,,,1,15,,95118,1,,,1,15,,95138,1,,,1,15,,95159,1,,,1,55,,95099,1,,,1,15,,95119,1,,,1,15,,95139,1,,,1,15,,95160,1,,,1,55,,95100,1,,,1,15,,95120,1,,,1,15,,95140,1,,,1,15,,95161,1,,,1,55,,95101,1,,,1,15,,95121,1,,,1,15,,95141,1,,,1,15,,95162,1,,,1,55,,95102,1,,,1,15,,95122,1,,,1,15,,95142,1,,,1,15,,95163,1,,,1,14,,95103,1,,,1,56,,95123,1,,,1,15,,95143,1,,,1,15,,95164,1,,,1,55,,95104,1,,,1
0,'20270309',455,,95225,1,,,1,55,,95165,1,,,1,20,,95205,1,,,1,15,,95226,1,,,1,55,,95166,1,,,1,15,,95186,1,,,1,15,,95206,1,,,1,15,,95227,1,,,1,55,,95167,1,,,1,15,,95187,1,,,1,15,,95207,1,,,1,15,,95228,1,,,1,55,,95168,1,,,1,15,,95188,1,,,1,15,,95208,1,,,1,15,,95229,1,,,1,55,,95169,1,,,1,15,,95189,1,,,1,15,,95209,1,,,1,15,,95230,1,,,1,55,,95170,1,,,1,15,,95190,1,,,1,15,,95210,1,,,1,15,,95231,1,,,1,55,,95171,1,,,1,15,,95191,1,,,1,15,,95211,1,,,1,15,,95232,1,,,1,55,,95172,1,,,1,15,,95192,1,,,1,15,,95212,1,,,1,15,,95233,1,,,1,55,,95173,1,,,1,15,,95193,1,,,1,15,,95213,1,,,1,15,,95234,1,,,1,55,,95174,1,,,1,15,,95194,1,,,1,15,,95214,1,,,1,15,,95235,1,,,1,55,,95175,1,,,1,15,,95195,1,,,1,15,,95215,1,,,1,15,,95236,1,,,1,55,,95176,1,,,1,15,,95196,1,,,1,15,,95216,1,,,1,15,,95237,1,,,1,55,,95177,1,,,1,15,,95197,1,,,1,15,,95217,1,,,1,15,,95238,1,,,1,55,,95178,1,,,1,15,,95198,1,,,1,15,,95218,1,,,1,15,,95239,1,,,1,55,,95179,1,,,1,15,,95199,1,,,1,15,,95219,1,,,1,15,,95240,1,,,1,55,,95180,1,,,1,15,,95200,1,,,1,15,,95220,1,,,1,15,,95241,1,,,1,55,,95181,1,,,1,15,,95201,1,,,1,15,,95221,1,,,1,15,,95242,1,,,1,55,,95182,1,,,1,15,,95202,1,,,1,15,,95222,1,,,1,15,,95243,1,,,1,55,,95183,1,,,1,15,,95203,1,,,1,15,,95223,1,,,1,15,,95244,1,,,1,14,,95184,1,,,1,56,,95204,1,,,1,15,,95224,1,,,1,15,,95245,1,,,1,55,,95185,1,,,1
0,'20270310',455,,95306,1,,,1,55,,95246,1,,,1,20,,95286,1,,,1,15,,95307,1,,,1,55,,95247,1,,,1,15,,95267,1,,,1,15,,95287,1,,,1,15,,95308,1,,,1,55,,95248,1,,,1,15,,95268,1,,,1,15,,95288,1,,,1,15,,95309,1,,,1,55,,95249,1,,,1,15,,95269,1,,,1,15,,95289,1,,,1,15,,95310,1,,,1,55,,95250,1,,,1,15,,95270,1,,,1,15,,95290,1,,,1,15,,95311,1,,,1,55,,95251,1,,,1,15,,95271,1,,,1,15,,95291,1,,,1,15,,95312,1,,,1,55,,95252,1,,,1,15,,95272,1,,,1,15,,95292,1,,,1,15,,95313,1,,,1,55,,95253,1,,,1,15,,95273,1,,,1,15,,95293,1,,,1,15,,95314,1,,,1,55,,95254,1,,,1,15,,95274,1,,,1,15,,95294,1,,,1,15,,95315,1,,,1,55,,95255,1,,,1,15,,95275,1,,,1,15,,95295,1,,,1,15,,95316,1,,,1,55,,95256,1,,,1,15,,95276,1,,,1,15,,95296,1,,,1,15,,95317,1,,,1,55,,95257,1,,,1,15,,95277,1,,,1,15,,95297,1,,,1,15,,95318,1,,,1,55,,95258,1,,,1,15,,95278,1,,,1,15,,95298,1,,,1,15,,95319,1,,,1,55,,95259,1,,,1,15,,95279,1,,,1,15,,95299,1,,,1,15,,95320,1,,,1,55,,95260,1,,,1,15,,95280,1,,,1,15,,95300,1,,,1,15,,95321,1,,,1,55,,95261,1,,,1,15,,95281,1,,,1,15,,95301,1,,,1,15,,95322,1,,,1,55,,95262,1,,,1,15,,95282,1,,,1,15,,95302,1,,,1,15,,95323,1,,,1,55,,95263,1,,,1,15,,95283,1,,,1,15,,95303,1,,,1,15,,95324,1,,,1,55,,95264,1,,,1,15,,95284,1,,,1,15,,95304,1,,,1,15,,95325,1,,,1,14,,95265,1,,,1,56,,95285,1,,,1,15,,95305,1,,,1,15,,95326,1,,,1,55,,95266,1,,,1
0,'20270311',455,,95387,1,,,1,55,,95327,1,,,1,20,,95367,1,,,1,15,,95388,1,,,1,55,,95328,1,,,1,15,,95348,1,,,1,15,,95368,1,,,1,15,,95389,1,,,1,55,,95329,1,,,1,15,,95349,1,,,1,15,,95369,1,,,1,15,,95390,1,,,1,55,,95330,1,,,1,15,,95350,1,,,1,15,,95370,1,,,1,15,,95391,1,,,1,55,,95331,1,,,1,15,,95351,1,,,1,15,,95371,1,,,1,15,,95392,1,,,1,55,,95332,1,,,1,15,,95352,1,,,1,15,,95372,1,,,1,15,,95393,1,,,1,55,,95333,1,,,1,15,,95353,1,,,1,15,,95373,1,,,1,15,,95394,1,,,1,55,,95334,1,,,1,15,,95354,1,,,1,15,,95374,1,,,1,15,,95395,1,,,1,55,,95335,1,,,1,15,,95355,1,,,1,15,,95375,1,,,1,15,,95396,1,,,1,55,,95336,1,,,1,15,,95356,1,,,1,15,,95376,1,,,1,15,,95397,1,,,1,55,,95337,1,,,1,15,,95357,1,,,1,15,,95377,1,,,1,15,,95398,1,,,1,55,,95338,1,,,1,15,,95358,1,,,1,15,,95378,1,,,1,15,,95399,1,,,1,55,,95339,1,,,1,15,,95359,1,,,1,15,,95379,1,,,1,15,,95400,1,,,1,55,,95340,1,,,1,15,,95360,1,,,1,15,,95380,1,,,1,15,,95401,1,,,1,55,,95341,1,,,1,15,,95361,1,,,1,15,,95381,1,,,1,15,,95402,1,,,1,55,,95342,1,,,1,15,,95362,1,,,1,15,,95382,1,,,1,15,,95403,1,,,1,55,,95343,1,,,1,15,,95363,1,,,1,15,,95383,1,,,1,15,,95404,1,,,1,55,,95344,1,,,1,15,,95364,1,,,1,15,,95384,1,,,1,15,,95405,1,,,1,55,,95345,1,,,1,15,,95365,1,,,1,15,,95385,1,,,1,15,,95406,1,,,1,14,,95346,1,,,1,56,,95366,1,,,1,15,,95386,1,,,1,15,,95407,1,,,1,55,,95347,1,,,1
0,'20270312',455,,95468,1,,,1,55,,95408,1,,,1,20,,95448,1,,,1,15,,95469,1,,,1,55,,95409,1,,,1,15,,95429,1,,,1,15,,95449,1,,,1,15,,95470,1,,,1,55,,95410,1,,,1,15,,95430,1,,,1,15,,95450,1,,,1,15,,95471,1,,,1,55,,95411,1,,,1,15,,95431,1,,,1,15,,95451,1,,,1,15,,95472,1,,,1,55,,95412,1,,,1,15,,95432,1,,,1,15,,95452,1,,,1,15,,95473,1,,,1,55,,95413,1,,,1,15,,95433,1,,,1,15,,95453,1,,,1,15,,95474,1,,,1,55,,95414,1,,,1,15,,95434,1,,,1,15,,95454,1,,,1,15,,95475,1,,,1,55,,95415,1,,,1,15,,95435,1,,,1,15,,95455,1,,,1,15,,95476,1,,,1,55,,95416,1,,,1,15,,95436,1,,,1,15,,95456,1,,,1,15,,95477,1,,,1,55,,95417,1,,,1,15,,95437,1,,,1,15,,95457,1,,,1,15,,95478,1,,,1,55,,95418,1,,,1,15,,95438,1,,,1,15,,95458,1,,,1,15,,95479,1,,,1,55,,95419,1,,,1,15,,95439,1,,,1,15,,95459,1,,,1,15,,95480,1,,,1,55,,95420,1,,,1,15,,95440,1,,,1,15,,95460,1,,,1,15,,95481,1,,,1,55,,95421,1,,,1,15,,95441,1,,,1,15,,95461,1,,,1,15,,95482,1,,,1,55,,95422,1,,,1,15,,95442,1,,,1,15,,95462,1,,,1,15,,95483,1,,,1,55,,95423,1,,,1,15,,95443,1,,,1,15,,95463,1,,,1,15,,95484,1,,,1,55,,95424,1,,,1,15,,95444,1,,,1,15,,95464,1,,,1,15,,95485,1,,,1,55,,95425,1,,,1,15,,95445,1,,,1,15,,95465,1,,,1,15,,95486,1,,,1,55,,95426,1,,,1,15,,95446,1,,,1,15,,95466,1,,,1,15,,95487,1,,,1,14,,95427,1,,,1,56,,95447,1,,,1,15,,95467,1,,,1,15,,95488,1,,,1,55,,95428,1,,,1
0,'20270313',600,,95489,1,,,1,15,,95509,1,,,1,15,,95528,1,,,1,15,,95547,1,,,1,55,,95490,1,,,1,15,,95510,1,,,1,15,,95529,1,,,1,15,,95548,1,,,1,55,,95491,1,,,1,15,,95511,1,,,1,15,,95530,1,,,1,15,,95549,1,,,1,55,,95492,1,,,1,15,,95512,1,,,1,15,,95531,1,,,1,15,,95550,1,,,1,55,,95493,1,,,1,15,,95513,1,,,1,15,,95532,1,,,1,15,,95551,1,,,1,55,,95494,1,,,1,15,,95514,1,,,1,15,,95533,1,,,1,15,,95552,1,,,1,55,,95495,1,,,1,15,,95515,1,,,1,15,,95534,1,,,1,15,,95553,1,,,1,55,,95496,1,,,1,15,,95516,1,,,1,15,,95535,1,,,1,15,,95554,1,,,1,55,,95497,1,,,1,15,,95517,1,,,1,15,,95536,1,,,1,15,,95555,1,,,1,55,,95498,1,,,1,15,,95518,1,,,1,15,,95537,1,,,1,15,,95556,1,,,1,55,,95499,1,,,1,15,,95519,1,,,1,15,,95538,1,,,1,15,,95557,1,,,1,55,,95500,1,,,1,15,,95520,1,,,1,15,,95539,1,,,1,15,,95558,1,,,1,55,,95501,1,,,1,15,,95521,1,,,1,15,,95540,1,,,1,15,,95559,1,,,1,55,,95502,1,,,1,15,,95522,1,,,1,15,,95541,1,,,1,15,,95560,1,,,1,55,,95503,1,,,1,15,,95523,1,,,1,15,,95542,1,,,1,15,,95561,1,,,1,55,,95504,1,,,1,15,,95524,1,,,1,15,,95543,1,,,1,15,,95562,1,,,1,55,,95505,1,,,1,15,,95525,1,,,1,15,,95544,1,,,1,15,,95563,1,,,1,55,,95506,1,,,1,15,,95526,1,,,1,15,,95545,1,,,1,15,,95564,1,,,1,14,,95507,1,,,1,56,,95527,1,,,1,15,,95546,1,,,1,15,,95565,1,,,1,55,,95508,1,,,1
0,'20270314',600,,95566,1,,,1,15,,95586,1,,,1,15,,95605,1,,,1,15,,95624,1,,,1,55,,95567,1,,,1,15,,95587,1,,,1,15,,95606,1,,,1,15,,95625,1,,,1,55,,95568,1,,,1,15,,95588,1,,,1,15,,95607,1,,,1,15,,95626,1,,,1,55,,95569,1,,,1,15,,95589,1,,,1,15,,95608,1,,,1,15,,95627,1,,,1,55,,95570,1,,,1,15,,95590,1,,,1,15,,95609,1,,,1,15,,95628,1,,,1,55,,95571,1,,,1,15,,95591,1,,,1,15,,95610,1,,,1,15,,95629,1,,,1,55,,95572,1,,,1,15,,95592,1,,,1,15,,95611,1,,,1,15,,95630,1,,,1,55,,95573,1,,,1,15,,95593,1,,,1,15,,95612,1,,,1,15,,95631,1,,,1,55,,95574,1,,,1,15,,95594,1,,,1,15,,95613,1,,,1,15,,95632,1,,,1,55,,95575,1,,,1,15,,95595,1,,,1,15,,95614,1,,,1,15,,95633,1,,,1,55,,95576,1,,,1,15,,95596,1,,,1,15,,95615,1,,,1,15,,95634,1,,,1,55,,95577,1,,,1,15,,95597,1,,,1,15,,95616,1,,,1,15,,95635,1,,,1,55,,95578,1,,,1,15,,95598,1,,,1,15,,95617,1,,,1,15,,95636,1,,,1,55,,95579,1,,,1,15,,95599,1,,,1,15,,95618,1,,,1,15,,95637,1,,,1,55,,95580,1,,,1,15,,95600,1,,,1,15,,95619,1,,,1,15,,95638,1,,,1,55,,95581,1,,,1,15,,95601,1,,,1,15,,95620,1,,,1,15,,95639,1,,,1,55,,95582,1,,,1,15,,95602,1,,,1,15,,95621,1,,,1,15,,95640,1,,,1,55,,95583,1,,,1,15,,95603,1,,,1,15,,95622,1,,,1,15,,95641,1,,,1,14,,95584,1,,,1,56,,95604,1,,,1,15,,95623,1,,,1,15,,95642,1,,,1,55,,95585,1,,,1
0,'20270315',455,,95703,1,,,1,55,,95643,1,,,1,20,,95683,1,,,1,15,,95704,1,,,1,55,,95644,1,,,1,15,,95664,1,,,1,15,,95684,1,,,1,15,,95705,1,,,1,55,,95645,1,,,1,15,,95665,1,,,1,15,,95685,1,,,1,15,,95706,1,,,1,55,,95646,1,,,1,15,,95666,1,,,1,15,,95686,1,,,1,15,,95707,1,,,1,55,,95647,1,,,1,15,,95667,1,,,1,15,,95687,1,,,1,15,,95708,1,,,1,55,,95648,1,,,1,15,,95668,1,,,1,15,,95688,1,,,1,15,,95709,1,,,1,55,,95649,1,,,1,15,,95669,1,,,1,15,,95689,1,,,1,15,,95710,1,,,1,55,,95650,1,,,1,15,,95670,1,,,1,15,,95690,1,,,1,15,,95711,1,,,1,55,,95651,1,,,1,15,,95671,1,,,1,15,,95691,1,,,1,15,,95712,1,,,1,55,,95652,1,,,1,15,,95672,1,,,1,15,,95692,1,,,1,15,,95713,1,,,1,55,,95653,1,,,1,15,,95673,1,,,1,15,,95693,1,,,1,15,,95714,1,,,1,55,,95654,1,,,1,15,,95674,1,,,1,15,,95694,1,,,1,15,,95715,1,,,1,55,,95655,1,,,1,15,,95675,1,,,1,15,,95695,1,,,1,15,,95716,1,,,1,55,,95656,1,,,1,15,,95676,1,,,1,15,,95696,1,,,1,15,,95717,1,,,1,55,,95657,1,,,1,15,,95677,1,,,1,15,,95697,1,,,1,15,,95718,1,,,1,55,,95658,1,,,1,15,,95678,1,,,1,15,,95698,1,,,1,15,,95719,1,,,1,55,,95659,1,,,1,15,,95679,1,,,1,15,,95699,1,,,1,15,,95720,1,,,1,55,,95660,1,,,1,15,,95680,1,,,1,15,,95700,1,,,1,15,,95721,1,,,1,55,,95661,1,,,1,15,,95681,1,,,1,15,,95701,1,,,1,15,,95722,1,,,1,14,,95662,1,,,1,56,,95682,1,,,1,15,,95702,1,,,1,15,,95723,1,,,1,55,,95663,1,,,1
0,'20270316',455,,95784,1,,,1,55,,95724,1,,,1,20,,95764,1,,,1,15,,95785,1,,,1,55,,95725,1,,,1,15,,95745,1,,,1,15,,95765,1,,,1,15,,95786,1,,,1,55,,95726,1,,,1,15,,95746,1,,,1,15,,95766,1,,,1,15,,95787,1,,,1,55,,95727,1,,,1,15,,95747,1,,,1,15,,95767,1,,,1,15,,95788,1,,,1,55,,95728,1,,,1,15,,95748,1,,,1,15,,95768,1,,,1,15,,95789,1,,,1,55,,95729,1,,,1,15,,95749,1,,,1,15,,95769,1,,,1,15,,95790,1,,,1,55,,95730,1,,,1,15,,95750,1,,,1,15,,95770,1,,,1,15,,95791,1,,,1,55,,95731,1,,,1,15,,95751,1,,,1,15,,95771,1,,,1,15,,95792,1,,,1,55,,95732,1,,,1,15,,95752,1,,,1,15,,95772,1,,,1,15,,95793,1,,,1,55,,95733,1,,,1,15,,95753,1,,,1,15,,95773,1,,,1,15,,95794,1,,,1,55,,95734,1,,,1,15,,95754,1,,,1,15,,95774,1,,,1,15,,95795,1,,,1,55,,95735,1,,,1,15,,95755,1,,,1,15,,95775,1,,,1,15,,95796,1,,,1,55,,95736,1,,,1,15,,95756,1,,,1,15,,95776,1,,,1,15,,95797,1,,,1,55,,95737,1,,,1,15,,95757,1,,,1,15,,95777,1,,,1,15,,95798,1,,,1,55,,95738,1,,,1,15,,95758,1,,,1,15,,95778,1,,,1,15,,95799,1,,,1,55,,95739,1,,,1,15,,95759,1,,,1,15,,95779,1,,,1,15,,95800,1,,,1,55,,95740,1,,,1,15,,95760,1,,,1,15,,95780,1,,,1,15,,95801,1,,,1,55,,95741,1,,,1,15,,95761,1,,,1,15,,95781,1,,,1,15,,95802,1,,,1,55,,95742,1,,,1,15,,95762,1,,,1,15,,95782,1,,,1,15,,95803,1,,,1,14,,95743,1,,,1,56,,95763,1,,,1,15,,95783,1,,,1,15,,95804,1,,,1,55,,95744,1,,,1
0,'20270317',455,,95865,1,,,1,55,,95805,1,,,1,20,,95845,1,,,1,15,,95866,1,,,1,55,,95806,1,,,1,15,,95826,1,,,1,15,,95846,1,,,1,15,,95867,1,,,1,55,,95807,1,,,1,15,,95827,1,,,1,15,,95847,1,,,1,15,,95868,1,,,1,55,,95808,1,,,1,15,,95828,1,,,1,15,,95848,1,,,1,15,,95869,1,,,1,55,,95809,1,,,1,15,,95829,1,,,1,15,,95849,1,,,1,15,,95870,1,,,1,55,,95810,1,,,1,15,,95830,1,,,1,15,,95850,1,,,1,15,,95871,1,,,1,55,,95811,1,,,1,15,,95831,1,,,1,15,,95851,1,,,1,15,,95872,1,,,1,55,,95812,1,,,1,15,,95832,1,,,1,15,,95852,1,,,1,15,,95873,1,,,1,55,,95813,1,,,1,15,,95833,1,,,1,15,,95853,1,,,1,15,,95874,1,,,1,55,,95814,1,,,1,15,,95834,1,,,1,15,,95854,1,,,1,15,,95875,1,,,1,55,,95815,1,,,1,15,,95835,1,,,1,15,,95855,1,,,1,15,,95876,1,,,1,55,,95816,1,,,1,15,,95836,1,,,1,15,,95856,1,,,1,15,,95877,1,,,1,55,,95817,1,,,1,15,,95837,1,,,1,15,,95857,1,,,1,15,,95878,1,,,1,55,,95818,1,,,1,15,,95838,1,,,1,15,,95858,1,,,1,15,,95879,1,,,1,55,,95819,1,,,1,15,,95839,1,,,1,15,,95859,1,,,1,15,,95880,1,,,1,55,,95820,1,,,1,15,,95840,1,,,1,15,,95860,1,,,1,15,,95881,1,,,1,55,,95821,1,,,1,15,,95841,1,,,1,15,,95861,1,,,1,15,,95882,1,,,1,55,,95822,1,,,1,15,,95842,1,,,1,15,,95862,1,,,1,15,,95883,1,,,1,55,,95823,1,,,1,15,,95843,1,,,1,15,,95863,1,,,1,15,,95884,1,,,1,14,,95824,1,,,1,56,,95844,1,,,1,15,,95864,1,,,1,15,,95885,1,,,1,55,,95825,1,,,1
0,'20270318',455,,95946,1,,,1,55,,95886,1,,,1,20,,95926,1,,,1,15,,95947,1,,,1,55,,95887,1,,,1,15,,95907,1,,,1,15,,95927,1,,,1,15,,95948,1,,,1,55,,95888,1,,,1,15,,95908,1,,,1,15,,95928,1,,,1,15,,95949,1,,,1,55,,95889,1,,,1,15,,95909,1,,,1,15,,95929,1,,,1,15,,95950,1,,,1,55,,95890,1,,,1,15,,95910,1,,,1,15,,95930,1,,,1,15,,95951,1,,,1,55,,95891,1,,,1,15,,95911,1,,,1,15,,95931,1,,,1,15,,95952,1,,,1,55,,95892,1,,,1,15,,95912,1,,,1,15,,95932,1,,,1,15,,95953,1,,,1,55,,95893,1,,,1,15,,95913,1,,,1,15,,95933,1,,,1,15,,95954,1,,,1,55,,95894,1,,,1,15,,95914,1,,,1,15,,95934,1,,,1,15,,95955,1,,,1,55,,95895,1,,,1,15,,95915,1,,,1,15,,95935,1,,,1,15,,95956,1,,,1,55,,95896,1,,,1,15,,95916,1,,,1,15,,95936,1,,,1,15,,95957,1,,,1,55,,95897,1,,,1,15,,95917,1,,,1,15,,95937,1,,,1,15,,95958,1,,,1,55,,95898,1,,,1,15,,95918,1,,,1,15,,95938,1,,,1,15,,95959,1,,,1,55,,95899,1,,,1,15,,95919,1,,,1,15,,95939,1,,,1,15,,95960,1,,,1,55,,95900,1,,,1,15,,95920,1,,,1,15,,95940,1,,,1,15,,95961,1,,,1,55,,95901,1,,,1,15,,95921,1,,,1,15,,95941,1,,,1,15,,95962,1,,,1,55,,95902,1,,,1,15,,95922,1,,,1,15,,95942,1,,,1,15,,95963,1,,,1,55,,95903,1,,,1,15,,95923,1,,,1,15,,95943,1,,,1,15,,95964,1,,,1,55,,95904,1,,,1,15,,95924,1,,,1,15,,95944,1,,,1,15,,95965,1,,,1,14,,95905,1,,,1,56,,95925,1,,,1,15,,95945,1,,,1,15,,95966,1,,,1,55,,95906,1,,,1
0,'20270319',455,,96027,1,,,1,55,,95967,1,,,1,20,,96007,1,,,1,15,,96028,1,,,1,55,,95968,1,,,1,15,,95988,1,,,1,15,,96008,1,,,1,15,,96029,1,,,1,55,,95969,1,,,1,15,,95989,1,,,1,15,,96009,1,,,1,15,,96030,1,,,1,55,,95970,1,,,1,15,,95990,1,,,1,15,,96010,1,,,1,15,,96031,1,,,1,55,,95971,1,,,1,15,,95991,1,,,1,15,,96011,1,,,1,15,,96032,1,,,1,55,,95972,1,,,1,15,,95992,1,,,1,15,,96012,1,,,1,15,,96033,1,,,1,55,,95973,1,,,1,15,,95993,1,,,1,15,,96013,1,,,1,15,,96034,1,,,1,55,,95974,1,,,1,15,,95994,1,,,1,15,,96014,1,,,1,15,,96035,1,,,1,55,,95975,1,,,1,15,,95995,1,,,1,15,,96015,1,,,1,15,,96036,1,,,1,55,,95976,1,,,1,15,,95996,1,,,1,15,,96016,1,,,1,15,,96037,1,,,1,55,,95977,1,,,1,15,,95997,1,,,1,15,,96017,1,,,1,15,,96038,1,,,1,55,,95978,1,,,1,15,,95998,1,,,1,15,,96018,1,,,1,15,,96039,1,,,1,55,,95979,1,,,1,15,,95999,1,,,1,15,,96019,1,,,1,15,,96040,1,,,1,55,,95980,1,,,1,15,,96000,1,,,1,15,,96020,1,,,1,15,,96041,1,,,1,55,,95981,1,,,1,15,,96001,1,,,1,15,,96021,1,,,1,15,,96042,1,,,1,55,,95982,1,,,1,15,,96002,1,,,1,15,,96022,1,,,1,15,,96043,1,,,1,55,,95983,1,,,1,15,,96003,1,,,1,15,,96023,1,,,1,15,,96044,1,,,1,55,,95984,1,,,1,15,,96004,1,,,1,15,,96024,1,,,1,15,,96045,1,,,1,55,,95985,1,,,1,15,,96005,1,,,1,15,,96025,1,,,1,15,,96046,1,,,1,14,,95986,1,,,1,56,,96006,1,,,1,15,,96026,1,,,1,15,,96047,1,,,1,55,,95987,1,,,1
0,'20270320',600,,96048,1,,,1,15,,96068,1,,,1,15,,96087,1,,,1,15,,96106,1,,,1,55,,96049,1,,,1,15,,96069,1,,,1,15,,96088,1,,,1,15,,96107,1,,,1,55,,96050,1,,,1,15,,96070,1,,,1,15,,96089,1,,,1,15,,96108,1,,,1,55,,96051,1,,,1,15,,96071,1,,,1,15,,96090,1,,,1,15,,96109,1,,,1,55,,96052,1,,,1,15,,96072,1,,,1,15,,96091,1,,,1,15,,96110,1,,,1,55,,96053,1,,,1,15,,96073,1,,,1,15,,96092,1,,,1,15,,96111,1,,,1,55,,96054,1,,,1,15,,96074,1,,,1,15,,96093,1,,,1,15,,96112,1,,,1,55,,96055,1,,,1,15,,96075,1,,,1,15,,96094,1,,,1,15,,96113,1,,,1,55,,96056,1,,,1,15,,96076,1,,,1,15,,96095,1,,,1,15,,96114,1,,,1,55,,96057,1,,,1,15,,96077,1,,,1,15,,96096,1,,,1,15,,96115,1,,,1,55,,96058,1,,,1,15,,96078,1,,,1,15,,96097,1,,,1,15,,96116,1,,,1,55,,96059,1,,,1,15,,96079,1,,,1,15,,96098,1,,,1,15,,96117,1,,,1,55,,96060,1,,,1,15,,96080,1,,,1,15,,96099,1,,,1,15,,96118,1,,,1,55,,96061,1,,,1,15,,96081,1,,,1,15,,96100,1,,,1,15,,96119,1,,,1,55,,96062,1,,,1,15,,96082,1,,,1,15,,96101,1,,,1,15,,96120,1,,,1,55,,96063,1,,,1,15,,96083,1,,,1,15,,96102,1,,,1,15,,96121,1,,,1,55,,96064,1,,,1,15,,96084,1,,,1,15,,96103,1,,,1,15,,96122,1,,,1,55,,96065,1,,,1,15,,96085,1,,,1,15,,96104,1,,,1,15,,96123,1,,,1,14,,96066,1,,,1,56,,96086,1,,,1,15,,96105,1,,,1,15,,96124,1,,,1,55,,96067,1,,,1
0,'20270321',600,,96125,1,,,1,15,,96145,1,,,1,15,,96164,1,,,1,15,,96183,1,,,1,55,,96126,1,,,1,15,,96146,1,,,1,15,,96165,1,,,1,15,,96184,1,,,1,55,,96127,1,,,1,15,,96147,1,,,1,15,,96166,1,,,1,15,,96185,1,,,1,55,,96128,1,,,1,15,,96148,1,,,1,15,,96167,1,,,1,15,,96186,1,,,1,55,,96129,1,,,1,15,,96149,1,,,1,15,,96168,1,,,1,15,,96187,1,,,1,55,,96130,1,,,1,15,,96150,1,,,1,15,,96169,1,,,1,15,,96188,1,,,1,55,,96131,1,,,1,15,,96151,1,,,1,15,,96170,1,,,1,15,,96189,1,,,1,55,,96132,1,,,1,15,,96152,1,,,1,15,,96171,1,,,1,15,,96190,1,,,1,55,,96133,1,,,1,15,,96153,1,,,1,15,,96172,1,,,1,15,,96191,1,,,1,55,,96134,1,,,1,15,,96154,1,,,1,15,,96173,1,,,1,15,,96192,1,,,1,55,,96135,1,,,1,15,,96155,1,,,1,15,,96174,1,,,1,15,,96193,1,,,1,55,,96136,1,,,1,15,,96156,1,,,1,15,,96175,1,,,1,15,,96194,1,,,1,55,,96137,1,,,1,15,,96157,1,,,1,15,,96176,1,,,1,15,,96195,1,,,1,55,,96138,1,,,1,15,,96158,1,,,1,15,,96177,1,,,1,15,,96196,1,,,1,55,,96139,1,,,1,15,,96159,1,,,1,15,,96178,1,,,1,15,,96197,1,,,1,55,,96140,1,,,1,15,,96160,1,,,1,15,,96179,1,,,1,15,,96198,1,,,1,55,,96141,1,,,1,15,,96161,1,,,1,15,,96180,1,,,1,15,,96199,1,,,1,55,,96142,1,,,1,15,,96162,1,,,1,15,,96181,1,,,1,15,,96200,1,,,1,14,,96143,1,,,1,56,,96163,1,,,1,15,,96182,1,,,1,15,,96201,1,,,1,55,,96144,1,,,1
0,'20270322',455,,96262,1,,,1,55,,96202,1,,,1,20,,96242,1,,,1,15,,96263,1,,,1,55,,96203,1,,,1,15,,96223,1,,,1,15,,96243,1,,,1,15,,96264,1,,,1,55,,96204,1,,,1,15,,96224,1,,,1,15,,96244,1,,,1,15,,96265,1,,,1,55,,96205,1,,,1,15,,96225,1,,,1,15,,96245,1,,,1,15,,96266,1,,,1,55,,96206,1,,,1,15,,96226,1,,,1,15,,96246,1,,,1,15,,96267,1,,,1,55,,96207,1,,,1,15,,96227,1,,,1,15,,96247,1,,,1,15,,96268,1,,,1,55,,96208,1,,,1,15,,96228,1,,,1,15,,96248,1,,,1,15,,96269,1,,,1,55,,96209,1,,,1,15,,96229,1,,,1,15,,96249,1,,,1,15,,96270,1,,,1,55,,96210,1,,,1,15,,96230,1,,,1,15,,96250,1,,,1,15,,96271,1,,,1,55,,96211,1,,,1,15,,96231,1,,,1,15,,96251,1,,,1,15,,96272,1,,,1,55,,96212,1,,,1,15,,96232,1,,,1,15,,96252,1,,,1,15,,96273,1,,,1,55,,96213,1,,,1,15,,96233,1,,,1,15,,96253,1,,,1,15,,96274,1,,,1,55,,96214,1,,,1,15,,96234,1,,,1,15,,96254,1,,,1,15,,96275,1,,,1,55,,96215,1,,,1,15,,96235,1,,,1,15,,96255,1,,,1,15,,96276,1,,,1,55,,96216,1,,,1,15,,96236,1,,,1,15,,96256,1,,,1,15,,96277,1,,,1,55,,96217,1,,,1,15,,96237,1,,,1,15,,96257,1,,,1,15,,96278,1,,,1,55,,96218,1,,,1,15,,96238,1,,,1,15,,96258,1,,,1,15,,96279,1,,,1,55,,96219,1,,,1,15,,96239,1,,,1,15,,96259,1,,,1,15,,96280,1,,,1,55,,96220,1,,,1,15,,96240,1,,,1,15,,96260,1,,,1,15,,96281,1,,,1,14,,96221,1,,,1,56,,96241,1,,,1,15,,96261,1,,,1,15,,96282,1,,,1,55,,96222,1,,,1
0,'20270323',455,,96343,1,,,1,55,,96283,1,,,1,20,,96323,1,,,1,15,,96344,1,,,1,55,,96284,1,,,1,15,,96304,1,,,1,15,,96324,1,,,1,15,,96345,1,,,1,55,,96285,1,,,1,15,,96305,1,,,1,15,,96325,1,,,1,15,,96346,1,,,1,55,,96286,1,,,1,15,,96306,1,,,1,15,,96326,1,,,1,15,,96347,1,,,1,55,,96287,1,,,1,15,,96307,1,,,1,15,,96327,1,,,1,15,,96348,1,,,1,55,,96288,1,,,1,15,,96308,1,,,1,15,,96328,1,,,1,15,,96349,1,,,1,55,,96289,1,,,1,15,,96309,1,,,1,15,,96329,1,,,1,15,,96350,1,,,1,55,,96290,1,,,1,15,,96310,1,,,1,15,,96330,1,,,1,15,,96351,1,,,1,55,,96291,1,,,1,15,,96311,1,,,1,15,,96331,1,,,1,15,,96352,1,,,1,55,,96292,1,,,1,15,,96312,1,,,1,15,,96332,1,,,1,15,,96353,1,,,1,55,,96293,1,,,1,15,,96313,1,,,1,15,,96333,1,,,1,15,,96354,1,,,1,55,,96294,1,,,1,15,,96314,1,,,1,15,,96334,1,,,1,15,,96355,1,,,1,55,,96295,1,,,1,15,,96315,1,,,1,15,,96335,1,,,1,15,,96356,1,,,1,55,,96296,1,,,1,15,,96316,1,,,1,15,,96336,1,,,1,15,,96357,1,,,1,55,,96297,1,,,1,15,,96317,1,,,1,15,,96337,1,,,1,15,,96358,1,,,1,55,,96298,1,,,1,15,,96318,1,,,1,15,,96338,1,,,1,15,,96359,1,,,1,55,,96299,1,,,1,15,,96319,1,,,1,15,,96339,1,,,1,15,,96360,1,,,1,55,,96300,1,,,1,15,,96320,1,,,1,15,,96340,1,,,1,15,,96361,1,,,1,55,,96301,1,,,1,15,,96321,1,,,1,15,,96341,1,,,1,15,,96362,1,,,1,14,,96302,1,,,1,56,,96322,1,,,1,15,,96342,1,,,1,15,,96363,1,,,1,55,,96303,1,,,1
0,'20270324',455,,96424,1,,,1,55,,96364,1,,,1,20,,96404,1,,,1,15,,96425,1,,,1,55,,96365,1,,,1,15,,96385,1,,,1,15,,96405,1,,,1,15,,96426,1,,,1,55,,96366,1,,,1,15,,96386,1,,,1,15,,96406,1,,,1,15,,96427,1,,,1,55,,96367,1,,,1,15,,96387,1,,,1,15,,96407,1,,,1,15,,96428,1,,,1,55,,96368,1,,,1,15,,96388,1,,,1,15,,96408,1,,,1,15,,96429,1,,,1,55,,96369,1,,,1,15,,96389,1,,,1,15,,96409,1,,,1,15,,96430,1,,,1,55,,96370,1,,,1,15,,96390,1,,,1,15,,96410,1,,,1,15,,96431,1,,,1,55,,96371,1,,,1,15,,96391,1,,,1,15,,96411,1,,,1,15,,96432,1,,,1,55,,96372,1,,,1,15,,96392,1,,,1,15,,96412,1,,,1,15,,96433,1,,,1,55,,96373,1,,,1,15,,96393,1,,,1,15,,96413,1,,,1,15,,96434,1,,,1,55,,96374,1,,,1,15,,96394,1,,,1,15,,96414,1,,,1,15,,96435,1,,,1,55,,96375,1,,,1,15,,96395,1,,,1,15,,96415,1,,,1,15,,96436,1,,,1,55,,96376,1,,,1,15,,96396,1,,,1,15,,96416,1,,,1,15,,96437,1,,,1,55,,96377,1,,,1,15,,96397,1,,,1,15,,96417,1,,,1,15,,96438,1,,,1,55,,96378,1,,,1,15,,96398,1,,,1,15,,96418,1,,,1,15,,96439,1,,,1,55,,96379,1,,,1,15,,96399,1,,,1,15,,96419,1,,,1,15,,96440,1,,,1,55,,96380,1,,,1,15,,96400,1,,,1,15,,96420,1,,,1,15,,96441,1,,,1,55,,96381,1,,,1,15,,96401,1,,,1,15,,96421,1,,,1,15,,96442,1,,,1,55,,96382,1,,,1,15,,96402,1,,,1,15,,96422,1,,,1,15,,96443,1,,,1,14,,96383,1,,,1,56,,96403,1,,,1,15,,96423,1,,,1,15,,96444,1,,,1,55,,96384,1,,,1
0,'20270325',455,,96505,1,,,1,55,,96445,1,,,1,20,,96485,1,,,1,15,,96506,1,,,1,55,,96446,1,,,1,15,,96466,1,,,1,15,,96486,1,,,1,15,,96507,1,,,1,55,,96447,1,,,1,15,,96467,1,,,1,15,,96487,1,,,1,15,,96508,1,,,1,55,,96448,1,,,1,15,,96468,1,,,1,15,,96488,1,,,1,15,,96509,1,,,1,55,,96449,1,,,1,15,,96469,1,,,1,15,,96489,1,,,1,15,,96510,1,,,1,55,,96450,1,,,1,15,,96470,1,,,1,15,,96490,1,,,1,15,,96511,1,,,1,55,,96451,1,,,1,15,,96471,1,,,1,15,,96491,1,,,1,15,,96512,1,,,1,55,,96452,1,,,1,15,,96472,1,,,1,15,,96492,1,,,1,15,,96513,1,,,1,55,,96453,1,,,1,15,,96473,1,,,1,15,,96493,1,,,1,15,,96514,1,,,1,55,,96454,1,,,1,15,,96474,1,,,1,15,,96494,1,,,1,15,,96515,1,,,1,55,,96455,1,,,1,15,,96475,1,,,1,15,,96495,1,,,1,15,,96516,1,,,1,55,,96456,1,,,1,15,,96476,1,,,1,15,,96496,1,,,1,15,,96517,1,,,1,55,,96457,1,,,1,15,,96477,1,,,1,15,,96497,1,,,1,15,,96518,1,,,1,55,,96458,1,,,1,15,,96478,1,,,1,15,,96498,1,,,1,15,,96519,1,,,1,55,,96459,1,,,1,15,,96479,1,,,1,15,,96499,1,,,1,15,,96520,1,,,1,55,,96460,1,,,1,15,,96480,1,,,1,15,,96500,1,,,1,15,,96521,1,,,1,55,,96461,1,,,1,15,,96481,1,,,1,15,,96501,1,,,1,15,,96522,1,,,1,55,,96462,1,,,1,15,,96482,1,,,1,15,,96502,1,,,1,15,,96523,1,,,1,55,,96463,1,,,1,15,,96483,1,,,1,15,,96503,1,,,1,15,,96524,1,,,1,14,,96464,1,,,1,56,,96484,1,,,1,15,,96504,1,,,1,15,,96525,1,,,1,55,,96465,1,,,1
0,'20270326',455,,96586,1,,,1,55,,96526,1,,,1,20,,96566,1,,,1,15,,96587,1,,,1,55,,96527,1,,,1,15,,96547,1,,,1,15,,96567,1,,,1,15,,96588,1,,,1,55,,96528,1,,,1,15,,96548,1,,,1,15,,96568,1,,,1,15,,96589,1,,,1,55,,96529,1,,,1,15,,96549,1,,,1,15,,96569,1,,,1,15,,96590,1,,,1,55,,96530,1,,,1,15,,96550,1,,,1,15,,96570,1,,,1,15,,96591,1,,,1,55,,96531,1,,,1,15,,96551,1,,,1,15,,96571,1,,,1,15,,96592,1,,,1,55,,96532,1,,,1,15,,96552,1,,,1,15,,96572,1,,,1,15,,96593,1,,,1,55,,96533,1,,,1,15,,96553,1,,,1,15,,96573,1,,,1,15,,96594,1,,,1,55,,96534,1,,,1,15,,96554,1,,,1,15,,96574,1,,,1,15,,96595,1,,,1,55,,96535,1,,,1,15,,96555,1,,,1,15,,96575,1,,,1,15,,96596,1,,,1,55,,96536,1,,,1,15,,96556,1,,,1,15,,96576,1,,,1,15,,96597,1,,,1,55,,96537,1,,,1,15,,96557,1,,,1,15,,96577,1,,,1,15,,96598,1,,,1,55,,96538,1,,,1,15,,96558,1,,,1,15,,96578,1,,,1,15,,96599,1,,,1,55,,96539,1,,,1,15,,96559,1,,,1,15,,96579,1,,,1,15,,96600,1,,,1,55,,96540,1,,,1,15,,96560,1,,,1,15,,96580,1,,,1,15,,96601,1,,,1,55,,96541,1,,,1,15,,96561,1,,,1,15,,96581,1,,,1,15,,96602,1,,,1,55,,96542,1,,,1,15,,96562,1,,,1,15,,96582,1,,,1,15,,96603,1,,,1,55,,96543,1,,,1,15,,96563,1,,,1,15,,96583,1,,,1,15,,96604,1,,,1,55,,96544,1,,,1,15,,96564,1,,,1,15,,96584,1,,,1,15,,96605,1,,,1,14,,96545,1,,,1,56,,96565,1,,,1,15,,96585,1,,,1,15,,96606,1,,,1,55,,96546,1,,,1
0,'20270327',600,,96607,1,,,1,15,,96627,1,,,1,15,,96646,1,,,1,15,,96665,1,,,1,55,,96608,1,,,1,15,,96628,1,,,1,15,,96647,1,,,1,15,,96666,1,,,1,55,,96609,1,,,1,15,,96629,1,,,1,15,,96648,1,,,1,15,,96667,1,,,1,55,,96610,1,,,1,15,,96630,1,,,1,15,,96649,1,,,1,15,,96668,1,,,1,55,,96611,1,,,1,15,,96631,1,,,1,15,,96650,1,,,1,15,,96669,1,,,1,55,,96612,1,,,1,15,,96632,1,,,1,15,,96651,1,,,1,15,,96670,1,,,1,55,,96613,1,,,1,15,,96633,1,,,1,15,,96652,1,,,1,15,,96671,1,,,1,55,,96614,1,,,1,15,,96634,1,,,1,15,,96653,1,,,1,15,,96672,1,,,1,55,,96615,1,,,1,15,,96635,1,,,1,15,,96654,1,,,1,15,,96673,1,,,1,55,,96616,1,,,1,15,,96636,1,,,1,15,,96655,1,,,1,15,,96674,1,,,1,55,,96617,1,,,1,15,,96637,1,,,1,15,,96656,1,,,1,15,,96675,1,,,1,55,,96618,1,,,1,15,,96638,1,,,1,15,,96657,1,,,1,15,,96676,1,,,1,55,,96619,1,,,1,15,,96639,1,,,1,15,,96658,1,,,1,15,,96677,1,,,1,55,,96620,1,,,1,15,,96640,1,,,1,15,,96659,1,,,1,15,,96678,1,,,1,55,,96621,1,,,1,15,,96641,1,,,1,15,,96660,1,,,1,15,,96679,1,,,1,55,,96622,1,,,1,15,,96642,1,,,1,15,,96661,1,,,1,15,,96680,1,,,1,55,,96623,1,,,1,15,,96643,1,,,1,15,,96662,1,,,1,15,,96681,1,,,1,55,,96624,1,,,1,15,,96644,1,,,1,15,,96663,1,,,1,15,,96682,1,,,1,14,,96625,1,,,1,56,,96645,1,,,1,15,,96664,1,,,1,15,,96683,1,,,1,55,,96626,1,,,1
0,'20270328',600,,96684,1,,,1,15,,96704,1,,,1,15,,96723,1,,,1,15,,96742,1,,,1,55,,96685,1,,,1,15,,96705,1,,,1,15,,96724,1,,,1,15,,96743,1,,,1,55,,96686,1,,,1,15,,96706,1,,,1,15,,96725,1,,,1,15,,96744,1,,,1,55,,96687,1,,,1,15,,96707,1,,,1,15,,96726,1,,,1,15,,96745,1,,,1,55,,96688,1,,,1,15,,96708,1,,,1,15,,96727,1,,,1,15,,96746,1,,,1,55,,96689,1,,,1,15,,96709,1,,,1,15,,96728,1,,,1,15,,96747,1,,,1,55,,96690,1,,,1,15,,96710,1,,,1,15,,96729,1,,,1,15,,96748,1,,,1,55,,96691,1,,,1,15,,96711,1,,,1,15,,96730,1,,,1,15,,96749,1,,,1,55,,96692,1,,,1,15,,96712,1,,,1,15,,96731,1,,,1,15,,96750,1,,,1,55,,96693,1,,,1,15,,96713,1,,,1,15,,96732,1,,,1,15,,96751,1,,,1,55,,96694,1,,,1,15,,96714,1,,,1,15,,96733,1,,,1,15,,96752,1,,,1,55,,96695,1,,,1,15,,96715,1,,,1,15,,96734,1,,,1,15,,96753,1,,,1,55,,96696,1,,,1,15,,96716,1,,,1,15,,96735,1,,,1,15,,96754,1,,,1,55,,96697,1,,,1,15,,96717,1,,,1,15,,96736,1,,,1,15,,96755,1,,,1,55,,96698,1,,,1,15,,96718,1,,,1,15,,96737,1,,,1,15,,96756,1,,,1,55,,96699,1,,,1,15,,96719,1,,,1,15,,96738,1,,,1,15,,96757,1,,,1,55,,96700,1,,,1,15,,96720,1,,,1,15,,96739,1,,,1,15,,96758,1,,,1,55,,96701,1,,,1,15,,96721,1,,,1,15,,96740,1,,,1,15,,96759,1,,,1,14,,96702,1,,,1,56,,96722,1,,,1,15,,96741,1,,,1,15,,96760,1,,,1,55,,96703,1,,,1
0,'20270329',455,,96821,1,,,1,55,,96761,1,,,1,20,,96801,1,,,1,15,,96822,1,,,1,55,,96762,1,,,1,15,,96782,1,,,1,15,,96802,1,,,1,15,,96823,1,,,1,55,,96763,1,,,1,15,,96783,1,,,1,15,,96803,1,,,1,15,,96824,1,,,1,55,,96764,1,,,1,15,,96784,1,,,1,15,,96804,1,,,1,15,,96825,1,,,1,55,,96765,1,,,1,15,,96785,1,,,1,15,,96805,1,,,1,15,,96826,1,,,1,55,,96766,1,,,1,15,,96786,1,,,1,15,,96806,1,,,1,15,,96827,1,,,1,55,,96767,1,,,1,15,,96787,1,,,1,15,,96807,1,,,1,15,,96828,1,,,1,55,,96768,1,,,1,15,,96788,1,,,1,15,,96808,1,,,1,15,,96829,1,,,1,55,,96769,1,,,1,15,,96789,1,,,1,15,,96809,1,,,1,15,,96830,1,,,1,55,,96770,1,,,1,15,,96790,1,,,1,15,,96810,1,,,1,15,,96831,1,,,1,55,,96771,1,,,1,15,,96791,1,,,1,15,,96811,1,,,1,15,,96832,1,,,1,55,,96772,1,,,1,15,,96792,1,,,1,15,,96812,1,,,1,15,,96833,1,,,1,55,,96773,1,,,1,15,,96793,1,,,1,15,,96813,1,,,1,15,,96834,1,,,1,55,,96774,1,,,1,15,,96794,1,,,1,15,,96814,1,,,1,15,,96835,1,,,1,55,,96775,1,,,1,15,,96795,1,,,1,15,,96815,1,,,1,15,,96836,1,,,1,55,,96776,1,,,1,15,,96796,1,,,1,15,,96816,1,,,1,15,,96837,1,,,1,55,,96777,1,,,1,15,,96797,1,,,1,15,,96817,1,,,1,15,,96838,1,,,1,55,,96778,1,,,1,15,,96798,1,,,1,15,,96818,1,,,1,15,,96839,1,,,1,55,,96779,1,,,1,15,,96799,1,,,1,15,,96819,1,,,1,15,,96840,1,,,1,14,,96780,1,,,1,56,,96800,1,,,1,15,,96820,1,,,1,15,,96841,1,,,1,55,,96781,1,,,1
0,'20270330',455,,96902,1,,,1,55,,96842,1,,,1,20,,96882,1,,,1,15,,96903,1,,,1,55,,96843,1,,,1,15,,96863,1,,,1,15,,96883,1,,,1,15,,96904,1,,,1,55,,96844,1,,,1,15,,96864,1,,,1,15,,96884,1,,,1,15,,96905,1,,,1,55,,96845,1,,,1,15,,96865,1,,,1,15,,96885,1,,,1,15,,96906,1,,,1,55,,96846,1,,,1,15,,96866,1,,,1,15,,96886,1,,,1,15,,96907,1,,,1,55,,96847,1,,,1,15,,96867,1,,,1,15,,96887,1,,,1,15,,96908,1,,,1,55,,96848,1,,,1,15,,96868,1,,,1,15,,96888,1,,,1,15,,96909,1,,,1,55,,96849,1,,,1,15,,96869,1,,,1,15,,96889,1,,,1,15,,96910,1,,,1,55,,96850,1,,,1,15,,96870,1,,,1,15,,96890,1,,,1,15,,96911,1,,,1,55,,96851,1,,,1,15,,96871,1,,,1,15,,96891,1,,,1,15,,96912,1,,,1,55,,96852,1,,,1,15,,96872,1,,,1,15,,96892,1,,,1,15,,96913,1,,,1,55,,96853,1,,,1,15,,96873,1,,,1,15,,96893,1,,,1,15,,96914,1,,,1,55,,96854,1,,,1,15,,96874,1,,,1,15,,96894,1,,,1,15,,96915,1,,,1,55,,96855,1,,,1,15,,96875,1,,,1,15,,96895,1,,,1,15,,96916,1,,,1,55,,96856,1,,,1,15,,96876,1,,,1,15,,96896,1,,,1,15,,96917,1,,,1,55,,96857,1,,,1,15,,96877,1,,,1,15,,96897,1,,,1,15,,96918,1,,,1,55,,96858,1,,,1,15,,96878,1,,,1,15,,96898,1,,,1,15,,96919,1,,,1,55,,96859,1,,,1,15,,96879,1,,,1,15,,96899,1,,,1,15,,96920,1,,,1,55,,96860,1,,,1,15,,96880,1,,,1,15,,96900,1,,,1,15,,96921,1,,,1,14,,96861,1,,,1,56,,96881,1,,,1,15,,96901,1,,,1,15,,96922,1,,,1,55,,96862,1,,,1
0,'20270331',455,,96983,1,,,1,55,,96923,1,,,1,20,,96963,1,,,1,15,,96984,1,,,1,55,,96924,1,,,1,15,,96944,1,,,1,15,,96964,1,,,1,15,,96985,1,,,1,55,,96925,1,,,1,15,,96945,1,,,1,15,,96965,1,,,1,15,,96986,1,,,1,55,,96926,1,,,1,15,,96946,1,,,1,15,,96966,1,,,1,15,,96987,1,,,1,55,,96927,1,,,1,15,,96947,1,,,1,15,,96967,1,,,1,15,,96988,1,,,1,55,,96928,1,,,1,15,,96948,1,,,1,15,,96968,1,,,1,15,,96989,1,,,1,55,,96929,1,,,1,15,,96949,1,,,1,15,,96969,1,,,1,15,,96990,1,,,1,55,,96930,1,,,1,15,,96950,1,,,1,15,,96970,1,,,1,15,,96991,1,,,1,55,,96931,1,,,1,15,,96951,1,,,1,15,,96971,1,,,1,15,,96992,1,,,1,55,,96932,1,,,1,15,,96952,1,,,1,15,,96972,1,,,1,15,,96993,1,,,1,55,,96933,1,,,1,15,,96953,1,,,1,15,,96973,1,,,1,15,,96994,1,,,1,55,,96934,1,,,1,15,,96954,1,,,1,15,,96974,1,,,1,15,,96995,1,,,1,55,,96935,1,,,1,15,,96955,1,,,1,15,,96975,1,,,1,15,,96996,1,,,1,55,,96936,1,,,1,15,,96956,1,,,1,15,,96976,1,,,1,15,,96997,1,,,1,55,,96937,1,,,1,15,,96957,1,,,1,15,,96977,1,,,1,15,,96998,1,,,1,55,,96938,1,,,1,15,,96958,1,,,1,15,,96978,1,,,1,15,,96999,1,,,1,55,,96939,1,,,1,15,,96959,1,,,1,15,,96979,1,,,1,15,,97000,1,,,1,55,,96940,1,,,1,15,,96960,1,,,1,15,,96980,1,,,1,15,,97001,1,,,1,55,,96941,1,,,1,15,,96961,1,,,1,15,,96981,1,,,1,15,,97002,1,,,1,14,,96942,1,,,1,56,,96962,1,,,1,15,,96982,1,,,1,15,,97003,1,,,1,55,,96943,1,,,1
0,'20270401',455,,97064,1,,,1,55,,97004,1,,,1,20,,97044,1,,,1,15,,97065,1,,,1,55,,97005,1,,,1,15,,97025,1,,,1,15,,97045,1,,,1,15,,97066,1,,,1,55,,97006,1,,,1,15,,97026,1,,,1,15,,97046,1,,,1,15,,97067,1,,,1,55,,97007,1,,,1,15,,97027,1,,,1,15,,97047,1,,,1,15,,97068,1,,,1,55,,97008,1,,,1,15,,97028,1,,,1,15,,97048,1,,,1,15,,97069,1,,,1,55,,97009,1,,,1,15,,97029,1,,,1,15,,97049,1,,,1,15,,97070,1,,,1,55,,97010,1,,,1,15,,97030,1,,,1,15,,97050,1,,,1,15,,97071,1,,,1,55,,97011,1,,,1,15,,97031,1,,,1,15,,97051,1,,,1,15,,97072,1,,,1,55,,97012,1,,,1,15,,97032,1,,,1,15,,97052,1,,,1,15,,97073,1,,,1,55,,97013,1,,,1,15,,97033,1,,,1,15,,97053,1,,,1,15,,97074,1,,,1,55,,97014,1,,,1,15,,97034,1,,,1,15,,97054,1,,,1,15,,97075,1,,,1,55,,97015,1,,,1,15,,97035,1,,,1,15,,97055,1,,,1,15,,97076,1,,,1,55,,97016,1,,,1,15,,97036,1,,,1,15,,97056,1,,,1,15,,97077,1,,,1,55,,97017,1,,,1,15,,97037,1,,,1,15,,97057,1,,,1,15,,97078,1,,,1,55,,97018,1,,,1,15,,97038,1,,,1,15,,97058,1,,,1,15,,97079,1,,,1,55,,97019,1,,,1,15,,97039,1,,,1,15,,97059,1,,,1,15,,97080,1,,,1,55,,97020,1,,,1,15,,97040,1,,,1,15,,97060,1,,,1,15,,97081,1,,,1,55,,97021,1,,,1,15,,97041,1,,,1,15,,97061,1,,,1,15,,97082,1,,,1,55,,97022,1,,,1,15,,97042,1,,,1,15,,97062,1,,,1,15,,97083,1,,,1,14,,97023,1,,,1,56,,97043,1,,,1,15,,97063,1,,,1,15,,97084,1,,,1,55,,97024,1,,,1
0,'20270402',455,,97145,1,,,1,55,,97085,1,,,1,20,,97125,1,,,1,15,,97146,1,,,1,55,,97086,1,,,1,15,,97106,1,,,1,15,,97126,1,,,1,15,,97147,1,,,1,55,,97087,1,,,1,15,,97107,1,,,1,15,,97127,1,,,1,15,,97148,1,,,1,55,,97088,1,,,1,15,,97108,1,,,1,15,,97128,1,,,1,15,,97149,1,,,1,55,,97089,1,,,1,15,,97109,1,,,1,15,,97129,1,,,1,15,,97150,1,,,1,55,,97090,1,,,1,15,,97110,1,,,1,15,,97130,1,,,1,15,,97151,1,,,1,55,,97091,1,,,1,15,,97111,1,,,1,15,,97131,1,,,1,15,,97152,1,,,1,55,,97092,1,,,1,15,,97112,1,,,1,15,,97132,1,,,1,15,,97153,1,,,1,55,,97093,1,,,1,15,,97113,1,,,1,15,,97133,1,,,1,15,,97154,1,,,1,55,,97094,1,,,1,15,,97114,1,,,1,15,,97134,1,,,1,15,,97155,1,,,1,55,,97095,1,,,1,15,,97115,1,,,1,15,,97135,1,,,1,15,,97156,1,,,1,55,,97096,1,,,1,15,,97116,1,,,1,15,,97136,1,,,1,15,,97157,1,,,1,55,,97097,1,,,1,15,,97117,1,,,1,15,,97137,1,,,1,15,,97158,1,,,1,55,,97098,1,,,1,15,,97118,1,,,1,15,,97138,1,,,1,15,,97159,1,,,1,55,,97099,1,,,1,15,,97119,1,,,1,15,,97139,1,,,1,15,,97160,1,,,1,55,,97100,1,,,1,15,,97120,1,,,1,15,,97140,1,,,1,15,,97161,1,,,1,55,,97101,1,,,1,15,,97121,1,,,1,15,,97141,1,,,1,15,,97162,1,,,1,55,,97102,1,,,1,15,,97122,1,,,1,15,,97142,1,,,1,15,,97163,1,,,1,55,,97103,1,,,1,15,,97123,1,,,1,15,,97143,1,,,1,15,,97164,1,,,1,14,,97104,1,,,1,56,,97124,1,,,1,15,,97144,1,,,1,15,,97165,1,,,1,55,,97105,1,,,1
0,'20270403',600,,97166,1,,,1,15,,97186,1,,,1,15,,97205,1,,,1,15,,97224,1,,,1,55,,97167,1,,,1,15,,97187,1,,,1,15,,97206,1,,,1,15,,97225,1,,,1,55,,97168,1,,,1,15,,97188,1,,,1,15,,97207,1,,,1,15,,97226,1,,,1,55,,97169,1,,,1,15,,97189,1,,,1,15,,97208,1,,,1,15,,97227,1,,,1,55,,97170,1,,,1,15,,97190,1,,,1,15,,97209,1,,,1,15,,97228,1,,,1,55,,97171,1,,,1,15,,97191,1,,,1,15,,97210,1,,,1,15,,97229,1,,,1,55,,97172,1,,,1,15,,97192,1,,,1,15,,97211,1,,,1,15,,97230,1,,,1,55,,97173,1,,,1,15,,97193,1,,,1,15,,97212,1,,,1,15,,97231,1,,,1,55,,97174,1,,,1,15,,97194,1,,,1,15,,97213,1,,,1,15,,97232,1,,,1,55,,97175,1,,,1,15,,97195,1,,,1,15,,97214,1,,,1,15,,97233,1,,,1,55,,97176,1,,,1,15,,97196,1,,,1,15,,97215,1,,,1,15,,97234,1,,,1,55,,97177,1,,,1,15,,97197,1,,,1,15,,97216,1,,,1,15,,97235,1,,,1,55,,97178,1,,,1,15,,97198,1,,,1,15,,97217,1,,,1,15,,97236,1,,,1,55,,97179,1,,,1,15,,97199,1,,,1,15,,97218,1,,,1,15,,97237,1,,,1,55,,97180,1,,,1,15,,97200,1,,,1,15,,97219,1,,,1,15,,97238,1,,,1,55,,97181,1,,,1,15,,97201,1,,,1,15,,97220,1,,,1,15,,97239,1,,,1,55,,97182,1,,,1,15,,97202,1,,,1,15,,97221,1,,,1,15,,97240,1,,,1,55,,97183,1,,,1,15,,97203,1,,,1,15,,97222,1,,,1,15,,97241,1,,,1,14,,97184,1,,,1,56,,97204,1,,,1,15,,97223,1,,,1,15,,97242,1,,,1,55,,97185,1,,,1
0,'20270404',600,,97243,1,,,1,15,,97263,1,,,1,15,,97282,1,,,1,15,,97301,1,,,1,55,,97244,1,,,1,15,,97264,1,,,1,15,,97283,1,,,1,15,,97302,1,,,1,55,,97245,1,,,1,15,,97265,1,,,1,15,,97284,1,,,1,15,,97303,1,,,1,55,,97246,1,,,1,15,,97266,1,,,1,15,,97285,1,,,1,15,,97304,1,,,1,55,,97247,1,,,1,15,,97267,1,,,1,15,,97286,1,,,1,15,,97305,1,,,1,55,,97248,1,,,1,15,,97268,1,,,1,15,,97287,1,,,1,15,,97306,1,,,1,55,,97249,1,,,1,15,,97269,1,,,1,15,,97288,1,,,1,15,,97307,1,,,1,55,,97250,1,,,1,15,,97270,1,,,1,15,,97289,1,,,1,15,,97308,1,,,1,55,,97251,1,,,1,15,,97271,1,,,1,15,,97290,1,,,1,15,,97309,1,,,1,55,,97252,1,,,1,15,,97272,1,,,1,15,,97291,1,,,1,15,,97310,1,,,1,55,,97253,1,,,1,15,,97273,1,,,1,15,,97292,1,,,1,15,,97311,1,,,1,55,,97254,1,,,1,15,,97274,1,,,1,15,,97293,1,,,1,15,,97312,1,,,1,55,,97255,1,,,1,15,,97275,1,,,1,15,,97294,1,,,1,15,,97313,1,,,1,55,,97256,1,,,1,15,,97276,1,,,1,15,,97295,1,,,1,15,,97314,1,,,1,55,,97257,1,,,1,15,,97277,1,,,1,15,,97296,1,,,1,15,,97315,1,,,1,55,,97258,1,,,1,15,,97278,1,,,1,15,,97297,1,,,1,15,,97316,1,,,1,55,,97259,1,,,1,15,,97279,1,,,1,15,,97298,1,,,1,15,,97317,1,,,1,55,,97260,1,,,1,15,,97280,1,,,1,15,,97299,1,,,1,15,,97318,1,,,1,14,,97261,1,,,1,56,,97281,1,,,1,15,,97300,1,,,1,15,,97319,1,,,1,55,,97262,1,,,1
0,'20270405',455,,97380,1,,,1,55,,97320,1,,,1,20,,97360,1,,,1,15,,97381,1,,,1,55,,97321,1,,,1,15,,97341,1,,,1,15,,97361,1,,,1,15,,97382,1,,,1,55,,97322,1,,,1,15,,97342,1,,,1,15,,97362,1,,,1,15,,97383,1,,,1,55,,97323,1,,,1,15,,97343,1,,,1,15,,97363,1,,,1,15,,97384,1,,,1,55,,97324,1,,,1,15,,97344,1,,,1,15,,97364,1,,,1,15,,97385,1,,,1,55,,97325,1,,,1,15,,97345,1,,,1,15,,97365,1,,,1,15,,97386,1,,,1,55,,97326,1,,,1,15,,97346,1,,,1,15,,97366,1,,,1,15,,97387,1,,,1,55,,97327,1,,,1,15,,97347,1,,,1,15,,97367,1,,,1,15,,97388,1,,,1,55,,97328,1,,,1,15,,97348,1,,,1,15,,97368,1,,,1,15,,97389,1,,,1,55,,97329,1,,,1,15,,97349,1,,,1,15,,97369,1,,,1,15,,97390,1,,,1,55,,97330,1,,,1,15,,97350,1,,,1,15,,97370,1,,,1,15,,97391,1,,,1,55,,97331,1,,,1,15,,97351,1,,,1,15,,97371,1,,,1,15,,97392,1,,,1,55,,97332,1,,,1,15,,97352,1,,,1,15,,97372,1,,,1,15,,97393,1,,,1,55,,97333,1,,,1,15,,97353,1,,,1,15,,97373,1,,,1,15,,97394,1,,,1,55,,97334,1,,,1,15,,97354,1,,,1,15,,97374,1,,,1,15,,97395,1,,,1,55,,97335,1,,,1,15,,97355,1,,,1,15,,97375,1,,,1,15,,97396,1,,,1,55,,97336,1,,,1,15,,97356,1,,,1,15,,97376,1,,,1,15,,97397,1,,,1,55,,97337,1,,,1,15,,97357,1,,,1,15,,97377,1,,,1,15,,97398,1,,,1,55,,97338,1,,,1,15,,97358,1,,,1,15,,97378,1,,,1,15,,97399,1,,,1,14,,97339,1,,,1,56,,97359,1,,,1,15,,97379,1,,,1,15,,97400,1,,,1,55,,97340,1,,,1
1,'20261007',555,,83301,5,4,,1,55,,83242,5,4,,1,12,,83262,5,4,,1,15,,83282,5,4,,1,15,,83302,5,4,,1,55,,83243,5,4,,1,15,,83263,5,4,,1,15,,83283,5,4,,1,15,,83303,5,4,,1,55,,83244,5,4,,1,15,,83264,5,4,,1,15,,83284,5,4,,1,15,,83304,5,4,,1,55,,83245,5,4,,1,15,,83265,5,4,,1,15,,83285,5,4,,1,15,,83305,5,4,,1,55,,83246,5,4,,1,15,,83266,5,4,,1,15,,83286,5,4,,1,15,,83306,5,4,,1,55,,83247,5,4,,1,15,,83267,5,4,,1,15,,83287,5,4,,1,15,,83307,5,4,,1,55,,83248,5,4,,1,15,,83268,5,4,,1,15,,83288,5,4,,1,15,,83308,5,4,,1,55,,83249,5,4,,1,15,,83269,5,4,,1,15,,83289,5,4,,1,15,,83309,5,4,,1,55,,83250,5,4,,1,15,,83270,5,4,,1,15,,83290,5,4,,1,15,,83310,5,4,,1,55,,83251,5,4,,1,15,,83271,5,4,,1,15,,83291,5,4,,1,15,,83311,5,4,,1,55,,83252,5,4,,1,15,,83272,5,4,,1,15,,83292,5,4,,1,15,,83312,5,4,,1,55,,83253,5,4,,1,15,,83273,5,4,,1,15,,83293,5,4,,1,15,,83313,5,4,,1,55,,83254,5,4,,1,15,,83274,5,4,,1,15,,83294,5,4,,1,15,,83314,5,4,,1,55,,83255,5,4,,1,15,,83275,5,4,,1,15,,83295,5,4,,1,15,,83315,5,4,,1,55,,83256,5,4,,1,15,,83276,5,4,,1,15,,83296,5,4,,1,15,,83316,5,4,,1,55,,83257,5,4,,1,15,,83277,5,4,,1,15,,83297,5,4,,1,15,,83317,5,4,,1,55,,83258,5,4,,1,15,,83278,5,4,,1,15,,83298,5,4,,1,15,,83318,5,4,,1,55,,83259,5,4,,1,15,,83279,5,4,,1,15,,83299,5,4,,1,15,,83319,5,4,,1,55,,83260,5,4,,1,15,,83280,5,4,,1,15,,83300,5,4,,1,15,,83320,5,4,,1,55,,83261,5,4,,1,15,,83281,5,4,,1
1,'20261008',555,,83380,5,4,,1,55,,83321,5,4,,1,12,,83341,5,4,,1,15,,83361,5,4,,1,15,,83381,5,4,,1,55,,83322,5,4,,1,15,,83342,5,4,,1,15,,83362,5,4,,1,15,,83382,5,4,,1,55,,83323,5,4,,1,15,,83343,5,4,,1,15,,83363,5,4,,1,15,,83383,5,4,,1,55,,83324,5,4,,1,15,,83344,5,4,,1,15,,83364,5,4,,1,15,,83384,5,4,,1,55,,83325,5,4,,1,15,,83345,5,4,,1,15,,83365,5,4,,1,15,,83385,5,4,,1,55,,83326,5,4,,1,15,,83346,5,4,,1,15,,83366,5,4,,1,15,,83386,5,4,,1,55,,83327,5,4,,1,15,,83347,5,4,,1,15,,83367,5,4,,1,15,,83387,5,4,,1,55,,83328,5,4,,1,15,,83348,5,4,,1,15,,83368,5,4,,1,15,,83388,5,4,,1,55,,83329,5,4,,1,15,,83349,5,4,,1,15,,83369,5,4,,1,15,,83389,5,4,,1,55,,83330,5,4,,1,15,,83350,5,4,,1,15,,83370,5,4,,1,15,,83390,5,4,,1,55,,83331,5,4,,1,15,,83351,5,4,,1,15,,83371,5,4,,1,15,,83391,5,4,,1,55,,83332,5,4,,1,15,,83352,5,4,,1,15,,83372,5,4,,1,15,,83392,5,4,,1,55,,83333,5,4,,1,15,,83353,5,4,,1,15,,83373,5,4,,1,15,,83393,5,4,,1,55,,83334,5,4,,1,15,,83354,5,4,,1,15,,83374,5,4,,1,15,,83394,5,4,,1,55,,83335,5,4,,1,15,,83355,5,4,,1,15,,83375,5,4,,1,15,,83395,5,4,,1,55,,83336,5,4,,1,15,,83356,5,4,,1,15,,83376,5,4,,1,15,,83396,5,4,,1,55,,83337,5,4,,1,15,,83357,5,4,,1,15,,83377,5,4,,1,15,,83397,5,4,,1,55,,83338,5,4,,1,15,,83358,5,4,,1,15,,83378,5,4,,1,15,,83398,5,4,,1,55,,83339,5,4,,1,15,,83359,5,4,,1,15,,83379,5,4,,1,15,,83399,5,4,,1,55,,83340,5,4,,1,15,,83360,5,4,,1
1,'20261009',555,,83459,5,4,,1,55,,83400,5,4,,1,12,,83420,5,4,,1,15,,83440,5,4,,1,15,,83460,5,4,,1,55,,83401,5,4,,1,15,,83421,5,4,,1,15,,83441,5,4,,1,15,,83461,5,4,,1,55,,83402,5,4,,1,15,,83422,5,4,,1,15,,83442,5,4,,1,15,,83462,5,4,,1,55,,83403,5,4,,1,15,,83423,5,4,,1,15,,83443,5,4,,1,15,,83463,5,4,,1,55,,83404,5,4,,1,15,,83424,5,4,,1,15,,83444,5,4,,1,15,,83464,5,4,,1,55,,83405,5,4,,1,15,,83425,5,4,,1,15,,83445,5,4,,1,15,,83465,5,4,,1,55,,83406,5,4,,1,15,,83426,5,4,,1,15,,83446,5,4,,1,15,,83466,5,4,,1,55,,83407,5,4,,1,15,,83427,5,4,,1,15,,83447,5,4,,1,15,,83467,5,4,,1,55,,83408,5,4,,1,15,,83428,5,4,,1,15,,83448,5,4,,1,15,,83468,5,4,,1,55,,83409,5,4,,1,15,,83429,5,4,,1,15,,83449,5,4,,1,15,,83469,5,4,,1,55,,83410,5,4,,1,15,,83430,5,4,,1,15,,83450,5,4,,1,15,,83470,5,4,,1,55,,83411,5,4,,1,15,,83431,5,4,,1,15,,83451,5,4,,1,15,,83471,5,4,,1,55,,83412,5,4,,1,15,,83432,5,4,,1,15,,83452,5,4,,1,15,,83472,5,4,,1,55,,83413,5,4,,1,15,,83433,5,4,,1,15,,83453,5,4,,1,15,,83473,5,4,,1,55,,83414,5,4,,1,15,,83434,5,4,,1,15,,83454,5,4,,1,15,,83474,5,4,,1,55,,83415,5,4,,1,15,,83435,5,4,,1,15,,83455,5,4,,1,15,,83475,5,4,,1,55,,83416,5,4,,1,15,,83436,5,4,,1,15,,83456,5,4,,1,15,,83476,5,4,,1,55,,83417,5,4,,1,15,,83437,5,4,,1,15,,83457,5,4,,1,15,,83477,5,4,,1,55,,83418,5,4,,1,15,,83438,5,4,,1,15,,83458,5,4,,1,15,,83478,5,4,,1,55,,83419,5,4,,1,15,,83439,5,4,,1
1,'20261010',652,,83535,5,4,,1,55,,83479,5,4,,1,15,,83498,5,4,,1,15,,83517,5,4,,1,15,,83536,5,4,,1,55,,83480,5,4,,1,15,,83499,5,4,,1,15,,83518,5,4,,1,15,,83537,5,4,,1,55,,83481,5,4,,1,15,,83500,5,4,,1,15,,83519,5,4,,1,15,,83538,5,4,,1,55,,83482,5,4,,1,15,,83501,5,4,,1,15,,83520,5,4,,1,15,,83539,5,4,,1,55,,83483,5,4,,1,15,,83502,5,4,,1,15,,83521,5,4,,1,15,,83540,5,4,,1,55,,83484,5,4,,1,15,,83503,5,4,,1,15,,83522,5,4,,1,15,,83541,5,4,,1,55,,83485,5,4,,1,15,,83504,5,4,,1,15,,83523,5,4,,1,15,,83542,5,4,,1,55,,83486,5,4,,1,15,,83505,5,4,,1,15,,83524,5,4,,1,15,,83543,5,4,,1,55,,83487,5,4,,1,15,,83506,5,4,,1,15,,83525,5,4,,1,15,,83544,5,4,,1,55,,83488,5,4,,1,15,,83507,5,4,,1,15,,83526,5,4,,1,15,,83545,5,4,,1,55,,83489,5,4,,1,15,,83508,5,4,,1,15,,83527,5,4,,1,15,,83546,5,4,,1,55,,83490,5,4,,1,15,,83509,5,4,,1,15,,83528,5,4,,1,15,,83547,5,4,,1,55,,83491,5,4,,1,15,,83510,5,4,,1,15,,83529,5,4,,1,15,,83548,5,4,,1,55,,83492,5,4,,1,15,,83511,5,4,,1,15,,83530,5,4,,1,15,,83549,5,4,,1,55,,83493,5,4,,1,15,,83512,5,4,,1,15,,83531,5,4,,1,15,,83550,5,4,,1,55,,83494,5,4,,1,15,,83513,5,4,,1,15,,83532,5,4,,1,15,,83551,5,4,,1,55,,83495,5,4,,1,15,,83514,5,4,,1,15,,83533,5,4,,1,15,,83552,5,4,,1,55,,83496,5,4,,1,15,,83515,5,4,,1,15,,83534,5,4,,1,15,,83553,5,4,,1,55,,83497,5,4,,1,15,,83516,5,4,,1
1,'20261011',652,,83610,5,4,,1,55,,83554,5,4,,1,15,,83573,5,4,,1,15,,83592,5,4,,1,15,,83611,5,4,,1,55,,83555,5,4,,1,15,,83574,5,4,,1,15,,83593,5,4,,1,15,,83612,5,4,,1,55,,83556,5,4,,1,15,,83575,5,4,,1,15,,83594,5,4,,1,15,,83613,5,4,,1,55,,83557,5,4,,1,15,,83576,5,4,,1,15,,83595,5,4,,1,15,,83614,5,4,,1,55,,83558,5,4,,1,15,,83577,5,4,,1,15,,83596,5,4,,1,15,,83615,5,4,,1,55,,83559,5,4,,1,15,,83578,5,4,,1,15,,83597,5,4,,1,15,,83616,5,4,,1,55,,83560,5,4,,1,15,,83579,5,4,,1,15,,83598,5,4,,1,15,,83617,5,4,,1,55,,83561,5,4,,1,15,,83580,5,4,,1,15,,83599,5,4,,1,15,,83618,5,4,,1,55,,83562,5,4,,1,15,,83581,5,4,,1,15,,83600,5,4,,1,15,,83619,5,4,,1,55,,83563,5,4,,1,15,,83582,5,4,,1,15,,83601,5,4,,1,15,,83620,5,4,,1,55,,83564,5,4,,1,15,,83583,5,4,,1,15,,83602,5,4,,1,15,,83621,5,4,,1,55,,83565,5,4,,1,15,,83584,5,4,,1,15,,83603,5,4,,1,15,,83622,5,4,,1,55,,83566,5,4,,1,15,,83585,5,4,,1,15,,83604,5,4,,1,15,,83623,5,4,,1,55,,83567,5,4,,1,15,,83586,5,4,,1,15,,83605,5,4,,1,15,,83624,5,4,,1,55,,83568,5,4,,1,15,,83587,5,4,,1,15,,83606,5,4,,1,15,,83625,5,4,,1,55,,83569,5,4,,1,15,,83588,5,4,,1,15,,83607,5,4,,1,15,,83626,5,4,,1,55,,83570,5,4,,1,15,,83589,5,4,,1,15,,83608,5,4,,1,15,,83627,5,4,,1,55,,83571,5,4,,1,15,,83590,5,4,,1,15,,83609,5,4,,1,15,,83628,5,4,,1,55,,83572,5,4,,1,15,,83591,5,4,,1
1,'20261012',652,,83689,5,4,,1,55,,83630,5,4,,1,15,,83650,5,4,,1,15,,83670,5,4,,1,15,,83690,5,4,,1,55,,83631,5,4,,1,15,,83651,5,4,,1,15,,83671,5,4,,1,15,,83691,5,4,,1,55,,83632,5,4,,1,15,,83652,5,4,,1,15,,83672,5,4,,1,15,,83692,5,4,,1,55,,83633,5,4,,1,15,,83653,5,4,,1,15,,83673,5,4,,1,15,,83693,5,4,,1,55,,83634,5,4,,1,15,,83654,5,4,,1,15,,83674,5,4,,1,15,,83694,5,4,,1,55,,83635,5,4,,1,15,,83655,5,4,,1,15,,83675,5,4,,1,15,,83695,5,4,,1,55,,83636,5,4,,1,15,,83656,5,4,,1,15,,83676,5,4,,1,15,,83696,5,4,,1,55,,83637,5,4,,1,15,,83657,5,4,,1,15,,83677,5,4,,1,15,,83697,5,4,,1,55,,83638,5,4,,1,15,,83658,5,4,,1,15,,83678,5,4,,1,15,,83698,5,4,,1,55,,83639,5,4,,1,15,,83659,5,4,,1,15,,83679,5,4,,1,15,,83699,5,4,,1,55,,83640,5,4,,1,15,,83660,5,4,,1,15,,83680,5,4,,1,15,,83700,5,4,,1,55,,83641,5,4,,1,15,,83661,5,4,,1,15,,83681,5,4,,1,15,,83701,5,4,,1,55,,83642,5,4,,1,15,,83662,5,4,,1,15,,83682,5,4,,1,15,,83702,5,4,,1,55,,83643,5,4,,1,15,,83663,5,4,,1,15,,83683,5,4,,1,15,,83703,5,4,,1,55,,83644,5,4,,1,15,,83664,5,4,,1,15,,83684,5,4,,1,15,,83704,5,4,,1,55,,83645,5,4,,1,15,,83665,5,4,,1,15,,83685,5,4,,1,15,,83705,5,4,,1,55,,83646,5,4,,1,15,,83666,5,4,,1,15,,83686,5,4,,1,15,,83706,5,4,,1,55,,83647,5,4,,1,15,,83667,5,4,,1,15,,83687,5,4,,1,15,,83707,5,4,,1,55,,83648,5,4,,1,15,,83668,5,4,,1
1,'20261013',555,,83767,5,4,,1,55,,83708,5,4,,1,12,,83728,5,4,,1,15,,83748,5,4,,1,15,,83768,5,4,,1,55,,83709,5,4,,1,15,,83729,5,4,,1,15,,83749,5,4,,1,15,,83769,5,4,,1,55,,83710,5,4,,1,15,,83730,5,4,,1,15,,83750,5,4,,1,15,,83770,5,4,,1,55,,83711,5,4,,1,15,,83731,5,4,,1,15,,83751,5,4,,1,15,,83771,5,4,,1,55,,83712,5,4,,1,15,,83732,5,4,,1,15,,83752,5,4,,1,15,,83772,5,4,,1,55,,83713,5,4,,1,15,,83733,5,4,,1,15,,83753,5,4,,1,15,,83773,5,4,,1,55,,83714,5,4,,1,15,,83734,5,4,,1,15,,83754,5,4,,1,15,,83774,5,4,,1,55,,83715,5,4,,1,15,,83735,5,4,,1,15,,83755,5,4,,1,15,,83775,5,4,,1,55,,83716,5,4,,1,15,,83736,5,4,,1,15,,83756,5,4,,1,15,,83776,5,4,,1,55,,83717,5,4,,1,15,,83737,5,4,,1,15,,83757,5,4,,1,15,,83777,5,4,,1,55,,83718,5,4,,1,15,,83738,5,4,,1,15,,83758,5,4,,1,15,,83778,5,4,,1,55,,83719,5,4,,1,15,,83739,5,4,,1,15,,83759,5,4,,1,15,,83779,5,4,,1,55,,83720,5,4,,1,15,,83740,5,4,,1,15,,83760,5,4,,1,15,,83780,5,4,,1,55,,83721,5,4,,1,15,,83741,5,4,,1,15,,83761,5,4,,1,15,,83781,5,4,,1,55,,83722,5,4,,1,15,,83742,5,4,,1,15,,83762,5,4,,1,15,,83782,5,4,,1,55,,83723,5,4,,1,15,,83743,5,4,,1,15,,83763,5,4,,1,15,,83783,5,4,,1,55,,83724,5,4,,1,15,,83744,5,4,,1,15,,83764,5,4,,1,15,,83784,5,4,,1,55,,83725,5,4,,1,15,,83745,5,4,,1,15,,83765,5,4,,1,15,,83785,5,4,,1,55,,83726,5,4,,1,15,,83746,5,4,,1,15,,83766,5,4,,1,15,,83786,5,4,,1,55,,83727,5,4,,1,15,,83747,5,4,,1
1,'20261014',555,,83846,5,4,,1,55,,83787,5,4,,1,12,,83807,5,4,,1,15,,83827,5,4,,1,15,,83847,5,4,,1,55,,83788,5,4,,1,15,,83808,5,4,,1,15,,83828,5,4,,1,15,,83848,5,4,,1,55,,83789,5,4,,1,15,,83809,5,4,,1,15,,83829,5,4,,1,15,,83849,5,4,,1,55,,83790,5,4,,1,15,,83810,5,4,,1,15,,83830,5,4,,1,15,,83850,5,4,,1,55,,83791,5,4,,1,15,,83811,5,4,,1,15,,83831,5,4,,1,15,,83851,5,4,,1,55,,83792,5,4,,1,15,,83812,5,4,,1,15,,83832,5,4,,1,15,,83852,5,4,,1,55,,83793,5,4,,1,15,,83813,5,4,,1,15,,83833,5,4,,1,15,,83853,5,4,,1,55,,83794,5,4,,1,15,,83814,5,4,,1,15,,83834,5,4,,1,15,,83854,5,4,,1,55,,83795,5,4,,1,15,,83815,5,4,,1,15,,83835,5,4,,1,15,,83855,5,4,,1,55,,83796,5,4,,1,15,,83816,5,4,,1,15,,83836,5,4,,1,15,,83856,5,4,,1,55,,83797,5,4,,1,15,,83817,5,4,,1,15,,83837,5,4,,1,15,,83857,5,4,,1,55,,83798,5,4,,1,15,,83818,5,4,,1,15,,83838,5,4,,1,15,,83858,5,4,,1,55,,83799,5,4,,1,15,,83819,5,4,,1,15,,83839,5,4,,1,15,,83859,5,4,,1,55,,83800,5,4,,1,15,,83820,5,4,,1,15,,83840,5,4,,1,15,,83860,5,4,,1,55,,83801,5,4,,1,15,,83821,5,4,,1,15,,83841,5,4,,1,15,,83861,5,4,,1,55,,83802,5,4,,1,15,,83822,5,4,,1,15,,83842,5,4,,1,15,,83862,5,4,,1,55,,83803,5,4,,1,15,,83823,5,4,,1,15,,83843,5,4,,1,15,,83863,5,4,,1,55,,83804,5,4,,1,15,,83824,5,4,,1,15,,83844,5,4,,1,15,,83864,5,4,,1,55,,83805,5,4,,1,15,,83825,5,4,,1,15,,83845,5,4,,1,15,,83865,5,4,,1,55,,83806,5,4,,1,15,,83826,5,4,,1
1,'20261015',555,,83925,5,4,,1,55,,83866,5,4,,1,12,,83886,5,4,,1,15,,83906,5,4,,1,15,,83926,5,4,,1,55,,83867,5,4,,1,15,,83887,5,4,,1,15,,83907,5,4,,1,15,,83927,5,4,,1,55,,83868,5,4,,1,15,,83888,5,4,,1,15,,83908,5,4,,1,15,,83928,5,4,,1,55,,83869,5,4,,1,15,,83889,5,4,,1,15,,83909,5,4,,1,15,,83929,5,4,,1,55,,83870,5,4,,1,15,,83890,5,4,,1,15,,83910,5,4,,1,15,,83930,5,4,,1,55,,83871,5,4,,1,15,,83891,5,4,,1,15,,83911,5,4,,1,15,,83931,5,4,,1,55,,83872,5,4,,1,15,,83892,5,4,,1,15,,83912,5,4,,1,15,,83932,5,4,,1,55,,83873,5,4,,1,15,,83893,5,4,,1,15,,83913,5,4,,1,15,,83933,5,4,,1,55,,83874,5,4,,1,15,,83894,5,4,,1,15,,83914,5,4,,1,15,,83934,5,4,,1,55,,83875,5,4,,1,15,,83895,5,4,,1,15,,83915,5,4,,1,15,,83935,5,4,,1,55,,83876,5,4,,1,15,,83896,5,4,,1,15,,83916,5,4,,1,15,,83936,5,4,,1,55,,83877,5,4,,1,15,,83897,5,4,,1,15,,83917,5,4,,1,15,,83937,5,4,,1,55,,83878,5,4,,1,15,,83898,5,4,,1,15,,83918,5,4,,1,15,,83938,5,4,,1,55,,83879,5,4,,1,15,,83899,5,4,,1,15,,83919,5,4,,1,15,,83939,5,4,,1,55,,83880,5,4,,1,15,,83900,5,4,,1,15,,83920,5,4,,1,15,,83940,5,4,,1,55,,83881,5,4,,1,15,,83901,5,4,,1,15,,83921,5,4,,1,15,,83941,5,4,,1,55,,83882,5,4,,1,15,,83902,5,4,,1,15,,83922,5,4,,1,15,,83942,5,4,,1,55,,83883,5,4,,1,15,,83903,5,4,,1,15,,83923,5,4,,1,15,,83943,5,4,,1,55,,83884,5,4,,1,15,,83904,5,4,,1,15,,83924,5,4,,1,15,,83944,5,4,,1,55,,83885,5,4,,1,15,,83905,5,4,,1
1,'20261016',555,,84004,5,4,,1,55,,83945,5,4,,1,12,,83965,5,4,,1,15,,83985,5,4,,1,15,,84005,5,4,,1,55,,83946,5,4,,1,15,,83966,5,4,,1,15,,83986,5,4,,1,15,,84006,5,4,,1,55,,83947,5,4,,1,15,,83967,5,4,,1,15,,83987,5,4,,1,15,,84007,5,4,,1,55,,83948,5,4,,1,15,,83968,5,4,,1,15,,83988,5,4,,1,15,,84008,5,4,,1,55,,83949,5,4,,1,15,,83969,5,4,,1,15,,83989,5,4,,1,15,,84009,5,4,,1,55,,83950,5,4,,1,15,,83970,5,4,,1,15,,83990,5,4,,1,15,,84010,5,4,,1,55,,83951,5,4,,1,15,,83971,5,4,,1,15,,83991,5,4,,1,15,,84011,5,4,,1,55,,83952,5,4,,1,15,,83972,5,4,,1,15,,83992,5,4,,1,15,,84012,5,4,,1,55,,83953,5,4,,1,15,,83973,5,4,,1,15,,83993,5,4,,1,15,,84013,5,4,,1,55,,83954,5,4,,1,15,,83974,5,4,,1,15,,83994,5,4,,1,15,,84014,5,4,,1,55,,83955,5,4,,1,15,,83975,5,4,,1,15,,83995,5,4,,1,15,,84015,5,4,,1,55,,83956,5,4,,1,15,,83976,5,4,,1,15,,83996,5,4,,1,15,,84016,5,4,,1,55,,83957,5,4,,1,15,,83977,5,4,,1,15,,83997,5,4,,1,15,,84017,5,4,,1,55,,83958,5,4,,1,15,,83978,5,4,,1,15,,83998,5,4,,1,15,,84018,5,4,,1,55,,83959,5,4,,1,15,,83979,5,4,,1,15,,83999,5,4,,1,15,,84019,5,4,,1,55,,83960,5,4,,1,15,,83980,5,4,,1,15,,84000,5,4,,1,15,,84020,5,4,,1,55,,83961,5,4,,1,15,,83981,5,4,,1,15,,84001,5,4,,1,15,,84021,5,4,,1,55,,83962,5,4,,1,15,,83982,5,4,,1,15,,84002,5,4,,1,15,,84022,5,4,,1,55,,83963,5,4,,1,15,,83983,5,4,,1,15,,84003,5,4,,1,15,,84023,5,4,,1,55,,83964,5,4,,1,15,,83984,5,4,,1
1,'20261017',652,,84080,5,4,,1,55,,84024,5,4,,1,15,,84043,5,4,,1,15,,84062,5,4,,1,15,,84081,5,4,,1,55,,84025,5,4,,1,15,,84044,5,4,,1,15,,84063,5,4,,1,15,,84082,5,4,,1,55,,84026,5,4,,1,15,,84045,5,4,,1,15,,84064,5,4,,1,15,,84083,5,4,,1,55,,84027,5,4,,1,15,,84046,5,4,,1,15,,84065,5,4,,1,15,,84084,5,4,,1,55,,84028,5,4,,1,15,,84047,5,4,,1,15,,84066,5,4,,1,15,,84085,5,4,,1,55,,84029,5,4,,1,15,,84048,5,4,,1,15,,84067,5,4,,1,15,,84086,5,4,,1,55,,84030,5,4,,1,15,,84049,5,4,,1,15,,84068,5,4,,1,15,,84087,5,4,,1,55,,84031,5,4,,1,15,,84050,5,4,,1,15,,84069,5,4,,1,15,,84088,5,4,,1,55,,84032,5,4,,1,15,,84051,5,4,,1,15,,84070,5,4,,1,15,,84089,5,4,,1,55,,84033,5,4,,1,15,,84052,5,4,,1,15,,84071,5,4,,1,15,,84090,5,4,,1,55,,84034,5,4,,1,15,,84053,5,4,,1,15,,84072,5,4,,1,15,,84091,5,4,,1,55,,84035,5,4,,1,15,,84054,5,4,,1,15,,84073,5,4,,1,15,,84092,5,4,,1,55,,84036,5,4,,1,15,,84055,5,4,,1,15,,84074,5,4,,1,15,,84093,5,4,,1,55,,84037,5,4,,1,15,,84056,5,4,,1,15,,84075,5,4,,1,15,,84094,5,4,,1,55,,84038,5,4,,1,15,,84057,5,4,,1,15,,84076,5,4,,1,15,,84095,5,4,,1,55,,84039,5,4,,1,15,,84058,5,4,,1,15,,84077,5,4,,1,15,,84096,5,4,,1,55,,84040,5,4,,1,15,,84059,5,4,,1,15,,84078,5,4,,1,15,,84097,5,4,,1,55,,84041,5,4,,1,15,,84060,5,4,,1,15,,84079,5,4,,1,15,,84098,5,4,,1,55,,84042,5,4,,1,15,,84061,5,4,,1
1,'20261018',652,,84155,5,4,,1,55,,84099,5,4,,1,15,,84118,5,4,,1,15,,84137,5,4,,1,15,,84156,5,4,,1,55,,84100,5,4,,1,15,,84119,5,4,,1,15,,84138,5,4,,1,15,,84157,5,4,,1,55,,84101,5,4,,1,15,,84120,5,4,,1,15,,84139,5,4,,1,15,,84158,5,4,,1,55,,84102,5,4,,1,15,,84121,5,4,,1,15,,84140,5,4,,1,15,,84159,5,4,,1,55,,84103,5,4,,1,15,,84122,5,4,,1,15,,84141,5,4,,1,15,,84160,5,4,,1,55,,84104,5,4,,1,15,,84123,5,4,,1,15,,84142,5,4,,1,15,,84161,5,4,,1,55,,84105,5,4,,1,15,,84124,5,4,,1,15,,84143,5,4,,1,15,,84162,5,4,,1,55,,84106,5,4,,1,15,,84125,5,4,,1,15,,84144,5,4,,1,15,,84163,5,4,,1,55,,84107,5,4,,1,15,,84126,5,4,,1,15,,84145,5,4,,1,15,,84164,5,4,,1,55,,84108,5,4,,1,15,,84127,5,4,,1,15,,84146,5,4,,1,15,,84165,5,4,,1,55,,84109,5,4,,1,15,,84128,5,4,,1,15,,84147,5,4,,1,15,,84166,5,4,,1,55,,84110,5,4,,1,15,,84129,5,4,,1,15,,84148,5,4,,1,15,,84167,5,4,,1,55,,84111,5,4,,1,15,,84130,5,4,,1,15,,84149,5,4,,1,15,,84168,5,4,,1,55,,84112,5,4,,1,15,,84131,5,4,,1,15,,84150,5,4,,1,15,,84169,5,4,,1,55,,84113,5,4,,1,15,,84132,5,4,,1,15,,84151,5,4,,1,15,,84170,5,4,,1,55,,84114,5,4,,1,15,,84133,5,4,,1,15,,84152,5,4,,1,15,,84171,5,4,,1,55,,84115,5,4,,1,15,,84134,5,4,,1,15,,84153,5,4,,1,15,,84172,5,4,,1,55,,84116,5,4,,1,15,,84135,5,4,,1,15,,84154,5,4,,1,15,,84173,5,4,,1,55,,84117,5,4,,1,15,,84136,5,4,,1
1,'20261019',555,,84233,5,4,,1,55,,84174,5,4,,1,12,,84194,5,4,,1,15,,84214,5,4,,1,15,,84234,5,4,,1,55,,84175,5,4,,1,15,,84195,5,4,,1,15,,84215,5,4,,1,15,,84235,5,4,,1,55,,84176,5,4,,1,15,,84196,5,4,,1,15,,84216,5,4,,1,15,,84236,5,4,,1,55,,84177,5,4,,1,15,,84197,5,4,,1,15,,84217,5,4,,1,15,,84237,5,4,,1,55,,84178,5,4,,1,15,,84198,5,4,,1,15,,84218,5,4,,1,15,,84238,5,4,,1,55,,84179,5,4,,1,15,,84199,5,4,,1,15,,84219,5,4,,1,15,,84239,5,4,,1,55,,84180,5,4,,1,15,,84200,5,4,,1,15,,84220,5,4,,1,15,,84240,5,4,,1,55,,84181,5,4,,1,15,,84201,5,4,,1,15,,84221,5,4,,1,15,,84241,5,4,,1,55,,84182,5,4,,1,15,,84202,5,4,,1,15,,84222,5,4,,1,15,,84242,5,4,,1,55,,84183,5,4,,1,15,,84203,5,4,,1,15,,84223,5,4,,1,15,,84243,5,4,,1,55,,84184,5,4,,1,15,,84204,5,4,,1,15,,84224,5,4,,1,15,,84244,5,4,,1,55,,84185,5,4,,1,15,,84205,5,4,,1,15,,84225,5,4,,1,15,,84245,5,4,,1,55,,84186,5,4,,1,15,,84206,5,4,,1,15,,84226,5,4,,1,15,,84246,5,4,,1,55,,84187,5,4,,1,15,,84207,5,4,,1,15,,84227,5,4,,1,15,,84247,5,4,,1,55,,84188,5,4,,1,15,,84208,5,4,,1,15,,84228,5,4,,1,15,,84248,5,4,,1,55,,84189,5,4,,1,15,,84209,5,4,,1,15,,84229,5,4,,1,15,,84249,5,4,,1,55,,84190,5,4,,1,15,,84210,5,4,,1,15,,84230,5,4,,1,15,,84250,5,4,,1,55,,84191,5,4,,1,15,,84211,5,4,,1,15,,84231,5,4,,1,15,,84251,5,4,,1,55,,84192,5,4,,1,15,,84212,5,4,,1,15,,84232,5,4,,1,15,,84252,5,4,,1,55,,84193,5,4,,1,15,,84213,5,4,,1
1,'20261020',555,,84312,5,4,,1,55,,84253,5,4,,1,12,,84273,5,4,,1,15,,84293,5,4,,1,15,,84313,5,4,,1,55,,84254,5,4,,1,15,,84274,5,4,,1,15,,84294,5,4,,1,15,,84314,5,4,,1,55,,84255,5,4,,1,15,,84275,5,4,,1,15,,84295,5,4,,1,15,,84315,5,4,,1,55,,84256,5,4,,1,15,,84276,5,4,,1,15,,84296,5,4,,1,15,,84316,5,4,,1,55,,84257,5,4,,1,15,,84277,5,4,,1,15,,84297,5,4,,1,15,,84317,5,4,,1,55,,84258,5,4,,1,15,,84278,5,4,,1,15,,84298,5,4,,1,15,,84318,5,4,,1,55,,84259,5,4,,1,15,,84279,5,4,,1,15,,84299,5,4,,1,15,,84319,5,4,,1,55,,84260,5,4,,1,15,,84280,5,4,,1,15,,84300,5,4,,1,15,,84320,5,4,,1,55,,84261,5,4,,1,15,,84281,5,4,,1,15,,84301,5,4,,1,15,,84321,5,4,,1,55,,84262,5,4,,1,15,,84282,5,4,,1,15,,84302,5,4,,1,15,,84322,5,4,,1,55,,84263,5,4,,1,15,,84283,5,4,,1,15,,84303,5,4,,1,15,,84323,5,4,,1,55,,84264,5,4,,1,15,,84284,5,4,,1,15,,84304,5,4,,1,15,,84324,5,4,,1,55,,84265,5,4,,1,15,,84285,5,4,,1,15,,84305,5,4,,1,15,,84325,5,4,,1,55,,84266,5,4,,1,15,,84286,5,4,,1,15,,84306,5,4,,1,15,,84326,5,4,,1,55,,84267,5,4,,1,15,,84287,5,4,,1,15,,84307,5,4,,1,15,,84327,5,4,,1,55,,84268,5,4,,1,15,,84288,5,4,,1,15,,84308,5,4,,1,15,,84328,5,4,,1,55,,84269,5,4,,1,15,,84289,5,4,,1,15,,84309,5,4,,1,15,,84329,5,4,,1,55,,84270,5,4,,1,15,,84290,5,4,,1,15,,84310,5,4,,1,15,,84330,5,4,,1,55,,84271,5,4,,1,15,,84291,5,4,,1,15,,84311,5,4,,1,15,,84331,5,4,,1,55,,84272,5,4,,1,15,,84292,5,4,,1
1,'20261021',555,,84391,5,4,,1,55,,84332,5,4,,1,12,,84352,5,4,,1,15,,84372,5,4,,1,15,,84392,5,4,,1,55,,84333,5,4,,1,15,,84353,5,4,,1,15,,84373,5,4,,1,15,,84393,5,4,,1,55,,84334,5,4,,1,15,,84354,5,4,,1,15,,84374,5,4,,1,15,,84394,5,4,,1,55,,84335,5,4,,1,15,,84355,5,4,,1,15,,84375,5,4,,1,15,,84395,5,4,,1,55,,84336,5,4,,1,15,,84356,5,4,,1,15,,84376,5,4,,1,15,,84396,5,4,,1,55,,84337,5,4,,1,15,,84357,5,4,,1,15,,84377,5,4,,1,15,,84397,5,4,,1,55,,84338,5,4,,1,15,,84358,5,4,,1,15,,84378,5,4,,1,15,,84398,5,4,,1,55,,84339,5,4,,1,15,,84359,5,4,,1,15,,84379,5,4,,1,15,,84399,5,4,,1,55,,84340,5,4,,1,15,,84360,5,4,,1,15,,84380,5,4,,1,15,,84400,5,4,,1,55,,84341,5,4,,1,15,,84361,5,4,,1,15,,84381,5,4,,1,15,,84401,5,4,,1,55,,84342,5,4,,1,15,,84362,5,4,,1,15,,84382,5,4,,1,15,,84402,5,4,,1,55,,84343,5,4,,1,15,,84363,5,4,,1,15,,84383,5,4,,1,15,,84403,5,4,,1,55,,84344,5,4,,1,15,,84364,5,4,,1,15,,84384,5,4,,1,15,,84404,5,4,,1,55,,84345,5,4,,1,15,,84365,5,4,,1,15,,84385,5,4,,1,15,,84405,5,4,,1,55,,84346,5,4,,1,15,,84366,5,4,,1,15,,84386,5,4,,1,15,,84406,5,4,,1,55,,84347,5,4,,1,15,,84367,5,4,,1,15,,84387,5,4,,1,15,,84407,5,4,,1,55,,84348,5,4,,1,15,,84368,5,4,,1,15,,84388,5,4,,1,15,,84408,5,4,,1,55,,84349,5,4,,1,15,,84369,5,4,,1,15,,84389,5,4,,1,15,,84409,5,4,,1,55,,84350,5,4,,1,15,,84370,5,4,,1,15,,84390,5,4,,1,15,,84410,5,4,,1,55,,84351,5,4,,1,15,,84371,5,4,,1
1,'20261022',555,,84470,5,4,,1,55,,84411,5,4,,1,12,,84431,5,4,,1,15,,84451,5,4,,1,15,,84471,5,4,,1,55,,84412,5,4,,1,15,,84432,5,4,,1,15,,84452,5,4,,1,15,,84472,5,4,,1,55,,84413,5,4,,1,15,,84433,5,4,,1,15,,84453,5,4,,1,15,,84473,5,4,,1,55,,84414,5,4,,1,15,,84434,5,4,,1,15,,84454,5,4,,1,15,,84474,5,4,,1,55,,84415,5,4,,1,15,,84435,5,4,,1,15,,84455,5,4,,1,15,,84475,5,4,,1,55,,84416,5,4,,1,15,,84436,5,4,,1,15,,84456,5,4,,1,15,,84476,5,4,,1,55,,84417,5,4,,1,15,,84437,5,4,,1,15,,84457,5,4,,1,15,,84477,5,4,,1,55,,84418,5,4,,1,15,,84438,5,4,,1,15,,84458,5,4,,1,15,,84478,5,4,,1,55,,84419,5,4,,1,15,,84439,5,4,,1,15,,84459,5,4,,1,15,,84479,5,4,,1,55,,84420,5,4,,1,15,,84440,5,4,,1,15,,84460,5,4,,1,15,,84480,5,4,,1,55,,84421,5,4,,1,15,,84441,5,4,,1,15,,84461,5,4,,1,15,,84481,5,4,,1,55,,84422,5,4,,1,15,,84442,5,4,,1,15,,84462,5,4,,1,15,,84482,5,4,,1,55,,84423,5,4,,1,15,,84443,5,4,,1,15,,84463,5,4,,1,15,,84483,5,4,,1,55,,84424,5,4,,1,15,,84444,5,4,,1,15,,84464,5,4,,1,15,,84484,5,4,,1,55,,84425,5,4,,1,15,,84445,5,4,,1,15,,84465,5,4,,1,15,,84485,5,4,,1,55,,84426,5,4,,1,15,,84446,5,4,,1,15,,84466,5,4,,1,15,,84486,5,4,,1,55,,84427,5,4,,1,15,,84447,5,4,,1,15,,84467,5,4,,1,15,,84487,5,4,,1,55,,84428,5,4,,1,15,,84448,5,4,,1,15,,84468,5,4,,1,15,,84488,5,4,,1,55,,84429,5,4,,1,15,,84449,5,4,,1,15,,84469,5,4,,1,15,,84489,5,4,,1,55,,84430,5,4,,1,15,,84450,5,4,,1
1,'20261023',555,,84549,5,4,,1,55,,84490,5,4,,1,12,,84510,5,4,,1,15,,84530,5,4,,1,15,,84550,5,4,,1,55,,84491,5,4,,1,15,,84511,5,4,,1,15,,84531,5,4,,1,15,,84551,5,4,,1,55,,84492,5,4,,1,15,,84512,5,4,,1,15,,84532,5,4,,1,15,,84552,5,4,,1,55,,84493,5,4,,1,15,,84513,5,4,,1,15,,84533,5,4,,1,15,,84553,5,4,,1,55,,84494,5,4,,1,15,,84514,5,4,,1,15,,84534,5,4,,1,15,,84554,5,4,,1,55,,84495,5,4,,1,15,,84515,5,4,,1,15,,84535,5,4,,1,15,,84555,5,4,,1,55,,84496,5,4,,1,15,,84516,5,4,,1,15,,84536,5,4,,1,15,,84556,5,4,,1,55,,84497,5,4,,1,15,,84517,5,4,,1,15,,84537,5,4,,1,15,,84557,5,4,,1,55,,84498,5,4,,1,15,,84518,5,4,,1,15,,84538,5,4,,1,15,,84558,5,4,,1,55,,84499,5,4,,1,15,,84519,5,4,,1,15,,84539,5,4,,1,15,,84559,5,4,,1,55,,84500,5,4,,1,15,,84520,5,4,,1,15,,84540,5,4,,1,15,,84560,5,4,,1,55,,84501,5,4,,1,15,,84521,5,4,,1,15,,84541,5,4,,1,15,,84561,5,4,,1,55,,84502,5,4,,1,15,,84522,5,4,,1,15,,84542,5,4,,1,15,,84562,5,4,,1,55,,84503,5,4,,1,15,,84523,5,4,,1,15,,84543,5,4,,1,15,,84563,5,4,,1,55,,84504,5,4,,1,15,,84524,5,4,,1,15,,84544,5,4,,1,15,,84564,5,4,,1,55,,84505,5,4,,1,15,,84525,5,4,,1,15,,84545,5,4,,1,15,,84565,5,4,,1,55,,84506,5,4,,1,15,,84526,5,4,,1,15,,84546,5,4,,1,15,,84566,5,4,,1,55,,84507,5,4,,1,15,,84527,5,4,,1,15,,84547,5,4,,1,15,,84567,5,4,,1,55,,84508,5,4,,1,15,,84528,5,4,,1,15,,84548,5,4,,1,15,,84568,5,4,,1,55,,84509,5,4,,1,15,,84529,5,4,,1
1,'20261024',652,,84625,5,4,,1,55,,84569,5,4,,1,15,,84588,5,4,,1,15,,84607,5,4,,1,15,,84626,5,4,,1,55,,84570,5,4,,1,15,,84589,5,4,,1,15,,84608,5,4,,1,15,,84627,5,4,,1,55,,84571,5,4,,1,15,,84590,5,4,,1,15,,84609,5,4,,1,15,,84628,5,4,,1,55,,84572,5,4,,1,15,,84591,5,4,,1,15,,84610,5,4,,1,15,,84629,5,4,,1,55,,84573,5,4,,1,15,,84592,5,4,,1,15,,84611,5,4,,1,15,,84630,5,4,,1,55,,84574,5,4,,1,15,,84593,5,4,,1,15,,84612,5,4,,1,15,,84631,5,4,,1,55,,84575,5,4,,1,15,,84594,5,4,,1,15,,84613,5,4,,1,15,,84632,5,4,,1,55,,84576,5,4,,1,15,,84595,5,4,,1,15,,84614,5,4,,1,15,,84633,5,4,,1,55,,84577,5,4,,1,15,,84596,5,4,,1,15,,84615,5,4,,1,15,,84634,5,4,,1,55,,84578,5,4,,1,15,,84597,5,4,,1,15,,84616,5,4,,1,15,,84635,5,4,,1,55,,84579,5,4,,1,15,,84598,5,4,,1,15,,84617,5,4,,1,15,,84636,5,4,,1,55,,84580,5,4,,1,15,,84599,5,4,,1,15,,84618,5,4,,1,15,,84637,5,4,,1,55,,84581,5,4,,1,15,,84600,5,4,,1,15,,84619,5,4,,1,15,,84638,5,4,,1,55,,84582,5,4,,1,15,,84601,5,4,,1,15,,84620,5,4,,1,15,,84639,5,4,,1,55,,84583,5,4,,1,15,,84602,5,4,,1,15,,84621,5,4,,1,15,,84640,5,4,,1,55,,84584,5,4,,1,15,,84603,5,4,,1,15,,84622,5,4,,1,15,,84641,5,4,,1,55,,84585,5,4,,1,15,,84604,5,4,,1,15,,84623,5,4,,1,15,,84642,5,4,,1,55,,84586,5,4,,1,15,,84605,5,4,,1,15,,84624,5,4,,1,15,,84643,5,4,,1,55,,84587,5,4,,1,15,,84606,5,4,,1
1,'20261025',652,,84700,5,4,,1,55,,84644,5,4,,1,15,,84663,5,4,,1,15,,84682,5,4,,1,15,,84701,5,4,,1,55,,84645,5,4,,1,15,,84664,5,4,,1,15,,84683,5,4,,1,15,,84702,5,4,,1,55,,84646,5,4,,1,15,,84665,5,4,,1,15,,84684,5,4,,1,15,,84703,5,4,,1,55,,84647,5,4,,1,15,,84666,5,4,,1,15,,84685,5,4,,1,15,,84704,5,4,,1,55,,84648,5,4,,1,15,,84667,5,4,,1,15,,84686,5,4,,1,15,,84705,5,4,,1,55,,84649,5,4,,1,15,,84668,5,4,,1,15,,84687,5,4,,1,15,,84706,5,4,,1,55,,84650,5,4,,1,15,,84669,5,4,,1,15,,84688,5,4,,1,15,,84707,5,4,,1,55,,84651,5,4,,1,15,,84670,5,4,,1,15,,84689,5,4,,1,15,,84708,5,4,,1,55,,84652,5,4,,1,15,,84671,5,4,,1,15,,84690,5,4,,1,15,,84709,5,4,,1,55,,84653,5,4,,1,15,,84672,5,4,,1,15,,84691,5,4,,1,15,,84710,5,4,,1,55,,84654,5,4,,1,15,,84673,5,4,,1,15,,84692,5,4,,1,15,,84711,5,4,,1,55,,84655,5,4,,1,15,,84674,5,4,,1,15,,84693,5,4,,1,15,,84712,5,4,,1,55,,84656,5,4,,1,15,,84675,5,4,,1,15,,84694,5,4,,1,15,,84713,5,4,,1,55,,84657,5,4,,1,15,,84676,5,4,,1,15,,84695,5,4,,1,15,,84714,5,4,,1,55,,84658,5,4,,1,15,,84677,5,4,,1,15,,84696,5,4,,1,15,,84715,5,4,,1,55,,84659,5,4,,1,15,,84678,5,4,,1,15,,84697,5,4,,1,15,,84716,5,4,,1,55,,84660,5,4,,1,15,,84679,5,4,,1,15,,84698,5,4,,1,15,,84717,5,4,,1,55,,84661,5,4,,1,15,,84680,5,4,,1,15,,84699,5,4,,1,15,,84718,5,4,,1,55,,84662,5,4,,1,15,,84681,5,4,,1
1,'20261026',555,,84778,5,4,,1,55,,84719,5,4,,1,12,,84739,5,4,,1,15,,84759,5,4,,1,15,,84779,5,4,,1,55,,84720,5,4,,1,15,,84740,5,4,,1,15,,84760,5,4,,1,15,,84780,5,4,,1,55,,84721,5,4,,1,15,,84741,5,4,,1,15,,84761,5,4,,1,15,,84781,5,4,,1,55,,84722,5,4,,1,15,,84742,5,4,,1,15,,84762,5,4,,1,15,,84782,5,4,,1,55,,84723,5,4,,1,15,,84743,5,4,,1,15,,84763,5,4,,1,15,,84783,5,4,,1,55,,84724,5,4,,1,15,,84744,5,4,,1,15,,84764,5,4,,1,15,,84784,5,4,,1,55,,84725,5,4,,1,15,,84745,5,4,,1,15,,84765,5,4,,1,15,,84785,5,4,,1,55,,84726,5,4,,1,15,,84746,5,4,,1,15,,84766,5,4,,1,15,,84786,5,4,,1,55,,84727,5,4,,1,15,,84747,5,4,,1,15,,84767,5,4,,1,15,,84787,5,4,,1,55,,84728,5,4,,1,15,,84748,5,4,,1,15,,84768,5,4,,1,15,,84788,5,4,,1,55,,84729,5,4,,1,15,,84749,5,4,,1,15,,84769,5,4,,1,15,,84789,5,4,,1,55,,84730,5,4,,1,15,,84750,5,4,,1,15,,84770,5,4,,1,15,,84790,5,4,,1,55,,84731,5,4,,1,15,,84751,5,4,,1,15,,84771,5,4,,1,15,,84791,5,4,,1,55,,84732,5,4,,1,15,,84752,5,4,,1,15,,84772,5,4,,1,15,,84792,5,4,,1,55,,84733,5,4,,1,15,,84753,5,4,,1,15,,84773,5,4,,1,15,,84793,5,4,,1,55,,84734,5,4,,1,15,,84754,5,4,,1,15,,84774,5,4,,1,15,,84794,5,4,,1,55,,84735,5,4,,1,15,,84755,5,4,,1,15,,84775,5,4,,1,15,,84795,5,4,,1,55,,84736,5,4,,1,15,,84756,5,4,,1,15,,84776,5,4,,1,15,,84796,5,4,,1,55,,84737,5,4,,1,15,,84757,5,4,,1,15,,84777,5,4,,1,15,,84797,5,4,,1,55,,84738,5,4,,1,15,,84758,5,4,,1
1,'20261027',555,,84857,5,4,,1,55,,84798,5,4,,1,12,,84818,5,4,,1,15,,84838,5,4,,1,15,,84858,5,4,,1,55,,84799,5,4,,1,15,,84819,5,4,,1,15,,84839,5,4,,1,15,,84859,5,4,,1,55,,84800,5,4,,1,15,,84820,5,4,,1,15,,84840,5,4,,1,15,,84860,5,4,,1,55,,84801,5,4,,1,15,,84821,5,4,,1,15,,84841,5,4,,1,15,,84861,5,4,,1,55,,84802,5,4,,1,15,,84822,5,4,,1,15,,84842,5,4,,1,15,,84862,5,4,,1,55,,84803,5,4,,1,15,,84823,5,4,,1,15,,84843,5,4,,1,15,,84863,5,4,,1,55,,84804,5,4,,1,15,,84824,5,4,,1,15,,84844,5,4,,1,15,,84864,5,4,,1,55,,84805,5,4,,1,15,,84825,5,4,,1,15,,84845,5,4,,1,15,,84865,5,4,,1,55,,84806,5,4,,1,15,,84826,5,4,,1,15,,84846,5,4,,1,15,,84866,5,4,,1,55,,84807,5,4,,1,15,,84827,5,4,,1,15,,84847,5,4,,1,15,,84867,5,4,,1,55,,84808,5,4,,1,15,,84828,5,4,,1,15,,84848,5,4,,1,15,,84868,5,4,,1,55,,84809,5,4,,1,15,,84829,5,4,,1,15,,84849,5,4,,1,15,,84869,5,4,,1,55,,84810,5,4,,1,15,,84830,5,4,,1,15,,84850,5,4,,1,15,,84870,5,4,,1,55,,84811,5,4,,1,15,,84831,5,4,,1,15,,84851,5,4,,1,15,,84871,5,4,,1,55,,84812,5,4,,1,15,,84832,5,4,,1,15,,84852,5,4,,1,15,,84872,5,4,,1,55,,84813,5,4,,1,15,,84833,5,4,,1,15,,84853,5,4,,1,15,,84873,5,4,,1,55,,84814,5,4,,1,15,,84834,5,4,,1,15,,84854,5,4,,1,15,,84874,5,4,,1,55,,84815,5,4,,1,15,,84835,5,4,,1,15,,84855,5,4,,1,15,,84875,5,4,,1,55,,84816,5,4,,1,15,,84836,5,4,,1,15,,84856,5,4,,1,15,,84876,5,4,,1,55,,84817,5,4,,1,15,,84837,5,4,,1
1,'20261028',555,,84936,5,4,,1,55,,84877,5,4,,1,12,,84897,5,4,,1,15,,84917,5,4,,1,15,,84937,5,4,,1,55,,84878,5,4,,1,15,,84898,5,4,,1,15,,84918,5,4,,1,15,,84938,5,4,,1,55,,84879,5,4,,1,15,,84899,5,4,,1,15,,84919,5,4,,1,15,,84939,5,4,,1,55,,84880,5,4,,1,15,,84900,5,4,,1,15,,84920,5,4,,1,15,,84940,5,4,,1,55,,84881,5,4,,1,15,,84901,5,4,,1,15,,84921,5,4,,1,15,,84941,5,4,,1,55,,84882,5,4,,1,15,,84902,5,4,,1,15,,84922,5,4,,1,15,,84942,5,4,,1,55,,84883,5,4,,1,15,,84903,5,4,,1,15,,84923,5,4,,1,15,,84943,5,4,,1,55,,84884,5,4,,1,15,,84904,5,4,,1,15,,84924,5,4,,1,15,,84944,5,4,,1,55,,84885,5,4,,1,15,,84905,5,4,,1,15,,84925,5,4,,1,15,,84945,5,4,,1,55,,84886,5,4,,1,15,,84906,5,4,,1,15,,84926,5,4,,1,15,,84946,5,4,,1,55,,84887,5,4,,1,15,,84907,5,4,,1,15,,84927,5,4,,1,15,,84947,5,4,,1,55,,84888,5,4,,1,15,,84908,5,4,,1,15,,84928,5,4,,1,15,,84948,5,4,,1,55,,84889,5,4,,1,15,,84909,5,4,,1,15,,84929,5,4,,1,15,,84949,5,4,,1,55,,84890,5,4,,1,15,,84910,5,4,,1,15,,84930,5,4,,1,15,,84950,5,4,,1,55,,84891,5,4,,1,15,,84911,5,4,,1,15,,84931,5,4,,1,15,,84951,5,4,,1,55,,84892,5,4,,1,15,,84912,5,4,,1,15,,84932,5,4,,1,15,,84952,5,4,,1,55,,84893,5,4,,1,15,,84913,5,4,,1,15,,84933,5,4,,1,15,,84953,5,4,,1,55,,84894,5,4,,1,15,,84914,5,4,,1,15,,84934,5,4,,1,15,,84954,5,4,,1,55,,84895,5,4,,1,15,,84915,5,4,,1,15,,84935,5,4,,1,15,,84955,5,4,,1,55,,84896,5,4,,1,15,,84916,5,4,,1
1,'20261029',555,,85015,5,4,,1,55,,84956,5,4,,1,12,,84976,5,4,,1,15,,84996,5,4,,1,15,,85016,5,4,,1,55,,84957,5,4,,1,15,,84977,5,4,,1,15,,84997,5,4,,1,15,,85017,5,4,,1,55,,84958,5,4,,1,15,,84978,5,4,,1,15,,84998,5,4,,1,15,,85018,5,4,,1,55,,84959,5,4,,1,15,,84979,5,4,,1,15,,84999,5,4,,1,15,,85019,5,4,,1,55,,84960,5,4,,1,15,,84980,5,4,,1,15,,85000,5,4,,1,15,,85020,5,4,,1,55,,84961,5,4,,1,15,,84981,5,4,,1,15,,85001,5,4,,1,15,,85021,5,4,,1,55,,84962,5,4,,1,15,,84982,5,4,,1,15,,85002,5,4,,1,15,,85022,5,4,,1,55,,84963,5,4,,1,15,,84983,5,4,,1,15,,85003,5,4,,1,15,,85023,5,4,,1,55,,84964,5,4,,1,15,,84984,5,4,,1,15,,85004,5,4,,1,15,,85024,5,4,,1,55,,84965,5,4,,1,15,,84985,5,4,,1,15,,85005,5,4,,1,15,,85025,5,4,,1,55,,84966,5,4,,1,15,,84986,5,4,,1,15,,85006,5,4,,1,15,,85026,5,4,,1,55,,84967,5,4,,1,15,,84987,5,4,,1,15,,85007,5,4,,1,15,,85027,5,4,,1,55,,84968,5,4,,1,15,,84988,5,4,,1,15,,85008,5,4,,1,15,,85028,5,4,,1,55,,84969,5,4,,1,15,,84989,5,4,,1,15,,85009,5,4,,1,15,,85029,5,4,,1,55,,84970,5,4,,1,15,,84990,5,4,,1,15,,85010,5,4,,1,15,,85030,5,4,,1,55,,84971,5,4,,1,15,,84991,5,4,,1,15,,85011,5,4,,1,15,,85031,5,4,,1,55,,84972,5,4,,1,15,,84992,5,4,,1,15,,85012,5,4,,1,15,,85032,5,4,,1,55,,84973,5,4,,1,15,,84993,5,4,,1,15,,85013,5,4,,1,15,,85033,5,4,,1,55,,84974,5,4,,1,15,,84994,5,4,,1,15,,85014,5,4,,1,15,,85034,5,4,,1,55,,84975,5,4,,1,15,,84995,5,4,,1
1,'20261030',555,,85094,5,4,,1,55,,85035,5,4,,1,12,,85055,5,4,,1,15,,85075,5,4,,1,15,,85095,5,4,,1,55,,85036,5,4,,1,15,,85056,5,4,,1,15,,85076,5,4,,1,15,,85096,5,4,,1,55,,85037,5,4,,1,15,,85057,5,4,,1,15,,85077,5,4,,1,15,,85097,5,4,,1,55,,85038,5,4,,1,15,,85058,5,4,,1,15,,85078,5,4,,1,15,,85098,5,4,,1,55,,85039,5,4,,1,15,,85059,5,4,,1,15,,85079,5,4,,1,15,,85099,5,4,,1,55,,85040,5,4,,1,15,,85060,5,4,,1,15,,85080,5,4,,1,15,,85100,5,4,,1,55,,85041,5,4,,1,15,,85061,5,4,,1,15,,85081,5,4,,1,15,,85101,5,4,,1,55,,85042,5,4,,1,15,,85062,5,4,,1,15,,85082,5,4,,1,15,,85102,5,4,,1,55,,85043,5,4,,1,15,,85063,5,4,,1,15,,85083,5,4,,1,15,,85103,5,4,,1,55,,85044,5,4,,1,15,,85064,5,4,,1,15,,85084,5,4,,1,15,,85104,5,4,,1,55,,85045,5,4,,1,15,,85065,5,4,,1,15,,85085,5,4,,1,15,,85105,5,4,,1,55,,85046,5,4,,1,15,,85066,5,4,,1,15,,85086,5,4,,1,15,,85106,5,4,,1,55,,85047,5,4,,1,15,,85067,5,4,,1,15,,85087,5,4,,1,15,,85107,5,4,,1,55,,85048,5,4,,1,15,,85068,5,4,,1,15,,85088,5,4,,1,15,,85108,5,4,,1,55,,85049,5,4,,1,15,,85069,5,4,,1,15,,85089,5,4,,1,15,,85109,5,4,,1,55,,85050,5,4,,1,15,,85070,5,4,,1,15,,85090,5,4,,1,15,,85110,5,4,,1,55,,85051,5,4,,1,15,,85071,5,4,,1,15,,85091,5,4,,1,15,,85111,5,4,,1,55,,85052,5,4,,1,15,,85072,5,4,,1,15,,85092,5,4,,1,15,,85112,5,4,,1,55,,85053,5,4,,1,15,,85073,5,4,,1,15,,85093,5,4,,1,15,,85113,5,4,,1,55,,85054,5,4,,1,15,,85074,5,4,,1
1,'20261031',652,,85170,5,4,,1,55,,85114,5,4,,1,15,,85133,5,4,,1,15,,85152,5,4,,1,15,,85171,5,4,,1,55,,85115,5,4,,1,15,,85134,5,4,,1,15,,85153,5,4,,1,15,,85172,5,4,,1,55,,85116,5,4,,1,15,,85135,5,4,,1,15,,85154,5,4,,1,15,,85173,5,4,,1,55,,85117,5,4,,1,15,,85136,5,4,,1,15,,85155,5,4,,1,15,,85174,5,4,,1,55,,85118,5,4,,1,15,,85137,5,4,,1,15,,85156,5,4,,1,15,,85175,5,4,,1,55,,85119,5,4,,1,15,,85138,5,4,,1,15,,85157,5,4,,1,15,,85176,5,4,,1,55,,85120,5,4,,1,15,,85139,5,4,,1,15,,85158,5,4,,1,15,,85177,5,4,,1,55,,85121,5,4,,1,15,,85140,5,4,,1,15,,85159,5,4,,1,15,,85178,5,4,,1,55,,85122,5,4,,1,15,,85141,5,4,,1,15,,85160,5,4,,1,15,,85179,5,4,,1,55,,85123,5,4,,1,15,,85142,5,4,,1,15,,85161,5,4,,1,15,,85180,5,4,,1,55,,85124,5,4,,1,15,,85143,5,4,,1,15,,85162,5,4,,1,15,,85181,5,4,,1,55,,85125,5,4,,1,15,,85144,5,4,,1,15,,85163,5,4,,1,15,,85182,5,4,,1,55,,85126,5,4,,1,15,,85145,5,4,,1,15,,85164,5,4,,1,15,,85183,5,4,,1,55,,85127,5,4,,1,15,,85146,5,4,,1,15,,85165,5,4,,1,15,,85184,5,4,,1,55,,85128,5,4,,1,15,,85147,5,4,,1,15,,85166,5,4,,1,15,,85185,5,4,,1,55,,85129,5,4,,1,15,,85148,5,4,,1,15,,85167,5,4,,1,15,,85186,5,4,,1,55,,85130,5,4,,1,15,,85149,5,4,,1,15,,85168,5,4,,1,15,,85187,5,4,,1,55,,85131,5,4,,1,15,,85150,5,4,,1,15,,85169,5,4,,1,15,,85188,5,4,,1,55,,85132,5,4,,1,15,,85151,5,4,,1
1,'20261101',652,,85245,5,4,,1,55,,85189,5,4,,1,15,,85208,5,4,,1,15,,85227,5,4,,1,15,,85246,5,4,,1,55,,85190,5,4,,1,15,,85209,5,4,,1,15,,85228,5,4,,1,15,,85247,5,4,,1,55,,85191,5,4,,1,15,,85210,5,4,,1,15,,85229,5,4,,1,15,,85248,5,4,,1,55,,85192,5,4,,1,15,,85211,5,4,,1,15,,85230,5,4,,1,15,,85249,5,4,,1,55,,85193,5,4,,1,15,,85212,5,4,,1,15,,85231,5,4,,1,15,,85250,5,4,,1,55,,85194,5,4,,1,15,,85213,5,4,,1,15,,85232,5,4,,1,15,,85251,5,4,,1,55,,85195,5,4,,1,15,,85214,5,4,,1,15,,85233,5,4,,1,15,,85252,5,4,,1,55,,85196,5,4,,1,15,,85215,5,4,,1,15,,85234,5,4,,1,15,,85253,5,4,,1,55,,85197,5,4,,1,15,,85216,5,4,,1,15,,85235,5,4,,1,15,,85254,5,4,,1,55,,85198,5,4,,1,15,,85217,5,4,,1,15,,85236,5,4,,1,15,,85255,5,4,,1,55,,85199,5,4,,1,15,,85218,5,4,,1,15,,85237,5,4,,1,15,,85256,5,4,,1,55,,85200,5,4,,1,15,,85219,5,4,,1,15,,85238,5,4,,1,15,,85257,5,4,,1,55,,85201,5,4,,1,15,,85220,5,4,,1,15,,85239,5,4,,1,15,,85258,5,4,,1,55,,85202,5,4,,1,15,,85221,5,4,,1,15,,85240,5,4,,1,15,,85259,5,4,,1,55,,85203,5,4,,1,15,,85222,5,4,,1,15,,85241,5,4,,1,15,,85260,5,4,,1,55,,85204,5,4,,1,15,,85223,5,4,,1,15,,85242,5,4,,1,15,,85261,5,4,,1,55,,85205,5,4,,1,15,,85224,5,4,,1,15,,85243,5,4,,1,15,,85262,5,4,,1,55,,85206,5,4,,1,15,,85225,5,4,,1,15,,85244,5,4,,1,15,,85263,5,4,,1,55,,85207,5,4,,1,15,,85226,5,4,,1
1,'20261102',555,,85323,5,4,,1,55,,85264,5,4,,1,12,,85284,5,4,,1,15,,85304,5,4,,1,15,,85324,5,4,,1,55,,85265,5,4,,1,15,,85285,5,4,,1,15,,85305,5,4,,1,15,,85325,5,4,,1,55,,85266,5,4,,1,15,,85286,5,4,,1,15,,85306,5,4,,1,15,,85326,5,4,,1,55,,85267,5,4,,1,15,,85287,5,4,,1,15,,85307,5,4,,1,15,,85327,5,4,,1,55,,85268,5,4,,1,15,,85288,5,4,,1,15,,85308,5,4,,1,15,,85328,5,4,,1,55,,85269,5,4,,1,15,,85289,5,4,,1,15,,85309,5,4,,1,15,,85329,5,4,,1,55,,85270,5,4,,1,15,,85290,5,4,,1,15,,85310,5,4,,1,15,,85330,5,4,,1,55,,85271,5,4,,1,15,,85291,5,4,,1,15,,85311,5,4,,1,15,,85331,5,4,,1,55,,85272,5,4,,1,15,,85292,5,4,,1,15,,85312,5,4,,1,15,,85332,5,4,,1,55,,85273,5,4,,1,15,,85293,5,4,,1,15,,85313,5,4,,1,15,,85333,5,4,,1,55,,85274,5,4,,1,15,,85294,5,4,,1,15,,85314,5,4,,1,15,,85334,5,4,,1,55,,85275,5,4,,1,15,,85295,5,4,,1,15,,85315,5,4,,1,15,,85335,5,4,,1,55,,85276,5,4,,1,15,,85296,5,4,,1,15,,85316,5,4,,1,15,,85336,5,4,,1,55,,85277,5,4,,1,15,,85297,5,4,,1,15,,85317,5,4,,1,15,,85337,5,4,,1,55,,85278,5,4,,1,15,,85298,5,4,,1,15,,85318,5,4,,1,15,,85338,5,4,,1,55,,85279,5,4,,1,15,,85299,5,4,,1,15,,85319,5,4,,1,15,,85339,5,4,,1,55,,85280,5,4,,1,15,,85300,5,4,,1,15,,85320,5,4,,1,15,,85340,5,4,,1,55,,85281,5,4,,1,15,,85301,5,4,,1,15,,85321,5,4,,1,15,,85341,5,4,,1,55,,85282,5,4,,1,15,,85302,5,4,,1,15,,85322,5,4,,1,15,,85342,5,4,,1,55,,85283,5,4,,1,15,,85303,5,4,,1
1,'20261103',555,,85402,5,4,,1,55,,85343,5,4,,1,12,,85363,5,4,,1,15,,85383,5,4,,1,15,,85403,5,4,,1,55,,85344,5,4,,1,15,,85364,5,4,,1,15,,85384,5,4,,1,15,,85404,5,4,,1,55,,85345,5,4,,1,15,,85365,5,4,,1,15,,85385,5,4,,1,15,,85405,5,4,,1,55,,85346,5,4,,1,15,,85366,5,4,,1,15,,85386,5,4,,1,15,,85406,5,4,,1,55,,85347,5,4,,1,15,,85367,5,4,,1,15,,85387,5,4,,1,15,,85407,5,4,,1,55,,85348,5,4,,1,15,,85368,5,4,,1,15,,85388,5,4,,1,15,,85408,5,4,,1,55,,85349,5,4,,1,15,,85369,5,4,,1,15,,85389,5,4,,1,15,,85409,5,4,,1,55,,85350,5,4,,1,15,,85370,5,4,,1,15,,85390,5,4,,1,15,,85410,5,4,,1,55,,85351,5,4,,1,15,,85371,5,4,,1,15,,85391,5,4,,1,15,,85411,5,4,,1,55,,85352,5,4,,1,15,,85372,5,4,,1,15,,85392,5,4,,1,15,,85412,5,4,,1,55,,85353,5,4,,1,15,,85373,5,4,,1,15,,85393,5,4,,1,15,,85413,5,4,,1,55,,85354,5,4,,1,15,,85374,5,4,,1,15,,85394,5,4,,1,15,,85414,5,4,,1,55,,85355,5,4,,1,15,,85375,5,4,,1,15,,85395,5,4,,1,15,,85415,5,4,,1,55,,85356,5,4,,1,15,,85376,5,4,,1,15,,85396,5,4,,1,15,,85416,5,4,,1,55,,85357,5,4,,1,15,,85377,5,4,,1,15,,85397,5,4,,1,15,,85417,5,4,,1,55,,85358,5,4,,1,15,,85378,5,4,,1,15,,85398,5,4,,1,15,,85418,5,4,,1,55,,85359,5,4,,1,15,,85379,5,4,,1,15,,85399,5,4,,1,15,,85419,5,4,,1,55,,85360,5,4,,1,15,,85380,5,4,,1,15,,85400,5,4,,1,15,,85420,5,4,,1,55,,85361,5,4,,1,15,,85381,5,4,,1,15,,85401,5,4,,1,15,,85421,5,4,,1,55,,85362,5,4,,1,15,,85382,5,4,,1
1,'20261104',555,,85481,5,4,,1,55,,85422,5,4,,1,12,,85442,5,4,,1,15,,85462,5,4,,1,15,,85482,5,4,,1,55,,85423,5,4,,1,15,,85443,5,4,,1,15,,85463,5,4,,1,15,,85483,5,4,,1,55,,85424,5,4,,1,15,,85444,5,4,,1,15,,85464,5,4,,1,15,,85484,5,4,,1,55,,85425,5,4,,1,15,,85445,5,4,,1,15,,85465,5,4,,1,15,,85485,5,4,,1,55,,85426,5,4,,1,15,,85446,5,4,,1,15,,85466,5,4,,1,15,,85486,5,4,,1,55,,85427,5,4,,1,15,,85447,5,4,,1,15,,85467,5,4,,1,15,,85487,5,4,,1,55,,85428,5,4,,1,15,,85448,5,4,,1,15,,85468,5,4,,1,15,,85488,5,4,,1,55,,85429,5,4,,1,15,,85449,5,4,,1,15,,85469,5,4,,1,15,,85489,5,4,,1,55,,85430,5,4,,1,15,,85450,5,4,,1,15,,85470,5,4,,1,15,,85490,5,4,,1,55,,85431,5,4,,1,15,,85451,5,4,,1,15,,85471,5,4,,1,15,,85491,5,4,,1,55,,85432,5,4,,1,15,,85452,5,4,,1,15,,85472,5,4,,1,15,,85492,5,4,,1,55,,85433,5,4,,1,15,,85453,5,4,,1,15,,85473,5,4,,1,15,,85493,5,4,,1,55,,85434,5,4,,1,15,,85454,5,4,,1,15,,85474,5,4,,1,15,,85494,5,4,,1,55,,85435,5,4,,1,15,,85455,5,4,,1,15,,85475,5,4,,1,15,,85495,5,4,,1,55,,85436,5,4,,1,15,,85456,5,4,,1,15,,85476,5,4,,1,15,,85496,5,4,,1,55,,85437,5,4,,1,15,,85457,5,4,,1,15,,85477,5,4,,1,15,,85497,5,4,,1,55,,85438,5,4,,1,15,,85458,5,4,,1,15,,85478,5,4,,1,15,,85498,5,4,,1,55,,85439,5,4,,1,15,,85459,5,4,,1,15,,85479,5,4,,1,15,,85499,5,4,,1,55,,85440,5,4,,1,15,,85460,5,4,,1,15,,85480,5,4,,1,15,,85500,5,4,,1,55,,85441,5,4,,1,15,,85461,5,4,,1
1,'20261105',555,,85560,5,4,,1,55,,85501,5,4,,1,12,,85521,5,4,,1,15,,85541,5,4,,1,15,,85561,5,4,,1,55,,85502,5,4,,1,15,,85522,5,4,,1,15,,85542,5,4,,1,15,,85562,5,4,,1,55,,85503,5,4,,1,15,,85523,5,4,,1,15,,85543,5,4,,1,15,,85563,5,4,,1,55,,85504,5,4,,1,15,,85524,5,4,,1,15,,85544,5,4,,1,15,,85564,5,4,,1,55,,85505,5,4,,1,15,,85525,5,4,,1,15,,85545,5,4,,1,15,,85565,5,4,,1,55,,85506,5,4,,1,15,,85526,5,4,,1,15,,85546,5,4,,1,15,,85566,5,4,,1,55,,85507,5,4,,1,15,,85527,5,4,,1,15,,85547,5,4,,1,15,,85567,5,4,,1,55,,85508,5,4,,1,15,,85528,5,4,,1,15,,85548,5,4,,1,15,,85568,5,4,,1,55,,85509,5,4,,1,15,,85529,5,4,,1,15,,85549,5,4,,1,15,,85569,5,4,,1,55,,85510,5,4,,1,15,,85530,5,4,,1,15,,85550,5,4,,1,15,,85570,5,4,,1,55,,85511,5,4,,1,15,,85531,5,4,,1,15,,85551,5,4,,1,15,,85571,5,4,,1,55,,85512,5,4,,1,15,,85532,5,4,,1,15,,85552,5,4,,1,15,,85572,5,4,,1,55,,85513,5,4,,1,15,,85533,5,4,,1,15,,85553,5,4,,1,15,,85573,5,4,,1,55,,85514,5,4,,1,15,,85534,5,4,,1,15,,85554,5,4,,1,15,,85574,5,4,,1,55,,85515,5,4,,1,15,,85535,5,4,,1,15,,85555,5,4,,1,15,,85575,5,4,,1,55,,85516,5,4,,1,15,,85536,5,4,,1,15,,85556,5,4,,1,15,,85576,5,4,,1,55,,85517,5,4,,1,15,,85537,5,4,,1,15,,85557,5,4,,1,15,,85577,5,4,,1,55,,85518,5,4,,1,15,,85538,5,4,,1,15,,85558,5,4,,1,15,,85578,5,4,,1,55,,85519,5,4,,1,15,,85539,5,4,,1,15,,85559,5,4,,1,15,,85579,5,4,,1,55,,85520,5,4,,1,15,,85540,5,4,,1
1,'20261106',555,,85639,5,4,,1,55,,85580,5,4,,1,12,,85600,5,4,,1,15,,85620,5,4,,1,15,,85640,5,4,,1,55,,85581,5,4,,1,15,,85601,5,4,,1,15,,85621,5,4,,1,15,,85641,5,4,,1,55,,85582,5,4,,1,15,,85602,5,4,,1,15,,85622,5,4,,1,15,,85642,5,4,,1,55,,85583,5,4,,1,15,,85603,5,4,,1,15,,85623,5,4,,1,15,,85643,5,4,,1,55,,85584,5,4,,1,15,,85604,5,4,,1,15,,85624,5,4,,1,15,,85644,5,4,,1,55,,85585,5,4,,1,15,,85605,5,4,,1,15,,85625,5,4,,1,15,,85645,5,4,,1,55,,85586,5,4,,1,15,,85606,5,4,,1,15,,85626,5,4,,1,15,,85646,5,4,,1,55,,85587,5,4,,1,15,,85607,5,4,,1,15,,85627,5,4,,1,15,,85647,5,4,,1,55,,85588,5,4,,1,15,,85608,5,4,,1,15,,85628,5,4,,1,15,,85648,5,4,,1,55,,85589,5,4,,1,15,,85609,5,4,,1,15,,85629,5,4,,1,15,,85649,5,4,,1,55,,85590,5,4,,1,15,,85610,5,4,,1,15,,85630,5,4,,1,15,,85650,5,4,,1,55,,85591,5,4,,1,15,,85611,5,4,,1,15,,85631,5,4,,1,15,,85651,5,4,,1,55,,85592,5,4,,1,15,,85612,5,4,,1,15,,85632,5,4,,1,15,,85652,5,4,,1,55,,85593,5,4,,1,15,,85613,5,4,,1,15,,85633,5,4,,1,15,,85653,5,4,,1,55,,85594,5,4,,1,15,,85614,5,4,,1,15,,85634,5,4,,1,15,,85654,5,4,,1,55,,85595,5,4,,1,15,,85615,5,4,,1,15,,85635,5,4,,1,15,,85655,5,4,,1,55,,85596,5,4,,1,15,,85616,5,4,,1,15,,85636,5,4,,1,15,,85656,5,4,,1,55,,85597,5,4,,1,15,,85617,5,4,,1,15,,85637,5,4,,1,15,,85657,5,4,,1,55,,85598,5,4,,1,15,,85618,5,4,,1,15,,85638,5,4,,1,15,,85658,5,4,,1,55,,85599,5,4,,1,15,,85619,5,4,,1
1,'20261107',652,,85715,5,4,,1,55,,85659,5,4,,1,15,,85678,5,4,,1,15,,85697,5,4,,1,15,,85716,5,4,,1,55,,85660,5,4,,1,15,,85679,5,4,,1,15,,85698,5,4,,1,15,,85717,5,4,,1,55,,85661,5,4,,1,15,,85680,5,4,,1,15,,85699,5,4,,1,15,,85718,5,4,,1,55,,85662,5,4,,1,15,,85681,5,4,,1,15,,85700,5,4,,1,15,,85719,5,4,,1,55,,85663,5,4,,1,15,,85682,5,4,,1,15,,85701,5,4,,1,15,,85720,5,4,,1,55,,85664,5,4,,1,15,,85683,5,4,,1,15,,85702,5,4,,1,15,,85721,5,4,,1,55,,85665,5,4,,1,15,,85684,5,4,,1,15,,85703,5,4,,1,15,,85722,5,4,,1,55,,85666,5,4,,1,15,,85685,5,4,,1,15,,85704,5,4,,1,15,,85723,5,4,,1,55,,85667,5,4,,1,15,,85686,5,4,,1,15,,85705,5,4,,1,15,,85724,5,4,,1,55,,85668,5,4,,1,15,,85687,5,4,,1,15,,85706,5,4,,1,15,,85725,5,4,,1,55,,85669,5,4,,1,15,,85688,5,4,,1,15,,85707,5,4,,1,15,,85726,5,4,,1,55,,85670,5,4,,1,15,,85689,5,4,,1,15,,85708,5,4,,1,15,,85727,5,4,,1,55,,85671,5,4,,1,15,,85690,5,4,,1,15,,85709,5,4,,1,15,,85728,5,4,,1,55,,85672,5,4,,1,15,,85691,5,4,,1,15,,85710,5,4,,1,15,,85729,5,4,,1,55,,85673,5,4,,1,15,,85692,5,4,,1,15,,85711,5,4,,1,15,,85730,5,4,,1,55,,85674,5,4,,1,15,,85693,5,4,,1,15,,85712,5,4,,1,15,,85731,5,4,,1,55,,85675,5,4,,1,15,,85694,5,4,,1,15,,85713,5,4,,1,15,,85732,5,4,,1,55,,85676,5,4,,1,15,,85695,5,4,,1,15,,85714,5,4,,1,15,,85733,5,4,,1,55,,85677,5,4,,1,15,,85696,5,4,,1
1,'20261108',652,,85790,5,4,,1,55,,85734,5,4,,1,15,,85753,5,4,,1,15,,85772,5,4,,1,15,,85791,5,4,,1,55,,85735,5,4,,1,15,,85754,5,4,,1,15,,85773,5,4,,1,15,,85792,5,4,,1,55,,85736,5,4,,1,15,,85755,5,4,,1,15,,85774,5,4,,1,15,,85793,5,4,,1,55,,85737,5,4,,1,15,,85756,5,4,,1,15,,85775,5,4,,1,15,,85794,5,4,,1,55,,85738,5,4,,1,15,,85757,5,4,,1,15,,85776,5,4,,1,15,,85795,5,4,,1,55,,85739,5,4,,1,15,,85758,5,4,,1,15,,85777,5,4,,1,15,,85796,5,4,,1,55,,85740,5,4,,1,15,,85759,5,4,,1,15,,85778,5,4,,1,15,,85797,5,4,,1,55,,85741,5,4,,1,15,,85760,5,4,,1,15,,85779,5,4,,1,15,,85798,5,4,,1,55,,85742,5,4,,1,15,,85761,5,4,,1,15,,85780,5,4,,1,15,,85799,5,4,,1,55,,85743,5,4,,1,15,,85762,5,4,,1,15,,85781,5,4,,1,15,,85800,5,4,,1,55,,85744,5,4,,1,15,,85763,5,4,,1,15,,85782,5,4,,1,15,,85801,5,4,,1,55,,85745,5,4,,1,15,,85764,5,4,,1,15,,85783,5,4,,1,15,,85802,5,4,,1,55,,85746,5,4,,1,15,,85765,5,4,,1,15,,85784,5,4,,1,15,,85803,5,4,,1,55,,85747,5,4,,1,15,,85766,5,4,,1,15,,85785,5,4,,1,15,,85804,5,4,,1,55,,85748,5,4,,1,15,,85767,5,4,,1,15,,85786,5,4,,1,15,,85805,5,4,,1,55,,85749,5,4,,1,15,,85768,5,4,,1,15,,85787,5,4,,1,15,,85806,5,4,,1,55,,85750,5,4,,1,15,,85769,5,4,,1,15,,85788,5,4,,1,15,,85807,5,4,,1,55,,85751,5,4,,1,15,,85770,5,4,,1,15,,85789,5,4,,1,15,,85808,5,4,,1,55,,85752,5,4,,1,15,,85771,5,4,,1
1,'20261109',555,,85868,5,4,,1,55,,85809,5,4,,1,12,,85829,5,4,,1,15,,85849,5,4,,1,15,,85869,5,4,,1,55,,85810,5,4,,1,15,,85830,5,4,,1,15,,85850,5,4,,1,15,,85870,5,4,,1,55,,85811,5,4,,1,15,,85831,5,4,,1,15,,85851,5,4,,1,15,,85871,5,4,,1,55,,85812,5,4,,1,15,,85832,5,4,,1,15,,85852,5,4,,1,15,,85872,5,4,,1,55,,85813,5,4,,1,15,,85833,5,4,,1,15,,85853,5,4,,1,15,,85873,5,4,,1,55,,85814,5,4,,1,15,,85834,5,4,,1,15,,85854,5,4,,1,15,,85874,5,4,,1,55,,85815,5,4,,1,15,,85835,5,4,,1,15,,85855,5,4,,1,15,,85875,5,4,,1,55,,85816,5,4,,1,15,,85836,5,4,,1,15,,85856,5,4,,1,15,,85876,5,4,,1,55,,85817,5,4,,1,15,,85837,5,4,,1,15,,85857,5,4,,1,15,,85877,5,4,,1,55,,85818,5,4,,1,15,,85838,5,4,,1,15,,85858,5,4,,1,15,,85878,5,4,,1,55,,85819,5,4,,1,15,,85839,5,4,,1,15,,85859,5,4,,1,15,,85879,5,4,,1,55,,85820,5,4,,1,15,,85840,5,4,,1,15,,85860,5,4,,1,15,,85880,5,4,,1,55,,85821,5,4,,1,15,,85841,5,4,,1,15,,85861,5,4,,1,15,,85881,5,4,,1,55,,85822,5,4,,1,15,,85842,5,4,,1,15,,85862,5,4,,1,15,,85882,5,4,,1,55,,85823,5,4,,1,15,,85843,5,4,,1,15,,85863,5,4,,1,15,,85883,5,4,,1,55,,85824,5,4,,1,15,,85844,5,4,,1,15,,85864,5,4,,1,15,,85884,5,4,,1,55,,85825,5,4,,1,15,,85845,5,4,,1,15,,85865,5,4,,1,15,,85885,5,4,,1,55,,85826,5,4,,1,15,,85846,5,4,,1,15,,85866,5,4,,1,15,,85886,5,4,,1,55,,85827,5,4,,1,15,,85847,5,4,,1,15,,85867,5,4,,1,15,,85887,5,4,,1,55,,85828,5,4,,1,15,,85848,5,4,,1
1,'20261110',555,,85947,5,4,,1,55,,85888,5,4,,1,12,,85908,5,4,,1,15,,85928,5,4,,1,15,,85948,5,4,,1,55,,85889,5,4,,1,15,,85909,5,4,,1,15,,85929,5,4,,1,15,,85949,5,4,,1,55,,85890,5,4,,1,15,,85910,5,4,,1,15,,85930,5,4,,1,15,,85950,5,4,,1,55,,85891,5,4,,1,15,,85911,5,4,,1,15,,85931,5,4,,1,15,,85951,5,4,,1,55,,85892,5,4,,1,15,,85912,5,4,,1,15,,85932,5,4,,1,15,,85952,5,4,,1,55,,85893,5,4,,1,15,,85913,5,4,,1,15,,85933,5,4,,1,15,,85953,5,4,,1,55,,85894,5,4,,1,15,,85914,5,4,,1,15,,85934,5,4,,1,15,,85954,5,4,,1,55,,85895,5,4,,1,15,,85915,5,4,,1,15,,85935,5,4,,1,15,,85955,5,4,,1,55,,85896,5,4,,1,15,,85916,5,4,,1,15,,85936,5,4,,1,15,,85956,5,4,,1,55,,85897,5,4,,1,15,,85917,5,4,,1,15,,85937,5,4,,1,15,,85957,5,4,,1,55,,85898,5,4,,1,15,,85918,5,4,,1,15,,85938,5,4,,1,15,,85958,5,4,,1,55,,85899,5,4,,1,15,,85919,5,4,,1,15,,85939,5,4,,1,15,,85959,5,4,,1,55,,85900,5,4,,1,15,,85920,5,4,,1,15,,85940,5,4,,1,15,,85960,5,4,,1,55,,85901,5,4,,1,15,,85921,5,4,,1,15,,85941,5,4,,1,15,,85961,5,4,,1,55,,85902,5,4,,1,15,,85922,5,4,,1,15,,85942,5,4,,1,15,,85962,5,4,,1,55,,85903,5,4,,1,15,,85923,5,4,,1,15,,85943,5,4,,1,15,,85963,5,4,,1,55,,85904,5,4,,1,15,,85924,5,4,,1,15,,85944,5,4,,1,15,,85964,5,4,,1,55,,85905,5,4,,1,15,,85925,5,4,,1,15,,85945,5,4,,1,15,,85965,5,4,,1,55,,85906,5,4,,1,15,,85926,5,4,,1,15,,85946,5,4,,1,15,,85966,5,4,,1,55,,85907,5,4,,1,15,,85927,5,4,,1
1,'20261111',555,,86026,5,4,,1,55,,85967,5,4,,1,12,,85987,5,4,,1,15,,86007,5,4,,1,15,,86027,5,4,,1,55,,85968,5,4,,1,15,,85988,5,4,,1,15,,86008,5,4,,1,15,,86028,5,4,,1,55,,85969,5,4,,1,15,,85989,5,4,,1,15,,86009,5,4,,1,15,,86029,5,4,,1,55,,85970,5,4,,1,15,,85990,5,4,,1,15,,86010,5,4,,1,15,,86030,5,4,,1,55,,85971,5,4,,1,15,,85991,5,4,,1,15,,86011,5,4,,1,15,,86031,5,4,,1,55,,85972,5,4,,1,15,,85992,5,4,,1,15,,86012,5,4,,1,15,,86032,5,4,,1,55,,85973,5,4,,1,15,,85993,5,4,,1,15,,86013,5,4,,1,15,,86033,5,4,,1,55,,85974,5,4,,1,15,,85994,5,4,,1,15,,86014,5,4,,1,15,,86034,5,4,,1,55,,85975,5,4,,1,15,,85995,5,4,,1,15,,86015,5,4,,1,15,,86035,5,4,,1,55,,85976,5,4,,1,15,,85996,5,4,,1,15,,86016,5,4,,1,15,,86036,5,4,,1,55,,85977,5,4,,1,15,,85997,5,4,,1,15,,86017,5,4,,1,15,,86037,5,4,,1,55,,85978,5,4,,1,15,,85998,5,4,,1,15,,86018,5,4,,1,15,,86038,5,4,,1,55,,85979,5,4,,1,15,,85999,5,4,,1,15,,86019,5,4,,1,15,,86039,5,4,,1,55,,85980,5,4,,1,15,,86000,5,4,,1,15,,86020,5,4,,1,15,,86040,5,4,,1,55,,85981,5,4,,1,15,,86001,5,4,,1,15,,86021,5,4,,1,15,,86041,5,4,,1,55,,85982,5,4,,1,15,,86002,5,4,,1,15,,86022,5,4,,1,15,,86042,5,4,,1,55,,85983,5,4,,1,15,,86003,5,4,,1,15,,86023,5,4,,1,15,,86043,5,4,,1,55,,85984,5,4,,1,15,,86004,5,4,,1,15,,86024,5,4,,1,15,,86044,5,4,,1,55,,85985,5,4,,1,15,,86005,5,4,,1,15,,86025,5,4,,1,15,,86045,5,4,,1,55,,85986,5,4,,1,15,,86006,5,4,,1
1,'20261112',555,,86105,5,4,,1,55,,86046,5,4,,1,12,,86066,5,4,,1,15,,86086,5,4,,1,15,,86106,5,4,,1,55,,86047,5,4,,1,15,,86067,5,4,,1,15,,86087,5,4,,1,15,,86107,5,4,,1,55,,86048,5,4,,1,15,,86068,5,4,,1,15,,86088,5,4,,1,15,,86108,5,4,,1,55,,86049,5,4,,1,15,,86069,5,4,,1,15,,86089,5,4,,1,15,,86109,5,4,,1,55,,86050,5,4,,1,15,,86070,5,4,,1,15,,86090,5,4,,1,15,,86110,5,4,,1,55,,86051,5,4,,1,15,,86071,5,4,,1,15,,86091,5,4,,1,15,,86111,5,4,,1,55,,86052,5,4,,1,15,,86072,5,4,,1,15,,86092,5,4,,1,15,,86112,5,4,,1,55,,86053,5,4,,1,15,,86073,5,4,,1,15,,86093,5,4,,1,15,,86113,5,4,,1,55,,86054,5,4,,1,15,,86074,5,4,,1,15,,86094,5,4,,1,15,,86114,5,4,,1,55,,86055,5,4,,1,15,,86075,5,4,,1,15,,86095,5,4,,1,15,,86115,5,4,,1,55,,86056,5,4,,1,15,,86076,5,4,,1,15,,86096,5,4,,1,15,,86116,5,4,,1,55,,86057,5,4,,1,15,,86077,5,4,,1,15,,86097,5,4,,1,15,,86117,5,4,,1,55,,86058,5,4,,1,15,,86078,5,4,,1,15,,86098,5,4,,1,15,,86118,5,4,,1,55,,86059,5,4,,1,15,,86079,5,4,,1,15,,86099,5,4,,1,15,,86119,5,4,,1,55,,86060,5,4,,1,15,,86080,5,4,,1,15,,86100,5,4,,1,15,,86120,5,4,,1,55,,86061,5,4,,1,15,,86081,5,4,,1,15,,86101,5,4,,1,15,,86121,5,4,,1,55,,86062,5,4,,1,15,,86082,5,4,,1,15,,86102,5,4,,1,15,,86122,5,4,,1,55,,86063,5,4,,1,15,,86083,5,4,,1,15,,86103,5,4,,1,15,,86123,5,4,,1,55,,86064,5,4,,1,15,,86084,5,4,,1,15,,86104,5,4,,1,15,,86124,5,4,,1,55,,86065,5,4,,1,15,,86085,5,4,,1
1,'20261113',555,,86184,5,4,,1,55,,86125,5,4,,1,12,,86145,5,4,,1,15,,86165,5,4,,1,15,,86185,5,4,,1,55,,86126,5,4,,1,15,,86146,5,4,,1,15,,86166,5,4,,1,15,,86186,5,4,,1,55,,86127,5,4,,1,15,,86147,5,4,,1,15,,86167,5,4,,1,15,,86187,5,4,,1,55,,86128,5,4,,1,15,,86148,5,4,,1,15,,86168,5,4,,1,15,,86188,5,4,,1,55,,86129,5,4,,1,15,,86149,5,4,,1,15,,86169,5,4,,1,15,,86189,5,4,,1,55,,86130,5,4,,1,15,,86150,5,4,,1,15,,86170,5,4,,1,15,,86190,5,4,,1,55,,86131,5,4,,1,15,,86151,5,4,,1,15,,86171,5,4,,1,15,,86191,5,4,,1,55,,86132,5,4,,1,15,,86152,5,4,,1,15,,86172,5,4,,1,15,,86192,5,4,,1,55,,86133,5,4,,1,15,,86153,5,4,,1,15,,86173,5,4,,1,15,,86193,5,4,,1,55,,86134,5,4,,1,15,,86154,5,4,,1,15,,86174,5,4,,1,15,,86194,5,4,,1,55,,86135,5,4,,1,15,,86155,5,4,,1,15,,86175,5,4,,1,15,,86195,5,4,,1,55,,86136,5,4,,1,15,,86156,5,4,,1,15,,86176,5,4,,1,15,,86196,5,4,,1,55,,86137,5,4,,1,15,,86157,5,4,,1,15,,86177,5,4,,1,15,,86197,5,4,,1,55,,86138,5,4,,1,15,,86158,5,4,,1,15,,86178,5,4,,1,15,,86198,5,4,,1,55,,86139,5,4,,1,15,,86159,5,4,,1,15,,86179,5,4,,1,15,,86199,5,4,,1,55,,86140,5,4,,1,15,,86160,5,4,,1,15,,86180,5,4,,1,15,,86200,5,4,,1,55,,86141,5,4,,1,15,,86161,5,4,,1,15,,86181,5,4,,1,15,,86201,5,4,,1,55,,86142,5,4,,1,15,,86162,5,4,,1,15,,86182,5,4,,1,15,,86202,5,4,,1,55,,86143,5,4,,1,15,,86163,5,4,,1,15,,86183,5,4,,1,15,,86203,5,4,,1,55,,86144,5,4,,1,15,,86164,5,4,,1
1,'20261114',652,,86260,5,4,,1,55,,86204,5,4,,1,15,,86223,5,4,,1,15,,86242,5,4,,1,15,,86261,5,4,,1,55,,86205,5,4,,1,15,,86224,5,4,,1,15,,86243,5,4,,1,15,,86262,5,4,,1,55,,86206,5,4,,1,15,,86225,5,4,,1,15,,86244,5,4,,1,15,,86263,5,4,,1,55,,86207,5,4,,1,15,,86226,5,4,,1,15,,86245,5,4,,1,15,,86264,5,4,,1,55,,86208,5,4,,1,15,,86227,5,4,,1,15,,86246,5,4,,1,15,,86265,5,4,,1,55,,86209,5,4,,1,15,,86228,5,4,,1,15,,86247,5,4,,1,15,,86266,5,4,,1,55,,86210,5,4,,1,15,,86229,5,4,,1,15,,86248,5,4,,1,15,,86267,5,4,,1,55,,86211,5,4,,1,15,,86230,5,4,,1,15,,86249,5,4,,1,15,,86268,5,4,,1,55,,86212,5,4,,1,15,,86231,5,4,,1,15,,86250,5,4,,1,15,,86269,5,4,,1,55,,86213,5,4,,1,15,,86232,5,4,,1,15,,86251,5,4,,1,15,,86270,5,4,,1,55,,86214,5,4,,1,15,,86233,5,4,,1,15,,86252,5,4,,1,15,,86271,5,4,,1,55,,86215,5,4,,1,15,,86234,5,4,,1,15,,86253,5,4,,1,15,,86272,5,4,,1,55,,86216,5,4,,1,15,,86235,5,4,,1,15,,86254,5,4,,1,15,,86273,5,4,,1,55,,86217,5,4,,1,15,,86236,5,4,,1,15,,86255,5,4,,1,15,,86274,5,4,,1,55,,86218,5,4,,1,15,,86237,5,4,,1,15,,86256,5,4,,1,15,,86275,5,4,,1,55,,86219,5,4,,1,15,,86238,5,4,,1,15,,86257,5,4,,1,15,,86276,5,4,,1,55,,86220,5,4,,1,15,,86239,5,4,,1,15,,86258,5,4,,1,15,,86277,5,4,,1,55,,86221,5,4,,1,15,,86240,5,4,,1,15,,86259,5,4,,1,15,,86278,5,4,,1,55,,86222,5,4,,1,15,,86241,5,4,,1
1,'20261115',652,,86335,5,4,,1,55,,86279,5,4,,1,15,,86298,5,4,,1,15,,86317,5,4,,1,15,,86336,5,4,,1,55,,86280,5,4,,1,15,,86299,5,4,,1,15,,86318,5,4,,1,15,,86337,5,4,,1,55,,86281,5,4,,1,15,,86300,5,4,,1,15,,86319,5,4,,1,15,,86338,5,4,,1,55,,86282,5,4,,1,15,,86301,5,4,,1,15,,86320,5,4,,1,15,,86339,5,4,,1,55,,86283,5,4,,1,15,,86302,5,4,,1,15,,86321,5,4,,1,15,,86340,5,4,,1,55,,86284,5,4,,1,15,,86303,5,4,,1,15,,86322,5,4,,1,15,,86341,5,4,,1,55,,86285,5,4,,1,15,,86304,5,4,,1,15,,86323,5,4,,1,15,,86342,5,4,,1,55,,86286,5,4,,1,15,,86305,5,4,,1,15,,86324,5,4,,1,15,,86343,5,4,,1,55,,86287,5,4,,1,15,,86306,5,4,,1,15,,86325,5,4,,1,15,,86344,5,4,,1,55,,86288,5,4,,1,15,,86307,5,4,,1,15,,86326,5,4,,1,15,,86345,5,4,,1,55,,86289,5,4,,1,15,,86308,5,4,,1,15,,86327,5,4,,1,15,,86346,5,4,,1,55,,86290,5,4,,1,15,,86309,5,4,,1,15,,86328,5,4,,1,15,,86347,5,4,,1,55,,86291,5,4,,1,15,,86310,5,4,,1,15,,86329,5,4,,1,15,,86348,5,4,,1,55,,86292,5,4,,1,15,,86311,5,4,,1,15,,86330,5,4,,1,15,,86349,5,4,,1,55,,86293,5,4,,1,15,,86312,5,4,,1,15,,86331,5,4,,1,15,,86350,5,4,,1,55,,86294,5,4,,1,15,,86313,5,4,,1,15,,86332,5,4,,1,15,,86351,5,4,,1,55,,86295,5,4,,1,15,,86314,5,4,,1,15,,86333,5,4,,1,15,,86352,5,4,,1,55,,86296,5,4,,1,15,,86315,5,4,,1,15,,86334,5,4,,1,15,,86353,5,4,,1,55,,86297,5,4,,1,15,,86316,5,4,,1
1,'20261116',555,,86413,5,4,,1,55,,86354,5,4,,1,12,,86374,5,4,,1,15,,86394,5,4,,1,15,,86414,5,4,,1,55,,86355,5,4,,1,15,,86375,5,4,,1,15,,86395,5,4,,1,15,,86415,5,4,,1,55,,86356,5,4,,1,15,,86376,5,4,,1,15,,86396,5,4,,1,15,,86416,5,4,,1,55,,86357,5,4,,1,15,,86377,5,4,,1,15,,86397,5,4,,1,15,,86417,5,4,,1,55,,86358,5,4,,1,15,,86378,5,4,,1,15,,86398,5,4,,1,15,,86418,5,4,,1,55,,86359,5,4,,1,15,,86379,5,4,,1,15,,86399,5,4,,1,15,,86419,5,4,,1,55,,86360,5,4,,1,15,,86380,5,4,,1,15,,86400,5,4,,1,15,,86420,5,4,,1,55,,86361,5,4,,1,15,,86381,5,4,,1,15,,86401,5,4,,1,15,,86421,5,4,,1,55,,86362,5,4,,1,15,,86382,5,4,,1,15,,86402,5,4,,1,15,,86422,5,4,,1,55,,86363,5,4,,1,15,,86383,5,4,,1,15,,86403,5,4,,1,15,,86423,5,4,,1,55,,86364,5,4,,1,15,,86384,5,4,,1,15,,86404,5,4,,1,15,,86424,5,4,,1,55,,86365,5,4,,1,15,,86385,5,4,,1,15,,86405,5,4,,1,15,,86425,5,4,,1,55,,86366,5,4,,1,15,,86386,5,4,,1,15,,86406,5,4,,1,15,,86426,5,4,,1,55,,86367,5,4,,1,15,,86387,5,4,,1,15,,86407,5,4,,1,15,,86427,5,4,,1,55,,86368,5,4,,1,15,,86388,5,4,,1,15,,86408,5,4,,1,15,,86428,5,4,,1,55,,86369,5,4,,1,15,,86389,5,4,,1,15,,86409,5,4,,1,15,,86429,5,4,,1,55,,86370,5,4,,1,15,,86390,5,4,,1,15,,86410,5,4,,1,15,,86430,5,4,,1,55,,86371,5,4,,1,15,,86391,5,4,,1,15,,86411,5,4,,1,15,,86431,5,4,,1,55,,86372,5,4,,1,15,,86392,5,4,,1,15,,86412,5,4,,1,15,,86432,5,4,,1,55,,86373,5,4,,1,15,,86393,5,4,,1
1,'20261117',555,,86492,5,4,,1,55,,86433,5,4,,1,12,,86453,5,4,,1,15,,86473,5,4,,1,15,,86493,5,4,,1,55,,86434,5,4,,1,15,,86454,5,4,,1,15,,86474,5,4,,1,15,,86494,5,4,,1,55,,86435,5,4,,1,15,,86455,5,4,,1,15,,86475,5,4,,1,15,,86495,5,4,,1,55,,86436,5,4,,1,15,,86456,5,4,,1,15,,86476,5,4,,1,15,,86496,5,4,,1,55,,86437,5,4,,1,15,,86457,5,4,,1,15,,86477,5,4,,1,15,,86497,5,4,,1,55,,86438,5,4,,1,15,,86458,5,4,,1,15,,86478,5,4,,1,15,,86498,5,4,,1,55,,86439,5,4,,1,15,,86459,5,4,,1,15,,86479,5,4,,1,15,,86499,5,4,,1,55,,86440,5,4,,1,15,,86460,5,4,,1,15,,86480,5,4,,1,15,,86500,5,4,,1,55,,86441,5,4,,1,15,,86461,5,4,,1,15,,86481,5,4,,1,15,,86501,5,4,,1,55,,86442,5,4,,1,15,,86462,5,4,,1,15,,86482,5,4,,1,15,,86502,5,4,,1,55,,86443,5,4,,1,15,,86463,5,4,,1,15,,86483,5,4,,1,15,,86503,5,4,,1,55,,86444,5,4,,1,15,,86464,5,4,,1,15,,86484,5,4,,1,15,,86504,5,4,,1,55,,86445,5,4,,1,15,,86465,5,4,,1,15,,86485,5,4,,1,15,,86505,5,4,,1,55,,86446,5,4,,1,15,,86466,5,4,,1,15,,86486,5,4,,1,15,,86506,5,4,,1,55,,86447,5,4,,1,15,,86467,5,4,,1,15,,86487,5,4,,1,15,,86507,5,4,,1,55,,86448,5,4,,1,15,,86468,5,4,,1,15,,86488,5,4,,1,15,,86508,5,4,,1,55,,86449,5,4,,1,15,,86469,5,4,,1,15,,86489,5,4,,1,15,,86509,5,4,,1,55,,86450,5,4,,1,15,,86470,5,4,,1,15,,86490,5,4,,1,15,,86510,5,4,,1,55,,86451,5,4,,1,15,,86471,5,4,,1,15,,86491,5,4,,1,15,,86511,5,4,,1,55,,86452,5,4,,1,15,,86472,5,4,,1
1,'20261118',555,,86571,5,4,,1,55,,86512,5,4,,1,12,,86532,5,4,,1,15,,86552,5,4,,1,15,,86572,5,4,,1,55,,86513,5,4,,1,15,,86533,5,4,,1,15,,86553,5,4,,1,15,,86573,5,4,,1,55,,86514,5,4,,1,15,,86534,5,4,,1,15,,86554,5,4,,1,15,,86574,5,4,,1,55,,86515,5,4,,1,15,,86535,5,4,,1,15,,86555,5,4,,1,15,,86575,5,4,,1,55,,86516,5,4,,1,15,,86536,5,4,,1,15,,86556,5,4,,1,15,,86576,5,4,,1,55,,86517,5,4,,1,15,,86537,5,4,,1,15,,86557,5,4,,1,15,,86577,5,4,,1,55,,86518,5,4,,1,15,,86538,5,4,,1,15,,86558,5,4,,1,15,,86578,5,4,,1,55,,86519,5,4,,1,15,,86539,5,4,,1,15,,86559,5,4,,1,15,,86579,5,4,,1,55,,86520,5,4,,1,15,,86540,5,4,,1,15,,86560,5,4,,1,15,,86580,5,4,,1,55,,86521,5,4,,1,15,,86541,5,4,,1,15,,86561,5,4,,1,15,,86581,5,4,,1,55,,86522,5,4,,1,15,,86542,5,4,,1,15,,86562,5,4,,1,15,,86582,5,4,,1,55,,86523,5,4,,1,15,,86543,5,4,,1,15,,86563,5,4,,1,15,,86583,5,4,,1,55,,86524,5,4,,1,15,,86544,5,4,,1,15,,86564,5,4,,1,15,,86584,5,4,,1,55,,86525,5,4,,1,15,,86545,5,4,,1,15,,86565,5,4,,1,15,,86585,5,4,,1,55,,86526,5,4,,1,15,,86546,5,4,,1,15,,86566,5,4,,1,15,,86586,5,4,,1,55,,86527,5,4,,1,15,,86547,5,4,,1,15,,86567,5,4,,1,15,,86587,5,4,,1,55,,86528,5,4,,1,15,,86548,5,4,,1,15,,86568,5,4,,1,15,,86588,5,4,,1,55,,86529,5,4,,1,15,,86549,5,4,,1,15,,86569,5,4,,1,15,,86589,5,4,,1,55,,86530,5,4,,1,15,,86550,5,4,,1,15,,86570,5,4,,1,15,,86590,5,4,,1,55,,86531,5,4,,1,15,,86551,5,4,,1
1,'20261119',555,,86650,5,4,,1,55,,86591,5,4,,1,12,,86611,5,4,,1,15,,86631,5,4,,1,15,,86651,5,4,,1,55,,86592,5,4,,1,15,,86612,5,4,,1,15,,86632,5,4,,1,15,,86652,5,4,,1,55,,86593,5,4,,1,15,,86613,5,4,,1,15,,86633,5,4,,1,15,,86653,5,4,,1,55,,86594,5,4,,1,15,,86614,5,4,,1,15,,86634,5,4,,1,15,,86654,5,4,,1,55,,86595,5,4,,1,15,,86615,5,4,,1,15,,86635,5,4,,1,15,,86655,5,4,,1,55,,86596,5,4,,1,15,,86616,5,4,,1,15,,86636,5,4,,1,15,,86656,5,4,,1,55,,86597,5,4,,1,15,,86617,5,4,,1,15,,86637,5,4,,1,15,,86657,5,4,,1,55,,86598,5,4,,1,15,,86618,5,4,,1,15,,86638,5,4,,1,15,,86658,5,4,,1,55,,86599,5,4,,1,15,,86619,5,4,,1,15,,86639,5,4,,1,15,,86659,5,4,,1,55,,86600,5,4,,1,15,,86620,5,4,,1,15,,86640,5,4,,1,15,,86660,5,4,,1,55,,86601,5,4,,1,15,,86621,5,4,,1,15,,86641,5,4,,1,15,,86661,5,4,,1,55,,86602,5,4,,1,15,,86622,5,4,,1,15,,86642,5,4,,1,15,,86662,5,4,,1,55,,86603,5,4,,1,15,,86623,5,4,,1,15,,86643,5,4,,1,15,,86663,5,4,,1,55,,86604,5,4,,1,15,,86624,5,4,,1,15,,86644,5,4,,1,15,,86664,5,4,,1,55,,86605,5,4,,1,15,,86625,5,4,,1,15,,86645,5,4,,1,15,,86665,5,4,,1,55,,86606,5,4,,1,15,,86626,5,4,,1,15,,86646,5,4,,1,15,,86666,5,4,,1,55,,86607,5,4,,1,15,,86627,5,4,,1,15,,86647,5,4,,1,15,,86667,5,4,,1,55,,86608,5,4,,1,15,,86628,5,4,,1,15,,86648,5,4,,1,15,,86668,5,4,,1,55,,86609,5,4,,1,15,,86629,5,4,,1,15,,86649,5,4,,1,15,,86669,5,4,,1,55,,86610,5,4,,1,15,,86630,5,4,,1
1,'20261120',555,,86729,5,4,,1,55,,86670,5,4,,1,12,,86690,5,4,,1,15,,86710,5,4,,1,15,,86730,5,4,,1,55,,86671,5,4,,1,15,,86691,5,4,,1,15,,86711,5,4,,1,15,,86731,5,4,,1,55,,86672,5,4,,1,15,,86692,5,4,,1,15,,86712,5,4,,1,15,,86732,5,4,,1,55,,86673,5,4,,1,15,,86693,5,4,,1,15,,86713,5,4,,1,15,,86733,5,4,,1,55,,86674,5,4,,1,15,,86694,5,4,,1,15,,86714,5,4,,1,15,,86734,5,4,,1,55,,86675,5,4,,1,15,,86695,5,4,,1,15,,86715,5,4,,1,15,,86735,5,4,,1,55,,86676,5,4,,1,15,,86696,5,4,,1,15,,86716,5,4,,1,15,,86736,5,4,,1,55,,86677,5,4,,1,15,,86697,5,4,,1,15,,86717,5,4,,1,15,,86737,5,4,,1,55,,86678,5,4,,1,15,,86698,5,4,,1,15,,86718,5,4,,1,15,,86738,5,4,,1,55,,86679,5,4,,1,15,,86699,5,4,,1,15,,86719,5,4,,1,15,,86739,5,4,,1,55,,86680,5,4,,1,15,,86700,5,4,,1,15,,86720,5,4,,1,15,,86740,5,4,,1,55,,86681,5,4,,1,15,,86701,5,4,,1,15,,86721,5,4,,1,15,,86741,5,4,,1,55,,86682,5,4,,1,15,,86702,5,4,,1,15,,86722,5,4,,1,15,,86742,5,4,,1,55,,86683,5,4,,1,15,,86703,5,4,,1,15,,86723,5,4,,1,15,,86743,5,4,,1,55,,86684,5,4,,1,15,,86704,5,4,,1,15,,86724,5,4,,1,15,,86744,5,4,,1,55,,86685,5,4,,1,15,,86705,5,4,,1,15,,86725,5,4,,1,15,,86745,5,4,,1,55,,86686,5,4,,1,15,,86706,5,4,,1,15,,86726,5,4,,1,15,,86746,5,4,,1,55,,86687,5,4,,1,15,,86707,5,4,,1,15,,86727,5,4,,1,15,,86747,5,4,,1,55,,86688,5,4,,1,15,,86708,5,4,,1,15,,86728,5,4,,1,15,,86748,5,4,,1,55,,86689,5,4,,1,15,,86709,5,4,,1
1,'20261121',652,,86805,5,4,,1,55,,86749,5,4,,1,15,,86768,5,4,,1,15,,86787,5,4,,1,15,,86806,5,4,,1,55,,86750,5,4,,1,15,,86769,5,4,,1,15,,86788,5,4,,1,15,,86807,5,4,,1,55,,86751,5,4,,1,15,,86770,5,4,,1,15,,86789,5,4,,1,15,,86808,5,4,,1,55,,86752,5,4,,1,15,,86771,5,4,,1,15,,86790,5,4,,1,15,,86809,5,4,,1,55,,86753,5,4,,1,15,,86772,5,4,,1,15,,86791,5,4,,1,15,,86810,5,4,,1,55,,86754,5,4,,1,15,,86773,5,4,,1,15,,86792,5,4,,1,15,,86811,5,4,,1,55,,86755,5,4,,1,15,,86774,5,4,,1,15,,86793,5,4,,1,15,,86812,5,4,,1,55,,86756,5,4,,1,15,,86775,5,4,,1,15,,86794,5,4,,1,15,,86813,5,4,,1,55,,86757,5,4,,1,15,,86776,5,4,,1,15,,86795,5,4,,1,15,,86814,5,4,,1,55,,86758,5,4,,1,15,,86777,5,4,,1,15,,86796,5,4,,1,15,,86815,5,4,,1,55,,86759,5,4,,1,15,,86778,5,4,,1,15,,86797,5,4,,1,15,,86816,5,4,,1,55,,86760,5,4,,1,15,,86779,5,4,,1,15,,86798,5,4,,1,15,,86817,5,4,,1,55,,86761,5,4,,1,15,,86780,5,4,,1,15,,86799,5,4,,1,15,,86818,5,4,,1,55,,86762,5,4,,1,15,,86781,5,4,,1,15,,86800,5,4,,1,15,,86819,5,4,,1,55,,86763,5,4,,1,15,,86782,5,4,,1,15,,86801,5,4,,1,15,,86820,5,4,,1,55,,86764,5,4,,1,15,,86783,5,4,,1,15,,86802,5,4,,1,15,,86821,5,4,,1,55,,86765,5,4,,1,15,,86784,5,4,,1,15,,86803,5,4,,1,15,,86822,5,4,,1,55,,86766,5,4,,1,15,,86785,5,4,,1,15,,86804,5,4,,1,15,,86823,5,4,,1,55,,86767,5,4,,1,15,,86786,5,4,,1
1,'20261122',652,,86880,5,4,,1,55,,86824,5,4,,1,15,,86843,5,4,,1,15,,86862,5,4,,1,15,,86881,5,4,,1,55,,86825,5,4,,1,15,,86844,5,4,,1,15,,86863,5,4,,1,15,,86882,5,4,,1,55,,86826,5,4,,1,15,,86845,5,4,,1,15,,86864,5,4,,1,15,,86883,5,4,,1,55,,86827,5,4,,1,15,,86846,5,4,,1,15,,86865,5,4,,1,15,,86884,5,4,,1,55,,86828,5,4,,1,15,,86847,5,4,,1,15,,86866,5,4,,1,15,,86885,5,4,,1,55,,86829,5,4,,1,15,,86848,5,4,,1,15,,86867,5,4,,1,15,,86886,5,4,,1,55,,86830,5,4,,1,15,,86849,5,4,,1,15,,86868,5,4,,1,15,,86887,5,4,,1,55,,86831,5,4,,1,15,,86850,5,4,,1,15,,86869,5,4,,1,15,,86888,5,4,,1,55,,86832,5,4,,1,15,,86851,5,4,,1,15,,86870,5,4,,1,15,,86889,5,4,,1,55,,86833,5,4,,1,15,,86852,5,4,,1,15,,86871,5,4,,1,15,,86890,5,4,,1,55,,86834,5,4,,1,15,,86853,5,4,,1,15,,86872,5,4,,1,15,,86891,5,4,,1,55,,86835,5,4,,1,15,,86854,5,4,,1,15,,86873,5,4,,1,15,,86892,5,4,,1,55,,86836,5,4,,1,15,,86855,5,4,,1,15,,86874,5,4,,1,15,,86893,5,4,,1,55,,86837,5,4,,1,15,,86856,5,4,,1,15,,86875,5,4,,1,15,,86894,5,4,,1,55,,86838,5,4,,1,15,,86857,5,4,,1,15,,86876,5,4,,1,15,,86895,5,4,,1,55,,86839,5,4,,1,15,,86858,5,4,,1,15,,86877,5,4,,1,15,,86896,5,4,,1,55,,86840,5,4,,1,15,,86859,5,4,,1,15,,86878,5,4,,1,15,,86897,5,4,,1,55,,86841,5,4,,1,15,,86860,5,4,,1,15,,86879,5,4,,1,15,,86898,5,4,,1,55,,86842,5,4,,1,15,,86861,5,4,,1
1,'20261123',555,,86958,5,4,,1,55,,86899,5,4,,1,12,,86919,5,4,,1,15,,86939,5,4,,1,15,,86959,5,4,,1,55,,86900,5,4,,1,15,,86920,5,4,,1,15,,86940,5,4,,1,15,,86960,5,4,,1,55,,86901,5,4,,1,15,,86921,5,4,,1,15,,86941,5,4,,1,15,,86961,5,4,,1,55,,86902,5,4,,1,15,,86922,5,4,,1,15,,86942,5,4,,1,15,,86962,5,4,,1,55,,86903,5,4,,1,15,,86923,5,4,,1,15,,86943,5,4,,1,15,,86963,5,4,,1,55,,86904,5,4,,1,15,,86924,5,4,,1,15,,86944,5,4,,1,15,,86964,5,4,,1,55,,86905,5,4,,1,15,,86925,5,4,,1,15,,86945,5,4,,1,15,,86965,5,4,,1,55,,86906,5,4,,1,15,,86926,5,4,,1,15,,86946,5,4,,1,15,,86966,5,4,,1,55,,86907,5,4,,1,15,,86927,5,4,,1,15,,86947,5,4,,1,15,,86967,5,4,,1,55,,86908,5,4,,1,15,,86928,5,4,,1,15,,86948,5,4,,1,15,,86968,5,4,,1,55,,86909,5,4,,1,15,,86929,5,4,,1,15,,86949,5,4,,1,15,,86969,5,4,,1,55,,86910,5,4,,1,15,,86930,5,4,,1,15,,86950,5,4,,1,15,,86970,5,4,,1,55,,86911,5,4,,1,15,,86931,5,4,,1,15,,86951,5,4,,1,15,,86971,5,4,,1,55,,86912,5,4,,1,15,,86932,5,4,,1,15,,86952,5,4,,1,15,,86972,5,4,,1,55,,86913,5,4,,1,15,,86933,5,4,,1,15,,86953,5,4,,1,15,,86973,5,4,,1,55,,86914,5,4,,1,15,,86934,5,4,,1,15,,86954,5,4,,1,15,,86974,5,4,,1,55,,86915,5,4,,1,15,,86935,5,4,,1,15,,86955,5,4,,1,15,,86975,5,4,,1,55,,86916,5,4,,1,15,,86936,5,4,,1,15,,86956,5,4,,1,15,,86976,5,4,,1,55,,86917,5,4,,1,15,,86937,5,4,,1,15,,86957,5,4,,1,15,,86977,5,4,,1,55,,86918,5,4,,1,15,,86938,5,4,,1
1,'20261124',555,,87037,5,4,,1,55,,86978,5,4,,1,12,,86998,5,4,,1,15,,87018,5,4,,1,15,,87038,5,4,,1,55,,86979,5,4,,1,15,,86999,5,4,,1,15,,87019,5,4,,1,15,,87039,5,4,,1,55,,86980,5,4,,1,15,,87000,5,4,,1,15,,87020,5,4,,1,15,,87040,5,4,,1,55,,86981,5,4,,1,15,,87001,5,4,,1,15,,87021,5,4,,1,15,,87041,5,4,,1,55,,86982,5,4,,1,15,,87002,5,4,,1,15,,87022,5,4,,1,15,,87042,5,4,,1,55,,86983,5,4,,1,15,,87003,5,4,,1,15,,87023,5,4,,1,15,,87043,5,4,,1,55,,86984,5,4,,1,15,,87004,5,4,,1,15,,87024,5,4,,1,15,,87044,5,4,,1,55,,86985,5,4,,1,15,,87005,5,4,,1,15,,87025,5,4,,1,15,,87045,5,4,,1,55,,86986,5,4,,1,15,,87006,5,4,,1,15,,87026,5,4,,1,15,,87046,5,4,,1,55,,86987,5,4,,1,15,,87007,5,4,,1,15,,87027,5,4,,1,15,,87047,5,4,,1,55,,86988,5,4,,1,15,,87008,5,4,,1,15,,87028,5,4,,1,15,,87048,5,4,,1,55,,86989,5,4,,1,15,,87009,5,4,,1,15,,87029,5,4,,1,15,,87049,5,4,,1,55,,86990,5,4,,1,15,,87010,5,4,,1,15,,87030,5,4,,1,15,,87050,5,4,,1,55,,86991,5,4,,1,15,,87011,5,4,,1,15,,87031,5,4,,1,15,,87051,5,4,,1,55,,86992,5,4,,1,15,,87012,5,4,,1,15,,87032,5,4,,1,15,,87052,5,4,,1,55,,86993,5,4,,1,15,,87013,5,4,,1,15,,87033,5,4,,1,15,,87053,5,4,,1,55,,86994,5,4,,1,15,,87014,5,4,,1,15,,87034,5,4,,1,15,,87054,5,4,,1,55,,86995,5,4,,1,15,,87015,5,4,,1,15,,87035,5,4,,1,15,,87055,5,4,,1,55,,86996,5,4,,1,15,,87016,5,4,,1,15,,87036,5,4,,1,15,,87056,5,4,,1,55,,86997,5,4,,1,15,,87017,5,4,,1
1,'20261125',555,,87116,5,4,,1,55,,87057,5,4,,1,12,,87077,5,4,,1,15,,87097,5,4,,1,15,,87117,5,4,,1,55,,87058,5,4,,1,15,,87078,5,4,,1,15,,87098,5,4,,1,15,,87118,5,4,,1,55,,87059,5,4,,1,15,,87079,5,4,,1,15,,87099,5,4,,1,15,,87119,5,4,,1,55,,87060,5,4,,1,15,,87080,5,4,,1,15,,87100,5,4,,1,15,,87120,5,4,,1,55,,87061,5,4,,1,15,,87081,5,4,,1,15,,87101,5,4,,1,15,,87121,5,4,,1,55,,87062,5,4,,1,15,,87082,5,4,,1,15,,87102,5,4,,1,15,,87122,5,4,,1,55,,87063,5,4,,1,15,,87083,5,4,,1,15,,87103,5,4,,1,15,,87123,5,4,,1,55,,87064,5,4,,1,15,,87084,5,4,,1,15,,87104,5,4,,1,15,,87124,5,4,,1,55,,87065,5,4,,1,15,,87085,5,4,,1,15,,87105,5,4,,1,15,,87125,5,4,,1,55,,87066,5,4,,1,15,,87086,5,4,,1,15,,87106,5,4,,1,15,,87126,5,4,,1,55,,87067,5,4,,1,15,,87087,5,4,,1,15,,87107,5,4,,1,15,,87127,5,4,,1,55,,87068,5,4,,1,15,,87088,5,4,,1,15,,87108,5,4,,1,15,,87128,5,4,,1,55,,87069,5,4,,1,15,,87089,5,4,,1,15,,87109,5,4,,1,15,,87129,5,4,,1,55,,87070,5,4,,1,15,,87090,5,4,,1,15,,87110,5,4,,1,15,,87130,5,4,,1,55,,87071,5,4,,1,15,,87091,5,4,,1,15,,87111,5,4,,1,15,,87131,5,4,,1,55,,87072,5,4,,1,15,,87092,5,4,,1,15,,87112,5,4,,1,15,,87132,5,4,,1,55,,87073,5,4,,1,15,,87093,5,4,,1,15,,87113,5,4,,1,15,,87133,5,4,,1,55,,87074,5,4,,1,15,,87094,5,4,,1,15,,87114,5,4,,1,15,,87134,5,4,,1,55,,87075,5,4,,1,15,,87095,5,4,,1,15,,87115,5,4,,1,15,,87135,5,4,,1,55,,87076,5,4,,1,15,,87096,5,4,,1
1,'20261126',555,,87195,5,4,,1,55,,87136,5,4,,1,12,,87156,5,4,,1,15,,87176,5,4,,1,15,,87196,5,4,,1,55,,87137,5,4,,1,15,,87157,5,4,,1,15,,87177,5,4,,1,15,,87197,5,4,,1,55,,87138,5,4,,1,15,,87158,5,4,,1,15,,87178,5,4,,1,15,,87198,5,4,,1,55,,87139,5,4,,1,15,,87159,5,4,,1,15,,87179,5,4,,1,15,,87199,5,4,,1,55,,87140,5,4,,1,15,,87160,5,4,,1,15,,87180,5,4,,1,15,,87200,5,4,,1,55,,87141,5,4,,1,15,,87161,5,4,,1,15,,87181,5,4,,1,15,,87201,5,4,,1,55,,87142,5,4,,1,15,,87162,5,4,,1,15,,87182,5,4,,1,15,,87202,5,4,,1,55,,87143,5,4,,1,15,,87163,5,4,,1,15,,87183,5,4,,1,15,,87203,5,4,,1,55,,87144,5,4,,1,15,,87164,5,4,,1,15,,87184,5,4,,1,15,,87204,5,4,,1,55,,87145,5,4,,1,15,,87165,5,4,,1,15,,87185,5,4,,1,15,,87205,5,4,,1,55,,87146,5,4,,1,15,,87166,5,4,,1,15,,87186,5,4,,1,15,,87206,5,4,,1,55,,87147,5,4,,1,15,,87167,5,4,,1,15,,87187,5,4,,1,15,,87207,5,4,,1,55,,87148,5,4,,1,15,,87168,5,4,,1,15,,87188,5,4,,1,15,,87208,5,4,,1,55,,87149,5,4,,1,15,,87169,5,4,,1,15,,87189,5,4,,1,15,,87209,5,4,,1,55,,87150,5,4,,1,15,,87170,5,4,,1,15,,87190,5,4,,1,15,,87210,5,4,,1,55,,87151,5,4,,1,15,,87171,5,4,,1,15,,87191,5,4,,1,15,,87211,5,4,,1,55,,87152,5,4,,1,15,,87172,5,4,,1,15,,87192,5,4,,1,15,,87212,5,4,,1,55,,87153,5,4,,1,15,,87173,5,4,,1,15,,87193,5,4,,1,15,,87213,5,4,,1,55,,87154,5,4,,1,15,,87174,5,4,,1,15,,87194,5,4,,1,15,,87214,5,4,,1,55,,87155,5,4,,1,15,,87175,5,4,,1
1,'20261127',555,,87274,5,4,,1,55,,87215,5,4,,1,12,,87235,5,4,,1,15,,87255,5,4,,1,15,,87275,5,4,,1,55,,87216,5,4,,1,15,,87236,5,4,,1,15,,87256,5,4,,1,15,,87276,5,4,,1,55,,87217,5,4,,1,15,,87237,5,4,,1,15,,87257,5,4,,1,15,,87277,5,4,,1,55,,87218,5,4,,1,15,,87238,5,4,,1,15,,87258,5,4,,1,15,,87278,5,4,,1,55,,87219,5,4,,1,15,,87239,5,4,,1,15,,87259,5,4,,1,15,,87279,5,4,,1,55,,87220,5,4,,1,15,,87240,5,4,,1,15,,87260,5,4,,1,15,,87280,5,4,,1,55,,87221,5,4,,1,15,,87241,5,4,,1,15,,87261,5,4,,1,15,,87281,5,4,,1,55,,87222,5,4,,1,15,,87242,5,4,,1,15,,87262,5,4,,1,15,,87282,5,4,,1,55,,87223,5,4,,1,15,,87243,5,4,,1,15,,87263,5,4,,1,15,,87283,5,4,,1,55,,87224,5,4,,1,15,,87244,5,4,,1,15,,87264,5,4,,1,15,,87284,5,4,,1,55,,87225,5,4,,1,15,,87245,5,4,,1,15,,87265,5,4,,1,15,,87285,5,4,,1,55,,87226,5,4,,1,15,,87246,5,4,,1,15,,87266,5,4,,1,15,,87286,5,4,,1,55,,87227,5,4,,1,15,,87247,5,4,,1,15,,87267,5,4,,1,15,,87287,5,4,,1,55,,87228,5,4,,1,15,,87248,5,4,,1,15,,87268,5,4,,1,15,,87288,5,4,,1,55,,87229,5,4,,1,15,,87249,5,4,,1,15,,87269,5,4,,1,15,,87289,5,4,,1,55,,87230,5,4,,1,15,,87250,5,4,,1,15,,87270,5,4,,1,15,,87290,5,4,,1,55,,87231,5,4,,1,15,,87251,5,4,,1,15,,87271,5,4,,1,15,,87291,5,4,,1,55,,87232,5,4,,1,15,,87252,5,4,,1,15,,87272,5,4,,1,15,,87292,5,4,,1,55,,87233,5,4,,1,15,,87253,5,4,,1,15,,87273,5,4,,1,15,,87293,5,4,,1,55,,87234,5,4,,1,15,,87254,5,4,,1
1,'20261128',652,,87350,5,4,,1,55,,87294,5,4,,1,15,,87313,5,4,,1,15,,87332,5,4,,1,15,,87351,5,4,,1,55,,87295,5,4,,1,15,,87314,5,4,,1,15,,87333,5,4,,1,15,,87352,5,4,,1,55,,87296,5,4,,1,15,,87315,5,4,,1,15,,87334,5,4,,1,15,,87353,5,4,,1,55,,87297,5,4,,1,15,,87316,5,4,,1,15,,87335,5,4,,1,15,,87354,5,4,,1,55,,87298,5,4,,1,15,,87317,5,4,,1,15,,87336,5,4,,1,15,,87355,5,4,,1,55,,87299,5,4,,1,15,,87318,5,4,,1,15,,87337,5,4,,1,15,,87356,5,4,,1,55,,87300,5,4,,1,15,,87319,5,4,,1,15,,87338,5,4,,1,15,,87357,5,4,,1,55,,87301,5,4,,1,15,,87320,5,4,,1,15,,87339,5,4,,1,15,,87358,5,4,,1,55,,87302,5,4,,1,15,,87321,5,4,,1,15,,87340,5,4,,1,15,,87359,5,4,,1,55,,87303,5,4,,1,15,,87322,5,4,,1,15,,87341,5,4,,1,15,,87360,5,4,,1,55,,87304,5,4,,1,15,,87323,5,4,,1,15,,87342,5,4,,1,15,,87361,5,4,,1,55,,87305,5,4,,1,15,,87324,5,4,,1,15,,87343,5,4,,1,15,,87362,5,4,,1,55,,87306,5,4,,1,15,,87325,5,4,,1,15,,87344,5,4,,1,15,,87363,5,4,,1,55,,87307,5,4,,1,15,,87326,5,4,,1,15,,87345,5,4,,1,15,,87364,5,4,,1,55,,87308,5,4,,1,15,,87327,5,4,,1,15,,87346,5,4,,1,15,,87365,5,4,,1,55,,87309,5,4,,1,15,,87328,5,4,,1,15,,87347,5,4,,1,15,,87366,5,4,,1,55,,87310,5,4,,1,15,,87329,5,4,,1,15,,87348,5,4,,1,15,,87367,5,4,,1,55,,87311,5,4,,1,15,,87330,5,4,,1,15,,87349,5,4,,1,15,,87368,5,4,,1,55,,87312,5,4,,1,15,,87331,5,4,,1
1,'20261129',652,,87425,5,4,,1,55,,87369,5,4,,1,15,,87388,5,4,,1,15,,87407,5,4,,1,15,,87426,5,4,,1,55,,87370,5,4,,1,15,,87389,5,4,,1,15,,87408,5,4,,1,15,,87427,5,4,,1,55,,87371,5,4,,1,15,,87390,5,4,,1,15,,87409,5,4,,1,15,,87428,5,4,,1,55,,87372,5,4,,1,15,,87391,5,4,,1,15,,87410,5,4,,1,15,,87429,5,4,,1,55,,87373,5,4,,1,15,,87392,5,4,,1,15,,87411,5,4,,1,15,,87430,5,4,,1,55,,87374,5,4,,1,15,,87393,5,4,,1,15,,87412,5,4,,1,15,,87431,5,4,,1,55,,87375,5,4,,1,15,,87394,5,4,,1,15,,87413,5,4,,1,15,,87432,5,4,,1,55,,87376,5,4,,1,15,,87395,5,4,,1,15,,87414,5,4,,1,15,,87433,5,4,,1,55,,87377,5,4,,1,15,,87396,5,4,,1,15,,87415,5,4,,1,15,,87434,5,4,,1,55,,87378,5,4,,1,15,,87397,5,4,,1,15,,87416,5,4,,1,15,,87435,5,4,,1,55,,87379,5,4,,1,15,,87398,5,4,,1,15,,87417,5,4,,1,15,,87436,5,4,,1,55,,87380,5,4,,1,15,,87399,5,4,,1,15,,87418,5,4,,1,15,,87437,5,4,,1,55,,87381,5,4,,1,15,,87400,5,4,,1,15,,87419,5,4,,1,15,,87438,5,4,,1,55,,87382,5,4,,1,15,,87401,5,4,,1,15,,87420,5,4,,1,15,,87439,5,4,,1,55,,87383,5,4,,1,15,,87402,5,4,,1,15,,87421,5,4,,1,15,,87440,5,4,,1,55,,87384,5,4,,1,15,,87403,5,4,,1,15,,87422,5,4,,1,15,,87441,5,4,,1,55,,87385,5,4,,1,15,,87404,5,4,,1,15,,87423,5,4,,1,15,,87442,5,4,,1,55,,87386,5,4,,1,15,,87405,5,4,,1,15,,87424,5,4,,1,15,,87443,5,4,,1,55,,87387,5,4,,1,15,,87406,5,4,,1
1,'20261130',555,,87503,5,4,,1,55,,87444,5,4,,1,12,,87464,5,4,,1,15,,87484,5,4,,1,15,,87504,5,4,,1,55,,87445,5,4,,1,15,,87465,5,4,,1,15,,87485,5,4,,1,15,,87505,5,4,,1,55,,87446,5,4,,1,15,,87466,5,4,,1,15,,87486,5,4,,1,15,,87506,5,4,,1,55,,87447,5,4,,1,15,,87467,5,4,,1,15,,87487,5,4,,1,15,,87507,5,4,,1,55,,87448,5,4,,1,15,,87468,5,4,,1,15,,87488,5,4,,1,15,,87508,5,4,,1,55,,87449,5,4,,1,15,,87469,5,4,,1,15,,87489,5,4,,1,15,,87509,5,4,,1,55,,87450,5,4,,1,15,,87470,5,4,,1,15,,87490,5,4,,1,15,,87510,5,4,,1,55,,87451,5,4,,1,15,,87471,5,4,,1,15,,87491,5,4,,1,15,,87511,5,4,,1,55,,87452,5,4,,1,15,,87472,5,4,,1,15,,87492,5,4,,1,15,,87512,5,4,,1,55,,87453,5,4,,1,15,,87473,5,4,,1,15,,87493,5,4,,1,15,,87513,5,4,,1,55,,87454,5,4,,1,15,,87474,5,4,,1,15,,87494,5,4,,1,15,,87514,5,4,,1,55,,87455,5,4,,1,15,,87475,5,4,,1,15,,87495,5,4,,1,15,,87515,5,4,,1,55,,87456,5,4,,1,15,,87476,5,4,,1,15,,87496,5,4,,1,15,,87516,5,4,,1,55,,87457,5,4,,1,15,,87477,5,4,,1,15,,87497,5,4,,1,15,,87517,5,4,,1,55,,87458,5,4,,1,15,,87478,5,4,,1,15,,87498,5,4,,1,15,,87518,5,4,,1,55,,87459,5,4,,1,15,,87479,5,4,,1,15,,87499,5,4,,1,15,,87519,5,4,,1,55,,87460,5,4,,1,15,,87480,5,4,,1,15,,87500,5,4,,1,15,,87520,5,4,,1,55,,87461,5,4,,1,15,,87481,5,4,,1,15,,87501,5,4,,1,15,,87521,5,4,,1,55,,87462,5,4,,1,15,,87482,5,4,,1,15,,87502,5,4,,1,15,,87522,5,4,,1,55,,87463,5,4,,1,15,,87483,5,4,,1
1,'20261201',555,,87582,5,4,,1,55,,87523,5,4,,1,12,,87543,5,4,,1,15,,87563,5,4,,1,15,,87583,5,4,,1,55,,87524,5,4,,1,15,,87544,5,4,,1,15,,87564,5,4,,1,15,,87584,5,4,,1,55,,87525,5,4,,1,15,,87545,5,4,,1,15,,87565,5,4,,1,15,,87585,5,4,,1,55,,87526,5,4,,1,15,,87546,5,4,,1,15,,87566,5,4,,1,15,,87586,5,4,,1,55,,87527,5,4,,1,15,,87547,5,4,,1,15,,87567,5,4,,1,15,,87587,5,4,,1,55,,87528,5,4,,1,15,,87548,5,4,,1,15,,87568,5,4,,1,15,,87588,5,4,,1,55,,87529,5,4,,1,15,,87549,5,4,,1,15,,87569,5,4,,1,15,,87589,5,4,,1,55,,87530,5,4,,1,15,,87550,5,4,,1,15,,87570,5,4,,1,15,,87590,5,4,,1,55,,87531,5,4,,1,15,,87551,5,4,,1,15,,87571,5,4,,1,15,,87591,5,4,,1,55,,87532,5,4,,1,15,,87552,5,4,,1,15,,87572,5,4,,1,15,,87592,5,4,,1,55,,87533,5,4,,1,15,,87553,5,4,,1,15,,87573,5,4,,1,15,,87593,5,4,,1,55,,87534,5,4,,1,15,,87554,5,4,,1,15,,87574,5,4,,1,15,,87594,5,4,,1,55,,87535,5,4,,1,15,,87555,5,4,,1,15,,87575,5,4,,1,15,,87595,5,4,,1,55,,87536,5,4,,1,15,,87556,5,4,,1,15,,87576,5,4,,1,15,,87596,5,4,,1,55,,87537,5,4,,1,15,,87557,5,4,,1,15,,87577,5,4,,1,15,,87597,5,4,,1,55,,87538,5,4,,1,15,,87558,5,4,,1,15,,87578,5,4,,1,15,,87598,5,4,,1,55,,87539,5,4,,1,15,,87559,5,4,,1,15,,87579,5,4,,1,15,,87599,5,4,,1,55,,87540,5,4,,1,15,,87560,5,4,,1,15,,87580,5,4,,1,15,,87600,5,4,,1,55,,87541,5,4,,1,15,,87561,5,4,,1,15,,87581,5,4,,1,15,,87601,5,4,,1,55,,87542,5,4,,1,15,,87562,5,4,,1
1,'20261202',555,,87661,5,4,,1,55,,87602,5,4,,1,12,,87622,5,4,,1,15,,87642,5,4,,1,15,,87662,5,4,,1,55,,87603,5,4,,1,15,,87623,5,4,,1,15,,87643,5,4,,1,15,,87663,5,4,,1,55,,87604,5,4,,1,15,,87624,5,4,,1,15,,87644,5,4,,1,15,,87664,5,4,,1,55,,87605,5,4,,1,15,,87625,5,4,,1,15,,87645,5,4,,1,15,,87665,5,4,,1,55,,87606,5,4,,1,15,,87626,5,4,,1,15,,87646,5,4,,1,15,,87666,5,4,,1,55,,87607,5,4,,1,15,,87627,5,4,,1,15,,87647,5,4,,1,15,,87667,5,4,,1,55,,87608,5,4,,1,15,,87628,5,4,,1,15,,87648,5,4,,1,15,,87668,5,4,,1,55,,87609,5,4,,1,15,,87629,5,4,,1,15,,87649,5,4,,1,15,,87669,5,4,,1,55,,87610,5,4,,1,15,,87630,5,4,,1,15,,87650,5,4,,1,15,,87670,5,4,,1,55,,87611,5,4,,1,15,,87631,5,4,,1,15,,87651,5,4,,1,15,,87671,5,4,,1,55,,87612,5,4,,1,15,,87632,5,4,,1,15,,87652,5,4,,1,15,,87672,5,4,,1,55,,87613,5,4,,1,15,,87633,5,4,,1,15,,87653,5,4,,1,15,,87673,5,4,,1,55,,87614,5,4,,1,15,,87634,5,4,,1,15,,87654,5,4,,1,15,,87674,5,4,,1,55,,87615,5,4,,1,15,,87635,5,4,,1,15,,87655,5,4,,1,15,,87675,5,4,,1,55,,87616,5,4,,1,15,,87636,5,4,,1,15,,87656,5,4,,1,15,,87676,5,4,,1,55,,87617,5,4,,1,15,,87637,5,4,,1,15,,87657,5,4,,1,15,,87677,5,4,,1,55,,87618,5,4,,1,15,,87638,5,4,,1,15,,87658,5,4,,1,15,,87678,5,4,,1,55,,87619,5,4,,1,15,,87639,5,4,,1,15,,87659,5,4,,1,15,,87679,5,4,,1,55,,87620,5,4,,1,15,,87640,5,4,,1,15,,87660,5,4,,1,15,,87680,5,4,,1,55,,87621,5,4,,1,15,,87641,5,4,,1
1,'20261203',555,,87740,5,4,,1,55,,87681,5,4,,1,12,,87701,5,4,,1,15,,87721,5,4,,1,15,,87741,5,4,,1,55,,87682,5,4,,1,15,,87702,5,4,,1,15,,87722,5,4,,1,15,,87742,5,4,,1,55,,87683,5,4,,1,15,,87703,5,4,,1,15,,87723,5,4,,1,15,,87743,5,4,,1,55,,87684,5,4,,1,15,,87704,5,4,,1,15,,87724,5,4,,1,15,,87744,5,4,,1,55,,87685,5,4,,1,15,,87705,5,4,,1,15,,87725,5,4,,1,15,,87745,5,4,,1,55,,87686,5,4,,1,15,,87706,5,4,,1,15,,87726,5,4,,1,15,,87746,5,4,,1,55,,87687,5,4,,1,15,,87707,5,4,,1,15,,87727,5,4,,1,15,,87747,5,4,,1,55,,87688,5,4,,1,15,,87708,5,4,,1,15,,87728,5,4,,1,15,,87748,5,4,,1,55,,87689,5,4,,1,15,,87709,5,4,,1,15,,87729,5,4,,1,15,,87749,5,4,,1,55,,87690,5,4,,1,15,,87710,5,4,,1,15,,87730,5,4,,1,15,,87750,5,4,,1,55,,87691,5,4,,1,15,,87711,5,4,,1,15,,87731,5,4,,1,15,,87751,5,4,,1,55,,87692,5,4,,1,15,,87712,5,4,,1,15,,87732,5,4,,1,15,,87752,5,4,,1,55,,87693,5,4,,1,15,,87713,5,4,,1,15,,87733,5,4,,1,15,,87753,5,4,,1,55,,87694,5,4,,1,15,,87714,5,4,,1,15,,87734,5,4,,1,15,,87754,5,4,,1,55,,87695,5,4,,1,15,,87715,5,4,,1,15,,87735,5,4,,1,15,,87755,5,4,,1,55,,87696,5,4,,1,15,,87716,5,4,,1,15,,87736,5,4,,1,15,,87756,5,4,,1,55,,87697,5,4,,1,15,,87717,5,4,,1,15,,87737,5,4,,1,15,,87757,5,4,,1,55,,87698,5,4,,1,15,,87718,5,4,,1,15,,87738,5,4,,1,15,,87758,5,4,,1,55,,87699,5,4,,1,15,,87719,5,4,,1,15,,87739,5,4,,1,15,,87759,5,4,,1,55,,87700,5,4,,1,15,,87720,5,4,,1
1,'20261204',555,,87819,5,4,,1,55,,87760,5,4,,1,12,,87780,5,4,,1,15,,87800,5,4,,1,15,,87820,5,4,,1,55,,87761,5,4,,1,15,,87781,5,4,,1,15,,87801,5,4,,1,15,,87821,5,4,,1,55,,87762,5,4,,1,15,,87782,5,4,,1,15,,87802,5,4,,1,15,,87822,5,4,,1,55,,87763,5,4,,1,15,,87783,5,4,,1,15,,87803,5,4,,1,15,,87823,5,4,,1,55,,87764,5,4,,1,15,,87784,5,4,,1,15,,87804,5,4,,1,15,,87824,5,4,,1,55,,87765,5,4,,1,15,,87785,5,4,,1,15,,87805,5,4,,1,15,,87825,5,4,,1,55,,87766,5,4,,1,15,,87786,5,4,,1,15,,87806,5,4,,1,15,,87826,5,4,,1,55,,87767,5,4,,1,15,,87787,5,4,,1,15,,87807,5,4,,1,15,,87827,5,4,,1,55,,87768,5,4,,1,15,,87788,5,4,,1,15,,87808,5,4,,1,15,,87828,5,4,,1,55,,87769,5,4,,1,15,,87789,5,4,,1,15,,87809,5,4,,1,15,,87829,5,4,,1,55,,87770,5,4,,1,15,,87790,5,4,,1,15,,87810,5,4,,1,15,,87830,5,4,,1,55,,87771,5,4,,1,15,,87791,5,4,,1,15,,87811,5,4,,1,15,,87831,5,4,,1,55,,87772,5,4,,1,15,,87792,5,4,,1,15,,87812,5,4,,1,15,,87832,5,4,,1,55,,87773,5,4,,1,15,,87793,5,4,,1,15,,87813,5,4,,1,15,,87833,5,4,,1,55,,87774,5,4,,1,15,,87794,5,4,,1,15,,87814,5,4,,1,15,,87834,5,4,,1,55,,87775,5,4,,1,15,,87795,5,4,,1,15,,87815,5,4,,1,15,,87835,5,4,,1,55,,87776,5,4,,1,15,,87796,5,4,,1,15,,87816,5,4,,1,15,,87836,5,4,,1,55,,87777,5,4,,1,15,,87797,5,4,,1,15,,87817,5,4,,1,15,,87837,5,4,,1,55,,87778,5,4,,1,15,,87798,5,4,,1,15,,87818,5,4,,1,15,,87838,5,4,,1,55,,87779,5,4,,1,15,,87799,5,4,,1
1,'20261205',652,,87895,5,4,,1,55,,87839,5,4,,1,15,,87858,5,4,,1,15,,87877,5,4,,1,15,,87896,5,4,,1,55,,87840,5,4,,1,15,,87859,5,4,,1,15,,87878,5,4,,1,15,,87897,5,4,,1,55,,87841,5,4,,1,15,,87860,5,4,,1,15,,87879,5,4,,1,15,,87898,5,4,,1,55,,87842,5,4,,1,15,,87861,5,4,,1,15,,87880,5,4,,1,15,,87899,5,4,,1,55,,87843,5,4,,1,15,,87862,5,4,,1,15,,87881,5,4,,1,15,,87900,5,4,,1,55,,87844,5,4,,1,15,,87863,5,4,,1,15,,87882,5,4,,1,15,,87901,5,4,,1,55,,87845,5,4,,1,15,,87864,5,4,,1,15,,87883,5,4,,1,15,,87902,5,4,,1,55,,87846,5,4,,1,15,,87865,5,4,,1,15,,87884,5,4,,1,15,,87903,5,4,,1,55,,87847,5,4,,1,15,,87866,5,4,,1,15,,87885,5,4,,1,15,,87904,5,4,,1,55,,87848,5,4,,1,15,,87867,5,4,,1,15,,87886,5,4,,1,15,,87905,5,4,,1,55,,87849,5,4,,1,15,,87868,5,4,,1,15,,87887,5,4,,1,15,,87906,5,4,,1,55,,87850,5,4,,1,15,,87869,5,4,,1,15,,87888,5,4,,1,15,,87907,5,4,,1,55,,87851,5,4,,1,15,,87870,5,4,,1,15,,87889,5,4,,1,15,,87908,5,4,,1,55,,87852,5,4,,1,15,,87871,5,4,,1,15,,87890,5,4,,1,15,,87909,5,4,,1,55,,87853,5,4,,1,15,,87872,5,4,,1,15,,87891,5,4,,1,15,,87910,5,4,,1,55,,87854,5,4,,1,15,,87873,5,4,,1,15,,87892,5,4,,1,15,,87911,5,4,,1,55,,87855,5,4,,1,15,,87874,5,4,,1,15,,87893,5,4,,1,15,,87912,5,4,,1,55,,87856,5,4,,1,15,,87875,5,4,,1,15,,87894,5,4,,1,15,,87913,5,4,,1,55,,87857,5,4,,1,15,,87876,5,4,,1
1,'20261206',652,,87970,5,4,,1,55,,87914,5,4,,1,15,,87933,5,4,,1,15,,87952,5,4,,1,15,,87971,5,4,,1,55,,87915,5,4,,1,15,,87934,5,4,,1,15,,87953,5,4,,1,15,,87972,5,4,,1,55,,87916,5,4,,1,15,,87935,5,4,,1,15,,87954,5,4,,1,15,,87973,5,4,,1,55,,87917,5,4,,1,15,,87936,5,4,,1,15,,87955,5,4,,1,15,,87974,5,4,,1,55,,87918,5,4,,1,15,,87937,5,4,,1,15,,87956,5,4,,1,15,,87975,5,4,,1,55,,87919,5,4,,1,15,,87938,5,4,,1,15,,87957,5,4,,1,15,,87976,5,4,,1,55,,87920,5,4,,1,15,,87939,5,4,,1,15,,87958,5,4,,1,15,,87977,5,4,,1,55,,87921,5,4,,1,15,,87940,5,4,,1,15,,87959,5,4,,1,15,,87978,5,4,,1,55,,87922,5,4,,1,15,,87941,5,4,,1,15,,87960,5,4,,1,15,,87979,5,4,,1,55,,87923,5,4,,1,15,,87942,5,4,,1,15,,87961,5,4,,1,15,,87980,5,4,,1,55,,87924,5,4,,1,15,,87943,5,4,,1,15,,87962,5,4,,1,15,,87981,5,4,,1,55,,87925,5,4,,1,15,,87944,5,4,,1,15,,87963,5,4,,1,15,,87982,5,4,,1,55,,87926,5,4,,1,15,,87945,5,4,,1,15,,87964,5,4,,1,15,,87983,5,4,,1,55,,87927,5,4,,1,15,,87946,5,4,,1,15,,87965,5,4,,1,15,,87984,5,4,,1,55,,87928,5,4,,1,15,,87947,5,4,,1,15,,87966,5,4,,1,15,,87985,5,4,,1,55,,87929,5,4,,1,15,,87948,5,4,,1,15,,87967,5,4,,1,15,,87986,5,4,,1,55,,87930,5,4,,1,15,,87949,5,4,,1,15,,87968,5,4,,1,15,,87987,5,4,,1,55,,87931,5,4,,1,15,,87950,5,4,,1,15,,87969,5,4,,1,15,,87988,5,4,,1,55,,87932,5,4,,1,15,,87951,5,4,,1
1,'20261207',555,,88048,5,4,,1,55,,87989,5,4,,1,12,,88009,5,4,,1,15,,88029,5,4,,1,15,,88049,5,4,,1,55,,87990,5,4,,1,15,,88010,5,4,,1,15,,88030,5,4,,1,15,,88050,5,4,,1,55,,87991,5,4,,1,15,,88011,5,4,,1,15,,88031,5,4,,1,15,,88051,5,4,,1,55,,87992,5,4,,1,15,,88012,5,4,,1,15,,88032,5,4,,1,15,,88052,5,4,,1,55,,87993,5,4,,1,15,,88013,5,4,,1,15,,88033,5,4,,1,15,,88053,5,4,,1,55,,87994,5,4,,1,15,,88014,5,4,,1,15,,88034,5,4,,1,15,,88054,5,4,,1,55,,87995,5,4,,1,15,,88015,5,4,,1,15,,88035,5,4,,1,15,,88055,5,4,,1,55,,87996,5,4,,1,15,,88016,5,4,,1,15,,88036,5,4,,1,15,,88056,5,4,,1,55,,87997,5,4,,1,15,,88017,5,4,,1,15,,88037,5,4,,1,15,,88057,5,4,,1,55,,87998,5,4,,1,15,,88018,5,4,,1,15,,88038,5,4,,1,15,,88058,5,4,,1,55,,87999,5,4,,1,15,,88019,5,4,,1,15,,88039,5,4,,1,15,,88059,5,4,,1,55,,88000,5,4,,1,15,,88020,5,4,,1,15,,88040,5,4,,1,15,,88060,5,4,,1,55,,88001,5,4,,1,15,,88021,5,4,,1,15,,88041,5,4,,1,15,,88061,5,4,,1,55,,88002,5,4,,1,15,,88022,5,4,,1,15,,88042,5,4,,1,15,,88062,5,4,,1,55,,88003,5,4,,1,15,,88023,5,4,,1,15,,88043,5,4,,1,15,,88063,5,4,,1,55,,88004,5,4,,1,15,,88024,5,4,,1,15,,88044,5,4,,1,15,,88064,5,4,,1,55,,88005,5,4,,1,15,,88025,5,4,,1,15,,88045,5,4,,1,15,,88065,5,4,,1,55,,88006,5,4,,1,15,,88026,5,4,,1,15,,88046,5,4,,1,15,,88066,5,4,,1,55,,88007,5,4,,1,15,,88027,5,4,,1,15,,88047,5,4,,1,15,,88067,5,4,,1,55,,88008,5,4,,1,15,,88028,5,4,,1
1,'20261208',555,,88127,5,4,,1,55,,88068,5,4,,1,12,,88088,5,4,,1,15,,88108,5,4,,1,15,,88128,5,4,,1,55,,88069,5,4,,1,15,,88089,5,4,,1,15,,88109,5,4,,1,15,,88129,5,4,,1,55,,88070,5,4,,1,15,,88090,5,4,,1,15,,88110,5,4,,1,15,,88130,5,4,,1,55,,88071,5,4,,1,15,,88091,5,4,,1,15,,88111,5,4,,1,15,,88131,5,4,,1,55,,88072,5,4,,1,15,,88092,5,4,,1,15,,88112,5,4,,1,15,,88132,5,4,,1,55,,88073,5,4,,1,15,,88093,5,4,,1,15,,88113,5,4,,1,15,,88133,5,4,,1,55,,88074,5,4,,1,15,,88094,5,4,,1,15,,88114,5,4,,1,15,,88134,5,4,,1,55,,88075,5,4,,1,15,,88095,5,4,,1,15,,88115,5,4,,1,15,,88135,5,4,,1,55,,88076,5,4,,1,15,,88096,5,4,,1,15,,88116,5,4,,1,15,,88136,5,4,,1,55,,88077,5,4,,1,15,,88097,5,4,,1,15,,88117,5,4,,1,15,,88137,5,4,,1,55,,88078,5,4,,1,15,,88098,5,4,,1,15,,88118,5,4,,1,15,,88138,5,4,,1,55,,88079,5,4,,1,15,,88099,5,4,,1,15,,88119,5,4,,1,15,,88139,5,4,,1,55,,88080,5,4,,1,15,,88100,5,4,,1,15,,88120,5,4,,1,15,,88140,5,4,,1,55,,88081,5,4,,1,15,,88101,5,4,,1,15,,88121,5,4,,1,15,,88141,5,4,,1,55,,88082,5,4,,1,15,,88102,5,4,,1,15,,88122,5,4,,1,15,,88142,5,4,,1,55,,88083,5,4,,1,15,,88103,5,4,,1,15,,88123,5,4,,1,15,,88143,5,4,,1,55,,88084,5,4,,1,15,,88104,5,4,,1,15,,88124,5,4,,1,15,,88144,5,4,,1,55,,88085,5,4,,1,15,,88105,5,4,,1,15,,88125,5,4,,1,15,,88145,5,4,,1,55,,88086,5,4,,1,15,,88106,5,4,,1,15,,88126,5,4,,1,15,,88146,5,4,,1,55,,88087,5,4,,1,15,,88107,5,4,,1
1,'20261209',555,,88206,5,4,,1,55,,88147,5,4,,1,12,,88167,5,4,,1,15,,88187,5,4,,1,15,,88207,5,4,,1,55,,88148,5,4,,1,15,,88168,5,4,,1,15,,88188,5,4,,1,15,,88208,5,4,,1,55,,88149,5,4,,1,15,,88169,5,4,,1,15,,88189,5,4,,1,15,,88209,5,4,,1,55,,88150,5,4,,1,15,,88170,5,4,,1,15,,88190,5,4,,1,15,,88210,5,4,,1,55,,88151,5,4,,1,15,,88171,5,4,,1,15,,88191,5,4,,1,15,,88211,5,4,,1,55,,88152,5,4,,1,15,,88172,5,4,,1,15,,88192,5,4,,1,15,,88212,5,4,,1,55,,88153,5,4,,1,15,,88173,5,4,,1,15,,88193,5,4,,1,15,,88213,5,4,,1,55,,88154,5,4,,1,15,,88174,5,4,,1,15,,88194,5,4,,1,15,,88214,5,4,,1,55,,88155,5,4,,1,15,,88175,5,4,,1,15,,88195,5,4,,1,15,,88215,5,4,,1,55,,88156,5,4,,1,15,,88176,5,4,,1,15,,88196,5,4,,1,15,,88216,5,4,,1,55,,88157,5,4,,1,15,,88177,5,4,,1,15,,88197,5,4,,1,15,,88217,5,4,,1,55,,88158,5,4,,1,15,,88178,5,4,,1,15,,88198,5,4,,1,15,,88218,5,4,,1,55,,88159,5,4,,1,15,,88179,5,4,,1,15,,88199,5,4,,1,15,,88219,5,4,,1,55,,88160,5,4,,1,15,,88180,5,4,,1,15,,88200,5,4,,1,15,,88220,5,4,,1,55,,88161,5,4,,1,15,,88181,5,4,,1,15,,88201,5,4,,1,15,,88221,5,4,,1,55,,88162,5,4,,1,15,,88182,5,4,,1,15,,88202,5,4,,1,15,,88222,5,4,,1,55,,88163,5,4,,1,15,,88183,5,4,,1,15,,88203,5,4,,1,15,,88223,5,4,,1,55,,88164,5,4,,1,15,,88184,5,4,,1,15,,88204,5,4,,1,15,,88224,5,4,,1,55,,88165,5,4,,1,15,,88185,5,4,,1,15,,88205,5,4,,1,15,,88225,5,4,,1,55,,88166,5,4,,1,15,,88186,5,4,,1
1,'20261210',555,,88285,5,4,,1,55,,88226,5,4,,1,12,,88246,5,4,,1,15,,88266,5,4,,1,15,,88286,5,4,,1,55,,88227,5,4,,1,15,,88247,5,4,,1,15,,88267,5,4,,1,15,,88287,5,4,,1,55,,88228,5,4,,1,15,,88248,5,4,,1,15,,88268,5,4,,1,15,,88288,5,4,,1,55,,88229,5,4,,1,15,,88249,5,4,,1,15,,88269,5,4,,1,15,,88289,5,4,,1,55,,88230,5,4,,1,15,,88250,5,4,,1,15,,88270,5,4,,1,15,,88290,5,4,,1,55,,88231,5,4,,1,15,,88251,5,4,,1,15,,88271,5,4,,1,15,,88291,5,4,,1,55,,88232,5,4,,1,15,,88252,5,4,,1,15,,88272,5,4,,1,15,,88292,5,4,,1,55,,88233,5,4,,1,15,,88253,5,4,,1,15,,88273,5,4,,1,15,,88293,5,4,,1,55,,88234,5,4,,1,15,,88254,5,4,,1,15,,88274,5,4,,1,15,,88294,5,4,,1,55,,88235,5,4,,1,15,,88255,5,4,,1,15,,88275,5,4,,1,15,,88295,5,4,,1,55,,88236,5,4,,1,15,,88256,5,4,,1,15,,88276,5,4,,1,15,,88296,5,4,,1,55,,88237,5,4,,1,15,,88257,5,4,,1,15,,88277,5,4,,1,15,,88297,5,4,,1,55,,88238,5,4,,1,15,,88258,5,4,,1,15,,88278,5,4,,1,15,,88298,5,4,,1,55,,88239,5,4,,1,15,,88259,5,4,,1,15,,88279,5,4,,1,15,,88299,5,4,,1,55,,88240,5,4,,1,15,,88260,5,4,,1,15,,88280,5,4,,1,15,,88300,5,4,,1,55,,88241,5,4,,1,15,,88261,5,4,,1,15,,88281,5,4,,1,15,,88301,5,4,,1,55,,88242,5,4,,1,15,,88262,5,4,,1,15,,88282,5,4,,1,15,,88302,5,4,,1,55,,88243,5,4,,1,15,,88263,5,4,,1,15,,88283,5,4,,1,15,,88303,5,4,,1,55,,88244,5,4,,1,15,,88264,5,4,,1,15,,88284,5,4,,1,15,,88304,5,4,,1,55,,88245,5,4,,1,15,,88265,5,4,,1
1,'20261211',555,,88364,5,4,,1,55,,88305,5,4,,1,12,,88325,5,4,,1,15,,88345,5,4,,1,15,,88365,5,4,,1,55,,88306,5,4,,1,15,,88326,5,4,,1,15,,88346,5,4,,1,15,,88366,5,4,,1,55,,88307,5,4,,1,15,,88327,5,4,,1,15,,88347,5,4,,1,15,,88367,5,4,,1,55,,88308,5,4,,1,15,,88328,5,4,,1,15,,88348,5,4,,1,15,,88368,5,4,,1,55,,88309,5,4,,1,15,,88329,5,4,,1,15,,88349,5,4,,1,15,,88369,5,4,,1,55,,88310,5,4,,1,15,,88330,5,4,,1,15,,88350,5,4,,1,15,,88370,5,4,,1,55,,88311,5,4,,1,15,,88331,5,4,,1,15,,88351,5,4,,1,15,,88371,5,4,,1,55,,88312,5,4,,1,15,,88332,5,4,,1,15,,88352,5,4,,1,15,,88372,5,4,,1,55,,88313,5,4,,1,15,,88333,5,4,,1,15,,88353,5,4,,1,15,,88373,5,4,,1,55,,88314,5,4,,1,15,,88334,5,4,,1,15,,88354,5,4,,1,15,,88374,5,4,,1,55,,88315,5,4,,1,15,,88335,5,4,,1,15,,88355,5,4,,1,15,,88375,5,4,,1,55,,88316,5,4,,1,15,,88336,5,4,,1,15,,88356,5,4,,1,15,,88376,5,4,,1,55,,88317,5,4,,1,15,,88337,5,4,,1,15,,88357,5,4,,1,15,,88377,5,4,,1,55,,88318,5,4,,1,15,,88338,5,4,,1,15,,88358,5,4,,1,15,,88378,5,4,,1,55,,88319,5,4,,1,15,,88339,5,4,,1,15,,88359,5,4,,1,15,,88379,5,4,,1,55,,88320,5,4,,1,15,,88340,5,4,,1,15,,88360,5,4,,1,15,,88380,5,4,,1,55,,88321,5,4,,1,15,,88341,5,4,,1,15,,88361,5,4,,1,15,,88381,5,4,,1,55,,88322,5,4,,1,15,,88342,5,4,,1,15,,88362,5,4,,1,15,,88382,5,4,,1,55,,88323,5,4,,1,15,,88343,5,4,,1,15,,88363,5,4,,1,15,,88383,5,4,,1,55,,88324,5,4,,1,15,,88344,5,4,,1
1,'20261212',652,,88440,5,4,,1,55,,88384,5,4,,1,15,,88403,5,4,,1,15,,88422,5,4,,1,15,,88441,5,4,,1,55,,88385,5,4,,1,15,,88404,5,4,,1,15,,88423,5,4,,1,15,,88442,5,4,,1,55,,88386,5,4,,1,15,,88405,5,4,,1,15,,88424,5,4,,1,15,,88443,5,4,,1,55,,88387,5,4,,1,15,,88406,5,4,,1,15,,88425,5,4,,1,15,,88444,5,4,,1,55,,88388,5,4,,1,15,,88407,5,4,,1,15,,88426,5,4,,1,15,,88445,5,4,,1,55,,88389,5,4,,1,15,,88408,5,4,,1,15,,88427,5,4,,1,15,,88446,5,4,,1,55,,88390,5,4,,1,15,,88409,5,4,,1,15,,88428,5,4,,1,15,,88447,5,4,,1,55,,88391,5,4,,1,15,,88410,5,4,,1,15,,88429,5,4,,1,15,,88448,5,4,,1,55,,88392,5,4,,1,15,,88411,5,4,,1,15,,88430,5,4,,1,15,,88449,5,4,,1,55,,88393,5,4,,1,15,,88412,5,4,,1,15,,88431,5,4,,1,15,,88450,5,4,,1,55,,88394,5,4,,1,15,,88413,5,4,,1,15,,88432,5,4,,1,15,,88451,5,4,,1,55,,88395,5,4,,1,15,,88414,5,4,,1,15,,88433,5,4,,1,15,,88452,5,4,,1,55,,88396,5,4,,1,15,,88415,5,4,,1,15,,88434,5,4,,1,15,,88453,5,4,,1,55,,88397,5,4,,1,15,,88416,5,4,,1,15,,88435,5,4,,1,15,,88454,5,4,,1,55,,88398,5,4,,1,15,,88417,5,4,,1,15,,88436,5,4,,1,15,,88455,5,4,,1,55,,88399,5,4,,1,15,,88418,5,4,,1,15,,88437,5,4,,1,15,,88456,5,4,,1,55,,88400,5,4,,1,15,,88419,5,4,,1,15,,88438,5,4,,1,15,,88457,5,4,,1,55,,88401,5,4,,1,15,,88420,5,4,,1,15,,88439,5,4,,1,15,,88458,5,4,,1,55,,88402,5,4,,1,15,,88421,5,4,,1
1,'20261213',652,,88515,5,4,,1,55,,88459,5,4,,1,15,,88478,5,4,,1,15,,88497,5,4,,1,15,,88516,5,4,,1,55,,88460,5,4,,1,15,,88479,5,4,,1,15,,88498,5,4,,1,15,,88517,5,4,,1,55,,88461,5,4,,1,15,,88480,5,4,,1,15,,88499,5,4,,1,15,,88518,5,4,,1,55,,88462,5,4,,1,15,,88481,5,4,,1,15,,88500,5,4,,1,15,,88519,5,4,,1,55,,88463,5,4,,1,15,,88482,5,4,,1,15,,88501,5,4,,1,15,,88520,5,4,,1,55,,88464,5,4,,1,15,,88483,5,4,,1,15,,88502,5,4,,1,15,,88521,5,4,,1,55,,88465,5,4,,1,15,,88484,5,4,,1,15,,88503,5,4,,1,15,,88522,5,4,,1,55,,88466,5,4,,1,15,,88485,5,4,,1,15,,88504,5,4,,1,15,,88523,5,4,,1,55,,88467,5,4,,1,15,,88486,5,4,,1,15,,88505,5,4,,1,15,,88524,5,4,,1,55,,88468,5,4,,1,15,,88487,5,4,,1,15,,88506,5,4,,1,15,,88525,5,4,,1,55,,88469,5,4,,1,15,,88488,5,4,,1,15,,88507,5,4,,1,15,,88526,5,4,,1,55,,88470,5,4,,1,15,,88489,5,4,,1,15,,88508,5,4,,1,15,,88527,5,4,,1,55,,88471,5,4,,1,15,,88490,5,4,,1,15,,88509,5,4,,1,15,,88528,5,4,,1,55,,88472,5,4,,1,15,,88491,5,4,,1,15,,88510,5,4,,1,15,,88529,5,4,,1,55,,88473,5,4,,1,15,,88492,5,4,,1,15,,88511,5,4,,1,15,,88530,5,4,,1,55,,88474,5,4,,1,15,,88493,5,4,,1,15,,88512,5,4,,1,15,,88531,5,4,,1,55,,88475,5,4,,1,15,,88494,5,4,,1,15,,88513,5,4,,1,15,,88532,5,4,,1,55,,88476,5,4,,1,15,,88495,5,4,,1,15,,88514,5,4,,1,15,,88533,5,4,,1,55,,88477,5,4,,1,15,,88496,5,4,,1
1,'20261214',555,,88593,5,4,,1,55,,88534,5,4,,1,12,,88554,5,4,,1,15,,88574,5,4,,1,15,,88594,5,4,,1,55,,88535,5,4,,1,15,,88555,5,4,,1,15,,88575,5,4,,1,15,,88595,5,4,,1,55,,88536,5,4,,1,15,,88556,5,4,,1,15,,88576,5,4,,1,15,,88596,5,4,,1,55,,88537,5,4,,1,15,,88557,5,4,,1,15,,88577,5,4,,1,15,,88597,5,4,,1,55,,88538,5,4,,1,15,,88558,5,4,,1,15,,88578,5,4,,1,15,,88598,5,4,,1,55,,88539,5,4,,1,15,,88559,5,4,,1,15,,88579,5,4,,1,15,,88599,5,4,,1,55,,88540,5,4,,1,15,,88560,5,4,,1,15,,88580,5,4,,1,15,,88600,5,4,,1,55,,88541,5,4,,1,15,,88561,5,4,,1,15,,88581,5,4,,1,15,,88601,5,4,,1,55,,88542,5,4,,1,15,,88562,5,4,,1,15,,88582,5,4,,1,15,,88602,5,4,,1,55,,88543,5,4,,1,15,,88563,5,4,,1,15,,88583,5,4,,1,15,,88603,5,4,,1,55,,88544,5,4,,1,15,,88564,5,4,,1,15,,88584,5,4,,1,15,,88604,5,4,,1,55,,88545,5,4,,1,15,,88565,5,4,,1,15,,88585,5,4,,1,15,,88605,5,4,,1,55,,88546,5,4,,1,15,,88566,5,4,,1,15,,88586,5,4,,1,15,,88606,5,4,,1,55,,88547,5,4,,1,15,,88567,5,4,,1,15,,88587,5,4,,1,15,,88607,5,4,,1,55,,88548,5,4,,1,15,,88568,5,4,,1,15,,88588,5,4,,1,15,,88608,5,4,,1,55,,88549,5,4,,1,15,,88569,5,4,,1,15,,88589,5,4,,1,15,,88609,5,4,,1,55,,88550,5,4,,1,15,,88570,5,4,,1,15,,88590,5,4,,1,15,,88610,5,4,,1,55,,88551,5,4,,1,15,,88571,5,4,,1,15,,88591,5,4,,1,15,,88611,5,4,,1,55,,88552,5,4,,1,15,,88572,5,4,,1,15,,88592,5,4,,1,15,,88612,5,4,,1,55,,88553,5,4,,1,15,,88573,5,4,,1
1,'20261215',555,,88672,5,4,,1,55,,88613,5,4,,1,12,,88633,5,4,,1,15,,88653,5,4,,1,15,,88673,5,4,,1,55,,88614,5,4,,1,15,,88634,5,4,,1,15,,88654,5,4,,1,15,,88674,5,4,,1,55,,88615,5,4,,1,15,,88635,5,4,,1,15,,88655,5,4,,1,15,,88675,5,4,,1,55,,88616,5,4,,1,15,,88636,5,4,,1,15,,88656,5,4,,1,15,,88676,5,4,,1,55,,88617,5,4,,1,15,,88637,5,4,,1,15,,88657,5,4,,1,15,,88677,5,4,,1,55,,88618,5,4,,1,15,,88638,5,4,,1,15,,88658,5,4,,1,15,,88678,5,4,,1,55,,88619,5,4,,1,15,,88639,5,4,,1,15,,88659,5,4,,1,15,,88679,5,4,,1,55,,88620,5,4,,1,15,,88640,5,4,,1,15,,88660,5,4,,1,15,,88680,5,4,,1,55,,88621,5,4,,1,15,,88641,5,4,,1,15,,88661,5,4,,1,15,,88681,5,4,,1,55,,88622,5,4,,1,15,,88642,5,4,,1,15,,88662,5,4,,1,15,,88682,5,4,,1,55,,88623,5,4,,1,15,,88643,5,4,,1,15,,88663,5,4,,1,15,,88683,5,4,,1,55,,88624,5,4,,1,15,,88644,5,4,,1,15,,88664,5,4,,1,15,,88684,5,4,,1,55,,88625,5,4,,1,15,,88645,5,4,,1,15,,88665,5,4,,1,15,,88685,5,4,,1,55,,88626,5,4,,1,15,,88646,5,4,,1,15,,88666,5,4,,1,15,,88686,5,4,,1,55,,88627,5,4,,1,15,,88647,5,4,,1,15,,88667,5,4,,1,15,,88687,5,4,,1,55,,88628,5,4,,1,15,,88648,5,4,,1,15,,88668,5,4,,1,15,,88688,5,4,,1,55,,88629,5,4,,1,15,,88649,5,4,,1,15,,88669,5,4,,1,15,,88689,5,4,,1,55,,88630,5,4,,1,15,,88650,5,4,,1,15,,88670,5,4,,1,15,,88690,5,4,,1,55,,88631,5,4,,1,15,,88651,5,4,,1,15,,88671,5,4,,1,15,,88691,5,4,,1,55,,88632,5,4,,1,15,,88652,5,4,,1
1,'20261216',555,,88751,5,4,,1,55,,88692,5,4,,1,12,,88712,5,4,,1,15,,88732,5,4,,1,15,,88752,5,4,,1,55,,88693,5,4,,1,15,,88713,5,4,,1,15,,88733,5,4,,1,15,,88753,5,4,,1,55,,88694,5,4,,1,15,,88714,5,4,,1,15,,88734,5,4,,1,15,,88754,5,4,,1,55,,88695,5,4,,1,15,,88715,5,4,,1,15,,88735,5,4,,1,15,,88755,5,4,,1,55,,88696,5,4,,1,15,,88716,5,4,,1,15,,88736,5,4,,1,15,,88756,5,4,,1,55,,88697,5,4,,1,15,,88717,5,4,,1,15,,88737,5,4,,1,15,,88757,5,4,,1,55,,88698,5,4,,1,15,,88718,5,4,,1,15,,88738,5,4,,1,15,,88758,5,4,,1,55,,88699,5,4,,1,15,,88719,5,4,,1,15,,88739,5,4,,1,15,,88759,5,4,,1,55,,88700,5,4,,1,15,,88720,5,4,,1,15,,88740,5,4,,1,15,,88760,5,4,,1,55,,88701,5,4,,1,15,,88721,5,4,,1,15,,88741,5,4,,1,15,,88761,5,4,,1,55,,88702,5,4,,1,15,,88722,5,4,,1,15,,88742,5,4,,1,15,,88762,5,4,,1,55,,88703,5,4,,1,15,,88723,5,4,,1,15,,88743,5,4,,1,15,,88763,5,4,,1,55,,88704,5,4,,1,15,,88724,5,4,,1,15,,88744,5,4,,1,15,,88764,5,4,,1,55,,88705,5,4,,1,15,,88725,5,4,,1,15,,88745,5,4,,1,15,,88765,5,4,,1,55,,88706,5,4,,1,15,,88726,5,4,,1,15,,88746,5,4,,1,15,,88766,5,4,,1,55,,88707,5,4,,1,15,,88727,5,4,,1,15,,88747,5,4,,1,15,,88767,5,4,,1,55,,88708,5,4,,1,15,,88728,5,4,,1,15,,88748,5,4,,1,15,,88768,5,4,,1,55,,88709,5,4,,1,15,,88729,5,4,,1,15,,88749,5,4,,1,15,,88769,5,4,,1,55,,88710,5,4,,1,15,,88730,5,4,,1,15,,88750,5,4,,1,15,,88770,5,4,,1,55,,88711,5,4,,1,15,,88731,5,4,,1
1,'20261217',555,,88830,5,4,,1,55,,88771,5,4,,1,12,,88791,5,4,,1,15,,88811,5,4,,1,15,,88831,5,4,,1,55,,88772,5,4,,1,15,,88792,5,4,,1,15,,88812,5,4,,1,15,,88832,5,4,,1,55,,88773,5,4,,1,15,,88793,5,4,,1,15,,88813,5,4,,1,15,,88833,5,4,,1,55,,88774,5,4,,1,15,,88794,5,4,,1,15,,88814,5,4,,1,15,,88834,5,4,,1,55,,88775,5,4,,1,15,,88795,5,4,,1,15,,88815,5,4,,1,15,,88835,5,4,,1,55,,88776,5,4,,1,15,,88796,5,4,,1,15,,88816,5,4,,1,15,,88836,5,4,,1,55,,88777,5,4,,1,15,,88797,5,4,,1,15,,88817,5,4,,1,15,,88837,5,4,,1,55,,88778,5,4,,1,15,,88798,5,4,,1,15,,88818,5,4,,1,15,,88838,5,4,,1,55,,88779,5,4,,1,15,,88799,5,4,,1,15,,88819,5,4,,1,15,,88839,5,4,,1,55,,88780,5,4,,1,15,,88800,5,4,,1,15,,88820,5,4,,1,15,,88840,5,4,,1,55,,88781,5,4,,1,15,,88801,5,4,,1,15,,88821,5,4,,1,15,,88841,5,4,,1,55,,88782,5,4,,1,15,,88802,5,4,,1,15,,88822,5,4,,1,15,,88842,5,4,,1,55,,88783,5,4,,1,15,,88803,5,4,,1,15,,88823,5,4,,1,15,,88843,5,4,,1,55,,88784,5,4,,1,15,,88804,5,4,,1,15,,88824,5,4,,1,15,,88844,5,4,,1,55,,88785,5,4,,1,15,,88805,5,4,,1,15,,88825,5,4,,1,15,,88845,5,4,,1,55,,88786,5,4,,1,15,,88806,5,4,,1,15,,88826,5,4,,1,15,,88846,5,4,,1,55,,88787,5,4,,1,15,,88807,5,4,,1,15,,88827,5,4,,1,15,,88847,5,4,,1,55,,88788,5,4,,1,15,,88808,5,4,,1,15,,88828,5,4,,1,15,,88848,5,4,,1,55,,88789,5,4,,1,15,,88809,5,4,,1,15,,88829,5,4,,1,15,,88849,5,4,,1,55,,88790,5,4,,1,15,,88810,5,4,,1
1,'20261218',555,,88909,5,4,,1,55,,88850,5,4,,1,12,,88870,5,4,,1,15,,88890,5,4,,1,15,,88910,5,4,,1,55,,88851,5,4,,1,15,,88871,5,4,,1,15,,88891,5,4,,1,15,,88911,5,4,,1,55,,88852,5,4,,1,15,,88872,5,4,,1,15,,88892,5,4,,1,15,,88912,5,4,,1,55,,88853,5,4,,1,15,,88873,5,4,,1,15,,88893,5,4,,1,15,,88913,5,4,,1,55,,88854,5,4,,1,15,,88874,5,4,,1,15,,88894,5,4,,1,15,,88914,5,4,,1,55,,88855,5,4,,1,15,,88875,5,4,,1,15,,88895,5,4,,1,15,,88915,5,4,,1,55,,88856,5,4,,1,15,,88876,5,4,,1,15,,88896,5,4,,1,15,,88916,5,4,,1,55,,88857,5,4,,1,15,,88877,5,4,,1,15,,88897,5,4,,1,15,,88917,5,4,,1,55,,88858,5,4,,1,15,,88878,5,4,,1,15,,88898,5,4,,1,15,,88918,5,4,,1,55,,88859,5,4,,1,15,,88879,5,4,,1,15,,88899,5,4,,1,15,,88919,5,4,,1,55,,88860,5,4,,1,15,,88880,5,4,,1,15,,88900,5,4,,1,15,,88920,5,4,,1,55,,88861,5,4,,1,15,,88881,5,4,,1,15,,88901,5,4,,1,15,,88921,5,4,,1,55,,88862,5,4,,1,15,,88882,5,4,,1,15,,88902,5,4,,1,15,,88922,5,4,,1,55,,88863,5,4,,1,15,,88883,5,4,,1,15,,88903,5,4,,1,15,,88923,5,4,,1,55,,88864,5,4,,1,15,,88884,5,4,,1,15,,88904,5,4,,1,15,,88924,5,4,,1,55,,88865,5,4,,1,15,,88885,5,4,,1,15,,88905,5,4,,1,15,,88925,5,4,,1,55,,88866,5,4,,1,15,,88886,5,4,,1,15,,88906,5,4,,1,15,,88926,5,4,,1,55,,88867,5,4,,1,15,,88887,5,4,,1,15,,88907,5,4,,1,15,,88927,5,4,,1,55,,88868,5,4,,1,15,,88888,5,4,,1,15,,88908,5,4,,1,15,,88928,5,4,,1,55,,88869,5,4,,1,15,,88889,5,4,,1
1,'20261219',652,,88985,5,4,,1,55,,88929,5,4,,1,15,,88948,5,4,,1,15,,88967,5,4,,1,15,,88986,5,4,,1,55,,88930,5,4,,1,15,,88949,5,4,,1,15,,88968,5,4,,1,15,,88987,5,4,,1,55,,88931,5,4,,1,15,,88950,5,4,,1,15,,88969,5,4,,1,15,,88988,5,4,,1,55,,88932,5,4,,1,15,,88951,5,4,,1,15,,88970,5,4,,1,15,,88989,5,4,,1,55,,88933,5,4,,1,15,,88952,5,4,,1,15,,88971,5,4,,1,15,,88990,5,4,,1,55,,88934,5,4,,1,15,,88953,5,4,,1,15,,88972,5,4,,1,15,,88991,5,4,,1,55,,88935,5,4,,1,15,,88954,5,4,,1,15,,88973,5,4,,1,15,,88992,5,4,,1,55,,88936,5,4,,1,15,,88955,5,4,,1,15,,88974,5,4,,1,15,,88993,5,4,,1,55,,88937,5,4,,1,15,,88956,5,4,,1,15,,88975,5,4,,1,15,,88994,5,4,,1,55,,88938,5,4,,1,15,,88957,5,4,,1,15,,88976,5,4,,1,15,,88995,5,4,,1,55,,88939,5,4,,1,15,,88958,5,4,,1,15,,88977,5,4,,1,15,,88996,5,4,,1,55,,88940,5,4,,1,15,,88959,5,4,,1,15,,88978,5,4,,1,15,,88997,5,4,,1,55,,88941,5,4,,1,15,,88960,5,4,,1,15,,88979,5,4,,1,15,,88998,5,4,,1,55,,88942,5,4,,1,15,,88961,5,4,,1,15,,88980,5,4,,1,15,,88999,5,4,,1,55,,88943,5,4,,1,15,,88962,5,4,,1,15,,88981,5,4,,1,15,,89000,5,4,,1,55,,88944,5,4,,1,15,,88963,5,4,,1,15,,88982,5,4,,1,15,,89001,5,4,,1,55,,88945,5,4,,1,15,,88964,5,4,,1,15,,88983,5,4,,1,15,,89002,5,4,,1,55,,88946,5,4,,1,15,,88965,5,4,,1,15,,88984,5,4,,1,15,,89003,5,4,,1,55,,88947,5,4,,1,15,,88966,5,4,,1
1,'20261220',652,,89060,5,4,,1,55,,89004,5,4,,1,15,,89023,5,4,,1,15,,89042,5,4,,1,15,,89061,5,4,,1,55,,89005,5,4,,1,15,,89024,5,4,,1,15,,89043,5,4,,1,15,,89062,5,4,,1,55,,89006,5,4,,1,15,,89025,5,4,,1,15,,89044,5,4,,1,15,,89063,5,4,,1,55,,89007,5,4,,1,15,,89026,5,4,,1,15,,89045,5,4,,1,15,,89064,5,4,,1,55,,89008,5,4,,1,15,,89027,5,4,,1,15,,89046,5,4,,1,15,,89065,5,4,,1,55,,89009,5,4,,1,15,,89028,5,4,,1,15,,89047,5,4,,1,15,,89066,5,4,,1,55,,89010,5,4,,1,15,,89029,5,4,,1,15,,89048,5,4,,1,15,,89067,5,4,,1,55,,89011,5,4,,1,15,,89030,5,4,,1,15,,89049,5,4,,1,15,,89068,5,4,,1,55,,89012,5,4,,1,15,,89031,5,4,,1,15,,89050,5,4,,1,15,,89069,5,4,,1,55,,89013,5,4,,1,15,,89032,5,4,,1,15,,89051,5,4,,1,15,,89070,5,4,,1,55,,89014,5,4,,1,15,,89033,5,4,,1,15,,89052,5,4,,1,15,,89071,5,4,,1,55,,89015,5,4,,1,15,,89034,5,4,,1,15,,89053,5,4,,1,15,,89072,5,4,,1,55,,89016,5,4,,1,15,,89035,5,4,,1,15,,89054,5,4,,1,15,,89073,5,4,,1,55,,89017,5,4,,1,15,,89036,5,4,,1,15,,89055,5,4,,1,15,,89074,5,4,,1,55,,89018,5,4,,1,15,,89037,5,4,,1,15,,89056,5,4,,1,15,,89075,5,4,,1,55,,89019,5,4,,1,15,,89038,5,4,,1,15,,89057,5,4,,1,15,,89076,5,4,,1,55,,89020,5,4,,1,15,,89039,5,4,,1,15,,89058,5,4,,1,15,,89077,5,4,,1,55,,89021,5,4,,1,15,,89040,5,4,,1,15,,89059,5,4,,1,15,,89078,5,4,,1,55,,89022,5,4,,1,15,,89041,5,4,,1
1,'20261221',555,,89138,5,4,,1,55,,89079,5,4,,1,12,,89099,5,4,,1,15,,89119,5,4,,1,15,,89139,5,4,,1,55,,89080,5,4,,1,15,,89100,5,4,,1,15,,89120,5,4,,1,15,,89140,5,4,,1,55,,89081,5,4,,1,15,,89101,5,4,,1,15,,89121,5,4,,1,15,,89141,5,4,,1,55,,89082,5,4,,1,15,,89102,5,4,,1,15,,89122,5,4,,1,15,,89142,5,4,,1,55,,89083,5,4,,1,15,,89103,5,4,,1,15,,89123,5,4,,1,15,,89143,5,4,,1,55,,89084,5,4,,1,15,,89104,5,4,,1,15,,89124,5,4,,1,15,,89144,5,4,,1,55,,89085,5,4,,1,15,,89105,5,4,,1,15,,89125,5,4,,1,15,,89145,5,4,,1,55,,89086,5,4,,1,15,,89106,5,4,,1,15,,89126,5,4,,1,15,,89146,5,4,,1,55,,89087,5,4,,1,15,,89107,5,4,,1,15,,89127,5,4,,1,15,,89147,5,4,,1,55,,89088,5,4,,1,15,,89108,5,4,,1,15,,89128,5,4,,1,15,,89148,5,4,,1,55,,89089,5,4,,1,15,,89109,5,4,,1,15,,89129,5,4,,1,15,,89149,5,4,,1,55,,89090,5,4,,1,15,,89110,5,4,,1,15,,89130,5,4,,1,15,,89150,5,4,,1,55,,89091,5,4,,1,15,,89111,5,4,,1,15,,89131,5,4,,1,15,,89151,5,4,,1,55,,89092,5,4,,1,15,,89112,5,4,,1,15,,89132,5,4,,1,15,,89152,5,4,,1,55,,89093,5,4,,1,15,,89113,5,4,,1,15,,89133,5,4,,1,15,,89153,5,4,,1,55,,89094,5,4,,1,15,,89114,5,4,,1,15,,89134,5,4,,1,15,,89154,5,4,,1,55,,89095,5,4,,1,15,,89115,5,4,,1,15,,89135,5,4,,1,15,,89155,5,4,,1,55,,89096,5,4,,1,15,,89116,5,4,,1,15,,89136,5,4,,1,15,,89156,5,4,,1,55,,89097,5,4,,1,15,,89117,5,4,,1,15,,89137,5,4,,1,15,,89157,5,4,,1,55,,89098,5,4,,1,15,,89118,5,4,,1
1,'20261222',555,,89217,5,4,,1,55,,89158,5,4,,1,12,,89178,5,4,,1,15,,89198,5,4,,1,15,,89218,5,4,,1,55,,89159,5,4,,1,15,,89179,5,4,,1,15,,89199,5,4,,1,15,,89219,5,4,,1,55,,89160,5,4,,1,15,,89180,5,4,,1,15,,89200,5,4,,1,15,,89220,5,4,,1,55,,89161,5,4,,1,15,,89181,5,4,,1,15,,89201,5,4,,1,15,,89221,5,4,,1,55,,89162,5,4,,1,15,,89182,5,4,,1,15,,89202,5,4,,1,15,,89222,5,4,,1,55,,89163,5,4,,1,15,,89183,5,4,,1,15,,89203,5,4,,1,15,,89223,5,4,,1,55,,89164,5,4,,1,15,,89184,5,4,,1,15,,89204,5,4,,1,15,,89224,5,4,,1,55,,89165,5,4,,1,15,,89185,5,4,,1,15,,89205,5,4,,1,15,,89225,5,4,,1,55,,89166,5,4,,1,15,,89186,5,4,,1,15,,89206,5,4,,1,15,,89226,5,4,,1,55,,89167,5,4,,1,15,,89187,5,4,,1,15,,89207,5,4,,1,15,,89227,5,4,,1,55,,89168,5,4,,1,15,,89188,5,4,,1,15,,89208,5,4,,1,15,,89228,5,4,,1,55,,89169,5,4,,1,15,,89189,5,4,,1,15,,89209,5,4,,1,15,,89229,5,4,,1,55,,89170,5,4,,1,15,,89190,5,4,,1,15,,89210,5,4,,1,15,,89230,5,4,,1,55,,89171,5,4,,1,15,,89191,5,4,,1,15,,89211,5,4,,1,15,,89231,5,4,,1,55,,89172,5,4,,1,15,,89192,5,4,,1,15,,89212,5,4,,1,15,,89232,5,4,,1,55,,89173,5,4,,1,15,,89193,5,4,,1,15,,89213,5,4,,1,15,,89233,5,4,,1,55,,89174,5,4,,1,15,,89194,5,4,,1,15,,89214,5,4,,1,15,,89234,5,4,,1,55,,89175,5,4,,1,15,,89195,5,4,,1,15,,89215,5,4,,1,15,,89235,5,4,,1,55,,89176,5,4,,1,15,,89196,5,4,,1,15,,89216,5,4,,1,15,,89236,5,4,,1,55,,89177,5,4,,1,15,,89197,5,4,,1
1,'20261223',555,,89296,5,4,,1,55,,89237,5,4,,1,12,,89257,5,4,,1,15,,89277,5,4,,1,15,,89297,5,4,,1,55,,89238,5,4,,1,15,,89258,5,4,,1,15,,89278,5,4,,1,15,,89298,5,4,,1,55,,89239,5,4,,1,15,,89259,5,4,,1,15,,89279,5,4,,1,15,,89299,5,4,,1,55,,89240,5,4,,1,15,,89260,5,4,,1,15,,89280,5,4,,1,15,,89300,5,4,,1,55,,89241,5,4,,1,15,,89261,5,4,,1,15,,89281,5,4,,1,15,,89301,5,4,,1,55,,89242,5,4,,1,15,,89262,5,4,,1,15,,89282,5,4,,1,15,,89302,5,4,,1,55,,89243,5,4,,1,15,,89263,5,4,,1,15,,89283,5,4,,1,15,,89303,5,4,,1,55,,89244,5,4,,1,15,,89264,5,4,,1,15,,89284,5,4,,1,15,,89304,5,4,,1,55,,89245,5,4,,1,15,,89265,5,4,,1,15,,89285,5,4,,1,15,,89305,5,4,,1,55,,89246,5,4,,1,15,,89266,5,4,,1,15,,89286,5,4,,1,15,,89306,5,4,,1,55,,89247,5,4,,1,15,,89267,5,4,,1,15,,89287,5,4,,1,15,,89307,5,4,,1,55,,89248,5,4,,1,15,,89268,5,4,,1,15,,89288,5,4,,1,15,,89308,5,4,,1,55,,89249,5,4,,1,15,,89269,5,4,,1,15,,89289,5,4,,1,15,,89309,5,4,,1,55,,89250,5,4,,1,15,,89270,5,4,,1,15,,89290,5,4,,1,15,,89310,5,4,,1,55,,89251,5,4,,1,15,,89271,5,4,,1,15,,89291,5,4,,1,15,,89311,5,4,,1,55,,89252,5,4,,1,15,,89272,5,4,,1,15,,89292,5,4,,1,15,,89312,5,4,,1,55,,89253,5,4,,1,15,,89273,5,4,,1,15,,89293,5,4,,1,15,,89313,5,4,,1,55,,89254,5,4,,1,15,,89274,5,4,,1,15,,89294,5,4,,1,15,,89314,5,4,,1,55,,89255,5,4,,1,15,,89275,5,4,,1,15,,89295,5,4,,1,15,,89315,5,4,,1,55,,89256,5,4,,1,15,,89276,5,4,,1
1,'20261224',555,,89375,5,4,,1,55,,89316,5,4,,1,12,,89336,5,4,,1,15,,89356,5,4,,1,15,,89376,5,4,,1,55,,89317,5,4,,1,15,,89337,5,4,,1,15,,89357,5,4,,1,15,,89377,5,4,,1,55,,89318,5,4,,1,15,,89338,5,4,,1,15,,89358,5,4,,1,15,,89378,5,4,,1,55,,89319,5,4,,1,15,,89339,5,4,,1,15,,89359,5,4,,1,15,,89379,5,4,,1,55,,89320,5,4,,1,15,,89340,5,4,,1,15,,89360,5,4,,1,15,,89380,5,4,,1,55,,89321,5,4,,1,15,,89341,5,4,,1,15,,89361,5,4,,1,15,,89381,5,4,,1,55,,89322,5,4,,1,15,,89342,5,4,,1,15,,89362,5,4,,1,15,,89382,5,4,,1,55,,89323,5,4,,1,15,,89343,5,4,,1,15,,89363,5,4,,1,15,,89383,5,4,,1,55,,89324,5,4,,1,15,,89344,5,4,,1,15,,89364,5,4,,1,15,,89384,5,4,,1,55,,89325,5,4,,1,15,,89345,5,4,,1,15,,89365,5,4,,1,15,,89385,5,4,,1,55,,89326,5,4,,1,15,,89346,5,4,,1,15,,89366,5,4,,1,15,,89386,5,4,,1,55,,89327,5,4,,1,15,,89347,5,4,,1,15,,89367,5,4,,1,15,,89387,5,4,,1,55,,89328,5,4,,1,15,,89348,5,4,,1,15,,89368,5,4,,1,15,,89388,5,4,,1,55,,89329,5,4,,1,15,,89349,5,4,,1,15,,89369,5,4,,1,15,,89389,5,4,,1,55,,89330,5,4,,1,15,,89350,5,4,,1,15,,89370,5,4,,1,15,,89390,5,4,,1,55,,89331,5,4,,1,15,,89351,5,4,,1,15,,89371,5,4,,1,15,,89391,5,4,,1,55,,89332,5,4,,1,15,,89352,5,4,,1,15,,89372,5,4,,1,15,,89392,5,4,,1,55,,89333,5,4,,1,15,,89353,5,4,,1,15,,89373,5,4,,1,15,,89393,5,4,,1,55,,89334,5,4,,1,15,,89354,5,4,,1,15,,89374,5,4,,1,15,,89394,5,4,,1,55,,89335,5,4,,1,15,,89355,5,4,,1
1,'20261225',555,,89454,5,4,,1,55,,89395,5,4,,1,12,,89415,5,4,,1,15,,89435,5,4,,1,15,,89455,5,4,,1,55,,89396,5,4,,1,15,,89416,5,4,,1,15,,89436,5,4,,1,15,,89456,5,4,,1,55,,89397,5,4,,1,15,,89417,5,4,,1,15,,89437,5,4,,1,15,,89457,5,4,,1,55,,89398,5,4,,1,15,,89418,5,4,,1,15,,89438,5,4,,1,15,,89458,5,4,,1,55,,89399,5,4,,1,15,,89419,5,4,,1,15,,89439,5,4,,1,15,,89459,5,4,,1,55,,89400,5,4,,1,15,,89420,5,4,,1,15,,89440,5,4,,1,15,,89460,5,4,,1,55,,89401,5,4,,1,15,,89421,5,4,,1,15,,89441,5,4,,1,15,,89461,5,4,,1,55,,89402,5,4,,1,15,,89422,5,4,,1,15,,89442,5,4,,1,15,,89462,5,4,,1,55,,89403,5,4,,1,15,,89423,5,4,,1,15,,89443,5,4,,1,15,,89463,5,4,,1,55,,89404,5,4,,1,15,,89424,5,4,,1,15,,89444,5,4,,1,15,,89464,5,4,,1,55,,89405,5,4,,1,15,,89425,5,4,,1,15,,89445,5,4,,1,15,,89465,5,4,,1,55,,89406,5,4,,1,15,,89426,5,4,,1,15,,89446,5,4,,1,15,,89466,5,4,,1,55,,89407,5,4,,1,15,,89427,5,4,,1,15,,89447,5,4,,1,15,,89467,5,4,,1,55,,89408,5,4,,1,15,,89428,5,4,,1,15,,89448,5,4,,1,15,,89468,5,4,,1,55,,89409,5,4,,1,15,,89429,5,4,,1,15,,89449,5,4,,1,15,,89469,5,4,,1,55,,89410,5,4,,1,15,,89430,5,4,,1,15,,89450,5,4,,1,15,,89470,5,4,,1,55,,89411,5,4,,1,15,,89431,5,4,,1,15,,89451,5,4,,1,15,,89471,5,4,,1,55,,89412,5,4,,1,15,,89432,5,4,,1,15,,89452,5,4,,1,15,,89472,5,4,,1,55,,89413,5,4,,1,15,,89433,5,4,,1,15,,89453,5,4,,1,15,,89473,5,4,,1,55,,89414,5,4,,1,15,,89434,5,4,,1
1,'20261226',652,,89530,5,4,,1,55,,89474,5,4,,1,15,,89493,5,4,,1,15,,89512,5,4,,1,15,,89531,5,4,,1,55,,89475,5,4,,1,15,,89494,5,4,,1,15,,89513,5,4,,1,15,,89532,5,4,,1,55,,89476,5,4,,1,15,,89495,5,4,,1,15,,89514,5,4,,1,15,,89533,5,4,,1,55,,89477,5,4,,1,15,,89496,5,4,,1,15,,89515,5,4,,1,15,,89534,5,4,,1,55,,89478,5,4,,1,15,,89497,5,4,,1,15,,89516,5,4,,1,15,,89535,5,4,,1,55,,89479,5,4,,1,15,,89498,5,4,,1,15,,89517,5,4,,1,15,,89536,5,4,,1,55,,89480,5,4,,1,15,,89499,5,4,,1,15,,89518,5,4,,1,15,,89537,5,4,,1,55,,89481,5,4,,1,15,,89500,5,4,,1,15,,89519,5,4,,1,15,,89538,5,4,,1,55,,89482,5,4,,1,15,,89501,5,4,,1,15,,89520,5,4,,1,15,,89539,5,4,,1,55,,89483,5,4,,1,15,,89502,5,4,,1,15,,89521,5,4,,1,15,,89540,5,4,,1,55,,89484,5,4,,1,15,,89503,5,4,,1,15,,89522,5,4,,1,15,,89541,5,4,,1,55,,89485,5,4,,1,15,,89504,5,4,,1,15,,89523,5,4,,1,15,,89542,5,4,,1,55,,89486,5,4,,1,15,,89505,5,4,,1,15,,89524,5,4,,1,15,,89543,5,4,,1,55,,89487,5,4,,1,15,,89506,5,4,,1,15,,89525,5,4,,1,15,,89544,5,4,,1,55,,89488,5,4,,1,15,,89507,5,4,,1,15,,89526,5,4,,1,15,,89545,5,4,,1,55,,89489,5,4,,1,15,,89508,5,4,,1,15,,89527,5,4,,1,15,,89546,5,4,,1,55,,89490,5,4,,1,15,,89509,5,4,,1,15,,89528,5,4,,1,15,,89547,5,4,,1,55,,89491,5,4,,1,15,,89510,5,4,,1,15,,89529,5,4,,1,15,,89548,5,4,,1,55,,89492,5,4,,1,15,,89511,5,4,,1
1,'20261227',652,,89605,5,4,,1,55,,89549,5,4,,1,15,,89568,5,4,,1,15,,89587,5,4,,1,15,,89606,5,4,,1,55,,89550,5,4,,1,15,,89569,5,4,,1,15,,89588,5,4,,1,15,,89607,5,4,,1,55,,89551,5,4,,1,15,,89570,5,4,,1,15,,89589,5,4,,1,15,,89608,5,4,,1,55,,89552,5,4,,1,15,,89571,5,4,,1,15,,89590,5,4,,1,15,,89609,5,4,,1,55,,89553,5,4,,1,15,,89572,5,4,,1,15,,89591,5,4,,1,15,,89610,5,4,,1,55,,89554,5,4,,1,15,,89573,5,4,,1,15,,89592,5,4,,1,15,,89611,5,4,,1,55,,89555,5,4,,1,15,,89574,5,4,,1,15,,89593,5,4,,1,15,,89612,5,4,,1,55,,89556,5,4,,1,15,,89575,5,4,,1,15,,89594,5,4,,1,15,,89613,5,4,,1,55,,89557,5,4,,1,15,,89576,5,4,,1,15,,89595,5,4,,1,15,,89614,5,4,,1,55,,89558,5,4,,1,15,,89577,5,4,,1,15,,89596,5,4,,1,15,,89615,5,4,,1,55,,89559,5,4,,1,15,,89578,5,4,,1,15,,89597,5,4,,1,15,,89616,5,4,,1,55,,89560,5,4,,1,15,,89579,5,4,,1,15,,89598,5,4,,1,15,,89617,5,4,,1,55,,89561,5,4,,1,15,,89580,5,4,,1,15,,89599,5,4,,1,15,,89618,5,4,,1,55,,89562,5,4,,1,15,,89581,5,4,,1,15,,89600,5,4,,1,15,,89619,5,4,,1,55,,89563,5,4,,1,15,,89582,5,4,,1,15,,89601,5,4,,1,15,,89620,5,4,,1,55,,89564,5,4,,1,15,,89583,5,4,,1,15,,89602,5,4,,1,15,,89621,5,4,,1,55,,89565,5,4,,1,15,,89584,5,4,,1,15,,89603,5,4,,1,15,,89622,5,4,,1,55,,89566,5,4,,1,15,,89585,5,4,,1,15,,89604,5,4,,1,15,,89623,5,4,,1,55,,89567,5,4,,1,15,,89586,5,4,,1
1,'20261228',555,,89683,5,4,,1,55,,89624,5,4,,1,12,,89644,5,4,,1,15,,89664,5,4,,1,15,,89684,5,4,,1,55,,89625,5,4,,1,15,,89645,5,4,,1,15,,89665,5,4,,1,15,,89685,5,4,,1,55,,89626,5,4,,1,15,,89646,5,4,,1,15,,89666,5,4,,1,15,,89686,5,4,,1,55,,89627,5,4,,1,15,,89647,5,4,,1,15,,89667,5,4,,1,15,,89687,5,4,,1,55,,89628,5,4,,1,15,,89648,5,4,,1,15,,89668,5,4,,1,15,,89688,5,4,,1,55,,89629,5,4,,1,15,,89649,5,4,,1,15,,89669,5,4,,1,15,,89689,5,4,,1,55,,89630,5,4,,1,15,,89650,5,4,,1,15,,89670,5,4,,1,15,,89690,5,4,,1,55,,89631,5,4,,1,15,,89651,5,4,,1,15,,89671,5,4,,1,15,,89691,5,4,,1,55,,89632,5,4,,1,15,,89652,5,4,,1,15,,89672,5,4,,1,15,,89692,5,4,,1,55,,89633,5,4,,1,15,,89653,5,4,,1,15,,89673,5,4,,1,15,,89693,5,4,,1,55,,89634,5,4,,1,15,,89654,5,4,,1,15,,89674,5,4,,1,15,,89694,5,4,,1,55,,89635,5,4,,1,15,,89655,5,4,,1,15,,89675,5,4,,1,15,,89695,5,4,,1,55,,89636,5,4,,1,15,,89656,5,4,,1,15,,89676,5,4,,1,15,,89696,5,4,,1,55,,89637,5,4,,1,15,,89657,5,4,,1,15,,89677,5,4,,1,15,,89697,5,4,,1,55,,89638,5,4,,1,15,,89658,5,4,,1,15,,89678,5,4,,1,15,,89698,5,4,,1,55,,89639,5,4,,1,15,,89659,5,4,,1,15,,89679,5,4,,1,15,,89699,5,4,,1,55,,89640,5,4,,1,15,,89660,5,4,,1,15,,89680,5,4,,1,15,,89700,5,4,,1,55,,89641,5,4,,1,15,,89661,5,4,,1,15,,89681,5,4,,1,15,,89701,5,4,,1,55,,89642,5,4,,1,15,,89662,5,4,,1,15,,89682,5,4,,1,15,,89702,5,4,,1,55,,89643,5,4,,1,15,,89663,5,4,,1
1,'20261229',555,,89762,5,4,,1,55,,89703,5,4,,1,12,,89723,5,4,,1,15,,89743,5,4,,1,15,,89763,5,4,,1,55,,89704,5,4,,1,15,,89724,5,4,,1,15,,89744,5,4,,1,15,,89764,5,4,,1,55,,89705,5,4,,1,15,,89725,5,4,,1,15,,89745,5,4,,1,15,,89765,5,4,,1,55,,89706,5,4,,1,15,,89726,5,4,,1,15,,89746,5,4,,1,15,,89766,5,4,,1,55,,89707,5,4,,1,15,,89727,5,4,,1,15,,89747,5,4,,1,15,,89767,5,4,,1,55,,89708,5,4,,1,15,,89728,5,4,,1,15,,89748,5,4,,1,15,,89768,5,4,,1,55,,89709,5,4,,1,15,,89729,5,4,,1,15,,89749,5,4,,1,15,,89769,5,4,,1,55,,89710,5,4,,1,15,,89730,5,4,,1,15,,89750,5,4,,1,15,,89770,5,4,,1,55,,89711,5,4,,1,15,,89731,5,4,,1,15,,89751,5,4,,1,15,,89771,5,4,,1,55,,89712,5,4,,1,15,,89732,5,4,,1,15,,89752,5,4,,1,15,,89772,5,4,,1,55,,89713,5,4,,1,15,,89733,5,4,,1,15,,89753,5,4,,1,15,,89773,5,4,,1,55,,89714,5,4,,1,15,,89734,5,4,,1,15,,89754,5,4,,1,15,,89774,5,4,,1,55,,89715,5,4,,1,15,,89735,5,4,,1,15,,89755,5,4,,1,15,,89775,5,4,,1,55,,89716,5,4,,1,15,,89736,5,4,,1,15,,89756,5,4,,1,15,,89776,5,4,,1,55,,89717,5,4,,1,15,,89737,5,4,,1,15,,89757,5,4,,1,15,,89777,5,4,,1,55,,89718,5,4,,1,15,,89738,5,4,,1,15,,89758,5,4,,1,15,,89778,5,4,,1,55,,89719,5,4,,1,15,,89739,5,4,,1,15,,89759,5,4,,1,15,,89779,5,4,,1,55,,89720,5,4,,1,15,,89740,5,4,,1,15,,89760,5,4,,1,15,,89780,5,4,,1,55,,89721,5,4,,1,15,,89741,5,4,,1,15,,89761,5,4,,1,15,,89781,5,4,,1,55,,89722,5,4,,1,15,,89742,5,4,,1
1,'20261230',555,,89841,5,4,,1,55,,89782,5,4,,1,12,,89802,5,4,,1,15,,89822,5,4,,1,15,,89842,5,4,,1,55,,89783,5,4,,1,15,,89803,5,4,,1,15,,89823,5,4,,1,15,,89843,5,4,,1,55,,89784,5,4,,1,15,,89804,5,4,,1,15,,89824,5,4,,1,15,,89844,5,4,,1,55,,89785,5,4,,1,15,,89805,5,4,,1,15,,89825,5,4,,1,15,,89845,5,4,,1,55,,89786,5,4,,1,15,,89806,5,4,,1,15,,89826,5,4,,1,15,,89846,5,4,,1,55,,89787,5,4,,1,15,,89807,5,4,,1,15,,89827,5,4,,1,15,,89847,5,4,,1,55,,89788,5,4,,1,15,,89808,5,4,,1,15,,89828,5,4,,1,15,,89848,5,4,,1,55,,89789,5,4,,1,15,,89809,5,4,,1,15,,89829,5,4,,1,15,,89849,5,4,,1,55,,89790,5,4,,1,15,,89810,5,4,,1,15,,89830,5,4,,1,15,,89850,5,4,,1,55,,89791,5,4,,1,15,,89811,5,4,,1,15,,89831,5,4,,1,15,,89851,5,4,,1,55,,89792,5,4,,1,15,,89812,5,4,,1,15,,89832,5,4,,1,15,,89852,5,4,,1,55,,89793,5,4,,1,15,,89813,5,4,,1,15,,89833,5,4,,1,15,,89853,5,4,,1,55,,89794,5,4,,1,15,,89814,5,4,,1,15,,89834,5,4,,1,15,,89854,5,4,,1,55,,89795,5,4,,1,15,,89815,5,4,,1,15,,89835,5,4,,1,15,,89855,5,4,,1,55,,89796,5,4,,1,15,,89816,5,4,,1,15,,89836,5,4,,1,15,,89856,5,4,,1,55,,89797,5,4,,1,15,,89817,5,4,,1,15,,89837,5,4,,1,15,,89857,5,4,,1,55,,89798,5,4,,1,15,,89818,5,4,,1,15,,89838,5,4,,1,15,,89858,5,4,,1,55,,89799,5,4,,1,15,,89819,5,4,,1,15,,89839,5,4,,1,15,,89859,5,4,,1,55,,89800,5,4,,1,15,,89820,5,4,,1,15,,89840,5,4,,1,15,,89860,5,4,,1,55,,89801,5,4,,1,15,,89821,5,4,,1
1,'20261231',555,,89920,5,4,,1,55,,89861,5,4,,1,12,,89881,5,4,,1,15,,89901,5,4,,1,15,,89921,5,4,,1,55,,89862,5,4,,1,15,,89882,5,4,,1,15,,89902,5,4,,1,15,,89922,5,4,,1,55,,89863,5,4,,1,15,,89883,5,4,,1,15,,89903,5,4,,1,15,,89923,5,4,,1,55,,89864,5,4,,1,15,,89884,5,4,,1,15,,89904,5,4,,1,15,,89924,5,4,,1,55,,89865,5,4,,1,15,,89885,5,4,,1,15,,89905,5,4,,1,15,,89925,5,4,,1,55,,89866,5,4,,1,15,,89886,5,4,,1,15,,89906,5,4,,1,15,,89926,5,4,,1,55,,89867,5,4,,1,15,,89887,5,4,,1,15,,89907,5,4,,1,15,,89927,5,4,,1,55,,89868,5,4,,1,15,,89888,5,4,,1,15,,89908,5,4,,1,15,,89928,5,4,,1,55,,89869,5,4,,1,15,,89889,5,4,,1,15,,89909,5,4,,1,15,,89929,5,4,,1,55,,89870,5,4,,1,15,,89890,5,4,,1,15,,89910,5,4,,1,15,,89930,5,4,,1,55,,89871,5,4,,1,15,,89891,5,4,,1,15,,89911,5,4,,1,15,,89931,5,4,,1,55,,89872,5,4,,1,15,,89892,5,4,,1,15,,89912,5,4,,1,15,,89932,5,4,,1,55,,89873,5,4,,1,15,,89893,5,4,,1,15,,89913,5,4,,1,15,,89933,5,4,,1,55,,89874,5,4,,1,15,,89894,5,4,,1,15,,89914,5,4,,1,15,,89934,5,4,,1,55,,89875,5,4,,1,15,,89895,5,4,,1,15,,89915,5,4,,1,15,,89935,5,4,,1,55,,89876,5,4,,1,15,,89896,5,4,,1,15,,89916,5,4,,1,15,,89936,5,4,,1,55,,89877,5,4,,1,15,,89897,5,4,,1,15,,89917,5,4,,1,15,,89937,5,4,,1,55,,89878,5,4,,1,15,,89898,5,4,,1,15,,89918,5,4,,1,15,,89938,5,4,,1,55,,89879,5,4,,1,15,,89899,5,4,,1,15,,89919,5,4,,1,15,,89939,5,4,,1,55,,89880,5,4,,1,15,,89900,5,4,,1
1,'20270101',555,,89999,5,4,,1,55,,89940,5,4,,1,12,,89960,5,4,,1,15,,89980,5,4,,1,15,,90000,5,4,,1,55,,89941,5,4,,1,15,,89961,5,4,,1,15,,89981,5,4,,1,15,,90001,5,4,,1,55,,89942,5,4,,1,15,,89962,5,4,,1,15,,89982,5,4,,1,15,,90002,5,4,,1,55,,89943,5,4,,1,15,,89963,5,4,,1,15,,89983,5,4,,1,15,,90003,5,4,,1,55,,89944,5,4,,1,15,,89964,5,4,,1,15,,89984,5,4,,1,15,,90004,5,4,,1,55,,89945,5,4,,1,15,,89965,5,4,,1,15,,89985,5,4,,1,15,,90005,5,4,,1,55,,89946,5,4,,1,15,,89966,5,4,,1,15,,89986,5,4,,1,15,,90006,5,4,,1,55,,89947,5,4,,1,15,,89967,5,4,,1,15,,89987,5,4,,1,15,,90007,5,4,,1,55,,89948,5,4,,1,15,,89968,5,4,,1,15,,89988,5,4,,1,15,,90008,5,4,,1,55,,89949,5,4,,1,15,,89969,5,4,,1,15,,89989,5,4,,1,15,,90009,5,4,,1,55,,89950,5,4,,1,15,,89970,5,4,,1,15,,89990,5,4,,1,15,,90010,5,4,,1,55,,89951,5,4,,1,15,,89971,5,4,,1,15,,89991,5,4,,1,15,,90011,5,4,,1,55,,89952,5,4,,1,15,,89972,5,4,,1,15,,89992,5,4,,1,15,,90012,5,4,,1,55,,89953,5,4,,1,15,,89973,5,4,,1,15,,89993,5,4,,1,15,,90013,5,4,,1,55,,89954,5,4,,1,15,,89974,5,4,,1,15,,89994,5,4,,1,15,,90014,5,4,,1,55,,89955,5,4,,1,15,,89975,5,4,,1,15,,89995,5,4,,1,15,,90015,5,4,,1,55,,89956,5,4,,1,15,,89976,5,4,,1,15,,89996,5,4,,1,15,,90016,5,4,,1,55,,89957,5,4,,1,15,,89977,5,4,,1,15,,89997,5,4,,1,15,,90017,5,4,,1,55,,89958,5,4,,1,15,,89978,5,4,,1,15,,89998,5,4,,1,15,,90018,5,4,,1,55,,89959,5,4,,1,15,,89979,5,4,,1
1,'20270102',652,,90075,5,4,,1,55,,90019,5,4,,1,15,,90038,5,4,,1,15,,90057,5,4,,1,15,,90076,5,4,,1,55,,90020,5,4,,1,15,,90039,5,4,,1,15,,90058,5,4,,1,15,,90077,5,4,,1,55,,90021,5,4,,1,15,,90040,5,4,,1,15,,90059,5,4,,1,15,,90078,5,4,,1,55,,90022,5,4,,1,15,,90041,5,4,,1,15,,90060,5,4,,1,15,,90079,5,4,,1,55,,90023,5,4,,1,15,,90042,5,4,,1,15,,90061,5,4,,1,15,,90080,5,4,,1,55,,90024,5,4,,1,15,,90043,5,4,,1,15,,90062,5,4,,1,15,,90081,5,4,,1,55,,90025,5,4,,1,15,,90044,5,4,,1,15,,90063,5,4,,1,15,,90082,5,4,,1,55,,90026,5,4,,1,15,,90045,5,4,,1,15,,90064,5,4,,1,15,,90083,5,4,,1,55,,90027,5,4,,1,15,,90046,5,4,,1,15,,90065,5,4,,1,15,,90084,5,4,,1,55,,90028,5,4,,1,15,,90047,5,4,,1,15,,90066,5,4,,1,15,,90085,5,4,,1,55,,90029,5,4,,1,15,,90048,5,4,,1,15,,90067,5,4,,1,15,,90086,5,4,,1,55,,90030,5,4,,1,15,,90049,5,4,,1,15,,90068,5,4,,1,15,,90087,5,4,,1,55,,90031,5,4,,1,15,,90050,5,4,,1,15,,90069,5,4,,1,15,,90088,5,4,,1,55,,90032,5,4,,1,15,,90051,5,4,,1,15,,90070,5,4,,1,15,,90089,5,4,,1,55,,90033,5,4,,1,15,,90052,5,4,,1,15,,90071,5,4,,1,15,,90090,5,4,,1,55,,90034,5,4,,1,15,,90053,5,4,,1,15,,90072,5,4,,1,15,,90091,5,4,,1,55,,90035,5,4,,1,15,,90054,5,4,,1,15,,90073,5,4,,1,15,,90092,5,4,,1,55,,90036,5,4,,1,15,,90055,5,4,,1,15,,90074,5,4,,1,15,,90093,5,4,,1,55,,90037,5,4,,1,15,,90056,5,4,,1
1,'20270103',652,,90150,5,4,,1,55,,90094,5,4,,1,15,,90113,5,4,,1,15,,90132,5,4,,1,15,,90151,5,4,,1,55,,90095,5,4,,1,15,,90114,5,4,,1,15,,90133,5,4,,1,15,,90152,5,4,,1,55,,90096,5,4,,1,15,,90115,5,4,,1,15,,90134,5,4,,1,15,,90153,5,4,,1,55,,90097,5,4,,1,15,,90116,5,4,,1,15,,90135,5,4,,1,15,,90154,5,4,,1,55,,90098,5,4,,1,15,,90117,5,4,,1,15,,90136,5,4,,1,15,,90155,5,4,,1,55,,90099,5,4,,1,15,,90118,5,4,,1,15,,90137,5,4,,1,15,,90156,5,4,,1,55,,90100,5,4,,1,15,,90119,5,4,,1,15,,90138,5,4,,1,15,,90157,5,4,,1,55,,90101,5,4,,1,15,,90120,5,4,,1,15,,90139,5,4,,1,15,,90158,5,4,,1,55,,90102,5,4,,1,15,,90121,5,4,,1,15,,90140,5,4,,1,15,,90159,5,4,,1,55,,90103,5,4,,1,15,,90122,5,4,,1,15,,90141,5,4,,1,15,,90160,5,4,,1,55,,90104,5,4,,1,15,,90123,5,4,,1,15,,90142,5,4,,1,15,,90161,5,4,,1,55,,90105,5,4,,1,15,,90124,5,4,,1,15,,90143,5,4,,1,15,,90162,5,4,,1,55,,90106,5,4,,1,15,,90125,5,4,,1,15,,90144,5,4,,1,15,,90163,5,4,,1,55,,90107,5,4,,1,15,,90126,5,4,,1,15,,90145,5,4,,1,15,,90164,5,4,,1,55,,90108,5,4,,1,15,,90127,5,4,,1,15,,90146,5,4,,1,15,,90165,5,4,,1,55,,90109,5,4,,1,15,,90128,5,4,,1,15,,90147,5,4,,1,15,,90166,5,4,,1,55,,90110,5,4,,1,15,,90129,5,4,,1,15,,90148,5,4,,1,15,,90167,5,4,,1,55,,90111,5,4,,1,15,,90130,5,4,,1,15,,90149,5,4,,1,15,,90168,5,4,,1,55,,90112,5,4,,1,15,,90131,5,4,,1
1,'20270104',555,,90228,5,4,,1,55,,90169,5,4,,1,12,,90189,5,4,,1,15,,90209,5,4,,1,15,,90229,5,4,,1,55,,90170,5,4,,1,15,,90190,5,4,,1,15,,90210,5,4,,1,15,,90230,5,4,,1,55,,90171,5,4,,1,15,,90191,5,4,,1,15,,90211,5,4,,1,15,,90231,5,4,,1,55,,90172,5,4,,1,15,,90192,5,4,,1,15,,90212,5,4,,1,15,,90232,5,4,,1,55,,90173,5,4,,1,15,,90193,5,4,,1,15,,90213,5,4,,1,15,,90233,5,4,,1,55,,90174,5,4,,1,15,,90194,5,4,,1,15,,90214,5,4,,1,15,,90234,5,4,,1,55,,90175,5,4,,1,15,,90195,5,4,,1,15,,90215,5,4,,1,15,,90235,5,4,,1,55,,90176,5,4,,1,15,,90196,5,4,,1,15,,90216,5,4,,1,15,,90236,5,4,,1,55,,90177,5,4,,1,15,,90197,5,4,,1,15,,90217,5,4,,1,15,,90237,5,4,,1,55,,90178,5,4,,1,15,,90198,5,4,,1,15,,90218,5,4,,1,15,,90238,5,4,,1,55,,90179,5,4,,1,15,,90199,5,4,,1,15,,90219,5,4,,1,15,,90239,5,4,,1,55,,90180,5,4,,1,15,,90200,5,4,,1,15,,90220,5,4,,1,15,,90240,5,4,,1,55,,90181,5,4,,1,15,,90201,5,4,,1,15,,90221,5,4,,1,15,,90241,5,4,,1,55,,90182,5,4,,1,15,,90202,5,4,,1,15,,90222,5,4,,1,15,,90242,5,4,,1,55,,90183,5,4,,1,15,,90203,5,4,,1,15,,90223,5,4,,1,15,,90243,5,4,,1,55,,90184,5,4,,1,15,,90204,5,4,,1,15,,90224,5,4,,1,15,,90244,5,4,,1,55,,90185,5,4,,1,15,,90205,5,4,,1,15,,90225,5,4,,1,15,,90245,5,4,,1,55,,90186,5,4,,1,15,,90206,5,4,,1,15,,90226,5,4,,1,15,,90246,5,4,,1,55,,90187,5,4,,1,15,,90207,5,4,,1,15,,90227,5,4,,1,15,,90247,5,4,,1,55,,90188,5,4,,1,15,,90208,5,4,,1
1,'20270105',555,,90307,5,4,,1,55,,90248,5,4,,1,12,,90268,5,4,,1,15,,90288,5,4,,1,15,,90308,5,4,,1,55,,90249,5,4,,1,15,,90269,5,4,,1,15,,90289,5,4,,1,15,,90309,5,4,,1,55,,90250,5,4,,1,15,,90270,5,4,,1,15,,90290,5,4,,1,15,,90310,5,4,,1,55,,90251,5,4,,1,15,,90271,5,4,,1,15,,90291,5,4,,1,15,,90311,5,4,,1,55,,90252,5,4,,1,15,,90272,5,4,,1,15,,90292,5,4,,1,15,,90312,5,4,,1,55,,90253,5,4,,1,15,,90273,5,4,,1,15,,90293,5,4,,1,15,,90313,5,4,,1,55,,90254,5,4,,1,15,,90274,5,4,,1,15,,90294,5,4,,1,15,,90314,5,4,,1,55,,90255,5,4,,1,15,,90275,5,4,,1,15,,90295,5,4,,1,15,,90315,5,4,,1,55,,90256,5,4,,1,15,,90276,5,4,,1,15,,90296,5,4,,1,15,,90316,5,4,,1,55,,90257,5,4,,1,15,,90277,5,4,,1,15,,90297,5,4,,1,15,,90317,5,4,,1,55,,90258,5,4,,1,15,,90278,5,4,,1,15,,90298,5,4,,1,15,,90318,5,4,,1,55,,90259,5,4,,1,15,,90279,5,4,,1,15,,90299,5,4,,1,15,,90319,5,4,,1,55,,90260,5,4,,1,15,,90280,5,4,,1,15,,90300,5,4,,1,15,,90320,5,4,,1,55,,90261,5,4,,1,15,,90281,5,4,,1,15,,90301,5,4,,1,15,,90321,5,4,,1,55,,90262,5,4,,1,15,,90282,5,4,,1,15,,90302,5,4,,1,15,,90322,5,4,,1,55,,90263,5,4,,1,15,,90283,5,4,,1,15,,90303,5,4,,1,15,,90323,5,4,,1,55,,90264,5,4,,1,15,,90284,5,4,,1,15,,90304,5,4,,1,15,,90324,5,4,,1,55,,90265,5,4,,1,15,,90285,5,4,,1,15,,90305,5,4,,1,15,,90325,5,4,,1,55,,90266,5,4,,1,15,,90286,5,4,,1,15,,90306,5,4,,1,15,,90326,5,4,,1,55,,90267,5,4,,1,15,,90287,5,4,,1
1,'20270106',555,,90386,5,4,,1,55,,90327,5,4,,1,12,,90347,5,4,,1,15,,90367,5,4,,1,15,,90387,5,4,,1,55,,90328,5,4,,1,15,,90348,5,4,,1,15,,90368,5,4,,1,15,,90388,5,4,,1,55,,90329,5,4,,1,15,,90349,5,4,,1,15,,90369,5,4,,1,15,,90389,5,4,,1,55,,90330,5,4,,1,15,,90350,5,4,,1,15,,90370,5,4,,1,15,,90390,5,4,,1,55,,90331,5,4,,1,15,,90351,5,4,,1,15,,90371,5,4,,1,15,,90391,5,4,,1,55,,90332,5,4,,1,15,,90352,5,4,,1,15,,90372,5,4,,1,15,,90392,5,4,,1,55,,90333,5,4,,1,15,,90353,5,4,,1,15,,90373,5,4,,1,15,,90393,5,4,,1,55,,90334,5,4,,1,15,,90354,5,4,,1,15,,90374,5,4,,1,15,,90394,5,4,,1,55,,90335,5,4,,1,15,,90355,5,4,,1,15,,90375,5,4,,1,15,,90395,5,4,,1,55,,90336,5,4,,1,15,,90356,5,4,,1,15,,90376,5,4,,1,15,,90396,5,4,,1,55,,90337,5,4,,1,15,,90357,5,4,,1,15,,90377,5,4,,1,15,,90397,5,4,,1,55,,90338,5,4,,1,15,,90358,5,4,,1,15,,90378,5,4,,1,15,,90398,5,4,,1,55,,90339,5,4,,1,15,,90359,5,4,,1,15,,90379,5,4,,1,15,,90399,5,4,,1,55,,90340,5,4,,1,15,,90360,5,4,,1,15,,90380,5,4,,1,15,,90400,5,4,,1,55,,90341,5,4,,1,15,,90361,5,4,,1,15,,90381,5,4,,1,15,,90401,5,4,,1,55,,90342,5,4,,1,15,,90362,5,4,,1,15,,90382,5,4,,1,15,,90402,5,4,,1,55,,90343,5,4,,1,15,,90363,5,4,,1,15,,90383,5,4,,1,15,,90403,5,4,,1,55,,90344,5,4,,1,15,,90364,5,4,,1,15,,90384,5,4,,1,15,,90404,5,4,,1,55,,90345,5,4,,1,15,,90365,5,4,,1,15,,90385,5,4,,1,15,,90405,5,4,,1,55,,90346,5,4,,1,15,,90366,5,4,,1
1,'20270107',555,,90465,5,4,,1,55,,90406,5,4,,1,12,,90426,5,4,,1,15,,90446,5,4,,1,15,,90466,5,4,,1,55,,90407,5,4,,1,15,,90427,5,4,,1,15,,90447,5,4,,1,15,,90467,5,4,,1,55,,90408,5,4,,1,15,,90428,5,4,,1,15,,90448,5,4,,1,15,,90468,5,4,,1,55,,90409,5,4,,1,15,,90429,5,4,,1,15,,90449,5,4,,1,15,,90469,5,4,,1,55,,90410,5,4,,1,15,,90430,5,4,,1,15,,90450,5,4,,1,15,,90470,5,4,,1,55,,90411,5,4,,1,15,,90431,5,4,,1,15,,90451,5,4,,1,15,,90471,5,4,,1,55,,90412,5,4,,1,15,,90432,5,4,,1,15,,90452,5,4,,1,15,,90472,5,4,,1,55,,90413,5,4,,1,15,,90433,5,4,,1,15,,90453,5,4,,1,15,,90473,5,4,,1,55,,90414,5,4,,1,15,,90434,5,4,,1,15,,90454,5,4,,1,15,,90474,5,4,,1,55,,90415,5,4,,1,15,,90435,5,4,,1,15,,90455,5,4,,1,15,,90475,5,4,,1,55,,90416,5,4,,1,15,,90436,5,4,,1,15,,90456,5,4,,1,15,,90476,5,4,,1,55,,90417,5,4,,1,15,,90437,5,4,,1,15,,90457,5,4,,1,15,,90477,5,4,,1,55,,90418,5,4,,1,15,,90438,5,4,,1,15,,90458,5,4,,1,15,,90478,5,4,,1,55,,90419,5,4,,1,15,,90439,5,4,,1,15,,90459,5,4,,1,15,,90479,5,4,,1,55,,90420,5,4,,1,15,,90440,5,4,,1,15,,90460,5,4,,1,15,,90480,5,4,,1,55,,90421,5,4,,1,15,,90441,5,4,,1,15,,90461,5,4,,1,15,,90481,5,4,,1,55,,90422,5,4,,1,15,,90442,5,4,,1,15,,90462,5,4,,1,15,,90482,5,4,,1,55,,90423,5,4,,1,15,,90443,5,4,,1,15,,90463,5,4,,1,15,,90483,5,4,,1,55,,90424,5,4,,1,15,,90444,5,4,,1,15,,90464,5,4,,1,15,,90484,5,4,,1,55,,90425,5,4,,1,15,,90445,5,4,,1
1,'20270108',555,,90544,5,4,,1,55,,90485,5,4,,1,12,,90505,5,4,,1,15,,90525,5,4,,1,15,,90545,5,4,,1,55,,90486,5,4,,1,15,,90506,5,4,,1,15,,90526,5,4,,1,15,,90546,5,4,,1,55,,90487,5,4,,1,15,,90507,5,4,,1,15,,90527,5,4,,1,15,,90547,5,4,,1,55,,90488,5,4,,1,15,,90508,5,4,,1,15,,90528,5,4,,1,15,,90548,5,4,,1,55,,90489,5,4,,1,15,,90509,5,4,,1,15,,90529,5,4,,1,15,,90549,5,4,,1,55,,90490,5,4,,1,15,,90510,5,4,,1,15,,90530,5,4,,1,15,,90550,5,4,,1,55,,90491,5,4,,1,15,,90511,5,4,,1,15,,90531,5,4,,1,15,,90551,5,4,,1,55,,90492,5,4,,1,15,,90512,5,4,,1,15,,90532,5,4,,1,15,,90552,5,4,,1,55,,90493,5,4,,1,15,,90513,5,4,,1,15,,90533,5,4,,1,15,,90553,5,4,,1,55,,90494,5,4,,1,15,,90514,5,4,,1,15,,90534,5,4,,1,15,,90554,5,4,,1,55,,90495,5,4,,1,15,,90515,5,4,,1,15,,90535,5,4,,1,15,,90555,5,4,,1,55,,90496,5,4,,1,15,,90516,5,4,,1,15,,90536,5,4,,1,15,,90556,5,4,,1,55,,90497,5,4,,1,15,,90517,5,4,,1,15,,90537,5,4,,1,15,,90557,5,4,,1,55,,90498,5,4,,1,15,,90518,5,4,,1,15,,90538,5,4,,1,15,,90558,5,4,,1,55,,90499,5,4,,1,15,,90519,5,4,,1,15,,90539,5,4,,1,15,,90559,5,4,,1,55,,90500,5,4,,1,15,,90520,5,4,,1,15,,90540,5,4,,1,15,,90560,5,4,,1,55,,90501,5,4,,1,15,,90521,5,4,,1,15,,90541,5,4,,1,15,,90561,5,4,,1,55,,90502,5,4,,1,15,,90522,5,4,,1,15,,90542,5,4,,1,15,,90562,5,4,,1,55,,90503,5,4,,1,15,,90523,5,4,,1,15,,90543,5,4,,1,15,,90563,5,4,,1,55,,90504,5,4,,1,15,,90524,5,4,,1
1,'20270109',652,,90620,5,4,,1,55,,90564,5,4,,1,15,,90583,5,4,,1,15,,90602,5,4,,1,15,,90621,5,4,,1,55,,90565,5,4,,1,15,,90584,5,4,,1,15,,90603,5,4,,1,15,,90622,5,4,,1,55,,90566,5,4,,1,15,,90585,5,4,,1,15,,90604,5,4,,1,15,,90623,5,4,,1,55,,90567,5,4,,1,15,,90586,5,4,,1,15,,90605,5,4,,1,15,,90624,5,4,,1,55,,90568,5,4,,1,15,,90587,5,4,,1,15,,90606,5,4,,1,15,,90625,5,4,,1,55,,90569,5,4,,1,15,,90588,5,4,,1,15,,90607,5,4,,1,15,,90626,5,4,,1,55,,90570,5,4,,1,15,,90589,5,4,,1,15,,90608,5,4,,1,15,,90627,5,4,,1,55,,90571,5,4,,1,15,,90590,5,4,,1,15,,90609,5,4,,1,15,,90628,5,4,,1,55,,90572,5,4,,1,15,,90591,5,4,,1,15,,90610,5,4,,1,15,,90629,5,4,,1,55,,90573,5,4,,1,15,,90592,5,4,,1,15,,90611,5,4,,1,15,,90630,5,4,,1,55,,90574,5,4,,1,15,,90593,5,4,,1,15,,90612,5,4,,1,15,,90631,5,4,,1,55,,90575,5,4,,1,15,,90594,5,4,,1,15,,90613,5,4,,1,15,,90632,5,4,,1,55,,90576,5,4,,1,15,,90595,5,4,,1,15,,90614,5,4,,1,15,,90633,5,4,,1,55,,90577,5,4,,1,15,,90596,5,4,,1,15,,90615,5,4,,1,15,,90634,5,4,,1,55,,90578,5,4,,1,15,,90597,5,4,,1,15,,90616,5,4,,1,15,,90635,5,4,,1,55,,90579,5,4,,1,15,,90598,5,4,,1,15,,90617,5,4,,1,15,,90636,5,4,,1,55,,90580,5,4,,1,15,,90599,5,4,,1,15,,90618,5,4,,1,15,,90637,5,4,,1,55,,90581,5,4,,1,15,,90600,5,4,,1,15,,90619,5,4,,1,15,,90638,5,4,,1,55,,90582,5,4,,1,15,,90601,5,4,,1
1,'20270110',652,,90695,5,4,,1,55,,90639,5,4,,1,15,,90658,5,4,,1,15,,90677,5,4,,1,15,,90696,5,4,,1,55,,90640,5,4,,1,15,,90659,5,4,,1,15,,90678,5,4,,1,15,,90697,5,4,,1,55,,90641,5,4,,1,15,,90660,5,4,,1,15,,90679,5,4,,1,15,,90698,5,4,,1,55,,90642,5,4,,1,15,,90661,5,4,,1,15,,90680,5,4,,1,15,,90699,5,4,,1,55,,90643,5,4,,1,15,,90662,5,4,,1,15,,90681,5,4,,1,15,,90700,5,4,,1,55,,90644,5,4,,1,15,,90663,5,4,,1,15,,90682,5,4,,1,15,,90701,5,4,,1,55,,90645,5,4,,1,15,,90664,5,4,,1,15,,90683,5,4,,1,15,,90702,5,4,,1,55,,90646,5,4,,1,15,,90665,5,4,,1,15,,90684,5,4,,1,15,,90703,5,4,,1,55,,90647,5,4,,1,15,,90666,5,4,,1,15,,90685,5,4,,1,15,,90704,5,4,,1,55,,90648,5,4,,1,15,,90667,5,4,,1,15,,90686,5,4,,1,15,,90705,5,4,,1,55,,90649,5,4,,1,15,,90668,5,4,,1,15,,90687,5,4,,1,15,,90706,5,4,,1,55,,90650,5,4,,1,15,,90669,5,4,,1,15,,90688,5,4,,1,15,,90707,5,4,,1,55,,90651,5,4,,1,15,,90670,5,4,,1,15,,90689,5,4,,1,15,,90708,5,4,,1,55,,90652,5,4,,1,15,,90671,5,4,,1,15,,90690,5,4,,1,15,,90709,5,4,,1,55,,90653,5,4,,1,15,,90672,5,4,,1,15,,90691,5,4,,1,15,,90710,5,4,,1,55,,90654,5,4,,1,15,,90673,5,4,,1,15,,90692,5,4,,1,15,,90711,5,4,,1,55,,90655,5,4,,1,15,,90674,5,4,,1,15,,90693,5,4,,1,15,,90712,5,4,,1,55,,90656,5,4,,1,15,,90675,5,4,,1,15,,90694,5,4,,1,15,,90713,5,4,,1,55,,90657,5,4,,1,15,,90676,5,4,,1
1,'20270111',555,,90773,5,4,,1,55,,90714,5,4,,1,12,,90734,5,4,,1,15,,90754,5,4,,1,15,,90774,5,4,,1,55,,90715,5,4,,1,15,,90735,5,4,,1,15,,90755,5,4,,1,15,,90775,5,4,,1,55,,90716,5,4,,1,15,,90736,5,4,,1,15,,90756,5,4,,1,15,,90776,5,4,,1,55,,90717,5,4,,1,15,,90737,5,4,,1,15,,90757,5,4,,1,15,,90777,5,4,,1,55,,90718,5,4,,1,15,,90738,5,4,,1,15,,90758,5,4,,1,15,,90778,5,4,,1,55,,90719,5,4,,1,15,,90739,5,4,,1,15,,90759,5,4,,1,15,,90779,5,4,,1,55,,90720,5,4,,1,15,,90740,5,4,,1,15,,90760,5,4,,1,15,,90780,5,4,,1,55,,90721,5,4,,1,15,,90741,5,4,,1,15,,90761,5,4,,1,15,,90781,5,4,,1,55,,90722,5,4,,1,15,,90742,5,4,,1,15,,90762,5,4,,1,15,,90782,5,4,,1,55,,90723,5,4,,1,15,,90743,5,4,,1,15,,90763,5,4,,1,15,,90783,5,4,,1,55,,90724,5,4,,1,15,,90744,5,4,,1,15,,90764,5,4,,1,15,,90784,5,4,,1,55,,90725,5,4,,1,15,,90745,5,4,,1,15,,90765,5,4,,1,15,,90785,5,4,,1,55,,90726,5,4,,1,15,,90746,5,4,,1,15,,90766,5,4,,1,15,,90786,5,4,,1,55,,90727,5,4,,1,15,,90747,5,4,,1,15,,90767,5,4,,1,15,,90787,5,4,,1,55,,90728,5,4,,1,15,,90748,5,4,,1,15,,90768,5,4,,1,15,,90788,5,4,,1,55,,90729,5,4,,1,15,,90749,5,4,,1,15,,90769,5,4,,1,15,,90789,5,4,,1,55,,90730,5,4,,1,15,,90750,5,4,,1,15,,90770,5,4,,1,15,,90790,5,4,,1,55,,90731,5,4,,1,15,,90751,5,4,,1,15,,90771,5,4,,1,15,,90791,5,4,,1,55,,90732,5,4,,1,15,,90752,5,4,,1,15,,90772,5,4,,1,15,,90792,5,4,,1,55,,90733,5,4,,1,15,,90753,5,4,,1
1,'20270112',555,,90852,5,4,,1,55,,90793,5,4,,1,12,,90813,5,4,,1,15,,90833,5,4,,1,15,,90853,5,4,,1,55,,90794,5,4,,1,15,,90814,5,4,,1,15,,90834,5,4,,1,15,,90854,5,4,,1,55,,90795,5,4,,1,15,,90815,5,4,,1,15,,90835,5,4,,1,15,,90855,5,4,,1,55,,90796,5,4,,1,15,,90816,5,4,,1,15,,90836,5,4,,1,15,,90856,5,4,,1,55,,90797,5,4,,1,15,,90817,5,4,,1,15,,90837,5,4,,1,15,,90857,5,4,,1,55,,90798,5,4,,1,15,,90818,5,4,,1,15,,90838,5,4,,1,15,,90858,5,4,,1,55,,90799,5,4,,1,15,,90819,5,4,,1,15,,90839,5,4,,1,15,,90859,5,4,,1,55,,90800,5,4,,1,15,,90820,5,4,,1,15,,90840,5,4,,1,15,,90860,5,4,,1,55,,90801,5,4,,1,15,,90821,5,4,,1,15,,90841,5,4,,1,15,,90861,5,4,,1,55,,90802,5,4,,1,15,,90822,5,4,,1,15,,90842,5,4,,1,15,,90862,5,4,,1,55,,90803,5,4,,1,15,,90823,5,4,,1,15,,90843,5,4,,1,15,,90863,5,4,,1,55,,90804,5,4,,1,15,,90824,5,4,,1,15,,90844,5,4,,1,15,,90864,5,4,,1,55,,90805,5,4,,1,15,,90825,5,4,,1,15,,90845,5,4,,1,15,,90865,5,4,,1,55,,90806,5,4,,1,15,,90826,5,4,,1,15,,90846,5,4,,1,15,,90866,5,4,,1,55,,90807,5,4,,1,15,,90827,5,4,,1,15,,90847,5,4,,1,15,,90867,5,4,,1,55,,90808,5,4,,1,15,,90828,5,4,,1,15,,90848,5,4,,1,15,,90868,5,4,,1,55,,90809,5,4,,1,15,,90829,5,4,,1,15,,90849,5,4,,1,15,,90869,5,4,,1,55,,90810,5,4,,1,15,,90830,5,4,,1,15,,90850,5,4,,1,15,,90870,5,4,,1,55,,90811,5,4,,1,15,,90831,5,4,,1,15,,90851,5,4,,1,15,,90871,5,4,,1,55,,90812,5,4,,1,15,,90832,5,4,,1
1,'20270113',555,,90931,5,4,,1,55,,90872,5,4,,1,12,,90892,5,4,,1,15,,90912,5,4,,1,15,,90932,5,4,,1,55,,90873,5,4,,1,15,,90893,5,4,,1,15,,90913,5,4,,1,15,,90933,5,4,,1,55,,90874,5,4,,1,15,,90894,5,4,,1,15,,90914,5,4,,1,15,,90934,5,4,,1,55,,90875,5,4,,1,15,,90895,5,4,,1,15,,90915,5,4,,1,15,,90935,5,4,,1,55,,90876,5,4,,1,15,,90896,5,4,,1,15,,90916,5,4,,1,15,,90936,5,4,,1,55,,90877,5,4,,1,15,,90897,5,4,,1,15,,90917,5,4,,1,15,,90937,5,4,,1,55,,90878,5,4,,1,15,,90898,5,4,,1,15,,90918,5,4,,1,15,,90938,5,4,,1,55,,90879,5,4,,1,15,,90899,5,4,,1,15,,90919,5,4,,1,15,,90939,5,4,,1,55,,90880,5,4,,1,15,,90900,5,4,,1,15,,90920,5,4,,1,15,,90940,5,4,,1,55,,90881,5,4,,1,15,,90901,5,4,,1,15,,90921,5,4,,1,15,,90941,5,4,,1,55,,90882,5,4,,1,15,,90902,5,4,,1,15,,90922,5,4,,1,15,,90942,5,4,,1,55,,90883,5,4,,1,15,,90903,5,4,,1,15,,90923,5,4,,1,15,,90943,5,4,,1,55,,90884,5,4,,1,15,,90904,5,4,,1,15,,90924,5,4,,1,15,,90944,5,4,,1,55,,90885,5,4,,1,15,,90905,5,4,,1,15,,90925,5,4,,1,15,,90945,5,4,,1,55,,90886,5,4,,1,15,,90906,5,4,,1,15,,90926,5,4,,1,15,,90946,5,4,,1,55,,90887,5,4,,1,15,,90907,5,4,,1,15,,90927,5,4,,1,15,,90947,5,4,,1,55,,90888,5,4,,1,15,,90908,5,4,,1,15,,90928,5,4,,1,15,,90948,5,4,,1,55,,90889,5,4,,1,15,,90909,5,4,,1,15,,90929,5,4,,1,15,,90949,5,4,,1,55,,90890,5,4,,1,15,,90910,5,4,,1,15,,90930,5,4,,1,15,,90950,5,4,,1,55,,90891,5,4,,1,15,,90911,5,4,,1
1,'20270114',555,,91010,5,4,,1,55,,90951,5,4,,1,12,,90971,5,4,,1,15,,90991,5,4,,1,15,,91011,5,4,,1,55,,90952,5,4,,1,15,,90972,5,4,,1,15,,90992,5,4,,1,15,,91012,5,4,,1,55,,90953,5,4,,1,15,,90973,5,4,,1,15,,90993,5,4,,1,15,,91013,5,4,,1,55,,90954,5,4,,1,15,,90974,5,4,,1,15,,90994,5,4,,1,15,,91014,5,4,,1,55,,90955,5,4,,1,15,,90975,5,4,,1,15,,90995,5,4,,1,15,,91015,5,4,,1,55,,90956,5,4,,1,15,,90976,5,4,,1,15,,90996,5,4,,1,15,,91016,5,4,,1,55,,90957,5,4,,1,15,,90977,5,4,,1,15,,90997,5,4,,1,15,,91017,5,4,,1,55,,90958,5,4,,1,15,,90978,5,4,,1,15,,90998,5,4,,1,15,,91018,5,4,,1,55,,90959,5,4,,1,15,,90979,5,4,,1,15,,90999,5,4,,1,15,,91019,5,4,,1,55,,90960,5,4,,1,15,,90980,5,4,,1,15,,91000,5,4,,1,15,,91020,5,4,,1,55,,90961,5,4,,1,15,,90981,5,4,,1,15,,91001,5,4,,1,15,,91021,5,4,,1,55,,90962,5,4,,1,15,,90982,5,4,,1,15,,91002,5,4,,1,15,,91022,5,4,,1,55,,90963,5,4,,1,15,,90983,5,4,,1,15,,91003,5,4,,1,15,,91023,5,4,,1,55,,90964,5,4,,1,15,,90984,5,4,,1,15,,91004,5,4,,1,15,,91024,5,4,,1,55,,90965,5,4,,1,15,,90985,5,4,,1,15,,91005,5,4,,1,15,,91025,5,4,,1,55,,90966,5,4,,1,15,,90986,5,4,,1,15,,91006,5,4,,1,15,,91026,5,4,,1,55,,90967,5,4,,1,15,,90987,5,4,,1,15,,91007,5,4,,1,15,,91027,5,4,,1,55,,90968,5,4,,1,15,,90988,5,4,,1,15,,91008,5,4,,1,15,,91028,5,4,,1,55,,90969,5,4,,1,15,,90989,5,4,,1,15,,91009,5,4,,1,15,,91029,5,4,,1,55,,90970,5,4,,1,15,,90990,5,4,,1
1,'20270115',555,,91089,5,4,,1,55,,91030,5,4,,1,12,,91050,5,4,,1,15,,91070,5,4,,1,15,,91090,5,4,,1,55,,91031,5,4,,1,15,,91051,5,4,,1,15,,91071,5,4,,1,15,,91091,5,4,,1,55,,91032,5,4,,1,15,,91052,5,4,,1,15,,91072,5,4,,1,15,,91092,5,4,,1,55,,91033,5,4,,1,15,,91053,5,4,,1,15,,91073,5,4,,1,15,,91093,5,4,,1,55,,91034,5,4,,1,15,,91054,5,4,,1,15,,91074,5,4,,1,15,,91094,5,4,,1,55,,91035,5,4,,1,15,,91055,5,4,,1,15,,91075,5,4,,1,15,,91095,5,4,,1,55,,91036,5,4,,1,15,,91056,5,4,,1,15,,91076,5,4,,1,15,,91096,5,4,,1,55,,91037,5,4,,1,15,,91057,5,4,,1,15,,91077,5,4,,1,15,,91097,5,4,,1,55,,91038,5,4,,1,15,,91058,5,4,,1,15,,91078,5,4,,1,15,,91098,5,4,,1,55,,91039,5,4,,1,15,,91059,5,4,,1,15,,91079,5,4,,1,15,,91099,5,4,,1,55,,91040,5,4,,1,15,,91060,5,4,,1,15,,91080,5,4,,1,15,,91100,5,4,,1,55,,91041,5,4,,1,15,,91061,5,4,,1,15,,91081,5,4,,1,15,,91101,5,4,,1,55,,91042,5,4,,1,15,,91062,5,4,,1,15,,91082,5,4,,1,15,,91102,5,4,,1,55,,91043,5,4,,1,15,,91063,5,4,,1,15,,91083,5,4,,1,15,,91103,5,4,,1,55,,91044,5,4,,1,15,,91064,5,4,,1,15,,91084,5,4,,1,15,,91104,5,4,,1,55,,91045,5,4,,1,15,,91065,5,4,,1,15,,91085,5,4,,1,15,,91105,5,4,,1,55,,91046,5,4,,1,15,,91066,5,4,,1,15,,91086,5,4,,1,15,,91106,5,4,,1,55,,91047,5,4,,1,15,,91067,5,4,,1,15,,91087,5,4,,1,15,,91107,5,4,,1,55,,91048,5,4,,1,15,,91068,5,4,,1,15,,91088,5,4,,1,15,,91108,5,4,,1,55,,91049,5,4,,1,15,,91069,5,4,,1
1,'20270116',652,,91165,5,4,,1,55,,91109,5,4,,1,15,,91128,5,4,,1,15,,91147,5,4,,1,15,,91166,5,4,,1,55,,91110,5,4,,1,15,,91129,5,4,,1,15,,91148,5,4,,1,15,,91167,5,4,,1,55,,91111,5,4,,1,15,,91130,5,4,,1,15,,91149,5,4,,1,15,,91168,5,4,,1,55,,91112,5,4,,1,15,,91131,5,4,,1,15,,91150,5,4,,1,15,,91169,5,4,,1,55,,91113,5,4,,1,15,,91132,5,4,,1,15,,91151,5,4,,1,15,,91170,5,4,,1,55,,91114,5,4,,1,15,,91133,5,4,,1,15,,91152,5,4,,1,15,,91171,5,4,,1,55,,91115,5,4,,1,15,,91134,5,4,,1,15,,91153,5,4,,1,15,,91172,5,4,,1,55,,91116,5,4,,1,15,,91135,5,4,,1,15,,91154,5,4,,1,15,,91173,5,4,,1,55,,91117,5,4,,1,15,,91136,5,4,,1,15,,91155,5,4,,1,15,,91174,5,4,,1,55,,91118,5,4,,1,15,,91137,5,4,,1,15,,91156,5,4,,1,15,,91175,5,4,,1,55,,91119,5,4,,1,15,,91138,5,4,,1,15,,91157,5,4,,1,15,,91176,5,4,,1,55,,91120,5,4,,1,15,,91139,5,4,,1,15,,91158,5,4,,1,15,,91177,5,4,,1,55,,91121,5,4,,1,15,,91140,5,4,,1,15,,91159,5,4,,1,15,,91178,5,4,,1,55,,91122,5,4,,1,15,,91141,5,4,,1,15,,91160,5,4,,1,15,,91179,5,4,,1,55,,91123,5,4,,1,15,,91142,5,4,,1,15,,91161,5,4,,1,15,,91180,5,4,,1,55,,91124,5,4,,1,15,,91143,5,4,,1,15,,91162,5,4,,1,15,,91181,5,4,,1,55,,91125,5,4,,1,15,,91144,5,4,,1,15,,91163,5,4,,1,15,,91182,5,4,,1,55,,91126,5,4,,1,15,,91145,5,4,,1,15,,91164,5,4,,1,15,,91183,5,4,,1,55,,91127,5,4,,1,15,,91146,5,4,,1
1,'20270117',652,,91240,5,4,,1,55,,91184,5,4,,1,15,,91203,5,4,,1,15,,91222,5,4,,1,15,,91241,5,4,,1,55,,91185,5,4,,1,15,,91204,5,4,,1,15,,91223,5,4,,1,15,,91242,5,4,,1,55,,91186,5,4,,1,15,,91205,5,4,,1,15,,91224,5,4,,1,15,,91243,5,4,,1,55,,91187,5,4,,1,15,,91206,5,4,,1,15,,91225,5,4,,1,15,,91244,5,4,,1,55,,91188,5,4,,1,15,,91207,5,4,,1,15,,91226,5,4,,1,15,,91245,5,4,,1,55,,91189,5,4,,1,15,,91208,5,4,,1,15,,91227,5,4,,1,15,,91246,5,4,,1,55,,91190,5,4,,1,15,,91209,5,4,,1,15,,91228,5,4,,1,15,,91247,5,4,,1,55,,91191,5,4,,1,15,,91210,5,4,,1,15,,91229,5,4,,1,15,,91248,5,4,,1,55,,91192,5,4,,1,15,,91211,5,4,,1,15,,91230,5,4,,1,15,,91249,5,4,,1,55,,91193,5,4,,1,15,,91212,5,4,,1,15,,91231,5,4,,1,15,,91250,5,4,,1,55,,91194,5,4,,1,15,,91213,5,4,,1,15,,91232,5,4,,1,15,,91251,5,4,,1,55,,91195,5,4,,1,15,,91214,5,4,,1,15,,91233,5,4,,1,15,,91252,5,4,,1,55,,91196,5,4,,1,15,,91215,5,4,,1,15,,91234,5,4,,1,15,,91253,5,4,,1,55,,91197,5,4,,1,15,,91216,5,4,,1,15,,91235,5,4,,1,15,,91254,5,4,,1,55,,91198,5,4,,1,15,,91217,5,4,,1,15,,91236,5,4,,1,15,,91255,5,4,,1,55,,91199,5,4,,1,15,,91218,5,4,,1,15,,91237,5,4,,1,15,,91256,5,4,,1,55,,91200,5,4,,1,15,,91219,5,4,,1,15,,91238,5,4,,1,15,,91257,5,4,,1,55,,91201,5,4,,1,15,,91220,5,4,,1,15,,91239,5,4,,1,15,,91258,5,4,,1,55,,91202,5,4,,1,15,,91221,5,4,,1
1,'20270118',555,,91318,5,4,,1,55,,91259,5,4,,1,12,,91279,5,4,,1,15,,91299,5,4,,1,15,,91319,5,4,,1,55,,91260,5,4,,1,15,,91280,5,4,,1,15,,91300,5,4,,1,15,,91320,5,4,,1,55,,91261,5,4,,1,15,,91281,5,4,,1,15,,91301,5,4,,1,15,,91321,5,4,,1,55,,91262,5,4,,1,15,,91282,5,4,,1,15,,91302,5,4,,1,15,,91322,5,4,,1,55,,91263,5,4,,1,15,,91283,5,4,,1,15,,91303,5,4,,1,15,,91323,5,4,,1,55,,91264,5,4,,1,15,,91284,5,4,,1,15,,91304,5,4,,1,15,,91324,5,4,,1,55,,91265,5,4,,1,15,,91285,5,4,,1,15,,91305,5,4,,1,15,,91325,5,4,,1,55,,91266,5,4,,1,15,,91286,5,4,,1,15,,91306,5,4,,1,15,,91326,5,4,,1,55,,91267,5,4,,1,15,,91287,5,4,,1,15,,91307,5,4,,1,15,,91327,5,4,,1,55,,91268,5,4,,1,15,,91288,5,4,,1,15,,91308,5,4,,1,15,,91328,5,4,,1,55,,91269,5,4,,1,15,,91289,5,4,,1,15,,91309,5,4,,1,15,,91329,5,4,,1,55,,91270,5,4,,1,15,,91290,5,4,,1,15,,91310,5,4,,1,15,,91330,5,4,,1,55,,91271,5,4,,1,15,,91291,5,4,,1,15,,91311,5,4,,1,15,,91331,5,4,,1,55,,91272,5,4,,1,15,,91292,5,4,,1,15,,91312,5,4,,1,15,,91332,5,4,,1,55,,91273,5,4,,1,15,,91293,5,4,,1,15,,91313,5,4,,1,15,,91333,5,4,,1,55,,91274,5,4,,1,15,,91294,5,4,,1,15,,91314,5,4,,1,15,,91334,5,4,,1,55,,91275,5,4,,1,15,,91295,5,4,,1,15,,91315,5,4,,1,15,,91335,5,4,,1,55,,91276,5,4,,1,15,,91296,5,4,,1,15,,91316,5,4,,1,15,,91336,5,4,,1,55,,91277,5,4,,1,15,,91297,5,4,,1,15,,91317,5,4,,1,15,,91337,5,4,,1,55,,91278,5,4,,1,15,,91298,5,4,,1
1,'20270119',555,,91397,5,4,,1,55,,91338,5,4,,1,12,,91358,5,4,,1,15,,91378,5,4,,1,15,,91398,5,4,,1,55,,91339,5,4,,1,15,,91359,5,4,,1,15,,91379,5,4,,1,15,,91399,5,4,,1,55,,91340,5,4,,1,15,,91360,5,4,,1,15,,91380,5,4,,1,15,,91400,5,4,,1,55,,91341,5,4,,1,15,,91361,5,4,,1,15,,91381,5,4,,1,15,,91401,5,4,,1,55,,91342,5,4,,1,15,,91362,5,4,,1,15,,91382,5,4,,1,15,,91402,5,4,,1,55,,91343,5,4,,1,15,,91363,5,4,,1,15,,91383,5,4,,1,15,,91403,5,4,,1,55,,91344,5,4,,1,15,,91364,5,4,,1,15,,91384,5,4,,1,15,,91404,5,4,,1,55,,91345,5,4,,1,15,,91365,5,4,,1,15,,91385,5,4,,1,15,,91405,5,4,,1,55,,91346,5,4,,1,15,,91366,5,4,,1,15,,91386,5,4,,1,15,,91406,5,4,,1,55,,91347,5,4,,1,15,,91367,5,4,,1,15,,91387,5,4,,1,15,,91407,5,4,,1,55,,91348,5,4,,1,15,,91368,5,4,,1,15,,91388,5,4,,1,15,,91408,5,4,,1,55,,91349,5,4,,1,15,,91369,5,4,,1,15,,91389,5,4,,1,15,,91409,5,4,,1,55,,91350,5,4,,1,15,,91370,5,4,,1,15,,91390,5,4,,1,15,,91410,5,4,,1,55,,91351,5,4,,1,15,,91371,5,4,,1,15,,91391,5,4,,1,15,,91411,5,4,,1,55,,91352,5,4,,1,15,,91372,5,4,,1,15,,91392,5,4,,1,15,,91412,5,4,,1,55,,91353,5,4,,1,15,,91373,5,4,,1,15,,91393,5,4,,1,15,,91413,5,4,,1,55,,91354,5,4,,1,15,,91374,5,4,,1,15,,91394,5,4,,1,15,,91414,5,4,,1,55,,91355,5,4,,1,15,,91375,5,4,,1,15,,91395,5,4,,1,15,,91415,5,4,,1,55,,91356,5,4,,1,15,,91376,5,4,,1,15,,91396,5,4,,1,15,,91416,5,4,,1,55,,91357,5,4,,1,15,,91377,5,4,,1
1,'20270120',555,,91476,5,4,,1,55,,91417,5,4,,1,12,,91437,5,4,,1,15,,91457,5,4,,1,15,,91477,5,4,,1,55,,91418,5,4,,1,15,,91438,5,4,,1,15,,91458,5,4,,1,15,,91478,5,4,,1,55,,91419,5,4,,1,15,,91439,5,4,,1,15,,91459,5,4,,1,15,,91479,5,4,,1,55,,91420,5,4,,1,15,,91440,5,4,,1,15,,91460,5,4,,1,15,,91480,5,4,,1,55,,91421,5,4,,1,15,,91441,5,4,,1,15,,91461,5,4,,1,15,,91481,5,4,,1,55,,91422,5,4,,1,15,,91442,5,4,,1,15,,91462,5,4,,1,15,,91482,5,4,,1,55,,91423,5,4,,1,15,,91443,5,4,,1,15,,91463,5,4,,1,15,,91483,5,4,,1,55,,91424,5,4,,1,15,,91444,5,4,,1,15,,91464,5,4,,1,15,,91484,5,4,,1,55,,91425,5,4,,1,15,,91445,5,4,,1,15,,91465,5,4,,1,15,,91485,5,4,,1,55,,91426,5,4,,1,15,,91446,5,4,,1,15,,91466,5,4,,1,15,,91486,5,4,,1,55,,91427,5,4,,1,15,,91447,5,4,,1,15,,91467,5,4,,1,15,,91487,5,4,,1,55,,91428,5,4,,1,15,,91448,5,4,,1,15,,91468,5,4,,1,15,,91488,5,4,,1,55,,91429,5,4,,1,15,,91449,5,4,,1,15,,91469,5,4,,1,15,,91489,5,4,,1,55,,91430,5,4,,1,15,,91450,5,4,,1,15,,91470,5,4,,1,15,,91490,5,4,,1,55,,91431,5,4,,1,15,,91451,5,4,,1,15,,91471,5,4,,1,15,,91491,5,4,,1,55,,91432,5,4,,1,15,,91452,5,4,,1,15,,91472,5,4,,1,15,,91492,5,4,,1,55,,91433,5,4,,1,15,,91453,5,4,,1,15,,91473,5,4,,1,15,,91493,5,4,,1,55,,91434,5,4,,1,15,,91454,5,4,,1,15,,91474,5,4,,1,15,,91494,5,4,,1,55,,91435,5,4,,1,15,,91455,5,4,,1,15,,91475,5,4,,1,15,,91495,5,4,,1,55,,91436,5,4,,1,15,,91456,5,4,,1
1,'20270121',555,,91555,5,4,,1,55,,91496,5,4,,1,12,,91516,5,4,,1,15,,91536,5,4,,1,15,,91556,5,4,,1,55,,91497,5,4,,1,15,,91517,5,4,,1,15,,91537,5,4,,1,15,,91557,5,4,,1,55,,91498,5,4,,1,15,,91518,5,4,,1,15,,91538,5,4,,1,15,,91558,5,4,,1,55,,91499,5,4,,1,15,,91519,5,4,,1,15,,91539,5,4,,1,15,,91559,5,4,,1,55,,91500,5,4,,1,15,,91520,5,4,,1,15,,91540,5,4,,1,15,,91560,5,4,,1,55,,91501,5,4,,1,15,,91521,5,4,,1,15,,91541,5,4,,1,15,,91561,5,4,,1,55,,91502,5,4,,1,15,,91522,5,4,,1,15,,91542,5,4,,1,15,,91562,5,4,,1,55,,91503,5,4,,1,15,,91523,5,4,,1,15,,91543,5,4,,1,15,,91563,5,4,,1,55,,91504,5,4,,1,15,,91524,5,4,,1,15,,91544,5,4,,1,15,,91564,5,4,,1,55,,91505,5,4,,1,15,,91525,5,4,,1,15,,91545,5,4,,1,15,,91565,5,4,,1,55,,91506,5,4,,1,15,,91526,5,4,,1,15,,91546,5,4,,1,15,,91566,5,4,,1,55,,91507,5,4,,1,15,,91527,5,4,,1,15,,91547,5,4,,1,15,,91567,5,4,,1,55,,91508,5,4,,1,15,,91528,5,4,,1,15,,91548,5,4,,1,15,,91568,5,4,,1,55,,91509,5,4,,1,15,,91529,5,4,,1,15,,91549,5,4,,1,15,,91569,5,4,,1,55,,91510,5,4,,1,15,,91530,5,4,,1,15,,91550,5,4,,1,15,,91570,5,4,,1,55,,91511,5,4,,1,15,,91531,5,4,,1,15,,91551,5,4,,1,15,,91571,5,4,,1,55,,91512,5,4,,1,15,,91532,5,4,,1,15,,91552,5,4,,1,15,,91572,5,4,,1,55,,91513,5,4,,1,15,,91533,5,4,,1,15,,91553,5,4,,1,15,,91573,5,4,,1,55,,91514,5,4,,1,15,,91534,5,4,,1,15,,91554,5,4,,1,15,,91574,5,4,,1,55,,91515,5,4,,1,15,,91535,5,4,,1
1,'20270122',555,,91634,5,4,,1,55,,91575,5,4,,1,12,,91595,5,4,,1,15,,91615,5,4,,1,15,,91635,5,4,,1,55,,91576,5,4,,1,15,,91596,5,4,,1,15,,91616,5,4,,1,15,,91636,5,4,,1,55,,91577,5,4,,1,15,,91597,5,4,,1,15,,91617,5,4,,1,15,,91637,5,4,,1,55,,91578,5,4,,1,15,,91598,5,4,,1,15,,91618,5,4,,1,15,,91638,5,4,,1,55,,91579,5,4,,1,15,,91599,5,4,,1,15,,91619,5,4,,1,15,,91639,5,4,,1,55,,91580,5,4,,1,15,,91600,5,4,,1,15,,91620,5,4,,1,15,,91640,5,4,,1,55,,91581,5,4,,1,15,,91601,5,4,,1,15,,91621,5,4,,1,15,,91641,5,4,,1,55,,91582,5,4,,1,15,,91602,5,4,,1,15,,91622,5,4,,1,15,,91642,5,4,,1,55,,91583,5,4,,1,15,,91603,5,4,,1,15,,91623,5,4,,1,15,,91643,5,4,,1,55,,91584,5,4,,1,15,,91604,5,4,,1,15,,91624,5,4,,1,15,,91644,5,4,,1,55,,91585,5,4,,1,15,,91605,5,4,,1,15,,91625,5,4,,1,15,,91645,5,4,,1,55,,91586,5,4,,1,15,,91606,5,4,,1,15,,91626,5,4,,1,15,,91646,5,4,,1,55,,91587,5,4,,1,15,,91607,5,4,,1,15,,91627,5,4,,1,15,,91647,5,4,,1,55,,91588,5,4,,1,15,,91608,5,4,,1,15,,91628,5,4,,1,15,,91648,5,4,,1,55,,91589,5,4,,1,15,,91609,5,4,,1,15,,91629,5,4,,1,15,,91649,5,4,,1,55,,91590,5,4,,1,15,,91610,5,4,,1,15,,91630,5,4,,1,15,,91650,5,4,,1,55,,91591,5,4,,1,15,,91611,5,4,,1,15,,91631,5,4,,1,15,,91651,5,4,,1,55,,91592,5,4,,1,15,,91612,5,4,,1,15,,91632,5,4,,1,15,,91652,5,4,,1,55,,91593,5,4,,1,15,,91613,5,4,,1,15,,91633,5,4,,1,15,,91653,5,4,,1,55,,91594,5,4,,1,15,,91614,5,4,,1
1,'20270123',652,,91710,5,4,,1,55,,91654,5,4,,1,15,,91673,5,4,,1,15,,91692,5,4,,1,15,,91711,5,4,,1,55,,91655,5,4,,1,15,,91674,5,4,,1,15,,91693,5,4,,1,15,,91712,5,4,,1,55,,91656,5,4,,1,15,,91675,5,4,,1,15,,91694,5,4,,1,15,,91713,5,4,,1,55,,91657,5,4,,1,15,,91676,5,4,,1,15,,91695,5,4,,1,15,,91714,5,4,,1,55,,91658,5,4,,1,15,,91677,5,4,,1,15,,91696,5,4,,1,15,,91715,5,4,,1,55,,91659,5,4,,1,15,,91678,5,4,,1,15,,91697,5,4,,1,15,,91716,5,4,,1,55,,91660,5,4,,1,15,,91679,5,4,,1,15,,91698,5,4,,1,15,,91717,5,4,,1,55,,91661,5,4,,1,15,,91680,5,4,,1,15,,91699,5,4,,1,15,,91718,5,4,,1,55,,91662,5,4,,1,15,,91681,5,4,,1,15,,91700,5,4,,1,15,,91719,5,4,,1,55,,91663,5,4,,1,15,,91682,5,4,,1,15,,91701,5,4,,1,15,,91720,5,4,,1,55,,91664,5,4,,1,15,,91683,5,4,,1,15,,91702,5,4,,1,15,,91721,5,4,,1,55,,91665,5,4,,1,15,,91684,5,4,,1,15,,91703,5,4,,1,15,,91722,5,4,,1,55,,91666,5,4,,1,15,,91685,5,4,,1,15,,91704,5,4,,1,15,,91723,5,4,,1,55,,91667,5,4,,1,15,,91686,5,4,,1,15,,91705,5,4,,1,15,,91724,5,4,,1,55,,91668,5,4,,1,15,,91687,5,4,,1,15,,91706,5,4,,1,15,,91725,5,4,,1,55,,91669,5,4,,1,15,,91688,5,4,,1,15,,91707,5,4,,1,15,,91726,5,4,,1,55,,91670,5,4,,1,15,,91689,5,4,,1,15,,91708,5,4,,1,15,,91727,5,4,,1,55,,91671,5,4,,1,15,,91690,5,4,,1,15,,91709,5,4,,1,15,,91728,5,4,,1,55,,91672,5,4,,1,15,,91691,5,4,,1
1,'20270124',652,,91785,5,4,,1,55,,91729,5,4,,1,15,,91748,5,4,,1,15,,91767,5,4,,1,15,,91786,5,4,,1,55,,91730,5,4,,1,15,,91749,5,4,,1,15,,91768,5,4,,1,15,,91787,5,4,,1,55,,91731,5,4,,1,15,,91750,5,4,,1,15,,91769,5,4,,1,15,,91788,5,4,,1,55,,91732,5,4,,1,15,,91751,5,4,,1,15,,91770,5,4,,1,15,,91789,5,4,,1,55,,91733,5,4,,1,15,,91752,5,4,,1,15,,91771,5,4,,1,15,,91790,5,4,,1,55,,91734,5,4,,1,15,,91753,5,4,,1,15,,91772,5,4,,1,15,,91791,5,4,,1,55,,91735,5,4,,1,15,,91754,5,4,,1,15,,91773,5,4,,1,15,,91792,5,4,,1,55,,91736,5,4,,1,15,,91755,5,4,,1,15,,91774,5,4,,1,15,,91793,5,4,,1,55,,91737,5,4,,1,15,,91756,5,4,,1,15,,91775,5,4,,1,15,,91794,5,4,,1,55,,91738,5,4,,1,15,,91757,5,4,,1,15,,91776,5,4,,1,15,,91795,5,4,,1,55,,91739,5,4,,1,15,,91758,5,4,,1,15,,91777,5,4,,1,15,,91796,5,4,,1,55,,91740,5,4,,1,15,,91759,5,4,,1,15,,91778,5,4,,1,15,,91797,5,4,,1,55,,91741,5,4,,1,15,,91760,5,4,,1,15,,91779,5,4,,1,15,,91798,5,4,,1,55,,91742,5,4,,1,15,,91761,5,4,,1,15,,91780,5,4,,1,15,,91799,5,4,,1,55,,91743,5,4,,1,15,,91762,5,4,,1,15,,91781,5,4,,1,15,,91800,5,4,,1,55,,91744,5,4,,1,15,,91763,5,4,,1,15,,91782,5,4,,1,15,,91801,5,4,,1,55,,91745,5,4,,1,15,,91764,5,4,,1,15,,91783,5,4,,1,15,,91802,5,4,,1,55,,91746,5,4,,1,15,,91765,5,4,,1,15,,91784,5,4,,1,15,,91803,5,4,,1,55,,91747,5,4,,1,15,,91766,5,4,,1
1,'20270125',555,,91863,5,4,,1,55,,91804,5,4,,1,12,,91824,5,4,,1,15,,91844,5,4,,1,15,,91864,5,4,,1,55,,91805,5,4,,1,15,,91825,5,4,,1,15,,91845,5,4,,1,15,,91865,5,4,,1,55,,91806,5,4,,1,15,,91826,5,4,,1,15,,91846,5,4,,1,15,,91866,5,4,,1,55,,91807,5,4,,1,15,,91827,5,4,,1,15,,91847,5,4,,1,15,,91867,5,4,,1,55,,91808,5,4,,1,15,,91828,5,4,,1,15,,91848,5,4,,1,15,,91868,5,4,,1,55,,91809,5,4,,1,15,,91829,5,4,,1,15,,91849,5,4,,1,15,,91869,5,4,,1,55,,91810,5,4,,1,15,,91830,5,4,,1,15,,91850,5,4,,1,15,,91870,5,4,,1,55,,91811,5,4,,1,15,,91831,5,4,,1,15,,91851,5,4,,1,15,,91871,5,4,,1,55,,91812,5,4,,1,15,,91832,5,4,,1,15,,91852,5,4,,1,15,,91872,5,4,,1,55,,91813,5,4,,1,15,,91833,5,4,,1,15,,91853,5,4,,1,15,,91873,5,4,,1,55,,91814,5,4,,1,15,,91834,5,4,,1,15,,91854,5,4,,1,15,,91874,5,4,,1,55,,91815,5,4,,1,15,,91835,5,4,,1,15,,91855,5,4,,1,15,,91875,5,4,,1,55,,91816,5,4,,1,15,,91836,5,4,,1,15,,91856,5,4,,1,15,,91876,5,4,,1,55,,91817,5,4,,1,15,,91837,5,4,,1,15,,91857,5,4,,1,15,,91877,5,4,,1,55,,91818,5,4,,1,15,,91838,5,4,,1,15,,91858,5,4,,1,15,,91878,5,4,,1,55,,91819,5,4,,1,15,,91839,5,4,,1,15,,91859,5,4,,1,15,,91879,5,4,,1,55,,91820,5,4,,1,15,,91840,5,4,,1,15,,91860,5,4,,1,15,,91880,5,4,,1,55,,91821,5,4,,1,15,,91841,5,4,,1,15,,91861,5,4,,1,15,,91881,5,4,,1,55,,91822,5,4,,1,15,,91842,5,4,,1,15,,91862,5,4,,1,15,,91882,5,4,,1,55,,91823,5,4,,1,15,,91843,5,4,,1
1,'20270126',555,,91942,5,4,,1,55,,91883,5,4,,1,12,,91903,5,4,,1,15,,91923,5,4,,1,15,,91943,5,4,,1,55,,91884,5,4,,1,15,,91904,5,4,,1,15,,91924,5,4,,1,15,,91944,5,4,,1,55,,91885,5,4,,1,15,,91905,5,4,,1,15,,91925,5,4,,1,15,,91945,5,4,,1,55,,91886,5,4,,1,15,,91906,5,4,,1,15,,91926,5,4,,1,15,,91946,5,4,,1,55,,91887,5,4,,1,15,,91907,5,4,,1,15,,91927,5,4,,1,15,,91947,5,4,,1,55,,91888,5,4,,1,15,,91908,5,4,,1,15,,91928,5,4,,1,15,,91948,5,4,,1,55,,91889,5,4,,1,15,,91909,5,4,,1,15,,91929,5,4,,1,15,,91949,5,4,,1,55,,91890,5,4,,1,15,,91910,5,4,,1,15,,91930,5,4,,1,15,,91950,5,4,,1,55,,91891,5,4,,1,15,,91911,5,4,,1,15,,91931,5,4,,1,15,,91951,5,4,,1,55,,91892,5,4,,1,15,,91912,5,4,,1,15,,91932,5,4,,1,15,,91952,5,4,,1,55,,91893,5,4,,1,15,,91913,5,4,,1,15,,91933,5,4,,1,15,,91953,5,4,,1,55,,91894,5,4,,1,15,,91914,5,4,,1,15,,91934,5,4,,1,15,,91954,5,4,,1,55,,91895,5,4,,1,15,,91915,5,4,,1,15,,91935,5,4,,1,15,,91955,5,4,,1,55,,91896,5,4,,1,15,,91916,5,4,,1,15,,91936,5,4,,1,15,,91956,5,4,,1,55,,91897,5,4,,1,15,,91917,5,4,,1,15,,91937,5,4,,1,15,,91957,5,4,,1,55,,91898,5,4,,1,15,,91918,5,4,,1,15,,91938,5,4,,1,15,,91958,5,4,,1,55,,91899,5,4,,1,15,,91919,5,4,,1,15,,91939,5,4,,1,15,,91959,5,4,,1,55,,91900,5,4,,1,15,,91920,5,4,,1,15,,91940,5,4,,1,15,,91960,5,4,,1,55,,91901,5,4,,1,15,,91921,5,4,,1,15,,91941,5,4,,1,15,,91961,5,4,,1,55,,91902,5,4,,1,15,,91922,5,4,,1
1,'20270127',555,,92021,5,4,,1,55,,91962,5,4,,1,12,,91982,5,4,,1,15,,92002,5,4,,1,15,,92022,5,4,,1,55,,91963,5,4,,1,15,,91983,5,4,,1,15,,92003,5,4,,1,15,,92023,5,4,,1,55,,91964,5,4,,1,15,,91984,5,4,,1,15,,92004,5,4,,1,15,,92024,5,4,,1,55,,91965,5,4,,1,15,,91985,5,4,,1,15,,92005,5,4,,1,15,,92025,5,4,,1,55,,91966,5,4,,1,15,,91986,5,4,,1,15,,92006,5,4,,1,15,,92026,5,4,,1,55,,91967,5,4,,1,15,,91987,5,4,,1,15,,92007,5,4,,1,15,,92027,5,4,,1,55,,91968,5,4,,1,15,,91988,5,4,,1,15,,92008,5,4,,1,15,,92028,5,4,,1,55,,91969,5,4,,1,15,,91989,5,4,,1,15,,92009,5,4,,1,15,,92029,5,4,,1,55,,91970,5,4,,1,15,,91990,5,4,,1,15,,92010,5,4,,1,15,,92030,5,4,,1,55,,91971,5,4,,1,15,,91991,5,4,,1,15,,92011,5,4,,1,15,,92031,5,4,,1,55,,91972,5,4,,1,15,,91992,5,4,,1,15,,92012,5,4,,1,15,,92032,5,4,,1,55,,91973,5,4,,1,15,,91993,5,4,,1,15,,92013,5,4,,1,15,,92033,5,4,,1,55,,91974,5,4,,1,15,,91994,5,4,,1,15,,92014,5,4,,1,15,,92034,5,4,,1,55,,91975,5,4,,1,15,,91995,5,4,,1,15,,92015,5,4,,1,15,,92035,5,4,,1,55,,91976,5,4,,1,15,,91996,5,4,,1,15,,92016,5,4,,1,15,,92036,5,4,,1,55,,91977,5,4,,1,15,,91997,5,4,,1,15,,92017,5,4,,1,15,,92037,5,4,,1,55,,91978,5,4,,1,15,,91998,5,4,,1,15,,92018,5,4,,1,15,,92038,5,4,,1,55,,91979,5,4,,1,15,,91999,5,4,,1,15,,92019,5,4,,1,15,,92039,5,4,,1,55,,91980,5,4,,1,15,,92000,5,4,,1,15,,92020,5,4,,1,15,,92040,5,4,,1,55,,91981,5,4,,1,15,,92001,5,4,,1
1,'20270128',555,,92100,5,4,,1,55,,92041,5,4,,1,12,,92061,5,4,,1,15,,92081,5,4,,1,15,,92101,5,4,,1,55,,92042,5,4,,1,15,,92062,5,4,,1,15,,92082,5,4,,1,15,,92102,5,4,,1,55,,92043,5,4,,1,15,,92063,5,4,,1,15,,92083,5,4,,1,15,,92103,5,4,,1,55,,92044,5,4,,1,15,,92064,5,4,,1,15,,92084,5,4,,1,15,,92104,5,4,,1,55,,92045,5,4,,1,15,,92065,5,4,,1,15,,92085,5,4,,1,15,,92105,5,4,,1,55,,92046,5,4,,1,15,,92066,5,4,,1,15,,92086,5,4,,1,15,,92106,5,4,,1,55,,92047,5,4,,1,15,,92067,5,4,,1,15,,92087,5,4,,1,15,,92107,5,4,,1,55,,92048,5,4,,1,15,,92068,5,4,,1,15,,92088,5,4,,1,15,,92108,5,4,,1,55,,92049,5,4,,1,15,,92069,5,4,,1,15,,92089,5,4,,1,15,,92109,5,4,,1,55,,92050,5,4,,1,15,,92070,5,4,,1,15,,92090,5,4,,1,15,,92110,5,4,,1,55,,92051,5,4,,1,15,,92071,5,4,,1,15,,92091,5,4,,1,15,,92111,5,4,,1,55,,92052,5,4,,1,15,,92072,5,4,,1,15,,92092,5,4,,1,15,,92112,5,4,,1,55,,92053,5,4,,1,15,,92073,5,4,,1,15,,92093,5,4,,1,15,,92113,5,4,,1,55,,92054,5,4,,1,15,,92074,5,4,,1,15,,92094,5,4,,1,15,,92114,5,4,,1,55,,92055,5,4,,1,15,,92075,5,4,,1,15,,92095,5,4,,1,15,,92115,5,4,,1,55,,92056,5,4,,1,15,,92076,5,4,,1,15,,92096,5,4,,1,15,,92116,5,4,,1,55,,92057,5,4,,1,15,,92077,5,4,,1,15,,92097,5,4,,1,15,,92117,5,4,,1,55,,92058,5,4,,1,15,,92078,5,4,,1,15,,92098,5,4,,1,15,,92118,5,4,,1,55,,92059,5,4,,1,15,,92079,5,4,,1,15,,92099,5,4,,1,15,,92119,5,4,,1,55,,92060,5,4,,1,15,,92080,5,4,,1
1,'20270129',555,,92179,5,4,,1,55,,92120,5,4,,1,12,,92140,5,4,,1,15,,92160,5,4,,1,15,,92180,5,4,,1,55,,92121,5,4,,1,15,,92141,5,4,,1,15,,92161,5,4,,1,15,,92181,5,4,,1,55,,92122,5,4,,1,15,,92142,5,4,,1,15,,92162,5,4,,1,15,,92182,5,4,,1,55,,92123,5,4,,1,15,,92143,5,4,,1,15,,92163,5,4,,1,15,,92183,5,4,,1,55,,92124,5,4,,1,15,,92144,5,4,,1,15,,92164,5,4,,1,15,,92184,5,4,,1,55,,92125,5,4,,1,15,,92145,5,4,,1,15,,92165,5,4,,1,15,,92185,5,4,,1,55,,92126,5,4,,1,15,,92146,5,4,,1,15,,92166,5,4,,1,15,,92186,5,4,,1,55,,92127,5,4,,1,15,,92147,5,4,,1,15,,92167,5,4,,1,15,,92187,5,4,,1,55,,92128,5,4,,1,15,,92148,5,4,,1,15,,92168,5,4,,1,15,,92188,5,4,,1,55,,92129,5,4,,1,15,,92149,5,4,,1,15,,92169,5,4,,1,15,,92189,5,4,,1,55,,92130,5,4,,1,15,,92150,5,4,,1,15,,92170,5,4,,1,15,,92190,5,4,,1,55,,92131,5,4,,1,15,,92151,5,4,,1,15,,92171,5,4,,1,15,,92191,5,4,,1,55,,92132,5,4,,1,15,,92152,5,4,,1,15,,92172,5,4,,1,15,,92192,5,4,,1,55,,92133,5,4,,1,15,,92153,5,4,,1,15,,92173,5,4,,1,15,,92193,5,4,,1,55,,92134,5,4,,1,15,,92154,5,4,,1,15,,92174,5,4,,1,15,,92194,5,4,,1,55,,92135,5,4,,1,15,,92155,5,4,,1,15,,92175,5,4,,1,15,,92195,5,4,,1,55,,92136,5,4,,1,15,,92156,5,4,,1,15,,92176,5,4,,1,15,,92196,5,4,,1,55,,92137,5,4,,1,15,,92157,5,4,,1,15,,92177,5,4,,1,15,,92197,5,4,,1,55,,92138,5,4,,1,15,,92158,5,4,,1,15,,92178,5,4,,1,15,,92198,5,4,,1,55,,92139,5,4,,1,15,,92159,5,4,,1
1,'20270130',652,,92255,5,4,,1,55,,92199,5,4,,1,15,,92218,5,4,,1,15,,92237,5,4,,1,15,,92256,5,4,,1,55,,92200,5,4,,1,15,,92219,5,4,,1,15,,92238,5,4,,1,15,,92257,5,4,,1,55,,92201,5,4,,1,15,,92220,5,4,,1,15,,92239,5,4,,1,15,,92258,5,4,,1,55,,92202,5,4,,1,15,,92221,5,4,,1,15,,92240,5,4,,1,15,,92259,5,4,,1,55,,92203,5,4,,1,15,,92222,5,4,,1,15,,92241,5,4,,1,15,,92260,5,4,,1,55,,92204,5,4,,1,15,,92223,5,4,,1,15,,92242,5,4,,1,15,,92261,5,4,,1,55,,92205,5,4,,1,15,,92224,5,4,,1,15,,92243,5,4,,1,15,,92262,5,4,,1,55,,92206,5,4,,1,15,,92225,5,4,,1,15,,92244,5,4,,1,15,,92263,5,4,,1,55,,92207,5,4,,1,15,,92226,5,4,,1,15,,92245,5,4,,1,15,,92264,5,4,,1,55,,92208,5,4,,1,15,,92227,5,4,,1,15,,92246,5,4,,1,15,,92265,5,4,,1,55,,92209,5,4,,1,15,,92228,5,4,,1,15,,92247,5,4,,1,15,,92266,5,4,,1,55,,92210,5,4,,1,15,,92229,5,4,,1,15,,92248,5,4,,1,15,,92267,5,4,,1,55,,92211,5,4,,1,15,,92230,5,4,,1,15,,92249,5,4,,1,15,,92268,5,4,,1,55,,92212,5,4,,1,15,,92231,5,4,,1,15,,92250,5,4,,1,15,,92269,5,4,,1,55,,92213,5,4,,1,15,,92232,5,4,,1,15,,92251,5,4,,1,15,,92270,5,4,,1,55,,92214,5,4,,1,15,,92233,5,4,,1,15,,92252,5,4,,1,15,,92271,5,4,,1,55,,92215,5,4,,1,15,,92234,5,4,,1,15,,92253,5,4,,1,15,,92272,5,4,,1,55,,92216,5,4,,1,15,,92235,5,4,,1,15,,92254,5,4,,1,15,,92273,5,4,,1,55,,92217,5,4,,1,15,,92236,5,4,,1
1,'20270131',652,,92330,5,4,,1,55,,92274,5,4,,1,15,,92293,5,4,,1,15,,92312,5,4,,1,15,,92331,5,4,,1,55,,92275,5,4,,1,15,,92294,5,4,,1,15,,92313,5,4,,1,15,,92332,5,4,,1,55,,92276,5,4,,1,15,,92295,5,4,,1,15,,92314,5,4,,1,15,,92333,5,4,,1,55,,92277,5,4,,1,15,,92296,5,4,,1,15,,92315,5,4,,1,15,,92334,5,4,,1,55,,92278,5,4,,1,15,,92297,5,4,,1,15,,92316,5,4,,1,15,,92335,5,4,,1,55,,92279,5,4,,1,15,,92298,5,4,,1,15,,92317,5,4,,1,15,,92336,5,4,,1,55,,92280,5,4,,1,15,,92299,5,4,,1,15,,92318,5,4,,1,15,,92337,5,4,,1,55,,92281,5,4,,1,15,,92300,5,4,,1,15,,92319,5,4,,1,15,,92338,5,4,,1,55,,92282,5,4,,1,15,,92301,5,4,,1,15,,92320,5,4,,1,15,,92339,5,4,,1,55,,92283,5,4,,1,15,,92302,5,4,,1,15,,92321,5,4,,1,15,,92340,5,4,,1,55,,92284,5,4,,1,15,,92303,5,4,,1,15,,92322,5,4,,1,15,,92341,5,4,,1,55,,92285,5,4,,1,15,,92304,5,4,,1,15,,92323,5,4,,1,15,,92342,5,4,,1,55,,92286,5,4,,1,15,,92305,5,4,,1,15,,92324,5,4,,1,15,,92343,5,4,,1,55,,92287,5,4,,1,15,,92306,5,4,,1,15,,92325,5,4,,1,15,,92344,5,4,,1,55,,92288,5,4,,1,15,,92307,5,4,,1,15,,92326,5,4,,1,15,,92345,5,4,,1,55,,92289,5,4,,1,15,,92308,5,4,,1,15,,92327,5,4,,1,15,,92346,5,4,,1,55,,92290,5,4,,1,15,,92309,5,4,,1,15,,92328,5,4,,1,15,,92347,5,4,,1,55,,92291,5,4,,1,15,,92310,5,4,,1,15,,92329,5,4,,1,15,,92348,5,4,,1,55,,92292,5,4,,1,15,,92311,5,4,,1
1,'20270201',555,,92408,5,4,,1,55,,92349,5,4,,1,12,,92369,5,4,,1,15,,92389,5,4,,1,15,,92409,5,4,,1,55,,92350,5,4,,1,15,,92370,5,4,,1,15,,92390,5,4,,1,15,,92410,5,4,,1,55,,92351,5,4,,1,15,,92371,5,4,,1,15,,92391,5,4,,1,15,,92411,5,4,,1,55,,92352,5,4,,1,15,,92372,5,4,,1,15,,92392,5,4,,1,15,,92412,5,4,,1,55,,92353,5,4,,1,15,,92373,5,4,,1,15,,92393,5,4,,1,15,,92413,5,4,,1,55,,92354,5,4,,1,15,,92374,5,4,,1,15,,92394,5,4,,1,15,,92414,5,4,,1,55,,92355,5,4,,1,15,,92375,5,4,,1,15,,92395,5,4,,1,15,,92415,5,4,,1,55,,92356,5,4,,1,15,,92376,5,4,,1,15,,92396,5,4,,1,15,,92416,5,4,,1,55,,92357,5,4,,1,15,,92377,5,4,,1,15,,92397,5,4,,1,15,,92417,5,4,,1,55,,92358,5,4,,1,15,,92378,5,4,,1,15,,92398,5,4,,1,15,,92418,5,4,,1,55,,92359,5,4,,1,15,,92379,5,4,,1,15,,92399,5,4,,1,15,,92419,5,4,,1,55,,92360,5,4,,1,15,,92380,5,4,,1,15,,92400,5,4,,1,15,,92420,5,4,,1,55,,92361,5,4,,1,15,,92381,5,4,,1,15,,92401,5,4,,1,15,,92421,5,4,,1,55,,92362,5,4,,1,15,,92382,5,4,,1,15,,92402,5,4,,1,15,,92422,5,4,,1,55,,92363,5,4,,1,15,,92383,5,4,,1,15,,92403,5,4,,1,15,,92423,5,4,,1,55,,92364,5,4,,1,15,,92384,5,4,,1,15,,92404,5,4,,1,15,,92424,5,4,,1,55,,92365,5,4,,1,15,,92385,5,4,,1,15,,92405,5,4,,1,15,,92425,5,4,,1,55,,92366,5,4,,1,15,,92386,5,4,,1,15,,92406,5,4,,1,15,,92426,5,4,,1,55,,92367,5,4,,1,15,,92387,5,4,,1,15,,92407,5,4,,1,15,,92427,5,4,,1,55,,92368,5,4,,1,15,,92388,5,4,,1
1,'20270202',555,,92487,5,4,,1,55,,92428,5,4,,1,12,,92448,5,4,,1,15,,92468,5,4,,1,15,,92488,5,4,,1,55,,92429,5,4,,1,15,,92449,5,4,,1,15,,92469,5,4,,1,15,,92489,5,4,,1,55,,92430,5,4,,1,15,,92450,5,4,,1,15,,92470,5,4,,1,15,,92490,5,4,,1,55,,92431,5,4,,1,15,,92451,5,4,,1,15,,92471,5,4,,1,15,,92491,5,4,,1,55,,92432,5,4,,1,15,,92452,5,4,,1,15,,92472,5,4,,1,15,,92492,5,4,,1,55,,92433,5,4,,1,15,,92453,5,4,,1,15,,92473,5,4,,1,15,,92493,5,4,,1,55,,92434,5,4,,1,15,,92454,5,4,,1,15,,92474,5,4,,1,15,,92494,5,4,,1,55,,92435,5,4,,1,15,,92455,5,4,,1,15,,92475,5,4,,1,15,,92495,5,4,,1,55,,92436,5,4,,1,15,,92456,5,4,,1,15,,92476,5,4,,1,15,,92496,5,4,,1,55,,92437,5,4,,1,15,,92457,5,4,,1,15,,92477,5,4,,1,15,,92497,5,4,,1,55,,92438,5,4,,1,15,,92458,5,4,,1,15,,92478,5,4,,1,15,,92498,5,4,,1,55,,92439,5,4,,1,15,,92459,5,4,,1,15,,92479,5,4,,1,15,,92499,5,4,,1,55,,92440,5,4,,1,15,,92460,5,4,,1,15,,92480,5,4,,1,15,,92500,5,4,,1,55,,92441,5,4,,1,15,,92461,5,4,,1,15,,92481,5,4,,1,15,,92501,5,4,,1,55,,92442,5,4,,1,15,,92462,5,4,,1,15,,92482,5,4,,1,15,,92502,5,4,,1,55,,92443,5,4,,1,15,,92463,5,4,,1,15,,92483,5,4,,1,15,,92503,5,4,,1,55,,92444,5,4,,1,15,,92464,5,4,,1,15,,92484,5,4,,1,15,,92504,5,4,,1,55,,92445,5,4,,1,15,,92465,5,4,,1,15,,92485,5,4,,1,15,,92505,5,4,,1,55,,92446,5,4,,1,15,,92466,5,4,,1,15,,92486,5,4,,1,15,,92506,5,4,,1,55,,92447,5,4,,1,15,,92467,5,4,,1
1,'20270203',555,,92566,5,4,,1,55,,92507,5,4,,1,12,,92527,5,4,,1,15,,92547,5,4,,1,15,,92567,5,4,,1,55,,92508,5,4,,1,15,,92528,5,4,,1,15,,92548,5,4,,1,15,,92568,5,4,,1,55,,92509,5,4,,1,15,,92529,5,4,,1,15,,92549,5,4,,1,15,,92569,5,4,,1,55,,92510,5,4,,1,15,,92530,5,4,,1,15,,92550,5,4,,1,15,,92570,5,4,,1,55,,92511,5,4,,1,15,,92531,5,4,,1,15,,92551,5,4,,1,15,,92571,5,4,,1,55,,92512,5,4,,1,15,,92532,5,4,,1,15,,92552,5,4,,1,15,,92572,5,4,,1,55,,92513,5,4,,1,15,,92533,5,4,,1,15,,92553,5,4,,1,15,,92573,5,4,,1,55,,92514,5,4,,1,15,,92534,5,4,,1,15,,92554,5,4,,1,15,,92574,5,4,,1,55,,92515,5,4,,1,15,,92535,5,4,,1,15,,92555,5,4,,1,15,,92575,5,4,,1,55,,92516,5,4,,1,15,,92536,5,4,,1,15,,92556,5,4,,1,15,,92576,5,4,,1,55,,92517,5,4,,1,15,,92537,5,4,,1,15,,92557,5,4,,1,15,,92577,5,4,,1,55,,92518,5,4,,1,15,,92538,5,4,,1,15,,92558,5,4,,1,15,,92578,5,4,,1,55,,92519,5,4,,1,15,,92539,5,4,,1,15,,92559,5,4,,1,15,,92579,5,4,,1,55,,92520,5,4,,1,15,,92540,5,4,,1,15,,92560,5,4,,1,15,,92580,5,4,,1,55,,92521,5,4,,1,15,,92541,5,4,,1,15,,92561,5,4,,1,15,,92581,5,4,,1,55,,92522,5,4,,1,15,,92542,5,4,,1,15,,92562,5,4,,1,15,,92582,5,4,,1,55,,92523,5,4,,1,15,,92543,5,4,,1,15,,92563,5,4,,1,15,,92583,5,4,,1,55,,92524,5,4,,1,15,,92544,5,4,,1,15,,92564,5,4,,1,15,,92584,5,4,,1,55,,92525,5,4,,1,15,,92545,5,4,,1,15,,92565,5,4,,1,15,,92585,5,4,,1,55,,92526,5,4,,1,15,,92546,5,4,,1
1,'20270204',555,,92645,5,4,,1,55,,92586,5,4,,1,12,,92606,5,4,,1,15,,92626,5,4,,1,15,,92646,5,4,,1,55,,92587,5,4,,1,15,,92607,5,4,,1,15,,92627,5,4,,1,15,,92647,5,4,,1,55,,92588,5,4,,1,15,,92608,5,4,,1,15,,92628,5,4,,1,15,,92648,5,4,,1,55,,92589,5,4,,1,15,,92609,5,4,,1,15,,92629,5,4,,1,15,,92649,5,4,,1,55,,92590,5,4,,1,15,,92610,5,4,,1,15,,92630,5,4,,1,15,,92650,5,4,,1,55,,92591,5,4,,1,15,,92611,5,4,,1,15,,92631,5,4,,1,15,,92651,5,4,,1,55,,92592,5,4,,1,15,,92612,5,4,,1,15,,92632,5,4,,1,15,,92652,5,4,,1,55,,92593,5,4,,1,15,,92613,5,4,,1,15,,92633,5,4,,1,15,,92653,5,4,,1,55,,92594,5,4,,1,15,,92614,5,4,,1,15,,92634,5,4,,1,15,,92654,5,4,,1,55,,92595,5,4,,1,15,,92615,5,4,,1,15,,92635,5,4,,1,15,,92655,5,4,,1,55,,92596,5,4,,1,15,,92616,5,4,,1,15,,92636,5,4,,1,15,,92656,5,4,,1,55,,92597,5,4,,1,15,,92617,5,4,,1,15,,92637,5,4,,1,15,,92657,5,4,,1,55,,92598,5,4,,1,15,,92618,5,4,,1,15,,92638,5,4,,1,15,,92658,5,4,,1,55,,92599,5,4,,1,15,,92619,5,4,,1,15,,92639,5,4,,1,15,,92659,5,4,,1,55,,92600,5,4,,1,15,,92620,5,4,,1,15,,92640,5,4,,1,15,,92660,5,4,,1,55,,92601,5,4,,1,15,,92621,5,4,,1,15,,92641,5,4,,1,15,,92661,5,4,,1,55,,92602,5,4,,1,15,,92622,5,4,,1,15,,92642,5,4,,1,15,,92662,5,4,,1,55,,92603,5,4,,1,15,,92623,5,4,,1,15,,92643,5,4,,1,15,,92663,5,4,,1,55,,92604,5,4,,1,15,,92624,5,4,,1,15,,92644,5,4,,1,15,,92664,5,4,,1,55,,92605,5,4,,1,15,,92625,5,4,,1
1,'20270205',555,,92724,5,4,,1,55,,92665,5,4,,1,12,,92685,5,4,,1,15,,92705,5,4,,1,15,,92725,5,4,,1,55,,92666,5,4,,1,15,,92686,5,4,,1,15,,92706,5,4,,1,15,,92726,5,4,,1,55,,92667,5,4,,1,15,,92687,5,4,,1,15,,92707,5,4,,1,15,,92727,5,4,,1,55,,92668,5,4,,1,15,,92688,5,4,,1,15,,92708,5,4,,1,15,,92728,5,4,,1,55,,92669,5,4,,1,15,,92689,5,4,,1,15,,92709,5,4,,1,15,,92729,5,4,,1,55,,92670,5,4,,1,15,,92690,5,4,,1,15,,92710,5,4,,1,15,,92730,5,4,,1,55,,92671,5,4,,1,15,,92691,5,4,,1,15,,92711,5,4,,1,15,,92731,5,4,,1,55,,92672,5,4,,1,15,,92692,5,4,,1,15,,92712,5,4,,1,15,,92732,5,4,,1,55,,92673,5,4,,1,15,,92693,5,4,,1,15,,92713,5,4,,1,15,,92733,5,4,,1,55,,92674,5,4,,1,15,,92694,5,4,,1,15,,92714,5,4,,1,15,,92734,5,4,,1,55,,92675,5,4,,1,15,,92695,5,4,,1,15,,92715,5,4,,1,15,,92735,5,4,,1,55,,92676,5,4,,1,15,,92696,5,4,,1,15,,92716,5,4,,1,15,,92736,5,4,,1,55,,92677,5,4,,1,15,,92697,5,4,,1,15,,92717,5,4,,1,15,,92737,5,4,,1,55,,92678,5,4,,1,15,,92698,5,4,,1,15,,92718,5,4,,1,15,,92738,5,4,,1,55,,92679,5,4,,1,15,,92699,5,4,,1,15,,92719,5,4,,1,15,,92739,5,4,,1,55,,92680,5,4,,1,15,,92700,5,4,,1,15,,92720,5,4,,1,15,,92740,5,4,,1,55,,92681,5,4,,1,15,,92701,5,4,,1,15,,92721,5,4,,1,15,,92741,5,4,,1,55,,92682,5,4,,1,15,,92702,5,4,,1,15,,92722,5,4,,1,15,,92742,5,4,,1,55,,92683,5,4,,1,15,,92703,5,4,,1,15,,92723,5,4,,1,15,,92743,5,4,,1,55,,92684,5,4,,1,15,,92704,5,4,,1
1,'20270206',652,,92800,5,4,,1,55,,92744,5,4,,1,15,,92763,5,4,,1,15,,92782,5,4,,1,15,,92801,5,4,,1,55,,92745,5,4,,1,15,,92764,5,4,,1,15,,92783,5,4,,1,15,,92802,5,4,,1,55,,92746,5,4,,1,15,,92765,5,4,,1,15,,92784,5,4,,1,15,,92803,5,4,,1,55,,92747,5,4,,1,15,,92766,5,4,,1,15,,92785,5,4,,1,15,,92804,5,4,,1,55,,92748,5,4,,1,15,,92767,5,4,,1,15,,92786,5,4,,1,15,,92805,5,4,,1,55,,92749,5,4,,1,15,,92768,5,4,,1,15,,92787,5,4,,1,15,,92806,5,4,,1,55,,92750,5,4,,1,15,,92769,5,4,,1,15,,92788,5,4,,1,15,,92807,5,4,,1,55,,92751,5,4,,1,15,,92770,5,4,,1,15,,92789,5,4,,1,15,,92808,5,4,,1,55,,92752,5,4,,1,15,,92771,5,4,,1,15,,92790,5,4,,1,15,,92809,5,4,,1,55,,92753,5,4,,1,15,,92772,5,4,,1,15,,92791,5,4,,1,15,,92810,5,4,,1,55,,92754,5,4,,1,15,,92773,5,4,,1,15,,92792,5,4,,1,15,,92811,5,4,,1,55,,92755,5,4,,1,15,,92774,5,4,,1,15,,92793,5,4,,1,15,,92812,5,4,,1,55,,92756,5,4,,1,15,,92775,5,4,,1,15,,92794,5,4,,1,15,,92813,5,4,,1,55,,92757,5,4,,1,15,,92776,5,4,,1,15,,92795,5,4,,1,15,,92814,5,4,,1,55,,92758,5,4,,1,15,,92777,5,4,,1,15,,92796,5,4,,1,15,,92815,5,4,,1,55,,92759,5,4,,1,15,,92778,5,4,,1,15,,92797,5,4,,1,15,,92816,5,4,,1,55,,92760,5,4,,1,15,,92779,5,4,,1,15,,92798,5,4,,1,15,,92817,5,4,,1,55,,92761,5,4,,1,15,,92780,5,4,,1,15,,92799,5,4,,1,15,,92818,5,4,,1,55,,92762,5,4,,1,15,,92781,5,4,,1
1,'20270207',652,,92875,5,4,,1,55,,92819,5,4,,1,15,,92838,5,4,,1,15,,92857,5,4,,1,15,,92876,5,4,,1,55,,92820,5,4,,1,15,,92839,5,4,,1,15,,92858,5,4,,1,15,,92877,5,4,,1,55,,92821,5,4,,1,15,,92840,5,4,,1,15,,92859,5,4,,1,15,,92878,5,4,,1,55,,92822,5,4,,1,15,,92841,5,4,,1,15,,92860,5,4,,1,15,,92879,5,4,,1,55,,92823,5,4,,1,15,,92842,5,4,,1,15,,92861,5,4,,1,15,,92880,5,4,,1,55,,92824,5,4,,1,15,,92843,5,4,,1,15,,92862,5,4,,1,15,,92881,5,4,,1,55,,92825,5,4,,1,15,,92844,5,4,,1,15,,92863,5,4,,1,15,,92882,5,4,,1,55,,92826,5,4,,1,15,,92845,5,4,,1,15,,92864,5,4,,1,15,,92883,5,4,,1,55,,92827,5,4,,1,15,,92846,5,4,,1,15,,92865,5,4,,1,15,,92884,5,4,,1,55,,92828,5,4,,1,15,,92847,5,4,,1,15,,92866,5,4,,1,15,,92885,5,4,,1,55,,92829,5,4,,1,15,,92848,5,4,,1,15,,92867,5,4,,1,15,,92886,5,4,,1,55,,92830,5,4,,1,15,,92849,5,4,,1,15,,92868,5,4,,1,15,,92887,5,4,,1,55,,92831,5,4,,1,15,,92850,5,4,,1,15,,92869,5,4,,1,15,,92888,5,4,,1,55,,92832,5,4,,1,15,,92851,5,4,,1,15,,92870,5,4,,1,15,,92889,5,4,,1,55,,92833,5,4,,1,15,,92852,5,4,,1,15,,92871,5,4,,1,15,,92890,5,4,,1,55,,92834,5,4,,1,15,,92853,5,4,,1,15,,92872,5,4,,1,15,,92891,5,4,,1,55,,92835,5,4,,1,15,,92854,5,4,,1,15,,92873,5,4,,1,15,,92892,5,4,,1,55,,92836,5,4,,1,15,,92855,5,4,,1,15,,92874,5,4,,1,15,,92893,5,4,,1,55,,92837,5,4,,1,15,,92856,5,4,,1
1,'20270208',555,,92953,5,4,,1,55,,92894,5,4,,1,12,,92914,5,4,,1,15,,92934,5,4,,1,15,,92954,5,4,,1,55,,92895,5,4,,1,15,,92915,5,4,,1,15,,92935,5,4,,1,15,,92955,5,4,,1,55,,92896,5,4,,1,15,,92916,5,4,,1,15,,92936,5,4,,1,15,,92956,5,4,,1,55,,92897,5,4,,1,15,,92917,5,4,,1,15,,92937,5,4,,1,15,,92957,5,4,,1,55,,92898,5,4,,1,15,,92918,5,4,,1,15,,92938,5,4,,1,15,,92958,5,4,,1,55,,92899,5,4,,1,15,,92919,5,4,,1,15,,92939,5,4,,1,15,,92959,5,4,,1,55,,92900,5,4,,1,15,,92920,5,4,,1,15,,92940,5,4,,1,15,,92960,5,4,,1,55,,92901,5,4,,1,15,,92921,5,4,,1,15,,92941,5,4,,1,15,,92961,5,4,,1,55,,92902,5,4,,1,15,,92922,5,4,,1,15,,92942,5,4,,1,15,,92962,5,4,,1,55,,92903,5,4,,1,15,,92923,5,4,,1,15,,92943,5,4,,1,15,,92963,5,4,,1,55,,92904,5,4,,1,15,,92924,5,4,,1,15,,92944,5,4,,1,15,,92964,5,4,,1,55,,92905,5,4,,1,15,,92925,5,4,,1,15,,92945,5,4,,1,15,,92965,5,4,,1,55,,92906,5,4,,1,15,,92926,5,4,,1,15,,92946,5,4,,1,15,,92966,5,4,,1,55,,92907,5,4,,1,15,,92927,5,4,,1,15,,92947,5,4,,1,15,,92967,5,4,,1,55,,92908,5,4,,1,15,,92928,5,4,,1,15,,92948,5,4,,1,15,,92968,5,4,,1,55,,92909,5,4,,1,15,,92929,5,4,,1,15,,92949,5,4,,1,15,,92969,5,4,,1,55,,92910,5,4,,1,15,,92930,5,4,,1,15,,92950,5,4,,1,15,,92970,5,4,,1,55,,92911,5,4,,1,15,,92931,5,4,,1,15,,92951,5,4,,1,15,,92971,5,4,,1,55,,92912,5,4,,1,15,,92932,5,4,,1,15,,92952,5,4,,1,15,,92972,5,4,,1,55,,92913,5,4,,1,15,,92933,5,4,,1
1,'20270209',555,,93032,5,4,,1,55,,92973,5,4,,1,12,,92993,5,4,,1,15,,93013,5,4,,1,15,,93033,5,4,,1,55,,92974,5,4,,1,15,,92994,5,4,,1,15,,93014,5,4,,1,15,,93034,5,4,,1,55,,92975,5,4,,1,15,,92995,5,4,,1,15,,93015,5,4,,1,15,,93035,5,4,,1,55,,92976,5,4,,1,15,,92996,5,4,,1,15,,93016,5,4,,1,15,,93036,5,4,,1,55,,92977,5,4,,1,15,,92997,5,4,,1,15,,93017,5,4,,1,15,,93037,5,4,,1,55,,92978,5,4,,1,15,,92998,5,4,,1,15,,93018,5,4,,1,15,,93038,5,4,,1,55,,92979,5,4,,1,15,,92999,5,4,,1,15,,93019,5,4,,1,15,,93039,5,4,,1,55,,92980,5,4,,1,15,,93000,5,4,,1,15,,93020,5,4,,1,15,,93040,5,4,,1,55,,92981,5,4,,1,15,,93001,5,4,,1,15,,93021,5,4,,1,15,,93041,5,4,,1,55,,92982,5,4,,1,15,,93002,5,4,,1,15,,93022,5,4,,1,15,,93042,5,4,,1,55,,92983,5,4,,1,15,,93003,5,4,,1,15,,93023,5,4,,1,15,,93043,5,4,,1,55,,92984,5,4,,1,15,,93004,5,4,,1,15,,93024,5,4,,1,15,,93044,5,4,,1,55,,92985,5,4,,1,15,,93005,5,4,,1,15,,93025,5,4,,1,15,,93045,5,4,,1,55,,92986,5,4,,1,15,,93006,5,4,,1,15,,93026,5,4,,1,15,,93046,5,4,,1,55,,92987,5,4,,1,15,,93007,5,4,,1,15,,93027,5,4,,1,15,,93047,5,4,,1,55,,92988,5,4,,1,15,,93008,5,4,,1,15,,93028,5,4,,1,15,,93048,5,4,,1,55,,92989,5,4,,1,15,,93009,5,4,,1,15,,93029,5,4,,1,15,,93049,5,4,,1,55,,92990,5,4,,1,15,,93010,5,4,,1,15,,93030,5,4,,1,15,,93050,5,4,,1,55,,92991,5,4,,1,15,,93011,5,4,,1,15,,93031,5,4,,1,15,,93051,5,4,,1,55,,92992,5,4,,1,15,,93012,5,4,,1
1,'20270210',555,,93111,5,4,,1,55,,93052,5,4,,1,12,,93072,5,4,,1,15,,93092,5,4,,1,15,,93112,5,4,,1,55,,93053,5,4,,1,15,,93073,5,4,,1,15,,93093,5,4,,1,15,,93113,5,4,,1,55,,93054,5,4,,1,15,,93074,5,4,,1,15,,93094,5,4,,1,15,,93114,5,4,,1,55,,93055,5,4,,1,15,,93075,5,4,,1,15,,93095,5,4,,1,15,,93115,5,4,,1,55,,93056,5,4,,1,15,,93076,5,4,,1,15,,93096,5,4,,1,15,,93116,5,4,,1,55,,93057,5,4,,1,15,,93077,5,4,,1,15,,93097,5,4,,1,15,,93117,5,4,,1,55,,93058,5,4,,1,15,,93078,5,4,,1,15,,93098,5,4,,1,15,,93118,5,4,,1,55,,93059,5,4,,1,15,,93079,5,4,,1,15,,93099,5,4,,1,15,,93119,5,4,,1,55,,93060,5,4,,1,15,,93080,5,4,,1,15,,93100,5,4,,1,15,,93120,5,4,,1,55,,93061,5,4,,1,15,,93081,5,4,,1,15,,93101,5,4,,1,15,,93121,5,4,,1,55,,93062,5,4,,1,15,,93082,5,4,,1,15,,93102,5,4,,1,15,,93122,5,4,,1,55,,93063,5,4,,1,15,,93083,5,4,,1,15,,93103,5,4,,1,15,,93123,5,4,,1,55,,93064,5,4,,1,15,,93084,5,4,,1,15,,93104,5,4,,1,15,,93124,5,4,,1,55,,93065,5,4,,1,15,,93085,5,4,,1,15,,93105,5,4,,1,15,,93125,5,4,,1,55,,93066,5,4,,1,15,,93086,5,4,,1,15,,93106,5,4,,1,15,,93126,5,4,,1,55,,93067,5,4,,1,15,,93087,5,4,,1,15,,93107,5,4,,1,15,,93127,5,4,,1,55,,93068,5,4,,1,15,,93088,5,4,,1,15,,93108,5,4,,1,15,,93128,5,4,,1,55,,93069,5,4,,1,15,,93089,5,4,,1,15,,93109,5,4,,1,15,,93129,5,4,,1,55,,93070,5,4,,1,15,,93090,5,4,,1,15,,93110,5,4,,1,15,,93130,5,4,,1,55,,93071,5,4,,1,15,,93091,5,4,,1
1,'20270211',555,,93190,5,4,,1,55,,93131,5,4,,1,12,,93151,5,4,,1,15,,93171,5,4,,1,15,,93191,5,4,,1,55,,93132,5,4,,1,15,,93152,5,4,,1,15,,93172,5,4,,1,15,,93192,5,4,,1,55,,93133,5,4,,1,15,,93153,5,4,,1,15,,93173,5,4,,1,15,,93193,5,4,,1,55,,93134,5,4,,1,15,,93154,5,4,,1,15,,93174,5,4,,1,15,,93194,5,4,,1,55,,93135,5,4,,1,15,,93155,5,4,,1,15,,93175,5,4,,1,15,,93195,5,4,,1,55,,93136,5,4,,1,15,,93156,5,4,,1,15,,93176,5,4,,1,15,,93196,5,4,,1,55,,93137,5,4,,1,15,,93157,5,4,,1,15,,93177,5,4,,1,15,,93197,5,4,,1,55,,93138,5,4,,1,15,,93158,5,4,,1,15,,93178,5,4,,1,15,,93198,5,4,,1,55,,93139,5,4,,1,15,,93159,5,4,,1,15,,93179,5,4,,1,15,,93199,5,4,,1,55,,93140,5,4,,1,15,,93160,5,4,,1,15,,93180,5,4,,1,15,,93200,5,4,,1,55,,93141,5,4,,1,15,,93161,5,4,,1,15,,93181,5,4,,1,15,,93201,5,4,,1,55,,93142,5,4,,1,15,,93162,5,4,,1,15,,93182,5,4,,1,15,,93202,5,4,,1,55,,93143,5,4,,1,15,,93163,5,4,,1,15,,93183,5,4,,1,15,,93203,5,4,,1,55,,93144,5,4,,1,15,,93164,5,4,,1,15,,93184,5,4,,1,15,,93204,5,4,,1,55,,93145,5,4,,1,15,,93165,5,4,,1,15,,93185,5,4,,1,15,,93205,5,4,,1,55,,93146,5,4,,1,15,,93166,5,4,,1,15,,93186,5,4,,1,15,,93206,5,4,,1,55,,93147,5,4,,1,15,,93167,5,4,,1,15,,93187,5,4,,1,15,,93207,5,4,,1,55,,93148,5,4,,1,15,,93168,5,4,,1,15,,93188,5,4,,1,15,,93208,5,4,,1,55,,93149,5,4,,1,15,,93169,5,4,,1,15,,93189,5,4,,1,15,,93209,5,4,,1,55,,93150,5,4,,1,15,,93170,5,4,,1
1,'20270212',555,,93269,5,4,,1,55,,93210,5,4,,1,12,,93230,5,4,,1,15,,93250,5,4,,1,15,,93270,5,4,,1,55,,93211,5,4,,1,15,,93231,5,4,,1,15,,93251,5,4,,1,15,,93271,5,4,,1,55,,93212,5,4,,1,15,,93232,5,4,,1,15,,93252,5,4,,1,15,,93272,5,4,,1,55,,93213,5,4,,1,15,,93233,5,4,,1,15,,93253,5,4,,1,15,,93273,5,4,,1,55,,93214,5,4,,1,15,,93234,5,4,,1,15,,93254,5,4,,1,15,,93274,5,4,,1,55,,93215,5,4,,1,15,,93235,5,4,,1,15,,93255,5,4,,1,15,,93275,5,4,,1,55,,93216,5,4,,1,15,,93236,5,4,,1,15,,93256,5,4,,1,15,,93276,5,4,,1,55,,93217,5,4,,1,15,,93237,5,4,,1,15,,93257,5,4,,1,15,,93277,5,4,,1,55,,93218,5,4,,1,15,,93238,5,4,,1,15,,93258,5,4,,1,15,,93278,5,4,,1,55,,93219,5,4,,1,15,,93239,5,4,,1,15,,93259,5,4,,1,15,,93279,5,4,,1,55,,93220,5,4,,1,15,,93240,5,4,,1,15,,93260,5,4,,1,15,,93280,5,4,,1,55,,93221,5,4,,1,15,,93241,5,4,,1,15,,93261,5,4,,1,15,,93281,5,4,,1,55,,93222,5,4,,1,15,,93242,5,4,,1,15,,93262,5,4,,1,15,,93282,5,4,,1,55,,93223,5,4,,1,15,,93243,5,4,,1,15,,93263,5,4,,1,15,,93283,5,4,,1,55,,93224,5,4,,1,15,,93244,5,4,,1,15,,93264,5,4,,1,15,,93284,5,4,,1,55,,93225,5,4,,1,15,,93245,5,4,,1,15,,93265,5,4,,1,15,,93285,5,4,,1,55,,93226,5,4,,1,15,,93246,5,4,,1,15,,93266,5,4,,1,15,,93286,5,4,,1,55,,93227,5,4,,1,15,,93247,5,4,,1,15,,93267,5,4,,1,15,,93287,5,4,,1,55,,93228,5,4,,1,15,,93248,5,4,,1,15,,93268,5,4,,1,15,,93288,5,4,,1,55,,93229,5,4,,1,15,,93249,5,4,,1
1,'20270213',652,,93345,5,4,,1,55,,93289,5,4,,1,15,,93308,5,4,,1,15,,93327,5,4,,1,15,,93346,5,4,,1,55,,93290,5,4,,1,15,,93309,5,4,,1,15,,93328,5,4,,1,15,,93347,5,4,,1,55,,93291,5,4,,1,15,,93310,5,4,,1,15,,93329,5,4,,1,15,,93348,5,4,,1,55,,93292,5,4,,1,15,,93311,5,4,,1,15,,93330,5,4,,1,15,,93349,5,4,,1,55,,93293,5,4,,1,15,,93312,5,4,,1,15,,93331,5,4,,1,15,,93350,5,4,,1,55,,93294,5,4,,1,15,,93313,5,4,,1,15,,93332,5,4,,1,15,,93351,5,4,,1,55,,93295,5,4,,1,15,,93314,5,4,,1,15,,93333,5,4,,1,15,,93352,5,4,,1,55,,93296,5,4,,1,15,,93315,5,4,,1,15,,93334,5,4,,1,15,,93353,5,4,,1,55,,93297,5,4,,1,15,,93316,5,4,,1,15,,93335,5,4,,1,15,,93354,5,4,,1,55,,93298,5,4,,1,15,,93317,5,4,,1,15,,93336,5,4,,1,15,,93355,5,4,,1,55,,93299,5,4,,1,15,,93318,5,4,,1,15,,93337,5,4,,1,15,,93356,5,4,,1,55,,93300,5,4,,1,15,,93319,5,4,,1,15,,93338,5,4,,1,15,,93357,5,4,,1,55,,93301,5,4,,1,15,,93320,5,4,,1,15,,93339,5,4,,1,15,,93358,5,4,,1,55,,93302,5,4,,1,15,,93321,5,4,,1,15,,93340,5,4,,1,15,,93359,5,4,,1,55,,93303,5,4,,1,15,,93322,5,4,,1,15,,93341,5,4,,1,15,,93360,5,4,,1,55,,93304,5,4,,1,15,,93323,5,4,,1,15,,93342,5,4,,1,15,,93361,5,4,,1,55,,93305,5,4,,1,15,,93324,5,4,,1,15,,93343,5,4,,1,15,,93362,5,4,,1,55,,93306,5,4,,1,15,,93325,5,4,,1,15,,93344,5,4,,1,15,,93363,5,4,,1,55,,93307,5,4,,1,15,,93326,5,4,,1
1,'20270214',652,,93420,5,4,,1,55,,93364,5,4,,1,15,,93383,5,4,,1,15,,93402,5,4,,1,15,,93421,5,4,,1,55,,93365,5,4,,1,15,,93384,5,4,,1,15,,93403,5,4,,1,15,,93422,5,4,,1,55,,93366,5,4,,1,15,,93385,5,4,,1,15,,93404,5,4,,1,15,,93423,5,4,,1,55,,93367,5,4,,1,15,,93386,5,4,,1,15,,93405,5,4,,1,15,,93424,5,4,,1,55,,93368,5,4,,1,15,,93387,5,4,,1,15,,93406,5,4,,1,15,,93425,5,4,,1,55,,93369,5,4,,1,15,,93388,5,4,,1,15,,93407,5,4,,1,15,,93426,5,4,,1,55,,93370,5,4,,1,15,,93389,5,4,,1,15,,93408,5,4,,1,15,,93427,5,4,,1,55,,93371,5,4,,1,15,,93390,5,4,,1,15,,93409,5,4,,1,15,,93428,5,4,,1,55,,93372,5,4,,1,15,,93391,5,4,,1,15,,93410,5,4,,1,15,,93429,5,4,,1,55,,93373,5,4,,1,15,,93392,5,4,,1,15,,93411,5,4,,1,15,,93430,5,4,,1,55,,93374,5,4,,1,15,,93393,5,4,,1,15,,93412,5,4,,1,15,,93431,5,4,,1,55,,93375,5,4,,1,15,,93394,5,4,,1,15,,93413,5,4,,1,15,,93432,5,4,,1,55,,93376,5,4,,1,15,,93395,5,4,,1,15,,93414,5,4,,1,15,,93433,5,4,,1,55,,93377,5,4,,1,15,,93396,5,4,,1,15,,93415,5,4,,1,15,,93434,5,4,,1,55,,93378,5,4,,1,15,,93397,5,4,,1,15,,93416,5,4,,1,15,,93435,5,4,,1,55,,93379,5,4,,1,15,,93398,5,4,,1,15,,93417,5,4,,1,15,,93436,5,4,,1,55,,93380,5,4,,1,15,,93399,5,4,,1,15,,93418,5,4,,1,15,,93437,5,4,,1,55,,93381,5,4,,1,15,,93400,5,4,,1,15,,93419,5,4,,1,15,,93438,5,4,,1,55,,93382,5,4,,1,15,,93401,5,4,,1
1,'20270215',555,,93498,5,4,,1,55,,93439,5,4,,1,12,,93459,5,4,,1,15,,93479,5,4,,1,15,,93499,5,4,,1,55,,93440,5,4,,1,15,,93460,5,4,,1,15,,93480,5,4,,1,15,,93500,5,4,,1,55,,93441,5,4,,1,15,,93461,5,4,,1,15,,93481,5,4,,1,15,,93501,5,4,,1,55,,93442,5,4,,1,15,,93462,5,4,,1,15,,93482,5,4,,1,15,,93502,5,4,,1,55,,93443,5,4,,1,15,,93463,5,4,,1,15,,93483,5,4,,1,15,,93503,5,4,,1,55,,93444,5,4,,1,15,,93464,5,4,,1,15,,93484,5,4,,1,15,,93504,5,4,,1,55,,93445,5,4,,1,15,,93465,5,4,,1,15,,93485,5,4,,1,15,,93505,5,4,,1,55,,93446,5,4,,1,15,,93466,5,4,,1,15,,93486,5,4,,1,15,,93506,5,4,,1,55,,93447,5,4,,1,15,,93467,5,4,,1,15,,93487,5,4,,1,15,,93507,5,4,,1,55,,93448,5,4,,1,15,,93468,5,4,,1,15,,93488,5,4,,1,15,,93508,5,4,,1,55,,93449,5,4,,1,15,,93469,5,4,,1,15,,93489,5,4,,1,15,,93509,5,4,,1,55,,93450,5,4,,1,15,,93470,5,4,,1,15,,93490,5,4,,1,15,,93510,5,4,,1,55,,93451,5,4,,1,15,,93471,5,4,,1,15,,93491,5,4,,1,15,,93511,5,4,,1,55,,93452,5,4,,1,15,,93472,5,4,,1,15,,93492,5,4,,1,15,,93512,5,4,,1,55,,93453,5,4,,1,15,,93473,5,4,,1,15,,93493,5,4,,1,15,,93513,5,4,,1,55,,93454,5,4,,1,15,,93474,5,4,,1,15,,93494,5,4,,1,15,,93514,5,4,,1,55,,93455,5,4,,1,15,,93475,5,4,,1,15,,93495,5,4,,1,15,,93515,5,4,,1,55,,93456,5,4,,1,15,,93476,5,4,,1,15,,93496,5,4,,1,15,,93516,5,4,,1,55,,93457,5,4,,1,15,,93477,5,4,,1,15,,93497,5,4,,1,15,,93517,5,4,,1,55,,93458,5,4,,1,15,,93478,5,4,,1
1,'20270216',555,,93577,5,4,,1,55,,93518,5,4,,1,12,,93538,5,4,,1,15,,93558,5,4,,1,15,,93578,5,4,,1,55,,93519,5,4,,1,15,,93539,5,4,,1,15,,93559,5,4,,1,15,,93579,5,4,,1,55,,93520,5,4,,1,15,,93540,5,4,,1,15,,93560,5,4,,1,15,,93580,5,4,,1,55,,93521,5,4,,1,15,,93541,5,4,,1,15,,93561,5,4,,1,15,,93581,5,4,,1,55,,93522,5,4,,1,15,,93542,5,4,,1,15,,93562,5,4,,1,15,,93582,5,4,,1,55,,93523,5,4,,1,15,,93543,5,4,,1,15,,93563,5,4,,1,15,,93583,5,4,,1,55,,93524,5,4,,1,15,,93544,5,4,,1,15,,93564,5,4,,1,15,,93584,5,4,,1,55,,93525,5,4,,1,15,,93545,5,4,,1,15,,93565,5,4,,1,15,,93585,5,4,,1,55,,93526,5,4,,1,15,,93546,5,4,,1,15,,93566,5,4,,1,15,,93586,5,4,,1,55,,93527,5,4,,1,15,,93547,5,4,,1,15,,93567,5,4,,1,15,,93587,5,4,,1,55,,93528,5,4,,1,15,,93548,5,4,,1,15,,93568,5,4,,1,15,,93588,5,4,,1,55,,93529,5,4,,1,15,,93549,5,4,,1,15,,93569,5,4,,1,15,,93589,5,4,,1,55,,93530,5,4,,1,15,,93550,5,4,,1,15,,93570,5,4,,1,15,,93590,5,4,,1,55,,93531,5,4,,1,15,,93551,5,4,,1,15,,93571,5,4,,1,15,,93591,5,4,,1,55,,93532,5,4,,1,15,,93552,5,4,,1,15,,93572,5,4,,1,15,,93592,5,4,,1,55,,93533,5,4,,1,15,,93553,5,4,,1,15,,93573,5,4,,1,15,,93593,5,4,,1,55,,93534,5,4,,1,15,,93554,5,4,,1,15,,93574,5,4,,1,15,,93594,5,4,,1,55,,93535,5,4,,1,15,,93555,5,4,,1,15,,93575,5,4,,1,15,,93595,5,4,,1,55,,93536,5,4,,1,15,,93556,5,4,,1,15,,93576,5,4,,1,15,,93596,5,4,,1,55,,93537,5,4,,1,15,,93557,5,4,,1
1,'20270217',555,,93656,5,4,,1,55,,93597,5,4,,1,12,,93617,5,4,,1,15,,93637,5,4,,1,15,,93657,5,4,,1,55,,93598,5,4,,1,15,,93618,5,4,,1,15,,93638,5,4,,1,15,,93658,5,4,,1,55,,93599,5,4,,1,15,,93619,5,4,,1,15,,93639,5,4,,1,15,,93659,5,4,,1,55,,93600,5,4,,1,15,,93620,5,4,,1,15,,93640,5,4,,1,15,,93660,5,4,,1,55,,93601,5,4,,1,15,,93621,5,4,,1,15,,93641,5,4,,1,15,,93661,5,4,,1,55,,93602,5,4,,1,15,,93622,5,4,,1,15,,93642,5,4,,1,15,,93662,5,4,,1,55,,93603,5,4,,1,15,,93623,5,4,,1,15,,93643,5,4,,1,15,,93663,5,4,,1,55,,93604,5,4,,1,15,,93624,5,4,,1,15,,93644,5,4,,1,15,,93664,5,4,,1,55,,93605,5,4,,1,15,,93625,5,4,,1,15,,93645,5,4,,1,15,,93665,5,4,,1,55,,93606,5,4,,1,15,,93626,5,4,,1,15,,93646,5,4,,1,15,,93666,5,4,,1,55,,93607,5,4,,1,15,,93627,5,4,,1,15,,93647,5,4,,1,15,,93667,5,4,,1,55,,93608,5,4,,1,15,,93628,5,4,,1,15,,93648,5,4,,1,15,,93668,5,4,,1,55,,93609,5,4,,1,15,,93629,5,4,,1,15,,93649,5,4,,1,15,,93669,5,4,,1,55,,93610,5,4,,1,15,,93630,5,4,,1,15,,93650,5,4,,1,15,,93670,5,4,,1,55,,93611,5,4,,1,15,,93631,5,4,,1,15,,93651,5,4,,1,15,,93671,5,4,,1,55,,93612,5,4,,1,15,,93632,5,4,,1,15,,93652,5,4,,1,15,,93672,5,4,,1,55,,93613,5,4,,1,15,,93633,5,4,,1,15,,93653,5,4,,1,15,,93673,5,4,,1,55,,93614,5,4,,1,15,,93634,5,4,,1,15,,93654,5,4,,1,15,,93674,5,4,,1,55,,93615,5,4,,1,15,,93635,5,4,,1,15,,93655,5,4,,1,15,,93675,5,4,,1,55,,93616,5,4,,1,15,,93636,5,4,,1
1,'20270218',555,,93735,5,4,,1,55,,93676,5,4,,1,12,,93696,5,4,,1,15,,93716,5,4,,1,15,,93736,5,4,,1,55,,93677,5,4,,1,15,,93697,5,4,,1,15,,93717,5,4,,1,15,,93737,5,4,,1,55,,93678,5,4,,1,15,,93698,5,4,,1,15,,93718,5,4,,1,15,,93738,5,4,,1,55,,93679,5,4,,1,15,,93699,5,4,,1,15,,93719,5,4,,1,15,,93739,5,4,,1,55,,93680,5,4,,1,15,,93700,5,4,,1,15,,93720,5,4,,1,15,,93740,5,4,,1,55,,93681,5,4,,1,15,,93701,5,4,,1,15,,93721,5,4,,1,15,,93741,5,4,,1,55,,93682,5,4,,1,15,,93702,5,4,,1,15,,93722,5,4,,1,15,,93742,5,4,,1,55,,93683,5,4,,1,15,,93703,5,4,,1,15,,93723,5,4,,1,15,,93743,5,4,,1,55,,93684,5,4,,1,15,,93704,5,4,,1,15,,93724,5,4,,1,15,,93744,5,4,,1,55,,93685,5,4,,1,15,,93705,5,4,,1,15,,93725,5,4,,1,15,,93745,5,4,,1,55,,93686,5,4,,1,15,,93706,5,4,,1,15,,93726,5,4,,1,15,,93746,5,4,,1,55,,93687,5,4,,1,15,,93707,5,4,,1,15,,93727,5,4,,1,15,,93747,5,4,,1,55,,93688,5,4,,1,15,,93708,5,4,,1,15,,93728,5,4,,1,15,,93748,5,4,,1,55,,93689,5,4,,1,15,,93709,5,4,,1,15,,93729,5,4,,1,15,,93749,5,4,,1,55,,93690,5,4,,1,15,,93710,5,4,,1,15,,93730,5,4,,1,15,,93750,5,4,,1,55,,93691,5,4,,1,15,,93711,5,4,,1,15,,93731,5,4,,1,15,,93751,5,4,,1,55,,93692,5,4,,1,15,,93712,5,4,,1,15,,93732,5,4,,1,15,,93752,5,4,,1,55,,93693,5,4,,1,15,,93713,5,4,,1,15,,93733,5,4,,1,15,,93753,5,4,,1,55,,93694,5,4,,1,15,,93714,5,4,,1,15,,93734,5,4,,1,15,,93754,5,4,,1,55,,93695,5,4,,1,15,,93715,5,4,,1
1,'20270219',555,,93814,5,4,,1,55,,93755,5,4,,1,12,,93775,5,4,,1,15,,93795,5,4,,1,15,,93815,5,4,,1,55,,93756,5,4,,1,15,,93776,5,4,,1,15,,93796,5,4,,1,15,,93816,5,4,,1,55,,93757,5,4,,1,15,,93777,5,4,,1,15,,93797,5,4,,1,15,,93817,5,4,,1,55,,93758,5,4,,1,15,,93778,5,4,,1,15,,93798,5,4,,1,15,,93818,5,4,,1,55,,93759,5,4,,1,15,,93779,5,4,,1,15,,93799,5,4,,1,15,,93819,5,4,,1,55,,93760,5,4,,1,15,,93780,5,4,,1,15,,93800,5,4,,1,15,,93820,5,4,,1,55,,93761,5,4,,1,15,,93781,5,4,,1,15,,93801,5,4,,1,15,,93821,5,4,,1,55,,93762,5,4,,1,15,,93782,5,4,,1,15,,93802,5,4,,1,15,,93822,5,4,,1,55,,93763,5,4,,1,15,,93783,5,4,,1,15,,93803,5,4,,1,15,,93823,5,4,,1,55,,93764,5,4,,1,15,,93784,5,4,,1,15,,93804,5,4,,1,15,,93824,5,4,,1,55,,93765,5,4,,1,15,,93785,5,4,,1,15,,93805,5,4,,1,15,,93825,5,4,,1,55,,93766,5,4,,1,15,,93786,5,4,,1,15,,93806,5,4,,1,15,,93826,5,4,,1,55,,93767,5,4,,1,15,,93787,5,4,,1,15,,93807,5,4,,1,15,,93827,5,4,,1,55,,93768,5,4,,1,15,,93788,5,4,,1,15,,93808,5,4,,1,15,,93828,5,4,,1,55,,93769,5,4,,1,15,,93789,5,4,,1,15,,93809,5,4,,1,15,,93829,5,4,,1,55,,93770,5,4,,1,15,,93790,5,4,,1,15,,93810,5,4,,1,15,,93830,5,4,,1,55,,93771,5,4,,1,15,,93791,5,4,,1,15,,93811,5,4,,1,15,,93831,5,4,,1,55,,93772,5,4,,1,15,,93792,5,4,,1,15,,93812,5,4,,1,15,,93832,5,4,,1,55,,93773,5,4,,1,15,,93793,5,4,,1,15,,93813,5,4,,1,15,,93833,5,4,,1,55,,93774,5,4,,1,15,,93794,5,4,,1
1,'20270220',652,,93890,5,4,,1,55,,93834,5,4,,1,15,,93853,5,4,,1,15,,93872,5,4,,1,15,,93891,5,4,,1,55,,93835,5,4,,1,15,,93854,5,4,,1,15,,93873,5,4,,1,15,,93892,5,4,,1,55,,93836,5,4,,1,15,,93855,5,4,,1,15,,93874,5,4,,1,15,,93893,5,4,,1,55,,93837,5,4,,1,15,,93856,5,4,,1,15,,93875,5,4,,1,15,,93894,5,4,,1,55,,93838,5,4,,1,15,,93857,5,4,,1,15,,93876,5,4,,1,15,,93895,5,4,,1,55,,93839,5,4,,1,15,,93858,5,4,,1,15,,93877,5,4,,1,15,,93896,5,4,,1,55,,93840,5,4,,1,15,,93859,5,4,,1,15,,93878,5,4,,1,15,,93897,5,4,,1,55,,93841,5,4,,1,15,,93860,5,4,,1,15,,93879,5,4,,1,15,,93898,5,4,,1,55,,93842,5,4,,1,15,,93861,5,4,,1,15,,93880,5,4,,1,15,,93899,5,4,,1,55,,93843,5,4,,1,15,,93862,5,4,,1,15,,93881,5,4,,1,15,,93900,5,4,,1,55,,93844,5,4,,1,15,,93863,5,4,,1,15,,93882,5,4,,1,15,,93901,5,4,,1,55,,93845,5,4,,1,15,,93864,5,4,,1,15,,93883,5,4,,1,15,,93902,5,4,,1,55,,93846,5,4,,1,15,,93865,5,4,,1,15,,93884,5,4,,1,15,,93903,5,4,,1,55,,93847,5,4,,1,15,,93866,5,4,,1,15,,93885,5,4,,1,15,,93904,5,4,,1,55,,93848,5,4,,1,15,,93867,5,4,,1,15,,93886,5,4,,1,15,,93905,5,4,,1,55,,93849,5,4,,1,15,,93868,5,4,,1,15,,93887,5,4,,1,15,,93906,5,4,,1,55,,93850,5,4,,1,15,,93869,5,4,,1,15,,93888,5,4,,1,15,,93907,5,4,,1,55,,93851,5,4,,1,15,,93870,5,4,,1,15,,93889,5,4,,1,15,,93908,5,4,,1,55,,93852,5,4,,1,15,,93871,5,4,,1
1,'20270221',652,,93965,5,4,,1,55,,93909,5,4,,1,15,,93928,5,4,,1,15,,93947,5,4,,1,15,,93966,5,4,,1,55,,93910,5,4,,1,15,,93929,5,4,,1,15,,93948,5,4,,1,15,,93967,5,4,,1,55,,93911,5,4,,1,15,,93930,5,4,,1,15,,93949,5,4,,1,15,,93968,5,4,,1,55,,93912,5,4,,1,15,,93931,5,4,,1,15,,93950,5,4,,1,15,,93969,5,4,,1,55,,93913,5,4,,1,15,,93932,5,4,,1,15,,93951,5,4,,1,15,,93970,5,4,,1,55,,93914,5,4,,1,15,,93933,5,4,,1,15,,93952,5,4,,1,15,,93971,5,4,,1,55,,93915,5,4,,1,15,,93934,5,4,,1,15,,93953,5,4,,1,15,,93972,5,4,,1,55,,93916,5,4,,1,15,,93935,5,4,,1,15,,93954,5,4,,1,15,,93973,5,4,,1,55,,93917,5,4,,1,15,,93936,5,4,,1,15,,93955,5,4,,1,15,,93974,5,4,,1,55,,93918,5,4,,1,15,,93937,5,4,,1,15,,93956,5,4,,1,15,,93975,5,4,,1,55,,93919,5,4,,1,15,,93938,5,4,,1,15,,93957,5,4,,1,15,,93976,5,4,,1,55,,93920,5,4,,1,15,,93939,5,4,,1,15,,93958,5,4,,1,15,,93977,5,4,,1,55,,93921,5,4,,1,15,,93940,5,4,,1,15,,93959,5,4,,1,15,,93978,5,4,,1,55,,93922,5,4,,1,15,,93941,5,4,,1,15,,93960,5,4,,1,15,,93979,5,4,,1,55,,93923,5,4,,1,15,,93942,5,4,,1,15,,93961,5,4,,1,15,,93980,5,4,,1,55,,93924,5,4,,1,15,,93943,5,4,,1,15,,93962,5,4,,1,15,,93981,5,4,,1,55,,93925,5,4,,1,15,,93944,5,4,,1,15,,93963,5,4,,1,15,,93982,5,4,,1,55,,93926,5,4,,1,15,,93945,5,4,,1,15,,93964,5,4,,1,15,,93983,5,4,,1,55,,93927,5,4,,1,15,,93946,5,4,,1
1,'20270222',555,,94043,5,4,,1,55,,93984,5,4,,1,12,,94004,5,4,,1,15,,94024,5,4,,1,15,,94044,5,4,,1,55,,93985,5,4,,1,15,,94005,5,4,,1,15,,94025,5,4,,1,15,,94045,5,4,,1,55,,93986,5,4,,1,15,,94006,5,4,,1,15,,94026,5,4,,1,15,,94046,5,4,,1,55,,93987,5,4,,1,15,,94007,5,4,,1,15,,94027,5,4,,1,15,,94047,5,4,,1,55,,93988,5,4,,1,15,,94008,5,4,,1,15,,94028,5,4,,1,15,,94048,5,4,,1,55,,93989,5,4,,1,15,,94009,5,4,,1,15,,94029,5,4,,1,15,,94049,5,4,,1,55,,93990,5,4,,1,15,,94010,5,4,,1,15,,94030,5,4,,1,15,,94050,5,4,,1,55,,93991,5,4,,1,15,,94011,5,4,,1,15,,94031,5,4,,1,15,,94051,5,4,,1,55,,93992,5,4,,1,15,,94012,5,4,,1,15,,94032,5,4,,1,15,,94052,5,4,,1,55,,93993,5,4,,1,15,,94013,5,4,,1,15,,94033,5,4,,1,15,,94053,5,4,,1,55,,93994,5,4,,1,15,,94014,5,4,,1,15,,94034,5,4,,1,15,,94054,5,4,,1,55,,93995,5,4,,1,15,,94015,5,4,,1,15,,94035,5,4,,1,15,,94055,5,4,,1,55,,93996,5,4,,1,15,,94016,5,4,,1,15,,94036,5,4,,1,15,,94056,5,4,,1,55,,93997,5,4,,1,15,,94017,5,4,,1,15,,94037,5,4,,1,15,,94057,5,4,,1,55,,93998,5,4,,1,15,,94018,5,4,,1,15,,94038,5,4,,1,15,,94058,5,4,,1,55,,93999,5,4,,1,15,,94019,5,4,,1,15,,94039,5,4,,1,15,,94059,5,4,,1,55,,94000,5,4,,1,15,,94020,5,4,,1,15,,94040,5,4,,1,15,,94060,5,4,,1,55,,94001,5,4,,1,15,,94021,5,4,,1,15,,94041,5,4,,1,15,,94061,5,4,,1,55,,94002,5,4,,1,15,,94022,5,4,,1,15,,94042,5,4,,1,15,,94062,5,4,,1,55,,94003,5,4,,1,15,,94023,5,4,,1
1,'20270223',555,,94122,5,4,,1,55,,94063,5,4,,1,12,,94083,5,4,,1,15,,94103,5,4,,1,15,,94123,5,4,,1,55,,94064,5,4,,1,15,,94084,5,4,,1,15,,94104,5,4,,1,15,,94124,5,4,,1,55,,94065,5,4,,1,15,,94085,5,4,,1,15,,94105,5,4,,1,15,,94125,5,4,,1,55,,94066,5,4,,1,15,,94086,5,4,,1,15,,94106,5,4,,1,15,,94126,5,4,,1,55,,94067,5,4,,1,15,,94087,5,4,,1,15,,94107,5,4,,1,15,,94127,5,4,,1,55,,94068,5,4,,1,15,,94088,5,4,,1,15,,94108,5,4,,1,15,,94128,5,4,,1,55,,94069,5,4,,1,15,,94089,5,4,,1,15,,94109,5,4,,1,15,,94129,5,4,,1,55,,94070,5,4,,1,15,,94090,5,4,,1,15,,94110,5,4,,1,15,,94130,5,4,,1,55,,94071,5,4,,1,15,,94091,5,4,,1,15,,94111,5,4,,1,15,,94131,5,4,,1,55,,94072,5,4,,1,15,,94092,5,4,,1,15,,94112,5,4,,1,15,,94132,5,4,,1,55,,94073,5,4,,1,15,,94093,5,4,,1,15,,94113,5,4,,1,15,,94133,5,4,,1,55,,94074,5,4,,1,15,,94094,5,4,,1,15,,94114,5,4,,1,15,,94134,5,4,,1,55,,94075,5,4,,1,15,,94095,5,4,,1,15,,94115,5,4,,1,15,,94135,5,4,,1,55,,94076,5,4,,1,15,,94096,5,4,,1,15,,94116,5,4,,1,15,,94136,5,4,,1,55,,94077,5,4,,1,15,,94097,5,4,,1,15,,94117,5,4,,1,15,,94137,5,4,,1,55,,94078,5,4,,1,15,,94098,5,4,,1,15,,94118,5,4,,1,15,,94138,5,4,,1,55,,94079,5,4,,1,15,,94099,5,4,,1,15,,94119,5,4,,1,15,,94139,5,4,,1,55,,94080,5,4,,1,15,,94100,5,4,,1,15,,94120,5,4,,1,15,,94140,5,4,,1,55,,94081,5,4,,1,15,,94101,5,4,,1,15,,94121,5,4,,1,15,,94141,5,4,,1,55,,94082,5,4,,1,15,,94102,5,4,,1
1,'20270224',555,,94201,5,4,,1,55,,94142,5,4,,1,12,,94162,5,4,,1,15,,94182,5,4,,1,15,,94202,5,4,,1,55,,94143,5,4,,1,15,,94163,5,4,,1,15,,94183,5,4,,1,15,,94203,5,4,,1,55,,94144,5,4,,1,15,,94164,5,4,,1,15,,94184,5,4,,1,15,,94204,5,4,,1,55,,94145,5,4,,1,15,,94165,5,4,,1,15,,94185,5,4,,1,15,,94205,5,4,,1,55,,94146,5,4,,1,15,,94166,5,4,,1,15,,94186,5,4,,1,15,,94206,5,4,,1,55,,94147,5,4,,1,15,,94167,5,4,,1,15,,94187,5,4,,1,15,,94207,5,4,,1,55,,94148,5,4,,1,15,,94168,5,4,,1,15,,94188,5,4,,1,15,,94208,5,4,,1,55,,94149,5,4,,1,15,,94169,5,4,,1,15,,94189,5,4,,1,15,,94209,5,4,,1,55,,94150,5,4,,1,15,,94170,5,4,,1,15,,94190,5,4,,1,15,,94210,5,4,,1,55,,94151,5,4,,1,15,,94171,5,4,,1,15,,94191,5,4,,1,15,,94211,5,4,,1,55,,94152,5,4,,1,15,,94172,5,4,,1,15,,94192,5,4,,1,15,,94212,5,4,,1,55,,94153,5,4,,1,15,,94173,5,4,,1,15,,94193,5,4,,1,15,,94213,5,4,,1,55,,94154,5,4,,1,15,,94174,5,4,,1,15,,94194,5,4,,1,15,,94214,5,4,,1,55,,94155,5,4,,1,15,,94175,5,4,,1,15,,94195,5,4,,1,15,,94215,5,4,,1,55,,94156,5,4,,1,15,,94176,5,4,,1,15,,94196,5,4,,1,15,,94216,5,4,,1,55,,94157,5,4,,1,15,,94177,5,4,,1,15,,94197,5,4,,1,15,,94217,5,4,,1,55,,94158,5,4,,1,15,,94178,5,4,,1,15,,94198,5,4,,1,15,,94218,5,4,,1,55,,94159,5,4,,1,15,,94179,5,4,,1,15,,94199,5,4,,1,15,,94219,5,4,,1,55,,94160,5,4,,1,15,,94180,5,4,,1,15,,94200,5,4,,1,15,,94220,5,4,,1,55,,94161,5,4,,1,15,,94181,5,4,,1
1,'20270225',555,,94280,5,4,,1,55,,94221,5,4,,1,12,,94241,5,4,,1,15,,94261,5,4,,1,15,,94281,5,4,,1,55,,94222,5,4,,1,15,,94242,5,4,,1,15,,94262,5,4,,1,15,,94282,5,4,,1,55,,94223,5,4,,1,15,,94243,5,4,,1,15,,94263,5,4,,1,15,,94283,5,4,,1,55,,94224,5,4,,1,15,,94244,5,4,,1,15,,94264,5,4,,1,15,,94284,5,4,,1,55,,94225,5,4,,1,15,,94245,5,4,,1,15,,94265,5,4,,1,15,,94285,5,4,,1,55,,94226,5,4,,1,15,,94246,5,4,,1,15,,94266,5,4,,1,15,,94286,5,4,,1,55,,94227,5,4,,1,15,,94247,5,4,,1,15,,94267,5,4,,1,15,,94287,5,4,,1,55,,94228,5,4,,1,15,,94248,5,4,,1,15,,94268,5,4,,1,15,,94288,5,4,,1,55,,94229,5,4,,1,15,,94249,5,4,,1,15,,94269,5,4,,1,15,,94289,5,4,,1,55,,94230,5,4,,1,15,,94250,5,4,,1,15,,94270,5,4,,1,15,,94290,5,4,,1,55,,94231,5,4,,1,15,,94251,5,4,,1,15,,94271,5,4,,1,15,,94291,5,4,,1,55,,94232,5,4,,1,15,,94252,5,4,,1,15,,94272,5,4,,1,15,,94292,5,4,,1,55,,94233,5,4,,1,15,,94253,5,4,,1,15,,94273,5,4,,1,15,,94293,5,4,,1,55,,94234,5,4,,1,15,,94254,5,4,,1,15,,94274,5,4,,1,15,,94294,5,4,,1,55,,94235,5,4,,1,15,,94255,5,4,,1,15,,94275,5,4,,1,15,,94295,5,4,,1,55,,94236,5,4,,1,15,,94256,5,4,,1,15,,94276,5,4,,1,15,,94296,5,4,,1,55,,94237,5,4,,1,15,,94257,5,4,,1,15,,94277,5,4,,1,15,,94297,5,4,,1,55,,94238,5,4,,1,15,,94258,5,4,,1,15,,94278,5,4,,1,15,,94298,5,4,,1,55,,94239,5,4,,1,15,,94259,5,4,,1,15,,94279,5,4,,1,15,,94299,5,4,,1,55,,94240,5,4,,1,15,,94260,5,4,,1
1,'20270226',555,,94359,5,4,,1,55,,94300,5,4,,1,12,,94320,5,4,,1,15,,94340,5,4,,1,15,,94360,5,4,,1,55,,94301,5,4,,1,15,,94321,5,4,,1,15,,94341,5,4,,1,15,,94361,5,4,,1,55,,94302,5,4,,1,15,,94322,5,4,,1,15,,94342,5,4,,1,15,,94362,5,4,,1,55,,94303,5,4,,1,15,,94323,5,4,,1,15,,94343,5,4,,1,15,,94363,5,4,,1,55,,94304,5,4,,1,15,,94324,5,4,,1,15,,94344,5,4,,1,15,,94364,5,4,,1,55,,94305,5,4,,1,15,,94325,5,4,,1,15,,94345,5,4,,1,15,,94365,5,4,,1,55,,94306,5,4,,1,15,,94326,5,4,,1,15,,94346,5,4,,1,15,,94366,5,4,,1,55,,94307,5,4,,1,15,,94327,5,4,,1,15,,94347,5,4,,1,15,,94367,5,4,,1,55,,94308,5,4,,1,15,,94328,5,4,,1,15,,94348,5,4,,1,15,,94368,5,4,,1,55,,94309,5,4,,1,15,,94329,5,4,,1,15,,94349,5,4,,1,15,,94369,5,4,,1,55,,94310,5,4,,1,15,,94330,5,4,,1,15,,94350,5,4,,1,15,,94370,5,4,,1,55,,94311,5,4,,1,15,,94331,5,4,,1,15,,94351,5,4,,1,15,,94371,5,4,,1,55,,94312,5,4,,1,15,,94332,5,4,,1,15,,94352,5,4,,1,15,,94372,5,4,,1,55,,94313,5,4,,1,15,,94333,5,4,,1,15,,94353,5,4,,1,15,,94373,5,4,,1,55,,94314,5,4,,1,15,,94334,5,4,,1,15,,94354,5,4,,1,15,,94374,5,4,,1,55,,94315,5,4,,1,15,,94335,5,4,,1,15,,94355,5,4,,1,15,,94375,5,4,,1,55,,94316,5,4,,1,15,,94336,5,4,,1,15,,94356,5,4,,1,15,,94376,5,4,,1,55,,94317,5,4,,1,15,,94337,5,4,,1,15,,94357,5,4,,1,15,,94377,5,4,,1,55,,94318,5,4,,1,15,,94338,5,4,,1,15,,94358,5,4,,1,15,,94378,5,4,,1,55,,94319,5,4,,1,15,,94339,5,4,,1
1,'20270227',652,,94435,5,4,,1,55,,94379,5,4,,1,15,,94398,5,4,,1,15,,94417,5,4,,1,15,,94436,5,4,,1,55,,94380,5,4,,1,15,,94399,5,4,,1,15,,94418,5,4,,1,15,,94437,5,4,,1,55,,94381,5,4,,1,15,,94400,5,4,,1,15,,94419,5,4,,1,15,,94438,5,4,,1,55,,94382,5,4,,1,15,,94401,5,4,,1,15,,94420,5,4,,1,15,,94439,5,4,,1,55,,94383,5,4,,1,15,,94402,5,4,,1,15,,94421,5,4,,1,15,,94440,5,4,,1,55,,94384,5,4,,1,15,,94403,5,4,,1,15,,94422,5,4,,1,15,,94441,5,4,,1,55,,94385,5,4,,1,15,,94404,5,4,,1,15,,94423,5,4,,1,15,,94442,5,4,,1,55,,94386,5,4,,1,15,,94405,5,4,,1,15,,94424,5,4,,1,15,,94443,5,4,,1,55,,94387,5,4,,1,15,,94406,5,4,,1,15,,94425,5,4,,1,15,,94444,5,4,,1,55,,94388,5,4,,1,15,,94407,5,4,,1,15,,94426,5,4,,1,15,,94445,5,4,,1,55,,94389,5,4,,1,15,,94408,5,4,,1,15,,94427,5,4,,1,15,,94446,5,4,,1,55,,94390,5,4,,1,15,,94409,5,4,,1,15,,94428,5,4,,1,15,,94447,5,4,,1,55,,94391,5,4,,1,15,,94410,5,4,,1,15,,94429,5,4,,1,15,,94448,5,4,,1,55,,94392,5,4,,1,15,,94411,5,4,,1,15,,94430,5,4,,1,15,,94449,5,4,,1,55,,94393,5,4,,1,15,,94412,5,4,,1,15,,94431,5,4,,1,15,,94450,5,4,,1,55,,94394,5,4,,1,15,,94413,5,4,,1,15,,94432,5,4,,1,15,,94451,5,4,,1,55,,94395,5,4,,1,15,,94414,5,4,,1,15,,94433,5,4,,1,15,,94452,5,4,,1,55,,94396,5,4,,1,15,,94415,5,4,,1,15,,94434,5,4,,1,15,,94453,5,4,,1,55,,94397,5,4,,1,15,,94416,5,4,,1
1,'20270228',652,,94510,5,4,,1,55,,94454,5,4,,1,15,,94473,5,4,,1,15,,94492,5,4,,1,15,,94511,5,4,,1,55,,94455,5,4,,1,15,,94474,5,4,,1,15,,94493,5,4,,1,15,,94512,5,4,,1,55,,94456,5,4,,1,15,,94475,5,4,,1,15,,94494,5,4,,1,15,,94513,5,4,,1,55,,94457,5,4,,1,15,,94476,5,4,,1,15,,94495,5,4,,1,15,,94514,5,4,,1,55,,94458,5,4,,1,15,,94477,5,4,,1,15,,94496,5,4,,1,15,,94515,5,4,,1,55,,94459,5,4,,1,15,,94478,5,4,,1,15,,94497,5,4,,1,15,,94516,5,4,,1,55,,94460,5,4,,1,15,,94479,5,4,,1,15,,94498,5,4,,1,15,,94517,5,4,,1,55,,94461,5,4,,1,15,,94480,5,4,,1,15,,94499,5,4,,1,15,,94518,5,4,,1,55,,94462,5,4,,1,15,,94481,5,4,,1,15,,94500,5,4,,1,15,,94519,5,4,,1,55,,94463,5,4,,1,15,,94482,5,4,,1,15,,94501,5,4,,1,15,,94520,5,4,,1,55,,94464,5,4,,1,15,,94483,5,4,,1,15,,94502,5,4,,1,15,,94521,5,4,,1,55,,94465,5,4,,1,15,,94484,5,4,,1,15,,94503,5,4,,1,15,,94522,5,4,,1,55,,94466,5,4,,1,15,,94485,5,4,,1,15,,94504,5,4,,1,15,,94523,5,4,,1,55,,94467,5,4,,1,15,,94486,5,4,,1,15,,94505,5,4,,1,15,,94524,5,4,,1,55,,94468,5,4,,1,15,,94487,5,4,,1,15,,94506,5,4,,1,15,,94525,5,4,,1,55,,94469,5,4,,1,15,,94488,5,4,,1,15,,94507,5,4,,1,15,,94526,5,4,,1,55,,94470,5,4,,1,15,,94489,5,4,,1,15,,94508,5,4,,1,15,,94527,5,4,,1,55,,94471,5,4,,1,15,,94490,5,4,,1,15,,94509,5,4,,1,15,,94528,5,4,,1,55,,94472,5,4,,1,15,,94491,5,4,,1
1,'20270301',555,,94588,5,4,,1,55,,94529,5,4,,1,12,,94549,5,4,,1,15,,94569,5,4,,1,15,,94589,5,4,,1,55,,94530,5,4,,1,15,,94550,5,4,,1,15,,94570,5,4,,1,15,,94590,5,4,,1,55,,94531,5,4,,1,15,,94551,5,4,,1,15,,94571,5,4,,1,15,,94591,5,4,,1,55,,94532,5,4,,1,15,,94552,5,4,,1,15,,94572,5,4,,1,15,,94592,5,4,,1,55,,94533,5,4,,1,15,,94553,5,4,,1,15,,94573,5,4,,1,15,,94593,5,4,,1,55,,94534,5,4,,1,15,,94554,5,4,,1,15,,94574,5,4,,1,15,,94594,5,4,,1,55,,94535,5,4,,1,15,,94555,5,4,,1,15,,94575,5,4,,1,15,,94595,5,4,,1,55,,94536,5,4,,1,15,,94556,5,4,,1,15,,94576,5,4,,1,15,,94596,5,4,,1,55,,94537,5,4,,1,15,,94557,5,4,,1,15,,94577,5,4,,1,15,,94597,5,4,,1,55,,94538,5,4,,1,15,,94558,5,4,,1,15,,94578,5,4,,1,15,,94598,5,4,,1,55,,94539,5,4,,1,15,,94559,5,4,,1,15,,94579,5,4,,1,15,,94599,5,4,,1,55,,94540,5,4,,1,15,,94560,5,4,,1,15,,94580,5,4,,1,15,,94600,5,4,,1,55,,94541,5,4,,1,15,,94561,5,4,,1,15,,94581,5,4,,1,15,,94601,5,4,,1,55,,94542,5,4,,1,15,,94562,5,4,,1,15,,94582,5,4,,1,15,,94602,5,4,,1,55,,94543,5,4,,1,15,,94563,5,4,,1,15,,94583,5,4,,1,15,,94603,5,4,,1,55,,94544,5,4,,1,15,,94564,5,4,,1,15,,94584,5,4,,1,15,,94604,5,4,,1,55,,94545,5,4,,1,15,,94565,5,4,,1,15,,94585,5,4,,1,15,,94605,5,4,,1,55,,94546,5,4,,1,15,,94566,5,4,,1,15,,94586,5,4,,1,15,,94606,5,4,,1,55,,94547,5,4,,1,15,,94567,5,4,,1,15,,94587,5,4,,1,15,,94607,5,4,,1,55,,94548,5,4,,1,15,,94568,5,4,,1
1,'20270302',555,,94667,5,4,,1,55,,94608,5,4,,1,12,,94628,5,4,,1,15,,94648,5,4,,1,15,,94668,5,4,,1,55,,94609,5,4,,1,15,,94629,5,4,,1,15,,94649,5,4,,1,15,,94669,5,4,,1,55,,94610,5,4,,1,15,,94630,5,4,,1,15,,94650,5,4,,1,15,,94670,5,4,,1,55,,94611,5,4,,1,15,,94631,5,4,,1,15,,94651,5,4,,1,15,,94671,5,4,,1,55,,94612,5,4,,1,15,,94632,5,4,,1,15,,94652,5,4,,1,15,,94672,5,4,,1,55,,94613,5,4,,1,15,,94633,5,4,,1,15,,94653,5,4,,1,15,,94673,5,4,,1,55,,94614,5,4,,1,15,,94634,5,4,,1,15,,94654,5,4,,1,15,,94674,5,4,,1,55,,94615,5,4,,1,15,,94635,5,4,,1,15,,94655,5,4,,1,15,,94675,5,4,,1,55,,94616,5,4,,1,15,,94636,5,4,,1,15,,94656,5,4,,1,15,,94676,5,4,,1,55,,94617,5,4,,1,15,,94637,5,4,,1,15,,94657,5,4,,1,15,,94677,5,4,,1,55,,94618,5,4,,1,15,,94638,5,4,,1,15,,94658,5,4,,1,15,,94678,5,4,,1,55,,94619,5,4,,1,15,,94639,5,4,,1,15,,94659,5,4,,1,15,,94679,5,4,,1,55,,94620,5,4,,1,15,,94640,5,4,,1,15,,94660,5,4,,1,15,,94680,5,4,,1,55,,94621,5,4,,1,15,,94641,5,4,,1,15,,94661,5,4,,1,15,,94681,5,4,,1,55,,94622,5,4,,1,15,,94642,5,4,,1,15,,94662,5,4,,1,15,,94682,5,4,,1,55,,94623,5,4,,1,15,,94643,5,4,,1,15,,94663,5,4,,1,15,,94683,5,4,,1,55,,94624,5,4,,1,15,,94644,5,4,,1,15,,94664,5,4,,1,15,,94684,5,4,,1,55,,94625,5,4,,1,15,,94645,5,4,,1,15,,94665,5,4,,1,15,,94685,5,4,,1,55,,94626,5,4,,1,15,,94646,5,4,,1,15,,94666,5,4,,1,15,,94686,5,4,,1,55,,94627,5,4,,1,15,,94647,5,4,,1
1,'20270303',555,,97460,5,4,,1,55,,97401,5,4,,1,12,,97421,5,4,,1,15,,97441,5,4,,1,15,,97461,5,4,,1,55,,97402,5,4,,1,15,,97422,5,4,,1,15,,97442,5,4,,1,15,,97462,5,4,,1,55,,97403,5,4,,1,15,,97423,5,4,,1,15,,97443,5,4,,1,15,,97463,5,4,,1,55,,97404,5,4,,1,15,,97424,5,4,,1,15,,97444,5,4,,1,15,,97464,5,4,,1,55,,97405,5,4,,1,15,,97425,5,4,,1,15,,97445,5,4,,1,15,,97465,5,4,,1,55,,97406,5,4,,1,15,,97426,5,4,,1,15,,97446,5,4,,1,15,,97466,5,4,,1,55,,97407,5,4,,1,15,,97427,5,4,,1,15,,97447,5,4,,1,15,,97467,5,4,,1,55,,97408,5,4,,1,15,,97428,5,4,,1,15,,97448,5,4,,1,15,,97468,5,4,,1,55,,97409,5,4,,1,15,,97429,5,4,,1,15,,97449,5,4,,1,15,,97469,5,4,,1,55,,97410,5,4,,1,15,,97430,5,4,,1,15,,97450,5,4,,1,15,,97470,5,4,,1,55,,97411,5,4,,1,15,,97431,5,4,,1,15,,97451,5,4,,1,15,,97471,5,4,,1,55,,97412,5,4,,1,15,,97432,5,4,,1,15,,97452,5,4,,1,15,,97472,5,4,,1,55,,97413,5,4,,1,15,,97433,5,4,,1,15,,97453,5,4,,1,15,,97473,5,4,,1,55,,97414,5,4,,1,15,,97434,5,4,,1,15,,97454,5,4,,1,15,,97474,5,4,,1,55,,97415,5,4,,1,15,,97435,5,4,,1,15,,97455,5,4,,1,15,,97475,5,4,,1,55,,97416,5,4,,1,15,,97436,5,4,,1,15,,97456,5,4,,1,15,,97476,5,4,,1,55,,97417,5,4,,1,15,,97437,5,4,,1,15,,97457,5,4,,1,15,,97477,5,4,,1,55,,97418,5,4,,1,15,,97438,5,4,,1,15,,97458,5,4,,1,15,,97478,5,4,,1,55,,97419,5,4,,1,15,,97439,5,4,,1,15,,97459,5,4,,1,15,,97479,5,4,,1,55,,97420,5,4,,1,15,,97440,5,4,,1
1,'20270304',555,,97539,5,4,,1,55,,97480,5,4,,1,12,,97500,5,4,,1,15,,97520,5,4,,1,15,,97540,5,4,,1,55,,97481,5,4,,1,15,,97501,5,4,,1,15,,97521,5,4,,1,15,,97541,5,4,,1,55,,97482,5,4,,1,15,,97502,5,4,,1,15,,97522,5,4,,1,15,,97542,5,4,,1,55,,97483,5,4,,1,15,,97503,5,4,,1,15,,97523,5,4,,1,15,,97543,5,4,,1,55,,97484,5,4,,1,15,,97504,5,4,,1,15,,97524,5,4,,1,15,,97544,5,4,,1,55,,97485,5,4,,1,15,,97505,5,4,,1,15,,97525,5,4,,1,15,,97545,5,4,,1,55,,97486,5,4,,1,15,,97506,5,4,,1,15,,97526,5,4,,1,15,,97546,5,4,,1,55,,97487,5,4,,1,15,,97507,5,4,,1,15,,97527,5,4,,1,15,,97547,5,4,,1,55,,97488,5,4,,1,15,,97508,5,4,,1,15,,97528,5,4,,1,15,,97548,5,4,,1,55,,97489,5,4,,1,15,,97509,5,4,,1,15,,97529,5,4,,1,15,,97549,5,4,,1,55,,97490,5,4,,1,15,,97510,5,4,,1,15,,97530,5,4,,1,15,,97550,5,4,,1,55,,97491,5,4,,1,15,,97511,5,4,,1,15,,97531,5,4,,1,15,,97551,5,4,,1,55,,97492,5,4,,1,15,,97512,5,4,,1,15,,97532,5,4,,1,15,,97552,5,4,,1,55,,97493,5,4,,1,15,,97513,5,4,,1,15,,97533,5,4,,1,15,,97553,5,4,,1,55,,97494,5,4,,1,15,,97514,5,4,,1,15,,97534,5,4,,1,15,,97554,5,4,,1,55,,97495,5,4,,1,15,,97515,5,4,,1,15,,97535,5,4,,1,15,,97555,5,4,,1,55,,97496,5,4,,1,15,,97516,5,4,,1,15,,97536,5,4,,1,15,,97556,5,4,,1,55,,97497,5,4,,1,15,,97517,5,4,,1,15,,97537,5,4,,1,15,,97557,5,4,,1,55,,97498,5,4,,1,15,,97518,5,4,,1,15,,97538,5,4,,1,15,,97558,5,4,,1,55,,97499,5,4,,1,15,,97519,5,4,,1
1,'20270305',555,,97618,5,4,,1,55,,97559,5,4,,1,12,,97579,5,4,,1,15,,97599,5,4,,1,15,,97619,5,4,,1,55,,97560,5,4,,1,15,,97580,5,4,,1,15,,97600,5,4,,1,15,,97620,5,4,,1,55,,97561,5,4,,1,15,,97581,5,4,,1,15,,97601,5,4,,1,15,,97621,5,4,,1,55,,97562,5,4,,1,15,,97582,5,4,,1,15,,97602,5,4,,1,15,,97622,5,4,,1,55,,97563,5,4,,1,15,,97583,5,4,,1,15,,97603,5,4,,1,15,,97623,5,4,,1,55,,97564,5,4,,1,15,,97584,5,4,,1,15,,97604,5,4,,1,15,,97624,5,4,,1,55,,97565,5,4,,1,15,,97585,5,4,,1,15,,97605,5,4,,1,15,,97625,5,4,,1,55,,97566,5,4,,1,15,,97586,5,4,,1,15,,97606,5,4,,1,15,,97626,5,4,,1,55,,97567,5,4,,1,15,,97587,5,4,,1,15,,97607,5,4,,1,15,,97627,5,4,,1,55,,97568,5,4,,1,15,,97588,5,4,,1,15,,97608,5,4,,1,15,,97628,5,4,,1,55,,97569,5,4,,1,15,,97589,5,4,,1,15,,97609,5,4,,1,15,,97629,5,4,,1,55,,97570,5,4,,1,15,,97590,5,4,,1,15,,97610,5,4,,1,15,,97630,5,4,,1,55,,97571,5,4,,1,15,,97591,5,4,,1,15,,97611,5,4,,1,15,,97631,5,4,,1,55,,97572,5,4,,1,15,,97592,5,4,,1,15,,97612,5,4,,1,15,,97632,5,4,,1,55,,97573,5,4,,1,15,,97593,5,4,,1,15,,97613,5,4,,1,15,,97633,5,4,,1,55,,97574,5,4,,1,15,,97594,5,4,,1,15,,97614,5,4,,1,15,,97634,5,4,,1,55,,97575,5,4,,1,15,,97595,5,4,,1,15,,97615,5,4,,1,15,,97635,5,4,,1,55,,97576,5,4,,1,15,,97596,5,4,,1,15,,97616,5,4,,1,15,,97636,5,4,,1,55,,97577,5,4,,1,15,,97597,5,4,,1,15,,97617,5,4,,1,15,,97637,5,4,,1,55,,97578,5,4,,1,15,,97598,5,4,,1
1,'20270306',652,,97694,5,4,,1,55,,97638,5,4,,1,15,,97657,5,4,,1,15,,97676,5,4,,1,15,,97695,5,4,,1,55,,97639,5,4,,1,15,,97658,5,4,,1,15,,97677,5,4,,1,15,,97696,5,4,,1,55,,97640,5,4,,1,15,,97659,5,4,,1,15,,97678,5,4,,1,15,,97697,5,4,,1,55,,97641,5,4,,1,15,,97660,5,4,,1,15,,97679,5,4,,1,15,,97698,5,4,,1,55,,97642,5,4,,1,15,,97661,5,4,,1,15,,97680,5,4,,1,15,,97699,5,4,,1,55,,97643,5,4,,1,15,,97662,5,4,,1,15,,97681,5,4,,1,15,,97700,5,4,,1,55,,97644,5,4,,1,15,,97663,5,4,,1,15,,97682,5,4,,1,15,,97701,5,4,,1,55,,97645,5,4,,1,15,,97664,5,4,,1,15,,97683,5,4,,1,15,,97702,5,4,,1,55,,97646,5,4,,1,15,,97665,5,4,,1,15,,97684,5,4,,1,15,,97703,5,4,,1,55,,97647,5,4,,1,15,,97666,5,4,,1,15,,97685,5,4,,1,15,,97704,5,4,,1,55,,97648,5,4,,1,15,,97667,5,4,,1,15,,97686,5,4,,1,15,,97705,5,4,,1,55,,97649,5,4,,1,15,,97668,5,4,,1,15,,97687,5,4,,1,15,,97706,5,4,,1,55,,97650,5,4,,1,15,,97669,5,4,,1,15,,97688,5,4,,1,15,,97707,5,4,,1,55,,97651,5,4,,1,15,,97670,5,4,,1,15,,97689,5,4,,1,15,,97708,5,4,,1,55,,97652,5,4,,1,15,,97671,5,4,,1,15,,97690,5,4,,1,15,,97709,5,4,,1,55,,97653,5,4,,1,15,,97672,5,4,,1,15,,97691,5,4,,1,15,,97710,5,4,,1,55,,97654,5,4,,1,15,,97673,5,4,,1,15,,97692,5,4,,1,15,,97711,5,4,,1,55,,97655,5,4,,1,15,,97674,5,4,,1,15,,97693,5,4,,1,15,,97712,5,4,,1,55,,97656,5,4,,1,15,,97675,5,4,,1
1,'20270307',652,,97769,5,4,,1,55,,97713,5,4,,1,15,,97732,5,4,,1,15,,97751,5,4,,1,15,,97770,5,4,,1,55,,97714,5,4,,1,15,,97733,5,4,,1,15,,97752,5,4,,1,15,,97771,5,4,,1,55,,97715,5,4,,1,15,,97734,5,4,,1,15,,97753,5,4,,1,15,,97772,5,4,,1,55,,97716,5,4,,1,15,,97735,5,4,,1,15,,97754,5,4,,1,15,,97773,5,4,,1,55,,97717,5,4,,1,15,,97736,5,4,,1,15,,97755,5,4,,1,15,,97774,5,4,,1,55,,97718,5,4,,1,15,,97737,5,4,,1,15,,97756,5,4,,1,15,,97775,5,4,,1,55,,97719,5,4,,1,15,,97738,5,4,,1,15,,97757,5,4,,1,15,,97776,5,4,,1,55,,97720,5,4,,1,15,,97739,5,4,,1,15,,97758,5,4,,1,15,,97777,5,4,,1,55,,97721,5,4,,1,15,,97740,5,4,,1,15,,97759,5,4,,1,15,,97778,5,4,,1,55,,97722,5,4,,1,15,,97741,5,4,,1,15,,97760,5,4,,1,15,,97779,5,4,,1,55,,97723,5,4,,1,15,,97742,5,4,,1,15,,97761,5,4,,1,15,,97780,5,4,,1,55,,97724,5,4,,1,15,,97743,5,4,,1,15,,97762,5,4,,1,15,,97781,5,4,,1,55,,97725,5,4,,1,15,,97744,5,4,,1,15,,97763,5,4,,1,15,,97782,5,4,,1,55,,97726,5,4,,1,15,,97745,5,4,,1,15,,97764,5,4,,1,15,,97783,5,4,,1,55,,97727,5,4,,1,15,,97746,5,4,,1,15,,97765,5,4,,1,15,,97784,5,4,,1,55,,97728,5,4,,1,15,,97747,5,4,,1,15,,97766,5,4,,1,15,,97785,5,4,,1,55,,97729,5,4,,1,15,,97748,5,4,,1,15,,97767,5,4,,1,15,,97786,5,4,,1,55,,97730,5,4,,1,15,,97749,5,4,,1,15,,97768,5,4,,1,15,,97787,5,4,,1,55,,97731,5,4,,1,15,,97750,5,4,,1
1,'20270308',555,,97847,5,4,,1,55,,97788,5,4,,1,12,,97808,5,4,,1,15,,97828,5,4,,1,15,,97848,5,4,,1,55,,97789,5,4,,1,15,,97809,5,4,,1,15,,97829,5,4,,1,15,,97849,5,4,,1,55,,97790,5,4,,1,15,,97810,5,4,,1,15,,97830,5,4,,1,15,,97850,5,4,,1,55,,97791,5,4,,1,15,,97811,5,4,,1,15,,97831,5,4,,1,15,,97851,5,4,,1,55,,97792,5,4,,1,15,,97812,5,4,,1,15,,97832,5,4,,1,15,,97852,5,4,,1,55,,97793,5,4,,1,15,,97813,5,4,,1,15,,97833,5,4,,1,15,,97853,5,4,,1,55,,97794,5,4,,1,15,,97814,5,4,,1,15,,97834,5,4,,1,15,,97854,5,4,,1,55,,97795,5,4,,1,15,,97815,5,4,,1,15,,97835,5,4,,1,15,,97855,5,4,,1,55,,97796,5,4,,1,15,,97816,5,4,,1,15,,97836,5,4,,1,15,,97856,5,4,,1,55,,97797,5,4,,1,15,,97817,5,4,,1,15,,97837,5,4,,1,15,,97857,5,4,,1,55,,97798,5,4,,1,15,,97818,5,4,,1,15,,97838,5,4,,1,15,,97858,5,4,,1,55,,97799,5,4,,1,15,,97819,5,4,,1,15,,97839,5,4,,1,15,,97859,5,4,,1,55,,97800,5,4,,1,15,,97820,5,4,,1,15,,97840,5,4,,1,15,,97860,5,4,,1,55,,97801,5,4,,1,15,,97821,5,4,,1,15,,97841,5,4,,1,15,,97861,5,4,,1,55,,97802,5,4,,1,15,,97822,5,4,,1,15,,97842,5,4,,1,15,,97862,5,4,,1,55,,97803,5,4,,1,15,,97823,5,4,,1,15,,97843,5,4,,1,15,,97863,5,4,,1,55,,97804,5,4,,1,15,,97824,5,4,,1,15,,97844,5,4,,1,15,,97864,5,4,,1,55,,97805,5,4,,1,15,,97825,5,4,,1,15,,97845,5,4,,1,15,,97865,5,4,,1,55,,97806,5,4,,1,15,,97826,5,4,,1,15,,97846,5,4,,1,15,,97866,5,4,,1,55,,97807,5,4,,1,15,,97827,5,4,,1
1,'20270309',555,,97926,5,4,,1,55,,97867,5,4,,1,12,,97887,5,4,,1,15,,97907,5,4,,1,15,,97927,5,4,,1,55,,97868,5,4,,1,15,,97888,5,4,,1,15,,97908,5,4,,1,15,,97928,5,4,,1,55,,97869,5,4,,1,15,,97889,5,4,,1,15,,97909,5,4,,1,15,,97929,5,4,,1,55,,97870,5,4,,1,15,,97890,5,4,,1,15,,97910,5,4,,1,15,,97930,5,4,,1,55,,97871,5,4,,1,15,,97891,5,4,,1,15,,97911,5,4,,1,15,,97931,5,4,,1,55,,97872,5,4,,1,15,,97892,5,4,,1,15,,97912,5,4,,1,15,,97932,5,4,,1,55,,97873,5,4,,1,15,,97893,5,4,,1,15,,97913,5,4,,1,15,,97933,5,4,,1,55,,97874,5,4,,1,15,,97894,5,4,,1,15,,97914,5,4,,1,15,,97934,5,4,,1,55,,97875,5,4,,1,15,,97895,5,4,,1,15,,97915,5,4,,1,15,,97935,5,4,,1,55,,97876,5,4,,1,15,,97896,5,4,,1,15,,97916,5,4,,1,15,,97936,5,4,,1,55,,97877,5,4,,1,15,,97897,5,4,,1,15,,97917,5,4,,1,15,,97937,5,4,,1,55,,97878,5,4,,1,15,,97898,5,4,,1,15,,97918,5,4,,1,15,,97938,5,4,,1,55,,97879,5,4,,1,15,,97899,5,4,,1,15,,97919,5,4,,1,15,,97939,5,4,,1,55,,97880,5,4,,1,15,,97900,5,4,,1,15,,97920,5,4,,1,15,,97940,5,4,,1,55,,97881,5,4,,1,15,,97901,5,4,,1,15,,97921,5,4,,1,15,,97941,5,4,,1,55,,97882,5,4,,1,15,,97902,5,4,,1,15,,97922,5,4,,1,15,,97942,5,4,,1,55,,97883,5,4,,1,15,,97903,5,4,,1,15,,97923,5,4,,1,15,,97943,5,4,,1,55,,97884,5,4,,1,15,,97904,5,4,,1,15,,97924,5,4,,1,15,,97944,5,4,,1,55,,97885,5,4,,1,15,,97905,5,4,,1,15,,97925,5,4,,1,15,,97945,5,4,,1,55,,97886,5,4,,1,15,,97906,5,4,,1
1,'20270310',555,,98005,5,4,,1,55,,97946,5,4,,1,12,,97966,5,4,,1,15,,97986,5,4,,1,15,,98006,5,4,,1,55,,97947,5,4,,1,15,,97967,5,4,,1,15,,97987,5,4,,1,15,,98007,5,4,,1,55,,97948,5,4,,1,15,,97968,5,4,,1,15,,97988,5,4,,1,15,,98008,5,4,,1,55,,97949,5,4,,1,15,,97969,5,4,,1,15,,97989,5,4,,1,15,,98009,5,4,,1,55,,97950,5,4,,1,15,,97970,5,4,,1,15,,97990,5,4,,1,15,,98010,5,4,,1,55,,97951,5,4,,1,15,,97971,5,4,,1,15,,97991,5,4,,1,15,,98011,5,4,,1,55,,97952,5,4,,1,15,,97972,5,4,,1,15,,97992,5,4,,1,15,,98012,5,4,,1,55,,97953,5,4,,1,15,,97973,5,4,,1,15,,97993,5,4,,1,15,,98013,5,4,,1,55,,97954,5,4,,1,15,,97974,5,4,,1,15,,97994,5,4,,1,15,,98014,5,4,,1,55,,97955,5,4,,1,15,,97975,5,4,,1,15,,97995,5,4,,1,15,,98015,5,4,,1,55,,97956,5,4,,1,15,,97976,5,4,,1,15,,97996,5,4,,1,15,,98016,5,4,,1,55,,97957,5,4,,1,15,,97977,5,4,,1,15,,97997,5,4,,1,15,,98017,5,4,,1,55,,97958,5,4,,1,15,,97978,5,4,,1,15,,97998,5,4,,1,15,,98018,5,4,,1,55,,97959,5,4,,1,15,,97979,5,4,,1,15,,97999,5,4,,1,15,,98019,5,4,,1,55,,97960,5,4,,1,15,,97980,5,4,,1,15,,98000,5,4,,1,15,,98020,5,4,,1,55,,97961,5,4,,1,15,,97981,5,4,,1,15,,98001,5,4,,1,15,,98021,5,4,,1,55,,97962,5,4,,1,15,,97982,5,4,,1,15,,98002,5,4,,1,15,,98022,5,4,,1,55,,97963,5,4,,1,15,,97983,5,4,,1,15,,98003,5,4,,1,15,,98023,5,4,,1,55,,97964,5,4,,1,15,,97984,5,4,,1,15,,98004,5,4,,1,15,,98024,5,4,,1,55,,97965,5,4,,1,15,,97985,5,4,,1
1,'20270311',555,,98084,5,4,,1,55,,98025,5,4,,1,12,,98045,5,4,,1,15,,98065,5,4,,1,15,,98085,5,4,,1,55,,98026,5,4,,1,15,,98046,5,4,,1,15,,98066,5,4,,1,15,,98086,5,4,,1,55,,98027,5,4,,1,15,,98047,5,4,,1,15,,98067,5,4,,1,15,,98087,5,4,,1,55,,98028,5,4,,1,15,,98048,5,4,,1,15,,98068,5,4,,1,15,,98088,5,4,,1,55,,98029,5,4,,1,15,,98049,5,4,,1,15,,98069,5,4,,1,15,,98089,5,4,,1,55,,98030,5,4,,1,15,,98050,5,4,,1,15,,98070,5,4,,1,15,,98090,5,4,,1,55,,98031,5,4,,1,15,,98051,5,4,,1,15,,98071,5,4,,1,15,,98091,5,4,,1,55,,98032,5,4,,1,15,,98052,5,4,,1,15,,98072,5,4,,1,15,,98092,5,4,,1,55,,98033,5,4,,1,15,,98053,5,4,,1,15,,98073,5,4,,1,15,,98093,5,4,,1,55,,98034,5,4,,1,15,,98054,5,4,,1,15,,98074,5,4,,1,15,,98094,5,4,,1,55,,98035,5,4,,1,15,,98055,5,4,,1,15,,98075,5,4,,1,15,,98095,5,4,,1,55,,98036,5,4,,1,15,,98056,5,4,,1,15,,98076,5,4,,1,15,,98096,5,4,,1,55,,98037,5,4,,1,15,,98057,5,4,,1,15,,98077,5,4,,1,15,,98097,5,4,,1,55,,98038,5,4,,1,15,,98058,5,4,,1,15,,98078,5,4,,1,15,,98098,5,4,,1,55,,98039,5,4,,1,15,,98059,5,4,,1,15,,98079,5,4,,1,15,,98099,5,4,,1,55,,98040,5,4,,1,15,,98060,5,4,,1,15,,98080,5,4,,1,15,,98100,5,4,,1,55,,98041,5,4,,1,15,,98061,5,4,,1,15,,98081,5,4,,1,15,,98101,5,4,,1,55,,98042,5,4,,1,15,,98062,5,4,,1,15,,98082,5,4,,1,15,,98102,5,4,,1,55,,98043,5,4,,1,15,,98063,5,4,,1,15,,98083,5,4,,1,15,,98103,5,4,,1,55,,98044,5,4,,1,15,,98064,5,4,,1
1,'20270312',555,,98163,5,4,,1,55,,98104,5,4,,1,12,,98124,5,4,,1,15,,98144,5,4,,1,15,,98164,5,4,,1,55,,98105,5,4,,1,15,,98125,5,4,,1,15,,98145,5,4,,1,15,,98165,5,4,,1,55,,98106,5,4,,1,15,,98126,5,4,,1,15,,98146,5,4,,1,15,,98166,5,4,,1,55,,98107,5,4,,1,15,,98127,5,4,,1,15,,98147,5,4,,1,15,,98167,5,4,,1,55,,98108,5,4,,1,15,,98128,5,4,,1,15,,98148,5,4,,1,15,,98168,5,4,,1,55,,98109,5,4,,1,15,,98129,5,4,,1,15,,98149,5,4,,1,15,,98169,5,4,,1,55,,98110,5,4,,1,15,,98130,5,4,,1,15,,98150,5,4,,1,15,,98170,5,4,,1,55,,98111,5,4,,1,15,,98131,5,4,,1,15,,98151,5,4,,1,15,,98171,5,4,,1,55,,98112,5,4,,1,15,,98132,5,4,,1,15,,98152,5,4,,1,15,,98172,5,4,,1,55,,98113,5,4,,1,15,,98133,5,4,,1,15,,98153,5,4,,1,15,,98173,5,4,,1,55,,98114,5,4,,1,15,,98134,5,4,,1,15,,98154,5,4,,1,15,,98174,5,4,,1,55,,98115,5,4,,1,15,,98135,5,4,,1,15,,98155,5,4,,1,15,,98175,5,4,,1,55,,98116,5,4,,1,15,,98136,5,4,,1,15,,98156,5,4,,1,15,,98176,5,4,,1,55,,98117,5,4,,1,15,,98137,5,4,,1,15,,98157,5,4,,1,15,,98177,5,4,,1,55,,98118,5,4,,1,15,,98138,5,4,,1,15,,98158,5,4,,1,15,,98178,5,4,,1,55,,98119,5,4,,1,15,,98139,5,4,,1,15,,98159,5,4,,1,15,,98179,5,4,,1,55,,98120,5,4,,1,15,,98140,5,4,,1,15,,98160,5,4,,1,15,,98180,5,4,,1,55,,98121,5,4,,1,15,,98141,5,4,,1,15,,98161,5,4,,1,15,,98181,5,4,,1,55,,98122,5,4,,1,15,,98142,5,4,,1,15,,98162,5,4,,1,15,,98182,5,4,,1,55,,98123,5,4,,1,15,,98143,5,4,,1
1,'20270313',652,,98239,5,4,,1,55,,98183,5,4,,1,15,,98202,5,4,,1,15,,98221,5,4,,1,15,,98240,5,4,,1,55,,98184,5,4,,1,15,,98203,5,4,,1,15,,98222,5,4,,1,15,,98241,5,4,,1,55,,98185,5,4,,1,15,,98204,5,4,,1,15,,98223,5,4,,1,15,,98242,5,4,,1,55,,98186,5,4,,1,15,,98205,5,4,,1,15,,98224,5,4,,1,15,,98243,5,4,,1,55,,98187,5,4,,1,15,,98206,5,4,,1,15,,98225,5,4,,1,15,,98244,5,4,,1,55,,98188,5,4,,1,15,,98207,5,4,,1,15,,98226,5,4,,1,15,,98245,5,4,,1,55,,98189,5,4,,1,15,,98208,5,4,,1,15,,98227,5,4,,1,15,,98246,5,4,,1,55,,98190,5,4,,1,15,,98209,5,4,,1,15,,98228,5,4,,1,15,,98247,5,4,,1,55,,98191,5,4,,1,15,,98210,5,4,,1,15,,98229,5,4,,1,15,,98248,5,4,,1,55,,98192,5,4,,1,15,,98211,5,4,,1,15,,98230,5,4,,1,15,,98249,5,4,,1,55,,98193,5,4,,1,15,,98212,5,4,,1,15,,98231,5,4,,1,15,,98250,5,4,,1,55,,98194,5,4,,1,15,,98213,5,4,,1,15,,98232,5,4,,1,15,,98251,5,4,,1,55,,98195,5,4,,1,15,,98214,5,4,,1,15,,98233,5,4,,1,15,,98252,5,4,,1,55,,98196,5,4,,1,15,,98215,5,4,,1,15,,98234,5,4,,1,15,,98253,5,4,,1,55,,98197,5,4,,1,15,,98216,5,4,,1,15,,98235,5,4,,1,15,,98254,5,4,,1,55,,98198,5,4,,1,15,,98217,5,4,,1,15,,98236,5,4,,1,15,,98255,5,4,,1,55,,98199,5,4,,1,15,,98218,5,4,,1,15,,98237,5,4,,1,15,,98256,5,4,,1,55,,98200,5,4,,1,15,,98219,5,4,,1,15,,98238,5,4,,1,15,,98257,5,4,,1,55,,98201,5,4,,1,15,,98220,5,4,,1
1,'20270314',652,,98314,5,4,,1,55,,98258,5,4,,1,15,,98277,5,4,,1,15,,98296,5,4,,1,15,,98315,5,4,,1,55,,98259,5,4,,1,15,,98278,5,4,,1,15,,98297,5,4,,1,15,,98316,5,4,,1,55,,98260,5,4,,1,15,,98279,5,4,,1,15,,98298,5,4,,1,15,,98317,5,4,,1,55,,98261,5,4,,1,15,,98280,5,4,,1,15,,98299,5,4,,1,15,,98318,5,4,,1,55,,98262,5,4,,1,15,,98281,5,4,,1,15,,98300,5,4,,1,15,,98319,5,4,,1,55,,98263,5,4,,1,15,,98282,5,4,,1,15,,98301,5,4,,1,15,,98320,5,4,,1,55,,98264,5,4,,1,15,,98283,5,4,,1,15,,98302,5,4,,1,15,,98321,5,4,,1,55,,98265,5,4,,1,15,,98284,5,4,,1,15,,98303,5,4,,1,15,,98322,5,4,,1,55,,98266,5,4,,1,15,,98285,5,4,,1,15,,98304,5,4,,1,15,,98323,5,4,,1,55,,98267,5,4,,1,15,,98286,5,4,,1,15,,98305,5,4,,1,15,,98324,5,4,,1,55,,98268,5,4,,1,15,,98287,5,4,,1,15,,98306,5,4,,1,15,,98325,5,4,,1,55,,98269,5,4,,1,15,,98288,5,4,,1,15,,98307,5,4,,1,15,,98326,5,4,,1,55,,98270,5,4,,1,15,,98289,5,4,,1,15,,98308,5,4,,1,15,,98327,5,4,,1,55,,98271,5,4,,1,15,,98290,5,4,,1,15,,98309,5,4,,1,15,,98328,5,4,,1,55,,98272,5,4,,1,15,,98291,5,4,,1,15,,98310,5,4,,1,15,,98329,5,4,,1,55,,98273,5,4,,1,15,,98292,5,4,,1,15,,98311,5,4,,1,15,,98330,5,4,,1,55,,98274,5,4,,1,15,,98293,5,4,,1,15,,98312,5,4,,1,15,,98331,5,4,,1,55,,98275,5,4,,1,15,,98294,5,4,,1,15,,98313,5,4,,1,15,,98332,5,4,,1,55,,98276,5,4,,1,15,,98295,5,4,,1
1,'20270315',555,,98392,5,4,,1,55,,98333,5,4,,1,12,,98353,5,4,,1,15,,98373,5,4,,1,15,,98393,5,4,,1,55,,98334,5,4,,1,15,,98354,5,4,,1,15,,98374,5,4,,1,15,,98394,5,4,,1,55,,98335,5,4,,1,15,,98355,5,4,,1,15,,98375,5,4,,1,15,,98395,5,4,,1,55,,98336,5,4,,1,15,,98356,5,4,,1,15,,98376,5,4,,1,15,,98396,5,4,,1,55,,98337,5,4,,1,15,,98357,5,4,,1,15,,98377,5,4,,1,15,,98397,5,4,,1,55,,98338,5,4,,1,15,,98358,5,4,,1,15,,98378,5,4,,1,15,,98398,5,4,,1,55,,98339,5,4,,1,15,,98359,5,4,,1,15,,98379,5,4,,1,15,,98399,5,4,,1,55,,98340,5,4,,1,15,,98360,5,4,,1,15,,98380,5,4,,1,15,,98400,5,4,,1,55,,98341,5,4,,1,15,,98361,5,4,,1,15,,98381,5,4,,1,15,,98401,5,4,,1,55,,98342,5,4,,1,15,,98362,5,4,,1,15,,98382,5,4,,1,15,,98402,5,4,,1,55,,98343,5,4,,1,15,,98363,5,4,,1,15,,98383,5,4,,1,15,,98403,5,4,,1,55,,98344,5,4,,1,15,,98364,5,4,,1,15,,98384,5,4,,1,15,,98404,5,4,,1,55,,98345,5,4,,1,15,,98365,5,4,,1,15,,98385,5,4,,1,15,,98405,5,4,,1,55,,98346,5,4,,1,15,,98366,5,4,,1,15,,98386,5,4,,1,15,,98406,5,4,,1,55,,98347,5,4,,1,15,,98367,5,4,,1,15,,98387,5,4,,1,15,,98407,5,4,,1,55,,98348,5,4,,1,15,,98368,5,4,,1,15,,98388,5,4,,1,15,,98408,5,4,,1,55,,98349,5,4,,1,15,,98369,5,4,,1,15,,98389,5,4,,1,15,,98409,5,4,,1,55,,98350,5,4,,1,15,,98370,5,4,,1,15,,98390,5,4,,1,15,,98410,5,4,,1,55,,98351,5,4,,1,15,,98371,5,4,,1,15,,98391,5,4,,1,15,,98411,5,4,,1,55,,98352,5,4,,1,15,,98372,5,4,,1
1,'20270316',555,,98471,5,4,,1,55,,98412,5,4,,1,12,,98432,5,4,,1,15,,98452,5,4,,1,15,,98472,5,4,,1,55,,98413,5,4,,1,15,,98433,5,4,,1,15,,98453,5,4,,1,15,,98473,5,4,,1,55,,98414,5,4,,1,15,,98434,5,4,,1,15,,98454,5,4,,1,15,,98474,5,4,,1,55,,98415,5,4,,1,15,,98435,5,4,,1,15,,98455,5,4,,1,15,,98475,5,4,,1,55,,98416,5,4,,1,15,,98436,5,4,,1,15,,98456,5,4,,1,15,,98476,5,4,,1,55,,98417,5,4,,1,15,,98437,5,4,,1,15,,98457,5,4,,1,15,,98477,5,4,,1,55,,98418,5,4,,1,15,,98438,5,4,,1,15,,98458,5,4,,1,15,,98478,5,4,,1,55,,98419,5,4,,1,15,,98439,5,4,,1,15,,98459,5,4,,1,15,,98479,5,4,,1,55,,98420,5,4,,1,15,,98440,5,4,,1,15,,98460,5,4,,1,15,,98480,5,4,,1,55,,98421,5,4,,1,15,,98441,5,4,,1,15,,98461,5,4,,1,15,,98481,5,4,,1,55,,98422,5,4,,1,15,,98442,5,4,,1,15,,98462,5,4,,1,15,,98482,5,4,,1,55,,98423,5,4,,1,15,,98443,5,4,,1,15,,98463,5,4,,1,15,,98483,5,4,,1,55,,98424,5,4,,1,15,,98444,5,4,,1,15,,98464,5,4,,1,15,,98484,5,4,,1,55,,98425,5,4,,1,15,,98445,5,4,,1,15,,98465,5,4,,1,15,,98485,5,4,,1,55,,98426,5,4,,1,15,,98446,5,4,,1,15,,98466,5,4,,1,15,,98486,5,4,,1,55,,98427,5,4,,1,15,,98447,5,4,,1,15,,98467,5,4,,1,15,,98487,5,4,,1,55,,98428,5,4,,1,15,,98448,5,4,,1,15,,98468,5,4,,1,15,,98488,5,4,,1,55,,98429,5,4,,1,15,,98449,5,4,,1,15,,98469,5,4,,1,15,,98489,5,4,,1,55,,98430,5,4,,1,15,,98450,5,4,,1,15,,98470,5,4,,1,15,,98490,5,4,,1,55,,98431,5,4,,1,15,,98451,5,4,,1
1,'20270317',555,,98550,5,4,,1,55,,98491,5,4,,1,12,,98511,5,4,,1,15,,98531,5,4,,1,15,,98551,5,4,,1,55,,98492,5,4,,1,15,,98512,5,4,,1,15,,98532,5,4,,1,15,,98552,5,4,,1,55,,98493,5,4,,1,15,,98513,5,4,,1,15,,98533,5,4,,1,15,,98553,5,4,,1,55,,98494,5,4,,1,15,,98514,5,4,,1,15,,98534,5,4,,1,15,,98554,5,4,,1,55,,98495,5,4,,1,15,,98515,5,4,,1,15,,98535,5,4,,1,15,,98555,5,4,,1,55,,98496,5,4,,1,15,,98516,5,4,,1,15,,98536,5,4,,1,15,,98556,5,4,,1,55,,98497,5,4,,1,15,,98517,5,4,,1,15,,98537,5,4,,1,15,,98557,5,4,,1,55,,98498,5,4,,1,15,,98518,5,4,,1,15,,98538,5,4,,1,15,,98558,5,4,,1,55,,98499,5,4,,1,15,,98519,5,4,,1,15,,98539,5,4,,1,15,,98559,5,4,,1,55,,98500,5,4,,1,15,,98520,5,4,,1,15,,98540,5,4,,1,15,,98560,5,4,,1,55,,98501,5,4,,1,15,,98521,5,4,,1,15,,98541,5,4,,1,15,,98561,5,4,,1,55,,98502,5,4,,1,15,,98522,5,4,,1,15,,98542,5,4,,1,15,,98562,5,4,,1,55,,98503,5,4,,1,15,,98523,5,4,,1,15,,98543,5,4,,1,15,,98563,5,4,,1,55,,98504,5,4,,1,15,,98524,5,4,,1,15,,98544,5,4,,1,15,,98564,5,4,,1,55,,98505,5,4,,1,15,,98525,5,4,,1,15,,98545,5,4,,1,15,,98565,5,4,,1,55,,98506,5,4,,1,15,,98526,5,4,,1,15,,98546,5,4,,1,15,,98566,5,4,,1,55,,98507,5,4,,1,15,,98527,5,4,,1,15,,98547,5,4,,1,15,,98567,5,4,,1,55,,98508,5,4,,1,15,,98528,5,4,,1,15,,98548,5,4,,1,15,,98568,5,4,,1,55,,98509,5,4,,1,15,,98529,5,4,,1,15,,98549,5,4,,1,15,,98569,5,4,,1,55,,98510,5,4,,1,15,,98530,5,4,,1
1,'20270318',555,,98629,5,4,,1,55,,98570,5,4,,1,12,,98590,5,4,,1,15,,98610,5,4,,1,15,,98630,5,4,,1,55,,98571,5,4,,1,15,,98591,5,4,,1,15,,98611,5,4,,1,15,,98631,5,4,,1,55,,98572,5,4,,1,15,,98592,5,4,,1,15,,98612,5,4,,1,15,,98632,5,4,,1,55,,98573,5,4,,1,15,,98593,5,4,,1,15,,98613,5,4,,1,15,,98633,5,4,,1,55,,98574,5,4,,1,15,,98594,5,4,,1,15,,98614,5,4,,1,15,,98634,5,4,,1,55,,98575,5,4,,1,15,,98595,5,4,,1,15,,98615,5,4,,1,15,,98635,5,4,,1,55,,98576,5,4,,1,15,,98596,5,4,,1,15,,98616,5,4,,1,15,,98636,5,4,,1,55,,98577,5,4,,1,15,,98597,5,4,,1,15,,98617,5,4,,1,15,,98637,5,4,,1,55,,98578,5,4,,1,15,,98598,5,4,,1,15,,98618,5,4,,1,15,,98638,5,4,,1,55,,98579,5,4,,1,15,,98599,5,4,,1,15,,98619,5,4,,1,15,,98639,5,4,,1,55,,98580,5,4,,1,15,,98600,5,4,,1,15,,98620,5,4,,1,15,,98640,5,4,,1,55,,98581,5,4,,1,15,,98601,5,4,,1,15,,98621,5,4,,1,15,,98641,5,4,,1,55,,98582,5,4,,1,15,,98602,5,4,,1,15,,98622,5,4,,1,15,,98642,5,4,,1,55,,98583,5,4,,1,15,,98603,5,4,,1,15,,98623,5,4,,1,15,,98643,5,4,,1,55,,98584,5,4,,1,15,,98604,5,4,,1,15,,98624,5,4,,1,15,,98644,5,4,,1,55,,98585,5,4,,1,15,,98605,5,4,,1,15,,98625,5,4,,1,15,,98645,5,4,,1,55,,98586,5,4,,1,15,,98606,5,4,,1,15,,98626,5,4,,1,15,,98646,5,4,,1,55,,98587,5,4,,1,15,,98607,5,4,,1,15,,98627,5,4,,1,15,,98647,5,4,,1,55,,98588,5,4,,1,15,,98608,5,4,,1,15,,98628,5,4,,1,15,,98648,5,4,,1,55,,98589,5,4,,1,15,,98609,5,4,,1
1,'20270319',555,,98708,5,4,,1,55,,98649,5,4,,1,12,,98669,5,4,,1,15,,98689,5,4,,1,15,,98709,5,4,,1,55,,98650,5,4,,1,15,,98670,5,4,,1,15,,98690,5,4,,1,15,,98710,5,4,,1,55,,98651,5,4,,1,15,,98671,5,4,,1,15,,98691,5,4,,1,15,,98711,5,4,,1,55,,98652,5,4,,1,15,,98672,5,4,,1,15,,98692,5,4,,1,15,,98712,5,4,,1,55,,98653,5,4,,1,15,,98673,5,4,,1,15,,98693,5,4,,1,15,,98713,5,4,,1,55,,98654,5,4,,1,15,,98674,5,4,,1,15,,98694,5,4,,1,15,,98714,5,4,,1,55,,98655,5,4,,1,15,,98675,5,4,,1,15,,98695,5,4,,1,15,,98715,5,4,,1,55,,98656,5,4,,1,15,,98676,5,4,,1,15,,98696,5,4,,1,15,,98716,5,4,,1,55,,98657,5,4,,1,15,,98677,5,4,,1,15,,98697,5,4,,1,15,,98717,5,4,,1,55,,98658,5,4,,1,15,,98678,5,4,,1,15,,98698,5,4,,1,15,,98718,5,4,,1,55,,98659,5,4,,1,15,,98679,5,4,,1,15,,98699,5,4,,1,15,,98719,5,4,,1,55,,98660,5,4,,1,15,,98680,5,4,,1,15,,98700,5,4,,1,15,,98720,5,4,,1,55,,98661,5,4,,1,15,,98681,5,4,,1,15,,98701,5,4,,1,15,,98721,5,4,,1,55,,98662,5,4,,1,15,,98682,5,4,,1,15,,98702,5,4,,1,15,,98722,5,4,,1,55,,98663,5,4,,1,15,,98683,5,4,,1,15,,98703,5,4,,1,15,,98723,5,4,,1,55,,98664,5,4,,1,15,,98684,5,4,,1,15,,98704,5,4,,1,15,,98724,5,4,,1,55,,98665,5,4,,1,15,,98685,5,4,,1,15,,98705,5,4,,1,15,,98725,5,4,,1,55,,98666,5,4,,1,15,,98686,5,4,,1,15,,98706,5,4,,1,15,,98726,5,4,,1,55,,98667,5,4,,1,15,,98687,5,4,,1,15,,98707,5,4,,1,15,,98727,5,4,,1,55,,98668,5,4,,1,15,,98688,5,4,,1
1,'20270320',652,,98784,5,4,,1,55,,98728,5,4,,1,15,,98747,5,4,,1,15,,98766,5,4,,1,15,,98785,5,4,,1,55,,98729,5,4,,1,15,,98748,5,4,,1,15,,98767,5,4,,1,15,,98786,5,4,,1,55,,98730,5,4,,1,15,,98749,5,4,,1,15,,98768,5,4,,1,15,,98787,5,4,,1,55,,98731,5,4,,1,15,,98750,5,4,,1,15,,98769,5,4,,1,15,,98788,5,4,,1,55,,98732,5,4,,1,15,,98751,5,4,,1,15,,98770,5,4,,1,15,,98789,5,4,,1,55,,98733,5,4,,1,15,,98752,5,4,,1,15,,98771,5,4,,1,15,,98790,5,4,,1,55,,98734,5,4,,1,15,,98753,5,4,,1,15,,98772,5,4,,1,15,,98791,5,4,,1,55,,98735,5,4,,1,15,,98754,5,4,,1,15,,98773,5,4,,1,15,,98792,5,4,,1,55,,98736,5,4,,1,15,,98755,5,4,,1,15,,98774,5,4,,1,15,,98793,5,4,,1,55,,98737,5,4,,1,15,,98756,5,4,,1,15,,98775,5,4,,1,15,,98794,5,4,,1,55,,98738,5,4,,1,15,,98757,5,4,,1,15,,98776,5,4,,1,15,,98795,5,4,,1,55,,98739,5,4,,1,15,,98758,5,4,,1,15,,98777,5,4,,1,15,,98796,5,4,,1,55,,98740,5,4,,1,15,,98759,5,4,,1,15,,98778,5,4,,1,15,,98797,5,4,,1,55,,98741,5,4,,1,15,,98760,5,4,,1,15,,98779,5,4,,1,15,,98798,5,4,,1,55,,98742,5,4,,1,15,,98761,5,4,,1,15,,98780,5,4,,1,15,,98799,5,4,,1,55,,98743,5,4,,1,15,,98762,5,4,,1,15,,98781,5,4,,1,15,,98800,5,4,,1,55,,98744,5,4,,1,15,,98763,5,4,,1,15,,98782,5,4,,1,15,,98801,5,4,,1,55,,98745,5,4,,1,15,,98764,5,4,,1,15,,98783,5,4,,1,15,,98802,5,4,,1,55,,98746,5,4,,1,15,,98765,5,4,,1
1,'20270321',652,,98859,5,4,,1,55,,98803,5,4,,1,15,,98822,5,4,,1,15,,98841,5,4,,1,15,,98860,5,4,,1,55,,98804,5,4,,1,15,,98823,5,4,,1,15,,98842,5,4,,1,15,,98861,5,4,,1,55,,98805,5,4,,1,15,,98824,5,4,,1,15,,98843,5,4,,1,15,,98862,5,4,,1,55,,98806,5,4,,1,15,,98825,5,4,,1,15,,98844,5,4,,1,15,,98863,5,4,,1,55,,98807,5,4,,1,15,,98826,5,4,,1,15,,98845,5,4,,1,15,,98864,5,4,,1,55,,98808,5,4,,1,15,,98827,5,4,,1,15,,98846,5,4,,1,15,,98865,5,4,,1,55,,98809,5,4,,1,15,,98828,5,4,,1,15,,98847,5,4,,1,15,,98866,5,4,,1,55,,98810,5,4,,1,15,,98829,5,4,,1,15,,98848,5,4,,1,15,,98867,5,4,,1,55,,98811,5,4,,1,15,,98830,5,4,,1,15,,98849,5,4,,1,15,,98868,5,4,,1,55,,98812,5,4,,1,15,,98831,5,4,,1,15,,98850,5,4,,1,15,,98869,5,4,,1,55,,98813,5,4,,1,15,,98832,5,4,,1,15,,98851,5,4,,1,15,,98870,5,4,,1,55,,98814,5,4,,1,15,,98833,5,4,,1,15,,98852,5,4,,1,15,,98871,5,4,,1,55,,98815,5,4,,1,15,,98834,5,4,,1,15,,98853,5,4,,1,15,,98872,5,4,,1,55,,98816,5,4,,1,15,,98835,5,4,,1,15,,98854,5,4,,1,15,,98873,5,4,,1,55,,98817,5,4,,1,15,,98836,5,4,,1,15,,98855,5,4,,1,15,,98874,5,4,,1,55,,98818,5,4,,1,15,,98837,5,4,,1,15,,98856,5,4,,1,15,,98875,5,4,,1,55,,98819,5,4,,1,15,,98838,5,4,,1,15,,98857,5,4,,1,15,,98876,5,4,,1,55,,98820,5,4,,1,15,,98839,5,4,,1,15,,98858,5,4,,1,15,,98877,5,4,,1,55,,98821,5,4,,1,15,,98840,5,4,,1
1,'20270322',555,,98937,5,4,,1,55,,98878,5,4,,1,12,,98898,5,4,,1,15,,98918,5,4,,1,15,,98938,5,4,,1,55,,98879,5,4,,1,15,,98899,5,4,,1,15,,98919,5,4,,1,15,,98939,5,4,,1,55,,98880,5,4,,1,15,,98900,5,4,,1,15,,98920,5,4,,1,15,,98940,5,4,,1,55,,98881,5,4,,1,15,,98901,5,4,,1,15,,98921,5,4,,1,15,,98941,5,4,,1,55,,98882,5,4,,1,15,,98902,5,4,,1,15,,98922,5,4,,1,15,,98942,5,4,,1,55,,98883,5,4,,1,15,,98903,5,4,,1,15,,98923,5,4,,1,15,,98943,5,4,,1,55,,98884,5,4,,1,15,,98904,5,4,,1,15,,98924,5,4,,1,15,,98944,5,4,,1,55,,98885,5,4,,1,15,,98905,5,4,,1,15,,98925,5,4,,1,15,,98945,5,4,,1,55,,98886,5,4,,1,15,,98906,5,4,,1,15,,98926,5,4,,1,15,,98946,5,4,,1,55,,98887,5,4,,1,15,,98907,5,4,,1,15,,98927,5,4,,1,15,,98947,5,4,,1,55,,98888,5,4,,1,15,,98908,5,4,,1,15,,98928,5,4,,1,15,,98948,5,4,,1,55,,98889,5,4,,1,15,,98909,5,4,,1,15,,98929,5,4,,1,15,,98949,5,4,,1,55,,98890,5,4,,1,15,,98910,5,4,,1,15,,98930,5,4,,1,15,,98950,5,4,,1,55,,98891,5,4,,1,15,,98911,5,4,,1,15,,98931,5,4,,1,15,,98951,5,4,,1,55,,98892,5,4,,1,15,,98912,5,4,,1,15,,98932,5,4,,1,15,,98952,5,4,,1,55,,98893,5,4,,1,15,,98913,5,4,,1,15,,98933,5,4,,1,15,,98953,5,4,,1,55,,98894,5,4,,1,15,,98914,5,4,,1,15,,98934,5,4,,1,15,,98954,5,4,,1,55,,98895,5,4,,1,15,,98915,5,4,,1,15,,98935,5,4,,1,15,,98955,5,4,,1,55,,98896,5,4,,1,15,,98916,5,4,,1,15,,98936,5,4,,1,15,,98956,5,4,,1,55,,98897,5,4,,1,15,,98917,5,4,,1
1,'20270323',555,,99016,5,4,,1,55,,98957,5,4,,1,12,,98977,5,4,,1,15,,98997,5,4,,1,15,,99017,5,4,,1,55,,98958,5,4,,1,15,,98978,5,4,,1,15,,98998,5,4,,1,15,,99018,5,4,,1,55,,98959,5,4,,1,15,,98979,5,4,,1,15,,98999,5,4,,1,15,,99019,5,4,,1,55,,98960,5,4,,1,15,,98980,5,4,,1,15,,99000,5,4,,1,15,,99020,5,4,,1,55,,98961,5,4,,1,15,,98981,5,4,,1,15,,99001,5,4,,1,15,,99021,5,4,,1,55,,98962,5,4,,1,15,,98982,5,4,,1,15,,99002,5,4,,1,15,,99022,5,4,,1,55,,98963,5,4,,1,15,,98983,5,4,,1,15,,99003,5,4,,1,15,,99023,5,4,,1,55,,98964,5,4,,1,15,,98984,5,4,,1,15,,99004,5,4,,1,15,,99024,5,4,,1,55,,98965,5,4,,1,15,,98985,5,4,,1,15,,99005,5,4,,1,15,,99025,5,4,,1,55,,98966,5,4,,1,15,,98986,5,4,,1,15,,99006,5,4,,1,15,,99026,5,4,,1,55,,98967,5,4,,1,15,,98987,5,4,,1,15,,99007,5,4,,1,15,,99027,5,4,,1,55,,98968,5,4,,1,15,,98988,5,4,,1,15,,99008,5,4,,1,15,,99028,5,4,,1,55,,98969,5,4,,1,15,,98989,5,4,,1,15,,99009,5,4,,1,15,,99029,5,4,,1,55,,98970,5,4,,1,15,,98990,5,4,,1,15,,99010,5,4,,1,15,,99030,5,4,,1,55,,98971,5,4,,1,15,,98991,5,4,,1,15,,99011,5,4,,1,15,,99031,5,4,,1,55,,98972,5,4,,1,15,,98992,5,4,,1,15,,99012,5,4,,1,15,,99032,5,4,,1,55,,98973,5,4,,1,15,,98993,5,4,,1,15,,99013,5,4,,1,15,,99033,5,4,,1,55,,98974,5,4,,1,15,,98994,5,4,,1,15,,99014,5,4,,1,15,,99034,5,4,,1,55,,98975,5,4,,1,15,,98995,5,4,,1,15,,99015,5,4,,1,15,,99035,5,4,,1,55,,98976,5,4,,1,15,,98996,5,4,,1
1,'20270324',555,,99095,5,4,,1,55,,99036,5,4,,1,12,,99056,5,4,,1,15,,99076,5,4,,1,15,,99096,5,4,,1,55,,99037,5,4,,1,15,,99057,5,4,,1,15,,99077,5,4,,1,15,,99097,5,4,,1,55,,99038,5,4,,1,15,,99058,5,4,,1,15,,99078,5,4,,1,15,,99098,5,4,,1,55,,99039,5,4,,1,15,,99059,5,4,,1,15,,99079,5,4,,1,15,,99099,5,4,,1,55,,99040,5,4,,1,15,,99060,5,4,,1,15,,99080,5,4,,1,15,,99100,5,4,,1,55,,99041,5,4,,1,15,,99061,5,4,,1,15,,99081,5,4,,1,15,,99101,5,4,,1,55,,99042,5,4,,1,15,,99062,5,4,,1,15,,99082,5,4,,1,15,,99102,5,4,,1,55,,99043,5,4,,1,15,,99063,5,4,,1,15,,99083,5,4,,1,15,,99103,5,4,,1,55,,99044,5,4,,1,15,,99064,5,4,,1,15,,99084,5,4,,1,15,,99104,5,4,,1,55,,99045,5,4,,1,15,,99065,5,4,,1,15,,99085,5,4,,1,15,,99105,5,4,,1,55,,99046,5,4,,1,15,,99066,5,4,,1,15,,99086,5,4,,1,15,,99106,5,4,,1,55,,99047,5,4,,1,15,,99067,5,4,,1,15,,99087,5,4,,1,15,,99107,5,4,,1,55,,99048,5,4,,1,15,,99068,5,4,,1,15,,99088,5,4,,1,15,,99108,5,4,,1,55,,99049,5,4,,1,15,,99069,5,4,,1,15,,99089,5,4,,1,15,,99109,5,4,,1,55,,99050,5,4,,1,15,,99070,5,4,,1,15,,99090,5,4,,1,15,,99110,5,4,,1,55,,99051,5,4,,1,15,,99071,5,4,,1,15,,99091,5,4,,1,15,,99111,5,4,,1,55,,99052,5,4,,1,15,,99072,5,4,,1,15,,99092,5,4,,1,15,,99112,5,4,,1,55,,99053,5,4,,1,15,,99073,5,4,,1,15,,99093,5,4,,1,15,,99113,5,4,,1,55,,99054,5,4,,1,15,,99074,5,4,,1,15,,99094,5,4,,1,15,,99114,5,4,,1,55,,99055,5,4,,1,15,,99075,5,4,,1
1,'20270325',555,,99174,5,4,,1,55,,99115,5,4,,1,12,,99135,5,4,,1,15,,99155,5,4,,1,15,,99175,5,4,,1,55,,99116,5,4,,1,15,,99136,5,4,,1,15,,99156,5,4,,1,15,,99176,5,4,,1,55,,99117,5,4,,1,15,,99137,5,4,,1,15,,99157,5,4,,1,15,,99177,5,4,,1,55,,99118,5,4,,1,15,,99138,5,4,,1,15,,99158,5,4,,1,15,,99178,5,4,,1,55,,99119,5,4,,1,15,,99139,5,4,,1,15,,99159,5,4,,1,15,,99179,5,4,,1,55,,99120,5,4,,1,15,,99140,5,4,,1,15,,99160,5,4,,1,15,,99180,5,4,,1,55,,99121,5,4,,1,15,,99141,5,4,,1,15,,99161,5,4,,1,15,,99181,5,4,,1,55,,99122,5,4,,1,15,,99142,5,4,,1,15,,99162,5,4,,1,15,,99182,5,4,,1,55,,99123,5,4,,1,15,,99143,5,4,,1,15,,99163,5,4,,1,15,,99183,5,4,,1,55,,99124,5,4,,1,15,,99144,5,4,,1,15,,99164,5,4,,1,15,,99184,5,4,,1,55,,99125,5,4,,1,15,,99145,5,4,,1,15,,99165,5,4,,1,15,,99185,5,4,,1,55,,99126,5,4,,1,15,,99146,5,4,,1,15,,99166,5,4,,1,15,,99186,5,4,,1,55,,99127,5,4,,1,15,,99147,5,4,,1,15,,99167,5,4,,1,15,,99187,5,4,,1,55,,99128,5,4,,1,15,,99148,5,4,,1,15,,99168,5,4,,1,15,,99188,5,4,,1,55,,99129,5,4,,1,15,,99149,5,4,,1,15,,99169,5,4,,1,15,,99189,5,4,,1,55,,99130,5,4,,1,15,,99150,5,4,,1,15,,99170,5,4,,1,15,,99190,5,4,,1,55,,99131,5,4,,1,15,,99151,5,4,,1,15,,99171,5,4,,1,15,,99191,5,4,,1,55,,99132,5,4,,1,15,,99152,5,4,,1,15,,99172,5,4,,1,15,,99192,5,4,,1,55,,99133,5,4,,1,15,,99153,5,4,,1,15,,99173,5,4,,1,15,,99193,5,4,,1,55,,99134,5,4,,1,15,,99154,5,4,,1
1,'20270326',555,,99253,5,4,,1,55,,99194,5,4,,1,12,,99214,5,4,,1,15,,99234,5,4,,1,15,,99254,5,4,,1,55,,99195,5,4,,1,15,,99215,5,4,,1,15,,99235,5,4,,1,15,,99255,5,4,,1,55,,99196,5,4,,1,15,,99216,5,4,,1,15,,99236,5,4,,1,15,,99256,5,4,,1,55,,99197,5,4,,1,15,,99217,5,4,,1,15,,99237,5,4,,1,15,,99257,5,4,,1,55,,99198,5,4,,1,15,,99218,5,4,,1,15,,99238,5,4,,1,15,,99258,5,4,,1,55,,99199,5,4,,1,15,,99219,5,4,,1,15,,99239,5,4,,1,15,,99259,5,4,,1,55,,99200,5,4,,1,15,,99220,5,4,,1,15,,99240,5,4,,1,15,,99260,5,4,,1,55,,99201,5,4,,1,15,,99221,5,4,,1,15,,99241,5,4,,1,15,,99261,5,4,,1,55,,99202,5,4,,1,15,,99222,5,4,,1,15,,99242,5,4,,1,15,,99262,5,4,,1,55,,99203,5,4,,1,15,,99223,5,4,,1,15,,99243,5,4,,1,15,,99263,5,4,,1,55,,99204,5,4,,1,15,,99224,5,4,,1,15,,99244,5,4,,1,15,,99264,5,4,,1,55,,99205,5,4,,1,15,,99225,5,4,,1,15,,99245,5,4,,1,15,,99265,5,4,,1,55,,99206,5,4,,1,15,,99226,5,4,,1,15,,99246,5,4,,1,15,,99266,5,4,,1,55,,99207,5,4,,1,15,,99227,5,4,,1,15,,99247,5,4,,1,15,,99267,5,4,,1,55,,99208,5,4,,1,15,,99228,5,4,,1,15,,99248,5,4,,1,15,,99268,5,4,,1,55,,99209,5,4,,1,15,,99229,5,4,,1,15,,99249,5,4,,1,15,,99269,5,4,,1,55,,99210,5,4,,1,15,,99230,5,4,,1,15,,99250,5,4,,1,15,,99270,5,4,,1,55,,99211,5,4,,1,15,,99231,5,4,,1,15,,99251,5,4,,1,15,,99271,5,4,,1,55,,99212,5,4,,1,15,,99232,5,4,,1,15,,99252,5,4,,1,15,,99272,5,4,,1,55,,99213,5,4,,1,15,,99233,5,4,,1
1,'20270327',652,,99329,5,4,,1,55,,99273,5,4,,1,15,,99292,5,4,,1,15,,99311,5,4,,1,15,,99330,5,4,,1,55,,99274,5,4,,1,15,,99293,5,4,,1,15,,99312,5,4,,1,15,,99331,5,4,,1,55,,99275,5,4,,1,15,,99294,5,4,,1,15,,99313,5,4,,1,15,,99332,5,4,,1,55,,99276,5,4,,1,15,,99295,5,4,,1,15,,99314,5,4,,1,15,,99333,5,4,,1,55,,99277,5,4,,1,15,,99296,5,4,,1,15,,99315,5,4,,1,15,,99334,5,4,,1,55,,99278,5,4,,1,15,,99297,5,4,,1,15,,99316,5,4,,1,15,,99335,5,4,,1,55,,99279,5,4,,1,15,,99298,5,4,,1,15,,99317,5,4,,1,15,,99336,5,4,,1,55,,99280,5,4,,1,15,,99299,5,4,,1,15,,99318,5,4,,1,15,,99337,5,4,,1,55,,99281,5,4,,1,15,,99300,5,4,,1,15,,99319,5,4,,1,15,,99338,5,4,,1,55,,99282,5,4,,1,15,,99301,5,4,,1,15,,99320,5,4,,1,15,,99339,5,4,,1,55,,99283,5,4,,1,15,,99302,5,4,,1,15,,99321,5,4,,1,15,,99340,5,4,,1,55,,99284,5,4,,1,15,,99303,5,4,,1,15,,99322,5,4,,1,15,,99341,5,4,,1,55,,99285,5,4,,1,15,,99304,5,4,,1,15,,99323,5,4,,1,15,,99342,5,4,,1,55,,99286,5,4,,1,15,,99305,5,4,,1,15,,99324,5,4,,1,15,,99343,5,4,,1,55,,99287,5,4,,1,15,,99306,5,4,,1,15,,99325,5,4,,1,15,,99344,5,4,,1,55,,99288,5,4,,1,15,,99307,5,4,,1,15,,99326,5,4,,1,15,,99345,5,4,,1,55,,99289,5,4,,1,15,,99308,5,4,,1,15,,99327,5,4,,1,15,,99346,5,4,,1,55,,99290,5,4,,1,15,,99309,5,4,,1,15,,99328,5,4,,1,15,,99347,5,4,,1,55,,99291,5,4,,1,15,,99310,5,4,,1
1,'20270328',652,,99404,5,4,,1,55,,99348,5,4,,1,15,,99367,5,4,,1,15,,99386,5,4,,1,15,,99405,5,4,,1,55,,99349,5,4,,1,15,,99368,5,4,,1,15,,99387,5,4,,1,15,,99406,5,4,,1,55,,99350,5,4,,1,15,,99369,5,4,,1,15,,99388,5,4,,1,15,,99407,5,4,,1,55,,99351,5,4,,1,15,,99370,5,4,,1,15,,99389,5,4,,1,15,,99408,5,4,,1,55,,99352,5,4,,1,15,,99371,5,4,,1,15,,99390,5,4,,1,15,,99409,5,4,,1,55,,99353,5,4,,1,15,,99372,5,4,,1,15,,99391,5,4,,1,15,,99410,5,4,,1,55,,99354,5,4,,1,15,,99373,5,4,,1,15,,99392,5,4,,1,15,,99411,5,4,,1,55,,99355,5,4,,1,15,,99374,5,4,,1,15,,99393,5,4,,1,15,,99412,5,4,,1,55,,99356,5,4,,1,15,,99375,5,4,,1,15,,99394,5,4,,1,15,,99413,5,4,,1,55,,99357,5,4,,1,15,,99376,5,4,,1,15,,99395,5,4,,1,15,,99414,5,4,,1,55,,99358,5,4,,1,15,,99377,5,4,,1,15,,99396,5,4,,1,15,,99415,5,4,,1,55,,99359,5,4,,1,15,,99378,5,4,,1,15,,99397,5,4,,1,15,,99416,5,4,,1,55,,99360,5,4,,1,15,,99379,5,4,,1,15,,99398,5,4,,1,15,,99417,5,4,,1,55,,99361,5,4,,1,15,,99380,5,4,,1,15,,99399,5,4,,1,15,,99418,5,4,,1,55,,99362,5,4,,1,15,,99381,5,4,,1,15,,99400,5,4,,1,15,,99419,5,4,,1,55,,99363,5,4,,1,15,,99382,5,4,,1,15,,99401,5,4,,1,15,,99420,5,4,,1,55,,99364,5,4,,1,15,,99383,5,4,,1,15,,99402,5,4,,1,15,,99421,5,4,,1,55,,99365,5,4,,1,15,,99384,5,4,,1,15,,99403,5,4,,1,15,,99422,5,4,,1,55,,99366,5,4,,1,15,,99385,5,4,,1
1,'20270329',555,,99482,5,4,,1,55,,99423,5,4,,1,12,,99443,5,4,,1,15,,99463,5,4,,1,15,,99483,5,4,,1,55,,99424,5,4,,1,15,,99444,5,4,,1,15,,99464,5,4,,1,15,,99484,5,4,,1,55,,99425,5,4,,1,15,,99445,5,4,,1,15,,99465,5,4,,1,15,,99485,5,4,,1,55,,99426,5,4,,1,15,,99446,5,4,,1,15,,99466,5,4,,1,15,,99486,5,4,,1,55,,99427,5,4,,1,15,,99447,5,4,,1,15,,99467,5,4,,1,15,,99487,5,4,,1,55,,99428,5,4,,1,15,,99448,5,4,,1,15,,99468,5,4,,1,15,,99488,5,4,,1,55,,99429,5,4,,1,15,,99449,5,4,,1,15,,99469,5,4,,1,15,,99489,5,4,,1,55,,99430,5,4,,1,15,,99450,5,4,,1,15,,99470,5,4,,1,15,,99490,5,4,,1,55,,99431,5,4,,1,15,,99451,5,4,,1,15,,99471,5,4,,1,15,,99491,5,4,,1,55,,99432,5,4,,1,15,,99452,5,4,,1,15,,99472,5,4,,1,15,,99492,5,4,,1,55,,99433,5,4,,1,15,,99453,5,4,,1,15,,99473,5,4,,1,15,,99493,5,4,,1,55,,99434,5,4,,1,15,,99454,5,4,,1,15,,99474,5,4,,1,15,,99494,5,4,,1,55,,99435,5,4,,1,15,,99455,5,4,,1,15,,99475,5,4,,1,15,,99495,5,4,,1,55,,99436,5,4,,1,15,,99456,5,4,,1,15,,99476,5,4,,1,15,,99496,5,4,,1,55,,99437,5,4,,1,15,,99457,5,4,,1,15,,99477,5,4,,1,15,,99497,5,4,,1,55,,99438,5,4,,1,15,,99458,5,4,,1,15,,99478,5,4,,1,15,,99498,5,4,,1,55,,99439,5,4,,1,15,,99459,5,4,,1,15,,99479,5,4,,1,15,,99499,5,4,,1,55,,99440,5,4,,1,15,,99460,5,4,,1,15,,99480,5,4,,1,15,,99500,5,4,,1,55,,99441,5,4,,1,15,,99461,5,4,,1,15,,99481,5,4,,1,15,,99501,5,4,,1,55,,99442,5,4,,1,15,,99462,5,4,,1
1,'20270330',555,,99561,5,4,,1,55,,99502,5,4,,1,12,,99522,5,4,,1,15,,99542,5,4,,1,15,,99562,5,4,,1,55,,99503,5,4,,1,15,,99523,5,4,,1,15,,99543,5,4,,1,15,,99563,5,4,,1,55,,99504,5,4,,1,15,,99524,5,4,,1,15,,99544,5,4,,1,15,,99564,5,4,,1,55,,99505,5,4,,1,15,,99525,5,4,,1,15,,99545,5,4,,1,15,,99565,5,4,,1,55,,99506,5,4,,1,15,,99526,5,4,,1,15,,99546,5,4,,1,15,,99566,5,4,,1,55,,99507,5,4,,1,15,,99527,5,4,,1,15,,99547,5,4,,1,15,,99567,5,4,,1,55,,99508,5,4,,1,15,,99528,5,4,,1,15,,99548,5,4,,1,15,,99568,5,4,,1,55,,99509,5,4,,1,15,,99529,5,4,,1,15,,99549,5,4,,1,15,,99569,5,4,,1,55,,99510,5,4,,1,15,,99530,5,4,,1,15,,99550,5,4,,1,15,,99570,5,4,,1,55,,99511,5,4,,1,15,,99531,5,4,,1,15,,99551,5,4,,1,15,,99571,5,4,,1,55,,99512,5,4,,1,15,,99532,5,4,,1,15,,99552,5,4,,1,15,,99572,5,4,,1,55,,99513,5,4,,1,15,,99533,5,4,,1,15,,99553,5,4,,1,15,,99573,5,4,,1,55,,99514,5,4,,1,15,,99534,5,4,,1,15,,99554,5,4,,1,15,,99574,5,4,,1,55,,99515,5,4,,1,15,,99535,5,4,,1,15,,99555,5,4,,1,15,,99575,5,4,,1,55,,99516,5,4,,1,15,,99536,5,4,,1,15,,99556,5,4,,1,15,,99576,5,4,,1,55,,99517,5,4,,1,15,,99537,5,4,,1,15,,99557,5,4,,1,15,,99577,5,4,,1,55,,99518,5,4,,1,15,,99538,5,4,,1,15,,99558,5,4,,1,15,,99578,5,4,,1,55,,99519,5,4,,1,15,,99539,5,4,,1,15,,99559,5,4,,1,15,,99579,5,4,,1,55,,99520,5,4,,1,15,,99540,5,4,,1,15,,99560,5,4,,1,15,,99580,5,4,,1,55,,99521,5,4,,1,15,,99541,5,4,,1
1,'20270331',555,,99640,5,4,,1,55,,99581,5,4,,1,12,,99601,5,4,,1,15,,99621,5,4,,1,15,,99641,5,4,,1,55,,99582,5,4,,1,15,,99602,5,4,,1,15,,99622,5,4,,1,15,,99642,5,4,,1,55,,99583,5,4,,1,15,,99603,5,4,,1,15,,99623,5,4,,1,15,,99643,5,4,,1,55,,99584,5,4,,1,15,,99604,5,4,,1,15,,99624,5,4,,1,15,,99644,5,4,,1,55,,99585,5,4,,1,15,,99605,5,4,,1,15,,99625,5,4,,1,15,,99645,5,4,,1,55,,99586,5,4,,1,15,,99606,5,4,,1,15,,99626,5,4,,1,15,,99646,5,4,,1,55,,99587,5,4,,1,15,,99607,5,4,,1,15,,99627,5,4,,1,15,,99647,5,4,,1,55,,99588,5,4,,1,15,,99608,5,4,,1,15,,99628,5,4,,1,15,,99648,5,4,,1,55,,99589,5,4,,1,15,,99609,5,4,,1,15,,99629,5,4,,1,15,,99649,5,4,,1,55,,99590,5,4,,1,15,,99610,5,4,,1,15,,99630,5,4,,1,15,,99650,5,4,,1,55,,99591,5,4,,1,15,,99611,5,4,,1,15,,99631,5,4,,1,15,,99651,5,4,,1,55,,99592,5,4,,1,15,,99612,5,4,,1,15,,99632,5,4,,1,15,,99652,5,4,,1,55,,99593,5,4,,1,15,,99613,5,4,,1,15,,99633,5,4,,1,15,,99653,5,4,,1,55,,99594,5,4,,1,15,,99614,5,4,,1,15,,99634,5,4,,1,15,,99654,5,4,,1,55,,99595,5,4,,1,15,,99615,5,4,,1,15,,99635,5,4,,1,15,,99655,5,4,,1,55,,99596,5,4,,1,15,,99616,5,4,,1,15,,99636,5,4,,1,15,,99656,5,4,,1,55,,99597,5,4,,1,15,,99617,5,4,,1,15,,99637,5,4,,1,15,,99657,5,4,,1,55,,99598,5,4,,1,15,,99618,5,4,,1,15,,99638,5,4,,1,15,,99658,5,4,,1,55,,99599,5,4,,1,15,,99619,5,4,,1,15,,99639,5,4,,1,15,,99659,5,4,,1,55,,99600,5,4,,1,15,,99620,5,4,,1
1,'20270401',555,,99719,5,4,,1,55,,99660,5,4,,1,12,,99680,5,4,,1,15,,99700,5,4,,1,15,,99720,5,4,,1,55,,99661,5,4,,1,15,,99681,5,4,,1,15,,99701,5,4,,1,15,,99721,5,4,,1,55,,99662,5,4,,1,15,,99682,5,4,,1,15,,99702,5,4,,1,15,,99722,5,4,,1,55,,99663,5,4,,1,15,,99683,5,4,,1,15,,99703,5,4,,1,15,,99723,5,4,,1,55,,99664,5,4,,1,15,,99684,5,4,,1,15,,99704,5,4,,1,15,,99724,5,4,,1,55,,99665,5,4,,1,15,,99685,5,4,,1,15,,99705,5,4,,1,15,,99725,5,4,,1,55,,99666,5,4,,1,15,,99686,5,4,,1,15,,99706,5,4,,1,15,,99726,5,4,,1,55,,99667,5,4,,1,15,,99687,5,4,,1,15,,99707,5,4,,1,15,,99727,5,4,,1,55,,99668,5,4,,1,15,,99688,5,4,,1,15,,99708,5,4,,1,15,,99728,5,4,,1,55,,99669,5,4,,1,15,,99689,5,4,,1,15,,99709,5,4,,1,15,,99729,5,4,,1,55,,99670,5,4,,1,15,,99690,5,4,,1,15,,99710,5,4,,1,15,,99730,5,4,,1,55,,99671,5,4,,1,15,,99691,5,4,,1,15,,99711,5,4,,1,15,,99731,5,4,,1,55,,99672,5,4,,1,15,,99692,5,4,,1,15,,99712,5,4,,1,15,,99732,5,4,,1,55,,99673,5,4,,1,15,,99693,5,4,,1,15,,99713,5,4,,1,15,,99733,5,4,,1,55,,99674,5,4,,1,15,,99694,5,4,,1,15,,99714,5,4,,1,15,,99734,5,4,,1,55,,99675,5,4,,1,15,,99695,5,4,,1,15,,99715,5,4,,1,15,,99735,5,4,,1,55,,99676,5,4,,1,15,,99696,5,4,,1,15,,99716,5,4,,1,15,,99736,5,4,,1,55,,99677,5,4,,1,15,,99697,5,4,,1,15,,99717,5,4,,1,15,,99737,5,4,,1,55,,99678,5,4,,1,15,,99698,5,4,,1,15,,99718,5,4,,1,15,,99738,5,4,,1,55,,99679,5,4,,1,15,,99699,5,4,,1
1,'20270402',555,,99798,5,4,,1,55,,99739,5,4,,1,12,,99759,5,4,,1,15,,99779,5,4,,1,15,,99799,5,4,,1,55,,99740,5,4,,1,15,,99760,5,4,,1,15,,99780,5,4,,1,15,,99800,5,4,,1,55,,99741,5,4,,1,15,,99761,5,4,,1,15,,99781,5,4,,1,15,,99801,5,4,,1,55,,99742,5,4,,1,15,,99762,5,4,,1,15,,99782,5,4,,1,15,,99802,5,4,,1,55,,99743,5,4,,1,15,,99763,5,4,,1,15,,99783,5,4,,1,15,,99803,5,4,,1,55,,99744,5,4,,1,15,,99764,5,4,,1,15,,99784,5,4,,1,15,,99804,5,4,,1,55,,99745,5,4,,1,15,,99765,5,4,,1,15,,99785,5,4,,1,15,,99805,5,4,,1,55,,99746,5,4,,1,15,,99766,5,4,,1,15,,99786,5,4,,1,15,,99806,5,4,,1,55,,99747,5,4,,1,15,,99767,5,4,,1,15,,99787,5,4,,1,15,,99807,5,4,,1,55,,99748,5,4,,1,15,,99768,5,4,,1,15,,99788,5,4,,1,15,,99808,5,4,,1,55,,99749,5,4,,1,15,,99769,5,4,,1,15,,99789,5,4,,1,15,,99809,5,4,,1,55,,99750,5,4,,1,15,,99770,5,4,,1,15,,99790,5,4,,1,15,,99810,5,4,,1,55,,99751,5,4,,1,15,,99771,5,4,,1,15,,99791,5,4,,1,15,,99811,5,4,,1,55,,99752,5,4,,1,15,,99772,5,4,,1,15,,99792,5,4,,1,15,,99812,5,4,,1,55,,99753,5,4,,1,15,,99773,5,4,,1,15,,99793,5,4,,1,15,,99813,5,4,,1,55,,99754,5,4,,1,15,,99774,5,4,,1,15,,99794,5,4,,1,15,,99814,5,4,,1,55,,99755,5,4,,1,15,,99775,5,4,,1,15,,99795,5,4,,1,15,,99815,5,4,,1,55,,99756,5,4,,1,15,,99776,5,4,,1,15,,99796,5,4,,1,15,,99816,5,4,,1,55,,99757,5,4,,1,15,,99777,5,4,,1,15,,99797,5,4,,1,15,,99817,5,4,,1,55,,99758,5,4,,1,15,,99778,5,4,,1
1,'20270403',652,,99874,5,4,,1,55,,99818,5,4,,1,15,,99837,5,4,,1,15,,99856,5,4,,1,15,,99875,5,4,,1,55,,99819,5,4,,1,15,,99838,5,4,,1,15,,99857,5,4,,1,15,,99876,5,4,,1,55,,99820,5,4,,1,15,,99839,5,4,,1,15,,99858,5,4,,1,15,,99877,5,4,,1,55,,99821,5,4,,1,15,,99840,5,4,,1,15,,99859,5,4,,1,15,,99878,5,4,,1,55,,99822,5,4,,1,15,,99841,5,4,,1,15,,99860,5,4,,1,15,,99879,5,4,,1,55,,99823,5,4,,1,15,,99842,5,4,,1,15,,99861,5,4,,1,15,,99880,5,4,,1,55,,99824,5,4,,1,15,,99843,5,4,,1,15,,99862,5,4,,1,15,,99881,5,4,,1,55,,99825,5,4,,1,15,,99844,5,4,,1,15,,99863,5,4,,1,15,,99882,5,4,,1,55,,99826,5,4,,1,15,,99845,5,4,,1,15,,99864,5,4,,1,15,,99883,5,4,,1,55,,99827,5,4,,1,15,,99846,5,4,,1,15,,99865,5,4,,1,15,,99884,5,4,,1,55,,99828,5,4,,1,15,,99847,5,4,,1,15,,99866,5,4,,1,15,,99885,5,4,,1,55,,99829,5,4,,1,15,,99848,5,4,,1,15,,99867,5,4,,1,15,,99886,5,4,,1,55,,99830,5,4,,1,15,,99849,5,4,,1,15,,99868,5,4,,1,15,,99887,5,4,,1,55,,99831,5,4,,1,15,,99850,5,4,,1,15,,99869,5,4,,1,15,,99888,5,4,,1,55,,99832,5,4,,1,15,,99851,5,4,,1,15,,99870,5,4,,1,15,,99889,5,4,,1,55,,99833,5,4,,1,15,,99852,5,4,,1,15,,99871,5,4,,1,15,,99890,5,4,,1,55,,99834,5,4,,1,15,,99853,5,4,,1,15,,99872,5,4,,1,15,,99891,5,4,,1,55,,99835,5,4,,1,15,,99854,5,4,,1,15,,99873,5,4,,1,15,,99892,5,4,,1,55,,99836,5,4,,1,15,,99855,5,4,,1
1,'20270404',652,,99949,5,4,,1,55,,99893,5,4,,1,15,,99912,5,4,,1,15,,99931,5,4,,1,15,,99950,5,4,,1,55,,99894,5,4,,1,15,,99913,5,4,,1,15,,99932,5,4,,1,15,,99951,5,4,,1,55,,99895,5,4,,1,15,,99914,5,4,,1,15,,99933,5,4,,1,15,,99952,5,4,,1,55,,99896,5,4,,1,15,,99915,5,4,,1,15,,99934,5,4,,1,15,,99953,5,4,,1,55,,99897,5,4,,1,15,,99916,5,4,,1,15,,99935,5,4,,1,15,,99954,5,4,,1,55,,99898,5,4,,1,15,,99917,5,4,,1,15,,99936,5,4,,1,15,,99955,5,4,,1,55,,99899,5,4,,1,15,,99918,5,4,,1,15,,99937,5,4,,1,15,,99956,5,4,,1,55,,99900,5,4,,1,15,,99919,5,4,,1,15,,99938,5,4,,1,15,,99957,5,4,,1,55,,99901,5,4,,1,15,,99920,5,4,,1,15,,99939,5,4,,1,15,,99958,5,4,,1,55,,99902,5,4,,1,15,,99921,5,4,,1,15,,99940,5,4,,1,15,,99959,5,4,,1,55,,99903,5,4,,1,15,,99922,5,4,,1,15,,99941,5,4,,1,15,,99960,5,4,,1,55,,99904,5,4,,1,15,,99923,5,4,,1,15,,99942,5,4,,1,15,,99961,5,4,,1,55,,99905,5,4,,1,15,,99924,5,4,,1,15,,99943,5,4,,1,15,,99962,5,4,,1,55,,99906,5,4,,1,15,,99925,5,4,,1,15,,99944,5,4,,1,15,,99963,5,4,,1,55,,99907,5,4,,1,15,,99926,5,4,,1,15,,99945,5,4,,1,15,,99964,5,4,,1,55,,99908,5,4,,1,15,,99927,5,4,,1,15,,99946,5,4,,1,15,,99965,5,4,,1,55,,99909,5,4,,1,15,,99928,5,4,,1,15,,99947,5,4,,1,15,,99966,5,4,,1,55,,99910,5,4,,1,15,,99929,5,4,,1,15,,99948,5,4,,1,15,,99967,5,4,,1,55,,99911,5,4,,1,15,,99930,5,4,,1
1,'20270405',555,,100027,5,4,,1,55,,99968,5,4,,1,12,,99988,5,4,,1,15,,100008,5,4,,1,15,,100028,5,4,,1,55,,99969,5,4,,1,15,,99989,5,4,,1,15,,100009,5,4,,1,15,,100029,5,4,,1,55,,99970,5,4,,1,15,,99990,5,4,,1,15,,100010,5,4,,1,15,,100030,5,4,,1,55,,99971,5,4,,1,15,,99991,5,4,,1,15,,100011,5,4,,1,15,,100031,5,4,,1,55,,99972,5,4,,1,15,,99992,5,4,,1,15,,100012,5,4,,1,15,,100032,5,4,,1,55,,99973,5,4,,1,15,,99993,5,4,,1,15,,100013,5,4,,1,15,,100033,5,4,,1,55,,99974,5,4,,1,15,,99994,5,4,,1,15,,100014,5,4,,1,15,,100034,5,4,,1,55,,99975,5,4,,1,15,,99995,5,4,,1,15,,100015,5,4,,1,15,,100035,5,4,,1,55,,99976,5,4,,1,15,,99996,5,4,,1,15,,100016,5,4,,1,15,,100036,5,4,,1,55,,99977,5,4,,1,15,,99997,5,4,,1,15,,100017,5,4,,1,15,,100037,5,4,,1,55,,99978,5,4,,1,15,,99998,5,4,,1,15,,100018,5,4,,1,15,,100038,5,4,,1,55,,99979,5,4,,1,15,,99999,5,4,,1,15,,100019,5,4,,1,15,,100039,5,4,,1,55,,99980,5,4,,1,15,,100000,5,4,,1,15,,100020,5,4,,1,15,,100040,5,4,,1,55,,99981,5,4,,1,15,,100001,5,4,,1,15,,100021,5,4,,1,15,,100041,5,4,,1,55,,99982,5,4,,1,15,,100002,5,4,,1,15,,100022,5,4,,1,15,,100042,5,4,,1,55,,99983,5,4,,1,15,,100003,5,4,,1,15,,100023,5,4,,1,15,,100043,5,4,,1,55,,99984,5,4,,1,15,,100004,5,4,,1,15,,100024,5,4,,1,15,,100044,5,4,,1,55,,99985,5,4,,1,15,,100005,5,4,,1,15,,100025,5,4,,1,15,,100045,5,4,,1,55,,99986,5,4,,1,15,,100006,5,4,,1,15,,100026,5,4,,1,15,,100046,5,4,,1,55,,99987,5,4,,1,15,,100007,5,4,,1
