0,'20261007',507,,70315,3,,,1,15,,70255,3,,,1,20,,70295,3,,,1,15,,70316,3,,,1,55,,70256,3,,,1,15,,70276,3,,,1,15,,70296,3,,,1,15,,70317,3,,,1,55,,70257,3,,,1,15,,70277,3,,,1,15,,70297,3,,,1,15,,70318,3,,,1,55,,70258,3,,,1,15,,70278,3,,,1,15,,70298,3,,,1,15,,70319,3,,,1,55,,70259,3,,,1,15,,70279,3,,,1,15,,70299,3,,,1,15,,70320,3,,,1,55,,70260,3,,,1,15,,70280,3,,,1,15,,70300,3,,,1,15,,70321,3,,,1,55,,70261,3,,,1,15,,70281,3,,,1,15,,70301,3,,,1,15,,70322,3,,,1,55,,70262,3,,,1,15,,70282,3,,,1,15,,70302,3,,,1,15,,70323,3,,,1,55,,70263,3,,,1,15,,70283,3,,,1,15,,70303,3,,,1,15,,70324,3,,,1,55,,70264,3,,,1,15,,70284,3,,,1,15,,70304,3,,,1,15,,70325,3,,,1,55,,70265,3,,,1,15,,70285,3,,,1,15,,70305,3,,,1,15,,70326,3,,,1,55,,70266,3,,,1,15,,70286,3,,,1,15,,70306,3,,,1,15,,70327,3,,,1,55,,70267,3,,,1,15,,70287,3,,,1,15,,70307,3,,,1,15,,70328,3,,,1,55,,70268,3,,,1,15,,70288,3,,,1,15,,70308,3,,,1,15,,70329,3,,,1,55,,70269,3,,,1,15,,70289,3,,,1,15,,70309,3,,,1,15,,70330,3,,,1,55,,70270,3,,,1,15,,70290,3,,,1,15,,70310,3,,,1,15,,70331,3,,,1,55,,70271,3,,,1,15,,70291,3,,,1,15,,70311,3,,,1,15,,70332,3,,,1,55,,70272,3,,,1,15,,70292,3,,,1,15,,70312,3,,,1,15,,70333,3,,,1,55,,70273,3,,,1,15,,70293,3,,,1,15,,70313,3,,,1,15,,70334,3,,,1,55,,70274,3,,,1,15,,70294,3,,,1,15,,70314,3,,,1,15,,70335,3,,,1,55,,70275,3,,,1
0,'20261008',507,,70396,3,,,1,15,,70336,3,,,1,20,,70376,3,,,1,15,,70397,3,,,1,55,,70337,3,,,1,15,,70357,3,,,1,15,,70377,3,,,1,15,,70398,3,,,1,55,,70338,3,,,1,15,,70358,3,,,1,15,,70378,3,,,1,15,,70399,3,,,1,55,,70339,3,,,1,15,,70359,3,,,1,15,,70379,3,,,1,15,,70400,3,,,1,55,,70340,3,,,1,15,,70360,3,,,1,15,,70380,3,,,1,15,,70401,3,,,1,55,,70341,3,,,1,15,,70361,3,,,1,15,,70381,3,,,1,15,,70402,3,,,1,55,,70342,3,,,1,15,,70362,3,,,1,15,,70382,3,,,1,15,,70403,3,,,1,55,,70343,3,,,1,15,,70363,3,,,1,15,,70383,3,,,1,15,,70404,3,,,1,55,,70344,3,,,1,15,,70364,3,,,1,15,,70384,3,,,1,15,,70405,3,,,1,55,,70345,3,,,1,15,,70365,3,,,1,15,,70385,3,,,1,15,,70406,3,,,1,55,,70346,3,,,1,15,,70366,3,,,1,15,,70386,3,,,1,15,,70407,3,,,1,55,,70347,3,,,1,15,,70367,3,,,1,15,,70387,3,,,1,15,,70408,3,,,1,55,,70348,3,,,1,15,,70368,3,,,1,15,,70388,3,,,1,15,,70409,3,,,1,55,,70349,3,,,1,15,,70369,3,,,1,15,,70389,3,,,1,15,,70410,3,,,1,55,,70350,3,,,1,15,,70370,3,,,1,15,,70390,3,,,1,15,,70411,3,,,1,55,,70351,3,,,1,15,,70371,3,,,1,15,,70391,3,,,1,15,,70412,3,,,1,55,,70352,3,,,1,15,,70372,3,,,1,15,,70392,3,,,1,15,,70413,3,,,1,55,,70353,3,,,1,15,,70373,3,,,1,15,,70393,3,,,1,15,,70414,3,,,1,55,,70354,3,,,1,15,,70374,3,,,1,15,,70394,3,,,1,15,,70415,3,,,1,55,,70355,3,,,1,15,,70375,3,,,1,15,,70395,3,,,1,15,,70416,3,,,1,55,,70356,3,,,1
0,'20261009',507,,70477,3,,,1,15,,70417,3,,,1,20,,70457,3,,,1,15,,70478,3,,,1,55,,70418,3,,,1,15,,70438,3,,,1,15,,70458,3,,,1,15,,70479,3,,,1,55,,70419,3,,,1,15,,70439,3,,,1,15,,70459,3,,,1,15,,70480,3,,,1,55,,70420,3,,,1,15,,70440,3,,,1,15,,70460,3,,,1,15,,70481,3,,,1,55,,70421,3,,,1,15,,70441,3,,,1,15,,70461,3,,,1,15,,70482,3,,,1,55,,70422,3,,,1,15,,70442,3,,,1,15,,70462,3,,,1,15,,70483,3,,,1,55,,70423,3,,,1,15,,70443,3,,,1,15,,70463,3,,,1,15,,70484,3,,,1,55,,70424,3,,,1,15,,70444,3,,,1,15,,70464,3,,,1,15,,70485,3,,,1,55,,70425,3,,,1,15,,70445,3,,,1,15,,70465,3,,,1,15,,70486,3,,,1,55,,70426,3,,,1,15,,70446,3,,,1,15,,70466,3,,,1,15,,70487,3,,,1,55,,70427,3,,,1,15,,70447,3,,,1,15,,70467,3,,,1,15,,70488,3,,,1,55,,70428,3,,,1,15,,70448,3,,,1,15,,70468,3,,,1,15,,70489,3,,,1,55,,70429,3,,,1,15,,70449,3,,,1,15,,70469,3,,,1,15,,70490,3,,,1,55,,70430,3,,,1,15,,70450,3,,,1,15,,70470,3,,,1,15,,70491,3,,,1,55,,70431,3,,,1,15,,70451,3,,,1,15,,70471,3,,,1,15,,70492,3,,,1,55,,70432,3,,,1,15,,70452,3,,,1,15,,70472,3,,,1,15,,70493,3,,,1,55,,70433,3,,,1,15,,70453,3,,,1,15,,70473,3,,,1,15,,70494,3,,,1,55,,70434,3,,,1,15,,70454,3,,,1,15,,70474,3,,,1,15,,70495,3,,,1,55,,70435,3,,,1,15,,70455,3,,,1,15,,70475,3,,,1,15,,70496,3,,,1,55,,70436,3,,,1,15,,70456,3,,,1,15,,70476,3,,,1,15,,70497,3,,,1,55,,70437,3,,,1
0,'20261010',612,,70498,3,,,1,15,,70518,3,,,1,15,,70537,3,,,1,15,,70556,3,,,1,55,,70499,3,,,1,15,,70519,3,,,1,15,,70538,3,,,1,15,,70557,3,,,1,55,,70500,3,,,1,15,,70520,3,,,1,15,,70539,3,,,1,15,,70558,3,,,1,55,,70501,3,,,1,15,,70521,3,,,1,15,,70540,3,,,1,15,,70559,3,,,1,55,,70502,3,,,1,15,,70522,3,,,1,15,,70541,3,,,1,15,,70560,3,,,1,55,,70503,3,,,1,15,,70523,3,,,1,15,,70542,3,,,1,15,,70561,3,,,1,55,,70504,3,,,1,15,,70524,3,,,1,15,,70543,3,,,1,15,,70562,3,,,1,55,,70505,3,,,1,15,,70525,3,,,1,15,,70544,3,,,1,15,,70563,3,,,1,55,,70506,3,,,1,15,,70526,3,,,1,15,,70545,3,,,1,15,,70564,3,,,1,55,,70507,3,,,1,15,,70527,3,,,1,15,,70546,3,,,1,15,,70565,3,,,1,55,,70508,3,,,1,15,,70528,3,,,1,15,,70547,3,,,1,15,,70566,3,,,1,55,,70509,3,,,1,15,,70529,3,,,1,15,,70548,3,,,1,15,,70567,3,,,1,55,,70510,3,,,1,15,,70530,3,,,1,15,,70549,3,,,1,15,,70568,3,,,1,55,,70511,3,,,1,15,,70531,3,,,1,15,,70550,3,,,1,15,,70569,3,,,1,55,,70512,3,,,1,15,,70532,3,,,1,15,,70551,3,,,1,15,,70570,3,,,1,55,,70513,3,,,1,15,,70533,3,,,1,15,,70552,3,,,1,15,,70571,3,,,1,55,,70514,3,,,1,15,,70534,3,,,1,15,,70553,3,,,1,15,,70572,3,,,1,55,,70515,3,,,1,15,,70535,3,,,1,15,,70554,3,,,1,15,,70573,3,,,1,55,,70516,3,,,1,15,,70536,3,,,1,15,,70555,3,,,1,15,,70574,3,,,1,55,,70517,3,,,1
0,'20261011',612,,70575,3,,,1,15,,70595,3,,,1,15,,70614,3,,,1,15,,70633,3,,,1,55,,70576,3,,,1,15,,70596,3,,,1,15,,70615,3,,,1,15,,70634,3,,,1,55,,70577,3,,,1,15,,70597,3,,,1,15,,70616,3,,,1,15,,70635,3,,,1,55,,70578,3,,,1,15,,70598,3,,,1,15,,70617,3,,,1,15,,70636,3,,,1,55,,70579,3,,,1,15,,70599,3,,,1,15,,70618,3,,,1,15,,70637,3,,,1,55,,70580,3,,,1,15,,70600,3,,,1,15,,70619,3,,,1,15,,70638,3,,,1,55,,70581,3,,,1,15,,70601,3,,,1,15,,70620,3,,,1,15,,70639,3,,,1,55,,70582,3,,,1,15,,70602,3,,,1,15,,70621,3,,,1,15,,70640,3,,,1,55,,70583,3,,,1,15,,70603,3,,,1,15,,70622,3,,,1,15,,70641,3,,,1,55,,70584,3,,,1,15,,70604,3,,,1,15,,70623,3,,,1,15,,70642,3,,,1,55,,70585,3,,,1,15,,70605,3,,,1,15,,70624,3,,,1,15,,70643,3,,,1,55,,70586,3,,,1,15,,70606,3,,,1,15,,70625,3,,,1,15,,70644,3,,,1,55,,70587,3,,,1,15,,70607,3,,,1,15,,70626,3,,,1,15,,70645,3,,,1,55,,70588,3,,,1,15,,70608,3,,,1,15,,70627,3,,,1,15,,70646,3,,,1,55,,70589,3,,,1,15,,70609,3,,,1,15,,70628,3,,,1,15,,70647,3,,,1,55,,70590,3,,,1,15,,70610,3,,,1,15,,70629,3,,,1,15,,70648,3,,,1,55,,70591,3,,,1,15,,70611,3,,,1,15,,70630,3,,,1,15,,70649,3,,,1,55,,70592,3,,,1,15,,70612,3,,,1,15,,70631,3,,,1,15,,70650,3,,,1,55,,70593,3,,,1,15,,70613,3,,,1,15,,70632,3,,,1,15,,70651,3,,,1,55,,70594,3,,,1
0,'20261012',612,,70653,3,,,1,15,,70673,3,,,1,15,,70693,3,,,1,15,,70714,3,,,1,55,,70654,3,,,1,15,,70674,3,,,1,15,,70694,3,,,1,15,,70715,3,,,1,55,,70655,3,,,1,15,,70675,3,,,1,15,,70695,3,,,1,15,,70716,3,,,1,55,,70656,3,,,1,15,,70676,3,,,1,15,,70696,3,,,1,15,,70717,3,,,1,55,,70657,3,,,1,15,,70677,3,,,1,15,,70697,3,,,1,15,,70718,3,,,1,55,,70658,3,,,1,15,,70678,3,,,1,15,,70698,3,,,1,15,,70719,3,,,1,55,,70659,3,,,1,15,,70679,3,,,1,15,,70699,3,,,1,15,,70720,3,,,1,55,,70660,3,,,1,15,,70680,3,,,1,15,,70700,3,,,1,15,,70721,3,,,1,55,,70661,3,,,1,15,,70681,3,,,1,15,,70701,3,,,1,15,,70722,3,,,1,55,,70662,3,,,1,15,,70682,3,,,1,15,,70702,3,,,1,15,,70723,3,,,1,55,,70663,3,,,1,15,,70683,3,,,1,15,,70703,3,,,1,15,,70724,3,,,1,55,,70664,3,,,1,15,,70684,3,,,1,15,,70704,3,,,1,15,,70725,3,,,1,55,,70665,3,,,1,15,,70685,3,,,1,15,,70705,3,,,1,15,,70726,3,,,1,55,,70666,3,,,1,15,,70686,3,,,1,15,,70706,3,,,1,15,,70727,3,,,1,55,,70667,3,,,1,15,,70687,3,,,1,15,,70707,3,,,1,15,,70728,3,,,1,55,,70668,3,,,1,15,,70688,3,,,1,15,,70708,3,,,1,15,,70729,3,,,1,55,,70669,3,,,1,15,,70689,3,,,1,15,,70709,3,,,1,15,,70730,3,,,1,55,,70670,3,,,1,15,,70690,3,,,1,15,,70710,3,,,1,15,,70731,3,,,1,55,,70671,3,,,1,15,,70691,3,,,1,15,,70711,3,,,1,15,,70732,3,,,1,55,,70672,3,,,1
0,'20261013',507,,70793,3,,,1,15,,70733,3,,,1,20,,70773,3,,,1,15,,70794,3,,,1,55,,70734,3,,,1,15,,70754,3,,,1,15,,70774,3,,,1,15,,70795,3,,,1,55,,70735,3,,,1,15,,70755,3,,,1,15,,70775,3,,,1,15,,70796,3,,,1,55,,70736,3,,,1,15,,70756,3,,,1,15,,70776,3,,,1,15,,70797,3,,,1,55,,70737,3,,,1,15,,70757,3,,,1,15,,70777,3,,,1,15,,70798,3,,,1,55,,70738,3,,,1,15,,70758,3,,,1,15,,70778,3,,,1,15,,70799,3,,,1,55,,70739,3,,,1,15,,70759,3,,,1,15,,70779,3,,,1,15,,70800,3,,,1,55,,70740,3,,,1,15,,70760,3,,,1,15,,70780,3,,,1,15,,70801,3,,,1,55,,70741,3,,,1,15,,70761,3,,,1,15,,70781,3,,,1,15,,70802,3,,,1,55,,70742,3,,,1,15,,70762,3,,,1,15,,70782,3,,,1,15,,70803,3,,,1,55,,70743,3,,,1,15,,70763,3,,,1,15,,70783,3,,,1,15,,70804,3,,,1,55,,70744,3,,,1,15,,70764,3,,,1,15,,70784,3,,,1,15,,70805,3,,,1,55,,70745,3,,,1,15,,70765,3,,,1,15,,70785,3,,,1,15,,70806,3,,,1,55,,70746,3,,,1,15,,70766,3,,,1,15,,70786,3,,,1,15,,70807,3,,,1,55,,70747,3,,,1,15,,70767,3,,,1,15,,70787,3,,,1,15,,70808,3,,,1,55,,70748,3,,,1,15,,70768,3,,,1,15,,70788,3,,,1,15,,70809,3,,,1,55,,70749,3,,,1,15,,70769,3,,,1,15,,70789,3,,,1,15,,70810,3,,,1,55,,70750,3,,,1,15,,70770,3,,,1,15,,70790,3,,,1,15,,70811,3,,,1,55,,70751,3,,,1,15,,70771,3,,,1,15,,70791,3,,,1,15,,70812,3,,,1,55,,70752,3,,,1,15,,70772,3,,,1,15,,70792,3,,,1,15,,70813,3,,,1,55,,70753,3,,,1
0,'20261014',507,,70874,3,,,1,15,,70814,3,,,1,20,,70854,3,,,1,15,,70875,3,,,1,55,,70815,3,,,1,15,,70835,3,,,1,15,,70855,3,,,1,15,,70876,3,,,1,55,,70816,3,,,1,15,,70836,3,,,1,15,,70856,3,,,1,15,,70877,3,,,1,55,,70817,3,,,1,15,,70837,3,,,1,15,,70857,3,,,1,15,,70878,3,,,1,55,,70818,3,,,1,15,,70838,3,,,1,15,,70858,3,,,1,15,,70879,3,,,1,55,,70819,3,,,1,15,,70839,3,,,1,15,,70859,3,,,1,15,,70880,3,,,1,55,,70820,3,,,1,15,,70840,3,,,1,15,,70860,3,,,1,15,,70881,3,,,1,55,,70821,3,,,1,15,,70841,3,,,1,15,,70861,3,,,1,15,,70882,3,,,1,55,,70822,3,,,1,15,,70842,3,,,1,15,,70862,3,,,1,15,,70883,3,,,1,55,,70823,3,,,1,15,,70843,3,,,1,15,,70863,3,,,1,15,,70884,3,,,1,55,,70824,3,,,1,15,,70844,3,,,1,15,,70864,3,,,1,15,,70885,3,,,1,55,,70825,3,,,1,15,,70845,3,,,1,15,,70865,3,,,1,15,,70886,3,,,1,55,,70826,3,,,1,15,,70846,3,,,1,15,,70866,3,,,1,15,,70887,3,,,1,55,,70827,3,,,1,15,,70847,3,,,1,15,,70867,3,,,1,15,,70888,3,,,1,55,,70828,3,,,1,15,,70848,3,,,1,15,,70868,3,,,1,15,,70889,3,,,1,55,,70829,3,,,1,15,,70849,3,,,1,15,,70869,3,,,1,15,,70890,3,,,1,55,,70830,3,,,1,15,,70850,3,,,1,15,,70870,3,,,1,15,,70891,3,,,1,55,,70831,3,,,1,15,,70851,3,,,1,15,,70871,3,,,1,15,,70892,3,,,1,55,,70832,3,,,1,15,,70852,3,,,1,15,,70872,3,,,1,15,,70893,3,,,1,55,,70833,3,,,1,15,,70853,3,,,1,15,,70873,3,,,1,15,,70894,3,,,1,55,,70834,3,,,1
0,'20261015',507,,70955,3,,,1,15,,70895,3,,,1,20,,70935,3,,,1,15,,70956,3,,,1,55,,70896,3,,,1,15,,70916,3,,,1,15,,70936,3,,,1,15,,70957,3,,,1,55,,70897,3,,,1,15,,70917,3,,,1,15,,70937,3,,,1,15,,70958,3,,,1,55,,70898,3,,,1,15,,70918,3,,,1,15,,70938,3,,,1,15,,70959,3,,,1,55,,70899,3,,,1,15,,70919,3,,,1,15,,70939,3,,,1,15,,70960,3,,,1,55,,70900,3,,,1,15,,70920,3,,,1,15,,70940,3,,,1,15,,70961,3,,,1,55,,70901,3,,,1,15,,70921,3,,,1,15,,70941,3,,,1,15,,70962,3,,,1,55,,70902,3,,,1,15,,70922,3,,,1,15,,70942,3,,,1,15,,70963,3,,,1,55,,70903,3,,,1,15,,70923,3,,,1,15,,70943,3,,,1,15,,70964,3,,,1,55,,70904,3,,,1,15,,70924,3,,,1,15,,70944,3,,,1,15,,70965,3,,,1,55,,70905,3,,,1,15,,70925,3,,,1,15,,70945,3,,,1,15,,70966,3,,,1,55,,70906,3,,,1,15,,70926,3,,,1,15,,70946,3,,,1,15,,70967,3,,,1,55,,70907,3,,,1,15,,70927,3,,,1,15,,70947,3,,,1,15,,70968,3,,,1,55,,70908,3,,,1,15,,70928,3,,,1,15,,70948,3,,,1,15,,70969,3,,,1,55,,70909,3,,,1,15,,70929,3,,,1,15,,70949,3,,,1,15,,70970,3,,,1,55,,70910,3,,,1,15,,70930,3,,,1,15,,70950,3,,,1,15,,70971,3,,,1,55,,70911,3,,,1,15,,70931,3,,,1,15,,70951,3,,,1,15,,70972,3,,,1,55,,70912,3,,,1,15,,70932,3,,,1,15,,70952,3,,,1,15,,70973,3,,,1,55,,70913,3,,,1,15,,70933,3,,,1,15,,70953,3,,,1,15,,70974,3,,,1,55,,70914,3,,,1,15,,70934,3,,,1,15,,70954,3,,,1,15,,70975,3,,,1,55,,70915,3,,,1
0,'20261016',507,,71036,3,,,1,15,,70976,3,,,1,20,,71016,3,,,1,15,,71037,3,,,1,55,,70977,3,,,1,15,,70997,3,,,1,15,,71017,3,,,1,15,,71038,3,,,1,55,,70978,3,,,1,15,,70998,3,,,1,15,,71018,3,,,1,15,,71039,3,,,1,55,,70979,3,,,1,15,,70999,3,,,1,15,,71019,3,,,1,15,,71040,3,,,1,55,,70980,3,,,1,15,,71000,3,,,1,15,,71020,3,,,1,15,,71041,3,,,1,55,,70981,3,,,1,15,,71001,3,,,1,15,,71021,3,,,1,15,,71042,3,,,1,55,,70982,3,,,1,15,,71002,3,,,1,15,,71022,3,,,1,15,,71043,3,,,1,55,,70983,3,,,1,15,,71003,3,,,1,15,,71023,3,,,1,15,,71044,3,,,1,55,,70984,3,,,1,15,,71004,3,,,1,15,,71024,3,,,1,15,,71045,3,,,1,55,,70985,3,,,1,15,,71005,3,,,1,15,,71025,3,,,1,15,,71046,3,,,1,55,,70986,3,,,1,15,,71006,3,,,1,15,,71026,3,,,1,15,,71047,3,,,1,55,,70987,3,,,1,15,,71007,3,,,1,15,,71027,3,,,1,15,,71048,3,,,1,55,,70988,3,,,1,15,,71008,3,,,1,15,,71028,3,,,1,15,,71049,3,,,1,55,,70989,3,,,1,15,,71009,3,,,1,15,,71029,3,,,1,15,,71050,3,,,1,55,,70990,3,,,1,15,,71010,3,,,1,15,,71030,3,,,1,15,,71051,3,,,1,55,,70991,3,,,1,15,,71011,3,,,1,15,,71031,3,,,1,15,,71052,3,,,1,55,,70992,3,,,1,15,,71012,3,,,1,15,,71032,3,,,1,15,,71053,3,,,1,55,,70993,3,,,1,15,,71013,3,,,1,15,,71033,3,,,1,15,,71054,3,,,1,55,,70994,3,,,1,15,,71014,3,,,1,15,,71034,3,,,1,15,,71055,3,,,1,55,,70995,3,,,1,15,,71015,3,,,1,15,,71035,3,,,1,15,,71056,3,,,1,55,,70996,3,,,1
0,'20261017',612,,71057,3,,,1,15,,71077,3,,,1,15,,71096,3,,,1,15,,71115,3,,,1,55,,71058,3,,,1,15,,71078,3,,,1,15,,71097,3,,,1,15,,71116,3,,,1,55,,71059,3,,,1,15,,71079,3,,,1,15,,71098,3,,,1,15,,71117,3,,,1,55,,71060,3,,,1,15,,71080,3,,,1,15,,71099,3,,,1,15,,71118,3,,,1,55,,71061,3,,,1,15,,71081,3,,,1,15,,71100,3,,,1,15,,71119,3,,,1,55,,71062,3,,,1,15,,71082,3,,,1,15,,71101,3,,,1,15,,71120,3,,,1,55,,71063,3,,,1,15,,71083,3,,,1,15,,71102,3,,,1,15,,71121,3,,,1,55,,71064,3,,,1,15,,71084,3,,,1,15,,71103,3,,,1,15,,71122,3,,,1,55,,71065,3,,,1,15,,71085,3,,,1,15,,71104,3,,,1,15,,71123,3,,,1,55,,71066,3,,,1,15,,71086,3,,,1,15,,71105,3,,,1,15,,71124,3,,,1,55,,71067,3,,,1,15,,71087,3,,,1,15,,71106,3,,,1,15,,71125,3,,,1,55,,71068,3,,,1,15,,71088,3,,,1,15,,71107,3,,,1,15,,71126,3,,,1,55,,71069,3,,,1,15,,71089,3,,,1,15,,71108,3,,,1,15,,71127,3,,,1,55,,71070,3,,,1,15,,71090,3,,,1,15,,71109,3,,,1,15,,71128,3,,,1,55,,71071,3,,,1,15,,71091,3,,,1,15,,71110,3,,,1,15,,71129,3,,,1,55,,71072,3,,,1,15,,71092,3,,,1,15,,71111,3,,,1,15,,71130,3,,,1,55,,71073,3,,,1,15,,71093,3,,,1,15,,71112,3,,,1,15,,71131,3,,,1,55,,71074,3,,,1,15,,71094,3,,,1,15,,71113,3,,,1,15,,71132,3,,,1,55,,71075,3,,,1,15,,71095,3,,,1,15,,71114,3,,,1,15,,71133,3,,,1,55,,71076,3,,,1
0,'20261018',612,,71134,3,,,1,15,,71154,3,,,1,15,,71173,3,,,1,15,,71192,3,,,1,55,,71135,3,,,1,15,,71155,3,,,1,15,,71174,3,,,1,15,,71193,3,,,1,55,,71136,3,,,1,15,,71156,3,,,1,15,,71175,3,,,1,15,,71194,3,,,1,55,,71137,3,,,1,15,,71157,3,,,1,15,,71176,3,,,1,15,,71195,3,,,1,55,,71138,3,,,1,15,,71158,3,,,1,15,,71177,3,,,1,15,,71196,3,,,1,55,,71139,3,,,1,15,,71159,3,,,1,15,,71178,3,,,1,15,,71197,3,,,1,55,,71140,3,,,1,15,,71160,3,,,1,15,,71179,3,,,1,15,,71198,3,,,1,55,,71141,3,,,1,15,,71161,3,,,1,15,,71180,3,,,1,15,,71199,3,,,1,55,,71142,3,,,1,15,,71162,3,,,1,15,,71181,3,,,1,15,,71200,3,,,1,55,,71143,3,,,1,15,,71163,3,,,1,15,,71182,3,,,1,15,,71201,3,,,1,55,,71144,3,,,1,15,,71164,3,,,1,15,,71183,3,,,1,15,,71202,3,,,1,55,,71145,3,,,1,15,,71165,3,,,1,15,,71184,3,,,1,15,,71203,3,,,1,55,,71146,3,,,1,15,,71166,3,,,1,15,,71185,3,,,1,15,,71204,3,,,1,55,,71147,3,,,1,15,,71167,3,,,1,15,,71186,3,,,1,15,,71205,3,,,1,55,,71148,3,,,1,15,,71168,3,,,1,15,,71187,3,,,1,15,,71206,3,,,1,55,,71149,3,,,1,15,,71169,3,,,1,15,,71188,3,,,1,15,,71207,3,,,1,55,,71150,3,,,1,15,,71170,3,,,1,15,,71189,3,,,1,15,,71208,3,,,1,55,,71151,3,,,1,15,,71171,3,,,1,15,,71190,3,,,1,15,,71209,3,,,1,55,,71152,3,,,1,15,,71172,3,,,1,15,,71191,3,,,1,15,,71210,3,,,1,55,,71153,3,,,1
0,'20261019',507,,71271,3,,,1,15,,71211,3,,,1,20,,71251,3,,,1,15,,71272,3,,,1,55,,71212,3,,,1,15,,71232,3,,,1,15,,71252,3,,,1,15,,71273,3,,,1,55,,71213,3,,,1,15,,71233,3,,,1,15,,71253,3,,,1,15,,71274,3,,,1,55,,71214,3,,,1,15,,71234,3,,,1,15,,71254,3,,,1,15,,71275,3,,,1,55,,71215,3,,,1,15,,71235,3,,,1,15,,71255,3,,,1,15,,71276,3,,,1,55,,71216,3,,,1,15,,71236,3,,,1,15,,71256,3,,,1,15,,71277,3,,,1,55,,71217,3,,,1,15,,71237,3,,,1,15,,71257,3,,,1,15,,71278,3,,,1,55,,71218,3,,,1,15,,71238,3,,,1,15,,71258,3,,,1,15,,71279,3,,,1,55,,71219,3,,,1,15,,71239,3,,,1,15,,71259,3,,,1,15,,71280,3,,,1,55,,71220,3,,,1,15,,71240,3,,,1,15,,71260,3,,,1,15,,71281,3,,,1,55,,71221,3,,,1,15,,71241,3,,,1,15,,71261,3,,,1,15,,71282,3,,,1,55,,71222,3,,,1,15,,71242,3,,,1,15,,71262,3,,,1,15,,71283,3,,,1,55,,71223,3,,,1,15,,71243,3,,,1,15,,71263,3,,,1,15,,71284,3,,,1,55,,71224,3,,,1,15,,71244,3,,,1,15,,71264,3,,,1,15,,71285,3,,,1,55,,71225,3,,,1,15,,71245,3,,,1,15,,71265,3,,,1,15,,71286,3,,,1,55,,71226,3,,,1,15,,71246,3,,,1,15,,71266,3,,,1,15,,71287,3,,,1,55,,71227,3,,,1,15,,71247,3,,,1,15,,71267,3,,,1,15,,71288,3,,,1,55,,71228,3,,,1,15,,71248,3,,,1,15,,71268,3,,,1,15,,71289,3,,,1,55,,71229,3,,,1,15,,71249,3,,,1,15,,71269,3,,,1,15,,71290,3,,,1,55,,71230,3,,,1,15,,71250,3,,,1,15,,71270,3,,,1,15,,71291,3,,,1,55,,71231,3,,,1
0,'20261020',507,,71352,3,,,1,15,,71292,3,,,1,20,,71332,3,,,1,15,,71353,3,,,1,55,,71293,3,,,1,15,,71313,3,,,1,15,,71333,3,,,1,15,,71354,3,,,1,55,,71294,3,,,1,15,,71314,3,,,1,15,,71334,3,,,1,15,,71355,3,,,1,55,,71295,3,,,1,15,,71315,3,,,1,15,,71335,3,,,1,15,,71356,3,,,1,55,,71296,3,,,1,15,,71316,3,,,1,15,,71336,3,,,1,15,,71357,3,,,1,55,,71297,3,,,1,15,,71317,3,,,1,15,,71337,3,,,1,15,,71358,3,,,1,55,,71298,3,,,1,15,,71318,3,,,1,15,,71338,3,,,1,15,,71359,3,,,1,55,,71299,3,,,1,15,,71319,3,,,1,15,,71339,3,,,1,15,,71360,3,,,1,55,,71300,3,,,1,15,,71320,3,,,1,15,,71340,3,,,1,15,,71361,3,,,1,55,,71301,3,,,1,15,,71321,3,,,1,15,,71341,3,,,1,15,,71362,3,,,1,55,,71302,3,,,1,15,,71322,3,,,1,15,,71342,3,,,1,15,,71363,3,,,1,55,,71303,3,,,1,15,,71323,3,,,1,15,,71343,3,,,1,15,,71364,3,,,1,55,,71304,3,,,1,15,,71324,3,,,1,15,,71344,3,,,1,15,,71365,3,,,1,55,,71305,3,,,1,15,,71325,3,,,1,15,,71345,3,,,1,15,,71366,3,,,1,55,,71306,3,,,1,15,,71326,3,,,1,15,,71346,3,,,1,15,,71367,3,,,1,55,,71307,3,,,1,15,,71327,3,,,1,15,,71347,3,,,1,15,,71368,3,,,1,55,,71308,3,,,1,15,,71328,3,,,1,15,,71348,3,,,1,15,,71369,3,,,1,55,,71309,3,,,1,15,,71329,3,,,1,15,,71349,3,,,1,15,,71370,3,,,1,55,,71310,3,,,1,15,,71330,3,,,1,15,,71350,3,,,1,15,,71371,3,,,1,55,,71311,3,,,1,15,,71331,3,,,1,15,,71351,3,,,1,15,,71372,3,,,1,55,,71312,3,,,1
0,'20261021',507,,71433,3,,,1,15,,71373,3,,,1,20,,71413,3,,,1,15,,71434,3,,,1,55,,71374,3,,,1,15,,71394,3,,,1,15,,71414,3,,,1,15,,71435,3,,,1,55,,71375,3,,,1,15,,71395,3,,,1,15,,71415,3,,,1,15,,71436,3,,,1,55,,71376,3,,,1,15,,71396,3,,,1,15,,71416,3,,,1,15,,71437,3,,,1,55,,71377,3,,,1,15,,71397,3,,,1,15,,71417,3,,,1,15,,71438,3,,,1,55,,71378,3,,,1,15,,71398,3,,,1,15,,71418,3,,,1,15,,71439,3,,,1,55,,71379,3,,,1,15,,71399,3,,,1,15,,71419,3,,,1,15,,71440,3,,,1,55,,71380,3,,,1,15,,71400,3,,,1,15,,71420,3,,,1,15,,71441,3,,,1,55,,71381,3,,,1,15,,71401,3,,,1,15,,71421,3,,,1,15,,71442,3,,,1,55,,71382,3,,,1,15,,71402,3,,,1,15,,71422,3,,,1,15,,71443,3,,,1,55,,71383,3,,,1,15,,71403,3,,,1,15,,71423,3,,,1,15,,71444,3,,,1,55,,71384,3,,,1,15,,71404,3,,,1,15,,71424,3,,,1,15,,71445,3,,,1,55,,71385,3,,,1,15,,71405,3,,,1,15,,71425,3,,,1,15,,71446,3,,,1,55,,71386,3,,,1,15,,71406,3,,,1,15,,71426,3,,,1,15,,71447,3,,,1,55,,71387,3,,,1,15,,71407,3,,,1,15,,71427,3,,,1,15,,71448,3,,,1,55,,71388,3,,,1,15,,71408,3,,,1,15,,71428,3,,,1,15,,71449,3,,,1,55,,71389,3,,,1,15,,71409,3,,,1,15,,71429,3,,,1,15,,71450,3,,,1,55,,71390,3,,,1,15,,71410,3,,,1,15,,71430,3,,,1,15,,71451,3,,,1,55,,71391,3,,,1,15,,71411,3,,,1,15,,71431,3,,,1,15,,71452,3,,,1,55,,71392,3,,,1,15,,71412,3,,,1,15,,71432,3,,,1,15,,71453,3,,,1,55,,71393,3,,,1
0,'20261022',507,,71514,3,,,1,15,,71454,3,,,1,20,,71494,3,,,1,15,,71515,3,,,1,55,,71455,3,,,1,15,,71475,3,,,1,15,,71495,3,,,1,15,,71516,3,,,1,55,,71456,3,,,1,15,,71476,3,,,1,15,,71496,3,,,1,15,,71517,3,,,1,55,,71457,3,,,1,15,,71477,3,,,1,15,,71497,3,,,1,15,,71518,3,,,1,55,,71458,3,,,1,15,,71478,3,,,1,15,,71498,3,,,1,15,,71519,3,,,1,55,,71459,3,,,1,15,,71479,3,,,1,15,,71499,3,,,1,15,,71520,3,,,1,55,,71460,3,,,1,15,,71480,3,,,1,15,,71500,3,,,1,15,,71521,3,,,1,55,,71461,3,,,1,15,,71481,3,,,1,15,,71501,3,,,1,15,,71522,3,,,1,55,,71462,3,,,1,15,,71482,3,,,1,15,,71502,3,,,1,15,,71523,3,,,1,55,,71463,3,,,1,15,,71483,3,,,1,15,,71503,3,,,1,15,,71524,3,,,1,55,,71464,3,,,1,15,,71484,3,,,1,15,,71504,3,,,1,15,,71525,3,,,1,55,,71465,3,,,1,15,,71485,3,,,1,15,,71505,3,,,1,15,,71526,3,,,1,55,,71466,3,,,1,15,,71486,3,,,1,15,,71506,3,,,1,15,,71527,3,,,1,55,,71467,3,,,1,15,,71487,3,,,1,15,,71507,3,,,1,15,,71528,3,,,1,55,,71468,3,,,1,15,,71488,3,,,1,15,,71508,3,,,1,15,,71529,3,,,1,55,,71469,3,,,1,15,,71489,3,,,1,15,,71509,3,,,1,15,,71530,3,,,1,55,,71470,3,,,1,15,,71490,3,,,1,15,,71510,3,,,1,15,,71531,3,,,1,55,,71471,3,,,1,15,,71491,3,,,1,15,,71511,3,,,1,15,,71532,3,,,1,55,,71472,3,,,1,15,,71492,3,,,1,15,,71512,3,,,1,15,,71533,3,,,1,55,,71473,3,,,1,15,,71493,3,,,1,15,,71513,3,,,1,15,,71534,3,,,1,55,,71474,3,,,1
0,'20261023',507,,71595,3,,,1,15,,71535,3,,,1,20,,71575,3,,,1,15,,71596,3,,,1,55,,71536,3,,,1,15,,71556,3,,,1,15,,71576,3,,,1,15,,71597,3,,,1,55,,71537,3,,,1,15,,71557,3,,,1,15,,71577,3,,,1,15,,71598,3,,,1,55,,71538,3,,,1,15,,71558,3,,,1,15,,71578,3,,,1,15,,71599,3,,,1,55,,71539,3,,,1,15,,71559,3,,,1,15,,71579,3,,,1,15,,71600,3,,,1,55,,71540,3,,,1,15,,71560,3,,,1,15,,71580,3,,,1,15,,71601,3,,,1,55,,71541,3,,,1,15,,71561,3,,,1,15,,71581,3,,,1,15,,71602,3,,,1,55,,71542,3,,,1,15,,71562,3,,,1,15,,71582,3,,,1,15,,71603,3,,,1,55,,71543,3,,,1,15,,71563,3,,,1,15,,71583,3,,,1,15,,71604,3,,,1,55,,71544,3,,,1,15,,71564,3,,,1,15,,71584,3,,,1,15,,71605,3,,,1,55,,71545,3,,,1,15,,71565,3,,,1,15,,71585,3,,,1,15,,71606,3,,,1,55,,71546,3,,,1,15,,71566,3,,,1,15,,71586,3,,,1,15,,71607,3,,,1,55,,71547,3,,,1,15,,71567,3,,,1,15,,71587,3,,,1,15,,71608,3,,,1,55,,71548,3,,,1,15,,71568,3,,,1,15,,71588,3,,,1,15,,71609,3,,,1,55,,71549,3,,,1,15,,71569,3,,,1,15,,71589,3,,,1,15,,71610,3,,,1,55,,71550,3,,,1,15,,71570,3,,,1,15,,71590,3,,,1,15,,71611,3,,,1,55,,71551,3,,,1,15,,71571,3,,,1,15,,71591,3,,,1,15,,71612,3,,,1,55,,71552,3,,,1,15,,71572,3,,,1,15,,71592,3,,,1,15,,71613,3,,,1,55,,71553,3,,,1,15,,71573,3,,,1,15,,71593,3,,,1,15,,71614,3,,,1,55,,71554,3,,,1,15,,71574,3,,,1,15,,71594,3,,,1,15,,71615,3,,,1,55,,71555,3,,,1
0,'20261024',612,,71616,3,,,1,15,,71636,3,,,1,15,,71655,3,,,1,15,,71674,3,,,1,55,,71617,3,,,1,15,,71637,3,,,1,15,,71656,3,,,1,15,,71675,3,,,1,55,,71618,3,,,1,15,,71638,3,,,1,15,,71657,3,,,1,15,,71676,3,,,1,55,,71619,3,,,1,15,,71639,3,,,1,15,,71658,3,,,1,15,,71677,3,,,1,55,,71620,3,,,1,15,,71640,3,,,1,15,,71659,3,,,1,15,,71678,3,,,1,55,,71621,3,,,1,15,,71641,3,,,1,15,,71660,3,,,1,15,,71679,3,,,1,55,,71622,3,,,1,15,,71642,3,,,1,15,,71661,3,,,1,15,,71680,3,,,1,55,,71623,3,,,1,15,,71643,3,,,1,15,,71662,3,,,1,15,,71681,3,,,1,55,,71624,3,,,1,15,,71644,3,,,1,15,,71663,3,,,1,15,,71682,3,,,1,55,,71625,3,,,1,15,,71645,3,,,1,15,,71664,3,,,1,15,,71683,3,,,1,55,,71626,3,,,1,15,,71646,3,,,1,15,,71665,3,,,1,15,,71684,3,,,1,55,,71627,3,,,1,15,,71647,3,,,1,15,,71666,3,,,1,15,,71685,3,,,1,55,,71628,3,,,1,15,,71648,3,,,1,15,,71667,3,,,1,15,,71686,3,,,1,55,,71629,3,,,1,15,,71649,3,,,1,15,,71668,3,,,1,15,,71687,3,,,1,55,,71630,3,,,1,15,,71650,3,,,1,15,,71669,3,,,1,15,,71688,3,,,1,55,,71631,3,,,1,15,,71651,3,,,1,15,,71670,3,,,1,15,,71689,3,,,1,55,,71632,3,,,1,15,,71652,3,,,1,15,,71671,3,,,1,15,,71690,3,,,1,55,,71633,3,,,1,15,,71653,3,,,1,15,,71672,3,,,1,15,,71691,3,,,1,55,,71634,3,,,1,15,,71654,3,,,1,15,,71673,3,,,1,15,,71692,3,,,1,55,,71635,3,,,1
0,'20261025',612,,71693,3,,,1,15,,71713,3,,,1,15,,71732,3,,,1,15,,71751,3,,,1,55,,71694,3,,,1,15,,71714,3,,,1,15,,71733,3,,,1,15,,71752,3,,,1,55,,71695,3,,,1,15,,71715,3,,,1,15,,71734,3,,,1,15,,71753,3,,,1,55,,71696,3,,,1,15,,71716,3,,,1,15,,71735,3,,,1,15,,71754,3,,,1,55,,71697,3,,,1,15,,71717,3,,,1,15,,71736,3,,,1,15,,71755,3,,,1,55,,71698,3,,,1,15,,71718,3,,,1,15,,71737,3,,,1,15,,71756,3,,,1,55,,71699,3,,,1,15,,71719,3,,,1,15,,71738,3,,,1,15,,71757,3,,,1,55,,71700,3,,,1,15,,71720,3,,,1,15,,71739,3,,,1,15,,71758,3,,,1,55,,71701,3,,,1,15,,71721,3,,,1,15,,71740,3,,,1,15,,71759,3,,,1,55,,71702,3,,,1,15,,71722,3,,,1,15,,71741,3,,,1,15,,71760,3,,,1,55,,71703,3,,,1,15,,71723,3,,,1,15,,71742,3,,,1,15,,71761,3,,,1,55,,71704,3,,,1,15,,71724,3,,,1,15,,71743,3,,,1,15,,71762,3,,,1,55,,71705,3,,,1,15,,71725,3,,,1,15,,71744,3,,,1,15,,71763,3,,,1,55,,71706,3,,,1,15,,71726,3,,,1,15,,71745,3,,,1,15,,71764,3,,,1,55,,71707,3,,,1,15,,71727,3,,,1,15,,71746,3,,,1,15,,71765,3,,,1,55,,71708,3,,,1,15,,71728,3,,,1,15,,71747,3,,,1,15,,71766,3,,,1,55,,71709,3,,,1,15,,71729,3,,,1,15,,71748,3,,,1,15,,71767,3,,,1,55,,71710,3,,,1,15,,71730,3,,,1,15,,71749,3,,,1,15,,71768,3,,,1,55,,71711,3,,,1,15,,71731,3,,,1,15,,71750,3,,,1,15,,71769,3,,,1,55,,71712,3,,,1
0,'20261026',507,,71830,3,,,1,15,,71770,3,,,1,20,,71810,3,,,1,15,,71831,3,,,1,55,,71771,3,,,1,15,,71791,3,,,1,15,,71811,3,,,1,15,,71832,3,,,1,55,,71772,3,,,1,15,,71792,3,,,1,15,,71812,3,,,1,15,,71833,3,,,1,55,,71773,3,,,1,15,,71793,3,,,1,15,,71813,3,,,1,15,,71834,3,,,1,55,,71774,3,,,1,15,,71794,3,,,1,15,,71814,3,,,1,15,,71835,3,,,1,55,,71775,3,,,1,15,,71795,3,,,1,15,,71815,3,,,1,15,,71836,3,,,1,55,,71776,3,,,1,15,,71796,3,,,1,15,,71816,3,,,1,15,,71837,3,,,1,55,,71777,3,,,1,15,,71797,3,,,1,15,,71817,3,,,1,15,,71838,3,,,1,55,,71778,3,,,1,15,,71798,3,,,1,15,,71818,3,,,1,15,,71839,3,,,1,55,,71779,3,,,1,15,,71799,3,,,1,15,,71819,3,,,1,15,,71840,3,,,1,55,,71780,3,,,1,15,,71800,3,,,1,15,,71820,3,,,1,15,,71841,3,,,1,55,,71781,3,,,1,15,,71801,3,,,1,15,,71821,3,,,1,15,,71842,3,,,1,55,,71782,3,,,1,15,,71802,3,,,1,15,,71822,3,,,1,15,,71843,3,,,1,55,,71783,3,,,1,15,,71803,3,,,1,15,,71823,3,,,1,15,,71844,3,,,1,55,,71784,3,,,1,15,,71804,3,,,1,15,,71824,3,,,1,15,,71845,3,,,1,55,,71785,3,,,1,15,,71805,3,,,1,15,,71825,3,,,1,15,,71846,3,,,1,55,,71786,3,,,1,15,,71806,3,,,1,15,,71826,3,,,1,15,,71847,3,,,1,55,,71787,3,,,1,15,,71807,3,,,1,15,,71827,3,,,1,15,,71848,3,,,1,55,,71788,3,,,1,15,,71808,3,,,1,15,,71828,3,,,1,15,,71849,3,,,1,55,,71789,3,,,1,15,,71809,3,,,1,15,,71829,3,,,1,15,,71850,3,,,1,55,,71790,3,,,1
0,'20261027',507,,71911,3,,,1,15,,71851,3,,,1,20,,71891,3,,,1,15,,71912,3,,,1,55,,71852,3,,,1,15,,71872,3,,,1,15,,71892,3,,,1,15,,71913,3,,,1,55,,71853,3,,,1,15,,71873,3,,,1,15,,71893,3,,,1,15,,71914,3,,,1,55,,71854,3,,,1,15,,71874,3,,,1,15,,71894,3,,,1,15,,71915,3,,,1,55,,71855,3,,,1,15,,71875,3,,,1,15,,71895,3,,,1,15,,71916,3,,,1,55,,71856,3,,,1,15,,71876,3,,,1,15,,71896,3,,,1,15,,71917,3,,,1,55,,71857,3,,,1,15,,71877,3,,,1,15,,71897,3,,,1,15,,71918,3,,,1,55,,71858,3,,,1,15,,71878,3,,,1,15,,71898,3,,,1,15,,71919,3,,,1,55,,71859,3,,,1,15,,71879,3,,,1,15,,71899,3,,,1,15,,71920,3,,,1,55,,71860,3,,,1,15,,71880,3,,,1,15,,71900,3,,,1,15,,71921,3,,,1,55,,71861,3,,,1,15,,71881,3,,,1,15,,71901,3,,,1,15,,71922,3,,,1,55,,71862,3,,,1,15,,71882,3,,,1,15,,71902,3,,,1,15,,71923,3,,,1,55,,71863,3,,,1,15,,71883,3,,,1,15,,71903,3,,,1,15,,71924,3,,,1,55,,71864,3,,,1,15,,71884,3,,,1,15,,71904,3,,,1,15,,71925,3,,,1,55,,71865,3,,,1,15,,71885,3,,,1,15,,71905,3,,,1,15,,71926,3,,,1,55,,71866,3,,,1,15,,71886,3,,,1,15,,71906,3,,,1,15,,71927,3,,,1,55,,71867,3,,,1,15,,71887,3,,,1,15,,71907,3,,,1,15,,71928,3,,,1,55,,71868,3,,,1,15,,71888,3,,,1,15,,71908,3,,,1,15,,71929,3,,,1,55,,71869,3,,,1,15,,71889,3,,,1,15,,71909,3,,,1,15,,71930,3,,,1,55,,71870,3,,,1,15,,71890,3,,,1,15,,71910,3,,,1,15,,71931,3,,,1,55,,71871,3,,,1
0,'20261028',507,,71992,3,,,1,15,,71932,3,,,1,20,,71972,3,,,1,15,,71993,3,,,1,55,,71933,3,,,1,15,,71953,3,,,1,15,,71973,3,,,1,15,,71994,3,,,1,55,,71934,3,,,1,15,,71954,3,,,1,15,,71974,3,,,1,15,,71995,3,,,1,55,,71935,3,,,1,15,,71955,3,,,1,15,,71975,3,,,1,15,,71996,3,,,1,55,,71936,3,,,1,15,,71956,3,,,1,15,,71976,3,,,1,15,,71997,3,,,1,55,,71937,3,,,1,15,,71957,3,,,1,15,,71977,3,,,1,15,,71998,3,,,1,55,,71938,3,,,1,15,,71958,3,,,1,15,,71978,3,,,1,15,,71999,3,,,1,55,,71939,3,,,1,15,,71959,3,,,1,15,,71979,3,,,1,15,,72000,3,,,1,55,,71940,3,,,1,15,,71960,3,,,1,15,,71980,3,,,1,15,,72001,3,,,1,55,,71941,3,,,1,15,,71961,3,,,1,15,,71981,3,,,1,15,,72002,3,,,1,55,,71942,3,,,1,15,,71962,3,,,1,15,,71982,3,,,1,15,,72003,3,,,1,55,,71943,3,,,1,15,,71963,3,,,1,15,,71983,3,,,1,15,,72004,3,,,1,55,,71944,3,,,1,15,,71964,3,,,1,15,,71984,3,,,1,15,,72005,3,,,1,55,,71945,3,,,1,15,,71965,3,,,1,15,,71985,3,,,1,15,,72006,3,,,1,55,,71946,3,,,1,15,,71966,3,,,1,15,,71986,3,,,1,15,,72007,3,,,1,55,,71947,3,,,1,15,,71967,3,,,1,15,,71987,3,,,1,15,,72008,3,,,1,55,,71948,3,,,1,15,,71968,3,,,1,15,,71988,3,,,1,15,,72009,3,,,1,55,,71949,3,,,1,15,,71969,3,,,1,15,,71989,3,,,1,15,,72010,3,,,1,55,,71950,3,,,1,15,,71970,3,,,1,15,,71990,3,,,1,15,,72011,3,,,1,55,,71951,3,,,1,15,,71971,3,,,1,15,,71991,3,,,1,15,,72012,3,,,1,55,,71952,3,,,1
0,'20261029',507,,72073,3,,,1,15,,72013,3,,,1,20,,72053,3,,,1,15,,72074,3,,,1,55,,72014,3,,,1,15,,72034,3,,,1,15,,72054,3,,,1,15,,72075,3,,,1,55,,72015,3,,,1,15,,72035,3,,,1,15,,72055,3,,,1,15,,72076,3,,,1,55,,72016,3,,,1,15,,72036,3,,,1,15,,72056,3,,,1,15,,72077,3,,,1,55,,72017,3,,,1,15,,72037,3,,,1,15,,72057,3,,,1,15,,72078,3,,,1,55,,72018,3,,,1,15,,72038,3,,,1,15,,72058,3,,,1,15,,72079,3,,,1,55,,72019,3,,,1,15,,72039,3,,,1,15,,72059,3,,,1,15,,72080,3,,,1,55,,72020,3,,,1,15,,72040,3,,,1,15,,72060,3,,,1,15,,72081,3,,,1,55,,72021,3,,,1,15,,72041,3,,,1,15,,72061,3,,,1,15,,72082,3,,,1,55,,72022,3,,,1,15,,72042,3,,,1,15,,72062,3,,,1,15,,72083,3,,,1,55,,72023,3,,,1,15,,72043,3,,,1,15,,72063,3,,,1,15,,72084,3,,,1,55,,72024,3,,,1,15,,72044,3,,,1,15,,72064,3,,,1,15,,72085,3,,,1,55,,72025,3,,,1,15,,72045,3,,,1,15,,72065,3,,,1,15,,72086,3,,,1,55,,72026,3,,,1,15,,72046,3,,,1,15,,72066,3,,,1,15,,72087,3,,,1,55,,72027,3,,,1,15,,72047,3,,,1,15,,72067,3,,,1,15,,72088,3,,,1,55,,72028,3,,,1,15,,72048,3,,,1,15,,72068,3,,,1,15,,72089,3,,,1,55,,72029,3,,,1,15,,72049,3,,,1,15,,72069,3,,,1,15,,72090,3,,,1,55,,72030,3,,,1,15,,72050,3,,,1,15,,72070,3,,,1,15,,72091,3,,,1,55,,72031,3,,,1,15,,72051,3,,,1,15,,72071,3,,,1,15,,72092,3,,,1,55,,72032,3,,,1,15,,72052,3,,,1,15,,72072,3,,,1,15,,72093,3,,,1,55,,72033,3,,,1
0,'20261030',507,,72154,3,,,1,15,,72094,3,,,1,20,,72134,3,,,1,15,,72155,3,,,1,55,,72095,3,,,1,15,,72115,3,,,1,15,,72135,3,,,1,15,,72156,3,,,1,55,,72096,3,,,1,15,,72116,3,,,1,15,,72136,3,,,1,15,,72157,3,,,1,55,,72097,3,,,1,15,,72117,3,,,1,15,,72137,3,,,1,15,,72158,3,,,1,55,,72098,3,,,1,15,,72118,3,,,1,15,,72138,3,,,1,15,,72159,3,,,1,55,,72099,3,,,1,15,,72119,3,,,1,15,,72139,3,,,1,15,,72160,3,,,1,55,,72100,3,,,1,15,,72120,3,,,1,15,,72140,3,,,1,15,,72161,3,,,1,55,,72101,3,,,1,15,,72121,3,,,1,15,,72141,3,,,1,15,,72162,3,,,1,55,,72102,3,,,1,15,,72122,3,,,1,15,,72142,3,,,1,15,,72163,3,,,1,55,,72103,3,,,1,15,,72123,3,,,1,15,,72143,3,,,1,15,,72164,3,,,1,55,,72104,3,,,1,15,,72124,3,,,1,15,,72144,3,,,1,15,,72165,3,,,1,55,,72105,3,,,1,15,,72125,3,,,1,15,,72145,3,,,1,15,,72166,3,,,1,55,,72106,3,,,1,15,,72126,3,,,1,15,,72146,3,,,1,15,,72167,3,,,1,55,,72107,3,,,1,15,,72127,3,,,1,15,,72147,3,,,1,15,,72168,3,,,1,55,,72108,3,,,1,15,,72128,3,,,1,15,,72148,3,,,1,15,,72169,3,,,1,55,,72109,3,,,1,15,,72129,3,,,1,15,,72149,3,,,1,15,,72170,3,,,1,55,,72110,3,,,1,15,,72130,3,,,1,15,,72150,3,,,1,15,,72171,3,,,1,55,,72111,3,,,1,15,,72131,3,,,1,15,,72151,3,,,1,15,,72172,3,,,1,55,,72112,3,,,1,15,,72132,3,,,1,15,,72152,3,,,1,15,,72173,3,,,1,55,,72113,3,,,1,15,,72133,3,,,1,15,,72153,3,,,1,15,,72174,3,,,1,55,,72114,3,,,1
0,'20261031',612,,72175,3,,,1,15,,72195,3,,,1,15,,72214,3,,,1,15,,72233,3,,,1,55,,72176,3,,,1,15,,72196,3,,,1,15,,72215,3,,,1,15,,72234,3,,,1,55,,72177,3,,,1,15,,72197,3,,,1,15,,72216,3,,,1,15,,72235,3,,,1,55,,72178,3,,,1,15,,72198,3,,,1,15,,72217,3,,,1,15,,72236,3,,,1,55,,72179,3,,,1,15,,72199,3,,,1,15,,72218,3,,,1,15,,72237,3,,,1,55,,72180,3,,,1,15,,72200,3,,,1,15,,72219,3,,,1,15,,72238,3,,,1,55,,72181,3,,,1,15,,72201,3,,,1,15,,72220,3,,,1,15,,72239,3,,,1,55,,72182,3,,,1,15,,72202,3,,,1,15,,72221,3,,,1,15,,72240,3,,,1,55,,72183,3,,,1,15,,72203,3,,,1,15,,72222,3,,,1,15,,72241,3,,,1,55,,72184,3,,,1,15,,72204,3,,,1,15,,72223,3,,,1,15,,72242,3,,,1,55,,72185,3,,,1,15,,72205,3,,,1,15,,72224,3,,,1,15,,72243,3,,,1,55,,72186,3,,,1,15,,72206,3,,,1,15,,72225,3,,,1,15,,72244,3,,,1,55,,72187,3,,,1,15,,72207,3,,,1,15,,72226,3,,,1,15,,72245,3,,,1,55,,72188,3,,,1,15,,72208,3,,,1,15,,72227,3,,,1,15,,72246,3,,,1,55,,72189,3,,,1,15,,72209,3,,,1,15,,72228,3,,,1,15,,72247,3,,,1,55,,72190,3,,,1,15,,72210,3,,,1,15,,72229,3,,,1,15,,72248,3,,,1,55,,72191,3,,,1,15,,72211,3,,,1,15,,72230,3,,,1,15,,72249,3,,,1,55,,72192,3,,,1,15,,72212,3,,,1,15,,72231,3,,,1,15,,72250,3,,,1,55,,72193,3,,,1,15,,72213,3,,,1,15,,72232,3,,,1,15,,72251,3,,,1,55,,72194,3,,,1
0,'20261101',612,,72252,3,,,1,15,,72272,3,,,1,15,,72291,3,,,1,15,,72310,3,,,1,55,,72253,3,,,1,15,,72273,3,,,1,15,,72292,3,,,1,15,,72311,3,,,1,55,,72254,3,,,1,15,,72274,3,,,1,15,,72293,3,,,1,15,,72312,3,,,1,55,,72255,3,,,1,15,,72275,3,,,1,15,,72294,3,,,1,15,,72313,3,,,1,55,,72256,3,,,1,15,,72276,3,,,1,15,,72295,3,,,1,15,,72314,3,,,1,55,,72257,3,,,1,15,,72277,3,,,1,15,,72296,3,,,1,15,,72315,3,,,1,55,,72258,3,,,1,15,,72278,3,,,1,15,,72297,3,,,1,15,,72316,3,,,1,55,,72259,3,,,1,15,,72279,3,,,1,15,,72298,3,,,1,15,,72317,3,,,1,55,,72260,3,,,1,15,,72280,3,,,1,15,,72299,3,,,1,15,,72318,3,,,1,55,,72261,3,,,1,15,,72281,3,,,1,15,,72300,3,,,1,15,,72319,3,,,1,55,,72262,3,,,1,15,,72282,3,,,1,15,,72301,3,,,1,15,,72320,3,,,1,55,,72263,3,,,1,15,,72283,3,,,1,15,,72302,3,,,1,15,,72321,3,,,1,55,,72264,3,,,1,15,,72284,3,,,1,15,,72303,3,,,1,15,,72322,3,,,1,55,,72265,3,,,1,15,,72285,3,,,1,15,,72304,3,,,1,15,,72323,3,,,1,55,,72266,3,,,1,15,,72286,3,,,1,15,,72305,3,,,1,15,,72324,3,,,1,55,,72267,3,,,1,15,,72287,3,,,1,15,,72306,3,,,1,15,,72325,3,,,1,55,,72268,3,,,1,15,,72288,3,,,1,15,,72307,3,,,1,15,,72326,3,,,1,55,,72269,3,,,1,15,,72289,3,,,1,15,,72308,3,,,1,15,,72327,3,,,1,55,,72270,3,,,1,15,,72290,3,,,1,15,,72309,3,,,1,15,,72328,3,,,1,55,,72271,3,,,1
0,'20261102',507,,72389,3,,,1,15,,72329,3,,,1,20,,72369,3,,,1,15,,72390,3,,,1,55,,72330,3,,,1,15,,72350,3,,,1,15,,72370,3,,,1,15,,72391,3,,,1,55,,72331,3,,,1,15,,72351,3,,,1,15,,72371,3,,,1,15,,72392,3,,,1,55,,72332,3,,,1,15,,72352,3,,,1,15,,72372,3,,,1,15,,72393,3,,,1,55,,72333,3,,,1,15,,72353,3,,,1,15,,72373,3,,,1,15,,72394,3,,,1,55,,72334,3,,,1,15,,72354,3,,,1,15,,72374,3,,,1,15,,72395,3,,,1,55,,72335,3,,,1,15,,72355,3,,,1,15,,72375,3,,,1,15,,72396,3,,,1,55,,72336,3,,,1,15,,72356,3,,,1,15,,72376,3,,,1,15,,72397,3,,,1,55,,72337,3,,,1,15,,72357,3,,,1,15,,72377,3,,,1,15,,72398,3,,,1,55,,72338,3,,,1,15,,72358,3,,,1,15,,72378,3,,,1,15,,72399,3,,,1,55,,72339,3,,,1,15,,72359,3,,,1,15,,72379,3,,,1,15,,72400,3,,,1,55,,72340,3,,,1,15,,72360,3,,,1,15,,72380,3,,,1,15,,72401,3,,,1,55,,72341,3,,,1,15,,72361,3,,,1,15,,72381,3,,,1,15,,72402,3,,,1,55,,72342,3,,,1,15,,72362,3,,,1,15,,72382,3,,,1,15,,72403,3,,,1,55,,72343,3,,,1,15,,72363,3,,,1,15,,72383,3,,,1,15,,72404,3,,,1,55,,72344,3,,,1,15,,72364,3,,,1,15,,72384,3,,,1,15,,72405,3,,,1,55,,72345,3,,,1,15,,72365,3,,,1,15,,72385,3,,,1,15,,72406,3,,,1,55,,72346,3,,,1,15,,72366,3,,,1,15,,72386,3,,,1,15,,72407,3,,,1,55,,72347,3,,,1,15,,72367,3,,,1,15,,72387,3,,,1,15,,72408,3,,,1,55,,72348,3,,,1,15,,72368,3,,,1,15,,72388,3,,,1,15,,72409,3,,,1,55,,72349,3,,,1
0,'20261103',507,,72470,3,,,1,15,,72410,3,,,1,20,,72450,3,,,1,15,,72471,3,,,1,55,,72411,3,,,1,15,,72431,3,,,1,15,,72451,3,,,1,15,,72472,3,,,1,55,,72412,3,,,1,15,,72432,3,,,1,15,,72452,3,,,1,15,,72473,3,,,1,55,,72413,3,,,1,15,,72433,3,,,1,15,,72453,3,,,1,15,,72474,3,,,1,55,,72414,3,,,1,15,,72434,3,,,1,15,,72454,3,,,1,15,,72475,3,,,1,55,,72415,3,,,1,15,,72435,3,,,1,15,,72455,3,,,1,15,,72476,3,,,1,55,,72416,3,,,1,15,,72436,3,,,1,15,,72456,3,,,1,15,,72477,3,,,1,55,,72417,3,,,1,15,,72437,3,,,1,15,,72457,3,,,1,15,,72478,3,,,1,55,,72418,3,,,1,15,,72438,3,,,1,15,,72458,3,,,1,15,,72479,3,,,1,55,,72419,3,,,1,15,,72439,3,,,1,15,,72459,3,,,1,15,,72480,3,,,1,55,,72420,3,,,1,15,,72440,3,,,1,15,,72460,3,,,1,15,,72481,3,,,1,55,,72421,3,,,1,15,,72441,3,,,1,15,,72461,3,,,1,15,,72482,3,,,1,55,,72422,3,,,1,15,,72442,3,,,1,15,,72462,3,,,1,15,,72483,3,,,1,55,,72423,3,,,1,15,,72443,3,,,1,15,,72463,3,,,1,15,,72484,3,,,1,55,,72424,3,,,1,15,,72444,3,,,1,15,,72464,3,,,1,15,,72485,3,,,1,55,,72425,3,,,1,15,,72445,3,,,1,15,,72465,3,,,1,15,,72486,3,,,1,55,,72426,3,,,1,15,,72446,3,,,1,15,,72466,3,,,1,15,,72487,3,,,1,55,,72427,3,,,1,15,,72447,3,,,1,15,,72467,3,,,1,15,,72488,3,,,1,55,,72428,3,,,1,15,,72448,3,,,1,15,,72468,3,,,1,15,,72489,3,,,1,55,,72429,3,,,1,15,,72449,3,,,1,15,,72469,3,,,1,15,,72490,3,,,1,55,,72430,3,,,1
0,'20261104',507,,72551,3,,,1,15,,72491,3,,,1,20,,72531,3,,,1,15,,72552,3,,,1,55,,72492,3,,,1,15,,72512,3,,,1,15,,72532,3,,,1,15,,72553,3,,,1,55,,72493,3,,,1,15,,72513,3,,,1,15,,72533,3,,,1,15,,72554,3,,,1,55,,72494,3,,,1,15,,72514,3,,,1,15,,72534,3,,,1,15,,72555,3,,,1,55,,72495,3,,,1,15,,72515,3,,,1,15,,72535,3,,,1,15,,72556,3,,,1,55,,72496,3,,,1,15,,72516,3,,,1,15,,72536,3,,,1,15,,72557,3,,,1,55,,72497,3,,,1,15,,72517,3,,,1,15,,72537,3,,,1,15,,72558,3,,,1,55,,72498,3,,,1,15,,72518,3,,,1,15,,72538,3,,,1,15,,72559,3,,,1,55,,72499,3,,,1,15,,72519,3,,,1,15,,72539,3,,,1,15,,72560,3,,,1,55,,72500,3,,,1,15,,72520,3,,,1,15,,72540,3,,,1,15,,72561,3,,,1,55,,72501,3,,,1,15,,72521,3,,,1,15,,72541,3,,,1,15,,72562,3,,,1,55,,72502,3,,,1,15,,72522,3,,,1,15,,72542,3,,,1,15,,72563,3,,,1,55,,72503,3,,,1,15,,72523,3,,,1,15,,72543,3,,,1,15,,72564,3,,,1,55,,72504,3,,,1,15,,72524,3,,,1,15,,72544,3,,,1,15,,72565,3,,,1,55,,72505,3,,,1,15,,72525,3,,,1,15,,72545,3,,,1,15,,72566,3,,,1,55,,72506,3,,,1,15,,72526,3,,,1,15,,72546,3,,,1,15,,72567,3,,,1,55,,72507,3,,,1,15,,72527,3,,,1,15,,72547,3,,,1,15,,72568,3,,,1,55,,72508,3,,,1,15,,72528,3,,,1,15,,72548,3,,,1,15,,72569,3,,,1,55,,72509,3,,,1,15,,72529,3,,,1,15,,72549,3,,,1,15,,72570,3,,,1,55,,72510,3,,,1,15,,72530,3,,,1,15,,72550,3,,,1,15,,72571,3,,,1,55,,72511,3,,,1
0,'20261105',507,,72632,3,,,1,15,,72572,3,,,1,20,,72612,3,,,1,15,,72633,3,,,1,55,,72573,3,,,1,15,,72593,3,,,1,15,,72613,3,,,1,15,,72634,3,,,1,55,,72574,3,,,1,15,,72594,3,,,1,15,,72614,3,,,1,15,,72635,3,,,1,55,,72575,3,,,1,15,,72595,3,,,1,15,,72615,3,,,1,15,,72636,3,,,1,55,,72576,3,,,1,15,,72596,3,,,1,15,,72616,3,,,1,15,,72637,3,,,1,55,,72577,3,,,1,15,,72597,3,,,1,15,,72617,3,,,1,15,,72638,3,,,1,55,,72578,3,,,1,15,,72598,3,,,1,15,,72618,3,,,1,15,,72639,3,,,1,55,,72579,3,,,1,15,,72599,3,,,1,15,,72619,3,,,1,15,,72640,3,,,1,55,,72580,3,,,1,15,,72600,3,,,1,15,,72620,3,,,1,15,,72641,3,,,1,55,,72581,3,,,1,15,,72601,3,,,1,15,,72621,3,,,1,15,,72642,3,,,1,55,,72582,3,,,1,15,,72602,3,,,1,15,,72622,3,,,1,15,,72643,3,,,1,55,,72583,3,,,1,15,,72603,3,,,1,15,,72623,3,,,1,15,,72644,3,,,1,55,,72584,3,,,1,15,,72604,3,,,1,15,,72624,3,,,1,15,,72645,3,,,1,55,,72585,3,,,1,15,,72605,3,,,1,15,,72625,3,,,1,15,,72646,3,,,1,55,,72586,3,,,1,15,,72606,3,,,1,15,,72626,3,,,1,15,,72647,3,,,1,55,,72587,3,,,1,15,,72607,3,,,1,15,,72627,3,,,1,15,,72648,3,,,1,55,,72588,3,,,1,15,,72608,3,,,1,15,,72628,3,,,1,15,,72649,3,,,1,55,,72589,3,,,1,15,,72609,3,,,1,15,,72629,3,,,1,15,,72650,3,,,1,55,,72590,3,,,1,15,,72610,3,,,1,15,,72630,3,,,1,15,,72651,3,,,1,55,,72591,3,,,1,15,,72611,3,,,1,15,,72631,3,,,1,15,,72652,3,,,1,55,,72592,3,,,1
0,'20261106',507,,72713,3,,,1,15,,72653,3,,,1,20,,72693,3,,,1,15,,72714,3,,,1,55,,72654,3,,,1,15,,72674,3,,,1,15,,72694,3,,,1,15,,72715,3,,,1,55,,72655,3,,,1,15,,72675,3,,,1,15,,72695,3,,,1,15,,72716,3,,,1,55,,72656,3,,,1,15,,72676,3,,,1,15,,72696,3,,,1,15,,72717,3,,,1,55,,72657,3,,,1,15,,72677,3,,,1,15,,72697,3,,,1,15,,72718,3,,,1,55,,72658,3,,,1,15,,72678,3,,,1,15,,72698,3,,,1,15,,72719,3,,,1,55,,72659,3,,,1,15,,72679,3,,,1,15,,72699,3,,,1,15,,72720,3,,,1,55,,72660,3,,,1,15,,72680,3,,,1,15,,72700,3,,,1,15,,72721,3,,,1,55,,72661,3,,,1,15,,72681,3,,,1,15,,72701,3,,,1,15,,72722,3,,,1,55,,72662,3,,,1,15,,72682,3,,,1,15,,72702,3,,,1,15,,72723,3,,,1,55,,72663,3,,,1,15,,72683,3,,,1,15,,72703,3,,,1,15,,72724,3,,,1,55,,72664,3,,,1,15,,72684,3,,,1,15,,72704,3,,,1,15,,72725,3,,,1,55,,72665,3,,,1,15,,72685,3,,,1,15,,72705,3,,,1,15,,72726,3,,,1,55,,72666,3,,,1,15,,72686,3,,,1,15,,72706,3,,,1,15,,72727,3,,,1,55,,72667,3,,,1,15,,72687,3,,,1,15,,72707,3,,,1,15,,72728,3,,,1,55,,72668,3,,,1,15,,72688,3,,,1,15,,72708,3,,,1,15,,72729,3,,,1,55,,72669,3,,,1,15,,72689,3,,,1,15,,72709,3,,,1,15,,72730,3,,,1,55,,72670,3,,,1,15,,72690,3,,,1,15,,72710,3,,,1,15,,72731,3,,,1,55,,72671,3,,,1,15,,72691,3,,,1,15,,72711,3,,,1,15,,72732,3,,,1,55,,72672,3,,,1,15,,72692,3,,,1,15,,72712,3,,,1,15,,72733,3,,,1,55,,72673,3,,,1
0,'20261107',612,,72734,3,,,1,15,,72754,3,,,1,15,,72773,3,,,1,15,,72792,3,,,1,55,,72735,3,,,1,15,,72755,3,,,1,15,,72774,3,,,1,15,,72793,3,,,1,55,,72736,3,,,1,15,,72756,3,,,1,15,,72775,3,,,1,15,,72794,3,,,1,55,,72737,3,,,1,15,,72757,3,,,1,15,,72776,3,,,1,15,,72795,3,,,1,55,,72738,3,,,1,15,,72758,3,,,1,15,,72777,3,,,1,15,,72796,3,,,1,55,,72739,3,,,1,15,,72759,3,,,1,15,,72778,3,,,1,15,,72797,3,,,1,55,,72740,3,,,1,15,,72760,3,,,1,15,,72779,3,,,1,15,,72798,3,,,1,55,,72741,3,,,1,15,,72761,3,,,1,15,,72780,3,,,1,15,,72799,3,,,1,55,,72742,3,,,1,15,,72762,3,,,1,15,,72781,3,,,1,15,,72800,3,,,1,55,,72743,3,,,1,15,,72763,3,,,1,15,,72782,3,,,1,15,,72801,3,,,1,55,,72744,3,,,1,15,,72764,3,,,1,15,,72783,3,,,1,15,,72802,3,,,1,55,,72745,3,,,1,15,,72765,3,,,1,15,,72784,3,,,1,15,,72803,3,,,1,55,,72746,3,,,1,15,,72766,3,,,1,15,,72785,3,,,1,15,,72804,3,,,1,55,,72747,3,,,1,15,,72767,3,,,1,15,,72786,3,,,1,15,,72805,3,,,1,55,,72748,3,,,1,15,,72768,3,,,1,15,,72787,3,,,1,15,,72806,3,,,1,55,,72749,3,,,1,15,,72769,3,,,1,15,,72788,3,,,1,15,,72807,3,,,1,55,,72750,3,,,1,15,,72770,3,,,1,15,,72789,3,,,1,15,,72808,3,,,1,55,,72751,3,,,1,15,,72771,3,,,1,15,,72790,3,,,1,15,,72809,3,,,1,55,,72752,3,,,1,15,,72772,3,,,1,15,,72791,3,,,1,15,,72810,3,,,1,55,,72753,3,,,1
0,'20261108',612,,72811,3,,,1,15,,72831,3,,,1,15,,72850,3,,,1,15,,72869,3,,,1,55,,72812,3,,,1,15,,72832,3,,,1,15,,72851,3,,,1,15,,72870,3,,,1,55,,72813,3,,,1,15,,72833,3,,,1,15,,72852,3,,,1,15,,72871,3,,,1,55,,72814,3,,,1,15,,72834,3,,,1,15,,72853,3,,,1,15,,72872,3,,,1,55,,72815,3,,,1,15,,72835,3,,,1,15,,72854,3,,,1,15,,72873,3,,,1,55,,72816,3,,,1,15,,72836,3,,,1,15,,72855,3,,,1,15,,72874,3,,,1,55,,72817,3,,,1,15,,72837,3,,,1,15,,72856,3,,,1,15,,72875,3,,,1,55,,72818,3,,,1,15,,72838,3,,,1,15,,72857,3,,,1,15,,72876,3,,,1,55,,72819,3,,,1,15,,72839,3,,,1,15,,72858,3,,,1,15,,72877,3,,,1,55,,72820,3,,,1,15,,72840,3,,,1,15,,72859,3,,,1,15,,72878,3,,,1,55,,72821,3,,,1,15,,72841,3,,,1,15,,72860,3,,,1,15,,72879,3,,,1,55,,72822,3,,,1,15,,72842,3,,,1,15,,72861,3,,,1,15,,72880,3,,,1,55,,72823,3,,,1,15,,72843,3,,,1,15,,72862,3,,,1,15,,72881,3,,,1,55,,72824,3,,,1,15,,72844,3,,,1,15,,72863,3,,,1,15,,72882,3,,,1,55,,72825,3,,,1,15,,72845,3,,,1,15,,72864,3,,,1,15,,72883,3,,,1,55,,72826,3,,,1,15,,72846,3,,,1,15,,72865,3,,,1,15,,72884,3,,,1,55,,72827,3,,,1,15,,72847,3,,,1,15,,72866,3,,,1,15,,72885,3,,,1,55,,72828,3,,,1,15,,72848,3,,,1,15,,72867,3,,,1,15,,72886,3,,,1,55,,72829,3,,,1,15,,72849,3,,,1,15,,72868,3,,,1,15,,72887,3,,,1,55,,72830,3,,,1
0,'20261109',507,,72948,3,,,1,15,,72888,3,,,1,20,,72928,3,,,1,15,,72949,3,,,1,55,,72889,3,,,1,15,,72909,3,,,1,15,,72929,3,,,1,15,,72950,3,,,1,55,,72890,3,,,1,15,,72910,3,,,1,15,,72930,3,,,1,15,,72951,3,,,1,55,,72891,3,,,1,15,,72911,3,,,1,15,,72931,3,,,1,15,,72952,3,,,1,55,,72892,3,,,1,15,,72912,3,,,1,15,,72932,3,,,1,15,,72953,3,,,1,55,,72893,3,,,1,15,,72913,3,,,1,15,,72933,3,,,1,15,,72954,3,,,1,55,,72894,3,,,1,15,,72914,3,,,1,15,,72934,3,,,1,15,,72955,3,,,1,55,,72895,3,,,1,15,,72915,3,,,1,15,,72935,3,,,1,15,,72956,3,,,1,55,,72896,3,,,1,15,,72916,3,,,1,15,,72936,3,,,1,15,,72957,3,,,1,55,,72897,3,,,1,15,,72917,3,,,1,15,,72937,3,,,1,15,,72958,3,,,1,55,,72898,3,,,1,15,,72918,3,,,1,15,,72938,3,,,1,15,,72959,3,,,1,55,,72899,3,,,1,15,,72919,3,,,1,15,,72939,3,,,1,15,,72960,3,,,1,55,,72900,3,,,1,15,,72920,3,,,1,15,,72940,3,,,1,15,,72961,3,,,1,55,,72901,3,,,1,15,,72921,3,,,1,15,,72941,3,,,1,15,,72962,3,,,1,55,,72902,3,,,1,15,,72922,3,,,1,15,,72942,3,,,1,15,,72963,3,,,1,55,,72903,3,,,1,15,,72923,3,,,1,15,,72943,3,,,1,15,,72964,3,,,1,55,,72904,3,,,1,15,,72924,3,,,1,15,,72944,3,,,1,15,,72965,3,,,1,55,,72905,3,,,1,15,,72925,3,,,1,15,,72945,3,,,1,15,,72966,3,,,1,55,,72906,3,,,1,15,,72926,3,,,1,15,,72946,3,,,1,15,,72967,3,,,1,55,,72907,3,,,1,15,,72927,3,,,1,15,,72947,3,,,1,15,,72968,3,,,1,55,,72908,3,,,1
0,'20261110',507,,73029,3,,,1,15,,72969,3,,,1,20,,73009,3,,,1,15,,73030,3,,,1,55,,72970,3,,,1,15,,72990,3,,,1,15,,73010,3,,,1,15,,73031,3,,,1,55,,72971,3,,,1,15,,72991,3,,,1,15,,73011,3,,,1,15,,73032,3,,,1,55,,72972,3,,,1,15,,72992,3,,,1,15,,73012,3,,,1,15,,73033,3,,,1,55,,72973,3,,,1,15,,72993,3,,,1,15,,73013,3,,,1,15,,73034,3,,,1,55,,72974,3,,,1,15,,72994,3,,,1,15,,73014,3,,,1,15,,73035,3,,,1,55,,72975,3,,,1,15,,72995,3,,,1,15,,73015,3,,,1,15,,73036,3,,,1,55,,72976,3,,,1,15,,72996,3,,,1,15,,73016,3,,,1,15,,73037,3,,,1,55,,72977,3,,,1,15,,72997,3,,,1,15,,73017,3,,,1,15,,73038,3,,,1,55,,72978,3,,,1,15,,72998,3,,,1,15,,73018,3,,,1,15,,73039,3,,,1,55,,72979,3,,,1,15,,72999,3,,,1,15,,73019,3,,,1,15,,73040,3,,,1,55,,72980,3,,,1,15,,73000,3,,,1,15,,73020,3,,,1,15,,73041,3,,,1,55,,72981,3,,,1,15,,73001,3,,,1,15,,73021,3,,,1,15,,73042,3,,,1,55,,72982,3,,,1,15,,73002,3,,,1,15,,73022,3,,,1,15,,73043,3,,,1,55,,72983,3,,,1,15,,73003,3,,,1,15,,73023,3,,,1,15,,73044,3,,,1,55,,72984,3,,,1,15,,73004,3,,,1,15,,73024,3,,,1,15,,73045,3,,,1,55,,72985,3,,,1,15,,73005,3,,,1,15,,73025,3,,,1,15,,73046,3,,,1,55,,72986,3,,,1,15,,73006,3,,,1,15,,73026,3,,,1,15,,73047,3,,,1,55,,72987,3,,,1,15,,73007,3,,,1,15,,73027,3,,,1,15,,73048,3,,,1,55,,72988,3,,,1,15,,73008,3,,,1,15,,73028,3,,,1,15,,73049,3,,,1,55,,72989,3,,,1
0,'20261111',507,,73110,3,,,1,15,,73050,3,,,1,20,,73090,3,,,1,15,,73111,3,,,1,55,,73051,3,,,1,15,,73071,3,,,1,15,,73091,3,,,1,15,,73112,3,,,1,55,,73052,3,,,1,15,,73072,3,,,1,15,,73092,3,,,1,15,,73113,3,,,1,55,,73053,3,,,1,15,,73073,3,,,1,15,,73093,3,,,1,15,,73114,3,,,1,55,,73054,3,,,1,15,,73074,3,,,1,15,,73094,3,,,1,15,,73115,3,,,1,55,,73055,3,,,1,15,,73075,3,,,1,15,,73095,3,,,1,15,,73116,3,,,1,55,,73056,3,,,1,15,,73076,3,,,1,15,,73096,3,,,1,15,,73117,3,,,1,55,,73057,3,,,1,15,,73077,3,,,1,15,,73097,3,,,1,15,,73118,3,,,1,55,,73058,3,,,1,15,,73078,3,,,1,15,,73098,3,,,1,15,,73119,3,,,1,55,,73059,3,,,1,15,,73079,3,,,1,15,,73099,3,,,1,15,,73120,3,,,1,55,,73060,3,,,1,15,,73080,3,,,1,15,,73100,3,,,1,15,,73121,3,,,1,55,,73061,3,,,1,15,,73081,3,,,1,15,,73101,3,,,1,15,,73122,3,,,1,55,,73062,3,,,1,15,,73082,3,,,1,15,,73102,3,,,1,15,,73123,3,,,1,55,,73063,3,,,1,15,,73083,3,,,1,15,,73103,3,,,1,15,,73124,3,,,1,55,,73064,3,,,1,15,,73084,3,,,1,15,,73104,3,,,1,15,,73125,3,,,1,55,,73065,3,,,1,15,,73085,3,,,1,15,,73105,3,,,1,15,,73126,3,,,1,55,,73066,3,,,1,15,,73086,3,,,1,15,,73106,3,,,1,15,,73127,3,,,1,55,,73067,3,,,1,15,,73087,3,,,1,15,,73107,3,,,1,15,,73128,3,,,1,55,,73068,3,,,1,15,,73088,3,,,1,15,,73108,3,,,1,15,,73129,3,,,1,55,,73069,3,,,1,15,,73089,3,,,1,15,,73109,3,,,1,15,,73130,3,,,1,55,,73070,3,,,1
0,'20261112',507,,73191,3,,,1,15,,73131,3,,,1,20,,73171,3,,,1,15,,73192,3,,,1,55,,73132,3,,,1,15,,73152,3,,,1,15,,73172,3,,,1,15,,73193,3,,,1,55,,73133,3,,,1,15,,73153,3,,,1,15,,73173,3,,,1,15,,73194,3,,,1,55,,73134,3,,,1,15,,73154,3,,,1,15,,73174,3,,,1,15,,73195,3,,,1,55,,73135,3,,,1,15,,73155,3,,,1,15,,73175,3,,,1,15,,73196,3,,,1,55,,73136,3,,,1,15,,73156,3,,,1,15,,73176,3,,,1,15,,73197,3,,,1,55,,73137,3,,,1,15,,73157,3,,,1,15,,73177,3,,,1,15,,73198,3,,,1,55,,73138,3,,,1,15,,73158,3,,,1,15,,73178,3,,,1,15,,73199,3,,,1,55,,73139,3,,,1,15,,73159,3,,,1,15,,73179,3,,,1,15,,73200,3,,,1,55,,73140,3,,,1,15,,73160,3,,,1,15,,73180,3,,,1,15,,73201,3,,,1,55,,73141,3,,,1,15,,73161,3,,,1,15,,73181,3,,,1,15,,73202,3,,,1,55,,73142,3,,,1,15,,73162,3,,,1,15,,73182,3,,,1,15,,73203,3,,,1,55,,73143,3,,,1,15,,73163,3,,,1,15,,73183,3,,,1,15,,73204,3,,,1,55,,73144,3,,,1,15,,73164,3,,,1,15,,73184,3,,,1,15,,73205,3,,,1,55,,73145,3,,,1,15,,73165,3,,,1,15,,73185,3,,,1,15,,73206,3,,,1,55,,73146,3,,,1,15,,73166,3,,,1,15,,73186,3,,,1,15,,73207,3,,,1,55,,73147,3,,,1,15,,73167,3,,,1,15,,73187,3,,,1,15,,73208,3,,,1,55,,73148,3,,,1,15,,73168,3,,,1,15,,73188,3,,,1,15,,73209,3,,,1,55,,73149,3,,,1,15,,73169,3,,,1,15,,73189,3,,,1,15,,73210,3,,,1,55,,73150,3,,,1,15,,73170,3,,,1,15,,73190,3,,,1,15,,73211,3,,,1,55,,73151,3,,,1
0,'20261113',507,,73272,3,,,1,15,,73212,3,,,1,20,,73252,3,,,1,15,,73273,3,,,1,55,,73213,3,,,1,15,,73233,3,,,1,15,,73253,3,,,1,15,,73274,3,,,1,55,,73214,3,,,1,15,,73234,3,,,1,15,,73254,3,,,1,15,,73275,3,,,1,55,,73215,3,,,1,15,,73235,3,,,1,15,,73255,3,,,1,15,,73276,3,,,1,55,,73216,3,,,1,15,,73236,3,,,1,15,,73256,3,,,1,15,,73277,3,,,1,55,,73217,3,,,1,15,,73237,3,,,1,15,,73257,3,,,1,15,,73278,3,,,1,55,,73218,3,,,1,15,,73238,3,,,1,15,,73258,3,,,1,15,,73279,3,,,1,55,,73219,3,,,1,15,,73239,3,,,1,15,,73259,3,,,1,15,,73280,3,,,1,55,,73220,3,,,1,15,,73240,3,,,1,15,,73260,3,,,1,15,,73281,3,,,1,55,,73221,3,,,1,15,,73241,3,,,1,15,,73261,3,,,1,15,,73282,3,,,1,55,,73222,3,,,1,15,,73242,3,,,1,15,,73262,3,,,1,15,,73283,3,,,1,55,,73223,3,,,1,15,,73243,3,,,1,15,,73263,3,,,1,15,,73284,3,,,1,55,,73224,3,,,1,15,,73244,3,,,1,15,,73264,3,,,1,15,,73285,3,,,1,55,,73225,3,,,1,15,,73245,3,,,1,15,,73265,3,,,1,15,,73286,3,,,1,55,,73226,3,,,1,15,,73246,3,,,1,15,,73266,3,,,1,15,,73287,3,,,1,55,,73227,3,,,1,15,,73247,3,,,1,15,,73267,3,,,1,15,,73288,3,,,1,55,,73228,3,,,1,15,,73248,3,,,1,15,,73268,3,,,1,15,,73289,3,,,1,55,,73229,3,,,1,15,,73249,3,,,1,15,,73269,3,,,1,15,,73290,3,,,1,55,,73230,3,,,1,15,,73250,3,,,1,15,,73270,3,,,1,15,,73291,3,,,1,55,,73231,3,,,1,15,,73251,3,,,1,15,,73271,3,,,1,15,,73292,3,,,1,55,,73232,3,,,1
0,'20261114',612,,73293,3,,,1,15,,73313,3,,,1,15,,73332,3,,,1,15,,73351,3,,,1,55,,73294,3,,,1,15,,73314,3,,,1,15,,73333,3,,,1,15,,73352,3,,,1,55,,73295,3,,,1,15,,73315,3,,,1,15,,73334,3,,,1,15,,73353,3,,,1,55,,73296,3,,,1,15,,73316,3,,,1,15,,73335,3,,,1,15,,73354,3,,,1,55,,73297,3,,,1,15,,73317,3,,,1,15,,73336,3,,,1,15,,73355,3,,,1,55,,73298,3,,,1,15,,73318,3,,,1,15,,73337,3,,,1,15,,73356,3,,,1,55,,73299,3,,,1,15,,73319,3,,,1,15,,73338,3,,,1,15,,73357,3,,,1,55,,73300,3,,,1,15,,73320,3,,,1,15,,73339,3,,,1,15,,73358,3,,,1,55,,73301,3,,,1,15,,73321,3,,,1,15,,73340,3,,,1,15,,73359,3,,,1,55,,73302,3,,,1,15,,73322,3,,,1,15,,73341,3,,,1,15,,73360,3,,,1,55,,73303,3,,,1,15,,73323,3,,,1,15,,73342,3,,,1,15,,73361,3,,,1,55,,73304,3,,,1,15,,73324,3,,,1,15,,73343,3,,,1,15,,73362,3,,,1,55,,73305,3,,,1,15,,73325,3,,,1,15,,73344,3,,,1,15,,73363,3,,,1,55,,73306,3,,,1,15,,73326,3,,,1,15,,73345,3,,,1,15,,73364,3,,,1,55,,73307,3,,,1,15,,73327,3,,,1,15,,73346,3,,,1,15,,73365,3,,,1,55,,73308,3,,,1,15,,73328,3,,,1,15,,73347,3,,,1,15,,73366,3,,,1,55,,73309,3,,,1,15,,73329,3,,,1,15,,73348,3,,,1,15,,73367,3,,,1,55,,73310,3,,,1,15,,73330,3,,,1,15,,73349,3,,,1,15,,73368,3,,,1,55,,73311,3,,,1,15,,73331,3,,,1,15,,73350,3,,,1,15,,73369,3,,,1,55,,73312,3,,,1
0,'20261115',612,,73370,3,,,1,15,,73390,3,,,1,15,,73409,3,,,1,15,,73428,3,,,1,55,,73371,3,,,1,15,,73391,3,,,1,15,,73410,3,,,1,15,,73429,3,,,1,55,,73372,3,,,1,15,,73392,3,,,1,15,,73411,3,,,1,15,,73430,3,,,1,55,,73373,3,,,1,15,,73393,3,,,1,15,,73412,3,,,1,15,,73431,3,,,1,55,,73374,3,,,1,15,,73394,3,,,1,15,,73413,3,,,1,15,,73432,3,,,1,55,,73375,3,,,1,15,,73395,3,,,1,15,,73414,3,,,1,15,,73433,3,,,1,55,,73376,3,,,1,15,,73396,3,,,1,15,,73415,3,,,1,15,,73434,3,,,1,55,,73377,3,,,1,15,,73397,3,,,1,15,,73416,3,,,1,15,,73435,3,,,1,55,,73378,3,,,1,15,,73398,3,,,1,15,,73417,3,,,1,15,,73436,3,,,1,55,,73379,3,,,1,15,,73399,3,,,1,15,,73418,3,,,1,15,,73437,3,,,1,55,,73380,3,,,1,15,,73400,3,,,1,15,,73419,3,,,1,15,,73438,3,,,1,55,,73381,3,,,1,15,,73401,3,,,1,15,,73420,3,,,1,15,,73439,3,,,1,55,,73382,3,,,1,15,,73402,3,,,1,15,,73421,3,,,1,15,,73440,3,,,1,55,,73383,3,,,1,15,,73403,3,,,1,15,,73422,3,,,1,15,,73441,3,,,1,55,,73384,3,,,1,15,,73404,3,,,1,15,,73423,3,,,1,15,,73442,3,,,1,55,,73385,3,,,1,15,,73405,3,,,1,15,,73424,3,,,1,15,,73443,3,,,1,55,,73386,3,,,1,15,,73406,3,,,1,15,,73425,3,,,1,15,,73444,3,,,1,55,,73387,3,,,1,15,,73407,3,,,1,15,,73426,3,,,1,15,,73445,3,,,1,55,,73388,3,,,1,15,,73408,3,,,1,15,,73427,3,,,1,15,,73446,3,,,1,55,,73389,3,,,1
0,'20261116',507,,73507,3,,,1,15,,73447,3,,,1,20,,73487,3,,,1,15,,73508,3,,,1,55,,73448,3,,,1,15,,73468,3,,,1,15,,73488,3,,,1,15,,73509,3,,,1,55,,73449,3,,,1,15,,73469,3,,,1,15,,73489,3,,,1,15,,73510,3,,,1,55,,73450,3,,,1,15,,73470,3,,,1,15,,73490,3,,,1,15,,73511,3,,,1,55,,73451,3,,,1,15,,73471,3,,,1,15,,73491,3,,,1,15,,73512,3,,,1,55,,73452,3,,,1,15,,73472,3,,,1,15,,73492,3,,,1,15,,73513,3,,,1,55,,73453,3,,,1,15,,73473,3,,,1,15,,73493,3,,,1,15,,73514,3,,,1,55,,73454,3,,,1,15,,73474,3,,,1,15,,73494,3,,,1,15,,73515,3,,,1,55,,73455,3,,,1,15,,73475,3,,,1,15,,73495,3,,,1,15,,73516,3,,,1,55,,73456,3,,,1,15,,73476,3,,,1,15,,73496,3,,,1,15,,73517,3,,,1,55,,73457,3,,,1,15,,73477,3,,,1,15,,73497,3,,,1,15,,73518,3,,,1,55,,73458,3,,,1,15,,73478,3,,,1,15,,73498,3,,,1,15,,73519,3,,,1,55,,73459,3,,,1,15,,73479,3,,,1,15,,73499,3,,,1,15,,73520,3,,,1,55,,73460,3,,,1,15,,73480,3,,,1,15,,73500,3,,,1,15,,73521,3,,,1,55,,73461,3,,,1,15,,73481,3,,,1,15,,73501,3,,,1,15,,73522,3,,,1,55,,73462,3,,,1,15,,73482,3,,,1,15,,73502,3,,,1,15,,73523,3,,,1,55,,73463,3,,,1,15,,73483,3,,,1,15,,73503,3,,,1,15,,73524,3,,,1,55,,73464,3,,,1,15,,73484,3,,,1,15,,73504,3,,,1,15,,73525,3,,,1,55,,73465,3,,,1,15,,73485,3,,,1,15,,73505,3,,,1,15,,73526,3,,,1,55,,73466,3,,,1,15,,73486,3,,,1,15,,73506,3,,,1,15,,73527,3,,,1,55,,73467,3,,,1
0,'20261117',507,,73588,3,,,1,15,,73528,3,,,1,20,,73568,3,,,1,15,,73589,3,,,1,55,,73529,3,,,1,15,,73549,3,,,1,15,,73569,3,,,1,15,,73590,3,,,1,55,,73530,3,,,1,15,,73550,3,,,1,15,,73570,3,,,1,15,,73591,3,,,1,55,,73531,3,,,1,15,,73551,3,,,1,15,,73571,3,,,1,15,,73592,3,,,1,55,,73532,3,,,1,15,,73552,3,,,1,15,,73572,3,,,1,15,,73593,3,,,1,55,,73533,3,,,1,15,,73553,3,,,1,15,,73573,3,,,1,15,,73594,3,,,1,55,,73534,3,,,1,15,,73554,3,,,1,15,,73574,3,,,1,15,,73595,3,,,1,55,,73535,3,,,1,15,,73555,3,,,1,15,,73575,3,,,1,15,,73596,3,,,1,55,,73536,3,,,1,15,,73556,3,,,1,15,,73576,3,,,1,15,,73597,3,,,1,55,,73537,3,,,1,15,,73557,3,,,1,15,,73577,3,,,1,15,,73598,3,,,1,55,,73538,3,,,1,15,,73558,3,,,1,15,,73578,3,,,1,15,,73599,3,,,1,55,,73539,3,,,1,15,,73559,3,,,1,15,,73579,3,,,1,15,,73600,3,,,1,55,,73540,3,,,1,15,,73560,3,,,1,15,,73580,3,,,1,15,,73601,3,,,1,55,,73541,3,,,1,15,,73561,3,,,1,15,,73581,3,,,1,15,,73602,3,,,1,55,,73542,3,,,1,15,,73562,3,,,1,15,,73582,3,,,1,15,,73603,3,,,1,55,,73543,3,,,1,15,,73563,3,,,1,15,,73583,3,,,1,15,,73604,3,,,1,55,,73544,3,,,1,15,,73564,3,,,1,15,,73584,3,,,1,15,,73605,3,,,1,55,,73545,3,,,1,15,,73565,3,,,1,15,,73585,3,,,1,15,,73606,3,,,1,55,,73546,3,,,1,15,,73566,3,,,1,15,,73586,3,,,1,15,,73607,3,,,1,55,,73547,3,,,1,15,,73567,3,,,1,15,,73587,3,,,1,15,,73608,3,,,1,55,,73548,3,,,1
0,'20261118',507,,73669,3,,,1,15,,73609,3,,,1,20,,73649,3,,,1,15,,73670,3,,,1,55,,73610,3,,,1,15,,73630,3,,,1,15,,73650,3,,,1,15,,73671,3,,,1,55,,73611,3,,,1,15,,73631,3,,,1,15,,73651,3,,,1,15,,73672,3,,,1,55,,73612,3,,,1,15,,73632,3,,,1,15,,73652,3,,,1,15,,73673,3,,,1,55,,73613,3,,,1,15,,73633,3,,,1,15,,73653,3,,,1,15,,73674,3,,,1,55,,73614,3,,,1,15,,73634,3,,,1,15,,73654,3,,,1,15,,73675,3,,,1,55,,73615,3,,,1,15,,73635,3,,,1,15,,73655,3,,,1,15,,73676,3,,,1,55,,73616,3,,,1,15,,73636,3,,,1,15,,73656,3,,,1,15,,73677,3,,,1,55,,73617,3,,,1,15,,73637,3,,,1,15,,73657,3,,,1,15,,73678,3,,,1,55,,73618,3,,,1,15,,73638,3,,,1,15,,73658,3,,,1,15,,73679,3,,,1,55,,73619,3,,,1,15,,73639,3,,,1,15,,73659,3,,,1,15,,73680,3,,,1,55,,73620,3,,,1,15,,73640,3,,,1,15,,73660,3,,,1,15,,73681,3,,,1,55,,73621,3,,,1,15,,73641,3,,,1,15,,73661,3,,,1,15,,73682,3,,,1,55,,73622,3,,,1,15,,73642,3,,,1,15,,73662,3,,,1,15,,73683,3,,,1,55,,73623,3,,,1,15,,73643,3,,,1,15,,73663,3,,,1,15,,73684,3,,,1,55,,73624,3,,,1,15,,73644,3,,,1,15,,73664,3,,,1,15,,73685,3,,,1,55,,73625,3,,,1,15,,73645,3,,,1,15,,73665,3,,,1,15,,73686,3,,,1,55,,73626,3,,,1,15,,73646,3,,,1,15,,73666,3,,,1,15,,73687,3,,,1,55,,73627,3,,,1,15,,73647,3,,,1,15,,73667,3,,,1,15,,73688,3,,,1,55,,73628,3,,,1,15,,73648,3,,,1,15,,73668,3,,,1,15,,73689,3,,,1,55,,73629,3,,,1
0,'20261119',507,,73750,3,,,1,15,,73690,3,,,1,20,,73730,3,,,1,15,,73751,3,,,1,55,,73691,3,,,1,15,,73711,3,,,1,15,,73731,3,,,1,15,,73752,3,,,1,55,,73692,3,,,1,15,,73712,3,,,1,15,,73732,3,,,1,15,,73753,3,,,1,55,,73693,3,,,1,15,,73713,3,,,1,15,,73733,3,,,1,15,,73754,3,,,1,55,,73694,3,,,1,15,,73714,3,,,1,15,,73734,3,,,1,15,,73755,3,,,1,55,,73695,3,,,1,15,,73715,3,,,1,15,,73735,3,,,1,15,,73756,3,,,1,55,,73696,3,,,1,15,,73716,3,,,1,15,,73736,3,,,1,15,,73757,3,,,1,55,,73697,3,,,1,15,,73717,3,,,1,15,,73737,3,,,1,15,,73758,3,,,1,55,,73698,3,,,1,15,,73718,3,,,1,15,,73738,3,,,1,15,,73759,3,,,1,55,,73699,3,,,1,15,,73719,3,,,1,15,,73739,3,,,1,15,,73760,3,,,1,55,,73700,3,,,1,15,,73720,3,,,1,15,,73740,3,,,1,15,,73761,3,,,1,55,,73701,3,,,1,15,,73721,3,,,1,15,,73741,3,,,1,15,,73762,3,,,1,55,,73702,3,,,1,15,,73722,3,,,1,15,,73742,3,,,1,15,,73763,3,,,1,55,,73703,3,,,1,15,,73723,3,,,1,15,,73743,3,,,1,15,,73764,3,,,1,55,,73704,3,,,1,15,,73724,3,,,1,15,,73744,3,,,1,15,,73765,3,,,1,55,,73705,3,,,1,15,,73725,3,,,1,15,,73745,3,,,1,15,,73766,3,,,1,55,,73706,3,,,1,15,,73726,3,,,1,15,,73746,3,,,1,15,,73767,3,,,1,55,,73707,3,,,1,15,,73727,3,,,1,15,,73747,3,,,1,15,,73768,3,,,1,55,,73708,3,,,1,15,,73728,3,,,1,15,,73748,3,,,1,15,,73769,3,,,1,55,,73709,3,,,1,15,,73729,3,,,1,15,,73749,3,,,1,15,,73770,3,,,1,55,,73710,3,,,1
0,'20261120',507,,73831,3,,,1,15,,73771,3,,,1,20,,73811,3,,,1,15,,73832,3,,,1,55,,73772,3,,,1,15,,73792,3,,,1,15,,73812,3,,,1,15,,73833,3,,,1,55,,73773,3,,,1,15,,73793,3,,,1,15,,73813,3,,,1,15,,73834,3,,,1,55,,73774,3,,,1,15,,73794,3,,,1,15,,73814,3,,,1,15,,73835,3,,,1,55,,73775,3,,,1,15,,73795,3,,,1,15,,73815,3,,,1,15,,73836,3,,,1,55,,73776,3,,,1,15,,73796,3,,,1,15,,73816,3,,,1,15,,73837,3,,,1,55,,73777,3,,,1,15,,73797,3,,,1,15,,73817,3,,,1,15,,73838,3,,,1,55,,73778,3,,,1,15,,73798,3,,,1,15,,73818,3,,,1,15,,73839,3,,,1,55,,73779,3,,,1,15,,73799,3,,,1,15,,73819,3,,,1,15,,73840,3,,,1,55,,73780,3,,,1,15,,73800,3,,,1,15,,73820,3,,,1,15,,73841,3,,,1,55,,73781,3,,,1,15,,73801,3,,,1,15,,73821,3,,,1,15,,73842,3,,,1,55,,73782,3,,,1,15,,73802,3,,,1,15,,73822,3,,,1,15,,73843,3,,,1,55,,73783,3,,,1,15,,73803,3,,,1,15,,73823,3,,,1,15,,73844,3,,,1,55,,73784,3,,,1,15,,73804,3,,,1,15,,73824,3,,,1,15,,73845,3,,,1,55,,73785,3,,,1,15,,73805,3,,,1,15,,73825,3,,,1,15,,73846,3,,,1,55,,73786,3,,,1,15,,73806,3,,,1,15,,73826,3,,,1,15,,73847,3,,,1,55,,73787,3,,,1,15,,73807,3,,,1,15,,73827,3,,,1,15,,73848,3,,,1,55,,73788,3,,,1,15,,73808,3,,,1,15,,73828,3,,,1,15,,73849,3,,,1,55,,73789,3,,,1,15,,73809,3,,,1,15,,73829,3,,,1,15,,73850,3,,,1,55,,73790,3,,,1,15,,73810,3,,,1,15,,73830,3,,,1,15,,73851,3,,,1,55,,73791,3,,,1
0,'20261121',612,,73852,3,,,1,15,,73872,3,,,1,15,,73891,3,,,1,15,,73910,3,,,1,55,,73853,3,,,1,15,,73873,3,,,1,15,,73892,3,,,1,15,,73911,3,,,1,55,,73854,3,,,1,15,,73874,3,,,1,15,,73893,3,,,1,15,,73912,3,,,1,55,,73855,3,,,1,15,,73875,3,,,1,15,,73894,3,,,1,15,,73913,3,,,1,55,,73856,3,,,1,15,,73876,3,,,1,15,,73895,3,,,1,15,,73914,3,,,1,55,,73857,3,,,1,15,,73877,3,,,1,15,,73896,3,,,1,15,,73915,3,,,1,55,,73858,3,,,1,15,,73878,3,,,1,15,,73897,3,,,1,15,,73916,3,,,1,55,,73859,3,,,1,15,,73879,3,,,1,15,,73898,3,,,1,15,,73917,3,,,1,55,,73860,3,,,1,15,,73880,3,,,1,15,,73899,3,,,1,15,,73918,3,,,1,55,,73861,3,,,1,15,,73881,3,,,1,15,,73900,3,,,1,15,,73919,3,,,1,55,,73862,3,,,1,15,,73882,3,,,1,15,,73901,3,,,1,15,,73920,3,,,1,55,,73863,3,,,1,15,,73883,3,,,1,15,,73902,3,,,1,15,,73921,3,,,1,55,,73864,3,,,1,15,,73884,3,,,1,15,,73903,3,,,1,15,,73922,3,,,1,55,,73865,3,,,1,15,,73885,3,,,1,15,,73904,3,,,1,15,,73923,3,,,1,55,,73866,3,,,1,15,,73886,3,,,1,15,,73905,3,,,1,15,,73924,3,,,1,55,,73867,3,,,1,15,,73887,3,,,1,15,,73906,3,,,1,15,,73925,3,,,1,55,,73868,3,,,1,15,,73888,3,,,1,15,,73907,3,,,1,15,,73926,3,,,1,55,,73869,3,,,1,15,,73889,3,,,1,15,,73908,3,,,1,15,,73927,3,,,1,55,,73870,3,,,1,15,,73890,3,,,1,15,,73909,3,,,1,15,,73928,3,,,1,55,,73871,3,,,1
0,'20261122',612,,73929,3,,,1,15,,73949,3,,,1,15,,73968,3,,,1,15,,73987,3,,,1,55,,73930,3,,,1,15,,73950,3,,,1,15,,73969,3,,,1,15,,73988,3,,,1,55,,73931,3,,,1,15,,73951,3,,,1,15,,73970,3,,,1,15,,73989,3,,,1,55,,73932,3,,,1,15,,73952,3,,,1,15,,73971,3,,,1,15,,73990,3,,,1,55,,73933,3,,,1,15,,73953,3,,,1,15,,73972,3,,,1,15,,73991,3,,,1,55,,73934,3,,,1,15,,73954,3,,,1,15,,73973,3,,,1,15,,73992,3,,,1,55,,73935,3,,,1,15,,73955,3,,,1,15,,73974,3,,,1,15,,73993,3,,,1,55,,73936,3,,,1,15,,73956,3,,,1,15,,73975,3,,,1,15,,73994,3,,,1,55,,73937,3,,,1,15,,73957,3,,,1,15,,73976,3,,,1,15,,73995,3,,,1,55,,73938,3,,,1,15,,73958,3,,,1,15,,73977,3,,,1,15,,73996,3,,,1,55,,73939,3,,,1,15,,73959,3,,,1,15,,73978,3,,,1,15,,73997,3,,,1,55,,73940,3,,,1,15,,73960,3,,,1,15,,73979,3,,,1,15,,73998,3,,,1,55,,73941,3,,,1,15,,73961,3,,,1,15,,73980,3,,,1,15,,73999,3,,,1,55,,73942,3,,,1,15,,73962,3,,,1,15,,73981,3,,,1,15,,74000,3,,,1,55,,73943,3,,,1,15,,73963,3,,,1,15,,73982,3,,,1,15,,74001,3,,,1,55,,73944,3,,,1,15,,73964,3,,,1,15,,73983,3,,,1,15,,74002,3,,,1,55,,73945,3,,,1,15,,73965,3,,,1,15,,73984,3,,,1,15,,74003,3,,,1,55,,73946,3,,,1,15,,73966,3,,,1,15,,73985,3,,,1,15,,74004,3,,,1,55,,73947,3,,,1,15,,73967,3,,,1,15,,73986,3,,,1,15,,74005,3,,,1,55,,73948,3,,,1
0,'20261123',507,,74066,3,,,1,15,,74006,3,,,1,20,,74046,3,,,1,15,,74067,3,,,1,55,,74007,3,,,1,15,,74027,3,,,1,15,,74047,3,,,1,15,,74068,3,,,1,55,,74008,3,,,1,15,,74028,3,,,1,15,,74048,3,,,1,15,,74069,3,,,1,55,,74009,3,,,1,15,,74029,3,,,1,15,,74049,3,,,1,15,,74070,3,,,1,55,,74010,3,,,1,15,,74030,3,,,1,15,,74050,3,,,1,15,,74071,3,,,1,55,,74011,3,,,1,15,,74031,3,,,1,15,,74051,3,,,1,15,,74072,3,,,1,55,,74012,3,,,1,15,,74032,3,,,1,15,,74052,3,,,1,15,,74073,3,,,1,55,,74013,3,,,1,15,,74033,3,,,1,15,,74053,3,,,1,15,,74074,3,,,1,55,,74014,3,,,1,15,,74034,3,,,1,15,,74054,3,,,1,15,,74075,3,,,1,55,,74015,3,,,1,15,,74035,3,,,1,15,,74055,3,,,1,15,,74076,3,,,1,55,,74016,3,,,1,15,,74036,3,,,1,15,,74056,3,,,1,15,,74077,3,,,1,55,,74017,3,,,1,15,,74037,3,,,1,15,,74057,3,,,1,15,,74078,3,,,1,55,,74018,3,,,1,15,,74038,3,,,1,15,,74058,3,,,1,15,,74079,3,,,1,55,,74019,3,,,1,15,,74039,3,,,1,15,,74059,3,,,1,15,,74080,3,,,1,55,,74020,3,,,1,15,,74040,3,,,1,15,,74060,3,,,1,15,,74081,3,,,1,55,,74021,3,,,1,15,,74041,3,,,1,15,,74061,3,,,1,15,,74082,3,,,1,55,,74022,3,,,1,15,,74042,3,,,1,15,,74062,3,,,1,15,,74083,3,,,1,55,,74023,3,,,1,15,,74043,3,,,1,15,,74063,3,,,1,15,,74084,3,,,1,55,,74024,3,,,1,15,,74044,3,,,1,15,,74064,3,,,1,15,,74085,3,,,1,55,,74025,3,,,1,15,,74045,3,,,1,15,,74065,3,,,1,15,,74086,3,,,1,55,,74026,3,,,1
0,'20261124',507,,74147,3,,,1,15,,74087,3,,,1,20,,74127,3,,,1,15,,74148,3,,,1,55,,74088,3,,,1,15,,74108,3,,,1,15,,74128,3,,,1,15,,74149,3,,,1,55,,74089,3,,,1,15,,74109,3,,,1,15,,74129,3,,,1,15,,74150,3,,,1,55,,74090,3,,,1,15,,74110,3,,,1,15,,74130,3,,,1,15,,74151,3,,,1,55,,74091,3,,,1,15,,74111,3,,,1,15,,74131,3,,,1,15,,74152,3,,,1,55,,74092,3,,,1,15,,74112,3,,,1,15,,74132,3,,,1,15,,74153,3,,,1,55,,74093,3,,,1,15,,74113,3,,,1,15,,74133,3,,,1,15,,74154,3,,,1,55,,74094,3,,,1,15,,74114,3,,,1,15,,74134,3,,,1,15,,74155,3,,,1,55,,74095,3,,,1,15,,74115,3,,,1,15,,74135,3,,,1,15,,74156,3,,,1,55,,74096,3,,,1,15,,74116,3,,,1,15,,74136,3,,,1,15,,74157,3,,,1,55,,74097,3,,,1,15,,74117,3,,,1,15,,74137,3,,,1,15,,74158,3,,,1,55,,74098,3,,,1,15,,74118,3,,,1,15,,74138,3,,,1,15,,74159,3,,,1,55,,74099,3,,,1,15,,74119,3,,,1,15,,74139,3,,,1,15,,74160,3,,,1,55,,74100,3,,,1,15,,74120,3,,,1,15,,74140,3,,,1,15,,74161,3,,,1,55,,74101,3,,,1,15,,74121,3,,,1,15,,74141,3,,,1,15,,74162,3,,,1,55,,74102,3,,,1,15,,74122,3,,,1,15,,74142,3,,,1,15,,74163,3,,,1,55,,74103,3,,,1,15,,74123,3,,,1,15,,74143,3,,,1,15,,74164,3,,,1,55,,74104,3,,,1,15,,74124,3,,,1,15,,74144,3,,,1,15,,74165,3,,,1,55,,74105,3,,,1,15,,74125,3,,,1,15,,74145,3,,,1,15,,74166,3,,,1,55,,74106,3,,,1,15,,74126,3,,,1,15,,74146,3,,,1,15,,74167,3,,,1,55,,74107,3,,,1
0,'20261125',507,,74228,3,,,1,15,,74168,3,,,1,20,,74208,3,,,1,15,,74229,3,,,1,55,,74169,3,,,1,15,,74189,3,,,1,15,,74209,3,,,1,15,,74230,3,,,1,55,,74170,3,,,1,15,,74190,3,,,1,15,,74210,3,,,1,15,,74231,3,,,1,55,,74171,3,,,1,15,,74191,3,,,1,15,,74211,3,,,1,15,,74232,3,,,1,55,,74172,3,,,1,15,,74192,3,,,1,15,,74212,3,,,1,15,,74233,3,,,1,55,,74173,3,,,1,15,,74193,3,,,1,15,,74213,3,,,1,15,,74234,3,,,1,55,,74174,3,,,1,15,,74194,3,,,1,15,,74214,3,,,1,15,,74235,3,,,1,55,,74175,3,,,1,15,,74195,3,,,1,15,,74215,3,,,1,15,,74236,3,,,1,55,,74176,3,,,1,15,,74196,3,,,1,15,,74216,3,,,1,15,,74237,3,,,1,55,,74177,3,,,1,15,,74197,3,,,1,15,,74217,3,,,1,15,,74238,3,,,1,55,,74178,3,,,1,15,,74198,3,,,1,15,,74218,3,,,1,15,,74239,3,,,1,55,,74179,3,,,1,15,,74199,3,,,1,15,,74219,3,,,1,15,,74240,3,,,1,55,,74180,3,,,1,15,,74200,3,,,1,15,,74220,3,,,1,15,,74241,3,,,1,55,,74181,3,,,1,15,,74201,3,,,1,15,,74221,3,,,1,15,,74242,3,,,1,55,,74182,3,,,1,15,,74202,3,,,1,15,,74222,3,,,1,15,,74243,3,,,1,55,,74183,3,,,1,15,,74203,3,,,1,15,,74223,3,,,1,15,,74244,3,,,1,55,,74184,3,,,1,15,,74204,3,,,1,15,,74224,3,,,1,15,,74245,3,,,1,55,,74185,3,,,1,15,,74205,3,,,1,15,,74225,3,,,1,15,,74246,3,,,1,55,,74186,3,,,1,15,,74206,3,,,1,15,,74226,3,,,1,15,,74247,3,,,1,55,,74187,3,,,1,15,,74207,3,,,1,15,,74227,3,,,1,15,,74248,3,,,1,55,,74188,3,,,1
0,'20261126',507,,74309,3,,,1,15,,74249,3,,,1,20,,74289,3,,,1,15,,74310,3,,,1,55,,74250,3,,,1,15,,74270,3,,,1,15,,74290,3,,,1,15,,74311,3,,,1,55,,74251,3,,,1,15,,74271,3,,,1,15,,74291,3,,,1,15,,74312,3,,,1,55,,74252,3,,,1,15,,74272,3,,,1,15,,74292,3,,,1,15,,74313,3,,,1,55,,74253,3,,,1,15,,74273,3,,,1,15,,74293,3,,,1,15,,74314,3,,,1,55,,74254,3,,,1,15,,74274,3,,,1,15,,74294,3,,,1,15,,74315,3,,,1,55,,74255,3,,,1,15,,74275,3,,,1,15,,74295,3,,,1,15,,74316,3,,,1,55,,74256,3,,,1,15,,74276,3,,,1,15,,74296,3,,,1,15,,74317,3,,,1,55,,74257,3,,,1,15,,74277,3,,,1,15,,74297,3,,,1,15,,74318,3,,,1,55,,74258,3,,,1,15,,74278,3,,,1,15,,74298,3,,,1,15,,74319,3,,,1,55,,74259,3,,,1,15,,74279,3,,,1,15,,74299,3,,,1,15,,74320,3,,,1,55,,74260,3,,,1,15,,74280,3,,,1,15,,74300,3,,,1,15,,74321,3,,,1,55,,74261,3,,,1,15,,74281,3,,,1,15,,74301,3,,,1,15,,74322,3,,,1,55,,74262,3,,,1,15,,74282,3,,,1,15,,74302,3,,,1,15,,74323,3,,,1,55,,74263,3,,,1,15,,74283,3,,,1,15,,74303,3,,,1,15,,74324,3,,,1,55,,74264,3,,,1,15,,74284,3,,,1,15,,74304,3,,,1,15,,74325,3,,,1,55,,74265,3,,,1,15,,74285,3,,,1,15,,74305,3,,,1,15,,74326,3,,,1,55,,74266,3,,,1,15,,74286,3,,,1,15,,74306,3,,,1,15,,74327,3,,,1,55,,74267,3,,,1,15,,74287,3,,,1,15,,74307,3,,,1,15,,74328,3,,,1,55,,74268,3,,,1,15,,74288,3,,,1,15,,74308,3,,,1,15,,74329,3,,,1,55,,74269,3,,,1
0,'20261127',507,,74390,3,,,1,15,,74330,3,,,1,20,,74370,3,,,1,15,,74391,3,,,1,55,,74331,3,,,1,15,,74351,3,,,1,15,,74371,3,,,1,15,,74392,3,,,1,55,,74332,3,,,1,15,,74352,3,,,1,15,,74372,3,,,1,15,,74393,3,,,1,55,,74333,3,,,1,15,,74353,3,,,1,15,,74373,3,,,1,15,,74394,3,,,1,55,,74334,3,,,1,15,,74354,3,,,1,15,,74374,3,,,1,15,,74395,3,,,1,55,,74335,3,,,1,15,,74355,3,,,1,15,,74375,3,,,1,15,,74396,3,,,1,55,,74336,3,,,1,15,,74356,3,,,1,15,,74376,3,,,1,15,,74397,3,,,1,55,,74337,3,,,1,15,,74357,3,,,1,15,,74377,3,,,1,15,,74398,3,,,1,55,,74338,3,,,1,15,,74358,3,,,1,15,,74378,3,,,1,15,,74399,3,,,1,55,,74339,3,,,1,15,,74359,3,,,1,15,,74379,3,,,1,15,,74400,3,,,1,55,,74340,3,,,1,15,,74360,3,,,1,15,,74380,3,,,1,15,,74401,3,,,1,55,,74341,3,,,1,15,,74361,3,,,1,15,,74381,3,,,1,15,,74402,3,,,1,55,,74342,3,,,1,15,,74362,3,,,1,15,,74382,3,,,1,15,,74403,3,,,1,55,,74343,3,,,1,15,,74363,3,,,1,15,,74383,3,,,1,15,,74404,3,,,1,55,,74344,3,,,1,15,,74364,3,,,1,15,,74384,3,,,1,15,,74405,3,,,1,55,,74345,3,,,1,15,,74365,3,,,1,15,,74385,3,,,1,15,,74406,3,,,1,55,,74346,3,,,1,15,,74366,3,,,1,15,,74386,3,,,1,15,,74407,3,,,1,55,,74347,3,,,1,15,,74367,3,,,1,15,,74387,3,,,1,15,,74408,3,,,1,55,,74348,3,,,1,15,,74368,3,,,1,15,,74388,3,,,1,15,,74409,3,,,1,55,,74349,3,,,1,15,,74369,3,,,1,15,,74389,3,,,1,15,,74410,3,,,1,55,,74350,3,,,1
0,'20261128',612,,74411,3,,,1,15,,74431,3,,,1,15,,74450,3,,,1,15,,74469,3,,,1,55,,74412,3,,,1,15,,74432,3,,,1,15,,74451,3,,,1,15,,74470,3,,,1,55,,74413,3,,,1,15,,74433,3,,,1,15,,74452,3,,,1,15,,74471,3,,,1,55,,74414,3,,,1,15,,74434,3,,,1,15,,74453,3,,,1,15,,74472,3,,,1,55,,74415,3,,,1,15,,74435,3,,,1,15,,74454,3,,,1,15,,74473,3,,,1,55,,74416,3,,,1,15,,74436,3,,,1,15,,74455,3,,,1,15,,74474,3,,,1,55,,74417,3,,,1,15,,74437,3,,,1,15,,74456,3,,,1,15,,74475,3,,,1,55,,74418,3,,,1,15,,74438,3,,,1,15,,74457,3,,,1,15,,74476,3,,,1,55,,74419,3,,,1,15,,74439,3,,,1,15,,74458,3,,,1,15,,74477,3,,,1,55,,74420,3,,,1,15,,74440,3,,,1,15,,74459,3,,,1,15,,74478,3,,,1,55,,74421,3,,,1,15,,74441,3,,,1,15,,74460,3,,,1,15,,74479,3,,,1,55,,74422,3,,,1,15,,74442,3,,,1,15,,74461,3,,,1,15,,74480,3,,,1,55,,74423,3,,,1,15,,74443,3,,,1,15,,74462,3,,,1,15,,74481,3,,,1,55,,74424,3,,,1,15,,74444,3,,,1,15,,74463,3,,,1,15,,74482,3,,,1,55,,74425,3,,,1,15,,74445,3,,,1,15,,74464,3,,,1,15,,74483,3,,,1,55,,74426,3,,,1,15,,74446,3,,,1,15,,74465,3,,,1,15,,74484,3,,,1,55,,74427,3,,,1,15,,74447,3,,,1,15,,74466,3,,,1,15,,74485,3,,,1,55,,74428,3,,,1,15,,74448,3,,,1,15,,74467,3,,,1,15,,74486,3,,,1,55,,74429,3,,,1,15,,74449,3,,,1,15,,74468,3,,,1,15,,74487,3,,,1,55,,74430,3,,,1
0,'20261129',612,,74488,3,,,1,15,,74508,3,,,1,15,,74527,3,,,1,15,,74546,3,,,1,55,,74489,3,,,1,15,,74509,3,,,1,15,,74528,3,,,1,15,,74547,3,,,1,55,,74490,3,,,1,15,,74510,3,,,1,15,,74529,3,,,1,15,,74548,3,,,1,55,,74491,3,,,1,15,,74511,3,,,1,15,,74530,3,,,1,15,,74549,3,,,1,55,,74492,3,,,1,15,,74512,3,,,1,15,,74531,3,,,1,15,,74550,3,,,1,55,,74493,3,,,1,15,,74513,3,,,1,15,,74532,3,,,1,15,,74551,3,,,1,55,,74494,3,,,1,15,,74514,3,,,1,15,,74533,3,,,1,15,,74552,3,,,1,55,,74495,3,,,1,15,,74515,3,,,1,15,,74534,3,,,1,15,,74553,3,,,1,55,,74496,3,,,1,15,,74516,3,,,1,15,,74535,3,,,1,15,,74554,3,,,1,55,,74497,3,,,1,15,,74517,3,,,1,15,,74536,3,,,1,15,,74555,3,,,1,55,,74498,3,,,1,15,,74518,3,,,1,15,,74537,3,,,1,15,,74556,3,,,1,55,,74499,3,,,1,15,,74519,3,,,1,15,,74538,3,,,1,15,,74557,3,,,1,55,,74500,3,,,1,15,,74520,3,,,1,15,,74539,3,,,1,15,,74558,3,,,1,55,,74501,3,,,1,15,,74521,3,,,1,15,,74540,3,,,1,15,,74559,3,,,1,55,,74502,3,,,1,15,,74522,3,,,1,15,,74541,3,,,1,15,,74560,3,,,1,55,,74503,3,,,1,15,,74523,3,,,1,15,,74542,3,,,1,15,,74561,3,,,1,55,,74504,3,,,1,15,,74524,3,,,1,15,,74543,3,,,1,15,,74562,3,,,1,55,,74505,3,,,1,15,,74525,3,,,1,15,,74544,3,,,1,15,,74563,3,,,1,55,,74506,3,,,1,15,,74526,3,,,1,15,,74545,3,,,1,15,,74564,3,,,1,55,,74507,3,,,1
0,'20261130',507,,74625,3,,,1,15,,74565,3,,,1,20,,74605,3,,,1,15,,74626,3,,,1,55,,74566,3,,,1,15,,74586,3,,,1,15,,74606,3,,,1,15,,74627,3,,,1,55,,74567,3,,,1,15,,74587,3,,,1,15,,74607,3,,,1,15,,74628,3,,,1,55,,74568,3,,,1,15,,74588,3,,,1,15,,74608,3,,,1,15,,74629,3,,,1,55,,74569,3,,,1,15,,74589,3,,,1,15,,74609,3,,,1,15,,74630,3,,,1,55,,74570,3,,,1,15,,74590,3,,,1,15,,74610,3,,,1,15,,74631,3,,,1,55,,74571,3,,,1,15,,74591,3,,,1,15,,74611,3,,,1,15,,74632,3,,,1,55,,74572,3,,,1,15,,74592,3,,,1,15,,74612,3,,,1,15,,74633,3,,,1,55,,74573,3,,,1,15,,74593,3,,,1,15,,74613,3,,,1,15,,74634,3,,,1,55,,74574,3,,,1,15,,74594,3,,,1,15,,74614,3,,,1,15,,74635,3,,,1,55,,74575,3,,,1,15,,74595,3,,,1,15,,74615,3,,,1,15,,74636,3,,,1,55,,74576,3,,,1,15,,74596,3,,,1,15,,74616,3,,,1,15,,74637,3,,,1,55,,74577,3,,,1,15,,74597,3,,,1,15,,74617,3,,,1,15,,74638,3,,,1,55,,74578,3,,,1,15,,74598,3,,,1,15,,74618,3,,,1,15,,74639,3,,,1,55,,74579,3,,,1,15,,74599,3,,,1,15,,74619,3,,,1,15,,74640,3,,,1,55,,74580,3,,,1,15,,74600,3,,,1,15,,74620,3,,,1,15,,74641,3,,,1,55,,74581,3,,,1,15,,74601,3,,,1,15,,74621,3,,,1,15,,74642,3,,,1,55,,74582,3,,,1,15,,74602,3,,,1,15,,74622,3,,,1,15,,74643,3,,,1,55,,74583,3,,,1,15,,74603,3,,,1,15,,74623,3,,,1,15,,74644,3,,,1,55,,74584,3,,,1,15,,74604,3,,,1,15,,74624,3,,,1,15,,74645,3,,,1,55,,74585,3,,,1
0,'20261201',507,,74706,3,,,1,15,,74646,3,,,1,20,,74686,3,,,1,15,,74707,3,,,1,55,,74647,3,,,1,15,,74667,3,,,1,15,,74687,3,,,1,15,,74708,3,,,1,55,,74648,3,,,1,15,,74668,3,,,1,15,,74688,3,,,1,15,,74709,3,,,1,55,,74649,3,,,1,15,,74669,3,,,1,15,,74689,3,,,1,15,,74710,3,,,1,55,,74650,3,,,1,15,,74670,3,,,1,15,,74690,3,,,1,15,,74711,3,,,1,55,,74651,3,,,1,15,,74671,3,,,1,15,,74691,3,,,1,15,,74712,3,,,1,55,,74652,3,,,1,15,,74672,3,,,1,15,,74692,3,,,1,15,,74713,3,,,1,55,,74653,3,,,1,15,,74673,3,,,1,15,,74693,3,,,1,15,,74714,3,,,1,55,,74654,3,,,1,15,,74674,3,,,1,15,,74694,3,,,1,15,,74715,3,,,1,55,,74655,3,,,1,15,,74675,3,,,1,15,,74695,3,,,1,15,,74716,3,,,1,55,,74656,3,,,1,15,,74676,3,,,1,15,,74696,3,,,1,15,,74717,3,,,1,55,,74657,3,,,1,15,,74677,3,,,1,15,,74697,3,,,1,15,,74718,3,,,1,55,,74658,3,,,1,15,,74678,3,,,1,15,,74698,3,,,1,15,,74719,3,,,1,55,,74659,3,,,1,15,,74679,3,,,1,15,,74699,3,,,1,15,,74720,3,,,1,55,,74660,3,,,1,15,,74680,3,,,1,15,,74700,3,,,1,15,,74721,3,,,1,55,,74661,3,,,1,15,,74681,3,,,1,15,,74701,3,,,1,15,,74722,3,,,1,55,,74662,3,,,1,15,,74682,3,,,1,15,,74702,3,,,1,15,,74723,3,,,1,55,,74663,3,,,1,15,,74683,3,,,1,15,,74703,3,,,1,15,,74724,3,,,1,55,,74664,3,,,1,15,,74684,3,,,1,15,,74704,3,,,1,15,,74725,3,,,1,55,,74665,3,,,1,15,,74685,3,,,1,15,,74705,3,,,1,15,,74726,3,,,1,55,,74666,3,,,1
0,'20261202',507,,74787,3,,,1,15,,74727,3,,,1,20,,74767,3,,,1,15,,74788,3,,,1,55,,74728,3,,,1,15,,74748,3,,,1,15,,74768,3,,,1,15,,74789,3,,,1,55,,74729,3,,,1,15,,74749,3,,,1,15,,74769,3,,,1,15,,74790,3,,,1,55,,74730,3,,,1,15,,74750,3,,,1,15,,74770,3,,,1,15,,74791,3,,,1,55,,74731,3,,,1,15,,74751,3,,,1,15,,74771,3,,,1,15,,74792,3,,,1,55,,74732,3,,,1,15,,74752,3,,,1,15,,74772,3,,,1,15,,74793,3,,,1,55,,74733,3,,,1,15,,74753,3,,,1,15,,74773,3,,,1,15,,74794,3,,,1,55,,74734,3,,,1,15,,74754,3,,,1,15,,74774,3,,,1,15,,74795,3,,,1,55,,74735,3,,,1,15,,74755,3,,,1,15,,74775,3,,,1,15,,74796,3,,,1,55,,74736,3,,,1,15,,74756,3,,,1,15,,74776,3,,,1,15,,74797,3,,,1,55,,74737,3,,,1,15,,74757,3,,,1,15,,74777,3,,,1,15,,74798,3,,,1,55,,74738,3,,,1,15,,74758,3,,,1,15,,74778,3,,,1,15,,74799,3,,,1,55,,74739,3,,,1,15,,74759,3,,,1,15,,74779,3,,,1,15,,74800,3,,,1,55,,74740,3,,,1,15,,74760,3,,,1,15,,74780,3,,,1,15,,74801,3,,,1,55,,74741,3,,,1,15,,74761,3,,,1,15,,74781,3,,,1,15,,74802,3,,,1,55,,74742,3,,,1,15,,74762,3,,,1,15,,74782,3,,,1,15,,74803,3,,,1,55,,74743,3,,,1,15,,74763,3,,,1,15,,74783,3,,,1,15,,74804,3,,,1,55,,74744,3,,,1,15,,74764,3,,,1,15,,74784,3,,,1,15,,74805,3,,,1,55,,74745,3,,,1,15,,74765,3,,,1,15,,74785,3,,,1,15,,74806,3,,,1,55,,74746,3,,,1,15,,74766,3,,,1,15,,74786,3,,,1,15,,74807,3,,,1,55,,74747,3,,,1
0,'20261203',507,,74868,3,,,1,15,,74808,3,,,1,20,,74848,3,,,1,15,,74869,3,,,1,55,,74809,3,,,1,15,,74829,3,,,1,15,,74849,3,,,1,15,,74870,3,,,1,55,,74810,3,,,1,15,,74830,3,,,1,15,,74850,3,,,1,15,,74871,3,,,1,55,,74811,3,,,1,15,,74831,3,,,1,15,,74851,3,,,1,15,,74872,3,,,1,55,,74812,3,,,1,15,,74832,3,,,1,15,,74852,3,,,1,15,,74873,3,,,1,55,,74813,3,,,1,15,,74833,3,,,1,15,,74853,3,,,1,15,,74874,3,,,1,55,,74814,3,,,1,15,,74834,3,,,1,15,,74854,3,,,1,15,,74875,3,,,1,55,,74815,3,,,1,15,,74835,3,,,1,15,,74855,3,,,1,15,,74876,3,,,1,55,,74816,3,,,1,15,,74836,3,,,1,15,,74856,3,,,1,15,,74877,3,,,1,55,,74817,3,,,1,15,,74837,3,,,1,15,,74857,3,,,1,15,,74878,3,,,1,55,,74818,3,,,1,15,,74838,3,,,1,15,,74858,3,,,1,15,,74879,3,,,1,55,,74819,3,,,1,15,,74839,3,,,1,15,,74859,3,,,1,15,,74880,3,,,1,55,,74820,3,,,1,15,,74840,3,,,1,15,,74860,3,,,1,15,,74881,3,,,1,55,,74821,3,,,1,15,,74841,3,,,1,15,,74861,3,,,1,15,,74882,3,,,1,55,,74822,3,,,1,15,,74842,3,,,1,15,,74862,3,,,1,15,,74883,3,,,1,55,,74823,3,,,1,15,,74843,3,,,1,15,,74863,3,,,1,15,,74884,3,,,1,55,,74824,3,,,1,15,,74844,3,,,1,15,,74864,3,,,1,15,,74885,3,,,1,55,,74825,3,,,1,15,,74845,3,,,1,15,,74865,3,,,1,15,,74886,3,,,1,55,,74826,3,,,1,15,,74846,3,,,1,15,,74866,3,,,1,15,,74887,3,,,1,55,,74827,3,,,1,15,,74847,3,,,1,15,,74867,3,,,1,15,,74888,3,,,1,55,,74828,3,,,1
0,'20261204',507,,74949,3,,,1,15,,74889,3,,,1,20,,74929,3,,,1,15,,74950,3,,,1,55,,74890,3,,,1,15,,74910,3,,,1,15,,74930,3,,,1,15,,74951,3,,,1,55,,74891,3,,,1,15,,74911,3,,,1,15,,74931,3,,,1,15,,74952,3,,,1,55,,74892,3,,,1,15,,74912,3,,,1,15,,74932,3,,,1,15,,74953,3,,,1,55,,74893,3,,,1,15,,74913,3,,,1,15,,74933,3,,,1,15,,74954,3,,,1,55,,74894,3,,,1,15,,74914,3,,,1,15,,74934,3,,,1,15,,74955,3,,,1,55,,74895,3,,,1,15,,74915,3,,,1,15,,74935,3,,,1,15,,74956,3,,,1,55,,74896,3,,,1,15,,74916,3,,,1,15,,74936,3,,,1,15,,74957,3,,,1,55,,74897,3,,,1,15,,74917,3,,,1,15,,74937,3,,,1,15,,74958,3,,,1,55,,74898,3,,,1,15,,74918,3,,,1,15,,74938,3,,,1,15,,74959,3,,,1,55,,74899,3,,,1,15,,74919,3,,,1,15,,74939,3,,,1,15,,74960,3,,,1,55,,74900,3,,,1,15,,74920,3,,,1,15,,74940,3,,,1,15,,74961,3,,,1,55,,74901,3,,,1,15,,74921,3,,,1,15,,74941,3,,,1,15,,74962,3,,,1,55,,74902,3,,,1,15,,74922,3,,,1,15,,74942,3,,,1,15,,74963,3,,,1,55,,74903,3,,,1,15,,74923,3,,,1,15,,74943,3,,,1,15,,74964,3,,,1,55,,74904,3,,,1,15,,74924,3,,,1,15,,74944,3,,,1,15,,74965,3,,,1,55,,74905,3,,,1,15,,74925,3,,,1,15,,74945,3,,,1,15,,74966,3,,,1,55,,74906,3,,,1,15,,74926,3,,,1,15,,74946,3,,,1,15,,74967,3,,,1,55,,74907,3,,,1,15,,74927,3,,,1,15,,74947,3,,,1,15,,74968,3,,,1,55,,74908,3,,,1,15,,74928,3,,,1,15,,74948,3,,,1,15,,74969,3,,,1,55,,74909,3,,,1
0,'20261205',612,,74970,3,,,1,15,,74990,3,,,1,15,,75009,3,,,1,15,,75028,3,,,1,55,,74971,3,,,1,15,,74991,3,,,1,15,,75010,3,,,1,15,,75029,3,,,1,55,,74972,3,,,1,15,,74992,3,,,1,15,,75011,3,,,1,15,,75030,3,,,1,55,,74973,3,,,1,15,,74993,3,,,1,15,,75012,3,,,1,15,,75031,3,,,1,55,,74974,3,,,1,15,,74994,3,,,1,15,,75013,3,,,1,15,,75032,3,,,1,55,,74975,3,,,1,15,,74995,3,,,1,15,,75014,3,,,1,15,,75033,3,,,1,55,,74976,3,,,1,15,,74996,3,,,1,15,,75015,3,,,1,15,,75034,3,,,1,55,,74977,3,,,1,15,,74997,3,,,1,15,,75016,3,,,1,15,,75035,3,,,1,55,,74978,3,,,1,15,,74998,3,,,1,15,,75017,3,,,1,15,,75036,3,,,1,55,,74979,3,,,1,15,,74999,3,,,1,15,,75018,3,,,1,15,,75037,3,,,1,55,,74980,3,,,1,15,,75000,3,,,1,15,,75019,3,,,1,15,,75038,3,,,1,55,,74981,3,,,1,15,,75001,3,,,1,15,,75020,3,,,1,15,,75039,3,,,1,55,,74982,3,,,1,15,,75002,3,,,1,15,,75021,3,,,1,15,,75040,3,,,1,55,,74983,3,,,1,15,,75003,3,,,1,15,,75022,3,,,1,15,,75041,3,,,1,55,,74984,3,,,1,15,,75004,3,,,1,15,,75023,3,,,1,15,,75042,3,,,1,55,,74985,3,,,1,15,,75005,3,,,1,15,,75024,3,,,1,15,,75043,3,,,1,55,,74986,3,,,1,15,,75006,3,,,1,15,,75025,3,,,1,15,,75044,3,,,1,55,,74987,3,,,1,15,,75007,3,,,1,15,,75026,3,,,1,15,,75045,3,,,1,55,,74988,3,,,1,15,,75008,3,,,1,15,,75027,3,,,1,15,,75046,3,,,1,55,,74989,3,,,1
0,'20261206',612,,75047,3,,,1,15,,75067,3,,,1,15,,75086,3,,,1,15,,75105,3,,,1,55,,75048,3,,,1,15,,75068,3,,,1,15,,75087,3,,,1,15,,75106,3,,,1,55,,75049,3,,,1,15,,75069,3,,,1,15,,75088,3,,,1,15,,75107,3,,,1,55,,75050,3,,,1,15,,75070,3,,,1,15,,75089,3,,,1,15,,75108,3,,,1,55,,75051,3,,,1,15,,75071,3,,,1,15,,75090,3,,,1,15,,75109,3,,,1,55,,75052,3,,,1,15,,75072,3,,,1,15,,75091,3,,,1,15,,75110,3,,,1,55,,75053,3,,,1,15,,75073,3,,,1,15,,75092,3,,,1,15,,75111,3,,,1,55,,75054,3,,,1,15,,75074,3,,,1,15,,75093,3,,,1,15,,75112,3,,,1,55,,75055,3,,,1,15,,75075,3,,,1,15,,75094,3,,,1,15,,75113,3,,,1,55,,75056,3,,,1,15,,75076,3,,,1,15,,75095,3,,,1,15,,75114,3,,,1,55,,75057,3,,,1,15,,75077,3,,,1,15,,75096,3,,,1,15,,75115,3,,,1,55,,75058,3,,,1,15,,75078,3,,,1,15,,75097,3,,,1,15,,75116,3,,,1,55,,75059,3,,,1,15,,75079,3,,,1,15,,75098,3,,,1,15,,75117,3,,,1,55,,75060,3,,,1,15,,75080,3,,,1,15,,75099,3,,,1,15,,75118,3,,,1,55,,75061,3,,,1,15,,75081,3,,,1,15,,75100,3,,,1,15,,75119,3,,,1,55,,75062,3,,,1,15,,75082,3,,,1,15,,75101,3,,,1,15,,75120,3,,,1,55,,75063,3,,,1,15,,75083,3,,,1,15,,75102,3,,,1,15,,75121,3,,,1,55,,75064,3,,,1,15,,75084,3,,,1,15,,75103,3,,,1,15,,75122,3,,,1,55,,75065,3,,,1,15,,75085,3,,,1,15,,75104,3,,,1,15,,75123,3,,,1,55,,75066,3,,,1
0,'20261207',507,,75184,3,,,1,15,,75124,3,,,1,20,,75164,3,,,1,15,,75185,3,,,1,55,,75125,3,,,1,15,,75145,3,,,1,15,,75165,3,,,1,15,,75186,3,,,1,55,,75126,3,,,1,15,,75146,3,,,1,15,,75166,3,,,1,15,,75187,3,,,1,55,,75127,3,,,1,15,,75147,3,,,1,15,,75167,3,,,1,15,,75188,3,,,1,55,,75128,3,,,1,15,,75148,3,,,1,15,,75168,3,,,1,15,,75189,3,,,1,55,,75129,3,,,1,15,,75149,3,,,1,15,,75169,3,,,1,15,,75190,3,,,1,55,,75130,3,,,1,15,,75150,3,,,1,15,,75170,3,,,1,15,,75191,3,,,1,55,,75131,3,,,1,15,,75151,3,,,1,15,,75171,3,,,1,15,,75192,3,,,1,55,,75132,3,,,1,15,,75152,3,,,1,15,,75172,3,,,1,15,,75193,3,,,1,55,,75133,3,,,1,15,,75153,3,,,1,15,,75173,3,,,1,15,,75194,3,,,1,55,,75134,3,,,1,15,,75154,3,,,1,15,,75174,3,,,1,15,,75195,3,,,1,55,,75135,3,,,1,15,,75155,3,,,1,15,,75175,3,,,1,15,,75196,3,,,1,55,,75136,3,,,1,15,,75156,3,,,1,15,,75176,3,,,1,15,,75197,3,,,1,55,,75137,3,,,1,15,,75157,3,,,1,15,,75177,3,,,1,15,,75198,3,,,1,55,,75138,3,,,1,15,,75158,3,,,1,15,,75178,3,,,1,15,,75199,3,,,1,55,,75139,3,,,1,15,,75159,3,,,1,15,,75179,3,,,1,15,,75200,3,,,1,55,,75140,3,,,1,15,,75160,3,,,1,15,,75180,3,,,1,15,,75201,3,,,1,55,,75141,3,,,1,15,,75161,3,,,1,15,,75181,3,,,1,15,,75202,3,,,1,55,,75142,3,,,1,15,,75162,3,,,1,15,,75182,3,,,1,15,,75203,3,,,1,55,,75143,3,,,1,15,,75163,3,,,1,15,,75183,3,,,1,15,,75204,3,,,1,55,,75144,3,,,1
0,'20261208',507,,75265,3,,,1,15,,75205,3,,,1,20,,75245,3,,,1,15,,75266,3,,,1,55,,75206,3,,,1,15,,75226,3,,,1,15,,75246,3,,,1,15,,75267,3,,,1,55,,75207,3,,,1,15,,75227,3,,,1,15,,75247,3,,,1,15,,75268,3,,,1,55,,75208,3,,,1,15,,75228,3,,,1,15,,75248,3,,,1,15,,75269,3,,,1,55,,75209,3,,,1,15,,75229,3,,,1,15,,75249,3,,,1,15,,75270,3,,,1,55,,75210,3,,,1,15,,75230,3,,,1,15,,75250,3,,,1,15,,75271,3,,,1,55,,75211,3,,,1,15,,75231,3,,,1,15,,75251,3,,,1,15,,75272,3,,,1,55,,75212,3,,,1,15,,75232,3,,,1,15,,75252,3,,,1,15,,75273,3,,,1,55,,75213,3,,,1,15,,75233,3,,,1,15,,75253,3,,,1,15,,75274,3,,,1,55,,75214,3,,,1,15,,75234,3,,,1,15,,75254,3,,,1,15,,75275,3,,,1,55,,75215,3,,,1,15,,75235,3,,,1,15,,75255,3,,,1,15,,75276,3,,,1,55,,75216,3,,,1,15,,75236,3,,,1,15,,75256,3,,,1,15,,75277,3,,,1,55,,75217,3,,,1,15,,75237,3,,,1,15,,75257,3,,,1,15,,75278,3,,,1,55,,75218,3,,,1,15,,75238,3,,,1,15,,75258,3,,,1,15,,75279,3,,,1,55,,75219,3,,,1,15,,75239,3,,,1,15,,75259,3,,,1,15,,75280,3,,,1,55,,75220,3,,,1,15,,75240,3,,,1,15,,75260,3,,,1,15,,75281,3,,,1,55,,75221,3,,,1,15,,75241,3,,,1,15,,75261,3,,,1,15,,75282,3,,,1,55,,75222,3,,,1,15,,75242,3,,,1,15,,75262,3,,,1,15,,75283,3,,,1,55,,75223,3,,,1,15,,75243,3,,,1,15,,75263,3,,,1,15,,75284,3,,,1,55,,75224,3,,,1,15,,75244,3,,,1,15,,75264,3,,,1,15,,75285,3,,,1,55,,75225,3,,,1
0,'20261209',507,,75346,3,,,1,15,,75286,3,,,1,20,,75326,3,,,1,15,,75347,3,,,1,55,,75287,3,,,1,15,,75307,3,,,1,15,,75327,3,,,1,15,,75348,3,,,1,55,,75288,3,,,1,15,,75308,3,,,1,15,,75328,3,,,1,15,,75349,3,,,1,55,,75289,3,,,1,15,,75309,3,,,1,15,,75329,3,,,1,15,,75350,3,,,1,55,,75290,3,,,1,15,,75310,3,,,1,15,,75330,3,,,1,15,,75351,3,,,1,55,,75291,3,,,1,15,,75311,3,,,1,15,,75331,3,,,1,15,,75352,3,,,1,55,,75292,3,,,1,15,,75312,3,,,1,15,,75332,3,,,1,15,,75353,3,,,1,55,,75293,3,,,1,15,,75313,3,,,1,15,,75333,3,,,1,15,,75354,3,,,1,55,,75294,3,,,1,15,,75314,3,,,1,15,,75334,3,,,1,15,,75355,3,,,1,55,,75295,3,,,1,15,,75315,3,,,1,15,,75335,3,,,1,15,,75356,3,,,1,55,,75296,3,,,1,15,,75316,3,,,1,15,,75336,3,,,1,15,,75357,3,,,1,55,,75297,3,,,1,15,,75317,3,,,1,15,,75337,3,,,1,15,,75358,3,,,1,55,,75298,3,,,1,15,,75318,3,,,1,15,,75338,3,,,1,15,,75359,3,,,1,55,,75299,3,,,1,15,,75319,3,,,1,15,,75339,3,,,1,15,,75360,3,,,1,55,,75300,3,,,1,15,,75320,3,,,1,15,,75340,3,,,1,15,,75361,3,,,1,55,,75301,3,,,1,15,,75321,3,,,1,15,,75341,3,,,1,15,,75362,3,,,1,55,,75302,3,,,1,15,,75322,3,,,1,15,,75342,3,,,1,15,,75363,3,,,1,55,,75303,3,,,1,15,,75323,3,,,1,15,,75343,3,,,1,15,,75364,3,,,1,55,,75304,3,,,1,15,,75324,3,,,1,15,,75344,3,,,1,15,,75365,3,,,1,55,,75305,3,,,1,15,,75325,3,,,1,15,,75345,3,,,1,15,,75366,3,,,1,55,,75306,3,,,1
0,'20261210',507,,75427,3,,,1,15,,75367,3,,,1,20,,75407,3,,,1,15,,75428,3,,,1,55,,75368,3,,,1,15,,75388,3,,,1,15,,75408,3,,,1,15,,75429,3,,,1,55,,75369,3,,,1,15,,75389,3,,,1,15,,75409,3,,,1,15,,75430,3,,,1,55,,75370,3,,,1,15,,75390,3,,,1,15,,75410,3,,,1,15,,75431,3,,,1,55,,75371,3,,,1,15,,75391,3,,,1,15,,75411,3,,,1,15,,75432,3,,,1,55,,75372,3,,,1,15,,75392,3,,,1,15,,75412,3,,,1,15,,75433,3,,,1,55,,75373,3,,,1,15,,75393,3,,,1,15,,75413,3,,,1,15,,75434,3,,,1,55,,75374,3,,,1,15,,75394,3,,,1,15,,75414,3,,,1,15,,75435,3,,,1,55,,75375,3,,,1,15,,75395,3,,,1,15,,75415,3,,,1,15,,75436,3,,,1,55,,75376,3,,,1,15,,75396,3,,,1,15,,75416,3,,,1,15,,75437,3,,,1,55,,75377,3,,,1,15,,75397,3,,,1,15,,75417,3,,,1,15,,75438,3,,,1,55,,75378,3,,,1,15,,75398,3,,,1,15,,75418,3,,,1,15,,75439,3,,,1,55,,75379,3,,,1,15,,75399,3,,,1,15,,75419,3,,,1,15,,75440,3,,,1,55,,75380,3,,,1,15,,75400,3,,,1,15,,75420,3,,,1,15,,75441,3,,,1,55,,75381,3,,,1,15,,75401,3,,,1,15,,75421,3,,,1,15,,75442,3,,,1,55,,75382,3,,,1,15,,75402,3,,,1,15,,75422,3,,,1,15,,75443,3,,,1,55,,75383,3,,,1,15,,75403,3,,,1,15,,75423,3,,,1,15,,75444,3,,,1,55,,75384,3,,,1,15,,75404,3,,,1,15,,75424,3,,,1,15,,75445,3,,,1,55,,75385,3,,,1,15,,75405,3,,,1,15,,75425,3,,,1,15,,75446,3,,,1,55,,75386,3,,,1,15,,75406,3,,,1,15,,75426,3,,,1,15,,75447,3,,,1,55,,75387,3,,,1
0,'20261211',507,,75508,3,,,1,15,,75448,3,,,1,20,,75488,3,,,1,15,,75509,3,,,1,55,,75449,3,,,1,15,,75469,3,,,1,15,,75489,3,,,1,15,,75510,3,,,1,55,,75450,3,,,1,15,,75470,3,,,1,15,,75490,3,,,1,15,,75511,3,,,1,55,,75451,3,,,1,15,,75471,3,,,1,15,,75491,3,,,1,15,,75512,3,,,1,55,,75452,3,,,1,15,,75472,3,,,1,15,,75492,3,,,1,15,,75513,3,,,1,55,,75453,3,,,1,15,,75473,3,,,1,15,,75493,3,,,1,15,,75514,3,,,1,55,,75454,3,,,1,15,,75474,3,,,1,15,,75494,3,,,1,15,,75515,3,,,1,55,,75455,3,,,1,15,,75475,3,,,1,15,,75495,3,,,1,15,,75516,3,,,1,55,,75456,3,,,1,15,,75476,3,,,1,15,,75496,3,,,1,15,,75517,3,,,1,55,,75457,3,,,1,15,,75477,3,,,1,15,,75497,3,,,1,15,,75518,3,,,1,55,,75458,3,,,1,15,,75478,3,,,1,15,,75498,3,,,1,15,,75519,3,,,1,55,,75459,3,,,1,15,,75479,3,,,1,15,,75499,3,,,1,15,,75520,3,,,1,55,,75460,3,,,1,15,,75480,3,,,1,15,,75500,3,,,1,15,,75521,3,,,1,55,,75461,3,,,1,15,,75481,3,,,1,15,,75501,3,,,1,15,,75522,3,,,1,55,,75462,3,,,1,15,,75482,3,,,1,15,,75502,3,,,1,15,,75523,3,,,1,55,,75463,3,,,1,15,,75483,3,,,1,15,,75503,3,,,1,15,,75524,3,,,1,55,,75464,3,,,1,15,,75484,3,,,1,15,,75504,3,,,1,15,,75525,3,,,1,55,,75465,3,,,1,15,,75485,3,,,1,15,,75505,3,,,1,15,,75526,3,,,1,55,,75466,3,,,1,15,,75486,3,,,1,15,,75506,3,,,1,15,,75527,3,,,1,55,,75467,3,,,1,15,,75487,3,,,1,15,,75507,3,,,1,15,,75528,3,,,1,55,,75468,3,,,1
0,'20261212',612,,75529,3,,,1,15,,75549,3,,,1,15,,75568,3,,,1,15,,75587,3,,,1,55,,75530,3,,,1,15,,75550,3,,,1,15,,75569,3,,,1,15,,75588,3,,,1,55,,75531,3,,,1,15,,75551,3,,,1,15,,75570,3,,,1,15,,75589,3,,,1,55,,75532,3,,,1,15,,75552,3,,,1,15,,75571,3,,,1,15,,75590,3,,,1,55,,75533,3,,,1,15,,75553,3,,,1,15,,75572,3,,,1,15,,75591,3,,,1,55,,75534,3,,,1,15,,75554,3,,,1,15,,75573,3,,,1,15,,75592,3,,,1,55,,75535,3,,,1,15,,75555,3,,,1,15,,75574,3,,,1,15,,75593,3,,,1,55,,75536,3,,,1,15,,75556,3,,,1,15,,75575,3,,,1,15,,75594,3,,,1,55,,75537,3,,,1,15,,75557,3,,,1,15,,75576,3,,,1,15,,75595,3,,,1,55,,75538,3,,,1,15,,75558,3,,,1,15,,75577,3,,,1,15,,75596,3,,,1,55,,75539,3,,,1,15,,75559,3,,,1,15,,75578,3,,,1,15,,75597,3,,,1,55,,75540,3,,,1,15,,75560,3,,,1,15,,75579,3,,,1,15,,75598,3,,,1,55,,75541,3,,,1,15,,75561,3,,,1,15,,75580,3,,,1,15,,75599,3,,,1,55,,75542,3,,,1,15,,75562,3,,,1,15,,75581,3,,,1,15,,75600,3,,,1,55,,75543,3,,,1,15,,75563,3,,,1,15,,75582,3,,,1,15,,75601,3,,,1,55,,75544,3,,,1,15,,75564,3,,,1,15,,75583,3,,,1,15,,75602,3,,,1,55,,75545,3,,,1,15,,75565,3,,,1,15,,75584,3,,,1,15,,75603,3,,,1,55,,75546,3,,,1,15,,75566,3,,,1,15,,75585,3,,,1,15,,75604,3,,,1,55,,75547,3,,,1,15,,75567,3,,,1,15,,75586,3,,,1,15,,75605,3,,,1,55,,75548,3,,,1
0,'20261213',612,,75606,3,,,1,15,,75626,3,,,1,15,,75645,3,,,1,15,,75664,3,,,1,55,,75607,3,,,1,15,,75627,3,,,1,15,,75646,3,,,1,15,,75665,3,,,1,55,,75608,3,,,1,15,,75628,3,,,1,15,,75647,3,,,1,15,,75666,3,,,1,55,,75609,3,,,1,15,,75629,3,,,1,15,,75648,3,,,1,15,,75667,3,,,1,55,,75610,3,,,1,15,,75630,3,,,1,15,,75649,3,,,1,15,,75668,3,,,1,55,,75611,3,,,1,15,,75631,3,,,1,15,,75650,3,,,1,15,,75669,3,,,1,55,,75612,3,,,1,15,,75632,3,,,1,15,,75651,3,,,1,15,,75670,3,,,1,55,,75613,3,,,1,15,,75633,3,,,1,15,,75652,3,,,1,15,,75671,3,,,1,55,,75614,3,,,1,15,,75634,3,,,1,15,,75653,3,,,1,15,,75672,3,,,1,55,,75615,3,,,1,15,,75635,3,,,1,15,,75654,3,,,1,15,,75673,3,,,1,55,,75616,3,,,1,15,,75636,3,,,1,15,,75655,3,,,1,15,,75674,3,,,1,55,,75617,3,,,1,15,,75637,3,,,1,15,,75656,3,,,1,15,,75675,3,,,1,55,,75618,3,,,1,15,,75638,3,,,1,15,,75657,3,,,1,15,,75676,3,,,1,55,,75619,3,,,1,15,,75639,3,,,1,15,,75658,3,,,1,15,,75677,3,,,1,55,,75620,3,,,1,15,,75640,3,,,1,15,,75659,3,,,1,15,,75678,3,,,1,55,,75621,3,,,1,15,,75641,3,,,1,15,,75660,3,,,1,15,,75679,3,,,1,55,,75622,3,,,1,15,,75642,3,,,1,15,,75661,3,,,1,15,,75680,3,,,1,55,,75623,3,,,1,15,,75643,3,,,1,15,,75662,3,,,1,15,,75681,3,,,1,55,,75624,3,,,1,15,,75644,3,,,1,15,,75663,3,,,1,15,,75682,3,,,1,55,,75625,3,,,1
0,'20261214',507,,75743,3,,,1,15,,75683,3,,,1,20,,75723,3,,,1,15,,75744,3,,,1,55,,75684,3,,,1,15,,75704,3,,,1,15,,75724,3,,,1,15,,75745,3,,,1,55,,75685,3,,,1,15,,75705,3,,,1,15,,75725,3,,,1,15,,75746,3,,,1,55,,75686,3,,,1,15,,75706,3,,,1,15,,75726,3,,,1,15,,75747,3,,,1,55,,75687,3,,,1,15,,75707,3,,,1,15,,75727,3,,,1,15,,75748,3,,,1,55,,75688,3,,,1,15,,75708,3,,,1,15,,75728,3,,,1,15,,75749,3,,,1,55,,75689,3,,,1,15,,75709,3,,,1,15,,75729,3,,,1,15,,75750,3,,,1,55,,75690,3,,,1,15,,75710,3,,,1,15,,75730,3,,,1,15,,75751,3,,,1,55,,75691,3,,,1,15,,75711,3,,,1,15,,75731,3,,,1,15,,75752,3,,,1,55,,75692,3,,,1,15,,75712,3,,,1,15,,75732,3,,,1,15,,75753,3,,,1,55,,75693,3,,,1,15,,75713,3,,,1,15,,75733,3,,,1,15,,75754,3,,,1,55,,75694,3,,,1,15,,75714,3,,,1,15,,75734,3,,,1,15,,75755,3,,,1,55,,75695,3,,,1,15,,75715,3,,,1,15,,75735,3,,,1,15,,75756,3,,,1,55,,75696,3,,,1,15,,75716,3,,,1,15,,75736,3,,,1,15,,75757,3,,,1,55,,75697,3,,,1,15,,75717,3,,,1,15,,75737,3,,,1,15,,75758,3,,,1,55,,75698,3,,,1,15,,75718,3,,,1,15,,75738,3,,,1,15,,75759,3,,,1,55,,75699,3,,,1,15,,75719,3,,,1,15,,75739,3,,,1,15,,75760,3,,,1,55,,75700,3,,,1,15,,75720,3,,,1,15,,75740,3,,,1,15,,75761,3,,,1,55,,75701,3,,,1,15,,75721,3,,,1,15,,75741,3,,,1,15,,75762,3,,,1,55,,75702,3,,,1,15,,75722,3,,,1,15,,75742,3,,,1,15,,75763,3,,,1,55,,75703,3,,,1
0,'20261215',507,,75824,3,,,1,15,,75764,3,,,1,20,,75804,3,,,1,15,,75825,3,,,1,55,,75765,3,,,1,15,,75785,3,,,1,15,,75805,3,,,1,15,,75826,3,,,1,55,,75766,3,,,1,15,,75786,3,,,1,15,,75806,3,,,1,15,,75827,3,,,1,55,,75767,3,,,1,15,,75787,3,,,1,15,,75807,3,,,1,15,,75828,3,,,1,55,,75768,3,,,1,15,,75788,3,,,1,15,,75808,3,,,1,15,,75829,3,,,1,55,,75769,3,,,1,15,,75789,3,,,1,15,,75809,3,,,1,15,,75830,3,,,1,55,,75770,3,,,1,15,,75790,3,,,1,15,,75810,3,,,1,15,,75831,3,,,1,55,,75771,3,,,1,15,,75791,3,,,1,15,,75811,3,,,1,15,,75832,3,,,1,55,,75772,3,,,1,15,,75792,3,,,1,15,,75812,3,,,1,15,,75833,3,,,1,55,,75773,3,,,1,15,,75793,3,,,1,15,,75813,3,,,1,15,,75834,3,,,1,55,,75774,3,,,1,15,,75794,3,,,1,15,,75814,3,,,1,15,,75835,3,,,1,55,,75775,3,,,1,15,,75795,3,,,1,15,,75815,3,,,1,15,,75836,3,,,1,55,,75776,3,,,1,15,,75796,3,,,1,15,,75816,3,,,1,15,,75837,3,,,1,55,,75777,3,,,1,15,,75797,3,,,1,15,,75817,3,,,1,15,,75838,3,,,1,55,,75778,3,,,1,15,,75798,3,,,1,15,,75818,3,,,1,15,,75839,3,,,1,55,,75779,3,,,1,15,,75799,3,,,1,15,,75819,3,,,1,15,,75840,3,,,1,55,,75780,3,,,1,15,,75800,3,,,1,15,,75820,3,,,1,15,,75841,3,,,1,55,,75781,3,,,1,15,,75801,3,,,1,15,,75821,3,,,1,15,,75842,3,,,1,55,,75782,3,,,1,15,,75802,3,,,1,15,,75822,3,,,1,15,,75843,3,,,1,55,,75783,3,,,1,15,,75803,3,,,1,15,,75823,3,,,1,15,,75844,3,,,1,55,,75784,3,,,1
0,'20261216',507,,75905,3,,,1,15,,75845,3,,,1,20,,75885,3,,,1,15,,75906,3,,,1,55,,75846,3,,,1,15,,75866,3,,,1,15,,75886,3,,,1,15,,75907,3,,,1,55,,75847,3,,,1,15,,75867,3,,,1,15,,75887,3,,,1,15,,75908,3,,,1,55,,75848,3,,,1,15,,75868,3,,,1,15,,75888,3,,,1,15,,75909,3,,,1,55,,75849,3,,,1,15,,75869,3,,,1,15,,75889,3,,,1,15,,75910,3,,,1,55,,75850,3,,,1,15,,75870,3,,,1,15,,75890,3,,,1,15,,75911,3,,,1,55,,75851,3,,,1,15,,75871,3,,,1,15,,75891,3,,,1,15,,75912,3,,,1,55,,75852,3,,,1,15,,75872,3,,,1,15,,75892,3,,,1,15,,75913,3,,,1,55,,75853,3,,,1,15,,75873,3,,,1,15,,75893,3,,,1,15,,75914,3,,,1,55,,75854,3,,,1,15,,75874,3,,,1,15,,75894,3,,,1,15,,75915,3,,,1,55,,75855,3,,,1,15,,75875,3,,,1,15,,75895,3,,,1,15,,75916,3,,,1,55,,75856,3,,,1,15,,75876,3,,,1,15,,75896,3,,,1,15,,75917,3,,,1,55,,75857,3,,,1,15,,75877,3,,,1,15,,75897,3,,,1,15,,75918,3,,,1,55,,75858,3,,,1,15,,75878,3,,,1,15,,75898,3,,,1,15,,75919,3,,,1,55,,75859,3,,,1,15,,75879,3,,,1,15,,75899,3,,,1,15,,75920,3,,,1,55,,75860,3,,,1,15,,75880,3,,,1,15,,75900,3,,,1,15,,75921,3,,,1,55,,75861,3,,,1,15,,75881,3,,,1,15,,75901,3,,,1,15,,75922,3,,,1,55,,75862,3,,,1,15,,75882,3,,,1,15,,75902,3,,,1,15,,75923,3,,,1,55,,75863,3,,,1,15,,75883,3,,,1,15,,75903,3,,,1,15,,75924,3,,,1,55,,75864,3,,,1,15,,75884,3,,,1,15,,75904,3,,,1,15,,75925,3,,,1,55,,75865,3,,,1
0,'20261217',507,,75986,3,,,1,15,,75926,3,,,1,20,,75966,3,,,1,15,,75987,3,,,1,55,,75927,3,,,1,15,,75947,3,,,1,15,,75967,3,,,1,15,,75988,3,,,1,55,,75928,3,,,1,15,,75948,3,,,1,15,,75968,3,,,1,15,,75989,3,,,1,55,,75929,3,,,1,15,,75949,3,,,1,15,,75969,3,,,1,15,,75990,3,,,1,55,,75930,3,,,1,15,,75950,3,,,1,15,,75970,3,,,1,15,,75991,3,,,1,55,,75931,3,,,1,15,,75951,3,,,1,15,,75971,3,,,1,15,,75992,3,,,1,55,,75932,3,,,1,15,,75952,3,,,1,15,,75972,3,,,1,15,,75993,3,,,1,55,,75933,3,,,1,15,,75953,3,,,1,15,,75973,3,,,1,15,,75994,3,,,1,55,,75934,3,,,1,15,,75954,3,,,1,15,,75974,3,,,1,15,,75995,3,,,1,55,,75935,3,,,1,15,,75955,3,,,1,15,,75975,3,,,1,15,,75996,3,,,1,55,,75936,3,,,1,15,,75956,3,,,1,15,,75976,3,,,1,15,,75997,3,,,1,55,,75937,3,,,1,15,,75957,3,,,1,15,,75977,3,,,1,15,,75998,3,,,1,55,,75938,3,,,1,15,,75958,3,,,1,15,,75978,3,,,1,15,,75999,3,,,1,55,,75939,3,,,1,15,,75959,3,,,1,15,,75979,3,,,1,15,,76000,3,,,1,55,,75940,3,,,1,15,,75960,3,,,1,15,,75980,3,,,1,15,,76001,3,,,1,55,,75941,3,,,1,15,,75961,3,,,1,15,,75981,3,,,1,15,,76002,3,,,1,55,,75942,3,,,1,15,,75962,3,,,1,15,,75982,3,,,1,15,,76003,3,,,1,55,,75943,3,,,1,15,,75963,3,,,1,15,,75983,3,,,1,15,,76004,3,,,1,55,,75944,3,,,1,15,,75964,3,,,1,15,,75984,3,,,1,15,,76005,3,,,1,55,,75945,3,,,1,15,,75965,3,,,1,15,,75985,3,,,1,15,,76006,3,,,1,55,,75946,3,,,1
0,'20261218',507,,76067,3,,,1,15,,76007,3,,,1,20,,76047,3,,,1,15,,76068,3,,,1,55,,76008,3,,,1,15,,76028,3,,,1,15,,76048,3,,,1,15,,76069,3,,,1,55,,76009,3,,,1,15,,76029,3,,,1,15,,76049,3,,,1,15,,76070,3,,,1,55,,76010,3,,,1,15,,76030,3,,,1,15,,76050,3,,,1,15,,76071,3,,,1,55,,76011,3,,,1,15,,76031,3,,,1,15,,76051,3,,,1,15,,76072,3,,,1,55,,76012,3,,,1,15,,76032,3,,,1,15,,76052,3,,,1,15,,76073,3,,,1,55,,76013,3,,,1,15,,76033,3,,,1,15,,76053,3,,,1,15,,76074,3,,,1,55,,76014,3,,,1,15,,76034,3,,,1,15,,76054,3,,,1,15,,76075,3,,,1,55,,76015,3,,,1,15,,76035,3,,,1,15,,76055,3,,,1,15,,76076,3,,,1,55,,76016,3,,,1,15,,76036,3,,,1,15,,76056,3,,,1,15,,76077,3,,,1,55,,76017,3,,,1,15,,76037,3,,,1,15,,76057,3,,,1,15,,76078,3,,,1,55,,76018,3,,,1,15,,76038,3,,,1,15,,76058,3,,,1,15,,76079,3,,,1,55,,76019,3,,,1,15,,76039,3,,,1,15,,76059,3,,,1,15,,76080,3,,,1,55,,76020,3,,,1,15,,76040,3,,,1,15,,76060,3,,,1,15,,76081,3,,,1,55,,76021,3,,,1,15,,76041,3,,,1,15,,76061,3,,,1,15,,76082,3,,,1,55,,76022,3,,,1,15,,76042,3,,,1,15,,76062,3,,,1,15,,76083,3,,,1,55,,76023,3,,,1,15,,76043,3,,,1,15,,76063,3,,,1,15,,76084,3,,,1,55,,76024,3,,,1,15,,76044,3,,,1,15,,76064,3,,,1,15,,76085,3,,,1,55,,76025,3,,,1,15,,76045,3,,,1,15,,76065,3,,,1,15,,76086,3,,,1,55,,76026,3,,,1,15,,76046,3,,,1,15,,76066,3,,,1,15,,76087,3,,,1,55,,76027,3,,,1
0,'20261219',612,,76088,3,,,1,15,,76108,3,,,1,15,,76127,3,,,1,15,,76146,3,,,1,55,,76089,3,,,1,15,,76109,3,,,1,15,,76128,3,,,1,15,,76147,3,,,1,55,,76090,3,,,1,15,,76110,3,,,1,15,,76129,3,,,1,15,,76148,3,,,1,55,,76091,3,,,1,15,,76111,3,,,1,15,,76130,3,,,1,15,,76149,3,,,1,55,,76092,3,,,1,15,,76112,3,,,1,15,,76131,3,,,1,15,,76150,3,,,1,55,,76093,3,,,1,15,,76113,3,,,1,15,,76132,3,,,1,15,,76151,3,,,1,55,,76094,3,,,1,15,,76114,3,,,1,15,,76133,3,,,1,15,,76152,3,,,1,55,,76095,3,,,1,15,,76115,3,,,1,15,,76134,3,,,1,15,,76153,3,,,1,55,,76096,3,,,1,15,,76116,3,,,1,15,,76135,3,,,1,15,,76154,3,,,1,55,,76097,3,,,1,15,,76117,3,,,1,15,,76136,3,,,1,15,,76155,3,,,1,55,,76098,3,,,1,15,,76118,3,,,1,15,,76137,3,,,1,15,,76156,3,,,1,55,,76099,3,,,1,15,,76119,3,,,1,15,,76138,3,,,1,15,,76157,3,,,1,55,,76100,3,,,1,15,,76120,3,,,1,15,,76139,3,,,1,15,,76158,3,,,1,55,,76101,3,,,1,15,,76121,3,,,1,15,,76140,3,,,1,15,,76159,3,,,1,55,,76102,3,,,1,15,,76122,3,,,1,15,,76141,3,,,1,15,,76160,3,,,1,55,,76103,3,,,1,15,,76123,3,,,1,15,,76142,3,,,1,15,,76161,3,,,1,55,,76104,3,,,1,15,,76124,3,,,1,15,,76143,3,,,1,15,,76162,3,,,1,55,,76105,3,,,1,15,,76125,3,,,1,15,,76144,3,,,1,15,,76163,3,,,1,55,,76106,3,,,1,15,,76126,3,,,1,15,,76145,3,,,1,15,,76164,3,,,1,55,,76107,3,,,1
0,'20261220',612,,76165,3,,,1,15,,76185,3,,,1,15,,76204,3,,,1,15,,76223,3,,,1,55,,76166,3,,,1,15,,76186,3,,,1,15,,76205,3,,,1,15,,76224,3,,,1,55,,76167,3,,,1,15,,76187,3,,,1,15,,76206,3,,,1,15,,76225,3,,,1,55,,76168,3,,,1,15,,76188,3,,,1,15,,76207,3,,,1,15,,76226,3,,,1,55,,76169,3,,,1,15,,76189,3,,,1,15,,76208,3,,,1,15,,76227,3,,,1,55,,76170,3,,,1,15,,76190,3,,,1,15,,76209,3,,,1,15,,76228,3,,,1,55,,76171,3,,,1,15,,76191,3,,,1,15,,76210,3,,,1,15,,76229,3,,,1,55,,76172,3,,,1,15,,76192,3,,,1,15,,76211,3,,,1,15,,76230,3,,,1,55,,76173,3,,,1,15,,76193,3,,,1,15,,76212,3,,,1,15,,76231,3,,,1,55,,76174,3,,,1,15,,76194,3,,,1,15,,76213,3,,,1,15,,76232,3,,,1,55,,76175,3,,,1,15,,76195,3,,,1,15,,76214,3,,,1,15,,76233,3,,,1,55,,76176,3,,,1,15,,76196,3,,,1,15,,76215,3,,,1,15,,76234,3,,,1,55,,76177,3,,,1,15,,76197,3,,,1,15,,76216,3,,,1,15,,76235,3,,,1,55,,76178,3,,,1,15,,76198,3,,,1,15,,76217,3,,,1,15,,76236,3,,,1,55,,76179,3,,,1,15,,76199,3,,,1,15,,76218,3,,,1,15,,76237,3,,,1,55,,76180,3,,,1,15,,76200,3,,,1,15,,76219,3,,,1,15,,76238,3,,,1,55,,76181,3,,,1,15,,76201,3,,,1,15,,76220,3,,,1,15,,76239,3,,,1,55,,76182,3,,,1,15,,76202,3,,,1,15,,76221,3,,,1,15,,76240,3,,,1,55,,76183,3,,,1,15,,76203,3,,,1,15,,76222,3,,,1,15,,76241,3,,,1,55,,76184,3,,,1
0,'20261221',507,,76302,3,,,1,15,,76242,3,,,1,20,,76282,3,,,1,15,,76303,3,,,1,55,,76243,3,,,1,15,,76263,3,,,1,15,,76283,3,,,1,15,,76304,3,,,1,55,,76244,3,,,1,15,,76264,3,,,1,15,,76284,3,,,1,15,,76305,3,,,1,55,,76245,3,,,1,15,,76265,3,,,1,15,,76285,3,,,1,15,,76306,3,,,1,55,,76246,3,,,1,15,,76266,3,,,1,15,,76286,3,,,1,15,,76307,3,,,1,55,,76247,3,,,1,15,,76267,3,,,1,15,,76287,3,,,1,15,,76308,3,,,1,55,,76248,3,,,1,15,,76268,3,,,1,15,,76288,3,,,1,15,,76309,3,,,1,55,,76249,3,,,1,15,,76269,3,,,1,15,,76289,3,,,1,15,,76310,3,,,1,55,,76250,3,,,1,15,,76270,3,,,1,15,,76290,3,,,1,15,,76311,3,,,1,55,,76251,3,,,1,15,,76271,3,,,1,15,,76291,3,,,1,15,,76312,3,,,1,55,,76252,3,,,1,15,,76272,3,,,1,15,,76292,3,,,1,15,,76313,3,,,1,55,,76253,3,,,1,15,,76273,3,,,1,15,,76293,3,,,1,15,,76314,3,,,1,55,,76254,3,,,1,15,,76274,3,,,1,15,,76294,3,,,1,15,,76315,3,,,1,55,,76255,3,,,1,15,,76275,3,,,1,15,,76295,3,,,1,15,,76316,3,,,1,55,,76256,3,,,1,15,,76276,3,,,1,15,,76296,3,,,1,15,,76317,3,,,1,55,,76257,3,,,1,15,,76277,3,,,1,15,,76297,3,,,1,15,,76318,3,,,1,55,,76258,3,,,1,15,,76278,3,,,1,15,,76298,3,,,1,15,,76319,3,,,1,55,,76259,3,,,1,15,,76279,3,,,1,15,,76299,3,,,1,15,,76320,3,,,1,55,,76260,3,,,1,15,,76280,3,,,1,15,,76300,3,,,1,15,,76321,3,,,1,55,,76261,3,,,1,15,,76281,3,,,1,15,,76301,3,,,1,15,,76322,3,,,1,55,,76262,3,,,1
0,'20261222',507,,76383,3,,,1,15,,76323,3,,,1,20,,76363,3,,,1,15,,76384,3,,,1,55,,76324,3,,,1,15,,76344,3,,,1,15,,76364,3,,,1,15,,76385,3,,,1,55,,76325,3,,,1,15,,76345,3,,,1,15,,76365,3,,,1,15,,76386,3,,,1,55,,76326,3,,,1,15,,76346,3,,,1,15,,76366,3,,,1,15,,76387,3,,,1,55,,76327,3,,,1,15,,76347,3,,,1,15,,76367,3,,,1,15,,76388,3,,,1,55,,76328,3,,,1,15,,76348,3,,,1,15,,76368,3,,,1,15,,76389,3,,,1,55,,76329,3,,,1,15,,76349,3,,,1,15,,76369,3,,,1,15,,76390,3,,,1,55,,76330,3,,,1,15,,76350,3,,,1,15,,76370,3,,,1,15,,76391,3,,,1,55,,76331,3,,,1,15,,76351,3,,,1,15,,76371,3,,,1,15,,76392,3,,,1,55,,76332,3,,,1,15,,76352,3,,,1,15,,76372,3,,,1,15,,76393,3,,,1,55,,76333,3,,,1,15,,76353,3,,,1,15,,76373,3,,,1,15,,76394,3,,,1,55,,76334,3,,,1,15,,76354,3,,,1,15,,76374,3,,,1,15,,76395,3,,,1,55,,76335,3,,,1,15,,76355,3,,,1,15,,76375,3,,,1,15,,76396,3,,,1,55,,76336,3,,,1,15,,76356,3,,,1,15,,76376,3,,,1,15,,76397,3,,,1,55,,76337,3,,,1,15,,76357,3,,,1,15,,76377,3,,,1,15,,76398,3,,,1,55,,76338,3,,,1,15,,76358,3,,,1,15,,76378,3,,,1,15,,76399,3,,,1,55,,76339,3,,,1,15,,76359,3,,,1,15,,76379,3,,,1,15,,76400,3,,,1,55,,76340,3,,,1,15,,76360,3,,,1,15,,76380,3,,,1,15,,76401,3,,,1,55,,76341,3,,,1,15,,76361,3,,,1,15,,76381,3,,,1,15,,76402,3,,,1,55,,76342,3,,,1,15,,76362,3,,,1,15,,76382,3,,,1,15,,76403,3,,,1,55,,76343,3,,,1
0,'20261223',507,,76464,3,,,1,15,,76404,3,,,1,20,,76444,3,,,1,15,,76465,3,,,1,55,,76405,3,,,1,15,,76425,3,,,1,15,,76445,3,,,1,15,,76466,3,,,1,55,,76406,3,,,1,15,,76426,3,,,1,15,,76446,3,,,1,15,,76467,3,,,1,55,,76407,3,,,1,15,,76427,3,,,1,15,,76447,3,,,1,15,,76468,3,,,1,55,,76408,3,,,1,15,,76428,3,,,1,15,,76448,3,,,1,15,,76469,3,,,1,55,,76409,3,,,1,15,,76429,3,,,1,15,,76449,3,,,1,15,,76470,3,,,1,55,,76410,3,,,1,15,,76430,3,,,1,15,,76450,3,,,1,15,,76471,3,,,1,55,,76411,3,,,1,15,,76431,3,,,1,15,,76451,3,,,1,15,,76472,3,,,1,55,,76412,3,,,1,15,,76432,3,,,1,15,,76452,3,,,1,15,,76473,3,,,1,55,,76413,3,,,1,15,,76433,3,,,1,15,,76453,3,,,1,15,,76474,3,,,1,55,,76414,3,,,1,15,,76434,3,,,1,15,,76454,3,,,1,15,,76475,3,,,1,55,,76415,3,,,1,15,,76435,3,,,1,15,,76455,3,,,1,15,,76476,3,,,1,55,,76416,3,,,1,15,,76436,3,,,1,15,,76456,3,,,1,15,,76477,3,,,1,55,,76417,3,,,1,15,,76437,3,,,1,15,,76457,3,,,1,15,,76478,3,,,1,55,,76418,3,,,1,15,,76438,3,,,1,15,,76458,3,,,1,15,,76479,3,,,1,55,,76419,3,,,1,15,,76439,3,,,1,15,,76459,3,,,1,15,,76480,3,,,1,55,,76420,3,,,1,15,,76440,3,,,1,15,,76460,3,,,1,15,,76481,3,,,1,55,,76421,3,,,1,15,,76441,3,,,1,15,,76461,3,,,1,15,,76482,3,,,1,55,,76422,3,,,1,15,,76442,3,,,1,15,,76462,3,,,1,15,,76483,3,,,1,55,,76423,3,,,1,15,,76443,3,,,1,15,,76463,3,,,1,15,,76484,3,,,1,55,,76424,3,,,1
0,'20261224',507,,76545,3,,,1,15,,76485,3,,,1,20,,76525,3,,,1,15,,76546,3,,,1,55,,76486,3,,,1,15,,76506,3,,,1,15,,76526,3,,,1,15,,76547,3,,,1,55,,76487,3,,,1,15,,76507,3,,,1,15,,76527,3,,,1,15,,76548,3,,,1,55,,76488,3,,,1,15,,76508,3,,,1,15,,76528,3,,,1,15,,76549,3,,,1,55,,76489,3,,,1,15,,76509,3,,,1,15,,76529,3,,,1,15,,76550,3,,,1,55,,76490,3,,,1,15,,76510,3,,,1,15,,76530,3,,,1,15,,76551,3,,,1,55,,76491,3,,,1,15,,76511,3,,,1,15,,76531,3,,,1,15,,76552,3,,,1,55,,76492,3,,,1,15,,76512,3,,,1,15,,76532,3,,,1,15,,76553,3,,,1,55,,76493,3,,,1,15,,76513,3,,,1,15,,76533,3,,,1,15,,76554,3,,,1,55,,76494,3,,,1,15,,76514,3,,,1,15,,76534,3,,,1,15,,76555,3,,,1,55,,76495,3,,,1,15,,76515,3,,,1,15,,76535,3,,,1,15,,76556,3,,,1,55,,76496,3,,,1,15,,76516,3,,,1,15,,76536,3,,,1,15,,76557,3,,,1,55,,76497,3,,,1,15,,76517,3,,,1,15,,76537,3,,,1,15,,76558,3,,,1,55,,76498,3,,,1,15,,76518,3,,,1,15,,76538,3,,,1,15,,76559,3,,,1,55,,76499,3,,,1,15,,76519,3,,,1,15,,76539,3,,,1,15,,76560,3,,,1,55,,76500,3,,,1,15,,76520,3,,,1,15,,76540,3,,,1,15,,76561,3,,,1,55,,76501,3,,,1,15,,76521,3,,,1,15,,76541,3,,,1,15,,76562,3,,,1,55,,76502,3,,,1,15,,76522,3,,,1,15,,76542,3,,,1,15,,76563,3,,,1,55,,76503,3,,,1,15,,76523,3,,,1,15,,76543,3,,,1,15,,76564,3,,,1,55,,76504,3,,,1,15,,76524,3,,,1,15,,76544,3,,,1,15,,76565,3,,,1,55,,76505,3,,,1
0,'20261225',507,,76626,3,,,1,15,,76566,3,,,1,20,,76606,3,,,1,15,,76627,3,,,1,55,,76567,3,,,1,15,,76587,3,,,1,15,,76607,3,,,1,15,,76628,3,,,1,55,,76568,3,,,1,15,,76588,3,,,1,15,,76608,3,,,1,15,,76629,3,,,1,55,,76569,3,,,1,15,,76589,3,,,1,15,,76609,3,,,1,15,,76630,3,,,1,55,,76570,3,,,1,15,,76590,3,,,1,15,,76610,3,,,1,15,,76631,3,,,1,55,,76571,3,,,1,15,,76591,3,,,1,15,,76611,3,,,1,15,,76632,3,,,1,55,,76572,3,,,1,15,,76592,3,,,1,15,,76612,3,,,1,15,,76633,3,,,1,55,,76573,3,,,1,15,,76593,3,,,1,15,,76613,3,,,1,15,,76634,3,,,1,55,,76574,3,,,1,15,,76594,3,,,1,15,,76614,3,,,1,15,,76635,3,,,1,55,,76575,3,,,1,15,,76595,3,,,1,15,,76615,3,,,1,15,,76636,3,,,1,55,,76576,3,,,1,15,,76596,3,,,1,15,,76616,3,,,1,15,,76637,3,,,1,55,,76577,3,,,1,15,,76597,3,,,1,15,,76617,3,,,1,15,,76638,3,,,1,55,,76578,3,,,1,15,,76598,3,,,1,15,,76618,3,,,1,15,,76639,3,,,1,55,,76579,3,,,1,15,,76599,3,,,1,15,,76619,3,,,1,15,,76640,3,,,1,55,,76580,3,,,1,15,,76600,3,,,1,15,,76620,3,,,1,15,,76641,3,,,1,55,,76581,3,,,1,15,,76601,3,,,1,15,,76621,3,,,1,15,,76642,3,,,1,55,,76582,3,,,1,15,,76602,3,,,1,15,,76622,3,,,1,15,,76643,3,,,1,55,,76583,3,,,1,15,,76603,3,,,1,15,,76623,3,,,1,15,,76644,3,,,1,55,,76584,3,,,1,15,,76604,3,,,1,15,,76624,3,,,1,15,,76645,3,,,1,55,,76585,3,,,1,15,,76605,3,,,1,15,,76625,3,,,1,15,,76646,3,,,1,55,,76586,3,,,1
0,'20261226',612,,76647,3,,,1,15,,76667,3,,,1,15,,76686,3,,,1,15,,76705,3,,,1,55,,76648,3,,,1,15,,76668,3,,,1,15,,76687,3,,,1,15,,76706,3,,,1,55,,76649,3,,,1,15,,76669,3,,,1,15,,76688,3,,,1,15,,76707,3,,,1,55,,76650,3,,,1,15,,76670,3,,,1,15,,76689,3,,,1,15,,76708,3,,,1,55,,76651,3,,,1,15,,76671,3,,,1,15,,76690,3,,,1,15,,76709,3,,,1,55,,76652,3,,,1,15,,76672,3,,,1,15,,76691,3,,,1,15,,76710,3,,,1,55,,76653,3,,,1,15,,76673,3,,,1,15,,76692,3,,,1,15,,76711,3,,,1,55,,76654,3,,,1,15,,76674,3,,,1,15,,76693,3,,,1,15,,76712,3,,,1,55,,76655,3,,,1,15,,76675,3,,,1,15,,76694,3,,,1,15,,76713,3,,,1,55,,76656,3,,,1,15,,76676,3,,,1,15,,76695,3,,,1,15,,76714,3,,,1,55,,76657,3,,,1,15,,76677,3,,,1,15,,76696,3,,,1,15,,76715,3,,,1,55,,76658,3,,,1,15,,76678,3,,,1,15,,76697,3,,,1,15,,76716,3,,,1,55,,76659,3,,,1,15,,76679,3,,,1,15,,76698,3,,,1,15,,76717,3,,,1,55,,76660,3,,,1,15,,76680,3,,,1,15,,76699,3,,,1,15,,76718,3,,,1,55,,76661,3,,,1,15,,76681,3,,,1,15,,76700,3,,,1,15,,76719,3,,,1,55,,76662,3,,,1,15,,76682,3,,,1,15,,76701,3,,,1,15,,76720,3,,,1,55,,76663,3,,,1,15,,76683,3,,,1,15,,76702,3,,,1,15,,76721,3,,,1,55,,76664,3,,,1,15,,76684,3,,,1,15,,76703,3,,,1,15,,76722,3,,,1,55,,76665,3,,,1,15,,76685,3,,,1,15,,76704,3,,,1,15,,76723,3,,,1,55,,76666,3,,,1
0,'20261227',612,,76724,3,,,1,15,,76744,3,,,1,15,,76763,3,,,1,15,,76782,3,,,1,55,,76725,3,,,1,15,,76745,3,,,1,15,,76764,3,,,1,15,,76783,3,,,1,55,,76726,3,,,1,15,,76746,3,,,1,15,,76765,3,,,1,15,,76784,3,,,1,55,,76727,3,,,1,15,,76747,3,,,1,15,,76766,3,,,1,15,,76785,3,,,1,55,,76728,3,,,1,15,,76748,3,,,1,15,,76767,3,,,1,15,,76786,3,,,1,55,,76729,3,,,1,15,,76749,3,,,1,15,,76768,3,,,1,15,,76787,3,,,1,55,,76730,3,,,1,15,,76750,3,,,1,15,,76769,3,,,1,15,,76788,3,,,1,55,,76731,3,,,1,15,,76751,3,,,1,15,,76770,3,,,1,15,,76789,3,,,1,55,,76732,3,,,1,15,,76752,3,,,1,15,,76771,3,,,1,15,,76790,3,,,1,55,,76733,3,,,1,15,,76753,3,,,1,15,,76772,3,,,1,15,,76791,3,,,1,55,,76734,3,,,1,15,,76754,3,,,1,15,,76773,3,,,1,15,,76792,3,,,1,55,,76735,3,,,1,15,,76755,3,,,1,15,,76774,3,,,1,15,,76793,3,,,1,55,,76736,3,,,1,15,,76756,3,,,1,15,,76775,3,,,1,15,,76794,3,,,1,55,,76737,3,,,1,15,,76757,3,,,1,15,,76776,3,,,1,15,,76795,3,,,1,55,,76738,3,,,1,15,,76758,3,,,1,15,,76777,3,,,1,15,,76796,3,,,1,55,,76739,3,,,1,15,,76759,3,,,1,15,,76778,3,,,1,15,,76797,3,,,1,55,,76740,3,,,1,15,,76760,3,,,1,15,,76779,3,,,1,15,,76798,3,,,1,55,,76741,3,,,1,15,,76761,3,,,1,15,,76780,3,,,1,15,,76799,3,,,1,55,,76742,3,,,1,15,,76762,3,,,1,15,,76781,3,,,1,15,,76800,3,,,1,55,,76743,3,,,1
0,'20261228',507,,76861,3,,,1,15,,76801,3,,,1,20,,76841,3,,,1,15,,76862,3,,,1,55,,76802,3,,,1,15,,76822,3,,,1,15,,76842,3,,,1,15,,76863,3,,,1,55,,76803,3,,,1,15,,76823,3,,,1,15,,76843,3,,,1,15,,76864,3,,,1,55,,76804,3,,,1,15,,76824,3,,,1,15,,76844,3,,,1,15,,76865,3,,,1,55,,76805,3,,,1,15,,76825,3,,,1,15,,76845,3,,,1,15,,76866,3,,,1,55,,76806,3,,,1,15,,76826,3,,,1,15,,76846,3,,,1,15,,76867,3,,,1,55,,76807,3,,,1,15,,76827,3,,,1,15,,76847,3,,,1,15,,76868,3,,,1,55,,76808,3,,,1,15,,76828,3,,,1,15,,76848,3,,,1,15,,76869,3,,,1,55,,76809,3,,,1,15,,76829,3,,,1,15,,76849,3,,,1,15,,76870,3,,,1,55,,76810,3,,,1,15,,76830,3,,,1,15,,76850,3,,,1,15,,76871,3,,,1,55,,76811,3,,,1,15,,76831,3,,,1,15,,76851,3,,,1,15,,76872,3,,,1,55,,76812,3,,,1,15,,76832,3,,,1,15,,76852,3,,,1,15,,76873,3,,,1,55,,76813,3,,,1,15,,76833,3,,,1,15,,76853,3,,,1,15,,76874,3,,,1,55,,76814,3,,,1,15,,76834,3,,,1,15,,76854,3,,,1,15,,76875,3,,,1,55,,76815,3,,,1,15,,76835,3,,,1,15,,76855,3,,,1,15,,76876,3,,,1,55,,76816,3,,,1,15,,76836,3,,,1,15,,76856,3,,,1,15,,76877,3,,,1,55,,76817,3,,,1,15,,76837,3,,,1,15,,76857,3,,,1,15,,76878,3,,,1,55,,76818,3,,,1,15,,76838,3,,,1,15,,76858,3,,,1,15,,76879,3,,,1,55,,76819,3,,,1,15,,76839,3,,,1,15,,76859,3,,,1,15,,76880,3,,,1,55,,76820,3,,,1,15,,76840,3,,,1,15,,76860,3,,,1,15,,76881,3,,,1,55,,76821,3,,,1
0,'20261229',507,,76942,3,,,1,15,,76882,3,,,1,20,,76922,3,,,1,15,,76943,3,,,1,55,,76883,3,,,1,15,,76903,3,,,1,15,,76923,3,,,1,15,,76944,3,,,1,55,,76884,3,,,1,15,,76904,3,,,1,15,,76924,3,,,1,15,,76945,3,,,1,55,,76885,3,,,1,15,,76905,3,,,1,15,,76925,3,,,1,15,,76946,3,,,1,55,,76886,3,,,1,15,,76906,3,,,1,15,,76926,3,,,1,15,,76947,3,,,1,55,,76887,3,,,1,15,,76907,3,,,1,15,,76927,3,,,1,15,,76948,3,,,1,55,,76888,3,,,1,15,,76908,3,,,1,15,,76928,3,,,1,15,,76949,3,,,1,55,,76889,3,,,1,15,,76909,3,,,1,15,,76929,3,,,1,15,,76950,3,,,1,55,,76890,3,,,1,15,,76910,3,,,1,15,,76930,3,,,1,15,,76951,3,,,1,55,,76891,3,,,1,15,,76911,3,,,1,15,,76931,3,,,1,15,,76952,3,,,1,55,,76892,3,,,1,15,,76912,3,,,1,15,,76932,3,,,1,15,,76953,3,,,1,55,,76893,3,,,1,15,,76913,3,,,1,15,,76933,3,,,1,15,,76954,3,,,1,55,,76894,3,,,1,15,,76914,3,,,1,15,,76934,3,,,1,15,,76955,3,,,1,55,,76895,3,,,1,15,,76915,3,,,1,15,,76935,3,,,1,15,,76956,3,,,1,55,,76896,3,,,1,15,,76916,3,,,1,15,,76936,3,,,1,15,,76957,3,,,1,55,,76897,3,,,1,15,,76917,3,,,1,15,,76937,3,,,1,15,,76958,3,,,1,55,,76898,3,,,1,15,,76918,3,,,1,15,,76938,3,,,1,15,,76959,3,,,1,55,,76899,3,,,1,15,,76919,3,,,1,15,,76939,3,,,1,15,,76960,3,,,1,55,,76900,3,,,1,15,,76920,3,,,1,15,,76940,3,,,1,15,,76961,3,,,1,55,,76901,3,,,1,15,,76921,3,,,1,15,,76941,3,,,1,15,,76962,3,,,1,55,,76902,3,,,1
0,'20261230',507,,77023,3,,,1,15,,76963,3,,,1,20,,77003,3,,,1,15,,77024,3,,,1,55,,76964,3,,,1,15,,76984,3,,,1,15,,77004,3,,,1,15,,77025,3,,,1,55,,76965,3,,,1,15,,76985,3,,,1,15,,77005,3,,,1,15,,77026,3,,,1,55,,76966,3,,,1,15,,76986,3,,,1,15,,77006,3,,,1,15,,77027,3,,,1,55,,76967,3,,,1,15,,76987,3,,,1,15,,77007,3,,,1,15,,77028,3,,,1,55,,76968,3,,,1,15,,76988,3,,,1,15,,77008,3,,,1,15,,77029,3,,,1,55,,76969,3,,,1,15,,76989,3,,,1,15,,77009,3,,,1,15,,77030,3,,,1,55,,76970,3,,,1,15,,76990,3,,,1,15,,77010,3,,,1,15,,77031,3,,,1,55,,76971,3,,,1,15,,76991,3,,,1,15,,77011,3,,,1,15,,77032,3,,,1,55,,76972,3,,,1,15,,76992,3,,,1,15,,77012,3,,,1,15,,77033,3,,,1,55,,76973,3,,,1,15,,76993,3,,,1,15,,77013,3,,,1,15,,77034,3,,,1,55,,76974,3,,,1,15,,76994,3,,,1,15,,77014,3,,,1,15,,77035,3,,,1,55,,76975,3,,,1,15,,76995,3,,,1,15,,77015,3,,,1,15,,77036,3,,,1,55,,76976,3,,,1,15,,76996,3,,,1,15,,77016,3,,,1,15,,77037,3,,,1,55,,76977,3,,,1,15,,76997,3,,,1,15,,77017,3,,,1,15,,77038,3,,,1,55,,76978,3,,,1,15,,76998,3,,,1,15,,77018,3,,,1,15,,77039,3,,,1,55,,76979,3,,,1,15,,76999,3,,,1,15,,77019,3,,,1,15,,77040,3,,,1,55,,76980,3,,,1,15,,77000,3,,,1,15,,77020,3,,,1,15,,77041,3,,,1,55,,76981,3,,,1,15,,77001,3,,,1,15,,77021,3,,,1,15,,77042,3,,,1,55,,76982,3,,,1,15,,77002,3,,,1,15,,77022,3,,,1,15,,77043,3,,,1,55,,76983,3,,,1
0,'20261231',507,,77104,3,,,1,15,,77044,3,,,1,20,,77084,3,,,1,15,,77105,3,,,1,55,,77045,3,,,1,15,,77065,3,,,1,15,,77085,3,,,1,15,,77106,3,,,1,55,,77046,3,,,1,15,,77066,3,,,1,15,,77086,3,,,1,15,,77107,3,,,1,55,,77047,3,,,1,15,,77067,3,,,1,15,,77087,3,,,1,15,,77108,3,,,1,55,,77048,3,,,1,15,,77068,3,,,1,15,,77088,3,,,1,15,,77109,3,,,1,55,,77049,3,,,1,15,,77069,3,,,1,15,,77089,3,,,1,15,,77110,3,,,1,55,,77050,3,,,1,15,,77070,3,,,1,15,,77090,3,,,1,15,,77111,3,,,1,55,,77051,3,,,1,15,,77071,3,,,1,15,,77091,3,,,1,15,,77112,3,,,1,55,,77052,3,,,1,15,,77072,3,,,1,15,,77092,3,,,1,15,,77113,3,,,1,55,,77053,3,,,1,15,,77073,3,,,1,15,,77093,3,,,1,15,,77114,3,,,1,55,,77054,3,,,1,15,,77074,3,,,1,15,,77094,3,,,1,15,,77115,3,,,1,55,,77055,3,,,1,15,,77075,3,,,1,15,,77095,3,,,1,15,,77116,3,,,1,55,,77056,3,,,1,15,,77076,3,,,1,15,,77096,3,,,1,15,,77117,3,,,1,55,,77057,3,,,1,15,,77077,3,,,1,15,,77097,3,,,1,15,,77118,3,,,1,55,,77058,3,,,1,15,,77078,3,,,1,15,,77098,3,,,1,15,,77119,3,,,1,55,,77059,3,,,1,15,,77079,3,,,1,15,,77099,3,,,1,15,,77120,3,,,1,55,,77060,3,,,1,15,,77080,3,,,1,15,,77100,3,,,1,15,,77121,3,,,1,55,,77061,3,,,1,15,,77081,3,,,1,15,,77101,3,,,1,15,,77122,3,,,1,55,,77062,3,,,1,15,,77082,3,,,1,15,,77102,3,,,1,15,,77123,3,,,1,55,,77063,3,,,1,15,,77083,3,,,1,15,,77103,3,,,1,15,,77124,3,,,1,55,,77064,3,,,1
0,'20270101',507,,77185,3,,,1,15,,77125,3,,,1,20,,77165,3,,,1,15,,77186,3,,,1,55,,77126,3,,,1,15,,77146,3,,,1,15,,77166,3,,,1,15,,77187,3,,,1,55,,77127,3,,,1,15,,77147,3,,,1,15,,77167,3,,,1,15,,77188,3,,,1,55,,77128,3,,,1,15,,77148,3,,,1,15,,77168,3,,,1,15,,77189,3,,,1,55,,77129,3,,,1,15,,77149,3,,,1,15,,77169,3,,,1,15,,77190,3,,,1,55,,77130,3,,,1,15,,77150,3,,,1,15,,77170,3,,,1,15,,77191,3,,,1,55,,77131,3,,,1,15,,77151,3,,,1,15,,77171,3,,,1,15,,77192,3,,,1,55,,77132,3,,,1,15,,77152,3,,,1,15,,77172,3,,,1,15,,77193,3,,,1,55,,77133,3,,,1,15,,77153,3,,,1,15,,77173,3,,,1,15,,77194,3,,,1,55,,77134,3,,,1,15,,77154,3,,,1,15,,77174,3,,,1,15,,77195,3,,,1,55,,77135,3,,,1,15,,77155,3,,,1,15,,77175,3,,,1,15,,77196,3,,,1,55,,77136,3,,,1,15,,77156,3,,,1,15,,77176,3,,,1,15,,77197,3,,,1,55,,77137,3,,,1,15,,77157,3,,,1,15,,77177,3,,,1,15,,77198,3,,,1,55,,77138,3,,,1,15,,77158,3,,,1,15,,77178,3,,,1,15,,77199,3,,,1,55,,77139,3,,,1,15,,77159,3,,,1,15,,77179,3,,,1,15,,77200,3,,,1,55,,77140,3,,,1,15,,77160,3,,,1,15,,77180,3,,,1,15,,77201,3,,,1,55,,77141,3,,,1,15,,77161,3,,,1,15,,77181,3,,,1,15,,77202,3,,,1,55,,77142,3,,,1,15,,77162,3,,,1,15,,77182,3,,,1,15,,77203,3,,,1,55,,77143,3,,,1,15,,77163,3,,,1,15,,77183,3,,,1,15,,77204,3,,,1,55,,77144,3,,,1,15,,77164,3,,,1,15,,77184,3,,,1,15,,77205,3,,,1,55,,77145,3,,,1
0,'20270102',612,,77206,3,,,1,15,,77226,3,,,1,15,,77245,3,,,1,15,,77264,3,,,1,55,,77207,3,,,1,15,,77227,3,,,1,15,,77246,3,,,1,15,,77265,3,,,1,55,,77208,3,,,1,15,,77228,3,,,1,15,,77247,3,,,1,15,,77266,3,,,1,55,,77209,3,,,1,15,,77229,3,,,1,15,,77248,3,,,1,15,,77267,3,,,1,55,,77210,3,,,1,15,,77230,3,,,1,15,,77249,3,,,1,15,,77268,3,,,1,55,,77211,3,,,1,15,,77231,3,,,1,15,,77250,3,,,1,15,,77269,3,,,1,55,,77212,3,,,1,15,,77232,3,,,1,15,,77251,3,,,1,15,,77270,3,,,1,55,,77213,3,,,1,15,,77233,3,,,1,15,,77252,3,,,1,15,,77271,3,,,1,55,,77214,3,,,1,15,,77234,3,,,1,15,,77253,3,,,1,15,,77272,3,,,1,55,,77215,3,,,1,15,,77235,3,,,1,15,,77254,3,,,1,15,,77273,3,,,1,55,,77216,3,,,1,15,,77236,3,,,1,15,,77255,3,,,1,15,,77274,3,,,1,55,,77217,3,,,1,15,,77237,3,,,1,15,,77256,3,,,1,15,,77275,3,,,1,55,,77218,3,,,1,15,,77238,3,,,1,15,,77257,3,,,1,15,,77276,3,,,1,55,,77219,3,,,1,15,,77239,3,,,1,15,,77258,3,,,1,15,,77277,3,,,1,55,,77220,3,,,1,15,,77240,3,,,1,15,,77259,3,,,1,15,,77278,3,,,1,55,,77221,3,,,1,15,,77241,3,,,1,15,,77260,3,,,1,15,,77279,3,,,1,55,,77222,3,,,1,15,,77242,3,,,1,15,,77261,3,,,1,15,,77280,3,,,1,55,,77223,3,,,1,15,,77243,3,,,1,15,,77262,3,,,1,15,,77281,3,,,1,55,,77224,3,,,1,15,,77244,3,,,1,15,,77263,3,,,1,15,,77282,3,,,1,55,,77225,3,,,1
0,'20270103',612,,77283,3,,,1,15,,77303,3,,,1,15,,77322,3,,,1,15,,77341,3,,,1,55,,77284,3,,,1,15,,77304,3,,,1,15,,77323,3,,,1,15,,77342,3,,,1,55,,77285,3,,,1,15,,77305,3,,,1,15,,77324,3,,,1,15,,77343,3,,,1,55,,77286,3,,,1,15,,77306,3,,,1,15,,77325,3,,,1,15,,77344,3,,,1,55,,77287,3,,,1,15,,77307,3,,,1,15,,77326,3,,,1,15,,77345,3,,,1,55,,77288,3,,,1,15,,77308,3,,,1,15,,77327,3,,,1,15,,77346,3,,,1,55,,77289,3,,,1,15,,77309,3,,,1,15,,77328,3,,,1,15,,77347,3,,,1,55,,77290,3,,,1,15,,77310,3,,,1,15,,77329,3,,,1,15,,77348,3,,,1,55,,77291,3,,,1,15,,77311,3,,,1,15,,77330,3,,,1,15,,77349,3,,,1,55,,77292,3,,,1,15,,77312,3,,,1,15,,77331,3,,,1,15,,77350,3,,,1,55,,77293,3,,,1,15,,77313,3,,,1,15,,77332,3,,,1,15,,77351,3,,,1,55,,77294,3,,,1,15,,77314,3,,,1,15,,77333,3,,,1,15,,77352,3,,,1,55,,77295,3,,,1,15,,77315,3,,,1,15,,77334,3,,,1,15,,77353,3,,,1,55,,77296,3,,,1,15,,77316,3,,,1,15,,77335,3,,,1,15,,77354,3,,,1,55,,77297,3,,,1,15,,77317,3,,,1,15,,77336,3,,,1,15,,77355,3,,,1,55,,77298,3,,,1,15,,77318,3,,,1,15,,77337,3,,,1,15,,77356,3,,,1,55,,77299,3,,,1,15,,77319,3,,,1,15,,77338,3,,,1,15,,77357,3,,,1,55,,77300,3,,,1,15,,77320,3,,,1,15,,77339,3,,,1,15,,77358,3,,,1,55,,77301,3,,,1,15,,77321,3,,,1,15,,77340,3,,,1,15,,77359,3,,,1,55,,77302,3,,,1
0,'20270104',507,,77420,3,,,1,15,,77360,3,,,1,20,,77400,3,,,1,15,,77421,3,,,1,55,,77361,3,,,1,15,,77381,3,,,1,15,,77401,3,,,1,15,,77422,3,,,1,55,,77362,3,,,1,15,,77382,3,,,1,15,,77402,3,,,1,15,,77423,3,,,1,55,,77363,3,,,1,15,,77383,3,,,1,15,,77403,3,,,1,15,,77424,3,,,1,55,,77364,3,,,1,15,,77384,3,,,1,15,,77404,3,,,1,15,,77425,3,,,1,55,,77365,3,,,1,15,,77385,3,,,1,15,,77405,3,,,1,15,,77426,3,,,1,55,,77366,3,,,1,15,,77386,3,,,1,15,,77406,3,,,1,15,,77427,3,,,1,55,,77367,3,,,1,15,,77387,3,,,1,15,,77407,3,,,1,15,,77428,3,,,1,55,,77368,3,,,1,15,,77388,3,,,1,15,,77408,3,,,1,15,,77429,3,,,1,55,,77369,3,,,1,15,,77389,3,,,1,15,,77409,3,,,1,15,,77430,3,,,1,55,,77370,3,,,1,15,,77390,3,,,1,15,,77410,3,,,1,15,,77431,3,,,1,55,,77371,3,,,1,15,,77391,3,,,1,15,,77411,3,,,1,15,,77432,3,,,1,55,,77372,3,,,1,15,,77392,3,,,1,15,,77412,3,,,1,15,,77433,3,,,1,55,,77373,3,,,1,15,,77393,3,,,1,15,,77413,3,,,1,15,,77434,3,,,1,55,,77374,3,,,1,15,,77394,3,,,1,15,,77414,3,,,1,15,,77435,3,,,1,55,,77375,3,,,1,15,,77395,3,,,1,15,,77415,3,,,1,15,,77436,3,,,1,55,,77376,3,,,1,15,,77396,3,,,1,15,,77416,3,,,1,15,,77437,3,,,1,55,,77377,3,,,1,15,,77397,3,,,1,15,,77417,3,,,1,15,,77438,3,,,1,55,,77378,3,,,1,15,,77398,3,,,1,15,,77418,3,,,1,15,,77439,3,,,1,55,,77379,3,,,1,15,,77399,3,,,1,15,,77419,3,,,1,15,,77440,3,,,1,55,,77380,3,,,1
0,'20270105',507,,77501,3,,,1,15,,77441,3,,,1,20,,77481,3,,,1,15,,77502,3,,,1,55,,77442,3,,,1,15,,77462,3,,,1,15,,77482,3,,,1,15,,77503,3,,,1,55,,77443,3,,,1,15,,77463,3,,,1,15,,77483,3,,,1,15,,77504,3,,,1,55,,77444,3,,,1,15,,77464,3,,,1,15,,77484,3,,,1,15,,77505,3,,,1,55,,77445,3,,,1,15,,77465,3,,,1,15,,77485,3,,,1,15,,77506,3,,,1,55,,77446,3,,,1,15,,77466,3,,,1,15,,77486,3,,,1,15,,77507,3,,,1,55,,77447,3,,,1,15,,77467,3,,,1,15,,77487,3,,,1,15,,77508,3,,,1,55,,77448,3,,,1,15,,77468,3,,,1,15,,77488,3,,,1,15,,77509,3,,,1,55,,77449,3,,,1,15,,77469,3,,,1,15,,77489,3,,,1,15,,77510,3,,,1,55,,77450,3,,,1,15,,77470,3,,,1,15,,77490,3,,,1,15,,77511,3,,,1,55,,77451,3,,,1,15,,77471,3,,,1,15,,77491,3,,,1,15,,77512,3,,,1,55,,77452,3,,,1,15,,77472,3,,,1,15,,77492,3,,,1,15,,77513,3,,,1,55,,77453,3,,,1,15,,77473,3,,,1,15,,77493,3,,,1,15,,77514,3,,,1,55,,77454,3,,,1,15,,77474,3,,,1,15,,77494,3,,,1,15,,77515,3,,,1,55,,77455,3,,,1,15,,77475,3,,,1,15,,77495,3,,,1,15,,77516,3,,,1,55,,77456,3,,,1,15,,77476,3,,,1,15,,77496,3,,,1,15,,77517,3,,,1,55,,77457,3,,,1,15,,77477,3,,,1,15,,77497,3,,,1,15,,77518,3,,,1,55,,77458,3,,,1,15,,77478,3,,,1,15,,77498,3,,,1,15,,77519,3,,,1,55,,77459,3,,,1,15,,77479,3,,,1,15,,77499,3,,,1,15,,77520,3,,,1,55,,77460,3,,,1,15,,77480,3,,,1,15,,77500,3,,,1,15,,77521,3,,,1,55,,77461,3,,,1
0,'20270106',507,,77582,3,,,1,15,,77522,3,,,1,20,,77562,3,,,1,15,,77583,3,,,1,55,,77523,3,,,1,15,,77543,3,,,1,15,,77563,3,,,1,15,,77584,3,,,1,55,,77524,3,,,1,15,,77544,3,,,1,15,,77564,3,,,1,15,,77585,3,,,1,55,,77525,3,,,1,15,,77545,3,,,1,15,,77565,3,,,1,15,,77586,3,,,1,55,,77526,3,,,1,15,,77546,3,,,1,15,,77566,3,,,1,15,,77587,3,,,1,55,,77527,3,,,1,15,,77547,3,,,1,15,,77567,3,,,1,15,,77588,3,,,1,55,,77528,3,,,1,15,,77548,3,,,1,15,,77568,3,,,1,15,,77589,3,,,1,55,,77529,3,,,1,15,,77549,3,,,1,15,,77569,3,,,1,15,,77590,3,,,1,55,,77530,3,,,1,15,,77550,3,,,1,15,,77570,3,,,1,15,,77591,3,,,1,55,,77531,3,,,1,15,,77551,3,,,1,15,,77571,3,,,1,15,,77592,3,,,1,55,,77532,3,,,1,15,,77552,3,,,1,15,,77572,3,,,1,15,,77593,3,,,1,55,,77533,3,,,1,15,,77553,3,,,1,15,,77573,3,,,1,15,,77594,3,,,1,55,,77534,3,,,1,15,,77554,3,,,1,15,,77574,3,,,1,15,,77595,3,,,1,55,,77535,3,,,1,15,,77555,3,,,1,15,,77575,3,,,1,15,,77596,3,,,1,55,,77536,3,,,1,15,,77556,3,,,1,15,,77576,3,,,1,15,,77597,3,,,1,55,,77537,3,,,1,15,,77557,3,,,1,15,,77577,3,,,1,15,,77598,3,,,1,55,,77538,3,,,1,15,,77558,3,,,1,15,,77578,3,,,1,15,,77599,3,,,1,55,,77539,3,,,1,15,,77559,3,,,1,15,,77579,3,,,1,15,,77600,3,,,1,55,,77540,3,,,1,15,,77560,3,,,1,15,,77580,3,,,1,15,,77601,3,,,1,55,,77541,3,,,1,15,,77561,3,,,1,15,,77581,3,,,1,15,,77602,3,,,1,55,,77542,3,,,1
0,'20270107',507,,77663,3,,,1,15,,77603,3,,,1,20,,77643,3,,,1,15,,77664,3,,,1,55,,77604,3,,,1,15,,77624,3,,,1,15,,77644,3,,,1,15,,77665,3,,,1,55,,77605,3,,,1,15,,77625,3,,,1,15,,77645,3,,,1,15,,77666,3,,,1,55,,77606,3,,,1,15,,77626,3,,,1,15,,77646,3,,,1,15,,77667,3,,,1,55,,77607,3,,,1,15,,77627,3,,,1,15,,77647,3,,,1,15,,77668,3,,,1,55,,77608,3,,,1,15,,77628,3,,,1,15,,77648,3,,,1,15,,77669,3,,,1,55,,77609,3,,,1,15,,77629,3,,,1,15,,77649,3,,,1,15,,77670,3,,,1,55,,77610,3,,,1,15,,77630,3,,,1,15,,77650,3,,,1,15,,77671,3,,,1,55,,77611,3,,,1,15,,77631,3,,,1,15,,77651,3,,,1,15,,77672,3,,,1,55,,77612,3,,,1,15,,77632,3,,,1,15,,77652,3,,,1,15,,77673,3,,,1,55,,77613,3,,,1,15,,77633,3,,,1,15,,77653,3,,,1,15,,77674,3,,,1,55,,77614,3,,,1,15,,77634,3,,,1,15,,77654,3,,,1,15,,77675,3,,,1,55,,77615,3,,,1,15,,77635,3,,,1,15,,77655,3,,,1,15,,77676,3,,,1,55,,77616,3,,,1,15,,77636,3,,,1,15,,77656,3,,,1,15,,77677,3,,,1,55,,77617,3,,,1,15,,77637,3,,,1,15,,77657,3,,,1,15,,77678,3,,,1,55,,77618,3,,,1,15,,77638,3,,,1,15,,77658,3,,,1,15,,77679,3,,,1,55,,77619,3,,,1,15,,77639,3,,,1,15,,77659,3,,,1,15,,77680,3,,,1,55,,77620,3,,,1,15,,77640,3,,,1,15,,77660,3,,,1,15,,77681,3,,,1,55,,77621,3,,,1,15,,77641,3,,,1,15,,77661,3,,,1,15,,77682,3,,,1,55,,77622,3,,,1,15,,77642,3,,,1,15,,77662,3,,,1,15,,77683,3,,,1,55,,77623,3,,,1
0,'20270108',507,,77744,3,,,1,15,,77684,3,,,1,20,,77724,3,,,1,15,,77745,3,,,1,55,,77685,3,,,1,15,,77705,3,,,1,15,,77725,3,,,1,15,,77746,3,,,1,55,,77686,3,,,1,15,,77706,3,,,1,15,,77726,3,,,1,15,,77747,3,,,1,55,,77687,3,,,1,15,,77707,3,,,1,15,,77727,3,,,1,15,,77748,3,,,1,55,,77688,3,,,1,15,,77708,3,,,1,15,,77728,3,,,1,15,,77749,3,,,1,55,,77689,3,,,1,15,,77709,3,,,1,15,,77729,3,,,1,15,,77750,3,,,1,55,,77690,3,,,1,15,,77710,3,,,1,15,,77730,3,,,1,15,,77751,3,,,1,55,,77691,3,,,1,15,,77711,3,,,1,15,,77731,3,,,1,15,,77752,3,,,1,55,,77692,3,,,1,15,,77712,3,,,1,15,,77732,3,,,1,15,,77753,3,,,1,55,,77693,3,,,1,15,,77713,3,,,1,15,,77733,3,,,1,15,,77754,3,,,1,55,,77694,3,,,1,15,,77714,3,,,1,15,,77734,3,,,1,15,,77755,3,,,1,55,,77695,3,,,1,15,,77715,3,,,1,15,,77735,3,,,1,15,,77756,3,,,1,55,,77696,3,,,1,15,,77716,3,,,1,15,,77736,3,,,1,15,,77757,3,,,1,55,,77697,3,,,1,15,,77717,3,,,1,15,,77737,3,,,1,15,,77758,3,,,1,55,,77698,3,,,1,15,,77718,3,,,1,15,,77738,3,,,1,15,,77759,3,,,1,55,,77699,3,,,1,15,,77719,3,,,1,15,,77739,3,,,1,15,,77760,3,,,1,55,,77700,3,,,1,15,,77720,3,,,1,15,,77740,3,,,1,15,,77761,3,,,1,55,,77701,3,,,1,15,,77721,3,,,1,15,,77741,3,,,1,15,,77762,3,,,1,55,,77702,3,,,1,15,,77722,3,,,1,15,,77742,3,,,1,15,,77763,3,,,1,55,,77703,3,,,1,15,,77723,3,,,1,15,,77743,3,,,1,15,,77764,3,,,1,55,,77704,3,,,1
0,'20270109',612,,77765,3,,,1,15,,77785,3,,,1,15,,77804,3,,,1,15,,77823,3,,,1,55,,77766,3,,,1,15,,77786,3,,,1,15,,77805,3,,,1,15,,77824,3,,,1,55,,77767,3,,,1,15,,77787,3,,,1,15,,77806,3,,,1,15,,77825,3,,,1,55,,77768,3,,,1,15,,77788,3,,,1,15,,77807,3,,,1,15,,77826,3,,,1,55,,77769,3,,,1,15,,77789,3,,,1,15,,77808,3,,,1,15,,77827,3,,,1,55,,77770,3,,,1,15,,77790,3,,,1,15,,77809,3,,,1,15,,77828,3,,,1,55,,77771,3,,,1,15,,77791,3,,,1,15,,77810,3,,,1,15,,77829,3,,,1,55,,77772,3,,,1,15,,77792,3,,,1,15,,77811,3,,,1,15,,77830,3,,,1,55,,77773,3,,,1,15,,77793,3,,,1,15,,77812,3,,,1,15,,77831,3,,,1,55,,77774,3,,,1,15,,77794,3,,,1,15,,77813,3,,,1,15,,77832,3,,,1,55,,77775,3,,,1,15,,77795,3,,,1,15,,77814,3,,,1,15,,77833,3,,,1,55,,77776,3,,,1,15,,77796,3,,,1,15,,77815,3,,,1,15,,77834,3,,,1,55,,77777,3,,,1,15,,77797,3,,,1,15,,77816,3,,,1,15,,77835,3,,,1,55,,77778,3,,,1,15,,77798,3,,,1,15,,77817,3,,,1,15,,77836,3,,,1,55,,77779,3,,,1,15,,77799,3,,,1,15,,77818,3,,,1,15,,77837,3,,,1,55,,77780,3,,,1,15,,77800,3,,,1,15,,77819,3,,,1,15,,77838,3,,,1,55,,77781,3,,,1,15,,77801,3,,,1,15,,77820,3,,,1,15,,77839,3,,,1,55,,77782,3,,,1,15,,77802,3,,,1,15,,77821,3,,,1,15,,77840,3,,,1,55,,77783,3,,,1,15,,77803,3,,,1,15,,77822,3,,,1,15,,77841,3,,,1,55,,77784,3,,,1
0,'20270110',612,,77842,3,,,1,15,,77862,3,,,1,15,,77881,3,,,1,15,,77900,3,,,1,55,,77843,3,,,1,15,,77863,3,,,1,15,,77882,3,,,1,15,,77901,3,,,1,55,,77844,3,,,1,15,,77864,3,,,1,15,,77883,3,,,1,15,,77902,3,,,1,55,,77845,3,,,1,15,,77865,3,,,1,15,,77884,3,,,1,15,,77903,3,,,1,55,,77846,3,,,1,15,,77866,3,,,1,15,,77885,3,,,1,15,,77904,3,,,1,55,,77847,3,,,1,15,,77867,3,,,1,15,,77886,3,,,1,15,,77905,3,,,1,55,,77848,3,,,1,15,,77868,3,,,1,15,,77887,3,,,1,15,,77906,3,,,1,55,,77849,3,,,1,15,,77869,3,,,1,15,,77888,3,,,1,15,,77907,3,,,1,55,,77850,3,,,1,15,,77870,3,,,1,15,,77889,3,,,1,15,,77908,3,,,1,55,,77851,3,,,1,15,,77871,3,,,1,15,,77890,3,,,1,15,,77909,3,,,1,55,,77852,3,,,1,15,,77872,3,,,1,15,,77891,3,,,1,15,,77910,3,,,1,55,,77853,3,,,1,15,,77873,3,,,1,15,,77892,3,,,1,15,,77911,3,,,1,55,,77854,3,,,1,15,,77874,3,,,1,15,,77893,3,,,1,15,,77912,3,,,1,55,,77855,3,,,1,15,,77875,3,,,1,15,,77894,3,,,1,15,,77913,3,,,1,55,,77856,3,,,1,15,,77876,3,,,1,15,,77895,3,,,1,15,,77914,3,,,1,55,,77857,3,,,1,15,,77877,3,,,1,15,,77896,3,,,1,15,,77915,3,,,1,55,,77858,3,,,1,15,,77878,3,,,1,15,,77897,3,,,1,15,,77916,3,,,1,55,,77859,3,,,1,15,,77879,3,,,1,15,,77898,3,,,1,15,,77917,3,,,1,55,,77860,3,,,1,15,,77880,3,,,1,15,,77899,3,,,1,15,,77918,3,,,1,55,,77861,3,,,1
0,'20270111',507,,77979,3,,,1,15,,77919,3,,,1,20,,77959,3,,,1,15,,77980,3,,,1,55,,77920,3,,,1,15,,77940,3,,,1,15,,77960,3,,,1,15,,77981,3,,,1,55,,77921,3,,,1,15,,77941,3,,,1,15,,77961,3,,,1,15,,77982,3,,,1,55,,77922,3,,,1,15,,77942,3,,,1,15,,77962,3,,,1,15,,77983,3,,,1,55,,77923,3,,,1,15,,77943,3,,,1,15,,77963,3,,,1,15,,77984,3,,,1,55,,77924,3,,,1,15,,77944,3,,,1,15,,77964,3,,,1,15,,77985,3,,,1,55,,77925,3,,,1,15,,77945,3,,,1,15,,77965,3,,,1,15,,77986,3,,,1,55,,77926,3,,,1,15,,77946,3,,,1,15,,77966,3,,,1,15,,77987,3,,,1,55,,77927,3,,,1,15,,77947,3,,,1,15,,77967,3,,,1,15,,77988,3,,,1,55,,77928,3,,,1,15,,77948,3,,,1,15,,77968,3,,,1,15,,77989,3,,,1,55,,77929,3,,,1,15,,77949,3,,,1,15,,77969,3,,,1,15,,77990,3,,,1,55,,77930,3,,,1,15,,77950,3,,,1,15,,77970,3,,,1,15,,77991,3,,,1,55,,77931,3,,,1,15,,77951,3,,,1,15,,77971,3,,,1,15,,77992,3,,,1,55,,77932,3,,,1,15,,77952,3,,,1,15,,77972,3,,,1,15,,77993,3,,,1,55,,77933,3,,,1,15,,77953,3,,,1,15,,77973,3,,,1,15,,77994,3,,,1,55,,77934,3,,,1,15,,77954,3,,,1,15,,77974,3,,,1,15,,77995,3,,,1,55,,77935,3,,,1,15,,77955,3,,,1,15,,77975,3,,,1,15,,77996,3,,,1,55,,77936,3,,,1,15,,77956,3,,,1,15,,77976,3,,,1,15,,77997,3,,,1,55,,77937,3,,,1,15,,77957,3,,,1,15,,77977,3,,,1,15,,77998,3,,,1,55,,77938,3,,,1,15,,77958,3,,,1,15,,77978,3,,,1,15,,77999,3,,,1,55,,77939,3,,,1
0,'20270112',507,,78060,3,,,1,15,,78000,3,,,1,20,,78040,3,,,1,15,,78061,3,,,1,55,,78001,3,,,1,15,,78021,3,,,1,15,,78041,3,,,1,15,,78062,3,,,1,55,,78002,3,,,1,15,,78022,3,,,1,15,,78042,3,,,1,15,,78063,3,,,1,55,,78003,3,,,1,15,,78023,3,,,1,15,,78043,3,,,1,15,,78064,3,,,1,55,,78004,3,,,1,15,,78024,3,,,1,15,,78044,3,,,1,15,,78065,3,,,1,55,,78005,3,,,1,15,,78025,3,,,1,15,,78045,3,,,1,15,,78066,3,,,1,55,,78006,3,,,1,15,,78026,3,,,1,15,,78046,3,,,1,15,,78067,3,,,1,55,,78007,3,,,1,15,,78027,3,,,1,15,,78047,3,,,1,15,,78068,3,,,1,55,,78008,3,,,1,15,,78028,3,,,1,15,,78048,3,,,1,15,,78069,3,,,1,55,,78009,3,,,1,15,,78029,3,,,1,15,,78049,3,,,1,15,,78070,3,,,1,55,,78010,3,,,1,15,,78030,3,,,1,15,,78050,3,,,1,15,,78071,3,,,1,55,,78011,3,,,1,15,,78031,3,,,1,15,,78051,3,,,1,15,,78072,3,,,1,55,,78012,3,,,1,15,,78032,3,,,1,15,,78052,3,,,1,15,,78073,3,,,1,55,,78013,3,,,1,15,,78033,3,,,1,15,,78053,3,,,1,15,,78074,3,,,1,55,,78014,3,,,1,15,,78034,3,,,1,15,,78054,3,,,1,15,,78075,3,,,1,55,,78015,3,,,1,15,,78035,3,,,1,15,,78055,3,,,1,15,,78076,3,,,1,55,,78016,3,,,1,15,,78036,3,,,1,15,,78056,3,,,1,15,,78077,3,,,1,55,,78017,3,,,1,15,,78037,3,,,1,15,,78057,3,,,1,15,,78078,3,,,1,55,,78018,3,,,1,15,,78038,3,,,1,15,,78058,3,,,1,15,,78079,3,,,1,55,,78019,3,,,1,15,,78039,3,,,1,15,,78059,3,,,1,15,,78080,3,,,1,55,,78020,3,,,1
0,'20270113',507,,78141,3,,,1,15,,78081,3,,,1,20,,78121,3,,,1,15,,78142,3,,,1,55,,78082,3,,,1,15,,78102,3,,,1,15,,78122,3,,,1,15,,78143,3,,,1,55,,78083,3,,,1,15,,78103,3,,,1,15,,78123,3,,,1,15,,78144,3,,,1,55,,78084,3,,,1,15,,78104,3,,,1,15,,78124,3,,,1,15,,78145,3,,,1,55,,78085,3,,,1,15,,78105,3,,,1,15,,78125,3,,,1,15,,78146,3,,,1,55,,78086,3,,,1,15,,78106,3,,,1,15,,78126,3,,,1,15,,78147,3,,,1,55,,78087,3,,,1,15,,78107,3,,,1,15,,78127,3,,,1,15,,78148,3,,,1,55,,78088,3,,,1,15,,78108,3,,,1,15,,78128,3,,,1,15,,78149,3,,,1,55,,78089,3,,,1,15,,78109,3,,,1,15,,78129,3,,,1,15,,78150,3,,,1,55,,78090,3,,,1,15,,78110,3,,,1,15,,78130,3,,,1,15,,78151,3,,,1,55,,78091,3,,,1,15,,78111,3,,,1,15,,78131,3,,,1,15,,78152,3,,,1,55,,78092,3,,,1,15,,78112,3,,,1,15,,78132,3,,,1,15,,78153,3,,,1,55,,78093,3,,,1,15,,78113,3,,,1,15,,78133,3,,,1,15,,78154,3,,,1,55,,78094,3,,,1,15,,78114,3,,,1,15,,78134,3,,,1,15,,78155,3,,,1,55,,78095,3,,,1,15,,78115,3,,,1,15,,78135,3,,,1,15,,78156,3,,,1,55,,78096,3,,,1,15,,78116,3,,,1,15,,78136,3,,,1,15,,78157,3,,,1,55,,78097,3,,,1,15,,78117,3,,,1,15,,78137,3,,,1,15,,78158,3,,,1,55,,78098,3,,,1,15,,78118,3,,,1,15,,78138,3,,,1,15,,78159,3,,,1,55,,78099,3,,,1,15,,78119,3,,,1,15,,78139,3,,,1,15,,78160,3,,,1,55,,78100,3,,,1,15,,78120,3,,,1,15,,78140,3,,,1,15,,78161,3,,,1,55,,78101,3,,,1
0,'20270114',507,,78222,3,,,1,15,,78162,3,,,1,20,,78202,3,,,1,15,,78223,3,,,1,55,,78163,3,,,1,15,,78183,3,,,1,15,,78203,3,,,1,15,,78224,3,,,1,55,,78164,3,,,1,15,,78184,3,,,1,15,,78204,3,,,1,15,,78225,3,,,1,55,,78165,3,,,1,15,,78185,3,,,1,15,,78205,3,,,1,15,,78226,3,,,1,55,,78166,3,,,1,15,,78186,3,,,1,15,,78206,3,,,1,15,,78227,3,,,1,55,,78167,3,,,1,15,,78187,3,,,1,15,,78207,3,,,1,15,,78228,3,,,1,55,,78168,3,,,1,15,,78188,3,,,1,15,,78208,3,,,1,15,,78229,3,,,1,55,,78169,3,,,1,15,,78189,3,,,1,15,,78209,3,,,1,15,,78230,3,,,1,55,,78170,3,,,1,15,,78190,3,,,1,15,,78210,3,,,1,15,,78231,3,,,1,55,,78171,3,,,1,15,,78191,3,,,1,15,,78211,3,,,1,15,,78232,3,,,1,55,,78172,3,,,1,15,,78192,3,,,1,15,,78212,3,,,1,15,,78233,3,,,1,55,,78173,3,,,1,15,,78193,3,,,1,15,,78213,3,,,1,15,,78234,3,,,1,55,,78174,3,,,1,15,,78194,3,,,1,15,,78214,3,,,1,15,,78235,3,,,1,55,,78175,3,,,1,15,,78195,3,,,1,15,,78215,3,,,1,15,,78236,3,,,1,55,,78176,3,,,1,15,,78196,3,,,1,15,,78216,3,,,1,15,,78237,3,,,1,55,,78177,3,,,1,15,,78197,3,,,1,15,,78217,3,,,1,15,,78238,3,,,1,55,,78178,3,,,1,15,,78198,3,,,1,15,,78218,3,,,1,15,,78239,3,,,1,55,,78179,3,,,1,15,,78199,3,,,1,15,,78219,3,,,1,15,,78240,3,,,1,55,,78180,3,,,1,15,,78200,3,,,1,15,,78220,3,,,1,15,,78241,3,,,1,55,,78181,3,,,1,15,,78201,3,,,1,15,,78221,3,,,1,15,,78242,3,,,1,55,,78182,3,,,1
0,'20270115',507,,78303,3,,,1,15,,78243,3,,,1,20,,78283,3,,,1,15,,78304,3,,,1,55,,78244,3,,,1,15,,78264,3,,,1,15,,78284,3,,,1,15,,78305,3,,,1,55,,78245,3,,,1,15,,78265,3,,,1,15,,78285,3,,,1,15,,78306,3,,,1,55,,78246,3,,,1,15,,78266,3,,,1,15,,78286,3,,,1,15,,78307,3,,,1,55,,78247,3,,,1,15,,78267,3,,,1,15,,78287,3,,,1,15,,78308,3,,,1,55,,78248,3,,,1,15,,78268,3,,,1,15,,78288,3,,,1,15,,78309,3,,,1,55,,78249,3,,,1,15,,78269,3,,,1,15,,78289,3,,,1,15,,78310,3,,,1,55,,78250,3,,,1,15,,78270,3,,,1,15,,78290,3,,,1,15,,78311,3,,,1,55,,78251,3,,,1,15,,78271,3,,,1,15,,78291,3,,,1,15,,78312,3,,,1,55,,78252,3,,,1,15,,78272,3,,,1,15,,78292,3,,,1,15,,78313,3,,,1,55,,78253,3,,,1,15,,78273,3,,,1,15,,78293,3,,,1,15,,78314,3,,,1,55,,78254,3,,,1,15,,78274,3,,,1,15,,78294,3,,,1,15,,78315,3,,,1,55,,78255,3,,,1,15,,78275,3,,,1,15,,78295,3,,,1,15,,78316,3,,,1,55,,78256,3,,,1,15,,78276,3,,,1,15,,78296,3,,,1,15,,78317,3,,,1,55,,78257,3,,,1,15,,78277,3,,,1,15,,78297,3,,,1,15,,78318,3,,,1,55,,78258,3,,,1,15,,78278,3,,,1,15,,78298,3,,,1,15,,78319,3,,,1,55,,78259,3,,,1,15,,78279,3,,,1,15,,78299,3,,,1,15,,78320,3,,,1,55,,78260,3,,,1,15,,78280,3,,,1,15,,78300,3,,,1,15,,78321,3,,,1,55,,78261,3,,,1,15,,78281,3,,,1,15,,78301,3,,,1,15,,78322,3,,,1,55,,78262,3,,,1,15,,78282,3,,,1,15,,78302,3,,,1,15,,78323,3,,,1,55,,78263,3,,,1
0,'20270116',612,,78324,3,,,1,15,,78344,3,,,1,15,,78363,3,,,1,15,,78382,3,,,1,55,,78325,3,,,1,15,,78345,3,,,1,15,,78364,3,,,1,15,,78383,3,,,1,55,,78326,3,,,1,15,,78346,3,,,1,15,,78365,3,,,1,15,,78384,3,,,1,55,,78327,3,,,1,15,,78347,3,,,1,15,,78366,3,,,1,15,,78385,3,,,1,55,,78328,3,,,1,15,,78348,3,,,1,15,,78367,3,,,1,15,,78386,3,,,1,55,,78329,3,,,1,15,,78349,3,,,1,15,,78368,3,,,1,15,,78387,3,,,1,55,,78330,3,,,1,15,,78350,3,,,1,15,,78369,3,,,1,15,,78388,3,,,1,55,,78331,3,,,1,15,,78351,3,,,1,15,,78370,3,,,1,15,,78389,3,,,1,55,,78332,3,,,1,15,,78352,3,,,1,15,,78371,3,,,1,15,,78390,3,,,1,55,,78333,3,,,1,15,,78353,3,,,1,15,,78372,3,,,1,15,,78391,3,,,1,55,,78334,3,,,1,15,,78354,3,,,1,15,,78373,3,,,1,15,,78392,3,,,1,55,,78335,3,,,1,15,,78355,3,,,1,15,,78374,3,,,1,15,,78393,3,,,1,55,,78336,3,,,1,15,,78356,3,,,1,15,,78375,3,,,1,15,,78394,3,,,1,55,,78337,3,,,1,15,,78357,3,,,1,15,,78376,3,,,1,15,,78395,3,,,1,55,,78338,3,,,1,15,,78358,3,,,1,15,,78377,3,,,1,15,,78396,3,,,1,55,,78339,3,,,1,15,,78359,3,,,1,15,,78378,3,,,1,15,,78397,3,,,1,55,,78340,3,,,1,15,,78360,3,,,1,15,,78379,3,,,1,15,,78398,3,,,1,55,,78341,3,,,1,15,,78361,3,,,1,15,,78380,3,,,1,15,,78399,3,,,1,55,,78342,3,,,1,15,,78362,3,,,1,15,,78381,3,,,1,15,,78400,3,,,1,55,,78343,3,,,1
0,'20270117',612,,78401,3,,,1,15,,78421,3,,,1,15,,78440,3,,,1,15,,78459,3,,,1,55,,78402,3,,,1,15,,78422,3,,,1,15,,78441,3,,,1,15,,78460,3,,,1,55,,78403,3,,,1,15,,78423,3,,,1,15,,78442,3,,,1,15,,78461,3,,,1,55,,78404,3,,,1,15,,78424,3,,,1,15,,78443,3,,,1,15,,78462,3,,,1,55,,78405,3,,,1,15,,78425,3,,,1,15,,78444,3,,,1,15,,78463,3,,,1,55,,78406,3,,,1,15,,78426,3,,,1,15,,78445,3,,,1,15,,78464,3,,,1,55,,78407,3,,,1,15,,78427,3,,,1,15,,78446,3,,,1,15,,78465,3,,,1,55,,78408,3,,,1,15,,78428,3,,,1,15,,78447,3,,,1,15,,78466,3,,,1,55,,78409,3,,,1,15,,78429,3,,,1,15,,78448,3,,,1,15,,78467,3,,,1,55,,78410,3,,,1,15,,78430,3,,,1,15,,78449,3,,,1,15,,78468,3,,,1,55,,78411,3,,,1,15,,78431,3,,,1,15,,78450,3,,,1,15,,78469,3,,,1,55,,78412,3,,,1,15,,78432,3,,,1,15,,78451,3,,,1,15,,78470,3,,,1,55,,78413,3,,,1,15,,78433,3,,,1,15,,78452,3,,,1,15,,78471,3,,,1,55,,78414,3,,,1,15,,78434,3,,,1,15,,78453,3,,,1,15,,78472,3,,,1,55,,78415,3,,,1,15,,78435,3,,,1,15,,78454,3,,,1,15,,78473,3,,,1,55,,78416,3,,,1,15,,78436,3,,,1,15,,78455,3,,,1,15,,78474,3,,,1,55,,78417,3,,,1,15,,78437,3,,,1,15,,78456,3,,,1,15,,78475,3,,,1,55,,78418,3,,,1,15,,78438,3,,,1,15,,78457,3,,,1,15,,78476,3,,,1,55,,78419,3,,,1,15,,78439,3,,,1,15,,78458,3,,,1,15,,78477,3,,,1,55,,78420,3,,,1
0,'20270118',507,,78538,3,,,1,15,,78478,3,,,1,20,,78518,3,,,1,15,,78539,3,,,1,55,,78479,3,,,1,15,,78499,3,,,1,15,,78519,3,,,1,15,,78540,3,,,1,55,,78480,3,,,1,15,,78500,3,,,1,15,,78520,3,,,1,15,,78541,3,,,1,55,,78481,3,,,1,15,,78501,3,,,1,15,,78521,3,,,1,15,,78542,3,,,1,55,,78482,3,,,1,15,,78502,3,,,1,15,,78522,3,,,1,15,,78543,3,,,1,55,,78483,3,,,1,15,,78503,3,,,1,15,,78523,3,,,1,15,,78544,3,,,1,55,,78484,3,,,1,15,,78504,3,,,1,15,,78524,3,,,1,15,,78545,3,,,1,55,,78485,3,,,1,15,,78505,3,,,1,15,,78525,3,,,1,15,,78546,3,,,1,55,,78486,3,,,1,15,,78506,3,,,1,15,,78526,3,,,1,15,,78547,3,,,1,55,,78487,3,,,1,15,,78507,3,,,1,15,,78527,3,,,1,15,,78548,3,,,1,55,,78488,3,,,1,15,,78508,3,,,1,15,,78528,3,,,1,15,,78549,3,,,1,55,,78489,3,,,1,15,,78509,3,,,1,15,,78529,3,,,1,15,,78550,3,,,1,55,,78490,3,,,1,15,,78510,3,,,1,15,,78530,3,,,1,15,,78551,3,,,1,55,,78491,3,,,1,15,,78511,3,,,1,15,,78531,3,,,1,15,,78552,3,,,1,55,,78492,3,,,1,15,,78512,3,,,1,15,,78532,3,,,1,15,,78553,3,,,1,55,,78493,3,,,1,15,,78513,3,,,1,15,,78533,3,,,1,15,,78554,3,,,1,55,,78494,3,,,1,15,,78514,3,,,1,15,,78534,3,,,1,15,,78555,3,,,1,55,,78495,3,,,1,15,,78515,3,,,1,15,,78535,3,,,1,15,,78556,3,,,1,55,,78496,3,,,1,15,,78516,3,,,1,15,,78536,3,,,1,15,,78557,3,,,1,55,,78497,3,,,1,15,,78517,3,,,1,15,,78537,3,,,1,15,,78558,3,,,1,55,,78498,3,,,1
0,'20270119',507,,78619,3,,,1,15,,78559,3,,,1,20,,78599,3,,,1,15,,78620,3,,,1,55,,78560,3,,,1,15,,78580,3,,,1,15,,78600,3,,,1,15,,78621,3,,,1,55,,78561,3,,,1,15,,78581,3,,,1,15,,78601,3,,,1,15,,78622,3,,,1,55,,78562,3,,,1,15,,78582,3,,,1,15,,78602,3,,,1,15,,78623,3,,,1,55,,78563,3,,,1,15,,78583,3,,,1,15,,78603,3,,,1,15,,78624,3,,,1,55,,78564,3,,,1,15,,78584,3,,,1,15,,78604,3,,,1,15,,78625,3,,,1,55,,78565,3,,,1,15,,78585,3,,,1,15,,78605,3,,,1,15,,78626,3,,,1,55,,78566,3,,,1,15,,78586,3,,,1,15,,78606,3,,,1,15,,78627,3,,,1,55,,78567,3,,,1,15,,78587,3,,,1,15,,78607,3,,,1,15,,78628,3,,,1,55,,78568,3,,,1,15,,78588,3,,,1,15,,78608,3,,,1,15,,78629,3,,,1,55,,78569,3,,,1,15,,78589,3,,,1,15,,78609,3,,,1,15,,78630,3,,,1,55,,78570,3,,,1,15,,78590,3,,,1,15,,78610,3,,,1,15,,78631,3,,,1,55,,78571,3,,,1,15,,78591,3,,,1,15,,78611,3,,,1,15,,78632,3,,,1,55,,78572,3,,,1,15,,78592,3,,,1,15,,78612,3,,,1,15,,78633,3,,,1,55,,78573,3,,,1,15,,78593,3,,,1,15,,78613,3,,,1,15,,78634,3,,,1,55,,78574,3,,,1,15,,78594,3,,,1,15,,78614,3,,,1,15,,78635,3,,,1,55,,78575,3,,,1,15,,78595,3,,,1,15,,78615,3,,,1,15,,78636,3,,,1,55,,78576,3,,,1,15,,78596,3,,,1,15,,78616,3,,,1,15,,78637,3,,,1,55,,78577,3,,,1,15,,78597,3,,,1,15,,78617,3,,,1,15,,78638,3,,,1,55,,78578,3,,,1,15,,78598,3,,,1,15,,78618,3,,,1,15,,78639,3,,,1,55,,78579,3,,,1
0,'20270120',507,,78700,3,,,1,15,,78640,3,,,1,20,,78680,3,,,1,15,,78701,3,,,1,55,,78641,3,,,1,15,,78661,3,,,1,15,,78681,3,,,1,15,,78702,3,,,1,55,,78642,3,,,1,15,,78662,3,,,1,15,,78682,3,,,1,15,,78703,3,,,1,55,,78643,3,,,1,15,,78663,3,,,1,15,,78683,3,,,1,15,,78704,3,,,1,55,,78644,3,,,1,15,,78664,3,,,1,15,,78684,3,,,1,15,,78705,3,,,1,55,,78645,3,,,1,15,,78665,3,,,1,15,,78685,3,,,1,15,,78706,3,,,1,55,,78646,3,,,1,15,,78666,3,,,1,15,,78686,3,,,1,15,,78707,3,,,1,55,,78647,3,,,1,15,,78667,3,,,1,15,,78687,3,,,1,15,,78708,3,,,1,55,,78648,3,,,1,15,,78668,3,,,1,15,,78688,3,,,1,15,,78709,3,,,1,55,,78649,3,,,1,15,,78669,3,,,1,15,,78689,3,,,1,15,,78710,3,,,1,55,,78650,3,,,1,15,,78670,3,,,1,15,,78690,3,,,1,15,,78711,3,,,1,55,,78651,3,,,1,15,,78671,3,,,1,15,,78691,3,,,1,15,,78712,3,,,1,55,,78652,3,,,1,15,,78672,3,,,1,15,,78692,3,,,1,15,,78713,3,,,1,55,,78653,3,,,1,15,,78673,3,,,1,15,,78693,3,,,1,15,,78714,3,,,1,55,,78654,3,,,1,15,,78674,3,,,1,15,,78694,3,,,1,15,,78715,3,,,1,55,,78655,3,,,1,15,,78675,3,,,1,15,,78695,3,,,1,15,,78716,3,,,1,55,,78656,3,,,1,15,,78676,3,,,1,15,,78696,3,,,1,15,,78717,3,,,1,55,,78657,3,,,1,15,,78677,3,,,1,15,,78697,3,,,1,15,,78718,3,,,1,55,,78658,3,,,1,15,,78678,3,,,1,15,,78698,3,,,1,15,,78719,3,,,1,55,,78659,3,,,1,15,,78679,3,,,1,15,,78699,3,,,1,15,,78720,3,,,1,55,,78660,3,,,1
0,'20270121',507,,78781,3,,,1,15,,78721,3,,,1,20,,78761,3,,,1,15,,78782,3,,,1,55,,78722,3,,,1,15,,78742,3,,,1,15,,78762,3,,,1,15,,78783,3,,,1,55,,78723,3,,,1,15,,78743,3,,,1,15,,78763,3,,,1,15,,78784,3,,,1,55,,78724,3,,,1,15,,78744,3,,,1,15,,78764,3,,,1,15,,78785,3,,,1,55,,78725,3,,,1,15,,78745,3,,,1,15,,78765,3,,,1,15,,78786,3,,,1,55,,78726,3,,,1,15,,78746,3,,,1,15,,78766,3,,,1,15,,78787,3,,,1,55,,78727,3,,,1,15,,78747,3,,,1,15,,78767,3,,,1,15,,78788,3,,,1,55,,78728,3,,,1,15,,78748,3,,,1,15,,78768,3,,,1,15,,78789,3,,,1,55,,78729,3,,,1,15,,78749,3,,,1,15,,78769,3,,,1,15,,78790,3,,,1,55,,78730,3,,,1,15,,78750,3,,,1,15,,78770,3,,,1,15,,78791,3,,,1,55,,78731,3,,,1,15,,78751,3,,,1,15,,78771,3,,,1,15,,78792,3,,,1,55,,78732,3,,,1,15,,78752,3,,,1,15,,78772,3,,,1,15,,78793,3,,,1,55,,78733,3,,,1,15,,78753,3,,,1,15,,78773,3,,,1,15,,78794,3,,,1,55,,78734,3,,,1,15,,78754,3,,,1,15,,78774,3,,,1,15,,78795,3,,,1,55,,78735,3,,,1,15,,78755,3,,,1,15,,78775,3,,,1,15,,78796,3,,,1,55,,78736,3,,,1,15,,78756,3,,,1,15,,78776,3,,,1,15,,78797,3,,,1,55,,78737,3,,,1,15,,78757,3,,,1,15,,78777,3,,,1,15,,78798,3,,,1,55,,78738,3,,,1,15,,78758,3,,,1,15,,78778,3,,,1,15,,78799,3,,,1,55,,78739,3,,,1,15,,78759,3,,,1,15,,78779,3,,,1,15,,78800,3,,,1,55,,78740,3,,,1,15,,78760,3,,,1,15,,78780,3,,,1,15,,78801,3,,,1,55,,78741,3,,,1
0,'20270122',507,,78862,3,,,1,15,,78802,3,,,1,20,,78842,3,,,1,15,,78863,3,,,1,55,,78803,3,,,1,15,,78823,3,,,1,15,,78843,3,,,1,15,,78864,3,,,1,55,,78804,3,,,1,15,,78824,3,,,1,15,,78844,3,,,1,15,,78865,3,,,1,55,,78805,3,,,1,15,,78825,3,,,1,15,,78845,3,,,1,15,,78866,3,,,1,55,,78806,3,,,1,15,,78826,3,,,1,15,,78846,3,,,1,15,,78867,3,,,1,55,,78807,3,,,1,15,,78827,3,,,1,15,,78847,3,,,1,15,,78868,3,,,1,55,,78808,3,,,1,15,,78828,3,,,1,15,,78848,3,,,1,15,,78869,3,,,1,55,,78809,3,,,1,15,,78829,3,,,1,15,,78849,3,,,1,15,,78870,3,,,1,55,,78810,3,,,1,15,,78830,3,,,1,15,,78850,3,,,1,15,,78871,3,,,1,55,,78811,3,,,1,15,,78831,3,,,1,15,,78851,3,,,1,15,,78872,3,,,1,55,,78812,3,,,1,15,,78832,3,,,1,15,,78852,3,,,1,15,,78873,3,,,1,55,,78813,3,,,1,15,,78833,3,,,1,15,,78853,3,,,1,15,,78874,3,,,1,55,,78814,3,,,1,15,,78834,3,,,1,15,,78854,3,,,1,15,,78875,3,,,1,55,,78815,3,,,1,15,,78835,3,,,1,15,,78855,3,,,1,15,,78876,3,,,1,55,,78816,3,,,1,15,,78836,3,,,1,15,,78856,3,,,1,15,,78877,3,,,1,55,,78817,3,,,1,15,,78837,3,,,1,15,,78857,3,,,1,15,,78878,3,,,1,55,,78818,3,,,1,15,,78838,3,,,1,15,,78858,3,,,1,15,,78879,3,,,1,55,,78819,3,,,1,15,,78839,3,,,1,15,,78859,3,,,1,15,,78880,3,,,1,55,,78820,3,,,1,15,,78840,3,,,1,15,,78860,3,,,1,15,,78881,3,,,1,55,,78821,3,,,1,15,,78841,3,,,1,15,,78861,3,,,1,15,,78882,3,,,1,55,,78822,3,,,1
0,'20270123',612,,78883,3,,,1,15,,78903,3,,,1,15,,78922,3,,,1,15,,78941,3,,,1,55,,78884,3,,,1,15,,78904,3,,,1,15,,78923,3,,,1,15,,78942,3,,,1,55,,78885,3,,,1,15,,78905,3,,,1,15,,78924,3,,,1,15,,78943,3,,,1,55,,78886,3,,,1,15,,78906,3,,,1,15,,78925,3,,,1,15,,78944,3,,,1,55,,78887,3,,,1,15,,78907,3,,,1,15,,78926,3,,,1,15,,78945,3,,,1,55,,78888,3,,,1,15,,78908,3,,,1,15,,78927,3,,,1,15,,78946,3,,,1,55,,78889,3,,,1,15,,78909,3,,,1,15,,78928,3,,,1,15,,78947,3,,,1,55,,78890,3,,,1,15,,78910,3,,,1,15,,78929,3,,,1,15,,78948,3,,,1,55,,78891,3,,,1,15,,78911,3,,,1,15,,78930,3,,,1,15,,78949,3,,,1,55,,78892,3,,,1,15,,78912,3,,,1,15,,78931,3,,,1,15,,78950,3,,,1,55,,78893,3,,,1,15,,78913,3,,,1,15,,78932,3,,,1,15,,78951,3,,,1,55,,78894,3,,,1,15,,78914,3,,,1,15,,78933,3,,,1,15,,78952,3,,,1,55,,78895,3,,,1,15,,78915,3,,,1,15,,78934,3,,,1,15,,78953,3,,,1,55,,78896,3,,,1,15,,78916,3,,,1,15,,78935,3,,,1,15,,78954,3,,,1,55,,78897,3,,,1,15,,78917,3,,,1,15,,78936,3,,,1,15,,78955,3,,,1,55,,78898,3,,,1,15,,78918,3,,,1,15,,78937,3,,,1,15,,78956,3,,,1,55,,78899,3,,,1,15,,78919,3,,,1,15,,78938,3,,,1,15,,78957,3,,,1,55,,78900,3,,,1,15,,78920,3,,,1,15,,78939,3,,,1,15,,78958,3,,,1,55,,78901,3,,,1,15,,78921,3,,,1,15,,78940,3,,,1,15,,78959,3,,,1,55,,78902,3,,,1
0,'20270124',612,,78960,3,,,1,15,,78980,3,,,1,15,,78999,3,,,1,15,,79018,3,,,1,55,,78961,3,,,1,15,,78981,3,,,1,15,,79000,3,,,1,15,,79019,3,,,1,55,,78962,3,,,1,15,,78982,3,,,1,15,,79001,3,,,1,15,,79020,3,,,1,55,,78963,3,,,1,15,,78983,3,,,1,15,,79002,3,,,1,15,,79021,3,,,1,55,,78964,3,,,1,15,,78984,3,,,1,15,,79003,3,,,1,15,,79022,3,,,1,55,,78965,3,,,1,15,,78985,3,,,1,15,,79004,3,,,1,15,,79023,3,,,1,55,,78966,3,,,1,15,,78986,3,,,1,15,,79005,3,,,1,15,,79024,3,,,1,55,,78967,3,,,1,15,,78987,3,,,1,15,,79006,3,,,1,15,,79025,3,,,1,55,,78968,3,,,1,15,,78988,3,,,1,15,,79007,3,,,1,15,,79026,3,,,1,55,,78969,3,,,1,15,,78989,3,,,1,15,,79008,3,,,1,15,,79027,3,,,1,55,,78970,3,,,1,15,,78990,3,,,1,15,,79009,3,,,1,15,,79028,3,,,1,55,,78971,3,,,1,15,,78991,3,,,1,15,,79010,3,,,1,15,,79029,3,,,1,55,,78972,3,,,1,15,,78992,3,,,1,15,,79011,3,,,1,15,,79030,3,,,1,55,,78973,3,,,1,15,,78993,3,,,1,15,,79012,3,,,1,15,,79031,3,,,1,55,,78974,3,,,1,15,,78994,3,,,1,15,,79013,3,,,1,15,,79032,3,,,1,55,,78975,3,,,1,15,,78995,3,,,1,15,,79014,3,,,1,15,,79033,3,,,1,55,,78976,3,,,1,15,,78996,3,,,1,15,,79015,3,,,1,15,,79034,3,,,1,55,,78977,3,,,1,15,,78997,3,,,1,15,,79016,3,,,1,15,,79035,3,,,1,55,,78978,3,,,1,15,,78998,3,,,1,15,,79017,3,,,1,15,,79036,3,,,1,55,,78979,3,,,1
0,'20270125',507,,79097,3,,,1,15,,79037,3,,,1,20,,79077,3,,,1,15,,79098,3,,,1,55,,79038,3,,,1,15,,79058,3,,,1,15,,79078,3,,,1,15,,79099,3,,,1,55,,79039,3,,,1,15,,79059,3,,,1,15,,79079,3,,,1,15,,79100,3,,,1,55,,79040,3,,,1,15,,79060,3,,,1,15,,79080,3,,,1,15,,79101,3,,,1,55,,79041,3,,,1,15,,79061,3,,,1,15,,79081,3,,,1,15,,79102,3,,,1,55,,79042,3,,,1,15,,79062,3,,,1,15,,79082,3,,,1,15,,79103,3,,,1,55,,79043,3,,,1,15,,79063,3,,,1,15,,79083,3,,,1,15,,79104,3,,,1,55,,79044,3,,,1,15,,79064,3,,,1,15,,79084,3,,,1,15,,79105,3,,,1,55,,79045,3,,,1,15,,79065,3,,,1,15,,79085,3,,,1,15,,79106,3,,,1,55,,79046,3,,,1,15,,79066,3,,,1,15,,79086,3,,,1,15,,79107,3,,,1,55,,79047,3,,,1,15,,79067,3,,,1,15,,79087,3,,,1,15,,79108,3,,,1,55,,79048,3,,,1,15,,79068,3,,,1,15,,79088,3,,,1,15,,79109,3,,,1,55,,79049,3,,,1,15,,79069,3,,,1,15,,79089,3,,,1,15,,79110,3,,,1,55,,79050,3,,,1,15,,79070,3,,,1,15,,79090,3,,,1,15,,79111,3,,,1,55,,79051,3,,,1,15,,79071,3,,,1,15,,79091,3,,,1,15,,79112,3,,,1,55,,79052,3,,,1,15,,79072,3,,,1,15,,79092,3,,,1,15,,79113,3,,,1,55,,79053,3,,,1,15,,79073,3,,,1,15,,79093,3,,,1,15,,79114,3,,,1,55,,79054,3,,,1,15,,79074,3,,,1,15,,79094,3,,,1,15,,79115,3,,,1,55,,79055,3,,,1,15,,79075,3,,,1,15,,79095,3,,,1,15,,79116,3,,,1,55,,79056,3,,,1,15,,79076,3,,,1,15,,79096,3,,,1,15,,79117,3,,,1,55,,79057,3,,,1
0,'20270126',507,,79178,3,,,1,15,,79118,3,,,1,20,,79158,3,,,1,15,,79179,3,,,1,55,,79119,3,,,1,15,,79139,3,,,1,15,,79159,3,,,1,15,,79180,3,,,1,55,,79120,3,,,1,15,,79140,3,,,1,15,,79160,3,,,1,15,,79181,3,,,1,55,,79121,3,,,1,15,,79141,3,,,1,15,,79161,3,,,1,15,,79182,3,,,1,55,,79122,3,,,1,15,,79142,3,,,1,15,,79162,3,,,1,15,,79183,3,,,1,55,,79123,3,,,1,15,,79143,3,,,1,15,,79163,3,,,1,15,,79184,3,,,1,55,,79124,3,,,1,15,,79144,3,,,1,15,,79164,3,,,1,15,,79185,3,,,1,55,,79125,3,,,1,15,,79145,3,,,1,15,,79165,3,,,1,15,,79186,3,,,1,55,,79126,3,,,1,15,,79146,3,,,1,15,,79166,3,,,1,15,,79187,3,,,1,55,,79127,3,,,1,15,,79147,3,,,1,15,,79167,3,,,1,15,,79188,3,,,1,55,,79128,3,,,1,15,,79148,3,,,1,15,,79168,3,,,1,15,,79189,3,,,1,55,,79129,3,,,1,15,,79149,3,,,1,15,,79169,3,,,1,15,,79190,3,,,1,55,,79130,3,,,1,15,,79150,3,,,1,15,,79170,3,,,1,15,,79191,3,,,1,55,,79131,3,,,1,15,,79151,3,,,1,15,,79171,3,,,1,15,,79192,3,,,1,55,,79132,3,,,1,15,,79152,3,,,1,15,,79172,3,,,1,15,,79193,3,,,1,55,,79133,3,,,1,15,,79153,3,,,1,15,,79173,3,,,1,15,,79194,3,,,1,55,,79134,3,,,1,15,,79154,3,,,1,15,,79174,3,,,1,15,,79195,3,,,1,55,,79135,3,,,1,15,,79155,3,,,1,15,,79175,3,,,1,15,,79196,3,,,1,55,,79136,3,,,1,15,,79156,3,,,1,15,,79176,3,,,1,15,,79197,3,,,1,55,,79137,3,,,1,15,,79157,3,,,1,15,,79177,3,,,1,15,,79198,3,,,1,55,,79138,3,,,1
0,'20270127',507,,79259,3,,,1,15,,79199,3,,,1,20,,79239,3,,,1,15,,79260,3,,,1,55,,79200,3,,,1,15,,79220,3,,,1,15,,79240,3,,,1,15,,79261,3,,,1,55,,79201,3,,,1,15,,79221,3,,,1,15,,79241,3,,,1,15,,79262,3,,,1,55,,79202,3,,,1,15,,79222,3,,,1,15,,79242,3,,,1,15,,79263,3,,,1,55,,79203,3,,,1,15,,79223,3,,,1,15,,79243,3,,,1,15,,79264,3,,,1,55,,79204,3,,,1,15,,79224,3,,,1,15,,79244,3,,,1,15,,79265,3,,,1,55,,79205,3,,,1,15,,79225,3,,,1,15,,79245,3,,,1,15,,79266,3,,,1,55,,79206,3,,,1,15,,79226,3,,,1,15,,79246,3,,,1,15,,79267,3,,,1,55,,79207,3,,,1,15,,79227,3,,,1,15,,79247,3,,,1,15,,79268,3,,,1,55,,79208,3,,,1,15,,79228,3,,,1,15,,79248,3,,,1,15,,79269,3,,,1,55,,79209,3,,,1,15,,79229,3,,,1,15,,79249,3,,,1,15,,79270,3,,,1,55,,79210,3,,,1,15,,79230,3,,,1,15,,79250,3,,,1,15,,79271,3,,,1,55,,79211,3,,,1,15,,79231,3,,,1,15,,79251,3,,,1,15,,79272,3,,,1,55,,79212,3,,,1,15,,79232,3,,,1,15,,79252,3,,,1,15,,79273,3,,,1,55,,79213,3,,,1,15,,79233,3,,,1,15,,79253,3,,,1,15,,79274,3,,,1,55,,79214,3,,,1,15,,79234,3,,,1,15,,79254,3,,,1,15,,79275,3,,,1,55,,79215,3,,,1,15,,79235,3,,,1,15,,79255,3,,,1,15,,79276,3,,,1,55,,79216,3,,,1,15,,79236,3,,,1,15,,79256,3,,,1,15,,79277,3,,,1,55,,79217,3,,,1,15,,79237,3,,,1,15,,79257,3,,,1,15,,79278,3,,,1,55,,79218,3,,,1,15,,79238,3,,,1,15,,79258,3,,,1,15,,79279,3,,,1,55,,79219,3,,,1
0,'20270128',507,,79340,3,,,1,15,,79280,3,,,1,20,,79320,3,,,1,15,,79341,3,,,1,55,,79281,3,,,1,15,,79301,3,,,1,15,,79321,3,,,1,15,,79342,3,,,1,55,,79282,3,,,1,15,,79302,3,,,1,15,,79322,3,,,1,15,,79343,3,,,1,55,,79283,3,,,1,15,,79303,3,,,1,15,,79323,3,,,1,15,,79344,3,,,1,55,,79284,3,,,1,15,,79304,3,,,1,15,,79324,3,,,1,15,,79345,3,,,1,55,,79285,3,,,1,15,,79305,3,,,1,15,,79325,3,,,1,15,,79346,3,,,1,55,,79286,3,,,1,15,,79306,3,,,1,15,,79326,3,,,1,15,,79347,3,,,1,55,,79287,3,,,1,15,,79307,3,,,1,15,,79327,3,,,1,15,,79348,3,,,1,55,,79288,3,,,1,15,,79308,3,,,1,15,,79328,3,,,1,15,,79349,3,,,1,55,,79289,3,,,1,15,,79309,3,,,1,15,,79329,3,,,1,15,,79350,3,,,1,55,,79290,3,,,1,15,,79310,3,,,1,15,,79330,3,,,1,15,,79351,3,,,1,55,,79291,3,,,1,15,,79311,3,,,1,15,,79331,3,,,1,15,,79352,3,,,1,55,,79292,3,,,1,15,,79312,3,,,1,15,,79332,3,,,1,15,,79353,3,,,1,55,,79293,3,,,1,15,,79313,3,,,1,15,,79333,3,,,1,15,,79354,3,,,1,55,,79294,3,,,1,15,,79314,3,,,1,15,,79334,3,,,1,15,,79355,3,,,1,55,,79295,3,,,1,15,,79315,3,,,1,15,,79335,3,,,1,15,,79356,3,,,1,55,,79296,3,,,1,15,,79316,3,,,1,15,,79336,3,,,1,15,,79357,3,,,1,55,,79297,3,,,1,15,,79317,3,,,1,15,,79337,3,,,1,15,,79358,3,,,1,55,,79298,3,,,1,15,,79318,3,,,1,15,,79338,3,,,1,15,,79359,3,,,1,55,,79299,3,,,1,15,,79319,3,,,1,15,,79339,3,,,1,15,,79360,3,,,1,55,,79300,3,,,1
0,'20270129',507,,79421,3,,,1,15,,79361,3,,,1,20,,79401,3,,,1,15,,79422,3,,,1,55,,79362,3,,,1,15,,79382,3,,,1,15,,79402,3,,,1,15,,79423,3,,,1,55,,79363,3,,,1,15,,79383,3,,,1,15,,79403,3,,,1,15,,79424,3,,,1,55,,79364,3,,,1,15,,79384,3,,,1,15,,79404,3,,,1,15,,79425,3,,,1,55,,79365,3,,,1,15,,79385,3,,,1,15,,79405,3,,,1,15,,79426,3,,,1,55,,79366,3,,,1,15,,79386,3,,,1,15,,79406,3,,,1,15,,79427,3,,,1,55,,79367,3,,,1,15,,79387,3,,,1,15,,79407,3,,,1,15,,79428,3,,,1,55,,79368,3,,,1,15,,79388,3,,,1,15,,79408,3,,,1,15,,79429,3,,,1,55,,79369,3,,,1,15,,79389,3,,,1,15,,79409,3,,,1,15,,79430,3,,,1,55,,79370,3,,,1,15,,79390,3,,,1,15,,79410,3,,,1,15,,79431,3,,,1,55,,79371,3,,,1,15,,79391,3,,,1,15,,79411,3,,,1,15,,79432,3,,,1,55,,79372,3,,,1,15,,79392,3,,,1,15,,79412,3,,,1,15,,79433,3,,,1,55,,79373,3,,,1,15,,79393,3,,,1,15,,79413,3,,,1,15,,79434,3,,,1,55,,79374,3,,,1,15,,79394,3,,,1,15,,79414,3,,,1,15,,79435,3,,,1,55,,79375,3,,,1,15,,79395,3,,,1,15,,79415,3,,,1,15,,79436,3,,,1,55,,79376,3,,,1,15,,79396,3,,,1,15,,79416,3,,,1,15,,79437,3,,,1,55,,79377,3,,,1,15,,79397,3,,,1,15,,79417,3,,,1,15,,79438,3,,,1,55,,79378,3,,,1,15,,79398,3,,,1,15,,79418,3,,,1,15,,79439,3,,,1,55,,79379,3,,,1,15,,79399,3,,,1,15,,79419,3,,,1,15,,79440,3,,,1,55,,79380,3,,,1,15,,79400,3,,,1,15,,79420,3,,,1,15,,79441,3,,,1,55,,79381,3,,,1
0,'20270130',612,,79442,3,,,1,15,,79462,3,,,1,15,,79481,3,,,1,15,,79500,3,,,1,55,,79443,3,,,1,15,,79463,3,,,1,15,,79482,3,,,1,15,,79501,3,,,1,55,,79444,3,,,1,15,,79464,3,,,1,15,,79483,3,,,1,15,,79502,3,,,1,55,,79445,3,,,1,15,,79465,3,,,1,15,,79484,3,,,1,15,,79503,3,,,1,55,,79446,3,,,1,15,,79466,3,,,1,15,,79485,3,,,1,15,,79504,3,,,1,55,,79447,3,,,1,15,,79467,3,,,1,15,,79486,3,,,1,15,,79505,3,,,1,55,,79448,3,,,1,15,,79468,3,,,1,15,,79487,3,,,1,15,,79506,3,,,1,55,,79449,3,,,1,15,,79469,3,,,1,15,,79488,3,,,1,15,,79507,3,,,1,55,,79450,3,,,1,15,,79470,3,,,1,15,,79489,3,,,1,15,,79508,3,,,1,55,,79451,3,,,1,15,,79471,3,,,1,15,,79490,3,,,1,15,,79509,3,,,1,55,,79452,3,,,1,15,,79472,3,,,1,15,,79491,3,,,1,15,,79510,3,,,1,55,,79453,3,,,1,15,,79473,3,,,1,15,,79492,3,,,1,15,,79511,3,,,1,55,,79454,3,,,1,15,,79474,3,,,1,15,,79493,3,,,1,15,,79512,3,,,1,55,,79455,3,,,1,15,,79475,3,,,1,15,,79494,3,,,1,15,,79513,3,,,1,55,,79456,3,,,1,15,,79476,3,,,1,15,,79495,3,,,1,15,,79514,3,,,1,55,,79457,3,,,1,15,,79477,3,,,1,15,,79496,3,,,1,15,,79515,3,,,1,55,,79458,3,,,1,15,,79478,3,,,1,15,,79497,3,,,1,15,,79516,3,,,1,55,,79459,3,,,1,15,,79479,3,,,1,15,,79498,3,,,1,15,,79517,3,,,1,55,,79460,3,,,1,15,,79480,3,,,1,15,,79499,3,,,1,15,,79518,3,,,1,55,,79461,3,,,1
0,'20270131',612,,79519,3,,,1,15,,79539,3,,,1,15,,79558,3,,,1,15,,79577,3,,,1,55,,79520,3,,,1,15,,79540,3,,,1,15,,79559,3,,,1,15,,79578,3,,,1,55,,79521,3,,,1,15,,79541,3,,,1,15,,79560,3,,,1,15,,79579,3,,,1,55,,79522,3,,,1,15,,79542,3,,,1,15,,79561,3,,,1,15,,79580,3,,,1,55,,79523,3,,,1,15,,79543,3,,,1,15,,79562,3,,,1,15,,79581,3,,,1,55,,79524,3,,,1,15,,79544,3,,,1,15,,79563,3,,,1,15,,79582,3,,,1,55,,79525,3,,,1,15,,79545,3,,,1,15,,79564,3,,,1,15,,79583,3,,,1,55,,79526,3,,,1,15,,79546,3,,,1,15,,79565,3,,,1,15,,79584,3,,,1,55,,79527,3,,,1,15,,79547,3,,,1,15,,79566,3,,,1,15,,79585,3,,,1,55,,79528,3,,,1,15,,79548,3,,,1,15,,79567,3,,,1,15,,79586,3,,,1,55,,79529,3,,,1,15,,79549,3,,,1,15,,79568,3,,,1,15,,79587,3,,,1,55,,79530,3,,,1,15,,79550,3,,,1,15,,79569,3,,,1,15,,79588,3,,,1,55,,79531,3,,,1,15,,79551,3,,,1,15,,79570,3,,,1,15,,79589,3,,,1,55,,79532,3,,,1,15,,79552,3,,,1,15,,79571,3,,,1,15,,79590,3,,,1,55,,79533,3,,,1,15,,79553,3,,,1,15,,79572,3,,,1,15,,79591,3,,,1,55,,79534,3,,,1,15,,79554,3,,,1,15,,79573,3,,,1,15,,79592,3,,,1,55,,79535,3,,,1,15,,79555,3,,,1,15,,79574,3,,,1,15,,79593,3,,,1,55,,79536,3,,,1,15,,79556,3,,,1,15,,79575,3,,,1,15,,79594,3,,,1,55,,79537,3,,,1,15,,79557,3,,,1,15,,79576,3,,,1,15,,79595,3,,,1,55,,79538,3,,,1
0,'20270201',507,,79656,3,,,1,15,,79596,3,,,1,20,,79636,3,,,1,15,,79657,3,,,1,55,,79597,3,,,1,15,,79617,3,,,1,15,,79637,3,,,1,15,,79658,3,,,1,55,,79598,3,,,1,15,,79618,3,,,1,15,,79638,3,,,1,15,,79659,3,,,1,55,,79599,3,,,1,15,,79619,3,,,1,15,,79639,3,,,1,15,,79660,3,,,1,55,,79600,3,,,1,15,,79620,3,,,1,15,,79640,3,,,1,15,,79661,3,,,1,55,,79601,3,,,1,15,,79621,3,,,1,15,,79641,3,,,1,15,,79662,3,,,1,55,,79602,3,,,1,15,,79622,3,,,1,15,,79642,3,,,1,15,,79663,3,,,1,55,,79603,3,,,1,15,,79623,3,,,1,15,,79643,3,,,1,15,,79664,3,,,1,55,,79604,3,,,1,15,,79624,3,,,1,15,,79644,3,,,1,15,,79665,3,,,1,55,,79605,3,,,1,15,,79625,3,,,1,15,,79645,3,,,1,15,,79666,3,,,1,55,,79606,3,,,1,15,,79626,3,,,1,15,,79646,3,,,1,15,,79667,3,,,1,55,,79607,3,,,1,15,,79627,3,,,1,15,,79647,3,,,1,15,,79668,3,,,1,55,,79608,3,,,1,15,,79628,3,,,1,15,,79648,3,,,1,15,,79669,3,,,1,55,,79609,3,,,1,15,,79629,3,,,1,15,,79649,3,,,1,15,,79670,3,,,1,55,,79610,3,,,1,15,,79630,3,,,1,15,,79650,3,,,1,15,,79671,3,,,1,55,,79611,3,,,1,15,,79631,3,,,1,15,,79651,3,,,1,15,,79672,3,,,1,55,,79612,3,,,1,15,,79632,3,,,1,15,,79652,3,,,1,15,,79673,3,,,1,55,,79613,3,,,1,15,,79633,3,,,1,15,,79653,3,,,1,15,,79674,3,,,1,55,,79614,3,,,1,15,,79634,3,,,1,15,,79654,3,,,1,15,,79675,3,,,1,55,,79615,3,,,1,15,,79635,3,,,1,15,,79655,3,,,1,15,,79676,3,,,1,55,,79616,3,,,1
0,'20270202',507,,79737,3,,,1,15,,79677,3,,,1,20,,79717,3,,,1,15,,79738,3,,,1,55,,79678,3,,,1,15,,79698,3,,,1,15,,79718,3,,,1,15,,79739,3,,,1,55,,79679,3,,,1,15,,79699,3,,,1,15,,79719,3,,,1,15,,79740,3,,,1,55,,79680,3,,,1,15,,79700,3,,,1,15,,79720,3,,,1,15,,79741,3,,,1,55,,79681,3,,,1,15,,79701,3,,,1,15,,79721,3,,,1,15,,79742,3,,,1,55,,79682,3,,,1,15,,79702,3,,,1,15,,79722,3,,,1,15,,79743,3,,,1,55,,79683,3,,,1,15,,79703,3,,,1,15,,79723,3,,,1,15,,79744,3,,,1,55,,79684,3,,,1,15,,79704,3,,,1,15,,79724,3,,,1,15,,79745,3,,,1,55,,79685,3,,,1,15,,79705,3,,,1,15,,79725,3,,,1,15,,79746,3,,,1,55,,79686,3,,,1,15,,79706,3,,,1,15,,79726,3,,,1,15,,79747,3,,,1,55,,79687,3,,,1,15,,79707,3,,,1,15,,79727,3,,,1,15,,79748,3,,,1,55,,79688,3,,,1,15,,79708,3,,,1,15,,79728,3,,,1,15,,79749,3,,,1,55,,79689,3,,,1,15,,79709,3,,,1,15,,79729,3,,,1,15,,79750,3,,,1,55,,79690,3,,,1,15,,79710,3,,,1,15,,79730,3,,,1,15,,79751,3,,,1,55,,79691,3,,,1,15,,79711,3,,,1,15,,79731,3,,,1,15,,79752,3,,,1,55,,79692,3,,,1,15,,79712,3,,,1,15,,79732,3,,,1,15,,79753,3,,,1,55,,79693,3,,,1,15,,79713,3,,,1,15,,79733,3,,,1,15,,79754,3,,,1,55,,79694,3,,,1,15,,79714,3,,,1,15,,79734,3,,,1,15,,79755,3,,,1,55,,79695,3,,,1,15,,79715,3,,,1,15,,79735,3,,,1,15,,79756,3,,,1,55,,79696,3,,,1,15,,79716,3,,,1,15,,79736,3,,,1,15,,79757,3,,,1,55,,79697,3,,,1
0,'20270203',507,,79818,3,,,1,15,,79758,3,,,1,20,,79798,3,,,1,15,,79819,3,,,1,55,,79759,3,,,1,15,,79779,3,,,1,15,,79799,3,,,1,15,,79820,3,,,1,55,,79760,3,,,1,15,,79780,3,,,1,15,,79800,3,,,1,15,,79821,3,,,1,55,,79761,3,,,1,15,,79781,3,,,1,15,,79801,3,,,1,15,,79822,3,,,1,55,,79762,3,,,1,15,,79782,3,,,1,15,,79802,3,,,1,15,,79823,3,,,1,55,,79763,3,,,1,15,,79783,3,,,1,15,,79803,3,,,1,15,,79824,3,,,1,55,,79764,3,,,1,15,,79784,3,,,1,15,,79804,3,,,1,15,,79825,3,,,1,55,,79765,3,,,1,15,,79785,3,,,1,15,,79805,3,,,1,15,,79826,3,,,1,55,,79766,3,,,1,15,,79786,3,,,1,15,,79806,3,,,1,15,,79827,3,,,1,55,,79767,3,,,1,15,,79787,3,,,1,15,,79807,3,,,1,15,,79828,3,,,1,55,,79768,3,,,1,15,,79788,3,,,1,15,,79808,3,,,1,15,,79829,3,,,1,55,,79769,3,,,1,15,,79789,3,,,1,15,,79809,3,,,1,15,,79830,3,,,1,55,,79770,3,,,1,15,,79790,3,,,1,15,,79810,3,,,1,15,,79831,3,,,1,55,,79771,3,,,1,15,,79791,3,,,1,15,,79811,3,,,1,15,,79832,3,,,1,55,,79772,3,,,1,15,,79792,3,,,1,15,,79812,3,,,1,15,,79833,3,,,1,55,,79773,3,,,1,15,,79793,3,,,1,15,,79813,3,,,1,15,,79834,3,,,1,55,,79774,3,,,1,15,,79794,3,,,1,15,,79814,3,,,1,15,,79835,3,,,1,55,,79775,3,,,1,15,,79795,3,,,1,15,,79815,3,,,1,15,,79836,3,,,1,55,,79776,3,,,1,15,,79796,3,,,1,15,,79816,3,,,1,15,,79837,3,,,1,55,,79777,3,,,1,15,,79797,3,,,1,15,,79817,3,,,1,15,,79838,3,,,1,55,,79778,3,,,1
0,'20270204',507,,79899,3,,,1,15,,79839,3,,,1,20,,79879,3,,,1,15,,79900,3,,,1,55,,79840,3,,,1,15,,79860,3,,,1,15,,79880,3,,,1,15,,79901,3,,,1,55,,79841,3,,,1,15,,79861,3,,,1,15,,79881,3,,,1,15,,79902,3,,,1,55,,79842,3,,,1,15,,79862,3,,,1,15,,79882,3,,,1,15,,79903,3,,,1,55,,79843,3,,,1,15,,79863,3,,,1,15,,79883,3,,,1,15,,79904,3,,,1,55,,79844,3,,,1,15,,79864,3,,,1,15,,79884,3,,,1,15,,79905,3,,,1,55,,79845,3,,,1,15,,79865,3,,,1,15,,79885,3,,,1,15,,79906,3,,,1,55,,79846,3,,,1,15,,79866,3,,,1,15,,79886,3,,,1,15,,79907,3,,,1,55,,79847,3,,,1,15,,79867,3,,,1,15,,79887,3,,,1,15,,79908,3,,,1,55,,79848,3,,,1,15,,79868,3,,,1,15,,79888,3,,,1,15,,79909,3,,,1,55,,79849,3,,,1,15,,79869,3,,,1,15,,79889,3,,,1,15,,79910,3,,,1,55,,79850,3,,,1,15,,79870,3,,,1,15,,79890,3,,,1,15,,79911,3,,,1,55,,79851,3,,,1,15,,79871,3,,,1,15,,79891,3,,,1,15,,79912,3,,,1,55,,79852,3,,,1,15,,79872,3,,,1,15,,79892,3,,,1,15,,79913,3,,,1,55,,79853,3,,,1,15,,79873,3,,,1,15,,79893,3,,,1,15,,79914,3,,,1,55,,79854,3,,,1,15,,79874,3,,,1,15,,79894,3,,,1,15,,79915,3,,,1,55,,79855,3,,,1,15,,79875,3,,,1,15,,79895,3,,,1,15,,79916,3,,,1,55,,79856,3,,,1,15,,79876,3,,,1,15,,79896,3,,,1,15,,79917,3,,,1,55,,79857,3,,,1,15,,79877,3,,,1,15,,79897,3,,,1,15,,79918,3,,,1,55,,79858,3,,,1,15,,79878,3,,,1,15,,79898,3,,,1,15,,79919,3,,,1,55,,79859,3,,,1
0,'20270205',507,,79980,3,,,1,15,,79920,3,,,1,20,,79960,3,,,1,15,,79981,3,,,1,55,,79921,3,,,1,15,,79941,3,,,1,15,,79961,3,,,1,15,,79982,3,,,1,55,,79922,3,,,1,15,,79942,3,,,1,15,,79962,3,,,1,15,,79983,3,,,1,55,,79923,3,,,1,15,,79943,3,,,1,15,,79963,3,,,1,15,,79984,3,,,1,55,,79924,3,,,1,15,,79944,3,,,1,15,,79964,3,,,1,15,,79985,3,,,1,55,,79925,3,,,1,15,,79945,3,,,1,15,,79965,3,,,1,15,,79986,3,,,1,55,,79926,3,,,1,15,,79946,3,,,1,15,,79966,3,,,1,15,,79987,3,,,1,55,,79927,3,,,1,15,,79947,3,,,1,15,,79967,3,,,1,15,,79988,3,,,1,55,,79928,3,,,1,15,,79948,3,,,1,15,,79968,3,,,1,15,,79989,3,,,1,55,,79929,3,,,1,15,,79949,3,,,1,15,,79969,3,,,1,15,,79990,3,,,1,55,,79930,3,,,1,15,,79950,3,,,1,15,,79970,3,,,1,15,,79991,3,,,1,55,,79931,3,,,1,15,,79951,3,,,1,15,,79971,3,,,1,15,,79992,3,,,1,55,,79932,3,,,1,15,,79952,3,,,1,15,,79972,3,,,1,15,,79993,3,,,1,55,,79933,3,,,1,15,,79953,3,,,1,15,,79973,3,,,1,15,,79994,3,,,1,55,,79934,3,,,1,15,,79954,3,,,1,15,,79974,3,,,1,15,,79995,3,,,1,55,,79935,3,,,1,15,,79955,3,,,1,15,,79975,3,,,1,15,,79996,3,,,1,55,,79936,3,,,1,15,,79956,3,,,1,15,,79976,3,,,1,15,,79997,3,,,1,55,,79937,3,,,1,15,,79957,3,,,1,15,,79977,3,,,1,15,,79998,3,,,1,55,,79938,3,,,1,15,,79958,3,,,1,15,,79978,3,,,1,15,,79999,3,,,1,55,,79939,3,,,1,15,,79959,3,,,1,15,,79979,3,,,1,15,,80000,3,,,1,55,,79940,3,,,1
0,'20270206',612,,80001,3,,,1,15,,80021,3,,,1,15,,80040,3,,,1,15,,80059,3,,,1,55,,80002,3,,,1,15,,80022,3,,,1,15,,80041,3,,,1,15,,80060,3,,,1,55,,80003,3,,,1,15,,80023,3,,,1,15,,80042,3,,,1,15,,80061,3,,,1,55,,80004,3,,,1,15,,80024,3,,,1,15,,80043,3,,,1,15,,80062,3,,,1,55,,80005,3,,,1,15,,80025,3,,,1,15,,80044,3,,,1,15,,80063,3,,,1,55,,80006,3,,,1,15,,80026,3,,,1,15,,80045,3,,,1,15,,80064,3,,,1,55,,80007,3,,,1,15,,80027,3,,,1,15,,80046,3,,,1,15,,80065,3,,,1,55,,80008,3,,,1,15,,80028,3,,,1,15,,80047,3,,,1,15,,80066,3,,,1,55,,80009,3,,,1,15,,80029,3,,,1,15,,80048,3,,,1,15,,80067,3,,,1,55,,80010,3,,,1,15,,80030,3,,,1,15,,80049,3,,,1,15,,80068,3,,,1,55,,80011,3,,,1,15,,80031,3,,,1,15,,80050,3,,,1,15,,80069,3,,,1,55,,80012,3,,,1,15,,80032,3,,,1,15,,80051,3,,,1,15,,80070,3,,,1,55,,80013,3,,,1,15,,80033,3,,,1,15,,80052,3,,,1,15,,80071,3,,,1,55,,80014,3,,,1,15,,80034,3,,,1,15,,80053,3,,,1,15,,80072,3,,,1,55,,80015,3,,,1,15,,80035,3,,,1,15,,80054,3,,,1,15,,80073,3,,,1,55,,80016,3,,,1,15,,80036,3,,,1,15,,80055,3,,,1,15,,80074,3,,,1,55,,80017,3,,,1,15,,80037,3,,,1,15,,80056,3,,,1,15,,80075,3,,,1,55,,80018,3,,,1,15,,80038,3,,,1,15,,80057,3,,,1,15,,80076,3,,,1,55,,80019,3,,,1,15,,80039,3,,,1,15,,80058,3,,,1,15,,80077,3,,,1,55,,80020,3,,,1
0,'20270207',612,,80078,3,,,1,15,,80098,3,,,1,15,,80117,3,,,1,15,,80136,3,,,1,55,,80079,3,,,1,15,,80099,3,,,1,15,,80118,3,,,1,15,,80137,3,,,1,55,,80080,3,,,1,15,,80100,3,,,1,15,,80119,3,,,1,15,,80138,3,,,1,55,,80081,3,,,1,15,,80101,3,,,1,15,,80120,3,,,1,15,,80139,3,,,1,55,,80082,3,,,1,15,,80102,3,,,1,15,,80121,3,,,1,15,,80140,3,,,1,55,,80083,3,,,1,15,,80103,3,,,1,15,,80122,3,,,1,15,,80141,3,,,1,55,,80084,3,,,1,15,,80104,3,,,1,15,,80123,3,,,1,15,,80142,3,,,1,55,,80085,3,,,1,15,,80105,3,,,1,15,,80124,3,,,1,15,,80143,3,,,1,55,,80086,3,,,1,15,,80106,3,,,1,15,,80125,3,,,1,15,,80144,3,,,1,55,,80087,3,,,1,15,,80107,3,,,1,15,,80126,3,,,1,15,,80145,3,,,1,55,,80088,3,,,1,15,,80108,3,,,1,15,,80127,3,,,1,15,,80146,3,,,1,55,,80089,3,,,1,15,,80109,3,,,1,15,,80128,3,,,1,15,,80147,3,,,1,55,,80090,3,,,1,15,,80110,3,,,1,15,,80129,3,,,1,15,,80148,3,,,1,55,,80091,3,,,1,15,,80111,3,,,1,15,,80130,3,,,1,15,,80149,3,,,1,55,,80092,3,,,1,15,,80112,3,,,1,15,,80131,3,,,1,15,,80150,3,,,1,55,,80093,3,,,1,15,,80113,3,,,1,15,,80132,3,,,1,15,,80151,3,,,1,55,,80094,3,,,1,15,,80114,3,,,1,15,,80133,3,,,1,15,,80152,3,,,1,55,,80095,3,,,1,15,,80115,3,,,1,15,,80134,3,,,1,15,,80153,3,,,1,55,,80096,3,,,1,15,,80116,3,,,1,15,,80135,3,,,1,15,,80154,3,,,1,55,,80097,3,,,1
0,'20270208',507,,80215,3,,,1,15,,80155,3,,,1,20,,80195,3,,,1,15,,80216,3,,,1,55,,80156,3,,,1,15,,80176,3,,,1,15,,80196,3,,,1,15,,80217,3,,,1,55,,80157,3,,,1,15,,80177,3,,,1,15,,80197,3,,,1,15,,80218,3,,,1,55,,80158,3,,,1,15,,80178,3,,,1,15,,80198,3,,,1,15,,80219,3,,,1,55,,80159,3,,,1,15,,80179,3,,,1,15,,80199,3,,,1,15,,80220,3,,,1,55,,80160,3,,,1,15,,80180,3,,,1,15,,80200,3,,,1,15,,80221,3,,,1,55,,80161,3,,,1,15,,80181,3,,,1,15,,80201,3,,,1,15,,80222,3,,,1,55,,80162,3,,,1,15,,80182,3,,,1,15,,80202,3,,,1,15,,80223,3,,,1,55,,80163,3,,,1,15,,80183,3,,,1,15,,80203,3,,,1,15,,80224,3,,,1,55,,80164,3,,,1,15,,80184,3,,,1,15,,80204,3,,,1,15,,80225,3,,,1,55,,80165,3,,,1,15,,80185,3,,,1,15,,80205,3,,,1,15,,80226,3,,,1,55,,80166,3,,,1,15,,80186,3,,,1,15,,80206,3,,,1,15,,80227,3,,,1,55,,80167,3,,,1,15,,80187,3,,,1,15,,80207,3,,,1,15,,80228,3,,,1,55,,80168,3,,,1,15,,80188,3,,,1,15,,80208,3,,,1,15,,80229,3,,,1,55,,80169,3,,,1,15,,80189,3,,,1,15,,80209,3,,,1,15,,80230,3,,,1,55,,80170,3,,,1,15,,80190,3,,,1,15,,80210,3,,,1,15,,80231,3,,,1,55,,80171,3,,,1,15,,80191,3,,,1,15,,80211,3,,,1,15,,80232,3,,,1,55,,80172,3,,,1,15,,80192,3,,,1,15,,80212,3,,,1,15,,80233,3,,,1,55,,80173,3,,,1,15,,80193,3,,,1,15,,80213,3,,,1,15,,80234,3,,,1,55,,80174,3,,,1,15,,80194,3,,,1,15,,80214,3,,,1,15,,80235,3,,,1,55,,80175,3,,,1
0,'20270209',507,,80296,3,,,1,15,,80236,3,,,1,20,,80276,3,,,1,15,,80297,3,,,1,55,,80237,3,,,1,15,,80257,3,,,1,15,,80277,3,,,1,15,,80298,3,,,1,55,,80238,3,,,1,15,,80258,3,,,1,15,,80278,3,,,1,15,,80299,3,,,1,55,,80239,3,,,1,15,,80259,3,,,1,15,,80279,3,,,1,15,,80300,3,,,1,55,,80240,3,,,1,15,,80260,3,,,1,15,,80280,3,,,1,15,,80301,3,,,1,55,,80241,3,,,1,15,,80261,3,,,1,15,,80281,3,,,1,15,,80302,3,,,1,55,,80242,3,,,1,15,,80262,3,,,1,15,,80282,3,,,1,15,,80303,3,,,1,55,,80243,3,,,1,15,,80263,3,,,1,15,,80283,3,,,1,15,,80304,3,,,1,55,,80244,3,,,1,15,,80264,3,,,1,15,,80284,3,,,1,15,,80305,3,,,1,55,,80245,3,,,1,15,,80265,3,,,1,15,,80285,3,,,1,15,,80306,3,,,1,55,,80246,3,,,1,15,,80266,3,,,1,15,,80286,3,,,1,15,,80307,3,,,1,55,,80247,3,,,1,15,,80267,3,,,1,15,,80287,3,,,1,15,,80308,3,,,1,55,,80248,3,,,1,15,,80268,3,,,1,15,,80288,3,,,1,15,,80309,3,,,1,55,,80249,3,,,1,15,,80269,3,,,1,15,,80289,3,,,1,15,,80310,3,,,1,55,,80250,3,,,1,15,,80270,3,,,1,15,,80290,3,,,1,15,,80311,3,,,1,55,,80251,3,,,1,15,,80271,3,,,1,15,,80291,3,,,1,15,,80312,3,,,1,55,,80252,3,,,1,15,,80272,3,,,1,15,,80292,3,,,1,15,,80313,3,,,1,55,,80253,3,,,1,15,,80273,3,,,1,15,,80293,3,,,1,15,,80314,3,,,1,55,,80254,3,,,1,15,,80274,3,,,1,15,,80294,3,,,1,15,,80315,3,,,1,55,,80255,3,,,1,15,,80275,3,,,1,15,,80295,3,,,1,15,,80316,3,,,1,55,,80256,3,,,1
0,'20270210',507,,80377,3,,,1,15,,80317,3,,,1,20,,80357,3,,,1,15,,80378,3,,,1,55,,80318,3,,,1,15,,80338,3,,,1,15,,80358,3,,,1,15,,80379,3,,,1,55,,80319,3,,,1,15,,80339,3,,,1,15,,80359,3,,,1,15,,80380,3,,,1,55,,80320,3,,,1,15,,80340,3,,,1,15,,80360,3,,,1,15,,80381,3,,,1,55,,80321,3,,,1,15,,80341,3,,,1,15,,80361,3,,,1,15,,80382,3,,,1,55,,80322,3,,,1,15,,80342,3,,,1,15,,80362,3,,,1,15,,80383,3,,,1,55,,80323,3,,,1,15,,80343,3,,,1,15,,80363,3,,,1,15,,80384,3,,,1,55,,80324,3,,,1,15,,80344,3,,,1,15,,80364,3,,,1,15,,80385,3,,,1,55,,80325,3,,,1,15,,80345,3,,,1,15,,80365,3,,,1,15,,80386,3,,,1,55,,80326,3,,,1,15,,80346,3,,,1,15,,80366,3,,,1,15,,80387,3,,,1,55,,80327,3,,,1,15,,80347,3,,,1,15,,80367,3,,,1,15,,80388,3,,,1,55,,80328,3,,,1,15,,80348,3,,,1,15,,80368,3,,,1,15,,80389,3,,,1,55,,80329,3,,,1,15,,80349,3,,,1,15,,80369,3,,,1,15,,80390,3,,,1,55,,80330,3,,,1,15,,80350,3,,,1,15,,80370,3,,,1,15,,80391,3,,,1,55,,80331,3,,,1,15,,80351,3,,,1,15,,80371,3,,,1,15,,80392,3,,,1,55,,80332,3,,,1,15,,80352,3,,,1,15,,80372,3,,,1,15,,80393,3,,,1,55,,80333,3,,,1,15,,80353,3,,,1,15,,80373,3,,,1,15,,80394,3,,,1,55,,80334,3,,,1,15,,80354,3,,,1,15,,80374,3,,,1,15,,80395,3,,,1,55,,80335,3,,,1,15,,80355,3,,,1,15,,80375,3,,,1,15,,80396,3,,,1,55,,80336,3,,,1,15,,80356,3,,,1,15,,80376,3,,,1,15,,80397,3,,,1,55,,80337,3,,,1
0,'20270211',507,,80458,3,,,1,15,,80398,3,,,1,20,,80438,3,,,1,15,,80459,3,,,1,55,,80399,3,,,1,15,,80419,3,,,1,15,,80439,3,,,1,15,,80460,3,,,1,55,,80400,3,,,1,15,,80420,3,,,1,15,,80440,3,,,1,15,,80461,3,,,1,55,,80401,3,,,1,15,,80421,3,,,1,15,,80441,3,,,1,15,,80462,3,,,1,55,,80402,3,,,1,15,,80422,3,,,1,15,,80442,3,,,1,15,,80463,3,,,1,55,,80403,3,,,1,15,,80423,3,,,1,15,,80443,3,,,1,15,,80464,3,,,1,55,,80404,3,,,1,15,,80424,3,,,1,15,,80444,3,,,1,15,,80465,3,,,1,55,,80405,3,,,1,15,,80425,3,,,1,15,,80445,3,,,1,15,,80466,3,,,1,55,,80406,3,,,1,15,,80426,3,,,1,15,,80446,3,,,1,15,,80467,3,,,1,55,,80407,3,,,1,15,,80427,3,,,1,15,,80447,3,,,1,15,,80468,3,,,1,55,,80408,3,,,1,15,,80428,3,,,1,15,,80448,3,,,1,15,,80469,3,,,1,55,,80409,3,,,1,15,,80429,3,,,1,15,,80449,3,,,1,15,,80470,3,,,1,55,,80410,3,,,1,15,,80430,3,,,1,15,,80450,3,,,1,15,,80471,3,,,1,55,,80411,3,,,1,15,,80431,3,,,1,15,,80451,3,,,1,15,,80472,3,,,1,55,,80412,3,,,1,15,,80432,3,,,1,15,,80452,3,,,1,15,,80473,3,,,1,55,,80413,3,,,1,15,,80433,3,,,1,15,,80453,3,,,1,15,,80474,3,,,1,55,,80414,3,,,1,15,,80434,3,,,1,15,,80454,3,,,1,15,,80475,3,,,1,55,,80415,3,,,1,15,,80435,3,,,1,15,,80455,3,,,1,15,,80476,3,,,1,55,,80416,3,,,1,15,,80436,3,,,1,15,,80456,3,,,1,15,,80477,3,,,1,55,,80417,3,,,1,15,,80437,3,,,1,15,,80457,3,,,1,15,,80478,3,,,1,55,,80418,3,,,1
0,'20270212',507,,80539,3,,,1,15,,80479,3,,,1,20,,80519,3,,,1,15,,80540,3,,,1,55,,80480,3,,,1,15,,80500,3,,,1,15,,80520,3,,,1,15,,80541,3,,,1,55,,80481,3,,,1,15,,80501,3,,,1,15,,80521,3,,,1,15,,80542,3,,,1,55,,80482,3,,,1,15,,80502,3,,,1,15,,80522,3,,,1,15,,80543,3,,,1,55,,80483,3,,,1,15,,80503,3,,,1,15,,80523,3,,,1,15,,80544,3,,,1,55,,80484,3,,,1,15,,80504,3,,,1,15,,80524,3,,,1,15,,80545,3,,,1,55,,80485,3,,,1,15,,80505,3,,,1,15,,80525,3,,,1,15,,80546,3,,,1,55,,80486,3,,,1,15,,80506,3,,,1,15,,80526,3,,,1,15,,80547,3,,,1,55,,80487,3,,,1,15,,80507,3,,,1,15,,80527,3,,,1,15,,80548,3,,,1,55,,80488,3,,,1,15,,80508,3,,,1,15,,80528,3,,,1,15,,80549,3,,,1,55,,80489,3,,,1,15,,80509,3,,,1,15,,80529,3,,,1,15,,80550,3,,,1,55,,80490,3,,,1,15,,80510,3,,,1,15,,80530,3,,,1,15,,80551,3,,,1,55,,80491,3,,,1,15,,80511,3,,,1,15,,80531,3,,,1,15,,80552,3,,,1,55,,80492,3,,,1,15,,80512,3,,,1,15,,80532,3,,,1,15,,80553,3,,,1,55,,80493,3,,,1,15,,80513,3,,,1,15,,80533,3,,,1,15,,80554,3,,,1,55,,80494,3,,,1,15,,80514,3,,,1,15,,80534,3,,,1,15,,80555,3,,,1,55,,80495,3,,,1,15,,80515,3,,,1,15,,80535,3,,,1,15,,80556,3,,,1,55,,80496,3,,,1,15,,80516,3,,,1,15,,80536,3,,,1,15,,80557,3,,,1,55,,80497,3,,,1,15,,80517,3,,,1,15,,80537,3,,,1,15,,80558,3,,,1,55,,80498,3,,,1,15,,80518,3,,,1,15,,80538,3,,,1,15,,80559,3,,,1,55,,80499,3,,,1
0,'20270213',612,,80560,3,,,1,15,,80580,3,,,1,15,,80599,3,,,1,15,,80618,3,,,1,55,,80561,3,,,1,15,,80581,3,,,1,15,,80600,3,,,1,15,,80619,3,,,1,55,,80562,3,,,1,15,,80582,3,,,1,15,,80601,3,,,1,15,,80620,3,,,1,55,,80563,3,,,1,15,,80583,3,,,1,15,,80602,3,,,1,15,,80621,3,,,1,55,,80564,3,,,1,15,,80584,3,,,1,15,,80603,3,,,1,15,,80622,3,,,1,55,,80565,3,,,1,15,,80585,3,,,1,15,,80604,3,,,1,15,,80623,3,,,1,55,,80566,3,,,1,15,,80586,3,,,1,15,,80605,3,,,1,15,,80624,3,,,1,55,,80567,3,,,1,15,,80587,3,,,1,15,,80606,3,,,1,15,,80625,3,,,1,55,,80568,3,,,1,15,,80588,3,,,1,15,,80607,3,,,1,15,,80626,3,,,1,55,,80569,3,,,1,15,,80589,3,,,1,15,,80608,3,,,1,15,,80627,3,,,1,55,,80570,3,,,1,15,,80590,3,,,1,15,,80609,3,,,1,15,,80628,3,,,1,55,,80571,3,,,1,15,,80591,3,,,1,15,,80610,3,,,1,15,,80629,3,,,1,55,,80572,3,,,1,15,,80592,3,,,1,15,,80611,3,,,1,15,,80630,3,,,1,55,,80573,3,,,1,15,,80593,3,,,1,15,,80612,3,,,1,15,,80631,3,,,1,55,,80574,3,,,1,15,,80594,3,,,1,15,,80613,3,,,1,15,,80632,3,,,1,55,,80575,3,,,1,15,,80595,3,,,1,15,,80614,3,,,1,15,,80633,3,,,1,55,,80576,3,,,1,15,,80596,3,,,1,15,,80615,3,,,1,15,,80634,3,,,1,55,,80577,3,,,1,15,,80597,3,,,1,15,,80616,3,,,1,15,,80635,3,,,1,55,,80578,3,,,1,15,,80598,3,,,1,15,,80617,3,,,1,15,,80636,3,,,1,55,,80579,3,,,1
0,'20270214',612,,80637,3,,,1,15,,80657,3,,,1,15,,80676,3,,,1,15,,80695,3,,,1,55,,80638,3,,,1,15,,80658,3,,,1,15,,80677,3,,,1,15,,80696,3,,,1,55,,80639,3,,,1,15,,80659,3,,,1,15,,80678,3,,,1,15,,80697,3,,,1,55,,80640,3,,,1,15,,80660,3,,,1,15,,80679,3,,,1,15,,80698,3,,,1,55,,80641,3,,,1,15,,80661,3,,,1,15,,80680,3,,,1,15,,80699,3,,,1,55,,80642,3,,,1,15,,80662,3,,,1,15,,80681,3,,,1,15,,80700,3,,,1,55,,80643,3,,,1,15,,80663,3,,,1,15,,80682,3,,,1,15,,80701,3,,,1,55,,80644,3,,,1,15,,80664,3,,,1,15,,80683,3,,,1,15,,80702,3,,,1,55,,80645,3,,,1,15,,80665,3,,,1,15,,80684,3,,,1,15,,80703,3,,,1,55,,80646,3,,,1,15,,80666,3,,,1,15,,80685,3,,,1,15,,80704,3,,,1,55,,80647,3,,,1,15,,80667,3,,,1,15,,80686,3,,,1,15,,80705,3,,,1,55,,80648,3,,,1,15,,80668,3,,,1,15,,80687,3,,,1,15,,80706,3,,,1,55,,80649,3,,,1,15,,80669,3,,,1,15,,80688,3,,,1,15,,80707,3,,,1,55,,80650,3,,,1,15,,80670,3,,,1,15,,80689,3,,,1,15,,80708,3,,,1,55,,80651,3,,,1,15,,80671,3,,,1,15,,80690,3,,,1,15,,80709,3,,,1,55,,80652,3,,,1,15,,80672,3,,,1,15,,80691,3,,,1,15,,80710,3,,,1,55,,80653,3,,,1,15,,80673,3,,,1,15,,80692,3,,,1,15,,80711,3,,,1,55,,80654,3,,,1,15,,80674,3,,,1,15,,80693,3,,,1,15,,80712,3,,,1,55,,80655,3,,,1,15,,80675,3,,,1,15,,80694,3,,,1,15,,80713,3,,,1,55,,80656,3,,,1
0,'20270215',507,,80774,3,,,1,15,,80714,3,,,1,20,,80754,3,,,1,15,,80775,3,,,1,55,,80715,3,,,1,15,,80735,3,,,1,15,,80755,3,,,1,15,,80776,3,,,1,55,,80716,3,,,1,15,,80736,3,,,1,15,,80756,3,,,1,15,,80777,3,,,1,55,,80717,3,,,1,15,,80737,3,,,1,15,,80757,3,,,1,15,,80778,3,,,1,55,,80718,3,,,1,15,,80738,3,,,1,15,,80758,3,,,1,15,,80779,3,,,1,55,,80719,3,,,1,15,,80739,3,,,1,15,,80759,3,,,1,15,,80780,3,,,1,55,,80720,3,,,1,15,,80740,3,,,1,15,,80760,3,,,1,15,,80781,3,,,1,55,,80721,3,,,1,15,,80741,3,,,1,15,,80761,3,,,1,15,,80782,3,,,1,55,,80722,3,,,1,15,,80742,3,,,1,15,,80762,3,,,1,15,,80783,3,,,1,55,,80723,3,,,1,15,,80743,3,,,1,15,,80763,3,,,1,15,,80784,3,,,1,55,,80724,3,,,1,15,,80744,3,,,1,15,,80764,3,,,1,15,,80785,3,,,1,55,,80725,3,,,1,15,,80745,3,,,1,15,,80765,3,,,1,15,,80786,3,,,1,55,,80726,3,,,1,15,,80746,3,,,1,15,,80766,3,,,1,15,,80787,3,,,1,55,,80727,3,,,1,15,,80747,3,,,1,15,,80767,3,,,1,15,,80788,3,,,1,55,,80728,3,,,1,15,,80748,3,,,1,15,,80768,3,,,1,15,,80789,3,,,1,55,,80729,3,,,1,15,,80749,3,,,1,15,,80769,3,,,1,15,,80790,3,,,1,55,,80730,3,,,1,15,,80750,3,,,1,15,,80770,3,,,1,15,,80791,3,,,1,55,,80731,3,,,1,15,,80751,3,,,1,15,,80771,3,,,1,15,,80792,3,,,1,55,,80732,3,,,1,15,,80752,3,,,1,15,,80772,3,,,1,15,,80793,3,,,1,55,,80733,3,,,1,15,,80753,3,,,1,15,,80773,3,,,1,15,,80794,3,,,1,55,,80734,3,,,1
0,'20270216',507,,80855,3,,,1,15,,80795,3,,,1,20,,80835,3,,,1,15,,80856,3,,,1,55,,80796,3,,,1,15,,80816,3,,,1,15,,80836,3,,,1,15,,80857,3,,,1,55,,80797,3,,,1,15,,80817,3,,,1,15,,80837,3,,,1,15,,80858,3,,,1,55,,80798,3,,,1,15,,80818,3,,,1,15,,80838,3,,,1,15,,80859,3,,,1,55,,80799,3,,,1,15,,80819,3,,,1,15,,80839,3,,,1,15,,80860,3,,,1,55,,80800,3,,,1,15,,80820,3,,,1,15,,80840,3,,,1,15,,80861,3,,,1,55,,80801,3,,,1,15,,80821,3,,,1,15,,80841,3,,,1,15,,80862,3,,,1,55,,80802,3,,,1,15,,80822,3,,,1,15,,80842,3,,,1,15,,80863,3,,,1,55,,80803,3,,,1,15,,80823,3,,,1,15,,80843,3,,,1,15,,80864,3,,,1,55,,80804,3,,,1,15,,80824,3,,,1,15,,80844,3,,,1,15,,80865,3,,,1,55,,80805,3,,,1,15,,80825,3,,,1,15,,80845,3,,,1,15,,80866,3,,,1,55,,80806,3,,,1,15,,80826,3,,,1,15,,80846,3,,,1,15,,80867,3,,,1,55,,80807,3,,,1,15,,80827,3,,,1,15,,80847,3,,,1,15,,80868,3,,,1,55,,80808,3,,,1,15,,80828,3,,,1,15,,80848,3,,,1,15,,80869,3,,,1,55,,80809,3,,,1,15,,80829,3,,,1,15,,80849,3,,,1,15,,80870,3,,,1,55,,80810,3,,,1,15,,80830,3,,,1,15,,80850,3,,,1,15,,80871,3,,,1,55,,80811,3,,,1,15,,80831,3,,,1,15,,80851,3,,,1,15,,80872,3,,,1,55,,80812,3,,,1,15,,80832,3,,,1,15,,80852,3,,,1,15,,80873,3,,,1,55,,80813,3,,,1,15,,80833,3,,,1,15,,80853,3,,,1,15,,80874,3,,,1,55,,80814,3,,,1,15,,80834,3,,,1,15,,80854,3,,,1,15,,80875,3,,,1,55,,80815,3,,,1
0,'20270217',507,,80936,3,,,1,15,,80876,3,,,1,20,,80916,3,,,1,15,,80937,3,,,1,55,,80877,3,,,1,15,,80897,3,,,1,15,,80917,3,,,1,15,,80938,3,,,1,55,,80878,3,,,1,15,,80898,3,,,1,15,,80918,3,,,1,15,,80939,3,,,1,55,,80879,3,,,1,15,,80899,3,,,1,15,,80919,3,,,1,15,,80940,3,,,1,55,,80880,3,,,1,15,,80900,3,,,1,15,,80920,3,,,1,15,,80941,3,,,1,55,,80881,3,,,1,15,,80901,3,,,1,15,,80921,3,,,1,15,,80942,3,,,1,55,,80882,3,,,1,15,,80902,3,,,1,15,,80922,3,,,1,15,,80943,3,,,1,55,,80883,3,,,1,15,,80903,3,,,1,15,,80923,3,,,1,15,,80944,3,,,1,55,,80884,3,,,1,15,,80904,3,,,1,15,,80924,3,,,1,15,,80945,3,,,1,55,,80885,3,,,1,15,,80905,3,,,1,15,,80925,3,,,1,15,,80946,3,,,1,55,,80886,3,,,1,15,,80906,3,,,1,15,,80926,3,,,1,15,,80947,3,,,1,55,,80887,3,,,1,15,,80907,3,,,1,15,,80927,3,,,1,15,,80948,3,,,1,55,,80888,3,,,1,15,,80908,3,,,1,15,,80928,3,,,1,15,,80949,3,,,1,55,,80889,3,,,1,15,,80909,3,,,1,15,,80929,3,,,1,15,,80950,3,,,1,55,,80890,3,,,1,15,,80910,3,,,1,15,,80930,3,,,1,15,,80951,3,,,1,55,,80891,3,,,1,15,,80911,3,,,1,15,,80931,3,,,1,15,,80952,3,,,1,55,,80892,3,,,1,15,,80912,3,,,1,15,,80932,3,,,1,15,,80953,3,,,1,55,,80893,3,,,1,15,,80913,3,,,1,15,,80933,3,,,1,15,,80954,3,,,1,55,,80894,3,,,1,15,,80914,3,,,1,15,,80934,3,,,1,15,,80955,3,,,1,55,,80895,3,,,1,15,,80915,3,,,1,15,,80935,3,,,1,15,,80956,3,,,1,55,,80896,3,,,1
0,'20270218',507,,81017,3,,,1,15,,80957,3,,,1,20,,80997,3,,,1,15,,81018,3,,,1,55,,80958,3,,,1,15,,80978,3,,,1,15,,80998,3,,,1,15,,81019,3,,,1,55,,80959,3,,,1,15,,80979,3,,,1,15,,80999,3,,,1,15,,81020,3,,,1,55,,80960,3,,,1,15,,80980,3,,,1,15,,81000,3,,,1,15,,81021,3,,,1,55,,80961,3,,,1,15,,80981,3,,,1,15,,81001,3,,,1,15,,81022,3,,,1,55,,80962,3,,,1,15,,80982,3,,,1,15,,81002,3,,,1,15,,81023,3,,,1,55,,80963,3,,,1,15,,80983,3,,,1,15,,81003,3,,,1,15,,81024,3,,,1,55,,80964,3,,,1,15,,80984,3,,,1,15,,81004,3,,,1,15,,81025,3,,,1,55,,80965,3,,,1,15,,80985,3,,,1,15,,81005,3,,,1,15,,81026,3,,,1,55,,80966,3,,,1,15,,80986,3,,,1,15,,81006,3,,,1,15,,81027,3,,,1,55,,80967,3,,,1,15,,80987,3,,,1,15,,81007,3,,,1,15,,81028,3,,,1,55,,80968,3,,,1,15,,80988,3,,,1,15,,81008,3,,,1,15,,81029,3,,,1,55,,80969,3,,,1,15,,80989,3,,,1,15,,81009,3,,,1,15,,81030,3,,,1,55,,80970,3,,,1,15,,80990,3,,,1,15,,81010,3,,,1,15,,81031,3,,,1,55,,80971,3,,,1,15,,80991,3,,,1,15,,81011,3,,,1,15,,81032,3,,,1,55,,80972,3,,,1,15,,80992,3,,,1,15,,81012,3,,,1,15,,81033,3,,,1,55,,80973,3,,,1,15,,80993,3,,,1,15,,81013,3,,,1,15,,81034,3,,,1,55,,80974,3,,,1,15,,80994,3,,,1,15,,81014,3,,,1,15,,81035,3,,,1,55,,80975,3,,,1,15,,80995,3,,,1,15,,81015,3,,,1,15,,81036,3,,,1,55,,80976,3,,,1,15,,80996,3,,,1,15,,81016,3,,,1,15,,81037,3,,,1,55,,80977,3,,,1
0,'20270219',507,,81098,3,,,1,15,,81038,3,,,1,20,,81078,3,,,1,15,,81099,3,,,1,55,,81039,3,,,1,15,,81059,3,,,1,15,,81079,3,,,1,15,,81100,3,,,1,55,,81040,3,,,1,15,,81060,3,,,1,15,,81080,3,,,1,15,,81101,3,,,1,55,,81041,3,,,1,15,,81061,3,,,1,15,,81081,3,,,1,15,,81102,3,,,1,55,,81042,3,,,1,15,,81062,3,,,1,15,,81082,3,,,1,15,,81103,3,,,1,55,,81043,3,,,1,15,,81063,3,,,1,15,,81083,3,,,1,15,,81104,3,,,1,55,,81044,3,,,1,15,,81064,3,,,1,15,,81084,3,,,1,15,,81105,3,,,1,55,,81045,3,,,1,15,,81065,3,,,1,15,,81085,3,,,1,15,,81106,3,,,1,55,,81046,3,,,1,15,,81066,3,,,1,15,,81086,3,,,1,15,,81107,3,,,1,55,,81047,3,,,1,15,,81067,3,,,1,15,,81087,3,,,1,15,,81108,3,,,1,55,,81048,3,,,1,15,,81068,3,,,1,15,,81088,3,,,1,15,,81109,3,,,1,55,,81049,3,,,1,15,,81069,3,,,1,15,,81089,3,,,1,15,,81110,3,,,1,55,,81050,3,,,1,15,,81070,3,,,1,15,,81090,3,,,1,15,,81111,3,,,1,55,,81051,3,,,1,15,,81071,3,,,1,15,,81091,3,,,1,15,,81112,3,,,1,55,,81052,3,,,1,15,,81072,3,,,1,15,,81092,3,,,1,15,,81113,3,,,1,55,,81053,3,,,1,15,,81073,3,,,1,15,,81093,3,,,1,15,,81114,3,,,1,55,,81054,3,,,1,15,,81074,3,,,1,15,,81094,3,,,1,15,,81115,3,,,1,55,,81055,3,,,1,15,,81075,3,,,1,15,,81095,3,,,1,15,,81116,3,,,1,55,,81056,3,,,1,15,,81076,3,,,1,15,,81096,3,,,1,15,,81117,3,,,1,55,,81057,3,,,1,15,,81077,3,,,1,15,,81097,3,,,1,15,,81118,3,,,1,55,,81058,3,,,1
0,'20270220',612,,81119,3,,,1,15,,81139,3,,,1,15,,81158,3,,,1,15,,81177,3,,,1,55,,81120,3,,,1,15,,81140,3,,,1,15,,81159,3,,,1,15,,81178,3,,,1,55,,81121,3,,,1,15,,81141,3,,,1,15,,81160,3,,,1,15,,81179,3,,,1,55,,81122,3,,,1,15,,81142,3,,,1,15,,81161,3,,,1,15,,81180,3,,,1,55,,81123,3,,,1,15,,81143,3,,,1,15,,81162,3,,,1,15,,81181,3,,,1,55,,81124,3,,,1,15,,81144,3,,,1,15,,81163,3,,,1,15,,81182,3,,,1,55,,81125,3,,,1,15,,81145,3,,,1,15,,81164,3,,,1,15,,81183,3,,,1,55,,81126,3,,,1,15,,81146,3,,,1,15,,81165,3,,,1,15,,81184,3,,,1,55,,81127,3,,,1,15,,81147,3,,,1,15,,81166,3,,,1,15,,81185,3,,,1,55,,81128,3,,,1,15,,81148,3,,,1,15,,81167,3,,,1,15,,81186,3,,,1,55,,81129,3,,,1,15,,81149,3,,,1,15,,81168,3,,,1,15,,81187,3,,,1,55,,81130,3,,,1,15,,81150,3,,,1,15,,81169,3,,,1,15,,81188,3,,,1,55,,81131,3,,,1,15,,81151,3,,,1,15,,81170,3,,,1,15,,81189,3,,,1,55,,81132,3,,,1,15,,81152,3,,,1,15,,81171,3,,,1,15,,81190,3,,,1,55,,81133,3,,,1,15,,81153,3,,,1,15,,81172,3,,,1,15,,81191,3,,,1,55,,81134,3,,,1,15,,81154,3,,,1,15,,81173,3,,,1,15,,81192,3,,,1,55,,81135,3,,,1,15,,81155,3,,,1,15,,81174,3,,,1,15,,81193,3,,,1,55,,81136,3,,,1,15,,81156,3,,,1,15,,81175,3,,,1,15,,81194,3,,,1,55,,81137,3,,,1,15,,81157,3,,,1,15,,81176,3,,,1,15,,81195,3,,,1,55,,81138,3,,,1
0,'20270221',612,,81196,3,,,1,15,,81216,3,,,1,15,,81235,3,,,1,15,,81254,3,,,1,55,,81197,3,,,1,15,,81217,3,,,1,15,,81236,3,,,1,15,,81255,3,,,1,55,,81198,3,,,1,15,,81218,3,,,1,15,,81237,3,,,1,15,,81256,3,,,1,55,,81199,3,,,1,15,,81219,3,,,1,15,,81238,3,,,1,15,,81257,3,,,1,55,,81200,3,,,1,15,,81220,3,,,1,15,,81239,3,,,1,15,,81258,3,,,1,55,,81201,3,,,1,15,,81221,3,,,1,15,,81240,3,,,1,15,,81259,3,,,1,55,,81202,3,,,1,15,,81222,3,,,1,15,,81241,3,,,1,15,,81260,3,,,1,55,,81203,3,,,1,15,,81223,3,,,1,15,,81242,3,,,1,15,,81261,3,,,1,55,,81204,3,,,1,15,,81224,3,,,1,15,,81243,3,,,1,15,,81262,3,,,1,55,,81205,3,,,1,15,,81225,3,,,1,15,,81244,3,,,1,15,,81263,3,,,1,55,,81206,3,,,1,15,,81226,3,,,1,15,,81245,3,,,1,15,,81264,3,,,1,55,,81207,3,,,1,15,,81227,3,,,1,15,,81246,3,,,1,15,,81265,3,,,1,55,,81208,3,,,1,15,,81228,3,,,1,15,,81247,3,,,1,15,,81266,3,,,1,55,,81209,3,,,1,15,,81229,3,,,1,15,,81248,3,,,1,15,,81267,3,,,1,55,,81210,3,,,1,15,,81230,3,,,1,15,,81249,3,,,1,15,,81268,3,,,1,55,,81211,3,,,1,15,,81231,3,,,1,15,,81250,3,,,1,15,,81269,3,,,1,55,,81212,3,,,1,15,,81232,3,,,1,15,,81251,3,,,1,15,,81270,3,,,1,55,,81213,3,,,1,15,,81233,3,,,1,15,,81252,3,,,1,15,,81271,3,,,1,55,,81214,3,,,1,15,,81234,3,,,1,15,,81253,3,,,1,15,,81272,3,,,1,55,,81215,3,,,1
0,'20270222',507,,81333,3,,,1,15,,81273,3,,,1,20,,81313,3,,,1,15,,81334,3,,,1,55,,81274,3,,,1,15,,81294,3,,,1,15,,81314,3,,,1,15,,81335,3,,,1,55,,81275,3,,,1,15,,81295,3,,,1,15,,81315,3,,,1,15,,81336,3,,,1,55,,81276,3,,,1,15,,81296,3,,,1,15,,81316,3,,,1,15,,81337,3,,,1,55,,81277,3,,,1,15,,81297,3,,,1,15,,81317,3,,,1,15,,81338,3,,,1,55,,81278,3,,,1,15,,81298,3,,,1,15,,81318,3,,,1,15,,81339,3,,,1,55,,81279,3,,,1,15,,81299,3,,,1,15,,81319,3,,,1,15,,81340,3,,,1,55,,81280,3,,,1,15,,81300,3,,,1,15,,81320,3,,,1,15,,81341,3,,,1,55,,81281,3,,,1,15,,81301,3,,,1,15,,81321,3,,,1,15,,81342,3,,,1,55,,81282,3,,,1,15,,81302,3,,,1,15,,81322,3,,,1,15,,81343,3,,,1,55,,81283,3,,,1,15,,81303,3,,,1,15,,81323,3,,,1,15,,81344,3,,,1,55,,81284,3,,,1,15,,81304,3,,,1,15,,81324,3,,,1,15,,81345,3,,,1,55,,81285,3,,,1,15,,81305,3,,,1,15,,81325,3,,,1,15,,81346,3,,,1,55,,81286,3,,,1,15,,81306,3,,,1,15,,81326,3,,,1,15,,81347,3,,,1,55,,81287,3,,,1,15,,81307,3,,,1,15,,81327,3,,,1,15,,81348,3,,,1,55,,81288,3,,,1,15,,81308,3,,,1,15,,81328,3,,,1,15,,81349,3,,,1,55,,81289,3,,,1,15,,81309,3,,,1,15,,81329,3,,,1,15,,81350,3,,,1,55,,81290,3,,,1,15,,81310,3,,,1,15,,81330,3,,,1,15,,81351,3,,,1,55,,81291,3,,,1,15,,81311,3,,,1,15,,81331,3,,,1,15,,81352,3,,,1,55,,81292,3,,,1,15,,81312,3,,,1,15,,81332,3,,,1,15,,81353,3,,,1,55,,81293,3,,,1
0,'20270223',507,,81414,3,,,1,15,,81354,3,,,1,20,,81394,3,,,1,15,,81415,3,,,1,55,,81355,3,,,1,15,,81375,3,,,1,15,,81395,3,,,1,15,,81416,3,,,1,55,,81356,3,,,1,15,,81376,3,,,1,15,,81396,3,,,1,15,,81417,3,,,1,55,,81357,3,,,1,15,,81377,3,,,1,15,,81397,3,,,1,15,,81418,3,,,1,55,,81358,3,,,1,15,,81378,3,,,1,15,,81398,3,,,1,15,,81419,3,,,1,55,,81359,3,,,1,15,,81379,3,,,1,15,,81399,3,,,1,15,,81420,3,,,1,55,,81360,3,,,1,15,,81380,3,,,1,15,,81400,3,,,1,15,,81421,3,,,1,55,,81361,3,,,1,15,,81381,3,,,1,15,,81401,3,,,1,15,,81422,3,,,1,55,,81362,3,,,1,15,,81382,3,,,1,15,,81402,3,,,1,15,,81423,3,,,1,55,,81363,3,,,1,15,,81383,3,,,1,15,,81403,3,,,1,15,,81424,3,,,1,55,,81364,3,,,1,15,,81384,3,,,1,15,,81404,3,,,1,15,,81425,3,,,1,55,,81365,3,,,1,15,,81385,3,,,1,15,,81405,3,,,1,15,,81426,3,,,1,55,,81366,3,,,1,15,,81386,3,,,1,15,,81406,3,,,1,15,,81427,3,,,1,55,,81367,3,,,1,15,,81387,3,,,1,15,,81407,3,,,1,15,,81428,3,,,1,55,,81368,3,,,1,15,,81388,3,,,1,15,,81408,3,,,1,15,,81429,3,,,1,55,,81369,3,,,1,15,,81389,3,,,1,15,,81409,3,,,1,15,,81430,3,,,1,55,,81370,3,,,1,15,,81390,3,,,1,15,,81410,3,,,1,15,,81431,3,,,1,55,,81371,3,,,1,15,,81391,3,,,1,15,,81411,3,,,1,15,,81432,3,,,1,55,,81372,3,,,1,15,,81392,3,,,1,15,,81412,3,,,1,15,,81433,3,,,1,55,,81373,3,,,1,15,,81393,3,,,1,15,,81413,3,,,1,15,,81434,3,,,1,55,,81374,3,,,1
0,'20270224',507,,81495,3,,,1,15,,81435,3,,,1,20,,81475,3,,,1,15,,81496,3,,,1,55,,81436,3,,,1,15,,81456,3,,,1,15,,81476,3,,,1,15,,81497,3,,,1,55,,81437,3,,,1,15,,81457,3,,,1,15,,81477,3,,,1,15,,81498,3,,,1,55,,81438,3,,,1,15,,81458,3,,,1,15,,81478,3,,,1,15,,81499,3,,,1,55,,81439,3,,,1,15,,81459,3,,,1,15,,81479,3,,,1,15,,81500,3,,,1,55,,81440,3,,,1,15,,81460,3,,,1,15,,81480,3,,,1,15,,81501,3,,,1,55,,81441,3,,,1,15,,81461,3,,,1,15,,81481,3,,,1,15,,81502,3,,,1,55,,81442,3,,,1,15,,81462,3,,,1,15,,81482,3,,,1,15,,81503,3,,,1,55,,81443,3,,,1,15,,81463,3,,,1,15,,81483,3,,,1,15,,81504,3,,,1,55,,81444,3,,,1,15,,81464,3,,,1,15,,81484,3,,,1,15,,81505,3,,,1,55,,81445,3,,,1,15,,81465,3,,,1,15,,81485,3,,,1,15,,81506,3,,,1,55,,81446,3,,,1,15,,81466,3,,,1,15,,81486,3,,,1,15,,81507,3,,,1,55,,81447,3,,,1,15,,81467,3,,,1,15,,81487,3,,,1,15,,81508,3,,,1,55,,81448,3,,,1,15,,81468,3,,,1,15,,81488,3,,,1,15,,81509,3,,,1,55,,81449,3,,,1,15,,81469,3,,,1,15,,81489,3,,,1,15,,81510,3,,,1,55,,81450,3,,,1,15,,81470,3,,,1,15,,81490,3,,,1,15,,81511,3,,,1,55,,81451,3,,,1,15,,81471,3,,,1,15,,81491,3,,,1,15,,81512,3,,,1,55,,81452,3,,,1,15,,81472,3,,,1,15,,81492,3,,,1,15,,81513,3,,,1,55,,81453,3,,,1,15,,81473,3,,,1,15,,81493,3,,,1,15,,81514,3,,,1,55,,81454,3,,,1,15,,81474,3,,,1,15,,81494,3,,,1,15,,81515,3,,,1,55,,81455,3,,,1
0,'20270225',507,,81576,3,,,1,15,,81516,3,,,1,20,,81556,3,,,1,15,,81577,3,,,1,55,,81517,3,,,1,15,,81537,3,,,1,15,,81557,3,,,1,15,,81578,3,,,1,55,,81518,3,,,1,15,,81538,3,,,1,15,,81558,3,,,1,15,,81579,3,,,1,55,,81519,3,,,1,15,,81539,3,,,1,15,,81559,3,,,1,15,,81580,3,,,1,55,,81520,3,,,1,15,,81540,3,,,1,15,,81560,3,,,1,15,,81581,3,,,1,55,,81521,3,,,1,15,,81541,3,,,1,15,,81561,3,,,1,15,,81582,3,,,1,55,,81522,3,,,1,15,,81542,3,,,1,15,,81562,3,,,1,15,,81583,3,,,1,55,,81523,3,,,1,15,,81543,3,,,1,15,,81563,3,,,1,15,,81584,3,,,1,55,,81524,3,,,1,15,,81544,3,,,1,15,,81564,3,,,1,15,,81585,3,,,1,55,,81525,3,,,1,15,,81545,3,,,1,15,,81565,3,,,1,15,,81586,3,,,1,55,,81526,3,,,1,15,,81546,3,,,1,15,,81566,3,,,1,15,,81587,3,,,1,55,,81527,3,,,1,15,,81547,3,,,1,15,,81567,3,,,1,15,,81588,3,,,1,55,,81528,3,,,1,15,,81548,3,,,1,15,,81568,3,,,1,15,,81589,3,,,1,55,,81529,3,,,1,15,,81549,3,,,1,15,,81569,3,,,1,15,,81590,3,,,1,55,,81530,3,,,1,15,,81550,3,,,1,15,,81570,3,,,1,15,,81591,3,,,1,55,,81531,3,,,1,15,,81551,3,,,1,15,,81571,3,,,1,15,,81592,3,,,1,55,,81532,3,,,1,15,,81552,3,,,1,15,,81572,3,,,1,15,,81593,3,,,1,55,,81533,3,,,1,15,,81553,3,,,1,15,,81573,3,,,1,15,,81594,3,,,1,55,,81534,3,,,1,15,,81554,3,,,1,15,,81574,3,,,1,15,,81595,3,,,1,55,,81535,3,,,1,15,,81555,3,,,1,15,,81575,3,,,1,15,,81596,3,,,1,55,,81536,3,,,1
0,'20270226',507,,81657,3,,,1,15,,81597,3,,,1,20,,81637,3,,,1,15,,81658,3,,,1,55,,81598,3,,,1,15,,81618,3,,,1,15,,81638,3,,,1,15,,81659,3,,,1,55,,81599,3,,,1,15,,81619,3,,,1,15,,81639,3,,,1,15,,81660,3,,,1,55,,81600,3,,,1,15,,81620,3,,,1,15,,81640,3,,,1,15,,81661,3,,,1,55,,81601,3,,,1,15,,81621,3,,,1,15,,81641,3,,,1,15,,81662,3,,,1,55,,81602,3,,,1,15,,81622,3,,,1,15,,81642,3,,,1,15,,81663,3,,,1,55,,81603,3,,,1,15,,81623,3,,,1,15,,81643,3,,,1,15,,81664,3,,,1,55,,81604,3,,,1,15,,81624,3,,,1,15,,81644,3,,,1,15,,81665,3,,,1,55,,81605,3,,,1,15,,81625,3,,,1,15,,81645,3,,,1,15,,81666,3,,,1,55,,81606,3,,,1,15,,81626,3,,,1,15,,81646,3,,,1,15,,81667,3,,,1,55,,81607,3,,,1,15,,81627,3,,,1,15,,81647,3,,,1,15,,81668,3,,,1,55,,81608,3,,,1,15,,81628,3,,,1,15,,81648,3,,,1,15,,81669,3,,,1,55,,81609,3,,,1,15,,81629,3,,,1,15,,81649,3,,,1,15,,81670,3,,,1,55,,81610,3,,,1,15,,81630,3,,,1,15,,81650,3,,,1,15,,81671,3,,,1,55,,81611,3,,,1,15,,81631,3,,,1,15,,81651,3,,,1,15,,81672,3,,,1,55,,81612,3,,,1,15,,81632,3,,,1,15,,81652,3,,,1,15,,81673,3,,,1,55,,81613,3,,,1,15,,81633,3,,,1,15,,81653,3,,,1,15,,81674,3,,,1,55,,81614,3,,,1,15,,81634,3,,,1,15,,81654,3,,,1,15,,81675,3,,,1,55,,81615,3,,,1,15,,81635,3,,,1,15,,81655,3,,,1,15,,81676,3,,,1,55,,81616,3,,,1,15,,81636,3,,,1,15,,81656,3,,,1,15,,81677,3,,,1,55,,81617,3,,,1
0,'20270227',612,,81678,3,,,1,15,,81698,3,,,1,15,,81717,3,,,1,15,,81736,3,,,1,55,,81679,3,,,1,15,,81699,3,,,1,15,,81718,3,,,1,15,,81737,3,,,1,55,,81680,3,,,1,15,,81700,3,,,1,15,,81719,3,,,1,15,,81738,3,,,1,55,,81681,3,,,1,15,,81701,3,,,1,15,,81720,3,,,1,15,,81739,3,,,1,55,,81682,3,,,1,15,,81702,3,,,1,15,,81721,3,,,1,15,,81740,3,,,1,55,,81683,3,,,1,15,,81703,3,,,1,15,,81722,3,,,1,15,,81741,3,,,1,55,,81684,3,,,1,15,,81704,3,,,1,15,,81723,3,,,1,15,,81742,3,,,1,55,,81685,3,,,1,15,,81705,3,,,1,15,,81724,3,,,1,15,,81743,3,,,1,55,,81686,3,,,1,15,,81706,3,,,1,15,,81725,3,,,1,15,,81744,3,,,1,55,,81687,3,,,1,15,,81707,3,,,1,15,,81726,3,,,1,15,,81745,3,,,1,55,,81688,3,,,1,15,,81708,3,,,1,15,,81727,3,,,1,15,,81746,3,,,1,55,,81689,3,,,1,15,,81709,3,,,1,15,,81728,3,,,1,15,,81747,3,,,1,55,,81690,3,,,1,15,,81710,3,,,1,15,,81729,3,,,1,15,,81748,3,,,1,55,,81691,3,,,1,15,,81711,3,,,1,15,,81730,3,,,1,15,,81749,3,,,1,55,,81692,3,,,1,15,,81712,3,,,1,15,,81731,3,,,1,15,,81750,3,,,1,55,,81693,3,,,1,15,,81713,3,,,1,15,,81732,3,,,1,15,,81751,3,,,1,55,,81694,3,,,1,15,,81714,3,,,1,15,,81733,3,,,1,15,,81752,3,,,1,55,,81695,3,,,1,15,,81715,3,,,1,15,,81734,3,,,1,15,,81753,3,,,1,55,,81696,3,,,1,15,,81716,3,,,1,15,,81735,3,,,1,15,,81754,3,,,1,55,,81697,3,,,1
0,'20270228',612,,81755,3,,,1,15,,81775,3,,,1,15,,81794,3,,,1,15,,81813,3,,,1,55,,81756,3,,,1,15,,81776,3,,,1,15,,81795,3,,,1,15,,81814,3,,,1,55,,81757,3,,,1,15,,81777,3,,,1,15,,81796,3,,,1,15,,81815,3,,,1,55,,81758,3,,,1,15,,81778,3,,,1,15,,81797,3,,,1,15,,81816,3,,,1,55,,81759,3,,,1,15,,81779,3,,,1,15,,81798,3,,,1,15,,81817,3,,,1,55,,81760,3,,,1,15,,81780,3,,,1,15,,81799,3,,,1,15,,81818,3,,,1,55,,81761,3,,,1,15,,81781,3,,,1,15,,81800,3,,,1,15,,81819,3,,,1,55,,81762,3,,,1,15,,81782,3,,,1,15,,81801,3,,,1,15,,81820,3,,,1,55,,81763,3,,,1,15,,81783,3,,,1,15,,81802,3,,,1,15,,81821,3,,,1,55,,81764,3,,,1,15,,81784,3,,,1,15,,81803,3,,,1,15,,81822,3,,,1,55,,81765,3,,,1,15,,81785,3,,,1,15,,81804,3,,,1,15,,81823,3,,,1,55,,81766,3,,,1,15,,81786,3,,,1,15,,81805,3,,,1,15,,81824,3,,,1,55,,81767,3,,,1,15,,81787,3,,,1,15,,81806,3,,,1,15,,81825,3,,,1,55,,81768,3,,,1,15,,81788,3,,,1,15,,81807,3,,,1,15,,81826,3,,,1,55,,81769,3,,,1,15,,81789,3,,,1,15,,81808,3,,,1,15,,81827,3,,,1,55,,81770,3,,,1,15,,81790,3,,,1,15,,81809,3,,,1,15,,81828,3,,,1,55,,81771,3,,,1,15,,81791,3,,,1,15,,81810,3,,,1,15,,81829,3,,,1,55,,81772,3,,,1,15,,81792,3,,,1,15,,81811,3,,,1,15,,81830,3,,,1,55,,81773,3,,,1,15,,81793,3,,,1,15,,81812,3,,,1,15,,81831,3,,,1,55,,81774,3,,,1
0,'20270301',507,,81892,3,,,1,15,,81832,3,,,1,20,,81872,3,,,1,15,,81893,3,,,1,55,,81833,3,,,1,15,,81853,3,,,1,15,,81873,3,,,1,15,,81894,3,,,1,55,,81834,3,,,1,15,,81854,3,,,1,15,,81874,3,,,1,15,,81895,3,,,1,55,,81835,3,,,1,15,,81855,3,,,1,15,,81875,3,,,1,15,,81896,3,,,1,55,,81836,3,,,1,15,,81856,3,,,1,15,,81876,3,,,1,15,,81897,3,,,1,55,,81837,3,,,1,15,,81857,3,,,1,15,,81877,3,,,1,15,,81898,3,,,1,55,,81838,3,,,1,15,,81858,3,,,1,15,,81878,3,,,1,15,,81899,3,,,1,55,,81839,3,,,1,15,,81859,3,,,1,15,,81879,3,,,1,15,,81900,3,,,1,55,,81840,3,,,1,15,,81860,3,,,1,15,,81880,3,,,1,15,,81901,3,,,1,55,,81841,3,,,1,15,,81861,3,,,1,15,,81881,3,,,1,15,,81902,3,,,1,55,,81842,3,,,1,15,,81862,3,,,1,15,,81882,3,,,1,15,,81903,3,,,1,55,,81843,3,,,1,15,,81863,3,,,1,15,,81883,3,,,1,15,,81904,3,,,1,55,,81844,3,,,1,15,,81864,3,,,1,15,,81884,3,,,1,15,,81905,3,,,1,55,,81845,3,,,1,15,,81865,3,,,1,15,,81885,3,,,1,15,,81906,3,,,1,55,,81846,3,,,1,15,,81866,3,,,1,15,,81886,3,,,1,15,,81907,3,,,1,55,,81847,3,,,1,15,,81867,3,,,1,15,,81887,3,,,1,15,,81908,3,,,1,55,,81848,3,,,1,15,,81868,3,,,1,15,,81888,3,,,1,15,,81909,3,,,1,55,,81849,3,,,1,15,,81869,3,,,1,15,,81889,3,,,1,15,,81910,3,,,1,55,,81850,3,,,1,15,,81870,3,,,1,15,,81890,3,,,1,15,,81911,3,,,1,55,,81851,3,,,1,15,,81871,3,,,1,15,,81891,3,,,1,15,,81912,3,,,1,55,,81852,3,,,1
0,'20270302',507,,81973,3,,,1,15,,81913,3,,,1,20,,81953,3,,,1,15,,81974,3,,,1,55,,81914,3,,,1,15,,81934,3,,,1,15,,81954,3,,,1,15,,81975,3,,,1,55,,81915,3,,,1,15,,81935,3,,,1,15,,81955,3,,,1,15,,81976,3,,,1,55,,81916,3,,,1,15,,81936,3,,,1,15,,81956,3,,,1,15,,81977,3,,,1,55,,81917,3,,,1,15,,81937,3,,,1,15,,81957,3,,,1,15,,81978,3,,,1,55,,81918,3,,,1,15,,81938,3,,,1,15,,81958,3,,,1,15,,81979,3,,,1,55,,81919,3,,,1,15,,81939,3,,,1,15,,81959,3,,,1,15,,81980,3,,,1,55,,81920,3,,,1,15,,81940,3,,,1,15,,81960,3,,,1,15,,81981,3,,,1,55,,81921,3,,,1,15,,81941,3,,,1,15,,81961,3,,,1,15,,81982,3,,,1,55,,81922,3,,,1,15,,81942,3,,,1,15,,81962,3,,,1,15,,81983,3,,,1,55,,81923,3,,,1,15,,81943,3,,,1,15,,81963,3,,,1,15,,81984,3,,,1,55,,81924,3,,,1,15,,81944,3,,,1,15,,81964,3,,,1,15,,81985,3,,,1,55,,81925,3,,,1,15,,81945,3,,,1,15,,81965,3,,,1,15,,81986,3,,,1,55,,81926,3,,,1,15,,81946,3,,,1,15,,81966,3,,,1,15,,81987,3,,,1,55,,81927,3,,,1,15,,81947,3,,,1,15,,81967,3,,,1,15,,81988,3,,,1,55,,81928,3,,,1,15,,81948,3,,,1,15,,81968,3,,,1,15,,81989,3,,,1,55,,81929,3,,,1,15,,81949,3,,,1,15,,81969,3,,,1,15,,81990,3,,,1,55,,81930,3,,,1,15,,81950,3,,,1,15,,81970,3,,,1,15,,81991,3,,,1,55,,81931,3,,,1,15,,81951,3,,,1,15,,81971,3,,,1,15,,81992,3,,,1,55,,81932,3,,,1,15,,81952,3,,,1,15,,81972,3,,,1,15,,81993,3,,,1,55,,81933,3,,,1
0,'20270303',507,,94747,3,,,1,15,,94687,3,,,1,20,,94727,3,,,1,15,,94748,3,,,1,55,,94688,3,,,1,15,,94708,3,,,1,15,,94728,3,,,1,15,,94749,3,,,1,55,,94689,3,,,1,15,,94709,3,,,1,15,,94729,3,,,1,15,,94750,3,,,1,55,,94690,3,,,1,15,,94710,3,,,1,15,,94730,3,,,1,15,,94751,3,,,1,55,,94691,3,,,1,15,,94711,3,,,1,15,,94731,3,,,1,15,,94752,3,,,1,55,,94692,3,,,1,15,,94712,3,,,1,15,,94732,3,,,1,15,,94753,3,,,1,55,,94693,3,,,1,15,,94713,3,,,1,15,,94733,3,,,1,15,,94754,3,,,1,55,,94694,3,,,1,15,,94714,3,,,1,15,,94734,3,,,1,15,,94755,3,,,1,55,,94695,3,,,1,15,,94715,3,,,1,15,,94735,3,,,1,15,,94756,3,,,1,55,,94696,3,,,1,15,,94716,3,,,1,15,,94736,3,,,1,15,,94757,3,,,1,55,,94697,3,,,1,15,,94717,3,,,1,15,,94737,3,,,1,15,,94758,3,,,1,55,,94698,3,,,1,15,,94718,3,,,1,15,,94738,3,,,1,15,,94759,3,,,1,55,,94699,3,,,1,15,,94719,3,,,1,15,,94739,3,,,1,15,,94760,3,,,1,55,,94700,3,,,1,15,,94720,3,,,1,15,,94740,3,,,1,15,,94761,3,,,1,55,,94701,3,,,1,15,,94721,3,,,1,15,,94741,3,,,1,15,,94762,3,,,1,55,,94702,3,,,1,15,,94722,3,,,1,15,,94742,3,,,1,15,,94763,3,,,1,55,,94703,3,,,1,15,,94723,3,,,1,15,,94743,3,,,1,15,,94764,3,,,1,55,,94704,3,,,1,15,,94724,3,,,1,15,,94744,3,,,1,15,,94765,3,,,1,55,,94705,3,,,1,15,,94725,3,,,1,15,,94745,3,,,1,15,,94766,3,,,1,55,,94706,3,,,1,15,,94726,3,,,1,15,,94746,3,,,1,15,,94767,3,,,1,55,,94707,3,,,1
0,'20270304',507,,94828,3,,,1,15,,94768,3,,,1,20,,94808,3,,,1,15,,94829,3,,,1,55,,94769,3,,,1,15,,94789,3,,,1,15,,94809,3,,,1,15,,94830,3,,,1,55,,94770,3,,,1,15,,94790,3,,,1,15,,94810,3,,,1,15,,94831,3,,,1,55,,94771,3,,,1,15,,94791,3,,,1,15,,94811,3,,,1,15,,94832,3,,,1,55,,94772,3,,,1,15,,94792,3,,,1,15,,94812,3,,,1,15,,94833,3,,,1,55,,94773,3,,,1,15,,94793,3,,,1,15,,94813,3,,,1,15,,94834,3,,,1,55,,94774,3,,,1,15,,94794,3,,,1,15,,94814,3,,,1,15,,94835,3,,,1,55,,94775,3,,,1,15,,94795,3,,,1,15,,94815,3,,,1,15,,94836,3,,,1,55,,94776,3,,,1,15,,94796,3,,,1,15,,94816,3,,,1,15,,94837,3,,,1,55,,94777,3,,,1,15,,94797,3,,,1,15,,94817,3,,,1,15,,94838,3,,,1,55,,94778,3,,,1,15,,94798,3,,,1,15,,94818,3,,,1,15,,94839,3,,,1,55,,94779,3,,,1,15,,94799,3,,,1,15,,94819,3,,,1,15,,94840,3,,,1,55,,94780,3,,,1,15,,94800,3,,,1,15,,94820,3,,,1,15,,94841,3,,,1,55,,94781,3,,,1,15,,94801,3,,,1,15,,94821,3,,,1,15,,94842,3,,,1,55,,94782,3,,,1,15,,94802,3,,,1,15,,94822,3,,,1,15,,94843,3,,,1,55,,94783,3,,,1,15,,94803,3,,,1,15,,94823,3,,,1,15,,94844,3,,,1,55,,94784,3,,,1,15,,94804,3,,,1,15,,94824,3,,,1,15,,94845,3,,,1,55,,94785,3,,,1,15,,94805,3,,,1,15,,94825,3,,,1,15,,94846,3,,,1,55,,94786,3,,,1,15,,94806,3,,,1,15,,94826,3,,,1,15,,94847,3,,,1,55,,94787,3,,,1,15,,94807,3,,,1,15,,94827,3,,,1,15,,94848,3,,,1,55,,94788,3,,,1
0,'20270305',507,,94909,3,,,1,15,,94849,3,,,1,20,,94889,3,,,1,15,,94910,3,,,1,55,,94850,3,,,1,15,,94870,3,,,1,15,,94890,3,,,1,15,,94911,3,,,1,55,,94851,3,,,1,15,,94871,3,,,1,15,,94891,3,,,1,15,,94912,3,,,1,55,,94852,3,,,1,15,,94872,3,,,1,15,,94892,3,,,1,15,,94913,3,,,1,55,,94853,3,,,1,15,,94873,3,,,1,15,,94893,3,,,1,15,,94914,3,,,1,55,,94854,3,,,1,15,,94874,3,,,1,15,,94894,3,,,1,15,,94915,3,,,1,55,,94855,3,,,1,15,,94875,3,,,1,15,,94895,3,,,1,15,,94916,3,,,1,55,,94856,3,,,1,15,,94876,3,,,1,15,,94896,3,,,1,15,,94917,3,,,1,55,,94857,3,,,1,15,,94877,3,,,1,15,,94897,3,,,1,15,,94918,3,,,1,55,,94858,3,,,1,15,,94878,3,,,1,15,,94898,3,,,1,15,,94919,3,,,1,55,,94859,3,,,1,15,,94879,3,,,1,15,,94899,3,,,1,15,,94920,3,,,1,55,,94860,3,,,1,15,,94880,3,,,1,15,,94900,3,,,1,15,,94921,3,,,1,55,,94861,3,,,1,15,,94881,3,,,1,15,,94901,3,,,1,15,,94922,3,,,1,55,,94862,3,,,1,15,,94882,3,,,1,15,,94902,3,,,1,15,,94923,3,,,1,55,,94863,3,,,1,15,,94883,3,,,1,15,,94903,3,,,1,15,,94924,3,,,1,55,,94864,3,,,1,15,,94884,3,,,1,15,,94904,3,,,1,15,,94925,3,,,1,55,,94865,3,,,1,15,,94885,3,,,1,15,,94905,3,,,1,15,,94926,3,,,1,55,,94866,3,,,1,15,,94886,3,,,1,15,,94906,3,,,1,15,,94927,3,,,1,55,,94867,3,,,1,15,,94887,3,,,1,15,,94907,3,,,1,15,,94928,3,,,1,55,,94868,3,,,1,15,,94888,3,,,1,15,,94908,3,,,1,15,,94929,3,,,1,55,,94869,3,,,1
0,'20270306',612,,94930,3,,,1,15,,94950,3,,,1,15,,94969,3,,,1,15,,94988,3,,,1,55,,94931,3,,,1,15,,94951,3,,,1,15,,94970,3,,,1,15,,94989,3,,,1,55,,94932,3,,,1,15,,94952,3,,,1,15,,94971,3,,,1,15,,94990,3,,,1,55,,94933,3,,,1,15,,94953,3,,,1,15,,94972,3,,,1,15,,94991,3,,,1,55,,94934,3,,,1,15,,94954,3,,,1,15,,94973,3,,,1,15,,94992,3,,,1,55,,94935,3,,,1,15,,94955,3,,,1,15,,94974,3,,,1,15,,94993,3,,,1,55,,94936,3,,,1,15,,94956,3,,,1,15,,94975,3,,,1,15,,94994,3,,,1,55,,94937,3,,,1,15,,94957,3,,,1,15,,94976,3,,,1,15,,94995,3,,,1,55,,94938,3,,,1,15,,94958,3,,,1,15,,94977,3,,,1,15,,94996,3,,,1,55,,94939,3,,,1,15,,94959,3,,,1,15,,94978,3,,,1,15,,94997,3,,,1,55,,94940,3,,,1,15,,94960,3,,,1,15,,94979,3,,,1,15,,94998,3,,,1,55,,94941,3,,,1,15,,94961,3,,,1,15,,94980,3,,,1,15,,94999,3,,,1,55,,94942,3,,,1,15,,94962,3,,,1,15,,94981,3,,,1,15,,95000,3,,,1,55,,94943,3,,,1,15,,94963,3,,,1,15,,94982,3,,,1,15,,95001,3,,,1,55,,94944,3,,,1,15,,94964,3,,,1,15,,94983,3,,,1,15,,95002,3,,,1,55,,94945,3,,,1,15,,94965,3,,,1,15,,94984,3,,,1,15,,95003,3,,,1,55,,94946,3,,,1,15,,94966,3,,,1,15,,94985,3,,,1,15,,95004,3,,,1,55,,94947,3,,,1,15,,94967,3,,,1,15,,94986,3,,,1,15,,95005,3,,,1,55,,94948,3,,,1,15,,94968,3,,,1,15,,94987,3,,,1,15,,95006,3,,,1,55,,94949,3,,,1
0,'20270307',612,,95007,3,,,1,15,,95027,3,,,1,15,,95046,3,,,1,15,,95065,3,,,1,55,,95008,3,,,1,15,,95028,3,,,1,15,,95047,3,,,1,15,,95066,3,,,1,55,,95009,3,,,1,15,,95029,3,,,1,15,,95048,3,,,1,15,,95067,3,,,1,55,,95010,3,,,1,15,,95030,3,,,1,15,,95049,3,,,1,15,,95068,3,,,1,55,,95011,3,,,1,15,,95031,3,,,1,15,,95050,3,,,1,15,,95069,3,,,1,55,,95012,3,,,1,15,,95032,3,,,1,15,,95051,3,,,1,15,,95070,3,,,1,55,,95013,3,,,1,15,,95033,3,,,1,15,,95052,3,,,1,15,,95071,3,,,1,55,,95014,3,,,1,15,,95034,3,,,1,15,,95053,3,,,1,15,,95072,3,,,1,55,,95015,3,,,1,15,,95035,3,,,1,15,,95054,3,,,1,15,,95073,3,,,1,55,,95016,3,,,1,15,,95036,3,,,1,15,,95055,3,,,1,15,,95074,3,,,1,55,,95017,3,,,1,15,,95037,3,,,1,15,,95056,3,,,1,15,,95075,3,,,1,55,,95018,3,,,1,15,,95038,3,,,1,15,,95057,3,,,1,15,,95076,3,,,1,55,,95019,3,,,1,15,,95039,3,,,1,15,,95058,3,,,1,15,,95077,3,,,1,55,,95020,3,,,1,15,,95040,3,,,1,15,,95059,3,,,1,15,,95078,3,,,1,55,,95021,3,,,1,15,,95041,3,,,1,15,,95060,3,,,1,15,,95079,3,,,1,55,,95022,3,,,1,15,,95042,3,,,1,15,,95061,3,,,1,15,,95080,3,,,1,55,,95023,3,,,1,15,,95043,3,,,1,15,,95062,3,,,1,15,,95081,3,,,1,55,,95024,3,,,1,15,,95044,3,,,1,15,,95063,3,,,1,15,,95082,3,,,1,55,,95025,3,,,1,15,,95045,3,,,1,15,,95064,3,,,1,15,,95083,3,,,1,55,,95026,3,,,1
0,'20270308',507,,95144,3,,,1,15,,95084,3,,,1,20,,95124,3,,,1,15,,95145,3,,,1,55,,95085,3,,,1,15,,95105,3,,,1,15,,95125,3,,,1,15,,95146,3,,,1,55,,95086,3,,,1,15,,95106,3,,,1,15,,95126,3,,,1,15,,95147,3,,,1,55,,95087,3,,,1,15,,95107,3,,,1,15,,95127,3,,,1,15,,95148,3,,,1,55,,95088,3,,,1,15,,95108,3,,,1,15,,95128,3,,,1,15,,95149,3,,,1,55,,95089,3,,,1,15,,95109,3,,,1,15,,95129,3,,,1,15,,95150,3,,,1,55,,95090,3,,,1,15,,95110,3,,,1,15,,95130,3,,,1,15,,95151,3,,,1,55,,95091,3,,,1,15,,95111,3,,,1,15,,95131,3,,,1,15,,95152,3,,,1,55,,95092,3,,,1,15,,95112,3,,,1,15,,95132,3,,,1,15,,95153,3,,,1,55,,95093,3,,,1,15,,95113,3,,,1,15,,95133,3,,,1,15,,95154,3,,,1,55,,95094,3,,,1,15,,95114,3,,,1,15,,95134,3,,,1,15,,95155,3,,,1,55,,95095,3,,,1,15,,95115,3,,,1,15,,95135,3,,,1,15,,95156,3,,,1,55,,95096,3,,,1,15,,95116,3,,,1,15,,95136,3,,,1,15,,95157,3,,,1,55,,95097,3,,,1,15,,95117,3,,,1,15,,95137,3,,,1,15,,95158,3,,,1,55,,95098,3,,,1,15,,95118,3,,,1,15,,95138,3,,,1,15,,95159,3,,,1,55,,95099,3,,,1,15,,95119,3,,,1,15,,95139,3,,,1,15,,95160,3,,,1,55,,95100,3,,,1,15,,95120,3,,,1,15,,95140,3,,,1,15,,95161,3,,,1,55,,95101,3,,,1,15,,95121,3,,,1,15,,95141,3,,,1,15,,95162,3,,,1,55,,95102,3,,,1,15,,95122,3,,,1,15,,95142,3,,,1,15,,95163,3,,,1,55,,95103,3,,,1,15,,95123,3,,,1,15,,95143,3,,,1,15,,95164,3,,,1,55,,95104,3,,,1
0,'20270309',507,,95225,3,,,1,15,,95165,3,,,1,20,,95205,3,,,1,15,,95226,3,,,1,55,,95166,3,,,1,15,,95186,3,,,1,15,,95206,3,,,1,15,,95227,3,,,1,55,,95167,3,,,1,15,,95187,3,,,1,15,,95207,3,,,1,15,,95228,3,,,1,55,,95168,3,,,1,15,,95188,3,,,1,15,,95208,3,,,1,15,,95229,3,,,1,55,,95169,3,,,1,15,,95189,3,,,1,15,,95209,3,,,1,15,,95230,3,,,1,55,,95170,3,,,1,15,,95190,3,,,1,15,,95210,3,,,1,15,,95231,3,,,1,55,,95171,3,,,1,15,,95191,3,,,1,15,,95211,3,,,1,15,,95232,3,,,1,55,,95172,3,,,1,15,,95192,3,,,1,15,,95212,3,,,1,15,,95233,3,,,1,55,,95173,3,,,1,15,,95193,3,,,1,15,,95213,3,,,1,15,,95234,3,,,1,55,,95174,3,,,1,15,,95194,3,,,1,15,,95214,3,,,1,15,,95235,3,,,1,55,,95175,3,,,1,15,,95195,3,,,1,15,,95215,3,,,1,15,,95236,3,,,1,55,,95176,3,,,1,15,,95196,3,,,1,15,,95216,3,,,1,15,,95237,3,,,1,55,,95177,3,,,1,15,,95197,3,,,1,15,,95217,3,,,1,15,,95238,3,,,1,55,,95178,3,,,1,15,,95198,3,,,1,15,,95218,3,,,1,15,,95239,3,,,1,55,,95179,3,,,1,15,,95199,3,,,1,15,,95219,3,,,1,15,,95240,3,,,1,55,,95180,3,,,1,15,,95200,3,,,1,15,,95220,3,,,1,15,,95241,3,,,1,55,,95181,3,,,1,15,,95201,3,,,1,15,,95221,3,,,1,15,,95242,3,,,1,55,,95182,3,,,1,15,,95202,3,,,1,15,,95222,3,,,1,15,,95243,3,,,1,55,,95183,3,,,1,15,,95203,3,,,1,15,,95223,3,,,1,15,,95244,3,,,1,55,,95184,3,,,1,15,,95204,3,,,1,15,,95224,3,,,1,15,,95245,3,,,1,55,,95185,3,,,1
0,'20270310',507,,95306,3,,,1,15,,95246,3,,,1,20,,95286,3,,,1,15,,95307,3,,,1,55,,95247,3,,,1,15,,95267,3,,,1,15,,95287,3,,,1,15,,95308,3,,,1,55,,95248,3,,,1,15,,95268,3,,,1,15,,95288,3,,,1,15,,95309,3,,,1,55,,95249,3,,,1,15,,95269,3,,,1,15,,95289,3,,,1,15,,95310,3,,,1,55,,95250,3,,,1,15,,95270,3,,,1,15,,95290,3,,,1,15,,95311,3,,,1,55,,95251,3,,,1,15,,95271,3,,,1,15,,95291,3,,,1,15,,95312,3,,,1,55,,95252,3,,,1,15,,95272,3,,,1,15,,95292,3,,,1,15,,95313,3,,,1,55,,95253,3,,,1,15,,95273,3,,,1,15,,95293,3,,,1,15,,95314,3,,,1,55,,95254,3,,,1,15,,95274,3,,,1,15,,95294,3,,,1,15,,95315,3,,,1,55,,95255,3,,,1,15,,95275,3,,,1,15,,95295,3,,,1,15,,95316,3,,,1,55,,95256,3,,,1,15,,95276,3,,,1,15,,95296,3,,,1,15,,95317,3,,,1,55,,95257,3,,,1,15,,95277,3,,,1,15,,95297,3,,,1,15,,95318,3,,,1,55,,95258,3,,,1,15,,95278,3,,,1,15,,95298,3,,,1,15,,95319,3,,,1,55,,95259,3,,,1,15,,95279,3,,,1,15,,95299,3,,,1,15,,95320,3,,,1,55,,95260,3,,,1,15,,95280,3,,,1,15,,95300,3,,,1,15,,95321,3,,,1,55,,95261,3,,,1,15,,95281,3,,,1,15,,95301,3,,,1,15,,95322,3,,,1,55,,95262,3,,,1,15,,95282,3,,,1,15,,95302,3,,,1,15,,95323,3,,,1,55,,95263,3,,,1,15,,95283,3,,,1,15,,95303,3,,,1,15,,95324,3,,,1,55,,95264,3,,,1,15,,95284,3,,,1,15,,95304,3,,,1,15,,95325,3,,,1,55,,95265,3,,,1,15,,95285,3,,,1,15,,95305,3,,,1,15,,95326,3,,,1,55,,95266,3,,,1
0,'20270311',507,,95387,3,,,1,15,,95327,3,,,1,20,,95367,3,,,1,15,,95388,3,,,1,55,,95328,3,,,1,15,,95348,3,,,1,15,,95368,3,,,1,15,,95389,3,,,1,55,,95329,3,,,1,15,,95349,3,,,1,15,,95369,3,,,1,15,,95390,3,,,1,55,,95330,3,,,1,15,,95350,3,,,1,15,,95370,3,,,1,15,,95391,3,,,1,55,,95331,3,,,1,15,,95351,3,,,1,15,,95371,3,,,1,15,,95392,3,,,1,55,,95332,3,,,1,15,,95352,3,,,1,15,,95372,3,,,1,15,,95393,3,,,1,55,,95333,3,,,1,15,,95353,3,,,1,15,,95373,3,,,1,15,,95394,3,,,1,55,,95334,3,,,1,15,,95354,3,,,1,15,,95374,3,,,1,15,,95395,3,,,1,55,,95335,3,,,1,15,,95355,3,,,1,15,,95375,3,,,1,15,,95396,3,,,1,55,,95336,3,,,1,15,,95356,3,,,1,15,,95376,3,,,1,15,,95397,3,,,1,55,,95337,3,,,1,15,,95357,3,,,1,15,,95377,3,,,1,15,,95398,3,,,1,55,,95338,3,,,1,15,,95358,3,,,1,15,,95378,3,,,1,15,,95399,3,,,1,55,,95339,3,,,1,15,,95359,3,,,1,15,,95379,3,,,1,15,,95400,3,,,1,55,,95340,3,,,1,15,,95360,3,,,1,15,,95380,3,,,1,15,,95401,3,,,1,55,,95341,3,,,1,15,,95361,3,,,1,15,,95381,3,,,1,15,,95402,3,,,1,55,,95342,3,,,1,15,,95362,3,,,1,15,,95382,3,,,1,15,,95403,3,,,1,55,,95343,3,,,1,15,,95363,3,,,1,15,,95383,3,,,1,15,,95404,3,,,1,55,,95344,3,,,1,15,,95364,3,,,1,15,,95384,3,,,1,15,,95405,3,,,1,55,,95345,3,,,1,15,,95365,3,,,1,15,,95385,3,,,1,15,,95406,3,,,1,55,,95346,3,,,1,15,,95366,3,,,1,15,,95386,3,,,1,15,,95407,3,,,1,55,,95347,3,,,1
0,'20270312',507,,95468,3,,,1,15,,95408,3,,,1,20,,95448,3,,,1,15,,95469,3,,,1,55,,95409,3,,,1,15,,95429,3,,,1,15,,95449,3,,,1,15,,95470,3,,,1,55,,95410,3,,,1,15,,95430,3,,,1,15,,95450,3,,,1,15,,95471,3,,,1,55,,95411,3,,,1,15,,95431,3,,,1,15,,95451,3,,,1,15,,95472,3,,,1,55,,95412,3,,,1,15,,95432,3,,,1,15,,95452,3,,,1,15,,95473,3,,,1,55,,95413,3,,,1,15,,95433,3,,,1,15,,95453,3,,,1,15,,95474,3,,,1,55,,95414,3,,,1,15,,95434,3,,,1,15,,95454,3,,,1,15,,95475,3,,,1,55,,95415,3,,,1,15,,95435,3,,,1,15,,95455,3,,,1,15,,95476,3,,,1,55,,95416,3,,,1,15,,95436,3,,,1,15,,95456,3,,,1,15,,95477,3,,,1,55,,95417,3,,,1,15,,95437,3,,,1,15,,95457,3,,,1,15,,95478,3,,,1,55,,95418,3,,,1,15,,95438,3,,,1,15,,95458,3,,,1,15,,95479,3,,,1,55,,95419,3,,,1,15,,95439,3,,,1,15,,95459,3,,,1,15,,95480,3,,,1,55,,95420,3,,,1,15,,95440,3,,,1,15,,95460,3,,,1,15,,95481,3,,,1,55,,95421,3,,,1,15,,95441,3,,,1,15,,95461,3,,,1,15,,95482,3,,,1,55,,95422,3,,,1,15,,95442,3,,,1,15,,95462,3,,,1,15,,95483,3,,,1,55,,95423,3,,,1,15,,95443,3,,,1,15,,95463,3,,,1,15,,95484,3,,,1,55,,95424,3,,,1,15,,95444,3,,,1,15,,95464,3,,,1,15,,95485,3,,,1,55,,95425,3,,,1,15,,95445,3,,,1,15,,95465,3,,,1,15,,95486,3,,,1,55,,95426,3,,,1,15,,95446,3,,,1,15,,95466,3,,,1,15,,95487,3,,,1,55,,95427,3,,,1,15,,95447,3,,,1,15,,95467,3,,,1,15,,95488,3,,,1,55,,95428,3,,,1
0,'20270313',612,,95489,3,,,1,15,,95509,3,,,1,15,,95528,3,,,1,15,,95547,3,,,1,55,,95490,3,,,1,15,,95510,3,,,1,15,,95529,3,,,1,15,,95548,3,,,1,55,,95491,3,,,1,15,,95511,3,,,1,15,,95530,3,,,1,15,,95549,3,,,1,55,,95492,3,,,1,15,,95512,3,,,1,15,,95531,3,,,1,15,,95550,3,,,1,55,,95493,3,,,1,15,,95513,3,,,1,15,,95532,3,,,1,15,,95551,3,,,1,55,,95494,3,,,1,15,,95514,3,,,1,15,,95533,3,,,1,15,,95552,3,,,1,55,,95495,3,,,1,15,,95515,3,,,1,15,,95534,3,,,1,15,,95553,3,,,1,55,,95496,3,,,1,15,,95516,3,,,1,15,,95535,3,,,1,15,,95554,3,,,1,55,,95497,3,,,1,15,,95517,3,,,1,15,,95536,3,,,1,15,,95555,3,,,1,55,,95498,3,,,1,15,,95518,3,,,1,15,,95537,3,,,1,15,,95556,3,,,1,55,,95499,3,,,1,15,,95519,3,,,1,15,,95538,3,,,1,15,,95557,3,,,1,55,,95500,3,,,1,15,,95520,3,,,1,15,,95539,3,,,1,15,,95558,3,,,1,55,,95501,3,,,1,15,,95521,3,,,1,15,,95540,3,,,1,15,,95559,3,,,1,55,,95502,3,,,1,15,,95522,3,,,1,15,,95541,3,,,1,15,,95560,3,,,1,55,,95503,3,,,1,15,,95523,3,,,1,15,,95542,3,,,1,15,,95561,3,,,1,55,,95504,3,,,1,15,,95524,3,,,1,15,,95543,3,,,1,15,,95562,3,,,1,55,,95505,3,,,1,15,,95525,3,,,1,15,,95544,3,,,1,15,,95563,3,,,1,55,,95506,3,,,1,15,,95526,3,,,1,15,,95545,3,,,1,15,,95564,3,,,1,55,,95507,3,,,1,15,,95527,3,,,1,15,,95546,3,,,1,15,,95565,3,,,1,55,,95508,3,,,1
0,'20270314',612,,95566,3,,,1,15,,95586,3,,,1,15,,95605,3,,,1,15,,95624,3,,,1,55,,95567,3,,,1,15,,95587,3,,,1,15,,95606,3,,,1,15,,95625,3,,,1,55,,95568,3,,,1,15,,95588,3,,,1,15,,95607,3,,,1,15,,95626,3,,,1,55,,95569,3,,,1,15,,95589,3,,,1,15,,95608,3,,,1,15,,95627,3,,,1,55,,95570,3,,,1,15,,95590,3,,,1,15,,95609,3,,,1,15,,95628,3,,,1,55,,95571,3,,,1,15,,95591,3,,,1,15,,95610,3,,,1,15,,95629,3,,,1,55,,95572,3,,,1,15,,95592,3,,,1,15,,95611,3,,,1,15,,95630,3,,,1,55,,95573,3,,,1,15,,95593,3,,,1,15,,95612,3,,,1,15,,95631,3,,,1,55,,95574,3,,,1,15,,95594,3,,,1,15,,95613,3,,,1,15,,95632,3,,,1,55,,95575,3,,,1,15,,95595,3,,,1,15,,95614,3,,,1,15,,95633,3,,,1,55,,95576,3,,,1,15,,95596,3,,,1,15,,95615,3,,,1,15,,95634,3,,,1,55,,95577,3,,,1,15,,95597,3,,,1,15,,95616,3,,,1,15,,95635,3,,,1,55,,95578,3,,,1,15,,95598,3,,,1,15,,95617,3,,,1,15,,95636,3,,,1,55,,95579,3,,,1,15,,95599,3,,,1,15,,95618,3,,,1,15,,95637,3,,,1,55,,95580,3,,,1,15,,95600,3,,,1,15,,95619,3,,,1,15,,95638,3,,,1,55,,95581,3,,,1,15,,95601,3,,,1,15,,95620,3,,,1,15,,95639,3,,,1,55,,95582,3,,,1,15,,95602,3,,,1,15,,95621,3,,,1,15,,95640,3,,,1,55,,95583,3,,,1,15,,95603,3,,,1,15,,95622,3,,,1,15,,95641,3,,,1,55,,95584,3,,,1,15,,95604,3,,,1,15,,95623,3,,,1,15,,95642,3,,,1,55,,95585,3,,,1
0,'20270315',507,,95703,3,,,1,15,,95643,3,,,1,20,,95683,3,,,1,15,,95704,3,,,1,55,,95644,3,,,1,15,,95664,3,,,1,15,,95684,3,,,1,15,,95705,3,,,1,55,,95645,3,,,1,15,,95665,3,,,1,15,,95685,3,,,1,15,,95706,3,,,1,55,,95646,3,,,1,15,,95666,3,,,1,15,,95686,3,,,1,15,,95707,3,,,1,55,,95647,3,,,1,15,,95667,3,,,1,15,,95687,3,,,1,15,,95708,3,,,1,55,,95648,3,,,1,15,,95668,3,,,1,15,,95688,3,,,1,15,,95709,3,,,1,55,,95649,3,,,1,15,,95669,3,,,1,15,,95689,3,,,1,15,,95710,3,,,1,55,,95650,3,,,1,15,,95670,3,,,1,15,,95690,3,,,1,15,,95711,3,,,1,55,,95651,3,,,1,15,,95671,3,,,1,15,,95691,3,,,1,15,,95712,3,,,1,55,,95652,3,,,1,15,,95672,3,,,1,15,,95692,3,,,1,15,,95713,3,,,1,55,,95653,3,,,1,15,,95673,3,,,1,15,,95693,3,,,1,15,,95714,3,,,1,55,,95654,3,,,1,15,,95674,3,,,1,15,,95694,3,,,1,15,,95715,3,,,1,55,,95655,3,,,1,15,,95675,3,,,1,15,,95695,3,,,1,15,,95716,3,,,1,55,,95656,3,,,1,15,,95676,3,,,1,15,,95696,3,,,1,15,,95717,3,,,1,55,,95657,3,,,1,15,,95677,3,,,1,15,,95697,3,,,1,15,,95718,3,,,1,55,,95658,3,,,1,15,,95678,3,,,1,15,,95698,3,,,1,15,,95719,3,,,1,55,,95659,3,,,1,15,,95679,3,,,1,15,,95699,3,,,1,15,,95720,3,,,1,55,,95660,3,,,1,15,,95680,3,,,1,15,,95700,3,,,1,15,,95721,3,,,1,55,,95661,3,,,1,15,,95681,3,,,1,15,,95701,3,,,1,15,,95722,3,,,1,55,,95662,3,,,1,15,,95682,3,,,1,15,,95702,3,,,1,15,,95723,3,,,1,55,,95663,3,,,1
0,'20270316',507,,95784,3,,,1,15,,95724,3,,,1,20,,95764,3,,,1,15,,95785,3,,,1,55,,95725,3,,,1,15,,95745,3,,,1,15,,95765,3,,,1,15,,95786,3,,,1,55,,95726,3,,,1,15,,95746,3,,,1,15,,95766,3,,,1,15,,95787,3,,,1,55,,95727,3,,,1,15,,95747,3,,,1,15,,95767,3,,,1,15,,95788,3,,,1,55,,95728,3,,,1,15,,95748,3,,,1,15,,95768,3,,,1,15,,95789,3,,,1,55,,95729,3,,,1,15,,95749,3,,,1,15,,95769,3,,,1,15,,95790,3,,,1,55,,95730,3,,,1,15,,95750,3,,,1,15,,95770,3,,,1,15,,95791,3,,,1,55,,95731,3,,,1,15,,95751,3,,,1,15,,95771,3,,,1,15,,95792,3,,,1,55,,95732,3,,,1,15,,95752,3,,,1,15,,95772,3,,,1,15,,95793,3,,,1,55,,95733,3,,,1,15,,95753,3,,,1,15,,95773,3,,,1,15,,95794,3,,,1,55,,95734,3,,,1,15,,95754,3,,,1,15,,95774,3,,,1,15,,95795,3,,,1,55,,95735,3,,,1,15,,95755,3,,,1,15,,95775,3,,,1,15,,95796,3,,,1,55,,95736,3,,,1,15,,95756,3,,,1,15,,95776,3,,,1,15,,95797,3,,,1,55,,95737,3,,,1,15,,95757,3,,,1,15,,95777,3,,,1,15,,95798,3,,,1,55,,95738,3,,,1,15,,95758,3,,,1,15,,95778,3,,,1,15,,95799,3,,,1,55,,95739,3,,,1,15,,95759,3,,,1,15,,95779,3,,,1,15,,95800,3,,,1,55,,95740,3,,,1,15,,95760,3,,,1,15,,95780,3,,,1,15,,95801,3,,,1,55,,95741,3,,,1,15,,95761,3,,,1,15,,95781,3,,,1,15,,95802,3,,,1,55,,95742,3,,,1,15,,95762,3,,,1,15,,95782,3,,,1,15,,95803,3,,,1,55,,95743,3,,,1,15,,95763,3,,,1,15,,95783,3,,,1,15,,95804,3,,,1,55,,95744,3,,,1
0,'20270317',507,,95865,3,,,1,15,,95805,3,,,1,20,,95845,3,,,1,15,,95866,3,,,1,55,,95806,3,,,1,15,,95826,3,,,1,15,,95846,3,,,1,15,,95867,3,,,1,55,,95807,3,,,1,15,,95827,3,,,1,15,,95847,3,,,1,15,,95868,3,,,1,55,,95808,3,,,1,15,,95828,3,,,1,15,,95848,3,,,1,15,,95869,3,,,1,55,,95809,3,,,1,15,,95829,3,,,1,15,,95849,3,,,1,15,,95870,3,,,1,55,,95810,3,,,1,15,,95830,3,,,1,15,,95850,3,,,1,15,,95871,3,,,1,55,,95811,3,,,1,15,,95831,3,,,1,15,,95851,3,,,1,15,,95872,3,,,1,55,,95812,3,,,1,15,,95832,3,,,1,15,,95852,3,,,1,15,,95873,3,,,1,55,,95813,3,,,1,15,,95833,3,,,1,15,,95853,3,,,1,15,,95874,3,,,1,55,,95814,3,,,1,15,,95834,3,,,1,15,,95854,3,,,1,15,,95875,3,,,1,55,,95815,3,,,1,15,,95835,3,,,1,15,,95855,3,,,1,15,,95876,3,,,1,55,,95816,3,,,1,15,,95836,3,,,1,15,,95856,3,,,1,15,,95877,3,,,1,55,,95817,3,,,1,15,,95837,3,,,1,15,,95857,3,,,1,15,,95878,3,,,1,55,,95818,3,,,1,15,,95838,3,,,1,15,,95858,3,,,1,15,,95879,3,,,1,55,,95819,3,,,1,15,,95839,3,,,1,15,,95859,3,,,1,15,,95880,3,,,1,55,,95820,3,,,1,15,,95840,3,,,1,15,,95860,3,,,1,15,,95881,3,,,1,55,,95821,3,,,1,15,,95841,3,,,1,15,,95861,3,,,1,15,,95882,3,,,1,55,,95822,3,,,1,15,,95842,3,,,1,15,,95862,3,,,1,15,,95883,3,,,1,55,,95823,3,,,1,15,,95843,3,,,1,15,,95863,3,,,1,15,,95884,3,,,1,55,,95824,3,,,1,15,,95844,3,,,1,15,,95864,3,,,1,15,,95885,3,,,1,55,,95825,3,,,1
0,'20270318',507,,95946,3,,,1,15,,95886,3,,,1,20,,95926,3,,,1,15,,95947,3,,,1,55,,95887,3,,,1,15,,95907,3,,,1,15,,95927,3,,,1,15,,95948,3,,,1,55,,95888,3,,,1,15,,95908,3,,,1,15,,95928,3,,,1,15,,95949,3,,,1,55,,95889,3,,,1,15,,95909,3,,,1,15,,95929,3,,,1,15,,95950,3,,,1,55,,95890,3,,,1,15,,95910,3,,,1,15,,95930,3,,,1,15,,95951,3,,,1,55,,95891,3,,,1,15,,95911,3,,,1,15,,95931,3,,,1,15,,95952,3,,,1,55,,95892,3,,,1,15,,95912,3,,,1,15,,95932,3,,,1,15,,95953,3,,,1,55,,95893,3,,,1,15,,95913,3,,,1,15,,95933,3,,,1,15,,95954,3,,,1,55,,95894,3,,,1,15,,95914,3,,,1,15,,95934,3,,,1,15,,95955,3,,,1,55,,95895,3,,,1,15,,95915,3,,,1,15,,95935,3,,,1,15,,95956,3,,,1,55,,95896,3,,,1,15,,95916,3,,,1,15,,95936,3,,,1,15,,95957,3,,,1,55,,95897,3,,,1,15,,95917,3,,,1,15,,95937,3,,,1,15,,95958,3,,,1,55,,95898,3,,,1,15,,95918,3,,,1,15,,95938,3,,,1,15,,95959,3,,,1,55,,95899,3,,,1,15,,95919,3,,,1,15,,95939,3,,,1,15,,95960,3,,,1,55,,95900,3,,,1,15,,95920,3,,,1,15,,95940,3,,,1,15,,95961,3,,,1,55,,95901,3,,,1,15,,95921,3,,,1,15,,95941,3,,,1,15,,95962,3,,,1,55,,95902,3,,,1,15,,95922,3,,,1,15,,95942,3,,,1,15,,95963,3,,,1,55,,95903,3,,,1,15,,95923,3,,,1,15,,95943,3,,,1,15,,95964,3,,,1,55,,95904,3,,,1,15,,95924,3,,,1,15,,95944,3,,,1,15,,95965,3,,,1,55,,95905,3,,,1,15,,95925,3,,,1,15,,95945,3,,,1,15,,95966,3,,,1,55,,95906,3,,,1
0,'20270319',507,,96027,3,,,1,15,,95967,3,,,1,20,,96007,3,,,1,15,,96028,3,,,1,55,,95968,3,,,1,15,,95988,3,,,1,15,,96008,3,,,1,15,,96029,3,,,1,55,,95969,3,,,1,15,,95989,3,,,1,15,,96009,3,,,1,15,,96030,3,,,1,55,,95970,3,,,1,15,,95990,3,,,1,15,,96010,3,,,1,15,,96031,3,,,1,55,,95971,3,,,1,15,,95991,3,,,1,15,,96011,3,,,1,15,,96032,3,,,1,55,,95972,3,,,1,15,,95992,3,,,1,15,,96012,3,,,1,15,,96033,3,,,1,55,,95973,3,,,1,15,,95993,3,,,1,15,,96013,3,,,1,15,,96034,3,,,1,55,,95974,3,,,1,15,,95994,3,,,1,15,,96014,3,,,1,15,,96035,3,,,1,55,,95975,3,,,1,15,,95995,3,,,1,15,,96015,3,,,1,15,,96036,3,,,1,55,,95976,3,,,1,15,,95996,3,,,1,15,,96016,3,,,1,15,,96037,3,,,1,55,,95977,3,,,1,15,,95997,3,,,1,15,,96017,3,,,1,15,,96038,3,,,1,55,,95978,3,,,1,15,,95998,3,,,1,15,,96018,3,,,1,15,,96039,3,,,1,55,,95979,3,,,1,15,,95999,3,,,1,15,,96019,3,,,1,15,,96040,3,,,1,55,,95980,3,,,1,15,,96000,3,,,1,15,,96020,3,,,1,15,,96041,3,,,1,55,,95981,3,,,1,15,,96001,3,,,1,15,,96021,3,,,1,15,,96042,3,,,1,55,,95982,3,,,1,15,,96002,3,,,1,15,,96022,3,,,1,15,,96043,3,,,1,55,,95983,3,,,1,15,,96003,3,,,1,15,,96023,3,,,1,15,,96044,3,,,1,55,,95984,3,,,1,15,,96004,3,,,1,15,,96024,3,,,1,15,,96045,3,,,1,55,,95985,3,,,1,15,,96005,3,,,1,15,,96025,3,,,1,15,,96046,3,,,1,55,,95986,3,,,1,15,,96006,3,,,1,15,,96026,3,,,1,15,,96047,3,,,1,55,,95987,3,,,1
0,'20270320',612,,96048,3,,,1,15,,96068,3,,,1,15,,96087,3,,,1,15,,96106,3,,,1,55,,96049,3,,,1,15,,96069,3,,,1,15,,96088,3,,,1,15,,96107,3,,,1,55,,96050,3,,,1,15,,96070,3,,,1,15,,96089,3,,,1,15,,96108,3,,,1,55,,96051,3,,,1,15,,96071,3,,,1,15,,96090,3,,,1,15,,96109,3,,,1,55,,96052,3,,,1,15,,96072,3,,,1,15,,96091,3,,,1,15,,96110,3,,,1,55,,96053,3,,,1,15,,96073,3,,,1,15,,96092,3,,,1,15,,96111,3,,,1,55,,96054,3,,,1,15,,96074,3,,,1,15,,96093,3,,,1,15,,96112,3,,,1,55,,96055,3,,,1,15,,96075,3,,,1,15,,96094,3,,,1,15,,96113,3,,,1,55,,96056,3,,,1,15,,96076,3,,,1,15,,96095,3,,,1,15,,96114,3,,,1,55,,96057,3,,,1,15,,96077,3,,,1,15,,96096,3,,,1,15,,96115,3,,,1,55,,96058,3,,,1,15,,96078,3,,,1,15,,96097,3,,,1,15,,96116,3,,,1,55,,96059,3,,,1,15,,96079,3,,,1,15,,96098,3,,,1,15,,96117,3,,,1,55,,96060,3,,,1,15,,96080,3,,,1,15,,96099,3,,,1,15,,96118,3,,,1,55,,96061,3,,,1,15,,96081,3,,,1,15,,96100,3,,,1,15,,96119,3,,,1,55,,96062,3,,,1,15,,96082,3,,,1,15,,96101,3,,,1,15,,96120,3,,,1,55,,96063,3,,,1,15,,96083,3,,,1,15,,96102,3,,,1,15,,96121,3,,,1,55,,96064,3,,,1,15,,96084,3,,,1,15,,96103,3,,,1,15,,96122,3,,,1,55,,96065,3,,,1,15,,96085,3,,,1,15,,96104,3,,,1,15,,96123,3,,,1,55,,96066,3,,,1,15,,96086,3,,,1,15,,96105,3,,,1,15,,96124,3,,,1,55,,96067,3,,,1
0,'20270321',612,,96125,3,,,1,15,,96145,3,,,1,15,,96164,3,,,1,15,,96183,3,,,1,55,,96126,3,,,1,15,,96146,3,,,1,15,,96165,3,,,1,15,,96184,3,,,1,55,,96127,3,,,1,15,,96147,3,,,1,15,,96166,3,,,1,15,,96185,3,,,1,55,,96128,3,,,1,15,,96148,3,,,1,15,,96167,3,,,1,15,,96186,3,,,1,55,,96129,3,,,1,15,,96149,3,,,1,15,,96168,3,,,1,15,,96187,3,,,1,55,,96130,3,,,1,15,,96150,3,,,1,15,,96169,3,,,1,15,,96188,3,,,1,55,,96131,3,,,1,15,,96151,3,,,1,15,,96170,3,,,1,15,,96189,3,,,1,55,,96132,3,,,1,15,,96152,3,,,1,15,,96171,3,,,1,15,,96190,3,,,1,55,,96133,3,,,1,15,,96153,3,,,1,15,,96172,3,,,1,15,,96191,3,,,1,55,,96134,3,,,1,15,,96154,3,,,1,15,,96173,3,,,1,15,,96192,3,,,1,55,,96135,3,,,1,15,,96155,3,,,1,15,,96174,3,,,1,15,,96193,3,,,1,55,,96136,3,,,1,15,,96156,3,,,1,15,,96175,3,,,1,15,,96194,3,,,1,55,,96137,3,,,1,15,,96157,3,,,1,15,,96176,3,,,1,15,,96195,3,,,1,55,,96138,3,,,1,15,,96158,3,,,1,15,,96177,3,,,1,15,,96196,3,,,1,55,,96139,3,,,1,15,,96159,3,,,1,15,,96178,3,,,1,15,,96197,3,,,1,55,,96140,3,,,1,15,,96160,3,,,1,15,,96179,3,,,1,15,,96198,3,,,1,55,,96141,3,,,1,15,,96161,3,,,1,15,,96180,3,,,1,15,,96199,3,,,1,55,,96142,3,,,1,15,,96162,3,,,1,15,,96181,3,,,1,15,,96200,3,,,1,55,,96143,3,,,1,15,,96163,3,,,1,15,,96182,3,,,1,15,,96201,3,,,1,55,,96144,3,,,1
0,'20270322',507,,96262,3,,,1,15,,96202,3,,,1,20,,96242,3,,,1,15,,96263,3,,,1,55,,96203,3,,,1,15,,96223,3,,,1,15,,96243,3,,,1,15,,96264,3,,,1,55,,96204,3,,,1,15,,96224,3,,,1,15,,96244,3,,,1,15,,96265,3,,,1,55,,96205,3,,,1,15,,96225,3,,,1,15,,96245,3,,,1,15,,96266,3,,,1,55,,96206,3,,,1,15,,96226,3,,,1,15,,96246,3,,,1,15,,96267,3,,,1,55,,96207,3,,,1,15,,96227,3,,,1,15,,96247,3,,,1,15,,96268,3,,,1,55,,96208,3,,,1,15,,96228,3,,,1,15,,96248,3,,,1,15,,96269,3,,,1,55,,96209,3,,,1,15,,96229,3,,,1,15,,96249,3,,,1,15,,96270,3,,,1,55,,96210,3,,,1,15,,96230,3,,,1,15,,96250,3,,,1,15,,96271,3,,,1,55,,96211,3,,,1,15,,96231,3,,,1,15,,96251,3,,,1,15,,96272,3,,,1,55,,96212,3,,,1,15,,96232,3,,,1,15,,96252,3,,,1,15,,96273,3,,,1,55,,96213,3,,,1,15,,96233,3,,,1,15,,96253,3,,,1,15,,96274,3,,,1,55,,96214,3,,,1,15,,96234,3,,,1,15,,96254,3,,,1,15,,96275,3,,,1,55,,96215,3,,,1,15,,96235,3,,,1,15,,96255,3,,,1,15,,96276,3,,,1,55,,96216,3,,,1,15,,96236,3,,,1,15,,96256,3,,,1,15,,96277,3,,,1,55,,96217,3,,,1,15,,96237,3,,,1,15,,96257,3,,,1,15,,96278,3,,,1,55,,96218,3,,,1,15,,96238,3,,,1,15,,96258,3,,,1,15,,96279,3,,,1,55,,96219,3,,,1,15,,96239,3,,,1,15,,96259,3,,,1,15,,96280,3,,,1,55,,96220,3,,,1,15,,96240,3,,,1,15,,96260,3,,,1,15,,96281,3,,,1,55,,96221,3,,,1,15,,96241,3,,,1,15,,96261,3,,,1,15,,96282,3,,,1,55,,96222,3,,,1
0,'20270323',507,,96343,3,,,1,15,,96283,3,,,1,20,,96323,3,,,1,15,,96344,3,,,1,55,,96284,3,,,1,15,,96304,3,,,1,15,,96324,3,,,1,15,,96345,3,,,1,55,,96285,3,,,1,15,,96305,3,,,1,15,,96325,3,,,1,15,,96346,3,,,1,55,,96286,3,,,1,15,,96306,3,,,1,15,,96326,3,,,1,15,,96347,3,,,1,55,,96287,3,,,1,15,,96307,3,,,1,15,,96327,3,,,1,15,,96348,3,,,1,55,,96288,3,,,1,15,,96308,3,,,1,15,,96328,3,,,1,15,,96349,3,,,1,55,,96289,3,,,1,15,,96309,3,,,1,15,,96329,3,,,1,15,,96350,3,,,1,55,,96290,3,,,1,15,,96310,3,,,1,15,,96330,3,,,1,15,,96351,3,,,1,55,,96291,3,,,1,15,,96311,3,,,1,15,,96331,3,,,1,15,,96352,3,,,1,55,,96292,3,,,1,15,,96312,3,,,1,15,,96332,3,,,1,15,,96353,3,,,1,55,,96293,3,,,1,15,,96313,3,,,1,15,,96333,3,,,1,15,,96354,3,,,1,55,,96294,3,,,1,15,,96314,3,,,1,15,,96334,3,,,1,15,,96355,3,,,1,55,,96295,3,,,1,15,,96315,3,,,1,15,,96335,3,,,1,15,,96356,3,,,1,55,,96296,3,,,1,15,,96316,3,,,1,15,,96336,3,,,1,15,,96357,3,,,1,55,,96297,3,,,1,15,,96317,3,,,1,15,,96337,3,,,1,15,,96358,3,,,1,55,,96298,3,,,1,15,,96318,3,,,1,15,,96338,3,,,1,15,,96359,3,,,1,55,,96299,3,,,1,15,,96319,3,,,1,15,,96339,3,,,1,15,,96360,3,,,1,55,,96300,3,,,1,15,,96320,3,,,1,15,,96340,3,,,1,15,,96361,3,,,1,55,,96301,3,,,1,15,,96321,3,,,1,15,,96341,3,,,1,15,,96362,3,,,1,55,,96302,3,,,1,15,,96322,3,,,1,15,,96342,3,,,1,15,,96363,3,,,1,55,,96303,3,,,1
0,'20270324',507,,96424,3,,,1,15,,96364,3,,,1,20,,96404,3,,,1,15,,96425,3,,,1,55,,96365,3,,,1,15,,96385,3,,,1,15,,96405,3,,,1,15,,96426,3,,,1,55,,96366,3,,,1,15,,96386,3,,,1,15,,96406,3,,,1,15,,96427,3,,,1,55,,96367,3,,,1,15,,96387,3,,,1,15,,96407,3,,,1,15,,96428,3,,,1,55,,96368,3,,,1,15,,96388,3,,,1,15,,96408,3,,,1,15,,96429,3,,,1,55,,96369,3,,,1,15,,96389,3,,,1,15,,96409,3,,,1,15,,96430,3,,,1,55,,96370,3,,,1,15,,96390,3,,,1,15,,96410,3,,,1,15,,96431,3,,,1,55,,96371,3,,,1,15,,96391,3,,,1,15,,96411,3,,,1,15,,96432,3,,,1,55,,96372,3,,,1,15,,96392,3,,,1,15,,96412,3,,,1,15,,96433,3,,,1,55,,96373,3,,,1,15,,96393,3,,,1,15,,96413,3,,,1,15,,96434,3,,,1,55,,96374,3,,,1,15,,96394,3,,,1,15,,96414,3,,,1,15,,96435,3,,,1,55,,96375,3,,,1,15,,96395,3,,,1,15,,96415,3,,,1,15,,96436,3,,,1,55,,96376,3,,,1,15,,96396,3,,,1,15,,96416,3,,,1,15,,96437,3,,,1,55,,96377,3,,,1,15,,96397,3,,,1,15,,96417,3,,,1,15,,96438,3,,,1,55,,96378,3,,,1,15,,96398,3,,,1,15,,96418,3,,,1,15,,96439,3,,,1,55,,96379,3,,,1,15,,96399,3,,,1,15,,96419,3,,,1,15,,96440,3,,,1,55,,96380,3,,,1,15,,96400,3,,,1,15,,96420,3,,,1,15,,96441,3,,,1,55,,96381,3,,,1,15,,96401,3,,,1,15,,96421,3,,,1,15,,96442,3,,,1,55,,96382,3,,,1,15,,96402,3,,,1,15,,96422,3,,,1,15,,96443,3,,,1,55,,96383,3,,,1,15,,96403,3,,,1,15,,96423,3,,,1,15,,96444,3,,,1,55,,96384,3,,,1
0,'20270325',507,,96505,3,,,1,15,,96445,3,,,1,20,,96485,3,,,1,15,,96506,3,,,1,55,,96446,3,,,1,15,,96466,3,,,1,15,,96486,3,,,1,15,,96507,3,,,1,55,,96447,3,,,1,15,,96467,3,,,1,15,,96487,3,,,1,15,,96508,3,,,1,55,,96448,3,,,1,15,,96468,3,,,1,15,,96488,3,,,1,15,,96509,3,,,1,55,,96449,3,,,1,15,,96469,3,,,1,15,,96489,3,,,1,15,,96510,3,,,1,55,,96450,3,,,1,15,,96470,3,,,1,15,,96490,3,,,1,15,,96511,3,,,1,55,,96451,3,,,1,15,,96471,3,,,1,15,,96491,3,,,1,15,,96512,3,,,1,55,,96452,3,,,1,15,,96472,3,,,1,15,,96492,3,,,1,15,,96513,3,,,1,55,,96453,3,,,1,15,,96473,3,,,1,15,,96493,3,,,1,15,,96514,3,,,1,55,,96454,3,,,1,15,,96474,3,,,1,15,,96494,3,,,1,15,,96515,3,,,1,55,,96455,3,,,1,15,,96475,3,,,1,15,,96495,3,,,1,15,,96516,3,,,1,55,,96456,3,,,1,15,,96476,3,,,1,15,,96496,3,,,1,15,,96517,3,,,1,55,,96457,3,,,1,15,,96477,3,,,1,15,,96497,3,,,1,15,,96518,3,,,1,55,,96458,3,,,1,15,,96478,3,,,1,15,,96498,3,,,1,15,,96519,3,,,1,55,,96459,3,,,1,15,,96479,3,,,1,15,,96499,3,,,1,15,,96520,3,,,1,55,,96460,3,,,1,15,,96480,3,,,1,15,,96500,3,,,1,15,,96521,3,,,1,55,,96461,3,,,1,15,,96481,3,,,1,15,,96501,3,,,1,15,,96522,3,,,1,55,,96462,3,,,1,15,,96482,3,,,1,15,,96502,3,,,1,15,,96523,3,,,1,55,,96463,3,,,1,15,,96483,3,,,1,15,,96503,3,,,1,15,,96524,3,,,1,55,,96464,3,,,1,15,,96484,3,,,1,15,,96504,3,,,1,15,,96525,3,,,1,55,,96465,3,,,1
0,'20270326',507,,96586,3,,,1,15,,96526,3,,,1,20,,96566,3,,,1,15,,96587,3,,,1,55,,96527,3,,,1,15,,96547,3,,,1,15,,96567,3,,,1,15,,96588,3,,,1,55,,96528,3,,,1,15,,96548,3,,,1,15,,96568,3,,,1,15,,96589,3,,,1,55,,96529,3,,,1,15,,96549,3,,,1,15,,96569,3,,,1,15,,96590,3,,,1,55,,96530,3,,,1,15,,96550,3,,,1,15,,96570,3,,,1,15,,96591,3,,,1,55,,96531,3,,,1,15,,96551,3,,,1,15,,96571,3,,,1,15,,96592,3,,,1,55,,96532,3,,,1,15,,96552,3,,,1,15,,96572,3,,,1,15,,96593,3,,,1,55,,96533,3,,,1,15,,96553,3,,,1,15,,96573,3,,,1,15,,96594,3,,,1,55,,96534,3,,,1,15,,96554,3,,,1,15,,96574,3,,,1,15,,96595,3,,,1,55,,96535,3,,,1,15,,96555,3,,,1,15,,96575,3,,,1,15,,96596,3,,,1,55,,96536,3,,,1,15,,96556,3,,,1,15,,96576,3,,,1,15,,96597,3,,,1,55,,96537,3,,,1,15,,96557,3,,,1,15,,96577,3,,,1,15,,96598,3,,,1,55,,96538,3,,,1,15,,96558,3,,,1,15,,96578,3,,,1,15,,96599,3,,,1,55,,96539,3,,,1,15,,96559,3,,,1,15,,96579,3,,,1,15,,96600,3,,,1,55,,96540,3,,,1,15,,96560,3,,,1,15,,96580,3,,,1,15,,96601,3,,,1,55,,96541,3,,,1,15,,96561,3,,,1,15,,96581,3,,,1,15,,96602,3,,,1,55,,96542,3,,,1,15,,96562,3,,,1,15,,96582,3,,,1,15,,96603,3,,,1,55,,96543,3,,,1,15,,96563,3,,,1,15,,96583,3,,,1,15,,96604,3,,,1,55,,96544,3,,,1,15,,96564,3,,,1,15,,96584,3,,,1,15,,96605,3,,,1,55,,96545,3,,,1,15,,96565,3,,,1,15,,96585,3,,,1,15,,96606,3,,,1,55,,96546,3,,,1
0,'20270327',612,,96607,3,,,1,15,,96627,3,,,1,15,,96646,3,,,1,15,,96665,3,,,1,55,,96608,3,,,1,15,,96628,3,,,1,15,,96647,3,,,1,15,,96666,3,,,1,55,,96609,3,,,1,15,,96629,3,,,1,15,,96648,3,,,1,15,,96667,3,,,1,55,,96610,3,,,1,15,,96630,3,,,1,15,,96649,3,,,1,15,,96668,3,,,1,55,,96611,3,,,1,15,,96631,3,,,1,15,,96650,3,,,1,15,,96669,3,,,1,55,,96612,3,,,1,15,,96632,3,,,1,15,,96651,3,,,1,15,,96670,3,,,1,55,,96613,3,,,1,15,,96633,3,,,1,15,,96652,3,,,1,15,,96671,3,,,1,55,,96614,3,,,1,15,,96634,3,,,1,15,,96653,3,,,1,15,,96672,3,,,1,55,,96615,3,,,1,15,,96635,3,,,1,15,,96654,3,,,1,15,,96673,3,,,1,55,,96616,3,,,1,15,,96636,3,,,1,15,,96655,3,,,1,15,,96674,3,,,1,55,,96617,3,,,1,15,,96637,3,,,1,15,,96656,3,,,1,15,,96675,3,,,1,55,,96618,3,,,1,15,,96638,3,,,1,15,,96657,3,,,1,15,,96676,3,,,1,55,,96619,3,,,1,15,,96639,3,,,1,15,,96658,3,,,1,15,,96677,3,,,1,55,,96620,3,,,1,15,,96640,3,,,1,15,,96659,3,,,1,15,,96678,3,,,1,55,,96621,3,,,1,15,,96641,3,,,1,15,,96660,3,,,1,15,,96679,3,,,1,55,,96622,3,,,1,15,,96642,3,,,1,15,,96661,3,,,1,15,,96680,3,,,1,55,,96623,3,,,1,15,,96643,3,,,1,15,,96662,3,,,1,15,,96681,3,,,1,55,,96624,3,,,1,15,,96644,3,,,1,15,,96663,3,,,1,15,,96682,3,,,1,55,,96625,3,,,1,15,,96645,3,,,1,15,,96664,3,,,1,15,,96683,3,,,1,55,,96626,3,,,1
0,'20270328',612,,96684,3,,,1,15,,96704,3,,,1,15,,96723,3,,,1,15,,96742,3,,,1,55,,96685,3,,,1,15,,96705,3,,,1,15,,96724,3,,,1,15,,96743,3,,,1,55,,96686,3,,,1,15,,96706,3,,,1,15,,96725,3,,,1,15,,96744,3,,,1,55,,96687,3,,,1,15,,96707,3,,,1,15,,96726,3,,,1,15,,96745,3,,,1,55,,96688,3,,,1,15,,96708,3,,,1,15,,96727,3,,,1,15,,96746,3,,,1,55,,96689,3,,,1,15,,96709,3,,,1,15,,96728,3,,,1,15,,96747,3,,,1,55,,96690,3,,,1,15,,96710,3,,,1,15,,96729,3,,,1,15,,96748,3,,,1,55,,96691,3,,,1,15,,96711,3,,,1,15,,96730,3,,,1,15,,96749,3,,,1,55,,96692,3,,,1,15,,96712,3,,,1,15,,96731,3,,,1,15,,96750,3,,,1,55,,96693,3,,,1,15,,96713,3,,,1,15,,96732,3,,,1,15,,96751,3,,,1,55,,96694,3,,,1,15,,96714,3,,,1,15,,96733,3,,,1,15,,96752,3,,,1,55,,96695,3,,,1,15,,96715,3,,,1,15,,96734,3,,,1,15,,96753,3,,,1,55,,96696,3,,,1,15,,96716,3,,,1,15,,96735,3,,,1,15,,96754,3,,,1,55,,96697,3,,,1,15,,96717,3,,,1,15,,96736,3,,,1,15,,96755,3,,,1,55,,96698,3,,,1,15,,96718,3,,,1,15,,96737,3,,,1,15,,96756,3,,,1,55,,96699,3,,,1,15,,96719,3,,,1,15,,96738,3,,,1,15,,96757,3,,,1,55,,96700,3,,,1,15,,96720,3,,,1,15,,96739,3,,,1,15,,96758,3,,,1,55,,96701,3,,,1,15,,96721,3,,,1,15,,96740,3,,,1,15,,96759,3,,,1,55,,96702,3,,,1,15,,96722,3,,,1,15,,96741,3,,,1,15,,96760,3,,,1,55,,96703,3,,,1
0,'20270329',507,,96821,3,,,1,15,,96761,3,,,1,20,,96801,3,,,1,15,,96822,3,,,1,55,,96762,3,,,1,15,,96782,3,,,1,15,,96802,3,,,1,15,,96823,3,,,1,55,,96763,3,,,1,15,,96783,3,,,1,15,,96803,3,,,1,15,,96824,3,,,1,55,,96764,3,,,1,15,,96784,3,,,1,15,,96804,3,,,1,15,,96825,3,,,1,55,,96765,3,,,1,15,,96785,3,,,1,15,,96805,3,,,1,15,,96826,3,,,1,55,,96766,3,,,1,15,,96786,3,,,1,15,,96806,3,,,1,15,,96827,3,,,1,55,,96767,3,,,1,15,,96787,3,,,1,15,,96807,3,,,1,15,,96828,3,,,1,55,,96768,3,,,1,15,,96788,3,,,1,15,,96808,3,,,1,15,,96829,3,,,1,55,,96769,3,,,1,15,,96789,3,,,1,15,,96809,3,,,1,15,,96830,3,,,1,55,,96770,3,,,1,15,,96790,3,,,1,15,,96810,3,,,1,15,,96831,3,,,1,55,,96771,3,,,1,15,,96791,3,,,1,15,,96811,3,,,1,15,,96832,3,,,1,55,,96772,3,,,1,15,,96792,3,,,1,15,,96812,3,,,1,15,,96833,3,,,1,55,,96773,3,,,1,15,,96793,3,,,1,15,,96813,3,,,1,15,,96834,3,,,1,55,,96774,3,,,1,15,,96794,3,,,1,15,,96814,3,,,1,15,,96835,3,,,1,55,,96775,3,,,1,15,,96795,3,,,1,15,,96815,3,,,1,15,,96836,3,,,1,55,,96776,3,,,1,15,,96796,3,,,1,15,,96816,3,,,1,15,,96837,3,,,1,55,,96777,3,,,1,15,,96797,3,,,1,15,,96817,3,,,1,15,,96838,3,,,1,55,,96778,3,,,1,15,,96798,3,,,1,15,,96818,3,,,1,15,,96839,3,,,1,55,,96779,3,,,1,15,,96799,3,,,1,15,,96819,3,,,1,15,,96840,3,,,1,55,,96780,3,,,1,15,,96800,3,,,1,15,,96820,3,,,1,15,,96841,3,,,1,55,,96781,3,,,1
0,'20270330',507,,96902,3,,,1,15,,96842,3,,,1,20,,96882,3,,,1,15,,96903,3,,,1,55,,96843,3,,,1,15,,96863,3,,,1,15,,96883,3,,,1,15,,96904,3,,,1,55,,96844,3,,,1,15,,96864,3,,,1,15,,96884,3,,,1,15,,96905,3,,,1,55,,96845,3,,,1,15,,96865,3,,,1,15,,96885,3,,,1,15,,96906,3,,,1,55,,96846,3,,,1,15,,96866,3,,,1,15,,96886,3,,,1,15,,96907,3,,,1,55,,96847,3,,,1,15,,96867,3,,,1,15,,96887,3,,,1,15,,96908,3,,,1,55,,96848,3,,,1,15,,96868,3,,,1,15,,96888,3,,,1,15,,96909,3,,,1,55,,96849,3,,,1,15,,96869,3,,,1,15,,96889,3,,,1,15,,96910,3,,,1,55,,96850,3,,,1,15,,96870,3,,,1,15,,96890,3,,,1,15,,96911,3,,,1,55,,96851,3,,,1,15,,96871,3,,,1,15,,96891,3,,,1,15,,96912,3,,,1,55,,96852,3,,,1,15,,96872,3,,,1,15,,96892,3,,,1,15,,96913,3,,,1,55,,96853,3,,,1,15,,96873,3,,,1,15,,96893,3,,,1,15,,96914,3,,,1,55,,96854,3,,,1,15,,96874,3,,,1,15,,96894,3,,,1,15,,96915,3,,,1,55,,96855,3,,,1,15,,96875,3,,,1,15,,96895,3,,,1,15,,96916,3,,,1,55,,96856,3,,,1,15,,96876,3,,,1,15,,96896,3,,,1,15,,96917,3,,,1,55,,96857,3,,,1,15,,96877,3,,,1,15,,96897,3,,,1,15,,96918,3,,,1,55,,96858,3,,,1,15,,96878,3,,,1,15,,96898,3,,,1,15,,96919,3,,,1,55,,96859,3,,,1,15,,96879,3,,,1,15,,96899,3,,,1,15,,96920,3,,,1,55,,96860,3,,,1,15,,96880,3,,,1,15,,96900,3,,,1,15,,96921,3,,,1,55,,96861,3,,,1,15,,96881,3,,,1,15,,96901,3,,,1,15,,96922,3,,,1,55,,96862,3,,,1
0,'20270331',507,,96983,3,,,1,15,,96923,3,,,1,20,,96963,3,,,1,15,,96984,3,,,1,55,,96924,3,,,1,15,,96944,3,,,1,15,,96964,3,,,1,15,,96985,3,,,1,55,,96925,3,,,1,15,,96945,3,,,1,15,,96965,3,,,1,15,,96986,3,,,1,55,,96926,3,,,1,15,,96946,3,,,1,15,,96966,3,,,1,15,,96987,3,,,1,55,,96927,3,,,1,15,,96947,3,,,1,15,,96967,3,,,1,15,,96988,3,,,1,55,,96928,3,,,1,15,,96948,3,,,1,15,,96968,3,,,1,15,,96989,3,,,1,55,,96929,3,,,1,15,,96949,3,,,1,15,,96969,3,,,1,15,,96990,3,,,1,55,,96930,3,,,1,15,,96950,3,,,1,15,,96970,3,,,1,15,,96991,3,,,1,55,,96931,3,,,1,15,,96951,3,,,1,15,,96971,3,,,1,15,,96992,3,,,1,55,,96932,3,,,1,15,,96952,3,,,1,15,,96972,3,,,1,15,,96993,3,,,1,55,,96933,3,,,1,15,,96953,3,,,1,15,,96973,3,,,1,15,,96994,3,,,1,55,,96934,3,,,1,15,,96954,3,,,1,15,,96974,3,,,1,15,,96995,3,,,1,55,,96935,3,,,1,15,,96955,3,,,1,15,,96975,3,,,1,15,,96996,3,,,1,55,,96936,3,,,1,15,,96956,3,,,1,15,,96976,3,,,1,15,,96997,3,,,1,55,,96937,3,,,1,15,,96957,3,,,1,15,,96977,3,,,1,15,,96998,3,,,1,55,,96938,3,,,1,15,,96958,3,,,1,15,,96978,3,,,1,15,,96999,3,,,1,55,,96939,3,,,1,15,,96959,3,,,1,15,,96979,3,,,1,15,,97000,3,,,1,55,,96940,3,,,1,15,,96960,3,,,1,15,,96980,3,,,1,15,,97001,3,,,1,55,,96941,3,,,1,15,,96961,3,,,1,15,,96981,3,,,1,15,,97002,3,,,1,55,,96942,3,,,1,15,,96962,3,,,1,15,,96982,3,,,1,15,,97003,3,,,1,55,,96943,3,,,1
0,'20270401',507,,97064,3,,,1,15,,97004,3,,,1,20,,97044,3,,,1,15,,97065,3,,,1,55,,97005,3,,,1,15,,97025,3,,,1,15,,97045,3,,,1,15,,97066,3,,,1,55,,97006,3,,,1,15,,97026,3,,,1,15,,97046,3,,,1,15,,97067,3,,,1,55,,97007,3,,,1,15,,97027,3,,,1,15,,97047,3,,,1,15,,97068,3,,,1,55,,97008,3,,,1,15,,97028,3,,,1,15,,97048,3,,,1,15,,97069,3,,,1,55,,97009,3,,,1,15,,97029,3,,,1,15,,97049,3,,,1,15,,97070,3,,,1,55,,97010,3,,,1,15,,97030,3,,,1,15,,97050,3,,,1,15,,97071,3,,,1,55,,97011,3,,,1,15,,97031,3,,,1,15,,97051,3,,,1,15,,97072,3,,,1,55,,97012,3,,,1,15,,97032,3,,,1,15,,97052,3,,,1,15,,97073,3,,,1,55,,97013,3,,,1,15,,97033,3,,,1,15,,97053,3,,,1,15,,97074,3,,,1,55,,97014,3,,,1,15,,97034,3,,,1,15,,97054,3,,,1,15,,97075,3,,,1,55,,97015,3,,,1,15,,97035,3,,,1,15,,97055,3,,,1,15,,97076,3,,,1,55,,97016,3,,,1,15,,97036,3,,,1,15,,97056,3,,,1,15,,97077,3,,,1,55,,97017,3,,,1,15,,97037,3,,,1,15,,97057,3,,,1,15,,97078,3,,,1,55,,97018,3,,,1,15,,97038,3,,,1,15,,97058,3,,,1,15,,97079,3,,,1,55,,97019,3,,,1,15,,97039,3,,,1,15,,97059,3,,,1,15,,97080,3,,,1,55,,97020,3,,,1,15,,97040,3,,,1,15,,97060,3,,,1,15,,97081,3,,,1,55,,97021,3,,,1,15,,97041,3,,,1,15,,97061,3,,,1,15,,97082,3,,,1,55,,97022,3,,,1,15,,97042,3,,,1,15,,97062,3,,,1,15,,97083,3,,,1,55,,97023,3,,,1,15,,97043,3,,,1,15,,97063,3,,,1,15,,97084,3,,,1,55,,97024,3,,,1
0,'20270402',507,,97145,3,,,1,15,,97085,3,,,1,20,,97125,3,,,1,15,,97146,3,,,1,55,,97086,3,,,1,15,,97106,3,,,1,15,,97126,3,,,1,15,,97147,3,,,1,55,,97087,3,,,1,15,,97107,3,,,1,15,,97127,3,,,1,15,,97148,3,,,1,55,,97088,3,,,1,15,,97108,3,,,1,15,,97128,3,,,1,15,,97149,3,,,1,55,,97089,3,,,1,15,,97109,3,,,1,15,,97129,3,,,1,15,,97150,3,,,1,55,,97090,3,,,1,15,,97110,3,,,1,15,,97130,3,,,1,15,,97151,3,,,1,55,,97091,3,,,1,15,,97111,3,,,1,15,,97131,3,,,1,15,,97152,3,,,1,55,,97092,3,,,1,15,,97112,3,,,1,15,,97132,3,,,1,15,,97153,3,,,1,55,,97093,3,,,1,15,,97113,3,,,1,15,,97133,3,,,1,15,,97154,3,,,1,55,,97094,3,,,1,15,,97114,3,,,1,15,,97134,3,,,1,15,,97155,3,,,1,55,,97095,3,,,1,15,,97115,3,,,1,15,,97135,3,,,1,15,,97156,3,,,1,55,,97096,3,,,1,15,,97116,3,,,1,15,,97136,3,,,1,15,,97157,3,,,1,55,,97097,3,,,1,15,,97117,3,,,1,15,,97137,3,,,1,15,,97158,3,,,1,55,,97098,3,,,1,15,,97118,3,,,1,15,,97138,3,,,1,15,,97159,3,,,1,55,,97099,3,,,1,15,,97119,3,,,1,15,,97139,3,,,1,15,,97160,3,,,1,55,,97100,3,,,1,15,,97120,3,,,1,15,,97140,3,,,1,15,,97161,3,,,1,55,,97101,3,,,1,15,,97121,3,,,1,15,,97141,3,,,1,15,,97162,3,,,1,55,,97102,3,,,1,15,,97122,3,,,1,15,,97142,3,,,1,15,,97163,3,,,1,55,,97103,3,,,1,15,,97123,3,,,1,15,,97143,3,,,1,15,,97164,3,,,1,55,,97104,3,,,1,15,,97124,3,,,1,15,,97144,3,,,1,15,,97165,3,,,1,55,,97105,3,,,1
0,'20270403',612,,97166,3,,,1,15,,97186,3,,,1,15,,97205,3,,,1,15,,97224,3,,,1,55,,97167,3,,,1,15,,97187,3,,,1,15,,97206,3,,,1,15,,97225,3,,,1,55,,97168,3,,,1,15,,97188,3,,,1,15,,97207,3,,,1,15,,97226,3,,,1,55,,97169,3,,,1,15,,97189,3,,,1,15,,97208,3,,,1,15,,97227,3,,,1,55,,97170,3,,,1,15,,97190,3,,,1,15,,97209,3,,,1,15,,97228,3,,,1,55,,97171,3,,,1,15,,97191,3,,,1,15,,97210,3,,,1,15,,97229,3,,,1,55,,97172,3,,,1,15,,97192,3,,,1,15,,97211,3,,,1,15,,97230,3,,,1,55,,97173,3,,,1,15,,97193,3,,,1,15,,97212,3,,,1,15,,97231,3,,,1,55,,97174,3,,,1,15,,97194,3,,,1,15,,97213,3,,,1,15,,97232,3,,,1,55,,97175,3,,,1,15,,97195,3,,,1,15,,97214,3,,,1,15,,97233,3,,,1,55,,97176,3,,,1,15,,97196,3,,,1,15,,97215,3,,,1,15,,97234,3,,,1,55,,97177,3,,,1,15,,97197,3,,,1,15,,97216,3,,,1,15,,97235,3,,,1,55,,97178,3,,,1,15,,97198,3,,,1,15,,97217,3,,,1,15,,97236,3,,,1,55,,97179,3,,,1,15,,97199,3,,,1,15,,97218,3,,,1,15,,97237,3,,,1,55,,97180,3,,,1,15,,97200,3,,,1,15,,97219,3,,,1,15,,97238,3,,,1,55,,97181,3,,,1,15,,97201,3,,,1,15,,97220,3,,,1,15,,97239,3,,,1,55,,97182,3,,,1,15,,97202,3,,,1,15,,97221,3,,,1,15,,97240,3,,,1,55,,97183,3,,,1,15,,97203,3,,,1,15,,97222,3,,,1,15,,97241,3,,,1,55,,97184,3,,,1,15,,97204,3,,,1,15,,97223,3,,,1,15,,97242,3,,,1,55,,97185,3,,,1
0,'20270404',612,,97243,3,,,1,15,,97263,3,,,1,15,,97282,3,,,1,15,,97301,3,,,1,55,,97244,3,,,1,15,,97264,3,,,1,15,,97283,3,,,1,15,,97302,3,,,1,55,,97245,3,,,1,15,,97265,3,,,1,15,,97284,3,,,1,15,,97303,3,,,1,55,,97246,3,,,1,15,,97266,3,,,1,15,,97285,3,,,1,15,,97304,3,,,1,55,,97247,3,,,1,15,,97267,3,,,1,15,,97286,3,,,1,15,,97305,3,,,1,55,,97248,3,,,1,15,,97268,3,,,1,15,,97287,3,,,1,15,,97306,3,,,1,55,,97249,3,,,1,15,,97269,3,,,1,15,,97288,3,,,1,15,,97307,3,,,1,55,,97250,3,,,1,15,,97270,3,,,1,15,,97289,3,,,1,15,,97308,3,,,1,55,,97251,3,,,1,15,,97271,3,,,1,15,,97290,3,,,1,15,,97309,3,,,1,55,,97252,3,,,1,15,,97272,3,,,1,15,,97291,3,,,1,15,,97310,3,,,1,55,,97253,3,,,1,15,,97273,3,,,1,15,,97292,3,,,1,15,,97311,3,,,1,55,,97254,3,,,1,15,,97274,3,,,1,15,,97293,3,,,1,15,,97312,3,,,1,55,,97255,3,,,1,15,,97275,3,,,1,15,,97294,3,,,1,15,,97313,3,,,1,55,,97256,3,,,1,15,,97276,3,,,1,15,,97295,3,,,1,15,,97314,3,,,1,55,,97257,3,,,1,15,,97277,3,,,1,15,,97296,3,,,1,15,,97315,3,,,1,55,,97258,3,,,1,15,,97278,3,,,1,15,,97297,3,,,1,15,,97316,3,,,1,55,,97259,3,,,1,15,,97279,3,,,1,15,,97298,3,,,1,15,,97317,3,,,1,55,,97260,3,,,1,15,,97280,3,,,1,15,,97299,3,,,1,15,,97318,3,,,1,55,,97261,3,,,1,15,,97281,3,,,1,15,,97300,3,,,1,15,,97319,3,,,1,55,,97262,3,,,1
0,'20270405',507,,97380,3,,,1,15,,97320,3,,,1,20,,97360,3,,,1,15,,97381,3,,,1,55,,97321,3,,,1,15,,97341,3,,,1,15,,97361,3,,,1,15,,97382,3,,,1,55,,97322,3,,,1,15,,97342,3,,,1,15,,97362,3,,,1,15,,97383,3,,,1,55,,97323,3,,,1,15,,97343,3,,,1,15,,97363,3,,,1,15,,97384,3,,,1,55,,97324,3,,,1,15,,97344,3,,,1,15,,97364,3,,,1,15,,97385,3,,,1,55,,97325,3,,,1,15,,97345,3,,,1,15,,97365,3,,,1,15,,97386,3,,,1,55,,97326,3,,,1,15,,97346,3,,,1,15,,97366,3,,,1,15,,97387,3,,,1,55,,97327,3,,,1,15,,97347,3,,,1,15,,97367,3,,,1,15,,97388,3,,,1,55,,97328,3,,,1,15,,97348,3,,,1,15,,97368,3,,,1,15,,97389,3,,,1,55,,97329,3,,,1,15,,97349,3,,,1,15,,97369,3,,,1,15,,97390,3,,,1,55,,97330,3,,,1,15,,97350,3,,,1,15,,97370,3,,,1,15,,97391,3,,,1,55,,97331,3,,,1,15,,97351,3,,,1,15,,97371,3,,,1,15,,97392,3,,,1,55,,97332,3,,,1,15,,97352,3,,,1,15,,97372,3,,,1,15,,97393,3,,,1,55,,97333,3,,,1,15,,97353,3,,,1,15,,97373,3,,,1,15,,97394,3,,,1,55,,97334,3,,,1,15,,97354,3,,,1,15,,97374,3,,,1,15,,97395,3,,,1,55,,97335,3,,,1,15,,97355,3,,,1,15,,97375,3,,,1,15,,97396,3,,,1,55,,97336,3,,,1,15,,97356,3,,,1,15,,97376,3,,,1,15,,97397,3,,,1,55,,97337,3,,,1,15,,97357,3,,,1,15,,97377,3,,,1,15,,97398,3,,,1,55,,97338,3,,,1,15,,97358,3,,,1,15,,97378,3,,,1,15,,97399,3,,,1,55,,97339,3,,,1,15,,97359,3,,,1,15,,97379,3,,,1,15,,97400,3,,,1,55,,97340,3,,,1
1,'20261007',542,,83301,3,,,1,15,,83242,3,,,1,52,,83262,3,,,1,15,,83282,3,,,1,15,,83302,3,,,1,15,,83243,3,,,1,55,,83263,3,,,1,15,,83283,3,,,1,15,,83303,3,,,1,15,,83244,3,,,1,55,,83264,3,,,1,15,,83284,3,,,1,15,,83304,3,,,1,15,,83245,3,,,1,55,,83265,3,,,1,15,,83285,3,,,1,15,,83305,3,,,1,15,,83246,3,,,1,55,,83266,3,,,1,15,,83286,3,,,1,15,,83306,3,,,1,15,,83247,3,,,1,55,,83267,3,,,1,15,,83287,3,,,1,15,,83307,3,,,1,15,,83248,3,,,1,55,,83268,3,,,1,15,,83288,3,,,1,15,,83308,3,,,1,15,,83249,3,,,1,55,,83269,3,,,1,15,,83289,3,,,1,15,,83309,3,,,1,15,,83250,3,,,1,55,,83270,3,,,1,15,,83290,3,,,1,15,,83310,3,,,1,15,,83251,3,,,1,55,,83271,3,,,1,15,,83291,3,,,1,15,,83311,3,,,1,15,,83252,3,,,1,55,,83272,3,,,1,15,,83292,3,,,1,15,,83312,3,,,1,15,,83253,3,,,1,55,,83273,3,,,1,15,,83293,3,,,1,15,,83313,3,,,1,15,,83254,3,,,1,55,,83274,3,,,1,15,,83294,3,,,1,15,,83314,3,,,1,15,,83255,3,,,1,55,,83275,3,,,1,15,,83295,3,,,1,15,,83315,3,,,1,15,,83256,3,,,1,55,,83276,3,,,1,15,,83296,3,,,1,15,,83316,3,,,1,15,,83257,3,,,1,55,,83277,3,,,1,15,,83297,3,,,1,15,,83317,3,,,1,15,,83258,3,,,1,55,,83278,3,,,1,15,,83298,3,,,1,15,,83318,3,,,1,15,,83259,3,,,1,55,,83279,3,,,1,15,,83299,3,,,1,15,,83319,3,,,1,15,,83260,3,,,1,55,,83280,3,,,1,15,,83300,3,,,1,15,,83320,3,,,1,15,,83261,3,,,1,55,,83281,3,,,1
1,'20261008',542,,83380,3,,,1,15,,83321,3,,,1,52,,83341,3,,,1,15,,83361,3,,,1,15,,83381,3,,,1,15,,83322,3,,,1,55,,83342,3,,,1,15,,83362,3,,,1,15,,83382,3,,,1,15,,83323,3,,,1,55,,83343,3,,,1,15,,83363,3,,,1,15,,83383,3,,,1,15,,83324,3,,,1,55,,83344,3,,,1,15,,83364,3,,,1,15,,83384,3,,,1,15,,83325,3,,,1,55,,83345,3,,,1,15,,83365,3,,,1,15,,83385,3,,,1,15,,83326,3,,,1,55,,83346,3,,,1,15,,83366,3,,,1,15,,83386,3,,,1,15,,83327,3,,,1,55,,83347,3,,,1,15,,83367,3,,,1,15,,83387,3,,,1,15,,83328,3,,,1,55,,83348,3,,,1,15,,83368,3,,,1,15,,83388,3,,,1,15,,83329,3,,,1,55,,83349,3,,,1,15,,83369,3,,,1,15,,83389,3,,,1,15,,83330,3,,,1,55,,83350,3,,,1,15,,83370,3,,,1,15,,83390,3,,,1,15,,83331,3,,,1,55,,83351,3,,,1,15,,83371,3,,,1,15,,83391,3,,,1,15,,83332,3,,,1,55,,83352,3,,,1,15,,83372,3,,,1,15,,83392,3,,,1,15,,83333,3,,,1,55,,83353,3,,,1,15,,83373,3,,,1,15,,83393,3,,,1,15,,83334,3,,,1,55,,83354,3,,,1,15,,83374,3,,,1,15,,83394,3,,,1,15,,83335,3,,,1,55,,83355,3,,,1,15,,83375,3,,,1,15,,83395,3,,,1,15,,83336,3,,,1,55,,83356,3,,,1,15,,83376,3,,,1,15,,83396,3,,,1,15,,83337,3,,,1,55,,83357,3,,,1,15,,83377,3,,,1,15,,83397,3,,,1,15,,83338,3,,,1,55,,83358,3,,,1,15,,83378,3,,,1,15,,83398,3,,,1,15,,83339,3,,,1,55,,83359,3,,,1,15,,83379,3,,,1,15,,83399,3,,,1,15,,83340,3,,,1,55,,83360,3,,,1
1,'20261009',542,,83459,3,,,1,15,,83400,3,,,1,52,,83420,3,,,1,15,,83440,3,,,1,15,,83460,3,,,1,15,,83401,3,,,1,55,,83421,3,,,1,15,,83441,3,,,1,15,,83461,3,,,1,15,,83402,3,,,1,55,,83422,3,,,1,15,,83442,3,,,1,15,,83462,3,,,1,15,,83403,3,,,1,55,,83423,3,,,1,15,,83443,3,,,1,15,,83463,3,,,1,15,,83404,3,,,1,55,,83424,3,,,1,15,,83444,3,,,1,15,,83464,3,,,1,15,,83405,3,,,1,55,,83425,3,,,1,15,,83445,3,,,1,15,,83465,3,,,1,15,,83406,3,,,1,55,,83426,3,,,1,15,,83446,3,,,1,15,,83466,3,,,1,15,,83407,3,,,1,55,,83427,3,,,1,15,,83447,3,,,1,15,,83467,3,,,1,15,,83408,3,,,1,55,,83428,3,,,1,15,,83448,3,,,1,15,,83468,3,,,1,15,,83409,3,,,1,55,,83429,3,,,1,15,,83449,3,,,1,15,,83469,3,,,1,15,,83410,3,,,1,55,,83430,3,,,1,15,,83450,3,,,1,15,,83470,3,,,1,15,,83411,3,,,1,55,,83431,3,,,1,15,,83451,3,,,1,15,,83471,3,,,1,15,,83412,3,,,1,55,,83432,3,,,1,15,,83452,3,,,1,15,,83472,3,,,1,15,,83413,3,,,1,55,,83433,3,,,1,15,,83453,3,,,1,15,,83473,3,,,1,15,,83414,3,,,1,55,,83434,3,,,1,15,,83454,3,,,1,15,,83474,3,,,1,15,,83415,3,,,1,55,,83435,3,,,1,15,,83455,3,,,1,15,,83475,3,,,1,15,,83416,3,,,1,55,,83436,3,,,1,15,,83456,3,,,1,15,,83476,3,,,1,15,,83417,3,,,1,55,,83437,3,,,1,15,,83457,3,,,1,15,,83477,3,,,1,15,,83418,3,,,1,55,,83438,3,,,1,15,,83458,3,,,1,15,,83478,3,,,1,15,,83419,3,,,1,55,,83439,3,,,1
1,'20261010',639,,83535,3,,,1,15,,83479,3,,,1,55,,83498,3,,,1,15,,83517,3,,,1,15,,83536,3,,,1,15,,83480,3,,,1,55,,83499,3,,,1,15,,83518,3,,,1,15,,83537,3,,,1,15,,83481,3,,,1,55,,83500,3,,,1,15,,83519,3,,,1,15,,83538,3,,,1,15,,83482,3,,,1,55,,83501,3,,,1,15,,83520,3,,,1,15,,83539,3,,,1,15,,83483,3,,,1,55,,83502,3,,,1,15,,83521,3,,,1,15,,83540,3,,,1,15,,83484,3,,,1,55,,83503,3,,,1,15,,83522,3,,,1,15,,83541,3,,,1,15,,83485,3,,,1,55,,83504,3,,,1,15,,83523,3,,,1,15,,83542,3,,,1,15,,83486,3,,,1,55,,83505,3,,,1,15,,83524,3,,,1,15,,83543,3,,,1,15,,83487,3,,,1,55,,83506,3,,,1,15,,83525,3,,,1,15,,83544,3,,,1,15,,83488,3,,,1,55,,83507,3,,,1,15,,83526,3,,,1,15,,83545,3,,,1,15,,83489,3,,,1,55,,83508,3,,,1,15,,83527,3,,,1,15,,83546,3,,,1,15,,83490,3,,,1,55,,83509,3,,,1,15,,83528,3,,,1,15,,83547,3,,,1,15,,83491,3,,,1,55,,83510,3,,,1,15,,83529,3,,,1,15,,83548,3,,,1,15,,83492,3,,,1,55,,83511,3,,,1,15,,83530,3,,,1,15,,83549,3,,,1,15,,83493,3,,,1,55,,83512,3,,,1,15,,83531,3,,,1,15,,83550,3,,,1,15,,83494,3,,,1,55,,83513,3,,,1,15,,83532,3,,,1,15,,83551,3,,,1,15,,83495,3,,,1,55,,83514,3,,,1,15,,83533,3,,,1,15,,83552,3,,,1,15,,83496,3,,,1,55,,83515,3,,,1,15,,83534,3,,,1,15,,83553,3,,,1,15,,83497,3,,,1,55,,83516,3,,,1
1,'20261011',639,,83610,3,,,1,15,,83554,3,,,1,55,,83573,3,,,1,15,,83592,3,,,1,15,,83611,3,,,1,15,,83555,3,,,1,55,,83574,3,,,1,15,,83593,3,,,1,15,,83612,3,,,1,15,,83556,3,,,1,55,,83575,3,,,1,15,,83594,3,,,1,15,,83613,3,,,1,15,,83557,3,,,1,55,,83576,3,,,1,15,,83595,3,,,1,15,,83614,3,,,1,15,,83558,3,,,1,55,,83577,3,,,1,15,,83596,3,,,1,15,,83615,3,,,1,15,,83559,3,,,1,55,,83578,3,,,1,15,,83597,3,,,1,15,,83616,3,,,1,15,,83560,3,,,1,55,,83579,3,,,1,15,,83598,3,,,1,15,,83617,3,,,1,15,,83561,3,,,1,55,,83580,3,,,1,15,,83599,3,,,1,15,,83618,3,,,1,15,,83562,3,,,1,55,,83581,3,,,1,15,,83600,3,,,1,15,,83619,3,,,1,15,,83563,3,,,1,55,,83582,3,,,1,15,,83601,3,,,1,15,,83620,3,,,1,15,,83564,3,,,1,55,,83583,3,,,1,15,,83602,3,,,1,15,,83621,3,,,1,15,,83565,3,,,1,55,,83584,3,,,1,15,,83603,3,,,1,15,,83622,3,,,1,15,,83566,3,,,1,55,,83585,3,,,1,15,,83604,3,,,1,15,,83623,3,,,1,15,,83567,3,,,1,55,,83586,3,,,1,15,,83605,3,,,1,15,,83624,3,,,1,15,,83568,3,,,1,55,,83587,3,,,1,15,,83606,3,,,1,15,,83625,3,,,1,15,,83569,3,,,1,55,,83588,3,,,1,15,,83607,3,,,1,15,,83626,3,,,1,15,,83570,3,,,1,55,,83589,3,,,1,15,,83608,3,,,1,15,,83627,3,,,1,15,,83571,3,,,1,55,,83590,3,,,1,15,,83609,3,,,1,15,,83628,3,,,1,15,,83572,3,,,1,55,,83591,3,,,1
1,'20261012',639,,83689,3,,,1,15,,83630,3,,,1,55,,83650,3,,,1,15,,83670,3,,,1,15,,83690,3,,,1,15,,83631,3,,,1,55,,83651,3,,,1,15,,83671,3,,,1,15,,83691,3,,,1,15,,83632,3,,,1,55,,83652,3,,,1,15,,83672,3,,,1,15,,83692,3,,,1,15,,83633,3,,,1,55,,83653,3,,,1,15,,83673,3,,,1,15,,83693,3,,,1,15,,83634,3,,,1,55,,83654,3,,,1,15,,83674,3,,,1,15,,83694,3,,,1,15,,83635,3,,,1,55,,83655,3,,,1,15,,83675,3,,,1,15,,83695,3,,,1,15,,83636,3,,,1,55,,83656,3,,,1,15,,83676,3,,,1,15,,83696,3,,,1,15,,83637,3,,,1,55,,83657,3,,,1,15,,83677,3,,,1,15,,83697,3,,,1,15,,83638,3,,,1,55,,83658,3,,,1,15,,83678,3,,,1,15,,83698,3,,,1,15,,83639,3,,,1,55,,83659,3,,,1,15,,83679,3,,,1,15,,83699,3,,,1,15,,83640,3,,,1,55,,83660,3,,,1,15,,83680,3,,,1,15,,83700,3,,,1,15,,83641,3,,,1,55,,83661,3,,,1,15,,83681,3,,,1,15,,83701,3,,,1,15,,83642,3,,,1,55,,83662,3,,,1,15,,83682,3,,,1,15,,83702,3,,,1,15,,83643,3,,,1,55,,83663,3,,,1,15,,83683,3,,,1,15,,83703,3,,,1,15,,83644,3,,,1,55,,83664,3,,,1,15,,83684,3,,,1,15,,83704,3,,,1,15,,83645,3,,,1,55,,83665,3,,,1,15,,83685,3,,,1,15,,83705,3,,,1,15,,83646,3,,,1,55,,83666,3,,,1,15,,83686,3,,,1,15,,83706,3,,,1,15,,83647,3,,,1,55,,83667,3,,,1,15,,83687,3,,,1,15,,83707,3,,,1,15,,83648,3,,,1,55,,83668,3,,,1
1,'20261013',542,,83767,3,,,1,15,,83708,3,,,1,52,,83728,3,,,1,15,,83748,3,,,1,15,,83768,3,,,1,15,,83709,3,,,1,55,,83729,3,,,1,15,,83749,3,,,1,15,,83769,3,,,1,15,,83710,3,,,1,55,,83730,3,,,1,15,,83750,3,,,1,15,,83770,3,,,1,15,,83711,3,,,1,55,,83731,3,,,1,15,,83751,3,,,1,15,,83771,3,,,1,15,,83712,3,,,1,55,,83732,3,,,1,15,,83752,3,,,1,15,,83772,3,,,1,15,,83713,3,,,1,55,,83733,3,,,1,15,,83753,3,,,1,15,,83773,3,,,1,15,,83714,3,,,1,55,,83734,3,,,1,15,,83754,3,,,1,15,,83774,3,,,1,15,,83715,3,,,1,55,,83735,3,,,1,15,,83755,3,,,1,15,,83775,3,,,1,15,,83716,3,,,1,55,,83736,3,,,1,15,,83756,3,,,1,15,,83776,3,,,1,15,,83717,3,,,1,55,,83737,3,,,1,15,,83757,3,,,1,15,,83777,3,,,1,15,,83718,3,,,1,55,,83738,3,,,1,15,,83758,3,,,1,15,,83778,3,,,1,15,,83719,3,,,1,55,,83739,3,,,1,15,,83759,3,,,1,15,,83779,3,,,1,15,,83720,3,,,1,55,,83740,3,,,1,15,,83760,3,,,1,15,,83780,3,,,1,15,,83721,3,,,1,55,,83741,3,,,1,15,,83761,3,,,1,15,,83781,3,,,1,15,,83722,3,,,1,55,,83742,3,,,1,15,,83762,3,,,1,15,,83782,3,,,1,15,,83723,3,,,1,55,,83743,3,,,1,15,,83763,3,,,1,15,,83783,3,,,1,15,,83724,3,,,1,55,,83744,3,,,1,15,,83764,3,,,1,15,,83784,3,,,1,15,,83725,3,,,1,55,,83745,3,,,1,15,,83765,3,,,1,15,,83785,3,,,1,15,,83726,3,,,1,55,,83746,3,,,1,15,,83766,3,,,1,15,,83786,3,,,1,15,,83727,3,,,1,55,,83747,3,,,1
1,'20261014',542,,83846,3,,,1,15,,83787,3,,,1,52,,83807,3,,,1,15,,83827,3,,,1,15,,83847,3,,,1,15,,83788,3,,,1,55,,83808,3,,,1,15,,83828,3,,,1,15,,83848,3,,,1,15,,83789,3,,,1,55,,83809,3,,,1,15,,83829,3,,,1,15,,83849,3,,,1,15,,83790,3,,,1,55,,83810,3,,,1,15,,83830,3,,,1,15,,83850,3,,,1,15,,83791,3,,,1,55,,83811,3,,,1,15,,83831,3,,,1,15,,83851,3,,,1,15,,83792,3,,,1,55,,83812,3,,,1,15,,83832,3,,,1,15,,83852,3,,,1,15,,83793,3,,,1,55,,83813,3,,,1,15,,83833,3,,,1,15,,83853,3,,,1,15,,83794,3,,,1,55,,83814,3,,,1,15,,83834,3,,,1,15,,83854,3,,,1,15,,83795,3,,,1,55,,83815,3,,,1,15,,83835,3,,,1,15,,83855,3,,,1,15,,83796,3,,,1,55,,83816,3,,,1,15,,83836,3,,,1,15,,83856,3,,,1,15,,83797,3,,,1,55,,83817,3,,,1,15,,83837,3,,,1,15,,83857,3,,,1,15,,83798,3,,,1,55,,83818,3,,,1,15,,83838,3,,,1,15,,83858,3,,,1,15,,83799,3,,,1,55,,83819,3,,,1,15,,83839,3,,,1,15,,83859,3,,,1,15,,83800,3,,,1,55,,83820,3,,,1,15,,83840,3,,,1,15,,83860,3,,,1,15,,83801,3,,,1,55,,83821,3,,,1,15,,83841,3,,,1,15,,83861,3,,,1,15,,83802,3,,,1,55,,83822,3,,,1,15,,83842,3,,,1,15,,83862,3,,,1,15,,83803,3,,,1,55,,83823,3,,,1,15,,83843,3,,,1,15,,83863,3,,,1,15,,83804,3,,,1,55,,83824,3,,,1,15,,83844,3,,,1,15,,83864,3,,,1,15,,83805,3,,,1,55,,83825,3,,,1,15,,83845,3,,,1,15,,83865,3,,,1,15,,83806,3,,,1,55,,83826,3,,,1
1,'20261015',542,,83925,3,,,1,15,,83866,3,,,1,52,,83886,3,,,1,15,,83906,3,,,1,15,,83926,3,,,1,15,,83867,3,,,1,55,,83887,3,,,1,15,,83907,3,,,1,15,,83927,3,,,1,15,,83868,3,,,1,55,,83888,3,,,1,15,,83908,3,,,1,15,,83928,3,,,1,15,,83869,3,,,1,55,,83889,3,,,1,15,,83909,3,,,1,15,,83929,3,,,1,15,,83870,3,,,1,55,,83890,3,,,1,15,,83910,3,,,1,15,,83930,3,,,1,15,,83871,3,,,1,55,,83891,3,,,1,15,,83911,3,,,1,15,,83931,3,,,1,15,,83872,3,,,1,55,,83892,3,,,1,15,,83912,3,,,1,15,,83932,3,,,1,15,,83873,3,,,1,55,,83893,3,,,1,15,,83913,3,,,1,15,,83933,3,,,1,15,,83874,3,,,1,55,,83894,3,,,1,15,,83914,3,,,1,15,,83934,3,,,1,15,,83875,3,,,1,55,,83895,3,,,1,15,,83915,3,,,1,15,,83935,3,,,1,15,,83876,3,,,1,55,,83896,3,,,1,15,,83916,3,,,1,15,,83936,3,,,1,15,,83877,3,,,1,55,,83897,3,,,1,15,,83917,3,,,1,15,,83937,3,,,1,15,,83878,3,,,1,55,,83898,3,,,1,15,,83918,3,,,1,15,,83938,3,,,1,15,,83879,3,,,1,55,,83899,3,,,1,15,,83919,3,,,1,15,,83939,3,,,1,15,,83880,3,,,1,55,,83900,3,,,1,15,,83920,3,,,1,15,,83940,3,,,1,15,,83881,3,,,1,55,,83901,3,,,1,15,,83921,3,,,1,15,,83941,3,,,1,15,,83882,3,,,1,55,,83902,3,,,1,15,,83922,3,,,1,15,,83942,3,,,1,15,,83883,3,,,1,55,,83903,3,,,1,15,,83923,3,,,1,15,,83943,3,,,1,15,,83884,3,,,1,55,,83904,3,,,1,15,,83924,3,,,1,15,,83944,3,,,1,15,,83885,3,,,1,55,,83905,3,,,1
1,'20261016',542,,84004,3,,,1,15,,83945,3,,,1,52,,83965,3,,,1,15,,83985,3,,,1,15,,84005,3,,,1,15,,83946,3,,,1,55,,83966,3,,,1,15,,83986,3,,,1,15,,84006,3,,,1,15,,83947,3,,,1,55,,83967,3,,,1,15,,83987,3,,,1,15,,84007,3,,,1,15,,83948,3,,,1,55,,83968,3,,,1,15,,83988,3,,,1,15,,84008,3,,,1,15,,83949,3,,,1,55,,83969,3,,,1,15,,83989,3,,,1,15,,84009,3,,,1,15,,83950,3,,,1,55,,83970,3,,,1,15,,83990,3,,,1,15,,84010,3,,,1,15,,83951,3,,,1,55,,83971,3,,,1,15,,83991,3,,,1,15,,84011,3,,,1,15,,83952,3,,,1,55,,83972,3,,,1,15,,83992,3,,,1,15,,84012,3,,,1,15,,83953,3,,,1,55,,83973,3,,,1,15,,83993,3,,,1,15,,84013,3,,,1,15,,83954,3,,,1,55,,83974,3,,,1,15,,83994,3,,,1,15,,84014,3,,,1,15,,83955,3,,,1,55,,83975,3,,,1,15,,83995,3,,,1,15,,84015,3,,,1,15,,83956,3,,,1,55,,83976,3,,,1,15,,83996,3,,,1,15,,84016,3,,,1,15,,83957,3,,,1,55,,83977,3,,,1,15,,83997,3,,,1,15,,84017,3,,,1,15,,83958,3,,,1,55,,83978,3,,,1,15,,83998,3,,,1,15,,84018,3,,,1,15,,83959,3,,,1,55,,83979,3,,,1,15,,83999,3,,,1,15,,84019,3,,,1,15,,83960,3,,,1,55,,83980,3,,,1,15,,84000,3,,,1,15,,84020,3,,,1,15,,83961,3,,,1,55,,83981,3,,,1,15,,84001,3,,,1,15,,84021,3,,,1,15,,83962,3,,,1,55,,83982,3,,,1,15,,84002,3,,,1,15,,84022,3,,,1,15,,83963,3,,,1,55,,83983,3,,,1,15,,84003,3,,,1,15,,84023,3,,,1,15,,83964,3,,,1,55,,83984,3,,,1
1,'20261017',639,,84080,3,,,1,15,,84024,3,,,1,55,,84043,3,,,1,15,,84062,3,,,1,15,,84081,3,,,1,15,,84025,3,,,1,55,,84044,3,,,1,15,,84063,3,,,1,15,,84082,3,,,1,15,,84026,3,,,1,55,,84045,3,,,1,15,,84064,3,,,1,15,,84083,3,,,1,15,,84027,3,,,1,55,,84046,3,,,1,15,,84065,3,,,1,15,,84084,3,,,1,15,,84028,3,,,1,55,,84047,3,,,1,15,,84066,3,,,1,15,,84085,3,,,1,15,,84029,3,,,1,55,,84048,3,,,1,15,,84067,3,,,1,15,,84086,3,,,1,15,,84030,3,,,1,55,,84049,3,,,1,15,,84068,3,,,1,15,,84087,3,,,1,15,,84031,3,,,1,55,,84050,3,,,1,15,,84069,3,,,1,15,,84088,3,,,1,15,,84032,3,,,1,55,,84051,3,,,1,15,,84070,3,,,1,15,,84089,3,,,1,15,,84033,3,,,1,55,,84052,3,,,1,15,,84071,3,,,1,15,,84090,3,,,1,15,,84034,3,,,1,55,,84053,3,,,1,15,,84072,3,,,1,15,,84091,3,,,1,15,,84035,3,,,1,55,,84054,3,,,1,15,,84073,3,,,1,15,,84092,3,,,1,15,,84036,3,,,1,55,,84055,3,,,1,15,,84074,3,,,1,15,,84093,3,,,1,15,,84037,3,,,1,55,,84056,3,,,1,15,,84075,3,,,1,15,,84094,3,,,1,15,,84038,3,,,1,55,,84057,3,,,1,15,,84076,3,,,1,15,,84095,3,,,1,15,,84039,3,,,1,55,,84058,3,,,1,15,,84077,3,,,1,15,,84096,3,,,1,15,,84040,3,,,1,55,,84059,3,,,1,15,,84078,3,,,1,15,,84097,3,,,1,15,,84041,3,,,1,55,,84060,3,,,1,15,,84079,3,,,1,15,,84098,3,,,1,15,,84042,3,,,1,55,,84061,3,,,1
1,'20261018',639,,84155,3,,,1,15,,84099,3,,,1,55,,84118,3,,,1,15,,84137,3,,,1,15,,84156,3,,,1,15,,84100,3,,,1,55,,84119,3,,,1,15,,84138,3,,,1,15,,84157,3,,,1,15,,84101,3,,,1,55,,84120,3,,,1,15,,84139,3,,,1,15,,84158,3,,,1,15,,84102,3,,,1,55,,84121,3,,,1,15,,84140,3,,,1,15,,84159,3,,,1,15,,84103,3,,,1,55,,84122,3,,,1,15,,84141,3,,,1,15,,84160,3,,,1,15,,84104,3,,,1,55,,84123,3,,,1,15,,84142,3,,,1,15,,84161,3,,,1,15,,84105,3,,,1,55,,84124,3,,,1,15,,84143,3,,,1,15,,84162,3,,,1,15,,84106,3,,,1,55,,84125,3,,,1,15,,84144,3,,,1,15,,84163,3,,,1,15,,84107,3,,,1,55,,84126,3,,,1,15,,84145,3,,,1,15,,84164,3,,,1,15,,84108,3,,,1,55,,84127,3,,,1,15,,84146,3,,,1,15,,84165,3,,,1,15,,84109,3,,,1,55,,84128,3,,,1,15,,84147,3,,,1,15,,84166,3,,,1,15,,84110,3,,,1,55,,84129,3,,,1,15,,84148,3,,,1,15,,84167,3,,,1,15,,84111,3,,,1,55,,84130,3,,,1,15,,84149,3,,,1,15,,84168,3,,,1,15,,84112,3,,,1,55,,84131,3,,,1,15,,84150,3,,,1,15,,84169,3,,,1,15,,84113,3,,,1,55,,84132,3,,,1,15,,84151,3,,,1,15,,84170,3,,,1,15,,84114,3,,,1,55,,84133,3,,,1,15,,84152,3,,,1,15,,84171,3,,,1,15,,84115,3,,,1,55,,84134,3,,,1,15,,84153,3,,,1,15,,84172,3,,,1,15,,84116,3,,,1,55,,84135,3,,,1,15,,84154,3,,,1,15,,84173,3,,,1,15,,84117,3,,,1,55,,84136,3,,,1
1,'20261019',542,,84233,3,,,1,15,,84174,3,,,1,52,,84194,3,,,1,15,,84214,3,,,1,15,,84234,3,,,1,15,,84175,3,,,1,55,,84195,3,,,1,15,,84215,3,,,1,15,,84235,3,,,1,15,,84176,3,,,1,55,,84196,3,,,1,15,,84216,3,,,1,15,,84236,3,,,1,15,,84177,3,,,1,55,,84197,3,,,1,15,,84217,3,,,1,15,,84237,3,,,1,15,,84178,3,,,1,55,,84198,3,,,1,15,,84218,3,,,1,15,,84238,3,,,1,15,,84179,3,,,1,55,,84199,3,,,1,15,,84219,3,,,1,15,,84239,3,,,1,15,,84180,3,,,1,55,,84200,3,,,1,15,,84220,3,,,1,15,,84240,3,,,1,15,,84181,3,,,1,55,,84201,3,,,1,15,,84221,3,,,1,15,,84241,3,,,1,15,,84182,3,,,1,55,,84202,3,,,1,15,,84222,3,,,1,15,,84242,3,,,1,15,,84183,3,,,1,55,,84203,3,,,1,15,,84223,3,,,1,15,,84243,3,,,1,15,,84184,3,,,1,55,,84204,3,,,1,15,,84224,3,,,1,15,,84244,3,,,1,15,,84185,3,,,1,55,,84205,3,,,1,15,,84225,3,,,1,15,,84245,3,,,1,15,,84186,3,,,1,55,,84206,3,,,1,15,,84226,3,,,1,15,,84246,3,,,1,15,,84187,3,,,1,55,,84207,3,,,1,15,,84227,3,,,1,15,,84247,3,,,1,15,,84188,3,,,1,55,,84208,3,,,1,15,,84228,3,,,1,15,,84248,3,,,1,15,,84189,3,,,1,55,,84209,3,,,1,15,,84229,3,,,1,15,,84249,3,,,1,15,,84190,3,,,1,55,,84210,3,,,1,15,,84230,3,,,1,15,,84250,3,,,1,15,,84191,3,,,1,55,,84211,3,,,1,15,,84231,3,,,1,15,,84251,3,,,1,15,,84192,3,,,1,55,,84212,3,,,1,15,,84232,3,,,1,15,,84252,3,,,1,15,,84193,3,,,1,55,,84213,3,,,1
1,'20261020',542,,84312,3,,,1,15,,84253,3,,,1,52,,84273,3,,,1,15,,84293,3,,,1,15,,84313,3,,,1,15,,84254,3,,,1,55,,84274,3,,,1,15,,84294,3,,,1,15,,84314,3,,,1,15,,84255,3,,,1,55,,84275,3,,,1,15,,84295,3,,,1,15,,84315,3,,,1,15,,84256,3,,,1,55,,84276,3,,,1,15,,84296,3,,,1,15,,84316,3,,,1,15,,84257,3,,,1,55,,84277,3,,,1,15,,84297,3,,,1,15,,84317,3,,,1,15,,84258,3,,,1,55,,84278,3,,,1,15,,84298,3,,,1,15,,84318,3,,,1,15,,84259,3,,,1,55,,84279,3,,,1,15,,84299,3,,,1,15,,84319,3,,,1,15,,84260,3,,,1,55,,84280,3,,,1,15,,84300,3,,,1,15,,84320,3,,,1,15,,84261,3,,,1,55,,84281,3,,,1,15,,84301,3,,,1,15,,84321,3,,,1,15,,84262,3,,,1,55,,84282,3,,,1,15,,84302,3,,,1,15,,84322,3,,,1,15,,84263,3,,,1,55,,84283,3,,,1,15,,84303,3,,,1,15,,84323,3,,,1,15,,84264,3,,,1,55,,84284,3,,,1,15,,84304,3,,,1,15,,84324,3,,,1,15,,84265,3,,,1,55,,84285,3,,,1,15,,84305,3,,,1,15,,84325,3,,,1,15,,84266,3,,,1,55,,84286,3,,,1,15,,84306,3,,,1,15,,84326,3,,,1,15,,84267,3,,,1,55,,84287,3,,,1,15,,84307,3,,,1,15,,84327,3,,,1,15,,84268,3,,,1,55,,84288,3,,,1,15,,84308,3,,,1,15,,84328,3,,,1,15,,84269,3,,,1,55,,84289,3,,,1,15,,84309,3,,,1,15,,84329,3,,,1,15,,84270,3,,,1,55,,84290,3,,,1,15,,84310,3,,,1,15,,84330,3,,,1,15,,84271,3,,,1,55,,84291,3,,,1,15,,84311,3,,,1,15,,84331,3,,,1,15,,84272,3,,,1,55,,84292,3,,,1
1,'20261021',542,,84391,3,,,1,15,,84332,3,,,1,52,,84352,3,,,1,15,,84372,3,,,1,15,,84392,3,,,1,15,,84333,3,,,1,55,,84353,3,,,1,15,,84373,3,,,1,15,,84393,3,,,1,15,,84334,3,,,1,55,,84354,3,,,1,15,,84374,3,,,1,15,,84394,3,,,1,15,,84335,3,,,1,55,,84355,3,,,1,15,,84375,3,,,1,15,,84395,3,,,1,15,,84336,3,,,1,55,,84356,3,,,1,15,,84376,3,,,1,15,,84396,3,,,1,15,,84337,3,,,1,55,,84357,3,,,1,15,,84377,3,,,1,15,,84397,3,,,1,15,,84338,3,,,1,55,,84358,3,,,1,15,,84378,3,,,1,15,,84398,3,,,1,15,,84339,3,,,1,55,,84359,3,,,1,15,,84379,3,,,1,15,,84399,3,,,1,15,,84340,3,,,1,55,,84360,3,,,1,15,,84380,3,,,1,15,,84400,3,,,1,15,,84341,3,,,1,55,,84361,3,,,1,15,,84381,3,,,1,15,,84401,3,,,1,15,,84342,3,,,1,55,,84362,3,,,1,15,,84382,3,,,1,15,,84402,3,,,1,15,,84343,3,,,1,55,,84363,3,,,1,15,,84383,3,,,1,15,,84403,3,,,1,15,,84344,3,,,1,55,,84364,3,,,1,15,,84384,3,,,1,15,,84404,3,,,1,15,,84345,3,,,1,55,,84365,3,,,1,15,,84385,3,,,1,15,,84405,3,,,1,15,,84346,3,,,1,55,,84366,3,,,1,15,,84386,3,,,1,15,,84406,3,,,1,15,,84347,3,,,1,55,,84367,3,,,1,15,,84387,3,,,1,15,,84407,3,,,1,15,,84348,3,,,1,55,,84368,3,,,1,15,,84388,3,,,1,15,,84408,3,,,1,15,,84349,3,,,1,55,,84369,3,,,1,15,,84389,3,,,1,15,,84409,3,,,1,15,,84350,3,,,1,55,,84370,3,,,1,15,,84390,3,,,1,15,,84410,3,,,1,15,,84351,3,,,1,55,,84371,3,,,1
1,'20261022',542,,84470,3,,,1,15,,84411,3,,,1,52,,84431,3,,,1,15,,84451,3,,,1,15,,84471,3,,,1,15,,84412,3,,,1,55,,84432,3,,,1,15,,84452,3,,,1,15,,84472,3,,,1,15,,84413,3,,,1,55,,84433,3,,,1,15,,84453,3,,,1,15,,84473,3,,,1,15,,84414,3,,,1,55,,84434,3,,,1,15,,84454,3,,,1,15,,84474,3,,,1,15,,84415,3,,,1,55,,84435,3,,,1,15,,84455,3,,,1,15,,84475,3,,,1,15,,84416,3,,,1,55,,84436,3,,,1,15,,84456,3,,,1,15,,84476,3,,,1,15,,84417,3,,,1,55,,84437,3,,,1,15,,84457,3,,,1,15,,84477,3,,,1,15,,84418,3,,,1,55,,84438,3,,,1,15,,84458,3,,,1,15,,84478,3,,,1,15,,84419,3,,,1,55,,84439,3,,,1,15,,84459,3,,,1,15,,84479,3,,,1,15,,84420,3,,,1,55,,84440,3,,,1,15,,84460,3,,,1,15,,84480,3,,,1,15,,84421,3,,,1,55,,84441,3,,,1,15,,84461,3,,,1,15,,84481,3,,,1,15,,84422,3,,,1,55,,84442,3,,,1,15,,84462,3,,,1,15,,84482,3,,,1,15,,84423,3,,,1,55,,84443,3,,,1,15,,84463,3,,,1,15,,84483,3,,,1,15,,84424,3,,,1,55,,84444,3,,,1,15,,84464,3,,,1,15,,84484,3,,,1,15,,84425,3,,,1,55,,84445,3,,,1,15,,84465,3,,,1,15,,84485,3,,,1,15,,84426,3,,,1,55,,84446,3,,,1,15,,84466,3,,,1,15,,84486,3,,,1,15,,84427,3,,,1,55,,84447,3,,,1,15,,84467,3,,,1,15,,84487,3,,,1,15,,84428,3,,,1,55,,84448,3,,,1,15,,84468,3,,,1,15,,84488,3,,,1,15,,84429,3,,,1,55,,84449,3,,,1,15,,84469,3,,,1,15,,84489,3,,,1,15,,84430,3,,,1,55,,84450,3,,,1
1,'20261023',542,,84549,3,,,1,15,,84490,3,,,1,52,,84510,3,,,1,15,,84530,3,,,1,15,,84550,3,,,1,15,,84491,3,,,1,55,,84511,3,,,1,15,,84531,3,,,1,15,,84551,3,,,1,15,,84492,3,,,1,55,,84512,3,,,1,15,,84532,3,,,1,15,,84552,3,,,1,15,,84493,3,,,1,55,,84513,3,,,1,15,,84533,3,,,1,15,,84553,3,,,1,15,,84494,3,,,1,55,,84514,3,,,1,15,,84534,3,,,1,15,,84554,3,,,1,15,,84495,3,,,1,55,,84515,3,,,1,15,,84535,3,,,1,15,,84555,3,,,1,15,,84496,3,,,1,55,,84516,3,,,1,15,,84536,3,,,1,15,,84556,3,,,1,15,,84497,3,,,1,55,,84517,3,,,1,15,,84537,3,,,1,15,,84557,3,,,1,15,,84498,3,,,1,55,,84518,3,,,1,15,,84538,3,,,1,15,,84558,3,,,1,15,,84499,3,,,1,55,,84519,3,,,1,15,,84539,3,,,1,15,,84559,3,,,1,15,,84500,3,,,1,55,,84520,3,,,1,15,,84540,3,,,1,15,,84560,3,,,1,15,,84501,3,,,1,55,,84521,3,,,1,15,,84541,3,,,1,15,,84561,3,,,1,15,,84502,3,,,1,55,,84522,3,,,1,15,,84542,3,,,1,15,,84562,3,,,1,15,,84503,3,,,1,55,,84523,3,,,1,15,,84543,3,,,1,15,,84563,3,,,1,15,,84504,3,,,1,55,,84524,3,,,1,15,,84544,3,,,1,15,,84564,3,,,1,15,,84505,3,,,1,55,,84525,3,,,1,15,,84545,3,,,1,15,,84565,3,,,1,15,,84506,3,,,1,55,,84526,3,,,1,15,,84546,3,,,1,15,,84566,3,,,1,15,,84507,3,,,1,55,,84527,3,,,1,15,,84547,3,,,1,15,,84567,3,,,1,15,,84508,3,,,1,55,,84528,3,,,1,15,,84548,3,,,1,15,,84568,3,,,1,15,,84509,3,,,1,55,,84529,3,,,1
1,'20261024',639,,84625,3,,,1,15,,84569,3,,,1,55,,84588,3,,,1,15,,84607,3,,,1,15,,84626,3,,,1,15,,84570,3,,,1,55,,84589,3,,,1,15,,84608,3,,,1,15,,84627,3,,,1,15,,84571,3,,,1,55,,84590,3,,,1,15,,84609,3,,,1,15,,84628,3,,,1,15,,84572,3,,,1,55,,84591,3,,,1,15,,84610,3,,,1,15,,84629,3,,,1,15,,84573,3,,,1,55,,84592,3,,,1,15,,84611,3,,,1,15,,84630,3,,,1,15,,84574,3,,,1,55,,84593,3,,,1,15,,84612,3,,,1,15,,84631,3,,,1,15,,84575,3,,,1,55,,84594,3,,,1,15,,84613,3,,,1,15,,84632,3,,,1,15,,84576,3,,,1,55,,84595,3,,,1,15,,84614,3,,,1,15,,84633,3,,,1,15,,84577,3,,,1,55,,84596,3,,,1,15,,84615,3,,,1,15,,84634,3,,,1,15,,84578,3,,,1,55,,84597,3,,,1,15,,84616,3,,,1,15,,84635,3,,,1,15,,84579,3,,,1,55,,84598,3,,,1,15,,84617,3,,,1,15,,84636,3,,,1,15,,84580,3,,,1,55,,84599,3,,,1,15,,84618,3,,,1,15,,84637,3,,,1,15,,84581,3,,,1,55,,84600,3,,,1,15,,84619,3,,,1,15,,84638,3,,,1,15,,84582,3,,,1,55,,84601,3,,,1,15,,84620,3,,,1,15,,84639,3,,,1,15,,84583,3,,,1,55,,84602,3,,,1,15,,84621,3,,,1,15,,84640,3,,,1,15,,84584,3,,,1,55,,84603,3,,,1,15,,84622,3,,,1,15,,84641,3,,,1,15,,84585,3,,,1,55,,84604,3,,,1,15,,84623,3,,,1,15,,84642,3,,,1,15,,84586,3,,,1,55,,84605,3,,,1,15,,84624,3,,,1,15,,84643,3,,,1,15,,84587,3,,,1,55,,84606,3,,,1
1,'20261025',639,,84700,3,,,1,15,,84644,3,,,1,55,,84663,3,,,1,15,,84682,3,,,1,15,,84701,3,,,1,15,,84645,3,,,1,55,,84664,3,,,1,15,,84683,3,,,1,15,,84702,3,,,1,15,,84646,3,,,1,55,,84665,3,,,1,15,,84684,3,,,1,15,,84703,3,,,1,15,,84647,3,,,1,55,,84666,3,,,1,15,,84685,3,,,1,15,,84704,3,,,1,15,,84648,3,,,1,55,,84667,3,,,1,15,,84686,3,,,1,15,,84705,3,,,1,15,,84649,3,,,1,55,,84668,3,,,1,15,,84687,3,,,1,15,,84706,3,,,1,15,,84650,3,,,1,55,,84669,3,,,1,15,,84688,3,,,1,15,,84707,3,,,1,15,,84651,3,,,1,55,,84670,3,,,1,15,,84689,3,,,1,15,,84708,3,,,1,15,,84652,3,,,1,55,,84671,3,,,1,15,,84690,3,,,1,15,,84709,3,,,1,15,,84653,3,,,1,55,,84672,3,,,1,15,,84691,3,,,1,15,,84710,3,,,1,15,,84654,3,,,1,55,,84673,3,,,1,15,,84692,3,,,1,15,,84711,3,,,1,15,,84655,3,,,1,55,,84674,3,,,1,15,,84693,3,,,1,15,,84712,3,,,1,15,,84656,3,,,1,55,,84675,3,,,1,15,,84694,3,,,1,15,,84713,3,,,1,15,,84657,3,,,1,55,,84676,3,,,1,15,,84695,3,,,1,15,,84714,3,,,1,15,,84658,3,,,1,55,,84677,3,,,1,15,,84696,3,,,1,15,,84715,3,,,1,15,,84659,3,,,1,55,,84678,3,,,1,15,,84697,3,,,1,15,,84716,3,,,1,15,,84660,3,,,1,55,,84679,3,,,1,15,,84698,3,,,1,15,,84717,3,,,1,15,,84661,3,,,1,55,,84680,3,,,1,15,,84699,3,,,1,15,,84718,3,,,1,15,,84662,3,,,1,55,,84681,3,,,1
1,'20261026',542,,84778,3,,,1,15,,84719,3,,,1,52,,84739,3,,,1,15,,84759,3,,,1,15,,84779,3,,,1,15,,84720,3,,,1,55,,84740,3,,,1,15,,84760,3,,,1,15,,84780,3,,,1,15,,84721,3,,,1,55,,84741,3,,,1,15,,84761,3,,,1,15,,84781,3,,,1,15,,84722,3,,,1,55,,84742,3,,,1,15,,84762,3,,,1,15,,84782,3,,,1,15,,84723,3,,,1,55,,84743,3,,,1,15,,84763,3,,,1,15,,84783,3,,,1,15,,84724,3,,,1,55,,84744,3,,,1,15,,84764,3,,,1,15,,84784,3,,,1,15,,84725,3,,,1,55,,84745,3,,,1,15,,84765,3,,,1,15,,84785,3,,,1,15,,84726,3,,,1,55,,84746,3,,,1,15,,84766,3,,,1,15,,84786,3,,,1,15,,84727,3,,,1,55,,84747,3,,,1,15,,84767,3,,,1,15,,84787,3,,,1,15,,84728,3,,,1,55,,84748,3,,,1,15,,84768,3,,,1,15,,84788,3,,,1,15,,84729,3,,,1,55,,84749,3,,,1,15,,84769,3,,,1,15,,84789,3,,,1,15,,84730,3,,,1,55,,84750,3,,,1,15,,84770,3,,,1,15,,84790,3,,,1,15,,84731,3,,,1,55,,84751,3,,,1,15,,84771,3,,,1,15,,84791,3,,,1,15,,84732,3,,,1,55,,84752,3,,,1,15,,84772,3,,,1,15,,84792,3,,,1,15,,84733,3,,,1,55,,84753,3,,,1,15,,84773,3,,,1,15,,84793,3,,,1,15,,84734,3,,,1,55,,84754,3,,,1,15,,84774,3,,,1,15,,84794,3,,,1,15,,84735,3,,,1,55,,84755,3,,,1,15,,84775,3,,,1,15,,84795,3,,,1,15,,84736,3,,,1,55,,84756,3,,,1,15,,84776,3,,,1,15,,84796,3,,,1,15,,84737,3,,,1,55,,84757,3,,,1,15,,84777,3,,,1,15,,84797,3,,,1,15,,84738,3,,,1,55,,84758,3,,,1
1,'20261027',542,,84857,3,,,1,15,,84798,3,,,1,52,,84818,3,,,1,15,,84838,3,,,1,15,,84858,3,,,1,15,,84799,3,,,1,55,,84819,3,,,1,15,,84839,3,,,1,15,,84859,3,,,1,15,,84800,3,,,1,55,,84820,3,,,1,15,,84840,3,,,1,15,,84860,3,,,1,15,,84801,3,,,1,55,,84821,3,,,1,15,,84841,3,,,1,15,,84861,3,,,1,15,,84802,3,,,1,55,,84822,3,,,1,15,,84842,3,,,1,15,,84862,3,,,1,15,,84803,3,,,1,55,,84823,3,,,1,15,,84843,3,,,1,15,,84863,3,,,1,15,,84804,3,,,1,55,,84824,3,,,1,15,,84844,3,,,1,15,,84864,3,,,1,15,,84805,3,,,1,55,,84825,3,,,1,15,,84845,3,,,1,15,,84865,3,,,1,15,,84806,3,,,1,55,,84826,3,,,1,15,,84846,3,,,1,15,,84866,3,,,1,15,,84807,3,,,1,55,,84827,3,,,1,15,,84847,3,,,1,15,,84867,3,,,1,15,,84808,3,,,1,55,,84828,3,,,1,15,,84848,3,,,1,15,,84868,3,,,1,15,,84809,3,,,1,55,,84829,3,,,1,15,,84849,3,,,1,15,,84869,3,,,1,15,,84810,3,,,1,55,,84830,3,,,1,15,,84850,3,,,1,15,,84870,3,,,1,15,,84811,3,,,1,55,,84831,3,,,1,15,,84851,3,,,1,15,,84871,3,,,1,15,,84812,3,,,1,55,,84832,3,,,1,15,,84852,3,,,1,15,,84872,3,,,1,15,,84813,3,,,1,55,,84833,3,,,1,15,,84853,3,,,1,15,,84873,3,,,1,15,,84814,3,,,1,55,,84834,3,,,1,15,,84854,3,,,1,15,,84874,3,,,1,15,,84815,3,,,1,55,,84835,3,,,1,15,,84855,3,,,1,15,,84875,3,,,1,15,,84816,3,,,1,55,,84836,3,,,1,15,,84856,3,,,1,15,,84876,3,,,1,15,,84817,3,,,1,55,,84837,3,,,1
1,'20261028',542,,84936,3,,,1,15,,84877,3,,,1,52,,84897,3,,,1,15,,84917,3,,,1,15,,84937,3,,,1,15,,84878,3,,,1,55,,84898,3,,,1,15,,84918,3,,,1,15,,84938,3,,,1,15,,84879,3,,,1,55,,84899,3,,,1,15,,84919,3,,,1,15,,84939,3,,,1,15,,84880,3,,,1,55,,84900,3,,,1,15,,84920,3,,,1,15,,84940,3,,,1,15,,84881,3,,,1,55,,84901,3,,,1,15,,84921,3,,,1,15,,84941,3,,,1,15,,84882,3,,,1,55,,84902,3,,,1,15,,84922,3,,,1,15,,84942,3,,,1,15,,84883,3,,,1,55,,84903,3,,,1,15,,84923,3,,,1,15,,84943,3,,,1,15,,84884,3,,,1,55,,84904,3,,,1,15,,84924,3,,,1,15,,84944,3,,,1,15,,84885,3,,,1,55,,84905,3,,,1,15,,84925,3,,,1,15,,84945,3,,,1,15,,84886,3,,,1,55,,84906,3,,,1,15,,84926,3,,,1,15,,84946,3,,,1,15,,84887,3,,,1,55,,84907,3,,,1,15,,84927,3,,,1,15,,84947,3,,,1,15,,84888,3,,,1,55,,84908,3,,,1,15,,84928,3,,,1,15,,84948,3,,,1,15,,84889,3,,,1,55,,84909,3,,,1,15,,84929,3,,,1,15,,84949,3,,,1,15,,84890,3,,,1,55,,84910,3,,,1,15,,84930,3,,,1,15,,84950,3,,,1,15,,84891,3,,,1,55,,84911,3,,,1,15,,84931,3,,,1,15,,84951,3,,,1,15,,84892,3,,,1,55,,84912,3,,,1,15,,84932,3,,,1,15,,84952,3,,,1,15,,84893,3,,,1,55,,84913,3,,,1,15,,84933,3,,,1,15,,84953,3,,,1,15,,84894,3,,,1,55,,84914,3,,,1,15,,84934,3,,,1,15,,84954,3,,,1,15,,84895,3,,,1,55,,84915,3,,,1,15,,84935,3,,,1,15,,84955,3,,,1,15,,84896,3,,,1,55,,84916,3,,,1
1,'20261029',542,,85015,3,,,1,15,,84956,3,,,1,52,,84976,3,,,1,15,,84996,3,,,1,15,,85016,3,,,1,15,,84957,3,,,1,55,,84977,3,,,1,15,,84997,3,,,1,15,,85017,3,,,1,15,,84958,3,,,1,55,,84978,3,,,1,15,,84998,3,,,1,15,,85018,3,,,1,15,,84959,3,,,1,55,,84979,3,,,1,15,,84999,3,,,1,15,,85019,3,,,1,15,,84960,3,,,1,55,,84980,3,,,1,15,,85000,3,,,1,15,,85020,3,,,1,15,,84961,3,,,1,55,,84981,3,,,1,15,,85001,3,,,1,15,,85021,3,,,1,15,,84962,3,,,1,55,,84982,3,,,1,15,,85002,3,,,1,15,,85022,3,,,1,15,,84963,3,,,1,55,,84983,3,,,1,15,,85003,3,,,1,15,,85023,3,,,1,15,,84964,3,,,1,55,,84984,3,,,1,15,,85004,3,,,1,15,,85024,3,,,1,15,,84965,3,,,1,55,,84985,3,,,1,15,,85005,3,,,1,15,,85025,3,,,1,15,,84966,3,,,1,55,,84986,3,,,1,15,,85006,3,,,1,15,,85026,3,,,1,15,,84967,3,,,1,55,,84987,3,,,1,15,,85007,3,,,1,15,,85027,3,,,1,15,,84968,3,,,1,55,,84988,3,,,1,15,,85008,3,,,1,15,,85028,3,,,1,15,,84969,3,,,1,55,,84989,3,,,1,15,,85009,3,,,1,15,,85029,3,,,1,15,,84970,3,,,1,55,,84990,3,,,1,15,,85010,3,,,1,15,,85030,3,,,1,15,,84971,3,,,1,55,,84991,3,,,1,15,,85011,3,,,1,15,,85031,3,,,1,15,,84972,3,,,1,55,,84992,3,,,1,15,,85012,3,,,1,15,,85032,3,,,1,15,,84973,3,,,1,55,,84993,3,,,1,15,,85013,3,,,1,15,,85033,3,,,1,15,,84974,3,,,1,55,,84994,3,,,1,15,,85014,3,,,1,15,,85034,3,,,1,15,,84975,3,,,1,55,,84995,3,,,1
1,'20261030',542,,85094,3,,,1,15,,85035,3,,,1,52,,85055,3,,,1,15,,85075,3,,,1,15,,85095,3,,,1,15,,85036,3,,,1,55,,85056,3,,,1,15,,85076,3,,,1,15,,85096,3,,,1,15,,85037,3,,,1,55,,85057,3,,,1,15,,85077,3,,,1,15,,85097,3,,,1,15,,85038,3,,,1,55,,85058,3,,,1,15,,85078,3,,,1,15,,85098,3,,,1,15,,85039,3,,,1,55,,85059,3,,,1,15,,85079,3,,,1,15,,85099,3,,,1,15,,85040,3,,,1,55,,85060,3,,,1,15,,85080,3,,,1,15,,85100,3,,,1,15,,85041,3,,,1,55,,85061,3,,,1,15,,85081,3,,,1,15,,85101,3,,,1,15,,85042,3,,,1,55,,85062,3,,,1,15,,85082,3,,,1,15,,85102,3,,,1,15,,85043,3,,,1,55,,85063,3,,,1,15,,85083,3,,,1,15,,85103,3,,,1,15,,85044,3,,,1,55,,85064,3,,,1,15,,85084,3,,,1,15,,85104,3,,,1,15,,85045,3,,,1,55,,85065,3,,,1,15,,85085,3,,,1,15,,85105,3,,,1,15,,85046,3,,,1,55,,85066,3,,,1,15,,85086,3,,,1,15,,85106,3,,,1,15,,85047,3,,,1,55,,85067,3,,,1,15,,85087,3,,,1,15,,85107,3,,,1,15,,85048,3,,,1,55,,85068,3,,,1,15,,85088,3,,,1,15,,85108,3,,,1,15,,85049,3,,,1,55,,85069,3,,,1,15,,85089,3,,,1,15,,85109,3,,,1,15,,85050,3,,,1,55,,85070,3,,,1,15,,85090,3,,,1,15,,85110,3,,,1,15,,85051,3,,,1,55,,85071,3,,,1,15,,85091,3,,,1,15,,85111,3,,,1,15,,85052,3,,,1,55,,85072,3,,,1,15,,85092,3,,,1,15,,85112,3,,,1,15,,85053,3,,,1,55,,85073,3,,,1,15,,85093,3,,,1,15,,85113,3,,,1,15,,85054,3,,,1,55,,85074,3,,,1
1,'20261031',639,,85170,3,,,1,15,,85114,3,,,1,55,,85133,3,,,1,15,,85152,3,,,1,15,,85171,3,,,1,15,,85115,3,,,1,55,,85134,3,,,1,15,,85153,3,,,1,15,,85172,3,,,1,15,,85116,3,,,1,55,,85135,3,,,1,15,,85154,3,,,1,15,,85173,3,,,1,15,,85117,3,,,1,55,,85136,3,,,1,15,,85155,3,,,1,15,,85174,3,,,1,15,,85118,3,,,1,55,,85137,3,,,1,15,,85156,3,,,1,15,,85175,3,,,1,15,,85119,3,,,1,55,,85138,3,,,1,15,,85157,3,,,1,15,,85176,3,,,1,15,,85120,3,,,1,55,,85139,3,,,1,15,,85158,3,,,1,15,,85177,3,,,1,15,,85121,3,,,1,55,,85140,3,,,1,15,,85159,3,,,1,15,,85178,3,,,1,15,,85122,3,,,1,55,,85141,3,,,1,15,,85160,3,,,1,15,,85179,3,,,1,15,,85123,3,,,1,55,,85142,3,,,1,15,,85161,3,,,1,15,,85180,3,,,1,15,,85124,3,,,1,55,,85143,3,,,1,15,,85162,3,,,1,15,,85181,3,,,1,15,,85125,3,,,1,55,,85144,3,,,1,15,,85163,3,,,1,15,,85182,3,,,1,15,,85126,3,,,1,55,,85145,3,,,1,15,,85164,3,,,1,15,,85183,3,,,1,15,,85127,3,,,1,55,,85146,3,,,1,15,,85165,3,,,1,15,,85184,3,,,1,15,,85128,3,,,1,55,,85147,3,,,1,15,,85166,3,,,1,15,,85185,3,,,1,15,,85129,3,,,1,55,,85148,3,,,1,15,,85167,3,,,1,15,,85186,3,,,1,15,,85130,3,,,1,55,,85149,3,,,1,15,,85168,3,,,1,15,,85187,3,,,1,15,,85131,3,,,1,55,,85150,3,,,1,15,,85169,3,,,1,15,,85188,3,,,1,15,,85132,3,,,1,55,,85151,3,,,1
1,'20261101',639,,85245,3,,,1,15,,85189,3,,,1,55,,85208,3,,,1,15,,85227,3,,,1,15,,85246,3,,,1,15,,85190,3,,,1,55,,85209,3,,,1,15,,85228,3,,,1,15,,85247,3,,,1,15,,85191,3,,,1,55,,85210,3,,,1,15,,85229,3,,,1,15,,85248,3,,,1,15,,85192,3,,,1,55,,85211,3,,,1,15,,85230,3,,,1,15,,85249,3,,,1,15,,85193,3,,,1,55,,85212,3,,,1,15,,85231,3,,,1,15,,85250,3,,,1,15,,85194,3,,,1,55,,85213,3,,,1,15,,85232,3,,,1,15,,85251,3,,,1,15,,85195,3,,,1,55,,85214,3,,,1,15,,85233,3,,,1,15,,85252,3,,,1,15,,85196,3,,,1,55,,85215,3,,,1,15,,85234,3,,,1,15,,85253,3,,,1,15,,85197,3,,,1,55,,85216,3,,,1,15,,85235,3,,,1,15,,85254,3,,,1,15,,85198,3,,,1,55,,85217,3,,,1,15,,85236,3,,,1,15,,85255,3,,,1,15,,85199,3,,,1,55,,85218,3,,,1,15,,85237,3,,,1,15,,85256,3,,,1,15,,85200,3,,,1,55,,85219,3,,,1,15,,85238,3,,,1,15,,85257,3,,,1,15,,85201,3,,,1,55,,85220,3,,,1,15,,85239,3,,,1,15,,85258,3,,,1,15,,85202,3,,,1,55,,85221,3,,,1,15,,85240,3,,,1,15,,85259,3,,,1,15,,85203,3,,,1,55,,85222,3,,,1,15,,85241,3,,,1,15,,85260,3,,,1,15,,85204,3,,,1,55,,85223,3,,,1,15,,85242,3,,,1,15,,85261,3,,,1,15,,85205,3,,,1,55,,85224,3,,,1,15,,85243,3,,,1,15,,85262,3,,,1,15,,85206,3,,,1,55,,85225,3,,,1,15,,85244,3,,,1,15,,85263,3,,,1,15,,85207,3,,,1,55,,85226,3,,,1
1,'20261102',542,,85323,3,,,1,15,,85264,3,,,1,52,,85284,3,,,1,15,,85304,3,,,1,15,,85324,3,,,1,15,,85265,3,,,1,55,,85285,3,,,1,15,,85305,3,,,1,15,,85325,3,,,1,15,,85266,3,,,1,55,,85286,3,,,1,15,,85306,3,,,1,15,,85326,3,,,1,15,,85267,3,,,1,55,,85287,3,,,1,15,,85307,3,,,1,15,,85327,3,,,1,15,,85268,3,,,1,55,,85288,3,,,1,15,,85308,3,,,1,15,,85328,3,,,1,15,,85269,3,,,1,55,,85289,3,,,1,15,,85309,3,,,1,15,,85329,3,,,1,15,,85270,3,,,1,55,,85290,3,,,1,15,,85310,3,,,1,15,,85330,3,,,1,15,,85271,3,,,1,55,,85291,3,,,1,15,,85311,3,,,1,15,,85331,3,,,1,15,,85272,3,,,1,55,,85292,3,,,1,15,,85312,3,,,1,15,,85332,3,,,1,15,,85273,3,,,1,55,,85293,3,,,1,15,,85313,3,,,1,15,,85333,3,,,1,15,,85274,3,,,1,55,,85294,3,,,1,15,,85314,3,,,1,15,,85334,3,,,1,15,,85275,3,,,1,55,,85295,3,,,1,15,,85315,3,,,1,15,,85335,3,,,1,15,,85276,3,,,1,55,,85296,3,,,1,15,,85316,3,,,1,15,,85336,3,,,1,15,,85277,3,,,1,55,,85297,3,,,1,15,,85317,3,,,1,15,,85337,3,,,1,15,,85278,3,,,1,55,,85298,3,,,1,15,,85318,3,,,1,15,,85338,3,,,1,15,,85279,3,,,1,55,,85299,3,,,1,15,,85319,3,,,1,15,,85339,3,,,1,15,,85280,3,,,1,55,,85300,3,,,1,15,,85320,3,,,1,15,,85340,3,,,1,15,,85281,3,,,1,55,,85301,3,,,1,15,,85321,3,,,1,15,,85341,3,,,1,15,,85282,3,,,1,55,,85302,3,,,1,15,,85322,3,,,1,15,,85342,3,,,1,15,,85283,3,,,1,55,,85303,3,,,1
1,'20261103',542,,85402,3,,,1,15,,85343,3,,,1,52,,85363,3,,,1,15,,85383,3,,,1,15,,85403,3,,,1,15,,85344,3,,,1,55,,85364,3,,,1,15,,85384,3,,,1,15,,85404,3,,,1,15,,85345,3,,,1,55,,85365,3,,,1,15,,85385,3,,,1,15,,85405,3,,,1,15,,85346,3,,,1,55,,85366,3,,,1,15,,85386,3,,,1,15,,85406,3,,,1,15,,85347,3,,,1,55,,85367,3,,,1,15,,85387,3,,,1,15,,85407,3,,,1,15,,85348,3,,,1,55,,85368,3,,,1,15,,85388,3,,,1,15,,85408,3,,,1,15,,85349,3,,,1,55,,85369,3,,,1,15,,85389,3,,,1,15,,85409,3,,,1,15,,85350,3,,,1,55,,85370,3,,,1,15,,85390,3,,,1,15,,85410,3,,,1,15,,85351,3,,,1,55,,85371,3,,,1,15,,85391,3,,,1,15,,85411,3,,,1,15,,85352,3,,,1,55,,85372,3,,,1,15,,85392,3,,,1,15,,85412,3,,,1,15,,85353,3,,,1,55,,85373,3,,,1,15,,85393,3,,,1,15,,85413,3,,,1,15,,85354,3,,,1,55,,85374,3,,,1,15,,85394,3,,,1,15,,85414,3,,,1,15,,85355,3,,,1,55,,85375,3,,,1,15,,85395,3,,,1,15,,85415,3,,,1,15,,85356,3,,,1,55,,85376,3,,,1,15,,85396,3,,,1,15,,85416,3,,,1,15,,85357,3,,,1,55,,85377,3,,,1,15,,85397,3,,,1,15,,85417,3,,,1,15,,85358,3,,,1,55,,85378,3,,,1,15,,85398,3,,,1,15,,85418,3,,,1,15,,85359,3,,,1,55,,85379,3,,,1,15,,85399,3,,,1,15,,85419,3,,,1,15,,85360,3,,,1,55,,85380,3,,,1,15,,85400,3,,,1,15,,85420,3,,,1,15,,85361,3,,,1,55,,85381,3,,,1,15,,85401,3,,,1,15,,85421,3,,,1,15,,85362,3,,,1,55,,85382,3,,,1
1,'20261104',542,,85481,3,,,1,15,,85422,3,,,1,52,,85442,3,,,1,15,,85462,3,,,1,15,,85482,3,,,1,15,,85423,3,,,1,55,,85443,3,,,1,15,,85463,3,,,1,15,,85483,3,,,1,15,,85424,3,,,1,55,,85444,3,,,1,15,,85464,3,,,1,15,,85484,3,,,1,15,,85425,3,,,1,55,,85445,3,,,1,15,,85465,3,,,1,15,,85485,3,,,1,15,,85426,3,,,1,55,,85446,3,,,1,15,,85466,3,,,1,15,,85486,3,,,1,15,,85427,3,,,1,55,,85447,3,,,1,15,,85467,3,,,1,15,,85487,3,,,1,15,,85428,3,,,1,55,,85448,3,,,1,15,,85468,3,,,1,15,,85488,3,,,1,15,,85429,3,,,1,55,,85449,3,,,1,15,,85469,3,,,1,15,,85489,3,,,1,15,,85430,3,,,1,55,,85450,3,,,1,15,,85470,3,,,1,15,,85490,3,,,1,15,,85431,3,,,1,55,,85451,3,,,1,15,,85471,3,,,1,15,,85491,3,,,1,15,,85432,3,,,1,55,,85452,3,,,1,15,,85472,3,,,1,15,,85492,3,,,1,15,,85433,3,,,1,55,,85453,3,,,1,15,,85473,3,,,1,15,,85493,3,,,1,15,,85434,3,,,1,55,,85454,3,,,1,15,,85474,3,,,1,15,,85494,3,,,1,15,,85435,3,,,1,55,,85455,3,,,1,15,,85475,3,,,1,15,,85495,3,,,1,15,,85436,3,,,1,55,,85456,3,,,1,15,,85476,3,,,1,15,,85496,3,,,1,15,,85437,3,,,1,55,,85457,3,,,1,15,,85477,3,,,1,15,,85497,3,,,1,15,,85438,3,,,1,55,,85458,3,,,1,15,,85478,3,,,1,15,,85498,3,,,1,15,,85439,3,,,1,55,,85459,3,,,1,15,,85479,3,,,1,15,,85499,3,,,1,15,,85440,3,,,1,55,,85460,3,,,1,15,,85480,3,,,1,15,,85500,3,,,1,15,,85441,3,,,1,55,,85461,3,,,1
1,'20261105',542,,85560,3,,,1,15,,85501,3,,,1,52,,85521,3,,,1,15,,85541,3,,,1,15,,85561,3,,,1,15,,85502,3,,,1,55,,85522,3,,,1,15,,85542,3,,,1,15,,85562,3,,,1,15,,85503,3,,,1,55,,85523,3,,,1,15,,85543,3,,,1,15,,85563,3,,,1,15,,85504,3,,,1,55,,85524,3,,,1,15,,85544,3,,,1,15,,85564,3,,,1,15,,85505,3,,,1,55,,85525,3,,,1,15,,85545,3,,,1,15,,85565,3,,,1,15,,85506,3,,,1,55,,85526,3,,,1,15,,85546,3,,,1,15,,85566,3,,,1,15,,85507,3,,,1,55,,85527,3,,,1,15,,85547,3,,,1,15,,85567,3,,,1,15,,85508,3,,,1,55,,85528,3,,,1,15,,85548,3,,,1,15,,85568,3,,,1,15,,85509,3,,,1,55,,85529,3,,,1,15,,85549,3,,,1,15,,85569,3,,,1,15,,85510,3,,,1,55,,85530,3,,,1,15,,85550,3,,,1,15,,85570,3,,,1,15,,85511,3,,,1,55,,85531,3,,,1,15,,85551,3,,,1,15,,85571,3,,,1,15,,85512,3,,,1,55,,85532,3,,,1,15,,85552,3,,,1,15,,85572,3,,,1,15,,85513,3,,,1,55,,85533,3,,,1,15,,85553,3,,,1,15,,85573,3,,,1,15,,85514,3,,,1,55,,85534,3,,,1,15,,85554,3,,,1,15,,85574,3,,,1,15,,85515,3,,,1,55,,85535,3,,,1,15,,85555,3,,,1,15,,85575,3,,,1,15,,85516,3,,,1,55,,85536,3,,,1,15,,85556,3,,,1,15,,85576,3,,,1,15,,85517,3,,,1,55,,85537,3,,,1,15,,85557,3,,,1,15,,85577,3,,,1,15,,85518,3,,,1,55,,85538,3,,,1,15,,85558,3,,,1,15,,85578,3,,,1,15,,85519,3,,,1,55,,85539,3,,,1,15,,85559,3,,,1,15,,85579,3,,,1,15,,85520,3,,,1,55,,85540,3,,,1
1,'20261106',542,,85639,3,,,1,15,,85580,3,,,1,52,,85600,3,,,1,15,,85620,3,,,1,15,,85640,3,,,1,15,,85581,3,,,1,55,,85601,3,,,1,15,,85621,3,,,1,15,,85641,3,,,1,15,,85582,3,,,1,55,,85602,3,,,1,15,,85622,3,,,1,15,,85642,3,,,1,15,,85583,3,,,1,55,,85603,3,,,1,15,,85623,3,,,1,15,,85643,3,,,1,15,,85584,3,,,1,55,,85604,3,,,1,15,,85624,3,,,1,15,,85644,3,,,1,15,,85585,3,,,1,55,,85605,3,,,1,15,,85625,3,,,1,15,,85645,3,,,1,15,,85586,3,,,1,55,,85606,3,,,1,15,,85626,3,,,1,15,,85646,3,,,1,15,,85587,3,,,1,55,,85607,3,,,1,15,,85627,3,,,1,15,,85647,3,,,1,15,,85588,3,,,1,55,,85608,3,,,1,15,,85628,3,,,1,15,,85648,3,,,1,15,,85589,3,,,1,55,,85609,3,,,1,15,,85629,3,,,1,15,,85649,3,,,1,15,,85590,3,,,1,55,,85610,3,,,1,15,,85630,3,,,1,15,,85650,3,,,1,15,,85591,3,,,1,55,,85611,3,,,1,15,,85631,3,,,1,15,,85651,3,,,1,15,,85592,3,,,1,55,,85612,3,,,1,15,,85632,3,,,1,15,,85652,3,,,1,15,,85593,3,,,1,55,,85613,3,,,1,15,,85633,3,,,1,15,,85653,3,,,1,15,,85594,3,,,1,55,,85614,3,,,1,15,,85634,3,,,1,15,,85654,3,,,1,15,,85595,3,,,1,55,,85615,3,,,1,15,,85635,3,,,1,15,,85655,3,,,1,15,,85596,3,,,1,55,,85616,3,,,1,15,,85636,3,,,1,15,,85656,3,,,1,15,,85597,3,,,1,55,,85617,3,,,1,15,,85637,3,,,1,15,,85657,3,,,1,15,,85598,3,,,1,55,,85618,3,,,1,15,,85638,3,,,1,15,,85658,3,,,1,15,,85599,3,,,1,55,,85619,3,,,1
1,'20261107',639,,85715,3,,,1,15,,85659,3,,,1,55,,85678,3,,,1,15,,85697,3,,,1,15,,85716,3,,,1,15,,85660,3,,,1,55,,85679,3,,,1,15,,85698,3,,,1,15,,85717,3,,,1,15,,85661,3,,,1,55,,85680,3,,,1,15,,85699,3,,,1,15,,85718,3,,,1,15,,85662,3,,,1,55,,85681,3,,,1,15,,85700,3,,,1,15,,85719,3,,,1,15,,85663,3,,,1,55,,85682,3,,,1,15,,85701,3,,,1,15,,85720,3,,,1,15,,85664,3,,,1,55,,85683,3,,,1,15,,85702,3,,,1,15,,85721,3,,,1,15,,85665,3,,,1,55,,85684,3,,,1,15,,85703,3,,,1,15,,85722,3,,,1,15,,85666,3,,,1,55,,85685,3,,,1,15,,85704,3,,,1,15,,85723,3,,,1,15,,85667,3,,,1,55,,85686,3,,,1,15,,85705,3,,,1,15,,85724,3,,,1,15,,85668,3,,,1,55,,85687,3,,,1,15,,85706,3,,,1,15,,85725,3,,,1,15,,85669,3,,,1,55,,85688,3,,,1,15,,85707,3,,,1,15,,85726,3,,,1,15,,85670,3,,,1,55,,85689,3,,,1,15,,85708,3,,,1,15,,85727,3,,,1,15,,85671,3,,,1,55,,85690,3,,,1,15,,85709,3,,,1,15,,85728,3,,,1,15,,85672,3,,,1,55,,85691,3,,,1,15,,85710,3,,,1,15,,85729,3,,,1,15,,85673,3,,,1,55,,85692,3,,,1,15,,85711,3,,,1,15,,85730,3,,,1,15,,85674,3,,,1,55,,85693,3,,,1,15,,85712,3,,,1,15,,85731,3,,,1,15,,85675,3,,,1,55,,85694,3,,,1,15,,85713,3,,,1,15,,85732,3,,,1,15,,85676,3,,,1,55,,85695,3,,,1,15,,85714,3,,,1,15,,85733,3,,,1,15,,85677,3,,,1,55,,85696,3,,,1
1,'20261108',639,,85790,3,,,1,15,,85734,3,,,1,55,,85753,3,,,1,15,,85772,3,,,1,15,,85791,3,,,1,15,,85735,3,,,1,55,,85754,3,,,1,15,,85773,3,,,1,15,,85792,3,,,1,15,,85736,3,,,1,55,,85755,3,,,1,15,,85774,3,,,1,15,,85793,3,,,1,15,,85737,3,,,1,55,,85756,3,,,1,15,,85775,3,,,1,15,,85794,3,,,1,15,,85738,3,,,1,55,,85757,3,,,1,15,,85776,3,,,1,15,,85795,3,,,1,15,,85739,3,,,1,55,,85758,3,,,1,15,,85777,3,,,1,15,,85796,3,,,1,15,,85740,3,,,1,55,,85759,3,,,1,15,,85778,3,,,1,15,,85797,3,,,1,15,,85741,3,,,1,55,,85760,3,,,1,15,,85779,3,,,1,15,,85798,3,,,1,15,,85742,3,,,1,55,,85761,3,,,1,15,,85780,3,,,1,15,,85799,3,,,1,15,,85743,3,,,1,55,,85762,3,,,1,15,,85781,3,,,1,15,,85800,3,,,1,15,,85744,3,,,1,55,,85763,3,,,1,15,,85782,3,,,1,15,,85801,3,,,1,15,,85745,3,,,1,55,,85764,3,,,1,15,,85783,3,,,1,15,,85802,3,,,1,15,,85746,3,,,1,55,,85765,3,,,1,15,,85784,3,,,1,15,,85803,3,,,1,15,,85747,3,,,1,55,,85766,3,,,1,15,,85785,3,,,1,15,,85804,3,,,1,15,,85748,3,,,1,55,,85767,3,,,1,15,,85786,3,,,1,15,,85805,3,,,1,15,,85749,3,,,1,55,,85768,3,,,1,15,,85787,3,,,1,15,,85806,3,,,1,15,,85750,3,,,1,55,,85769,3,,,1,15,,85788,3,,,1,15,,85807,3,,,1,15,,85751,3,,,1,55,,85770,3,,,1,15,,85789,3,,,1,15,,85808,3,,,1,15,,85752,3,,,1,55,,85771,3,,,1
1,'20261109',542,,85868,3,,,1,15,,85809,3,,,1,52,,85829,3,,,1,15,,85849,3,,,1,15,,85869,3,,,1,15,,85810,3,,,1,55,,85830,3,,,1,15,,85850,3,,,1,15,,85870,3,,,1,15,,85811,3,,,1,55,,85831,3,,,1,15,,85851,3,,,1,15,,85871,3,,,1,15,,85812,3,,,1,55,,85832,3,,,1,15,,85852,3,,,1,15,,85872,3,,,1,15,,85813,3,,,1,55,,85833,3,,,1,15,,85853,3,,,1,15,,85873,3,,,1,15,,85814,3,,,1,55,,85834,3,,,1,15,,85854,3,,,1,15,,85874,3,,,1,15,,85815,3,,,1,55,,85835,3,,,1,15,,85855,3,,,1,15,,85875,3,,,1,15,,85816,3,,,1,55,,85836,3,,,1,15,,85856,3,,,1,15,,85876,3,,,1,15,,85817,3,,,1,55,,85837,3,,,1,15,,85857,3,,,1,15,,85877,3,,,1,15,,85818,3,,,1,55,,85838,3,,,1,15,,85858,3,,,1,15,,85878,3,,,1,15,,85819,3,,,1,55,,85839,3,,,1,15,,85859,3,,,1,15,,85879,3,,,1,15,,85820,3,,,1,55,,85840,3,,,1,15,,85860,3,,,1,15,,85880,3,,,1,15,,85821,3,,,1,55,,85841,3,,,1,15,,85861,3,,,1,15,,85881,3,,,1,15,,85822,3,,,1,55,,85842,3,,,1,15,,85862,3,,,1,15,,85882,3,,,1,15,,85823,3,,,1,55,,85843,3,,,1,15,,85863,3,,,1,15,,85883,3,,,1,15,,85824,3,,,1,55,,85844,3,,,1,15,,85864,3,,,1,15,,85884,3,,,1,15,,85825,3,,,1,55,,85845,3,,,1,15,,85865,3,,,1,15,,85885,3,,,1,15,,85826,3,,,1,55,,85846,3,,,1,15,,85866,3,,,1,15,,85886,3,,,1,15,,85827,3,,,1,55,,85847,3,,,1,15,,85867,3,,,1,15,,85887,3,,,1,15,,85828,3,,,1,55,,85848,3,,,1
1,'20261110',542,,85947,3,,,1,15,,85888,3,,,1,52,,85908,3,,,1,15,,85928,3,,,1,15,,85948,3,,,1,15,,85889,3,,,1,55,,85909,3,,,1,15,,85929,3,,,1,15,,85949,3,,,1,15,,85890,3,,,1,55,,85910,3,,,1,15,,85930,3,,,1,15,,85950,3,,,1,15,,85891,3,,,1,55,,85911,3,,,1,15,,85931,3,,,1,15,,85951,3,,,1,15,,85892,3,,,1,55,,85912,3,,,1,15,,85932,3,,,1,15,,85952,3,,,1,15,,85893,3,,,1,55,,85913,3,,,1,15,,85933,3,,,1,15,,85953,3,,,1,15,,85894,3,,,1,55,,85914,3,,,1,15,,85934,3,,,1,15,,85954,3,,,1,15,,85895,3,,,1,55,,85915,3,,,1,15,,85935,3,,,1,15,,85955,3,,,1,15,,85896,3,,,1,55,,85916,3,,,1,15,,85936,3,,,1,15,,85956,3,,,1,15,,85897,3,,,1,55,,85917,3,,,1,15,,85937,3,,,1,15,,85957,3,,,1,15,,85898,3,,,1,55,,85918,3,,,1,15,,85938,3,,,1,15,,85958,3,,,1,15,,85899,3,,,1,55,,85919,3,,,1,15,,85939,3,,,1,15,,85959,3,,,1,15,,85900,3,,,1,55,,85920,3,,,1,15,,85940,3,,,1,15,,85960,3,,,1,15,,85901,3,,,1,55,,85921,3,,,1,15,,85941,3,,,1,15,,85961,3,,,1,15,,85902,3,,,1,55,,85922,3,,,1,15,,85942,3,,,1,15,,85962,3,,,1,15,,85903,3,,,1,55,,85923,3,,,1,15,,85943,3,,,1,15,,85963,3,,,1,15,,85904,3,,,1,55,,85924,3,,,1,15,,85944,3,,,1,15,,85964,3,,,1,15,,85905,3,,,1,55,,85925,3,,,1,15,,85945,3,,,1,15,,85965,3,,,1,15,,85906,3,,,1,55,,85926,3,,,1,15,,85946,3,,,1,15,,85966,3,,,1,15,,85907,3,,,1,55,,85927,3,,,1
1,'20261111',542,,86026,3,,,1,15,,85967,3,,,1,52,,85987,3,,,1,15,,86007,3,,,1,15,,86027,3,,,1,15,,85968,3,,,1,55,,85988,3,,,1,15,,86008,3,,,1,15,,86028,3,,,1,15,,85969,3,,,1,55,,85989,3,,,1,15,,86009,3,,,1,15,,86029,3,,,1,15,,85970,3,,,1,55,,85990,3,,,1,15,,86010,3,,,1,15,,86030,3,,,1,15,,85971,3,,,1,55,,85991,3,,,1,15,,86011,3,,,1,15,,86031,3,,,1,15,,85972,3,,,1,55,,85992,3,,,1,15,,86012,3,,,1,15,,86032,3,,,1,15,,85973,3,,,1,55,,85993,3,,,1,15,,86013,3,,,1,15,,86033,3,,,1,15,,85974,3,,,1,55,,85994,3,,,1,15,,86014,3,,,1,15,,86034,3,,,1,15,,85975,3,,,1,55,,85995,3,,,1,15,,86015,3,,,1,15,,86035,3,,,1,15,,85976,3,,,1,55,,85996,3,,,1,15,,86016,3,,,1,15,,86036,3,,,1,15,,85977,3,,,1,55,,85997,3,,,1,15,,86017,3,,,1,15,,86037,3,,,1,15,,85978,3,,,1,55,,85998,3,,,1,15,,86018,3,,,1,15,,86038,3,,,1,15,,85979,3,,,1,55,,85999,3,,,1,15,,86019,3,,,1,15,,86039,3,,,1,15,,85980,3,,,1,55,,86000,3,,,1,15,,86020,3,,,1,15,,86040,3,,,1,15,,85981,3,,,1,55,,86001,3,,,1,15,,86021,3,,,1,15,,86041,3,,,1,15,,85982,3,,,1,55,,86002,3,,,1,15,,86022,3,,,1,15,,86042,3,,,1,15,,85983,3,,,1,55,,86003,3,,,1,15,,86023,3,,,1,15,,86043,3,,,1,15,,85984,3,,,1,55,,86004,3,,,1,15,,86024,3,,,1,15,,86044,3,,,1,15,,85985,3,,,1,55,,86005,3,,,1,15,,86025,3,,,1,15,,86045,3,,,1,15,,85986,3,,,1,55,,86006,3,,,1
1,'20261112',542,,86105,3,,,1,15,,86046,3,,,1,52,,86066,3,,,1,15,,86086,3,,,1,15,,86106,3,,,1,15,,86047,3,,,1,55,,86067,3,,,1,15,,86087,3,,,1,15,,86107,3,,,1,15,,86048,3,,,1,55,,86068,3,,,1,15,,86088,3,,,1,15,,86108,3,,,1,15,,86049,3,,,1,55,,86069,3,,,1,15,,86089,3,,,1,15,,86109,3,,,1,15,,86050,3,,,1,55,,86070,3,,,1,15,,86090,3,,,1,15,,86110,3,,,1,15,,86051,3,,,1,55,,86071,3,,,1,15,,86091,3,,,1,15,,86111,3,,,1,15,,86052,3,,,1,55,,86072,3,,,1,15,,86092,3,,,1,15,,86112,3,,,1,15,,86053,3,,,1,55,,86073,3,,,1,15,,86093,3,,,1,15,,86113,3,,,1,15,,86054,3,,,1,55,,86074,3,,,1,15,,86094,3,,,1,15,,86114,3,,,1,15,,86055,3,,,1,55,,86075,3,,,1,15,,86095,3,,,1,15,,86115,3,,,1,15,,86056,3,,,1,55,,86076,3,,,1,15,,86096,3,,,1,15,,86116,3,,,1,15,,86057,3,,,1,55,,86077,3,,,1,15,,86097,3,,,1,15,,86117,3,,,1,15,,86058,3,,,1,55,,86078,3,,,1,15,,86098,3,,,1,15,,86118,3,,,1,15,,86059,3,,,1,55,,86079,3,,,1,15,,86099,3,,,1,15,,86119,3,,,1,15,,86060,3,,,1,55,,86080,3,,,1,15,,86100,3,,,1,15,,86120,3,,,1,15,,86061,3,,,1,55,,86081,3,,,1,15,,86101,3,,,1,15,,86121,3,,,1,15,,86062,3,,,1,55,,86082,3,,,1,15,,86102,3,,,1,15,,86122,3,,,1,15,,86063,3,,,1,55,,86083,3,,,1,15,,86103,3,,,1,15,,86123,3,,,1,15,,86064,3,,,1,55,,86084,3,,,1,15,,86104,3,,,1,15,,86124,3,,,1,15,,86065,3,,,1,55,,86085,3,,,1
1,'20261113',542,,86184,3,,,1,15,,86125,3,,,1,52,,86145,3,,,1,15,,86165,3,,,1,15,,86185,3,,,1,15,,86126,3,,,1,55,,86146,3,,,1,15,,86166,3,,,1,15,,86186,3,,,1,15,,86127,3,,,1,55,,86147,3,,,1,15,,86167,3,,,1,15,,86187,3,,,1,15,,86128,3,,,1,55,,86148,3,,,1,15,,86168,3,,,1,15,,86188,3,,,1,15,,86129,3,,,1,55,,86149,3,,,1,15,,86169,3,,,1,15,,86189,3,,,1,15,,86130,3,,,1,55,,86150,3,,,1,15,,86170,3,,,1,15,,86190,3,,,1,15,,86131,3,,,1,55,,86151,3,,,1,15,,86171,3,,,1,15,,86191,3,,,1,15,,86132,3,,,1,55,,86152,3,,,1,15,,86172,3,,,1,15,,86192,3,,,1,15,,86133,3,,,1,55,,86153,3,,,1,15,,86173,3,,,1,15,,86193,3,,,1,15,,86134,3,,,1,55,,86154,3,,,1,15,,86174,3,,,1,15,,86194,3,,,1,15,,86135,3,,,1,55,,86155,3,,,1,15,,86175,3,,,1,15,,86195,3,,,1,15,,86136,3,,,1,55,,86156,3,,,1,15,,86176,3,,,1,15,,86196,3,,,1,15,,86137,3,,,1,55,,86157,3,,,1,15,,86177,3,,,1,15,,86197,3,,,1,15,,86138,3,,,1,55,,86158,3,,,1,15,,86178,3,,,1,15,,86198,3,,,1,15,,86139,3,,,1,55,,86159,3,,,1,15,,86179,3,,,1,15,,86199,3,,,1,15,,86140,3,,,1,55,,86160,3,,,1,15,,86180,3,,,1,15,,86200,3,,,1,15,,86141,3,,,1,55,,86161,3,,,1,15,,86181,3,,,1,15,,86201,3,,,1,15,,86142,3,,,1,55,,86162,3,,,1,15,,86182,3,,,1,15,,86202,3,,,1,15,,86143,3,,,1,55,,86163,3,,,1,15,,86183,3,,,1,15,,86203,3,,,1,15,,86144,3,,,1,55,,86164,3,,,1
1,'20261114',639,,86260,3,,,1,15,,86204,3,,,1,55,,86223,3,,,1,15,,86242,3,,,1,15,,86261,3,,,1,15,,86205,3,,,1,55,,86224,3,,,1,15,,86243,3,,,1,15,,86262,3,,,1,15,,86206,3,,,1,55,,86225,3,,,1,15,,86244,3,,,1,15,,86263,3,,,1,15,,86207,3,,,1,55,,86226,3,,,1,15,,86245,3,,,1,15,,86264,3,,,1,15,,86208,3,,,1,55,,86227,3,,,1,15,,86246,3,,,1,15,,86265,3,,,1,15,,86209,3,,,1,55,,86228,3,,,1,15,,86247,3,,,1,15,,86266,3,,,1,15,,86210,3,,,1,55,,86229,3,,,1,15,,86248,3,,,1,15,,86267,3,,,1,15,,86211,3,,,1,55,,86230,3,,,1,15,,86249,3,,,1,15,,86268,3,,,1,15,,86212,3,,,1,55,,86231,3,,,1,15,,86250,3,,,1,15,,86269,3,,,1,15,,86213,3,,,1,55,,86232,3,,,1,15,,86251,3,,,1,15,,86270,3,,,1,15,,86214,3,,,1,55,,86233,3,,,1,15,,86252,3,,,1,15,,86271,3,,,1,15,,86215,3,,,1,55,,86234,3,,,1,15,,86253,3,,,1,15,,86272,3,,,1,15,,86216,3,,,1,55,,86235,3,,,1,15,,86254,3,,,1,15,,86273,3,,,1,15,,86217,3,,,1,55,,86236,3,,,1,15,,86255,3,,,1,15,,86274,3,,,1,15,,86218,3,,,1,55,,86237,3,,,1,15,,86256,3,,,1,15,,86275,3,,,1,15,,86219,3,,,1,55,,86238,3,,,1,15,,86257,3,,,1,15,,86276,3,,,1,15,,86220,3,,,1,55,,86239,3,,,1,15,,86258,3,,,1,15,,86277,3,,,1,15,,86221,3,,,1,55,,86240,3,,,1,15,,86259,3,,,1,15,,86278,3,,,1,15,,86222,3,,,1,55,,86241,3,,,1
1,'20261115',639,,86335,3,,,1,15,,86279,3,,,1,55,,86298,3,,,1,15,,86317,3,,,1,15,,86336,3,,,1,15,,86280,3,,,1,55,,86299,3,,,1,15,,86318,3,,,1,15,,86337,3,,,1,15,,86281,3,,,1,55,,86300,3,,,1,15,,86319,3,,,1,15,,86338,3,,,1,15,,86282,3,,,1,55,,86301,3,,,1,15,,86320,3,,,1,15,,86339,3,,,1,15,,86283,3,,,1,55,,86302,3,,,1,15,,86321,3,,,1,15,,86340,3,,,1,15,,86284,3,,,1,55,,86303,3,,,1,15,,86322,3,,,1,15,,86341,3,,,1,15,,86285,3,,,1,55,,86304,3,,,1,15,,86323,3,,,1,15,,86342,3,,,1,15,,86286,3,,,1,55,,86305,3,,,1,15,,86324,3,,,1,15,,86343,3,,,1,15,,86287,3,,,1,55,,86306,3,,,1,15,,86325,3,,,1,15,,86344,3,,,1,15,,86288,3,,,1,55,,86307,3,,,1,15,,86326,3,,,1,15,,86345,3,,,1,15,,86289,3,,,1,55,,86308,3,,,1,15,,86327,3,,,1,15,,86346,3,,,1,15,,86290,3,,,1,55,,86309,3,,,1,15,,86328,3,,,1,15,,86347,3,,,1,15,,86291,3,,,1,55,,86310,3,,,1,15,,86329,3,,,1,15,,86348,3,,,1,15,,86292,3,,,1,55,,86311,3,,,1,15,,86330,3,,,1,15,,86349,3,,,1,15,,86293,3,,,1,55,,86312,3,,,1,15,,86331,3,,,1,15,,86350,3,,,1,15,,86294,3,,,1,55,,86313,3,,,1,15,,86332,3,,,1,15,,86351,3,,,1,15,,86295,3,,,1,55,,86314,3,,,1,15,,86333,3,,,1,15,,86352,3,,,1,15,,86296,3,,,1,55,,86315,3,,,1,15,,86334,3,,,1,15,,86353,3,,,1,15,,86297,3,,,1,55,,86316,3,,,1
1,'20261116',542,,86413,3,,,1,15,,86354,3,,,1,52,,86374,3,,,1,15,,86394,3,,,1,15,,86414,3,,,1,15,,86355,3,,,1,55,,86375,3,,,1,15,,86395,3,,,1,15,,86415,3,,,1,15,,86356,3,,,1,55,,86376,3,,,1,15,,86396,3,,,1,15,,86416,3,,,1,15,,86357,3,,,1,55,,86377,3,,,1,15,,86397,3,,,1,15,,86417,3,,,1,15,,86358,3,,,1,55,,86378,3,,,1,15,,86398,3,,,1,15,,86418,3,,,1,15,,86359,3,,,1,55,,86379,3,,,1,15,,86399,3,,,1,15,,86419,3,,,1,15,,86360,3,,,1,55,,86380,3,,,1,15,,86400,3,,,1,15,,86420,3,,,1,15,,86361,3,,,1,55,,86381,3,,,1,15,,86401,3,,,1,15,,86421,3,,,1,15,,86362,3,,,1,55,,86382,3,,,1,15,,86402,3,,,1,15,,86422,3,,,1,15,,86363,3,,,1,55,,86383,3,,,1,15,,86403,3,,,1,15,,86423,3,,,1,15,,86364,3,,,1,55,,86384,3,,,1,15,,86404,3,,,1,15,,86424,3,,,1,15,,86365,3,,,1,55,,86385,3,,,1,15,,86405,3,,,1,15,,86425,3,,,1,15,,86366,3,,,1,55,,86386,3,,,1,15,,86406,3,,,1,15,,86426,3,,,1,15,,86367,3,,,1,55,,86387,3,,,1,15,,86407,3,,,1,15,,86427,3,,,1,15,,86368,3,,,1,55,,86388,3,,,1,15,,86408,3,,,1,15,,86428,3,,,1,15,,86369,3,,,1,55,,86389,3,,,1,15,,86409,3,,,1,15,,86429,3,,,1,15,,86370,3,,,1,55,,86390,3,,,1,15,,86410,3,,,1,15,,86430,3,,,1,15,,86371,3,,,1,55,,86391,3,,,1,15,,86411,3,,,1,15,,86431,3,,,1,15,,86372,3,,,1,55,,86392,3,,,1,15,,86412,3,,,1,15,,86432,3,,,1,15,,86373,3,,,1,55,,86393,3,,,1
1,'20261117',542,,86492,3,,,1,15,,86433,3,,,1,52,,86453,3,,,1,15,,86473,3,,,1,15,,86493,3,,,1,15,,86434,3,,,1,55,,86454,3,,,1,15,,86474,3,,,1,15,,86494,3,,,1,15,,86435,3,,,1,55,,86455,3,,,1,15,,86475,3,,,1,15,,86495,3,,,1,15,,86436,3,,,1,55,,86456,3,,,1,15,,86476,3,,,1,15,,86496,3,,,1,15,,86437,3,,,1,55,,86457,3,,,1,15,,86477,3,,,1,15,,86497,3,,,1,15,,86438,3,,,1,55,,86458,3,,,1,15,,86478,3,,,1,15,,86498,3,,,1,15,,86439,3,,,1,55,,86459,3,,,1,15,,86479,3,,,1,15,,86499,3,,,1,15,,86440,3,,,1,55,,86460,3,,,1,15,,86480,3,,,1,15,,86500,3,,,1,15,,86441,3,,,1,55,,86461,3,,,1,15,,86481,3,,,1,15,,86501,3,,,1,15,,86442,3,,,1,55,,86462,3,,,1,15,,86482,3,,,1,15,,86502,3,,,1,15,,86443,3,,,1,55,,86463,3,,,1,15,,86483,3,,,1,15,,86503,3,,,1,15,,86444,3,,,1,55,,86464,3,,,1,15,,86484,3,,,1,15,,86504,3,,,1,15,,86445,3,,,1,55,,86465,3,,,1,15,,86485,3,,,1,15,,86505,3,,,1,15,,86446,3,,,1,55,,86466,3,,,1,15,,86486,3,,,1,15,,86506,3,,,1,15,,86447,3,,,1,55,,86467,3,,,1,15,,86487,3,,,1,15,,86507,3,,,1,15,,86448,3,,,1,55,,86468,3,,,1,15,,86488,3,,,1,15,,86508,3,,,1,15,,86449,3,,,1,55,,86469,3,,,1,15,,86489,3,,,1,15,,86509,3,,,1,15,,86450,3,,,1,55,,86470,3,,,1,15,,86490,3,,,1,15,,86510,3,,,1,15,,86451,3,,,1,55,,86471,3,,,1,15,,86491,3,,,1,15,,86511,3,,,1,15,,86452,3,,,1,55,,86472,3,,,1
1,'20261118',542,,86571,3,,,1,15,,86512,3,,,1,52,,86532,3,,,1,15,,86552,3,,,1,15,,86572,3,,,1,15,,86513,3,,,1,55,,86533,3,,,1,15,,86553,3,,,1,15,,86573,3,,,1,15,,86514,3,,,1,55,,86534,3,,,1,15,,86554,3,,,1,15,,86574,3,,,1,15,,86515,3,,,1,55,,86535,3,,,1,15,,86555,3,,,1,15,,86575,3,,,1,15,,86516,3,,,1,55,,86536,3,,,1,15,,86556,3,,,1,15,,86576,3,,,1,15,,86517,3,,,1,55,,86537,3,,,1,15,,86557,3,,,1,15,,86577,3,,,1,15,,86518,3,,,1,55,,86538,3,,,1,15,,86558,3,,,1,15,,86578,3,,,1,15,,86519,3,,,1,55,,86539,3,,,1,15,,86559,3,,,1,15,,86579,3,,,1,15,,86520,3,,,1,55,,86540,3,,,1,15,,86560,3,,,1,15,,86580,3,,,1,15,,86521,3,,,1,55,,86541,3,,,1,15,,86561,3,,,1,15,,86581,3,,,1,15,,86522,3,,,1,55,,86542,3,,,1,15,,86562,3,,,1,15,,86582,3,,,1,15,,86523,3,,,1,55,,86543,3,,,1,15,,86563,3,,,1,15,,86583,3,,,1,15,,86524,3,,,1,55,,86544,3,,,1,15,,86564,3,,,1,15,,86584,3,,,1,15,,86525,3,,,1,55,,86545,3,,,1,15,,86565,3,,,1,15,,86585,3,,,1,15,,86526,3,,,1,55,,86546,3,,,1,15,,86566,3,,,1,15,,86586,3,,,1,15,,86527,3,,,1,55,,86547,3,,,1,15,,86567,3,,,1,15,,86587,3,,,1,15,,86528,3,,,1,55,,86548,3,,,1,15,,86568,3,,,1,15,,86588,3,,,1,15,,86529,3,,,1,55,,86549,3,,,1,15,,86569,3,,,1,15,,86589,3,,,1,15,,86530,3,,,1,55,,86550,3,,,1,15,,86570,3,,,1,15,,86590,3,,,1,15,,86531,3,,,1,55,,86551,3,,,1
1,'20261119',542,,86650,3,,,1,15,,86591,3,,,1,52,,86611,3,,,1,15,,86631,3,,,1,15,,86651,3,,,1,15,,86592,3,,,1,55,,86612,3,,,1,15,,86632,3,,,1,15,,86652,3,,,1,15,,86593,3,,,1,55,,86613,3,,,1,15,,86633,3,,,1,15,,86653,3,,,1,15,,86594,3,,,1,55,,86614,3,,,1,15,,86634,3,,,1,15,,86654,3,,,1,15,,86595,3,,,1,55,,86615,3,,,1,15,,86635,3,,,1,15,,86655,3,,,1,15,,86596,3,,,1,55,,86616,3,,,1,15,,86636,3,,,1,15,,86656,3,,,1,15,,86597,3,,,1,55,,86617,3,,,1,15,,86637,3,,,1,15,,86657,3,,,1,15,,86598,3,,,1,55,,86618,3,,,1,15,,86638,3,,,1,15,,86658,3,,,1,15,,86599,3,,,1,55,,86619,3,,,1,15,,86639,3,,,1,15,,86659,3,,,1,15,,86600,3,,,1,55,,86620,3,,,1,15,,86640,3,,,1,15,,86660,3,,,1,15,,86601,3,,,1,55,,86621,3,,,1,15,,86641,3,,,1,15,,86661,3,,,1,15,,86602,3,,,1,55,,86622,3,,,1,15,,86642,3,,,1,15,,86662,3,,,1,15,,86603,3,,,1,55,,86623,3,,,1,15,,86643,3,,,1,15,,86663,3,,,1,15,,86604,3,,,1,55,,86624,3,,,1,15,,86644,3,,,1,15,,86664,3,,,1,15,,86605,3,,,1,55,,86625,3,,,1,15,,86645,3,,,1,15,,86665,3,,,1,15,,86606,3,,,1,55,,86626,3,,,1,15,,86646,3,,,1,15,,86666,3,,,1,15,,86607,3,,,1,55,,86627,3,,,1,15,,86647,3,,,1,15,,86667,3,,,1,15,,86608,3,,,1,55,,86628,3,,,1,15,,86648,3,,,1,15,,86668,3,,,1,15,,86609,3,,,1,55,,86629,3,,,1,15,,86649,3,,,1,15,,86669,3,,,1,15,,86610,3,,,1,55,,86630,3,,,1
1,'20261120',542,,86729,3,,,1,15,,86670,3,,,1,52,,86690,3,,,1,15,,86710,3,,,1,15,,86730,3,,,1,15,,86671,3,,,1,55,,86691,3,,,1,15,,86711,3,,,1,15,,86731,3,,,1,15,,86672,3,,,1,55,,86692,3,,,1,15,,86712,3,,,1,15,,86732,3,,,1,15,,86673,3,,,1,55,,86693,3,,,1,15,,86713,3,,,1,15,,86733,3,,,1,15,,86674,3,,,1,55,,86694,3,,,1,15,,86714,3,,,1,15,,86734,3,,,1,15,,86675,3,,,1,55,,86695,3,,,1,15,,86715,3,,,1,15,,86735,3,,,1,15,,86676,3,,,1,55,,86696,3,,,1,15,,86716,3,,,1,15,,86736,3,,,1,15,,86677,3,,,1,55,,86697,3,,,1,15,,86717,3,,,1,15,,86737,3,,,1,15,,86678,3,,,1,55,,86698,3,,,1,15,,86718,3,,,1,15,,86738,3,,,1,15,,86679,3,,,1,55,,86699,3,,,1,15,,86719,3,,,1,15,,86739,3,,,1,15,,86680,3,,,1,55,,86700,3,,,1,15,,86720,3,,,1,15,,86740,3,,,1,15,,86681,3,,,1,55,,86701,3,,,1,15,,86721,3,,,1,15,,86741,3,,,1,15,,86682,3,,,1,55,,86702,3,,,1,15,,86722,3,,,1,15,,86742,3,,,1,15,,86683,3,,,1,55,,86703,3,,,1,15,,86723,3,,,1,15,,86743,3,,,1,15,,86684,3,,,1,55,,86704,3,,,1,15,,86724,3,,,1,15,,86744,3,,,1,15,,86685,3,,,1,55,,86705,3,,,1,15,,86725,3,,,1,15,,86745,3,,,1,15,,86686,3,,,1,55,,86706,3,,,1,15,,86726,3,,,1,15,,86746,3,,,1,15,,86687,3,,,1,55,,86707,3,,,1,15,,86727,3,,,1,15,,86747,3,,,1,15,,86688,3,,,1,55,,86708,3,,,1,15,,86728,3,,,1,15,,86748,3,,,1,15,,86689,3,,,1,55,,86709,3,,,1
1,'20261121',639,,86805,3,,,1,15,,86749,3,,,1,55,,86768,3,,,1,15,,86787,3,,,1,15,,86806,3,,,1,15,,86750,3,,,1,55,,86769,3,,,1,15,,86788,3,,,1,15,,86807,3,,,1,15,,86751,3,,,1,55,,86770,3,,,1,15,,86789,3,,,1,15,,86808,3,,,1,15,,86752,3,,,1,55,,86771,3,,,1,15,,86790,3,,,1,15,,86809,3,,,1,15,,86753,3,,,1,55,,86772,3,,,1,15,,86791,3,,,1,15,,86810,3,,,1,15,,86754,3,,,1,55,,86773,3,,,1,15,,86792,3,,,1,15,,86811,3,,,1,15,,86755,3,,,1,55,,86774,3,,,1,15,,86793,3,,,1,15,,86812,3,,,1,15,,86756,3,,,1,55,,86775,3,,,1,15,,86794,3,,,1,15,,86813,3,,,1,15,,86757,3,,,1,55,,86776,3,,,1,15,,86795,3,,,1,15,,86814,3,,,1,15,,86758,3,,,1,55,,86777,3,,,1,15,,86796,3,,,1,15,,86815,3,,,1,15,,86759,3,,,1,55,,86778,3,,,1,15,,86797,3,,,1,15,,86816,3,,,1,15,,86760,3,,,1,55,,86779,3,,,1,15,,86798,3,,,1,15,,86817,3,,,1,15,,86761,3,,,1,55,,86780,3,,,1,15,,86799,3,,,1,15,,86818,3,,,1,15,,86762,3,,,1,55,,86781,3,,,1,15,,86800,3,,,1,15,,86819,3,,,1,15,,86763,3,,,1,55,,86782,3,,,1,15,,86801,3,,,1,15,,86820,3,,,1,15,,86764,3,,,1,55,,86783,3,,,1,15,,86802,3,,,1,15,,86821,3,,,1,15,,86765,3,,,1,55,,86784,3,,,1,15,,86803,3,,,1,15,,86822,3,,,1,15,,86766,3,,,1,55,,86785,3,,,1,15,,86804,3,,,1,15,,86823,3,,,1,15,,86767,3,,,1,55,,86786,3,,,1
1,'20261122',639,,86880,3,,,1,15,,86824,3,,,1,55,,86843,3,,,1,15,,86862,3,,,1,15,,86881,3,,,1,15,,86825,3,,,1,55,,86844,3,,,1,15,,86863,3,,,1,15,,86882,3,,,1,15,,86826,3,,,1,55,,86845,3,,,1,15,,86864,3,,,1,15,,86883,3,,,1,15,,86827,3,,,1,55,,86846,3,,,1,15,,86865,3,,,1,15,,86884,3,,,1,15,,86828,3,,,1,55,,86847,3,,,1,15,,86866,3,,,1,15,,86885,3,,,1,15,,86829,3,,,1,55,,86848,3,,,1,15,,86867,3,,,1,15,,86886,3,,,1,15,,86830,3,,,1,55,,86849,3,,,1,15,,86868,3,,,1,15,,86887,3,,,1,15,,86831,3,,,1,55,,86850,3,,,1,15,,86869,3,,,1,15,,86888,3,,,1,15,,86832,3,,,1,55,,86851,3,,,1,15,,86870,3,,,1,15,,86889,3,,,1,15,,86833,3,,,1,55,,86852,3,,,1,15,,86871,3,,,1,15,,86890,3,,,1,15,,86834,3,,,1,55,,86853,3,,,1,15,,86872,3,,,1,15,,86891,3,,,1,15,,86835,3,,,1,55,,86854,3,,,1,15,,86873,3,,,1,15,,86892,3,,,1,15,,86836,3,,,1,55,,86855,3,,,1,15,,86874,3,,,1,15,,86893,3,,,1,15,,86837,3,,,1,55,,86856,3,,,1,15,,86875,3,,,1,15,,86894,3,,,1,15,,86838,3,,,1,55,,86857,3,,,1,15,,86876,3,,,1,15,,86895,3,,,1,15,,86839,3,,,1,55,,86858,3,,,1,15,,86877,3,,,1,15,,86896,3,,,1,15,,86840,3,,,1,55,,86859,3,,,1,15,,86878,3,,,1,15,,86897,3,,,1,15,,86841,3,,,1,55,,86860,3,,,1,15,,86879,3,,,1,15,,86898,3,,,1,15,,86842,3,,,1,55,,86861,3,,,1
1,'20261123',542,,86958,3,,,1,15,,86899,3,,,1,52,,86919,3,,,1,15,,86939,3,,,1,15,,86959,3,,,1,15,,86900,3,,,1,55,,86920,3,,,1,15,,86940,3,,,1,15,,86960,3,,,1,15,,86901,3,,,1,55,,86921,3,,,1,15,,86941,3,,,1,15,,86961,3,,,1,15,,86902,3,,,1,55,,86922,3,,,1,15,,86942,3,,,1,15,,86962,3,,,1,15,,86903,3,,,1,55,,86923,3,,,1,15,,86943,3,,,1,15,,86963,3,,,1,15,,86904,3,,,1,55,,86924,3,,,1,15,,86944,3,,,1,15,,86964,3,,,1,15,,86905,3,,,1,55,,86925,3,,,1,15,,86945,3,,,1,15,,86965,3,,,1,15,,86906,3,,,1,55,,86926,3,,,1,15,,86946,3,,,1,15,,86966,3,,,1,15,,86907,3,,,1,55,,86927,3,,,1,15,,86947,3,,,1,15,,86967,3,,,1,15,,86908,3,,,1,55,,86928,3,,,1,15,,86948,3,,,1,15,,86968,3,,,1,15,,86909,3,,,1,55,,86929,3,,,1,15,,86949,3,,,1,15,,86969,3,,,1,15,,86910,3,,,1,55,,86930,3,,,1,15,,86950,3,,,1,15,,86970,3,,,1,15,,86911,3,,,1,55,,86931,3,,,1,15,,86951,3,,,1,15,,86971,3,,,1,15,,86912,3,,,1,55,,86932,3,,,1,15,,86952,3,,,1,15,,86972,3,,,1,15,,86913,3,,,1,55,,86933,3,,,1,15,,86953,3,,,1,15,,86973,3,,,1,15,,86914,3,,,1,55,,86934,3,,,1,15,,86954,3,,,1,15,,86974,3,,,1,15,,86915,3,,,1,55,,86935,3,,,1,15,,86955,3,,,1,15,,86975,3,,,1,15,,86916,3,,,1,55,,86936,3,,,1,15,,86956,3,,,1,15,,86976,3,,,1,15,,86917,3,,,1,55,,86937,3,,,1,15,,86957,3,,,1,15,,86977,3,,,1,15,,86918,3,,,1,55,,86938,3,,,1
1,'20261124',542,,87037,3,,,1,15,,86978,3,,,1,52,,86998,3,,,1,15,,87018,3,,,1,15,,87038,3,,,1,15,,86979,3,,,1,55,,86999,3,,,1,15,,87019,3,,,1,15,,87039,3,,,1,15,,86980,3,,,1,55,,87000,3,,,1,15,,87020,3,,,1,15,,87040,3,,,1,15,,86981,3,,,1,55,,87001,3,,,1,15,,87021,3,,,1,15,,87041,3,,,1,15,,86982,3,,,1,55,,87002,3,,,1,15,,87022,3,,,1,15,,87042,3,,,1,15,,86983,3,,,1,55,,87003,3,,,1,15,,87023,3,,,1,15,,87043,3,,,1,15,,86984,3,,,1,55,,87004,3,,,1,15,,87024,3,,,1,15,,87044,3,,,1,15,,86985,3,,,1,55,,87005,3,,,1,15,,87025,3,,,1,15,,87045,3,,,1,15,,86986,3,,,1,55,,87006,3,,,1,15,,87026,3,,,1,15,,87046,3,,,1,15,,86987,3,,,1,55,,87007,3,,,1,15,,87027,3,,,1,15,,87047,3,,,1,15,,86988,3,,,1,55,,87008,3,,,1,15,,87028,3,,,1,15,,87048,3,,,1,15,,86989,3,,,1,55,,87009,3,,,1,15,,87029,3,,,1,15,,87049,3,,,1,15,,86990,3,,,1,55,,87010,3,,,1,15,,87030,3,,,1,15,,87050,3,,,1,15,,86991,3,,,1,55,,87011,3,,,1,15,,87031,3,,,1,15,,87051,3,,,1,15,,86992,3,,,1,55,,87012,3,,,1,15,,87032,3,,,1,15,,87052,3,,,1,15,,86993,3,,,1,55,,87013,3,,,1,15,,87033,3,,,1,15,,87053,3,,,1,15,,86994,3,,,1,55,,87014,3,,,1,15,,87034,3,,,1,15,,87054,3,,,1,15,,86995,3,,,1,55,,87015,3,,,1,15,,87035,3,,,1,15,,87055,3,,,1,15,,86996,3,,,1,55,,87016,3,,,1,15,,87036,3,,,1,15,,87056,3,,,1,15,,86997,3,,,1,55,,87017,3,,,1
1,'20261125',542,,87116,3,,,1,15,,87057,3,,,1,52,,87077,3,,,1,15,,87097,3,,,1,15,,87117,3,,,1,15,,87058,3,,,1,55,,87078,3,,,1,15,,87098,3,,,1,15,,87118,3,,,1,15,,87059,3,,,1,55,,87079,3,,,1,15,,87099,3,,,1,15,,87119,3,,,1,15,,87060,3,,,1,55,,87080,3,,,1,15,,87100,3,,,1,15,,87120,3,,,1,15,,87061,3,,,1,55,,87081,3,,,1,15,,87101,3,,,1,15,,87121,3,,,1,15,,87062,3,,,1,55,,87082,3,,,1,15,,87102,3,,,1,15,,87122,3,,,1,15,,87063,3,,,1,55,,87083,3,,,1,15,,87103,3,,,1,15,,87123,3,,,1,15,,87064,3,,,1,55,,87084,3,,,1,15,,87104,3,,,1,15,,87124,3,,,1,15,,87065,3,,,1,55,,87085,3,,,1,15,,87105,3,,,1,15,,87125,3,,,1,15,,87066,3,,,1,55,,87086,3,,,1,15,,87106,3,,,1,15,,87126,3,,,1,15,,87067,3,,,1,55,,87087,3,,,1,15,,87107,3,,,1,15,,87127,3,,,1,15,,87068,3,,,1,55,,87088,3,,,1,15,,87108,3,,,1,15,,87128,3,,,1,15,,87069,3,,,1,55,,87089,3,,,1,15,,87109,3,,,1,15,,87129,3,,,1,15,,87070,3,,,1,55,,87090,3,,,1,15,,87110,3,,,1,15,,87130,3,,,1,15,,87071,3,,,1,55,,87091,3,,,1,15,,87111,3,,,1,15,,87131,3,,,1,15,,87072,3,,,1,55,,87092,3,,,1,15,,87112,3,,,1,15,,87132,3,,,1,15,,87073,3,,,1,55,,87093,3,,,1,15,,87113,3,,,1,15,,87133,3,,,1,15,,87074,3,,,1,55,,87094,3,,,1,15,,87114,3,,,1,15,,87134,3,,,1,15,,87075,3,,,1,55,,87095,3,,,1,15,,87115,3,,,1,15,,87135,3,,,1,15,,87076,3,,,1,55,,87096,3,,,1
1,'20261126',542,,87195,3,,,1,15,,87136,3,,,1,52,,87156,3,,,1,15,,87176,3,,,1,15,,87196,3,,,1,15,,87137,3,,,1,55,,87157,3,,,1,15,,87177,3,,,1,15,,87197,3,,,1,15,,87138,3,,,1,55,,87158,3,,,1,15,,87178,3,,,1,15,,87198,3,,,1,15,,87139,3,,,1,55,,87159,3,,,1,15,,87179,3,,,1,15,,87199,3,,,1,15,,87140,3,,,1,55,,87160,3,,,1,15,,87180,3,,,1,15,,87200,3,,,1,15,,87141,3,,,1,55,,87161,3,,,1,15,,87181,3,,,1,15,,87201,3,,,1,15,,87142,3,,,1,55,,87162,3,,,1,15,,87182,3,,,1,15,,87202,3,,,1,15,,87143,3,,,1,55,,87163,3,,,1,15,,87183,3,,,1,15,,87203,3,,,1,15,,87144,3,,,1,55,,87164,3,,,1,15,,87184,3,,,1,15,,87204,3,,,1,15,,87145,3,,,1,55,,87165,3,,,1,15,,87185,3,,,1,15,,87205,3,,,1,15,,87146,3,,,1,55,,87166,3,,,1,15,,87186,3,,,1,15,,87206,3,,,1,15,,87147,3,,,1,55,,87167,3,,,1,15,,87187,3,,,1,15,,87207,3,,,1,15,,87148,3,,,1,55,,87168,3,,,1,15,,87188,3,,,1,15,,87208,3,,,1,15,,87149,3,,,1,55,,87169,3,,,1,15,,87189,3,,,1,15,,87209,3,,,1,15,,87150,3,,,1,55,,87170,3,,,1,15,,87190,3,,,1,15,,87210,3,,,1,15,,87151,3,,,1,55,,87171,3,,,1,15,,87191,3,,,1,15,,87211,3,,,1,15,,87152,3,,,1,55,,87172,3,,,1,15,,87192,3,,,1,15,,87212,3,,,1,15,,87153,3,,,1,55,,87173,3,,,1,15,,87193,3,,,1,15,,87213,3,,,1,15,,87154,3,,,1,55,,87174,3,,,1,15,,87194,3,,,1,15,,87214,3,,,1,15,,87155,3,,,1,55,,87175,3,,,1
1,'20261127',542,,87274,3,,,1,15,,87215,3,,,1,52,,87235,3,,,1,15,,87255,3,,,1,15,,87275,3,,,1,15,,87216,3,,,1,55,,87236,3,,,1,15,,87256,3,,,1,15,,87276,3,,,1,15,,87217,3,,,1,55,,87237,3,,,1,15,,87257,3,,,1,15,,87277,3,,,1,15,,87218,3,,,1,55,,87238,3,,,1,15,,87258,3,,,1,15,,87278,3,,,1,15,,87219,3,,,1,55,,87239,3,,,1,15,,87259,3,,,1,15,,87279,3,,,1,15,,87220,3,,,1,55,,87240,3,,,1,15,,87260,3,,,1,15,,87280,3,,,1,15,,87221,3,,,1,55,,87241,3,,,1,15,,87261,3,,,1,15,,87281,3,,,1,15,,87222,3,,,1,55,,87242,3,,,1,15,,87262,3,,,1,15,,87282,3,,,1,15,,87223,3,,,1,55,,87243,3,,,1,15,,87263,3,,,1,15,,87283,3,,,1,15,,87224,3,,,1,55,,87244,3,,,1,15,,87264,3,,,1,15,,87284,3,,,1,15,,87225,3,,,1,55,,87245,3,,,1,15,,87265,3,,,1,15,,87285,3,,,1,15,,87226,3,,,1,55,,87246,3,,,1,15,,87266,3,,,1,15,,87286,3,,,1,15,,87227,3,,,1,55,,87247,3,,,1,15,,87267,3,,,1,15,,87287,3,,,1,15,,87228,3,,,1,55,,87248,3,,,1,15,,87268,3,,,1,15,,87288,3,,,1,15,,87229,3,,,1,55,,87249,3,,,1,15,,87269,3,,,1,15,,87289,3,,,1,15,,87230,3,,,1,55,,87250,3,,,1,15,,87270,3,,,1,15,,87290,3,,,1,15,,87231,3,,,1,55,,87251,3,,,1,15,,87271,3,,,1,15,,87291,3,,,1,15,,87232,3,,,1,55,,87252,3,,,1,15,,87272,3,,,1,15,,87292,3,,,1,15,,87233,3,,,1,55,,87253,3,,,1,15,,87273,3,,,1,15,,87293,3,,,1,15,,87234,3,,,1,55,,87254,3,,,1
1,'20261128',639,,87350,3,,,1,15,,87294,3,,,1,55,,87313,3,,,1,15,,87332,3,,,1,15,,87351,3,,,1,15,,87295,3,,,1,55,,87314,3,,,1,15,,87333,3,,,1,15,,87352,3,,,1,15,,87296,3,,,1,55,,87315,3,,,1,15,,87334,3,,,1,15,,87353,3,,,1,15,,87297,3,,,1,55,,87316,3,,,1,15,,87335,3,,,1,15,,87354,3,,,1,15,,87298,3,,,1,55,,87317,3,,,1,15,,87336,3,,,1,15,,87355,3,,,1,15,,87299,3,,,1,55,,87318,3,,,1,15,,87337,3,,,1,15,,87356,3,,,1,15,,87300,3,,,1,55,,87319,3,,,1,15,,87338,3,,,1,15,,87357,3,,,1,15,,87301,3,,,1,55,,87320,3,,,1,15,,87339,3,,,1,15,,87358,3,,,1,15,,87302,3,,,1,55,,87321,3,,,1,15,,87340,3,,,1,15,,87359,3,,,1,15,,87303,3,,,1,55,,87322,3,,,1,15,,87341,3,,,1,15,,87360,3,,,1,15,,87304,3,,,1,55,,87323,3,,,1,15,,87342,3,,,1,15,,87361,3,,,1,15,,87305,3,,,1,55,,87324,3,,,1,15,,87343,3,,,1,15,,87362,3,,,1,15,,87306,3,,,1,55,,87325,3,,,1,15,,87344,3,,,1,15,,87363,3,,,1,15,,87307,3,,,1,55,,87326,3,,,1,15,,87345,3,,,1,15,,87364,3,,,1,15,,87308,3,,,1,55,,87327,3,,,1,15,,87346,3,,,1,15,,87365,3,,,1,15,,87309,3,,,1,55,,87328,3,,,1,15,,87347,3,,,1,15,,87366,3,,,1,15,,87310,3,,,1,55,,87329,3,,,1,15,,87348,3,,,1,15,,87367,3,,,1,15,,87311,3,,,1,55,,87330,3,,,1,15,,87349,3,,,1,15,,87368,3,,,1,15,,87312,3,,,1,55,,87331,3,,,1
1,'20261129',639,,87425,3,,,1,15,,87369,3,,,1,55,,87388,3,,,1,15,,87407,3,,,1,15,,87426,3,,,1,15,,87370,3,,,1,55,,87389,3,,,1,15,,87408,3,,,1,15,,87427,3,,,1,15,,87371,3,,,1,55,,87390,3,,,1,15,,87409,3,,,1,15,,87428,3,,,1,15,,87372,3,,,1,55,,87391,3,,,1,15,,87410,3,,,1,15,,87429,3,,,1,15,,87373,3,,,1,55,,87392,3,,,1,15,,87411,3,,,1,15,,87430,3,,,1,15,,87374,3,,,1,55,,87393,3,,,1,15,,87412,3,,,1,15,,87431,3,,,1,15,,87375,3,,,1,55,,87394,3,,,1,15,,87413,3,,,1,15,,87432,3,,,1,15,,87376,3,,,1,55,,87395,3,,,1,15,,87414,3,,,1,15,,87433,3,,,1,15,,87377,3,,,1,55,,87396,3,,,1,15,,87415,3,,,1,15,,87434,3,,,1,15,,87378,3,,,1,55,,87397,3,,,1,15,,87416,3,,,1,15,,87435,3,,,1,15,,87379,3,,,1,55,,87398,3,,,1,15,,87417,3,,,1,15,,87436,3,,,1,15,,87380,3,,,1,55,,87399,3,,,1,15,,87418,3,,,1,15,,87437,3,,,1,15,,87381,3,,,1,55,,87400,3,,,1,15,,87419,3,,,1,15,,87438,3,,,1,15,,87382,3,,,1,55,,87401,3,,,1,15,,87420,3,,,1,15,,87439,3,,,1,15,,87383,3,,,1,55,,87402,3,,,1,15,,87421,3,,,1,15,,87440,3,,,1,15,,87384,3,,,1,55,,87403,3,,,1,15,,87422,3,,,1,15,,87441,3,,,1,15,,87385,3,,,1,55,,87404,3,,,1,15,,87423,3,,,1,15,,87442,3,,,1,15,,87386,3,,,1,55,,87405,3,,,1,15,,87424,3,,,1,15,,87443,3,,,1,15,,87387,3,,,1,55,,87406,3,,,1
1,'20261130',542,,87503,3,,,1,15,,87444,3,,,1,52,,87464,3,,,1,15,,87484,3,,,1,15,,87504,3,,,1,15,,87445,3,,,1,55,,87465,3,,,1,15,,87485,3,,,1,15,,87505,3,,,1,15,,87446,3,,,1,55,,87466,3,,,1,15,,87486,3,,,1,15,,87506,3,,,1,15,,87447,3,,,1,55,,87467,3,,,1,15,,87487,3,,,1,15,,87507,3,,,1,15,,87448,3,,,1,55,,87468,3,,,1,15,,87488,3,,,1,15,,87508,3,,,1,15,,87449,3,,,1,55,,87469,3,,,1,15,,87489,3,,,1,15,,87509,3,,,1,15,,87450,3,,,1,55,,87470,3,,,1,15,,87490,3,,,1,15,,87510,3,,,1,15,,87451,3,,,1,55,,87471,3,,,1,15,,87491,3,,,1,15,,87511,3,,,1,15,,87452,3,,,1,55,,87472,3,,,1,15,,87492,3,,,1,15,,87512,3,,,1,15,,87453,3,,,1,55,,87473,3,,,1,15,,87493,3,,,1,15,,87513,3,,,1,15,,87454,3,,,1,55,,87474,3,,,1,15,,87494,3,,,1,15,,87514,3,,,1,15,,87455,3,,,1,55,,87475,3,,,1,15,,87495,3,,,1,15,,87515,3,,,1,15,,87456,3,,,1,55,,87476,3,,,1,15,,87496,3,,,1,15,,87516,3,,,1,15,,87457,3,,,1,55,,87477,3,,,1,15,,87497,3,,,1,15,,87517,3,,,1,15,,87458,3,,,1,55,,87478,3,,,1,15,,87498,3,,,1,15,,87518,3,,,1,15,,87459,3,,,1,55,,87479,3,,,1,15,,87499,3,,,1,15,,87519,3,,,1,15,,87460,3,,,1,55,,87480,3,,,1,15,,87500,3,,,1,15,,87520,3,,,1,15,,87461,3,,,1,55,,87481,3,,,1,15,,87501,3,,,1,15,,87521,3,,,1,15,,87462,3,,,1,55,,87482,3,,,1,15,,87502,3,,,1,15,,87522,3,,,1,15,,87463,3,,,1,55,,87483,3,,,1
1,'20261201',542,,87582,3,,,1,15,,87523,3,,,1,52,,87543,3,,,1,15,,87563,3,,,1,15,,87583,3,,,1,15,,87524,3,,,1,55,,87544,3,,,1,15,,87564,3,,,1,15,,87584,3,,,1,15,,87525,3,,,1,55,,87545,3,,,1,15,,87565,3,,,1,15,,87585,3,,,1,15,,87526,3,,,1,55,,87546,3,,,1,15,,87566,3,,,1,15,,87586,3,,,1,15,,87527,3,,,1,55,,87547,3,,,1,15,,87567,3,,,1,15,,87587,3,,,1,15,,87528,3,,,1,55,,87548,3,,,1,15,,87568,3,,,1,15,,87588,3,,,1,15,,87529,3,,,1,55,,87549,3,,,1,15,,87569,3,,,1,15,,87589,3,,,1,15,,87530,3,,,1,55,,87550,3,,,1,15,,87570,3,,,1,15,,87590,3,,,1,15,,87531,3,,,1,55,,87551,3,,,1,15,,87571,3,,,1,15,,87591,3,,,1,15,,87532,3,,,1,55,,87552,3,,,1,15,,87572,3,,,1,15,,87592,3,,,1,15,,87533,3,,,1,55,,87553,3,,,1,15,,87573,3,,,1,15,,87593,3,,,1,15,,87534,3,,,1,55,,87554,3,,,1,15,,87574,3,,,1,15,,87594,3,,,1,15,,87535,3,,,1,55,,87555,3,,,1,15,,87575,3,,,1,15,,87595,3,,,1,15,,87536,3,,,1,55,,87556,3,,,1,15,,87576,3,,,1,15,,87596,3,,,1,15,,87537,3,,,1,55,,87557,3,,,1,15,,87577,3,,,1,15,,87597,3,,,1,15,,87538,3,,,1,55,,87558,3,,,1,15,,87578,3,,,1,15,,87598,3,,,1,15,,87539,3,,,1,55,,87559,3,,,1,15,,87579,3,,,1,15,,87599,3,,,1,15,,87540,3,,,1,55,,87560,3,,,1,15,,87580,3,,,1,15,,87600,3,,,1,15,,87541,3,,,1,55,,87561,3,,,1,15,,87581,3,,,1,15,,87601,3,,,1,15,,87542,3,,,1,55,,87562,3,,,1
1,'20261202',542,,87661,3,,,1,15,,87602,3,,,1,52,,87622,3,,,1,15,,87642,3,,,1,15,,87662,3,,,1,15,,87603,3,,,1,55,,87623,3,,,1,15,,87643,3,,,1,15,,87663,3,,,1,15,,87604,3,,,1,55,,87624,3,,,1,15,,87644,3,,,1,15,,87664,3,,,1,15,,87605,3,,,1,55,,87625,3,,,1,15,,87645,3,,,1,15,,87665,3,,,1,15,,87606,3,,,1,55,,87626,3,,,1,15,,87646,3,,,1,15,,87666,3,,,1,15,,87607,3,,,1,55,,87627,3,,,1,15,,87647,3,,,1,15,,87667,3,,,1,15,,87608,3,,,1,55,,87628,3,,,1,15,,87648,3,,,1,15,,87668,3,,,1,15,,87609,3,,,1,55,,87629,3,,,1,15,,87649,3,,,1,15,,87669,3,,,1,15,,87610,3,,,1,55,,87630,3,,,1,15,,87650,3,,,1,15,,87670,3,,,1,15,,87611,3,,,1,55,,87631,3,,,1,15,,87651,3,,,1,15,,87671,3,,,1,15,,87612,3,,,1,55,,87632,3,,,1,15,,87652,3,,,1,15,,87672,3,,,1,15,,87613,3,,,1,55,,87633,3,,,1,15,,87653,3,,,1,15,,87673,3,,,1,15,,87614,3,,,1,55,,87634,3,,,1,15,,87654,3,,,1,15,,87674,3,,,1,15,,87615,3,,,1,55,,87635,3,,,1,15,,87655,3,,,1,15,,87675,3,,,1,15,,87616,3,,,1,55,,87636,3,,,1,15,,87656,3,,,1,15,,87676,3,,,1,15,,87617,3,,,1,55,,87637,3,,,1,15,,87657,3,,,1,15,,87677,3,,,1,15,,87618,3,,,1,55,,87638,3,,,1,15,,87658,3,,,1,15,,87678,3,,,1,15,,87619,3,,,1,55,,87639,3,,,1,15,,87659,3,,,1,15,,87679,3,,,1,15,,87620,3,,,1,55,,87640,3,,,1,15,,87660,3,,,1,15,,87680,3,,,1,15,,87621,3,,,1,55,,87641,3,,,1
1,'20261203',542,,87740,3,,,1,15,,87681,3,,,1,52,,87701,3,,,1,15,,87721,3,,,1,15,,87741,3,,,1,15,,87682,3,,,1,55,,87702,3,,,1,15,,87722,3,,,1,15,,87742,3,,,1,15,,87683,3,,,1,55,,87703,3,,,1,15,,87723,3,,,1,15,,87743,3,,,1,15,,87684,3,,,1,55,,87704,3,,,1,15,,87724,3,,,1,15,,87744,3,,,1,15,,87685,3,,,1,55,,87705,3,,,1,15,,87725,3,,,1,15,,87745,3,,,1,15,,87686,3,,,1,55,,87706,3,,,1,15,,87726,3,,,1,15,,87746,3,,,1,15,,87687,3,,,1,55,,87707,3,,,1,15,,87727,3,,,1,15,,87747,3,,,1,15,,87688,3,,,1,55,,87708,3,,,1,15,,87728,3,,,1,15,,87748,3,,,1,15,,87689,3,,,1,55,,87709,3,,,1,15,,87729,3,,,1,15,,87749,3,,,1,15,,87690,3,,,1,55,,87710,3,,,1,15,,87730,3,,,1,15,,87750,3,,,1,15,,87691,3,,,1,55,,87711,3,,,1,15,,87731,3,,,1,15,,87751,3,,,1,15,,87692,3,,,1,55,,87712,3,,,1,15,,87732,3,,,1,15,,87752,3,,,1,15,,87693,3,,,1,55,,87713,3,,,1,15,,87733,3,,,1,15,,87753,3,,,1,15,,87694,3,,,1,55,,87714,3,,,1,15,,87734,3,,,1,15,,87754,3,,,1,15,,87695,3,,,1,55,,87715,3,,,1,15,,87735,3,,,1,15,,87755,3,,,1,15,,87696,3,,,1,55,,87716,3,,,1,15,,87736,3,,,1,15,,87756,3,,,1,15,,87697,3,,,1,55,,87717,3,,,1,15,,87737,3,,,1,15,,87757,3,,,1,15,,87698,3,,,1,55,,87718,3,,,1,15,,87738,3,,,1,15,,87758,3,,,1,15,,87699,3,,,1,55,,87719,3,,,1,15,,87739,3,,,1,15,,87759,3,,,1,15,,87700,3,,,1,55,,87720,3,,,1
1,'20261204',542,,87819,3,,,1,15,,87760,3,,,1,52,,87780,3,,,1,15,,87800,3,,,1,15,,87820,3,,,1,15,,87761,3,,,1,55,,87781,3,,,1,15,,87801,3,,,1,15,,87821,3,,,1,15,,87762,3,,,1,55,,87782,3,,,1,15,,87802,3,,,1,15,,87822,3,,,1,15,,87763,3,,,1,55,,87783,3,,,1,15,,87803,3,,,1,15,,87823,3,,,1,15,,87764,3,,,1,55,,87784,3,,,1,15,,87804,3,,,1,15,,87824,3,,,1,15,,87765,3,,,1,55,,87785,3,,,1,15,,87805,3,,,1,15,,87825,3,,,1,15,,87766,3,,,1,55,,87786,3,,,1,15,,87806,3,,,1,15,,87826,3,,,1,15,,87767,3,,,1,55,,87787,3,,,1,15,,87807,3,,,1,15,,87827,3,,,1,15,,87768,3,,,1,55,,87788,3,,,1,15,,87808,3,,,1,15,,87828,3,,,1,15,,87769,3,,,1,55,,87789,3,,,1,15,,87809,3,,,1,15,,87829,3,,,1,15,,87770,3,,,1,55,,87790,3,,,1,15,,87810,3,,,1,15,,87830,3,,,1,15,,87771,3,,,1,55,,87791,3,,,1,15,,87811,3,,,1,15,,87831,3,,,1,15,,87772,3,,,1,55,,87792,3,,,1,15,,87812,3,,,1,15,,87832,3,,,1,15,,87773,3,,,1,55,,87793,3,,,1,15,,87813,3,,,1,15,,87833,3,,,1,15,,87774,3,,,1,55,,87794,3,,,1,15,,87814,3,,,1,15,,87834,3,,,1,15,,87775,3,,,1,55,,87795,3,,,1,15,,87815,3,,,1,15,,87835,3,,,1,15,,87776,3,,,1,55,,87796,3,,,1,15,,87816,3,,,1,15,,87836,3,,,1,15,,87777,3,,,1,55,,87797,3,,,1,15,,87817,3,,,1,15,,87837,3,,,1,15,,87778,3,,,1,55,,87798,3,,,1,15,,87818,3,,,1,15,,87838,3,,,1,15,,87779,3,,,1,55,,87799,3,,,1
1,'20261205',639,,87895,3,,,1,15,,87839,3,,,1,55,,87858,3,,,1,15,,87877,3,,,1,15,,87896,3,,,1,15,,87840,3,,,1,55,,87859,3,,,1,15,,87878,3,,,1,15,,87897,3,,,1,15,,87841,3,,,1,55,,87860,3,,,1,15,,87879,3,,,1,15,,87898,3,,,1,15,,87842,3,,,1,55,,87861,3,,,1,15,,87880,3,,,1,15,,87899,3,,,1,15,,87843,3,,,1,55,,87862,3,,,1,15,,87881,3,,,1,15,,87900,3,,,1,15,,87844,3,,,1,55,,87863,3,,,1,15,,87882,3,,,1,15,,87901,3,,,1,15,,87845,3,,,1,55,,87864,3,,,1,15,,87883,3,,,1,15,,87902,3,,,1,15,,87846,3,,,1,55,,87865,3,,,1,15,,87884,3,,,1,15,,87903,3,,,1,15,,87847,3,,,1,55,,87866,3,,,1,15,,87885,3,,,1,15,,87904,3,,,1,15,,87848,3,,,1,55,,87867,3,,,1,15,,87886,3,,,1,15,,87905,3,,,1,15,,87849,3,,,1,55,,87868,3,,,1,15,,87887,3,,,1,15,,87906,3,,,1,15,,87850,3,,,1,55,,87869,3,,,1,15,,87888,3,,,1,15,,87907,3,,,1,15,,87851,3,,,1,55,,87870,3,,,1,15,,87889,3,,,1,15,,87908,3,,,1,15,,87852,3,,,1,55,,87871,3,,,1,15,,87890,3,,,1,15,,87909,3,,,1,15,,87853,3,,,1,55,,87872,3,,,1,15,,87891,3,,,1,15,,87910,3,,,1,15,,87854,3,,,1,55,,87873,3,,,1,15,,87892,3,,,1,15,,87911,3,,,1,15,,87855,3,,,1,55,,87874,3,,,1,15,,87893,3,,,1,15,,87912,3,,,1,15,,87856,3,,,1,55,,87875,3,,,1,15,,87894,3,,,1,15,,87913,3,,,1,15,,87857,3,,,1,55,,87876,3,,,1
1,'20261206',639,,87970,3,,,1,15,,87914,3,,,1,55,,87933,3,,,1,15,,87952,3,,,1,15,,87971,3,,,1,15,,87915,3,,,1,55,,87934,3,,,1,15,,87953,3,,,1,15,,87972,3,,,1,15,,87916,3,,,1,55,,87935,3,,,1,15,,87954,3,,,1,15,,87973,3,,,1,15,,87917,3,,,1,55,,87936,3,,,1,15,,87955,3,,,1,15,,87974,3,,,1,15,,87918,3,,,1,55,,87937,3,,,1,15,,87956,3,,,1,15,,87975,3,,,1,15,,87919,3,,,1,55,,87938,3,,,1,15,,87957,3,,,1,15,,87976,3,,,1,15,,87920,3,,,1,55,,87939,3,,,1,15,,87958,3,,,1,15,,87977,3,,,1,15,,87921,3,,,1,55,,87940,3,,,1,15,,87959,3,,,1,15,,87978,3,,,1,15,,87922,3,,,1,55,,87941,3,,,1,15,,87960,3,,,1,15,,87979,3,,,1,15,,87923,3,,,1,55,,87942,3,,,1,15,,87961,3,,,1,15,,87980,3,,,1,15,,87924,3,,,1,55,,87943,3,,,1,15,,87962,3,,,1,15,,87981,3,,,1,15,,87925,3,,,1,55,,87944,3,,,1,15,,87963,3,,,1,15,,87982,3,,,1,15,,87926,3,,,1,55,,87945,3,,,1,15,,87964,3,,,1,15,,87983,3,,,1,15,,87927,3,,,1,55,,87946,3,,,1,15,,87965,3,,,1,15,,87984,3,,,1,15,,87928,3,,,1,55,,87947,3,,,1,15,,87966,3,,,1,15,,87985,3,,,1,15,,87929,3,,,1,55,,87948,3,,,1,15,,87967,3,,,1,15,,87986,3,,,1,15,,87930,3,,,1,55,,87949,3,,,1,15,,87968,3,,,1,15,,87987,3,,,1,15,,87931,3,,,1,55,,87950,3,,,1,15,,87969,3,,,1,15,,87988,3,,,1,15,,87932,3,,,1,55,,87951,3,,,1
1,'20261207',542,,88048,3,,,1,15,,87989,3,,,1,52,,88009,3,,,1,15,,88029,3,,,1,15,,88049,3,,,1,15,,87990,3,,,1,55,,88010,3,,,1,15,,88030,3,,,1,15,,88050,3,,,1,15,,87991,3,,,1,55,,88011,3,,,1,15,,88031,3,,,1,15,,88051,3,,,1,15,,87992,3,,,1,55,,88012,3,,,1,15,,88032,3,,,1,15,,88052,3,,,1,15,,87993,3,,,1,55,,88013,3,,,1,15,,88033,3,,,1,15,,88053,3,,,1,15,,87994,3,,,1,55,,88014,3,,,1,15,,88034,3,,,1,15,,88054,3,,,1,15,,87995,3,,,1,55,,88015,3,,,1,15,,88035,3,,,1,15,,88055,3,,,1,15,,87996,3,,,1,55,,88016,3,,,1,15,,88036,3,,,1,15,,88056,3,,,1,15,,87997,3,,,1,55,,88017,3,,,1,15,,88037,3,,,1,15,,88057,3,,,1,15,,87998,3,,,1,55,,88018,3,,,1,15,,88038,3,,,1,15,,88058,3,,,1,15,,87999,3,,,1,55,,88019,3,,,1,15,,88039,3,,,1,15,,88059,3,,,1,15,,88000,3,,,1,55,,88020,3,,,1,15,,88040,3,,,1,15,,88060,3,,,1,15,,88001,3,,,1,55,,88021,3,,,1,15,,88041,3,,,1,15,,88061,3,,,1,15,,88002,3,,,1,55,,88022,3,,,1,15,,88042,3,,,1,15,,88062,3,,,1,15,,88003,3,,,1,55,,88023,3,,,1,15,,88043,3,,,1,15,,88063,3,,,1,15,,88004,3,,,1,55,,88024,3,,,1,15,,88044,3,,,1,15,,88064,3,,,1,15,,88005,3,,,1,55,,88025,3,,,1,15,,88045,3,,,1,15,,88065,3,,,1,15,,88006,3,,,1,55,,88026,3,,,1,15,,88046,3,,,1,15,,88066,3,,,1,15,,88007,3,,,1,55,,88027,3,,,1,15,,88047,3,,,1,15,,88067,3,,,1,15,,88008,3,,,1,55,,88028,3,,,1
1,'20261208',542,,88127,3,,,1,15,,88068,3,,,1,52,,88088,3,,,1,15,,88108,3,,,1,15,,88128,3,,,1,15,,88069,3,,,1,55,,88089,3,,,1,15,,88109,3,,,1,15,,88129,3,,,1,15,,88070,3,,,1,55,,88090,3,,,1,15,,88110,3,,,1,15,,88130,3,,,1,15,,88071,3,,,1,55,,88091,3,,,1,15,,88111,3,,,1,15,,88131,3,,,1,15,,88072,3,,,1,55,,88092,3,,,1,15,,88112,3,,,1,15,,88132,3,,,1,15,,88073,3,,,1,55,,88093,3,,,1,15,,88113,3,,,1,15,,88133,3,,,1,15,,88074,3,,,1,55,,88094,3,,,1,15,,88114,3,,,1,15,,88134,3,,,1,15,,88075,3,,,1,55,,88095,3,,,1,15,,88115,3,,,1,15,,88135,3,,,1,15,,88076,3,,,1,55,,88096,3,,,1,15,,88116,3,,,1,15,,88136,3,,,1,15,,88077,3,,,1,55,,88097,3,,,1,15,,88117,3,,,1,15,,88137,3,,,1,15,,88078,3,,,1,55,,88098,3,,,1,15,,88118,3,,,1,15,,88138,3,,,1,15,,88079,3,,,1,55,,88099,3,,,1,15,,88119,3,,,1,15,,88139,3,,,1,15,,88080,3,,,1,55,,88100,3,,,1,15,,88120,3,,,1,15,,88140,3,,,1,15,,88081,3,,,1,55,,88101,3,,,1,15,,88121,3,,,1,15,,88141,3,,,1,15,,88082,3,,,1,55,,88102,3,,,1,15,,88122,3,,,1,15,,88142,3,,,1,15,,88083,3,,,1,55,,88103,3,,,1,15,,88123,3,,,1,15,,88143,3,,,1,15,,88084,3,,,1,55,,88104,3,,,1,15,,88124,3,,,1,15,,88144,3,,,1,15,,88085,3,,,1,55,,88105,3,,,1,15,,88125,3,,,1,15,,88145,3,,,1,15,,88086,3,,,1,55,,88106,3,,,1,15,,88126,3,,,1,15,,88146,3,,,1,15,,88087,3,,,1,55,,88107,3,,,1
1,'20261209',542,,88206,3,,,1,15,,88147,3,,,1,52,,88167,3,,,1,15,,88187,3,,,1,15,,88207,3,,,1,15,,88148,3,,,1,55,,88168,3,,,1,15,,88188,3,,,1,15,,88208,3,,,1,15,,88149,3,,,1,55,,88169,3,,,1,15,,88189,3,,,1,15,,88209,3,,,1,15,,88150,3,,,1,55,,88170,3,,,1,15,,88190,3,,,1,15,,88210,3,,,1,15,,88151,3,,,1,55,,88171,3,,,1,15,,88191,3,,,1,15,,88211,3,,,1,15,,88152,3,,,1,55,,88172,3,,,1,15,,88192,3,,,1,15,,88212,3,,,1,15,,88153,3,,,1,55,,88173,3,,,1,15,,88193,3,,,1,15,,88213,3,,,1,15,,88154,3,,,1,55,,88174,3,,,1,15,,88194,3,,,1,15,,88214,3,,,1,15,,88155,3,,,1,55,,88175,3,,,1,15,,88195,3,,,1,15,,88215,3,,,1,15,,88156,3,,,1,55,,88176,3,,,1,15,,88196,3,,,1,15,,88216,3,,,1,15,,88157,3,,,1,55,,88177,3,,,1,15,,88197,3,,,1,15,,88217,3,,,1,15,,88158,3,,,1,55,,88178,3,,,1,15,,88198,3,,,1,15,,88218,3,,,1,15,,88159,3,,,1,55,,88179,3,,,1,15,,88199,3,,,1,15,,88219,3,,,1,15,,88160,3,,,1,55,,88180,3,,,1,15,,88200,3,,,1,15,,88220,3,,,1,15,,88161,3,,,1,55,,88181,3,,,1,15,,88201,3,,,1,15,,88221,3,,,1,15,,88162,3,,,1,55,,88182,3,,,1,15,,88202,3,,,1,15,,88222,3,,,1,15,,88163,3,,,1,55,,88183,3,,,1,15,,88203,3,,,1,15,,88223,3,,,1,15,,88164,3,,,1,55,,88184,3,,,1,15,,88204,3,,,1,15,,88224,3,,,1,15,,88165,3,,,1,55,,88185,3,,,1,15,,88205,3,,,1,15,,88225,3,,,1,15,,88166,3,,,1,55,,88186,3,,,1
1,'20261210',542,,88285,3,,,1,15,,88226,3,,,1,52,,88246,3,,,1,15,,88266,3,,,1,15,,88286,3,,,1,15,,88227,3,,,1,55,,88247,3,,,1,15,,88267,3,,,1,15,,88287,3,,,1,15,,88228,3,,,1,55,,88248,3,,,1,15,,88268,3,,,1,15,,88288,3,,,1,15,,88229,3,,,1,55,,88249,3,,,1,15,,88269,3,,,1,15,,88289,3,,,1,15,,88230,3,,,1,55,,88250,3,,,1,15,,88270,3,,,1,15,,88290,3,,,1,15,,88231,3,,,1,55,,88251,3,,,1,15,,88271,3,,,1,15,,88291,3,,,1,15,,88232,3,,,1,55,,88252,3,,,1,15,,88272,3,,,1,15,,88292,3,,,1,15,,88233,3,,,1,55,,88253,3,,,1,15,,88273,3,,,1,15,,88293,3,,,1,15,,88234,3,,,1,55,,88254,3,,,1,15,,88274,3,,,1,15,,88294,3,,,1,15,,88235,3,,,1,55,,88255,3,,,1,15,,88275,3,,,1,15,,88295,3,,,1,15,,88236,3,,,1,55,,88256,3,,,1,15,,88276,3,,,1,15,,88296,3,,,1,15,,88237,3,,,1,55,,88257,3,,,1,15,,88277,3,,,1,15,,88297,3,,,1,15,,88238,3,,,1,55,,88258,3,,,1,15,,88278,3,,,1,15,,88298,3,,,1,15,,88239,3,,,1,55,,88259,3,,,1,15,,88279,3,,,1,15,,88299,3,,,1,15,,88240,3,,,1,55,,88260,3,,,1,15,,88280,3,,,1,15,,88300,3,,,1,15,,88241,3,,,1,55,,88261,3,,,1,15,,88281,3,,,1,15,,88301,3,,,1,15,,88242,3,,,1,55,,88262,3,,,1,15,,88282,3,,,1,15,,88302,3,,,1,15,,88243,3,,,1,55,,88263,3,,,1,15,,88283,3,,,1,15,,88303,3,,,1,15,,88244,3,,,1,55,,88264,3,,,1,15,,88284,3,,,1,15,,88304,3,,,1,15,,88245,3,,,1,55,,88265,3,,,1
1,'20261211',542,,88364,3,,,1,15,,88305,3,,,1,52,,88325,3,,,1,15,,88345,3,,,1,15,,88365,3,,,1,15,,88306,3,,,1,55,,88326,3,,,1,15,,88346,3,,,1,15,,88366,3,,,1,15,,88307,3,,,1,55,,88327,3,,,1,15,,88347,3,,,1,15,,88367,3,,,1,15,,88308,3,,,1,55,,88328,3,,,1,15,,88348,3,,,1,15,,88368,3,,,1,15,,88309,3,,,1,55,,88329,3,,,1,15,,88349,3,,,1,15,,88369,3,,,1,15,,88310,3,,,1,55,,88330,3,,,1,15,,88350,3,,,1,15,,88370,3,,,1,15,,88311,3,,,1,55,,88331,3,,,1,15,,88351,3,,,1,15,,88371,3,,,1,15,,88312,3,,,1,55,,88332,3,,,1,15,,88352,3,,,1,15,,88372,3,,,1,15,,88313,3,,,1,55,,88333,3,,,1,15,,88353,3,,,1,15,,88373,3,,,1,15,,88314,3,,,1,55,,88334,3,,,1,15,,88354,3,,,1,15,,88374,3,,,1,15,,88315,3,,,1,55,,88335,3,,,1,15,,88355,3,,,1,15,,88375,3,,,1,15,,88316,3,,,1,55,,88336,3,,,1,15,,88356,3,,,1,15,,88376,3,,,1,15,,88317,3,,,1,55,,88337,3,,,1,15,,88357,3,,,1,15,,88377,3,,,1,15,,88318,3,,,1,55,,88338,3,,,1,15,,88358,3,,,1,15,,88378,3,,,1,15,,88319,3,,,1,55,,88339,3,,,1,15,,88359,3,,,1,15,,88379,3,,,1,15,,88320,3,,,1,55,,88340,3,,,1,15,,88360,3,,,1,15,,88380,3,,,1,15,,88321,3,,,1,55,,88341,3,,,1,15,,88361,3,,,1,15,,88381,3,,,1,15,,88322,3,,,1,55,,88342,3,,,1,15,,88362,3,,,1,15,,88382,3,,,1,15,,88323,3,,,1,55,,88343,3,,,1,15,,88363,3,,,1,15,,88383,3,,,1,15,,88324,3,,,1,55,,88344,3,,,1
1,'20261212',639,,88440,3,,,1,15,,88384,3,,,1,55,,88403,3,,,1,15,,88422,3,,,1,15,,88441,3,,,1,15,,88385,3,,,1,55,,88404,3,,,1,15,,88423,3,,,1,15,,88442,3,,,1,15,,88386,3,,,1,55,,88405,3,,,1,15,,88424,3,,,1,15,,88443,3,,,1,15,,88387,3,,,1,55,,88406,3,,,1,15,,88425,3,,,1,15,,88444,3,,,1,15,,88388,3,,,1,55,,88407,3,,,1,15,,88426,3,,,1,15,,88445,3,,,1,15,,88389,3,,,1,55,,88408,3,,,1,15,,88427,3,,,1,15,,88446,3,,,1,15,,88390,3,,,1,55,,88409,3,,,1,15,,88428,3,,,1,15,,88447,3,,,1,15,,88391,3,,,1,55,,88410,3,,,1,15,,88429,3,,,1,15,,88448,3,,,1,15,,88392,3,,,1,55,,88411,3,,,1,15,,88430,3,,,1,15,,88449,3,,,1,15,,88393,3,,,1,55,,88412,3,,,1,15,,88431,3,,,1,15,,88450,3,,,1,15,,88394,3,,,1,55,,88413,3,,,1,15,,88432,3,,,1,15,,88451,3,,,1,15,,88395,3,,,1,55,,88414,3,,,1,15,,88433,3,,,1,15,,88452,3,,,1,15,,88396,3,,,1,55,,88415,3,,,1,15,,88434,3,,,1,15,,88453,3,,,1,15,,88397,3,,,1,55,,88416,3,,,1,15,,88435,3,,,1,15,,88454,3,,,1,15,,88398,3,,,1,55,,88417,3,,,1,15,,88436,3,,,1,15,,88455,3,,,1,15,,88399,3,,,1,55,,88418,3,,,1,15,,88437,3,,,1,15,,88456,3,,,1,15,,88400,3,,,1,55,,88419,3,,,1,15,,88438,3,,,1,15,,88457,3,,,1,15,,88401,3,,,1,55,,88420,3,,,1,15,,88439,3,,,1,15,,88458,3,,,1,15,,88402,3,,,1,55,,88421,3,,,1
1,'20261213',639,,88515,3,,,1,15,,88459,3,,,1,55,,88478,3,,,1,15,,88497,3,,,1,15,,88516,3,,,1,15,,88460,3,,,1,55,,88479,3,,,1,15,,88498,3,,,1,15,,88517,3,,,1,15,,88461,3,,,1,55,,88480,3,,,1,15,,88499,3,,,1,15,,88518,3,,,1,15,,88462,3,,,1,55,,88481,3,,,1,15,,88500,3,,,1,15,,88519,3,,,1,15,,88463,3,,,1,55,,88482,3,,,1,15,,88501,3,,,1,15,,88520,3,,,1,15,,88464,3,,,1,55,,88483,3,,,1,15,,88502,3,,,1,15,,88521,3,,,1,15,,88465,3,,,1,55,,88484,3,,,1,15,,88503,3,,,1,15,,88522,3,,,1,15,,88466,3,,,1,55,,88485,3,,,1,15,,88504,3,,,1,15,,88523,3,,,1,15,,88467,3,,,1,55,,88486,3,,,1,15,,88505,3,,,1,15,,88524,3,,,1,15,,88468,3,,,1,55,,88487,3,,,1,15,,88506,3,,,1,15,,88525,3,,,1,15,,88469,3,,,1,55,,88488,3,,,1,15,,88507,3,,,1,15,,88526,3,,,1,15,,88470,3,,,1,55,,88489,3,,,1,15,,88508,3,,,1,15,,88527,3,,,1,15,,88471,3,,,1,55,,88490,3,,,1,15,,88509,3,,,1,15,,88528,3,,,1,15,,88472,3,,,1,55,,88491,3,,,1,15,,88510,3,,,1,15,,88529,3,,,1,15,,88473,3,,,1,55,,88492,3,,,1,15,,88511,3,,,1,15,,88530,3,,,1,15,,88474,3,,,1,55,,88493,3,,,1,15,,88512,3,,,1,15,,88531,3,,,1,15,,88475,3,,,1,55,,88494,3,,,1,15,,88513,3,,,1,15,,88532,3,,,1,15,,88476,3,,,1,55,,88495,3,,,1,15,,88514,3,,,1,15,,88533,3,,,1,15,,88477,3,,,1,55,,88496,3,,,1
1,'20261214',542,,88593,3,,,1,15,,88534,3,,,1,52,,88554,3,,,1,15,,88574,3,,,1,15,,88594,3,,,1,15,,88535,3,,,1,55,,88555,3,,,1,15,,88575,3,,,1,15,,88595,3,,,1,15,,88536,3,,,1,55,,88556,3,,,1,15,,88576,3,,,1,15,,88596,3,,,1,15,,88537,3,,,1,55,,88557,3,,,1,15,,88577,3,,,1,15,,88597,3,,,1,15,,88538,3,,,1,55,,88558,3,,,1,15,,88578,3,,,1,15,,88598,3,,,1,15,,88539,3,,,1,55,,88559,3,,,1,15,,88579,3,,,1,15,,88599,3,,,1,15,,88540,3,,,1,55,,88560,3,,,1,15,,88580,3,,,1,15,,88600,3,,,1,15,,88541,3,,,1,55,,88561,3,,,1,15,,88581,3,,,1,15,,88601,3,,,1,15,,88542,3,,,1,55,,88562,3,,,1,15,,88582,3,,,1,15,,88602,3,,,1,15,,88543,3,,,1,55,,88563,3,,,1,15,,88583,3,,,1,15,,88603,3,,,1,15,,88544,3,,,1,55,,88564,3,,,1,15,,88584,3,,,1,15,,88604,3,,,1,15,,88545,3,,,1,55,,88565,3,,,1,15,,88585,3,,,1,15,,88605,3,,,1,15,,88546,3,,,1,55,,88566,3,,,1,15,,88586,3,,,1,15,,88606,3,,,1,15,,88547,3,,,1,55,,88567,3,,,1,15,,88587,3,,,1,15,,88607,3,,,1,15,,88548,3,,,1,55,,88568,3,,,1,15,,88588,3,,,1,15,,88608,3,,,1,15,,88549,3,,,1,55,,88569,3,,,1,15,,88589,3,,,1,15,,88609,3,,,1,15,,88550,3,,,1,55,,88570,3,,,1,15,,88590,3,,,1,15,,88610,3,,,1,15,,88551,3,,,1,55,,88571,3,,,1,15,,88591,3,,,1,15,,88611,3,,,1,15,,88552,3,,,1,55,,88572,3,,,1,15,,88592,3,,,1,15,,88612,3,,,1,15,,88553,3,,,1,55,,88573,3,,,1
1,'20261215',542,,88672,3,,,1,15,,88613,3,,,1,52,,88633,3,,,1,15,,88653,3,,,1,15,,88673,3,,,1,15,,88614,3,,,1,55,,88634,3,,,1,15,,88654,3,,,1,15,,88674,3,,,1,15,,88615,3,,,1,55,,88635,3,,,1,15,,88655,3,,,1,15,,88675,3,,,1,15,,88616,3,,,1,55,,88636,3,,,1,15,,88656,3,,,1,15,,88676,3,,,1,15,,88617,3,,,1,55,,88637,3,,,1,15,,88657,3,,,1,15,,88677,3,,,1,15,,88618,3,,,1,55,,88638,3,,,1,15,,88658,3,,,1,15,,88678,3,,,1,15,,88619,3,,,1,55,,88639,3,,,1,15,,88659,3,,,1,15,,88679,3,,,1,15,,88620,3,,,1,55,,88640,3,,,1,15,,88660,3,,,1,15,,88680,3,,,1,15,,88621,3,,,1,55,,88641,3,,,1,15,,88661,3,,,1,15,,88681,3,,,1,15,,88622,3,,,1,55,,88642,3,,,1,15,,88662,3,,,1,15,,88682,3,,,1,15,,88623,3,,,1,55,,88643,3,,,1,15,,88663,3,,,1,15,,88683,3,,,1,15,,88624,3,,,1,55,,88644,3,,,1,15,,88664,3,,,1,15,,88684,3,,,1,15,,88625,3,,,1,55,,88645,3,,,1,15,,88665,3,,,1,15,,88685,3,,,1,15,,88626,3,,,1,55,,88646,3,,,1,15,,88666,3,,,1,15,,88686,3,,,1,15,,88627,3,,,1,55,,88647,3,,,1,15,,88667,3,,,1,15,,88687,3,,,1,15,,88628,3,,,1,55,,88648,3,,,1,15,,88668,3,,,1,15,,88688,3,,,1,15,,88629,3,,,1,55,,88649,3,,,1,15,,88669,3,,,1,15,,88689,3,,,1,15,,88630,3,,,1,55,,88650,3,,,1,15,,88670,3,,,1,15,,88690,3,,,1,15,,88631,3,,,1,55,,88651,3,,,1,15,,88671,3,,,1,15,,88691,3,,,1,15,,88632,3,,,1,55,,88652,3,,,1
1,'20261216',542,,88751,3,,,1,15,,88692,3,,,1,52,,88712,3,,,1,15,,88732,3,,,1,15,,88752,3,,,1,15,,88693,3,,,1,55,,88713,3,,,1,15,,88733,3,,,1,15,,88753,3,,,1,15,,88694,3,,,1,55,,88714,3,,,1,15,,88734,3,,,1,15,,88754,3,,,1,15,,88695,3,,,1,55,,88715,3,,,1,15,,88735,3,,,1,15,,88755,3,,,1,15,,88696,3,,,1,55,,88716,3,,,1,15,,88736,3,,,1,15,,88756,3,,,1,15,,88697,3,,,1,55,,88717,3,,,1,15,,88737,3,,,1,15,,88757,3,,,1,15,,88698,3,,,1,55,,88718,3,,,1,15,,88738,3,,,1,15,,88758,3,,,1,15,,88699,3,,,1,55,,88719,3,,,1,15,,88739,3,,,1,15,,88759,3,,,1,15,,88700,3,,,1,55,,88720,3,,,1,15,,88740,3,,,1,15,,88760,3,,,1,15,,88701,3,,,1,55,,88721,3,,,1,15,,88741,3,,,1,15,,88761,3,,,1,15,,88702,3,,,1,55,,88722,3,,,1,15,,88742,3,,,1,15,,88762,3,,,1,15,,88703,3,,,1,55,,88723,3,,,1,15,,88743,3,,,1,15,,88763,3,,,1,15,,88704,3,,,1,55,,88724,3,,,1,15,,88744,3,,,1,15,,88764,3,,,1,15,,88705,3,,,1,55,,88725,3,,,1,15,,88745,3,,,1,15,,88765,3,,,1,15,,88706,3,,,1,55,,88726,3,,,1,15,,88746,3,,,1,15,,88766,3,,,1,15,,88707,3,,,1,55,,88727,3,,,1,15,,88747,3,,,1,15,,88767,3,,,1,15,,88708,3,,,1,55,,88728,3,,,1,15,,88748,3,,,1,15,,88768,3,,,1,15,,88709,3,,,1,55,,88729,3,,,1,15,,88749,3,,,1,15,,88769,3,,,1,15,,88710,3,,,1,55,,88730,3,,,1,15,,88750,3,,,1,15,,88770,3,,,1,15,,88711,3,,,1,55,,88731,3,,,1
1,'20261217',542,,88830,3,,,1,15,,88771,3,,,1,52,,88791,3,,,1,15,,88811,3,,,1,15,,88831,3,,,1,15,,88772,3,,,1,55,,88792,3,,,1,15,,88812,3,,,1,15,,88832,3,,,1,15,,88773,3,,,1,55,,88793,3,,,1,15,,88813,3,,,1,15,,88833,3,,,1,15,,88774,3,,,1,55,,88794,3,,,1,15,,88814,3,,,1,15,,88834,3,,,1,15,,88775,3,,,1,55,,88795,3,,,1,15,,88815,3,,,1,15,,88835,3,,,1,15,,88776,3,,,1,55,,88796,3,,,1,15,,88816,3,,,1,15,,88836,3,,,1,15,,88777,3,,,1,55,,88797,3,,,1,15,,88817,3,,,1,15,,88837,3,,,1,15,,88778,3,,,1,55,,88798,3,,,1,15,,88818,3,,,1,15,,88838,3,,,1,15,,88779,3,,,1,55,,88799,3,,,1,15,,88819,3,,,1,15,,88839,3,,,1,15,,88780,3,,,1,55,,88800,3,,,1,15,,88820,3,,,1,15,,88840,3,,,1,15,,88781,3,,,1,55,,88801,3,,,1,15,,88821,3,,,1,15,,88841,3,,,1,15,,88782,3,,,1,55,,88802,3,,,1,15,,88822,3,,,1,15,,88842,3,,,1,15,,88783,3,,,1,55,,88803,3,,,1,15,,88823,3,,,1,15,,88843,3,,,1,15,,88784,3,,,1,55,,88804,3,,,1,15,,88824,3,,,1,15,,88844,3,,,1,15,,88785,3,,,1,55,,88805,3,,,1,15,,88825,3,,,1,15,,88845,3,,,1,15,,88786,3,,,1,55,,88806,3,,,1,15,,88826,3,,,1,15,,88846,3,,,1,15,,88787,3,,,1,55,,88807,3,,,1,15,,88827,3,,,1,15,,88847,3,,,1,15,,88788,3,,,1,55,,88808,3,,,1,15,,88828,3,,,1,15,,88848,3,,,1,15,,88789,3,,,1,55,,88809,3,,,1,15,,88829,3,,,1,15,,88849,3,,,1,15,,88790,3,,,1,55,,88810,3,,,1
1,'20261218',542,,88909,3,,,1,15,,88850,3,,,1,52,,88870,3,,,1,15,,88890,3,,,1,15,,88910,3,,,1,15,,88851,3,,,1,55,,88871,3,,,1,15,,88891,3,,,1,15,,88911,3,,,1,15,,88852,3,,,1,55,,88872,3,,,1,15,,88892,3,,,1,15,,88912,3,,,1,15,,88853,3,,,1,55,,88873,3,,,1,15,,88893,3,,,1,15,,88913,3,,,1,15,,88854,3,,,1,55,,88874,3,,,1,15,,88894,3,,,1,15,,88914,3,,,1,15,,88855,3,,,1,55,,88875,3,,,1,15,,88895,3,,,1,15,,88915,3,,,1,15,,88856,3,,,1,55,,88876,3,,,1,15,,88896,3,,,1,15,,88916,3,,,1,15,,88857,3,,,1,55,,88877,3,,,1,15,,88897,3,,,1,15,,88917,3,,,1,15,,88858,3,,,1,55,,88878,3,,,1,15,,88898,3,,,1,15,,88918,3,,,1,15,,88859,3,,,1,55,,88879,3,,,1,15,,88899,3,,,1,15,,88919,3,,,1,15,,88860,3,,,1,55,,88880,3,,,1,15,,88900,3,,,1,15,,88920,3,,,1,15,,88861,3,,,1,55,,88881,3,,,1,15,,88901,3,,,1,15,,88921,3,,,1,15,,88862,3,,,1,55,,88882,3,,,1,15,,88902,3,,,1,15,,88922,3,,,1,15,,88863,3,,,1,55,,88883,3,,,1,15,,88903,3,,,1,15,,88923,3,,,1,15,,88864,3,,,1,55,,88884,3,,,1,15,,88904,3,,,1,15,,88924,3,,,1,15,,88865,3,,,1,55,,88885,3,,,1,15,,88905,3,,,1,15,,88925,3,,,1,15,,88866,3,,,1,55,,88886,3,,,1,15,,88906,3,,,1,15,,88926,3,,,1,15,,88867,3,,,1,55,,88887,3,,,1,15,,88907,3,,,1,15,,88927,3,,,1,15,,88868,3,,,1,55,,88888,3,,,1,15,,88908,3,,,1,15,,88928,3,,,1,15,,88869,3,,,1,55,,88889,3,,,1
1,'20261219',639,,88985,3,,,1,15,,88929,3,,,1,55,,88948,3,,,1,15,,88967,3,,,1,15,,88986,3,,,1,15,,88930,3,,,1,55,,88949,3,,,1,15,,88968,3,,,1,15,,88987,3,,,1,15,,88931,3,,,1,55,,88950,3,,,1,15,,88969,3,,,1,15,,88988,3,,,1,15,,88932,3,,,1,55,,88951,3,,,1,15,,88970,3,,,1,15,,88989,3,,,1,15,,88933,3,,,1,55,,88952,3,,,1,15,,88971,3,,,1,15,,88990,3,,,1,15,,88934,3,,,1,55,,88953,3,,,1,15,,88972,3,,,1,15,,88991,3,,,1,15,,88935,3,,,1,55,,88954,3,,,1,15,,88973,3,,,1,15,,88992,3,,,1,15,,88936,3,,,1,55,,88955,3,,,1,15,,88974,3,,,1,15,,88993,3,,,1,15,,88937,3,,,1,55,,88956,3,,,1,15,,88975,3,,,1,15,,88994,3,,,1,15,,88938,3,,,1,55,,88957,3,,,1,15,,88976,3,,,1,15,,88995,3,,,1,15,,88939,3,,,1,55,,88958,3,,,1,15,,88977,3,,,1,15,,88996,3,,,1,15,,88940,3,,,1,55,,88959,3,,,1,15,,88978,3,,,1,15,,88997,3,,,1,15,,88941,3,,,1,55,,88960,3,,,1,15,,88979,3,,,1,15,,88998,3,,,1,15,,88942,3,,,1,55,,88961,3,,,1,15,,88980,3,,,1,15,,88999,3,,,1,15,,88943,3,,,1,55,,88962,3,,,1,15,,88981,3,,,1,15,,89000,3,,,1,15,,88944,3,,,1,55,,88963,3,,,1,15,,88982,3,,,1,15,,89001,3,,,1,15,,88945,3,,,1,55,,88964,3,,,1,15,,88983,3,,,1,15,,89002,3,,,1,15,,88946,3,,,1,55,,88965,3,,,1,15,,88984,3,,,1,15,,89003,3,,,1,15,,88947,3,,,1,55,,88966,3,,,1
1,'20261220',639,,89060,3,,,1,15,,89004,3,,,1,55,,89023,3,,,1,15,,89042,3,,,1,15,,89061,3,,,1,15,,89005,3,,,1,55,,89024,3,,,1,15,,89043,3,,,1,15,,89062,3,,,1,15,,89006,3,,,1,55,,89025,3,,,1,15,,89044,3,,,1,15,,89063,3,,,1,15,,89007,3,,,1,55,,89026,3,,,1,15,,89045,3,,,1,15,,89064,3,,,1,15,,89008,3,,,1,55,,89027,3,,,1,15,,89046,3,,,1,15,,89065,3,,,1,15,,89009,3,,,1,55,,89028,3,,,1,15,,89047,3,,,1,15,,89066,3,,,1,15,,89010,3,,,1,55,,89029,3,,,1,15,,89048,3,,,1,15,,89067,3,,,1,15,,89011,3,,,1,55,,89030,3,,,1,15,,89049,3,,,1,15,,89068,3,,,1,15,,89012,3,,,1,55,,89031,3,,,1,15,,89050,3,,,1,15,,89069,3,,,1,15,,89013,3,,,1,55,,89032,3,,,1,15,,89051,3,,,1,15,,89070,3,,,1,15,,89014,3,,,1,55,,89033,3,,,1,15,,89052,3,,,1,15,,89071,3,,,1,15,,89015,3,,,1,55,,89034,3,,,1,15,,89053,3,,,1,15,,89072,3,,,1,15,,89016,3,,,1,55,,89035,3,,,1,15,,89054,3,,,1,15,,89073,3,,,1,15,,89017,3,,,1,55,,89036,3,,,1,15,,89055,3,,,1,15,,89074,3,,,1,15,,89018,3,,,1,55,,89037,3,,,1,15,,89056,3,,,1,15,,89075,3,,,1,15,,89019,3,,,1,55,,89038,3,,,1,15,,89057,3,,,1,15,,89076,3,,,1,15,,89020,3,,,1,55,,89039,3,,,1,15,,89058,3,,,1,15,,89077,3,,,1,15,,89021,3,,,1,55,,89040,3,,,1,15,,89059,3,,,1,15,,89078,3,,,1,15,,89022,3,,,1,55,,89041,3,,,1
1,'20261221',542,,89138,3,,,1,15,,89079,3,,,1,52,,89099,3,,,1,15,,89119,3,,,1,15,,89139,3,,,1,15,,89080,3,,,1,55,,89100,3,,,1,15,,89120,3,,,1,15,,89140,3,,,1,15,,89081,3,,,1,55,,89101,3,,,1,15,,89121,3,,,1,15,,89141,3,,,1,15,,89082,3,,,1,55,,89102,3,,,1,15,,89122,3,,,1,15,,89142,3,,,1,15,,89083,3,,,1,55,,89103,3,,,1,15,,89123,3,,,1,15,,89143,3,,,1,15,,89084,3,,,1,55,,89104,3,,,1,15,,89124,3,,,1,15,,89144,3,,,1,15,,89085,3,,,1,55,,89105,3,,,1,15,,89125,3,,,1,15,,89145,3,,,1,15,,89086,3,,,1,55,,89106,3,,,1,15,,89126,3,,,1,15,,89146,3,,,1,15,,89087,3,,,1,55,,89107,3,,,1,15,,89127,3,,,1,15,,89147,3,,,1,15,,89088,3,,,1,55,,89108,3,,,1,15,,89128,3,,,1,15,,89148,3,,,1,15,,89089,3,,,1,55,,89109,3,,,1,15,,89129,3,,,1,15,,89149,3,,,1,15,,89090,3,,,1,55,,89110,3,,,1,15,,89130,3,,,1,15,,89150,3,,,1,15,,89091,3,,,1,55,,89111,3,,,1,15,,89131,3,,,1,15,,89151,3,,,1,15,,89092,3,,,1,55,,89112,3,,,1,15,,89132,3,,,1,15,,89152,3,,,1,15,,89093,3,,,1,55,,89113,3,,,1,15,,89133,3,,,1,15,,89153,3,,,1,15,,89094,3,,,1,55,,89114,3,,,1,15,,89134,3,,,1,15,,89154,3,,,1,15,,89095,3,,,1,55,,89115,3,,,1,15,,89135,3,,,1,15,,89155,3,,,1,15,,89096,3,,,1,55,,89116,3,,,1,15,,89136,3,,,1,15,,89156,3,,,1,15,,89097,3,,,1,55,,89117,3,,,1,15,,89137,3,,,1,15,,89157,3,,,1,15,,89098,3,,,1,55,,89118,3,,,1
1,'20261222',542,,89217,3,,,1,15,,89158,3,,,1,52,,89178,3,,,1,15,,89198,3,,,1,15,,89218,3,,,1,15,,89159,3,,,1,55,,89179,3,,,1,15,,89199,3,,,1,15,,89219,3,,,1,15,,89160,3,,,1,55,,89180,3,,,1,15,,89200,3,,,1,15,,89220,3,,,1,15,,89161,3,,,1,55,,89181,3,,,1,15,,89201,3,,,1,15,,89221,3,,,1,15,,89162,3,,,1,55,,89182,3,,,1,15,,89202,3,,,1,15,,89222,3,,,1,15,,89163,3,,,1,55,,89183,3,,,1,15,,89203,3,,,1,15,,89223,3,,,1,15,,89164,3,,,1,55,,89184,3,,,1,15,,89204,3,,,1,15,,89224,3,,,1,15,,89165,3,,,1,55,,89185,3,,,1,15,,89205,3,,,1,15,,89225,3,,,1,15,,89166,3,,,1,55,,89186,3,,,1,15,,89206,3,,,1,15,,89226,3,,,1,15,,89167,3,,,1,55,,89187,3,,,1,15,,89207,3,,,1,15,,89227,3,,,1,15,,89168,3,,,1,55,,89188,3,,,1,15,,89208,3,,,1,15,,89228,3,,,1,15,,89169,3,,,1,55,,89189,3,,,1,15,,89209,3,,,1,15,,89229,3,,,1,15,,89170,3,,,1,55,,89190,3,,,1,15,,89210,3,,,1,15,,89230,3,,,1,15,,89171,3,,,1,55,,89191,3,,,1,15,,89211,3,,,1,15,,89231,3,,,1,15,,89172,3,,,1,55,,89192,3,,,1,15,,89212,3,,,1,15,,89232,3,,,1,15,,89173,3,,,1,55,,89193,3,,,1,15,,89213,3,,,1,15,,89233,3,,,1,15,,89174,3,,,1,55,,89194,3,,,1,15,,89214,3,,,1,15,,89234,3,,,1,15,,89175,3,,,1,55,,89195,3,,,1,15,,89215,3,,,1,15,,89235,3,,,1,15,,89176,3,,,1,55,,89196,3,,,1,15,,89216,3,,,1,15,,89236,3,,,1,15,,89177,3,,,1,55,,89197,3,,,1
1,'20261223',542,,89296,3,,,1,15,,89237,3,,,1,52,,89257,3,,,1,15,,89277,3,,,1,15,,89297,3,,,1,15,,89238,3,,,1,55,,89258,3,,,1,15,,89278,3,,,1,15,,89298,3,,,1,15,,89239,3,,,1,55,,89259,3,,,1,15,,89279,3,,,1,15,,89299,3,,,1,15,,89240,3,,,1,55,,89260,3,,,1,15,,89280,3,,,1,15,,89300,3,,,1,15,,89241,3,,,1,55,,89261,3,,,1,15,,89281,3,,,1,15,,89301,3,,,1,15,,89242,3,,,1,55,,89262,3,,,1,15,,89282,3,,,1,15,,89302,3,,,1,15,,89243,3,,,1,55,,89263,3,,,1,15,,89283,3,,,1,15,,89303,3,,,1,15,,89244,3,,,1,55,,89264,3,,,1,15,,89284,3,,,1,15,,89304,3,,,1,15,,89245,3,,,1,55,,89265,3,,,1,15,,89285,3,,,1,15,,89305,3,,,1,15,,89246,3,,,1,55,,89266,3,,,1,15,,89286,3,,,1,15,,89306,3,,,1,15,,89247,3,,,1,55,,89267,3,,,1,15,,89287,3,,,1,15,,89307,3,,,1,15,,89248,3,,,1,55,,89268,3,,,1,15,,89288,3,,,1,15,,89308,3,,,1,15,,89249,3,,,1,55,,89269,3,,,1,15,,89289,3,,,1,15,,89309,3,,,1,15,,89250,3,,,1,55,,89270,3,,,1,15,,89290,3,,,1,15,,89310,3,,,1,15,,89251,3,,,1,55,,89271,3,,,1,15,,89291,3,,,1,15,,89311,3,,,1,15,,89252,3,,,1,55,,89272,3,,,1,15,,89292,3,,,1,15,,89312,3,,,1,15,,89253,3,,,1,55,,89273,3,,,1,15,,89293,3,,,1,15,,89313,3,,,1,15,,89254,3,,,1,55,,89274,3,,,1,15,,89294,3,,,1,15,,89314,3,,,1,15,,89255,3,,,1,55,,89275,3,,,1,15,,89295,3,,,1,15,,89315,3,,,1,15,,89256,3,,,1,55,,89276,3,,,1
1,'20261224',542,,89375,3,,,1,15,,89316,3,,,1,52,,89336,3,,,1,15,,89356,3,,,1,15,,89376,3,,,1,15,,89317,3,,,1,55,,89337,3,,,1,15,,89357,3,,,1,15,,89377,3,,,1,15,,89318,3,,,1,55,,89338,3,,,1,15,,89358,3,,,1,15,,89378,3,,,1,15,,89319,3,,,1,55,,89339,3,,,1,15,,89359,3,,,1,15,,89379,3,,,1,15,,89320,3,,,1,55,,89340,3,,,1,15,,89360,3,,,1,15,,89380,3,,,1,15,,89321,3,,,1,55,,89341,3,,,1,15,,89361,3,,,1,15,,89381,3,,,1,15,,89322,3,,,1,55,,89342,3,,,1,15,,89362,3,,,1,15,,89382,3,,,1,15,,89323,3,,,1,55,,89343,3,,,1,15,,89363,3,,,1,15,,89383,3,,,1,15,,89324,3,,,1,55,,89344,3,,,1,15,,89364,3,,,1,15,,89384,3,,,1,15,,89325,3,,,1,55,,89345,3,,,1,15,,89365,3,,,1,15,,89385,3,,,1,15,,89326,3,,,1,55,,89346,3,,,1,15,,89366,3,,,1,15,,89386,3,,,1,15,,89327,3,,,1,55,,89347,3,,,1,15,,89367,3,,,1,15,,89387,3,,,1,15,,89328,3,,,1,55,,89348,3,,,1,15,,89368,3,,,1,15,,89388,3,,,1,15,,89329,3,,,1,55,,89349,3,,,1,15,,89369,3,,,1,15,,89389,3,,,1,15,,89330,3,,,1,55,,89350,3,,,1,15,,89370,3,,,1,15,,89390,3,,,1,15,,89331,3,,,1,55,,89351,3,,,1,15,,89371,3,,,1,15,,89391,3,,,1,15,,89332,3,,,1,55,,89352,3,,,1,15,,89372,3,,,1,15,,89392,3,,,1,15,,89333,3,,,1,55,,89353,3,,,1,15,,89373,3,,,1,15,,89393,3,,,1,15,,89334,3,,,1,55,,89354,3,,,1,15,,89374,3,,,1,15,,89394,3,,,1,15,,89335,3,,,1,55,,89355,3,,,1
1,'20261225',542,,89454,3,,,1,15,,89395,3,,,1,52,,89415,3,,,1,15,,89435,3,,,1,15,,89455,3,,,1,15,,89396,3,,,1,55,,89416,3,,,1,15,,89436,3,,,1,15,,89456,3,,,1,15,,89397,3,,,1,55,,89417,3,,,1,15,,89437,3,,,1,15,,89457,3,,,1,15,,89398,3,,,1,55,,89418,3,,,1,15,,89438,3,,,1,15,,89458,3,,,1,15,,89399,3,,,1,55,,89419,3,,,1,15,,89439,3,,,1,15,,89459,3,,,1,15,,89400,3,,,1,55,,89420,3,,,1,15,,89440,3,,,1,15,,89460,3,,,1,15,,89401,3,,,1,55,,89421,3,,,1,15,,89441,3,,,1,15,,89461,3,,,1,15,,89402,3,,,1,55,,89422,3,,,1,15,,89442,3,,,1,15,,89462,3,,,1,15,,89403,3,,,1,55,,89423,3,,,1,15,,89443,3,,,1,15,,89463,3,,,1,15,,89404,3,,,1,55,,89424,3,,,1,15,,89444,3,,,1,15,,89464,3,,,1,15,,89405,3,,,1,55,,89425,3,,,1,15,,89445,3,,,1,15,,89465,3,,,1,15,,89406,3,,,1,55,,89426,3,,,1,15,,89446,3,,,1,15,,89466,3,,,1,15,,89407,3,,,1,55,,89427,3,,,1,15,,89447,3,,,1,15,,89467,3,,,1,15,,89408,3,,,1,55,,89428,3,,,1,15,,89448,3,,,1,15,,89468,3,,,1,15,,89409,3,,,1,55,,89429,3,,,1,15,,89449,3,,,1,15,,89469,3,,,1,15,,89410,3,,,1,55,,89430,3,,,1,15,,89450,3,,,1,15,,89470,3,,,1,15,,89411,3,,,1,55,,89431,3,,,1,15,,89451,3,,,1,15,,89471,3,,,1,15,,89412,3,,,1,55,,89432,3,,,1,15,,89452,3,,,1,15,,89472,3,,,1,15,,89413,3,,,1,55,,89433,3,,,1,15,,89453,3,,,1,15,,89473,3,,,1,15,,89414,3,,,1,55,,89434,3,,,1
1,'20261226',639,,89530,3,,,1,15,,89474,3,,,1,55,,89493,3,,,1,15,,89512,3,,,1,15,,89531,3,,,1,15,,89475,3,,,1,55,,89494,3,,,1,15,,89513,3,,,1,15,,89532,3,,,1,15,,89476,3,,,1,55,,89495,3,,,1,15,,89514,3,,,1,15,,89533,3,,,1,15,,89477,3,,,1,55,,89496,3,,,1,15,,89515,3,,,1,15,,89534,3,,,1,15,,89478,3,,,1,55,,89497,3,,,1,15,,89516,3,,,1,15,,89535,3,,,1,15,,89479,3,,,1,55,,89498,3,,,1,15,,89517,3,,,1,15,,89536,3,,,1,15,,89480,3,,,1,55,,89499,3,,,1,15,,89518,3,,,1,15,,89537,3,,,1,15,,89481,3,,,1,55,,89500,3,,,1,15,,89519,3,,,1,15,,89538,3,,,1,15,,89482,3,,,1,55,,89501,3,,,1,15,,89520,3,,,1,15,,89539,3,,,1,15,,89483,3,,,1,55,,89502,3,,,1,15,,89521,3,,,1,15,,89540,3,,,1,15,,89484,3,,,1,55,,89503,3,,,1,15,,89522,3,,,1,15,,89541,3,,,1,15,,89485,3,,,1,55,,89504,3,,,1,15,,89523,3,,,1,15,,89542,3,,,1,15,,89486,3,,,1,55,,89505,3,,,1,15,,89524,3,,,1,15,,89543,3,,,1,15,,89487,3,,,1,55,,89506,3,,,1,15,,89525,3,,,1,15,,89544,3,,,1,15,,89488,3,,,1,55,,89507,3,,,1,15,,89526,3,,,1,15,,89545,3,,,1,15,,89489,3,,,1,55,,89508,3,,,1,15,,89527,3,,,1,15,,89546,3,,,1,15,,89490,3,,,1,55,,89509,3,,,1,15,,89528,3,,,1,15,,89547,3,,,1,15,,89491,3,,,1,55,,89510,3,,,1,15,,89529,3,,,1,15,,89548,3,,,1,15,,89492,3,,,1,55,,89511,3,,,1
1,'20261227',639,,89605,3,,,1,15,,89549,3,,,1,55,,89568,3,,,1,15,,89587,3,,,1,15,,89606,3,,,1,15,,89550,3,,,1,55,,89569,3,,,1,15,,89588,3,,,1,15,,89607,3,,,1,15,,89551,3,,,1,55,,89570,3,,,1,15,,89589,3,,,1,15,,89608,3,,,1,15,,89552,3,,,1,55,,89571,3,,,1,15,,89590,3,,,1,15,,89609,3,,,1,15,,89553,3,,,1,55,,89572,3,,,1,15,,89591,3,,,1,15,,89610,3,,,1,15,,89554,3,,,1,55,,89573,3,,,1,15,,89592,3,,,1,15,,89611,3,,,1,15,,89555,3,,,1,55,,89574,3,,,1,15,,89593,3,,,1,15,,89612,3,,,1,15,,89556,3,,,1,55,,89575,3,,,1,15,,89594,3,,,1,15,,89613,3,,,1,15,,89557,3,,,1,55,,89576,3,,,1,15,,89595,3,,,1,15,,89614,3,,,1,15,,89558,3,,,1,55,,89577,3,,,1,15,,89596,3,,,1,15,,89615,3,,,1,15,,89559,3,,,1,55,,89578,3,,,1,15,,89597,3,,,1,15,,89616,3,,,1,15,,89560,3,,,1,55,,89579,3,,,1,15,,89598,3,,,1,15,,89617,3,,,1,15,,89561,3,,,1,55,,89580,3,,,1,15,,89599,3,,,1,15,,89618,3,,,1,15,,89562,3,,,1,55,,89581,3,,,1,15,,89600,3,,,1,15,,89619,3,,,1,15,,89563,3,,,1,55,,89582,3,,,1,15,,89601,3,,,1,15,,89620,3,,,1,15,,89564,3,,,1,55,,89583,3,,,1,15,,89602,3,,,1,15,,89621,3,,,1,15,,89565,3,,,1,55,,89584,3,,,1,15,,89603,3,,,1,15,,89622,3,,,1,15,,89566,3,,,1,55,,89585,3,,,1,15,,89604,3,,,1,15,,89623,3,,,1,15,,89567,3,,,1,55,,89586,3,,,1
1,'20261228',542,,89683,3,,,1,15,,89624,3,,,1,52,,89644,3,,,1,15,,89664,3,,,1,15,,89684,3,,,1,15,,89625,3,,,1,55,,89645,3,,,1,15,,89665,3,,,1,15,,89685,3,,,1,15,,89626,3,,,1,55,,89646,3,,,1,15,,89666,3,,,1,15,,89686,3,,,1,15,,89627,3,,,1,55,,89647,3,,,1,15,,89667,3,,,1,15,,89687,3,,,1,15,,89628,3,,,1,55,,89648,3,,,1,15,,89668,3,,,1,15,,89688,3,,,1,15,,89629,3,,,1,55,,89649,3,,,1,15,,89669,3,,,1,15,,89689,3,,,1,15,,89630,3,,,1,55,,89650,3,,,1,15,,89670,3,,,1,15,,89690,3,,,1,15,,89631,3,,,1,55,,89651,3,,,1,15,,89671,3,,,1,15,,89691,3,,,1,15,,89632,3,,,1,55,,89652,3,,,1,15,,89672,3,,,1,15,,89692,3,,,1,15,,89633,3,,,1,55,,89653,3,,,1,15,,89673,3,,,1,15,,89693,3,,,1,15,,89634,3,,,1,55,,89654,3,,,1,15,,89674,3,,,1,15,,89694,3,,,1,15,,89635,3,,,1,55,,89655,3,,,1,15,,89675,3,,,1,15,,89695,3,,,1,15,,89636,3,,,1,55,,89656,3,,,1,15,,89676,3,,,1,15,,89696,3,,,1,15,,89637,3,,,1,55,,89657,3,,,1,15,,89677,3,,,1,15,,89697,3,,,1,15,,89638,3,,,1,55,,89658,3,,,1,15,,89678,3,,,1,15,,89698,3,,,1,15,,89639,3,,,1,55,,89659,3,,,1,15,,89679,3,,,1,15,,89699,3,,,1,15,,89640,3,,,1,55,,89660,3,,,1,15,,89680,3,,,1,15,,89700,3,,,1,15,,89641,3,,,1,55,,89661,3,,,1,15,,89681,3,,,1,15,,89701,3,,,1,15,,89642,3,,,1,55,,89662,3,,,1,15,,89682,3,,,1,15,,89702,3,,,1,15,,89643,3,,,1,55,,89663,3,,,1
1,'20261229',542,,89762,3,,,1,15,,89703,3,,,1,52,,89723,3,,,1,15,,89743,3,,,1,15,,89763,3,,,1,15,,89704,3,,,1,55,,89724,3,,,1,15,,89744,3,,,1,15,,89764,3,,,1,15,,89705,3,,,1,55,,89725,3,,,1,15,,89745,3,,,1,15,,89765,3,,,1,15,,89706,3,,,1,55,,89726,3,,,1,15,,89746,3,,,1,15,,89766,3,,,1,15,,89707,3,,,1,55,,89727,3,,,1,15,,89747,3,,,1,15,,89767,3,,,1,15,,89708,3,,,1,55,,89728,3,,,1,15,,89748,3,,,1,15,,89768,3,,,1,15,,89709,3,,,1,55,,89729,3,,,1,15,,89749,3,,,1,15,,89769,3,,,1,15,,89710,3,,,1,55,,89730,3,,,1,15,,89750,3,,,1,15,,89770,3,,,1,15,,89711,3,,,1,55,,89731,3,,,1,15,,89751,3,,,1,15,,89771,3,,,1,15,,89712,3,,,1,55,,89732,3,,,1,15,,89752,3,,,1,15,,89772,3,,,1,15,,89713,3,,,1,55,,89733,3,,,1,15,,89753,3,,,1,15,,89773,3,,,1,15,,89714,3,,,1,55,,89734,3,,,1,15,,89754,3,,,1,15,,89774,3,,,1,15,,89715,3,,,1,55,,89735,3,,,1,15,,89755,3,,,1,15,,89775,3,,,1,15,,89716,3,,,1,55,,89736,3,,,1,15,,89756,3,,,1,15,,89776,3,,,1,15,,89717,3,,,1,55,,89737,3,,,1,15,,89757,3,,,1,15,,89777,3,,,1,15,,89718,3,,,1,55,,89738,3,,,1,15,,89758,3,,,1,15,,89778,3,,,1,15,,89719,3,,,1,55,,89739,3,,,1,15,,89759,3,,,1,15,,89779,3,,,1,15,,89720,3,,,1,55,,89740,3,,,1,15,,89760,3,,,1,15,,89780,3,,,1,15,,89721,3,,,1,55,,89741,3,,,1,15,,89761,3,,,1,15,,89781,3,,,1,15,,89722,3,,,1,55,,89742,3,,,1
1,'20261230',542,,89841,3,,,1,15,,89782,3,,,1,52,,89802,3,,,1,15,,89822,3,,,1,15,,89842,3,,,1,15,,89783,3,,,1,55,,89803,3,,,1,15,,89823,3,,,1,15,,89843,3,,,1,15,,89784,3,,,1,55,,89804,3,,,1,15,,89824,3,,,1,15,,89844,3,,,1,15,,89785,3,,,1,55,,89805,3,,,1,15,,89825,3,,,1,15,,89845,3,,,1,15,,89786,3,,,1,55,,89806,3,,,1,15,,89826,3,,,1,15,,89846,3,,,1,15,,89787,3,,,1,55,,89807,3,,,1,15,,89827,3,,,1,15,,89847,3,,,1,15,,89788,3,,,1,55,,89808,3,,,1,15,,89828,3,,,1,15,,89848,3,,,1,15,,89789,3,,,1,55,,89809,3,,,1,15,,89829,3,,,1,15,,89849,3,,,1,15,,89790,3,,,1,55,,89810,3,,,1,15,,89830,3,,,1,15,,89850,3,,,1,15,,89791,3,,,1,55,,89811,3,,,1,15,,89831,3,,,1,15,,89851,3,,,1,15,,89792,3,,,1,55,,89812,3,,,1,15,,89832,3,,,1,15,,89852,3,,,1,15,,89793,3,,,1,55,,89813,3,,,1,15,,89833,3,,,1,15,,89853,3,,,1,15,,89794,3,,,1,55,,89814,3,,,1,15,,89834,3,,,1,15,,89854,3,,,1,15,,89795,3,,,1,55,,89815,3,,,1,15,,89835,3,,,1,15,,89855,3,,,1,15,,89796,3,,,1,55,,89816,3,,,1,15,,89836,3,,,1,15,,89856,3,,,1,15,,89797,3,,,1,55,,89817,3,,,1,15,,89837,3,,,1,15,,89857,3,,,1,15,,89798,3,,,1,55,,89818,3,,,1,15,,89838,3,,,1,15,,89858,3,,,1,15,,89799,3,,,1,55,,89819,3,,,1,15,,89839,3,,,1,15,,89859,3,,,1,15,,89800,3,,,1,55,,89820,3,,,1,15,,89840,3,,,1,15,,89860,3,,,1,15,,89801,3,,,1,55,,89821,3,,,1
1,'20261231',542,,89920,3,,,1,15,,89861,3,,,1,52,,89881,3,,,1,15,,89901,3,,,1,15,,89921,3,,,1,15,,89862,3,,,1,55,,89882,3,,,1,15,,89902,3,,,1,15,,89922,3,,,1,15,,89863,3,,,1,55,,89883,3,,,1,15,,89903,3,,,1,15,,89923,3,,,1,15,,89864,3,,,1,55,,89884,3,,,1,15,,89904,3,,,1,15,,89924,3,,,1,15,,89865,3,,,1,55,,89885,3,,,1,15,,89905,3,,,1,15,,89925,3,,,1,15,,89866,3,,,1,55,,89886,3,,,1,15,,89906,3,,,1,15,,89926,3,,,1,15,,89867,3,,,1,55,,89887,3,,,1,15,,89907,3,,,1,15,,89927,3,,,1,15,,89868,3,,,1,55,,89888,3,,,1,15,,89908,3,,,1,15,,89928,3,,,1,15,,89869,3,,,1,55,,89889,3,,,1,15,,89909,3,,,1,15,,89929,3,,,1,15,,89870,3,,,1,55,,89890,3,,,1,15,,89910,3,,,1,15,,89930,3,,,1,15,,89871,3,,,1,55,,89891,3,,,1,15,,89911,3,,,1,15,,89931,3,,,1,15,,89872,3,,,1,55,,89892,3,,,1,15,,89912,3,,,1,15,,89932,3,,,1,15,,89873,3,,,1,55,,89893,3,,,1,15,,89913,3,,,1,15,,89933,3,,,1,15,,89874,3,,,1,55,,89894,3,,,1,15,,89914,3,,,1,15,,89934,3,,,1,15,,89875,3,,,1,55,,89895,3,,,1,15,,89915,3,,,1,15,,89935,3,,,1,15,,89876,3,,,1,55,,89896,3,,,1,15,,89916,3,,,1,15,,89936,3,,,1,15,,89877,3,,,1,55,,89897,3,,,1,15,,89917,3,,,1,15,,89937,3,,,1,15,,89878,3,,,1,55,,89898,3,,,1,15,,89918,3,,,1,15,,89938,3,,,1,15,,89879,3,,,1,55,,89899,3,,,1,15,,89919,3,,,1,15,,89939,3,,,1,15,,89880,3,,,1,55,,89900,3,,,1
1,'20270101',542,,89999,3,,,1,15,,89940,3,,,1,52,,89960,3,,,1,15,,89980,3,,,1,15,,90000,3,,,1,15,,89941,3,,,1,55,,89961,3,,,1,15,,89981,3,,,1,15,,90001,3,,,1,15,,89942,3,,,1,55,,89962,3,,,1,15,,89982,3,,,1,15,,90002,3,,,1,15,,89943,3,,,1,55,,89963,3,,,1,15,,89983,3,,,1,15,,90003,3,,,1,15,,89944,3,,,1,55,,89964,3,,,1,15,,89984,3,,,1,15,,90004,3,,,1,15,,89945,3,,,1,55,,89965,3,,,1,15,,89985,3,,,1,15,,90005,3,,,1,15,,89946,3,,,1,55,,89966,3,,,1,15,,89986,3,,,1,15,,90006,3,,,1,15,,89947,3,,,1,55,,89967,3,,,1,15,,89987,3,,,1,15,,90007,3,,,1,15,,89948,3,,,1,55,,89968,3,,,1,15,,89988,3,,,1,15,,90008,3,,,1,15,,89949,3,,,1,55,,89969,3,,,1,15,,89989,3,,,1,15,,90009,3,,,1,15,,89950,3,,,1,55,,89970,3,,,1,15,,89990,3,,,1,15,,90010,3,,,1,15,,89951,3,,,1,55,,89971,3,,,1,15,,89991,3,,,1,15,,90011,3,,,1,15,,89952,3,,,1,55,,89972,3,,,1,15,,89992,3,,,1,15,,90012,3,,,1,15,,89953,3,,,1,55,,89973,3,,,1,15,,89993,3,,,1,15,,90013,3,,,1,15,,89954,3,,,1,55,,89974,3,,,1,15,,89994,3,,,1,15,,90014,3,,,1,15,,89955,3,,,1,55,,89975,3,,,1,15,,89995,3,,,1,15,,90015,3,,,1,15,,89956,3,,,1,55,,89976,3,,,1,15,,89996,3,,,1,15,,90016,3,,,1,15,,89957,3,,,1,55,,89977,3,,,1,15,,89997,3,,,1,15,,90017,3,,,1,15,,89958,3,,,1,55,,89978,3,,,1,15,,89998,3,,,1,15,,90018,3,,,1,15,,89959,3,,,1,55,,89979,3,,,1
1,'20270102',639,,90075,3,,,1,15,,90019,3,,,1,55,,90038,3,,,1,15,,90057,3,,,1,15,,90076,3,,,1,15,,90020,3,,,1,55,,90039,3,,,1,15,,90058,3,,,1,15,,90077,3,,,1,15,,90021,3,,,1,55,,90040,3,,,1,15,,90059,3,,,1,15,,90078,3,,,1,15,,90022,3,,,1,55,,90041,3,,,1,15,,90060,3,,,1,15,,90079,3,,,1,15,,90023,3,,,1,55,,90042,3,,,1,15,,90061,3,,,1,15,,90080,3,,,1,15,,90024,3,,,1,55,,90043,3,,,1,15,,90062,3,,,1,15,,90081,3,,,1,15,,90025,3,,,1,55,,90044,3,,,1,15,,90063,3,,,1,15,,90082,3,,,1,15,,90026,3,,,1,55,,90045,3,,,1,15,,90064,3,,,1,15,,90083,3,,,1,15,,90027,3,,,1,55,,90046,3,,,1,15,,90065,3,,,1,15,,90084,3,,,1,15,,90028,3,,,1,55,,90047,3,,,1,15,,90066,3,,,1,15,,90085,3,,,1,15,,90029,3,,,1,55,,90048,3,,,1,15,,90067,3,,,1,15,,90086,3,,,1,15,,90030,3,,,1,55,,90049,3,,,1,15,,90068,3,,,1,15,,90087,3,,,1,15,,90031,3,,,1,55,,90050,3,,,1,15,,90069,3,,,1,15,,90088,3,,,1,15,,90032,3,,,1,55,,90051,3,,,1,15,,90070,3,,,1,15,,90089,3,,,1,15,,90033,3,,,1,55,,90052,3,,,1,15,,90071,3,,,1,15,,90090,3,,,1,15,,90034,3,,,1,55,,90053,3,,,1,15,,90072,3,,,1,15,,90091,3,,,1,15,,90035,3,,,1,55,,90054,3,,,1,15,,90073,3,,,1,15,,90092,3,,,1,15,,90036,3,,,1,55,,90055,3,,,1,15,,90074,3,,,1,15,,90093,3,,,1,15,,90037,3,,,1,55,,90056,3,,,1
1,'20270103',639,,90150,3,,,1,15,,90094,3,,,1,55,,90113,3,,,1,15,,90132,3,,,1,15,,90151,3,,,1,15,,90095,3,,,1,55,,90114,3,,,1,15,,90133,3,,,1,15,,90152,3,,,1,15,,90096,3,,,1,55,,90115,3,,,1,15,,90134,3,,,1,15,,90153,3,,,1,15,,90097,3,,,1,55,,90116,3,,,1,15,,90135,3,,,1,15,,90154,3,,,1,15,,90098,3,,,1,55,,90117,3,,,1,15,,90136,3,,,1,15,,90155,3,,,1,15,,90099,3,,,1,55,,90118,3,,,1,15,,90137,3,,,1,15,,90156,3,,,1,15,,90100,3,,,1,55,,90119,3,,,1,15,,90138,3,,,1,15,,90157,3,,,1,15,,90101,3,,,1,55,,90120,3,,,1,15,,90139,3,,,1,15,,90158,3,,,1,15,,90102,3,,,1,55,,90121,3,,,1,15,,90140,3,,,1,15,,90159,3,,,1,15,,90103,3,,,1,55,,90122,3,,,1,15,,90141,3,,,1,15,,90160,3,,,1,15,,90104,3,,,1,55,,90123,3,,,1,15,,90142,3,,,1,15,,90161,3,,,1,15,,90105,3,,,1,55,,90124,3,,,1,15,,90143,3,,,1,15,,90162,3,,,1,15,,90106,3,,,1,55,,90125,3,,,1,15,,90144,3,,,1,15,,90163,3,,,1,15,,90107,3,,,1,55,,90126,3,,,1,15,,90145,3,,,1,15,,90164,3,,,1,15,,90108,3,,,1,55,,90127,3,,,1,15,,90146,3,,,1,15,,90165,3,,,1,15,,90109,3,,,1,55,,90128,3,,,1,15,,90147,3,,,1,15,,90166,3,,,1,15,,90110,3,,,1,55,,90129,3,,,1,15,,90148,3,,,1,15,,90167,3,,,1,15,,90111,3,,,1,55,,90130,3,,,1,15,,90149,3,,,1,15,,90168,3,,,1,15,,90112,3,,,1,55,,90131,3,,,1
1,'20270104',542,,90228,3,,,1,15,,90169,3,,,1,52,,90189,3,,,1,15,,90209,3,,,1,15,,90229,3,,,1,15,,90170,3,,,1,55,,90190,3,,,1,15,,90210,3,,,1,15,,90230,3,,,1,15,,90171,3,,,1,55,,90191,3,,,1,15,,90211,3,,,1,15,,90231,3,,,1,15,,90172,3,,,1,55,,90192,3,,,1,15,,90212,3,,,1,15,,90232,3,,,1,15,,90173,3,,,1,55,,90193,3,,,1,15,,90213,3,,,1,15,,90233,3,,,1,15,,90174,3,,,1,55,,90194,3,,,1,15,,90214,3,,,1,15,,90234,3,,,1,15,,90175,3,,,1,55,,90195,3,,,1,15,,90215,3,,,1,15,,90235,3,,,1,15,,90176,3,,,1,55,,90196,3,,,1,15,,90216,3,,,1,15,,90236,3,,,1,15,,90177,3,,,1,55,,90197,3,,,1,15,,90217,3,,,1,15,,90237,3,,,1,15,,90178,3,,,1,55,,90198,3,,,1,15,,90218,3,,,1,15,,90238,3,,,1,15,,90179,3,,,1,55,,90199,3,,,1,15,,90219,3,,,1,15,,90239,3,,,1,15,,90180,3,,,1,55,,90200,3,,,1,15,,90220,3,,,1,15,,90240,3,,,1,15,,90181,3,,,1,55,,90201,3,,,1,15,,90221,3,,,1,15,,90241,3,,,1,15,,90182,3,,,1,55,,90202,3,,,1,15,,90222,3,,,1,15,,90242,3,,,1,15,,90183,3,,,1,55,,90203,3,,,1,15,,90223,3,,,1,15,,90243,3,,,1,15,,90184,3,,,1,55,,90204,3,,,1,15,,90224,3,,,1,15,,90244,3,,,1,15,,90185,3,,,1,55,,90205,3,,,1,15,,90225,3,,,1,15,,90245,3,,,1,15,,90186,3,,,1,55,,90206,3,,,1,15,,90226,3,,,1,15,,90246,3,,,1,15,,90187,3,,,1,55,,90207,3,,,1,15,,90227,3,,,1,15,,90247,3,,,1,15,,90188,3,,,1,55,,90208,3,,,1
1,'20270105',542,,90307,3,,,1,15,,90248,3,,,1,52,,90268,3,,,1,15,,90288,3,,,1,15,,90308,3,,,1,15,,90249,3,,,1,55,,90269,3,,,1,15,,90289,3,,,1,15,,90309,3,,,1,15,,90250,3,,,1,55,,90270,3,,,1,15,,90290,3,,,1,15,,90310,3,,,1,15,,90251,3,,,1,55,,90271,3,,,1,15,,90291,3,,,1,15,,90311,3,,,1,15,,90252,3,,,1,55,,90272,3,,,1,15,,90292,3,,,1,15,,90312,3,,,1,15,,90253,3,,,1,55,,90273,3,,,1,15,,90293,3,,,1,15,,90313,3,,,1,15,,90254,3,,,1,55,,90274,3,,,1,15,,90294,3,,,1,15,,90314,3,,,1,15,,90255,3,,,1,55,,90275,3,,,1,15,,90295,3,,,1,15,,90315,3,,,1,15,,90256,3,,,1,55,,90276,3,,,1,15,,90296,3,,,1,15,,90316,3,,,1,15,,90257,3,,,1,55,,90277,3,,,1,15,,90297,3,,,1,15,,90317,3,,,1,15,,90258,3,,,1,55,,90278,3,,,1,15,,90298,3,,,1,15,,90318,3,,,1,15,,90259,3,,,1,55,,90279,3,,,1,15,,90299,3,,,1,15,,90319,3,,,1,15,,90260,3,,,1,55,,90280,3,,,1,15,,90300,3,,,1,15,,90320,3,,,1,15,,90261,3,,,1,55,,90281,3,,,1,15,,90301,3,,,1,15,,90321,3,,,1,15,,90262,3,,,1,55,,90282,3,,,1,15,,90302,3,,,1,15,,90322,3,,,1,15,,90263,3,,,1,55,,90283,3,,,1,15,,90303,3,,,1,15,,90323,3,,,1,15,,90264,3,,,1,55,,90284,3,,,1,15,,90304,3,,,1,15,,90324,3,,,1,15,,90265,3,,,1,55,,90285,3,,,1,15,,90305,3,,,1,15,,90325,3,,,1,15,,90266,3,,,1,55,,90286,3,,,1,15,,90306,3,,,1,15,,90326,3,,,1,15,,90267,3,,,1,55,,90287,3,,,1
1,'20270106',542,,90386,3,,,1,15,,90327,3,,,1,52,,90347,3,,,1,15,,90367,3,,,1,15,,90387,3,,,1,15,,90328,3,,,1,55,,90348,3,,,1,15,,90368,3,,,1,15,,90388,3,,,1,15,,90329,3,,,1,55,,90349,3,,,1,15,,90369,3,,,1,15,,90389,3,,,1,15,,90330,3,,,1,55,,90350,3,,,1,15,,90370,3,,,1,15,,90390,3,,,1,15,,90331,3,,,1,55,,90351,3,,,1,15,,90371,3,,,1,15,,90391,3,,,1,15,,90332,3,,,1,55,,90352,3,,,1,15,,90372,3,,,1,15,,90392,3,,,1,15,,90333,3,,,1,55,,90353,3,,,1,15,,90373,3,,,1,15,,90393,3,,,1,15,,90334,3,,,1,55,,90354,3,,,1,15,,90374,3,,,1,15,,90394,3,,,1,15,,90335,3,,,1,55,,90355,3,,,1,15,,90375,3,,,1,15,,90395,3,,,1,15,,90336,3,,,1,55,,90356,3,,,1,15,,90376,3,,,1,15,,90396,3,,,1,15,,90337,3,,,1,55,,90357,3,,,1,15,,90377,3,,,1,15,,90397,3,,,1,15,,90338,3,,,1,55,,90358,3,,,1,15,,90378,3,,,1,15,,90398,3,,,1,15,,90339,3,,,1,55,,90359,3,,,1,15,,90379,3,,,1,15,,90399,3,,,1,15,,90340,3,,,1,55,,90360,3,,,1,15,,90380,3,,,1,15,,90400,3,,,1,15,,90341,3,,,1,55,,90361,3,,,1,15,,90381,3,,,1,15,,90401,3,,,1,15,,90342,3,,,1,55,,90362,3,,,1,15,,90382,3,,,1,15,,90402,3,,,1,15,,90343,3,,,1,55,,90363,3,,,1,15,,90383,3,,,1,15,,90403,3,,,1,15,,90344,3,,,1,55,,90364,3,,,1,15,,90384,3,,,1,15,,90404,3,,,1,15,,90345,3,,,1,55,,90365,3,,,1,15,,90385,3,,,1,15,,90405,3,,,1,15,,90346,3,,,1,55,,90366,3,,,1
1,'20270107',542,,90465,3,,,1,15,,90406,3,,,1,52,,90426,3,,,1,15,,90446,3,,,1,15,,90466,3,,,1,15,,90407,3,,,1,55,,90427,3,,,1,15,,90447,3,,,1,15,,90467,3,,,1,15,,90408,3,,,1,55,,90428,3,,,1,15,,90448,3,,,1,15,,90468,3,,,1,15,,90409,3,,,1,55,,90429,3,,,1,15,,90449,3,,,1,15,,90469,3,,,1,15,,90410,3,,,1,55,,90430,3,,,1,15,,90450,3,,,1,15,,90470,3,,,1,15,,90411,3,,,1,55,,90431,3,,,1,15,,90451,3,,,1,15,,90471,3,,,1,15,,90412,3,,,1,55,,90432,3,,,1,15,,90452,3,,,1,15,,90472,3,,,1,15,,90413,3,,,1,55,,90433,3,,,1,15,,90453,3,,,1,15,,90473,3,,,1,15,,90414,3,,,1,55,,90434,3,,,1,15,,90454,3,,,1,15,,90474,3,,,1,15,,90415,3,,,1,55,,90435,3,,,1,15,,90455,3,,,1,15,,90475,3,,,1,15,,90416,3,,,1,55,,90436,3,,,1,15,,90456,3,,,1,15,,90476,3,,,1,15,,90417,3,,,1,55,,90437,3,,,1,15,,90457,3,,,1,15,,90477,3,,,1,15,,90418,3,,,1,55,,90438,3,,,1,15,,90458,3,,,1,15,,90478,3,,,1,15,,90419,3,,,1,55,,90439,3,,,1,15,,90459,3,,,1,15,,90479,3,,,1,15,,90420,3,,,1,55,,90440,3,,,1,15,,90460,3,,,1,15,,90480,3,,,1,15,,90421,3,,,1,55,,90441,3,,,1,15,,90461,3,,,1,15,,90481,3,,,1,15,,90422,3,,,1,55,,90442,3,,,1,15,,90462,3,,,1,15,,90482,3,,,1,15,,90423,3,,,1,55,,90443,3,,,1,15,,90463,3,,,1,15,,90483,3,,,1,15,,90424,3,,,1,55,,90444,3,,,1,15,,90464,3,,,1,15,,90484,3,,,1,15,,90425,3,,,1,55,,90445,3,,,1
1,'20270108',542,,90544,3,,,1,15,,90485,3,,,1,52,,90505,3,,,1,15,,90525,3,,,1,15,,90545,3,,,1,15,,90486,3,,,1,55,,90506,3,,,1,15,,90526,3,,,1,15,,90546,3,,,1,15,,90487,3,,,1,55,,90507,3,,,1,15,,90527,3,,,1,15,,90547,3,,,1,15,,90488,3,,,1,55,,90508,3,,,1,15,,90528,3,,,1,15,,90548,3,,,1,15,,90489,3,,,1,55,,90509,3,,,1,15,,90529,3,,,1,15,,90549,3,,,1,15,,90490,3,,,1,55,,90510,3,,,1,15,,90530,3,,,1,15,,90550,3,,,1,15,,90491,3,,,1,55,,90511,3,,,1,15,,90531,3,,,1,15,,90551,3,,,1,15,,90492,3,,,1,55,,90512,3,,,1,15,,90532,3,,,1,15,,90552,3,,,1,15,,90493,3,,,1,55,,90513,3,,,1,15,,90533,3,,,1,15,,90553,3,,,1,15,,90494,3,,,1,55,,90514,3,,,1,15,,90534,3,,,1,15,,90554,3,,,1,15,,90495,3,,,1,55,,90515,3,,,1,15,,90535,3,,,1,15,,90555,3,,,1,15,,90496,3,,,1,55,,90516,3,,,1,15,,90536,3,,,1,15,,90556,3,,,1,15,,90497,3,,,1,55,,90517,3,,,1,15,,90537,3,,,1,15,,90557,3,,,1,15,,90498,3,,,1,55,,90518,3,,,1,15,,90538,3,,,1,15,,90558,3,,,1,15,,90499,3,,,1,55,,90519,3,,,1,15,,90539,3,,,1,15,,90559,3,,,1,15,,90500,3,,,1,55,,90520,3,,,1,15,,90540,3,,,1,15,,90560,3,,,1,15,,90501,3,,,1,55,,90521,3,,,1,15,,90541,3,,,1,15,,90561,3,,,1,15,,90502,3,,,1,55,,90522,3,,,1,15,,90542,3,,,1,15,,90562,3,,,1,15,,90503,3,,,1,55,,90523,3,,,1,15,,90543,3,,,1,15,,90563,3,,,1,15,,90504,3,,,1,55,,90524,3,,,1
1,'20270109',639,,90620,3,,,1,15,,90564,3,,,1,55,,90583,3,,,1,15,,90602,3,,,1,15,,90621,3,,,1,15,,90565,3,,,1,55,,90584,3,,,1,15,,90603,3,,,1,15,,90622,3,,,1,15,,90566,3,,,1,55,,90585,3,,,1,15,,90604,3,,,1,15,,90623,3,,,1,15,,90567,3,,,1,55,,90586,3,,,1,15,,90605,3,,,1,15,,90624,3,,,1,15,,90568,3,,,1,55,,90587,3,,,1,15,,90606,3,,,1,15,,90625,3,,,1,15,,90569,3,,,1,55,,90588,3,,,1,15,,90607,3,,,1,15,,90626,3,,,1,15,,90570,3,,,1,55,,90589,3,,,1,15,,90608,3,,,1,15,,90627,3,,,1,15,,90571,3,,,1,55,,90590,3,,,1,15,,90609,3,,,1,15,,90628,3,,,1,15,,90572,3,,,1,55,,90591,3,,,1,15,,90610,3,,,1,15,,90629,3,,,1,15,,90573,3,,,1,55,,90592,3,,,1,15,,90611,3,,,1,15,,90630,3,,,1,15,,90574,3,,,1,55,,90593,3,,,1,15,,90612,3,,,1,15,,90631,3,,,1,15,,90575,3,,,1,55,,90594,3,,,1,15,,90613,3,,,1,15,,90632,3,,,1,15,,90576,3,,,1,55,,90595,3,,,1,15,,90614,3,,,1,15,,90633,3,,,1,15,,90577,3,,,1,55,,90596,3,,,1,15,,90615,3,,,1,15,,90634,3,,,1,15,,90578,3,,,1,55,,90597,3,,,1,15,,90616,3,,,1,15,,90635,3,,,1,15,,90579,3,,,1,55,,90598,3,,,1,15,,90617,3,,,1,15,,90636,3,,,1,15,,90580,3,,,1,55,,90599,3,,,1,15,,90618,3,,,1,15,,90637,3,,,1,15,,90581,3,,,1,55,,90600,3,,,1,15,,90619,3,,,1,15,,90638,3,,,1,15,,90582,3,,,1,55,,90601,3,,,1
1,'20270110',639,,90695,3,,,1,15,,90639,3,,,1,55,,90658,3,,,1,15,,90677,3,,,1,15,,90696,3,,,1,15,,90640,3,,,1,55,,90659,3,,,1,15,,90678,3,,,1,15,,90697,3,,,1,15,,90641,3,,,1,55,,90660,3,,,1,15,,90679,3,,,1,15,,90698,3,,,1,15,,90642,3,,,1,55,,90661,3,,,1,15,,90680,3,,,1,15,,90699,3,,,1,15,,90643,3,,,1,55,,90662,3,,,1,15,,90681,3,,,1,15,,90700,3,,,1,15,,90644,3,,,1,55,,90663,3,,,1,15,,90682,3,,,1,15,,90701,3,,,1,15,,90645,3,,,1,55,,90664,3,,,1,15,,90683,3,,,1,15,,90702,3,,,1,15,,90646,3,,,1,55,,90665,3,,,1,15,,90684,3,,,1,15,,90703,3,,,1,15,,90647,3,,,1,55,,90666,3,,,1,15,,90685,3,,,1,15,,90704,3,,,1,15,,90648,3,,,1,55,,90667,3,,,1,15,,90686,3,,,1,15,,90705,3,,,1,15,,90649,3,,,1,55,,90668,3,,,1,15,,90687,3,,,1,15,,90706,3,,,1,15,,90650,3,,,1,55,,90669,3,,,1,15,,90688,3,,,1,15,,90707,3,,,1,15,,90651,3,,,1,55,,90670,3,,,1,15,,90689,3,,,1,15,,90708,3,,,1,15,,90652,3,,,1,55,,90671,3,,,1,15,,90690,3,,,1,15,,90709,3,,,1,15,,90653,3,,,1,55,,90672,3,,,1,15,,90691,3,,,1,15,,90710,3,,,1,15,,90654,3,,,1,55,,90673,3,,,1,15,,90692,3,,,1,15,,90711,3,,,1,15,,90655,3,,,1,55,,90674,3,,,1,15,,90693,3,,,1,15,,90712,3,,,1,15,,90656,3,,,1,55,,90675,3,,,1,15,,90694,3,,,1,15,,90713,3,,,1,15,,90657,3,,,1,55,,90676,3,,,1
1,'20270111',542,,90773,3,,,1,15,,90714,3,,,1,52,,90734,3,,,1,15,,90754,3,,,1,15,,90774,3,,,1,15,,90715,3,,,1,55,,90735,3,,,1,15,,90755,3,,,1,15,,90775,3,,,1,15,,90716,3,,,1,55,,90736,3,,,1,15,,90756,3,,,1,15,,90776,3,,,1,15,,90717,3,,,1,55,,90737,3,,,1,15,,90757,3,,,1,15,,90777,3,,,1,15,,90718,3,,,1,55,,90738,3,,,1,15,,90758,3,,,1,15,,90778,3,,,1,15,,90719,3,,,1,55,,90739,3,,,1,15,,90759,3,,,1,15,,90779,3,,,1,15,,90720,3,,,1,55,,90740,3,,,1,15,,90760,3,,,1,15,,90780,3,,,1,15,,90721,3,,,1,55,,90741,3,,,1,15,,90761,3,,,1,15,,90781,3,,,1,15,,90722,3,,,1,55,,90742,3,,,1,15,,90762,3,,,1,15,,90782,3,,,1,15,,90723,3,,,1,55,,90743,3,,,1,15,,90763,3,,,1,15,,90783,3,,,1,15,,90724,3,,,1,55,,90744,3,,,1,15,,90764,3,,,1,15,,90784,3,,,1,15,,90725,3,,,1,55,,90745,3,,,1,15,,90765,3,,,1,15,,90785,3,,,1,15,,90726,3,,,1,55,,90746,3,,,1,15,,90766,3,,,1,15,,90786,3,,,1,15,,90727,3,,,1,55,,90747,3,,,1,15,,90767,3,,,1,15,,90787,3,,,1,15,,90728,3,,,1,55,,90748,3,,,1,15,,90768,3,,,1,15,,90788,3,,,1,15,,90729,3,,,1,55,,90749,3,,,1,15,,90769,3,,,1,15,,90789,3,,,1,15,,90730,3,,,1,55,,90750,3,,,1,15,,90770,3,,,1,15,,90790,3,,,1,15,,90731,3,,,1,55,,90751,3,,,1,15,,90771,3,,,1,15,,90791,3,,,1,15,,90732,3,,,1,55,,90752,3,,,1,15,,90772,3,,,1,15,,90792,3,,,1,15,,90733,3,,,1,55,,90753,3,,,1
1,'20270112',542,,90852,3,,,1,15,,90793,3,,,1,52,,90813,3,,,1,15,,90833,3,,,1,15,,90853,3,,,1,15,,90794,3,,,1,55,,90814,3,,,1,15,,90834,3,,,1,15,,90854,3,,,1,15,,90795,3,,,1,55,,90815,3,,,1,15,,90835,3,,,1,15,,90855,3,,,1,15,,90796,3,,,1,55,,90816,3,,,1,15,,90836,3,,,1,15,,90856,3,,,1,15,,90797,3,,,1,55,,90817,3,,,1,15,,90837,3,,,1,15,,90857,3,,,1,15,,90798,3,,,1,55,,90818,3,,,1,15,,90838,3,,,1,15,,90858,3,,,1,15,,90799,3,,,1,55,,90819,3,,,1,15,,90839,3,,,1,15,,90859,3,,,1,15,,90800,3,,,1,55,,90820,3,,,1,15,,90840,3,,,1,15,,90860,3,,,1,15,,90801,3,,,1,55,,90821,3,,,1,15,,90841,3,,,1,15,,90861,3,,,1,15,,90802,3,,,1,55,,90822,3,,,1,15,,90842,3,,,1,15,,90862,3,,,1,15,,90803,3,,,1,55,,90823,3,,,1,15,,90843,3,,,1,15,,90863,3,,,1,15,,90804,3,,,1,55,,90824,3,,,1,15,,90844,3,,,1,15,,90864,3,,,1,15,,90805,3,,,1,55,,90825,3,,,1,15,,90845,3,,,1,15,,90865,3,,,1,15,,90806,3,,,1,55,,90826,3,,,1,15,,90846,3,,,1,15,,90866,3,,,1,15,,90807,3,,,1,55,,90827,3,,,1,15,,90847,3,,,1,15,,90867,3,,,1,15,,90808,3,,,1,55,,90828,3,,,1,15,,90848,3,,,1,15,,90868,3,,,1,15,,90809,3,,,1,55,,90829,3,,,1,15,,90849,3,,,1,15,,90869,3,,,1,15,,90810,3,,,1,55,,90830,3,,,1,15,,90850,3,,,1,15,,90870,3,,,1,15,,90811,3,,,1,55,,90831,3,,,1,15,,90851,3,,,1,15,,90871,3,,,1,15,,90812,3,,,1,55,,90832,3,,,1
1,'20270113',542,,90931,3,,,1,15,,90872,3,,,1,52,,90892,3,,,1,15,,90912,3,,,1,15,,90932,3,,,1,15,,90873,3,,,1,55,,90893,3,,,1,15,,90913,3,,,1,15,,90933,3,,,1,15,,90874,3,,,1,55,,90894,3,,,1,15,,90914,3,,,1,15,,90934,3,,,1,15,,90875,3,,,1,55,,90895,3,,,1,15,,90915,3,,,1,15,,90935,3,,,1,15,,90876,3,,,1,55,,90896,3,,,1,15,,90916,3,,,1,15,,90936,3,,,1,15,,90877,3,,,1,55,,90897,3,,,1,15,,90917,3,,,1,15,,90937,3,,,1,15,,90878,3,,,1,55,,90898,3,,,1,15,,90918,3,,,1,15,,90938,3,,,1,15,,90879,3,,,1,55,,90899,3,,,1,15,,90919,3,,,1,15,,90939,3,,,1,15,,90880,3,,,1,55,,90900,3,,,1,15,,90920,3,,,1,15,,90940,3,,,1,15,,90881,3,,,1,55,,90901,3,,,1,15,,90921,3,,,1,15,,90941,3,,,1,15,,90882,3,,,1,55,,90902,3,,,1,15,,90922,3,,,1,15,,90942,3,,,1,15,,90883,3,,,1,55,,90903,3,,,1,15,,90923,3,,,1,15,,90943,3,,,1,15,,90884,3,,,1,55,,90904,3,,,1,15,,90924,3,,,1,15,,90944,3,,,1,15,,90885,3,,,1,55,,90905,3,,,1,15,,90925,3,,,1,15,,90945,3,,,1,15,,90886,3,,,1,55,,90906,3,,,1,15,,90926,3,,,1,15,,90946,3,,,1,15,,90887,3,,,1,55,,90907,3,,,1,15,,90927,3,,,1,15,,90947,3,,,1,15,,90888,3,,,1,55,,90908,3,,,1,15,,90928,3,,,1,15,,90948,3,,,1,15,,90889,3,,,1,55,,90909,3,,,1,15,,90929,3,,,1,15,,90949,3,,,1,15,,90890,3,,,1,55,,90910,3,,,1,15,,90930,3,,,1,15,,90950,3,,,1,15,,90891,3,,,1,55,,90911,3,,,1
1,'20270114',542,,91010,3,,,1,15,,90951,3,,,1,52,,90971,3,,,1,15,,90991,3,,,1,15,,91011,3,,,1,15,,90952,3,,,1,55,,90972,3,,,1,15,,90992,3,,,1,15,,91012,3,,,1,15,,90953,3,,,1,55,,90973,3,,,1,15,,90993,3,,,1,15,,91013,3,,,1,15,,90954,3,,,1,55,,90974,3,,,1,15,,90994,3,,,1,15,,91014,3,,,1,15,,90955,3,,,1,55,,90975,3,,,1,15,,90995,3,,,1,15,,91015,3,,,1,15,,90956,3,,,1,55,,90976,3,,,1,15,,90996,3,,,1,15,,91016,3,,,1,15,,90957,3,,,1,55,,90977,3,,,1,15,,90997,3,,,1,15,,91017,3,,,1,15,,90958,3,,,1,55,,90978,3,,,1,15,,90998,3,,,1,15,,91018,3,,,1,15,,90959,3,,,1,55,,90979,3,,,1,15,,90999,3,,,1,15,,91019,3,,,1,15,,90960,3,,,1,55,,90980,3,,,1,15,,91000,3,,,1,15,,91020,3,,,1,15,,90961,3,,,1,55,,90981,3,,,1,15,,91001,3,,,1,15,,91021,3,,,1,15,,90962,3,,,1,55,,90982,3,,,1,15,,91002,3,,,1,15,,91022,3,,,1,15,,90963,3,,,1,55,,90983,3,,,1,15,,91003,3,,,1,15,,91023,3,,,1,15,,90964,3,,,1,55,,90984,3,,,1,15,,91004,3,,,1,15,,91024,3,,,1,15,,90965,3,,,1,55,,90985,3,,,1,15,,91005,3,,,1,15,,91025,3,,,1,15,,90966,3,,,1,55,,90986,3,,,1,15,,91006,3,,,1,15,,91026,3,,,1,15,,90967,3,,,1,55,,90987,3,,,1,15,,91007,3,,,1,15,,91027,3,,,1,15,,90968,3,,,1,55,,90988,3,,,1,15,,91008,3,,,1,15,,91028,3,,,1,15,,90969,3,,,1,55,,90989,3,,,1,15,,91009,3,,,1,15,,91029,3,,,1,15,,90970,3,,,1,55,,90990,3,,,1
1,'20270115',542,,91089,3,,,1,15,,91030,3,,,1,52,,91050,3,,,1,15,,91070,3,,,1,15,,91090,3,,,1,15,,91031,3,,,1,55,,91051,3,,,1,15,,91071,3,,,1,15,,91091,3,,,1,15,,91032,3,,,1,55,,91052,3,,,1,15,,91072,3,,,1,15,,91092,3,,,1,15,,91033,3,,,1,55,,91053,3,,,1,15,,91073,3,,,1,15,,91093,3,,,1,15,,91034,3,,,1,55,,91054,3,,,1,15,,91074,3,,,1,15,,91094,3,,,1,15,,91035,3,,,1,55,,91055,3,,,1,15,,91075,3,,,1,15,,91095,3,,,1,15,,91036,3,,,1,55,,91056,3,,,1,15,,91076,3,,,1,15,,91096,3,,,1,15,,91037,3,,,1,55,,91057,3,,,1,15,,91077,3,,,1,15,,91097,3,,,1,15,,91038,3,,,1,55,,91058,3,,,1,15,,91078,3,,,1,15,,91098,3,,,1,15,,91039,3,,,1,55,,91059,3,,,1,15,,91079,3,,,1,15,,91099,3,,,1,15,,91040,3,,,1,55,,91060,3,,,1,15,,91080,3,,,1,15,,91100,3,,,1,15,,91041,3,,,1,55,,91061,3,,,1,15,,91081,3,,,1,15,,91101,3,,,1,15,,91042,3,,,1,55,,91062,3,,,1,15,,91082,3,,,1,15,,91102,3,,,1,15,,91043,3,,,1,55,,91063,3,,,1,15,,91083,3,,,1,15,,91103,3,,,1,15,,91044,3,,,1,55,,91064,3,,,1,15,,91084,3,,,1,15,,91104,3,,,1,15,,91045,3,,,1,55,,91065,3,,,1,15,,91085,3,,,1,15,,91105,3,,,1,15,,91046,3,,,1,55,,91066,3,,,1,15,,91086,3,,,1,15,,91106,3,,,1,15,,91047,3,,,1,55,,91067,3,,,1,15,,91087,3,,,1,15,,91107,3,,,1,15,,91048,3,,,1,55,,91068,3,,,1,15,,91088,3,,,1,15,,91108,3,,,1,15,,91049,3,,,1,55,,91069,3,,,1
1,'20270116',639,,91165,3,,,1,15,,91109,3,,,1,55,,91128,3,,,1,15,,91147,3,,,1,15,,91166,3,,,1,15,,91110,3,,,1,55,,91129,3,,,1,15,,91148,3,,,1,15,,91167,3,,,1,15,,91111,3,,,1,55,,91130,3,,,1,15,,91149,3,,,1,15,,91168,3,,,1,15,,91112,3,,,1,55,,91131,3,,,1,15,,91150,3,,,1,15,,91169,3,,,1,15,,91113,3,,,1,55,,91132,3,,,1,15,,91151,3,,,1,15,,91170,3,,,1,15,,91114,3,,,1,55,,91133,3,,,1,15,,91152,3,,,1,15,,91171,3,,,1,15,,91115,3,,,1,55,,91134,3,,,1,15,,91153,3,,,1,15,,91172,3,,,1,15,,91116,3,,,1,55,,91135,3,,,1,15,,91154,3,,,1,15,,91173,3,,,1,15,,91117,3,,,1,55,,91136,3,,,1,15,,91155,3,,,1,15,,91174,3,,,1,15,,91118,3,,,1,55,,91137,3,,,1,15,,91156,3,,,1,15,,91175,3,,,1,15,,91119,3,,,1,55,,91138,3,,,1,15,,91157,3,,,1,15,,91176,3,,,1,15,,91120,3,,,1,55,,91139,3,,,1,15,,91158,3,,,1,15,,91177,3,,,1,15,,91121,3,,,1,55,,91140,3,,,1,15,,91159,3,,,1,15,,91178,3,,,1,15,,91122,3,,,1,55,,91141,3,,,1,15,,91160,3,,,1,15,,91179,3,,,1,15,,91123,3,,,1,55,,91142,3,,,1,15,,91161,3,,,1,15,,91180,3,,,1,15,,91124,3,,,1,55,,91143,3,,,1,15,,91162,3,,,1,15,,91181,3,,,1,15,,91125,3,,,1,55,,91144,3,,,1,15,,91163,3,,,1,15,,91182,3,,,1,15,,91126,3,,,1,55,,91145,3,,,1,15,,91164,3,,,1,15,,91183,3,,,1,15,,91127,3,,,1,55,,91146,3,,,1
1,'20270117',639,,91240,3,,,1,15,,91184,3,,,1,55,,91203,3,,,1,15,,91222,3,,,1,15,,91241,3,,,1,15,,91185,3,,,1,55,,91204,3,,,1,15,,91223,3,,,1,15,,91242,3,,,1,15,,91186,3,,,1,55,,91205,3,,,1,15,,91224,3,,,1,15,,91243,3,,,1,15,,91187,3,,,1,55,,91206,3,,,1,15,,91225,3,,,1,15,,91244,3,,,1,15,,91188,3,,,1,55,,91207,3,,,1,15,,91226,3,,,1,15,,91245,3,,,1,15,,91189,3,,,1,55,,91208,3,,,1,15,,91227,3,,,1,15,,91246,3,,,1,15,,91190,3,,,1,55,,91209,3,,,1,15,,91228,3,,,1,15,,91247,3,,,1,15,,91191,3,,,1,55,,91210,3,,,1,15,,91229,3,,,1,15,,91248,3,,,1,15,,91192,3,,,1,55,,91211,3,,,1,15,,91230,3,,,1,15,,91249,3,,,1,15,,91193,3,,,1,55,,91212,3,,,1,15,,91231,3,,,1,15,,91250,3,,,1,15,,91194,3,,,1,55,,91213,3,,,1,15,,91232,3,,,1,15,,91251,3,,,1,15,,91195,3,,,1,55,,91214,3,,,1,15,,91233,3,,,1,15,,91252,3,,,1,15,,91196,3,,,1,55,,91215,3,,,1,15,,91234,3,,,1,15,,91253,3,,,1,15,,91197,3,,,1,55,,91216,3,,,1,15,,91235,3,,,1,15,,91254,3,,,1,15,,91198,3,,,1,55,,91217,3,,,1,15,,91236,3,,,1,15,,91255,3,,,1,15,,91199,3,,,1,55,,91218,3,,,1,15,,91237,3,,,1,15,,91256,3,,,1,15,,91200,3,,,1,55,,91219,3,,,1,15,,91238,3,,,1,15,,91257,3,,,1,15,,91201,3,,,1,55,,91220,3,,,1,15,,91239,3,,,1,15,,91258,3,,,1,15,,91202,3,,,1,55,,91221,3,,,1
1,'20270118',542,,91318,3,,,1,15,,91259,3,,,1,52,,91279,3,,,1,15,,91299,3,,,1,15,,91319,3,,,1,15,,91260,3,,,1,55,,91280,3,,,1,15,,91300,3,,,1,15,,91320,3,,,1,15,,91261,3,,,1,55,,91281,3,,,1,15,,91301,3,,,1,15,,91321,3,,,1,15,,91262,3,,,1,55,,91282,3,,,1,15,,91302,3,,,1,15,,91322,3,,,1,15,,91263,3,,,1,55,,91283,3,,,1,15,,91303,3,,,1,15,,91323,3,,,1,15,,91264,3,,,1,55,,91284,3,,,1,15,,91304,3,,,1,15,,91324,3,,,1,15,,91265,3,,,1,55,,91285,3,,,1,15,,91305,3,,,1,15,,91325,3,,,1,15,,91266,3,,,1,55,,91286,3,,,1,15,,91306,3,,,1,15,,91326,3,,,1,15,,91267,3,,,1,55,,91287,3,,,1,15,,91307,3,,,1,15,,91327,3,,,1,15,,91268,3,,,1,55,,91288,3,,,1,15,,91308,3,,,1,15,,91328,3,,,1,15,,91269,3,,,1,55,,91289,3,,,1,15,,91309,3,,,1,15,,91329,3,,,1,15,,91270,3,,,1,55,,91290,3,,,1,15,,91310,3,,,1,15,,91330,3,,,1,15,,91271,3,,,1,55,,91291,3,,,1,15,,91311,3,,,1,15,,91331,3,,,1,15,,91272,3,,,1,55,,91292,3,,,1,15,,91312,3,,,1,15,,91332,3,,,1,15,,91273,3,,,1,55,,91293,3,,,1,15,,91313,3,,,1,15,,91333,3,,,1,15,,91274,3,,,1,55,,91294,3,,,1,15,,91314,3,,,1,15,,91334,3,,,1,15,,91275,3,,,1,55,,91295,3,,,1,15,,91315,3,,,1,15,,91335,3,,,1,15,,91276,3,,,1,55,,91296,3,,,1,15,,91316,3,,,1,15,,91336,3,,,1,15,,91277,3,,,1,55,,91297,3,,,1,15,,91317,3,,,1,15,,91337,3,,,1,15,,91278,3,,,1,55,,91298,3,,,1
1,'20270119',542,,91397,3,,,1,15,,91338,3,,,1,52,,91358,3,,,1,15,,91378,3,,,1,15,,91398,3,,,1,15,,91339,3,,,1,55,,91359,3,,,1,15,,91379,3,,,1,15,,91399,3,,,1,15,,91340,3,,,1,55,,91360,3,,,1,15,,91380,3,,,1,15,,91400,3,,,1,15,,91341,3,,,1,55,,91361,3,,,1,15,,91381,3,,,1,15,,91401,3,,,1,15,,91342,3,,,1,55,,91362,3,,,1,15,,91382,3,,,1,15,,91402,3,,,1,15,,91343,3,,,1,55,,91363,3,,,1,15,,91383,3,,,1,15,,91403,3,,,1,15,,91344,3,,,1,55,,91364,3,,,1,15,,91384,3,,,1,15,,91404,3,,,1,15,,91345,3,,,1,55,,91365,3,,,1,15,,91385,3,,,1,15,,91405,3,,,1,15,,91346,3,,,1,55,,91366,3,,,1,15,,91386,3,,,1,15,,91406,3,,,1,15,,91347,3,,,1,55,,91367,3,,,1,15,,91387,3,,,1,15,,91407,3,,,1,15,,91348,3,,,1,55,,91368,3,,,1,15,,91388,3,,,1,15,,91408,3,,,1,15,,91349,3,,,1,55,,91369,3,,,1,15,,91389,3,,,1,15,,91409,3,,,1,15,,91350,3,,,1,55,,91370,3,,,1,15,,91390,3,,,1,15,,91410,3,,,1,15,,91351,3,,,1,55,,91371,3,,,1,15,,91391,3,,,1,15,,91411,3,,,1,15,,91352,3,,,1,55,,91372,3,,,1,15,,91392,3,,,1,15,,91412,3,,,1,15,,91353,3,,,1,55,,91373,3,,,1,15,,91393,3,,,1,15,,91413,3,,,1,15,,91354,3,,,1,55,,91374,3,,,1,15,,91394,3,,,1,15,,91414,3,,,1,15,,91355,3,,,1,55,,91375,3,,,1,15,,91395,3,,,1,15,,91415,3,,,1,15,,91356,3,,,1,55,,91376,3,,,1,15,,91396,3,,,1,15,,91416,3,,,1,15,,91357,3,,,1,55,,91377,3,,,1
1,'20270120',542,,91476,3,,,1,15,,91417,3,,,1,52,,91437,3,,,1,15,,91457,3,,,1,15,,91477,3,,,1,15,,91418,3,,,1,55,,91438,3,,,1,15,,91458,3,,,1,15,,91478,3,,,1,15,,91419,3,,,1,55,,91439,3,,,1,15,,91459,3,,,1,15,,91479,3,,,1,15,,91420,3,,,1,55,,91440,3,,,1,15,,91460,3,,,1,15,,91480,3,,,1,15,,91421,3,,,1,55,,91441,3,,,1,15,,91461,3,,,1,15,,91481,3,,,1,15,,91422,3,,,1,55,,91442,3,,,1,15,,91462,3,,,1,15,,91482,3,,,1,15,,91423,3,,,1,55,,91443,3,,,1,15,,91463,3,,,1,15,,91483,3,,,1,15,,91424,3,,,1,55,,91444,3,,,1,15,,91464,3,,,1,15,,91484,3,,,1,15,,91425,3,,,1,55,,91445,3,,,1,15,,91465,3,,,1,15,,91485,3,,,1,15,,91426,3,,,1,55,,91446,3,,,1,15,,91466,3,,,1,15,,91486,3,,,1,15,,91427,3,,,1,55,,91447,3,,,1,15,,91467,3,,,1,15,,91487,3,,,1,15,,91428,3,,,1,55,,91448,3,,,1,15,,91468,3,,,1,15,,91488,3,,,1,15,,91429,3,,,1,55,,91449,3,,,1,15,,91469,3,,,1,15,,91489,3,,,1,15,,91430,3,,,1,55,,91450,3,,,1,15,,91470,3,,,1,15,,91490,3,,,1,15,,91431,3,,,1,55,,91451,3,,,1,15,,91471,3,,,1,15,,91491,3,,,1,15,,91432,3,,,1,55,,91452,3,,,1,15,,91472,3,,,1,15,,91492,3,,,1,15,,91433,3,,,1,55,,91453,3,,,1,15,,91473,3,,,1,15,,91493,3,,,1,15,,91434,3,,,1,55,,91454,3,,,1,15,,91474,3,,,1,15,,91494,3,,,1,15,,91435,3,,,1,55,,91455,3,,,1,15,,91475,3,,,1,15,,91495,3,,,1,15,,91436,3,,,1,55,,91456,3,,,1
1,'20270121',542,,91555,3,,,1,15,,91496,3,,,1,52,,91516,3,,,1,15,,91536,3,,,1,15,,91556,3,,,1,15,,91497,3,,,1,55,,91517,3,,,1,15,,91537,3,,,1,15,,91557,3,,,1,15,,91498,3,,,1,55,,91518,3,,,1,15,,91538,3,,,1,15,,91558,3,,,1,15,,91499,3,,,1,55,,91519,3,,,1,15,,91539,3,,,1,15,,91559,3,,,1,15,,91500,3,,,1,55,,91520,3,,,1,15,,91540,3,,,1,15,,91560,3,,,1,15,,91501,3,,,1,55,,91521,3,,,1,15,,91541,3,,,1,15,,91561,3,,,1,15,,91502,3,,,1,55,,91522,3,,,1,15,,91542,3,,,1,15,,91562,3,,,1,15,,91503,3,,,1,55,,91523,3,,,1,15,,91543,3,,,1,15,,91563,3,,,1,15,,91504,3,,,1,55,,91524,3,,,1,15,,91544,3,,,1,15,,91564,3,,,1,15,,91505,3,,,1,55,,91525,3,,,1,15,,91545,3,,,1,15,,91565,3,,,1,15,,91506,3,,,1,55,,91526,3,,,1,15,,91546,3,,,1,15,,91566,3,,,1,15,,91507,3,,,1,55,,91527,3,,,1,15,,91547,3,,,1,15,,91567,3,,,1,15,,91508,3,,,1,55,,91528,3,,,1,15,,91548,3,,,1,15,,91568,3,,,1,15,,91509,3,,,1,55,,91529,3,,,1,15,,91549,3,,,1,15,,91569,3,,,1,15,,91510,3,,,1,55,,91530,3,,,1,15,,91550,3,,,1,15,,91570,3,,,1,15,,91511,3,,,1,55,,91531,3,,,1,15,,91551,3,,,1,15,,91571,3,,,1,15,,91512,3,,,1,55,,91532,3,,,1,15,,91552,3,,,1,15,,91572,3,,,1,15,,91513,3,,,1,55,,91533,3,,,1,15,,91553,3,,,1,15,,91573,3,,,1,15,,91514,3,,,1,55,,91534,3,,,1,15,,91554,3,,,1,15,,91574,3,,,1,15,,91515,3,,,1,55,,91535,3,,,1
1,'20270122',542,,91634,3,,,1,15,,91575,3,,,1,52,,91595,3,,,1,15,,91615,3,,,1,15,,91635,3,,,1,15,,91576,3,,,1,55,,91596,3,,,1,15,,91616,3,,,1,15,,91636,3,,,1,15,,91577,3,,,1,55,,91597,3,,,1,15,,91617,3,,,1,15,,91637,3,,,1,15,,91578,3,,,1,55,,91598,3,,,1,15,,91618,3,,,1,15,,91638,3,,,1,15,,91579,3,,,1,55,,91599,3,,,1,15,,91619,3,,,1,15,,91639,3,,,1,15,,91580,3,,,1,55,,91600,3,,,1,15,,91620,3,,,1,15,,91640,3,,,1,15,,91581,3,,,1,55,,91601,3,,,1,15,,91621,3,,,1,15,,91641,3,,,1,15,,91582,3,,,1,55,,91602,3,,,1,15,,91622,3,,,1,15,,91642,3,,,1,15,,91583,3,,,1,55,,91603,3,,,1,15,,91623,3,,,1,15,,91643,3,,,1,15,,91584,3,,,1,55,,91604,3,,,1,15,,91624,3,,,1,15,,91644,3,,,1,15,,91585,3,,,1,55,,91605,3,,,1,15,,91625,3,,,1,15,,91645,3,,,1,15,,91586,3,,,1,55,,91606,3,,,1,15,,91626,3,,,1,15,,91646,3,,,1,15,,91587,3,,,1,55,,91607,3,,,1,15,,91627,3,,,1,15,,91647,3,,,1,15,,91588,3,,,1,55,,91608,3,,,1,15,,91628,3,,,1,15,,91648,3,,,1,15,,91589,3,,,1,55,,91609,3,,,1,15,,91629,3,,,1,15,,91649,3,,,1,15,,91590,3,,,1,55,,91610,3,,,1,15,,91630,3,,,1,15,,91650,3,,,1,15,,91591,3,,,1,55,,91611,3,,,1,15,,91631,3,,,1,15,,91651,3,,,1,15,,91592,3,,,1,55,,91612,3,,,1,15,,91632,3,,,1,15,,91652,3,,,1,15,,91593,3,,,1,55,,91613,3,,,1,15,,91633,3,,,1,15,,91653,3,,,1,15,,91594,3,,,1,55,,91614,3,,,1
1,'20270123',639,,91710,3,,,1,15,,91654,3,,,1,55,,91673,3,,,1,15,,91692,3,,,1,15,,91711,3,,,1,15,,91655,3,,,1,55,,91674,3,,,1,15,,91693,3,,,1,15,,91712,3,,,1,15,,91656,3,,,1,55,,91675,3,,,1,15,,91694,3,,,1,15,,91713,3,,,1,15,,91657,3,,,1,55,,91676,3,,,1,15,,91695,3,,,1,15,,91714,3,,,1,15,,91658,3,,,1,55,,91677,3,,,1,15,,91696,3,,,1,15,,91715,3,,,1,15,,91659,3,,,1,55,,91678,3,,,1,15,,91697,3,,,1,15,,91716,3,,,1,15,,91660,3,,,1,55,,91679,3,,,1,15,,91698,3,,,1,15,,91717,3,,,1,15,,91661,3,,,1,55,,91680,3,,,1,15,,91699,3,,,1,15,,91718,3,,,1,15,,91662,3,,,1,55,,91681,3,,,1,15,,91700,3,,,1,15,,91719,3,,,1,15,,91663,3,,,1,55,,91682,3,,,1,15,,91701,3,,,1,15,,91720,3,,,1,15,,91664,3,,,1,55,,91683,3,,,1,15,,91702,3,,,1,15,,91721,3,,,1,15,,91665,3,,,1,55,,91684,3,,,1,15,,91703,3,,,1,15,,91722,3,,,1,15,,91666,3,,,1,55,,91685,3,,,1,15,,91704,3,,,1,15,,91723,3,,,1,15,,91667,3,,,1,55,,91686,3,,,1,15,,91705,3,,,1,15,,91724,3,,,1,15,,91668,3,,,1,55,,91687,3,,,1,15,,91706,3,,,1,15,,91725,3,,,1,15,,91669,3,,,1,55,,91688,3,,,1,15,,91707,3,,,1,15,,91726,3,,,1,15,,91670,3,,,1,55,,91689,3,,,1,15,,91708,3,,,1,15,,91727,3,,,1,15,,91671,3,,,1,55,,91690,3,,,1,15,,91709,3,,,1,15,,91728,3,,,1,15,,91672,3,,,1,55,,91691,3,,,1
1,'20270124',639,,91785,3,,,1,15,,91729,3,,,1,55,,91748,3,,,1,15,,91767,3,,,1,15,,91786,3,,,1,15,,91730,3,,,1,55,,91749,3,,,1,15,,91768,3,,,1,15,,91787,3,,,1,15,,91731,3,,,1,55,,91750,3,,,1,15,,91769,3,,,1,15,,91788,3,,,1,15,,91732,3,,,1,55,,91751,3,,,1,15,,91770,3,,,1,15,,91789,3,,,1,15,,91733,3,,,1,55,,91752,3,,,1,15,,91771,3,,,1,15,,91790,3,,,1,15,,91734,3,,,1,55,,91753,3,,,1,15,,91772,3,,,1,15,,91791,3,,,1,15,,91735,3,,,1,55,,91754,3,,,1,15,,91773,3,,,1,15,,91792,3,,,1,15,,91736,3,,,1,55,,91755,3,,,1,15,,91774,3,,,1,15,,91793,3,,,1,15,,91737,3,,,1,55,,91756,3,,,1,15,,91775,3,,,1,15,,91794,3,,,1,15,,91738,3,,,1,55,,91757,3,,,1,15,,91776,3,,,1,15,,91795,3,,,1,15,,91739,3,,,1,55,,91758,3,,,1,15,,91777,3,,,1,15,,91796,3,,,1,15,,91740,3,,,1,55,,91759,3,,,1,15,,91778,3,,,1,15,,91797,3,,,1,15,,91741,3,,,1,55,,91760,3,,,1,15,,91779,3,,,1,15,,91798,3,,,1,15,,91742,3,,,1,55,,91761,3,,,1,15,,91780,3,,,1,15,,91799,3,,,1,15,,91743,3,,,1,55,,91762,3,,,1,15,,91781,3,,,1,15,,91800,3,,,1,15,,91744,3,,,1,55,,91763,3,,,1,15,,91782,3,,,1,15,,91801,3,,,1,15,,91745,3,,,1,55,,91764,3,,,1,15,,91783,3,,,1,15,,91802,3,,,1,15,,91746,3,,,1,55,,91765,3,,,1,15,,91784,3,,,1,15,,91803,3,,,1,15,,91747,3,,,1,55,,91766,3,,,1
1,'20270125',542,,91863,3,,,1,15,,91804,3,,,1,52,,91824,3,,,1,15,,91844,3,,,1,15,,91864,3,,,1,15,,91805,3,,,1,55,,91825,3,,,1,15,,91845,3,,,1,15,,91865,3,,,1,15,,91806,3,,,1,55,,91826,3,,,1,15,,91846,3,,,1,15,,91866,3,,,1,15,,91807,3,,,1,55,,91827,3,,,1,15,,91847,3,,,1,15,,91867,3,,,1,15,,91808,3,,,1,55,,91828,3,,,1,15,,91848,3,,,1,15,,91868,3,,,1,15,,91809,3,,,1,55,,91829,3,,,1,15,,91849,3,,,1,15,,91869,3,,,1,15,,91810,3,,,1,55,,91830,3,,,1,15,,91850,3,,,1,15,,91870,3,,,1,15,,91811,3,,,1,55,,91831,3,,,1,15,,91851,3,,,1,15,,91871,3,,,1,15,,91812,3,,,1,55,,91832,3,,,1,15,,91852,3,,,1,15,,91872,3,,,1,15,,91813,3,,,1,55,,91833,3,,,1,15,,91853,3,,,1,15,,91873,3,,,1,15,,91814,3,,,1,55,,91834,3,,,1,15,,91854,3,,,1,15,,91874,3,,,1,15,,91815,3,,,1,55,,91835,3,,,1,15,,91855,3,,,1,15,,91875,3,,,1,15,,91816,3,,,1,55,,91836,3,,,1,15,,91856,3,,,1,15,,91876,3,,,1,15,,91817,3,,,1,55,,91837,3,,,1,15,,91857,3,,,1,15,,91877,3,,,1,15,,91818,3,,,1,55,,91838,3,,,1,15,,91858,3,,,1,15,,91878,3,,,1,15,,91819,3,,,1,55,,91839,3,,,1,15,,91859,3,,,1,15,,91879,3,,,1,15,,91820,3,,,1,55,,91840,3,,,1,15,,91860,3,,,1,15,,91880,3,,,1,15,,91821,3,,,1,55,,91841,3,,,1,15,,91861,3,,,1,15,,91881,3,,,1,15,,91822,3,,,1,55,,91842,3,,,1,15,,91862,3,,,1,15,,91882,3,,,1,15,,91823,3,,,1,55,,91843,3,,,1
1,'20270126',542,,91942,3,,,1,15,,91883,3,,,1,52,,91903,3,,,1,15,,91923,3,,,1,15,,91943,3,,,1,15,,91884,3,,,1,55,,91904,3,,,1,15,,91924,3,,,1,15,,91944,3,,,1,15,,91885,3,,,1,55,,91905,3,,,1,15,,91925,3,,,1,15,,91945,3,,,1,15,,91886,3,,,1,55,,91906,3,,,1,15,,91926,3,,,1,15,,91946,3,,,1,15,,91887,3,,,1,55,,91907,3,,,1,15,,91927,3,,,1,15,,91947,3,,,1,15,,91888,3,,,1,55,,91908,3,,,1,15,,91928,3,,,1,15,,91948,3,,,1,15,,91889,3,,,1,55,,91909,3,,,1,15,,91929,3,,,1,15,,91949,3,,,1,15,,91890,3,,,1,55,,91910,3,,,1,15,,91930,3,,,1,15,,91950,3,,,1,15,,91891,3,,,1,55,,91911,3,,,1,15,,91931,3,,,1,15,,91951,3,,,1,15,,91892,3,,,1,55,,91912,3,,,1,15,,91932,3,,,1,15,,91952,3,,,1,15,,91893,3,,,1,55,,91913,3,,,1,15,,91933,3,,,1,15,,91953,3,,,1,15,,91894,3,,,1,55,,91914,3,,,1,15,,91934,3,,,1,15,,91954,3,,,1,15,,91895,3,,,1,55,,91915,3,,,1,15,,91935,3,,,1,15,,91955,3,,,1,15,,91896,3,,,1,55,,91916,3,,,1,15,,91936,3,,,1,15,,91956,3,,,1,15,,91897,3,,,1,55,,91917,3,,,1,15,,91937,3,,,1,15,,91957,3,,,1,15,,91898,3,,,1,55,,91918,3,,,1,15,,91938,3,,,1,15,,91958,3,,,1,15,,91899,3,,,1,55,,91919,3,,,1,15,,91939,3,,,1,15,,91959,3,,,1,15,,91900,3,,,1,55,,91920,3,,,1,15,,91940,3,,,1,15,,91960,3,,,1,15,,91901,3,,,1,55,,91921,3,,,1,15,,91941,3,,,1,15,,91961,3,,,1,15,,91902,3,,,1,55,,91922,3,,,1
1,'20270127',542,,92021,3,,,1,15,,91962,3,,,1,52,,91982,3,,,1,15,,92002,3,,,1,15,,92022,3,,,1,15,,91963,3,,,1,55,,91983,3,,,1,15,,92003,3,,,1,15,,92023,3,,,1,15,,91964,3,,,1,55,,91984,3,,,1,15,,92004,3,,,1,15,,92024,3,,,1,15,,91965,3,,,1,55,,91985,3,,,1,15,,92005,3,,,1,15,,92025,3,,,1,15,,91966,3,,,1,55,,91986,3,,,1,15,,92006,3,,,1,15,,92026,3,,,1,15,,91967,3,,,1,55,,91987,3,,,1,15,,92007,3,,,1,15,,92027,3,,,1,15,,91968,3,,,1,55,,91988,3,,,1,15,,92008,3,,,1,15,,92028,3,,,1,15,,91969,3,,,1,55,,91989,3,,,1,15,,92009,3,,,1,15,,92029,3,,,1,15,,91970,3,,,1,55,,91990,3,,,1,15,,92010,3,,,1,15,,92030,3,,,1,15,,91971,3,,,1,55,,91991,3,,,1,15,,92011,3,,,1,15,,92031,3,,,1,15,,91972,3,,,1,55,,91992,3,,,1,15,,92012,3,,,1,15,,92032,3,,,1,15,,91973,3,,,1,55,,91993,3,,,1,15,,92013,3,,,1,15,,92033,3,,,1,15,,91974,3,,,1,55,,91994,3,,,1,15,,92014,3,,,1,15,,92034,3,,,1,15,,91975,3,,,1,55,,91995,3,,,1,15,,92015,3,,,1,15,,92035,3,,,1,15,,91976,3,,,1,55,,91996,3,,,1,15,,92016,3,,,1,15,,92036,3,,,1,15,,91977,3,,,1,55,,91997,3,,,1,15,,92017,3,,,1,15,,92037,3,,,1,15,,91978,3,,,1,55,,91998,3,,,1,15,,92018,3,,,1,15,,92038,3,,,1,15,,91979,3,,,1,55,,91999,3,,,1,15,,92019,3,,,1,15,,92039,3,,,1,15,,91980,3,,,1,55,,92000,3,,,1,15,,92020,3,,,1,15,,92040,3,,,1,15,,91981,3,,,1,55,,92001,3,,,1
1,'20270128',542,,92100,3,,,1,15,,92041,3,,,1,52,,92061,3,,,1,15,,92081,3,,,1,15,,92101,3,,,1,15,,92042,3,,,1,55,,92062,3,,,1,15,,92082,3,,,1,15,,92102,3,,,1,15,,92043,3,,,1,55,,92063,3,,,1,15,,92083,3,,,1,15,,92103,3,,,1,15,,92044,3,,,1,55,,92064,3,,,1,15,,92084,3,,,1,15,,92104,3,,,1,15,,92045,3,,,1,55,,92065,3,,,1,15,,92085,3,,,1,15,,92105,3,,,1,15,,92046,3,,,1,55,,92066,3,,,1,15,,92086,3,,,1,15,,92106,3,,,1,15,,92047,3,,,1,55,,92067,3,,,1,15,,92087,3,,,1,15,,92107,3,,,1,15,,92048,3,,,1,55,,92068,3,,,1,15,,92088,3,,,1,15,,92108,3,,,1,15,,92049,3,,,1,55,,92069,3,,,1,15,,92089,3,,,1,15,,92109,3,,,1,15,,92050,3,,,1,55,,92070,3,,,1,15,,92090,3,,,1,15,,92110,3,,,1,15,,92051,3,,,1,55,,92071,3,,,1,15,,92091,3,,,1,15,,92111,3,,,1,15,,92052,3,,,1,55,,92072,3,,,1,15,,92092,3,,,1,15,,92112,3,,,1,15,,92053,3,,,1,55,,92073,3,,,1,15,,92093,3,,,1,15,,92113,3,,,1,15,,92054,3,,,1,55,,92074,3,,,1,15,,92094,3,,,1,15,,92114,3,,,1,15,,92055,3,,,1,55,,92075,3,,,1,15,,92095,3,,,1,15,,92115,3,,,1,15,,92056,3,,,1,55,,92076,3,,,1,15,,92096,3,,,1,15,,92116,3,,,1,15,,92057,3,,,1,55,,92077,3,,,1,15,,92097,3,,,1,15,,92117,3,,,1,15,,92058,3,,,1,55,,92078,3,,,1,15,,92098,3,,,1,15,,92118,3,,,1,15,,92059,3,,,1,55,,92079,3,,,1,15,,92099,3,,,1,15,,92119,3,,,1,15,,92060,3,,,1,55,,92080,3,,,1
1,'20270129',542,,92179,3,,,1,15,,92120,3,,,1,52,,92140,3,,,1,15,,92160,3,,,1,15,,92180,3,,,1,15,,92121,3,,,1,55,,92141,3,,,1,15,,92161,3,,,1,15,,92181,3,,,1,15,,92122,3,,,1,55,,92142,3,,,1,15,,92162,3,,,1,15,,92182,3,,,1,15,,92123,3,,,1,55,,92143,3,,,1,15,,92163,3,,,1,15,,92183,3,,,1,15,,92124,3,,,1,55,,92144,3,,,1,15,,92164,3,,,1,15,,92184,3,,,1,15,,92125,3,,,1,55,,92145,3,,,1,15,,92165,3,,,1,15,,92185,3,,,1,15,,92126,3,,,1,55,,92146,3,,,1,15,,92166,3,,,1,15,,92186,3,,,1,15,,92127,3,,,1,55,,92147,3,,,1,15,,92167,3,,,1,15,,92187,3,,,1,15,,92128,3,,,1,55,,92148,3,,,1,15,,92168,3,,,1,15,,92188,3,,,1,15,,92129,3,,,1,55,,92149,3,,,1,15,,92169,3,,,1,15,,92189,3,,,1,15,,92130,3,,,1,55,,92150,3,,,1,15,,92170,3,,,1,15,,92190,3,,,1,15,,92131,3,,,1,55,,92151,3,,,1,15,,92171,3,,,1,15,,92191,3,,,1,15,,92132,3,,,1,55,,92152,3,,,1,15,,92172,3,,,1,15,,92192,3,,,1,15,,92133,3,,,1,55,,92153,3,,,1,15,,92173,3,,,1,15,,92193,3,,,1,15,,92134,3,,,1,55,,92154,3,,,1,15,,92174,3,,,1,15,,92194,3,,,1,15,,92135,3,,,1,55,,92155,3,,,1,15,,92175,3,,,1,15,,92195,3,,,1,15,,92136,3,,,1,55,,92156,3,,,1,15,,92176,3,,,1,15,,92196,3,,,1,15,,92137,3,,,1,55,,92157,3,,,1,15,,92177,3,,,1,15,,92197,3,,,1,15,,92138,3,,,1,55,,92158,3,,,1,15,,92178,3,,,1,15,,92198,3,,,1,15,,92139,3,,,1,55,,92159,3,,,1
1,'20270130',639,,92255,3,,,1,15,,92199,3,,,1,55,,92218,3,,,1,15,,92237,3,,,1,15,,92256,3,,,1,15,,92200,3,,,1,55,,92219,3,,,1,15,,92238,3,,,1,15,,92257,3,,,1,15,,92201,3,,,1,55,,92220,3,,,1,15,,92239,3,,,1,15,,92258,3,,,1,15,,92202,3,,,1,55,,92221,3,,,1,15,,92240,3,,,1,15,,92259,3,,,1,15,,92203,3,,,1,55,,92222,3,,,1,15,,92241,3,,,1,15,,92260,3,,,1,15,,92204,3,,,1,55,,92223,3,,,1,15,,92242,3,,,1,15,,92261,3,,,1,15,,92205,3,,,1,55,,92224,3,,,1,15,,92243,3,,,1,15,,92262,3,,,1,15,,92206,3,,,1,55,,92225,3,,,1,15,,92244,3,,,1,15,,92263,3,,,1,15,,92207,3,,,1,55,,92226,3,,,1,15,,92245,3,,,1,15,,92264,3,,,1,15,,92208,3,,,1,55,,92227,3,,,1,15,,92246,3,,,1,15,,92265,3,,,1,15,,92209,3,,,1,55,,92228,3,,,1,15,,92247,3,,,1,15,,92266,3,,,1,15,,92210,3,,,1,55,,92229,3,,,1,15,,92248,3,,,1,15,,92267,3,,,1,15,,92211,3,,,1,55,,92230,3,,,1,15,,92249,3,,,1,15,,92268,3,,,1,15,,92212,3,,,1,55,,92231,3,,,1,15,,92250,3,,,1,15,,92269,3,,,1,15,,92213,3,,,1,55,,92232,3,,,1,15,,92251,3,,,1,15,,92270,3,,,1,15,,92214,3,,,1,55,,92233,3,,,1,15,,92252,3,,,1,15,,92271,3,,,1,15,,92215,3,,,1,55,,92234,3,,,1,15,,92253,3,,,1,15,,92272,3,,,1,15,,92216,3,,,1,55,,92235,3,,,1,15,,92254,3,,,1,15,,92273,3,,,1,15,,92217,3,,,1,55,,92236,3,,,1
1,'20270131',639,,92330,3,,,1,15,,92274,3,,,1,55,,92293,3,,,1,15,,92312,3,,,1,15,,92331,3,,,1,15,,92275,3,,,1,55,,92294,3,,,1,15,,92313,3,,,1,15,,92332,3,,,1,15,,92276,3,,,1,55,,92295,3,,,1,15,,92314,3,,,1,15,,92333,3,,,1,15,,92277,3,,,1,55,,92296,3,,,1,15,,92315,3,,,1,15,,92334,3,,,1,15,,92278,3,,,1,55,,92297,3,,,1,15,,92316,3,,,1,15,,92335,3,,,1,15,,92279,3,,,1,55,,92298,3,,,1,15,,92317,3,,,1,15,,92336,3,,,1,15,,92280,3,,,1,55,,92299,3,,,1,15,,92318,3,,,1,15,,92337,3,,,1,15,,92281,3,,,1,55,,92300,3,,,1,15,,92319,3,,,1,15,,92338,3,,,1,15,,92282,3,,,1,55,,92301,3,,,1,15,,92320,3,,,1,15,,92339,3,,,1,15,,92283,3,,,1,55,,92302,3,,,1,15,,92321,3,,,1,15,,92340,3,,,1,15,,92284,3,,,1,55,,92303,3,,,1,15,,92322,3,,,1,15,,92341,3,,,1,15,,92285,3,,,1,55,,92304,3,,,1,15,,92323,3,,,1,15,,92342,3,,,1,15,,92286,3,,,1,55,,92305,3,,,1,15,,92324,3,,,1,15,,92343,3,,,1,15,,92287,3,,,1,55,,92306,3,,,1,15,,92325,3,,,1,15,,92344,3,,,1,15,,92288,3,,,1,55,,92307,3,,,1,15,,92326,3,,,1,15,,92345,3,,,1,15,,92289,3,,,1,55,,92308,3,,,1,15,,92327,3,,,1,15,,92346,3,,,1,15,,92290,3,,,1,55,,92309,3,,,1,15,,92328,3,,,1,15,,92347,3,,,1,15,,92291,3,,,1,55,,92310,3,,,1,15,,92329,3,,,1,15,,92348,3,,,1,15,,92292,3,,,1,55,,92311,3,,,1
1,'20270201',542,,92408,3,,,1,15,,92349,3,,,1,52,,92369,3,,,1,15,,92389,3,,,1,15,,92409,3,,,1,15,,92350,3,,,1,55,,92370,3,,,1,15,,92390,3,,,1,15,,92410,3,,,1,15,,92351,3,,,1,55,,92371,3,,,1,15,,92391,3,,,1,15,,92411,3,,,1,15,,92352,3,,,1,55,,92372,3,,,1,15,,92392,3,,,1,15,,92412,3,,,1,15,,92353,3,,,1,55,,92373,3,,,1,15,,92393,3,,,1,15,,92413,3,,,1,15,,92354,3,,,1,55,,92374,3,,,1,15,,92394,3,,,1,15,,92414,3,,,1,15,,92355,3,,,1,55,,92375,3,,,1,15,,92395,3,,,1,15,,92415,3,,,1,15,,92356,3,,,1,55,,92376,3,,,1,15,,92396,3,,,1,15,,92416,3,,,1,15,,92357,3,,,1,55,,92377,3,,,1,15,,92397,3,,,1,15,,92417,3,,,1,15,,92358,3,,,1,55,,92378,3,,,1,15,,92398,3,,,1,15,,92418,3,,,1,15,,92359,3,,,1,55,,92379,3,,,1,15,,92399,3,,,1,15,,92419,3,,,1,15,,92360,3,,,1,55,,92380,3,,,1,15,,92400,3,,,1,15,,92420,3,,,1,15,,92361,3,,,1,55,,92381,3,,,1,15,,92401,3,,,1,15,,92421,3,,,1,15,,92362,3,,,1,55,,92382,3,,,1,15,,92402,3,,,1,15,,92422,3,,,1,15,,92363,3,,,1,55,,92383,3,,,1,15,,92403,3,,,1,15,,92423,3,,,1,15,,92364,3,,,1,55,,92384,3,,,1,15,,92404,3,,,1,15,,92424,3,,,1,15,,92365,3,,,1,55,,92385,3,,,1,15,,92405,3,,,1,15,,92425,3,,,1,15,,92366,3,,,1,55,,92386,3,,,1,15,,92406,3,,,1,15,,92426,3,,,1,15,,92367,3,,,1,55,,92387,3,,,1,15,,92407,3,,,1,15,,92427,3,,,1,15,,92368,3,,,1,55,,92388,3,,,1
1,'20270202',542,,92487,3,,,1,15,,92428,3,,,1,52,,92448,3,,,1,15,,92468,3,,,1,15,,92488,3,,,1,15,,92429,3,,,1,55,,92449,3,,,1,15,,92469,3,,,1,15,,92489,3,,,1,15,,92430,3,,,1,55,,92450,3,,,1,15,,92470,3,,,1,15,,92490,3,,,1,15,,92431,3,,,1,55,,92451,3,,,1,15,,92471,3,,,1,15,,92491,3,,,1,15,,92432,3,,,1,55,,92452,3,,,1,15,,92472,3,,,1,15,,92492,3,,,1,15,,92433,3,,,1,55,,92453,3,,,1,15,,92473,3,,,1,15,,92493,3,,,1,15,,92434,3,,,1,55,,92454,3,,,1,15,,92474,3,,,1,15,,92494,3,,,1,15,,92435,3,,,1,55,,92455,3,,,1,15,,92475,3,,,1,15,,92495,3,,,1,15,,92436,3,,,1,55,,92456,3,,,1,15,,92476,3,,,1,15,,92496,3,,,1,15,,92437,3,,,1,55,,92457,3,,,1,15,,92477,3,,,1,15,,92497,3,,,1,15,,92438,3,,,1,55,,92458,3,,,1,15,,92478,3,,,1,15,,92498,3,,,1,15,,92439,3,,,1,55,,92459,3,,,1,15,,92479,3,,,1,15,,92499,3,,,1,15,,92440,3,,,1,55,,92460,3,,,1,15,,92480,3,,,1,15,,92500,3,,,1,15,,92441,3,,,1,55,,92461,3,,,1,15,,92481,3,,,1,15,,92501,3,,,1,15,,92442,3,,,1,55,,92462,3,,,1,15,,92482,3,,,1,15,,92502,3,,,1,15,,92443,3,,,1,55,,92463,3,,,1,15,,92483,3,,,1,15,,92503,3,,,1,15,,92444,3,,,1,55,,92464,3,,,1,15,,92484,3,,,1,15,,92504,3,,,1,15,,92445,3,,,1,55,,92465,3,,,1,15,,92485,3,,,1,15,,92505,3,,,1,15,,92446,3,,,1,55,,92466,3,,,1,15,,92486,3,,,1,15,,92506,3,,,1,15,,92447,3,,,1,55,,92467,3,,,1
1,'20270203',542,,92566,3,,,1,15,,92507,3,,,1,52,,92527,3,,,1,15,,92547,3,,,1,15,,92567,3,,,1,15,,92508,3,,,1,55,,92528,3,,,1,15,,92548,3,,,1,15,,92568,3,,,1,15,,92509,3,,,1,55,,92529,3,,,1,15,,92549,3,,,1,15,,92569,3,,,1,15,,92510,3,,,1,55,,92530,3,,,1,15,,92550,3,,,1,15,,92570,3,,,1,15,,92511,3,,,1,55,,92531,3,,,1,15,,92551,3,,,1,15,,92571,3,,,1,15,,92512,3,,,1,55,,92532,3,,,1,15,,92552,3,,,1,15,,92572,3,,,1,15,,92513,3,,,1,55,,92533,3,,,1,15,,92553,3,,,1,15,,92573,3,,,1,15,,92514,3,,,1,55,,92534,3,,,1,15,,92554,3,,,1,15,,92574,3,,,1,15,,92515,3,,,1,55,,92535,3,,,1,15,,92555,3,,,1,15,,92575,3,,,1,15,,92516,3,,,1,55,,92536,3,,,1,15,,92556,3,,,1,15,,92576,3,,,1,15,,92517,3,,,1,55,,92537,3,,,1,15,,92557,3,,,1,15,,92577,3,,,1,15,,92518,3,,,1,55,,92538,3,,,1,15,,92558,3,,,1,15,,92578,3,,,1,15,,92519,3,,,1,55,,92539,3,,,1,15,,92559,3,,,1,15,,92579,3,,,1,15,,92520,3,,,1,55,,92540,3,,,1,15,,92560,3,,,1,15,,92580,3,,,1,15,,92521,3,,,1,55,,92541,3,,,1,15,,92561,3,,,1,15,,92581,3,,,1,15,,92522,3,,,1,55,,92542,3,,,1,15,,92562,3,,,1,15,,92582,3,,,1,15,,92523,3,,,1,55,,92543,3,,,1,15,,92563,3,,,1,15,,92583,3,,,1,15,,92524,3,,,1,55,,92544,3,,,1,15,,92564,3,,,1,15,,92584,3,,,1,15,,92525,3,,,1,55,,92545,3,,,1,15,,92565,3,,,1,15,,92585,3,,,1,15,,92526,3,,,1,55,,92546,3,,,1
1,'20270204',542,,92645,3,,,1,15,,92586,3,,,1,52,,92606,3,,,1,15,,92626,3,,,1,15,,92646,3,,,1,15,,92587,3,,,1,55,,92607,3,,,1,15,,92627,3,,,1,15,,92647,3,,,1,15,,92588,3,,,1,55,,92608,3,,,1,15,,92628,3,,,1,15,,92648,3,,,1,15,,92589,3,,,1,55,,92609,3,,,1,15,,92629,3,,,1,15,,92649,3,,,1,15,,92590,3,,,1,55,,92610,3,,,1,15,,92630,3,,,1,15,,92650,3,,,1,15,,92591,3,,,1,55,,92611,3,,,1,15,,92631,3,,,1,15,,92651,3,,,1,15,,92592,3,,,1,55,,92612,3,,,1,15,,92632,3,,,1,15,,92652,3,,,1,15,,92593,3,,,1,55,,92613,3,,,1,15,,92633,3,,,1,15,,92653,3,,,1,15,,92594,3,,,1,55,,92614,3,,,1,15,,92634,3,,,1,15,,92654,3,,,1,15,,92595,3,,,1,55,,92615,3,,,1,15,,92635,3,,,1,15,,92655,3,,,1,15,,92596,3,,,1,55,,92616,3,,,1,15,,92636,3,,,1,15,,92656,3,,,1,15,,92597,3,,,1,55,,92617,3,,,1,15,,92637,3,,,1,15,,92657,3,,,1,15,,92598,3,,,1,55,,92618,3,,,1,15,,92638,3,,,1,15,,92658,3,,,1,15,,92599,3,,,1,55,,92619,3,,,1,15,,92639,3,,,1,15,,92659,3,,,1,15,,92600,3,,,1,55,,92620,3,,,1,15,,92640,3,,,1,15,,92660,3,,,1,15,,92601,3,,,1,55,,92621,3,,,1,15,,92641,3,,,1,15,,92661,3,,,1,15,,92602,3,,,1,55,,92622,3,,,1,15,,92642,3,,,1,15,,92662,3,,,1,15,,92603,3,,,1,55,,92623,3,,,1,15,,92643,3,,,1,15,,92663,3,,,1,15,,92604,3,,,1,55,,92624,3,,,1,15,,92644,3,,,1,15,,92664,3,,,1,15,,92605,3,,,1,55,,92625,3,,,1
1,'20270205',542,,92724,3,,,1,15,,92665,3,,,1,52,,92685,3,,,1,15,,92705,3,,,1,15,,92725,3,,,1,15,,92666,3,,,1,55,,92686,3,,,1,15,,92706,3,,,1,15,,92726,3,,,1,15,,92667,3,,,1,55,,92687,3,,,1,15,,92707,3,,,1,15,,92727,3,,,1,15,,92668,3,,,1,55,,92688,3,,,1,15,,92708,3,,,1,15,,92728,3,,,1,15,,92669,3,,,1,55,,92689,3,,,1,15,,92709,3,,,1,15,,92729,3,,,1,15,,92670,3,,,1,55,,92690,3,,,1,15,,92710,3,,,1,15,,92730,3,,,1,15,,92671,3,,,1,55,,92691,3,,,1,15,,92711,3,,,1,15,,92731,3,,,1,15,,92672,3,,,1,55,,92692,3,,,1,15,,92712,3,,,1,15,,92732,3,,,1,15,,92673,3,,,1,55,,92693,3,,,1,15,,92713,3,,,1,15,,92733,3,,,1,15,,92674,3,,,1,55,,92694,3,,,1,15,,92714,3,,,1,15,,92734,3,,,1,15,,92675,3,,,1,55,,92695,3,,,1,15,,92715,3,,,1,15,,92735,3,,,1,15,,92676,3,,,1,55,,92696,3,,,1,15,,92716,3,,,1,15,,92736,3,,,1,15,,92677,3,,,1,55,,92697,3,,,1,15,,92717,3,,,1,15,,92737,3,,,1,15,,92678,3,,,1,55,,92698,3,,,1,15,,92718,3,,,1,15,,92738,3,,,1,15,,92679,3,,,1,55,,92699,3,,,1,15,,92719,3,,,1,15,,92739,3,,,1,15,,92680,3,,,1,55,,92700,3,,,1,15,,92720,3,,,1,15,,92740,3,,,1,15,,92681,3,,,1,55,,92701,3,,,1,15,,92721,3,,,1,15,,92741,3,,,1,15,,92682,3,,,1,55,,92702,3,,,1,15,,92722,3,,,1,15,,92742,3,,,1,15,,92683,3,,,1,55,,92703,3,,,1,15,,92723,3,,,1,15,,92743,3,,,1,15,,92684,3,,,1,55,,92704,3,,,1
1,'20270206',639,,92800,3,,,1,15,,92744,3,,,1,55,,92763,3,,,1,15,,92782,3,,,1,15,,92801,3,,,1,15,,92745,3,,,1,55,,92764,3,,,1,15,,92783,3,,,1,15,,92802,3,,,1,15,,92746,3,,,1,55,,92765,3,,,1,15,,92784,3,,,1,15,,92803,3,,,1,15,,92747,3,,,1,55,,92766,3,,,1,15,,92785,3,,,1,15,,92804,3,,,1,15,,92748,3,,,1,55,,92767,3,,,1,15,,92786,3,,,1,15,,92805,3,,,1,15,,92749,3,,,1,55,,92768,3,,,1,15,,92787,3,,,1,15,,92806,3,,,1,15,,92750,3,,,1,55,,92769,3,,,1,15,,92788,3,,,1,15,,92807,3,,,1,15,,92751,3,,,1,55,,92770,3,,,1,15,,92789,3,,,1,15,,92808,3,,,1,15,,92752,3,,,1,55,,92771,3,,,1,15,,92790,3,,,1,15,,92809,3,,,1,15,,92753,3,,,1,55,,92772,3,,,1,15,,92791,3,,,1,15,,92810,3,,,1,15,,92754,3,,,1,55,,92773,3,,,1,15,,92792,3,,,1,15,,92811,3,,,1,15,,92755,3,,,1,55,,92774,3,,,1,15,,92793,3,,,1,15,,92812,3,,,1,15,,92756,3,,,1,55,,92775,3,,,1,15,,92794,3,,,1,15,,92813,3,,,1,15,,92757,3,,,1,55,,92776,3,,,1,15,,92795,3,,,1,15,,92814,3,,,1,15,,92758,3,,,1,55,,92777,3,,,1,15,,92796,3,,,1,15,,92815,3,,,1,15,,92759,3,,,1,55,,92778,3,,,1,15,,92797,3,,,1,15,,92816,3,,,1,15,,92760,3,,,1,55,,92779,3,,,1,15,,92798,3,,,1,15,,92817,3,,,1,15,,92761,3,,,1,55,,92780,3,,,1,15,,92799,3,,,1,15,,92818,3,,,1,15,,92762,3,,,1,55,,92781,3,,,1
1,'20270207',639,,92875,3,,,1,15,,92819,3,,,1,55,,92838,3,,,1,15,,92857,3,,,1,15,,92876,3,,,1,15,,92820,3,,,1,55,,92839,3,,,1,15,,92858,3,,,1,15,,92877,3,,,1,15,,92821,3,,,1,55,,92840,3,,,1,15,,92859,3,,,1,15,,92878,3,,,1,15,,92822,3,,,1,55,,92841,3,,,1,15,,92860,3,,,1,15,,92879,3,,,1,15,,92823,3,,,1,55,,92842,3,,,1,15,,92861,3,,,1,15,,92880,3,,,1,15,,92824,3,,,1,55,,92843,3,,,1,15,,92862,3,,,1,15,,92881,3,,,1,15,,92825,3,,,1,55,,92844,3,,,1,15,,92863,3,,,1,15,,92882,3,,,1,15,,92826,3,,,1,55,,92845,3,,,1,15,,92864,3,,,1,15,,92883,3,,,1,15,,92827,3,,,1,55,,92846,3,,,1,15,,92865,3,,,1,15,,92884,3,,,1,15,,92828,3,,,1,55,,92847,3,,,1,15,,92866,3,,,1,15,,92885,3,,,1,15,,92829,3,,,1,55,,92848,3,,,1,15,,92867,3,,,1,15,,92886,3,,,1,15,,92830,3,,,1,55,,92849,3,,,1,15,,92868,3,,,1,15,,92887,3,,,1,15,,92831,3,,,1,55,,92850,3,,,1,15,,92869,3,,,1,15,,92888,3,,,1,15,,92832,3,,,1,55,,92851,3,,,1,15,,92870,3,,,1,15,,92889,3,,,1,15,,92833,3,,,1,55,,92852,3,,,1,15,,92871,3,,,1,15,,92890,3,,,1,15,,92834,3,,,1,55,,92853,3,,,1,15,,92872,3,,,1,15,,92891,3,,,1,15,,92835,3,,,1,55,,92854,3,,,1,15,,92873,3,,,1,15,,92892,3,,,1,15,,92836,3,,,1,55,,92855,3,,,1,15,,92874,3,,,1,15,,92893,3,,,1,15,,92837,3,,,1,55,,92856,3,,,1
1,'20270208',542,,92953,3,,,1,15,,92894,3,,,1,52,,92914,3,,,1,15,,92934,3,,,1,15,,92954,3,,,1,15,,92895,3,,,1,55,,92915,3,,,1,15,,92935,3,,,1,15,,92955,3,,,1,15,,92896,3,,,1,55,,92916,3,,,1,15,,92936,3,,,1,15,,92956,3,,,1,15,,92897,3,,,1,55,,92917,3,,,1,15,,92937,3,,,1,15,,92957,3,,,1,15,,92898,3,,,1,55,,92918,3,,,1,15,,92938,3,,,1,15,,92958,3,,,1,15,,92899,3,,,1,55,,92919,3,,,1,15,,92939,3,,,1,15,,92959,3,,,1,15,,92900,3,,,1,55,,92920,3,,,1,15,,92940,3,,,1,15,,92960,3,,,1,15,,92901,3,,,1,55,,92921,3,,,1,15,,92941,3,,,1,15,,92961,3,,,1,15,,92902,3,,,1,55,,92922,3,,,1,15,,92942,3,,,1,15,,92962,3,,,1,15,,92903,3,,,1,55,,92923,3,,,1,15,,92943,3,,,1,15,,92963,3,,,1,15,,92904,3,,,1,55,,92924,3,,,1,15,,92944,3,,,1,15,,92964,3,,,1,15,,92905,3,,,1,55,,92925,3,,,1,15,,92945,3,,,1,15,,92965,3,,,1,15,,92906,3,,,1,55,,92926,3,,,1,15,,92946,3,,,1,15,,92966,3,,,1,15,,92907,3,,,1,55,,92927,3,,,1,15,,92947,3,,,1,15,,92967,3,,,1,15,,92908,3,,,1,55,,92928,3,,,1,15,,92948,3,,,1,15,,92968,3,,,1,15,,92909,3,,,1,55,,92929,3,,,1,15,,92949,3,,,1,15,,92969,3,,,1,15,,92910,3,,,1,55,,92930,3,,,1,15,,92950,3,,,1,15,,92970,3,,,1,15,,92911,3,,,1,55,,92931,3,,,1,15,,92951,3,,,1,15,,92971,3,,,1,15,,92912,3,,,1,55,,92932,3,,,1,15,,92952,3,,,1,15,,92972,3,,,1,15,,92913,3,,,1,55,,92933,3,,,1
1,'20270209',542,,93032,3,,,1,15,,92973,3,,,1,52,,92993,3,,,1,15,,93013,3,,,1,15,,93033,3,,,1,15,,92974,3,,,1,55,,92994,3,,,1,15,,93014,3,,,1,15,,93034,3,,,1,15,,92975,3,,,1,55,,92995,3,,,1,15,,93015,3,,,1,15,,93035,3,,,1,15,,92976,3,,,1,55,,92996,3,,,1,15,,93016,3,,,1,15,,93036,3,,,1,15,,92977,3,,,1,55,,92997,3,,,1,15,,93017,3,,,1,15,,93037,3,,,1,15,,92978,3,,,1,55,,92998,3,,,1,15,,93018,3,,,1,15,,93038,3,,,1,15,,92979,3,,,1,55,,92999,3,,,1,15,,93019,3,,,1,15,,93039,3,,,1,15,,92980,3,,,1,55,,93000,3,,,1,15,,93020,3,,,1,15,,93040,3,,,1,15,,92981,3,,,1,55,,93001,3,,,1,15,,93021,3,,,1,15,,93041,3,,,1,15,,92982,3,,,1,55,,93002,3,,,1,15,,93022,3,,,1,15,,93042,3,,,1,15,,92983,3,,,1,55,,93003,3,,,1,15,,93023,3,,,1,15,,93043,3,,,1,15,,92984,3,,,1,55,,93004,3,,,1,15,,93024,3,,,1,15,,93044,3,,,1,15,,92985,3,,,1,55,,93005,3,,,1,15,,93025,3,,,1,15,,93045,3,,,1,15,,92986,3,,,1,55,,93006,3,,,1,15,,93026,3,,,1,15,,93046,3,,,1,15,,92987,3,,,1,55,,93007,3,,,1,15,,93027,3,,,1,15,,93047,3,,,1,15,,92988,3,,,1,55,,93008,3,,,1,15,,93028,3,,,1,15,,93048,3,,,1,15,,92989,3,,,1,55,,93009,3,,,1,15,,93029,3,,,1,15,,93049,3,,,1,15,,92990,3,,,1,55,,93010,3,,,1,15,,93030,3,,,1,15,,93050,3,,,1,15,,92991,3,,,1,55,,93011,3,,,1,15,,93031,3,,,1,15,,93051,3,,,1,15,,92992,3,,,1,55,,93012,3,,,1
1,'20270210',542,,93111,3,,,1,15,,93052,3,,,1,52,,93072,3,,,1,15,,93092,3,,,1,15,,93112,3,,,1,15,,93053,3,,,1,55,,93073,3,,,1,15,,93093,3,,,1,15,,93113,3,,,1,15,,93054,3,,,1,55,,93074,3,,,1,15,,93094,3,,,1,15,,93114,3,,,1,15,,93055,3,,,1,55,,93075,3,,,1,15,,93095,3,,,1,15,,93115,3,,,1,15,,93056,3,,,1,55,,93076,3,,,1,15,,93096,3,,,1,15,,93116,3,,,1,15,,93057,3,,,1,55,,93077,3,,,1,15,,93097,3,,,1,15,,93117,3,,,1,15,,93058,3,,,1,55,,93078,3,,,1,15,,93098,3,,,1,15,,93118,3,,,1,15,,93059,3,,,1,55,,93079,3,,,1,15,,93099,3,,,1,15,,93119,3,,,1,15,,93060,3,,,1,55,,93080,3,,,1,15,,93100,3,,,1,15,,93120,3,,,1,15,,93061,3,,,1,55,,93081,3,,,1,15,,93101,3,,,1,15,,93121,3,,,1,15,,93062,3,,,1,55,,93082,3,,,1,15,,93102,3,,,1,15,,93122,3,,,1,15,,93063,3,,,1,55,,93083,3,,,1,15,,93103,3,,,1,15,,93123,3,,,1,15,,93064,3,,,1,55,,93084,3,,,1,15,,93104,3,,,1,15,,93124,3,,,1,15,,93065,3,,,1,55,,93085,3,,,1,15,,93105,3,,,1,15,,93125,3,,,1,15,,93066,3,,,1,55,,93086,3,,,1,15,,93106,3,,,1,15,,93126,3,,,1,15,,93067,3,,,1,55,,93087,3,,,1,15,,93107,3,,,1,15,,93127,3,,,1,15,,93068,3,,,1,55,,93088,3,,,1,15,,93108,3,,,1,15,,93128,3,,,1,15,,93069,3,,,1,55,,93089,3,,,1,15,,93109,3,,,1,15,,93129,3,,,1,15,,93070,3,,,1,55,,93090,3,,,1,15,,93110,3,,,1,15,,93130,3,,,1,15,,93071,3,,,1,55,,93091,3,,,1
1,'20270211',542,,93190,3,,,1,15,,93131,3,,,1,52,,93151,3,,,1,15,,93171,3,,,1,15,,93191,3,,,1,15,,93132,3,,,1,55,,93152,3,,,1,15,,93172,3,,,1,15,,93192,3,,,1,15,,93133,3,,,1,55,,93153,3,,,1,15,,93173,3,,,1,15,,93193,3,,,1,15,,93134,3,,,1,55,,93154,3,,,1,15,,93174,3,,,1,15,,93194,3,,,1,15,,93135,3,,,1,55,,93155,3,,,1,15,,93175,3,,,1,15,,93195,3,,,1,15,,93136,3,,,1,55,,93156,3,,,1,15,,93176,3,,,1,15,,93196,3,,,1,15,,93137,3,,,1,55,,93157,3,,,1,15,,93177,3,,,1,15,,93197,3,,,1,15,,93138,3,,,1,55,,93158,3,,,1,15,,93178,3,,,1,15,,93198,3,,,1,15,,93139,3,,,1,55,,93159,3,,,1,15,,93179,3,,,1,15,,93199,3,,,1,15,,93140,3,,,1,55,,93160,3,,,1,15,,93180,3,,,1,15,,93200,3,,,1,15,,93141,3,,,1,55,,93161,3,,,1,15,,93181,3,,,1,15,,93201,3,,,1,15,,93142,3,,,1,55,,93162,3,,,1,15,,93182,3,,,1,15,,93202,3,,,1,15,,93143,3,,,1,55,,93163,3,,,1,15,,93183,3,,,1,15,,93203,3,,,1,15,,93144,3,,,1,55,,93164,3,,,1,15,,93184,3,,,1,15,,93204,3,,,1,15,,93145,3,,,1,55,,93165,3,,,1,15,,93185,3,,,1,15,,93205,3,,,1,15,,93146,3,,,1,55,,93166,3,,,1,15,,93186,3,,,1,15,,93206,3,,,1,15,,93147,3,,,1,55,,93167,3,,,1,15,,93187,3,,,1,15,,93207,3,,,1,15,,93148,3,,,1,55,,93168,3,,,1,15,,93188,3,,,1,15,,93208,3,,,1,15,,93149,3,,,1,55,,93169,3,,,1,15,,93189,3,,,1,15,,93209,3,,,1,15,,93150,3,,,1,55,,93170,3,,,1
1,'20270212',542,,93269,3,,,1,15,,93210,3,,,1,52,,93230,3,,,1,15,,93250,3,,,1,15,,93270,3,,,1,15,,93211,3,,,1,55,,93231,3,,,1,15,,93251,3,,,1,15,,93271,3,,,1,15,,93212,3,,,1,55,,93232,3,,,1,15,,93252,3,,,1,15,,93272,3,,,1,15,,93213,3,,,1,55,,93233,3,,,1,15,,93253,3,,,1,15,,93273,3,,,1,15,,93214,3,,,1,55,,93234,3,,,1,15,,93254,3,,,1,15,,93274,3,,,1,15,,93215,3,,,1,55,,93235,3,,,1,15,,93255,3,,,1,15,,93275,3,,,1,15,,93216,3,,,1,55,,93236,3,,,1,15,,93256,3,,,1,15,,93276,3,,,1,15,,93217,3,,,1,55,,93237,3,,,1,15,,93257,3,,,1,15,,93277,3,,,1,15,,93218,3,,,1,55,,93238,3,,,1,15,,93258,3,,,1,15,,93278,3,,,1,15,,93219,3,,,1,55,,93239,3,,,1,15,,93259,3,,,1,15,,93279,3,,,1,15,,93220,3,,,1,55,,93240,3,,,1,15,,93260,3,,,1,15,,93280,3,,,1,15,,93221,3,,,1,55,,93241,3,,,1,15,,93261,3,,,1,15,,93281,3,,,1,15,,93222,3,,,1,55,,93242,3,,,1,15,,93262,3,,,1,15,,93282,3,,,1,15,,93223,3,,,1,55,,93243,3,,,1,15,,93263,3,,,1,15,,93283,3,,,1,15,,93224,3,,,1,55,,93244,3,,,1,15,,93264,3,,,1,15,,93284,3,,,1,15,,93225,3,,,1,55,,93245,3,,,1,15,,93265,3,,,1,15,,93285,3,,,1,15,,93226,3,,,1,55,,93246,3,,,1,15,,93266,3,,,1,15,,93286,3,,,1,15,,93227,3,,,1,55,,93247,3,,,1,15,,93267,3,,,1,15,,93287,3,,,1,15,,93228,3,,,1,55,,93248,3,,,1,15,,93268,3,,,1,15,,93288,3,,,1,15,,93229,3,,,1,55,,93249,3,,,1
1,'20270213',639,,93345,3,,,1,15,,93289,3,,,1,55,,93308,3,,,1,15,,93327,3,,,1,15,,93346,3,,,1,15,,93290,3,,,1,55,,93309,3,,,1,15,,93328,3,,,1,15,,93347,3,,,1,15,,93291,3,,,1,55,,93310,3,,,1,15,,93329,3,,,1,15,,93348,3,,,1,15,,93292,3,,,1,55,,93311,3,,,1,15,,93330,3,,,1,15,,93349,3,,,1,15,,93293,3,,,1,55,,93312,3,,,1,15,,93331,3,,,1,15,,93350,3,,,1,15,,93294,3,,,1,55,,93313,3,,,1,15,,93332,3,,,1,15,,93351,3,,,1,15,,93295,3,,,1,55,,93314,3,,,1,15,,93333,3,,,1,15,,93352,3,,,1,15,,93296,3,,,1,55,,93315,3,,,1,15,,93334,3,,,1,15,,93353,3,,,1,15,,93297,3,,,1,55,,93316,3,,,1,15,,93335,3,,,1,15,,93354,3,,,1,15,,93298,3,,,1,55,,93317,3,,,1,15,,93336,3,,,1,15,,93355,3,,,1,15,,93299,3,,,1,55,,93318,3,,,1,15,,93337,3,,,1,15,,93356,3,,,1,15,,93300,3,,,1,55,,93319,3,,,1,15,,93338,3,,,1,15,,93357,3,,,1,15,,93301,3,,,1,55,,93320,3,,,1,15,,93339,3,,,1,15,,93358,3,,,1,15,,93302,3,,,1,55,,93321,3,,,1,15,,93340,3,,,1,15,,93359,3,,,1,15,,93303,3,,,1,55,,93322,3,,,1,15,,93341,3,,,1,15,,93360,3,,,1,15,,93304,3,,,1,55,,93323,3,,,1,15,,93342,3,,,1,15,,93361,3,,,1,15,,93305,3,,,1,55,,93324,3,,,1,15,,93343,3,,,1,15,,93362,3,,,1,15,,93306,3,,,1,55,,93325,3,,,1,15,,93344,3,,,1,15,,93363,3,,,1,15,,93307,3,,,1,55,,93326,3,,,1
1,'20270214',639,,93420,3,,,1,15,,93364,3,,,1,55,,93383,3,,,1,15,,93402,3,,,1,15,,93421,3,,,1,15,,93365,3,,,1,55,,93384,3,,,1,15,,93403,3,,,1,15,,93422,3,,,1,15,,93366,3,,,1,55,,93385,3,,,1,15,,93404,3,,,1,15,,93423,3,,,1,15,,93367,3,,,1,55,,93386,3,,,1,15,,93405,3,,,1,15,,93424,3,,,1,15,,93368,3,,,1,55,,93387,3,,,1,15,,93406,3,,,1,15,,93425,3,,,1,15,,93369,3,,,1,55,,93388,3,,,1,15,,93407,3,,,1,15,,93426,3,,,1,15,,93370,3,,,1,55,,93389,3,,,1,15,,93408,3,,,1,15,,93427,3,,,1,15,,93371,3,,,1,55,,93390,3,,,1,15,,93409,3,,,1,15,,93428,3,,,1,15,,93372,3,,,1,55,,93391,3,,,1,15,,93410,3,,,1,15,,93429,3,,,1,15,,93373,3,,,1,55,,93392,3,,,1,15,,93411,3,,,1,15,,93430,3,,,1,15,,93374,3,,,1,55,,93393,3,,,1,15,,93412,3,,,1,15,,93431,3,,,1,15,,93375,3,,,1,55,,93394,3,,,1,15,,93413,3,,,1,15,,93432,3,,,1,15,,93376,3,,,1,55,,93395,3,,,1,15,,93414,3,,,1,15,,93433,3,,,1,15,,93377,3,,,1,55,,93396,3,,,1,15,,93415,3,,,1,15,,93434,3,,,1,15,,93378,3,,,1,55,,93397,3,,,1,15,,93416,3,,,1,15,,93435,3,,,1,15,,93379,3,,,1,55,,93398,3,,,1,15,,93417,3,,,1,15,,93436,3,,,1,15,,93380,3,,,1,55,,93399,3,,,1,15,,93418,3,,,1,15,,93437,3,,,1,15,,93381,3,,,1,55,,93400,3,,,1,15,,93419,3,,,1,15,,93438,3,,,1,15,,93382,3,,,1,55,,93401,3,,,1
1,'20270215',542,,93498,3,,,1,15,,93439,3,,,1,52,,93459,3,,,1,15,,93479,3,,,1,15,,93499,3,,,1,15,,93440,3,,,1,55,,93460,3,,,1,15,,93480,3,,,1,15,,93500,3,,,1,15,,93441,3,,,1,55,,93461,3,,,1,15,,93481,3,,,1,15,,93501,3,,,1,15,,93442,3,,,1,55,,93462,3,,,1,15,,93482,3,,,1,15,,93502,3,,,1,15,,93443,3,,,1,55,,93463,3,,,1,15,,93483,3,,,1,15,,93503,3,,,1,15,,93444,3,,,1,55,,93464,3,,,1,15,,93484,3,,,1,15,,93504,3,,,1,15,,93445,3,,,1,55,,93465,3,,,1,15,,93485,3,,,1,15,,93505,3,,,1,15,,93446,3,,,1,55,,93466,3,,,1,15,,93486,3,,,1,15,,93506,3,,,1,15,,93447,3,,,1,55,,93467,3,,,1,15,,93487,3,,,1,15,,93507,3,,,1,15,,93448,3,,,1,55,,93468,3,,,1,15,,93488,3,,,1,15,,93508,3,,,1,15,,93449,3,,,1,55,,93469,3,,,1,15,,93489,3,,,1,15,,93509,3,,,1,15,,93450,3,,,1,55,,93470,3,,,1,15,,93490,3,,,1,15,,93510,3,,,1,15,,93451,3,,,1,55,,93471,3,,,1,15,,93491,3,,,1,15,,93511,3,,,1,15,,93452,3,,,1,55,,93472,3,,,1,15,,93492,3,,,1,15,,93512,3,,,1,15,,93453,3,,,1,55,,93473,3,,,1,15,,93493,3,,,1,15,,93513,3,,,1,15,,93454,3,,,1,55,,93474,3,,,1,15,,93494,3,,,1,15,,93514,3,,,1,15,,93455,3,,,1,55,,93475,3,,,1,15,,93495,3,,,1,15,,93515,3,,,1,15,,93456,3,,,1,55,,93476,3,,,1,15,,93496,3,,,1,15,,93516,3,,,1,15,,93457,3,,,1,55,,93477,3,,,1,15,,93497,3,,,1,15,,93517,3,,,1,15,,93458,3,,,1,55,,93478,3,,,1
1,'20270216',542,,93577,3,,,1,15,,93518,3,,,1,52,,93538,3,,,1,15,,93558,3,,,1,15,,93578,3,,,1,15,,93519,3,,,1,55,,93539,3,,,1,15,,93559,3,,,1,15,,93579,3,,,1,15,,93520,3,,,1,55,,93540,3,,,1,15,,93560,3,,,1,15,,93580,3,,,1,15,,93521,3,,,1,55,,93541,3,,,1,15,,93561,3,,,1,15,,93581,3,,,1,15,,93522,3,,,1,55,,93542,3,,,1,15,,93562,3,,,1,15,,93582,3,,,1,15,,93523,3,,,1,55,,93543,3,,,1,15,,93563,3,,,1,15,,93583,3,,,1,15,,93524,3,,,1,55,,93544,3,,,1,15,,93564,3,,,1,15,,93584,3,,,1,15,,93525,3,,,1,55,,93545,3,,,1,15,,93565,3,,,1,15,,93585,3,,,1,15,,93526,3,,,1,55,,93546,3,,,1,15,,93566,3,,,1,15,,93586,3,,,1,15,,93527,3,,,1,55,,93547,3,,,1,15,,93567,3,,,1,15,,93587,3,,,1,15,,93528,3,,,1,55,,93548,3,,,1,15,,93568,3,,,1,15,,93588,3,,,1,15,,93529,3,,,1,55,,93549,3,,,1,15,,93569,3,,,1,15,,93589,3,,,1,15,,93530,3,,,1,55,,93550,3,,,1,15,,93570,3,,,1,15,,93590,3,,,1,15,,93531,3,,,1,55,,93551,3,,,1,15,,93571,3,,,1,15,,93591,3,,,1,15,,93532,3,,,1,55,,93552,3,,,1,15,,93572,3,,,1,15,,93592,3,,,1,15,,93533,3,,,1,55,,93553,3,,,1,15,,93573,3,,,1,15,,93593,3,,,1,15,,93534,3,,,1,55,,93554,3,,,1,15,,93574,3,,,1,15,,93594,3,,,1,15,,93535,3,,,1,55,,93555,3,,,1,15,,93575,3,,,1,15,,93595,3,,,1,15,,93536,3,,,1,55,,93556,3,,,1,15,,93576,3,,,1,15,,93596,3,,,1,15,,93537,3,,,1,55,,93557,3,,,1
1,'20270217',542,,93656,3,,,1,15,,93597,3,,,1,52,,93617,3,,,1,15,,93637,3,,,1,15,,93657,3,,,1,15,,93598,3,,,1,55,,93618,3,,,1,15,,93638,3,,,1,15,,93658,3,,,1,15,,93599,3,,,1,55,,93619,3,,,1,15,,93639,3,,,1,15,,93659,3,,,1,15,,93600,3,,,1,55,,93620,3,,,1,15,,93640,3,,,1,15,,93660,3,,,1,15,,93601,3,,,1,55,,93621,3,,,1,15,,93641,3,,,1,15,,93661,3,,,1,15,,93602,3,,,1,55,,93622,3,,,1,15,,93642,3,,,1,15,,93662,3,,,1,15,,93603,3,,,1,55,,93623,3,,,1,15,,93643,3,,,1,15,,93663,3,,,1,15,,93604,3,,,1,55,,93624,3,,,1,15,,93644,3,,,1,15,,93664,3,,,1,15,,93605,3,,,1,55,,93625,3,,,1,15,,93645,3,,,1,15,,93665,3,,,1,15,,93606,3,,,1,55,,93626,3,,,1,15,,93646,3,,,1,15,,93666,3,,,1,15,,93607,3,,,1,55,,93627,3,,,1,15,,93647,3,,,1,15,,93667,3,,,1,15,,93608,3,,,1,55,,93628,3,,,1,15,,93648,3,,,1,15,,93668,3,,,1,15,,93609,3,,,1,55,,93629,3,,,1,15,,93649,3,,,1,15,,93669,3,,,1,15,,93610,3,,,1,55,,93630,3,,,1,15,,93650,3,,,1,15,,93670,3,,,1,15,,93611,3,,,1,55,,93631,3,,,1,15,,93651,3,,,1,15,,93671,3,,,1,15,,93612,3,,,1,55,,93632,3,,,1,15,,93652,3,,,1,15,,93672,3,,,1,15,,93613,3,,,1,55,,93633,3,,,1,15,,93653,3,,,1,15,,93673,3,,,1,15,,93614,3,,,1,55,,93634,3,,,1,15,,93654,3,,,1,15,,93674,3,,,1,15,,93615,3,,,1,55,,93635,3,,,1,15,,93655,3,,,1,15,,93675,3,,,1,15,,93616,3,,,1,55,,93636,3,,,1
1,'20270218',542,,93735,3,,,1,15,,93676,3,,,1,52,,93696,3,,,1,15,,93716,3,,,1,15,,93736,3,,,1,15,,93677,3,,,1,55,,93697,3,,,1,15,,93717,3,,,1,15,,93737,3,,,1,15,,93678,3,,,1,55,,93698,3,,,1,15,,93718,3,,,1,15,,93738,3,,,1,15,,93679,3,,,1,55,,93699,3,,,1,15,,93719,3,,,1,15,,93739,3,,,1,15,,93680,3,,,1,55,,93700,3,,,1,15,,93720,3,,,1,15,,93740,3,,,1,15,,93681,3,,,1,55,,93701,3,,,1,15,,93721,3,,,1,15,,93741,3,,,1,15,,93682,3,,,1,55,,93702,3,,,1,15,,93722,3,,,1,15,,93742,3,,,1,15,,93683,3,,,1,55,,93703,3,,,1,15,,93723,3,,,1,15,,93743,3,,,1,15,,93684,3,,,1,55,,93704,3,,,1,15,,93724,3,,,1,15,,93744,3,,,1,15,,93685,3,,,1,55,,93705,3,,,1,15,,93725,3,,,1,15,,93745,3,,,1,15,,93686,3,,,1,55,,93706,3,,,1,15,,93726,3,,,1,15,,93746,3,,,1,15,,93687,3,,,1,55,,93707,3,,,1,15,,93727,3,,,1,15,,93747,3,,,1,15,,93688,3,,,1,55,,93708,3,,,1,15,,93728,3,,,1,15,,93748,3,,,1,15,,93689,3,,,1,55,,93709,3,,,1,15,,93729,3,,,1,15,,93749,3,,,1,15,,93690,3,,,1,55,,93710,3,,,1,15,,93730,3,,,1,15,,93750,3,,,1,15,,93691,3,,,1,55,,93711,3,,,1,15,,93731,3,,,1,15,,93751,3,,,1,15,,93692,3,,,1,55,,93712,3,,,1,15,,93732,3,,,1,15,,93752,3,,,1,15,,93693,3,,,1,55,,93713,3,,,1,15,,93733,3,,,1,15,,93753,3,,,1,15,,93694,3,,,1,55,,93714,3,,,1,15,,93734,3,,,1,15,,93754,3,,,1,15,,93695,3,,,1,55,,93715,3,,,1
1,'20270219',542,,93814,3,,,1,15,,93755,3,,,1,52,,93775,3,,,1,15,,93795,3,,,1,15,,93815,3,,,1,15,,93756,3,,,1,55,,93776,3,,,1,15,,93796,3,,,1,15,,93816,3,,,1,15,,93757,3,,,1,55,,93777,3,,,1,15,,93797,3,,,1,15,,93817,3,,,1,15,,93758,3,,,1,55,,93778,3,,,1,15,,93798,3,,,1,15,,93818,3,,,1,15,,93759,3,,,1,55,,93779,3,,,1,15,,93799,3,,,1,15,,93819,3,,,1,15,,93760,3,,,1,55,,93780,3,,,1,15,,93800,3,,,1,15,,93820,3,,,1,15,,93761,3,,,1,55,,93781,3,,,1,15,,93801,3,,,1,15,,93821,3,,,1,15,,93762,3,,,1,55,,93782,3,,,1,15,,93802,3,,,1,15,,93822,3,,,1,15,,93763,3,,,1,55,,93783,3,,,1,15,,93803,3,,,1,15,,93823,3,,,1,15,,93764,3,,,1,55,,93784,3,,,1,15,,93804,3,,,1,15,,93824,3,,,1,15,,93765,3,,,1,55,,93785,3,,,1,15,,93805,3,,,1,15,,93825,3,,,1,15,,93766,3,,,1,55,,93786,3,,,1,15,,93806,3,,,1,15,,93826,3,,,1,15,,93767,3,,,1,55,,93787,3,,,1,15,,93807,3,,,1,15,,93827,3,,,1,15,,93768,3,,,1,55,,93788,3,,,1,15,,93808,3,,,1,15,,93828,3,,,1,15,,93769,3,,,1,55,,93789,3,,,1,15,,93809,3,,,1,15,,93829,3,,,1,15,,93770,3,,,1,55,,93790,3,,,1,15,,93810,3,,,1,15,,93830,3,,,1,15,,93771,3,,,1,55,,93791,3,,,1,15,,93811,3,,,1,15,,93831,3,,,1,15,,93772,3,,,1,55,,93792,3,,,1,15,,93812,3,,,1,15,,93832,3,,,1,15,,93773,3,,,1,55,,93793,3,,,1,15,,93813,3,,,1,15,,93833,3,,,1,15,,93774,3,,,1,55,,93794,3,,,1
1,'20270220',639,,93890,3,,,1,15,,93834,3,,,1,55,,93853,3,,,1,15,,93872,3,,,1,15,,93891,3,,,1,15,,93835,3,,,1,55,,93854,3,,,1,15,,93873,3,,,1,15,,93892,3,,,1,15,,93836,3,,,1,55,,93855,3,,,1,15,,93874,3,,,1,15,,93893,3,,,1,15,,93837,3,,,1,55,,93856,3,,,1,15,,93875,3,,,1,15,,93894,3,,,1,15,,93838,3,,,1,55,,93857,3,,,1,15,,93876,3,,,1,15,,93895,3,,,1,15,,93839,3,,,1,55,,93858,3,,,1,15,,93877,3,,,1,15,,93896,3,,,1,15,,93840,3,,,1,55,,93859,3,,,1,15,,93878,3,,,1,15,,93897,3,,,1,15,,93841,3,,,1,55,,93860,3,,,1,15,,93879,3,,,1,15,,93898,3,,,1,15,,93842,3,,,1,55,,93861,3,,,1,15,,93880,3,,,1,15,,93899,3,,,1,15,,93843,3,,,1,55,,93862,3,,,1,15,,93881,3,,,1,15,,93900,3,,,1,15,,93844,3,,,1,55,,93863,3,,,1,15,,93882,3,,,1,15,,93901,3,,,1,15,,93845,3,,,1,55,,93864,3,,,1,15,,93883,3,,,1,15,,93902,3,,,1,15,,93846,3,,,1,55,,93865,3,,,1,15,,93884,3,,,1,15,,93903,3,,,1,15,,93847,3,,,1,55,,93866,3,,,1,15,,93885,3,,,1,15,,93904,3,,,1,15,,93848,3,,,1,55,,93867,3,,,1,15,,93886,3,,,1,15,,93905,3,,,1,15,,93849,3,,,1,55,,93868,3,,,1,15,,93887,3,,,1,15,,93906,3,,,1,15,,93850,3,,,1,55,,93869,3,,,1,15,,93888,3,,,1,15,,93907,3,,,1,15,,93851,3,,,1,55,,93870,3,,,1,15,,93889,3,,,1,15,,93908,3,,,1,15,,93852,3,,,1,55,,93871,3,,,1
1,'20270221',639,,93965,3,,,1,15,,93909,3,,,1,55,,93928,3,,,1,15,,93947,3,,,1,15,,93966,3,,,1,15,,93910,3,,,1,55,,93929,3,,,1,15,,93948,3,,,1,15,,93967,3,,,1,15,,93911,3,,,1,55,,93930,3,,,1,15,,93949,3,,,1,15,,93968,3,,,1,15,,93912,3,,,1,55,,93931,3,,,1,15,,93950,3,,,1,15,,93969,3,,,1,15,,93913,3,,,1,55,,93932,3,,,1,15,,93951,3,,,1,15,,93970,3,,,1,15,,93914,3,,,1,55,,93933,3,,,1,15,,93952,3,,,1,15,,93971,3,,,1,15,,93915,3,,,1,55,,93934,3,,,1,15,,93953,3,,,1,15,,93972,3,,,1,15,,93916,3,,,1,55,,93935,3,,,1,15,,93954,3,,,1,15,,93973,3,,,1,15,,93917,3,,,1,55,,93936,3,,,1,15,,93955,3,,,1,15,,93974,3,,,1,15,,93918,3,,,1,55,,93937,3,,,1,15,,93956,3,,,1,15,,93975,3,,,1,15,,93919,3,,,1,55,,93938,3,,,1,15,,93957,3,,,1,15,,93976,3,,,1,15,,93920,3,,,1,55,,93939,3,,,1,15,,93958,3,,,1,15,,93977,3,,,1,15,,93921,3,,,1,55,,93940,3,,,1,15,,93959,3,,,1,15,,93978,3,,,1,15,,93922,3,,,1,55,,93941,3,,,1,15,,93960,3,,,1,15,,93979,3,,,1,15,,93923,3,,,1,55,,93942,3,,,1,15,,93961,3,,,1,15,,93980,3,,,1,15,,93924,3,,,1,55,,93943,3,,,1,15,,93962,3,,,1,15,,93981,3,,,1,15,,93925,3,,,1,55,,93944,3,,,1,15,,93963,3,,,1,15,,93982,3,,,1,15,,93926,3,,,1,55,,93945,3,,,1,15,,93964,3,,,1,15,,93983,3,,,1,15,,93927,3,,,1,55,,93946,3,,,1
1,'20270222',542,,94043,3,,,1,15,,93984,3,,,1,52,,94004,3,,,1,15,,94024,3,,,1,15,,94044,3,,,1,15,,93985,3,,,1,55,,94005,3,,,1,15,,94025,3,,,1,15,,94045,3,,,1,15,,93986,3,,,1,55,,94006,3,,,1,15,,94026,3,,,1,15,,94046,3,,,1,15,,93987,3,,,1,55,,94007,3,,,1,15,,94027,3,,,1,15,,94047,3,,,1,15,,93988,3,,,1,55,,94008,3,,,1,15,,94028,3,,,1,15,,94048,3,,,1,15,,93989,3,,,1,55,,94009,3,,,1,15,,94029,3,,,1,15,,94049,3,,,1,15,,93990,3,,,1,55,,94010,3,,,1,15,,94030,3,,,1,15,,94050,3,,,1,15,,93991,3,,,1,55,,94011,3,,,1,15,,94031,3,,,1,15,,94051,3,,,1,15,,93992,3,,,1,55,,94012,3,,,1,15,,94032,3,,,1,15,,94052,3,,,1,15,,93993,3,,,1,55,,94013,3,,,1,15,,94033,3,,,1,15,,94053,3,,,1,15,,93994,3,,,1,55,,94014,3,,,1,15,,94034,3,,,1,15,,94054,3,,,1,15,,93995,3,,,1,55,,94015,3,,,1,15,,94035,3,,,1,15,,94055,3,,,1,15,,93996,3,,,1,55,,94016,3,,,1,15,,94036,3,,,1,15,,94056,3,,,1,15,,93997,3,,,1,55,,94017,3,,,1,15,,94037,3,,,1,15,,94057,3,,,1,15,,93998,3,,,1,55,,94018,3,,,1,15,,94038,3,,,1,15,,94058,3,,,1,15,,93999,3,,,1,55,,94019,3,,,1,15,,94039,3,,,1,15,,94059,3,,,1,15,,94000,3,,,1,55,,94020,3,,,1,15,,94040,3,,,1,15,,94060,3,,,1,15,,94001,3,,,1,55,,94021,3,,,1,15,,94041,3,,,1,15,,94061,3,,,1,15,,94002,3,,,1,55,,94022,3,,,1,15,,94042,3,,,1,15,,94062,3,,,1,15,,94003,3,,,1,55,,94023,3,,,1
1,'20270223',542,,94122,3,,,1,15,,94063,3,,,1,52,,94083,3,,,1,15,,94103,3,,,1,15,,94123,3,,,1,15,,94064,3,,,1,55,,94084,3,,,1,15,,94104,3,,,1,15,,94124,3,,,1,15,,94065,3,,,1,55,,94085,3,,,1,15,,94105,3,,,1,15,,94125,3,,,1,15,,94066,3,,,1,55,,94086,3,,,1,15,,94106,3,,,1,15,,94126,3,,,1,15,,94067,3,,,1,55,,94087,3,,,1,15,,94107,3,,,1,15,,94127,3,,,1,15,,94068,3,,,1,55,,94088,3,,,1,15,,94108,3,,,1,15,,94128,3,,,1,15,,94069,3,,,1,55,,94089,3,,,1,15,,94109,3,,,1,15,,94129,3,,,1,15,,94070,3,,,1,55,,94090,3,,,1,15,,94110,3,,,1,15,,94130,3,,,1,15,,94071,3,,,1,55,,94091,3,,,1,15,,94111,3,,,1,15,,94131,3,,,1,15,,94072,3,,,1,55,,94092,3,,,1,15,,94112,3,,,1,15,,94132,3,,,1,15,,94073,3,,,1,55,,94093,3,,,1,15,,94113,3,,,1,15,,94133,3,,,1,15,,94074,3,,,1,55,,94094,3,,,1,15,,94114,3,,,1,15,,94134,3,,,1,15,,94075,3,,,1,55,,94095,3,,,1,15,,94115,3,,,1,15,,94135,3,,,1,15,,94076,3,,,1,55,,94096,3,,,1,15,,94116,3,,,1,15,,94136,3,,,1,15,,94077,3,,,1,55,,94097,3,,,1,15,,94117,3,,,1,15,,94137,3,,,1,15,,94078,3,,,1,55,,94098,3,,,1,15,,94118,3,,,1,15,,94138,3,,,1,15,,94079,3,,,1,55,,94099,3,,,1,15,,94119,3,,,1,15,,94139,3,,,1,15,,94080,3,,,1,55,,94100,3,,,1,15,,94120,3,,,1,15,,94140,3,,,1,15,,94081,3,,,1,55,,94101,3,,,1,15,,94121,3,,,1,15,,94141,3,,,1,15,,94082,3,,,1,55,,94102,3,,,1
1,'20270224',542,,94201,3,,,1,15,,94142,3,,,1,52,,94162,3,,,1,15,,94182,3,,,1,15,,94202,3,,,1,15,,94143,3,,,1,55,,94163,3,,,1,15,,94183,3,,,1,15,,94203,3,,,1,15,,94144,3,,,1,55,,94164,3,,,1,15,,94184,3,,,1,15,,94204,3,,,1,15,,94145,3,,,1,55,,94165,3,,,1,15,,94185,3,,,1,15,,94205,3,,,1,15,,94146,3,,,1,55,,94166,3,,,1,15,,94186,3,,,1,15,,94206,3,,,1,15,,94147,3,,,1,55,,94167,3,,,1,15,,94187,3,,,1,15,,94207,3,,,1,15,,94148,3,,,1,55,,94168,3,,,1,15,,94188,3,,,1,15,,94208,3,,,1,15,,94149,3,,,1,55,,94169,3,,,1,15,,94189,3,,,1,15,,94209,3,,,1,15,,94150,3,,,1,55,,94170,3,,,1,15,,94190,3,,,1,15,,94210,3,,,1,15,,94151,3,,,1,55,,94171,3,,,1,15,,94191,3,,,1,15,,94211,3,,,1,15,,94152,3,,,1,55,,94172,3,,,1,15,,94192,3,,,1,15,,94212,3,,,1,15,,94153,3,,,1,55,,94173,3,,,1,15,,94193,3,,,1,15,,94213,3,,,1,15,,94154,3,,,1,55,,94174,3,,,1,15,,94194,3,,,1,15,,94214,3,,,1,15,,94155,3,,,1,55,,94175,3,,,1,15,,94195,3,,,1,15,,94215,3,,,1,15,,94156,3,,,1,55,,94176,3,,,1,15,,94196,3,,,1,15,,94216,3,,,1,15,,94157,3,,,1,55,,94177,3,,,1,15,,94197,3,,,1,15,,94217,3,,,1,15,,94158,3,,,1,55,,94178,3,,,1,15,,94198,3,,,1,15,,94218,3,,,1,15,,94159,3,,,1,55,,94179,3,,,1,15,,94199,3,,,1,15,,94219,3,,,1,15,,94160,3,,,1,55,,94180,3,,,1,15,,94200,3,,,1,15,,94220,3,,,1,15,,94161,3,,,1,55,,94181,3,,,1
1,'20270225',542,,94280,3,,,1,15,,94221,3,,,1,52,,94241,3,,,1,15,,94261,3,,,1,15,,94281,3,,,1,15,,94222,3,,,1,55,,94242,3,,,1,15,,94262,3,,,1,15,,94282,3,,,1,15,,94223,3,,,1,55,,94243,3,,,1,15,,94263,3,,,1,15,,94283,3,,,1,15,,94224,3,,,1,55,,94244,3,,,1,15,,94264,3,,,1,15,,94284,3,,,1,15,,94225,3,,,1,55,,94245,3,,,1,15,,94265,3,,,1,15,,94285,3,,,1,15,,94226,3,,,1,55,,94246,3,,,1,15,,94266,3,,,1,15,,94286,3,,,1,15,,94227,3,,,1,55,,94247,3,,,1,15,,94267,3,,,1,15,,94287,3,,,1,15,,94228,3,,,1,55,,94248,3,,,1,15,,94268,3,,,1,15,,94288,3,,,1,15,,94229,3,,,1,55,,94249,3,,,1,15,,94269,3,,,1,15,,94289,3,,,1,15,,94230,3,,,1,55,,94250,3,,,1,15,,94270,3,,,1,15,,94290,3,,,1,15,,94231,3,,,1,55,,94251,3,,,1,15,,94271,3,,,1,15,,94291,3,,,1,15,,94232,3,,,1,55,,94252,3,,,1,15,,94272,3,,,1,15,,94292,3,,,1,15,,94233,3,,,1,55,,94253,3,,,1,15,,94273,3,,,1,15,,94293,3,,,1,15,,94234,3,,,1,55,,94254,3,,,1,15,,94274,3,,,1,15,,94294,3,,,1,15,,94235,3,,,1,55,,94255,3,,,1,15,,94275,3,,,1,15,,94295,3,,,1,15,,94236,3,,,1,55,,94256,3,,,1,15,,94276,3,,,1,15,,94296,3,,,1,15,,94237,3,,,1,55,,94257,3,,,1,15,,94277,3,,,1,15,,94297,3,,,1,15,,94238,3,,,1,55,,94258,3,,,1,15,,94278,3,,,1,15,,94298,3,,,1,15,,94239,3,,,1,55,,94259,3,,,1,15,,94279,3,,,1,15,,94299,3,,,1,15,,94240,3,,,1,55,,94260,3,,,1
1,'20270226',542,,94359,3,,,1,15,,94300,3,,,1,52,,94320,3,,,1,15,,94340,3,,,1,15,,94360,3,,,1,15,,94301,3,,,1,55,,94321,3,,,1,15,,94341,3,,,1,15,,94361,3,,,1,15,,94302,3,,,1,55,,94322,3,,,1,15,,94342,3,,,1,15,,94362,3,,,1,15,,94303,3,,,1,55,,94323,3,,,1,15,,94343,3,,,1,15,,94363,3,,,1,15,,94304,3,,,1,55,,94324,3,,,1,15,,94344,3,,,1,15,,94364,3,,,1,15,,94305,3,,,1,55,,94325,3,,,1,15,,94345,3,,,1,15,,94365,3,,,1,15,,94306,3,,,1,55,,94326,3,,,1,15,,94346,3,,,1,15,,94366,3,,,1,15,,94307,3,,,1,55,,94327,3,,,1,15,,94347,3,,,1,15,,94367,3,,,1,15,,94308,3,,,1,55,,94328,3,,,1,15,,94348,3,,,1,15,,94368,3,,,1,15,,94309,3,,,1,55,,94329,3,,,1,15,,94349,3,,,1,15,,94369,3,,,1,15,,94310,3,,,1,55,,94330,3,,,1,15,,94350,3,,,1,15,,94370,3,,,1,15,,94311,3,,,1,55,,94331,3,,,1,15,,94351,3,,,1,15,,94371,3,,,1,15,,94312,3,,,1,55,,94332,3,,,1,15,,94352,3,,,1,15,,94372,3,,,1,15,,94313,3,,,1,55,,94333,3,,,1,15,,94353,3,,,1,15,,94373,3,,,1,15,,94314,3,,,1,55,,94334,3,,,1,15,,94354,3,,,1,15,,94374,3,,,1,15,,94315,3,,,1,55,,94335,3,,,1,15,,94355,3,,,1,15,,94375,3,,,1,15,,94316,3,,,1,55,,94336,3,,,1,15,,94356,3,,,1,15,,94376,3,,,1,15,,94317,3,,,1,55,,94337,3,,,1,15,,94357,3,,,1,15,,94377,3,,,1,15,,94318,3,,,1,55,,94338,3,,,1,15,,94358,3,,,1,15,,94378,3,,,1,15,,94319,3,,,1,55,,94339,3,,,1
1,'20270227',639,,94435,3,,,1,15,,94379,3,,,1,55,,94398,3,,,1,15,,94417,3,,,1,15,,94436,3,,,1,15,,94380,3,,,1,55,,94399,3,,,1,15,,94418,3,,,1,15,,94437,3,,,1,15,,94381,3,,,1,55,,94400,3,,,1,15,,94419,3,,,1,15,,94438,3,,,1,15,,94382,3,,,1,55,,94401,3,,,1,15,,94420,3,,,1,15,,94439,3,,,1,15,,94383,3,,,1,55,,94402,3,,,1,15,,94421,3,,,1,15,,94440,3,,,1,15,,94384,3,,,1,55,,94403,3,,,1,15,,94422,3,,,1,15,,94441,3,,,1,15,,94385,3,,,1,55,,94404,3,,,1,15,,94423,3,,,1,15,,94442,3,,,1,15,,94386,3,,,1,55,,94405,3,,,1,15,,94424,3,,,1,15,,94443,3,,,1,15,,94387,3,,,1,55,,94406,3,,,1,15,,94425,3,,,1,15,,94444,3,,,1,15,,94388,3,,,1,55,,94407,3,,,1,15,,94426,3,,,1,15,,94445,3,,,1,15,,94389,3,,,1,55,,94408,3,,,1,15,,94427,3,,,1,15,,94446,3,,,1,15,,94390,3,,,1,55,,94409,3,,,1,15,,94428,3,,,1,15,,94447,3,,,1,15,,94391,3,,,1,55,,94410,3,,,1,15,,94429,3,,,1,15,,94448,3,,,1,15,,94392,3,,,1,55,,94411,3,,,1,15,,94430,3,,,1,15,,94449,3,,,1,15,,94393,3,,,1,55,,94412,3,,,1,15,,94431,3,,,1,15,,94450,3,,,1,15,,94394,3,,,1,55,,94413,3,,,1,15,,94432,3,,,1,15,,94451,3,,,1,15,,94395,3,,,1,55,,94414,3,,,1,15,,94433,3,,,1,15,,94452,3,,,1,15,,94396,3,,,1,55,,94415,3,,,1,15,,94434,3,,,1,15,,94453,3,,,1,15,,94397,3,,,1,55,,94416,3,,,1
1,'20270228',639,,94510,3,,,1,15,,94454,3,,,1,55,,94473,3,,,1,15,,94492,3,,,1,15,,94511,3,,,1,15,,94455,3,,,1,55,,94474,3,,,1,15,,94493,3,,,1,15,,94512,3,,,1,15,,94456,3,,,1,55,,94475,3,,,1,15,,94494,3,,,1,15,,94513,3,,,1,15,,94457,3,,,1,55,,94476,3,,,1,15,,94495,3,,,1,15,,94514,3,,,1,15,,94458,3,,,1,55,,94477,3,,,1,15,,94496,3,,,1,15,,94515,3,,,1,15,,94459,3,,,1,55,,94478,3,,,1,15,,94497,3,,,1,15,,94516,3,,,1,15,,94460,3,,,1,55,,94479,3,,,1,15,,94498,3,,,1,15,,94517,3,,,1,15,,94461,3,,,1,55,,94480,3,,,1,15,,94499,3,,,1,15,,94518,3,,,1,15,,94462,3,,,1,55,,94481,3,,,1,15,,94500,3,,,1,15,,94519,3,,,1,15,,94463,3,,,1,55,,94482,3,,,1,15,,94501,3,,,1,15,,94520,3,,,1,15,,94464,3,,,1,55,,94483,3,,,1,15,,94502,3,,,1,15,,94521,3,,,1,15,,94465,3,,,1,55,,94484,3,,,1,15,,94503,3,,,1,15,,94522,3,,,1,15,,94466,3,,,1,55,,94485,3,,,1,15,,94504,3,,,1,15,,94523,3,,,1,15,,94467,3,,,1,55,,94486,3,,,1,15,,94505,3,,,1,15,,94524,3,,,1,15,,94468,3,,,1,55,,94487,3,,,1,15,,94506,3,,,1,15,,94525,3,,,1,15,,94469,3,,,1,55,,94488,3,,,1,15,,94507,3,,,1,15,,94526,3,,,1,15,,94470,3,,,1,55,,94489,3,,,1,15,,94508,3,,,1,15,,94527,3,,,1,15,,94471,3,,,1,55,,94490,3,,,1,15,,94509,3,,,1,15,,94528,3,,,1,15,,94472,3,,,1,55,,94491,3,,,1
1,'20270301',542,,94588,3,,,1,15,,94529,3,,,1,52,,94549,3,,,1,15,,94569,3,,,1,15,,94589,3,,,1,15,,94530,3,,,1,55,,94550,3,,,1,15,,94570,3,,,1,15,,94590,3,,,1,15,,94531,3,,,1,55,,94551,3,,,1,15,,94571,3,,,1,15,,94591,3,,,1,15,,94532,3,,,1,55,,94552,3,,,1,15,,94572,3,,,1,15,,94592,3,,,1,15,,94533,3,,,1,55,,94553,3,,,1,15,,94573,3,,,1,15,,94593,3,,,1,15,,94534,3,,,1,55,,94554,3,,,1,15,,94574,3,,,1,15,,94594,3,,,1,15,,94535,3,,,1,55,,94555,3,,,1,15,,94575,3,,,1,15,,94595,3,,,1,15,,94536,3,,,1,55,,94556,3,,,1,15,,94576,3,,,1,15,,94596,3,,,1,15,,94537,3,,,1,55,,94557,3,,,1,15,,94577,3,,,1,15,,94597,3,,,1,15,,94538,3,,,1,55,,94558,3,,,1,15,,94578,3,,,1,15,,94598,3,,,1,15,,94539,3,,,1,55,,94559,3,,,1,15,,94579,3,,,1,15,,94599,3,,,1,15,,94540,3,,,1,55,,94560,3,,,1,15,,94580,3,,,1,15,,94600,3,,,1,15,,94541,3,,,1,55,,94561,3,,,1,15,,94581,3,,,1,15,,94601,3,,,1,15,,94542,3,,,1,55,,94562,3,,,1,15,,94582,3,,,1,15,,94602,3,,,1,15,,94543,3,,,1,55,,94563,3,,,1,15,,94583,3,,,1,15,,94603,3,,,1,15,,94544,3,,,1,55,,94564,3,,,1,15,,94584,3,,,1,15,,94604,3,,,1,15,,94545,3,,,1,55,,94565,3,,,1,15,,94585,3,,,1,15,,94605,3,,,1,15,,94546,3,,,1,55,,94566,3,,,1,15,,94586,3,,,1,15,,94606,3,,,1,15,,94547,3,,,1,55,,94567,3,,,1,15,,94587,3,,,1,15,,94607,3,,,1,15,,94548,3,,,1,55,,94568,3,,,1
1,'20270302',542,,94667,3,,,1,15,,94608,3,,,1,52,,94628,3,,,1,15,,94648,3,,,1,15,,94668,3,,,1,15,,94609,3,,,1,55,,94629,3,,,1,15,,94649,3,,,1,15,,94669,3,,,1,15,,94610,3,,,1,55,,94630,3,,,1,15,,94650,3,,,1,15,,94670,3,,,1,15,,94611,3,,,1,55,,94631,3,,,1,15,,94651,3,,,1,15,,94671,3,,,1,15,,94612,3,,,1,55,,94632,3,,,1,15,,94652,3,,,1,15,,94672,3,,,1,15,,94613,3,,,1,55,,94633,3,,,1,15,,94653,3,,,1,15,,94673,3,,,1,15,,94614,3,,,1,55,,94634,3,,,1,15,,94654,3,,,1,15,,94674,3,,,1,15,,94615,3,,,1,55,,94635,3,,,1,15,,94655,3,,,1,15,,94675,3,,,1,15,,94616,3,,,1,55,,94636,3,,,1,15,,94656,3,,,1,15,,94676,3,,,1,15,,94617,3,,,1,55,,94637,3,,,1,15,,94657,3,,,1,15,,94677,3,,,1,15,,94618,3,,,1,55,,94638,3,,,1,15,,94658,3,,,1,15,,94678,3,,,1,15,,94619,3,,,1,55,,94639,3,,,1,15,,94659,3,,,1,15,,94679,3,,,1,15,,94620,3,,,1,55,,94640,3,,,1,15,,94660,3,,,1,15,,94680,3,,,1,15,,94621,3,,,1,55,,94641,3,,,1,15,,94661,3,,,1,15,,94681,3,,,1,15,,94622,3,,,1,55,,94642,3,,,1,15,,94662,3,,,1,15,,94682,3,,,1,15,,94623,3,,,1,55,,94643,3,,,1,15,,94663,3,,,1,15,,94683,3,,,1,15,,94624,3,,,1,55,,94644,3,,,1,15,,94664,3,,,1,15,,94684,3,,,1,15,,94625,3,,,1,55,,94645,3,,,1,15,,94665,3,,,1,15,,94685,3,,,1,15,,94626,3,,,1,55,,94646,3,,,1,15,,94666,3,,,1,15,,94686,3,,,1,15,,94627,3,,,1,55,,94647,3,,,1
1,'20270303',542,,97460,3,,,1,15,,97401,3,,,1,52,,97421,3,,,1,15,,97441,3,,,1,15,,97461,3,,,1,15,,97402,3,,,1,55,,97422,3,,,1,15,,97442,3,,,1,15,,97462,3,,,1,15,,97403,3,,,1,55,,97423,3,,,1,15,,97443,3,,,1,15,,97463,3,,,1,15,,97404,3,,,1,55,,97424,3,,,1,15,,97444,3,,,1,15,,97464,3,,,1,15,,97405,3,,,1,55,,97425,3,,,1,15,,97445,3,,,1,15,,97465,3,,,1,15,,97406,3,,,1,55,,97426,3,,,1,15,,97446,3,,,1,15,,97466,3,,,1,15,,97407,3,,,1,55,,97427,3,,,1,15,,97447,3,,,1,15,,97467,3,,,1,15,,97408,3,,,1,55,,97428,3,,,1,15,,97448,3,,,1,15,,97468,3,,,1,15,,97409,3,,,1,55,,97429,3,,,1,15,,97449,3,,,1,15,,97469,3,,,1,15,,97410,3,,,1,55,,97430,3,,,1,15,,97450,3,,,1,15,,97470,3,,,1,15,,97411,3,,,1,55,,97431,3,,,1,15,,97451,3,,,1,15,,97471,3,,,1,15,,97412,3,,,1,55,,97432,3,,,1,15,,97452,3,,,1,15,,97472,3,,,1,15,,97413,3,,,1,55,,97433,3,,,1,15,,97453,3,,,1,15,,97473,3,,,1,15,,97414,3,,,1,55,,97434,3,,,1,15,,97454,3,,,1,15,,97474,3,,,1,15,,97415,3,,,1,55,,97435,3,,,1,15,,97455,3,,,1,15,,97475,3,,,1,15,,97416,3,,,1,55,,97436,3,,,1,15,,97456,3,,,1,15,,97476,3,,,1,15,,97417,3,,,1,55,,97437,3,,,1,15,,97457,3,,,1,15,,97477,3,,,1,15,,97418,3,,,1,55,,97438,3,,,1,15,,97458,3,,,1,15,,97478,3,,,1,15,,97419,3,,,1,55,,97439,3,,,1,15,,97459,3,,,1,15,,97479,3,,,1,15,,97420,3,,,1,55,,97440,3,,,1
1,'20270304',542,,97539,3,,,1,15,,97480,3,,,1,52,,97500,3,,,1,15,,97520,3,,,1,15,,97540,3,,,1,15,,97481,3,,,1,55,,97501,3,,,1,15,,97521,3,,,1,15,,97541,3,,,1,15,,97482,3,,,1,55,,97502,3,,,1,15,,97522,3,,,1,15,,97542,3,,,1,15,,97483,3,,,1,55,,97503,3,,,1,15,,97523,3,,,1,15,,97543,3,,,1,15,,97484,3,,,1,55,,97504,3,,,1,15,,97524,3,,,1,15,,97544,3,,,1,15,,97485,3,,,1,55,,97505,3,,,1,15,,97525,3,,,1,15,,97545,3,,,1,15,,97486,3,,,1,55,,97506,3,,,1,15,,97526,3,,,1,15,,97546,3,,,1,15,,97487,3,,,1,55,,97507,3,,,1,15,,97527,3,,,1,15,,97547,3,,,1,15,,97488,3,,,1,55,,97508,3,,,1,15,,97528,3,,,1,15,,97548,3,,,1,15,,97489,3,,,1,55,,97509,3,,,1,15,,97529,3,,,1,15,,97549,3,,,1,15,,97490,3,,,1,55,,97510,3,,,1,15,,97530,3,,,1,15,,97550,3,,,1,15,,97491,3,,,1,55,,97511,3,,,1,15,,97531,3,,,1,15,,97551,3,,,1,15,,97492,3,,,1,55,,97512,3,,,1,15,,97532,3,,,1,15,,97552,3,,,1,15,,97493,3,,,1,55,,97513,3,,,1,15,,97533,3,,,1,15,,97553,3,,,1,15,,97494,3,,,1,55,,97514,3,,,1,15,,97534,3,,,1,15,,97554,3,,,1,15,,97495,3,,,1,55,,97515,3,,,1,15,,97535,3,,,1,15,,97555,3,,,1,15,,97496,3,,,1,55,,97516,3,,,1,15,,97536,3,,,1,15,,97556,3,,,1,15,,97497,3,,,1,55,,97517,3,,,1,15,,97537,3,,,1,15,,97557,3,,,1,15,,97498,3,,,1,55,,97518,3,,,1,15,,97538,3,,,1,15,,97558,3,,,1,15,,97499,3,,,1,55,,97519,3,,,1
1,'20270305',542,,97618,3,,,1,15,,97559,3,,,1,52,,97579,3,,,1,15,,97599,3,,,1,15,,97619,3,,,1,15,,97560,3,,,1,55,,97580,3,,,1,15,,97600,3,,,1,15,,97620,3,,,1,15,,97561,3,,,1,55,,97581,3,,,1,15,,97601,3,,,1,15,,97621,3,,,1,15,,97562,3,,,1,55,,97582,3,,,1,15,,97602,3,,,1,15,,97622,3,,,1,15,,97563,3,,,1,55,,97583,3,,,1,15,,97603,3,,,1,15,,97623,3,,,1,15,,97564,3,,,1,55,,97584,3,,,1,15,,97604,3,,,1,15,,97624,3,,,1,15,,97565,3,,,1,55,,97585,3,,,1,15,,97605,3,,,1,15,,97625,3,,,1,15,,97566,3,,,1,55,,97586,3,,,1,15,,97606,3,,,1,15,,97626,3,,,1,15,,97567,3,,,1,55,,97587,3,,,1,15,,97607,3,,,1,15,,97627,3,,,1,15,,97568,3,,,1,55,,97588,3,,,1,15,,97608,3,,,1,15,,97628,3,,,1,15,,97569,3,,,1,55,,97589,3,,,1,15,,97609,3,,,1,15,,97629,3,,,1,15,,97570,3,,,1,55,,97590,3,,,1,15,,97610,3,,,1,15,,97630,3,,,1,15,,97571,3,,,1,55,,97591,3,,,1,15,,97611,3,,,1,15,,97631,3,,,1,15,,97572,3,,,1,55,,97592,3,,,1,15,,97612,3,,,1,15,,97632,3,,,1,15,,97573,3,,,1,55,,97593,3,,,1,15,,97613,3,,,1,15,,97633,3,,,1,15,,97574,3,,,1,55,,97594,3,,,1,15,,97614,3,,,1,15,,97634,3,,,1,15,,97575,3,,,1,55,,97595,3,,,1,15,,97615,3,,,1,15,,97635,3,,,1,15,,97576,3,,,1,55,,97596,3,,,1,15,,97616,3,,,1,15,,97636,3,,,1,15,,97577,3,,,1,55,,97597,3,,,1,15,,97617,3,,,1,15,,97637,3,,,1,15,,97578,3,,,1,55,,97598,3,,,1
1,'20270306',639,,97694,3,,,1,15,,97638,3,,,1,55,,97657,3,,,1,15,,97676,3,,,1,15,,97695,3,,,1,15,,97639,3,,,1,55,,97658,3,,,1,15,,97677,3,,,1,15,,97696,3,,,1,15,,97640,3,,,1,55,,97659,3,,,1,15,,97678,3,,,1,15,,97697,3,,,1,15,,97641,3,,,1,55,,97660,3,,,1,15,,97679,3,,,1,15,,97698,3,,,1,15,,97642,3,,,1,55,,97661,3,,,1,15,,97680,3,,,1,15,,97699,3,,,1,15,,97643,3,,,1,55,,97662,3,,,1,15,,97681,3,,,1,15,,97700,3,,,1,15,,97644,3,,,1,55,,97663,3,,,1,15,,97682,3,,,1,15,,97701,3,,,1,15,,97645,3,,,1,55,,97664,3,,,1,15,,97683,3,,,1,15,,97702,3,,,1,15,,97646,3,,,1,55,,97665,3,,,1,15,,97684,3,,,1,15,,97703,3,,,1,15,,97647,3,,,1,55,,97666,3,,,1,15,,97685,3,,,1,15,,97704,3,,,1,15,,97648,3,,,1,55,,97667,3,,,1,15,,97686,3,,,1,15,,97705,3,,,1,15,,97649,3,,,1,55,,97668,3,,,1,15,,97687,3,,,1,15,,97706,3,,,1,15,,97650,3,,,1,55,,97669,3,,,1,15,,97688,3,,,1,15,,97707,3,,,1,15,,97651,3,,,1,55,,97670,3,,,1,15,,97689,3,,,1,15,,97708,3,,,1,15,,97652,3,,,1,55,,97671,3,,,1,15,,97690,3,,,1,15,,97709,3,,,1,15,,97653,3,,,1,55,,97672,3,,,1,15,,97691,3,,,1,15,,97710,3,,,1,15,,97654,3,,,1,55,,97673,3,,,1,15,,97692,3,,,1,15,,97711,3,,,1,15,,97655,3,,,1,55,,97674,3,,,1,15,,97693,3,,,1,15,,97712,3,,,1,15,,97656,3,,,1,55,,97675,3,,,1
1,'20270307',639,,97769,3,,,1,15,,97713,3,,,1,55,,97732,3,,,1,15,,97751,3,,,1,15,,97770,3,,,1,15,,97714,3,,,1,55,,97733,3,,,1,15,,97752,3,,,1,15,,97771,3,,,1,15,,97715,3,,,1,55,,97734,3,,,1,15,,97753,3,,,1,15,,97772,3,,,1,15,,97716,3,,,1,55,,97735,3,,,1,15,,97754,3,,,1,15,,97773,3,,,1,15,,97717,3,,,1,55,,97736,3,,,1,15,,97755,3,,,1,15,,97774,3,,,1,15,,97718,3,,,1,55,,97737,3,,,1,15,,97756,3,,,1,15,,97775,3,,,1,15,,97719,3,,,1,55,,97738,3,,,1,15,,97757,3,,,1,15,,97776,3,,,1,15,,97720,3,,,1,55,,97739,3,,,1,15,,97758,3,,,1,15,,97777,3,,,1,15,,97721,3,,,1,55,,97740,3,,,1,15,,97759,3,,,1,15,,97778,3,,,1,15,,97722,3,,,1,55,,97741,3,,,1,15,,97760,3,,,1,15,,97779,3,,,1,15,,97723,3,,,1,55,,97742,3,,,1,15,,97761,3,,,1,15,,97780,3,,,1,15,,97724,3,,,1,55,,97743,3,,,1,15,,97762,3,,,1,15,,97781,3,,,1,15,,97725,3,,,1,55,,97744,3,,,1,15,,97763,3,,,1,15,,97782,3,,,1,15,,97726,3,,,1,55,,97745,3,,,1,15,,97764,3,,,1,15,,97783,3,,,1,15,,97727,3,,,1,55,,97746,3,,,1,15,,97765,3,,,1,15,,97784,3,,,1,15,,97728,3,,,1,55,,97747,3,,,1,15,,97766,3,,,1,15,,97785,3,,,1,15,,97729,3,,,1,55,,97748,3,,,1,15,,97767,3,,,1,15,,97786,3,,,1,15,,97730,3,,,1,55,,97749,3,,,1,15,,97768,3,,,1,15,,97787,3,,,1,15,,97731,3,,,1,55,,97750,3,,,1
1,'20270308',542,,97847,3,,,1,15,,97788,3,,,1,52,,97808,3,,,1,15,,97828,3,,,1,15,,97848,3,,,1,15,,97789,3,,,1,55,,97809,3,,,1,15,,97829,3,,,1,15,,97849,3,,,1,15,,97790,3,,,1,55,,97810,3,,,1,15,,97830,3,,,1,15,,97850,3,,,1,15,,97791,3,,,1,55,,97811,3,,,1,15,,97831,3,,,1,15,,97851,3,,,1,15,,97792,3,,,1,55,,97812,3,,,1,15,,97832,3,,,1,15,,97852,3,,,1,15,,97793,3,,,1,55,,97813,3,,,1,15,,97833,3,,,1,15,,97853,3,,,1,15,,97794,3,,,1,55,,97814,3,,,1,15,,97834,3,,,1,15,,97854,3,,,1,15,,97795,3,,,1,55,,97815,3,,,1,15,,97835,3,,,1,15,,97855,3,,,1,15,,97796,3,,,1,55,,97816,3,,,1,15,,97836,3,,,1,15,,97856,3,,,1,15,,97797,3,,,1,55,,97817,3,,,1,15,,97837,3,,,1,15,,97857,3,,,1,15,,97798,3,,,1,55,,97818,3,,,1,15,,97838,3,,,1,15,,97858,3,,,1,15,,97799,3,,,1,55,,97819,3,,,1,15,,97839,3,,,1,15,,97859,3,,,1,15,,97800,3,,,1,55,,97820,3,,,1,15,,97840,3,,,1,15,,97860,3,,,1,15,,97801,3,,,1,55,,97821,3,,,1,15,,97841,3,,,1,15,,97861,3,,,1,15,,97802,3,,,1,55,,97822,3,,,1,15,,97842,3,,,1,15,,97862,3,,,1,15,,97803,3,,,1,55,,97823,3,,,1,15,,97843,3,,,1,15,,97863,3,,,1,15,,97804,3,,,1,55,,97824,3,,,1,15,,97844,3,,,1,15,,97864,3,,,1,15,,97805,3,,,1,55,,97825,3,,,1,15,,97845,3,,,1,15,,97865,3,,,1,15,,97806,3,,,1,55,,97826,3,,,1,15,,97846,3,,,1,15,,97866,3,,,1,15,,97807,3,,,1,55,,97827,3,,,1
1,'20270309',542,,97926,3,,,1,15,,97867,3,,,1,52,,97887,3,,,1,15,,97907,3,,,1,15,,97927,3,,,1,15,,97868,3,,,1,55,,97888,3,,,1,15,,97908,3,,,1,15,,97928,3,,,1,15,,97869,3,,,1,55,,97889,3,,,1,15,,97909,3,,,1,15,,97929,3,,,1,15,,97870,3,,,1,55,,97890,3,,,1,15,,97910,3,,,1,15,,97930,3,,,1,15,,97871,3,,,1,55,,97891,3,,,1,15,,97911,3,,,1,15,,97931,3,,,1,15,,97872,3,,,1,55,,97892,3,,,1,15,,97912,3,,,1,15,,97932,3,,,1,15,,97873,3,,,1,55,,97893,3,,,1,15,,97913,3,,,1,15,,97933,3,,,1,15,,97874,3,,,1,55,,97894,3,,,1,15,,97914,3,,,1,15,,97934,3,,,1,15,,97875,3,,,1,55,,97895,3,,,1,15,,97915,3,,,1,15,,97935,3,,,1,15,,97876,3,,,1,55,,97896,3,,,1,15,,97916,3,,,1,15,,97936,3,,,1,15,,97877,3,,,1,55,,97897,3,,,1,15,,97917,3,,,1,15,,97937,3,,,1,15,,97878,3,,,1,55,,97898,3,,,1,15,,97918,3,,,1,15,,97938,3,,,1,15,,97879,3,,,1,55,,97899,3,,,1,15,,97919,3,,,1,15,,97939,3,,,1,15,,97880,3,,,1,55,,97900,3,,,1,15,,97920,3,,,1,15,,97940,3,,,1,15,,97881,3,,,1,55,,97901,3,,,1,15,,97921,3,,,1,15,,97941,3,,,1,15,,97882,3,,,1,55,,97902,3,,,1,15,,97922,3,,,1,15,,97942,3,,,1,15,,97883,3,,,1,55,,97903,3,,,1,15,,97923,3,,,1,15,,97943,3,,,1,15,,97884,3,,,1,55,,97904,3,,,1,15,,97924,3,,,1,15,,97944,3,,,1,15,,97885,3,,,1,55,,97905,3,,,1,15,,97925,3,,,1,15,,97945,3,,,1,15,,97886,3,,,1,55,,97906,3,,,1
1,'20270310',542,,98005,3,,,1,15,,97946,3,,,1,52,,97966,3,,,1,15,,97986,3,,,1,15,,98006,3,,,1,15,,97947,3,,,1,55,,97967,3,,,1,15,,97987,3,,,1,15,,98007,3,,,1,15,,97948,3,,,1,55,,97968,3,,,1,15,,97988,3,,,1,15,,98008,3,,,1,15,,97949,3,,,1,55,,97969,3,,,1,15,,97989,3,,,1,15,,98009,3,,,1,15,,97950,3,,,1,55,,97970,3,,,1,15,,97990,3,,,1,15,,98010,3,,,1,15,,97951,3,,,1,55,,97971,3,,,1,15,,97991,3,,,1,15,,98011,3,,,1,15,,97952,3,,,1,55,,97972,3,,,1,15,,97992,3,,,1,15,,98012,3,,,1,15,,97953,3,,,1,55,,97973,3,,,1,15,,97993,3,,,1,15,,98013,3,,,1,15,,97954,3,,,1,55,,97974,3,,,1,15,,97994,3,,,1,15,,98014,3,,,1,15,,97955,3,,,1,55,,97975,3,,,1,15,,97995,3,,,1,15,,98015,3,,,1,15,,97956,3,,,1,55,,97976,3,,,1,15,,97996,3,,,1,15,,98016,3,,,1,15,,97957,3,,,1,55,,97977,3,,,1,15,,97997,3,,,1,15,,98017,3,,,1,15,,97958,3,,,1,55,,97978,3,,,1,15,,97998,3,,,1,15,,98018,3,,,1,15,,97959,3,,,1,55,,97979,3,,,1,15,,97999,3,,,1,15,,98019,3,,,1,15,,97960,3,,,1,55,,97980,3,,,1,15,,98000,3,,,1,15,,98020,3,,,1,15,,97961,3,,,1,55,,97981,3,,,1,15,,98001,3,,,1,15,,98021,3,,,1,15,,97962,3,,,1,55,,97982,3,,,1,15,,98002,3,,,1,15,,98022,3,,,1,15,,97963,3,,,1,55,,97983,3,,,1,15,,98003,3,,,1,15,,98023,3,,,1,15,,97964,3,,,1,55,,97984,3,,,1,15,,98004,3,,,1,15,,98024,3,,,1,15,,97965,3,,,1,55,,97985,3,,,1
1,'20270311',542,,98084,3,,,1,15,,98025,3,,,1,52,,98045,3,,,1,15,,98065,3,,,1,15,,98085,3,,,1,15,,98026,3,,,1,55,,98046,3,,,1,15,,98066,3,,,1,15,,98086,3,,,1,15,,98027,3,,,1,55,,98047,3,,,1,15,,98067,3,,,1,15,,98087,3,,,1,15,,98028,3,,,1,55,,98048,3,,,1,15,,98068,3,,,1,15,,98088,3,,,1,15,,98029,3,,,1,55,,98049,3,,,1,15,,98069,3,,,1,15,,98089,3,,,1,15,,98030,3,,,1,55,,98050,3,,,1,15,,98070,3,,,1,15,,98090,3,,,1,15,,98031,3,,,1,55,,98051,3,,,1,15,,98071,3,,,1,15,,98091,3,,,1,15,,98032,3,,,1,55,,98052,3,,,1,15,,98072,3,,,1,15,,98092,3,,,1,15,,98033,3,,,1,55,,98053,3,,,1,15,,98073,3,,,1,15,,98093,3,,,1,15,,98034,3,,,1,55,,98054,3,,,1,15,,98074,3,,,1,15,,98094,3,,,1,15,,98035,3,,,1,55,,98055,3,,,1,15,,98075,3,,,1,15,,98095,3,,,1,15,,98036,3,,,1,55,,98056,3,,,1,15,,98076,3,,,1,15,,98096,3,,,1,15,,98037,3,,,1,55,,98057,3,,,1,15,,98077,3,,,1,15,,98097,3,,,1,15,,98038,3,,,1,55,,98058,3,,,1,15,,98078,3,,,1,15,,98098,3,,,1,15,,98039,3,,,1,55,,98059,3,,,1,15,,98079,3,,,1,15,,98099,3,,,1,15,,98040,3,,,1,55,,98060,3,,,1,15,,98080,3,,,1,15,,98100,3,,,1,15,,98041,3,,,1,55,,98061,3,,,1,15,,98081,3,,,1,15,,98101,3,,,1,15,,98042,3,,,1,55,,98062,3,,,1,15,,98082,3,,,1,15,,98102,3,,,1,15,,98043,3,,,1,55,,98063,3,,,1,15,,98083,3,,,1,15,,98103,3,,,1,15,,98044,3,,,1,55,,98064,3,,,1
1,'20270312',542,,98163,3,,,1,15,,98104,3,,,1,52,,98124,3,,,1,15,,98144,3,,,1,15,,98164,3,,,1,15,,98105,3,,,1,55,,98125,3,,,1,15,,98145,3,,,1,15,,98165,3,,,1,15,,98106,3,,,1,55,,98126,3,,,1,15,,98146,3,,,1,15,,98166,3,,,1,15,,98107,3,,,1,55,,98127,3,,,1,15,,98147,3,,,1,15,,98167,3,,,1,15,,98108,3,,,1,55,,98128,3,,,1,15,,98148,3,,,1,15,,98168,3,,,1,15,,98109,3,,,1,55,,98129,3,,,1,15,,98149,3,,,1,15,,98169,3,,,1,15,,98110,3,,,1,55,,98130,3,,,1,15,,98150,3,,,1,15,,98170,3,,,1,15,,98111,3,,,1,55,,98131,3,,,1,15,,98151,3,,,1,15,,98171,3,,,1,15,,98112,3,,,1,55,,98132,3,,,1,15,,98152,3,,,1,15,,98172,3,,,1,15,,98113,3,,,1,55,,98133,3,,,1,15,,98153,3,,,1,15,,98173,3,,,1,15,,98114,3,,,1,55,,98134,3,,,1,15,,98154,3,,,1,15,,98174,3,,,1,15,,98115,3,,,1,55,,98135,3,,,1,15,,98155,3,,,1,15,,98175,3,,,1,15,,98116,3,,,1,55,,98136,3,,,1,15,,98156,3,,,1,15,,98176,3,,,1,15,,98117,3,,,1,55,,98137,3,,,1,15,,98157,3,,,1,15,,98177,3,,,1,15,,98118,3,,,1,55,,98138,3,,,1,15,,98158,3,,,1,15,,98178,3,,,1,15,,98119,3,,,1,55,,98139,3,,,1,15,,98159,3,,,1,15,,98179,3,,,1,15,,98120,3,,,1,55,,98140,3,,,1,15,,98160,3,,,1,15,,98180,3,,,1,15,,98121,3,,,1,55,,98141,3,,,1,15,,98161,3,,,1,15,,98181,3,,,1,15,,98122,3,,,1,55,,98142,3,,,1,15,,98162,3,,,1,15,,98182,3,,,1,15,,98123,3,,,1,55,,98143,3,,,1
1,'20270313',639,,98239,3,,,1,15,,98183,3,,,1,55,,98202,3,,,1,15,,98221,3,,,1,15,,98240,3,,,1,15,,98184,3,,,1,55,,98203,3,,,1,15,,98222,3,,,1,15,,98241,3,,,1,15,,98185,3,,,1,55,,98204,3,,,1,15,,98223,3,,,1,15,,98242,3,,,1,15,,98186,3,,,1,55,,98205,3,,,1,15,,98224,3,,,1,15,,98243,3,,,1,15,,98187,3,,,1,55,,98206,3,,,1,15,,98225,3,,,1,15,,98244,3,,,1,15,,98188,3,,,1,55,,98207,3,,,1,15,,98226,3,,,1,15,,98245,3,,,1,15,,98189,3,,,1,55,,98208,3,,,1,15,,98227,3,,,1,15,,98246,3,,,1,15,,98190,3,,,1,55,,98209,3,,,1,15,,98228,3,,,1,15,,98247,3,,,1,15,,98191,3,,,1,55,,98210,3,,,1,15,,98229,3,,,1,15,,98248,3,,,1,15,,98192,3,,,1,55,,98211,3,,,1,15,,98230,3,,,1,15,,98249,3,,,1,15,,98193,3,,,1,55,,98212,3,,,1,15,,98231,3,,,1,15,,98250,3,,,1,15,,98194,3,,,1,55,,98213,3,,,1,15,,98232,3,,,1,15,,98251,3,,,1,15,,98195,3,,,1,55,,98214,3,,,1,15,,98233,3,,,1,15,,98252,3,,,1,15,,98196,3,,,1,55,,98215,3,,,1,15,,98234,3,,,1,15,,98253,3,,,1,15,,98197,3,,,1,55,,98216,3,,,1,15,,98235,3,,,1,15,,98254,3,,,1,15,,98198,3,,,1,55,,98217,3,,,1,15,,98236,3,,,1,15,,98255,3,,,1,15,,98199,3,,,1,55,,98218,3,,,1,15,,98237,3,,,1,15,,98256,3,,,1,15,,98200,3,,,1,55,,98219,3,,,1,15,,98238,3,,,1,15,,98257,3,,,1,15,,98201,3,,,1,55,,98220,3,,,1
1,'20270314',639,,98314,3,,,1,15,,98258,3,,,1,55,,98277,3,,,1,15,,98296,3,,,1,15,,98315,3,,,1,15,,98259,3,,,1,55,,98278,3,,,1,15,,98297,3,,,1,15,,98316,3,,,1,15,,98260,3,,,1,55,,98279,3,,,1,15,,98298,3,,,1,15,,98317,3,,,1,15,,98261,3,,,1,55,,98280,3,,,1,15,,98299,3,,,1,15,,98318,3,,,1,15,,98262,3,,,1,55,,98281,3,,,1,15,,98300,3,,,1,15,,98319,3,,,1,15,,98263,3,,,1,55,,98282,3,,,1,15,,98301,3,,,1,15,,98320,3,,,1,15,,98264,3,,,1,55,,98283,3,,,1,15,,98302,3,,,1,15,,98321,3,,,1,15,,98265,3,,,1,55,,98284,3,,,1,15,,98303,3,,,1,15,,98322,3,,,1,15,,98266,3,,,1,55,,98285,3,,,1,15,,98304,3,,,1,15,,98323,3,,,1,15,,98267,3,,,1,55,,98286,3,,,1,15,,98305,3,,,1,15,,98324,3,,,1,15,,98268,3,,,1,55,,98287,3,,,1,15,,98306,3,,,1,15,,98325,3,,,1,15,,98269,3,,,1,55,,98288,3,,,1,15,,98307,3,,,1,15,,98326,3,,,1,15,,98270,3,,,1,55,,98289,3,,,1,15,,98308,3,,,1,15,,98327,3,,,1,15,,98271,3,,,1,55,,98290,3,,,1,15,,98309,3,,,1,15,,98328,3,,,1,15,,98272,3,,,1,55,,98291,3,,,1,15,,98310,3,,,1,15,,98329,3,,,1,15,,98273,3,,,1,55,,98292,3,,,1,15,,98311,3,,,1,15,,98330,3,,,1,15,,98274,3,,,1,55,,98293,3,,,1,15,,98312,3,,,1,15,,98331,3,,,1,15,,98275,3,,,1,55,,98294,3,,,1,15,,98313,3,,,1,15,,98332,3,,,1,15,,98276,3,,,1,55,,98295,3,,,1
1,'20270315',542,,98392,3,,,1,15,,98333,3,,,1,52,,98353,3,,,1,15,,98373,3,,,1,15,,98393,3,,,1,15,,98334,3,,,1,55,,98354,3,,,1,15,,98374,3,,,1,15,,98394,3,,,1,15,,98335,3,,,1,55,,98355,3,,,1,15,,98375,3,,,1,15,,98395,3,,,1,15,,98336,3,,,1,55,,98356,3,,,1,15,,98376,3,,,1,15,,98396,3,,,1,15,,98337,3,,,1,55,,98357,3,,,1,15,,98377,3,,,1,15,,98397,3,,,1,15,,98338,3,,,1,55,,98358,3,,,1,15,,98378,3,,,1,15,,98398,3,,,1,15,,98339,3,,,1,55,,98359,3,,,1,15,,98379,3,,,1,15,,98399,3,,,1,15,,98340,3,,,1,55,,98360,3,,,1,15,,98380,3,,,1,15,,98400,3,,,1,15,,98341,3,,,1,55,,98361,3,,,1,15,,98381,3,,,1,15,,98401,3,,,1,15,,98342,3,,,1,55,,98362,3,,,1,15,,98382,3,,,1,15,,98402,3,,,1,15,,98343,3,,,1,55,,98363,3,,,1,15,,98383,3,,,1,15,,98403,3,,,1,15,,98344,3,,,1,55,,98364,3,,,1,15,,98384,3,,,1,15,,98404,3,,,1,15,,98345,3,,,1,55,,98365,3,,,1,15,,98385,3,,,1,15,,98405,3,,,1,15,,98346,3,,,1,55,,98366,3,,,1,15,,98386,3,,,1,15,,98406,3,,,1,15,,98347,3,,,1,55,,98367,3,,,1,15,,98387,3,,,1,15,,98407,3,,,1,15,,98348,3,,,1,55,,98368,3,,,1,15,,98388,3,,,1,15,,98408,3,,,1,15,,98349,3,,,1,55,,98369,3,,,1,15,,98389,3,,,1,15,,98409,3,,,1,15,,98350,3,,,1,55,,98370,3,,,1,15,,98390,3,,,1,15,,98410,3,,,1,15,,98351,3,,,1,55,,98371,3,,,1,15,,98391,3,,,1,15,,98411,3,,,1,15,,98352,3,,,1,55,,98372,3,,,1
1,'20270316',542,,98471,3,,,1,15,,98412,3,,,1,52,,98432,3,,,1,15,,98452,3,,,1,15,,98472,3,,,1,15,,98413,3,,,1,55,,98433,3,,,1,15,,98453,3,,,1,15,,98473,3,,,1,15,,98414,3,,,1,55,,98434,3,,,1,15,,98454,3,,,1,15,,98474,3,,,1,15,,98415,3,,,1,55,,98435,3,,,1,15,,98455,3,,,1,15,,98475,3,,,1,15,,98416,3,,,1,55,,98436,3,,,1,15,,98456,3,,,1,15,,98476,3,,,1,15,,98417,3,,,1,55,,98437,3,,,1,15,,98457,3,,,1,15,,98477,3,,,1,15,,98418,3,,,1,55,,98438,3,,,1,15,,98458,3,,,1,15,,98478,3,,,1,15,,98419,3,,,1,55,,98439,3,,,1,15,,98459,3,,,1,15,,98479,3,,,1,15,,98420,3,,,1,55,,98440,3,,,1,15,,98460,3,,,1,15,,98480,3,,,1,15,,98421,3,,,1,55,,98441,3,,,1,15,,98461,3,,,1,15,,98481,3,,,1,15,,98422,3,,,1,55,,98442,3,,,1,15,,98462,3,,,1,15,,98482,3,,,1,15,,98423,3,,,1,55,,98443,3,,,1,15,,98463,3,,,1,15,,98483,3,,,1,15,,98424,3,,,1,55,,98444,3,,,1,15,,98464,3,,,1,15,,98484,3,,,1,15,,98425,3,,,1,55,,98445,3,,,1,15,,98465,3,,,1,15,,98485,3,,,1,15,,98426,3,,,1,55,,98446,3,,,1,15,,98466,3,,,1,15,,98486,3,,,1,15,,98427,3,,,1,55,,98447,3,,,1,15,,98467,3,,,1,15,,98487,3,,,1,15,,98428,3,,,1,55,,98448,3,,,1,15,,98468,3,,,1,15,,98488,3,,,1,15,,98429,3,,,1,55,,98449,3,,,1,15,,98469,3,,,1,15,,98489,3,,,1,15,,98430,3,,,1,55,,98450,3,,,1,15,,98470,3,,,1,15,,98490,3,,,1,15,,98431,3,,,1,55,,98451,3,,,1
1,'20270317',542,,98550,3,,,1,15,,98491,3,,,1,52,,98511,3,,,1,15,,98531,3,,,1,15,,98551,3,,,1,15,,98492,3,,,1,55,,98512,3,,,1,15,,98532,3,,,1,15,,98552,3,,,1,15,,98493,3,,,1,55,,98513,3,,,1,15,,98533,3,,,1,15,,98553,3,,,1,15,,98494,3,,,1,55,,98514,3,,,1,15,,98534,3,,,1,15,,98554,3,,,1,15,,98495,3,,,1,55,,98515,3,,,1,15,,98535,3,,,1,15,,98555,3,,,1,15,,98496,3,,,1,55,,98516,3,,,1,15,,98536,3,,,1,15,,98556,3,,,1,15,,98497,3,,,1,55,,98517,3,,,1,15,,98537,3,,,1,15,,98557,3,,,1,15,,98498,3,,,1,55,,98518,3,,,1,15,,98538,3,,,1,15,,98558,3,,,1,15,,98499,3,,,1,55,,98519,3,,,1,15,,98539,3,,,1,15,,98559,3,,,1,15,,98500,3,,,1,55,,98520,3,,,1,15,,98540,3,,,1,15,,98560,3,,,1,15,,98501,3,,,1,55,,98521,3,,,1,15,,98541,3,,,1,15,,98561,3,,,1,15,,98502,3,,,1,55,,98522,3,,,1,15,,98542,3,,,1,15,,98562,3,,,1,15,,98503,3,,,1,55,,98523,3,,,1,15,,98543,3,,,1,15,,98563,3,,,1,15,,98504,3,,,1,55,,98524,3,,,1,15,,98544,3,,,1,15,,98564,3,,,1,15,,98505,3,,,1,55,,98525,3,,,1,15,,98545,3,,,1,15,,98565,3,,,1,15,,98506,3,,,1,55,,98526,3,,,1,15,,98546,3,,,1,15,,98566,3,,,1,15,,98507,3,,,1,55,,98527,3,,,1,15,,98547,3,,,1,15,,98567,3,,,1,15,,98508,3,,,1,55,,98528,3,,,1,15,,98548,3,,,1,15,,98568,3,,,1,15,,98509,3,,,1,55,,98529,3,,,1,15,,98549,3,,,1,15,,98569,3,,,1,15,,98510,3,,,1,55,,98530,3,,,1
1,'20270318',542,,98629,3,,,1,15,,98570,3,,,1,52,,98590,3,,,1,15,,98610,3,,,1,15,,98630,3,,,1,15,,98571,3,,,1,55,,98591,3,,,1,15,,98611,3,,,1,15,,98631,3,,,1,15,,98572,3,,,1,55,,98592,3,,,1,15,,98612,3,,,1,15,,98632,3,,,1,15,,98573,3,,,1,55,,98593,3,,,1,15,,98613,3,,,1,15,,98633,3,,,1,15,,98574,3,,,1,55,,98594,3,,,1,15,,98614,3,,,1,15,,98634,3,,,1,15,,98575,3,,,1,55,,98595,3,,,1,15,,98615,3,,,1,15,,98635,3,,,1,15,,98576,3,,,1,55,,98596,3,,,1,15,,98616,3,,,1,15,,98636,3,,,1,15,,98577,3,,,1,55,,98597,3,,,1,15,,98617,3,,,1,15,,98637,3,,,1,15,,98578,3,,,1,55,,98598,3,,,1,15,,98618,3,,,1,15,,98638,3,,,1,15,,98579,3,,,1,55,,98599,3,,,1,15,,98619,3,,,1,15,,98639,3,,,1,15,,98580,3,,,1,55,,98600,3,,,1,15,,98620,3,,,1,15,,98640,3,,,1,15,,98581,3,,,1,55,,98601,3,,,1,15,,98621,3,,,1,15,,98641,3,,,1,15,,98582,3,,,1,55,,98602,3,,,1,15,,98622,3,,,1,15,,98642,3,,,1,15,,98583,3,,,1,55,,98603,3,,,1,15,,98623,3,,,1,15,,98643,3,,,1,15,,98584,3,,,1,55,,98604,3,,,1,15,,98624,3,,,1,15,,98644,3,,,1,15,,98585,3,,,1,55,,98605,3,,,1,15,,98625,3,,,1,15,,98645,3,,,1,15,,98586,3,,,1,55,,98606,3,,,1,15,,98626,3,,,1,15,,98646,3,,,1,15,,98587,3,,,1,55,,98607,3,,,1,15,,98627,3,,,1,15,,98647,3,,,1,15,,98588,3,,,1,55,,98608,3,,,1,15,,98628,3,,,1,15,,98648,3,,,1,15,,98589,3,,,1,55,,98609,3,,,1
1,'20270319',542,,98708,3,,,1,15,,98649,3,,,1,52,,98669,3,,,1,15,,98689,3,,,1,15,,98709,3,,,1,15,,98650,3,,,1,55,,98670,3,,,1,15,,98690,3,,,1,15,,98710,3,,,1,15,,98651,3,,,1,55,,98671,3,,,1,15,,98691,3,,,1,15,,98711,3,,,1,15,,98652,3,,,1,55,,98672,3,,,1,15,,98692,3,,,1,15,,98712,3,,,1,15,,98653,3,,,1,55,,98673,3,,,1,15,,98693,3,,,1,15,,98713,3,,,1,15,,98654,3,,,1,55,,98674,3,,,1,15,,98694,3,,,1,15,,98714,3,,,1,15,,98655,3,,,1,55,,98675,3,,,1,15,,98695,3,,,1,15,,98715,3,,,1,15,,98656,3,,,1,55,,98676,3,,,1,15,,98696,3,,,1,15,,98716,3,,,1,15,,98657,3,,,1,55,,98677,3,,,1,15,,98697,3,,,1,15,,98717,3,,,1,15,,98658,3,,,1,55,,98678,3,,,1,15,,98698,3,,,1,15,,98718,3,,,1,15,,98659,3,,,1,55,,98679,3,,,1,15,,98699,3,,,1,15,,98719,3,,,1,15,,98660,3,,,1,55,,98680,3,,,1,15,,98700,3,,,1,15,,98720,3,,,1,15,,98661,3,,,1,55,,98681,3,,,1,15,,98701,3,,,1,15,,98721,3,,,1,15,,98662,3,,,1,55,,98682,3,,,1,15,,98702,3,,,1,15,,98722,3,,,1,15,,98663,3,,,1,55,,98683,3,,,1,15,,98703,3,,,1,15,,98723,3,,,1,15,,98664,3,,,1,55,,98684,3,,,1,15,,98704,3,,,1,15,,98724,3,,,1,15,,98665,3,,,1,55,,98685,3,,,1,15,,98705,3,,,1,15,,98725,3,,,1,15,,98666,3,,,1,55,,98686,3,,,1,15,,98706,3,,,1,15,,98726,3,,,1,15,,98667,3,,,1,55,,98687,3,,,1,15,,98707,3,,,1,15,,98727,3,,,1,15,,98668,3,,,1,55,,98688,3,,,1
1,'20270320',639,,98784,3,,,1,15,,98728,3,,,1,55,,98747,3,,,1,15,,98766,3,,,1,15,,98785,3,,,1,15,,98729,3,,,1,55,,98748,3,,,1,15,,98767,3,,,1,15,,98786,3,,,1,15,,98730,3,,,1,55,,98749,3,,,1,15,,98768,3,,,1,15,,98787,3,,,1,15,,98731,3,,,1,55,,98750,3,,,1,15,,98769,3,,,1,15,,98788,3,,,1,15,,98732,3,,,1,55,,98751,3,,,1,15,,98770,3,,,1,15,,98789,3,,,1,15,,98733,3,,,1,55,,98752,3,,,1,15,,98771,3,,,1,15,,98790,3,,,1,15,,98734,3,,,1,55,,98753,3,,,1,15,,98772,3,,,1,15,,98791,3,,,1,15,,98735,3,,,1,55,,98754,3,,,1,15,,98773,3,,,1,15,,98792,3,,,1,15,,98736,3,,,1,55,,98755,3,,,1,15,,98774,3,,,1,15,,98793,3,,,1,15,,98737,3,,,1,55,,98756,3,,,1,15,,98775,3,,,1,15,,98794,3,,,1,15,,98738,3,,,1,55,,98757,3,,,1,15,,98776,3,,,1,15,,98795,3,,,1,15,,98739,3,,,1,55,,98758,3,,,1,15,,98777,3,,,1,15,,98796,3,,,1,15,,98740,3,,,1,55,,98759,3,,,1,15,,98778,3,,,1,15,,98797,3,,,1,15,,98741,3,,,1,55,,98760,3,,,1,15,,98779,3,,,1,15,,98798,3,,,1,15,,98742,3,,,1,55,,98761,3,,,1,15,,98780,3,,,1,15,,98799,3,,,1,15,,98743,3,,,1,55,,98762,3,,,1,15,,98781,3,,,1,15,,98800,3,,,1,15,,98744,3,,,1,55,,98763,3,,,1,15,,98782,3,,,1,15,,98801,3,,,1,15,,98745,3,,,1,55,,98764,3,,,1,15,,98783,3,,,1,15,,98802,3,,,1,15,,98746,3,,,1,55,,98765,3,,,1
1,'20270321',639,,98859,3,,,1,15,,98803,3,,,1,55,,98822,3,,,1,15,,98841,3,,,1,15,,98860,3,,,1,15,,98804,3,,,1,55,,98823,3,,,1,15,,98842,3,,,1,15,,98861,3,,,1,15,,98805,3,,,1,55,,98824,3,,,1,15,,98843,3,,,1,15,,98862,3,,,1,15,,98806,3,,,1,55,,98825,3,,,1,15,,98844,3,,,1,15,,98863,3,,,1,15,,98807,3,,,1,55,,98826,3,,,1,15,,98845,3,,,1,15,,98864,3,,,1,15,,98808,3,,,1,55,,98827,3,,,1,15,,98846,3,,,1,15,,98865,3,,,1,15,,98809,3,,,1,55,,98828,3,,,1,15,,98847,3,,,1,15,,98866,3,,,1,15,,98810,3,,,1,55,,98829,3,,,1,15,,98848,3,,,1,15,,98867,3,,,1,15,,98811,3,,,1,55,,98830,3,,,1,15,,98849,3,,,1,15,,98868,3,,,1,15,,98812,3,,,1,55,,98831,3,,,1,15,,98850,3,,,1,15,,98869,3,,,1,15,,98813,3,,,1,55,,98832,3,,,1,15,,98851,3,,,1,15,,98870,3,,,1,15,,98814,3,,,1,55,,98833,3,,,1,15,,98852,3,,,1,15,,98871,3,,,1,15,,98815,3,,,1,55,,98834,3,,,1,15,,98853,3,,,1,15,,98872,3,,,1,15,,98816,3,,,1,55,,98835,3,,,1,15,,98854,3,,,1,15,,98873,3,,,1,15,,98817,3,,,1,55,,98836,3,,,1,15,,98855,3,,,1,15,,98874,3,,,1,15,,98818,3,,,1,55,,98837,3,,,1,15,,98856,3,,,1,15,,98875,3,,,1,15,,98819,3,,,1,55,,98838,3,,,1,15,,98857,3,,,1,15,,98876,3,,,1,15,,98820,3,,,1,55,,98839,3,,,1,15,,98858,3,,,1,15,,98877,3,,,1,15,,98821,3,,,1,55,,98840,3,,,1
1,'20270322',542,,98937,3,,,1,15,,98878,3,,,1,52,,98898,3,,,1,15,,98918,3,,,1,15,,98938,3,,,1,15,,98879,3,,,1,55,,98899,3,,,1,15,,98919,3,,,1,15,,98939,3,,,1,15,,98880,3,,,1,55,,98900,3,,,1,15,,98920,3,,,1,15,,98940,3,,,1,15,,98881,3,,,1,55,,98901,3,,,1,15,,98921,3,,,1,15,,98941,3,,,1,15,,98882,3,,,1,55,,98902,3,,,1,15,,98922,3,,,1,15,,98942,3,,,1,15,,98883,3,,,1,55,,98903,3,,,1,15,,98923,3,,,1,15,,98943,3,,,1,15,,98884,3,,,1,55,,98904,3,,,1,15,,98924,3,,,1,15,,98944,3,,,1,15,,98885,3,,,1,55,,98905,3,,,1,15,,98925,3,,,1,15,,98945,3,,,1,15,,98886,3,,,1,55,,98906,3,,,1,15,,98926,3,,,1,15,,98946,3,,,1,15,,98887,3,,,1,55,,98907,3,,,1,15,,98927,3,,,1,15,,98947,3,,,1,15,,98888,3,,,1,55,,98908,3,,,1,15,,98928,3,,,1,15,,98948,3,,,1,15,,98889,3,,,1,55,,98909,3,,,1,15,,98929,3,,,1,15,,98949,3,,,1,15,,98890,3,,,1,55,,98910,3,,,1,15,,98930,3,,,1,15,,98950,3,,,1,15,,98891,3,,,1,55,,98911,3,,,1,15,,98931,3,,,1,15,,98951,3,,,1,15,,98892,3,,,1,55,,98912,3,,,1,15,,98932,3,,,1,15,,98952,3,,,1,15,,98893,3,,,1,55,,98913,3,,,1,15,,98933,3,,,1,15,,98953,3,,,1,15,,98894,3,,,1,55,,98914,3,,,1,15,,98934,3,,,1,15,,98954,3,,,1,15,,98895,3,,,1,55,,98915,3,,,1,15,,98935,3,,,1,15,,98955,3,,,1,15,,98896,3,,,1,55,,98916,3,,,1,15,,98936,3,,,1,15,,98956,3,,,1,15,,98897,3,,,1,55,,98917,3,,,1
1,'20270323',542,,99016,3,,,1,15,,98957,3,,,1,52,,98977,3,,,1,15,,98997,3,,,1,15,,99017,3,,,1,15,,98958,3,,,1,55,,98978,3,,,1,15,,98998,3,,,1,15,,99018,3,,,1,15,,98959,3,,,1,55,,98979,3,,,1,15,,98999,3,,,1,15,,99019,3,,,1,15,,98960,3,,,1,55,,98980,3,,,1,15,,99000,3,,,1,15,,99020,3,,,1,15,,98961,3,,,1,55,,98981,3,,,1,15,,99001,3,,,1,15,,99021,3,,,1,15,,98962,3,,,1,55,,98982,3,,,1,15,,99002,3,,,1,15,,99022,3,,,1,15,,98963,3,,,1,55,,98983,3,,,1,15,,99003,3,,,1,15,,99023,3,,,1,15,,98964,3,,,1,55,,98984,3,,,1,15,,99004,3,,,1,15,,99024,3,,,1,15,,98965,3,,,1,55,,98985,3,,,1,15,,99005,3,,,1,15,,99025,3,,,1,15,,98966,3,,,1,55,,98986,3,,,1,15,,99006,3,,,1,15,,99026,3,,,1,15,,98967,3,,,1,55,,98987,3,,,1,15,,99007,3,,,1,15,,99027,3,,,1,15,,98968,3,,,1,55,,98988,3,,,1,15,,99008,3,,,1,15,,99028,3,,,1,15,,98969,3,,,1,55,,98989,3,,,1,15,,99009,3,,,1,15,,99029,3,,,1,15,,98970,3,,,1,55,,98990,3,,,1,15,,99010,3,,,1,15,,99030,3,,,1,15,,98971,3,,,1,55,,98991,3,,,1,15,,99011,3,,,1,15,,99031,3,,,1,15,,98972,3,,,1,55,,98992,3,,,1,15,,99012,3,,,1,15,,99032,3,,,1,15,,98973,3,,,1,55,,98993,3,,,1,15,,99013,3,,,1,15,,99033,3,,,1,15,,98974,3,,,1,55,,98994,3,,,1,15,,99014,3,,,1,15,,99034,3,,,1,15,,98975,3,,,1,55,,98995,3,,,1,15,,99015,3,,,1,15,,99035,3,,,1,15,,98976,3,,,1,55,,98996,3,,,1
1,'20270324',542,,99095,3,,,1,15,,99036,3,,,1,52,,99056,3,,,1,15,,99076,3,,,1,15,,99096,3,,,1,15,,99037,3,,,1,55,,99057,3,,,1,15,,99077,3,,,1,15,,99097,3,,,1,15,,99038,3,,,1,55,,99058,3,,,1,15,,99078,3,,,1,15,,99098,3,,,1,15,,99039,3,,,1,55,,99059,3,,,1,15,,99079,3,,,1,15,,99099,3,,,1,15,,99040,3,,,1,55,,99060,3,,,1,15,,99080,3,,,1,15,,99100,3,,,1,15,,99041,3,,,1,55,,99061,3,,,1,15,,99081,3,,,1,15,,99101,3,,,1,15,,99042,3,,,1,55,,99062,3,,,1,15,,99082,3,,,1,15,,99102,3,,,1,15,,99043,3,,,1,55,,99063,3,,,1,15,,99083,3,,,1,15,,99103,3,,,1,15,,99044,3,,,1,55,,99064,3,,,1,15,,99084,3,,,1,15,,99104,3,,,1,15,,99045,3,,,1,55,,99065,3,,,1,15,,99085,3,,,1,15,,99105,3,,,1,15,,99046,3,,,1,55,,99066,3,,,1,15,,99086,3,,,1,15,,99106,3,,,1,15,,99047,3,,,1,55,,99067,3,,,1,15,,99087,3,,,1,15,,99107,3,,,1,15,,99048,3,,,1,55,,99068,3,,,1,15,,99088,3,,,1,15,,99108,3,,,1,15,,99049,3,,,1,55,,99069,3,,,1,15,,99089,3,,,1,15,,99109,3,,,1,15,,99050,3,,,1,55,,99070,3,,,1,15,,99090,3,,,1,15,,99110,3,,,1,15,,99051,3,,,1,55,,99071,3,,,1,15,,99091,3,,,1,15,,99111,3,,,1,15,,99052,3,,,1,55,,99072,3,,,1,15,,99092,3,,,1,15,,99112,3,,,1,15,,99053,3,,,1,55,,99073,3,,,1,15,,99093,3,,,1,15,,99113,3,,,1,15,,99054,3,,,1,55,,99074,3,,,1,15,,99094,3,,,1,15,,99114,3,,,1,15,,99055,3,,,1,55,,99075,3,,,1
1,'20270325',542,,99174,3,,,1,15,,99115,3,,,1,52,,99135,3,,,1,15,,99155,3,,,1,15,,99175,3,,,1,15,,99116,3,,,1,55,,99136,3,,,1,15,,99156,3,,,1,15,,99176,3,,,1,15,,99117,3,,,1,55,,99137,3,,,1,15,,99157,3,,,1,15,,99177,3,,,1,15,,99118,3,,,1,55,,99138,3,,,1,15,,99158,3,,,1,15,,99178,3,,,1,15,,99119,3,,,1,55,,99139,3,,,1,15,,99159,3,,,1,15,,99179,3,,,1,15,,99120,3,,,1,55,,99140,3,,,1,15,,99160,3,,,1,15,,99180,3,,,1,15,,99121,3,,,1,55,,99141,3,,,1,15,,99161,3,,,1,15,,99181,3,,,1,15,,99122,3,,,1,55,,99142,3,,,1,15,,99162,3,,,1,15,,99182,3,,,1,15,,99123,3,,,1,55,,99143,3,,,1,15,,99163,3,,,1,15,,99183,3,,,1,15,,99124,3,,,1,55,,99144,3,,,1,15,,99164,3,,,1,15,,99184,3,,,1,15,,99125,3,,,1,55,,99145,3,,,1,15,,99165,3,,,1,15,,99185,3,,,1,15,,99126,3,,,1,55,,99146,3,,,1,15,,99166,3,,,1,15,,99186,3,,,1,15,,99127,3,,,1,55,,99147,3,,,1,15,,99167,3,,,1,15,,99187,3,,,1,15,,99128,3,,,1,55,,99148,3,,,1,15,,99168,3,,,1,15,,99188,3,,,1,15,,99129,3,,,1,55,,99149,3,,,1,15,,99169,3,,,1,15,,99189,3,,,1,15,,99130,3,,,1,55,,99150,3,,,1,15,,99170,3,,,1,15,,99190,3,,,1,15,,99131,3,,,1,55,,99151,3,,,1,15,,99171,3,,,1,15,,99191,3,,,1,15,,99132,3,,,1,55,,99152,3,,,1,15,,99172,3,,,1,15,,99192,3,,,1,15,,99133,3,,,1,55,,99153,3,,,1,15,,99173,3,,,1,15,,99193,3,,,1,15,,99134,3,,,1,55,,99154,3,,,1
1,'20270326',542,,99253,3,,,1,15,,99194,3,,,1,52,,99214,3,,,1,15,,99234,3,,,1,15,,99254,3,,,1,15,,99195,3,,,1,55,,99215,3,,,1,15,,99235,3,,,1,15,,99255,3,,,1,15,,99196,3,,,1,55,,99216,3,,,1,15,,99236,3,,,1,15,,99256,3,,,1,15,,99197,3,,,1,55,,99217,3,,,1,15,,99237,3,,,1,15,,99257,3,,,1,15,,99198,3,,,1,55,,99218,3,,,1,15,,99238,3,,,1,15,,99258,3,,,1,15,,99199,3,,,1,55,,99219,3,,,1,15,,99239,3,,,1,15,,99259,3,,,1,15,,99200,3,,,1,55,,99220,3,,,1,15,,99240,3,,,1,15,,99260,3,,,1,15,,99201,3,,,1,55,,99221,3,,,1,15,,99241,3,,,1,15,,99261,3,,,1,15,,99202,3,,,1,55,,99222,3,,,1,15,,99242,3,,,1,15,,99262,3,,,1,15,,99203,3,,,1,55,,99223,3,,,1,15,,99243,3,,,1,15,,99263,3,,,1,15,,99204,3,,,1,55,,99224,3,,,1,15,,99244,3,,,1,15,,99264,3,,,1,15,,99205,3,,,1,55,,99225,3,,,1,15,,99245,3,,,1,15,,99265,3,,,1,15,,99206,3,,,1,55,,99226,3,,,1,15,,99246,3,,,1,15,,99266,3,,,1,15,,99207,3,,,1,55,,99227,3,,,1,15,,99247,3,,,1,15,,99267,3,,,1,15,,99208,3,,,1,55,,99228,3,,,1,15,,99248,3,,,1,15,,99268,3,,,1,15,,99209,3,,,1,55,,99229,3,,,1,15,,99249,3,,,1,15,,99269,3,,,1,15,,99210,3,,,1,55,,99230,3,,,1,15,,99250,3,,,1,15,,99270,3,,,1,15,,99211,3,,,1,55,,99231,3,,,1,15,,99251,3,,,1,15,,99271,3,,,1,15,,99212,3,,,1,55,,99232,3,,,1,15,,99252,3,,,1,15,,99272,3,,,1,15,,99213,3,,,1,55,,99233,3,,,1
1,'20270327',639,,99329,3,,,1,15,,99273,3,,,1,55,,99292,3,,,1,15,,99311,3,,,1,15,,99330,3,,,1,15,,99274,3,,,1,55,,99293,3,,,1,15,,99312,3,,,1,15,,99331,3,,,1,15,,99275,3,,,1,55,,99294,3,,,1,15,,99313,3,,,1,15,,99332,3,,,1,15,,99276,3,,,1,55,,99295,3,,,1,15,,99314,3,,,1,15,,99333,3,,,1,15,,99277,3,,,1,55,,99296,3,,,1,15,,99315,3,,,1,15,,99334,3,,,1,15,,99278,3,,,1,55,,99297,3,,,1,15,,99316,3,,,1,15,,99335,3,,,1,15,,99279,3,,,1,55,,99298,3,,,1,15,,99317,3,,,1,15,,99336,3,,,1,15,,99280,3,,,1,55,,99299,3,,,1,15,,99318,3,,,1,15,,99337,3,,,1,15,,99281,3,,,1,55,,99300,3,,,1,15,,99319,3,,,1,15,,99338,3,,,1,15,,99282,3,,,1,55,,99301,3,,,1,15,,99320,3,,,1,15,,99339,3,,,1,15,,99283,3,,,1,55,,99302,3,,,1,15,,99321,3,,,1,15,,99340,3,,,1,15,,99284,3,,,1,55,,99303,3,,,1,15,,99322,3,,,1,15,,99341,3,,,1,15,,99285,3,,,1,55,,99304,3,,,1,15,,99323,3,,,1,15,,99342,3,,,1,15,,99286,3,,,1,55,,99305,3,,,1,15,,99324,3,,,1,15,,99343,3,,,1,15,,99287,3,,,1,55,,99306,3,,,1,15,,99325,3,,,1,15,,99344,3,,,1,15,,99288,3,,,1,55,,99307,3,,,1,15,,99326,3,,,1,15,,99345,3,,,1,15,,99289,3,,,1,55,,99308,3,,,1,15,,99327,3,,,1,15,,99346,3,,,1,15,,99290,3,,,1,55,,99309,3,,,1,15,,99328,3,,,1,15,,99347,3,,,1,15,,99291,3,,,1,55,,99310,3,,,1
1,'20270328',639,,99404,3,,,1,15,,99348,3,,,1,55,,99367,3,,,1,15,,99386,3,,,1,15,,99405,3,,,1,15,,99349,3,,,1,55,,99368,3,,,1,15,,99387,3,,,1,15,,99406,3,,,1,15,,99350,3,,,1,55,,99369,3,,,1,15,,99388,3,,,1,15,,99407,3,,,1,15,,99351,3,,,1,55,,99370,3,,,1,15,,99389,3,,,1,15,,99408,3,,,1,15,,99352,3,,,1,55,,99371,3,,,1,15,,99390,3,,,1,15,,99409,3,,,1,15,,99353,3,,,1,55,,99372,3,,,1,15,,99391,3,,,1,15,,99410,3,,,1,15,,99354,3,,,1,55,,99373,3,,,1,15,,99392,3,,,1,15,,99411,3,,,1,15,,99355,3,,,1,55,,99374,3,,,1,15,,99393,3,,,1,15,,99412,3,,,1,15,,99356,3,,,1,55,,99375,3,,,1,15,,99394,3,,,1,15,,99413,3,,,1,15,,99357,3,,,1,55,,99376,3,,,1,15,,99395,3,,,1,15,,99414,3,,,1,15,,99358,3,,,1,55,,99377,3,,,1,15,,99396,3,,,1,15,,99415,3,,,1,15,,99359,3,,,1,55,,99378,3,,,1,15,,99397,3,,,1,15,,99416,3,,,1,15,,99360,3,,,1,55,,99379,3,,,1,15,,99398,3,,,1,15,,99417,3,,,1,15,,99361,3,,,1,55,,99380,3,,,1,15,,99399,3,,,1,15,,99418,3,,,1,15,,99362,3,,,1,55,,99381,3,,,1,15,,99400,3,,,1,15,,99419,3,,,1,15,,99363,3,,,1,55,,99382,3,,,1,15,,99401,3,,,1,15,,99420,3,,,1,15,,99364,3,,,1,55,,99383,3,,,1,15,,99402,3,,,1,15,,99421,3,,,1,15,,99365,3,,,1,55,,99384,3,,,1,15,,99403,3,,,1,15,,99422,3,,,1,15,,99366,3,,,1,55,,99385,3,,,1
1,'20270329',542,,99482,3,,,1,15,,99423,3,,,1,52,,99443,3,,,1,15,,99463,3,,,1,15,,99483,3,,,1,15,,99424,3,,,1,55,,99444,3,,,1,15,,99464,3,,,1,15,,99484,3,,,1,15,,99425,3,,,1,55,,99445,3,,,1,15,,99465,3,,,1,15,,99485,3,,,1,15,,99426,3,,,1,55,,99446,3,,,1,15,,99466,3,,,1,15,,99486,3,,,1,15,,99427,3,,,1,55,,99447,3,,,1,15,,99467,3,,,1,15,,99487,3,,,1,15,,99428,3,,,1,55,,99448,3,,,1,15,,99468,3,,,1,15,,99488,3,,,1,15,,99429,3,,,1,55,,99449,3,,,1,15,,99469,3,,,1,15,,99489,3,,,1,15,,99430,3,,,1,55,,99450,3,,,1,15,,99470,3,,,1,15,,99490,3,,,1,15,,99431,3,,,1,55,,99451,3,,,1,15,,99471,3,,,1,15,,99491,3,,,1,15,,99432,3,,,1,55,,99452,3,,,1,15,,99472,3,,,1,15,,99492,3,,,1,15,,99433,3,,,1,55,,99453,3,,,1,15,,99473,3,,,1,15,,99493,3,,,1,15,,99434,3,,,1,55,,99454,3,,,1,15,,99474,3,,,1,15,,99494,3,,,1,15,,99435,3,,,1,55,,99455,3,,,1,15,,99475,3,,,1,15,,99495,3,,,1,15,,99436,3,,,1,55,,99456,3,,,1,15,,99476,3,,,1,15,,99496,3,,,1,15,,99437,3,,,1,55,,99457,3,,,1,15,,99477,3,,,1,15,,99497,3,,,1,15,,99438,3,,,1,55,,99458,3,,,1,15,,99478,3,,,1,15,,99498,3,,,1,15,,99439,3,,,1,55,,99459,3,,,1,15,,99479,3,,,1,15,,99499,3,,,1,15,,99440,3,,,1,55,,99460,3,,,1,15,,99480,3,,,1,15,,99500,3,,,1,15,,99441,3,,,1,55,,99461,3,,,1,15,,99481,3,,,1,15,,99501,3,,,1,15,,99442,3,,,1,55,,99462,3,,,1
1,'20270330',542,,99561,3,,,1,15,,99502,3,,,1,52,,99522,3,,,1,15,,99542,3,,,1,15,,99562,3,,,1,15,,99503,3,,,1,55,,99523,3,,,1,15,,99543,3,,,1,15,,99563,3,,,1,15,,99504,3,,,1,55,,99524,3,,,1,15,,99544,3,,,1,15,,99564,3,,,1,15,,99505,3,,,1,55,,99525,3,,,1,15,,99545,3,,,1,15,,99565,3,,,1,15,,99506,3,,,1,55,,99526,3,,,1,15,,99546,3,,,1,15,,99566,3,,,1,15,,99507,3,,,1,55,,99527,3,,,1,15,,99547,3,,,1,15,,99567,3,,,1,15,,99508,3,,,1,55,,99528,3,,,1,15,,99548,3,,,1,15,,99568,3,,,1,15,,99509,3,,,1,55,,99529,3,,,1,15,,99549,3,,,1,15,,99569,3,,,1,15,,99510,3,,,1,55,,99530,3,,,1,15,,99550,3,,,1,15,,99570,3,,,1,15,,99511,3,,,1,55,,99531,3,,,1,15,,99551,3,,,1,15,,99571,3,,,1,15,,99512,3,,,1,55,,99532,3,,,1,15,,99552,3,,,1,15,,99572,3,,,1,15,,99513,3,,,1,55,,99533,3,,,1,15,,99553,3,,,1,15,,99573,3,,,1,15,,99514,3,,,1,55,,99534,3,,,1,15,,99554,3,,,1,15,,99574,3,,,1,15,,99515,3,,,1,55,,99535,3,,,1,15,,99555,3,,,1,15,,99575,3,,,1,15,,99516,3,,,1,55,,99536,3,,,1,15,,99556,3,,,1,15,,99576,3,,,1,15,,99517,3,,,1,55,,99537,3,,,1,15,,99557,3,,,1,15,,99577,3,,,1,15,,99518,3,,,1,55,,99538,3,,,1,15,,99558,3,,,1,15,,99578,3,,,1,15,,99519,3,,,1,55,,99539,3,,,1,15,,99559,3,,,1,15,,99579,3,,,1,15,,99520,3,,,1,55,,99540,3,,,1,15,,99560,3,,,1,15,,99580,3,,,1,15,,99521,3,,,1,55,,99541,3,,,1
1,'20270331',542,,99640,3,,,1,15,,99581,3,,,1,52,,99601,3,,,1,15,,99621,3,,,1,15,,99641,3,,,1,15,,99582,3,,,1,55,,99602,3,,,1,15,,99622,3,,,1,15,,99642,3,,,1,15,,99583,3,,,1,55,,99603,3,,,1,15,,99623,3,,,1,15,,99643,3,,,1,15,,99584,3,,,1,55,,99604,3,,,1,15,,99624,3,,,1,15,,99644,3,,,1,15,,99585,3,,,1,55,,99605,3,,,1,15,,99625,3,,,1,15,,99645,3,,,1,15,,99586,3,,,1,55,,99606,3,,,1,15,,99626,3,,,1,15,,99646,3,,,1,15,,99587,3,,,1,55,,99607,3,,,1,15,,99627,3,,,1,15,,99647,3,,,1,15,,99588,3,,,1,55,,99608,3,,,1,15,,99628,3,,,1,15,,99648,3,,,1,15,,99589,3,,,1,55,,99609,3,,,1,15,,99629,3,,,1,15,,99649,3,,,1,15,,99590,3,,,1,55,,99610,3,,,1,15,,99630,3,,,1,15,,99650,3,,,1,15,,99591,3,,,1,55,,99611,3,,,1,15,,99631,3,,,1,15,,99651,3,,,1,15,,99592,3,,,1,55,,99612,3,,,1,15,,99632,3,,,1,15,,99652,3,,,1,15,,99593,3,,,1,55,,99613,3,,,1,15,,99633,3,,,1,15,,99653,3,,,1,15,,99594,3,,,1,55,,99614,3,,,1,15,,99634,3,,,1,15,,99654,3,,,1,15,,99595,3,,,1,55,,99615,3,,,1,15,,99635,3,,,1,15,,99655,3,,,1,15,,99596,3,,,1,55,,99616,3,,,1,15,,99636,3,,,1,15,,99656,3,,,1,15,,99597,3,,,1,55,,99617,3,,,1,15,,99637,3,,,1,15,,99657,3,,,1,15,,99598,3,,,1,55,,99618,3,,,1,15,,99638,3,,,1,15,,99658,3,,,1,15,,99599,3,,,1,55,,99619,3,,,1,15,,99639,3,,,1,15,,99659,3,,,1,15,,99600,3,,,1,55,,99620,3,,,1
1,'20270401',542,,99719,3,,,1,15,,99660,3,,,1,52,,99680,3,,,1,15,,99700,3,,,1,15,,99720,3,,,1,15,,99661,3,,,1,55,,99681,3,,,1,15,,99701,3,,,1,15,,99721,3,,,1,15,,99662,3,,,1,55,,99682,3,,,1,15,,99702,3,,,1,15,,99722,3,,,1,15,,99663,3,,,1,55,,99683,3,,,1,15,,99703,3,,,1,15,,99723,3,,,1,15,,99664,3,,,1,55,,99684,3,,,1,15,,99704,3,,,1,15,,99724,3,,,1,15,,99665,3,,,1,55,,99685,3,,,1,15,,99705,3,,,1,15,,99725,3,,,1,15,,99666,3,,,1,55,,99686,3,,,1,15,,99706,3,,,1,15,,99726,3,,,1,15,,99667,3,,,1,55,,99687,3,,,1,15,,99707,3,,,1,15,,99727,3,,,1,15,,99668,3,,,1,55,,99688,3,,,1,15,,99708,3,,,1,15,,99728,3,,,1,15,,99669,3,,,1,55,,99689,3,,,1,15,,99709,3,,,1,15,,99729,3,,,1,15,,99670,3,,,1,55,,99690,3,,,1,15,,99710,3,,,1,15,,99730,3,,,1,15,,99671,3,,,1,55,,99691,3,,,1,15,,99711,3,,,1,15,,99731,3,,,1,15,,99672,3,,,1,55,,99692,3,,,1,15,,99712,3,,,1,15,,99732,3,,,1,15,,99673,3,,,1,55,,99693,3,,,1,15,,99713,3,,,1,15,,99733,3,,,1,15,,99674,3,,,1,55,,99694,3,,,1,15,,99714,3,,,1,15,,99734,3,,,1,15,,99675,3,,,1,55,,99695,3,,,1,15,,99715,3,,,1,15,,99735,3,,,1,15,,99676,3,,,1,55,,99696,3,,,1,15,,99716,3,,,1,15,,99736,3,,,1,15,,99677,3,,,1,55,,99697,3,,,1,15,,99717,3,,,1,15,,99737,3,,,1,15,,99678,3,,,1,55,,99698,3,,,1,15,,99718,3,,,1,15,,99738,3,,,1,15,,99679,3,,,1,55,,99699,3,,,1
1,'20270402',542,,99798,3,,,1,15,,99739,3,,,1,52,,99759,3,,,1,15,,99779,3,,,1,15,,99799,3,,,1,15,,99740,3,,,1,55,,99760,3,,,1,15,,99780,3,,,1,15,,99800,3,,,1,15,,99741,3,,,1,55,,99761,3,,,1,15,,99781,3,,,1,15,,99801,3,,,1,15,,99742,3,,,1,55,,99762,3,,,1,15,,99782,3,,,1,15,,99802,3,,,1,15,,99743,3,,,1,55,,99763,3,,,1,15,,99783,3,,,1,15,,99803,3,,,1,15,,99744,3,,,1,55,,99764,3,,,1,15,,99784,3,,,1,15,,99804,3,,,1,15,,99745,3,,,1,55,,99765,3,,,1,15,,99785,3,,,1,15,,99805,3,,,1,15,,99746,3,,,1,55,,99766,3,,,1,15,,99786,3,,,1,15,,99806,3,,,1,15,,99747,3,,,1,55,,99767,3,,,1,15,,99787,3,,,1,15,,99807,3,,,1,15,,99748,3,,,1,55,,99768,3,,,1,15,,99788,3,,,1,15,,99808,3,,,1,15,,99749,3,,,1,55,,99769,3,,,1,15,,99789,3,,,1,15,,99809,3,,,1,15,,99750,3,,,1,55,,99770,3,,,1,15,,99790,3,,,1,15,,99810,3,,,1,15,,99751,3,,,1,55,,99771,3,,,1,15,,99791,3,,,1,15,,99811,3,,,1,15,,99752,3,,,1,55,,99772,3,,,1,15,,99792,3,,,1,15,,99812,3,,,1,15,,99753,3,,,1,55,,99773,3,,,1,15,,99793,3,,,1,15,,99813,3,,,1,15,,99754,3,,,1,55,,99774,3,,,1,15,,99794,3,,,1,15,,99814,3,,,1,15,,99755,3,,,1,55,,99775,3,,,1,15,,99795,3,,,1,15,,99815,3,,,1,15,,99756,3,,,1,55,,99776,3,,,1,15,,99796,3,,,1,15,,99816,3,,,1,15,,99757,3,,,1,55,,99777,3,,,1,15,,99797,3,,,1,15,,99817,3,,,1,15,,99758,3,,,1,55,,99778,3,,,1
1,'20270403',639,,99874,3,,,1,15,,99818,3,,,1,55,,99837,3,,,1,15,,99856,3,,,1,15,,99875,3,,,1,15,,99819,3,,,1,55,,99838,3,,,1,15,,99857,3,,,1,15,,99876,3,,,1,15,,99820,3,,,1,55,,99839,3,,,1,15,,99858,3,,,1,15,,99877,3,,,1,15,,99821,3,,,1,55,,99840,3,,,1,15,,99859,3,,,1,15,,99878,3,,,1,15,,99822,3,,,1,55,,99841,3,,,1,15,,99860,3,,,1,15,,99879,3,,,1,15,,99823,3,,,1,55,,99842,3,,,1,15,,99861,3,,,1,15,,99880,3,,,1,15,,99824,3,,,1,55,,99843,3,,,1,15,,99862,3,,,1,15,,99881,3,,,1,15,,99825,3,,,1,55,,99844,3,,,1,15,,99863,3,,,1,15,,99882,3,,,1,15,,99826,3,,,1,55,,99845,3,,,1,15,,99864,3,,,1,15,,99883,3,,,1,15,,99827,3,,,1,55,,99846,3,,,1,15,,99865,3,,,1,15,,99884,3,,,1,15,,99828,3,,,1,55,,99847,3,,,1,15,,99866,3,,,1,15,,99885,3,,,1,15,,99829,3,,,1,55,,99848,3,,,1,15,,99867,3,,,1,15,,99886,3,,,1,15,,99830,3,,,1,55,,99849,3,,,1,15,,99868,3,,,1,15,,99887,3,,,1,15,,99831,3,,,1,55,,99850,3,,,1,15,,99869,3,,,1,15,,99888,3,,,1,15,,99832,3,,,1,55,,99851,3,,,1,15,,99870,3,,,1,15,,99889,3,,,1,15,,99833,3,,,1,55,,99852,3,,,1,15,,99871,3,,,1,15,,99890,3,,,1,15,,99834,3,,,1,55,,99853,3,,,1,15,,99872,3,,,1,15,,99891,3,,,1,15,,99835,3,,,1,55,,99854,3,,,1,15,,99873,3,,,1,15,,99892,3,,,1,15,,99836,3,,,1,55,,99855,3,,,1
1,'20270404',639,,99949,3,,,1,15,,99893,3,,,1,55,,99912,3,,,1,15,,99931,3,,,1,15,,99950,3,,,1,15,,99894,3,,,1,55,,99913,3,,,1,15,,99932,3,,,1,15,,99951,3,,,1,15,,99895,3,,,1,55,,99914,3,,,1,15,,99933,3,,,1,15,,99952,3,,,1,15,,99896,3,,,1,55,,99915,3,,,1,15,,99934,3,,,1,15,,99953,3,,,1,15,,99897,3,,,1,55,,99916,3,,,1,15,,99935,3,,,1,15,,99954,3,,,1,15,,99898,3,,,1,55,,99917,3,,,1,15,,99936,3,,,1,15,,99955,3,,,1,15,,99899,3,,,1,55,,99918,3,,,1,15,,99937,3,,,1,15,,99956,3,,,1,15,,99900,3,,,1,55,,99919,3,,,1,15,,99938,3,,,1,15,,99957,3,,,1,15,,99901,3,,,1,55,,99920,3,,,1,15,,99939,3,,,1,15,,99958,3,,,1,15,,99902,3,,,1,55,,99921,3,,,1,15,,99940,3,,,1,15,,99959,3,,,1,15,,99903,3,,,1,55,,99922,3,,,1,15,,99941,3,,,1,15,,99960,3,,,1,15,,99904,3,,,1,55,,99923,3,,,1,15,,99942,3,,,1,15,,99961,3,,,1,15,,99905,3,,,1,55,,99924,3,,,1,15,,99943,3,,,1,15,,99962,3,,,1,15,,99906,3,,,1,55,,99925,3,,,1,15,,99944,3,,,1,15,,99963,3,,,1,15,,99907,3,,,1,55,,99926,3,,,1,15,,99945,3,,,1,15,,99964,3,,,1,15,,99908,3,,,1,55,,99927,3,,,1,15,,99946,3,,,1,15,,99965,3,,,1,15,,99909,3,,,1,55,,99928,3,,,1,15,,99947,3,,,1,15,,99966,3,,,1,15,,99910,3,,,1,55,,99929,3,,,1,15,,99948,3,,,1,15,,99967,3,,,1,15,,99911,3,,,1,55,,99930,3,,,1
1,'20270405',542,,100027,3,,,1,15,,99968,3,,,1,52,,99988,3,,,1,15,,100008,3,,,1,15,,100028,3,,,1,15,,99969,3,,,1,55,,99989,3,,,1,15,,100009,3,,,1,15,,100029,3,,,1,15,,99970,3,,,1,55,,99990,3,,,1,15,,100010,3,,,1,15,,100030,3,,,1,15,,99971,3,,,1,55,,99991,3,,,1,15,,100011,3,,,1,15,,100031,3,,,1,15,,99972,3,,,1,55,,99992,3,,,1,15,,100012,3,,,1,15,,100032,3,,,1,15,,99973,3,,,1,55,,99993,3,,,1,15,,100013,3,,,1,15,,100033,3,,,1,15,,99974,3,,,1,55,,99994,3,,,1,15,,100014,3,,,1,15,,100034,3,,,1,15,,99975,3,,,1,55,,99995,3,,,1,15,,100015,3,,,1,15,,100035,3,,,1,15,,99976,3,,,1,55,,99996,3,,,1,15,,100016,3,,,1,15,,100036,3,,,1,15,,99977,3,,,1,55,,99997,3,,,1,15,,100017,3,,,1,15,,100037,3,,,1,15,,99978,3,,,1,55,,99998,3,,,1,15,,100018,3,,,1,15,,100038,3,,,1,15,,99979,3,,,1,55,,99999,3,,,1,15,,100019,3,,,1,15,,100039,3,,,1,15,,99980,3,,,1,55,,100000,3,,,1,15,,100020,3,,,1,15,,100040,3,,,1,15,,99981,3,,,1,55,,100001,3,,,1,15,,100021,3,,,1,15,,100041,3,,,1,15,,99982,3,,,1,55,,100002,3,,,1,15,,100022,3,,,1,15,,100042,3,,,1,15,,99983,3,,,1,55,,100003,3,,,1,15,,100023,3,,,1,15,,100043,3,,,1,15,,99984,3,,,1,55,,100004,3,,,1,15,,100024,3,,,1,15,,100044,3,,,1,15,,99985,3,,,1,55,,100005,3,,,1,15,,100025,3,,,1,15,,100045,3,,,1,15,,99986,3,,,1,55,,100006,3,,,1,15,,100026,3,,,1,15,,100046,3,,,1,15,,99987,3,,,1,55,,100007,3,,,1
